"","Year","section","plot","Crop","Yield.t.ha","Yield.tDM.ha","Straw.t.ha","Straw.tDM.ha","N.offtake.kg.ha","P.offtake.kg.ha","K.offtake.kg.ha","Grain.N.offtake.kg.ha","Grain.P.offtake.kg.ha","Grain.K.offtake.kg.ha","Straw.N.offtake.kg.ha","Straw.P.offtake.kg.ha","Straw.K.offtake.kg.ha","Trt","Treatment","N.rate.kg.ha","P.rate.kg.ha","K.rate.kg.ha","FYM.tFM.ha","FYMN.rate.kg.ha","FYMP.rate.kg.ha","FYMK.rate.kg.ha","FertRegime","rec_N","rec_P","rec_K","rec_FYMN","rec_FYMP","rec_FYMK","rec_N_FYM","rec_P_FYM","rec_K_FYM"
"22",1968,"7","1","potato",34.57,7.77825,NA,NA,90.2277,17.73441,130.6746,NA,NA,NA,NA,NA,NA,"FYM+NPK","FYM N2 PK",96,35,90,35,217.00875,46.029375,324.043125,"B",NA,NA,NA,NA,NA,NA,0.157137708333333,-0.0875415714285713,-0.411712777777778
"51",1968,"7","10","potato",7.42,1.58046,NA,NA,27.65805,3.3505752,21.020118,NA,NA,NA,NA,NA,NA,"N","N2",96,0,0,0,0,0,0,"B",NA,NA,NA,NA,NA,NA,NA,NA,NA
"80",1968,"7","11","potato",7.68,1.63584,NA,NA,26.99136,5.1038208,21.593088,NA,NA,NA,NA,NA,NA,"NP","N2 P",96,35,0,0,0,0,0,"B",NA,NA,NA,NA,NA,NA,NA,NA,NA
"138",1968,"7","13","potato",22.97,4.98449,NA,NA,55.327839,13.1590536,110.655678,NA,NA,NA,NA,NA,NA,"NPK","N2 PK",96,35,90,0,0,0,0,"B",NA,NA,NA,NA,NA,NA,NA,NA,NA
"167",1968,"7","14","potato",16.01,3.79437,NA,NA,41.73807,10.5483486,52.362306,NA,NA,NA,NA,NA,NA,"N4PKMg","N2 PKMg*",96,35,90,0,0,0,0,"B",NA,NA,NA,NA,NA,NA,NA,NA,NA
"225",1968,"7","16","potato",27.59,5.93185,NA,NA,59.3185,14.592351,135.24618,NA,NA,NA,NA,NA,NA,"N5PKMg","N3 PK(Na)Mg",144,35,90,0,0,0,0,"B",NA,0.321193594285714,1.26281213333333,NA,NA,NA,NA,NA,NA
"370",1968,"7","22","potato",33.05,6.70915,NA,NA,75.14248,20.798365,167.72875,NA,NA,NA,NA,NA,NA,"FYM","FYM",0,0,0,35,217.00875,46.029375,324.043125,"B",NA,NA,NA,0.255159388734325,0.218813434942139,0.221885615211368,NA,NA,NA
"399",1968,"7","3","potato",10.16,2.35712,NA,NA,23.5712,5.185664,37.242496,NA,NA,NA,NA,NA,NA,"Control","Nil",0,0,0,0,0,0,0,"B",NA,NA,NA,NA,NA,NA,NA,NA,NA
"428",1968,"7","5","potato",10.92,2.32596,NA,NA,19.77066,7.0243992,54.427464,NA,NA,NA,NA,NA,NA,"PKMg","PK(Na)Mg",0,35,90,0,0,0,0,"B",NA,NA,NA,NA,NA,NA,NA,NA,NA
"457",1968,"7","6","potato",20.73,4.47768,NA,NA,38.06028,13.1643792,100.7478,NA,NA,NA,NA,NA,NA,"N1PKMg","N1 PK(Na)Mg",48,35,90,0,0,0,0,"B",NA,NA,NA,NA,NA,NA,NA,NA,NA
"486",1968,"7","7","potato",31.08,6.58896,NA,NA,64.571808,17.6584128,148.910496,NA,NA,NA,NA,NA,NA,"N2PKMg","N2 PK(Na)Mg",96,35,90,0,0,0,0,"B",0.466678625,NA,NA,NA,NA,NA,NA,NA,NA
"2957",1968,"3","1","wheat",4.74,4.029,6.56,4.50672,NA,NA,NA,NA,NA,NA,NA,NA,NA,"FYM+NPK","FYM N2 PK",96,35,90,35,217.00875,46.029375,324.043125,"B",NA,NA,NA,NA,NA,NA,NA,NA,NA
"6211",1968,"4","1","wheat",3.83,3.20954,2.76,1.95684,NA,NA,NA,NA,NA,NA,NA,NA,NA,"FYM+NPK","FYM N2 PK",96,35,90,35,217.00875,46.029375,324.043125,"B",NA,NA,NA,NA,NA,NA,NA,NA,NA
"88",1968,"5","1","wheat",3.73,3.1332,4.25,3.1025,NA,NA,NA,NA,NA,NA,NA,NA,NA,"FYM+NPK","FYM N2 PK",96,35,90,35,217.00875,46.029375,324.043125,"B",NA,NA,NA,NA,NA,NA,NA,NA,NA
"194",1968,"0","10","wheat",1.18,0.9558,1.04,0.78,NA,NA,NA,NA,NA,NA,NA,NA,NA,"N","N2",96,0,0,0,0,0,0,"B",NA,NA,NA,NA,NA,NA,NA,NA,NA
"243",1968,"1","10","wheat",2.02,1.64832,1.41,1.04199,39.860601,6.125283,13.6133727,33.296064,5.604288,8.8514784,6.564537,0.520995,4.7618943,"N","N2",96,0,0,0,0,0,0,"B",NA,NA,NA,NA,NA,NA,NA,NA,NA
"3212",1968,"3","10","wheat",1.04,0.84448,0.8,0.5656,NA,NA,NA,NA,NA,NA,NA,NA,NA,"N","N2",96,0,0,0,0,0,0,"B",NA,NA,NA,NA,NA,NA,NA,NA,NA
"3542",1968,"4","10","wheat",2.35,1.9646,1.87,1.54462,NA,NA,NA,NA,NA,NA,NA,NA,NA,"N","N2",96,0,0,0,0,0,0,"B",NA,NA,NA,NA,NA,NA,NA,NA,NA
"3802",1968,"5","10","wheat",2.21,1.82988,2.16,1.67832,NA,NA,NA,NA,NA,NA,NA,NA,NA,"N","N2",96,0,0,0,0,0,0,"B",NA,NA,NA,NA,NA,NA,NA,NA,NA
"48610",1968,"8","10","wheat",2.66,2.21844,2.25,1.79775,NA,NA,NA,NA,NA,NA,NA,NA,NA,"N","N2",96,0,0,0,0,0,0,"B",NA,NA,NA,NA,NA,NA,NA,NA,NA
"529",1968,"9","10","wheat",2.03,1.68084,1.56,1.19808,NA,NA,NA,NA,NA,NA,NA,NA,NA,"N","N2",96,0,0,0,0,0,0,"B",NA,NA,NA,NA,NA,NA,NA,NA,NA
"590",1968,"0","11","wheat",2.11,1.74286,1.86,1.4415,NA,NA,NA,NA,NA,NA,NA,NA,NA,"NP","N2 P",96,35,0,0,0,0,0,"B",NA,NA,NA,NA,NA,NA,NA,NA,NA
"639",1968,"1","11","wheat",2.67,2.20008,2.46,1.93602,51.569598,10.569144,18.299208,40.921488,9.020328,11.4844176,10.64811,1.548816,6.8147904,"NP","N2 P",96,35,0,0,0,0,0,"B",NA,NA,NA,NA,NA,NA,NA,NA,NA
"717",1968,"3","11","wheat",0.77,0.64526,1.62,1.10646,NA,NA,NA,NA,NA,NA,NA,NA,NA,"NP","N2 P",96,35,0,0,0,0,0,"B",NA,NA,NA,NA,NA,NA,NA,NA,NA
"750",1968,"4","11","wheat",2.46,2.09592,1.74,1.43898,NA,NA,NA,NA,NA,NA,NA,NA,NA,"NP","N2 P",96,35,0,0,0,0,0,"B",NA,NA,NA,NA,NA,NA,NA,NA,NA
"776",1968,"5","11","wheat",1.93,1.6212,1.43,1.19119,NA,NA,NA,NA,NA,NA,NA,NA,NA,"NP","N2 P",96,35,0,0,0,0,0,"B",NA,NA,NA,NA,NA,NA,NA,NA,NA
"882",1968,"8","11","wheat",1.73,1.47742,3.05,2.3363,NA,NA,NA,NA,NA,NA,NA,NA,NA,"NP","N2 P",96,35,0,0,0,0,0,"B",NA,NA,NA,NA,NA,NA,NA,NA,NA
"925",1968,"9","11","wheat",1.87,1.5708,2.12,1.74688,NA,NA,NA,NA,NA,NA,NA,NA,NA,"NP","N2 P",96,35,0,0,0,0,0,"B",NA,NA,NA,NA,NA,NA,NA,NA,NA
"1382",1968,"0","13","wheat",3.28,2.74864,3.45,2.48055,NA,NA,NA,NA,NA,NA,NA,NA,NA,"NPK","N2 PK",96,35,90,0,0,0,0,"B",NA,NA,NA,NA,NA,NA,NA,NA,NA
"1431",1968,"1","13","wheat",3.31,2.75392,3.83,2.63887,62.730395,13.3493906,36.523708,48.744384,11.291072,15.2016384,13.986011,2.0583186,21.3220696,"NPK","N2 PK",96,35,90,0,0,0,0,"B",NA,NA,NA,NA,NA,NA,NA,NA,NA
"1509",1968,"3","13","wheat",1.72,1.376,3.07,1.70385,NA,NA,NA,NA,NA,NA,NA,NA,NA,"NPK","N2 PK",96,35,90,0,0,0,0,"B",NA,NA,NA,NA,NA,NA,NA,NA,NA
"1542",1968,"4","13","wheat",3.4,2.8764,3.34,2.37474,NA,NA,NA,NA,NA,NA,NA,NA,NA,"NPK","N2 PK",96,35,90,0,0,0,0,"B",NA,NA,NA,NA,NA,NA,NA,NA,NA
"1568",1968,"5","13","wheat",3.29,2.80308,3.18,2.3373,NA,NA,NA,NA,NA,NA,NA,NA,NA,"NPK","N2 PK",96,35,90,0,0,0,0,"B",NA,NA,NA,NA,NA,NA,NA,NA,NA
"1674",1968,"8","13","wheat",2.02,1.6968,5.31,3.72231,NA,NA,NA,NA,NA,NA,NA,NA,NA,"NPK","N2 PK",96,35,90,0,0,0,0,"B",NA,NA,NA,NA,NA,NA,NA,NA,NA
"1717",1968,"9","13","wheat",3.48,2.95104,3.92,2.61856,NA,NA,NA,NA,NA,NA,NA,NA,NA,"NPK","N2 PK",96,35,90,0,0,0,0,"B",NA,NA,NA,NA,NA,NA,NA,NA,NA
"1778",1968,"0","14","wheat",3.19,2.68598,2.87,2.23573,NA,NA,NA,NA,NA,NA,NA,NA,NA,"N4PKMg","N2 PKMg*",96,35,90,0,0,0,0,"B",NA,NA,NA,NA,NA,NA,NA,NA,NA
"1827",1968,"1","14","wheat",3.35,2.7939,3.12,2.3556,58.47996,13.10391,28.021485,46.93752,11.45499,14.500341,11.54244,1.64892,13.521144,"N4PKMg","N2 PKMg*",96,35,90,0,0,0,0,"B",NA,NA,NA,NA,NA,NA,NA,NA,NA
"1905",1968,"3","14","wheat",1.91,1.6044,2.12,1.41404,NA,NA,NA,NA,NA,NA,NA,NA,NA,"N4PKMg","N2 PKMg*",96,35,90,0,0,0,0,"B",NA,NA,NA,NA,NA,NA,NA,NA,NA
"1938",1968,"4","14","wheat",3.5,3.01,2.8,2.2008,NA,NA,NA,NA,NA,NA,NA,NA,NA,"N4PKMg","N2 PKMg*",96,35,90,0,0,0,0,"B",NA,NA,NA,NA,NA,NA,NA,NA,NA
"1964",1968,"5","14","wheat",3.01,2.53442,2.51,1.99294,NA,NA,NA,NA,NA,NA,NA,NA,NA,"N4PKMg","N2 PKMg*",96,35,90,0,0,0,0,"B",NA,NA,NA,NA,NA,NA,NA,NA,NA
"2070",1968,"8","14","wheat",3.12,2.59584,4.48,3.03744,NA,NA,NA,NA,NA,NA,NA,NA,NA,"N4PKMg","N2 PKMg*",96,35,90,0,0,0,0,"B",NA,NA,NA,NA,NA,NA,NA,NA,NA
"2113",1968,"9","14","wheat",3.78,3.19788,3.43,2.58622,NA,NA,NA,NA,NA,NA,NA,NA,NA,"N4PKMg","N2 PKMg*",96,35,90,0,0,0,0,"B",NA,NA,NA,NA,NA,NA,NA,NA,NA
"2570",1968,"0","16","wheat",2.54,2.1336,3.38,2.44036,NA,NA,NA,NA,NA,NA,NA,NA,NA,"N5PKMg","N3 PK(Na)Mg",144,35,90,0,0,0,0,"B",NA,NA,NA,NA,NA,NA,NA,NA,NA
"2619",1968,"1","16","wheat",2.97,2.48292,2.7,1.8819,53.056674,11.3635008,27.8223336,42.706224,9.7827048,13.4822556,10.35045,1.580796,14.340078,"N5PKMg","N3 PK(Na)Mg",144,35,90,0,0,0,0,"B",NA,NA,0.105812506666667,NA,NA,NA,NA,NA,NA
"2697",1968,"3","16","wheat",2.67,2.2428,2.4,1.4232,NA,NA,NA,NA,NA,NA,NA,NA,NA,"N5PKMg","N3 PK(Na)Mg",144,35,90,0,0,0,0,"B",NA,NA,NA,NA,NA,NA,NA,NA,NA
"2730",1968,"4","16","wheat",3.24,2.72808,2.59,1.88293,NA,NA,NA,NA,NA,NA,NA,NA,NA,"N5PKMg","N3 PK(Na)Mg",144,35,90,0,0,0,0,"B",NA,NA,NA,NA,NA,NA,NA,NA,NA
"2756",1968,"5","16","wheat",3.07,2.61564,3.41,2.56773,NA,NA,NA,NA,NA,NA,NA,NA,NA,"N5PKMg","N3 PK(Na)Mg",144,35,90,0,0,0,0,"B",NA,NA,NA,NA,NA,NA,NA,NA,NA
"2862",1968,"8","16","wheat",3.71,3.13866,4.89,3.24207,NA,NA,NA,NA,NA,NA,NA,NA,NA,"N5PKMg","N3 PK(Na)Mg",144,35,90,0,0,0,0,"B",NA,NA,NA,NA,NA,NA,NA,NA,NA
"2905",1968,"9","16","wheat",3.82,3.25464,4.54,3.19616,NA,NA,NA,NA,NA,NA,NA,NA,NA,"N5PKMg","N3 PK(Na)Mg",144,35,90,0,0,0,0,"B",NA,NA,NA,NA,NA,NA,NA,NA,NA
"4154",1968,"0","20","wheat",1.2,0.9768,0.84,0.57288,NA,NA,NA,NA,NA,NA,NA,NA,NA,"NKMg","N2 K(Na)Mg",96,0,90,0,0,0,0,"B",NA,NA,NA,NA,NA,NA,NA,NA,NA
"4203",1968,"1","20","wheat",1.02,0.79764,0.74,0.48026,NA,NA,NA,23.849436,3.2384184,4.7539344,NA,NA,NA,"NKMg","N2 K(Na)Mg",96,0,90,0,0,0,0,"B",NA,NA,NA,NA,NA,NA,NA,NA,NA
"4640",1968,"0","22","wheat",3.93,3.3012,3.49,2.54072,NA,NA,NA,NA,NA,NA,NA,NA,NA,"FYM","FYM",0,0,0,35,217.00875,46.029375,324.043125,"B",NA,NA,NA,NA,NA,NA,NA,NA,NA
"4689",1968,"1","22","wheat",3.16,2.61016,3.02,1.82408,65.75784,13.2974944,34.51418,54.81336,10.962672,14.1209656,10.94448,2.3348224,20.3932144,"FYM","FYM",0,0,0,35,217.00875,46.029375,324.043125,"B",NA,NA,NA,0.211006731295397,NA,0.065380967357307,NA,NA,NA
"4767",1968,"3","22","wheat",4.87,4.07132,4.83,2.85453,NA,NA,NA,NA,NA,NA,NA,NA,NA,"FYM","FYM",0,0,0,35,217.00875,46.029375,324.043125,"B",NA,NA,NA,NA,NA,NA,NA,NA,NA
"4800",1968,"4","22","wheat",3.64,3.0576,3.78,2.35494,NA,NA,NA,NA,NA,NA,NA,NA,NA,"FYM","FYM",0,0,0,35,217.00875,46.029375,324.043125,"B",NA,NA,NA,NA,NA,NA,NA,NA,NA
"4826",1968,"5","22","wheat",3.78,3.16008,3.9,2.4102,NA,NA,NA,NA,NA,NA,NA,NA,NA,"FYM","FYM",0,0,0,35,217.00875,46.029375,324.043125,"B",NA,NA,NA,NA,NA,NA,NA,NA,NA
"4932",1968,"8","22","wheat",4.12,3.502,5.4,3.645,NA,NA,NA,NA,NA,NA,NA,NA,NA,"FYM","FYM",0,0,0,35,217.00875,46.029375,324.043125,"B",NA,NA,NA,NA,NA,NA,NA,NA,NA
"4975",1968,"9","22","wheat",4.38,3.71424,4.29,2.63406,NA,NA,NA,NA,NA,NA,NA,NA,NA,"FYM","FYM",0,0,0,35,217.00875,46.029375,324.043125,"B",NA,NA,NA,NA,NA,NA,NA,NA,NA
"5026",1968,"0","3","wheat",1.44,1.17792,0.88,0.67672,NA,NA,NA,NA,NA,NA,NA,NA,NA,"Control","Nil",0,0,0,0,0,0,0,"B",NA,NA,NA,NA,NA,NA,NA,NA,NA
"5075",1968,"1","3","wheat",1.04,0.85072,0.64,0.46272,18.599712,3.9754464,7.74096,15.823392,3.5219808,4.7980608,2.77632,0.4534656,2.9428992,"Control","Nil",0,0,0,0,0,0,0,"B",NA,NA,NA,NA,NA,NA,NA,NA,NA
"5153",1968,"3","3","wheat",1.88,1.56416,1.17,0.83538,NA,NA,NA,NA,NA,NA,NA,NA,NA,"Control","Nil",0,0,0,0,0,0,0,"B",NA,NA,NA,NA,NA,NA,NA,NA,NA
"5186",1968,"4","3","wheat",1.28,1.0624,0.88,0.63448,NA,NA,NA,NA,NA,NA,NA,NA,NA,"Control","Nil",0,0,0,0,0,0,0,"B",NA,NA,NA,NA,NA,NA,NA,NA,NA
"5212",1968,"5","3","wheat",1.31,1.08468,1.29,0.92493,NA,NA,NA,NA,NA,NA,NA,NA,NA,"Control","Nil",0,0,0,0,0,0,0,"B",NA,NA,NA,NA,NA,NA,NA,NA,NA
"5318",1968,"8","3","wheat",2.13,1.73808,1.37,0.96037,NA,NA,NA,NA,NA,NA,NA,NA,NA,"Control","Nil",0,0,0,0,0,0,0,"B",NA,NA,NA,NA,NA,NA,NA,NA,NA
"5361",1968,"9","3","wheat",1.46,1.19428,0.92,0.6716,NA,NA,NA,NA,NA,NA,NA,NA,NA,"Control","Nil",0,0,0,0,0,0,0,"B",NA,NA,NA,NA,NA,NA,NA,NA,NA
"5422",1968,"0","5","wheat",1.81,1.47696,1.41,1.0434,NA,NA,NA,NA,NA,NA,NA,NA,NA,"PKMg","PK(Na)Mg",0,35,90,0,0,0,0,"B",NA,NA,NA,NA,NA,NA,NA,NA,NA
"5471",1968,"1","5","wheat",1.07,0.84316,0.85,0.63325,19.967533,4.486808,9.5742789,15.851408,3.625588,4.8818964,4.116125,0.86122,4.6923825,"PKMg","PK(Na)Mg",0,35,90,0,0,0,0,"B",NA,NA,NA,NA,NA,NA,NA,NA,NA
"5549",1968,"3","5","wheat",2.87,2.39358,2.3,1.4743,NA,NA,NA,NA,NA,NA,NA,NA,NA,"PKMg","PK(Na)Mg",0,35,90,0,0,0,0,"B",NA,NA,NA,NA,NA,NA,NA,NA,NA
"5582",1968,"4","5","wheat",1.61,1.288,1.44,0.98352,NA,NA,NA,NA,NA,NA,NA,NA,NA,"PKMg","PK(Na)Mg",0,35,90,0,0,0,0,"B",NA,NA,NA,NA,NA,NA,NA,NA,NA
"5608",1968,"5","5","wheat",1.73,1.42898,1.17,0.83304,NA,NA,NA,NA,NA,NA,NA,NA,NA,"PKMg","PK(Na)Mg",0,35,90,0,0,0,0,"B",NA,NA,NA,NA,NA,NA,NA,NA,NA
"5714",1968,"8","5","wheat",2.2,1.7776,2.89,1.87272,NA,NA,NA,NA,NA,NA,NA,NA,NA,"PKMg","PK(Na)Mg",0,35,90,0,0,0,0,"B",NA,NA,NA,NA,NA,NA,NA,NA,NA
"5757",1968,"9","5","wheat",1.74,1.44768,1.41,0.97149,NA,NA,NA,NA,NA,NA,NA,NA,NA,"PKMg","PK(Na)Mg",0,35,90,0,0,0,0,"B",NA,NA,NA,NA,NA,NA,NA,NA,NA
"5818",1968,"0","6","wheat",2.64,2.18592,2.32,1.52424,NA,NA,NA,NA,NA,NA,NA,NA,NA,"N1PKMg","N1 PK(Na)Mg",48,35,90,0,0,0,0,"B",NA,NA,NA,NA,NA,NA,NA,NA,NA
"5867",1968,"1","6","wheat",2,1.656,2.03,1.41897,35.459535,7.7259918,18.5369754,27.6552,6.39216,8.8596,7.804335,1.3338318,9.6773754,"N1PKMg","N1 PK(Na)Mg",48,35,90,0,0,0,0,"B",NA,NA,NA,NA,NA,NA,NA,NA,NA
"5945",1968,"3","6","wheat",3.59,3.00842,2.69,1.63821,NA,NA,NA,NA,NA,NA,NA,NA,NA,"N1PKMg","N1 PK(Na)Mg",48,35,90,0,0,0,0,"B",NA,NA,NA,NA,NA,NA,NA,NA,NA
"5978",1968,"4","6","wheat",2.86,2.36236,2.43,1.65726,NA,NA,NA,NA,NA,NA,NA,NA,NA,"N1PKMg","N1 PK(Na)Mg",48,35,90,0,0,0,0,"B",NA,NA,NA,NA,NA,NA,NA,NA,NA
"6004",1968,"5","6","wheat",2.67,2.23746,2.27,1.58219,NA,NA,NA,NA,NA,NA,NA,NA,NA,"N1PKMg","N1 PK(Na)Mg",48,35,90,0,0,0,0,"B",NA,NA,NA,NA,NA,NA,NA,NA,NA
"6110",1968,"8","6","wheat",3.98,3.27156,4.41,2.95911,NA,NA,NA,NA,NA,NA,NA,NA,NA,"N1PKMg","N1 PK(Na)Mg",48,35,90,0,0,0,0,"B",NA,NA,NA,NA,NA,NA,NA,NA,NA
"6153",1968,"9","6","wheat",3.12,2.64576,2.99,2.04516,NA,NA,NA,NA,NA,NA,NA,NA,NA,"N1PKMg","N1 PK(Na)Mg",48,35,90,0,0,0,0,"B",NA,NA,NA,NA,NA,NA,NA,NA,NA
"6214",1968,"0","7","wheat",3.7,3.0562,4.19,3.09641,NA,NA,NA,NA,NA,NA,NA,NA,NA,"N2PKMg","N2 PK(Na)Mg",96,35,90,0,0,0,0,"B",NA,NA,NA,NA,NA,NA,NA,NA,NA
"6263",1968,"1","7","wheat",3.05,2.4827,3.43,2.41129,54.26235,11.7619522,30.3147216,42.2059,9.881146,13.580369,12.05645,1.8808062,16.7343526,"N2PKMg","N2 PK(Na)Mg",96,35,90,0,0,0,0,"B",0.357237677083333,NA,NA,NA,NA,NA,NA,NA,NA
"6341",1968,"3","7","wheat",3.93,3.28548,3.87,2.65482,NA,NA,NA,NA,NA,NA,NA,NA,NA,"N2PKMg","N2 PK(Na)Mg",96,35,90,0,0,0,0,"B",NA,NA,NA,NA,NA,NA,NA,NA,NA
"6374",1968,"4","7","wheat",3.66,3.04512,3.89,2.9175,NA,NA,NA,NA,NA,NA,NA,NA,NA,"N2PKMg","N2 PK(Na)Mg",96,35,90,0,0,0,0,"B",NA,NA,NA,NA,NA,NA,NA,NA,NA
"6400",1968,"5","7","wheat",3.71,3.13124,4.14,2.95596,NA,NA,NA,NA,NA,NA,NA,NA,NA,"N2PKMg","N2 PK(Na)Mg",96,35,90,0,0,0,0,"B",NA,NA,NA,NA,NA,NA,NA,NA,NA
"6506",1968,"8","7","wheat",3.43,2.8469,5.66,3.69032,NA,NA,NA,NA,NA,NA,NA,NA,NA,"N2PKMg","N2 PK(Na)Mg",96,35,90,0,0,0,0,"B",NA,NA,NA,NA,NA,NA,NA,NA,NA
"6549",1968,"9","7","wheat",3.9,3.3462,4.57,2.93851,NA,NA,NA,NA,NA,NA,NA,NA,NA,"N2PKMg","N2 PK(Na)Mg",96,35,90,0,0,0,0,"B",NA,NA,NA,NA,NA,NA,NA,NA,NA
"1102",1968,"2","1","beans",3.2,2.2592,1.41,0.96021,122.73169,13.7676088,38.91537,110.24896,12.922624,26.43264,12.48273,0.8449848,12.48273,"FYM+NPK","FYM N2 PK",96,35,90,35,217.00875,46.029375,324.043125,"B",NA,NA,NA,NA,NA,NA,NA,NA,NA
"1314",1968,"2","10","beans",0.76,0.513,0.68,0.53448,34.915584,2.988768,7.706244,26.4708,2.40084,4.8735,8.444784,0.587928,2.832744,"N","N2",96,0,0,0,0,0,0,"B",NA,NA,NA,NA,NA,NA,NA,NA,NA
"2512",1968,"2","11","beans",0.5,0.3475,0.65,0.48815,26.11868,3.501134,8.210055,17.7225,2.3491,3.475,8.39618,1.152034,4.735055,"NP","N2 P",96,35,0,0,0,0,0,"B",NA,NA,NA,NA,NA,NA,NA,NA,NA
"49102",1968,"2","13","beans",3.48,2.54736,2.15,1.62325,131.118436,15.4294566,53.503562,114.885936,14.1633216,29.804112,16.2325,1.266135,23.69945,"NPK","N2 PK",96,35,90,0,0,0,0,"B",NA,NA,NA,NA,NA,NA,NA,NA,NA
"61102",1968,"2","14","beans",2.01,1.48338,1.46,1.17384,85.819764,10.957716,22.735914,71.498916,9.196956,15.57549,14.320848,1.76076,7.160424,"N4PKMg","N2 PKMg*",96,35,90,0,0,0,0,"B",NA,NA,NA,NA,NA,NA,NA,NA,NA
"8511",1968,"2","16","beans",3.63,2.51196,2.47,2.14149,143.76,16.3089444,66.474756,118.06212,14.1674544,29.641128,25.69788,2.14149,36.833628,"N5PKMg","N3 PK(Na)Mg",144,35,90,0,0,0,0,"B",NA,0.380576468571429,0.647385566666667,NA,NA,NA,NA,NA,NA
"14511",1968,"2","22","beans",5.27,3.85237,3.86,3.16906,201.19488,28.5996518,129.80446,169.50428,25.810879,49.310336,31.6906,2.7887728,80.494124,"FYM","FYM",0,0,0,35,217.00875,46.029375,324.043125,"B",NA,NA,NA,0.208172988416366,0.766233140368764,0.806770233919139,NA,NA,NA
"15711",1968,"2","3","beans",1.33,0.90972,0.9,0.6705,52.239528,4.333302,14.643144,43.120728,3.729852,9.279144,9.1188,0.60345,5.364,"Control","Nil",0,0,0,0,0,0,0,"B",NA,NA,NA,NA,NA,NA,NA,NA,NA
"16912",1968,"2","5","beans",4.01,2.85512,2.64,2.244,156.01952,16.988448,75.367704,131.33552,15.417648,33.404904,24.684,1.5708,41.9628,"PKMg","PK(Na)Mg",0,35,90,0,0,0,0,"B",NA,NA,NA,NA,NA,NA,NA,NA,NA
"18111",1968,"2","6","beans",4.31,3.13768,2.86,2.30802,175.073652,19.5465504,80.95997,150.60864,17.884776,37.338392,24.465012,1.6617744,43.621578,"N1PKMg","N1 PK(Na)Mg",48,35,90,0,0,0,0,"B",NA,NA,NA,NA,NA,NA,NA,NA,NA
"19310",1968,"2","7","beans",4.62,3.26172,2.95,2.23905,176.017512,20.9049192,81.784857,153.627012,19.1136792,39.466812,22.3905,1.79124,42.318045,"N2PKMg","N2 PK(Na)Mg",96,35,90,0,0,0,0,"B",0.208312416666667,NA,NA,NA,NA,NA,NA,NA,NA
"10",1969,"4","1","potato",36.54,8.80614,NA,NA,132.972714,16.3794204,196.1127378,NA,NA,NA,NA,NA,NA,"FYM+NPK","FYM N2 PK",96,35,90,35,221.99492,46.1888,302.03145,"B",NA,NA,NA,NA,NA,NA,0.2098674375,-0.1910604,-0.356059713333333
"39",1969,"4","10","potato",7.59,1.83678,NA,NA,32.14365,3.2327328,24.7597944,NA,NA,NA,NA,NA,NA,"N","N2",96,0,0,0,0,0,0,"B",NA,NA,NA,NA,NA,NA,NA,NA,NA
"68",1969,"4","11","potato",6.13,1.4099,NA,NA,29.04394,3.52475,16.35484,NA,NA,NA,NA,NA,NA,"NP","N2 P",96,35,0,0,0,0,0,"B",NA,NA,NA,NA,NA,NA,NA,NA,NA
"126",1969,"4","13","potato",25.46,5.57574,NA,NA,83.6361,13.1587464,147.0322638,NA,NA,NA,NA,NA,NA,"NPK","N2 PK",96,35,90,0,0,0,0,"B",NA,NA,NA,NA,NA,NA,NA,NA,NA
"155",1969,"4","14","potato",24.09,5.73342,NA,NA,100.33485,12.8428608,84.6826134,NA,NA,NA,NA,NA,NA,"N4PKMg","N2 PKMg*",96,35,90,0,0,0,0,"B",NA,NA,NA,NA,NA,NA,NA,NA,NA
"213",1969,"4","16","potato",35.62,8.12136,NA,NA,105.57768,17.7045648,197.9987568,NA,NA,NA,NA,NA,NA,"N5PKMg","N3 PK(Na)Mg",144,35,90,0,0,0,0,"B",NA,0.413480914285714,2.01826574222222,NA,NA,NA,NA,NA,NA
"358",1969,"4","22","potato",40.18,8.35744,NA,NA,112.82544,23.0665344,228.158112,NA,NA,NA,NA,NA,NA,"FYM","FYM",0,0,0,35,221.99492,46.1888,302.03145,"B",NA,NA,NA,0.293003529089765,0.363439803036934,0.377402780207763,NA,NA,NA
"387",1969,"4","3","potato",12.98,3.53056,NA,NA,43.072832,7.6260096,57.0891552,NA,NA,NA,NA,NA,NA,"Control","Nil",0,0,0,0,0,0,0,"B",NA,NA,NA,NA,NA,NA,NA,NA,NA
"416",1969,"4","5","potato",19.53,4.55049,NA,NA,47.780145,12.286323,117.3116322,NA,NA,NA,NA,NA,NA,"PKMg","PK(Na)Mg",0,35,90,0,0,0,0,"B",NA,NA,NA,NA,NA,NA,NA,NA,NA
"445",1969,"4","6","potato",29.93,NA,NA,NA,NA,NA,NA,NA,NA,NA,NA,NA,NA,"N1PKMg","N1 PK(Na)Mg",48,35,90,0,0,0,0,"B",NA,NA,NA,NA,NA,NA,NA,NA,NA
"474",1969,"4","7","potato",36.62,8.64232,NA,NA,117.535552,19.877336,213.7245736,NA,NA,NA,NA,NA,NA,"N2PKMg","N2 PK(Na)Mg",96,35,90,0,0,0,0,"B",0.726618822916667,NA,NA,NA,NA,NA,NA,NA,NA
"2166",1969,"2","1","wheat",6.1,5.0752,3.56,3.07228,123.089736,23.0336008,59.451148,104.0416,21.620352,28.42112,19.048136,1.4132488,31.030028,"FYM+NPK","FYM N2 PK",96,35,90,35,221.99492,46.1888,302.03145,"B",NA,NA,NA,NA,NA,NA,NA,NA,NA
"3011",1969,"3","1","wheat",6.2,5.1212,3.64,3.2032,NA,NA,NA,NA,NA,NA,NA,NA,NA,"FYM+NPK","FYM N2 PK",96,35,90,35,221.99492,46.1888,302.03145,"B",NA,NA,NA,NA,NA,NA,NA,NA,NA
"1213",1969,"6","1","wheat",6.79,5.48632,3.87,3.42108,NA,NA,NA,NA,NA,NA,NA,NA,NA,"FYM+NPK","FYM N2 PK",96,35,90,35,221.99492,46.1888,302.03145,"B",NA,NA,NA,NA,NA,NA,NA,NA,NA
"195",1969,"0","10","wheat",2.8,2.3464,3.11,2.87364,NA,NA,NA,NA,NA,NA,NA,NA,NA,"N","N2",96,0,0,0,0,0,0,"B",NA,NA,NA,NA,NA,NA,NA,NA,NA
"244",1969,"1","10","wheat",3.31,2.74068,3.16,2.81556,63.706572,8.3571264,26.914068,48.784104,7.399836,14.525604,14.922468,0.9572904,12.388464,"N","N2",96,0,0,0,0,0,0,"B",NA,NA,NA,NA,NA,NA,NA,NA,NA
"29410",1969,"2","10","wheat",4.49,3.71772,3.75,3.3375,88.32543,13.1421408,31.672446,70.63668,11.6736408,15.986196,17.68875,1.4685,15.68625,"N","N2",96,0,0,0,0,0,0,"B",NA,NA,NA,NA,NA,NA,NA,NA,NA
"3221",1969,"3","10","wheat",3.88,3.2204,2.97,2.60172,NA,NA,NA,NA,NA,NA,NA,NA,NA,"N","N2",96,0,0,0,0,0,0,"B",NA,NA,NA,NA,NA,NA,NA,NA,NA
"4131",1969,"6","10","wheat",2.9,2.4186,1.97,1.773,NA,NA,NA,NA,NA,NA,NA,NA,NA,"N","N2",96,0,0,0,0,0,0,"B",NA,NA,NA,NA,NA,NA,NA,NA,NA
"48710",1969,"8","10","wheat",2.82,2.30112,3.93,3.46626,NA,NA,NA,NA,NA,NA,NA,NA,NA,"N","N2",96,0,0,0,0,0,0,"B",NA,NA,NA,NA,NA,NA,NA,NA,NA
"530",1969,"9","10","wheat",3.31,2.72082,3.35,2.9547,NA,NA,NA,NA,NA,NA,NA,NA,NA,"N","N2",96,0,0,0,0,0,0,"B",NA,NA,NA,NA,NA,NA,NA,NA,NA
"591",1969,"0","11","wheat",4.15,3.4777,3.02,2.71196,NA,NA,NA,NA,NA,NA,NA,NA,NA,"NP","N2 P",96,35,0,0,0,0,0,"B",NA,NA,NA,NA,NA,NA,NA,NA,NA
"640",1969,"1","11","wheat",4.39,3.62614,3.55,3.195,69.555644,15.18359,27.119814,52.941644,12.69149,18.493314,16.614,2.4921,8.6265,"NP","N2 P",96,35,0,0,0,0,0,"B",NA,NA,NA,NA,NA,NA,NA,NA,NA
"690",1969,"2","11","wheat",4.99,4.15168,4.12,3.74508,91.25782,17.193096,28.419768,71.408896,14.946048,18.68256,19.848924,2.247048,9.737208,"NP","N2 P",96,35,0,0,0,0,0,"B",NA,NA,NA,NA,NA,NA,NA,NA,NA
"718",1969,"3","11","wheat",4.54,3.75912,3.54,3.09396,NA,NA,NA,NA,NA,NA,NA,NA,NA,"NP","N2 P",96,35,0,0,0,0,0,"B",NA,NA,NA,NA,NA,NA,NA,NA,NA
"809",1969,"6","11","wheat",4.42,3.67744,3.1,2.7652,NA,NA,NA,NA,NA,NA,NA,NA,NA,"NP","N2 P",96,35,0,0,0,0,0,"B",NA,NA,NA,NA,NA,NA,NA,NA,NA
"883",1969,"8","11","wheat",2.86,2.33948,4.61,4.12134,NA,NA,NA,NA,NA,NA,NA,NA,NA,"NP","N2 P",96,35,0,0,0,0,0,"B",NA,NA,NA,NA,NA,NA,NA,NA,NA
"926",1969,"9","11","wheat",3.41,2.78938,3.05,2.6657,NA,NA,NA,NA,NA,NA,NA,NA,NA,"NP","N2 P",96,35,0,0,0,0,0,"B",NA,NA,NA,NA,NA,NA,NA,NA,NA
"1383",1969,"0","13","wheat",5.4,4.6332,5.42,5.01892,NA,NA,NA,NA,NA,NA,NA,NA,NA,"NPK","N2 PK",96,35,90,0,0,0,0,"B",NA,NA,NA,NA,NA,NA,NA,NA,NA
"1432",1969,"1","13","wheat",5.13,4.27842,5.15,4.55775,88.452954,19.6827798,64.095285,69.310404,16.8569748,23.53131,19.14255,2.825805,40.563975,"NPK","N2 PK",96,35,90,0,0,0,0,"B",NA,NA,NA,NA,NA,NA,NA,NA,NA
"1482",1969,"2","13","wheat",5.53,4.56778,6.1,5.3436,107.274806,24.1421088,79.62751,76.281926,20.8290768,25.12279,30.99288,3.313032,54.50472,"NPK","N2 PK",96,35,90,0,0,0,0,"B",NA,NA,NA,NA,NA,NA,NA,NA,NA
"1510",1969,"3","13","wheat",5.42,4.4986,5.57,4.91274,NA,NA,NA,NA,NA,NA,NA,NA,NA,"NPK","N2 PK",96,35,90,0,0,0,0,"B",NA,NA,NA,NA,NA,NA,NA,NA,NA
"1601",1969,"6","13","wheat",5.23,4.31998,4.81,4.20394,NA,NA,NA,NA,NA,NA,NA,NA,NA,"NPK","N2 PK",96,35,90,0,0,0,0,"B",NA,NA,NA,NA,NA,NA,NA,NA,NA
"1675",1969,"8","13","wheat",3.18,2.60124,5.9,5.3218,NA,NA,NA,NA,NA,NA,NA,NA,NA,"NPK","N2 PK",96,35,90,0,0,0,0,"B",NA,NA,NA,NA,NA,NA,NA,NA,NA
"1718",1969,"9","13","wheat",5.81,4.77582,6.3,5.5692,NA,NA,NA,NA,NA,NA,NA,NA,NA,"NPK","N2 PK",96,35,90,0,0,0,0,"B",NA,NA,NA,NA,NA,NA,NA,NA,NA
"1779",1969,"0","14","wheat",5.15,4.223,5.13,4.64778,NA,NA,NA,NA,NA,NA,NA,NA,NA,"N4PKMg","N2 PKMg*",96,35,90,0,0,0,0,"B",NA,NA,NA,NA,NA,NA,NA,NA,NA
"1828",1969,"1","14","wheat",5.2,4.2952,4.84,4.32696,87.74912,17.7992784,46.123792,70.44128,15.46272,23.6236,17.30784,2.3365584,22.500192,"N4PKMg","N2 PKMg*",96,35,90,0,0,0,0,"B",NA,NA,NA,NA,NA,NA,NA,NA,NA
"1878",1969,"2","14","wheat",5.82,4.80732,5.43,4.86528,97.380276,19.8362976,43.016988,74.51346,17.306352,23.555868,22.866816,2.5299456,19.46112,"N4PKMg","N2 PKMg*",96,35,90,0,0,0,0,"B",NA,NA,NA,NA,NA,NA,NA,NA,NA
"1906",1969,"3","14","wheat",5.52,4.59264,5.58,4.99968,NA,NA,NA,NA,NA,NA,NA,NA,NA,"N4PKMg","N2 PKMg*",96,35,90,0,0,0,0,"B",NA,NA,NA,NA,NA,NA,NA,NA,NA
"1997",1969,"6","14","wheat",5.15,4.2333,4.84,4.2592,NA,NA,NA,NA,NA,NA,NA,NA,NA,"N4PKMg","N2 PKMg*",96,35,90,0,0,0,0,"B",NA,NA,NA,NA,NA,NA,NA,NA,NA
"2071",1969,"8","14","wheat",3.95,3.1758,5.61,5.049,NA,NA,NA,NA,NA,NA,NA,NA,NA,"N4PKMg","N2 PKMg*",96,35,90,0,0,0,0,"B",NA,NA,NA,NA,NA,NA,NA,NA,NA
"2114",1969,"9","14","wheat",5.79,4.7478,5.72,5.01072,NA,NA,NA,NA,NA,NA,NA,NA,NA,"N4PKMg","N2 PKMg*",96,35,90,0,0,0,0,"B",NA,NA,NA,NA,NA,NA,NA,NA,NA
"2571",1969,"0","16","wheat",4.03,3.33684,5.7,5.2098,NA,NA,NA,NA,NA,NA,NA,NA,NA,"N5PKMg","N3 PK(Na)Mg",144,35,90,0,0,0,0,"B",NA,NA,NA,NA,NA,NA,NA,NA,NA
"2620",1969,"1","16","wheat",4.87,4.06158,4.2,3.696,86.23125,16.9798164,46.955658,71.07765,14.5404564,20.714058,15.1536,2.43936,26.2416,"N5PKMg","N3 PK(Na)Mg",144,35,90,0,0,0,0,"B",NA,0.198994068571428,0.220398266666667,NA,NA,NA,NA,NA,NA
"2670",1969,"2","16","wheat",5.89,4.86514,5.99,5.25922,113.092632,21.3905636,64.374588,84.166922,17.7091096,23.352672,28.92571,3.681454,41.021916,"N5PKMg","N3 PK(Na)Mg",144,35,90,0,0,0,0,"B",NA,0.235669222857143,0.399498,NA,NA,NA,NA,NA,NA
"2698",1969,"3","16","wheat",5.27,4.30032,5.82,5.22636,NA,NA,NA,NA,NA,NA,NA,NA,NA,"N5PKMg","N3 PK(Na)Mg",144,35,90,0,0,0,0,"B",NA,NA,NA,NA,NA,NA,NA,NA,NA
"2789",1969,"6","16","wheat",5.13,4.2579,4.76,4.26496,NA,NA,NA,NA,NA,NA,NA,NA,NA,"N5PKMg","N3 PK(Na)Mg",144,35,90,0,0,0,0,"B",NA,NA,NA,NA,NA,NA,NA,NA,NA
"2863",1969,"8","16","wheat",3.59,2.88636,5.87,5.35344,NA,NA,NA,NA,NA,NA,NA,NA,NA,"N5PKMg","N3 PK(Na)Mg",144,35,90,0,0,0,0,"B",NA,NA,NA,NA,NA,NA,NA,NA,NA
"2906",1969,"9","16","wheat",5.26,4.3132,6,5.28,NA,NA,NA,NA,NA,NA,NA,NA,NA,"N5PKMg","N3 PK(Na)Mg",144,35,90,0,0,0,0,"B",NA,NA,NA,NA,NA,NA,NA,NA,NA
"4155",1969,"0","20","wheat",3.64,3.05032,3.48,3.1668,NA,NA,NA,NA,NA,NA,NA,NA,NA,"NKMg","N2 K(Na)Mg",96,0,90,0,0,0,0,"B",NA,NA,NA,NA,NA,NA,NA,NA,NA
"4204",1969,"1","20","wheat",3.7,3.0784,3.3,2.9073,73.5049,10.015024,38.08605,56.64256,8.61952,15.69984,16.86234,1.395504,22.38621,"NKMg","N2 K(Na)Mg",96,0,90,0,0,0,0,"B",NA,NA,NA,NA,NA,NA,NA,NA,NA
"4641",1969,"0","22","wheat",4.74,3.96264,4.29,3.88674,NA,NA,NA,NA,NA,NA,NA,NA,NA,"FYM","FYM",0,0,0,35,221.99492,46.1888,302.03145,"B",NA,NA,NA,NA,NA,NA,NA,NA,NA
"4690",1969,"1","22","wheat",5.11,4.27196,4.44,3.885,86.80588,22.7828496,66.23078,66.21538,18.1985496,23.49578,20.5905,4.5843,42.735,"FYM","FYM",0,0,0,35,221.99492,46.1888,302.03145,"B",NA,NA,NA,0.239818992254417,0.0599156953681643,0.0777055438926261,NA,NA,NA
"4740",1969,"2","22","wheat",7.45,6.0941,6.85,5.91155,145.400415,29.696795,107.82053,117.61613,24.3764,27.42345,27.784285,5.320395,80.39708,"FYM","FYM",0,0,0,35,221.99492,46.1888,302.03145,"B",NA,NA,NA,0.337769688603685,0.257100410225603,0.243891143995547,NA,NA,NA
"4768",1969,"3","22","wheat",5.22,4.30128,4.71,3.9093,NA,NA,NA,NA,NA,NA,NA,NA,NA,"FYM","FYM",0,0,0,35,221.99492,46.1888,302.03145,"B",NA,NA,NA,NA,NA,NA,NA,NA,NA
"4859",1969,"6","22","wheat",5.99,4.92378,5.47,4.8683,NA,NA,NA,NA,NA,NA,NA,NA,NA,"FYM","FYM",0,0,0,35,221.99492,46.1888,302.03145,"B",NA,NA,NA,NA,NA,NA,NA,NA,NA
"4933",1969,"8","22","wheat",4.03,3.28848,5.36,4.72752,NA,NA,NA,NA,NA,NA,NA,NA,NA,"FYM","FYM",0,0,0,35,221.99492,46.1888,302.03145,"B",NA,NA,NA,NA,NA,NA,NA,NA,NA
"4976",1969,"9","22","wheat",5.65,4.6556,5.79,5.14152,NA,NA,NA,NA,NA,NA,NA,NA,NA,"FYM","FYM",0,0,0,35,221.99492,46.1888,302.03145,"B",NA,NA,NA,NA,NA,NA,NA,NA,NA
"5027",1969,"0","3","wheat",2.12,1.7384,1.82,1.6562,NA,NA,NA,NA,NA,NA,NA,NA,NA,"Control","Nil",0,0,0,0,0,0,0,"B",NA,NA,NA,NA,NA,NA,NA,NA,NA
"5076",1969,"1","3","wheat",1.84,1.51616,1.78,1.58242,31.221208,6.8941244,17.391804,24.25856,5.913024,7.5808,6.962648,0.9811004,9.811004,"Control","Nil",0,0,0,0,0,0,0,"B",NA,NA,NA,NA,NA,NA,NA,NA,NA
"5126",1969,"2","3","wheat",3.36,2.73504,2.67,2.38431,55.380693,11.2164306,27.539271,45.12816,10.119648,13.948704,10.252533,1.0967826,13.590567,"Control","Nil",0,0,0,0,0,0,0,"B",NA,NA,NA,NA,NA,NA,NA,NA,NA
"5154",1969,"3","3","wheat",1.76,1.41152,1.66,1.48072,NA,NA,NA,NA,NA,NA,NA,NA,NA,"Control","Nil",0,0,0,0,0,0,0,"B",NA,NA,NA,NA,NA,NA,NA,NA,NA
"5245",1969,"6","3","wheat",3.02,2.48848,1.98,1.73052,NA,NA,NA,NA,NA,NA,NA,NA,NA,"Control","Nil",0,0,0,0,0,0,0,"B",NA,NA,NA,NA,NA,NA,NA,NA,NA
"5319",1969,"8","3","wheat",1.83,1.50792,1.93,1.737,NA,NA,NA,NA,NA,NA,NA,NA,NA,"Control","Nil",0,0,0,0,0,0,0,"B",NA,NA,NA,NA,NA,NA,NA,NA,NA
"5362",1969,"9","3","wheat",1.76,1.42208,1.43,1.2584,NA,NA,NA,NA,NA,NA,NA,NA,NA,"Control","Nil",0,0,0,0,0,0,0,"B",NA,NA,NA,NA,NA,NA,NA,NA,NA
"5423",1969,"0","5","wheat",2.33,1.91992,1.95,1.7862,NA,NA,NA,NA,NA,NA,NA,NA,NA,"PKMg","PK(Na)Mg",0,35,90,0,0,0,0,"B",NA,NA,NA,NA,NA,NA,NA,NA,NA
"5472",1969,"1","5","wheat",1.97,1.60752,1.86,1.6647,33.567282,8.9628408,21.481644,25.077312,7.2981408,9.162864,8.48997,1.6647,12.31878,"PKMg","PK(Na)Mg",0,35,90,0,0,0,0,"B",NA,NA,NA,NA,NA,NA,NA,NA,NA
"5522",1969,"2","5","wheat",4.38,3.56532,3.55,3.1098,70.41726,15.770628,38.085852,57.04512,13.904748,18.183132,13.37214,1.86588,19.90272,"PKMg","PK(Na)Mg",0,35,90,0,0,0,0,"B",NA,NA,NA,NA,NA,NA,NA,NA,NA
"5550",1969,"3","5","wheat",1.95,1.5639,1.56,1.36032,NA,NA,NA,NA,NA,NA,NA,NA,NA,"PKMg","PK(Na)Mg",0,35,90,0,0,0,0,"B",NA,NA,NA,NA,NA,NA,NA,NA,NA
"5641",1969,"6","5","wheat",3.56,2.91208,2.69,2.35106,NA,NA,NA,NA,NA,NA,NA,NA,NA,"PKMg","PK(Na)Mg",0,35,90,0,0,0,0,"B",NA,NA,NA,NA,NA,NA,NA,NA,NA
"5715",1969,"8","5","wheat",1.81,1.46972,2.96,2.65216,NA,NA,NA,NA,NA,NA,NA,NA,NA,"PKMg","PK(Na)Mg",0,35,90,0,0,0,0,"B",NA,NA,NA,NA,NA,NA,NA,NA,NA
"5758",1969,"9","5","wheat",2.25,1.836,2,1.78,NA,NA,NA,NA,NA,NA,NA,NA,NA,"PKMg","PK(Na)Mg",0,35,90,0,0,0,0,"B",NA,NA,NA,NA,NA,NA,NA,NA,NA
"5819",1969,"0","6","wheat",4.23,3.51936,4.18,3.78708,NA,NA,NA,NA,NA,NA,NA,NA,NA,"N1PKMg","N1 PK(Na)Mg",48,35,90,0,0,0,0,"B",NA,NA,NA,NA,NA,NA,NA,NA,NA
"5868",1969,"1","6","wheat",3.8,3.154,3.56,3.06516,59.88604,15.9636856,38.820888,47.6254,13.94068,17.9778,12.26064,2.0230056,20.843088,"N1PKMg","N1 PK(Na)Mg",48,35,90,0,0,0,0,"B",NA,NA,NA,NA,NA,NA,NA,NA,NA
"5918",1969,"2","6","wheat",5.8,4.756,5.75,5.16925,96.06975,19.247155,64.10015,72.2912,16.45576,23.78,23.77855,2.791395,40.32015,"N1PKMg","N1 PK(Na)Mg",48,35,90,0,0,0,0,"B",NA,NA,NA,NA,NA,NA,NA,NA,NA
"5946",1969,"3","6","wheat",4.08,3.31296,4.14,3.59352,NA,NA,NA,NA,NA,NA,NA,NA,NA,"N1PKMg","N1 PK(Na)Mg",48,35,90,0,0,0,0,"B",NA,NA,NA,NA,NA,NA,NA,NA,NA
"6037",1969,"6","6","wheat",5.18,4.22688,4.15,3.6686,NA,NA,NA,NA,NA,NA,NA,NA,NA,"N1PKMg","N1 PK(Na)Mg",48,35,90,0,0,0,0,"B",NA,NA,NA,NA,NA,NA,NA,NA,NA
"6111",1969,"8","6","wheat",2.79,2.28222,4.53,4.04076,NA,NA,NA,NA,NA,NA,NA,NA,NA,"N1PKMg","N1 PK(Na)Mg",48,35,90,0,0,0,0,"B",NA,NA,NA,NA,NA,NA,NA,NA,NA
"6154",1969,"9","6","wheat",4.23,3.4686,4.24,3.73968,NA,NA,NA,NA,NA,NA,NA,NA,NA,"N1PKMg","N1 PK(Na)Mg",48,35,90,0,0,0,0,"B",NA,NA,NA,NA,NA,NA,NA,NA,NA
"6215",1969,"0","7","wheat",5.47,4.50728,5.6,5.0288,NA,NA,NA,NA,NA,NA,NA,NA,NA,"N2PKMg","N2 PK(Na)Mg",96,35,90,0,0,0,0,"B",NA,NA,NA,NA,NA,NA,NA,NA,NA
"6264",1969,"1","7","wheat",5.42,4.4986,5.46,4.86486,95.632284,20.1255436,63.357824,74.2269,16.914736,22.493,21.405384,3.2108076,40.864824,"N2PKMg","N2 PK(Na)Mg",96,35,90,0,0,0,0,"B",0.6465104375,NA,NA,NA,NA,NA,NA,NA,NA
"6314",1969,"2","7","wheat",6.45,5.3277,6.69,5.98086,124.867992,22.2746556,79.93347,93.76752,18.327288,26.10573,31.100472,3.9473676,53.82774,"N2PKMg","N2 PK(Na)Mg",96,35,90,0,0,0,0,"B",0.567195125,NA,NA,NA,NA,NA,NA,NA,NA
"6342",1969,"3","7","wheat",5.66,4.6978,5.7,4.9476,NA,NA,NA,NA,NA,NA,NA,NA,NA,"N2PKMg","N2 PK(Na)Mg",96,35,90,0,0,0,0,"B",NA,NA,NA,NA,NA,NA,NA,NA,NA
"6433",1969,"6","7","wheat",6.43,5.25974,6.01,5.33688,NA,NA,NA,NA,NA,NA,NA,NA,NA,"N2PKMg","N2 PK(Na)Mg",96,35,90,0,0,0,0,"B",NA,NA,NA,NA,NA,NA,NA,NA,NA
"6507",1969,"8","7","wheat",2.94,2.39316,5.31,4.7259,NA,NA,NA,NA,NA,NA,NA,NA,NA,"N2PKMg","N2 PK(Na)Mg",96,35,90,0,0,0,0,"B",NA,NA,NA,NA,NA,NA,NA,NA,NA
"6550",1969,"9","7","wheat",5.42,4.4444,5.6,4.872,NA,NA,NA,NA,NA,NA,NA,NA,NA,"N2PKMg","N2 PK(Na)Mg",96,35,90,0,0,0,0,"B",NA,NA,NA,NA,NA,NA,NA,NA,NA
"8102",1969,"7","1","beans",2.61,2.12454,2.19,1.50015,109.81923,14.0474238,51.7524552,92.41749,12.5772768,24.3897192,17.40174,1.470147,27.362736,"FYM+NPK","FYM N2 PK",96,35,90,35,221.99492,46.1888,302.03145,"B",NA,NA,NA,NA,NA,NA,NA,NA,NA
"20102",1969,"7","10","beans",2.01,1.6281,1.1,0.825,93.74277,8.345946,20.848872,84.17277,7.586946,16.476372,9.57,0.759,4.3725,"N","N2",96,0,0,0,0,0,0,"B",NA,NA,NA,NA,NA,NA,NA,NA,NA
"3213",1969,"7","11","beans",1.41,1.11108,0.75,0.5445,70.174596,8.720574,12.5710848,62.442696,7.555344,10.0663848,7.7319,1.16523,2.5047,"NP","N2 P",96,35,0,0,0,0,0,"B",NA,NA,NA,NA,NA,NA,NA,NA,NA
"56102",1969,"7","13","beans",3.42,2.68128,3.1,2.1793,128.45653,16.8190888,72.825176,109.93248,14.6397888,29.762208,18.52405,2.1793,43.062968,"NPK","N2 PK",96,35,90,0,0,0,0,"B",NA,NA,NA,NA,NA,NA,NA,NA,NA
"6812",1969,"7","14","beans",2.68,2.10648,2.81,1.98386,111.47048,15.7753924,40.5103456,91.63188,13.3550832,24.8775288,19.8386,2.4203092,15.6328168,"N4PKMg","N2 PKMg*",96,35,90,0,0,0,0,"B",NA,NA,NA,NA,NA,NA,NA,NA,NA
"9210",1969,"7","16","beans",3.4,2.7472,4.01,2.90725,144.90831,19.842806,92.399139,117.58016,16.702976,30.823584,27.32815,3.13983,61.575555,"N5PKMg","N3 PK(Na)Mg",144,35,90,0,0,0,0,"B",NA,0.328481714285714,0.88697838,NA,NA,NA,NA,NA,NA
"15211",1969,"7","22","beans",2.16,1.74528,2.78,1.86538,107.78318,12.530804,68.701892,87.264,10.3669632,20.8735488,20.51918,2.1638408,47.8283432,"FYM","FYM",0,0,0,35,221.99492,46.1888,302.03145,"B",NA,NA,NA,0.0582603421735957,0.0632465373531971,0.169411912668993,NA,NA,NA
"16412",1969,"7","3","beans",1.05,0.8505,0.76,0.5586,50.56737,4.91799,15.938622,44.31105,4.30353,9.16839,6.25632,0.61446,6.770232,"Control","Nil",0,0,0,0,0,0,0,"B",NA,NA,NA,NA,NA,NA,NA,NA,NA
"17611",1969,"7","5","beans",2.24,1.80096,2.22,1.5873,94.84968,11.132388,55.5547224,78.34176,9.545088,20.0626944,16.50792,1.5873,35.492028,"PKMg","PK(Na)Mg",0,35,90,0,0,0,0,"B",NA,NA,NA,NA,NA,NA,NA,NA,NA
"18810",1969,"7","6","beans",2.87,2.296,3.07,2.32399,110.445915,15.267832,82.9970833,90.692,13.40864,27.98824,19.753915,1.859192,55.0088433,"N1PKMg","N1 PK(Na)Mg",48,35,90,0,0,0,0,"B",NA,NA,NA,NA,NA,NA,NA,NA,NA
"20010",1969,"7","7","beans",3.26,2.61452,3.65,2.6134,139.86674,18.0392024,86.9092028,116.34614,15.7394104,31.8709988,23.5206,2.299792,55.038204,"N2PKMg","N2 PK(Na)Mg",96,35,90,0,0,0,0,"B",0.468927708333333,NA,NA,NA,NA,NA,NA,NA,NA
"1",1970,"2","1","potato",29.92,6.1336,NA,NA,87.09712,10.059104,170.268736,NA,NA,NA,NA,NA,NA,"FYM+NPK","FYM N2 PK",96,35,90,35,273.028,55.7375,356.97725,"B",NA,NA,NA,NA,NA,NA,-0.254472916666667,-0.339089828571428,-1.22078622222222
"30",1970,"2","10","potato",10.68,2.76612,NA,NA,39.555516,4.0385352,34.6318224,NA,NA,NA,NA,NA,NA,"N","N2",96,0,0,0,0,0,0,"B",NA,NA,NA,NA,NA,NA,NA,NA,NA
"59",1970,"2","11","potato",8.56,2.03728,NA,NA,35.6524,4.482016,27.1773152,NA,NA,NA,NA,NA,NA,"NP","N2 P",96,35,0,0,0,0,0,"B",NA,NA,NA,NA,NA,NA,NA,NA,NA
"117",1970,"2","13","potato",19.37,3.83526,NA,NA,60.980634,8.437572,110.7623088,NA,NA,NA,NA,NA,NA,"NPK","N2 PK",96,35,90,0,0,0,0,"B",NA,NA,NA,NA,NA,NA,NA,NA,NA
"146",1970,"2","14","potato",20.99,4.86968,NA,NA,79.375784,9.73936,72.6556256,NA,NA,NA,NA,NA,NA,"N4PKMg","N2 PKMg*",96,35,90,0,0,0,0,"B",NA,NA,NA,NA,NA,NA,NA,NA,NA
"204",1970,"2","16","potato",28.07,6.09119,NA,NA,70.048685,11.573261,170.1878486,NA,NA,NA,NA,NA,NA,"N5PKMg","N3 PK(Na)Mg",144,35,90,0,0,0,0,"B",NA,0.21527788,1.58900592666667,NA,NA,NA,NA,NA,NA
"349",1970,"2","22","potato",43.96,9.4514,NA,NA,111.52652,21.927248,280.139496,NA,NA,NA,NA,NA,NA,"FYM","FYM",0,0,0,35,273.028,55.7375,356.97725,"B",NA,NA,NA,0.280859193928828,0.263603015075377,0.277898677058763,NA,NA,NA
"378",1970,"2","3","potato",12.54,3.28548,NA,NA,31.21206,5.8481544,60.6828156,NA,NA,NA,NA,NA,NA,"Control","Nil",0,0,0,0,0,0,0,"B",NA,NA,NA,NA,NA,NA,NA,NA,NA
"407",1970,"2","5","potato",18.97,4.24928,NA,NA,34.844096,10.8781568,122.4642496,NA,NA,NA,NA,NA,NA,"PKMg","PK(Na)Mg",0,35,90,0,0,0,0,"B",NA,NA,NA,NA,NA,NA,NA,NA,NA
"436",1970,"2","6","potato",26.01,5.69619,NA,NA,59.809995,13.101237,158.8097772,NA,NA,NA,NA,NA,NA,"N1PKMg","N1 PK(Na)Mg",48,35,90,0,0,0,0,"B",NA,NA,NA,NA,NA,NA,NA,NA,NA
"465",1970,"2","7","potato",34.46,7.47782,NA,NA,89.73384,14.8060836,201.3029144,NA,NA,NA,NA,NA,NA,"N2PKMg","N2 PK(Na)Mg",96,35,90,0,0,0,0,"B",0.571768166666667,NA,NA,NA,NA,NA,NA,NA,NA
"89",1970,"5","1","wheat",5.01,4.21842,2.78,2.50756,NA,NA,NA,NA,NA,NA,NA,NA,NA,"FYM+NPK","FYM N2 PK",96,35,90,35,273.028,55.7375,356.97725,"B",NA,NA,NA,NA,NA,NA,NA,NA,NA
"1222",1970,"6","1","wheat",5.95,5.0099,2.92,2.63384,NA,NA,NA,NA,NA,NA,NA,NA,NA,"FYM+NPK","FYM N2 PK",96,35,90,35,273.028,55.7375,356.97725,"B",NA,NA,NA,NA,NA,NA,NA,NA,NA
"16811",1970,"7","1","wheat",5.88,4.91568,3.67,3.32502,125.290368,15.9526692,37.1653578,106.670256,14.1571584,19.908504,18.620112,1.7955108,17.2568538,"FYM+NPK","FYM N2 PK",96,35,90,35,273.028,55.7375,356.97725,"B",NA,NA,NA,NA,NA,NA,NA,NA,NA
"196",1970,"0","10","wheat",1.91,1.57766,1.22,1.06872,NA,NA,NA,NA,NA,NA,NA,NA,NA,"N","N2",96,0,0,0,0,0,0,"B",NA,NA,NA,NA,NA,NA,NA,NA,NA
"245",1970,"1","10","wheat",2.3,1.8952,1.26,1.134,48.879,4.858232,11.460016,42.642,4.472672,7.921936,6.237,0.38556,3.53808,"N","N2",96,0,0,0,0,0,0,"B",NA,NA,NA,NA,NA,NA,NA,NA,NA
"3813",1970,"5","10","wheat",4.32,3.68064,1.75,1.57675,NA,NA,NA,NA,NA,NA,NA,NA,NA,"N","N2",96,0,0,0,0,0,0,"B",NA,NA,NA,NA,NA,NA,NA,NA,NA
"4141",1970,"6","10","wheat",2.66,2.26632,1.1,0.9999,NA,NA,NA,NA,NA,NA,NA,NA,NA,"N","N2",96,0,0,0,0,0,0,"B",NA,NA,NA,NA,NA,NA,NA,NA,NA
"4601",1970,"7","10","wheat",4.34,3.689,1.91,1.73237,74.784654,7.6590473,18.2066673,67.5087,7.15666,14.23954,7.275954,0.5023873,3.9671273,"N","N2",96,0,0,0,0,0,0,"B",NA,NA,NA,NA,NA,NA,NA,NA,NA
"48810",1970,"8","10","wheat",2.62,2.22176,1.2,1.0428,NA,NA,NA,NA,NA,NA,NA,NA,NA,"N","N2",96,0,0,0,0,0,0,"B",NA,NA,NA,NA,NA,NA,NA,NA,NA
"531",1970,"9","10","wheat",1.79,1.5215,0.77,0.6853,NA,NA,NA,NA,NA,NA,NA,NA,NA,"N","N2",96,0,0,0,0,0,0,"B",NA,NA,NA,NA,NA,NA,NA,NA,NA
"592",1970,"0","11","wheat",3.67,3.0461,1.84,1.67256,NA,NA,NA,NA,NA,NA,NA,NA,NA,"NP","N2 P",96,35,0,0,0,0,0,"B",NA,NA,NA,NA,NA,NA,NA,NA,NA
"641",1970,"1","11","wheat",3.04,2.51712,1.35,1.2339,57.00546,8.531073,13.0135374,50.3424,7.803072,11.1256704,6.66306,0.728001,1.887867,"NP","N2 P",96,35,0,0,0,0,0,"B",NA,NA,NA,NA,NA,NA,NA,NA,NA
"777",1970,"5","11","wheat",3.79,3.22908,1.61,1.45061,NA,NA,NA,NA,NA,NA,NA,NA,NA,"NP","N2 P",96,35,0,0,0,0,0,"B",NA,NA,NA,NA,NA,NA,NA,NA,NA
"810",1970,"6","11","wheat",3.98,3.39892,1.59,1.4151,NA,NA,NA,NA,NA,NA,NA,NA,NA,"NP","N2 P",96,35,0,0,0,0,0,"B",NA,NA,NA,NA,NA,NA,NA,NA,NA
"856",1970,"7","11","wheat",4.56,3.88512,1.91,1.73619,78.307146,11.5133238,19.0376244,70.320672,10.6452288,15.7735872,7.986474,0.868095,3.2640372,"NP","N2 P",96,35,0,0,0,0,0,"B",NA,NA,NA,NA,NA,NA,NA,NA,NA
"884",1970,"8","11","wheat",2.8,2.3464,1.52,1.25248,NA,NA,NA,NA,NA,NA,NA,NA,NA,"NP","N2 P",96,35,0,0,0,0,0,"B",NA,NA,NA,NA,NA,NA,NA,NA,NA
"927",1970,"9","11","wheat",2.51,2.12848,1.04,0.9204,NA,NA,NA,NA,NA,NA,NA,NA,NA,"NP","N2 P",96,35,0,0,0,0,0,"B",NA,NA,NA,NA,NA,NA,NA,NA,NA
"1384",1970,"0","13","wheat",5.11,4.26174,2.84,2.556,NA,NA,NA,NA,NA,NA,NA,NA,NA,"NPK","N2 PK",96,35,90,0,0,0,0,"B",NA,NA,NA,NA,NA,NA,NA,NA,NA
"1433",1970,"1","13","wheat",4.61,3.83552,2.43,2.20401,101.15477,13.7371809,29.5084106,90.13472,12.657216,17.2981952,11.02005,1.0799649,12.2102154,"NPK","N2 PK",96,35,90,0,0,0,0,"B",NA,NA,NA,NA,NA,NA,NA,NA,NA
"1569",1970,"5","13","wheat",4.88,4.16752,2.31,2.1252,NA,NA,NA,NA,NA,NA,NA,NA,NA,"NPK","N2 PK",96,35,90,0,0,0,0,"B",NA,NA,NA,NA,NA,NA,NA,NA,NA
"1602",1970,"6","13","wheat",4.89,4.18584,2.31,2.12982,NA,NA,NA,NA,NA,NA,NA,NA,NA,"NPK","N2 PK",96,35,90,0,0,0,0,"B",NA,NA,NA,NA,NA,NA,NA,NA,NA
"1648",1970,"7","13","wheat",5.57,4.7345,2.74,2.50436,114.869266,17.7446932,37.373,100.84485,16.19199,22.34684,14.024416,1.5527032,15.02616,"NPK","N2 PK",96,35,90,0,0,0,0,"B",NA,NA,NA,NA,NA,NA,NA,NA,NA
"1676",1970,"8","13","wheat",3.62,3.06976,2.45,2.1707,NA,NA,NA,NA,NA,NA,NA,NA,NA,"NPK","N2 PK",96,35,90,0,0,0,0,"B",NA,NA,NA,NA,NA,NA,NA,NA,NA
"1719",1970,"9","13","wheat",4.55,3.8675,2.17,1.94215,NA,NA,NA,NA,NA,NA,NA,NA,NA,"NPK","N2 PK",96,35,90,0,0,0,0,"B",NA,NA,NA,NA,NA,NA,NA,NA,NA
"1780",1970,"0","14","wheat",4.78,3.98652,2.59,2.36726,NA,NA,NA,NA,NA,NA,NA,NA,NA,"N4PKMg","N2 PKMg*",96,35,90,0,0,0,0,"B",NA,NA,NA,NA,NA,NA,NA,NA,NA
"1829",1970,"1","14","wheat",4.58,3.81056,2.17,1.95951,96.852577,12.9253183,22.8583709,87.64288,11.9651584,16.8426752,9.209697,0.9601599,6.0156957,"N4PKMg","N2 PKMg*",96,35,90,0,0,0,0,"B",NA,NA,NA,NA,NA,NA,NA,NA,NA
"1965",1970,"5","14","wheat",4.54,3.859,1.94,1.79062,NA,NA,NA,NA,NA,NA,NA,NA,NA,"N4PKMg","N2 PKMg*",96,35,90,0,0,0,0,"B",NA,NA,NA,NA,NA,NA,NA,NA,NA
"1998",1970,"6","14","wheat",5.13,4.35024,2.52,2.30328,NA,NA,NA,NA,NA,NA,NA,NA,NA,"N4PKMg","N2 PKMg*",96,35,90,0,0,0,0,"B",NA,NA,NA,NA,NA,NA,NA,NA,NA
"2044",1970,"7","14","wheat",6.04,5.14608,3.19,2.92523,120.191228,23.5441878,40.474551,104.980032,21.613536,28.7151264,15.211196,1.9306518,11.7594246,"N4PKMg","N2 PKMg*",96,35,90,0,0,0,0,"B",NA,NA,NA,NA,NA,NA,NA,NA,NA
"2072",1970,"8","14","wheat",3.71,3.14608,2.18,1.87044,NA,NA,NA,NA,NA,NA,NA,NA,NA,"N4PKMg","N2 PKMg*",96,35,90,0,0,0,0,"B",NA,NA,NA,NA,NA,NA,NA,NA,NA
"2115",1970,"9","14","wheat",4.06,3.45912,1.6,1.4448,NA,NA,NA,NA,NA,NA,NA,NA,NA,"N4PKMg","N2 PKMg*",96,35,90,0,0,0,0,"B",NA,NA,NA,NA,NA,NA,NA,NA,NA
"2572",1970,"0","16","wheat",4.54,3.77728,3.13,2.77318,NA,NA,NA,NA,NA,NA,NA,NA,NA,"N5PKMg","N3 PK(Na)Mg",144,35,90,0,0,0,0,"B",NA,NA,NA,NA,NA,NA,NA,NA,NA
"2621",1970,"1","16","wheat",4.59,3.83724,2.29,2.09306,95.75667,13.4931406,28.071254,86.3379,12.5094024,17.6896764,9.41877,0.9837382,10.3815776,"N5PKMg","N3 PK(Na)Mg",144,35,90,0,0,0,0,"B",NA,0.256053251428571,0.167307962222222,NA,NA,NA,NA,NA,NA
"2757",1970,"5","16","wheat",4.61,3.92772,2.37,2.19936,NA,NA,NA,NA,NA,NA,NA,NA,NA,"N5PKMg","N3 PK(Na)Mg",144,35,90,0,0,0,0,"B",NA,NA,NA,NA,NA,NA,NA,NA,NA
"2790",1970,"6","16","wheat",4.63,3.97254,2.15,2.0038,NA,NA,NA,NA,NA,NA,NA,NA,NA,"N5PKMg","N3 PK(Na)Mg",144,35,90,0,0,0,0,"B",NA,NA,NA,NA,NA,NA,NA,NA,NA
"2836",1970,"7","16","wheat",5.17,4.42552,2.72,2.49696,107.213264,16.4836368,34.2983464,96.476336,15.1352784,20.4901576,10.736928,1.3483584,13.8081888,"N5PKMg","N3 PK(Na)Mg",144,35,90,0,0,0,0,"B",NA,0.252131128571428,0.169563577777778,NA,NA,NA,NA,NA,NA
"2864",1970,"8","16","wheat",3.44,2.89648,2.18,1.95982,NA,NA,NA,NA,NA,NA,NA,NA,NA,"N5PKMg","N3 PK(Na)Mg",144,35,90,0,0,0,0,"B",NA,NA,NA,NA,NA,NA,NA,NA,NA
"2907",1970,"9","16","wheat",3.94,3.37264,1.97,1.773,NA,NA,NA,NA,NA,NA,NA,NA,NA,"N5PKMg","N3 PK(Na)Mg",144,35,90,0,0,0,0,"B",NA,NA,NA,NA,NA,NA,NA,NA,NA
"4156",1970,"0","20","wheat",2.51,2.09334,1.35,1.2015,NA,NA,NA,NA,NA,NA,NA,NA,NA,"NKMg","N2 K(Na)Mg",96,0,90,0,0,0,0,"B",NA,NA,NA,NA,NA,NA,NA,NA,NA
"4205",1970,"1","20","wheat",2.23,1.85536,1.16,1.05676,44.960276,4.5312768,13.43754,39.148096,4.1931136,8.3862272,5.81218,0.3381632,5.0513128,"NKMg","N2 K(Na)Mg",96,0,90,0,0,0,0,"B",NA,NA,NA,NA,NA,NA,NA,NA,NA
"4642",1970,"0","22","wheat",5.31,4.38606,3.47,3.1577,NA,NA,NA,NA,NA,NA,NA,NA,NA,"FYM","FYM",0,0,0,35,273.028,55.7375,356.97725,"B",NA,NA,NA,NA,NA,NA,NA,NA,NA
"4691",1970,"1","22","wheat",5.9,4.8498,4.35,3.92805,115.1331,19.1579835,48.98295,99.4209,16.683312,22.115088,15.7122,2.4746715,26.867862,"FYM","FYM",0,0,0,35,273.028,55.7375,356.97725,"B",NA,NA,NA,0.302127386202148,0.257016950642425,0.212899922352286,NA,NA,NA
"4827",1970,"5","22","wheat",6.24,5.27904,4.51,3.80644,NA,NA,NA,NA,NA,NA,NA,NA,NA,"FYM","FYM",0,0,0,35,273.028,55.7375,356.97725,"B",NA,NA,NA,NA,NA,NA,NA,NA,NA
"4860",1970,"6","22","wheat",5.03,4.25538,3,2.646,NA,NA,NA,NA,NA,NA,NA,NA,NA,"FYM","FYM",0,0,0,35,273.028,55.7375,356.97725,"B",NA,NA,NA,NA,NA,NA,NA,NA,NA
"4906",1970,"7","22","wheat",5.86,4.91068,3.75,3.2175,126.222278,22.40977,54.9418432,108.526028,19.64272,24.5042932,17.69625,2.76705,30.43755,"FYM","FYM",0,0,0,35,273.028,55.7375,356.97725,"B",NA,NA,NA,0.325746077325403,0.188396882371039,0.175495304510893,NA,NA,NA
"4934",1970,"8","22","wheat",4.48,3.74528,2.81,2.32949,NA,NA,NA,NA,NA,NA,NA,NA,NA,"FYM","FYM",0,0,0,35,273.028,55.7375,356.97725,"B",NA,NA,NA,NA,NA,NA,NA,NA,NA
"4977",1970,"9","22","wheat",5.17,4.35314,3.36,2.99376,NA,NA,NA,NA,NA,NA,NA,NA,NA,"FYM","FYM",0,0,0,35,273.028,55.7375,356.97725,"B",NA,NA,NA,NA,NA,NA,NA,NA,NA
"5028",1970,"0","3","wheat",2.16,1.76256,1.17,1.08459,NA,NA,NA,NA,NA,NA,NA,NA,NA,"Control","Nil",0,0,0,0,0,0,0,"B",NA,NA,NA,NA,NA,NA,NA,NA,NA
"5077",1970,"1","3","wheat",1.79,1.45706,0.98,0.89376,29.666176,5.15416,12.1929392,25.644256,4.662592,6.1779344,4.02192,0.491568,6.0150048,"Control","Nil",0,0,0,0,0,0,0,"B",NA,NA,NA,NA,NA,NA,NA,NA,NA
"5213",1970,"5","3","wheat",2.95,2.4839,1.51,1.3439,NA,NA,NA,NA,NA,NA,NA,NA,NA,"Control","Nil",0,0,0,0,0,0,0,"B",NA,NA,NA,NA,NA,NA,NA,NA,NA
"5246",1970,"6","3","wheat",1.46,1.21764,0.79,0.69678,NA,NA,NA,NA,NA,NA,NA,NA,NA,"Control","Nil",0,0,0,0,0,0,0,"B",NA,NA,NA,NA,NA,NA,NA,NA,NA
"5292",1970,"7","3","wheat",2.26,1.86676,1.32,1.13256,34.404652,8.0685472,16.8892256,29.308132,7.3550344,9.2217944,5.09652,0.7135128,7.6674312,"Control","Nil",0,0,0,0,0,0,0,"B",NA,NA,NA,NA,NA,NA,NA,NA,NA
"5320",1970,"8","3","wheat",1.77,1.47972,0.82,0.7257,NA,NA,NA,NA,NA,NA,NA,NA,NA,"Control","Nil",0,0,0,0,0,0,0,"B",NA,NA,NA,NA,NA,NA,NA,NA,NA
"5363",1970,"9","3","wheat",1.57,1.30938,0.75,0.65775,NA,NA,NA,NA,NA,NA,NA,NA,NA,"Control","Nil",0,0,0,0,0,0,0,"B",NA,NA,NA,NA,NA,NA,NA,NA,NA
"5424",1970,"0","5","wheat",2.67,2.1894,1.47,1.31859,NA,NA,NA,NA,NA,NA,NA,NA,NA,"PKMg","PK(Na)Mg",0,35,90,0,0,0,0,"B",NA,NA,NA,NA,NA,NA,NA,NA,NA
"5473",1970,"1","5","wheat",1.96,1.59544,1.15,1.0373,32.643864,6.347693,14.8929374,28.079744,5.424496,7.4347504,4.56412,0.923197,7.458187,"PKMg","PK(Na)Mg",0,35,90,0,0,0,0,"B",NA,NA,NA,NA,NA,NA,NA,NA,NA
"5609",1970,"5","5","wheat",3.96,3.3264,2.02,1.7978,NA,NA,NA,NA,NA,NA,NA,NA,NA,"PKMg","PK(Na)Mg",0,35,90,0,0,0,0,"B",NA,NA,NA,NA,NA,NA,NA,NA,NA
"5642",1970,"6","5","wheat",1.88,1.57168,0.86,0.76196,NA,NA,NA,NA,NA,NA,NA,NA,NA,"PKMg","PK(Na)Mg",0,35,90,0,0,0,0,"B",NA,NA,NA,NA,NA,NA,NA,NA,NA
"5688",1970,"7","5","wheat",2.51,2.07326,1.71,1.38852,37.284478,8.5623804,24.6739584,29.647618,7.0905492,9.0808788,7.63686,1.4718312,15.5930796,"PKMg","PK(Na)Mg",0,35,90,0,0,0,0,"B",NA,NA,NA,NA,NA,NA,NA,NA,NA
"5716",1970,"8","5","wheat",2.37,1.98606,1.44,1.22544,NA,NA,NA,NA,NA,NA,NA,NA,NA,"PKMg","PK(Na)Mg",0,35,90,0,0,0,0,"B",NA,NA,NA,NA,NA,NA,NA,NA,NA
"5759",1970,"9","5","wheat",2.08,1.73472,0.94,0.81122,NA,NA,NA,NA,NA,NA,NA,NA,NA,"PKMg","PK(Na)Mg",0,35,90,0,0,0,0,"B",NA,NA,NA,NA,NA,NA,NA,NA,NA
"5820",1970,"0","6","wheat",4.09,3.36198,2.32,2.13208,NA,NA,NA,NA,NA,NA,NA,NA,NA,"N1PKMg","N1 PK(Na)Mg",48,35,90,0,0,0,0,"B",NA,NA,NA,NA,NA,NA,NA,NA,NA
"5869",1970,"1","6","wheat",3.6,2.9664,1.81,1.63081,55.631921,12.0030903,22.8091871,48.9456,10.97568,13.823424,6.686321,1.0274103,8.9857631,"N1PKMg","N1 PK(Na)Mg",48,35,90,0,0,0,0,"B",NA,NA,NA,NA,NA,NA,NA,NA,NA
"6005",1970,"5","6","wheat",4.54,3.83176,2.22,1.96026,NA,NA,NA,NA,NA,NA,NA,NA,NA,"N1PKMg","N1 PK(Na)Mg",48,35,90,0,0,0,0,"B",NA,NA,NA,NA,NA,NA,NA,NA,NA
"6038",1970,"6","6","wheat",3.42,2.90016,1.7,1.4909,NA,NA,NA,NA,NA,NA,NA,NA,NA,"N1PKMg","N1 PK(Na)Mg",48,35,90,0,0,0,0,"B",NA,NA,NA,NA,NA,NA,NA,NA,NA
"6084",1970,"7","6","wheat",4.69,3.9396,2.95,2.5606,73.45338,14.194292,29.894942,65.0034,12.60672,16.861488,8.44998,1.587572,13.033454,"N1PKMg","N1 PK(Na)Mg",48,35,90,0,0,0,0,"B",NA,NA,NA,NA,NA,NA,NA,NA,NA
"6112",1970,"8","6","wheat",3.37,2.83754,1.92,1.64928,NA,NA,NA,NA,NA,NA,NA,NA,NA,"N1PKMg","N1 PK(Na)Mg",48,35,90,0,0,0,0,"B",NA,NA,NA,NA,NA,NA,NA,NA,NA
"6155",1970,"9","6","wheat",3.59,3.02996,1.81,1.55479,NA,NA,NA,NA,NA,NA,NA,NA,NA,"N1PKMg","N1 PK(Na)Mg",48,35,90,0,0,0,0,"B",NA,NA,NA,NA,NA,NA,NA,NA,NA
"6216",1970,"0","7","wheat",5.15,4.2745,2.84,2.55884,NA,NA,NA,NA,NA,NA,NA,NA,NA,"N2PKMg","N2 PK(Na)Mg",96,35,90,0,0,0,0,"B",NA,NA,NA,NA,NA,NA,NA,NA,NA
"6265",1970,"1","7","wheat",4.82,3.97168,2.36,2.10748,95.790756,13.787444,35.0339252,84.199616,12.312208,18.1108608,11.59114,1.475236,16.9230644,"N2PKMg","N2 PK(Na)Mg",96,35,90,0,0,0,0,"B",0.657780125,NA,NA,NA,NA,NA,NA,NA,NA
"6401",1970,"5","7","wheat",4.62,3.91776,2.54,2.23774,NA,NA,NA,NA,NA,NA,NA,NA,NA,"N2PKMg","N2 PK(Na)Mg",96,35,90,0,0,0,0,"B",NA,NA,NA,NA,NA,NA,NA,NA,NA
"6434",1970,"6","7","wheat",4.81,4.10774,2.13,1.83819,NA,NA,NA,NA,NA,NA,NA,NA,NA,"N2PKMg","N2 PK(Na)Mg",96,35,90,0,0,0,0,"B",NA,NA,NA,NA,NA,NA,NA,NA,NA
"6480",1970,"7","7","wheat",5.33,4.50918,2.89,2.53742,107.013006,16.712732,35.8090072,95.594616,15.2410284,20.3814936,11.41839,1.4717036,15.4275136,"N2PKMg","N2 PK(Na)Mg",96,35,90,0,0,0,0,"B",0.726338833333333,NA,NA,NA,NA,NA,NA,NA,NA
"6508",1970,"8","7","wheat",3.96,3.34224,2.4,1.7952,NA,NA,NA,NA,NA,NA,NA,NA,NA,"N2PKMg","N2 PK(Na)Mg",96,35,90,0,0,0,0,"B",NA,NA,NA,NA,NA,NA,NA,NA,NA
"6551",1970,"9","7","wheat",5,4.23,2.43,2.10195,NA,NA,NA,NA,NA,NA,NA,NA,NA,"N2PKMg","N2 PK(Na)Mg",96,35,90,0,0,0,0,"B",NA,NA,NA,NA,NA,NA,NA,NA,NA
"584",1970,"4","1","beans",1.14,0.8892,1.57,0.67981,57.475921,6.4730364,27.6642706,45.17136,5.086224,11.444004,12.304561,1.3868124,16.2202666,"FYM+NPK","FYM N2 PK",96,35,90,35,273.028,55.7375,356.97725,"B",NA,NA,NA,NA,NA,NA,NA,NA,NA
"1770",1970,"4","10","beans",0.59,0.43306,0.24,0.11592,24.755064,2.0198092,5.5749464,22.865568,1.862158,4.1920208,1.889496,0.1576512,1.3829256,"N","N2",96,0,0,0,0,0,0,"B",NA,NA,NA,NA,NA,NA,NA,NA,NA
"2959",1970,"4","11","beans",0.61,0.41846,0.81,0.37746,27.992956,3.2702876,7.7279602,21.425152,2.3266376,4.2515536,6.567804,0.94365,3.4764066,"NP","N2 P",96,35,0,0,0,0,0,"B",NA,NA,NA,NA,NA,NA,NA,NA,NA
"53102",1970,"4","13","beans",1.26,0.97272,1.37,0.60691,47.234274,7.3855204,29.0288543,38.130624,6.0503184,12.9760848,9.10365,1.335202,16.0527695,"NPK","N2 PK",96,35,90,0,0,0,0,"B",NA,NA,NA,NA,NA,NA,NA,NA,NA
"65102",1970,"4","14","beans",1.05,0.8043,1.16,0.551,47.72323,6.17024,14.059214,38.68683,4.8258,8.268204,9.0364,1.34444,5.79101,"N4PKMg","N2 PKMg*",96,35,90,0,0,0,0,"B",NA,NA,NA,NA,NA,NA,NA,NA,NA
"8910",1970,"4","16","beans",1.37,1.0686,1.82,0.8099,58.50325,8.653216,32.720844,45.9498,6.83904,14.255124,12.55345,1.814176,18.46572,"N5PKMg","N3 PK(Na)Mg",144,35,90,0,0,0,0,"B",NA,0.189525908571429,0.277698708888889,NA,NA,NA,NA,NA,NA
"14911",1970,"4","22","beans",1.36,1.05808,2.16,0.94824,54.225976,8.50168,43.606664,39.14896,6.2638336,14.495696,15.077016,2.2378464,29.110968,"FYM","FYM",0,0,0,35,273.028,55.7375,356.97725,"B",NA,NA,NA,0.135551386670964,0.107940987737521,0.0960817938086936,NA,NA,NA
"16111",1970,"4","3","beans",0.33,0.25608,0.48,0.28944,17.190144,1.8100848,6.101052,12.906432,1.3469808,3.0243048,4.283712,0.463104,3.0767472,"Control","Nil",0,0,0,0,0,0,0,"B",NA,NA,NA,NA,NA,NA,NA,NA,NA
"17312",1970,"4","5","beans",0.39,0.30264,0.83,0.47891,17.216652,3.1861188,15.4810993,10.89504,1.9792656,4.3943328,6.321612,1.2068532,11.0867665,"PKMg","PK(Na)Mg",0,35,90,0,0,0,0,"B",NA,NA,NA,NA,NA,NA,NA,NA,NA
"18510",1970,"4","6","beans",0.65,0.5187,0.95,0.4636,25.49914,4.404504,18.979784,18.77694,3.31968,7.593768,6.7222,1.084824,11.386016,"N1PKMg","N1 PK(Na)Mg",48,35,90,0,0,0,0,"B",NA,NA,NA,NA,NA,NA,NA,NA,NA
"19710",1970,"4","7","beans",0.92,0.72864,1.22,0.5307,34.444266,6.0244128,24.146751,25.793856,4.7507328,9.982368,8.65041,1.27368,14.164383,"N2PKMg","N2 PK(Na)Mg",96,35,90,0,0,0,0,"B",0.1794543125,NA,NA,NA,NA,NA,NA,NA,NA
"23",1971,"7","1","potato",36.16,8.28064,NA,NA,120.897344,16.7268928,209.6658048,NA,NA,NA,NA,NA,NA,"FYM+NPK","FYM N2 PK",96,35,90,35,236.001675,41.936475,343.022925,"B",NA,NA,NA,NA,NA,NA,0.212817385416666,-0.106169491428571,-0.219423557777778
"52",1971,"7","10","potato",9.22,2.305,NA,NA,38.9545,4.0107,28.8586,NA,NA,NA,NA,NA,NA,"N","N2",96,0,0,0,0,0,0,"B",NA,NA,NA,NA,NA,NA,NA,NA,NA
"81",1971,"7","11","potato",6.24,1.38528,NA,NA,30.47616,4.0450176,15.7090752,NA,NA,NA,NA,NA,NA,"NP","N2 P",96,35,0,0,0,0,0,"B",NA,NA,NA,NA,NA,NA,NA,NA,NA
"139",1971,"7","13","potato",25.75,5.8195,NA,NA,87.2925,12.22095,153.98397,NA,NA,NA,NA,NA,NA,"NPK","N2 PK",96,35,90,0,0,0,0,"B",NA,NA,NA,NA,NA,NA,NA,NA,NA
"168",1971,"7","14","potato",22.79,6.08493,NA,NA,97.35888,13.1434488,94.8032094,NA,NA,NA,NA,NA,NA,"N4PKMg","N2 PKMg*",96,35,90,0,0,0,0,"B",NA,NA,NA,NA,NA,NA,NA,NA,NA
"226",1971,"7","16","potato",35.8,8.3414,NA,NA,120.11616,15.348176,204.864784,NA,NA,NA,NA,NA,NA,"N5PKMg","N3 PK(Na)Mg",144,35,90,0,0,0,0,"B",NA,0.323927885714286,2.10173009777778,NA,NA,NA,NA,NA,NA
"371",1971,"7","22","potato",36.25,8.73625,NA,NA,100.466875,20.442825,229.413925,NA,NA,NA,NA,NA,NA,"FYM","FYM",0,0,0,35,236.001675,41.936475,343.022925,"B",NA,NA,NA,0.335346751246575,0.260643806871286,0.296568721387253,NA,NA,NA
"400",1971,"7","3","potato",7.76,2.10296,NA,NA,21.0296,3.9115056,36.9700368,NA,NA,NA,NA,NA,NA,"Control","Nil",0,0,0,0,0,0,0,"B",NA,NA,NA,NA,NA,NA,NA,NA,NA
"429",1971,"7","5","potato",9.6,2.1984,NA,NA,21.32448,5.71584,59.488704,NA,NA,NA,NA,NA,NA,"PKMg","PK(Na)Mg",0,35,90,0,0,0,0,"B",NA,NA,NA,NA,NA,NA,NA,NA,NA
"458",1971,"7","6","potato",20.25,4.698,NA,NA,57.7854,11.18124,127.12788,NA,NA,NA,NA,NA,NA,"N1PKMg","N1 PK(Na)Mg",48,35,90,0,0,0,0,"B",NA,NA,NA,NA,NA,NA,NA,NA,NA
"487",1971,"7","7","potato",35.41,8.32135,NA,NA,108.17755,18.30697,215.356538,NA,NA,NA,NA,NA,NA,"N2PKMg","N2 PK(Na)Mg",96,35,90,0,0,0,0,"B",0.904719479166667,NA,NA,NA,NA,NA,NA,NA,NA
"3111",1971,"3","1","wheat",6.37,5.13422,5.25,4.31025,NA,NA,NA,NA,NA,NA,NA,NA,NA,"FYM+NPK","FYM N2 PK",96,35,90,35,236.001675,41.936475,343.022925,"B",NA,NA,NA,NA,NA,NA,NA,NA,NA
"63101",1971,"4","1","wheat",5.86,4.69972,6.15,5.13525,156.947319,20.4127842,84.0956613,118.432944,15.7910592,20.1617988,38.514375,4.621725,63.9338625,"FYM+NPK","FYM N2 PK",96,35,90,35,236.001675,41.936475,343.022925,"B",NA,NA,NA,NA,NA,NA,0.0308699270833334,-0.222298622857143,-0.698234398888889
"90",1971,"5","1","wheat",5.76,4.64256,5.8,4.7734,NA,NA,NA,NA,NA,NA,NA,NA,NA,"FYM+NPK","FYM N2 PK",96,35,90,35,236.001675,41.936475,343.022925,"B",NA,NA,NA,NA,NA,NA,NA,NA,NA
"197",1971,"0","10","wheat",3.3,2.6598,3.09,2.76864,NA,NA,NA,NA,NA,NA,NA,NA,NA,"N","N2",96,0,0,0,0,0,0,"B",NA,NA,NA,NA,NA,NA,NA,NA,NA
"246",1971,"1","10","wheat",4.66,3.74664,3.61,3.19124,93.400568,11.1371248,29.7357352,76.80612,10.115928,15.8857536,16.594448,1.0211968,13.8499816,"N","N2",96,0,0,0,0,0,0,"B",NA,NA,NA,NA,NA,NA,NA,NA,NA
"3231",1971,"3","10","wheat",4.14,3.3534,2.19,1.97757,NA,NA,NA,NA,NA,NA,NA,NA,NA,"N","N2",96,0,0,0,0,0,0,"B",NA,NA,NA,NA,NA,NA,NA,NA,NA
"3552",1971,"4","10","wheat",5.43,4.42002,3.56,3.19688,116.788662,11.7833876,30.8592942,98.566446,10.6964484,15.5142702,18.222216,1.0869392,15.345024,"N","N2",96,0,0,0,0,0,0,"B",NA,NA,NA,NA,NA,NA,NA,NA,NA
"3822",1971,"5","10","wheat",5.38,4.37932,3.88,3.44156,NA,NA,NA,NA,NA,NA,NA,NA,NA,"N","N2",96,0,0,0,0,0,0,"B",NA,NA,NA,NA,NA,NA,NA,NA,NA
"48910",1971,"8","10","wheat",3.53,2.84518,4.51,3.94625,NA,NA,NA,NA,NA,NA,NA,NA,NA,"N","N2",96,0,0,0,0,0,0,"B",NA,NA,NA,NA,NA,NA,NA,NA,NA
"532",1971,"9","10","wheat",4.06,3.3292,3.94,3.47508,NA,NA,NA,NA,NA,NA,NA,NA,NA,"N","N2",96,0,0,0,0,0,0,"B",NA,NA,NA,NA,NA,NA,NA,NA,NA
"593",1971,"0","11","wheat",4.23,3.41784,2.88,2.592,NA,NA,NA,NA,NA,NA,NA,NA,NA,"NP","N2 P",96,35,0,0,0,0,0,"B",NA,NA,NA,NA,NA,NA,NA,NA,NA
"642",1971,"1","11","wheat",3.46,2.80952,2.79,2.53332,78.271268,12.6632136,22.0418432,64.338008,10.7885568,13.9352192,13.93326,1.8746568,8.106624,"NP","N2 P",96,35,0,0,0,0,0,"B",NA,NA,NA,NA,NA,NA,NA,NA,NA
"719",1971,"3","11","wheat",2.95,2.4249,1.78,1.56462,NA,NA,NA,NA,NA,NA,NA,NA,NA,"NP","N2 P",96,35,0,0,0,0,0,"B",NA,NA,NA,NA,NA,NA,NA,NA,NA
"751",1971,"4","11","wheat",5.11,4.1902,3.74,3.31738,99.779926,15.8635012,31.1617072,80.87086,13.40864,17.096016,18.909066,2.4548612,14.0656912,"NP","N2 P",96,35,0,0,0,0,0,"B",NA,NA,NA,NA,NA,NA,NA,NA,NA
"778",1971,"5","11","wheat",4.98,4.06368,3.21,2.8248,NA,NA,NA,NA,NA,NA,NA,NA,NA,"NP","N2 P",96,35,0,0,0,0,0,"B",NA,NA,NA,NA,NA,NA,NA,NA,NA
"885",1971,"8","11","wheat",2.45,2.009,4.3,3.698,NA,NA,NA,NA,NA,NA,NA,NA,NA,"NP","N2 P",96,35,0,0,0,0,0,"B",NA,NA,NA,NA,NA,NA,NA,NA,NA
"928",1971,"9","11","wheat",3.46,2.85796,3.11,2.79278,NA,NA,NA,NA,NA,NA,NA,NA,NA,"NP","N2 P",96,35,0,0,0,0,0,"B",NA,NA,NA,NA,NA,NA,NA,NA,NA
"1385",1971,"0","13","wheat",5.57,4.46714,4.4,3.8368,NA,NA,NA,NA,NA,NA,NA,NA,NA,"NPK","N2 PK",96,35,90,0,0,0,0,"B",NA,NA,NA,NA,NA,NA,NA,NA,NA
"1434",1971,"1","13","wheat",5.51,4.43004,5.4,4.5414,100.188156,17.4348,56.811348,79.297716,14.619132,19.93518,20.89044,2.815668,36.876168,"NPK","N2 PK",96,35,90,0,0,0,0,"B",NA,NA,NA,NA,NA,NA,NA,NA,NA
"1511",1971,"3","13","wheat",5.06,4.07836,4.5,3.6765,NA,NA,NA,NA,NA,NA,NA,NA,NA,"NPK","N2 PK",96,35,90,0,0,0,0,"B",NA,NA,NA,NA,NA,NA,NA,NA,NA
"1543",1971,"4","13","wheat",6.35,5.1943,6.57,5.61078,128.387186,20.4121016,75.2100956,99.21113,16.933418,20.673314,29.176056,3.4786836,54.5367816,"NPK","N2 PK",96,35,90,0,0,0,0,"B",NA,NA,NA,NA,NA,NA,NA,NA,NA
"1570",1971,"5","13","wheat",6,4.884,5.49,4.53474,NA,NA,NA,NA,NA,NA,NA,NA,NA,"NPK","N2 PK",96,35,90,0,0,0,0,"B",NA,NA,NA,NA,NA,NA,NA,NA,NA
"1677",1971,"8","13","wheat",2.75,2.2275,5.16,4.43244,NA,NA,NA,NA,NA,NA,NA,NA,NA,"NPK","N2 PK",96,35,90,0,0,0,0,"B",NA,NA,NA,NA,NA,NA,NA,NA,NA
"1720",1971,"9","13","wheat",6.29,5.1578,7.97,6.65495,NA,NA,NA,NA,NA,NA,NA,NA,NA,"NPK","N2 PK",96,35,90,0,0,0,0,"B",NA,NA,NA,NA,NA,NA,NA,NA,NA
"1781",1971,"0","14","wheat",5.58,4.49748,5.22,4.60926,NA,NA,NA,NA,NA,NA,NA,NA,NA,"N4PKMg","N2 PKMg*",96,35,90,0,0,0,0,"B",NA,NA,NA,NA,NA,NA,NA,NA,NA
"1830",1971,"1","14","wheat",6.04,4.88032,4.99,4.33132,106.305736,20.167944,49.2841232,86.381664,17.569152,23.8159616,19.924072,2.598792,25.4681616,"N4PKMg","N2 PKMg*",96,35,90,0,0,0,0,"B",NA,NA,NA,NA,NA,NA,NA,NA,NA
"1907",1971,"3","14","wheat",4.89,4.00002,3.88,3.38336,NA,NA,NA,NA,NA,NA,NA,NA,NA,"N4PKMg","N2 PKMg*",96,35,90,0,0,0,0,"B",NA,NA,NA,NA,NA,NA,NA,NA,NA
"1939",1971,"4","14","wheat",6.38,5.2316,6.65,5.93845,126.830275,19.913936,53.710876,94.1688,16.113328,20.455556,32.661475,3.800608,33.25532,"N4PKMg","N2 PKMg*",96,35,90,0,0,0,0,"B",NA,NA,NA,NA,NA,NA,NA,NA,NA
"1966",1971,"5","14","wheat",6.13,5.01434,4.87,4.24177,NA,NA,NA,NA,NA,NA,NA,NA,NA,"N4PKMg","N2 PKMg*",96,35,90,0,0,0,0,"B",NA,NA,NA,NA,NA,NA,NA,NA,NA
"2073",1971,"8","14","wheat",3.66,3.0012,5.38,4.64832,NA,NA,NA,NA,NA,NA,NA,NA,NA,"N4PKMg","N2 PKMg*",96,35,90,0,0,0,0,"B",NA,NA,NA,NA,NA,NA,NA,NA,NA
"2116",1971,"9","14","wheat",6.09,4.98162,6,5.196,NA,NA,NA,NA,NA,NA,NA,NA,NA,"N4PKMg","N2 PKMg*",96,35,90,0,0,0,0,"B",NA,NA,NA,NA,NA,NA,NA,NA,NA
"2573",1971,"0","16","wheat",4.93,3.96372,4.73,4.03469,NA,NA,NA,NA,NA,NA,NA,NA,NA,"N5PKMg","N3 PK(Na)Mg",144,35,90,0,0,0,0,"B",NA,NA,NA,NA,NA,NA,NA,NA,NA
"2622",1971,"1","16","wheat",5.32,4.27728,4.9,4.1748,100.920624,17.569104,53.3387232,82.551504,15.398208,20.2743072,18.36912,2.170896,33.064416,"N5PKMg","N3 PK(Na)Mg",144,35,90,0,0,0,0,"B",NA,0.179232068571429,0.347743111111111,NA,NA,NA,NA,NA,NA
"2699",1971,"3","16","wheat",5.43,4.4526,4.84,4.07044,NA,NA,NA,NA,NA,NA,NA,NA,NA,"N5PKMg","N3 PK(Na)Mg",144,35,90,0,0,0,0,"B",NA,NA,NA,NA,NA,NA,NA,NA,NA
"2731",1971,"4","16","wheat",6.14,5.02252,6.18,5.35806,124.89721,20.6128876,63.9222604,95.42788,17.076568,20.843458,29.46933,3.5363196,43.0788024,"N5PKMg","N3 PK(Na)Mg",144,35,90,0,0,0,0,"B",NA,0.252271428571428,0.364006146666667,NA,NA,NA,NA,NA,NA
"2758",1971,"5","16","wheat",5.67,4.61538,5.36,4.57208,NA,NA,NA,NA,NA,NA,NA,NA,NA,"N5PKMg","N3 PK(Na)Mg",144,35,90,0,0,0,0,"B",NA,NA,NA,NA,NA,NA,NA,NA,NA
"2865",1971,"8","16","wheat",2.36,1.9116,5.53,4.62308,NA,NA,NA,NA,NA,NA,NA,NA,NA,"N5PKMg","N3 PK(Na)Mg",144,35,90,0,0,0,0,"B",NA,NA,NA,NA,NA,NA,NA,NA,NA
"2908",1971,"9","16","wheat",5.49,4.46886,5.62,4.55782,NA,NA,NA,NA,NA,NA,NA,NA,NA,"N5PKMg","N3 PK(Na)Mg",144,35,90,0,0,0,0,"B",NA,NA,NA,NA,NA,NA,NA,NA,NA
"4157",1971,"0","20","wheat",4.42,3.56252,3.84,3.32544,NA,NA,NA,NA,NA,NA,NA,NA,NA,"NKMg","N2 K(Na)Mg",96,0,90,0,0,0,0,"B",NA,NA,NA,NA,NA,NA,NA,NA,NA
"4206",1971,"1","20","wheat",4.64,3.73984,4.17,3.55701,110.222271,11.2959816,46.0539447,86.390304,9.8731776,14.3609856,23.831967,1.422804,31.6929591,"NKMg","N2 K(Na)Mg",96,0,90,0,0,0,0,"B",NA,NA,NA,NA,NA,NA,NA,NA,NA
"4643",1971,"0","22","wheat",6.54,5.11428,8.04,6.72948,NA,NA,NA,NA,NA,NA,NA,NA,NA,"FYM","FYM",0,0,0,35,236.001675,41.936475,343.022925,"B",NA,NA,NA,NA,NA,NA,NA,NA,NA
"4692",1971,"1","22","wheat",6.68,5.31728,8.01,6.65631,153.983806,28.193236,146.9367572,120.702256,20.205664,23.661896,33.28155,7.987572,123.2748612,"FYM","FYM",0,0,0,35,236.001675,41.936475,343.022925,"B",NA,NA,NA,0.490229724005137,0.185428916976966,0.320813562022388,NA,NA,NA
"4769",1971,"3","22","wheat",7.31,5.87724,7.37,5.58646,NA,NA,NA,NA,NA,NA,NA,NA,NA,"FYM","FYM",0,0,0,35,236.001675,41.936475,343.022925,"B",NA,NA,NA,NA,NA,NA,NA,NA,NA
"4801",1971,"4","22","wheat",6.88,5.54528,7.72,6.23776,157.2744,26.9216,117.8892416,124.214272,20.1848192,23.012912,33.060128,6.7367808,94.8763296,"FYM","FYM",0,0,0,35,236.001675,41.936475,343.022925,"B",NA,NA,NA,0.47256156126858,0.171548519729786,0.243618923467386,NA,NA,NA
"4828",1971,"5","22","wheat",6.65,5.3466,6.84,5.49936,NA,NA,NA,NA,NA,NA,NA,NA,NA,"FYM","FYM",0,0,0,35,236.001675,41.936475,343.022925,"B",NA,NA,NA,NA,NA,NA,NA,NA,NA
"4935",1971,"8","22","wheat",3.29,2.64516,6.67,5.56278,NA,NA,NA,NA,NA,NA,NA,NA,NA,"FYM","FYM",0,0,0,35,236.001675,41.936475,343.022925,"B",NA,NA,NA,NA,NA,NA,NA,NA,NA
"4978",1971,"9","22","wheat",6.62,5.4284,7.23,5.66109,NA,NA,NA,NA,NA,NA,NA,NA,NA,"FYM","FYM",0,0,0,35,236.001675,41.936475,343.022925,"B",NA,NA,NA,NA,NA,NA,NA,NA,NA
"5029",1971,"0","3","wheat",2.08,1.6432,1.82,1.58522,NA,NA,NA,NA,NA,NA,NA,NA,NA,"Control","Nil",0,0,0,0,0,0,0,"B",NA,NA,NA,NA,NA,NA,NA,NA,NA
"5078",1971,"1","3","wheat",2.08,1.6016,2.13,1.88079,35.579079,7.530761,21.8465014,27.86784,6.214208,7.815808,7.711239,1.316553,14.0306934,"Control","Nil",0,0,0,0,0,0,0,"B",NA,NA,NA,NA,NA,NA,NA,NA,NA
"5155",1971,"3","3","wheat",3.13,2.504,1.82,1.56884,NA,NA,NA,NA,NA,NA,NA,NA,NA,"Control","Nil",0,0,0,0,0,0,0,"B",NA,NA,NA,NA,NA,NA,NA,NA,NA
"5187",1971,"4","3","wheat",2.53,2.01388,2.21,1.94701,41.789177,8.4477524,21.0071487,33.027632,6.9680248,8.1763528,8.761545,1.4797276,12.8307959,"Control","Nil",0,0,0,0,0,0,0,"B",NA,NA,NA,NA,NA,NA,NA,NA,NA
"5214",1971,"5","3","wheat",2.21,1.71054,1.61,1.38782,NA,NA,NA,NA,NA,NA,NA,NA,NA,"Control","Nil",0,0,0,0,0,0,0,"B",NA,NA,NA,NA,NA,NA,NA,NA,NA
"5321",1971,"8","3","wheat",1.57,1.256,1.68,1.46328,NA,NA,NA,NA,NA,NA,NA,NA,NA,"Control","Nil",0,0,0,0,0,0,0,"B",NA,NA,NA,NA,NA,NA,NA,NA,NA
"5364",1971,"9","3","wheat",2.05,1.6482,1.36,1.2036,NA,NA,NA,NA,NA,NA,NA,NA,NA,"Control","Nil",0,0,0,0,0,0,0,"B",NA,NA,NA,NA,NA,NA,NA,NA,NA
"5425",1971,"0","5","wheat",2.54,1.96596,1.95,1.62435,NA,NA,NA,NA,NA,NA,NA,NA,NA,"PKMg","PK(Na)Mg",0,35,90,0,0,0,0,"B",NA,NA,NA,NA,NA,NA,NA,NA,NA
"5474",1971,"1","5","wheat",2,1.544,2.09,1.76814,38.28877,7.3673848,25.3319234,28.564,5.03344,7.1024,9.72477,2.3339448,18.2295234,"PKMg","PK(Na)Mg",0,35,90,0,0,0,0,"B",NA,NA,NA,NA,NA,NA,NA,NA,NA
"5551",1971,"3","5","wheat",3.78,3.03156,3.05,2.501,NA,NA,NA,NA,NA,NA,NA,NA,NA,"PKMg","PK(Na)Mg",0,35,90,0,0,0,0,"B",NA,NA,NA,NA,NA,NA,NA,NA,NA
"5583",1971,"4","5","wheat",2.64,2.09616,2,1.706,45.74908,9.2024496,23.207408,37.73088,7.4623296,9.013488,8.0182,1.74012,14.19392,"PKMg","PK(Na)Mg",0,35,90,0,0,0,0,"B",NA,NA,NA,NA,NA,NA,NA,NA,NA
"5610",1971,"5","5","wheat",1.95,1.5522,1.52,1.29504,NA,NA,NA,NA,NA,NA,NA,NA,NA,"PKMg","PK(Na)Mg",0,35,90,0,0,0,0,"B",NA,NA,NA,NA,NA,NA,NA,NA,NA
"5717",1971,"8","5","wheat",2.1,1.7346,3.4,2.8934,NA,NA,NA,NA,NA,NA,NA,NA,NA,"PKMg","PK(Na)Mg",0,35,90,0,0,0,0,"B",NA,NA,NA,NA,NA,NA,NA,NA,NA
"5760",1971,"9","5","wheat",2.2,1.7732,1.8,1.5624,NA,NA,NA,NA,NA,NA,NA,NA,NA,"PKMg","PK(Na)Mg",0,35,90,0,0,0,0,"B",NA,NA,NA,NA,NA,NA,NA,NA,NA
"5821",1971,"0","6","wheat",4.52,3.55272,4,3.424,NA,NA,NA,NA,NA,NA,NA,NA,NA,"N1PKMg","N1 PK(Na)Mg",48,35,90,0,0,0,0,"B",NA,NA,NA,NA,NA,NA,NA,NA,NA
"5870",1971,"1","6","wheat",4.29,3.3891,3.99,3.30372,69.169182,14.4507048,42.4966554,57.27579,12.336324,16.166007,11.893392,2.1143808,26.3306484,"N1PKMg","N1 PK(Na)Mg",48,35,90,0,0,0,0,"B",NA,NA,NA,NA,NA,NA,NA,NA,NA
"5947",1971,"3","6","wheat",4.66,3.75596,4.51,3.75232,NA,NA,NA,NA,NA,NA,NA,NA,NA,"N1PKMg","N1 PK(Na)Mg",48,35,90,0,0,0,0,"B",NA,NA,NA,NA,NA,NA,NA,NA,NA
"5979",1971,"4","6","wheat",4.93,3.93414,4.68,3.861,84.32802,15.8427276,43.22688,70.81452,13.1400276,15.73656,13.5135,2.7027,27.49032,"N1PKMg","N1 PK(Na)Mg",48,35,90,0,0,0,0,"B",NA,NA,NA,NA,NA,NA,NA,NA,NA
"6006",1971,"5","6","wheat",4.17,3.336,3.4,2.7472,NA,NA,NA,NA,NA,NA,NA,NA,NA,"N1PKMg","N1 PK(Na)Mg",48,35,90,0,0,0,0,"B",NA,NA,NA,NA,NA,NA,NA,NA,NA
"6113",1971,"8","6","wheat",1.39,1.14258,3.41,2.9667,NA,NA,NA,NA,NA,NA,NA,NA,NA,"N1PKMg","N1 PK(Na)Mg",48,35,90,0,0,0,0,"B",NA,NA,NA,NA,NA,NA,NA,NA,NA
"6156",1971,"9","6","wheat",4.09,3.3129,3.79,3.06232,NA,NA,NA,NA,NA,NA,NA,NA,NA,"N1PKMg","N1 PK(Na)Mg",48,35,90,0,0,0,0,"B",NA,NA,NA,NA,NA,NA,NA,NA,NA
"6217",1971,"0","7","wheat",5.95,4.7243,5.15,4.4908,NA,NA,NA,NA,NA,NA,NA,NA,NA,"N2PKMg","N2 PK(Na)Mg",96,35,90,0,0,0,0,"B",NA,NA,NA,NA,NA,NA,NA,NA,NA
"6266",1971,"1","7","wheat",5.57,4.44486,4.98,4.36248,107.178426,19.935966,60.6816024,86.67477,16.445982,21.1575336,20.503656,3.489984,39.5240688,"N2PKMg","N2 PK(Na)Mg",96,35,90,0,0,0,0,"B",0.717600583333333,NA,NA,NA,NA,NA,NA,NA,NA
"6343",1971,"3","7","wheat",5.14,4.14284,4.27,3.51848,NA,NA,NA,NA,NA,NA,NA,NA,NA,"N2PKMg","N2 PK(Na)Mg",96,35,90,0,0,0,0,"B",NA,NA,NA,NA,NA,NA,NA,NA,NA
"6375",1971,"4","7","wheat",6.37,5.14696,6.23,5.25812,120.479968,20.4597736,72.654344,94.189368,16.7790896,20.073144,26.2906,3.680684,52.5812,"N2PKMg","N2 PK(Na)Mg",96,35,90,0,0,0,0,"B",0.77844675,NA,NA,NA,NA,NA,NA,NA,NA
"6402",1971,"5","7","wheat",6.29,5.0949,6.35,5.334,NA,NA,NA,NA,NA,NA,NA,NA,NA,"N2PKMg","N2 PK(Na)Mg",96,35,90,0,0,0,0,"B",NA,NA,NA,NA,NA,NA,NA,NA,NA
"6509",1971,"8","7","wheat",2.85,2.3256,5.5,4.6805,NA,NA,NA,NA,NA,NA,NA,NA,NA,"N2PKMg","N2 PK(Na)Mg",96,35,90,0,0,0,0,"B",NA,NA,NA,NA,NA,NA,NA,NA,NA
"6552",1971,"9","7","wheat",5.94,4.8708,5.71,4.81924,NA,NA,NA,NA,NA,NA,NA,NA,NA,"N2PKMg","N2 PK(Na)Mg",96,35,90,0,0,0,0,"B",NA,NA,NA,NA,NA,NA,NA,NA,NA
"2169",1971,"2","1","beans",1.94,1.552,2.2,0.935,NA,NA,NA,76.824,8.78432,19.89664,NA,NA,NA,"FYM+NPK","FYM N2 PK",96,35,90,35,236.001675,41.936475,343.022925,"B",NA,NA,NA,NA,NA,NA,NA,NA,NA
"14102",1971,"2","10","beans",1.53,1.24236,0.68,0.30668,NA,NA,NA,64.975428,4.8203568,13.2559812,NA,NA,NA,"N","N2",96,0,0,0,0,0,0,"B",NA,NA,NA,NA,NA,NA,NA,NA,NA
"26102",1971,"2","11","beans",0.49,0.35378,1.84,1.02304,NA,NA,NA,17.689,2.1722092,4.2382844,NA,NA,NA,"NP","N2 P",96,35,0,0,0,0,0,"B",NA,NA,NA,NA,NA,NA,NA,NA,NA
"50102",1971,"2","13","beans",2.19,1.76514,2.78,1.53456,NA,NA,NA,86.138832,12.35598,24.9061254,NA,NA,NA,"NPK","N2 PK",96,35,90,0,0,0,0,"B",NA,NA,NA,NA,NA,NA,NA,NA,NA
"6212",1971,"2","14","beans",2.07,1.66842,2.22,1.22544,NA,NA,NA,85.08942,10.344204,21.355776,NA,NA,NA,"N4PKMg","N2 PKMg*",96,35,90,0,0,0,0,"B",NA,NA,NA,NA,NA,NA,NA,NA,NA
"8611",1971,"2","16","beans",2.32,1.86064,2.87,1.39482,NA,NA,NA,89.682848,12.3546496,26.9048544,NA,NA,NA,"N5PKMg","N3 PK(Na)Mg",144,35,90,0,0,0,0,"B",NA,NA,NA,NA,NA,NA,NA,NA,NA
"14611",1971,"2","22","beans",2.58,1.99176,3.54,1.58592,NA,NA,NA,104.766576,14.2211664,28.6016736,NA,NA,NA,"FYM","FYM",0,0,0,35,236.001675,41.936475,343.022925,"B",NA,NA,NA,NA,NA,NA,NA,NA,NA
"15811",1971,"2","3","beans",2.02,1.64832,1.41,0.7473,NA,NA,NA,81.59184,6.6262464,18.2304192,NA,NA,NA,"Control","Nil",0,0,0,0,0,0,0,"B",NA,NA,NA,NA,NA,NA,NA,NA,NA
"17012",1971,"2","5","beans",2.69,2.152,2.11,1.03179,NA,NA,NA,105.448,12.52464,28.77224,NA,NA,NA,"PKMg","PK(Na)Mg",0,35,90,0,0,0,0,"B",NA,NA,NA,NA,NA,NA,NA,NA,NA
"18211",1971,"2","6","beans",2.53,2.02906,3.04,1.71152,NA,NA,NA,93.945478,12.985984,28.102481,NA,NA,NA,"N1PKMg","N1 PK(Na)Mg",48,35,90,0,0,0,0,"B",NA,NA,NA,NA,NA,NA,NA,NA,NA
"19410",1971,"2","7","beans",2.56,2.02752,3.37,1.77599,NA,NA,NA,99.34848,13.7465856,28.5474816,NA,NA,NA,"N2PKMg","N2 PK(Na)Mg",96,35,90,0,0,0,0,"B",NA,NA,NA,NA,NA,NA,NA,NA,NA
"11",1972,"4","1","potato",34.98,8.53512,NA,NA,126.319776,13.8268944,213.6340536,NA,NA,NA,NA,NA,NA,"FYM+NPK","FYM N2 PK",96,35,90,35,300.993525,46.404225,365.99325,"B",NA,NA,NA,NA,NA,NA,0.145894916666667,-0.167225142857143,-0.597028648888889
"40",1972,"4","10","potato",8.06,2.0553,NA,NA,37.40646,3.49401,24.786918,NA,NA,NA,NA,NA,NA,"N","N2",96,0,0,0,0,0,0,"B",NA,NA,NA,NA,NA,NA,NA,NA,NA
"69",1972,"4","11","potato",6.63,1.56468,NA,NA,28.16424,3.6300576,18.5101644,NA,NA,NA,NA,NA,NA,"NP","N2 P",96,35,0,0,0,0,0,"B",NA,NA,NA,NA,NA,NA,NA,NA,NA
"127",1972,"4","13","potato",22.26,5.18658,NA,NA,73.649436,11.929134,142.3197552,NA,NA,NA,NA,NA,NA,"NPK","N2 PK",96,35,90,0,0,0,0,"B",NA,NA,NA,NA,NA,NA,NA,NA,NA
"156",1972,"4","14","potato",22.62,6.17526,NA,NA,86.45364,11.3624784,85.4655984,NA,NA,NA,NA,NA,NA,"N4PKMg","N2 PKMg*",96,35,90,0,0,0,0,"B",NA,NA,NA,NA,NA,NA,NA,NA,NA
"214",1972,"4","16","potato",32.7,8.502,NA,NA,100.3236,14.96352,202.85772,NA,NA,NA,NA,NA,NA,"N5PKMg","N3 PK(Na)Mg",144,35,90,0,0,0,0,"B",NA,0.327700285714286,2.04830617333333,NA,NA,NA,NA,NA,NA
"359",1972,"4","22","potato",40.24,9.93928,NA,NA,112.313864,19.6797744,267.366632,NA,NA,NA,NA,NA,NA,"FYM","FYM",0,0,0,35,300.993525,46.404225,365.99325,"B",NA,NA,NA,0.234068370739869,0.248867160846732,0.279572871210435,NA,NA,NA
"388",1972,"4","3","potato",10.77,3.19869,NA,NA,34.865721,6.39738,50.1554592,NA,NA,NA,NA,NA,NA,"Control","Nil",0,0,0,0,0,0,0,"B",NA,NA,NA,NA,NA,NA,NA,NA,NA
"417",1972,"4","5","potato",16.2,4.4064,NA,NA,41.8608,11.016,111.570048,NA,NA,NA,NA,NA,NA,"PKMg","PK(Na)Mg",0,35,90,0,0,0,0,"B",NA,NA,NA,NA,NA,NA,NA,NA,NA
"446",1972,"4","6","potato",23.7,6.0198,NA,NA,64.41186,13.363956,145.317972,NA,NA,NA,NA,NA,NA,"N1PKMg","N1 PK(Na)Mg",48,35,90,0,0,0,0,"B",NA,NA,NA,NA,NA,NA,NA,NA,NA
"475",1972,"4","7","potato",26.36,6.30004,NA,NA,78.7505,13.230084,153.5319748,NA,NA,NA,NA,NA,NA,"N2PKMg","N2 PK(Na)Mg",96,35,90,0,0,0,0,"B",0.384267708333333,NA,NA,NA,NA,NA,NA,NA,NA
"3101",1972,"2","1","wheat",6.51,5.48142,9.09,7.39017,179.546208,26.88054,162.4260048,118.946814,18.3079428,25.7078598,60.599394,8.5725972,136.718145,"FYM+NPK","FYM N2 PK",96,35,90,35,300.993525,46.404225,365.99325,"B",NA,NA,NA,NA,NA,NA,NA,NA,NA
"3211",1972,"3","1","wheat",6.81,5.73402,9.14,7.16576,NA,NA,NA,NA,NA,NA,NA,NA,NA,"FYM+NPK","FYM N2 PK",96,35,90,35,300.993525,46.404225,365.99325,"B",NA,NA,NA,NA,NA,NA,NA,NA,NA
"1232",1972,"6","1","wheat",6.72,5.68512,6.35,5.53085,NA,NA,NA,NA,NA,NA,NA,NA,NA,"FYM+NPK","FYM N2 PK",96,35,90,35,300.993525,46.404225,365.99325,"B",NA,NA,NA,NA,NA,NA,NA,NA,NA
"198",1972,"0","10","wheat",3.16,2.66704,3.2,2.7744,NA,NA,NA,NA,NA,NA,NA,NA,NA,"N","N2",96,0,0,0,0,0,0,"B",NA,NA,NA,NA,NA,NA,NA,NA,NA
"247",1972,"1","10","wheat",4.87,4.12002,3.6,3.0276,86.077242,13.4081748,44.1822906,74.572362,11.2888548,21.9597066,11.50488,2.11932,22.222584,"N","N2",96,0,0,0,0,0,0,"B",NA,NA,NA,NA,NA,NA,NA,NA,NA
"2958",1972,"2","10","wheat",5.81,4.91526,4.09,3.50104,103.179048,14.0817868,50.0685266,88.47468,12.6813708,23.7407058,14.704368,1.400416,26.3278208,"N","N2",96,0,0,0,0,0,0,"B",NA,NA,NA,NA,NA,NA,NA,NA,NA
"3241",1972,"3","10","wheat",4.41,3.72204,3.25,2.71375,NA,NA,NA,NA,NA,NA,NA,NA,NA,"N","N2",96,0,0,0,0,0,0,"B",NA,NA,NA,NA,NA,NA,NA,NA,NA
"4151",1972,"6","10","wheat",3.59,3.02278,2.17,1.93781,NA,NA,NA,NA,NA,NA,NA,NA,NA,"N","N2",96,0,0,0,0,0,0,"B",NA,NA,NA,NA,NA,NA,NA,NA,NA
"533",1972,"9","10","wheat",3.34,2.85904,1.99,1.7711,NA,NA,NA,NA,NA,NA,NA,NA,NA,"N","N2",96,0,0,0,0,0,0,"B",NA,NA,NA,NA,NA,NA,NA,NA,NA
"594",1972,"0","11","wheat",4.07,3.42694,4.22,3.61654,NA,NA,NA,NA,NA,NA,NA,NA,NA,"NP","N2 P",96,35,0,0,0,0,0,"B",NA,NA,NA,NA,NA,NA,NA,NA,NA
"643",1972,"1","11","wheat",4.89,4.13694,4.61,3.97382,91.024468,17.8238236,43.4349772,71.155368,14.6447676,23.2082334,19.8691,3.179056,20.2267438,"NP","N2 P",96,35,0,0,0,0,0,"B",NA,NA,NA,NA,NA,NA,NA,NA,NA
"691",1972,"2","11","wheat",6.64,5.60416,4.6,3.841,112.315968,20.4746656,53.0880452,96.951968,17.7091456,27.8526752,15.364,2.76552,25.23537,"NP","N2 P",96,35,0,0,0,0,0,"B",NA,NA,NA,NA,NA,NA,NA,NA,NA
"720",1972,"3","11","wheat",5.26,4.42892,4.04,3.4138,NA,NA,NA,NA,NA,NA,NA,NA,NA,"NP","N2 P",96,35,0,0,0,0,0,"B",NA,NA,NA,NA,NA,NA,NA,NA,NA
"811",1972,"6","11","wheat",5.17,4.3945,3.72,3.28476,NA,NA,NA,NA,NA,NA,NA,NA,NA,"NP","N2 P",96,35,0,0,0,0,0,"B",NA,NA,NA,NA,NA,NA,NA,NA,NA
"929",1972,"9","11","wheat",3.65,3.1171,2.71,2.44984,NA,NA,NA,NA,NA,NA,NA,NA,NA,"NP","N2 P",96,35,0,0,0,0,0,"B",NA,NA,NA,NA,NA,NA,NA,NA,NA
"1386",1972,"0","13","wheat",5.12,4.33152,4.84,3.96396,NA,NA,NA,NA,NA,NA,NA,NA,NA,"NPK","N2 PK",96,35,90,0,0,0,0,"B",NA,NA,NA,NA,NA,NA,NA,NA,NA
"1435",1972,"1","13","wheat",5.43,4.57206,4.87,3.81321,84.518601,18.4426644,64.1939796,70.409724,16.00221,24.689124,14.108877,2.4404544,39.5048556,"NPK","N2 PK",96,35,90,0,0,0,0,"B",NA,NA,NA,NA,NA,NA,NA,NA,NA
"1483",1972,"2","13","wheat",6.83,5.76452,6.31,4.86501,122.681694,23.1201654,93.9184625,100.302648,19.7146584,27.9002768,22.379046,3.405507,66.0181857,"NPK","N2 PK",96,35,90,0,0,0,0,"B",NA,NA,NA,NA,NA,NA,NA,NA,NA
"1512",1972,"3","13","wheat",5.49,4.62258,4.63,3.52806,NA,NA,NA,NA,NA,NA,NA,NA,NA,"NPK","N2 PK",96,35,90,0,0,0,0,"B",NA,NA,NA,NA,NA,NA,NA,NA,NA
"1603",1972,"6","13","wheat",5.96,5.05408,4.97,3.91139,NA,NA,NA,NA,NA,NA,NA,NA,NA,"NPK","N2 PK",96,35,90,0,0,0,0,"B",NA,NA,NA,NA,NA,NA,NA,NA,NA
"1721",1972,"9","13","wheat",5.12,4.34176,4.5,3.654,NA,NA,NA,NA,NA,NA,NA,NA,NA,"NPK","N2 PK",96,35,90,0,0,0,0,"B",NA,NA,NA,NA,NA,NA,NA,NA,NA
"1782",1972,"0","14","wheat",5.46,4.61916,5.36,4.40056,NA,NA,NA,NA,NA,NA,NA,NA,NA,"N4PKMg","N2 PKMg*",96,35,90,0,0,0,0,"B",NA,NA,NA,NA,NA,NA,NA,NA,NA
"1831",1972,"1","14","wheat",5.81,4.90364,4.72,3.82792,89.894504,19.8207696,41.322204,76.496784,17.0646672,27.6565296,13.39772,2.7561024,13.6656744,"N4PKMg","N2 PKMg*",96,35,90,0,0,0,0,"B",NA,NA,NA,NA,NA,NA,NA,NA,NA
"1879",1972,"2","14","wheat",6.83,5.76452,5.52,4.42704,113.975644,22.8135864,67.1861804,96.267484,19.7146584,30.840182,17.70816,3.098928,36.3459984,"N4PKMg","N2 PKMg*",96,35,90,0,0,0,0,"B",NA,NA,NA,NA,NA,NA,NA,NA,NA
"1908",1972,"3","14","wheat",5.73,4.83612,4.59,3.46545,NA,NA,NA,NA,NA,NA,NA,NA,NA,"N4PKMg","N2 PKMg*",96,35,90,0,0,0,0,"B",NA,NA,NA,NA,NA,NA,NA,NA,NA
"1999",1972,"6","14","wheat",6.06,5.13888,5.72,4.4902,NA,NA,NA,NA,NA,NA,NA,NA,NA,"N4PKMg","N2 PKMg*",96,35,90,0,0,0,0,"B",NA,NA,NA,NA,NA,NA,NA,NA,NA
"2117",1972,"9","14","wheat",5.69,4.8365,4.2,3.4776,NA,NA,NA,NA,NA,NA,NA,NA,NA,"N4PKMg","N2 PKMg*",96,35,90,0,0,0,0,"B",NA,NA,NA,NA,NA,NA,NA,NA,NA
"2574",1972,"0","16","wheat",5.07,4.28922,4.2,3.3348,NA,NA,NA,NA,NA,NA,NA,NA,NA,"N5PKMg","N3 PK(Na)Mg",144,35,90,0,0,0,0,"B",NA,NA,NA,NA,NA,NA,NA,NA,NA
"2623",1972,"1","16","wheat",5.46,4.61916,4.48,3.48992,86.583196,19.3531576,62.0649708,74.368476,16.3518264,26.4677868,12.21472,3.0013312,35.597184,"N5PKMg","N3 PK(Na)Mg",144,35,90,0,0,0,0,"B",NA,0.267948457142857,0.206999928888889,NA,NA,NA,NA,NA,NA
"2671",1972,"2","16","wheat",6.37,5.38902,5.19,3.86655,104.771685,20.183442,69.0962961,88.91883,17.244864,27.3762216,15.852855,2.938578,41.7200745,"N5PKMg","N3 PK(Na)Mg",144,35,90,0,0,0,0,"B",NA,0.174333005714286,0.177869454444444,NA,NA,NA,NA,NA,NA
"2700",1972,"3","16","wheat",5.05,4.242,4.52,3.3222,NA,NA,NA,NA,NA,NA,NA,NA,NA,"N5PKMg","N3 PK(Na)Mg",144,35,90,0,0,0,0,"B",NA,NA,NA,NA,NA,NA,NA,NA,NA
"2791",1972,"6","16","wheat",5.59,4.71796,4.84,3.80424,NA,NA,NA,NA,NA,NA,NA,NA,NA,"N5PKMg","N3 PK(Na)Mg",144,35,90,0,0,0,0,"B",NA,NA,NA,NA,NA,NA,NA,NA,NA
"2909",1972,"9","16","wheat",5.13,4.3605,4.59,3.86019,NA,NA,NA,NA,NA,NA,NA,NA,NA,"N5PKMg","N3 PK(Na)Mg",144,35,90,0,0,0,0,"B",NA,NA,NA,NA,NA,NA,NA,NA,NA
"4158",1972,"0","20","wheat",3.48,2.958,3.03,2.5755,NA,NA,NA,NA,NA,NA,NA,NA,NA,"NKMg","N2 K(Na)Mg",96,0,90,0,0,0,0,"B",NA,NA,NA,NA,NA,NA,NA,NA,NA
"4207",1972,"1","20","wheat",4.51,3.84252,3.03,2.49672,81.553356,9.9749616,47.5462908,70.318116,9.3757488,18.5593716,11.23524,0.5992128,28.9869192,"NKMg","N2 K(Na)Mg",96,0,90,0,0,0,0,"B",NA,NA,NA,NA,NA,NA,NA,NA,NA
"4644",1972,"0","22","wheat",6.29,5.2836,8.34,6.49686,NA,NA,NA,NA,NA,NA,NA,NA,NA,"FYM","FYM",0,0,0,35,300.993525,46.404225,365.99325,"B",NA,NA,NA,NA,NA,NA,NA,NA,NA
"4693",1972,"1","22","wheat",6.82,5.75608,9.25,7.067,145.982828,33.635068,171.3662416,109.941128,23.599928,28.8955216,36.0417,10.03514,142.47072,"FYM","FYM",0,0,0,35,300.993525,46.404225,365.99325,"B",NA,NA,NA,0.388329616060678,0.214056006686523,0.182589841425991,NA,NA,NA
"4741",1972,"2","22","wheat",8.02,6.76888,10.97,8.30429,212.090688,36.2214762,231.844417,152.2998,24.0972128,37.0257736,59.790888,12.1242634,194.8186434,"FYM","FYM",0,0,0,35,300.993525,46.404225,365.99325,"B",NA,NA,NA,0.470551836621735,0.361840474807556,0.331484605856554,NA,NA,NA
"4770",1972,"3","22","wheat",6.09,5.12778,7.13,4.98387,NA,NA,NA,NA,NA,NA,NA,NA,NA,"FYM","FYM",0,0,0,35,300.993525,46.404225,365.99325,"B",NA,NA,NA,NA,NA,NA,NA,NA,NA
"4861",1972,"6","22","wheat",7.6,6.4448,6.88,5.17376,NA,NA,NA,NA,NA,NA,NA,NA,NA,"FYM","FYM",0,0,0,35,300.993525,46.404225,365.99325,"B",NA,NA,NA,NA,NA,NA,NA,NA,NA
"4979",1972,"9","22","wheat",6.73,5.73396,6.48,5.19696,NA,NA,NA,NA,NA,NA,NA,NA,NA,"FYM","FYM",0,0,0,35,300.993525,46.404225,365.99325,"B",NA,NA,NA,NA,NA,NA,NA,NA,NA
"5030",1972,"0","3","wheat",1.63,1.35616,2,1.624,NA,NA,NA,NA,NA,NA,NA,NA,NA,"Control","Nil",0,0,0,0,0,0,0,"B",NA,NA,NA,NA,NA,NA,NA,NA,NA
"5079",1972,"1","3","wheat",1.76,1.47136,1.83,1.47498,31.795494,7.1251472,22.4144634,26.043072,5.591168,8.1219072,5.752422,1.5339792,14.2925562,"Control","Nil",0,0,0,0,0,0,0,"B",NA,NA,NA,NA,NA,NA,NA,NA,NA
"5127",1972,"2","3","wheat",3.37,2.82406,2.71,2.0596,55.965014,11.455444,32.2589938,47.726614,9.601804,13.6402098,8.2384,1.85364,18.618784,"Control","Nil",0,0,0,0,0,0,0,"B",NA,NA,NA,NA,NA,NA,NA,NA,NA
"5156",1972,"3","3","wheat",1.22,1.0126,1.38,1.1178,NA,NA,NA,NA,NA,NA,NA,NA,NA,"Control","Nil",0,0,0,0,0,0,0,"B",NA,NA,NA,NA,NA,NA,NA,NA,NA
"5247",1972,"6","3","wheat",3.11,2.59374,1.41,1.02366,NA,NA,NA,NA,NA,NA,NA,NA,NA,"Control","Nil",0,0,0,0,0,0,0,"B",NA,NA,NA,NA,NA,NA,NA,NA,NA
"5365",1972,"9","3","wheat",1.48,1.2432,1.11,0.94572,NA,NA,NA,NA,NA,NA,NA,NA,NA,"Control","Nil",0,0,0,0,0,0,0,"B",NA,NA,NA,NA,NA,NA,NA,NA,NA
"5426",1972,"0","5","wheat",2.08,1.73472,2.23,1.75724,NA,NA,NA,NA,NA,NA,NA,NA,NA,"PKMg","PK(Na)Mg",0,35,90,0,0,0,0,"B",NA,NA,NA,NA,NA,NA,NA,NA,NA
"5475",1972,"1","5","wheat",1.68,1.39776,1.91,1.55856,29.098128,7.3591392,28.87284,22.084608,5.3953536,7.7855232,7.01352,1.9637856,21.0873168,"PKMg","PK(Na)Mg",0,35,90,0,0,0,0,"B",NA,NA,NA,NA,NA,NA,NA,NA,NA
"5523",1972,"2","5","wheat",4.24,3.57008,4.08,2.85192,70.457632,17.1457744,45.1293256,59.620336,13.7805088,18.0646048,10.837296,3.3652656,27.0647208,"PKMg","PK(Na)Mg",0,35,90,0,0,0,0,"B",NA,NA,NA,NA,NA,NA,NA,NA,NA
"5552",1972,"3","5","wheat",1.86,1.54752,1.93,1.53435,NA,NA,NA,NA,NA,NA,NA,NA,NA,"PKMg","PK(Na)Mg",0,35,90,0,0,0,0,"B",NA,NA,NA,NA,NA,NA,NA,NA,NA
"5643",1972,"6","5","wheat",4.03,3.36908,2.3,1.5962,NA,NA,NA,NA,NA,NA,NA,NA,NA,"PKMg","PK(Na)Mg",0,35,90,0,0,0,0,"B",NA,NA,NA,NA,NA,NA,NA,NA,NA
"5761",1972,"9","5","wheat",1.85,1.5651,1.45,1.2383,NA,NA,NA,NA,NA,NA,NA,NA,NA,"PKMg","PK(Na)Mg",0,35,90,0,0,0,0,"B",NA,NA,NA,NA,NA,NA,NA,NA,NA
"5822",1972,"0","6","wheat",4.74,3.96264,4.35,3.26685,NA,NA,NA,NA,NA,NA,NA,NA,NA,"N1PKMg","N1 PK(Na)Mg",48,35,90,0,0,0,0,"B",NA,NA,NA,NA,NA,NA,NA,NA,NA
"5871",1972,"1","6","wheat",4.15,3.4777,3.95,3.0257,64.5847,15.666448,54.154162,54.59989,12.51972,19.509897,9.98481,3.146728,34.644265,"N1PKMg","N1 PK(Na)Mg",48,35,90,0,0,0,0,"B",NA,NA,NA,NA,NA,NA,NA,NA,NA
"5919",1972,"2","6","wheat",6.22,5.21236,6.07,4.41896,98.184204,20.6158408,70.920974,81.834052,16.9922936,24.6544628,16.350152,3.6235472,46.2665112,"N1PKMg","N1 PK(Na)Mg",48,35,90,0,0,0,0,"B",NA,NA,NA,NA,NA,NA,NA,NA,NA
"5948",1972,"3","6","wheat",4.03,3.35296,4.33,3.13059,NA,NA,NA,NA,NA,NA,NA,NA,NA,"N1PKMg","N1 PK(Na)Mg",48,35,90,0,0,0,0,"B",NA,NA,NA,NA,NA,NA,NA,NA,NA
"6039",1972,"6","6","wheat",5.56,4.6704,4.15,2.95065,NA,NA,NA,NA,NA,NA,NA,NA,NA,"N1PKMg","N1 PK(Na)Mg",48,35,90,0,0,0,0,"B",NA,NA,NA,NA,NA,NA,NA,NA,NA
"6157",1972,"9","6","wheat",4.24,3.59552,3.19,2.69555,NA,NA,NA,NA,NA,NA,NA,NA,NA,"N1PKMg","N1 PK(Na)Mg",48,35,90,0,0,0,0,"B",NA,NA,NA,NA,NA,NA,NA,NA,NA
"6218",1972,"0","7","wheat",5.31,4.4604,5.87,4.74296,NA,NA,NA,NA,NA,NA,NA,NA,NA,"N2PKMg","N2 PK(Na)Mg",96,35,90,0,0,0,0,"B",NA,NA,NA,NA,NA,NA,NA,NA,NA
"6267",1972,"1","7","wheat",5.3,4.4308,5.89,4.75323,101.143935,20.7411372,80.5775408,79.7544,16.748424,24.679556,21.389535,3.9927132,55.8979848,"N2PKMg","N2 PK(Na)Mg",96,35,90,0,0,0,0,"B",0.75047715625,NA,NA,NA,NA,NA,NA,NA,NA
"6315",1972,"2","7","wheat",6.61,5.53918,6.9,5.2026,116.990184,22.1861488,90.0882494,93.058224,17.5038088,26.2003214,23.93196,4.68234,63.887928,"N2PKMg","N2 PK(Na)Mg",96,35,90,0,0,0,0,"B",0.484714083333334,NA,NA,NA,NA,NA,NA,NA,NA
"6344",1972,"3","7","wheat",5.02,4.1666,5.42,3.9837,NA,NA,NA,NA,NA,NA,NA,NA,NA,"N2PKMg","N2 PK(Na)Mg",96,35,90,0,0,0,0,"B",NA,NA,NA,NA,NA,NA,NA,NA,NA
"6435",1972,"6","7","wheat",6.42,5.41848,5.84,4.526,NA,NA,NA,NA,NA,NA,NA,NA,NA,"N2PKMg","N2 PK(Na)Mg",96,35,90,0,0,0,0,"B",NA,NA,NA,NA,NA,NA,NA,NA,NA
"6553",1972,"9","7","wheat",5.22,4.42656,4.96,4.09696,NA,NA,NA,NA,NA,NA,NA,NA,NA,"N2PKMg","N2 PK(Na)Mg",96,35,90,0,0,0,0,"B",NA,NA,NA,NA,NA,NA,NA,NA,NA
"979",1972,"7","1","beans",3.39,2.75607,3.26,1.24206,149.121672,17.7311514,61.0786068,136.701072,16.812027,37.7030376,12.4206,0.9191244,23.3755692,"FYM+NPK","FYM N2 PK",96,35,90,35,300.993525,46.404225,365.99325,"B",NA,NA,NA,NA,NA,NA,NA,NA,NA
"2170",1972,"7","10","beans",2.83,2.32626,1.16,0.3712,129.33004,8.132004,25.8714398,125.61804,7.909284,24.7281438,3.712,0.22272,1.143296,"N","N2",96,0,0,0,0,0,0,"B",NA,NA,NA,NA,NA,NA,NA,NA,NA
"3313",1972,"7","11","beans",1.24,0.98332,0.98,0.44492,56.649648,6.871644,12.720328,51.13264,6.293248,10.718188,5.517008,0.578396,2.00214,"NP","N2 P",96,35,0,0,0,0,0,"B",NA,NA,NA,NA,NA,NA,NA,NA,NA
"57102",1972,"7","13","beans",3.48,2.8014,3.63,1.49556,147.666072,17.0371944,70.9949016,133.90692,16.080036,40.844412,13.759152,0.9571584,30.1504896,"NPK","N2 PK",96,35,90,0,0,0,0,"B",NA,NA,NA,NA,NA,NA,NA,NA,NA
"6912",1972,"7","14","beans",3.99,3.25584,3.11,1.21601,178.129502,19.85668,51.1188776,166.699008,18.883872,43.628256,11.430494,0.972808,7.4906216,"N4PKMg","N2 PKMg*",96,35,90,0,0,0,0,"B",NA,NA,NA,NA,NA,NA,NA,NA,NA
"9311",1972,"7","16","beans",4.17,3.41106,3.83,1.47838,190.976216,22.0879588,78.1592664,177.37512,20.8756872,48.7099368,13.601096,1.2122716,29.4493296,"N5PKMg","N3 PK(Na)Mg",144,35,90,0,0,0,0,"B",NA,0.398741565714286,0.727099315555555,NA,NA,NA,NA,NA,NA
"15311",1972,"7","22","beans",3.63,2.81325,3.39,1.35261,162.29301,17.623998,74.7053433,147.4143,16.54191,40.17321,14.87871,1.082088,34.5321333,"FYM","FYM",0,0,0,35,300.993525,46.404225,365.99325,"B",NA,NA,NA,-0.00754810257130946,0.109513884061127,0.350982174782664,NA,NA,NA
"16512",1972,"7","3","beans",2.48,1.9716,1.09,0.39349,109.453604,8.792589,27.516481,104.88912,8.438448,24.171816,4.564484,0.354141,3.344665,"Control","Nil",0,0,0,0,0,0,0,"B",NA,NA,NA,NA,NA,NA,NA,NA,NA
"1772",1972,"7","5","beans",3.58,2.88906,2.37,0.85557,164.56494,16.2340458,57.0526074,156.00924,15.600924,38.8289664,8.5557,0.6331218,18.223641,"PKMg","PK(Na)Mg",0,35,90,0,0,0,0,"B",NA,NA,NA,NA,NA,NA,NA,NA,NA
"18910",1972,"7","6","beans",3.19,2.6158,3.06,1.50552,122.811072,14.976316,68.9206392,109.8636,14.073004,35.784144,12.947472,0.903312,33.1364952,"N1PKMg","N1 PK(Na)Mg",48,35,90,0,0,0,0,"B",NA,NA,NA,NA,NA,NA,NA,NA,NA
"20110",1972,"7","7","beans",3.51,2.84661,3.01,1.19196,139.963734,17.0362098,63.6154425,129.236094,16.225677,40.3364637,10.72764,0.8105328,23.2789788,"N2PKMg","N2 PK(Na)Mg",96,35,90,0,0,0,0,"B",-0.2562625625,NA,NA,NA,NA,NA,NA,NA,NA
"2",1973,"2","1","potato",38.88,8.47584,NA,NA,114.42384,20.0029824,216.981504,NA,NA,NA,NA,NA,NA,"FYM+NPK","FYM N2 PK",96,35,90,35,263.9952,28.5768,330.9768,"B",NA,NA,NA,NA,NA,NA,-0.199697083333333,-0.150778765714286,-0.717723822222223
"31",1973,"2","10","potato",14.52,3.51384,NA,NA,56.572824,6.324912,40.057776,NA,NA,NA,NA,NA,NA,"N","N2",96,0,0,0,0,0,0,"B",NA,NA,NA,NA,NA,NA,NA,NA,NA
"60",1973,"2","11","potato",12.2,2.806,NA,NA,51.0692,6.22932,29.7436,NA,NA,NA,NA,NA,NA,"NP","N2 P",96,35,0,0,0,0,0,"B",NA,NA,NA,NA,NA,NA,NA,NA,NA
"118",1973,"2","13","potato",33.28,8.12032,NA,NA,89.32352,19.9759872,196.511744,NA,NA,NA,NA,NA,NA,"NPK","N2 PK",96,35,90,0,0,0,0,"B",NA,NA,NA,NA,NA,NA,NA,NA,NA
"147",1973,"2","14","potato",32.34,8.66712,NA,NA,104.00544,17.8542672,128.273376,NA,NA,NA,NA,NA,NA,"N4PKMg","N2 PKMg*",96,35,90,0,0,0,0,"B",NA,NA,NA,NA,NA,NA,NA,NA,NA
"205",1973,"2","16","potato",37,9.287,NA,NA,92.87,22.66028,228.4602,NA,NA,NA,NA,NA,NA,"N5PKMg","N3 PK(Na)Mg",144,35,90,0,0,0,0,"B",NA,0.4667248,2.20796222222222,NA,NA,NA,NA,NA,NA
"350",1973,"2","22","potato",47.14,10.27652,NA,NA,133.59476,25.2802392,281.576648,NA,NA,NA,NA,NA,NA,"FYM","FYM",0,0,0,35,263.9952,28.5768,330.9768,"B",NA,NA,NA,0.344957408316515,0.291755062213252,0.31260250186367,NA,NA,NA
"379",1973,"2","3","potato",13.52,3.47464,NA,NA,38.915968,5.21196,59.763808,NA,NA,NA,NA,NA,NA,"Control","Nil",0,0,0,0,0,0,0,"B",NA,NA,NA,NA,NA,NA,NA,NA,NA
"408",1973,"2","5","potato",21.7,5.1863,NA,NA,42.52766,14.210462,132.76928,NA,NA,NA,NA,NA,NA,"PKMg","PK(Na)Mg",0,35,90,0,0,0,0,"B",NA,NA,NA,NA,NA,NA,NA,NA,NA
"437",1973,"2","6","potato",29.63,7.28898,NA,NA,63.414126,17.493552,182.2245,NA,NA,NA,NA,NA,NA,"N1PKMg","N1 PK(Na)Mg",48,35,90,0,0,0,0,"B",NA,NA,NA,NA,NA,NA,NA,NA,NA
"466",1973,"2","7","potato",42.08,10.43584,NA,NA,107.489152,24.002432,250.46016,NA,NA,NA,NA,NA,NA,"N2PKMg","N2 PK(Na)Mg",96,35,90,0,0,0,0,"B",0.676682208333334,NA,NA,NA,NA,NA,NA,NA,NA
"91",1973,"5","1","wheat",4.44,3.80952,6.63,5.71506,NA,NA,NA,NA,NA,NA,NA,NA,NA,"FYM+NPK","FYM N2 PK",96,35,90,35,263.9952,28.5768,330.9768,"B",NA,NA,NA,NA,NA,NA,NA,NA,NA
"1242",1973,"6","1","wheat",4.66,4.02624,7.78,6.98644,NA,NA,NA,NA,NA,NA,NA,NA,NA,"FYM+NPK","FYM N2 PK",96,35,90,35,263.9952,28.5768,330.9768,"B",NA,NA,NA,NA,NA,NA,NA,NA,NA
"16911",1973,"7","1","wheat",4.83,4.16346,8.79,8.0868,203.033604,27.9849648,181.0192092,114.078804,16.9869168,20.9005692,88.9548,10.998048,160.11864,"FYM+NPK","FYM N2 PK",96,35,90,35,263.9952,28.5768,330.9768,"B",NA,NA,NA,NA,NA,NA,NA,NA,NA
"199",1973,"0","10","wheat",3.15,2.6901,2.1,1.8858,NA,NA,NA,NA,NA,NA,NA,NA,NA,"N","N2",96,0,0,0,0,0,0,"B",NA,NA,NA,NA,NA,NA,NA,NA,NA
"248",1973,"1","10","wheat",3.53,3.0005,2.15,1.9221,73.64295,9.47029,25.3349,62.11035,8.70145,13.8023,11.5326,0.76884,11.5326,"N","N2",96,0,0,0,0,0,0,"B",NA,NA,NA,NA,NA,NA,NA,NA,NA
"3832",1973,"5","10","wheat",5.47,4.74796,4.44,3.98712,NA,NA,NA,NA,NA,NA,NA,NA,NA,"N","N2",96,0,0,0,0,0,0,"B",NA,NA,NA,NA,NA,NA,NA,NA,NA
"41610",1973,"6","10","wheat",3.14,2.70668,2.5,2.205,NA,NA,NA,NA,NA,NA,NA,NA,NA,"N","N2",96,0,0,0,0,0,0,"B",NA,NA,NA,NA,NA,NA,NA,NA,NA
"4612",1973,"7","10","wheat",4.89,4.23474,2.93,2.64872,115.145444,16.0929756,34.8839244,97.39902,14.82159,20.5808364,17.746424,1.2713856,14.303088,"N","N2",96,0,0,0,0,0,0,"B",NA,NA,NA,NA,NA,NA,NA,NA,NA
"49010",1973,"8","10","wheat",3.68,3.13536,4.57,4.17241,NA,NA,NA,NA,NA,NA,NA,NA,NA,"N","N2",96,0,0,0,0,0,0,"B",NA,NA,NA,NA,NA,NA,NA,NA,NA
"534",1973,"9","10","wheat",2.6,2.2412,3.78,3.31884,NA,NA,NA,NA,NA,NA,NA,NA,NA,"N","N2",96,0,0,0,0,0,0,"B",NA,NA,NA,NA,NA,NA,NA,NA,NA
"595",1973,"0","11","wheat",3.14,2.669,3.1,2.6908,NA,NA,NA,NA,NA,NA,NA,NA,NA,"NP","N2 P",96,35,0,0,0,0,0,"B",NA,NA,NA,NA,NA,NA,NA,NA,NA
"644",1973,"1","11","wheat",3.26,2.79056,2.84,2.56452,75.716232,14.3648488,23.5983544,57.764592,11.441296,14.6225344,17.95164,2.9235528,8.97582,"NP","N2 P",96,35,0,0,0,0,0,"B",NA,NA,NA,NA,NA,NA,NA,NA,NA
"779",1973,"5","11","wheat",4.55,3.9312,3.75,3.4725,NA,NA,NA,NA,NA,NA,NA,NA,NA,"NP","N2 P",96,35,0,0,0,0,0,"B",NA,NA,NA,NA,NA,NA,NA,NA,NA
"812",1973,"6","11","wheat",4.84,4.18176,3.3,2.9271,NA,NA,NA,NA,NA,NA,NA,NA,NA,"NP","N2 P",96,35,0,0,0,0,0,"B",NA,NA,NA,NA,NA,NA,NA,NA,NA
"857",1973,"7","11","wheat",5.4,4.6764,4.14,3.77982,135.745884,23.9716764,41.708322,104.75136,19.360296,23.943168,30.994524,4.6113804,17.765154,"NP","N2 P",96,35,0,0,0,0,0,"B",NA,NA,NA,NA,NA,NA,NA,NA,NA
"886",1973,"8","11","wheat",2.04,1.72992,4.91,4.41409,NA,NA,NA,NA,NA,NA,NA,NA,NA,"NP","N2 P",96,35,0,0,0,0,0,"B",NA,NA,NA,NA,NA,NA,NA,NA,NA
"930",1973,"9","11","wheat",2.74,2.3564,2.89,2.58366,NA,NA,NA,NA,NA,NA,NA,NA,NA,"NP","N2 P",96,35,0,0,0,0,0,"B",NA,NA,NA,NA,NA,NA,NA,NA,NA
"1387",1973,"0","13","wheat",5.01,4.29858,4.88,4.20656,NA,NA,NA,NA,NA,NA,NA,NA,NA,"NPK","N2 PK",96,35,90,0,0,0,0,"B",NA,NA,NA,NA,NA,NA,NA,NA,NA
"1436",1973,"1","13","wheat",5.49,4.71042,4.29,3.8181,100.645116,19.9891692,66.6173508,83.845476,17.2401372,22.3273908,16.79964,2.749032,44.28996,"NPK","N2 PK",96,35,90,0,0,0,0,"B",NA,NA,NA,NA,NA,NA,NA,NA,NA
"1571",1973,"5","13","wheat",5.92,5.10304,6.51,5.94363,NA,NA,NA,NA,NA,NA,NA,NA,NA,"NPK","N2 PK",96,35,90,0,0,0,0,"B",NA,NA,NA,NA,NA,NA,NA,NA,NA
"1604",1973,"6","13","wheat",5.08,4.3688,3.71,3.33529,NA,NA,NA,NA,NA,NA,NA,NA,NA,"NPK","N2 PK",96,35,90,0,0,0,0,"B",NA,NA,NA,NA,NA,NA,NA,NA,NA
"1649",1973,"7","13","wheat",6.63,5.72832,6.82,6.1721,164.201304,27.4548236,105.5822848,127.168704,21.6530496,26.5794048,37.0326,5.801774,79.00288,"NPK","N2 PK",96,35,90,0,0,0,0,"B",NA,NA,NA,NA,NA,NA,NA,NA,NA
"1678",1973,"8","13","wheat",3.86,3.32732,8.19,7.38738,NA,NA,NA,NA,NA,NA,NA,NA,NA,"NPK","N2 PK",96,35,90,0,0,0,0,"B",NA,NA,NA,NA,NA,NA,NA,NA,NA
"1722",1973,"9","13","wheat",5.92,5.0912,6.09,5.3592,NA,NA,NA,NA,NA,NA,NA,NA,NA,"NPK","N2 PK",96,35,90,0,0,0,0,"B",NA,NA,NA,NA,NA,NA,NA,NA,NA
"1783",1973,"0","14","wheat",4.83,4.13448,4.29,3.74088,NA,NA,NA,NA,NA,NA,NA,NA,NA,"N4PKMg","N2 PKMg*",96,35,90,0,0,0,0,"B",NA,NA,NA,NA,NA,NA,NA,NA,NA
"1832",1973,"1","14","wheat",5.62,4.8332,4.19,3.75005,99.039625,19.282918,54.48315,82.1644,16.43288,22.23272,16.875225,2.850038,32.25043,"N4PKMg","N2 PKMg*",96,35,90,0,0,0,0,"B",NA,NA,NA,NA,NA,NA,NA,NA,NA
"1967",1973,"5","14","wheat",6.09,5.27394,6.57,5.92614,NA,NA,NA,NA,NA,NA,NA,NA,NA,"N4PKMg","N2 PKMg*",96,35,90,0,0,0,0,"B",NA,NA,NA,NA,NA,NA,NA,NA,NA
"2000",1973,"6","14","wheat",5.27,4.5322,4.63,4.06977,NA,NA,NA,NA,NA,NA,NA,NA,NA,"N4PKMg","N2 PKMg*",96,35,90,0,0,0,0,"B",NA,NA,NA,NA,NA,NA,NA,NA,NA
"2045",1973,"7","14","wheat",6.96,6.01344,6.63,5.9007,161.062548,31.629204,82.1136288,124.478208,25.256448,30.1874688,36.58434,6.372756,51.92616,"N4PKMg","N2 PKMg*",96,35,90,0,0,0,0,"B",NA,NA,NA,NA,NA,NA,NA,NA,NA
"2074",1973,"8","14","wheat",4.48,3.84384,7.28,6.43552,NA,NA,NA,NA,NA,NA,NA,NA,NA,"N4PKMg","N2 PKMg*",96,35,90,0,0,0,0,"B",NA,NA,NA,NA,NA,NA,NA,NA,NA
"2118",1973,"9","14","wheat",6.05,5.2151,5.23,4.67562,NA,NA,NA,NA,NA,NA,NA,NA,NA,"N4PKMg","N2 PKMg*",96,35,90,0,0,0,0,"B",NA,NA,NA,NA,NA,NA,NA,NA,NA
"2575",1973,"0","16","wheat",4.73,4.03942,4.91,4.35026,NA,NA,NA,NA,NA,NA,NA,NA,NA,"N5PKMg","N3 PK(Na)Mg",144,35,90,0,0,0,0,"B",NA,NA,NA,NA,NA,NA,NA,NA,NA
"2624",1973,"1","16","wheat",5.11,4.38438,4.06,3.52002,92.826048,20.03736,63.8940708,78.041964,17.3621448,23.0618388,14.784084,2.6752152,40.832232,"N5PKMg","N3 PK(Na)Mg",144,35,90,0,0,0,0,"B",NA,0.317133782857143,0.447730182222222,NA,NA,NA,NA,NA,NA
"2759",1973,"5","16","wheat",5.66,4.91288,6.94,6.32928,NA,NA,NA,NA,NA,NA,NA,NA,NA,"N5PKMg","N3 PK(Na)Mg",144,35,90,0,0,0,0,"B",NA,NA,NA,NA,NA,NA,NA,NA,NA
"2792",1973,"6","16","wheat",5.18,4.46516,4.81,4.25685,NA,NA,NA,NA,NA,NA,NA,NA,NA,"N5PKMg","N3 PK(Na)Mg",144,35,90,0,0,0,0,"B",NA,NA,NA,NA,NA,NA,NA,NA,NA
"2837",1973,"7","16","wheat",6.51,5.63766,6.82,6.09026,150.850278,26.304368,97.9785504,116.135796,21.3103548,26.7225084,34.714482,4.9940132,71.256042,"N5PKMg","N3 PK(Na)Mg",144,35,90,0,0,0,0,"B",NA,0.291754068571429,0.62522476,NA,NA,NA,NA,NA,NA
"2866",1973,"8","16","wheat",3.53,3.06404,7.91,7.00826,NA,NA,NA,NA,NA,NA,NA,NA,NA,"N5PKMg","N3 PK(Na)Mg",144,35,90,0,0,0,0,"B",NA,NA,NA,NA,NA,NA,NA,NA,NA
"2910",1973,"9","16","wheat",5.28,4.55136,4.97,4.39348,NA,NA,NA,NA,NA,NA,NA,NA,NA,"N5PKMg","N3 PK(Na)Mg",144,35,90,0,0,0,0,"B",NA,NA,NA,NA,NA,NA,NA,NA,NA
"4159",1973,"0","20","wheat",3.4,2.9172,2.64,2.36016,NA,NA,NA,NA,NA,NA,NA,NA,NA,"NKMg","N2 K(Na)Mg",96,0,90,0,0,0,0,"B",NA,NA,NA,NA,NA,NA,NA,NA,NA
"4208",1973,"1","20","wheat",3.72,3.20664,2.62,2.3318,78.56102,8.9376776,43.4724656,65.73612,8.1448656,14.5581456,12.8249,0.792812,28.91432,"NKMg","N2 K(Na)Mg",96,0,90,0,0,0,0,"B",NA,NA,NA,NA,NA,NA,NA,NA,NA
"4645",1973,"0","22","wheat",5.98,5.13084,6.08,5.45984,NA,NA,NA,NA,NA,NA,NA,NA,NA,"FYM","FYM",0,0,0,35,263.9952,28.5768,330.9768,"B",NA,NA,NA,NA,NA,NA,NA,NA,NA
"4694",1973,"1","22","wheat",6.22,5.32432,6.85,6.04855,156.0885,29.8333768,138.8051708,119.7972,22.5751168,26.3021408,36.2913,7.25826,112.50303,"FYM","FYM",0,0,0,35,263.9952,28.5768,330.9768,"B",NA,NA,NA,0.471579740843773,0.293670036424905,0.304445944471718,NA,NA,NA
"4829",1973,"5","22","wheat",5.22,4.4892,7.77,6.77544,NA,NA,NA,NA,NA,NA,NA,NA,NA,"FYM","FYM",0,0,0,35,263.9952,28.5768,330.9768,"B",NA,NA,NA,NA,NA,NA,NA,NA,NA
"4862",1973,"6","22","wheat",6.03,5.1858,5.86,4.93412,NA,NA,NA,NA,NA,NA,NA,NA,NA,"FYM","FYM",0,0,0,35,263.9952,28.5768,330.9768,"B",NA,NA,NA,NA,NA,NA,NA,NA,NA
"4907",1973,"7","22","wheat",5.74,4.97084,9.78,8.88024,205.042312,35.2065576,208.1713568,132.224344,21.1757784,23.4623648,72.817968,14.0307792,184.708992,"FYM","FYM",0,0,0,35,263.9952,28.5768,330.9768,"B",NA,NA,NA,0.534960575040758,0.340524630750862,0.262491242265011,NA,NA,NA
"4936",1973,"8","22","wheat",4.22,3.587,8.18,7.19022,NA,NA,NA,NA,NA,NA,NA,NA,NA,"FYM","FYM",0,0,0,35,263.9952,28.5768,330.9768,"B",NA,NA,NA,NA,NA,NA,NA,NA,NA
"4980",1973,"9","22","wheat",6.45,5.5341,7.74,6.95052,NA,NA,NA,NA,NA,NA,NA,NA,NA,"FYM","FYM",0,0,0,35,263.9952,28.5768,330.9768,"B",NA,NA,NA,NA,NA,NA,NA,NA,NA
"5031",1973,"0","3","wheat",1.68,1.428,1.22,1.10166,NA,NA,NA,NA,NA,NA,NA,NA,NA,"Control","Nil",0,0,0,0,0,0,0,"B",NA,NA,NA,NA,NA,NA,NA,NA,NA
"5080",1973,"1","3","wheat",1.87,1.57828,1.2,1.074,31.865472,6.4739504,14.4809096,27.462072,5.8080704,7.6073096,4.4034,0.66588,6.8736,"Control","Nil",0,0,0,0,0,0,0,"B",NA,NA,NA,NA,NA,NA,NA,NA,NA
"5215",1973,"5","3","wheat",3.69,3.16602,3.14,2.83228,NA,NA,NA,NA,NA,NA,NA,NA,NA,"Control","Nil",0,0,0,0,0,0,0,"B",NA,NA,NA,NA,NA,NA,NA,NA,NA
"5248",1973,"6","3","wheat",1.05,0.8925,0.65,0.58175,NA,NA,NA,NA,NA,NA,NA,NA,NA,"Control","Nil",0,0,0,0,0,0,0,"B",NA,NA,NA,NA,NA,NA,NA,NA,NA
"5293",1973,"7","3","wheat",2.42,2.05216,1.84,1.67256,45.020544,9.2411184,24.1143376,36.323232,8.003424,9.5630656,8.697312,1.2376944,14.551272,"Control","Nil",0,0,0,0,0,0,0,"B",NA,NA,NA,NA,NA,NA,NA,NA,NA
"5322",1973,"8","3","wheat",3.83,3.2555,3.31,2.96245,NA,NA,NA,NA,NA,NA,NA,NA,NA,"Control","Nil",0,0,0,0,0,0,0,"B",NA,NA,NA,NA,NA,NA,NA,NA,NA
"5366",1973,"9","3","wheat",1.43,1.21836,0.97,0.87785,NA,NA,NA,NA,NA,NA,NA,NA,NA,"Control","Nil",0,0,0,0,0,0,0,"B",NA,NA,NA,NA,NA,NA,NA,NA,NA
"5427",1973,"0","5","wheat",2.08,1.75552,1.31,1.16197,NA,NA,NA,NA,NA,NA,NA,NA,NA,"PKMg","PK(Na)Mg",0,35,90,0,0,0,0,"B",NA,NA,NA,NA,NA,NA,NA,NA,NA
"5476",1973,"1","5","wheat",1.81,1.52402,1.47,1.29213,31.593712,7.0178074,18.662851,25.90834,5.6998348,7.162894,5.685372,1.3179726,11.499957,"PKMg","PK(Na)Mg",0,35,90,0,0,0,0,"B",NA,NA,NA,NA,NA,NA,NA,NA,NA
"5611",1973,"5","5","wheat",4.14,3.55212,3.85,3.4573,NA,NA,NA,NA,NA,NA,NA,NA,NA,"PKMg","PK(Na)Mg",0,35,90,0,0,0,0,"B",NA,NA,NA,NA,NA,NA,NA,NA,NA
"5644",1973,"6","5","wheat",1.3,1.0972,0.72,0.64152,NA,NA,NA,NA,NA,NA,NA,NA,NA,"PKMg","PK(Na)Mg",0,35,90,0,0,0,0,"B",NA,NA,NA,NA,NA,NA,NA,NA,NA
"5689",1973,"7","5","wheat",3.07,2.58494,2.57,2.33356,63.815288,14.2788284,46.6313616,49.11386,11.0118444,13.0280976,14.701428,3.266984,33.603264,"PKMg","PK(Na)Mg",0,35,90,0,0,0,0,"B",NA,NA,NA,NA,NA,NA,NA,NA,NA
"5718",1973,"8","5","wheat",5.25,4.5045,6.62,5.99772,NA,NA,NA,NA,NA,NA,NA,NA,NA,"PKMg","PK(Na)Mg",0,35,90,0,0,0,0,"B",NA,NA,NA,NA,NA,NA,NA,NA,NA
"5762",1973,"9","5","wheat",2.04,1.75032,1.12,1.01472,NA,NA,NA,NA,NA,NA,NA,NA,NA,"PKMg","PK(Na)Mg",0,35,90,0,0,0,0,"B",NA,NA,NA,NA,NA,NA,NA,NA,NA
"5823",1973,"0","6","wheat",3.96,3.38184,3.12,2.82672,NA,NA,NA,NA,NA,NA,NA,NA,NA,"N1PKMg","N1 PK(Na)Mg",48,35,90,0,0,0,0,"B",NA,NA,NA,NA,NA,NA,NA,NA,NA
"5872",1973,"1","6","wheat",3.79,3.22908,2.68,2.38788,64.839336,14.0825784,40.0242,54.571452,12.0767592,16.1454,10.267884,2.0058192,23.8788,"N1PKMg","N1 PK(Na)Mg",48,35,90,0,0,0,0,"B",NA,NA,NA,NA,NA,NA,NA,NA,NA
"6007",1973,"5","6","wheat",5.85,5.0544,5.92,5.28064,NA,NA,NA,NA,NA,NA,NA,NA,NA,"N1PKMg","N1 PK(Na)Mg",48,35,90,0,0,0,0,"B",NA,NA,NA,NA,NA,NA,NA,NA,NA
"6040",1973,"6","6","wheat",3.92,3.36336,2.63,2.37489,NA,NA,NA,NA,NA,NA,NA,NA,NA,"N1PKMg","N1 PK(Na)Mg",48,35,90,0,0,0,0,"B",NA,NA,NA,NA,NA,NA,NA,NA,NA
"6085",1973,"7","6","wheat",5.54,4.77548,5.27,4.82732,108.164312,24.017492,76.3996784,85.95864,19.8659968,23.7818904,22.205672,4.1514952,52.617788,"N1PKMg","N1 PK(Na)Mg",48,35,90,0,0,0,0,"B",NA,NA,NA,NA,NA,NA,NA,NA,NA
"6114",1973,"8","6","wheat",3.58,3.10028,7.18,6.26096,NA,NA,NA,NA,NA,NA,NA,NA,NA,"N1PKMg","N1 PK(Na)Mg",48,35,90,0,0,0,0,"B",NA,NA,NA,NA,NA,NA,NA,NA,NA
"6158",1973,"9","6","wheat",4.26,3.6636,3.43,3.05613,NA,NA,NA,NA,NA,NA,NA,NA,NA,"N1PKMg","N1 PK(Na)Mg",48,35,90,0,0,0,0,"B",NA,NA,NA,NA,NA,NA,NA,NA,NA
"6219",1973,"0","7","wheat",5.4,4.6116,5.08,4.55676,NA,NA,NA,NA,NA,NA,NA,NA,NA,"N2PKMg","N2 PK(Na)Mg",96,35,90,0,0,0,0,"B",NA,NA,NA,NA,NA,NA,NA,NA,NA
"6268",1973,"1","7","wheat",5.43,4.64808,4.51,4.10861,105.959828,21.3388742,73.1645864,84.595056,17.4767808,22.2178224,21.364772,3.8620934,50.946764,"N2PKMg","N2 PK(Na)Mg",96,35,90,0,0,0,0,"B",0.774647041666667,NA,NA,NA,NA,NA,NA,NA,NA
"6403",1973,"5","7","wheat",5.04,4.37472,5.86,5.29744,NA,NA,NA,NA,NA,NA,NA,NA,NA,"N2PKMg","N2 PK(Na)Mg",96,35,90,0,0,0,0,"B",NA,NA,NA,NA,NA,NA,NA,NA,NA
"6436",1973,"6","7","wheat",5.57,4.80134,4.15,3.6852,NA,NA,NA,NA,NA,NA,NA,NA,NA,"N2PKMg","N2 PK(Na)Mg",96,35,90,0,0,0,0,"B",NA,NA,NA,NA,NA,NA,NA,NA,NA
"6481",1973,"7","7","wheat",5.99,5.19932,6.35,5.588,149.03064,25.904216,103.0847496,114.38504,19.757416,24.8527496,34.6456,6.1468,78.232,"N2PKMg","N2 PK(Na)Mg",96,35,90,0,0,0,0,"B",0.887659916666667,NA,NA,NA,NA,NA,NA,NA,NA
"6510",1973,"8","7","wheat",3.98,3.4228,7.51,6.54872,NA,NA,NA,NA,NA,NA,NA,NA,NA,"N2PKMg","N2 PK(Na)Mg",96,35,90,0,0,0,0,"B",NA,NA,NA,NA,NA,NA,NA,NA,NA
"6554",1973,"9","7","wheat",5.75,4.945,5.44,4.8688,NA,NA,NA,NA,NA,NA,NA,NA,NA,"N2PKMg","N2 PK(Na)Mg",96,35,90,0,0,0,0,"B",NA,NA,NA,NA,NA,NA,NA,NA,NA
"6206",1973,"4","1","beans",4.26,3.55284,2.63,2.28547,180.347322,24.1053134,108.30185,157.035528,21.31704,44.765784,23.311794,2.7882734,63.536066,"FYM+NPK","FYM N2 PK",96,35,90,35,263.9952,28.5768,330.9768,"B",NA,NA,NA,NA,NA,NA,NA,NA,NA
"18102",1973,"4","10","beans",2.39,1.96936,0.68,0.58684,113.111016,9.0542944,23.524976,105.951568,8.3500864,19.299728,7.159448,0.704208,4.225248,"N","N2",96,0,0,0,0,0,0,"B",NA,NA,NA,NA,NA,NA,NA,NA,NA
"3013",1973,"4","11","beans",1.4,1.1466,1.79,1.53045,80.12925,9.2445165,26.540685,61.45776,6.53562,11.69532,18.67149,2.7088965,14.845365,"NP","N2 P",96,35,0,0,0,0,0,"B",NA,NA,NA,NA,NA,NA,NA,NA,NA
"5414",1973,"4","13","beans",3.73,3.04741,2.61,1.96794,170.881583,20.9075502,93.855074,149.627831,18.4673046,37.178402,21.253752,2.4402456,56.676672,"NPK","N2 PK",96,35,90,0,0,0,0,"B",NA,NA,NA,NA,NA,NA,NA,NA,NA
"6612",1973,"4","14","beans",2.49,2.0169,2.44,2.17892,122.142544,15.0099784,48.437418,98.8281,11.69802,23.59773,23.314444,3.3119584,24.839688,"N4PKMg","N2 PKMg*",96,35,90,0,0,0,0,"B",NA,NA,NA,NA,NA,NA,NA,NA,NA
"9010",1973,"4","16","beans",3.96,3.27492,2.42,2.08604,191.068724,23.2307944,88.825704,168.330888,20.4355008,41.263992,22.737836,2.7952936,47.561712,"N5PKMg","N3 PK(Na)Mg",144,35,90,0,0,0,0,"B",NA,0.405042857142857,0.692055766666667,NA,NA,NA,NA,NA,NA
"15011",1973,"4","22","beans",4.2,3.4482,2.61,1.65735,183.273945,23.0009265,104.4378,166.20324,20.896092,43.44732,17.070705,2.1048345,60.99048,"FYM","FYM",0,0,0,35,263.9952,28.5768,330.9768,"B",NA,NA,NA,-0.000134521385237125,0.265773502700049,0.390706706031019,NA,NA,NA
"16212",1973,"4","3","beans",2.56,2.11712,0.83,0.73538,116.58829,9.9198878,29.307212,109.455104,9.103616,21.806336,7.133186,0.8162718,7.500876,"Control","Nil",0,0,0,0,0,0,0,"B",NA,NA,NA,NA,NA,NA,NA,NA,NA
"17412",1973,"4","5","beans",3.8,3.1692,1.91,1.68653,183.309458,18.0507206,76.902134,165.43224,15.655848,36.76272,17.877218,2.3948726,40.139414,"PKMg","PK(Na)Mg",0,35,90,0,0,0,0,"B",NA,NA,NA,NA,NA,NA,NA,NA,NA
"18610",1973,"4","6","beans",3.93,3.24225,2.43,2.09952,195.276789,20.1689622,93.64869,172.811925,17.313615,36.96165,22.464864,2.8553472,56.68704,"N1PKMg","N1 PK(Na)Mg",48,35,90,0,0,0,0,"B",NA,NA,NA,NA,NA,NA,NA,NA,NA
"19810",1973,"4","7","beans",3.7,3.0599,2.94,2.499,176.59277,21.27712,109.91396,150.85307,18.05341,37.94276,25.7397,3.22371,71.9712,"N2PKMg","N2 PK(Na)Mg",96,35,90,0,0,0,0,"B",-0.0699654999999995,NA,NA,NA,NA,NA,NA,NA,NA
"24",1974,"7","1","potato",58.52,12.40624,NA,NA,137.709264,24.81248,295.268512,NA,NA,NA,NA,NA,NA,"FYM+NPK","FYM N2 PK",96,35,90,35,245.00112,37.4738,307.99587,"B",NA,NA,NA,NA,NA,NA,0.19150278125,-0.0969031485714284,-0.0940871555555557
"53",1974,"7","10","potato",12.76,3.02412,NA,NA,45.3618,5.141004,37.8015,NA,NA,NA,NA,NA,NA,"N","N2",96,0,0,0,0,0,0,"B",NA,NA,NA,NA,NA,NA,NA,NA,NA
"82",1974,"7","11","potato",11,2.442,NA,NA,45.4212,7.22832,25.3968,NA,NA,NA,NA,NA,NA,"NP","N2 P",96,35,0,0,0,0,0,"B",NA,NA,NA,NA,NA,NA,NA,NA,NA
"140",1974,"7","13","potato",39.37,8.6614,NA,NA,84.88172,19.05508,204.40904,NA,NA,NA,NA,NA,NA,"NPK","N2 PK",96,35,90,0,0,0,0,"B",NA,NA,NA,NA,NA,NA,NA,NA,NA
"169",1974,"7","14","potato",35.05,8.51715,NA,NA,86.023215,19.589445,126.05382,NA,NA,NA,NA,NA,NA,"N4PKMg","N2 PKMg*",96,35,90,0,0,0,0,"B",NA,NA,NA,NA,NA,NA,NA,NA,NA
"227",1974,"7","16","potato",49.55,11.6938,NA,NA,97.05854,25.024732,261.94112,NA,NA,NA,NA,NA,NA,"N5PKMg","N3 PK(Na)Mg",144,35,90,0,0,0,0,"B",NA,0.568106514285714,2.62827022222222,NA,NA,NA,NA,NA,NA
"372",1974,"7","22","potato",57.67,12.05303,NA,NA,119.324997,28.2040902,303.736356,NA,NA,NA,NA,NA,NA,"FYM","FYM",0,0,0,35,245.00112,37.4738,307.99587,"B",NA,NA,NA,0.361634252937293,0.301889219934995,0.301646772063736,NA,NA,NA
"401",1974,"7","3","potato",12.57,3.34362,NA,NA,27.752046,6.5534952,50.1543,NA,NA,NA,NA,NA,NA,"Control","Nil",0,0,0,0,0,0,0,"B",NA,NA,NA,NA,NA,NA,NA,NA,NA
"430",1974,"7","5","potato",20.2,4.7268,NA,NA,30.7242,12.856896,116.27928,NA,NA,NA,NA,NA,NA,"PKMg","PK(Na)Mg",0,35,90,0,0,0,0,"B",NA,NA,NA,NA,NA,NA,NA,NA,NA
"459",1974,"7","6","potato",50.12,11.5276,NA,NA,70.31836,29.049552,272.05136,NA,NA,NA,NA,NA,NA,"N1PKMg","N1 PK(Na)Mg",48,35,90,0,0,0,0,"B",NA,NA,NA,NA,NA,NA,NA,NA,NA
"488",1974,"7","7","potato",59.12,13.65672,NA,NA,111.985104,31.1373216,311.373216,NA,NA,NA,NA,NA,NA,"N2PKMg","N2 PK(Na)Mg",96,35,90,0,0,0,0,"B",0.84646775,NA,NA,NA,NA,NA,NA,NA,NA
"3311",1974,"3","1","wheat",6.73,5.62628,4.68,4.16052,NA,NA,NA,NA,NA,NA,NA,NA,NA,"FYM+NPK","FYM N2 PK",96,35,90,35,245.00112,37.4738,307.99587,"B",NA,NA,NA,NA,NA,NA,NA,NA,NA
"64101",1974,"4","1","wheat",7.29,6.1236,5.12,4.56192,150.168168,22.666392,58.696488,125.5338,19.473048,22.65732,24.634368,3.193344,36.039168,"FYM+NPK","FYM N2 PK",96,35,90,35,245.00112,37.4738,307.99587,"B",NA,NA,NA,NA,NA,NA,0.40753353125,0.00949880571428575,-0.0422426533333335
"92",1974,"5","1","wheat",7,5.894,5.04,4.54608,NA,NA,NA,NA,NA,NA,NA,NA,NA,"FYM+NPK","FYM N2 PK",96,35,90,35,245.00112,37.4738,307.99587,"B",NA,NA,NA,NA,NA,NA,NA,NA,NA
"200",1974,"0","10","wheat",2.98,2.4436,2,1.804,NA,NA,NA,NA,NA,NA,NA,NA,NA,"N","N2",96,0,0,0,0,0,0,"B",NA,NA,NA,NA,NA,NA,NA,NA,NA
"249",1974,"1","10","wheat",4.33,3.5939,2.85,2.54505,75.58918,7.376291,15.865936,65.40898,6.612776,11.284846,10.1802,0.763515,4.58109,"N","N2",96,0,0,0,0,0,0,"B",NA,NA,NA,NA,NA,NA,NA,NA,NA
"3251",1974,"3","10","wheat",4.89,4.08804,2.4,2.1864,NA,NA,NA,NA,NA,NA,NA,NA,NA,"N","N2",96,0,0,0,0,0,0,"B",NA,NA,NA,NA,NA,NA,NA,NA,NA
"3562",1974,"4","10","wheat",5.9,4.9796,3.1,2.7807,106.17498,14.378722,23.745324,95.60832,13.544512,17.627784,10.56666,0.83421,6.11754,"N","N2",96,0,0,0,0,0,0,"B",NA,NA,NA,NA,NA,NA,NA,NA,NA
"3842",1974,"5","10","wheat",3.62,3.04804,2.59,2.331,NA,NA,NA,NA,NA,NA,NA,NA,NA,"N","N2",96,0,0,0,0,0,0,"B",NA,NA,NA,NA,NA,NA,NA,NA,NA
"49110",1974,"8","10","wheat",3.31,2.7804,2.68,2.3986,NA,NA,NA,NA,NA,NA,NA,NA,NA,"N","N2",96,0,0,0,0,0,0,"B",NA,NA,NA,NA,NA,NA,NA,NA,NA
"535",1974,"9","10","wheat",2.96,2.49232,2.74,2.40298,NA,NA,NA,NA,NA,NA,NA,NA,NA,"N","N2",96,0,0,0,0,0,0,"B",NA,NA,NA,NA,NA,NA,NA,NA,NA
"596",1974,"0","11","wheat",3.18,2.64576,2.38,2.09202,NA,NA,NA,NA,NA,NA,NA,NA,NA,"NP","N2 P",96,35,0,0,0,0,0,"B",NA,NA,NA,NA,NA,NA,NA,NA,NA
"645",1974,"1","11","wheat",4.44,3.6852,2.58,2.33748,NA,NA,NA,NA,NA,NA,9.583668,1.7297352,3.272472,"NP","N2 P",96,35,0,0,0,0,0,"B",NA,NA,NA,NA,NA,NA,NA,NA,NA
"721",1974,"3","11","wheat",4.51,3.79742,2.29,2.05871,NA,NA,NA,NA,NA,NA,NA,NA,NA,"NP","N2 P",96,35,0,0,0,0,0,"B",NA,NA,NA,NA,NA,NA,NA,NA,NA
"752",1974,"4","11","wheat",6.07,5.11094,2.91,2.56953,93.829335,18.661961,25.325867,85.863792,17.377196,20.44376,7.965543,1.284765,4.882107,"NP","N2 P",96,35,0,0,0,0,0,"B",NA,NA,NA,NA,NA,NA,NA,NA,NA
"780",1974,"5","11","wheat",5.7,4.8108,3.79,3.42237,NA,NA,NA,NA,NA,NA,NA,NA,NA,"NP","N2 P",96,35,0,0,0,0,0,"B",NA,NA,NA,NA,NA,NA,NA,NA,NA
"887",1974,"8","11","wheat",2.47,2.07974,3.17,2.72303,NA,NA,NA,NA,NA,NA,NA,NA,NA,"NP","N2 P",96,35,0,0,0,0,0,"B",NA,NA,NA,NA,NA,NA,NA,NA,NA
"931",1974,"9","11","wheat",3.11,2.62484,2.22,1.97358,NA,NA,NA,NA,NA,NA,NA,NA,NA,"NP","N2 P",96,35,0,0,0,0,0,"B",NA,NA,NA,NA,NA,NA,NA,NA,NA
"1388",1974,"0","13","wheat",5.42,4.50944,3.83,3.4087,NA,NA,NA,NA,NA,NA,NA,NA,NA,"NPK","N2 PK",96,35,90,0,0,0,0,"B",NA,NA,NA,NA,NA,NA,NA,NA,NA
"1437",1974,"1","13","wheat",5.9,4.9206,3.9,3.4983,88.24038,18.634494,37.939644,77.74548,17.025276,21.847464,10.4949,1.609218,16.09218,"NPK","N2 PK",96,35,90,0,0,0,0,"B",NA,NA,NA,NA,NA,NA,NA,NA,NA
"1513",1974,"3","13","wheat",6.14,5.16988,4.92,4.38372,NA,NA,NA,NA,NA,NA,NA,NA,NA,"NPK","N2 PK",96,35,90,0,0,0,0,"B",NA,NA,NA,NA,NA,NA,NA,NA,NA
"1544",1974,"4","13","wheat",6.51,5.48142,4.57,4.09015,102.42726,20.5689282,48.642416,87.70272,17.8694292,20.829396,14.72454,2.699499,27.81302,"NPK","N2 PK",96,35,90,0,0,0,0,"B",NA,NA,NA,NA,NA,NA,NA,NA,NA
"1572",1974,"5","13","wheat",5.72,4.81624,4.4,3.85,NA,NA,NA,NA,NA,NA,NA,NA,NA,"NPK","N2 PK",96,35,90,0,0,0,0,"B",NA,NA,NA,NA,NA,NA,NA,NA,NA
"1679",1974,"8","13","wheat",2.78,2.34076,4.37,3.50037,NA,NA,NA,NA,NA,NA,NA,NA,NA,"NPK","N2 PK",96,35,90,0,0,0,0,"B",NA,NA,NA,NA,NA,NA,NA,NA,NA
"1723",1974,"9","13","wheat",5.89,4.99472,4.47,3.9336,NA,NA,NA,NA,NA,NA,NA,NA,NA,"NPK","N2 PK",96,35,90,0,0,0,0,"B",NA,NA,NA,NA,NA,NA,NA,NA,NA
"1784",1974,"0","14","wheat",5.51,4.58432,3.77,3.39677,NA,NA,NA,NA,NA,NA,NA,NA,NA,"N4PKMg","N2 PKMg*",96,35,90,0,0,0,0,"B",NA,NA,NA,NA,NA,NA,NA,NA,NA
"1833",1974,"1","14","wheat",6.09,5.06688,4.17,3.76551,89.326482,18.2473914,33.0265152,78.029952,16.214016,20.9768832,11.29653,2.0333754,12.049632,"N4PKMg","N2 PKMg*",96,35,90,0,0,0,0,"B",NA,NA,NA,NA,NA,NA,NA,NA,NA
"1909",1974,"3","14","wheat",6.36,5.35512,4.92,4.39848,NA,NA,NA,NA,NA,NA,NA,NA,NA,"N4PKMg","N2 PKMg*",96,35,90,0,0,0,0,"B",NA,NA,NA,NA,NA,NA,NA,NA,NA
"1940",1974,"4","14","wheat",6.88,5.79296,4.6,4.0802,106.15202,21.9124656,34.9490032,92.68736,19.4643456,22.7084032,13.46466,2.44812,12.2406,"N4PKMg","N2 PKMg*",96,35,90,0,0,0,0,"B",NA,NA,NA,NA,NA,NA,NA,NA,NA
"1968",1974,"5","14","wheat",5.61,4.72362,3.64,3.276,NA,NA,NA,NA,NA,NA,NA,NA,NA,"N4PKMg","N2 PKMg*",96,35,90,0,0,0,0,"B",NA,NA,NA,NA,NA,NA,NA,NA,NA
"2075",1974,"8","14","wheat",3.46,2.91332,3.32,2.98136,NA,NA,NA,NA,NA,NA,NA,NA,NA,"N4PKMg","N2 PKMg*",96,35,90,0,0,0,0,"B",NA,NA,NA,NA,NA,NA,NA,NA,NA
"2119",1974,"9","14","wheat",6.01,5.08446,4.18,3.66168,NA,NA,NA,NA,NA,NA,NA,NA,NA,"N4PKMg","N2 PKMg*",96,35,90,0,0,0,0,"B",NA,NA,NA,NA,NA,NA,NA,NA,NA
"2576",1974,"0","16","wheat",5.17,4.30144,3.4,3.0294,NA,NA,NA,NA,NA,NA,NA,NA,NA,"N5PKMg","N3 PK(Na)Mg",144,35,90,0,0,0,0,"B",NA,NA,NA,NA,NA,NA,NA,NA,NA
"2625",1974,"1","16","wheat",5.64,4.70376,3.73,3.30851,94.365961,17.2252884,35.3512388,82.786176,15.2401824,20.1320928,11.579785,1.985106,15.219146,"N5PKMg","N3 PK(Na)Mg",144,35,90,0,0,0,0,"B",NA,0.254195828571429,NA,NA,NA,NA,NA,NA,NA
"2701",1974,"3","16","wheat",6.24,5.25408,5.39,4.82944,NA,NA,NA,NA,NA,NA,NA,NA,NA,"N5PKMg","N3 PK(Na)Mg",144,35,90,0,0,0,0,"B",NA,NA,NA,NA,NA,NA,NA,NA,NA
"2732",1974,"4","16","wheat",6.16,5.1744,4.73,4.17659,98.443345,20.2223582,45.446676,83.82528,17.799936,20.387136,14.618065,2.4224222,25.05954,"N5PKMg","N3 PK(Na)Mg",144,35,90,0,0,0,0,"B",NA,0.166961034285714,0.223564544444445,NA,NA,NA,NA,NA,NA
"2760",1974,"5","16","wheat",5.35,4.5154,3.96,3.52836,NA,NA,NA,NA,NA,NA,NA,NA,NA,"N5PKMg","N3 PK(Na)Mg",144,35,90,0,0,0,0,"B",NA,NA,NA,NA,NA,NA,NA,NA,NA
"2867",1974,"8","16","wheat",2.91,2.45022,3.87,3.41721,NA,NA,NA,NA,NA,NA,NA,NA,NA,"N5PKMg","N3 PK(Na)Mg",144,35,90,0,0,0,0,"B",NA,NA,NA,NA,NA,NA,NA,NA,NA
"2911",1974,"9","16","wheat",5.69,4.80236,4,3.524,NA,NA,NA,NA,NA,NA,NA,NA,NA,"N5PKMg","N3 PK(Na)Mg",144,35,90,0,0,0,0,"B",NA,NA,NA,NA,NA,NA,NA,NA,NA
"4160",1974,"0","20","wheat",4.27,3.53556,2.83,2.50455,NA,NA,NA,NA,NA,NA,NA,NA,NA,"NKMg","N2 K(Na)Mg",96,0,90,0,0,0,0,"B",NA,NA,NA,NA,NA,NA,NA,NA,NA
"4209",1974,"1","20","wheat",4.29,3.58644,3.08,2.72272,75.705916,8.3284344,22.0103312,65.631852,7.6749816,12.4808112,10.074064,0.6534528,9.52952,"NKMg","N2 K(Na)Mg",96,0,90,0,0,0,0,"B",NA,NA,NA,NA,NA,NA,NA,NA,NA
"4646",1974,"0","22","wheat",6.12,5.09184,5.76,4.896,NA,NA,NA,NA,NA,NA,NA,NA,NA,"FYM","FYM",0,0,0,35,245.00112,37.4738,307.99587,"B",NA,NA,NA,NA,NA,NA,NA,NA,NA
"4695",1974,"1","22","wheat",6.43,5.36262,6.37,5.51005,111.044949,22.3339338,62.4983268,89.555754,17.3748888,19.5199368,21.489195,4.959045,42.97839,"FYM","FYM",0,0,0,35,245.00112,37.4738,307.99587,"B",NA,NA,NA,0.347927915594835,0.144240291636218,NA,NA,NA,NA
"4771",1974,"3","22","wheat",7.39,6.17804,6.61,5.80358,NA,NA,NA,NA,NA,NA,NA,NA,NA,"FYM","FYM",0,0,0,35,245.00112,37.4738,307.99587,"B",NA,NA,NA,NA,NA,NA,NA,NA,NA
"4802",1974,"4","22","wheat",7.38,6.15492,5.88,5.2038,135.582048,25.610148,65.964744,116.327988,20.926728,22.773204,19.25406,4.68342,43.19154,"FYM","FYM",0,0,0,35,245.00112,37.4738,307.99587,"B",NA,NA,NA,0.375097909756494,0.120028300278791,0.170418457678887,NA,NA,NA
"4830",1974,"5","22","wheat",7.44,6.2496,6.96,6.2292,NA,NA,NA,NA,NA,NA,NA,NA,NA,"FYM","FYM",0,0,0,35,245.00112,37.4738,307.99587,"B",NA,NA,NA,NA,NA,NA,NA,NA,NA
"4937",1974,"8","22","wheat",5.06,4.2504,5.77,5.08914,NA,NA,NA,NA,NA,NA,NA,NA,NA,"FYM","FYM",0,0,0,35,245.00112,37.4738,307.99587,"B",NA,NA,NA,NA,NA,NA,NA,NA,NA
"4981",1974,"9","22","wheat",6.86,5.80356,5.36,4.78648,NA,NA,NA,NA,NA,NA,NA,NA,NA,"FYM","FYM",0,0,0,35,245.00112,37.4738,307.99587,"B",NA,NA,NA,NA,NA,NA,NA,NA,NA
"5032",1974,"0","3","wheat",2.14,1.75908,1.74,1.5399,NA,NA,NA,NA,NA,NA,NA,NA,NA,"Control","Nil",0,0,0,0,0,0,0,"B",NA,NA,NA,NA,NA,NA,NA,NA,NA
"5081",1974,"1","3","wheat",1.95,1.599,1.44,1.29024,26.669148,5.5762152,8.9445,23.1855,4.9569,6.36402,3.483648,0.6193152,2.58048,"Control","Nil",0,0,0,0,0,0,0,"B",NA,NA,NA,NA,NA,NA,NA,NA,NA
"5157",1974,"3","3","wheat",3.58,2.96424,2.05,1.8491,NA,NA,NA,NA,NA,NA,NA,NA,NA,"Control","Nil",0,0,0,0,0,0,0,"B",NA,NA,NA,NA,NA,NA,NA,NA,NA
"5188",1974,"4","3","wheat",2.36,1.92576,1.57,1.38317,33.144428,7.1908698,11.160965,29.271552,6.2779776,7.70304,3.872876,0.9128922,3.457925,"Control","Nil",0,0,0,0,0,0,0,"B",NA,NA,NA,NA,NA,NA,NA,NA,NA
"5216",1974,"5","3","wheat",1.38,1.12056,0.8,0.7224,NA,NA,NA,NA,NA,NA,NA,NA,NA,"Control","Nil",0,0,0,0,0,0,0,"B",NA,NA,NA,NA,NA,NA,NA,NA,NA
"5323",1974,"8","3","wheat",1.44,1.17504,1.09,0.96574,NA,NA,NA,NA,NA,NA,NA,NA,NA,"Control","Nil",0,0,0,0,0,0,0,"B",NA,NA,NA,NA,NA,NA,NA,NA,NA
"5367",1974,"9","3","wheat",1.91,1.57766,1.1,0.9845,NA,NA,NA,NA,NA,NA,NA,NA,NA,"Control","Nil",0,0,0,0,0,0,0,"B",NA,NA,NA,NA,NA,NA,NA,NA,NA
"5428",1974,"0","5","wheat",2.54,2.08788,1.82,1.58158,NA,NA,NA,NA,NA,NA,NA,NA,NA,"PKMg","PK(Na)Mg",0,35,90,0,0,0,0,"B",NA,NA,NA,NA,NA,NA,NA,NA,NA
"5477",1974,"1","5","wheat",1.7,1.4008,1.31,1.16852,25.80222,6.15058,10.725536,21.7124,5.098912,6.051456,4.08982,1.051668,4.67408,"PKMg","PK(Na)Mg",0,35,90,0,0,0,0,"B",NA,NA,NA,NA,NA,NA,NA,NA,NA
"5553",1974,"3","5","wheat",4.12,3.4196,3.12,2.73312,NA,NA,NA,NA,NA,NA,NA,NA,NA,"PKMg","PK(Na)Mg",0,35,90,0,0,0,0,"B",NA,NA,NA,NA,NA,NA,NA,NA,NA
"5584",1974,"4","5","wheat",2.94,2.39904,2,1.766,43.68264,10.3372288,16.383576,38.38464,8.9244288,10.555776,5.298,1.4128,5.8278,"PKMg","PK(Na)Mg",0,35,90,0,0,0,0,"B",NA,NA,NA,NA,NA,NA,NA,NA,NA
"5612",1974,"5","5","wheat",1.45,1.1774,1.02,0.92106,NA,NA,NA,NA,NA,NA,NA,NA,NA,"PKMg","PK(Na)Mg",0,35,90,0,0,0,0,"B",NA,NA,NA,NA,NA,NA,NA,NA,NA
"5719",1974,"8","5","wheat",2.26,1.88032,1.92,1.7088,NA,NA,NA,NA,NA,NA,NA,NA,NA,"PKMg","PK(Na)Mg",0,35,90,0,0,0,0,"B",NA,NA,NA,NA,NA,NA,NA,NA,NA
"5763",1974,"9","5","wheat",2.16,1.80144,1.57,1.39573,NA,NA,NA,NA,NA,NA,NA,NA,NA,"PKMg","PK(Na)Mg",0,35,90,0,0,0,0,"B",NA,NA,NA,NA,NA,NA,NA,NA,NA
"5824",1974,"0","6","wheat",4.4,3.6256,3.18,2.74116,NA,NA,NA,NA,NA,NA,NA,NA,NA,"N1PKMg","N1 PK(Na)Mg",48,35,90,0,0,0,0,"B",NA,NA,NA,NA,NA,NA,NA,NA,NA
"5873",1974,"1","6","wheat",3.93,3.2619,2.96,2.62256,58.491064,12.8072588,24.709516,50.88564,11.286174,14.743788,7.605424,1.5210848,9.965728,"N1PKMg","N1 PK(Na)Mg",48,35,90,0,0,0,0,"B",NA,NA,NA,NA,NA,NA,NA,NA,NA
"5949",1974,"3","6","wheat",5.58,4.66488,5.34,4.75794,NA,NA,NA,NA,NA,NA,NA,NA,NA,"N1PKMg","N1 PK(Na)Mg",48,35,90,0,0,0,0,"B",NA,NA,NA,NA,NA,NA,NA,NA,NA
"5980",1974,"4","6","wheat",5.36,4.49168,4.08,3.6108,81.351776,17.2602704,34.8459008,70.519376,14.7327104,18.2362208,10.8324,2.52756,16.60968,"N1PKMg","N1 PK(Na)Mg",48,35,90,0,0,0,0,"B",NA,NA,NA,NA,NA,NA,NA,NA,NA
"6008",1974,"5","6","wheat",3.84,3.21024,2.43,2.14569,NA,NA,NA,NA,NA,NA,NA,NA,NA,"N1PKMg","N1 PK(Na)Mg",48,35,90,0,0,0,0,"B",NA,NA,NA,NA,NA,NA,NA,NA,NA
"6115",1974,"8","6","wheat",2.22,1.81596,2.65,2.39825,NA,NA,NA,NA,NA,NA,NA,NA,NA,"N1PKMg","N1 PK(Na)Mg",48,35,90,0,0,0,0,"B",NA,NA,NA,NA,NA,NA,NA,NA,NA
"6159",1974,"9","6","wheat",4.06,3.37792,2.45,2.1707,NA,NA,NA,NA,NA,NA,NA,NA,NA,"N1PKMg","N1 PK(Na)Mg",48,35,90,0,0,0,0,"B",NA,NA,NA,NA,NA,NA,NA,NA,NA
"6220",1974,"0","7","wheat",5.57,4.58968,3.89,3.41931,NA,NA,NA,NA,NA,NA,NA,NA,NA,"N2PKMg","N2 PK(Na)Mg",96,35,90,0,0,0,0,"B",NA,NA,NA,NA,NA,NA,NA,NA,NA
"6269",1974,"1","7","wheat",5.37,4.47858,3.51,2.97297,84.599262,16.2032796,39.46644,73.89657,14.0627412,17.466462,10.702692,2.1405384,21.999978,"N2PKMg","N2 PK(Na)Mg",96,35,90,0,0,0,0,"B",0.6124691875,NA,NA,NA,NA,NA,NA,NA,NA
"6345",1974,"3","7","wheat",6.42,5.37996,4.78,4.27332,NA,NA,NA,NA,NA,NA,NA,NA,NA,"N2PKMg","N2 PK(Na)Mg",96,35,90,0,0,0,0,"B",NA,NA,NA,NA,NA,NA,NA,NA,NA
"6376",1974,"4","7","wheat",6.34,5.30024,4.42,3.95148,103.25988,20.786852,42.7509616,87.45396,18.020816,21.4129696,15.80592,2.766036,21.337992,"N2PKMg","N2 PK(Na)Mg",96,35,90,0,0,0,0,"B",0.62059625,NA,NA,NA,NA,NA,NA,NA,NA
"6404",1974,"5","7","wheat",5.74,4.78716,4.47,3.97383,NA,NA,NA,NA,NA,NA,NA,NA,NA,"N2PKMg","N2 PK(Na)Mg",96,35,90,0,0,0,0,"B",NA,NA,NA,NA,NA,NA,NA,NA,NA
"6511",1974,"8","7","wheat",3.36,2.83584,4.16,3.56928,NA,NA,NA,NA,NA,NA,NA,NA,NA,"N2PKMg","N2 PK(Na)Mg",96,35,90,0,0,0,0,"B",NA,NA,NA,NA,NA,NA,NA,NA,NA
"6555",1974,"9","7","wheat",5.7,4.788,4.03,3.58267,NA,NA,NA,NA,NA,NA,NA,NA,NA,"N2PKMg","N2 PK(Na)Mg",96,35,90,0,0,0,0,"B",NA,NA,NA,NA,NA,NA,NA,NA,NA
"3103",1974,"2","1","beans",3.09,2.2866,1.79,0.76612,109.710764,15.4161528,43.136428,103.81164,14.542776,29.03982,5.899124,0.8733768,14.096608,"FYM+NPK","FYM N2 PK",96,35,90,35,245.00112,37.4738,307.99587,"B",NA,NA,NA,NA,NA,NA,-0.269492541666667,-0.291257005714286,-0.253647955555556
"15102",1974,"2","10","beans",2.22,1.4763,0.67,0.23048,77.98853,7.339768,15.546018,76.02945,7.08624,14.02485,1.95908,0.253528,1.521168,"N","N2",96,0,0,0,0,0,0,"B",NA,NA,NA,NA,NA,NA,NA,NA,NA
"27102",1974,"2","11","beans",1.18,0.7906,0.55,0.2343,44.45868,5.661376,8.99844,41.5065,5.202148,7.82694,2.95218,0.459228,1.1715,"NP","N2 P",96,35,0,0,0,0,0,"B",NA,NA,NA,NA,NA,NA,NA,NA,NA
"51102",1974,"2","13","beans",3.28,1.94176,2.56,1.03424,102.189696,14.1782784,37.261312,93.398656,12.8544512,21.747712,8.79104,1.3238272,15.5136,"NPK","N2 PK",96,35,90,0,0,0,0,"B",NA,NA,NA,NA,NA,NA,NA,NA,NA
"63102",1974,"2","14","beans",3.74,2.6367,1.6,0.7904,142.90365,18.672414,34.37964,135.79005,17.771358,30.58572,7.1136,0.901056,3.79392,"N4PKMg","N2 PKMg*",96,35,90,0,0,0,0,"B",NA,NA,NA,NA,NA,NA,NA,NA,NA
"8711",1974,"2","16","beans",3.8,2.7094,2.79,1.27224,143.336684,20.4891896,53.000576,133.03154,18.911612,34.68032,10.305144,1.5775776,18.320256,"N5PKMg","N3 PK(Na)Mg",144,35,90,0,0,0,0,"B",NA,0.37569776,0.488912622222222,NA,NA,NA,NA,NA,NA
"14711",1974,"2","22","beans",3.99,2.85285,2.82,1.2408,141.641115,20.76426,64.421775,132.086955,19.39938,37.372335,9.55416,1.36488,27.04944,"FYM","FYM",0,0,0,35,245.00112,37.4738,307.99587,"B",NA,NA,NA,-0.118037031830712,0.259805281706467,0.396661186691718,NA,NA,NA
"15911",1974,"2","3","beans",3.2,2.352,0.91,0.35035,121.69395,12.282487,27.36356,118.5408,11.9952,25.4016,3.15315,0.287287,1.96196,"Control","Nil",0,0,0,0,0,0,0,"B",NA,NA,NA,NA,NA,NA,NA,NA,NA
"17112",1974,"2","5","beans",4.48,3.27936,2.45,1.029,170.56032,20.0942952,54.626712,162.32832,19.0858752,38.368512,8.232,1.00842,16.2582,"PKMg","PK(Na)Mg",0,35,90,0,0,0,0,"B",NA,NA,NA,NA,NA,NA,NA,NA,NA
"18311",1974,"2","6","beans",4.33,3.19121,2.51,0.97137,163.654565,22.352477,55.778876,156.36929,21.381107,40.528367,7.285275,0.97137,15.250509,"N1PKMg","N1 PK(Na)Mg",48,35,90,0,0,0,0,"B",NA,NA,NA,NA,NA,NA,NA,NA,NA
"19510",1974,"2","7","beans",3.97,2.83061,2.42,0.91476,144.053809,19.703104,49.204134,137.284585,18.5688016,35.665686,6.769224,1.1343024,13.538448,"N2PKMg","N2 PK(Na)Mg",96,35,90,0,0,0,0,"B",-0.276109489583334,NA,NA,NA,NA,NA,NA,NA,NA
"12",1975,"4","1","potato",11.91,2.51301,NA,NA,43.977675,5.02602,69.359076,NA,NA,NA,NA,NA,NA,"FYM+NPK","FYM N2 PK",96,35,90,35,228.01996,39.92814,269.0044,"B",NA,NA,NA,NA,NA,NA,-0.0547192187500001,-0.0757608000000001,-0.1345116
"41",1975,"4","10","potato",5.28,1.39392,NA,NA,23.836032,2.648448,19.793664,NA,NA,NA,NA,NA,NA,"N","N2",96,0,0,0,0,0,0,"B",NA,NA,NA,NA,NA,NA,NA,NA,NA
"70",1975,"4","11","potato",5.83,1.48665,NA,NA,27.35436,3.56796,21.11043,NA,NA,NA,NA,NA,NA,"NP","N2 P",96,35,0,0,0,0,0,"B",NA,NA,NA,NA,NA,NA,NA,NA,NA
"128",1975,"4","13","potato",9.64,2.05332,NA,NA,35.9331,5.0511672,57.49296,NA,NA,NA,NA,NA,NA,"NPK","N2 PK",96,35,90,0,0,0,0,"B",NA,NA,NA,NA,NA,NA,NA,NA,NA
"157",1975,"4","14","potato",12.42,3.14226,NA,NA,50.27616,6.0959844,57.189132,NA,NA,NA,NA,NA,NA,"N4PKMg","N2 PKMg*",96,35,90,0,0,0,0,"B",NA,NA,NA,NA,NA,NA,NA,NA,NA
"215",1975,"4","16","potato",12.33,2.76192,NA,NA,44.466912,6.076224,72.362304,NA,NA,NA,NA,NA,NA,"N5PKMg","N3 PK(Na)Mg",144,35,90,0,0,0,0,"B",NA,0.0979364571428572,0.569465266666667,NA,NA,NA,NA,NA,NA
"360",1975,"4","22","potato",13.2,2.9304,NA,NA,49.23072,7.677648,81.46512,NA,NA,NA,NA,NA,NA,"FYM","FYM",0,0,0,35,228.01996,39.92814,269.0044,"B",NA,NA,NA,0.152420726676735,0.111370460726333,0.0959405483625206,NA,NA,NA
"389",1975,"4","3","potato",5.01,1.28757,NA,NA,18.798522,3.1674222,24.206316,NA,NA,NA,NA,NA,NA,"Control","Nil",0,0,0,0,0,0,0,"B",NA,NA,NA,NA,NA,NA,NA,NA,NA
"418",1975,"4","5","potato",4.52,1.08028,NA,NA,14.475752,3.1760232,28.303336,NA,NA,NA,NA,NA,NA,"PKMg","PK(Na)Mg",0,35,90,0,0,0,0,"B",NA,NA,NA,NA,NA,NA,NA,NA,NA
"447",1975,"4","6","potato",6.37,1.43962,NA,NA,22.170148,3.6278424,38.581816,NA,NA,NA,NA,NA,NA,"N1PKMg","N1 PK(Na)Mg",48,35,90,0,0,0,0,"B",NA,NA,NA,NA,NA,NA,NA,NA,NA
"476",1975,"4","7","potato",9.43,2.11232,NA,NA,36.9656,4.9850752,55.765248,NA,NA,NA,NA,NA,NA,"N2PKMg","N2 PK(Na)Mg",96,35,90,0,0,0,0,"B",0.23426925,NA,NA,NA,NA,NA,NA,NA,NA
"4101",1975,"2","1","wheat",6.04,5.24272,6.52,5.52244,141.658944,23.5350192,106.2191312,108.524304,18.4543744,23.3825312,33.13464,5.0806448,82.8366,"FYM+NPK","FYM N2 PK",96,35,90,35,228.01996,39.92814,269.0044,"B",NA,NA,NA,NA,NA,NA,NA,NA,NA
"3411",1975,"3","1","wheat",5.89,5.11252,6.16,5.3284,NA,NA,NA,NA,NA,NA,NA,NA,NA,"FYM+NPK","FYM N2 PK",96,35,90,35,228.01996,39.92814,269.0044,"B",NA,NA,NA,NA,NA,NA,NA,NA,NA
"1252",1975,"6","1","wheat",5.88,5.16264,4.79,4.49781,NA,NA,NA,NA,NA,NA,NA,NA,NA,"FYM+NPK","FYM N2 PK",96,35,90,35,228.01996,39.92814,269.0044,"B",NA,NA,NA,NA,NA,NA,NA,NA,NA
"201",1975,"0","10","wheat",2.7,2.3544,1.99,1.78901,NA,NA,NA,NA,NA,NA,NA,NA,NA,"N","N2",96,0,0,0,0,0,0,"B",NA,NA,NA,NA,NA,NA,NA,NA,NA
"250",1975,"1","10","wheat",3.25,2.8275,1.98,1.76418,56.641896,7.032504,23.358612,48.35025,6.50325,12.94995,8.291646,0.529254,10.408662,"N","N2",96,0,0,0,0,0,0,"B",NA,NA,NA,NA,NA,NA,NA,NA,NA
"2961",1975,"2","10","wheat",5.65,4.9268,3.72,3.42612,102.919232,16.2188096,39.784824,80.30684,13.203824,21.283776,22.612392,3.0149856,18.501048,"N","N2",96,0,0,0,0,0,0,"B",NA,NA,NA,NA,NA,NA,NA,NA,NA
"3261",1975,"3","10","wheat",3.44,2.9928,2.19,2.00604,NA,NA,NA,NA,NA,NA,NA,NA,NA,"N","N2",96,0,0,0,0,0,0,"B",NA,NA,NA,NA,NA,NA,NA,NA,NA
"41710",1975,"6","10","wheat",1.36,1.17232,1.7,1.6099,NA,NA,NA,NA,NA,NA,NA,NA,NA,"N","N2",96,0,0,0,0,0,0,"B",NA,NA,NA,NA,NA,NA,NA,NA,NA
"49210",1975,"8","10","wheat",2.59,2.27402,2.03,1.9082,NA,NA,NA,NA,NA,NA,NA,NA,NA,"N","N2",96,0,0,0,0,0,0,"B",NA,NA,NA,NA,NA,NA,NA,NA,NA
"536",1975,"9","10","wheat",1.98,1.7424,2.56,2.4192,NA,NA,NA,NA,NA,NA,NA,NA,NA,"N","N2",96,0,0,0,0,0,0,"B",NA,NA,NA,NA,NA,NA,NA,NA,NA
"597",1975,"0","11","wheat",3.67,3.20024,3.33,3.00366,NA,NA,NA,NA,NA,NA,NA,NA,NA,"NP","N2 P",96,35,0,0,0,0,0,"B",NA,NA,NA,NA,NA,NA,NA,NA,NA
"646",1975,"1","11","wheat",3.65,3.1682,2.8,2.5396,60.60068,12.144272,23.3366,48.15664,10.264968,13.94008,12.44404,1.879304,9.39652,"NP","N2 P",96,35,0,0,0,0,0,"B",NA,NA,NA,NA,NA,NA,NA,NA,NA
"692",1975,"2","11","wheat",5.62,4.87816,3.74,3.39592,85.05812,18.2750752,61.10988,73.1724,16.7808704,23.415168,11.88572,1.4942048,37.694712,"NP","N2 P",96,35,0,0,0,0,0,"B",NA,NA,NA,NA,NA,NA,NA,NA,NA
"722",1975,"3","11","wheat",4.18,3.6366,3.04,2.80896,NA,NA,NA,NA,NA,NA,NA,NA,NA,"NP","N2 P",96,35,0,0,0,0,0,"B",NA,NA,NA,NA,NA,NA,NA,NA,NA
"813",1975,"6","11","wheat",1.22,1.05164,2.35,2.25835,NA,NA,NA,NA,NA,NA,NA,NA,NA,"NP","N2 P",96,35,0,0,0,0,0,"B",NA,NA,NA,NA,NA,NA,NA,NA,NA
"888",1975,"8","11","wheat",2.47,2.16866,2.93,2.79229,NA,NA,NA,NA,NA,NA,NA,NA,NA,"NP","N2 P",96,35,0,0,0,0,0,"B",NA,NA,NA,NA,NA,NA,NA,NA,NA
"932",1975,"9","11","wheat",1.73,1.52586,2.39,2.23704,NA,NA,NA,NA,NA,NA,NA,NA,NA,"NP","N2 P",96,35,0,0,0,0,0,"B",NA,NA,NA,NA,NA,NA,NA,NA,NA
"1389",1975,"0","13","wheat",3.88,3.36008,3.23,3.02328,NA,NA,NA,NA,NA,NA,NA,NA,NA,"NPK","N2 PK",96,35,90,0,0,0,0,"B",NA,NA,NA,NA,NA,NA,NA,NA,NA
"1438",1975,"1","13","wheat",4.29,3.70656,3.34,3.04942,66.444884,14.736898,51.215494,54.857088,12.602304,17.976816,11.587796,2.134594,33.238678,"NPK","N2 PK",96,35,90,0,0,0,0,"B",NA,NA,NA,NA,NA,NA,NA,NA,NA
"1484",1975,"2","13","wheat",6.35,5.4991,5.01,4.55409,100.986363,21.9449228,79.333106,84.13623,19.576796,26.505662,16.850133,2.3681268,52.827444,"NPK","N2 PK",96,35,90,0,0,0,0,"B",NA,NA,NA,NA,NA,NA,NA,NA,NA
"1514",1975,"3","13","wheat",4.96,4.3152,3.93,3.60774,NA,NA,NA,NA,NA,NA,NA,NA,NA,"NPK","N2 PK",96,35,90,0,0,0,0,"B",NA,NA,NA,NA,NA,NA,NA,NA,NA
"1605",1975,"6","13","wheat",1.58,1.36196,2.17,2.04414,NA,NA,NA,NA,NA,NA,NA,NA,NA,"NPK","N2 PK",96,35,90,0,0,0,0,"B",NA,NA,NA,NA,NA,NA,NA,NA,NA
"1680",1975,"8","13","wheat",2.8,2.4472,3.92,3.77104,NA,NA,NA,NA,NA,NA,NA,NA,NA,"NPK","N2 PK",96,35,90,0,0,0,0,"B",NA,NA,NA,NA,NA,NA,NA,NA,NA
"1724",1975,"9","13","wheat",1.68,1.47168,3.19,3.02731,NA,NA,NA,NA,NA,NA,NA,NA,NA,"NPK","N2 PK",96,35,90,0,0,0,0,"B",NA,NA,NA,NA,NA,NA,NA,NA,NA
"1785",1975,"0","14","wheat",4.06,3.5322,3.28,3.0176,NA,NA,NA,NA,NA,NA,NA,NA,NA,"N4PKMg","N2 PKMg*",96,35,90,0,0,0,0,"B",NA,NA,NA,NA,NA,NA,NA,NA,NA
"1834",1975,"1","14","wheat",4.39,3.82808,3.14,2.89194,68.036116,14.2334276,44.2661732,55.889968,12.5561024,18.5279072,12.146148,1.6773252,25.738266,"N4PKMg","N2 PKMg*",96,35,90,0,0,0,0,"B",NA,NA,NA,NA,NA,NA,NA,NA,NA
"1880",1975,"2","14","wheat",6.46,5.6202,4.83,4.49673,98.355495,21.58191,64.749492,82.61694,18.883872,26.97696,15.738555,2.698038,37.772532,"N4PKMg","N2 PKMg*",96,35,90,0,0,0,0,"B",NA,NA,NA,NA,NA,NA,NA,NA,NA
"1910",1975,"3","14","wheat",4.85,4.2195,3.59,3.38896,NA,NA,NA,NA,NA,NA,NA,NA,NA,"N4PKMg","N2 PKMg*",96,35,90,0,0,0,0,"B",NA,NA,NA,NA,NA,NA,NA,NA,NA
"2001",1975,"6","14","wheat",2.79,2.43846,3.15,2.9925,NA,NA,NA,NA,NA,NA,NA,NA,NA,"N4PKMg","N2 PKMg*",96,35,90,0,0,0,0,"B",NA,NA,NA,NA,NA,NA,NA,NA,NA
"2076",1975,"8","14","wheat",3.2,2.7968,3.46,3.31468,NA,NA,NA,NA,NA,NA,NA,NA,NA,"N4PKMg","N2 PKMg*",96,35,90,0,0,0,0,"B",NA,NA,NA,NA,NA,NA,NA,NA,NA
"2120",1975,"9","14","wheat",3.18,2.78568,3.31,3.16767,NA,NA,NA,NA,NA,NA,NA,NA,NA,"N4PKMg","N2 PKMg*",96,35,90,0,0,0,0,"B",NA,NA,NA,NA,NA,NA,NA,NA,NA
"2577",1975,"0","16","wheat",3.57,3.11304,2.98,2.7714,NA,NA,NA,NA,NA,NA,NA,NA,NA,"N5PKMg","N3 PK(Na)Mg",144,35,90,0,0,0,0,"B",NA,NA,NA,NA,NA,NA,NA,NA,NA
"2626",1975,"1","16","wheat",3.82,3.33868,2.58,2.3607,59.856868,11.1768304,42.0291132,50.414068,9.9492664,15.8253432,9.4428,1.227564,26.20377,"N5PKMg","N3 PK(Na)Mg",144,35,90,0,0,0,0,"B",NA,0.142236662857143,0.207694591111111,NA,NA,NA,NA,NA,NA
"2672",1975,"2","16","wheat",6.22,5.42384,4.49,4.14427,91.65143,19.6965594,70.3196804,77.560912,17.7901952,24.7327104,14.090518,1.9063642,45.58697,"N5PKMg","N3 PK(Na)Mg",144,35,90,0,0,0,0,"B",NA,0.09936428,0.102331115555556,NA,NA,NA,NA,NA,NA
"2702",1975,"3","16","wheat",4.66,4.06352,3.55,3.35475,NA,NA,NA,NA,NA,NA,NA,NA,NA,"N5PKMg","N3 PK(Na)Mg",144,35,90,0,0,0,0,"B",NA,NA,NA,NA,NA,NA,NA,NA,NA
"2793",1975,"6","16","wheat",3.68,3.22368,3.35,3.1289,NA,NA,NA,NA,NA,NA,NA,NA,NA,"N5PKMg","N3 PK(Na)Mg",144,35,90,0,0,0,0,"B",NA,NA,NA,NA,NA,NA,NA,NA,NA
"2868",1975,"8","16","wheat",3.03,2.65428,3.57,3.38079,NA,NA,NA,NA,NA,NA,NA,NA,NA,"N5PKMg","N3 PK(Na)Mg",144,35,90,0,0,0,0,"B",NA,NA,NA,NA,NA,NA,NA,NA,NA
"2912",1975,"9","16","wheat",3.73,3.27494,3.57,3.43434,NA,NA,NA,NA,NA,NA,NA,NA,NA,"N5PKMg","N3 PK(Na)Mg",144,35,90,0,0,0,0,"B",NA,NA,NA,NA,NA,NA,NA,NA,NA
"4161",1975,"0","20","wheat",2.98,2.59856,1.59,1.46598,NA,NA,NA,NA,NA,NA,NA,NA,NA,"NKMg","N2 K(Na)Mg",96,0,90,0,0,0,0,"B",NA,NA,NA,NA,NA,NA,NA,NA,NA
"4210",1975,"1","20","wheat",2.76,2.38464,1.52,1.38472,50.508584,6.1985472,26.1104848,44.831232,5.8662144,11.0170368,5.677352,0.3323328,15.093448,"NKMg","N2 K(Na)Mg",96,0,90,0,0,0,0,"B",NA,NA,NA,NA,NA,NA,NA,NA,NA
"4647",1975,"0","22","wheat",3.63,3.12906,4.28,3.81348,NA,NA,NA,NA,NA,NA,NA,NA,NA,"FYM","FYM",0,0,0,35,228.01996,39.92814,269.0044,"B",NA,NA,NA,NA,NA,NA,NA,NA,NA
"4696",1975,"1","22","wheat",3.79,3.2594,3.99,3.44736,65.118796,15.5033808,60.24644,54.43198,12.124968,15.775496,10.686816,3.3784128,44.470944,"FYM","FYM",0,0,0,35,228.01996,39.92814,269.0044,"B",NA,NA,NA,0.176770564296213,0.0640742678842677,0.0198145636022391,NA,NA,NA
"4742",1975,"2","22","wheat",6.69,5.76678,5.7,4.8906,116.970012,24.1589748,108.514032,100.341972,19.9530588,25.373832,16.62804,4.205916,83.1402,"FYM","FYM",0,0,0,35,228.01996,39.92814,269.0044,"B",NA,NA,NA,0.320909222157569,0.0616208335445722,0.139952186641906,NA,NA,NA
"4772",1975,"3","22","wheat",4.02,3.48132,4.21,3.64586,NA,NA,NA,NA,NA,NA,NA,NA,NA,"FYM","FYM",0,0,0,35,228.01996,39.92814,269.0044,"B",NA,NA,NA,NA,NA,NA,NA,NA,NA
"4863",1975,"6","22","wheat",5.09,4.44866,3.36,3.17184,NA,NA,NA,NA,NA,NA,NA,NA,NA,"FYM","FYM",0,0,0,35,228.01996,39.92814,269.0044,"B",NA,NA,NA,NA,NA,NA,NA,NA,NA
"4938",1975,"8","22","wheat",4.58,4.0304,3.83,3.66914,NA,NA,NA,NA,NA,NA,NA,NA,NA,"FYM","FYM",0,0,0,35,228.01996,39.92814,269.0044,"B",NA,NA,NA,NA,NA,NA,NA,NA,NA
"4982",1975,"9","22","wheat",3.94,3.45144,3.45,3.22575,NA,NA,NA,NA,NA,NA,NA,NA,NA,"FYM","FYM",0,0,0,35,228.01996,39.92814,269.0044,"B",NA,NA,NA,NA,NA,NA,NA,NA,NA
"5033",1975,"0","3","wheat",1.22,1.05164,0.86,0.7525,NA,NA,NA,NA,NA,NA,NA,NA,NA,"Control","Nil",0,0,0,0,0,0,0,"B",NA,NA,NA,NA,NA,NA,NA,NA,NA
"5082",1975,"1","3","wheat",1.21,1.03818,0.94,0.8225,20.437516,4.1740668,12.1797368,16.818516,3.3844668,4.9417368,3.619,0.7896,7.238,"Control","Nil",0,0,0,0,0,0,0,"B",NA,NA,NA,NA,NA,NA,NA,NA,NA
"5128",1975,"2","3","wheat",3.06,2.62548,1.89,1.63107,40.372965,10.167822,24.2879202,35.969076,9.18918,12.7073232,4.403889,0.978642,11.580597,"Control","Nil",0,0,0,0,0,0,0,"B",NA,NA,NA,NA,NA,NA,NA,NA,NA
"5158",1975,"3","3","wheat",1.1,0.9372,0.71,0.62267,NA,NA,NA,NA,NA,NA,NA,NA,NA,"Control","Nil",0,0,0,0,0,0,0,"B",NA,NA,NA,NA,NA,NA,NA,NA,NA
"5249",1975,"6","3","wheat",2.31,1.99584,1.07,1.00687,NA,NA,NA,NA,NA,NA,NA,NA,NA,"Control","Nil",0,0,0,0,0,0,0,"B",NA,NA,NA,NA,NA,NA,NA,NA,NA
"5324",1975,"8","3","wheat",2.37,2.06664,1.24,1.17304,NA,NA,NA,NA,NA,NA,NA,NA,NA,"Control","Nil",0,0,0,0,0,0,0,"B",NA,NA,NA,NA,NA,NA,NA,NA,NA
"5368",1975,"9","3","wheat",1.1,0.9548,0.71,0.65746,NA,NA,NA,NA,NA,NA,NA,NA,NA,"Control","Nil",0,0,0,0,0,0,0,"B",NA,NA,NA,NA,NA,NA,NA,NA,NA
"5429",1975,"0","5","wheat",1.57,1.33764,1.28,1.11104,NA,NA,NA,NA,NA,NA,NA,NA,NA,"PKMg","PK(Na)Mg",0,35,90,0,0,0,0,"B",NA,NA,NA,NA,NA,NA,NA,NA,NA
"5478",1975,"1","5","wheat",1.49,1.28438,1.21,1.03939,24.811579,5.742598,18.246447,20.55008,4.49533,6.293462,4.261499,1.247268,11.952985,"PKMg","PK(Na)Mg",0,35,90,0,0,0,0,"B",NA,NA,NA,NA,NA,NA,NA,NA,NA
"5524",1975,"2","5","wheat",3.56,3.04736,2.16,1.86192,43.796304,12.4024352,31.0731712,38.396736,10.7267072,14.6882752,5.399568,1.675728,16.384896,"PKMg","PK(Na)Mg",0,35,90,0,0,0,0,"B",NA,NA,NA,NA,NA,NA,NA,NA,NA
"5554",1975,"3","5","wheat",1.03,0.88374,0.56,0.48328,NA,NA,NA,NA,NA,NA,NA,NA,NA,"PKMg","PK(Na)Mg",0,35,90,0,0,0,0,"B",NA,NA,NA,NA,NA,NA,NA,NA,NA
"5645",1975,"6","5","wheat",2.54,2.17932,0.84,0.7896,NA,NA,NA,NA,NA,NA,NA,NA,NA,"PKMg","PK(Na)Mg",0,35,90,0,0,0,0,"B",NA,NA,NA,NA,NA,NA,NA,NA,NA
"5720",1975,"8","5","wheat",2.37,2.06664,1.38,1.29996,NA,NA,NA,NA,NA,NA,NA,NA,NA,"PKMg","PK(Na)Mg",0,35,90,0,0,0,0,"B",NA,NA,NA,NA,NA,NA,NA,NA,NA
"5764",1975,"9","5","wheat",1.24,1.08128,0.73,0.69496,NA,NA,NA,NA,NA,NA,NA,NA,NA,"PKMg","PK(Na)Mg",0,35,90,0,0,0,0,"B",NA,NA,NA,NA,NA,NA,NA,NA,NA
"5825",1975,"0","6","wheat",3.26,2.81664,2.35,2.0351,NA,NA,NA,NA,NA,NA,NA,NA,NA,"N1PKMg","N1 PK(Na)Mg",48,35,90,0,0,0,0,"B",NA,NA,NA,NA,NA,NA,NA,NA,NA
"5874",1975,"1","6","wheat",3.02,2.63344,2.02,1.73922,48.217388,11.485409,32.6403924,41.608352,10.007072,14.3785824,6.609036,1.478337,18.26181,"N1PKMg","N1 PK(Na)Mg",48,35,90,0,0,0,0,"B",NA,NA,NA,NA,NA,NA,NA,NA,NA
"5920",1975,"2","6","wheat",5.42,4.65036,4.43,3.72563,74.884151,20.2227568,57.0609574,65.570076,18.136404,23.9028504,9.314075,2.0863528,33.158107,"N1PKMg","N1 PK(Na)Mg",48,35,90,0,0,0,0,"B",NA,NA,NA,NA,NA,NA,NA,NA,NA
"5950",1975,"3","6","wheat",3.16,2.73024,2.33,2.03409,NA,NA,NA,NA,NA,NA,NA,NA,NA,"N1PKMg","N1 PK(Na)Mg",48,35,90,0,0,0,0,"B",NA,NA,NA,NA,NA,NA,NA,NA,NA
"6041",1975,"6","6","wheat",3.07,2.68318,2.25,2.079,NA,NA,NA,NA,NA,NA,NA,NA,NA,"N1PKMg","N1 PK(Na)Mg",48,35,90,0,0,0,0,"B",NA,NA,NA,NA,NA,NA,NA,NA,NA
"6116",1975,"8","6","wheat",2.9,2.5288,2.32,2.19008,NA,NA,NA,NA,NA,NA,NA,NA,NA,"N1PKMg","N1 PK(Na)Mg",48,35,90,0,0,0,0,"B",NA,NA,NA,NA,NA,NA,NA,NA,NA
"6160",1975,"9","6","wheat",2.61,2.29158,2.32,2.18312,NA,NA,NA,NA,NA,NA,NA,NA,NA,"N1PKMg","N1 PK(Na)Mg",48,35,90,0,0,0,0,"B",NA,NA,NA,NA,NA,NA,NA,NA,NA
"6221",1975,"0","7","wheat",4.4,3.8192,3.79,3.3352,NA,NA,NA,NA,NA,NA,NA,NA,NA,"N2PKMg","N2 PK(Na)Mg",96,35,90,0,0,0,0,"B",NA,NA,NA,NA,NA,NA,NA,NA,NA
"6270",1975,"1","7","wheat",3.72,3.26616,3.3,2.8908,67.805016,15.1298808,50.843928,54.218256,12.6727008,17.310648,13.58676,2.45718,33.53328,"N2PKMg","N2 PK(Na)Mg",96,35,90,0,0,0,0,"B",0.447848302083333,NA,NA,NA,NA,NA,NA,NA,NA
"6316",1975,"2","7","wheat",6.47,5.59008,5.32,4.66564,101.114068,23.5390152,77.9114632,83.8512,20.4596928,27.0559872,17.262868,3.0793224,50.855476,"N2PKMg","N2 PK(Na)Mg",96,35,90,0,0,0,0,"B",0.597060041666667,NA,NA,NA,NA,NA,NA,NA,NA
"6346",1975,"3","7","wheat",4.65,4.0269,3.61,3.18041,NA,NA,NA,NA,NA,NA,NA,NA,NA,"N2PKMg","N2 PK(Na)Mg",96,35,90,0,0,0,0,"B",NA,NA,NA,NA,NA,NA,NA,NA,NA
"6437",1975,"6","7","wheat",3.29,2.86888,2.99,2.81658,NA,NA,NA,NA,NA,NA,NA,NA,NA,"N2PKMg","N2 PK(Na)Mg",96,35,90,0,0,0,0,"B",NA,NA,NA,NA,NA,NA,NA,NA,NA
"6512",1975,"8","7","wheat",3.56,3.12568,3.89,3.71495,NA,NA,NA,NA,NA,NA,NA,NA,NA,"N2PKMg","N2 PK(Na)Mg",96,35,90,0,0,0,0,"B",NA,NA,NA,NA,NA,NA,NA,NA,NA
"6556",1975,"9","7","wheat",3.41,2.99398,2.94,2.793,NA,NA,NA,NA,NA,NA,NA,NA,NA,"N2PKMg","N2 PK(Na)Mg",96,35,90,0,0,0,0,"B",NA,NA,NA,NA,NA,NA,NA,NA,NA
"1013",1975,"7","1","beans",0.91,0.7917,0.47,0.42441,33.217065,4.0961046,21.021504,29.60958,3.815994,9.81708,3.607485,0.2801106,11.204424,"FYM+NPK","FYM N2 PK",96,35,90,35,228.01996,39.92814,269.0044,"B",NA,NA,NA,NA,NA,NA,NA,NA,NA
"2213",1975,"7","10","beans",0.8,0.6952,0.39,0.35217,37.063729,2.887365,7.624779,33.64768,2.71128,6.67392,3.416049,0.176085,0.950859,"N","N2",96,0,0,0,0,0,0,"B",NA,NA,NA,NA,NA,NA,NA,NA,NA
"3413",1975,"7","11","beans",0.59,0.51389,0.65,0.54145,31.250362,2.8800226,8.016853,25.077832,2.2302826,4.984733,6.17253,0.64974,3.03212,"NP","N2 P",96,35,0,0,0,0,0,"B",NA,NA,NA,NA,NA,NA,NA,NA,NA
"585",1975,"7","13","beans",0.96,0.83328,1.34,1.15374,37.330734,5.17272,37.22124,29.831424,4.249728,10.915968,7.49931,0.922992,26.305272,"NPK","N2 PK",96,35,90,0,0,0,0,"B",NA,NA,NA,NA,NA,NA,NA,NA,NA
"7011",1975,"7","14","beans",1.02,0.88128,1.11,0.95238,40.63149,5.7274956,23.033016,33.48864,4.7941632,11.985408,7.14285,0.9333324,11.047608,"N4PKMg","N2 PKMg*",96,35,90,0,0,0,0,"B",NA,NA,NA,NA,NA,NA,NA,NA,NA
"9411",1975,"7","16","beans",1.59,1.38171,1.23,1.09716,63.334578,7.6660008,41.855967,55.544742,6.9638184,18.376743,7.789836,0.7021824,23.479224,"N5PKMg","N3 PK(Na)Mg",144,35,90,0,0,0,0,"B",NA,0.136532451428571,0.375990155555556,NA,NA,NA,NA,NA,NA
"15411",1975,"7","22","beans",1.51,1.31823,0.69,0.61617,60.777873,6.1593084,35.587734,56.156598,5.8265766,16.609698,4.621275,0.3327318,18.978036,"FYM","FYM",0,0,0,35,228.01996,39.92814,269.0044,"B",NA,NA,NA,0.0215262427026125,0.1040002989212,0.12949529067543,NA,NA,NA
"16612",1975,"7","3","beans",1.09,0.94939,0.46,0.4094,52.892646,4.439332,12.983333,48.798646,4.177316,10.158473,4.094,0.262016,2.82486,"Control","Nil",0,0,0,0,0,0,0,"B",NA,NA,NA,NA,NA,NA,NA,NA,NA
"17811",1975,"7","5","beans",1.31,1.1397,0.77,0.68684,55.86946,6.3344684,32.948676,50.37474,5.81247,14.8161,5.49472,0.5219984,18.132576,"PKMg","PK(Na)Mg",0,35,90,0,0,0,0,"B",NA,NA,NA,NA,NA,NA,NA,NA,NA
"19010",1975,"7","6","beans",1.47,1.2789,1.07,0.94802,56.61882,7.247718,45.132476,48.08664,6.3945,16.88148,8.53218,0.853218,28.250996,"N1PKMg","N1 PK(Na)Mg",48,35,90,0,0,0,0,"B",NA,NA,NA,NA,NA,NA,NA,NA,NA
"20210",1975,"7","7","beans",1.45,1.2586,1.37,1.20423,54.94344,7.0320108,48.153472,45.3096,6.116796,16.3618,9.63384,0.9152148,31.791672,"N2PKMg","N2 PK(Na)Mg",96,35,90,0,0,0,0,"B",-0.0096460416666666,NA,NA,NA,NA,NA,NA,NA,NA
"3",1976,"2","1","potato",30.27,5.69076,NA,NA,93.89754,NA,NA,NA,NA,NA,NA,NA,NA,"FYM+NPK","FYM N2 PK",96,35,90,35,189,43.64885,466.42225,"B",NA,NA,NA,NA,NA,NA,-0.286285541666667,NA,NA
"32",1976,"2","10","potato",10.6,2.5122,NA,NA,46.72692,NA,NA,NA,NA,NA,NA,NA,NA,"N","N2",96,0,0,0,0,0,0,"B",NA,NA,NA,NA,NA,NA,NA,NA,NA
"61",1976,"2","11","potato",8.27,2.00961,NA,NA,40.1922,NA,NA,NA,NA,NA,NA,NA,NA,"NP","N2 P",96,35,0,0,0,0,0,"B",NA,NA,NA,NA,NA,NA,NA,NA,NA
"119",1976,"2","13","potato",22.36,4.49436,NA,NA,79.550172,NA,NA,NA,NA,NA,NA,NA,NA,"NPK","N2 PK",96,35,90,0,0,0,0,"B",NA,NA,NA,NA,NA,NA,NA,NA,NA
"148",1976,"2","14","potato",22.43,4.97946,NA,NA,77.679576,NA,NA,NA,NA,NA,NA,NA,NA,"N4PKMg","N2 PKMg*",96,35,90,0,0,0,0,"B",NA,NA,NA,NA,NA,NA,NA,NA,NA
"206",1976,"2","16","potato",27.95,5.61795,NA,NA,91.01079,NA,NA,NA,NA,NA,NA,NA,NA,"N5PKMg","N3 PK(Na)Mg",144,35,90,0,0,0,0,"B",NA,NA,NA,NA,NA,NA,NA,NA,NA
"351",1976,"2","22","potato",37.52,7.01624,NA,NA,121.380952,NA,NA,NA,NA,NA,NA,NA,NA,"FYM","FYM",0,0,0,35,189,43.64885,466.42225,"B",NA,NA,NA,0.393815830687831,0.394994878306878,0.429570116402117,NA,NA,NA
"380",1976,"2","3","potato",11.61,2.73996,NA,NA,38.35944,NA,NA,NA,NA,NA,NA,NA,NA,"Control","Nil",0,0,0,0,0,0,0,"B",NA,NA,NA,NA,NA,NA,NA,NA,NA
"409",1976,"2","5","potato",18.72,3.91248,NA,NA,46.94976,NA,NA,NA,NA,NA,NA,NA,NA,"PKMg","PK(Na)Mg",0,35,90,0,0,0,0,"B",NA,NA,NA,NA,NA,NA,NA,NA,NA
"438",1976,"2","6","potato",25.55,5.5699,NA,NA,77.42161,NA,NA,NA,NA,NA,NA,NA,NA,"N1PKMg","N1 PK(Na)Mg",48,35,90,0,0,0,0,"B",NA,NA,NA,NA,NA,NA,NA,NA,NA
"467",1976,"2","7","potato",30.59,6.36272,NA,NA,98.62216,NA,NA,NA,NA,NA,NA,NA,NA,"N2PKMg","N2 PK(Na)Mg",96,35,90,0,0,0,0,"B",0.538254166666667,NA,NA,NA,NA,NA,NA,NA,NA
"9310",1976,"5","1","wheat",4.1,3.608,4.96,4.59792,NA,NA,NA,NA,NA,NA,NA,NA,NA,"FYM+NPK","FYM N2 PK",96,35,90,35,189,43.64885,466.42225,"B",NA,NA,NA,NA,NA,NA,NA,NA,NA
"1262",1976,"6","1","wheat",4.66,4.08216,5.75,5.29575,NA,NA,NA,NA,NA,NA,NA,NA,NA,"FYM+NPK","FYM N2 PK",96,35,90,35,189,43.64885,466.42225,"B",NA,NA,NA,NA,NA,NA,NA,NA,NA
"17011",1976,"7","1","wheat",4.11,3.60036,6,5.526,133.25418,NA,NA,91.80918,NA,NA,41.445,NA,NA,"FYM+NPK","FYM N2 PK",96,35,90,35,189,43.64885,466.42225,"B",NA,NA,NA,NA,NA,NA,NA,NA,NA
"202",1976,"0","10","wheat",1.86,1.6368,1.64,1.52192,NA,NA,NA,NA,NA,NA,NA,NA,NA,"N","N2",96,0,0,0,0,0,0,"B",NA,NA,NA,NA,NA,NA,NA,NA,NA
"251",1976,"1","10","wheat",2.52,2.21256,2.06,1.89932,60.827992,NA,NA,51.331392,NA,NA,9.4966,NA,NA,"N","N2",96,0,0,0,0,0,0,"B",NA,NA,NA,NA,NA,NA,NA,NA,NA
"3852",1976,"5","10","wheat",3.97,3.47772,3.75,3.54,NA,NA,NA,NA,NA,NA,NA,NA,NA,"N","N2",96,0,0,0,0,0,0,"B",NA,NA,NA,NA,NA,NA,NA,NA,NA
"41810",1976,"6","10","wheat",3.49,3.05026,2.89,2.72527,NA,NA,NA,NA,NA,NA,NA,NA,NA,"N","N2",96,0,0,0,0,0,0,"B",NA,NA,NA,NA,NA,NA,NA,NA,NA
"4621",1976,"7","10","wheat",3.1,2.7156,2.35,2.1855,73.8234,NA,NA,62.4588,NA,NA,11.3646,NA,NA,"N","N2",96,0,0,0,0,0,0,"B",NA,NA,NA,NA,NA,NA,NA,NA,NA
"49310",1976,"8","10","wheat",2.02,1.76952,1.91,1.79158,NA,NA,NA,NA,NA,NA,NA,NA,NA,"N","N2",96,0,0,0,0,0,0,"B",NA,NA,NA,NA,NA,NA,NA,NA,NA
"537",1976,"9","10","wheat",0.65,0.5668,0.63,0.58464,NA,NA,NA,NA,NA,NA,NA,NA,NA,"N","N2",96,0,0,0,0,0,0,"B",NA,NA,NA,NA,NA,NA,NA,NA,NA
"598",1976,"0","11","wheat",2.05,1.7999,2.14,1.98806,NA,NA,NA,NA,NA,NA,NA,NA,NA,"NP","N2 P",96,35,0,0,0,0,0,"B",NA,NA,NA,NA,NA,NA,NA,NA,NA
"647",1976,"1","11","wheat",2.55,2.244,2.02,1.83012,61.104696,NA,NA,50.49,NA,NA,10.614696,NA,NA,"NP","N2 P",96,35,0,0,0,0,0,"B",NA,NA,NA,NA,NA,NA,NA,NA,NA
"781",1976,"5","11","wheat",3.25,2.8405,2.95,2.75235,NA,NA,NA,NA,NA,NA,NA,NA,NA,"NP","N2 P",96,35,0,0,0,0,0,"B",NA,NA,NA,NA,NA,NA,NA,NA,NA
"814",1976,"6","11","wheat",3.78,3.31128,3.22,3.02358,NA,NA,NA,NA,NA,NA,NA,NA,NA,"NP","N2 P",96,35,0,0,0,0,0,"B",NA,NA,NA,NA,NA,NA,NA,NA,NA
"858",1976,"7","11","wheat",3.35,2.9346,2.95,2.7553,74.57651,NA,NA,61.6266,NA,NA,12.94991,NA,NA,"NP","N2 P",96,35,0,0,0,0,0,"B",NA,NA,NA,NA,NA,NA,NA,NA,NA
"889",1976,"8","11","wheat",1.79,1.56088,1.82,1.69988,NA,NA,NA,NA,NA,NA,NA,NA,NA,"NP","N2 P",96,35,0,0,0,0,0,"B",NA,NA,NA,NA,NA,NA,NA,NA,NA
"933",1976,"9","11","wheat",2.05,1.7999,2,1.89,NA,NA,NA,NA,NA,NA,NA,NA,NA,"NP","N2 P",96,35,0,0,0,0,0,"B",NA,NA,NA,NA,NA,NA,NA,NA,NA
"1390",1976,"0","13","wheat",3.95,3.4681,4.16,3.8688,NA,NA,NA,NA,NA,NA,NA,NA,NA,"NPK","N2 PK",96,35,90,0,0,0,0,"B",NA,NA,NA,NA,NA,NA,NA,NA,NA
"1439",1976,"1","13","wheat",4.04,3.54712,4.12,3.79864,97.917912,NA,NA,81.58376,NA,NA,16.334152,NA,NA,"NPK","N2 PK",96,35,90,0,0,0,0,"B",NA,NA,NA,NA,NA,NA,NA,NA,NA
"1573",1976,"5","13","wheat",4.25,3.7315,4.08,3.84336,NA,NA,NA,NA,NA,NA,NA,NA,NA,"NPK","N2 PK",96,35,90,0,0,0,0,"B",NA,NA,NA,NA,NA,NA,NA,NA,NA
"1606",1976,"6","13","wheat",4.11,3.6168,3.69,3.4317,NA,NA,NA,NA,NA,NA,NA,NA,NA,"NPK","N2 PK",96,35,90,0,0,0,0,"B",NA,NA,NA,NA,NA,NA,NA,NA,NA
"1650",1976,"7","13","wheat",4.18,3.6784,3.81,3.57759,98.07707,NA,NA,80.18912,NA,NA,17.88795,NA,NA,"NPK","N2 PK",96,35,90,0,0,0,0,"B",NA,NA,NA,NA,NA,NA,NA,NA,NA
"1681",1976,"8","13","wheat",2.21,1.93596,2.88,2.71296,NA,NA,NA,NA,NA,NA,NA,NA,NA,"NPK","N2 PK",96,35,90,0,0,0,0,"B",NA,NA,NA,NA,NA,NA,NA,NA,NA
"1725",1976,"9","13","wheat",3.5,3.073,3.79,3.52849,NA,NA,NA,NA,NA,NA,NA,NA,NA,"NPK","N2 PK",96,35,90,0,0,0,0,"B",NA,NA,NA,NA,NA,NA,NA,NA,NA
"1786",1976,"0","14","wheat",3.77,3.3176,4.13,3.80786,NA,NA,NA,NA,NA,NA,NA,NA,NA,"N4PKMg","N2 PKMg*",96,35,90,0,0,0,0,"B",NA,NA,NA,NA,NA,NA,NA,NA,NA
"1835",1976,"1","14","wheat",4.01,3.50474,3.71,3.39094,88.91567,NA,NA,75.35191,NA,NA,13.56376,NA,NA,"N4PKMg","N2 PKMg*",96,35,90,0,0,0,0,"B",NA,NA,NA,NA,NA,NA,NA,NA,NA
"1969",1976,"5","14","wheat",4.21,3.7048,3.96,3.7422,NA,NA,NA,NA,NA,NA,NA,NA,NA,"N4PKMg","N2 PKMg*",96,35,90,0,0,0,0,"B",NA,NA,NA,NA,NA,NA,NA,NA,NA
"2002",1976,"6","14","wheat",4.05,3.564,3.81,3.53949,NA,NA,NA,NA,NA,NA,NA,NA,NA,"N4PKMg","N2 PKMg*",96,35,90,0,0,0,0,"B",NA,NA,NA,NA,NA,NA,NA,NA,NA
"2046",1976,"7","14","wheat",4.58,4.02124,3.49,3.25268,95.44614,NA,NA,82.43542,NA,NA,13.01072,NA,NA,"N4PKMg","N2 PKMg*",96,35,90,0,0,0,0,"B",NA,NA,NA,NA,NA,NA,NA,NA,NA
"2077",1976,"8","14","wheat",2.2,1.9272,2,1.888,NA,NA,NA,NA,NA,NA,NA,NA,NA,"N4PKMg","N2 PKMg*",96,35,90,0,0,0,0,"B",NA,NA,NA,NA,NA,NA,NA,NA,NA
"2121",1976,"9","14","wheat",3.48,3.05544,3.03,2.8482,NA,NA,NA,NA,NA,NA,NA,NA,NA,"N4PKMg","N2 PKMg*",96,35,90,0,0,0,0,"B",NA,NA,NA,NA,NA,NA,NA,NA,NA
"2578",1976,"0","16","wheat",3.66,3.20616,3.77,3.49479,NA,NA,NA,NA,NA,NA,NA,NA,NA,"N5PKMg","N3 PK(Na)Mg",144,35,90,0,0,0,0,"B",NA,NA,NA,NA,NA,NA,NA,NA,NA
"2627",1976,"1","16","wheat",3.57,3.12732,3.35,3.07865,82.654965,NA,NA,68.80104,NA,NA,13.853925,NA,NA,"N5PKMg","N3 PK(Na)Mg",144,35,90,0,0,0,0,"B",NA,NA,NA,NA,NA,NA,NA,NA,NA
"2761",1976,"5","16","wheat",4.22,3.7136,4.31,4.03847,NA,NA,NA,NA,NA,NA,NA,NA,NA,"N5PKMg","N3 PK(Na)Mg",144,35,90,0,0,0,0,"B",NA,NA,NA,NA,NA,NA,NA,NA,NA
"2794",1976,"6","16","wheat",4.1,3.608,3.62,3.4209,NA,NA,NA,NA,NA,NA,NA,NA,NA,"N5PKMg","N3 PK(Na)Mg",144,35,90,0,0,0,0,"B",NA,NA,NA,NA,NA,NA,NA,NA,NA
"2838",1976,"7","16","wheat",4.22,3.72204,3.52,3.31232,98.238164,NA,NA,83.001492,NA,NA,15.236672,NA,NA,"N5PKMg","N3 PK(Na)Mg",144,35,90,0,0,0,0,"B",NA,NA,NA,NA,NA,NA,NA,NA,NA
"2869",1976,"8","16","wheat",1.93,1.69068,2.93,2.73955,NA,NA,NA,NA,NA,NA,NA,NA,NA,"N5PKMg","N3 PK(Na)Mg",144,35,90,0,0,0,0,"B",NA,NA,NA,NA,NA,NA,NA,NA,NA
"2913",1976,"9","16","wheat",3.61,3.1768,3.02,2.82672,NA,NA,NA,NA,NA,NA,NA,NA,NA,"N5PKMg","N3 PK(Na)Mg",144,35,90,0,0,0,0,"B",NA,NA,NA,NA,NA,NA,NA,NA,NA
"4162",1976,"0","20","wheat",2.92,2.55792,2.5,2.3,NA,NA,NA,NA,NA,NA,NA,NA,NA,"NKMg","N2 K(Na)Mg",96,0,90,0,0,0,0,"B",NA,NA,NA,NA,NA,NA,NA,NA,NA
"4211",1976,"1","20","wheat",2.37,2.0856,1.67,1.51636,58.527364,NA,NA,51.0972,NA,NA,7.430164,NA,NA,"NKMg","N2 K(Na)Mg",96,0,90,0,0,0,0,"B",NA,NA,NA,NA,NA,NA,NA,NA,NA
"4648",1976,"0","22","wheat",4.75,4.161,5.78,5.23668,NA,NA,NA,NA,NA,NA,NA,NA,NA,"FYM","FYM",0,0,0,35,189,43.64885,466.42225,"B",NA,NA,NA,NA,NA,NA,NA,NA,NA
"4697",1976,"1","22","wheat",4.62,4.04712,5.77,5.18723,113.998023,NA,NA,90.655488,NA,NA,23.342535,NA,NA,"FYM","FYM",0,0,0,35,189,43.64885,466.42225,"B",NA,NA,NA,0.454235306878307,0.29349555026455,0.279858873015873,NA,NA,NA
"4831",1976,"5","22","wheat",4.68,4.1184,6.51,6.00873,NA,NA,NA,NA,NA,NA,NA,NA,NA,"FYM","FYM",0,0,0,35,189,43.64885,466.42225,"B",NA,NA,NA,NA,NA,NA,NA,NA,NA
"4864",1976,"6","22","wheat",4.32,3.78432,5.28,4.86288,NA,NA,NA,NA,NA,NA,NA,NA,NA,"FYM","FYM",0,0,0,35,189,43.64885,466.42225,"B",NA,NA,NA,NA,NA,NA,NA,NA,NA
"4908",1976,"7","22","wheat",4.61,4.04758,6.12,5.62428,134.756344,NA,NA,98.760952,NA,NA,35.995392,NA,NA,"FYM","FYM",0,0,0,35,189,43.64885,466.42225,"B",NA,NA,NA,0.505487798941799,0.322396529100529,0.31841182010582,NA,NA,NA
"4939",1976,"8","22","wheat",2.61,2.26548,5.55,5.18925,NA,NA,NA,NA,NA,NA,NA,NA,NA,"FYM","FYM",0,0,0,35,189,43.64885,466.42225,"B",NA,NA,NA,NA,NA,NA,NA,NA,NA
"4983",1976,"9","22","wheat",4.09,3.57466,5.38,4.94422,NA,NA,NA,NA,NA,NA,NA,NA,NA,"FYM","FYM",0,0,0,35,189,43.64885,466.42225,"B",NA,NA,NA,NA,NA,NA,NA,NA,NA
"5034",1976,"0","3","wheat",1.85,1.6169,1.48,1.34236,NA,NA,NA,NA,NA,NA,NA,NA,NA,"Control","Nil",0,0,0,0,0,0,0,"B",NA,NA,NA,NA,NA,NA,NA,NA,NA
"5083",1976,"1","3","wheat",1.61,1.40392,1.2,1.0848,31.205152,NA,NA,27.516832,NA,NA,3.68832,NA,NA,"Control","Nil",0,0,0,0,0,0,0,"B",NA,NA,NA,NA,NA,NA,NA,NA,NA
"5217",1976,"5","3","wheat",3.06,2.67444,2.51,2.34936,NA,NA,NA,NA,NA,NA,NA,NA,NA,"Control","Nil",0,0,0,0,0,0,0,"B",NA,NA,NA,NA,NA,NA,NA,NA,NA
"5250",1976,"6","3","wheat",1.1,0.957,0.74,0.68302,NA,NA,NA,NA,NA,NA,NA,NA,NA,"Control","Nil",0,0,0,0,0,0,0,"B",NA,NA,NA,NA,NA,NA,NA,NA,NA
"5294",1976,"7","3","wheat",2.34,2.04048,2.13,1.95108,42.972096,NA,NA,36.72864,NA,NA,6.243456,NA,NA,"Control","Nil",0,0,0,0,0,0,0,"B",NA,NA,NA,NA,NA,NA,NA,NA,NA
"5325",1976,"8","3","wheat",1.34,1.16312,1.24,1.1346,NA,NA,NA,NA,NA,NA,NA,NA,NA,"Control","Nil",0,0,0,0,0,0,0,"B",NA,NA,NA,NA,NA,NA,NA,NA,NA
"5369",1976,"9","3","wheat",1.12,0.9744,1.02,0.94554,NA,NA,NA,NA,NA,NA,NA,NA,NA,"Control","Nil",0,0,0,0,0,0,0,"B",NA,NA,NA,NA,NA,NA,NA,NA,NA
"5430",1976,"0","5","wheat",2,1.752,1.47,1.32741,NA,NA,NA,NA,NA,NA,NA,NA,NA,"PKMg","PK(Na)Mg",0,35,90,0,0,0,0,"B",NA,NA,NA,NA,NA,NA,NA,NA,NA
"5479",1976,"1","5","wheat",1.48,1.29056,1.14,1.03626,28.14755,NA,NA,24.52064,NA,NA,3.62691,NA,NA,"PKMg","PK(Na)Mg",0,35,90,0,0,0,0,"B",NA,NA,NA,NA,NA,NA,NA,NA,NA
"5613",1976,"5","5","wheat",3.22,2.80784,3.68,3.44816,NA,NA,NA,NA,NA,NA,NA,NA,NA,"PKMg","PK(Na)Mg",0,35,90,0,0,0,0,"B",NA,NA,NA,NA,NA,NA,NA,NA,NA
"5646",1976,"6","5","wheat",1.17,1.01322,0.99,0.91377,NA,NA,NA,NA,NA,NA,NA,NA,NA,"PKMg","PK(Na)Mg",0,35,90,0,0,0,0,"B",NA,NA,NA,NA,NA,NA,NA,NA,NA
"5690",1976,"7","5","wheat",2.05,1.7835,1.95,1.7784,39.21915,NA,NA,32.99475,NA,NA,6.2244,NA,NA,"PKMg","PK(Na)Mg",0,35,90,0,0,0,0,"B",NA,NA,NA,NA,NA,NA,NA,NA,NA
"5721",1976,"8","5","wheat",1.55,1.3454,1.34,1.24486,NA,NA,NA,NA,NA,NA,NA,NA,NA,"PKMg","PK(Na)Mg",0,35,90,0,0,0,0,"B",NA,NA,NA,NA,NA,NA,NA,NA,NA
"5765",1976,"9","5","wheat",1.77,1.53636,1.51,1.41185,NA,NA,NA,NA,NA,NA,NA,NA,NA,"PKMg","PK(Na)Mg",0,35,90,0,0,0,0,"B",NA,NA,NA,NA,NA,NA,NA,NA,NA
"5826",1976,"0","6","wheat",3.42,2.99592,2.97,2.70864,NA,NA,NA,NA,NA,NA,NA,NA,NA,"N1PKMg","N1 PK(Na)Mg",48,35,90,0,0,0,0,"B",NA,NA,NA,NA,NA,NA,NA,NA,NA
"5875",1976,"1","6","wheat",2.61,2.28636,2.08,1.88864,53.28176,NA,NA,45.7272,NA,NA,7.55456,NA,NA,"N1PKMg","N1 PK(Na)Mg",48,35,90,0,0,0,0,"B",NA,NA,NA,NA,NA,NA,NA,NA,NA
"6009",1976,"5","6","wheat",4.05,3.5478,4.22,3.91616,NA,NA,NA,NA,NA,NA,NA,NA,NA,"N1PKMg","N1 PK(Na)Mg",48,35,90,0,0,0,0,"B",NA,NA,NA,NA,NA,NA,NA,NA,NA
"6042",1976,"6","6","wheat",2.82,2.46468,2.79,2.56122,NA,NA,NA,NA,NA,NA,NA,NA,NA,"N1PKMg","N1 PK(Na)Mg",48,35,90,0,0,0,0,"B",NA,NA,NA,NA,NA,NA,NA,NA,NA
"6086",1976,"7","6","wheat",3.64,3.18136,3.98,3.62578,73.13607,NA,NA,60.44584,NA,NA,12.69023,NA,NA,"N1PKMg","N1 PK(Na)Mg",48,35,90,0,0,0,0,"B",NA,NA,NA,NA,NA,NA,NA,NA,NA
"6117",1976,"8","6","wheat",1.65,1.4355,1.72,1.58928,NA,NA,NA,NA,NA,NA,NA,NA,NA,"N1PKMg","N1 PK(Na)Mg",48,35,90,0,0,0,0,"B",NA,NA,NA,NA,NA,NA,NA,NA,NA
"6161",1976,"9","6","wheat",2.68,2.33696,2.22,2.07792,NA,NA,NA,NA,NA,NA,NA,NA,NA,"N1PKMg","N1 PK(Na)Mg",48,35,90,0,0,0,0,"B",NA,NA,NA,NA,NA,NA,NA,NA,NA
"6222",1976,"0","7","wheat",3.92,3.43392,3.83,3.48913,NA,NA,NA,NA,NA,NA,NA,NA,NA,"N2PKMg","N2 PK(Na)Mg",96,35,90,0,0,0,0,"B",NA,NA,NA,NA,NA,NA,NA,NA,NA
"6271",1976,"1","7","wheat",3.72,3.2736,3.63,3.27789,82.186665,NA,NA,67.43616,NA,NA,14.750505,NA,NA,"N2PKMg","N2 PK(Na)Mg",96,35,90,0,0,0,0,"B",0.562907447916667,NA,NA,NA,NA,NA,NA,NA,NA
"6405",1976,"5","7","wheat",4.38,3.83688,5.21,4.85572,NA,NA,NA,NA,NA,NA,NA,NA,NA,"N2PKMg","N2 PK(Na)Mg",96,35,90,0,0,0,0,"B",NA,NA,NA,NA,NA,NA,NA,NA,NA
"6438",1976,"6","7","wheat",4.01,3.51276,3.84,3.58656,NA,NA,NA,NA,NA,NA,NA,NA,NA,"N2PKMg","N2 PK(Na)Mg",96,35,90,0,0,0,0,"B",NA,NA,NA,NA,NA,NA,NA,NA,NA
"6482",1976,"7","7","wheat",4.25,3.74,4.7,4.2958,107.81742,NA,NA,86.768,NA,NA,21.04942,NA,NA,"N2PKMg","N2 PK(Na)Mg",96,35,90,0,0,0,0,"B",0.7145653125,NA,NA,NA,NA,NA,NA,NA,NA
"6513",1976,"8","7","wheat",1.75,1.5295,2.93,2.73369,NA,NA,NA,NA,NA,NA,NA,NA,NA,"N2PKMg","N2 PK(Na)Mg",96,35,90,0,0,0,0,"B",NA,NA,NA,NA,NA,NA,NA,NA,NA
"6557",1976,"9","7","wheat",3.21,2.81196,3.36,3.16848,NA,NA,NA,NA,NA,NA,NA,NA,NA,"N2PKMg","N2 PK(Na)Mg",96,35,90,0,0,0,0,"B",NA,NA,NA,NA,NA,NA,NA,NA,NA
"7102",1976,"4","1","beans",0.95,0.79325,NA,NA,NA,NA,NA,39.265875,NA,NA,NA,NA,NA,"FYM+NPK","FYM N2 PK",96,35,90,35,189,43.64885,466.42225,"B",NA,NA,NA,NA,NA,NA,NA,NA,NA
"19102",1976,"4","10","beans",0.32,0.25504,NA,NA,NA,NA,NA,12.165408,NA,NA,NA,NA,NA,"N","N2",96,0,0,0,0,0,0,"B",NA,NA,NA,NA,NA,NA,NA,NA,NA
"3113",1976,"4","11","beans",0.44,0.33924,NA,NA,NA,NA,NA,17.97972,NA,NA,NA,NA,NA,"NP","N2 P",96,35,0,0,0,0,0,"B",NA,NA,NA,NA,NA,NA,NA,NA,NA
"55102",1976,"4","13","beans",1.2,0.9888,NA,NA,NA,NA,NA,49.9344,NA,NA,NA,NA,NA,"NPK","N2 PK",96,35,90,0,0,0,0,"B",NA,NA,NA,NA,NA,NA,NA,NA,NA
"6712",1976,"4","14","beans",0.97,0.8051,NA,NA,NA,NA,NA,40.73806,NA,NA,NA,NA,NA,"N4PKMg","N2 PKMg*",96,35,90,0,0,0,0,"B",NA,NA,NA,NA,NA,NA,NA,NA,NA
"9110",1976,"4","16","beans",1.34,1.12292,NA,NA,NA,NA,NA,56.482876,NA,NA,NA,NA,NA,"N5PKMg","N3 PK(Na)Mg",144,35,90,0,0,0,0,"B",NA,NA,NA,NA,NA,NA,NA,NA,NA
"15111",1976,"4","22","beans",1.2,1.0176,NA,NA,NA,NA,NA,52.10112,NA,NA,NA,NA,NA,"FYM","FYM",0,0,0,35,189,43.64885,466.42225,"B",NA,NA,NA,NA,NA,NA,NA,NA,NA
"16312",1976,"4","3","beans",0.35,0.2856,NA,NA,NA,NA,NA,14.1372,NA,NA,NA,NA,NA,"Control","Nil",0,0,0,0,0,0,0,"B",NA,NA,NA,NA,NA,NA,NA,NA,NA
"17511",1976,"4","5","beans",0.86,0.7138,NA,NA,NA,NA,NA,31.4072,NA,NA,NA,NA,NA,"PKMg","PK(Na)Mg",0,35,90,0,0,0,0,"B",NA,NA,NA,NA,NA,NA,NA,NA,NA
"18710",1976,"4","6","beans",0.8,0.6744,NA,NA,NA,NA,NA,29.26896,NA,NA,NA,NA,NA,"N1PKMg","N1 PK(Na)Mg",48,35,90,0,0,0,0,"B",NA,NA,NA,NA,NA,NA,NA,NA,NA
"19910",1976,"4","7","beans",0.97,0.81189,NA,NA,NA,NA,NA,38.97072,NA,NA,NA,NA,NA,"N2PKMg","N2 PK(Na)Mg",96,35,90,0,0,0,0,"B",NA,NA,NA,NA,NA,NA,NA,NA,NA
"25",1977,"7","1","potato",25.03,5.006,NA,NA,65.5786,NA,NA,NA,NA,NA,NA,NA,NA,"FYM+NPK","FYM N2 PK",96,35,90,35,287,44.15649,383.8338,"B",NA,NA,NA,NA,NA,NA,0.00551062500000018,NA,NA
"54",1977,"7","10","potato",6.43,1.44032,NA,NA,23.909312,NA,NA,NA,NA,NA,NA,NA,NA,"N","N2",96,0,0,0,0,0,0,"B",NA,NA,NA,NA,NA,NA,NA,NA,NA
"83",1977,"7","11","potato",4.28,0.97584,NA,NA,19.711968,NA,NA,NA,NA,NA,NA,NA,NA,"NP","N2 P",96,35,0,0,0,0,0,"B",NA,NA,NA,NA,NA,NA,NA,NA,NA
"141",1977,"7","13","potato",14.82,3.02328,NA,NA,46.256184,NA,NA,NA,NA,NA,NA,NA,NA,"NPK","N2 PK",96,35,90,0,0,0,0,"B",NA,NA,NA,NA,NA,NA,NA,NA,NA
"170",1977,"7","14","potato",20.09,4.66088,NA,NA,55.464472,NA,NA,NA,NA,NA,NA,NA,NA,"N4PKMg","N2 PKMg*",96,35,90,0,0,0,0,"B",NA,NA,NA,NA,NA,NA,NA,NA,NA
"228",1977,"7","16","potato",23.97,5.12958,NA,NA,64.11975,NA,NA,NA,NA,NA,NA,NA,NA,"N5PKMg","N3 PK(Na)Mg",144,35,90,0,0,0,0,"B",NA,NA,NA,NA,NA,NA,NA,NA,NA
"373",1977,"7","22","potato",26.9,5.7566,NA,NA,65.04958,NA,NA,NA,NA,NA,NA,NA,NA,"FYM","FYM",0,0,0,35,287,44.15649,383.8338,"B",NA,NA,NA,0.154339428571429,0.143345881533101,0.157970773519164,NA,NA,NA
"402",1977,"7","3","potato",7.04,1.69664,NA,NA,18.66304,NA,NA,NA,NA,NA,NA,NA,NA,"Control","Nil",0,0,0,0,0,0,0,"B",NA,NA,NA,NA,NA,NA,NA,NA,NA
"431",1977,"7","5","potato",8.78,1.95794,NA,NA,20.754164,NA,NA,NA,NA,NA,NA,NA,NA,"PKMg","PK(Na)Mg",0,35,90,0,0,0,0,"B",NA,NA,NA,NA,NA,NA,NA,NA,NA
"460",1977,"7","6","potato",14.58,3.12012,NA,NA,37.129428,NA,NA,NA,NA,NA,NA,NA,NA,"N1PKMg","N1 PK(Na)Mg",48,35,90,0,0,0,0,"B",NA,NA,NA,NA,NA,NA,NA,NA,NA
"489",1977,"7","7","potato",19.25,4.0425,NA,NA,54.1695,NA,NA,NA,NA,NA,NA,NA,NA,"N2PKMg","N2 PK(Na)Mg",96,35,90,0,0,0,0,"B",0.348076416666667,NA,NA,NA,NA,NA,NA,NA,NA
"3512",1977,"3","1","wheat",4.17,3.40272,4.39,3.92905,NA,NA,NA,NA,NA,NA,NA,NA,NA,"FYM+NPK","FYM N2 PK",96,35,90,35,287,44.15649,383.8338,"B",NA,NA,NA,NA,NA,NA,NA,NA,NA
"65101",1977,"4","1","wheat",5.68,4.62352,4.93,4.39263,117.184573,NA,NA,94.78216,NA,NA,22.402413,NA,NA,"FYM+NPK","FYM N2 PK",96,35,90,35,287,44.15649,383.8338,"B",NA,NA,NA,NA,NA,NA,0.0209344374999998,NA,NA
"9410",1977,"5","1","wheat",7.26,5.89512,5.55,5.00055,NA,NA,NA,NA,NA,NA,NA,NA,NA,"FYM+NPK","FYM N2 PK",96,35,90,35,287,44.15649,383.8338,"B",NA,NA,NA,NA,NA,NA,NA,NA,NA
"203",1977,"0","10","wheat",2.86,2.33948,2.23,1.92672,NA,NA,NA,NA,NA,NA,NA,NA,NA,"N","N2",96,0,0,0,0,0,0,"B",NA,NA,NA,NA,NA,NA,NA,NA,NA
"252",1977,"1","10","wheat",3.63,2.96208,2.05,1.76095,73.26613,NA,NA,65.16576,NA,NA,8.10037,NA,NA,"N","N2",96,0,0,0,0,0,0,"B",NA,NA,NA,NA,NA,NA,NA,NA,NA
"3271",1977,"3","10","wheat",2.2,1.804,2.06,1.90138,NA,NA,NA,NA,NA,NA,NA,NA,NA,"N","N2",96,0,0,0,0,0,0,"B",NA,NA,NA,NA,NA,NA,NA,NA,NA
"3572",1977,"4","10","wheat",4.98,4.05372,2.51,2.27406,93.561936,NA,NA,83.10126,NA,NA,10.460676,NA,NA,"N","N2",96,0,0,0,0,0,0,"B",NA,NA,NA,NA,NA,NA,NA,NA,NA
"3862",1977,"5","10","wheat",0.78,0.62868,1.45,1.30935,NA,NA,NA,NA,NA,NA,NA,NA,NA,"N","N2",96,0,0,0,0,0,0,"B",NA,NA,NA,NA,NA,NA,NA,NA,NA
"494",1977,"8","10","wheat",3.86,3.15748,2.87,2.62892,NA,NA,NA,NA,NA,NA,NA,NA,NA,"N","N2",96,0,0,0,0,0,0,"B",NA,NA,NA,NA,NA,NA,NA,NA,NA
"538",1977,"9","10","wheat",3.07,2.52968,1.64,1.51208,NA,NA,NA,NA,NA,NA,NA,NA,NA,"N","N2",96,0,0,0,0,0,0,"B",NA,NA,NA,NA,NA,NA,NA,NA,NA
"599",1977,"0","11","wheat",3.49,2.8269,2.46,2.12298,NA,NA,NA,NA,NA,NA,NA,NA,NA,"NP","N2 P",96,35,0,0,0,0,0,"B",NA,NA,NA,NA,NA,NA,NA,NA,NA
"648",1977,"1","11","wheat",2.19,1.78266,2.03,1.73159,47.458654,NA,NA,36.722796,NA,NA,10.735858,NA,NA,"NP","N2 P",96,35,0,0,0,0,0,"B",NA,NA,NA,NA,NA,NA,NA,NA,NA
"723",1977,"3","11","wheat",1.99,1.6318,2.34,2.1879,NA,NA,NA,NA,NA,NA,NA,NA,NA,"NP","N2 P",96,35,0,0,0,0,0,"B",NA,NA,NA,NA,NA,NA,NA,NA,NA
"753",1977,"4","11","wheat",5.46,4.4772,2.95,2.70515,93.6488,NA,NA,82.8282,NA,NA,10.8206,NA,NA,"NP","N2 P",96,35,0,0,0,0,0,"B",NA,NA,NA,NA,NA,NA,NA,NA,NA
"782",1977,"5","11","wheat",3.27,2.69448,1.75,1.63275,NA,NA,NA,NA,NA,NA,NA,NA,NA,"NP","N2 P",96,35,0,0,0,0,0,"B",NA,NA,NA,NA,NA,NA,NA,NA,NA
"890",1977,"8","11","wheat",2.45,2.009,2.64,2.4156,NA,NA,NA,NA,NA,NA,NA,NA,NA,"NP","N2 P",96,35,0,0,0,0,0,"B",NA,NA,NA,NA,NA,NA,NA,NA,NA
"934",1977,"9","11","wheat",1.14,0.93708,1.8,1.6614,NA,NA,NA,NA,NA,NA,NA,NA,NA,"NP","N2 P",96,35,0,0,0,0,0,"B",NA,NA,NA,NA,NA,NA,NA,NA,NA
"1391",1977,"0","13","wheat",4.28,3.44112,4.48,3.79456,NA,NA,NA,NA,NA,NA,NA,NA,NA,"NPK","N2 PK",96,35,90,0,0,0,0,"B",NA,NA,NA,NA,NA,NA,NA,NA,NA
"1440",1977,"1","13","wheat",4.44,3.5964,4.48,3.74528,86.1154,NA,NA,73.00692,NA,NA,13.10848,NA,NA,"NPK","N2 PK",96,35,90,0,0,0,0,"B",NA,NA,NA,NA,NA,NA,NA,NA,NA
"1515",1977,"3","13","wheat",2.35,1.9176,3.2,2.8704,NA,NA,NA,NA,NA,NA,NA,NA,NA,"NPK","N2 PK",96,35,90,0,0,0,0,"B",NA,NA,NA,NA,NA,NA,NA,NA,NA
"1545",1977,"4","13","wheat",5.44,4.41728,3.98,3.4825,92.50626,NA,NA,75.09376,NA,NA,17.4125,NA,NA,"NPK","N2 PK",96,35,90,0,0,0,0,"B",NA,NA,NA,NA,NA,NA,NA,NA,NA
"1574",1977,"5","13","wheat",5,4.07,3.22,2.90444,NA,NA,NA,NA,NA,NA,NA,NA,NA,"NPK","N2 PK",96,35,90,0,0,0,0,"B",NA,NA,NA,NA,NA,NA,NA,NA,NA
"1682",1977,"8","13","wheat",2.91,2.36292,3.8,3.3402,NA,NA,NA,NA,NA,NA,NA,NA,NA,"NPK","N2 PK",96,35,90,0,0,0,0,"B",NA,NA,NA,NA,NA,NA,NA,NA,NA
"1726",1977,"9","13","wheat",2.84,2.31176,3.38,3.06228,NA,NA,NA,NA,NA,NA,NA,NA,NA,"NPK","N2 PK",96,35,90,0,0,0,0,"B",NA,NA,NA,NA,NA,NA,NA,NA,NA
"1787",1977,"0","14","wheat",4.03,3.25624,4.98,4.24794,NA,NA,NA,NA,NA,NA,NA,NA,NA,"N4PKMg","N2 PKMg*",96,35,90,0,0,0,0,"B",NA,NA,NA,NA,NA,NA,NA,NA,NA
"1836",1977,"1","14","wheat",4.42,3.57136,4.57,3.87993,84.385254,NA,NA,69.64152,NA,NA,14.743734,NA,NA,"N4PKMg","N2 PKMg*",96,35,90,0,0,0,0,"B",NA,NA,NA,NA,NA,NA,NA,NA,NA
"1911",1977,"3","14","wheat",2.95,2.4249,3.25,2.95425,NA,NA,NA,NA,NA,NA,NA,NA,NA,"N4PKMg","N2 PKMg*",96,35,90,0,0,0,0,"B",NA,NA,NA,NA,NA,NA,NA,NA,NA
"1941",1977,"4","14","wheat",6.12,5.00616,3.99,3.64287,113.648748,NA,NA,97.62012,NA,NA,16.028628,NA,NA,"N4PKMg","N2 PKMg*",96,35,90,0,0,0,0,"B",NA,NA,NA,NA,NA,NA,NA,NA,NA
"1970",1977,"5","14","wheat",5.15,4.2333,3.89,3.60992,NA,NA,NA,NA,NA,NA,NA,NA,NA,"N4PKMg","N2 PKMg*",96,35,90,0,0,0,0,"B",NA,NA,NA,NA,NA,NA,NA,NA,NA
"2078",1977,"8","14","wheat",3.25,2.652,3.34,3.0561,NA,NA,NA,NA,NA,NA,NA,NA,NA,"N4PKMg","N2 PKMg*",96,35,90,0,0,0,0,"B",NA,NA,NA,NA,NA,NA,NA,NA,NA
"2122",1977,"9","14","wheat",3.11,2.53154,3.34,3.06278,NA,NA,NA,NA,NA,NA,NA,NA,NA,"N4PKMg","N2 PKMg*",96,35,90,0,0,0,0,"B",NA,NA,NA,NA,NA,NA,NA,NA,NA
"2579",1977,"0","16","wheat",4.15,3.3615,4.29,3.66795,NA,NA,NA,NA,NA,NA,NA,NA,NA,"N5PKMg","N3 PK(Na)Mg",144,35,90,0,0,0,0,"B",NA,NA,NA,NA,NA,NA,NA,NA,NA
"2628",1977,"1","16","wheat",4.27,3.4587,4.27,3.55264,87.179736,NA,NA,73.32444,NA,NA,13.855296,NA,NA,"N5PKMg","N3 PK(Na)Mg",144,35,90,0,0,0,0,"B",NA,NA,NA,NA,NA,NA,NA,NA,NA
"2703",1977,"3","16","wheat",2.99,2.43984,3.83,3.49679,NA,NA,NA,NA,NA,NA,NA,NA,NA,"N5PKMg","N3 PK(Na)Mg",144,35,90,0,0,0,0,"B",NA,NA,NA,NA,NA,NA,NA,NA,NA
"2733",1977,"4","16","wheat",5.87,4.8134,4.29,3.81381,101.396645,NA,NA,84.2345,NA,NA,17.162145,NA,NA,"N5PKMg","N3 PK(Na)Mg",144,35,90,0,0,0,0,"B",NA,NA,NA,NA,NA,NA,NA,NA,NA
"2762",1977,"5","16","wheat",4.64,3.8048,3.58,3.19336,NA,NA,NA,NA,NA,NA,NA,NA,NA,"N5PKMg","N3 PK(Na)Mg",144,35,90,0,0,0,0,"B",NA,NA,NA,NA,NA,NA,NA,NA,NA
"2870",1977,"8","16","wheat",4.1,3.3292,4.81,4.33381,NA,NA,NA,NA,NA,NA,NA,NA,NA,"N5PKMg","N3 PK(Na)Mg",144,35,90,0,0,0,0,"B",NA,NA,NA,NA,NA,NA,NA,NA,NA
"2914",1977,"9","16","wheat",3.7,3.0118,4.49,4.09488,NA,NA,NA,NA,NA,NA,NA,NA,NA,"N5PKMg","N3 PK(Na)Mg",144,35,90,0,0,0,0,"B",NA,NA,NA,NA,NA,NA,NA,NA,NA
"4163",1977,"0","20","wheat",4.37,3.57466,2.89,2.45939,NA,NA,NA,NA,NA,NA,NA,NA,NA,"NKMg","N2 K(Na)Mg",96,0,90,0,0,0,0,"B",NA,NA,NA,NA,NA,NA,NA,NA,NA
"4212",1977,"1","20","wheat",4.87,3.9934,3.02,2.52774,91.24283,NA,NA,79.868,NA,NA,11.37483,NA,NA,"NKMg","N2 K(Na)Mg",96,0,90,0,0,0,0,"B",NA,NA,NA,NA,NA,NA,NA,NA,NA
"4649",1977,"0","22","wheat",5.17,4.1877,4.16,3.26976,NA,NA,NA,NA,NA,NA,NA,NA,NA,"FYM","FYM",0,0,0,35,287,44.15649,383.8338,"B",NA,NA,NA,NA,NA,NA,NA,NA,NA
"4698",1977,"1","22","wheat",5.38,4.31476,4.13,3.34943,115.174867,NA,NA,100.102432,NA,NA,15.072435,NA,NA,"FYM","FYM",0,0,0,35,287,44.15649,383.8338,"B",NA,NA,NA,0.329350020905923,0.0833868885017422,0.235944993031359,NA,NA,NA
"4773",1977,"3","22","wheat",4.58,3.71896,3.67,3.14152,NA,NA,NA,NA,NA,NA,NA,NA,NA,"FYM","FYM",0,0,0,35,287,44.15649,383.8338,"B",NA,NA,NA,NA,NA,NA,NA,NA,NA
"4803",1977,"4","22","wheat",5.16,4.18992,4.22,3.56168,87.780064,NA,NA,69.971664,NA,NA,17.8084,NA,NA,"FYM","FYM",0,0,0,35,287,44.15649,383.8338,"B",NA,NA,NA,0.158795177700348,-0.0201458954703832,-0.0204485574912892,NA,NA,NA
"4832",1977,"5","22","wheat",5.97,4.8357,4.44,3.87612,NA,NA,NA,NA,NA,NA,NA,NA,NA,"FYM","FYM",0,0,0,35,287,44.15649,383.8338,"B",NA,NA,NA,NA,NA,NA,NA,NA,NA
"4940",1977,"8","22","wheat",4.64,3.77696,4.08,3.63528,NA,NA,NA,NA,NA,NA,NA,NA,NA,"FYM","FYM",0,0,0,35,287,44.15649,383.8338,"B",NA,NA,NA,NA,NA,NA,NA,NA,NA
"4984",1977,"9","22","wheat",5.88,4.80984,3.79,3.32383,NA,NA,NA,NA,NA,NA,NA,NA,NA,"FYM","FYM",0,0,0,35,287,44.15649,383.8338,"B",NA,NA,NA,NA,NA,NA,NA,NA,NA
"5035",1977,"0","3","wheat",1.79,1.43916,1.26,1.06344,NA,NA,NA,NA,NA,NA,NA,NA,NA,"Control","Nil",0,0,0,0,0,0,0,"B",NA,NA,NA,NA,NA,NA,NA,NA,NA
"5084",1977,"1","3","wheat",1.64,1.30544,1.23,1.02582,29.550094,NA,NA,24.933904,NA,NA,4.61619,NA,NA,"Control","Nil",0,0,0,0,0,0,0,"B",NA,NA,NA,NA,NA,NA,NA,NA,NA
"5159",1977,"3","3","wheat",2.27,1.82962,0.89,0.80278,NA,NA,NA,NA,NA,NA,NA,NA,NA,"Control","Nil",0,0,0,0,0,0,0,"B",NA,NA,NA,NA,NA,NA,NA,NA,NA
"5189",1977,"4","3","wheat",2.54,2.05232,1.34,1.18188,37.99986,NA,NA,33.86328,NA,NA,4.13658,NA,NA,"Control","Nil",0,0,0,0,0,0,0,"B",NA,NA,NA,NA,NA,NA,NA,NA,NA
"5218",1977,"5","3","wheat",1.78,1.42756,0.9,0.8208,NA,NA,NA,NA,NA,NA,NA,NA,NA,"Control","Nil",0,0,0,0,0,0,0,"B",NA,NA,NA,NA,NA,NA,NA,NA,NA
"5326",1977,"8","3","wheat",2,1.612,1.07,0.96835,NA,NA,NA,NA,NA,NA,NA,NA,NA,"Control","Nil",0,0,0,0,0,0,0,"B",NA,NA,NA,NA,NA,NA,NA,NA,NA
"5370",1977,"9","3","wheat",1.94,1.5714,1.01,0.92617,NA,NA,NA,NA,NA,NA,NA,NA,NA,"Control","Nil",0,0,0,0,0,0,0,"B",NA,NA,NA,NA,NA,NA,NA,NA,NA
"5431",1977,"0","5","wheat",2.5,2,1.64,1.31856,NA,NA,NA,NA,NA,NA,NA,NA,NA,"PKMg","PK(Na)Mg",0,35,90,0,0,0,0,"B",NA,NA,NA,NA,NA,NA,NA,NA,NA
"5480",1977,"1","5","wheat",1.24,0.992,1.23,0.97539,20.651411,NA,NA,15.872,NA,NA,4.779411,NA,NA,"PKMg","PK(Na)Mg",0,35,90,0,0,0,0,"B",NA,NA,NA,NA,NA,NA,NA,NA,NA
"5555",1977,"3","5","wheat",2.92,2.3652,1.25,1.09,NA,NA,NA,NA,NA,NA,NA,NA,NA,"PKMg","PK(Na)Mg",0,35,90,0,0,0,0,"B",NA,NA,NA,NA,NA,NA,NA,NA,NA
"5585",1977,"4","5","wheat",2.99,2.40396,1.18,1.03958,42.205848,NA,NA,38.46336,NA,NA,3.742488,NA,NA,"PKMg","PK(Na)Mg",0,35,90,0,0,0,0,"B",NA,NA,NA,NA,NA,NA,NA,NA,NA
"5614",1977,"5","5","wheat",1.69,1.35538,0.73,0.66065,NA,NA,NA,NA,NA,NA,NA,NA,NA,"PKMg","PK(Na)Mg",0,35,90,0,0,0,0,"B",NA,NA,NA,NA,NA,NA,NA,NA,NA
"5722",1977,"8","5","wheat",2.57,2.1074,2.6,2.3452,NA,NA,NA,NA,NA,NA,NA,NA,NA,"PKMg","PK(Na)Mg",0,35,90,0,0,0,0,"B",NA,NA,NA,NA,NA,NA,NA,NA,NA
"5766",1977,"9","5","wheat",1.38,1.11228,0.92,0.8326,NA,NA,NA,NA,NA,NA,NA,NA,NA,"PKMg","PK(Na)Mg",0,35,90,0,0,0,0,"B",NA,NA,NA,NA,NA,NA,NA,NA,NA
"5827",1977,"0","6","wheat",2.78,2.24068,2.86,2.32232,NA,NA,NA,NA,NA,NA,NA,NA,NA,"N1PKMg","N1 PK(Na)Mg",48,35,90,0,0,0,0,"B",NA,NA,NA,NA,NA,NA,NA,NA,NA
"5876",1977,"1","6","wheat",2.98,2.39592,3.15,2.54205,49.715493,NA,NA,39.293088,NA,NA,10.422405,NA,NA,"N1PKMg","N1 PK(Na)Mg",48,35,90,0,0,0,0,"B",NA,NA,NA,NA,NA,NA,NA,NA,NA
"5951",1977,"3","6","wheat",2.84,2.30608,2.66,2.33282,NA,NA,NA,NA,NA,NA,NA,NA,NA,"N1PKMg","N1 PK(Na)Mg",48,35,90,0,0,0,0,"B",NA,NA,NA,NA,NA,NA,NA,NA,NA
"5981",1977,"4","6","wheat",4.4,3.5816,3.95,3.3022,78.99848,NA,NA,64.4688,NA,NA,14.52968,NA,NA,"N1PKMg","N1 PK(Na)Mg",48,35,90,0,0,0,0,"B",NA,NA,NA,NA,NA,NA,NA,NA,NA
"6010",1977,"5","6","wheat",3.41,2.78256,2.47,2.20077,NA,NA,NA,NA,NA,NA,NA,NA,NA,"N1PKMg","N1 PK(Na)Mg",48,35,90,0,0,0,0,"B",NA,NA,NA,NA,NA,NA,NA,NA,NA
"6118",1977,"8","6","wheat",3.02,2.45828,2.83,2.48191,NA,NA,NA,NA,NA,NA,NA,NA,NA,"N1PKMg","N1 PK(Na)Mg",48,35,90,0,0,0,0,"B",NA,NA,NA,NA,NA,NA,NA,NA,NA
"6162",1977,"9","6","wheat",2.53,2.05436,2.38,2.15152,NA,NA,NA,NA,NA,NA,NA,NA,NA,"N1PKMg","N1 PK(Na)Mg",48,35,90,0,0,0,0,"B",NA,NA,NA,NA,NA,NA,NA,NA,NA
"6223",1977,"0","7","wheat",4.69,3.80828,4.69,3.95367,NA,NA,NA,NA,NA,NA,NA,NA,NA,"N2PKMg","N2 PK(Na)Mg",96,35,90,0,0,0,0,"B",NA,NA,NA,NA,NA,NA,NA,NA,NA
"6272",1977,"1","7","wheat",4.23,3.40938,3.49,2.92113,72.517122,NA,NA,59.66415,NA,NA,12.852972,NA,NA,"N2PKMg","N2 PK(Na)Mg",96,35,90,0,0,0,0,"B",0.540267822916667,NA,NA,NA,NA,NA,NA,NA,NA
"6347",1977,"3","7","wheat",4.03,3.2643,4.36,3.94144,NA,NA,NA,NA,NA,NA,NA,NA,NA,"N2PKMg","N2 PK(Na)Mg",96,35,90,0,0,0,0,"B",NA,NA,NA,NA,NA,NA,NA,NA,NA
"6377",1977,"4","7","wheat",5.57,4.52284,4.94,4.33732,104.317672,NA,NA,90.004516,NA,NA,14.313156,NA,NA,"N2PKMg","N2 PK(Na)Mg",96,35,90,0,0,0,0,"B",0.646998166666667,NA,NA,NA,NA,NA,NA,NA,NA
"6406",1977,"5","7","wheat",5.51,4.48514,4.6,4.163,NA,NA,NA,NA,NA,NA,NA,NA,NA,"N2PKMg","N2 PK(Na)Mg",96,35,90,0,0,0,0,"B",NA,NA,NA,NA,NA,NA,NA,NA,NA
"6514",1977,"8","7","wheat",4.09,3.32108,4.21,3.79742,NA,NA,NA,NA,NA,NA,NA,NA,NA,"N2PKMg","N2 PK(Na)Mg",96,35,90,0,0,0,0,"B",NA,NA,NA,NA,NA,NA,NA,NA,NA
"6558",1977,"9","7","wheat",3.94,3.22292,3.64,3.32332,NA,NA,NA,NA,NA,NA,NA,NA,NA,"N2PKMg","N2 PK(Na)Mg",96,35,90,0,0,0,0,"B",NA,NA,NA,NA,NA,NA,NA,NA,NA
"4103",1977,"2","1","beans",3.17,2.55185,3.73,3.36819,119.690158,NA,NA,95.43919,NA,NA,24.250968,NA,NA,"FYM+NPK","FYM N2 PK",96,35,90,35,287,44.15649,383.8338,"B",NA,NA,NA,NA,NA,NA,0.3323968125,NA,NA
"16102",1977,"2","10","beans",1.41,1.14633,0.36,0.32436,59.164965,NA,NA,55.597005,NA,NA,3.56796,NA,NA,"N","N2",96,0,0,0,0,0,0,"B",NA,NA,NA,NA,NA,NA,NA,NA,NA
"28102",1977,"2","11","beans",0.63,0.48069,1.66,1.33796,43.271438,NA,NA,25.47657,NA,NA,17.794868,NA,NA,"NP","N2 P",96,35,0,0,0,0,0,"B",NA,NA,NA,NA,NA,NA,NA,NA,NA
"52102",1977,"2","13","beans",2.68,2.17616,3.09,2.80263,112.764652,NA,NA,89.22256,NA,NA,23.542092,NA,NA,"NPK","N2 PK",96,35,90,0,0,0,0,"B",NA,NA,NA,NA,NA,NA,NA,NA,NA
"64102",1977,"2","14","beans",2.77,2.31018,1.99,1.78503,122.301993,NA,NA,105.344208,NA,NA,16.957785,NA,NA,"N4PKMg","N2 PKMg*",96,35,90,0,0,0,0,"B",NA,NA,NA,NA,NA,NA,NA,NA,NA
"8810",1977,"2","16","beans",2.95,2.4367,2.69,2.40217,118.130115,NA,NA,97.71167,NA,NA,20.418445,NA,NA,"N5PKMg","N3 PK(Na)Mg",144,35,90,0,0,0,0,"B",NA,NA,NA,NA,NA,NA,NA,NA,NA
"14811",1977,"2","22","beans",3.34,2.69204,3.74,3.39218,137.489376,NA,NA,113.06568,NA,NA,24.423696,NA,NA,"FYM","FYM",0,0,0,35,287,44.15649,383.8338,"B",NA,NA,NA,-0.0397265540069687,0.272907355400697,0.32828549825784,NA,NA,NA
"16011",1977,"2","3","beans",2.38,1.98016,1.18,1.03014,106.221264,NA,NA,93.859584,NA,NA,12.36168,NA,NA,"Control","Nil",0,0,0,0,0,0,0,"B",NA,NA,NA,NA,NA,NA,NA,NA,NA
"17212",1977,"2","5","beans",3.87,3.20049,2.94,2.65482,148.890897,NA,NA,128.979747,NA,NA,19.91115,NA,NA,"PKMg","PK(Na)Mg",0,35,90,0,0,0,0,"B",NA,NA,NA,NA,NA,NA,NA,NA,NA
"18411",1977,"2","6","beans",3.45,2.8842,3.25,2.9575,133.1863,NA,NA,112.4838,NA,NA,20.7025,NA,NA,"N1PKMg","N1 PK(Na)Mg",48,35,90,0,0,0,0,"B",NA,NA,NA,NA,NA,NA,NA,NA,NA
"19610",1977,"2","7","beans",3.26,2.70254,3.44,3.10288,132.304064,NA,NA,108.1016,NA,NA,24.202464,NA,NA,"N2PKMg","N2 PK(Na)Mg",96,35,90,0,0,0,0,"B",-0.172779510416667,NA,NA,NA,NA,NA,NA,NA,NA
"13",1978,"4","1","potato",29.06,6.62568,NA,NA,75.532752,NA,NA,NA,NA,NA,NA,NA,NA,"FYM+NPK","FYM N2 PK",96,35,90,35,283.5,44.10994,370.9048,"B",NA,NA,NA,NA,NA,NA,0.0805130937499998,NA,NA
"42",1978,"4","10","potato",11.65,2.7727,NA,NA,40.20415,NA,NA,NA,NA,NA,NA,NA,NA,"N","N2",96,0,0,0,0,0,0,"B",NA,NA,NA,NA,NA,NA,NA,NA,NA
"71",1978,"4","11","potato",12.16,3.04,NA,NA,48.032,NA,NA,NA,NA,NA,NA,NA,NA,"NP","N2 P",96,35,0,0,0,0,0,"B",NA,NA,NA,NA,NA,NA,NA,NA,NA
"129",1978,"4","13","potato",19.96,4.33132,NA,NA,57.173424,NA,NA,NA,NA,NA,NA,NA,NA,"NPK","N2 PK",96,35,90,0,0,0,0,"B",NA,NA,NA,NA,NA,NA,NA,NA,NA
"158",1978,"4","14","potato",30.67,7.69817,NA,NA,69.28353,NA,NA,NA,NA,NA,NA,NA,NA,"N4PKMg","N2 PKMg*",96,35,90,0,0,0,0,"B",NA,NA,NA,NA,NA,NA,NA,NA,NA
"216",1978,"4","16","potato",29.68,7.21224,NA,NA,69.958728,NA,NA,NA,NA,NA,NA,NA,NA,"N5PKMg","N3 PK(Na)Mg",144,35,90,0,0,0,0,"B",NA,NA,NA,NA,NA,NA,NA,NA,NA
"361",1978,"4","22","potato",32.59,7.13721,NA,NA,67.803495,NA,NA,NA,NA,NA,NA,NA,NA,"FYM","FYM",0,0,0,35,283.5,44.10994,370.9048,"B",NA,NA,NA,0.128319470899471,0.0973521869488536,0.0697407231040564,NA,NA,NA
"390",1978,"4","3","potato",11.06,2.7097,NA,NA,24.11633,NA,NA,NA,NA,NA,NA,NA,NA,"Control","Nil",0,0,0,0,0,0,0,"B",NA,NA,NA,NA,NA,NA,NA,NA,NA
"419",1978,"4","5","potato",15.09,3.69705,NA,NA,31.424925,NA,NA,NA,NA,NA,NA,NA,NA,"PKMg","PK(Na)Mg",0,35,90,0,0,0,0,"B",NA,NA,NA,NA,NA,NA,NA,NA,NA
"448",1978,"4","6","potato",21.53,5.21026,NA,NA,46.371314,NA,NA,NA,NA,NA,NA,NA,NA,"N1PKMg","N1 PK(Na)Mg",48,35,90,0,0,0,0,"B",NA,NA,NA,NA,NA,NA,NA,NA,NA
"477",1978,"4","7","potato",32.32,7.46592,NA,NA,83.618304,NA,NA,NA,NA,NA,NA,NA,NA,"N2PKMg","N2 PK(Na)Mg",96,35,90,0,0,0,0,"B",0.54368103125,NA,NA,NA,NA,NA,NA,NA,NA
"582",1978,"2","1","wheat",7.84,6.56992,7.01,5.61501,183.3773,NA,NA,145.195232,NA,NA,38.182068,NA,NA,"FYM+NPK","FYM N2 PK",96,35,90,35,283.5,44.10994,370.9048,"B",NA,NA,NA,NA,NA,NA,NA,NA,NA
"3612",1978,"3","1","wheat",6.87,5.74332,6.31,5.06693,NA,NA,NA,NA,NA,NA,NA,NA,NA,"FYM+NPK","FYM N2 PK",96,35,90,35,283.5,44.10994,370.9048,"B",NA,NA,NA,NA,NA,NA,NA,NA,NA
"1272",1978,"6","1","wheat",6.64,5.53776,6.74,5.78292,NA,NA,NA,NA,NA,NA,NA,NA,NA,"FYM+NPK","FYM N2 PK",96,35,90,35,283.5,44.10994,370.9048,"B",NA,NA,NA,NA,NA,NA,NA,NA,NA
"20410",1978,"0","10","wheat",2.24,1.89056,2.24,1.84576,NA,NA,NA,NA,NA,NA,NA,NA,NA,"N","N2",96,0,0,0,0,0,0,"B",NA,NA,NA,NA,NA,NA,NA,NA,NA
"253",1978,"1","10","wheat",2.64,2.22816,1.71,1.40904,54.81312,NA,NA,45.231648,NA,NA,9.581472,NA,NA,"N","N2",96,0,0,0,0,0,0,"B",NA,NA,NA,NA,NA,NA,NA,NA,NA
"2971",1978,"2","10","wheat",4.36,3.69728,2.78,2.33798,98.65753,NA,NA,83.928256,NA,NA,14.729274,NA,NA,"N","N2",96,0,0,0,0,0,0,"B",NA,NA,NA,NA,NA,NA,NA,NA,NA
"3281",1978,"3","10","wheat",4.2,3.5616,2.48,2.07824,NA,NA,NA,NA,NA,NA,NA,NA,NA,"N","N2",96,0,0,0,0,0,0,"B",NA,NA,NA,NA,NA,NA,NA,NA,NA
"41910",1978,"6","10","wheat",3.41,2.84394,2.33,2.02477,NA,NA,NA,NA,NA,NA,NA,NA,NA,"N","N2",96,0,0,0,0,0,0,"B",NA,NA,NA,NA,NA,NA,NA,NA,NA
"495",1978,"8","10","wheat",2.85,2.3712,4.36,3.80192,NA,NA,NA,NA,NA,NA,NA,NA,NA,"N","N2",96,0,0,0,0,0,0,"B",NA,NA,NA,NA,NA,NA,NA,NA,NA
"539",1978,"9","10","wheat",3.09,2.58324,2.26,2.00914,NA,NA,NA,NA,NA,NA,NA,NA,NA,"N","N2",96,0,0,0,0,0,0,"B",NA,NA,NA,NA,NA,NA,NA,NA,NA
"600",1978,"0","11","wheat",3.8,3.2224,2.83,2.45644,NA,NA,NA,NA,NA,NA,NA,NA,NA,"NP","N2 P",96,35,0,0,0,0,0,"B",NA,NA,NA,NA,NA,NA,NA,NA,NA
"649",1978,"1","11","wheat",4.09,3.46014,2.77,2.40713,83.164154,NA,NA,69.2028,NA,NA,13.961354,NA,NA,"NP","N2 P",96,35,0,0,0,0,0,"B",NA,NA,NA,NA,NA,NA,NA,NA,NA
"693",1978,"2","11","wheat",4.8,4.0704,3.42,2.97882,103.242162,NA,NA,85.07136,NA,NA,18.170802,NA,NA,"NP","N2 P",96,35,0,0,0,0,0,"B",NA,NA,NA,NA,NA,NA,NA,NA,NA
"724",1978,"3","11","wheat",4.98,4.21308,3.19,2.76892,NA,NA,NA,NA,NA,NA,NA,NA,NA,"NP","N2 P",96,35,0,0,0,0,0,"B",NA,NA,NA,NA,NA,NA,NA,NA,NA
"815",1978,"6","11","wheat",4.46,3.77316,3.32,2.9382,NA,NA,NA,NA,NA,NA,NA,NA,NA,"NP","N2 P",96,35,0,0,0,0,0,"B",NA,NA,NA,NA,NA,NA,NA,NA,NA
"891",1978,"8","11","wheat",2.76,2.27976,4.27,3.77041,NA,NA,NA,NA,NA,NA,NA,NA,NA,"NP","N2 P",96,35,0,0,0,0,0,"B",NA,NA,NA,NA,NA,NA,NA,NA,NA
"935",1978,"9","11","wheat",3.62,3.01908,3.45,3.05325,NA,NA,NA,NA,NA,NA,NA,NA,NA,"NP","N2 P",96,35,0,0,0,0,0,"B",NA,NA,NA,NA,NA,NA,NA,NA,NA
"1392",1978,"0","13","wheat",4.97,4.21456,3.69,3.14019,NA,NA,NA,NA,NA,NA,NA,NA,NA,"NPK","N2 PK",96,35,90,0,0,0,0,"B",NA,NA,NA,NA,NA,NA,NA,NA,NA
"1441",1978,"1","13","wheat",5.39,4.54916,4.01,3.39647,94.554768,NA,NA,79.6103,NA,NA,14.944468,NA,NA,"NPK","N2 PK",96,35,90,0,0,0,0,"B",NA,NA,NA,NA,NA,NA,NA,NA,NA
"1485",1978,"2","13","wheat",6.8,5.7392,5.23,4.44027,137.169591,NA,NA,113.63616,NA,NA,23.533431,NA,NA,"NPK","N2 PK",96,35,90,0,0,0,0,"B",NA,NA,NA,NA,NA,NA,NA,NA,NA
"1516",1978,"3","13","wheat",5.67,4.77414,4.18,3.47776,NA,NA,NA,NA,NA,NA,NA,NA,NA,"NPK","N2 PK",96,35,90,0,0,0,0,"B",NA,NA,NA,NA,NA,NA,NA,NA,NA
"1607",1978,"6","13","wheat",6.01,5.0484,4.1,3.5506,NA,NA,NA,NA,NA,NA,NA,NA,NA,"NPK","N2 PK",96,35,90,0,0,0,0,"B",NA,NA,NA,NA,NA,NA,NA,NA,NA
"1683",1978,"8","13","wheat",4.04,3.34512,5.72,5.01072,NA,NA,NA,NA,NA,NA,NA,NA,NA,"NPK","N2 PK",96,35,90,0,0,0,0,"B",NA,NA,NA,NA,NA,NA,NA,NA,NA
"1727",1978,"9","13","wheat",6.07,5.0381,5.41,4.79326,NA,NA,NA,NA,NA,NA,NA,NA,NA,"NPK","N2 PK",96,35,90,0,0,0,0,"B",NA,NA,NA,NA,NA,NA,NA,NA,NA
"1788",1978,"0","14","wheat",5.13,4.35024,4.39,3.83686,NA,NA,NA,NA,NA,NA,NA,NA,NA,"N4PKMg","N2 PKMg*",96,35,90,0,0,0,0,"B",NA,NA,NA,NA,NA,NA,NA,NA,NA
"1837",1978,"1","14","wheat",5.65,4.7686,3.65,3.1682,103.10964,NA,NA,88.2191,NA,NA,14.89054,NA,NA,"N4PKMg","N2 PKMg*",96,35,90,0,0,0,0,"B",NA,NA,NA,NA,NA,NA,NA,NA,NA
"1881",1978,"2","14","wheat",6.71,5.7035,5.19,4.49973,136.56865,NA,NA,114.07,NA,NA,22.49865,NA,NA,"N4PKMg","N2 PKMg*",96,35,90,0,0,0,0,"B",NA,NA,NA,NA,NA,NA,NA,NA,NA
"1912",1978,"3","14","wheat",5.85,4.9374,3.83,3.28614,NA,NA,NA,NA,NA,NA,NA,NA,NA,"N4PKMg","N2 PKMg*",96,35,90,0,0,0,0,"B",NA,NA,NA,NA,NA,NA,NA,NA,NA
"2003",1978,"6","14","wheat",5.64,4.74888,4.01,3.46464,NA,NA,NA,NA,NA,NA,NA,NA,NA,"N4PKMg","N2 PKMg*",96,35,90,0,0,0,0,"B",NA,NA,NA,NA,NA,NA,NA,NA,NA
"2079",1978,"8","14","wheat",4.22,3.53636,5.27,4.67976,NA,NA,NA,NA,NA,NA,NA,NA,NA,"N4PKMg","N2 PKMg*",96,35,90,0,0,0,0,"B",NA,NA,NA,NA,NA,NA,NA,NA,NA
"2123",1978,"9","14","wheat",5.81,4.8804,4.59,4.07133,NA,NA,NA,NA,NA,NA,NA,NA,NA,"N4PKMg","N2 PKMg*",96,35,90,0,0,0,0,"B",NA,NA,NA,NA,NA,NA,NA,NA,NA
"2580",1978,"0","16","wheat",4.76,4.03648,3.99,3.45534,NA,NA,NA,NA,NA,NA,NA,NA,NA,"N5PKMg","N3 PK(Na)Mg",144,35,90,0,0,0,0,"B",NA,NA,NA,NA,NA,NA,NA,NA,NA
"2629",1978,"1","16","wheat",5.26,4.40788,3.71,3.21657,101.476591,NA,NA,85.072084,NA,NA,16.404507,NA,NA,"N5PKMg","N3 PK(Na)Mg",144,35,90,0,0,0,0,"B",NA,NA,NA,NA,NA,NA,NA,NA,NA
"2673",1978,"2","16","wheat",7.04,5.94176,5.29,4.53353,141.987087,NA,NA,117.052672,NA,NA,24.934415,NA,NA,"N5PKMg","N3 PK(Na)Mg",144,35,90,0,0,0,0,"B",NA,NA,NA,NA,NA,NA,NA,NA,NA
"2704",1978,"3","16","wheat",5.97,5.02674,3.51,2.99403,NA,NA,NA,NA,NA,NA,NA,NA,NA,"N5PKMg","N3 PK(Na)Mg",144,35,90,0,0,0,0,"B",NA,NA,NA,NA,NA,NA,NA,NA,NA
"2795",1978,"6","16","wheat",5.97,5.02674,4.31,3.71522,NA,NA,NA,NA,NA,NA,NA,NA,NA,"N5PKMg","N3 PK(Na)Mg",144,35,90,0,0,0,0,"B",NA,NA,NA,NA,NA,NA,NA,NA,NA
"2871",1978,"8","16","wheat",3.99,3.30372,5.78,5.1153,NA,NA,NA,NA,NA,NA,NA,NA,NA,"N5PKMg","N3 PK(Na)Mg",144,35,90,0,0,0,0,"B",NA,NA,NA,NA,NA,NA,NA,NA,NA
"2915",1978,"9","16","wheat",5.84,4.88224,4.74,4.14276,NA,NA,NA,NA,NA,NA,NA,NA,NA,"N5PKMg","N3 PK(Na)Mg",144,35,90,0,0,0,0,"B",NA,NA,NA,NA,NA,NA,NA,NA,NA
"4164",1978,"0","20","wheat",3.27,2.75988,2.79,2.39103,NA,NA,NA,NA,NA,NA,NA,NA,NA,"NKMg","N2 K(Na)Mg",96,0,90,0,0,0,0,"B",NA,NA,NA,NA,NA,NA,NA,NA,NA
"4213",1978,"1","20","wheat",2.81,2.36602,1.97,1.69814,57.848868,NA,NA,47.3204,NA,NA,10.528468,NA,NA,"NKMg","N2 K(Na)Mg",96,0,90,0,0,0,0,"B",NA,NA,NA,NA,NA,NA,NA,NA,NA
"4650",1978,"0","22","wheat",6.23,5.22074,5.75,4.59425,NA,NA,NA,NA,NA,NA,NA,NA,NA,"FYM","FYM",0,0,0,35,283.5,44.10994,370.9048,"B",NA,NA,NA,NA,NA,NA,NA,NA,NA
"4699",1978,"1","22","wheat",6.83,5.75086,6.37,5.05141,126.021464,NA,NA,105.815824,NA,NA,20.20564,NA,NA,"FYM","FYM",0,0,0,35,283.5,44.10994,370.9048,"B",NA,NA,NA,0.34288019047619,0.240467710758377,0.151172169312169,NA,NA,NA
"4743",1978,"2","22","wheat",7.86,6.6024,7.61,6.12605,173.14682,NA,NA,141.29136,NA,NA,31.85546,NA,NA,"FYM","FYM",0,0,0,35,283.5,44.10994,370.9048,"B",NA,NA,NA,0.370583379188713,0.262748818342152,0.246577276895944,NA,NA,NA
"4774",1978,"3","22","wheat",5.97,5.02674,5,3.93,NA,NA,NA,NA,NA,NA,NA,NA,NA,"FYM","FYM",0,0,0,35,283.5,44.10994,370.9048,"B",NA,NA,NA,NA,NA,NA,NA,NA,NA
"4865",1978,"6","22","wheat",7.55,6.3571,6.47,5.26658,NA,NA,NA,NA,NA,NA,NA,NA,NA,"FYM","FYM",0,0,0,35,283.5,44.10994,370.9048,"B",NA,NA,NA,NA,NA,NA,NA,NA,NA
"4941",1978,"8","22","wheat",4.84,4.02688,6.36,5.61588,NA,NA,NA,NA,NA,NA,NA,NA,NA,"FYM","FYM",0,0,0,35,283.5,44.10994,370.9048,"B",NA,NA,NA,NA,NA,NA,NA,NA,NA
"4985",1978,"9","22","wheat",6.62,5.54756,5.81,4.97917,NA,NA,NA,NA,NA,NA,NA,NA,NA,"FYM","FYM",0,0,0,35,283.5,44.10994,370.9048,"B",NA,NA,NA,NA,NA,NA,NA,NA,NA
"5036",1978,"0","3","wheat",1.74,1.43376,1.66,1.35456,NA,NA,NA,NA,NA,NA,NA,NA,NA,"Control","Nil",0,0,0,0,0,0,0,"B",NA,NA,NA,NA,NA,NA,NA,NA,NA
"5085",1978,"1","3","wheat",1.6,1.3152,1.54,1.23508,26.123052,NA,NA,21.30624,NA,NA,4.816812,NA,NA,"Control","Nil",0,0,0,0,0,0,0,"B",NA,NA,NA,NA,NA,NA,NA,NA,NA
"5129",1978,"2","3","wheat",3.21,2.68356,2.08,1.67232,54.1572,NA,NA,48.30408,NA,NA,5.85312,NA,NA,"Control","Nil",0,0,0,0,0,0,0,"B",NA,NA,NA,NA,NA,NA,NA,NA,NA
"5160",1978,"3","3","wheat",1.25,1.0275,0.96,0.792,NA,NA,NA,NA,NA,NA,NA,NA,NA,"Control","Nil",0,0,0,0,0,0,0,"B",NA,NA,NA,NA,NA,NA,NA,NA,NA
"5251",1978,"6","3","wheat",2.66,2.13864,1.82,1.53426,NA,NA,NA,NA,NA,NA,NA,NA,NA,"Control","Nil",0,0,0,0,0,0,0,"B",NA,NA,NA,NA,NA,NA,NA,NA,NA
"5327",1978,"8","3","wheat",1.94,1.59856,1.97,1.75724,NA,NA,NA,NA,NA,NA,NA,NA,NA,"Control","Nil",0,0,0,0,0,0,0,"B",NA,NA,NA,NA,NA,NA,NA,NA,NA
"5371",1978,"9","3","wheat",1.65,1.3761,1.2,1.0608,NA,NA,NA,NA,NA,NA,NA,NA,NA,"Control","Nil",0,0,0,0,0,0,0,"B",NA,NA,NA,NA,NA,NA,NA,NA,NA
"5432",1978,"0","5","wheat",1.93,1.59804,1.73,1.37881,NA,NA,NA,NA,NA,NA,NA,NA,NA,"PKMg","PK(Na)Mg",0,35,90,0,0,0,0,"B",NA,NA,NA,NA,NA,NA,NA,NA,NA
"5481",1978,"1","5","wheat",1.66,1.35788,1.77,1.41777,28.81493,NA,NA,21.72608,NA,NA,7.08885,NA,NA,"PKMg","PK(Na)Mg",0,35,90,0,0,0,0,"B",NA,NA,NA,NA,NA,NA,NA,NA,NA
"5525",1978,"2","5","wheat",4.17,3.46944,3.04,2.30432,68.086432,NA,NA,60.021312,NA,NA,8.06512,NA,NA,"PKMg","PK(Na)Mg",0,35,90,0,0,0,0,"B",NA,NA,NA,NA,NA,NA,NA,NA,NA
"5556",1978,"3","5","wheat",1.47,1.20834,1.17,0.95472,NA,NA,NA,NA,NA,NA,NA,NA,NA,"PKMg","PK(Na)Mg",0,35,90,0,0,0,0,"B",NA,NA,NA,NA,NA,NA,NA,NA,NA
"5647",1978,"6","5","wheat",3.33,2.6973,2.22,1.90032,NA,NA,NA,NA,NA,NA,NA,NA,NA,"PKMg","PK(Na)Mg",0,35,90,0,0,0,0,"B",NA,NA,NA,NA,NA,NA,NA,NA,NA
"5723",1978,"8","5","wheat",3.12,2.3712,4.42,3.90286,NA,NA,NA,NA,NA,NA,NA,NA,NA,"PKMg","PK(Na)Mg",0,35,90,0,0,0,0,"B",NA,NA,NA,NA,NA,NA,NA,NA,NA
"5767",1978,"9","5","wheat",2.23,1.75724,1.42,1.2496,NA,NA,NA,NA,NA,NA,NA,NA,NA,"PKMg","PK(Na)Mg",0,35,90,0,0,0,0,"B",NA,NA,NA,NA,NA,NA,NA,NA,NA
"5828",1978,"0","6","wheat",3.22,2.69192,2.42,1.96504,NA,NA,NA,NA,NA,NA,NA,NA,NA,"N1PKMg","N1 PK(Na)Mg",48,35,90,0,0,0,0,"B",NA,NA,NA,NA,NA,NA,NA,NA,NA
"5877",1978,"1","6","wheat",2.92,2.42944,2.17,1.72515,43.694345,NA,NA,37.65632,NA,NA,6.038025,NA,NA,"N1PKMg","N1 PK(Na)Mg",48,35,90,0,0,0,0,"B",NA,NA,NA,NA,NA,NA,NA,NA,NA
"5921",1978,"2","6","wheat",5.55,4.6398,4.52,3.57984,91.40604,NA,NA,78.8766,NA,NA,12.52944,NA,NA,"N1PKMg","N1 PK(Na)Mg",48,35,90,0,0,0,0,"B",NA,NA,NA,NA,NA,NA,NA,NA,NA
"5952",1978,"3","6","wheat",3.39,2.82726,2.16,1.74528,NA,NA,NA,NA,NA,NA,NA,NA,NA,"N1PKMg","N1 PK(Na)Mg",48,35,90,0,0,0,0,"B",NA,NA,NA,NA,NA,NA,NA,NA,NA
"6043",1978,"6","6","wheat",5.24,4.35968,3.73,3.18169,NA,NA,NA,NA,NA,NA,NA,NA,NA,"N1PKMg","N1 PK(Na)Mg",48,35,90,0,0,0,0,"B",NA,NA,NA,NA,NA,NA,NA,NA,NA
"6119",1978,"8","6","wheat",2.62,2.14316,3.56,3.17552,NA,NA,NA,NA,NA,NA,NA,NA,NA,"N1PKMg","N1 PK(Na)Mg",48,35,90,0,0,0,0,"B",NA,NA,NA,NA,NA,NA,NA,NA,NA
"6163",1978,"9","6","wheat",3.94,3.25444,2.8,2.436,NA,NA,NA,NA,NA,NA,NA,NA,NA,"N1PKMg","N1 PK(Na)Mg",48,35,90,0,0,0,0,"B",NA,NA,NA,NA,NA,NA,NA,NA,NA
"6224",1978,"0","7","wheat",5.16,4.34472,3.51,2.83959,NA,NA,NA,NA,NA,NA,NA,NA,NA,"N2PKMg","N2 PK(Na)Mg",96,35,90,0,0,0,0,"B",NA,NA,NA,NA,NA,NA,NA,NA,NA
"6273",1978,"1","7","wheat",5.13,4.26816,3.46,2.7853,87.78371,NA,NA,74.6928,NA,NA,13.09091,NA,NA,"N2PKMg","N2 PK(Na)Mg",96,35,90,0,0,0,0,"B",0.614258125,NA,NA,NA,NA,NA,NA,NA,NA
"6317",1978,"2","7","wheat",7.3,6.1466,5.51,4.50718,139.444134,NA,NA,115.55608,NA,NA,23.888054,NA,NA,"N2PKMg","N2 PK(Na)Mg",96,35,90,0,0,0,0,"B",0.743309395833333,NA,NA,NA,NA,NA,NA,NA,NA
"6348",1978,"3","7","wheat",5.82,4.90044,4,3.268,NA,NA,NA,NA,NA,NA,NA,NA,NA,"N2PKMg","N2 PK(Na)Mg",96,35,90,0,0,0,0,"B",NA,NA,NA,NA,NA,NA,NA,NA,NA
"6439",1978,"6","7","wheat",6.54,5.50668,4.78,4.12992,NA,NA,NA,NA,NA,NA,NA,NA,NA,"N2PKMg","N2 PK(Na)Mg",96,35,90,0,0,0,0,"B",NA,NA,NA,NA,NA,NA,NA,NA,NA
"6515",1978,"8","7","wheat",3.54,2.91696,4.82,4.28016,NA,NA,NA,NA,NA,NA,NA,NA,NA,"N2PKMg","N2 PK(Na)Mg",96,35,90,0,0,0,0,"B",NA,NA,NA,NA,NA,NA,NA,NA,NA
"6559",1978,"9","7","wheat",5.62,4.67584,4.41,3.88521,NA,NA,NA,NA,NA,NA,NA,NA,NA,"N2PKMg","N2 PK(Na)Mg",96,35,90,0,0,0,0,"B",NA,NA,NA,NA,NA,NA,NA,NA,NA
"1113",1978,"7","1","beans",2.64,2.1648,2.33,2.07603,108.390315,NA,NA,86.592,NA,NA,21.798315,NA,NA,"FYM+NPK","FYM N2 PK",96,35,90,35,283.5,44.10994,370.9048,"B",NA,NA,NA,NA,NA,NA,NA,NA,NA
"2313",1978,"7","10","beans",1.56,1.25424,0.57,0.51015,69.633132,NA,NA,63.715392,NA,NA,5.91774,NA,NA,"N","N2",96,0,0,0,0,0,0,"B",NA,NA,NA,NA,NA,NA,NA,NA,NA
"3514",1978,"7","11","beans",0.62,0.50468,2.01,1.75473,42.858167,NA,NA,25.48634,NA,NA,17.371827,NA,NA,"NP","N2 P",96,35,0,0,0,0,0,"B",NA,NA,NA,NA,NA,NA,NA,NA,NA
"59102",1978,"7","13","beans",3.95,3.1837,2.06,1.84782,155.78927,NA,NA,140.0828,NA,NA,15.70647,NA,NA,"NPK","N2 PK",96,35,90,0,0,0,0,"B",NA,NA,NA,NA,NA,NA,NA,NA,NA
"7111",1978,"7","14","beans",3.18,2.65212,2.19,1.94691,140.050134,NA,NA,122.527944,NA,NA,17.52219,NA,NA,"N4PKMg","N2 PKMg*",96,35,90,0,0,0,0,"B",NA,NA,NA,NA,NA,NA,NA,NA,NA
"9511",1978,"7","16","beans",2.82,2.32932,2.13,1.90635,127.631259,NA,NA,107.614584,NA,NA,20.016675,NA,NA,"N5PKMg","N3 PK(Na)Mg",144,35,90,0,0,0,0,"B",NA,NA,NA,NA,NA,NA,NA,NA,NA
"15511",1978,"7","22","beans",5,4.11,2.63,2.41697,200.63579,NA,NA,183.717,NA,NA,16.91879,NA,NA,"FYM","FYM",0,0,0,35,283.5,44.10994,370.9048,"B",NA,NA,NA,0.187302144620811,0.462090504409171,0.556534825396825,NA,NA,NA
"16712",1978,"7","3","beans",2.26,1.78766,1.26,1.11132,100.356158,NA,NA,88.131638,NA,NA,12.22452,NA,NA,"Control","Nil",0,0,0,0,0,0,0,"B",NA,NA,NA,NA,NA,NA,NA,NA,NA
"17911",1978,"7","5","beans",3.33,2.66067,1.77,1.58061,147.535632,NA,NA,129.042495,NA,NA,18.493137,NA,NA,"PKMg","PK(Na)Mg",0,35,90,0,0,0,0,"B",NA,NA,NA,NA,NA,NA,NA,NA,NA
"19110",1978,"7","6","beans",3.49,2.81294,1.99,1.78304,150.41515,NA,NA,130.80171,NA,NA,19.61344,NA,NA,"N1PKMg","N1 PK(Na)Mg",48,35,90,0,0,0,0,"B",NA,NA,NA,NA,NA,NA,NA,NA,NA
"20310",1978,"7","7","beans",3.72,3.069,1.92,1.7184,152.72346,NA,NA,136.5705,NA,NA,16.15296,NA,NA,"N2PKMg","N2 PK(Na)Mg",96,35,90,0,0,0,0,"B",0.0540398750000005,NA,NA,NA,NA,NA,NA,NA,NA
"14",1979,"4","1","potato",25.58,5.14158,NA,NA,64.783908,NA,NA,NA,NA,NA,NA,NA,NA,"FYM+NPK","FYM N2 PK",96,35,90,35,210,29.80061,285.2248,"B",NA,NA,NA,NA,NA,NA,0.162995729166667,NA,NA
"43",1979,"4","10","potato",7.74,1.8576,NA,NA,24.52032,NA,NA,NA,NA,NA,NA,NA,NA,"N","N2",96,0,0,0,0,0,0,"B",NA,NA,NA,NA,NA,NA,NA,NA,NA
"72",1979,"4","11","potato",7.94,1.91354,NA,NA,30.233932,NA,NA,NA,NA,NA,NA,NA,NA,"NP","N2 P",96,35,0,0,0,0,0,"B",NA,NA,NA,NA,NA,NA,NA,NA,NA
"130",1979,"4","13","potato",15.86,3.172,NA,NA,48.2144,NA,NA,NA,NA,NA,NA,NA,NA,"NPK","N2 PK",96,35,90,0,0,0,0,"B",NA,NA,NA,NA,NA,NA,NA,NA,NA
"159",1979,"4","14","potato",22.88,5.3768,NA,NA,57.53176,NA,NA,NA,NA,NA,NA,NA,NA,"N4PKMg","N2 PKMg*",96,35,90,0,0,0,0,"B",NA,NA,NA,NA,NA,NA,NA,NA,NA
"217",1979,"4","16","potato",23.35,5.1837,NA,NA,53.91048,NA,NA,NA,NA,NA,NA,NA,NA,"N5PKMg","N3 PK(Na)Mg",144,35,90,0,0,0,0,"B",NA,NA,NA,NA,NA,NA,NA,NA,NA
"362",1979,"4","22","potato",23.99,5.01391,NA,NA,49.136318,NA,NA,NA,NA,NA,NA,NA,NA,"FYM","FYM",0,0,0,35,210,29.80061,285.2248,"B",NA,NA,NA,0.144073352380952,0.117219038095238,0.0900113619047618,NA,NA,NA
"391",1979,"4","3","potato",6.13,1.50185,NA,NA,12.765725,NA,NA,NA,NA,NA,NA,NA,NA,"Control","Nil",0,0,0,0,0,0,0,"B",NA,NA,NA,NA,NA,NA,NA,NA,NA
"420",1979,"4","5","potato",9.82,2.17022,NA,NA,18.880914,NA,NA,NA,NA,NA,NA,NA,NA,"PKMg","PK(Na)Mg",0,35,90,0,0,0,0,"B",NA,NA,NA,NA,NA,NA,NA,NA,NA
"449",1979,"4","6","potato",18.69,4.1118,NA,NA,43.99626,NA,NA,NA,NA,NA,NA,NA,NA,"N1PKMg","N1 PK(Na)Mg",48,35,90,0,0,0,0,"B",NA,NA,NA,NA,NA,NA,NA,NA,NA
"478",1979,"4","7","potato",25.74,5.4054,NA,NA,67.02696,NA,NA,NA,NA,NA,NA,NA,NA,"N2PKMg","N2 PK(Na)Mg",96,35,90,0,0,0,0,"B",0.5015213125,NA,NA,NA,NA,NA,NA,NA,NA
"9510",1979,"5","1","wheat",7.96,6.51128,5.62,5.13106,NA,NA,NA,NA,NA,NA,NA,NA,NA,"FYM+NPK","FYM N2 PK",96,35,90,35,210,29.80061,285.2248,"B",NA,NA,NA,NA,NA,NA,NA,NA,NA
"1282",1979,"6","1","wheat",8.34,6.8388,5.66,5.12796,NA,NA,NA,NA,NA,NA,NA,NA,NA,"FYM+NPK","FYM N2 PK",96,35,90,35,210,29.80061,285.2248,"B",NA,NA,NA,NA,NA,NA,NA,NA,NA
"17111",1979,"7","1","wheat",8.7,7.1514,6.03,5.43303,172.998126,NA,NA,150.1794,NA,NA,22.818726,NA,NA,"FYM+NPK","FYM N2 PK",96,35,90,35,210,29.80061,285.2248,"B",NA,NA,NA,NA,NA,NA,NA,NA,NA
"20510",1979,"0","10","wheat",2.8,2.3856,1.48,1.3468,NA,NA,NA,NA,NA,NA,NA,NA,NA,"N","N2",96,0,0,0,0,0,0,"B",NA,NA,NA,NA,NA,NA,NA,NA,NA
"254",1979,"1","10","wheat",2.28,1.94256,1.19,1.06029,47.047905,NA,NA,43.124832,NA,NA,3.923073,NA,NA,"N","N2",96,0,0,0,0,0,0,"B",NA,NA,NA,NA,NA,NA,NA,NA,NA
"3872",1979,"5","10","wheat",4.61,3.8263,2.04,1.86456,NA,NA,NA,NA,NA,NA,NA,NA,NA,"N","N2",96,0,0,0,0,0,0,"B",NA,NA,NA,NA,NA,NA,NA,NA,NA
"42010",1979,"6","10","wheat",4.18,3.47776,2.07,1.90233,NA,NA,NA,NA,NA,NA,NA,NA,NA,"N","N2",96,0,0,0,0,0,0,"B",NA,NA,NA,NA,NA,NA,NA,NA,NA
"4631",1979,"7","10","wheat",4.63,3.86142,2.02,1.83012,81.459744,NA,NA,74.139264,NA,NA,7.32048,NA,NA,"N","N2",96,0,0,0,0,0,0,"B",NA,NA,NA,NA,NA,NA,NA,NA,NA
"496",1979,"8","10","wheat",2.09,1.73052,2.4,2.1888,NA,NA,NA,NA,NA,NA,NA,NA,NA,"N","N2",96,0,0,0,0,0,0,"B",NA,NA,NA,NA,NA,NA,NA,NA,NA
"540",1979,"9","10","wheat",2.04,1.70136,1.02,0.94146,NA,NA,NA,NA,NA,NA,NA,NA,NA,"N","N2",96,0,0,0,0,0,0,"B",NA,NA,NA,NA,NA,NA,NA,NA,NA
"601",1979,"0","11","wheat",4.64,3.944,2.3,2.0539,NA,NA,NA,NA,NA,NA,NA,NA,NA,"NP","N2 P",96,35,0,0,0,0,0,"B",NA,NA,NA,NA,NA,NA,NA,NA,NA
"650",1979,"1","11","wheat",3.94,3.349,1.61,1.45383,69.534588,NA,NA,64.3008,NA,NA,5.233788,NA,NA,"NP","N2 P",96,35,0,0,0,0,0,"B",NA,NA,NA,NA,NA,NA,NA,NA,NA
"783",1979,"5","11","wheat",5.3,4.399,2.63,2.42486,NA,NA,NA,NA,NA,NA,NA,NA,NA,"NP","N2 P",96,35,0,0,0,0,0,"B",NA,NA,NA,NA,NA,NA,NA,NA,NA
"816",1979,"6","11","wheat",5.44,4.52608,2.65,2.438,NA,NA,NA,NA,NA,NA,NA,NA,NA,"NP","N2 P",96,35,0,0,0,0,0,"B",NA,NA,NA,NA,NA,NA,NA,NA,NA
"859",1979,"7","11","wheat",5.82,4.86552,2.63,2.4196,94.343712,NA,NA,85.633152,NA,NA,8.71056,NA,NA,"NP","N2 P",96,35,0,0,0,0,0,"B",NA,NA,NA,NA,NA,NA,NA,NA,NA
"892",1979,"8","11","wheat",2.59,2.1497,2.59,2.39834,NA,NA,NA,NA,NA,NA,NA,NA,NA,"NP","N2 P",96,35,0,0,0,0,0,"B",NA,NA,NA,NA,NA,NA,NA,NA,NA
"936",1979,"9","11","wheat",2.98,2.49128,1.1,1.0153,NA,NA,NA,NA,NA,NA,NA,NA,NA,"NP","N2 P",96,35,0,0,0,0,0,"B",NA,NA,NA,NA,NA,NA,NA,NA,NA
"1393",1979,"0","13","wheat",5.77,4.92758,4.38,3.92448,NA,NA,NA,NA,NA,NA,NA,NA,NA,"NPK","N2 PK",96,35,90,0,0,0,0,"B",NA,NA,NA,NA,NA,NA,NA,NA,NA
"1442",1979,"1","13","wheat",6.13,5.19824,3.97,3.53727,94.614135,NA,NA,85.77096,NA,NA,8.843175,NA,NA,"NPK","N2 PK",96,35,90,0,0,0,0,"B",NA,NA,NA,NA,NA,NA,NA,NA,NA
"1575",1979,"5","13","wheat",6.3,5.2542,4.56,4.23624,NA,NA,NA,NA,NA,NA,NA,NA,NA,"NPK","N2 PK",96,35,90,0,0,0,0,"B",NA,NA,NA,NA,NA,NA,NA,NA,NA
"1608",1979,"6","13","wheat",6.12,5.09184,3.9,3.5919,NA,NA,NA,NA,NA,NA,NA,NA,NA,"NPK","N2 PK",96,35,90,0,0,0,0,"B",NA,NA,NA,NA,NA,NA,NA,NA,NA
"1651",1979,"7","13","wheat",6.7,5.6012,4.26,3.83826,114.639336,NA,NA,100.8216,NA,NA,13.817736,NA,NA,"NPK","N2 PK",96,35,90,0,0,0,0,"B",NA,NA,NA,NA,NA,NA,NA,NA,NA
"1684",1979,"8","13","wheat",3.89,3.24426,4.62,4.26888,NA,NA,NA,NA,NA,NA,NA,NA,NA,"NPK","N2 PK",96,35,90,0,0,0,0,"B",NA,NA,NA,NA,NA,NA,NA,NA,NA
"1728",1979,"9","13","wheat",6.04,5.04944,4.34,3.9711,NA,NA,NA,NA,NA,NA,NA,NA,NA,"NPK","N2 PK",96,35,90,0,0,0,0,"B",NA,NA,NA,NA,NA,NA,NA,NA,NA
"1789",1979,"0","14","wheat",6.25,5.3125,3.92,3.54368,NA,NA,NA,NA,NA,NA,NA,NA,NA,"N4PKMg","N2 PKMg*",96,35,90,0,0,0,0,"B",NA,NA,NA,NA,NA,NA,NA,NA,NA
"1838",1979,"1","14","wheat",6.67,5.65616,3.76,3.3652,100.500984,NA,NA,92.761024,NA,NA,7.73996,NA,NA,"N4PKMg","N2 PKMg*",96,35,90,0,0,0,0,"B",NA,NA,NA,NA,NA,NA,NA,NA,NA
"1971",1979,"5","14","wheat",6.7,5.5744,4.3,3.9818,NA,NA,NA,NA,NA,NA,NA,NA,NA,"N4PKMg","N2 PKMg*",96,35,90,0,0,0,0,"B",NA,NA,NA,NA,NA,NA,NA,NA,NA
"2004",1979,"6","14","wheat",6.43,5.36262,4.13,3.82438,NA,NA,NA,NA,NA,NA,NA,NA,NA,"N4PKMg","N2 PKMg*",96,35,90,0,0,0,0,"B",NA,NA,NA,NA,NA,NA,NA,NA,NA
"2047",1979,"7","14","wheat",6.99,5.85762,3.93,3.60381,120.393543,NA,NA,107.780208,NA,NA,12.613335,NA,NA,"N4PKMg","N2 PKMg*",96,35,90,0,0,0,0,"B",NA,NA,NA,NA,NA,NA,NA,NA,NA
"2080",1979,"8","14","wheat",3.6,2.988,4.18,3.88322,NA,NA,NA,NA,NA,NA,NA,NA,NA,"N4PKMg","N2 PKMg*",96,35,90,0,0,0,0,"B",NA,NA,NA,NA,NA,NA,NA,NA,NA
"2124",1979,"9","14","wheat",6.27,5.24172,4.19,3.83385,NA,NA,NA,NA,NA,NA,NA,NA,NA,"N4PKMg","N2 PKMg*",96,35,90,0,0,0,0,"B",NA,NA,NA,NA,NA,NA,NA,NA,NA
"2581",1979,"0","16","wheat",5.72,4.88488,3.42,3.08142,NA,NA,NA,NA,NA,NA,NA,NA,NA,"N5PKMg","N3 PK(Na)Mg",144,35,90,0,0,0,0,"B",NA,NA,NA,NA,NA,NA,NA,NA,NA
"2630",1979,"1","16","wheat",5.84,4.964,3.62,3.22904,94.9426,NA,NA,86.87,NA,NA,8.0726,NA,NA,"N5PKMg","N3 PK(Na)Mg",144,35,90,0,0,0,0,"B",NA,NA,NA,NA,NA,NA,NA,NA,NA
"2763",1979,"5","16","wheat",6.74,5.62116,4.3,3.9087,NA,NA,NA,NA,NA,NA,NA,NA,NA,"N5PKMg","N3 PK(Na)Mg",144,35,90,0,0,0,0,"B",NA,NA,NA,NA,NA,NA,NA,NA,NA
"2796",1979,"6","16","wheat",6.04,5.03736,3.86,3.53576,NA,NA,NA,NA,NA,NA,NA,NA,NA,"N5PKMg","N3 PK(Na)Mg",144,35,90,0,0,0,0,"B",NA,NA,NA,NA,NA,NA,NA,NA,NA
"2839",1979,"7","16","wheat",6.74,5.62116,4.3,3.8743,116.252592,NA,NA,102.305112,NA,NA,13.94748,NA,NA,"N5PKMg","N3 PK(Na)Mg",144,35,90,0,0,0,0,"B",NA,NA,NA,NA,NA,NA,NA,NA,NA
"2872",1979,"8","16","wheat",4.07,3.40252,4.09,3.71781,NA,NA,NA,NA,NA,NA,NA,NA,NA,"N5PKMg","N3 PK(Na)Mg",144,35,90,0,0,0,0,"B",NA,NA,NA,NA,NA,NA,NA,NA,NA
"2916",1979,"9","16","wheat",6.34,5.30024,4.09,3.72599,NA,NA,NA,NA,NA,NA,NA,NA,NA,"N5PKMg","N3 PK(Na)Mg",144,35,90,0,0,0,0,"B",NA,NA,NA,NA,NA,NA,NA,NA,NA
"4165",1979,"0","20","wheat",2.35,1.9928,1.24,1.13088,NA,NA,NA,NA,NA,NA,NA,NA,NA,"NKMg","N2 K(Na)Mg",96,0,90,0,0,0,0,"B",NA,NA,NA,NA,NA,NA,NA,NA,NA
"4214",1979,"1","20","wheat",1.58,1.33984,0.86,0.77056,32.76976,NA,NA,29.610464,NA,NA,3.159296,NA,NA,"NKMg","N2 K(Na)Mg",96,0,90,0,0,0,0,"B",NA,NA,NA,NA,NA,NA,NA,NA,NA
"4651",1979,"0","22","wheat",5.31,4.4604,3.69,3.34683,NA,NA,NA,NA,NA,NA,NA,NA,NA,"FYM","FYM",0,0,0,35,210,29.80061,285.2248,"B",NA,NA,NA,NA,NA,NA,NA,NA,NA
"4700",1979,"1","22","wheat",5.76,4.84992,3.86,3.48172,99.049632,NA,NA,90.693504,NA,NA,8.356128,NA,NA,"FYM","FYM",0,0,0,35,210,29.80061,285.2248,"B",NA,NA,NA,0.3880217,0.315618438095238,0.140547828571429,NA,NA,NA
"4833",1979,"5","22","wheat",7.68,6.32832,5.1,4.6971,NA,NA,NA,NA,NA,NA,NA,NA,NA,"FYM","FYM",0,0,0,35,210,29.80061,285.2248,"B",NA,NA,NA,NA,NA,NA,NA,NA,NA
"4866",1979,"6","22","wheat",5.55,4.5732,3.35,3.0753,NA,NA,NA,NA,NA,NA,NA,NA,NA,"FYM","FYM",0,0,0,35,210,29.80061,285.2248,"B",NA,NA,NA,NA,NA,NA,NA,NA,NA
"4909",1979,"7","22","wheat",6.91,5.69384,3.74,3.2538,115.666824,NA,NA,105.905424,NA,NA,9.7614,NA,NA,"FYM","FYM",0,0,0,35,210,29.80061,285.2248,"B",NA,NA,NA,0.292088647619048,0.162890857142857,0.101538628571429,NA,NA,NA
"4942",1979,"8","22","wheat",3.02,2.48848,3.27,2.99859,NA,NA,NA,NA,NA,NA,NA,NA,NA,"FYM","FYM",0,0,0,35,210,29.80061,285.2248,"B",NA,NA,NA,NA,NA,NA,NA,NA,NA
"4986",1979,"9","22","wheat",5.72,4.70184,3.64,3.32332,NA,NA,NA,NA,NA,NA,NA,NA,NA,"FYM","FYM",0,0,0,35,210,29.80061,285.2248,"B",NA,NA,NA,NA,NA,NA,NA,NA,NA
"5037",1979,"0","3","wheat",1.05,0.882,0.61,0.55144,NA,NA,NA,NA,NA,NA,NA,NA,NA,"Control","Nil",0,0,0,0,0,0,0,"B",NA,NA,NA,NA,NA,NA,NA,NA,NA
"5086",1979,"1","3","wheat",1.15,0.9545,0.6,0.5424,18.87759,NA,NA,17.46735,NA,NA,1.41024,NA,NA,"Control","Nil",0,0,0,0,0,0,0,"B",NA,NA,NA,NA,NA,NA,NA,NA,NA
"5219",1979,"5","3","wheat",2.43,1.98288,1.22,1.11142,NA,NA,NA,NA,NA,NA,NA,NA,NA,"Control","Nil",0,0,0,0,0,0,0,"B",NA,NA,NA,NA,NA,NA,NA,NA,NA
"5252",1979,"6","3","wheat",0.83,0.67562,0.33,0.30063,NA,NA,NA,NA,NA,NA,NA,NA,NA,"Control","Nil",0,0,0,0,0,0,0,"B",NA,NA,NA,NA,NA,NA,NA,NA,NA
"5295",1979,"7","3","wheat",2.65,2.1624,1.13,1.02039,36.57837,NA,NA,33.5172,NA,NA,3.06117,NA,NA,"Control","Nil",0,0,0,0,0,0,0,"B",NA,NA,NA,NA,NA,NA,NA,NA,NA
"5328",1979,"8","3","wheat",1.26,1.02564,0.92,0.82984,NA,NA,NA,NA,NA,NA,NA,NA,NA,"Control","Nil",0,0,0,0,0,0,0,"B",NA,NA,NA,NA,NA,NA,NA,NA,NA
"5372",1979,"9","3","wheat",1.04,0.8528,0.47,0.43428,NA,NA,NA,NA,NA,NA,NA,NA,NA,"Control","Nil",0,0,0,0,0,0,0,"B",NA,NA,NA,NA,NA,NA,NA,NA,NA
"5433",1979,"0","5","wheat",1.54,1.28436,0.49,0.44345,NA,NA,NA,NA,NA,NA,NA,NA,NA,"PKMg","PK(Na)Mg",0,35,90,0,0,0,0,"B",NA,NA,NA,NA,NA,NA,NA,NA,NA
"5482",1979,"1","5","wheat",1.03,0.8549,0.53,0.47541,17.565075,NA,NA,15.90114,NA,NA,1.663935,NA,NA,"PKMg","PK(Na)Mg",0,35,90,0,0,0,0,"B",NA,NA,NA,NA,NA,NA,NA,NA,NA
"5615",1979,"5","5","wheat",2.33,1.89196,1.31,1.19865,NA,NA,NA,NA,NA,NA,NA,NA,NA,"PKMg","PK(Na)Mg",0,35,90,0,0,0,0,"B",NA,NA,NA,NA,NA,NA,NA,NA,NA
"5648",1979,"6","5","wheat",0.83,0.67396,0.33,0.30129,NA,NA,NA,NA,NA,NA,NA,NA,NA,"PKMg","PK(Na)Mg",0,35,90,0,0,0,0,"B",NA,NA,NA,NA,NA,NA,NA,NA,NA
"5691",1979,"7","5","wheat",3.58,2.92128,1.78,1.60912,54.328208,NA,NA,49.66176,NA,NA,4.666448,NA,NA,"PKMg","PK(Na)Mg",0,35,90,0,0,0,0,"B",NA,NA,NA,NA,NA,NA,NA,NA,NA
"5724",1979,"8","5","wheat",1.99,1.59598,1.94,1.77704,NA,NA,NA,NA,NA,NA,NA,NA,NA,"PKMg","PK(Na)Mg",0,35,90,0,0,0,0,"B",NA,NA,NA,NA,NA,NA,NA,NA,NA
"5768",1979,"9","5","wheat",1.35,1.0854,0.62,0.56978,NA,NA,NA,NA,NA,NA,NA,NA,NA,"PKMg","PK(Na)Mg",0,35,90,0,0,0,0,"B",NA,NA,NA,NA,NA,NA,NA,NA,NA
"5829",1979,"0","6","wheat",3.91,3.27658,2.23,2.03376,NA,NA,NA,NA,NA,NA,NA,NA,NA,"N1PKMg","N1 PK(Na)Mg",48,35,90,0,0,0,0,"B",NA,NA,NA,NA,NA,NA,NA,NA,NA
"5878",1979,"1","6","wheat",3.67,3.07546,1.74,1.5834,51.478924,NA,NA,47.362084,NA,NA,4.11684,NA,NA,"N1PKMg","N1 PK(Na)Mg",48,35,90,0,0,0,0,"B",NA,NA,NA,NA,NA,NA,NA,NA,NA
"6011",1979,"5","6","wheat",5.15,4.2436,3.11,2.85187,NA,NA,NA,NA,NA,NA,NA,NA,NA,"N1PKMg","N1 PK(Na)Mg",48,35,90,0,0,0,0,"B",NA,NA,NA,NA,NA,NA,NA,NA,NA
"6044",1979,"6","6","wheat",3.85,3.157,2.22,2.0424,NA,NA,NA,NA,NA,NA,NA,NA,NA,"N1PKMg","N1 PK(Na)Mg",48,35,90,0,0,0,0,"B",NA,NA,NA,NA,NA,NA,NA,NA,NA
"6087",1979,"7","6","wheat",5.83,4.80392,2.01,1.81302,86.860884,NA,NA,82.147032,NA,NA,4.713852,NA,NA,"N1PKMg","N1 PK(Na)Mg",48,35,90,0,0,0,0,"B",NA,NA,NA,NA,NA,NA,NA,NA,NA
"6120",1979,"8","6","wheat",2.18,1.80504,4.38,4.03836,NA,NA,NA,NA,NA,NA,NA,NA,NA,"N1PKMg","N1 PK(Na)Mg",48,35,90,0,0,0,0,"B",NA,NA,NA,NA,NA,NA,NA,NA,NA
"6164",1979,"9","6","wheat",3.96,3.25512,2.17,1.98338,NA,NA,NA,NA,NA,NA,NA,NA,NA,"N1PKMg","N1 PK(Na)Mg",48,35,90,0,0,0,0,"B",NA,NA,NA,NA,NA,NA,NA,NA,NA
"6225",1979,"0","7","wheat",5.94,5.00148,3.7,3.367,NA,NA,NA,NA,NA,NA,NA,NA,NA,"N2PKMg","N2 PK(Na)Mg",96,35,90,0,0,0,0,"B",NA,NA,NA,NA,NA,NA,NA,NA,NA
"6274",1979,"1","7","wheat",5.83,4.92052,3.4,3.0532,96.371392,NA,NA,86.601152,NA,NA,9.77024,NA,NA,"N2PKMg","N2 PK(Na)Mg",96,35,90,0,0,0,0,"B",0.820899135416667,NA,NA,NA,NA,NA,NA,NA,NA
"6407",1979,"5","7","wheat",7.22,5.94928,4.58,4.19986,NA,NA,NA,NA,NA,NA,NA,NA,NA,"N2PKMg","N2 PK(Na)Mg",96,35,90,0,0,0,0,"B",NA,NA,NA,NA,NA,NA,NA,NA,NA
"6440",1979,"6","7","wheat",6.34,5.24952,3.8,3.4808,NA,NA,NA,NA,NA,NA,NA,NA,NA,"N2PKMg","N2 PK(Na)Mg",96,35,90,0,0,0,0,"B",NA,NA,NA,NA,NA,NA,NA,NA,NA
"6483",1979,"7","7","wheat",7.08,5.8764,4.6,4.1906,126.48728,NA,NA,112.23924,NA,NA,14.24804,NA,NA,"N2PKMg","N2 PK(Na)Mg",96,35,90,0,0,0,0,"B",0.751657,NA,NA,NA,NA,NA,NA,NA,NA
"6516",1979,"8","7","wheat",3.13,2.59164,3.97,3.64843,NA,NA,NA,NA,NA,NA,NA,NA,NA,"N2PKMg","N2 PK(Na)Mg",96,35,90,0,0,0,0,"B",NA,NA,NA,NA,NA,NA,NA,NA,NA
"6560",1979,"9","7","wheat",6.04,5.00112,3.9,3.5919,NA,NA,NA,NA,NA,NA,NA,NA,NA,"N2PKMg","N2 PK(Na)Mg",96,35,90,0,0,0,0,"B",NA,NA,NA,NA,NA,NA,NA,NA,NA
"4",1980,"2","1","potato",52.88,10.576,NA,NA,132.2,NA,NA,NA,NA,NA,NA,NA,NA,"FYM+NPK","FYM N2 PK",96,35,90,35,259,34.9209,352.2456,"B",NA,NA,NA,NA,NA,NA,0.173729166666667,NA,NA
"33",1980,"2","10","potato",10.83,2.41509,NA,NA,35.018805,NA,NA,NA,NA,NA,NA,NA,NA,"N","N2",96,0,0,0,0,0,0,"B",NA,NA,NA,NA,NA,NA,NA,NA,NA
"62",1980,"2","11","potato",16.1,3.3488,NA,NA,60.2784,NA,NA,NA,NA,NA,NA,NA,NA,"NP","N2 P",96,35,0,0,0,0,0,"B",NA,NA,NA,NA,NA,NA,NA,NA,NA
"120",1980,"2","13","potato",35.38,7.11138,NA,NA,97.425906,NA,NA,NA,NA,NA,NA,NA,NA,"NPK","N2 PK",96,35,90,0,0,0,0,"B",NA,NA,NA,NA,NA,NA,NA,NA,NA
"149",1980,"2","14","potato",41.21,9.4783,NA,NA,107.10479,NA,NA,NA,NA,NA,NA,NA,NA,"N4PKMg","N2 PKMg*",96,35,90,0,0,0,0,"B",NA,NA,NA,NA,NA,NA,NA,NA,NA
"207",1980,"2","16","potato",42.49,8.9229,NA,NA,140.98182,NA,NA,NA,NA,NA,NA,NA,NA,"N5PKMg","N3 PK(Na)Mg",144,35,90,0,0,0,0,"B",NA,NA,NA,NA,NA,NA,NA,NA,NA
"352",1980,"2","22","potato",52.51,10.502,NA,NA,115.522,NA,NA,NA,NA,NA,NA,NA,NA,"FYM","FYM",0,0,0,35,259,34.9209,352.2456,"B",NA,NA,NA,0.284301374517375,0.310823146718147,0.213295752895753,NA,NA,NA
"381",1980,"2","3","potato",10.81,2.42144,NA,NA,25.667264,NA,NA,NA,NA,NA,NA,NA,NA,"Control","Nil",0,0,0,0,0,0,0,"B",NA,NA,NA,NA,NA,NA,NA,NA,NA
"410",1980,"2","5","potato",22.98,4.98666,NA,NA,41.887944,NA,NA,NA,NA,NA,NA,NA,NA,"PKMg","PK(Na)Mg",0,35,90,0,0,0,0,"B",NA,NA,NA,NA,NA,NA,NA,NA,NA
"439",1980,"2","6","potato",38.13,8.27421,NA,NA,75.295311,NA,NA,NA,NA,NA,NA,NA,NA,"N1PKMg","N1 PK(Na)Mg",48,35,90,0,0,0,0,"B",NA,NA,NA,NA,NA,NA,NA,NA,NA
"468",1980,"2","7","potato",48.31,10.48327,NA,NA,97.494411,NA,NA,NA,NA,NA,NA,NA,NA,"N2PKMg","N2 PK(Na)Mg",96,35,90,0,0,0,0,"B",0.57923403125,NA,NA,NA,NA,NA,NA,NA,NA
"3712",1980,"3","1","wheat",7.76,6.47184,NA,NA,NA,NA,NA,NA,NA,NA,NA,NA,NA,"FYM+NPK","FYM N2 PK",96,35,90,35,259,34.9209,352.2456,"B",NA,NA,NA,NA,NA,NA,NA,NA,NA
"6611",1980,"4","1","wheat",8.4,7.0224,8.06,6.86712,213.32916,NA,NA,175.56,NA,NA,37.76916,NA,NA,"FYM+NPK","FYM N2 PK",96,35,90,35,259,34.9209,352.2456,"B",NA,NA,NA,NA,NA,NA,0.9060965,NA,NA
"9610",1980,"5","1","wheat",8.15,6.7808,NA,NA,NA,NA,NA,NA,NA,NA,NA,NA,NA,"FYM+NPK","FYM N2 PK",96,35,90,35,259,34.9209,352.2456,"B",NA,NA,NA,NA,NA,NA,NA,NA,NA
"1292",1980,"6","1","wheat",8.05,6.7459,NA,NA,NA,NA,NA,NA,NA,NA,NA,NA,NA,"FYM+NPK","FYM N2 PK",96,35,90,35,259,34.9209,352.2456,"B",NA,NA,NA,NA,NA,NA,NA,NA,NA
"20610",1980,"0","10","wheat",4.2,3.5112,NA,NA,NA,NA,NA,NA,NA,NA,NA,NA,NA,"N","N2",96,0,0,0,0,0,0,"B",NA,NA,NA,NA,NA,NA,NA,NA,NA
"255",1980,"1","10","wheat",3.69,3.07746,2.08,1.91152,85.263116,NA,NA,75.705516,NA,NA,9.5576,NA,NA,"N","N2",96,0,0,0,0,0,0,"B",NA,NA,NA,NA,NA,NA,NA,NA,NA
"3291",1980,"3","10","wheat",3.62,2.9322,NA,NA,NA,NA,NA,NA,NA,NA,NA,NA,NA,"N","N2",96,0,0,0,0,0,0,"B",NA,NA,NA,NA,NA,NA,NA,NA,NA
"3582",1980,"4","10","wheat",4.6,3.7076,2.18,1.96854,116.887278,NA,NA,105.6666,NA,NA,11.220678,NA,NA,"N","N2",96,0,0,0,0,0,0,"B",NA,NA,NA,NA,NA,NA,NA,NA,NA
"3882",1980,"5","10","wheat",5.82,4.8306,NA,NA,NA,NA,NA,NA,NA,NA,NA,NA,NA,"N","N2",96,0,0,0,0,0,0,"B",NA,NA,NA,NA,NA,NA,NA,NA,NA
"42110",1980,"6","10","wheat",4.22,3.49416,NA,NA,NA,NA,NA,NA,NA,NA,NA,NA,NA,"N","N2",96,0,0,0,0,0,0,"B",NA,NA,NA,NA,NA,NA,NA,NA,NA
"497",1980,"8","10","wheat",2.18,1.76144,NA,NA,NA,NA,NA,NA,NA,NA,NA,NA,NA,"N","N2",96,0,0,0,0,0,0,"B",NA,NA,NA,NA,NA,NA,NA,NA,NA
"541",1980,"9","10","wheat",2.75,2.2275,NA,NA,NA,NA,NA,NA,NA,NA,NA,NA,NA,"N","N2",96,0,0,0,0,0,0,"B",NA,NA,NA,NA,NA,NA,NA,NA,NA
"602",1980,"0","11","wheat",5.04,4.25376,NA,NA,NA,NA,NA,NA,NA,NA,NA,NA,NA,"NP","N2 P",96,35,0,0,0,0,0,"B",NA,NA,NA,NA,NA,NA,NA,NA,NA
"651",1980,"1","11","wheat",4.68,3.94992,2.62,2.37896,110.571008,NA,NA,96.77304,NA,NA,13.797968,NA,NA,"NP","N2 P",96,35,0,0,0,0,0,"B",NA,NA,NA,NA,NA,NA,NA,NA,NA
"725",1980,"3","11","wheat",5.67,4.75146,NA,NA,NA,NA,NA,NA,NA,NA,NA,NA,NA,"NP","N2 P",96,35,0,0,0,0,0,"B",NA,NA,NA,NA,NA,NA,NA,NA,NA
"754",1980,"4","11","wheat",6.64,5.53776,3.67,3.27731,151.937311,NA,NA,134.567568,NA,NA,17.369743,NA,NA,"NP","N2 P",96,35,0,0,0,0,0,"B",NA,NA,NA,NA,NA,NA,NA,NA,NA
"784",1980,"5","11","wheat",5.94,4.95396,NA,NA,NA,NA,NA,NA,NA,NA,NA,NA,NA,"NP","N2 P",96,35,0,0,0,0,0,"B",NA,NA,NA,NA,NA,NA,NA,NA,NA
"817",1980,"6","11","wheat",5.36,4.45952,NA,NA,NA,NA,NA,NA,NA,NA,NA,NA,NA,"NP","N2 P",96,35,0,0,0,0,0,"B",NA,NA,NA,NA,NA,NA,NA,NA,NA
"893",1980,"8","11","wheat",1.82,1.41596,NA,NA,NA,NA,NA,NA,NA,NA,NA,NA,NA,"NP","N2 P",96,35,0,0,0,0,0,"B",NA,NA,NA,NA,NA,NA,NA,NA,NA
"937",1980,"9","11","wheat",4.25,3.519,NA,NA,NA,NA,NA,NA,NA,NA,NA,NA,NA,"NP","N2 P",96,35,0,0,0,0,0,"B",NA,NA,NA,NA,NA,NA,NA,NA,NA
"1394",1980,"0","13","wheat",5.7,4.8108,NA,NA,NA,NA,NA,NA,NA,NA,NA,NA,NA,"NPK","N2 PK",96,35,90,0,0,0,0,"B",NA,NA,NA,NA,NA,NA,NA,NA,NA
"1443",1980,"1","13","wheat",5.84,4.92896,3.45,3.0912,112.79024,NA,NA,101.04368,NA,NA,11.74656,NA,NA,"NPK","N2 PK",96,35,90,0,0,0,0,"B",NA,NA,NA,NA,NA,NA,NA,NA,NA
"1517",1980,"3","13","wheat",6.79,5.6357,NA,NA,NA,NA,NA,NA,NA,NA,NA,NA,NA,"NPK","N2 PK",96,35,90,0,0,0,0,"B",NA,NA,NA,NA,NA,NA,NA,NA,NA
"1546",1980,"4","13","wheat",7.1,5.893,5.8,4.959,149.2952,NA,NA,128.4674,NA,NA,20.8278,NA,NA,"NPK","N2 PK",96,35,90,0,0,0,0,"B",NA,NA,NA,NA,NA,NA,NA,NA,NA
"1576",1980,"5","13","wheat",6.11,5.09574,NA,NA,NA,NA,NA,NA,NA,NA,NA,NA,NA,"NPK","N2 PK",96,35,90,0,0,0,0,"B",NA,NA,NA,NA,NA,NA,NA,NA,NA
"1609",1980,"6","13","wheat",5.96,4.98256,NA,NA,NA,NA,NA,NA,NA,NA,NA,NA,NA,"NPK","N2 PK",96,35,90,0,0,0,0,"B",NA,NA,NA,NA,NA,NA,NA,NA,NA
"1685",1980,"8","13","wheat",2.61,2.07756,NA,NA,NA,NA,NA,NA,NA,NA,NA,NA,NA,"NPK","N2 PK",96,35,90,0,0,0,0,"B",NA,NA,NA,NA,NA,NA,NA,NA,NA
"1729",1980,"9","13","wheat",6.32,5.23296,NA,NA,NA,NA,NA,NA,NA,NA,NA,NA,NA,"NPK","N2 PK",96,35,90,0,0,0,0,"B",NA,NA,NA,NA,NA,NA,NA,NA,NA
"1790",1980,"0","14","wheat",5.9,4.956,NA,NA,NA,NA,NA,NA,NA,NA,NA,NA,NA,"N4PKMg","N2 PKMg*",96,35,90,0,0,0,0,"B",NA,NA,NA,NA,NA,NA,NA,NA,NA
"1839",1980,"1","14","wheat",6.13,5.16146,3.69,3.29517,117.343025,NA,NA,105.80993,NA,NA,11.533095,NA,NA,"N4PKMg","N2 PKMg*",96,35,90,0,0,0,0,"B",NA,NA,NA,NA,NA,NA,NA,NA,NA
"1913",1980,"3","14","wheat",7.11,5.91552,NA,NA,NA,NA,NA,NA,NA,NA,NA,NA,NA,"N4PKMg","N2 PKMg*",96,35,90,0,0,0,0,"B",NA,NA,NA,NA,NA,NA,NA,NA,NA
"1942",1980,"4","14","wheat",7.52,6.27168,4.84,4.235,151.153952,NA,NA,134.213952,NA,NA,16.94,NA,NA,"N4PKMg","N2 PKMg*",96,35,90,0,0,0,0,"B",NA,NA,NA,NA,NA,NA,NA,NA,NA
"1972",1980,"5","14","wheat",6.07,4.92884,NA,NA,NA,NA,NA,NA,NA,NA,NA,NA,NA,"N4PKMg","N2 PKMg*",96,35,90,0,0,0,0,"B",NA,NA,NA,NA,NA,NA,NA,NA,NA
"2005",1980,"6","14","wheat",5.97,4.97898,NA,NA,NA,NA,NA,NA,NA,NA,NA,NA,NA,"N4PKMg","N2 PKMg*",96,35,90,0,0,0,0,"B",NA,NA,NA,NA,NA,NA,NA,NA,NA
"2081",1980,"8","14","wheat",2.64,2.14896,NA,NA,NA,NA,NA,NA,NA,NA,NA,NA,NA,"N4PKMg","N2 PKMg*",96,35,90,0,0,0,0,"B",NA,NA,NA,NA,NA,NA,NA,NA,NA
"2125",1980,"9","14","wheat",3.77,3.13664,NA,NA,NA,NA,NA,NA,NA,NA,NA,NA,NA,"N4PKMg","N2 PKMg*",96,35,90,0,0,0,0,"B",NA,NA,NA,NA,NA,NA,NA,NA,NA
"2582",1980,"0","16","wheat",5.68,4.7712,NA,NA,NA,NA,NA,NA,NA,NA,NA,NA,NA,"N5PKMg","N3 PK(Na)Mg",144,35,90,0,0,0,0,"B",NA,NA,NA,NA,NA,NA,NA,NA,NA
"2631",1980,"1","16","wheat",5.69,4.7796,5.78,5.17888,129.132584,NA,NA,109.45284,NA,NA,19.679744,NA,NA,"N5PKMg","N3 PK(Na)Mg",144,35,90,0,0,0,0,"B",NA,NA,NA,NA,NA,NA,NA,NA,NA
"2705",1980,"3","16","wheat",6.7,5.5476,NA,NA,NA,NA,NA,NA,NA,NA,NA,NA,NA,"N5PKMg","N3 PK(Na)Mg",144,35,90,0,0,0,0,"B",NA,NA,NA,NA,NA,NA,NA,NA,NA
"2734",1980,"4","16","wheat",7.07,5.88224,5.28,4.65696,146.027392,NA,NA,126.46816,NA,NA,19.559232,NA,NA,"N5PKMg","N3 PK(Na)Mg",144,35,90,0,0,0,0,"B",NA,NA,NA,NA,NA,NA,NA,NA,NA
"2764",1980,"5","16","wheat",6.15,5.1045,NA,NA,NA,NA,NA,NA,NA,NA,NA,NA,NA,"N5PKMg","N3 PK(Na)Mg",144,35,90,0,0,0,0,"B",NA,NA,NA,NA,NA,NA,NA,NA,NA
"2797",1980,"6","16","wheat",5.81,4.83392,NA,NA,NA,NA,NA,NA,NA,NA,NA,NA,NA,"N5PKMg","N3 PK(Na)Mg",144,35,90,0,0,0,0,"B",NA,NA,NA,NA,NA,NA,NA,NA,NA
"2873",1980,"8","16","wheat",1.96,1.6072,NA,NA,NA,NA,NA,NA,NA,NA,NA,NA,NA,"N5PKMg","N3 PK(Na)Mg",144,35,90,0,0,0,0,"B",NA,NA,NA,NA,NA,NA,NA,NA,NA
"2917",1980,"9","16","wheat",5.91,4.89348,NA,NA,NA,NA,NA,NA,NA,NA,NA,NA,NA,"N5PKMg","N3 PK(Na)Mg",144,35,90,0,0,0,0,"B",NA,NA,NA,NA,NA,NA,NA,NA,NA
"4166",1980,"0","20","wheat",4.04,3.36128,NA,NA,NA,NA,NA,NA,NA,NA,NA,NA,NA,"NKMg","N2 K(Na)Mg",96,0,90,0,0,0,0,"B",NA,NA,NA,NA,NA,NA,NA,NA,NA
"4215",1980,"1","20","wheat",4.12,3.43608,3.08,2.73812,99.45838,NA,NA,86.589216,NA,NA,12.869164,NA,NA,"NKMg","N2 K(Na)Mg",96,0,90,0,0,0,0,"B",NA,NA,NA,NA,NA,NA,NA,NA,NA
"4652",1980,"0","22","wheat",6.37,5.29984,NA,NA,NA,NA,NA,NA,NA,NA,NA,NA,NA,"FYM","FYM",0,0,0,35,259,34.9209,352.2456,"B",NA,NA,NA,NA,NA,NA,NA,NA,NA
"4701",1980,"1","22","wheat",6.71,5.60956,5.76,4.89024,126.343896,NA,NA,104.337816,NA,NA,22.00608,NA,NA,"FYM","FYM",0,0,0,35,259,34.9209,352.2456,"B",NA,NA,NA,0.387120216216216,0.103805081081081,0.0608991814671814,NA,NA,NA
"4775",1980,"3","22","wheat",7.63,6.37868,NA,NA,NA,NA,NA,NA,NA,NA,NA,NA,NA,"FYM","FYM",0,0,0,35,259,34.9209,352.2456,"B",NA,NA,NA,NA,NA,NA,NA,NA,NA
"4804",1980,"4","22","wheat",6.45,5.3535,6.43,5.45907,129.462744,NA,NA,106.53465,NA,NA,22.928094,NA,NA,"FYM","FYM",0,0,0,35,259,34.9209,352.2456,"B",NA,NA,NA,0.33147877992278,0.0485539227799229,-0.08677438996139,NA,NA,NA
"4834",1980,"5","22","wheat",6.57,5.47938,NA,NA,NA,NA,NA,NA,NA,NA,NA,NA,NA,"FYM","FYM",0,0,0,35,259,34.9209,352.2456,"B",NA,NA,NA,NA,NA,NA,NA,NA,NA
"4867",1980,"6","22","wheat",5.38,4.4654,NA,NA,NA,NA,NA,NA,NA,NA,NA,NA,NA,"FYM","FYM",0,0,0,35,259,34.9209,352.2456,"B",NA,NA,NA,NA,NA,NA,NA,NA,NA
"4943",1980,"8","22","wheat",4.19,3.32686,NA,NA,NA,NA,NA,NA,NA,NA,NA,NA,NA,"FYM","FYM",0,0,0,35,259,34.9209,352.2456,"B",NA,NA,NA,NA,NA,NA,NA,NA,NA
"4987",1980,"9","22","wheat",6.47,5.34422,NA,NA,NA,NA,NA,NA,NA,NA,NA,NA,NA,"FYM","FYM",0,0,0,35,259,34.9209,352.2456,"B",NA,NA,NA,NA,NA,NA,NA,NA,NA
"5038",1980,"0","3","wheat",1.89,1.5498,NA,NA,NA,NA,NA,NA,NA,NA,NA,NA,NA,"Control","Nil",0,0,0,0,0,0,0,"B",NA,NA,NA,NA,NA,NA,NA,NA,NA
"5087",1980,"1","3","wheat",1.78,1.47384,1.28,1.16864,31.498448,NA,NA,26.823888,NA,NA,4.67456,NA,NA,"Control","Nil",0,0,0,0,0,0,0,"B",NA,NA,NA,NA,NA,NA,NA,NA,NA
"5161",1980,"3","3","wheat",2.56,2.08896,NA,NA,NA,NA,NA,NA,NA,NA,NA,NA,NA,"Control","Nil",0,0,0,0,0,0,0,"B",NA,NA,NA,NA,NA,NA,NA,NA,NA
"5190",1980,"4","3","wheat",2.16,1.74528,1.46,1.3286,36.289192,NA,NA,31.240512,NA,NA,5.04868,NA,NA,"Control","Nil",0,0,0,0,0,0,0,"B",NA,NA,NA,NA,NA,NA,NA,NA,NA
"5220",1980,"5","3","wheat",1.31,1.06634,NA,NA,NA,NA,NA,NA,NA,NA,NA,NA,NA,"Control","Nil",0,0,0,0,0,0,0,"B",NA,NA,NA,NA,NA,NA,NA,NA,NA
"5253",1980,"6","3","wheat",1.07,0.8667,NA,NA,NA,NA,NA,NA,NA,NA,NA,NA,NA,"Control","Nil",0,0,0,0,0,0,0,"B",NA,NA,NA,NA,NA,NA,NA,NA,NA
"5329",1980,"8","3","wheat",1.69,1.37904,NA,NA,NA,NA,NA,NA,NA,NA,NA,NA,NA,"Control","Nil",0,0,0,0,0,0,0,"B",NA,NA,NA,NA,NA,NA,NA,NA,NA
"5373",1980,"9","3","wheat",1.76,1.45024,NA,NA,NA,NA,NA,NA,NA,NA,NA,NA,NA,"Control","Nil",0,0,0,0,0,0,0,"B",NA,NA,NA,NA,NA,NA,NA,NA,NA
"5434",1980,"0","5","wheat",2.1,1.7304,NA,NA,NA,NA,NA,NA,NA,NA,NA,NA,NA,"PKMg","PK(Na)Mg",0,35,90,0,0,0,0,"B",NA,NA,NA,NA,NA,NA,NA,NA,NA
"5483",1980,"1","5","wheat",1.49,1.2218,1.2,1.098,26.07976,NA,NA,22.23676,NA,NA,3.843,NA,NA,"PKMg","PK(Na)Mg",0,35,90,0,0,0,0,"B",NA,NA,NA,NA,NA,NA,NA,NA,NA
"5557",1980,"3","5","wheat",2.96,2.44496,NA,NA,NA,NA,NA,NA,NA,NA,NA,NA,NA,"PKMg","PK(Na)Mg",0,35,90,0,0,0,0,"B",NA,NA,NA,NA,NA,NA,NA,NA,NA
"5586",1980,"4","5","wheat",2.43,2.00232,2.01,1.81101,43.60974,NA,NA,35.641296,NA,NA,7.968444,NA,NA,"PKMg","PK(Na)Mg",0,35,90,0,0,0,0,"B",NA,NA,NA,NA,NA,NA,NA,NA,NA
"5616",1980,"5","5","wheat",1.3,1.0634,NA,NA,NA,NA,NA,NA,NA,NA,NA,NA,NA,"PKMg","PK(Na)Mg",0,35,90,0,0,0,0,"B",NA,NA,NA,NA,NA,NA,NA,NA,NA
"5649",1980,"6","5","wheat",1.11,0.9102,NA,NA,NA,NA,NA,NA,NA,NA,NA,NA,NA,"PKMg","PK(Na)Mg",0,35,90,0,0,0,0,"B",NA,NA,NA,NA,NA,NA,NA,NA,NA
"5725",1980,"8","5","wheat",3.02,2.36768,NA,NA,NA,NA,NA,NA,NA,NA,NA,NA,NA,"PKMg","PK(Na)Mg",0,35,90,0,0,0,0,"B",NA,NA,NA,NA,NA,NA,NA,NA,NA
"5769",1980,"9","5","wheat",1.91,1.52418,NA,NA,NA,NA,NA,NA,NA,NA,NA,NA,NA,"PKMg","PK(Na)Mg",0,35,90,0,0,0,0,"B",NA,NA,NA,NA,NA,NA,NA,NA,NA
"5830",1980,"0","6","wheat",4.05,3.3777,NA,NA,NA,NA,NA,NA,NA,NA,NA,NA,NA,"N1PKMg","N1 PK(Na)Mg",48,35,90,0,0,0,0,"B",NA,NA,NA,NA,NA,NA,NA,NA,NA
"5879",1980,"1","6","wheat",3.74,3.08924,2.19,1.971,61.466224,NA,NA,54.370624,NA,NA,7.0956,NA,NA,"N1PKMg","N1 PK(Na)Mg",48,35,90,0,0,0,0,"B",NA,NA,NA,NA,NA,NA,NA,NA,NA
"5953",1980,"3","6","wheat",5.04,4.032,NA,NA,NA,NA,NA,NA,NA,NA,NA,NA,NA,"N1PKMg","N1 PK(Na)Mg",48,35,90,0,0,0,0,"B",NA,NA,NA,NA,NA,NA,NA,NA,NA
"5982",1980,"4","6","wheat",5.31,4.39668,4.19,3.70815,86.705043,NA,NA,72.984888,NA,NA,13.720155,NA,NA,"N1PKMg","N1 PK(Na)Mg",48,35,90,0,0,0,0,"B",NA,NA,NA,NA,NA,NA,NA,NA,NA
"6012",1980,"5","6","wheat",4,3.304,NA,NA,NA,NA,NA,NA,NA,NA,NA,NA,NA,"N1PKMg","N1 PK(Na)Mg",48,35,90,0,0,0,0,"B",NA,NA,NA,NA,NA,NA,NA,NA,NA
"6045",1980,"6","6","wheat",3.36,2.76192,NA,NA,NA,NA,NA,NA,NA,NA,NA,NA,NA,"N1PKMg","N1 PK(Na)Mg",48,35,90,0,0,0,0,"B",NA,NA,NA,NA,NA,NA,NA,NA,NA
"6121",1980,"8","6","wheat",2.89,2.30044,NA,NA,NA,NA,NA,NA,NA,NA,NA,NA,NA,"N1PKMg","N1 PK(Na)Mg",48,35,90,0,0,0,0,"B",NA,NA,NA,NA,NA,NA,NA,NA,NA
"6165",1980,"9","6","wheat",4.36,3.59264,NA,NA,NA,NA,NA,NA,NA,NA,NA,NA,NA,"N1PKMg","N1 PK(Na)Mg",48,35,90,0,0,0,0,"B",NA,NA,NA,NA,NA,NA,NA,NA,NA
"6226",1980,"0","7","wheat",5.89,4.93582,NA,NA,NA,NA,NA,NA,NA,NA,NA,NA,NA,"N2PKMg","N2 PK(Na)Mg",96,35,90,0,0,0,0,"B",NA,NA,NA,NA,NA,NA,NA,NA,NA
"6275",1980,"1","7","wheat",6.25,5.225,3.73,3.28986,122.555454,NA,NA,109.725,NA,NA,12.830454,NA,NA,"N2PKMg","N2 PK(Na)Mg",96,35,90,0,0,0,0,"B",1.00495514583333,NA,NA,NA,NA,NA,NA,NA,NA
"6349",1980,"3","7","wheat",6.89,5.73248,NA,NA,NA,NA,NA,NA,NA,NA,NA,NA,NA,"N2PKMg","N2 PK(Na)Mg",96,35,90,0,0,0,0,"B",NA,NA,NA,NA,NA,NA,NA,NA,NA
"6378",1980,"4","7","wheat",7.35,6.1152,5.5,4.752,144.98112,NA,NA,125.97312,NA,NA,19.008,NA,NA,"N2PKMg","N2 PK(Na)Mg",96,35,90,0,0,0,0,"B",1.055951875,NA,NA,NA,NA,NA,NA,NA,NA
"6408",1980,"5","7","wheat",6.51,5.4033,NA,NA,NA,NA,NA,NA,NA,NA,NA,NA,NA,"N2PKMg","N2 PK(Na)Mg",96,35,90,0,0,0,0,"B",NA,NA,NA,NA,NA,NA,NA,NA,NA
"6441",1980,"6","7","wheat",5.85,4.8789,NA,NA,NA,NA,NA,NA,NA,NA,NA,NA,NA,"N2PKMg","N2 PK(Na)Mg",96,35,90,0,0,0,0,"B",NA,NA,NA,NA,NA,NA,NA,NA,NA
"6517",1980,"8","7","wheat",2.73,2.184,NA,NA,NA,NA,NA,NA,NA,NA,NA,NA,NA,"N2PKMg","N2 PK(Na)Mg",96,35,90,0,0,0,0,"B",NA,NA,NA,NA,NA,NA,NA,NA,NA
"6561",1980,"9","7","wheat",6.24,5.1792,NA,NA,NA,NA,NA,NA,NA,NA,NA,NA,NA,"N2PKMg","N2 PK(Na)Mg",96,35,90,0,0,0,0,"B",NA,NA,NA,NA,NA,NA,NA,NA,NA
"26",1981,"7","1","potato",27.74,5.04868,NA,NA,65.63284,NA,NA,NA,NA,NA,NA,NA,NA,"FYM+NPK","FYM N2 PK",96,35,90,35,238,39.4002,298.1034,"B",NA,NA,NA,NA,NA,NA,0.197746354166667,NA,NA
"55",1981,"7","10","potato",5.63,1.18793,NA,NA,16.155848,NA,NA,NA,NA,NA,NA,NA,NA,"N","N2",96,0,0,0,0,0,0,"B",NA,NA,NA,NA,NA,NA,NA,NA,NA
"84",1981,"7","11","potato",7.97,1.78528,NA,NA,28.028896,NA,NA,NA,NA,NA,NA,NA,NA,"NP","N2 P",96,35,0,0,0,0,0,"B",NA,NA,NA,NA,NA,NA,NA,NA,NA
"142",1981,"7","13","potato",14.44,2.62808,NA,NA,36.267504,NA,NA,NA,NA,NA,NA,NA,NA,"NPK","N2 PK",96,35,90,0,0,0,0,"B",NA,NA,NA,NA,NA,NA,NA,NA,NA
"171",1981,"7","14","potato",17.97,3.62994,NA,NA,39.92934,NA,NA,NA,NA,NA,NA,NA,NA,"N4PKMg","N2 PKMg*",96,35,90,0,0,0,0,"B",NA,NA,NA,NA,NA,NA,NA,NA,NA
"229",1981,"7","16","potato",20.33,3.67973,NA,NA,45.996625,NA,NA,NA,NA,NA,NA,NA,NA,"N5PKMg","N3 PK(Na)Mg",144,35,90,0,0,0,0,"B",NA,NA,NA,NA,NA,NA,NA,NA,NA
"374",1981,"7","22","potato",21.9,3.9201,NA,NA,46.64919,NA,NA,NA,NA,NA,NA,NA,NA,"FYM","FYM",0,0,0,35,238,39.4002,298.1034,"B",NA,NA,NA,0.114020294117647,0.128123285714286,0.0782365294117647,NA,NA,NA
"403",1981,"7","3","potato",5.43,1.07514,NA,NA,12.90168,NA,NA,NA,NA,NA,NA,NA,NA,"Control","Nil",0,0,0,0,0,0,0,"B",NA,NA,NA,NA,NA,NA,NA,NA,NA
"432",1981,"7","5","potato",10.44,1.85832,NA,NA,19.51236,NA,NA,NA,NA,NA,NA,NA,NA,"PKMg","PK(Na)Mg",0,35,90,0,0,0,0,"B",NA,NA,NA,NA,NA,NA,NA,NA,NA
"461",1981,"7","6","potato",13.88,2.54004,NA,NA,29.718468,NA,NA,NA,NA,NA,NA,NA,NA,"N1PKMg","N1 PK(Na)Mg",48,35,90,0,0,0,0,"B",NA,NA,NA,NA,NA,NA,NA,NA,NA
"490",1981,"7","7","potato",16.97,3.13945,NA,NA,42.382575,NA,NA,NA,NA,NA,NA,NA,NA,"N2PKMg","N2 PK(Na)Mg",96,35,90,0,0,0,0,"B",0.23823140625,NA,NA,NA,NA,NA,NA,NA,NA
"6205",1981,"2","1","wheat",8.03,6.64884,7.68,6.88128,174.743412,NA,NA,138.960756,NA,NA,35.782656,NA,NA,"FYM+NPK","FYM N2 PK",96,35,90,35,238,39.4002,298.1034,"B",NA,NA,NA,NA,NA,NA,NA,NA,NA
"3812",1981,"3","1","wheat",8.53,7.19932,NA,NA,NA,NA,NA,NA,NA,NA,NA,NA,NA,"FYM+NPK","FYM N2 PK",96,35,90,35,238,39.4002,298.1034,"B",NA,NA,NA,NA,NA,NA,NA,NA,NA
"978",1981,"5","1","wheat",8.62,7.22356,NA,NA,NA,NA,NA,NA,NA,NA,NA,NA,NA,"FYM+NPK","FYM N2 PK",96,35,90,35,238,39.4002,298.1034,"B",NA,NA,NA,NA,NA,NA,NA,NA,NA
"1302",1981,"6","1","wheat",8.46,7.07256,NA,NA,NA,NA,NA,NA,NA,NA,NA,NA,NA,"FYM+NPK","FYM N2 PK",96,35,90,35,238,39.4002,298.1034,"B",NA,NA,NA,NA,NA,NA,NA,NA,NA
"20710",1981,"0","10","wheat",3.54,3.01608,NA,NA,NA,NA,NA,NA,NA,NA,NA,NA,NA,"N","N2",96,0,0,0,0,0,0,"B",NA,NA,NA,NA,NA,NA,NA,NA,NA
"256",1981,"1","10","wheat",3.72,3.11736,2.38,2.16818,72.320828,NA,NA,62.3472,NA,NA,9.973628,NA,NA,"N","N2",96,0,0,0,0,0,0,"B",NA,NA,NA,NA,NA,NA,NA,NA,NA
"2981",1981,"2","10","wheat",5.39,4.16108,2.44,2.22772,96.650796,NA,NA,88.631004,NA,NA,8.019792,NA,NA,"N","N2",96,0,0,0,0,0,0,"B",NA,NA,NA,NA,NA,NA,NA,NA,NA
"3301",1981,"3","10","wheat",5.01,4.18836,NA,NA,NA,NA,NA,NA,NA,NA,NA,NA,NA,"N","N2",96,0,0,0,0,0,0,"B",NA,NA,NA,NA,NA,NA,NA,NA,NA
"3892",1981,"5","10","wheat",3.43,2.8812,NA,NA,NA,NA,NA,NA,NA,NA,NA,NA,NA,"N","N2",96,0,0,0,0,0,0,"B",NA,NA,NA,NA,NA,NA,NA,NA,NA
"42210",1981,"6","10","wheat",3.81,3.2004,NA,NA,NA,NA,NA,NA,NA,NA,NA,NA,NA,"N","N2",96,0,0,0,0,0,0,"B",NA,NA,NA,NA,NA,NA,NA,NA,NA
"542",1981,"9","10","wheat",2.79,2.3436,NA,NA,NA,NA,NA,NA,NA,NA,NA,NA,NA,"N","N2",96,0,0,0,0,0,0,"B",NA,NA,NA,NA,NA,NA,NA,NA,NA
"603",1981,"0","11","wheat",3.31,2.82012,NA,NA,NA,NA,NA,NA,NA,NA,NA,NA,NA,"NP","N2 P",96,35,0,0,0,0,0,"B",NA,NA,NA,NA,NA,NA,NA,NA,NA
"652",1981,"1","11","wheat",3.58,3.043,1.97,1.80255,67.07784,NA,NA,58.4256,NA,NA,8.65224,NA,NA,"NP","N2 P",96,35,0,0,0,0,0,"B",NA,NA,NA,NA,NA,NA,NA,NA,NA
"694",1981,"2","11","wheat",6.34,5.33828,3.84,3.5136,113.16394,NA,NA,98.75818,NA,NA,14.40576,NA,NA,"NP","N2 P",96,35,0,0,0,0,0,"B",NA,NA,NA,NA,NA,NA,NA,NA,NA
"726",1981,"3","11","wheat",5.77,4.85834,NA,NA,NA,NA,NA,NA,NA,NA,NA,NA,NA,"NP","N2 P",96,35,0,0,0,0,0,"B",NA,NA,NA,NA,NA,NA,NA,NA,NA
"785",1981,"5","11","wheat",5.19,4.33884,NA,NA,NA,NA,NA,NA,NA,NA,NA,NA,NA,"NP","N2 P",96,35,0,0,0,0,0,"B",NA,NA,NA,NA,NA,NA,NA,NA,NA
"818",1981,"6","11","wheat",4.3,3.5948,NA,NA,NA,NA,NA,NA,NA,NA,NA,NA,NA,"NP","N2 P",96,35,0,0,0,0,0,"B",NA,NA,NA,NA,NA,NA,NA,NA,NA
"938",1981,"9","11","wheat",3.14,2.61876,NA,NA,NA,NA,NA,NA,NA,NA,NA,NA,NA,"NP","N2 P",96,35,0,0,0,0,0,"B",NA,NA,NA,NA,NA,NA,NA,NA,NA
"1395",1981,"0","13","wheat",5.64,4.82784,NA,NA,NA,NA,NA,NA,NA,NA,NA,NA,NA,"NPK","N2 PK",96,35,90,0,0,0,0,"B",NA,NA,NA,NA,NA,NA,NA,NA,NA
"1444",1981,"1","13","wheat",6.2,5.2948,4.01,3.66915,105.296675,NA,NA,93.18848,NA,NA,12.108195,NA,NA,"NPK","N2 PK",96,35,90,0,0,0,0,"B",NA,NA,NA,NA,NA,NA,NA,NA,NA
"1486",1981,"2","13","wheat",7.76,6.47184,6.15,5.57805,130.928202,NA,NA,111.962832,NA,NA,18.96537,NA,NA,"NPK","N2 PK",96,35,90,0,0,0,0,"B",NA,NA,NA,NA,NA,NA,NA,NA,NA
"1518",1981,"3","13","wheat",6.39,5.32926,NA,NA,NA,NA,NA,NA,NA,NA,NA,NA,NA,"NPK","N2 PK",96,35,90,0,0,0,0,"B",NA,NA,NA,NA,NA,NA,NA,NA,NA
"1577",1981,"5","13","wheat",6.06,5.07828,NA,NA,NA,NA,NA,NA,NA,NA,NA,NA,NA,"NPK","N2 PK",96,35,90,0,0,0,0,"B",NA,NA,NA,NA,NA,NA,NA,NA,NA
"1610",1981,"6","13","wheat",5.08,4.27736,NA,NA,NA,NA,NA,NA,NA,NA,NA,NA,NA,"NPK","N2 PK",96,35,90,0,0,0,0,"B",NA,NA,NA,NA,NA,NA,NA,NA,NA
"1730",1981,"9","13","wheat",6.88,5.7792,NA,NA,NA,NA,NA,NA,NA,NA,NA,NA,NA,"NPK","N2 PK",96,35,90,0,0,0,0,"B",NA,NA,NA,NA,NA,NA,NA,NA,NA
"1791",1981,"0","14","wheat",5.76,4.93056,NA,NA,NA,NA,NA,NA,NA,NA,NA,NA,NA,"N4PKMg","N2 PKMg*",96,35,90,0,0,0,0,"B",NA,NA,NA,NA,NA,NA,NA,NA,NA
"1840",1981,"1","14","wheat",6.28,5.338,4.39,4.02124,100.279492,NA,NA,87.0094,NA,NA,13.270092,NA,NA,"N4PKMg","N2 PKMg*",96,35,90,0,0,0,0,"B",NA,NA,NA,NA,NA,NA,NA,NA,NA
"1882",1981,"2","14","wheat",7.58,6.35204,5.11,4.63988,121.90432,NA,NA,107.98468,NA,NA,13.91964,NA,NA,"N4PKMg","N2 PKMg*",96,35,90,0,0,0,0,"B",NA,NA,NA,NA,NA,NA,NA,NA,NA
"1914",1981,"3","14","wheat",6,5.004,NA,NA,NA,NA,NA,NA,NA,NA,NA,NA,NA,"N4PKMg","N2 PKMg*",96,35,90,0,0,0,0,"B",NA,NA,NA,NA,NA,NA,NA,NA,NA
"1973",1981,"5","14","wheat",5.83,4.88554,NA,NA,NA,NA,NA,NA,NA,NA,NA,NA,NA,"N4PKMg","N2 PKMg*",96,35,90,0,0,0,0,"B",NA,NA,NA,NA,NA,NA,NA,NA,NA
"2006",1981,"6","14","wheat",5.23,4.3932,NA,NA,NA,NA,NA,NA,NA,NA,NA,NA,NA,"N4PKMg","N2 PKMg*",96,35,90,0,0,0,0,"B",NA,NA,NA,NA,NA,NA,NA,NA,NA
"2126",1981,"9","14","wheat",6.08,5.09504,NA,NA,NA,NA,NA,NA,NA,NA,NA,NA,NA,"N4PKMg","N2 PKMg*",96,35,90,0,0,0,0,"B",NA,NA,NA,NA,NA,NA,NA,NA,NA
"2583",1981,"0","16","wheat",5.69,4.87064,NA,NA,NA,NA,NA,NA,NA,NA,NA,NA,NA,"N5PKMg","N3 PK(Na)Mg",144,35,90,0,0,0,0,"B",NA,NA,NA,NA,NA,NA,NA,NA,NA
"2632",1981,"1","16","wheat",5.93,5.02864,3.74,3.4034,91.674168,NA,NA,81.463968,NA,NA,10.2102,NA,NA,"N5PKMg","N3 PK(Na)Mg",144,35,90,0,0,0,0,"B",NA,NA,NA,NA,NA,NA,NA,NA,NA
"2674",1981,"2","16","wheat",7.49,6.23168,5.4,4.9248,120.813376,NA,NA,104.069056,NA,NA,16.74432,NA,NA,"N5PKMg","N3 PK(Na)Mg",144,35,90,0,0,0,0,"B",NA,NA,NA,NA,NA,NA,NA,NA,NA
"2706",1981,"3","16","wheat",6.16,5.13744,NA,NA,NA,NA,NA,NA,NA,NA,NA,NA,NA,"N5PKMg","N3 PK(Na)Mg",144,35,90,0,0,0,0,"B",NA,NA,NA,NA,NA,NA,NA,NA,NA
"2765",1981,"5","16","wheat",5.82,4.86552,NA,NA,NA,NA,NA,NA,NA,NA,NA,NA,NA,"N5PKMg","N3 PK(Na)Mg",144,35,90,0,0,0,0,"B",NA,NA,NA,NA,NA,NA,NA,NA,NA
"2798",1981,"6","16","wheat",5.62,4.76576,NA,NA,NA,NA,NA,NA,NA,NA,NA,NA,NA,"N5PKMg","N3 PK(Na)Mg",144,35,90,0,0,0,0,"B",NA,NA,NA,NA,NA,NA,NA,NA,NA
"2918",1981,"9","16","wheat",6.25,5.2375,NA,NA,NA,NA,NA,NA,NA,NA,NA,NA,NA,"N5PKMg","N3 PK(Na)Mg",144,35,90,0,0,0,0,"B",NA,NA,NA,NA,NA,NA,NA,NA,NA
"4167",1981,"0","20","wheat",3.78,3.19032,NA,NA,NA,NA,NA,NA,NA,NA,NA,NA,NA,"NKMg","N2 K(Na)Mg",96,0,90,0,0,0,0,"B",NA,NA,NA,NA,NA,NA,NA,NA,NA
"4216",1981,"1","20","wheat",3.07,2.59108,1.93,1.74086,57.315414,NA,NA,50.52606,NA,NA,6.789354,NA,NA,"NKMg","N2 K(Na)Mg",96,0,90,0,0,0,0,"B",NA,NA,NA,NA,NA,NA,NA,NA,NA
"4653",1981,"0","22","wheat",7.29,6.18192,NA,NA,NA,NA,NA,NA,NA,NA,NA,NA,NA,"FYM","FYM",0,0,0,35,238,39.4002,298.1034,"B",NA,NA,NA,NA,NA,NA,NA,NA,NA
"4702",1981,"1","22","wheat",7.71,6.5535,5.96,5.35208,137.831198,NA,NA,121.23975,NA,NA,16.591448,NA,NA,"FYM","FYM",0,0,0,35,238,39.4002,298.1034,"B",NA,NA,NA,0.473688512605042,0.338301613445378,0.297283016806723,NA,NA,NA
"4744",1981,"2","22","wheat",8.7,7.3776,8.64,7.6896,180.67968,NA,NA,146.07648,NA,NA,34.6032,NA,NA,"FYM","FYM",0,0,0,35,238,39.4002,298.1034,"B",NA,NA,NA,0.523687420168067,0.353062537815126,0.283679579831933,NA,NA,NA
"4776",1981,"3","22","wheat",6.56,5.576,NA,NA,NA,NA,NA,NA,NA,NA,NA,NA,NA,"FYM","FYM",0,0,0,35,238,39.4002,298.1034,"B",NA,NA,NA,NA,NA,NA,NA,NA,NA
"4835",1981,"5","22","wheat",7.68,6.46656,NA,NA,NA,NA,NA,NA,NA,NA,NA,NA,NA,"FYM","FYM",0,0,0,35,238,39.4002,298.1034,"B",NA,NA,NA,NA,NA,NA,NA,NA,NA
"4868",1981,"6","22","wheat",5.91,4.95258,NA,NA,NA,NA,NA,NA,NA,NA,NA,NA,NA,"FYM","FYM",0,0,0,35,238,39.4002,298.1034,"B",NA,NA,NA,NA,NA,NA,NA,NA,NA
"4988",1981,"9","22","wheat",7.99,6.69562,NA,NA,NA,NA,NA,NA,NA,NA,NA,NA,NA,"FYM","FYM",0,0,0,35,238,39.4002,298.1034,"B",NA,NA,NA,NA,NA,NA,NA,NA,NA
"5039",1981,"0","3","wheat",1.71,1.43298,NA,NA,NA,NA,NA,NA,NA,NA,NA,NA,NA,"Control","Nil",0,0,0,0,0,0,0,"B",NA,NA,NA,NA,NA,NA,NA,NA,NA
"5088",1981,"1","3","wheat",1.66,1.38444,1,0.907,25.879316,NA,NA,22.704816,NA,NA,3.1745,NA,NA,"Control","Nil",0,0,0,0,0,0,0,"B",NA,NA,NA,NA,NA,NA,NA,NA,NA
"5130",1981,"2","3","wheat",3.81,3.1623,2.35,2.1338,59.94712,NA,NA,53.7591,NA,NA,6.18802,NA,NA,"Control","Nil",0,0,0,0,0,0,0,"B",NA,NA,NA,NA,NA,NA,NA,NA,NA
"5162",1981,"3","3","wheat",1.29,1.0836,NA,NA,NA,NA,NA,NA,NA,NA,NA,NA,NA,"Control","Nil",0,0,0,0,0,0,0,"B",NA,NA,NA,NA,NA,NA,NA,NA,NA
"5221",1981,"5","3","wheat",1.27,1.04902,NA,NA,NA,NA,NA,NA,NA,NA,NA,NA,NA,"Control","Nil",0,0,0,0,0,0,0,"B",NA,NA,NA,NA,NA,NA,NA,NA,NA
"5254",1981,"6","3","wheat",1.12,0.92736,NA,NA,NA,NA,NA,NA,NA,NA,NA,NA,NA,"Control","Nil",0,0,0,0,0,0,0,"B",NA,NA,NA,NA,NA,NA,NA,NA,NA
"5374",1981,"9","3","wheat",1.49,1.24862,NA,NA,NA,NA,NA,NA,NA,NA,NA,NA,NA,"Control","Nil",0,0,0,0,0,0,0,"B",NA,NA,NA,NA,NA,NA,NA,NA,NA
"5435",1981,"0","5","wheat",1.41,1.1844,NA,NA,NA,NA,NA,NA,NA,NA,NA,NA,NA,"PKMg","PK(Na)Mg",0,35,90,0,0,0,0,"B",NA,NA,NA,NA,NA,NA,NA,NA,NA
"5484",1981,"1","5","wheat",1.62,1.35432,0.89,0.80901,25.093332,NA,NA,21.533688,NA,NA,3.559644,NA,NA,"PKMg","PK(Na)Mg",0,35,90,0,0,0,0,"B",NA,NA,NA,NA,NA,NA,NA,NA,NA
"5526",1981,"2","5","wheat",4.01,3.36038,2.81,2.52338,56.042074,NA,NA,49.733624,NA,NA,6.30845,NA,NA,"PKMg","PK(Na)Mg",0,35,90,0,0,0,0,"B",NA,NA,NA,NA,NA,NA,NA,NA,NA
"5558",1981,"3","5","wheat",1.33,1.11454,NA,NA,NA,NA,NA,NA,NA,NA,NA,NA,NA,"PKMg","PK(Na)Mg",0,35,90,0,0,0,0,"B",NA,NA,NA,NA,NA,NA,NA,NA,NA
"5617",1981,"5","5","wheat",1.09,0.90906,NA,NA,NA,NA,NA,NA,NA,NA,NA,NA,NA,"PKMg","PK(Na)Mg",0,35,90,0,0,0,0,"B",NA,NA,NA,NA,NA,NA,NA,NA,NA
"5650",1981,"6","5","wheat",1.2,0.996,NA,NA,NA,NA,NA,NA,NA,NA,NA,NA,NA,"PKMg","PK(Na)Mg",0,35,90,0,0,0,0,"B",NA,NA,NA,NA,NA,NA,NA,NA,NA
"5770",1981,"9","5","wheat",1.74,1.45464,NA,NA,NA,NA,NA,NA,NA,NA,NA,NA,NA,"PKMg","PK(Na)Mg",0,35,90,0,0,0,0,"B",NA,NA,NA,NA,NA,NA,NA,NA,NA
"5831",1981,"0","6","wheat",4.45,3.7647,NA,NA,NA,NA,NA,NA,NA,NA,NA,NA,NA,"N1PKMg","N1 PK(Na)Mg",48,35,90,0,0,0,0,"B",NA,NA,NA,NA,NA,NA,NA,NA,NA
"5880",1981,"1","6","wheat",4.28,3.61232,2.83,2.56115,61.507018,NA,NA,53.823568,NA,NA,7.68345,NA,NA,"N1PKMg","N1 PK(Na)Mg",48,35,90,0,0,0,0,"B",NA,NA,NA,NA,NA,NA,NA,NA,NA
"5922",1981,"2","6","wheat",6.54,5.48052,5.21,4.75152,91.821492,NA,NA,79.46754,NA,NA,12.353952,NA,NA,"N1PKMg","N1 PK(Na)Mg",48,35,90,0,0,0,0,"B",NA,NA,NA,NA,NA,NA,NA,NA,NA
"5954",1981,"3","6","wheat",4.47,3.74586,NA,NA,NA,NA,NA,NA,NA,NA,NA,NA,NA,"N1PKMg","N1 PK(Na)Mg",48,35,90,0,0,0,0,"B",NA,NA,NA,NA,NA,NA,NA,NA,NA
"6013",1981,"5","6","wheat",4.17,3.49446,NA,NA,NA,NA,NA,NA,NA,NA,NA,NA,NA,"N1PKMg","N1 PK(Na)Mg",48,35,90,0,0,0,0,"B",NA,NA,NA,NA,NA,NA,NA,NA,NA
"6046",1981,"6","6","wheat",3.33,2.78388,NA,NA,NA,NA,NA,NA,NA,NA,NA,NA,NA,"N1PKMg","N1 PK(Na)Mg",48,35,90,0,0,0,0,"B",NA,NA,NA,NA,NA,NA,NA,NA,NA
"6166",1981,"9","6","wheat",4.69,3.92084,NA,NA,NA,NA,NA,NA,NA,NA,NA,NA,NA,"N1PKMg","N1 PK(Na)Mg",48,35,90,0,0,0,0,"B",NA,NA,NA,NA,NA,NA,NA,NA,NA
"6227",1981,"0","7","wheat",5.81,4.91526,NA,NA,NA,NA,NA,NA,NA,NA,NA,NA,NA,"N2PKMg","N2 PK(Na)Mg",96,35,90,0,0,0,0,"B",NA,NA,NA,NA,NA,NA,NA,NA,NA
"6276",1981,"1","7","wheat",6.39,5.38038,3.76,3.39528,103.74696,NA,NA,92.542536,NA,NA,11.204424,NA,NA,"N2PKMg","N2 PK(Na)Mg",96,35,90,0,0,0,0,"B",0.819308625,NA,NA,NA,NA,NA,NA,NA,NA
"6318",1981,"2","7","wheat",8.16,6.80544,6.11,5.53566,133.279614,NA,NA,115.011936,NA,NA,18.267678,NA,NA,"N2PKMg","N2 PK(Na)Mg",96,35,90,0,0,0,0,"B",0.804557708333333,NA,NA,NA,NA,NA,NA,NA,NA
"6350",1981,"3","7","wheat",6.36,5.32968,NA,NA,NA,NA,NA,NA,NA,NA,NA,NA,NA,"N2PKMg","N2 PK(Na)Mg",96,35,90,0,0,0,0,"B",NA,NA,NA,NA,NA,NA,NA,NA,NA
"6409",1981,"5","7","wheat",6.12,5.06736,NA,NA,NA,NA,NA,NA,NA,NA,NA,NA,NA,"N2PKMg","N2 PK(Na)Mg",96,35,90,0,0,0,0,"B",NA,NA,NA,NA,NA,NA,NA,NA,NA
"6442",1981,"6","7","wheat",4.91,4.09494,NA,NA,NA,NA,NA,NA,NA,NA,NA,NA,NA,"N2PKMg","N2 PK(Na)Mg",96,35,90,0,0,0,0,"B",NA,NA,NA,NA,NA,NA,NA,NA,NA
"6562",1981,"9","7","wheat",6.45,5.418,NA,NA,NA,NA,NA,NA,NA,NA,NA,NA,NA,"N2PKMg","N2 PK(Na)Mg",96,35,90,0,0,0,0,"B",NA,NA,NA,NA,NA,NA,NA,NA,NA
"15",1982,"4","1","potato",41.02,9.51664,NA,NA,119.909664,NA,NA,NA,NA,NA,NA,NA,NA,"FYM+NPK","FYM N2 PK",96,35,90,35,273,57.56625,410.2875,"B",NA,NA,NA,NA,NA,NA,0.2326349375,NA,NA
"44",1982,"4","10","potato",8.46,1.8612,NA,NA,28.29024,NA,NA,NA,NA,NA,NA,NA,NA,"N","N2",96,0,0,0,0,0,0,"B",NA,NA,NA,NA,NA,NA,NA,NA,NA
"73",1982,"4","11","potato",18.09,4.32351,NA,NA,70.040862,NA,NA,NA,NA,NA,NA,NA,NA,"NP","N2 P",96,35,0,0,0,0,0,"B",NA,NA,NA,NA,NA,NA,NA,NA,NA
"131",1982,"4","13","potato",32.24,7.12504,NA,NA,103.31308,NA,NA,NA,NA,NA,NA,NA,NA,"NPK","N2 PK",96,35,90,0,0,0,0,"B",NA,NA,NA,NA,NA,NA,NA,NA,NA
"160",1982,"4","14","potato",41.34,10.29366,NA,NA,112.200894,NA,NA,NA,NA,NA,NA,NA,NA,"N4PKMg","N2 PKMg*",96,35,90,0,0,0,0,"B",NA,NA,NA,NA,NA,NA,NA,NA,NA
"218",1982,"4","16","potato",41.62,10.03042,NA,NA,115.34983,NA,NA,NA,NA,NA,NA,NA,NA,"N5PKMg","N3 PK(Na)Mg",144,35,90,0,0,0,0,"B",NA,NA,NA,NA,NA,NA,NA,NA,NA
"363",1982,"4","22","potato",39.85,9.20535,NA,NA,97.57671,NA,NA,NA,NA,NA,NA,NA,NA,"FYM","FYM",0,0,0,35,273,57.56625,410.2875,"B",NA,NA,NA,0.239682417582418,0.253796593406593,0.100863912087912,NA,NA,NA
"392",1982,"4","3","potato",9.18,2.18484,NA,NA,24.03324,NA,NA,NA,NA,NA,NA,NA,NA,"Control","Nil",0,0,0,0,0,0,0,"B",NA,NA,NA,NA,NA,NA,NA,NA,NA
"421",1982,"4","5","potato",16.55,3.8727,NA,NA,32.14341,NA,NA,NA,NA,NA,NA,NA,NA,"PKMg","PK(Na)Mg",0,35,90,0,0,0,0,"B",NA,NA,NA,NA,NA,NA,NA,NA,NA
"450",1982,"4","6","potato",32.74,7.43198,NA,NA,74.3198,NA,NA,NA,NA,NA,NA,NA,NA,"N1PKMg","N1 PK(Na)Mg",48,35,90,0,0,0,0,"B",NA,NA,NA,NA,NA,NA,NA,NA,NA
"479",1982,"4","7","potato",38.22,8.52306,NA,NA,110.79978,NA,NA,NA,NA,NA,NA,NA,NA,"N2PKMg","N2 PK(Na)Mg",96,35,90,0,0,0,0,"B",0.8193371875,NA,NA,NA,NA,NA,NA,NA,NA
"3912",1982,"3","1","wheat",7.09,5.65782,NA,NA,NA,NA,NA,NA,NA,NA,NA,NA,NA,"FYM+NPK","FYM N2 PK",96,35,90,35,273,57.56625,410.2875,"B",NA,NA,NA,NA,NA,NA,NA,NA,NA
"981",1982,"5","1","wheat",7.14,5.712,NA,NA,NA,NA,NA,NA,NA,NA,NA,NA,NA,"FYM+NPK","FYM N2 PK",96,35,90,35,273,57.56625,410.2875,"B",NA,NA,NA,NA,NA,NA,NA,NA,NA
"1313",1982,"6","1","wheat",7.08,5.64984,NA,NA,NA,NA,NA,NA,NA,NA,NA,NA,NA,"FYM+NPK","FYM N2 PK",96,35,90,35,273,57.56625,410.2875,"B",NA,NA,NA,NA,NA,NA,NA,NA,NA
"17211",1982,"7","1","wheat",8.55,6.9084,5.88,5.09796,186.865308,NA,NA,154.74816,NA,NA,32.117148,NA,NA,"FYM+NPK","FYM N2 PK",96,35,90,35,273,57.56625,410.2875,"B",NA,NA,NA,NA,NA,NA,NA,NA,NA
"20810",1982,"0","10","wheat",2.71,2.09754,NA,NA,NA,NA,NA,NA,NA,NA,NA,NA,NA,"N","N2",96,0,0,0,0,0,0,"B",NA,NA,NA,NA,NA,NA,NA,NA,NA
"257",1982,"1","10","wheat",2.78,2.17396,2.03,1.77016,56.23374,NA,NA,45.435764,NA,NA,10.797976,NA,NA,"N","N2",96,0,0,0,0,0,0,"B",NA,NA,NA,NA,NA,NA,NA,NA,NA
"3312",1982,"3","10","wheat",3.1,2.4614,NA,NA,NA,NA,NA,NA,NA,NA,NA,NA,NA,"N","N2",96,0,0,0,0,0,0,"B",NA,NA,NA,NA,NA,NA,NA,NA,NA
"3902",1982,"5","10","wheat",3.87,3.11922,NA,NA,NA,NA,NA,NA,NA,NA,NA,NA,NA,"N","N2",96,0,0,0,0,0,0,"B",NA,NA,NA,NA,NA,NA,NA,NA,NA
"42310",1982,"6","10","wheat",3.7,2.9822,NA,NA,NA,NA,NA,NA,NA,NA,NA,NA,NA,"N","N2",96,0,0,0,0,0,0,"B",NA,NA,NA,NA,NA,NA,NA,NA,NA
"46410",1982,"7","10","wheat",4.66,3.70936,1.66,1.47408,101.954248,NA,NA,93.846808,NA,NA,8.10744,NA,NA,"N","N2",96,0,0,0,0,0,0,"B",NA,NA,NA,NA,NA,NA,NA,NA,NA
"498",1982,"8","10","wheat",2.19,1.71696,NA,NA,NA,NA,NA,NA,NA,NA,NA,NA,NA,"N","N2",96,0,0,0,0,0,0,"B",NA,NA,NA,NA,NA,NA,NA,NA,NA
"543",1982,"9","10","wheat",2.52,2.03616,NA,NA,NA,NA,NA,NA,NA,NA,NA,NA,NA,"N","N2",96,0,0,0,0,0,0,"B",NA,NA,NA,NA,NA,NA,NA,NA,NA
"604",1982,"0","11","wheat",3.8,2.9564,NA,NA,NA,NA,NA,NA,NA,NA,NA,NA,NA,"NP","N2 P",96,35,0,0,0,0,0,"B",NA,NA,NA,NA,NA,NA,NA,NA,NA
"653",1982,"1","11","wheat",3.34,2.63192,2.02,1.7271,70.172904,NA,NA,58.428624,NA,NA,11.74428,NA,NA,"NP","N2 P",96,35,0,0,0,0,0,"B",NA,NA,NA,NA,NA,NA,NA,NA,NA
"727",1982,"3","11","wheat",3.49,2.76408,NA,NA,NA,NA,NA,NA,NA,NA,NA,NA,NA,"NP","N2 P",96,35,0,0,0,0,0,"B",NA,NA,NA,NA,NA,NA,NA,NA,NA
"786",1982,"5","11","wheat",3.75,3.03,NA,NA,NA,NA,NA,NA,NA,NA,NA,NA,NA,"NP","N2 P",96,35,0,0,0,0,0,"B",NA,NA,NA,NA,NA,NA,NA,NA,NA
"819",1982,"6","11","wheat",3.09,2.50908,NA,NA,NA,NA,NA,NA,NA,NA,NA,NA,NA,"NP","N2 P",96,35,0,0,0,0,0,"B",NA,NA,NA,NA,NA,NA,NA,NA,NA
"860",1982,"7","11","wheat",5.55,4.5066,2.53,2.24411,116.445065,NA,NA,104.10246,NA,NA,12.342605,NA,NA,"NP","N2 P",96,35,0,0,0,0,0,"B",NA,NA,NA,NA,NA,NA,NA,NA,NA
"894",1982,"8","11","wheat",2.25,1.8,NA,NA,NA,NA,NA,NA,NA,NA,NA,NA,NA,"NP","N2 P",96,35,0,0,0,0,0,"B",NA,NA,NA,NA,NA,NA,NA,NA,NA
"939",1982,"9","11","wheat",1.96,1.57584,NA,NA,NA,NA,NA,NA,NA,NA,NA,NA,NA,"NP","N2 P",96,35,0,0,0,0,0,"B",NA,NA,NA,NA,NA,NA,NA,NA,NA
"1396",1982,"0","13","wheat",5.05,3.9188,NA,NA,NA,NA,NA,NA,NA,NA,NA,NA,NA,"NPK","N2 PK",96,35,90,0,0,0,0,"B",NA,NA,NA,NA,NA,NA,NA,NA,NA
"1445",1982,"1","13","wheat",5.15,4.0788,3.03,2.64519,94.989717,NA,NA,83.6154,NA,NA,11.374317,NA,NA,"NPK","N2 PK",96,35,90,0,0,0,0,"B",NA,NA,NA,NA,NA,NA,NA,NA,NA
"1519",1982,"3","13","wheat",4.67,3.69864,NA,NA,NA,NA,NA,NA,NA,NA,NA,NA,NA,"NPK","N2 PK",96,35,90,0,0,0,0,"B",NA,NA,NA,NA,NA,NA,NA,NA,NA
"1578",1982,"5","13","wheat",4.76,3.83656,NA,NA,NA,NA,NA,NA,NA,NA,NA,NA,NA,"NPK","N2 PK",96,35,90,0,0,0,0,"B",NA,NA,NA,NA,NA,NA,NA,NA,NA
"1611",1982,"6","13","wheat",4.11,3.3291,NA,NA,NA,NA,NA,NA,NA,NA,NA,NA,NA,"NPK","N2 PK",96,35,90,0,0,0,0,"B",NA,NA,NA,NA,NA,NA,NA,NA,NA
"1652",1982,"7","13","wheat",6.86,5.61148,3.57,3.17016,135.546572,NA,NA,120.64682,NA,NA,14.899752,NA,NA,"NPK","N2 PK",96,35,90,0,0,0,0,"B",NA,NA,NA,NA,NA,NA,NA,NA,NA
"1686",1982,"8","13","wheat",4.49,3.6369,NA,NA,NA,NA,NA,NA,NA,NA,NA,NA,NA,"NPK","N2 PK",96,35,90,0,0,0,0,"B",NA,NA,NA,NA,NA,NA,NA,NA,NA
"1731",1982,"9","13","wheat",5.17,4.17736,NA,NA,NA,NA,NA,NA,NA,NA,NA,NA,NA,"NPK","N2 PK",96,35,90,0,0,0,0,"B",NA,NA,NA,NA,NA,NA,NA,NA,NA
"1792",1982,"0","14","wheat",5.27,4.07898,NA,NA,NA,NA,NA,NA,NA,NA,NA,NA,NA,"N4PKMg","N2 PKMg*",96,35,90,0,0,0,0,"B",NA,NA,NA,NA,NA,NA,NA,NA,NA
"1841",1982,"1","14","wheat",5.31,4.16304,3.07,2.71695,95.105817,NA,NA,84.509712,NA,NA,10.596105,NA,NA,"N4PKMg","N2 PKMg*",96,35,90,0,0,0,0,"B",NA,NA,NA,NA,NA,NA,NA,NA,NA
"1915",1982,"3","14","wheat",4.19,3.31848,NA,NA,NA,NA,NA,NA,NA,NA,NA,NA,NA,"N4PKMg","N2 PKMg*",96,35,90,0,0,0,0,"B",NA,NA,NA,NA,NA,NA,NA,NA,NA
"1974",1982,"5","14","wheat",4.63,3.7503,NA,NA,NA,NA,NA,NA,NA,NA,NA,NA,NA,"N4PKMg","N2 PKMg*",96,35,90,0,0,0,0,"B",NA,NA,NA,NA,NA,NA,NA,NA,NA
"2007",1982,"6","14","wheat",4.11,3.29622,NA,NA,NA,NA,NA,NA,NA,NA,NA,NA,NA,"N4PKMg","N2 PKMg*",96,35,90,0,0,0,0,"B",NA,NA,NA,NA,NA,NA,NA,NA,NA
"2048",1982,"7","14","wheat",7.35,6.0417,3.35,2.99155,140.331815,NA,NA,126.27153,NA,NA,14.060285,NA,NA,"N4PKMg","N2 PKMg*",96,35,90,0,0,0,0,"B",NA,NA,NA,NA,NA,NA,NA,NA,NA
"2082",1982,"8","14","wheat",4.89,3.9609,NA,NA,NA,NA,NA,NA,NA,NA,NA,NA,NA,"N4PKMg","N2 PKMg*",96,35,90,0,0,0,0,"B",NA,NA,NA,NA,NA,NA,NA,NA,NA
"2127",1982,"9","14","wheat",5.81,4.68286,NA,NA,NA,NA,NA,NA,NA,NA,NA,NA,NA,"N4PKMg","N2 PKMg*",96,35,90,0,0,0,0,"B",NA,NA,NA,NA,NA,NA,NA,NA,NA
"2584",1982,"0","16","wheat",5.15,4.0067,NA,NA,NA,NA,NA,NA,NA,NA,NA,NA,NA,"N5PKMg","N3 PK(Na)Mg",144,35,90,0,0,0,0,"B",NA,NA,NA,NA,NA,NA,NA,NA,NA
"2633",1982,"1","16","wheat",5.34,4.2186,2.87,2.54282,93.2777,NA,NA,83.10642,NA,NA,10.17128,NA,NA,"N5PKMg","N3 PK(Na)Mg",144,35,90,0,0,0,0,"B",NA,NA,NA,NA,NA,NA,NA,NA,NA
"2707",1982,"3","16","wheat",4.81,3.80952,NA,NA,NA,NA,NA,NA,NA,NA,NA,NA,NA,"N5PKMg","N3 PK(Na)Mg",144,35,90,0,0,0,0,"B",NA,NA,NA,NA,NA,NA,NA,NA,NA
"2766",1982,"5","16","wheat",4.72,3.80432,NA,NA,NA,NA,NA,NA,NA,NA,NA,NA,NA,"N5PKMg","N3 PK(Na)Mg",144,35,90,0,0,0,0,"B",NA,NA,NA,NA,NA,NA,NA,NA,NA
"2799",1982,"6","16","wheat",4.24,3.4344,NA,NA,NA,NA,NA,NA,NA,NA,NA,NA,NA,"N5PKMg","N3 PK(Na)Mg",144,35,90,0,0,0,0,"B",NA,NA,NA,NA,NA,NA,NA,NA,NA
"2840",1982,"7","16","wheat",6.98,5.69568,4.09,3.64419,138.537435,NA,NA,123.596256,NA,NA,14.941179,NA,NA,"N5PKMg","N3 PK(Na)Mg",144,35,90,0,0,0,0,"B",NA,NA,NA,NA,NA,NA,NA,NA,NA
"2874",1982,"8","16","wheat",4.19,3.38552,NA,NA,NA,NA,NA,NA,NA,NA,NA,NA,NA,"N5PKMg","N3 PK(Na)Mg",144,35,90,0,0,0,0,"B",NA,NA,NA,NA,NA,NA,NA,NA,NA
"2919",1982,"9","16","wheat",5.48,4.4388,NA,NA,NA,NA,NA,NA,NA,NA,NA,NA,NA,"N5PKMg","N3 PK(Na)Mg",144,35,90,0,0,0,0,"B",NA,NA,NA,NA,NA,NA,NA,NA,NA
"4168",1982,"0","20","wheat",3.07,2.44372,NA,NA,NA,NA,NA,NA,NA,NA,NA,NA,NA,"NKMg","N2 K(Na)Mg",96,0,90,0,0,0,0,"B",NA,NA,NA,NA,NA,NA,NA,NA,NA
"4217",1982,"1","20","wheat",2.8,2.24,1.76,1.55232,58.3856,NA,NA,50.624,NA,NA,7.7616,NA,NA,"NKMg","N2 K(Na)Mg",96,0,90,0,0,0,0,"B",NA,NA,NA,NA,NA,NA,NA,NA,NA
"4654",1982,"0","22","wheat",5.23,4.1317,NA,NA,NA,NA,NA,NA,NA,NA,NA,NA,NA,"FYM","FYM",0,0,0,35,273,57.56625,410.2875,"B",NA,NA,NA,NA,NA,NA,NA,NA,NA
"4703",1982,"1","22","wheat",5.59,4.42728,3.62,3.17112,96.73692,NA,NA,85.003776,NA,NA,11.733144,NA,NA,"FYM","FYM",0,0,0,35,273,57.56625,410.2875,"B",NA,NA,NA,0.291807967032967,0.140481025641026,0.0973040879120878,NA,NA,NA
"4777",1982,"3","22","wheat",4.99,4.02194,NA,NA,NA,NA,NA,NA,NA,NA,NA,NA,NA,"FYM","FYM",0,0,0,35,273,57.56625,410.2875,"B",NA,NA,NA,NA,NA,NA,NA,NA,NA
"4836",1982,"5","22","wheat",5.05,4.0804,NA,NA,NA,NA,NA,NA,NA,NA,NA,NA,NA,"FYM","FYM",0,0,0,35,273,57.56625,410.2875,"B",NA,NA,NA,NA,NA,NA,NA,NA,NA
"4869",1982,"6","22","wheat",5.2,4.1808,NA,NA,NA,NA,NA,NA,NA,NA,NA,NA,NA,"FYM","FYM",0,0,0,35,273,57.56625,410.2875,"B",NA,NA,NA,NA,NA,NA,NA,NA,NA
"4910",1982,"7","22","wheat",7.18,5.80144,4.17,3.64041,137.119962,NA,NA,121.83024,NA,NA,15.289722,NA,NA,"FYM","FYM",0,0,0,35,273,57.56625,410.2875,"B",NA,NA,NA,0.286603054945055,0.128812139194139,0.0757322234432234,NA,NA,NA
"4944",1982,"8","22","wheat",6.59,5.29836,NA,NA,NA,NA,NA,NA,NA,NA,NA,NA,NA,"FYM","FYM",0,0,0,35,273,57.56625,410.2875,"B",NA,NA,NA,NA,NA,NA,NA,NA,NA
"4989",1982,"9","22","wheat",6.37,5.12148,NA,NA,NA,NA,NA,NA,NA,NA,NA,NA,NA,"FYM","FYM",0,0,0,35,273,57.56625,410.2875,"B",NA,NA,NA,NA,NA,NA,NA,NA,NA
"5040",1982,"0","3","wheat",1.26,0.98784,NA,NA,NA,NA,NA,NA,NA,NA,NA,NA,NA,"Control","Nil",0,0,0,0,0,0,0,"B",NA,NA,NA,NA,NA,NA,NA,NA,NA
"5089",1982,"1","3","wheat",1.23,0.9594,0.59,0.52687,18.51322,NA,NA,16.40574,NA,NA,2.10748,NA,NA,"Control","Nil",0,0,0,0,0,0,0,"B",NA,NA,NA,NA,NA,NA,NA,NA,NA
"5163",1982,"3","3","wheat",1.03,0.82606,NA,NA,NA,NA,NA,NA,NA,NA,NA,NA,NA,"Control","Nil",0,0,0,0,0,0,0,"B",NA,NA,NA,NA,NA,NA,NA,NA,NA
"5222",1982,"5","3","wheat",1.04,0.82992,NA,NA,NA,NA,NA,NA,NA,NA,NA,NA,NA,"Control","Nil",0,0,0,0,0,0,0,"B",NA,NA,NA,NA,NA,NA,NA,NA,NA
"5255",1982,"6","3","wheat",0.89,0.70666,NA,NA,NA,NA,NA,NA,NA,NA,NA,NA,NA,"Control","Nil",0,0,0,0,0,0,0,"B",NA,NA,NA,NA,NA,NA,NA,NA,NA
"5296",1982,"7","3","wheat",3.49,2.74314,1.44,1.29456,52.810224,NA,NA,48.279264,NA,NA,4.53096,NA,NA,"Control","Nil",0,0,0,0,0,0,0,"B",NA,NA,NA,NA,NA,NA,NA,NA,NA
"5330",1982,"8","3","wheat",2.03,1.55904,NA,NA,NA,NA,NA,NA,NA,NA,NA,NA,NA,"Control","Nil",0,0,0,0,0,0,0,"B",NA,NA,NA,NA,NA,NA,NA,NA,NA
"5375",1982,"9","3","wheat",1.28,1.024,NA,NA,NA,NA,NA,NA,NA,NA,NA,NA,NA,"Control","Nil",0,0,0,0,0,0,0,"B",NA,NA,NA,NA,NA,NA,NA,NA,NA
"5436",1982,"0","5","wheat",1.59,1.22748,NA,NA,NA,NA,NA,NA,NA,NA,NA,NA,NA,"PKMg","PK(Na)Mg",0,35,90,0,0,0,0,"B",NA,NA,NA,NA,NA,NA,NA,NA,NA
"5485",1982,"1","5","wheat",1.1,0.8536,0.75,0.66225,17.073345,NA,NA,13.82832,NA,NA,3.245025,NA,NA,"PKMg","PK(Na)Mg",0,35,90,0,0,0,0,"B",NA,NA,NA,NA,NA,NA,NA,NA,NA
"5559",1982,"3","5","wheat",1.32,1.05864,NA,NA,NA,NA,NA,NA,NA,NA,NA,NA,NA,"PKMg","PK(Na)Mg",0,35,90,0,0,0,0,"B",NA,NA,NA,NA,NA,NA,NA,NA,NA
"5618",1982,"5","5","wheat",1.08,0.86184,NA,NA,NA,NA,NA,NA,NA,NA,NA,NA,NA,"PKMg","PK(Na)Mg",0,35,90,0,0,0,0,"B",NA,NA,NA,NA,NA,NA,NA,NA,NA
"5651",1982,"6","5","wheat",1.03,0.81782,NA,NA,NA,NA,NA,NA,NA,NA,NA,NA,NA,"PKMg","PK(Na)Mg",0,35,90,0,0,0,0,"B",NA,NA,NA,NA,NA,NA,NA,NA,NA
"5692",1982,"7","5","wheat",4.11,3.288,1.97,1.74148,58.877328,NA,NA,52.608,NA,NA,6.269328,NA,NA,"PKMg","PK(Na)Mg",0,35,90,0,0,0,0,"B",NA,NA,NA,NA,NA,NA,NA,NA,NA
"5726",1982,"8","5","wheat",4.6,3.5788,NA,NA,NA,NA,NA,NA,NA,NA,NA,NA,NA,"PKMg","PK(Na)Mg",0,35,90,0,0,0,0,"B",NA,NA,NA,NA,NA,NA,NA,NA,NA
"5771",1982,"9","5","wheat",1.4,1.0892,NA,NA,NA,NA,NA,NA,NA,NA,NA,NA,NA,"PKMg","PK(Na)Mg",0,35,90,0,0,0,0,"B",NA,NA,NA,NA,NA,NA,NA,NA,NA
"5832",1982,"0","6","wheat",3.73,2.87956,NA,NA,NA,NA,NA,NA,NA,NA,NA,NA,NA,"N1PKMg","N1 PK(Na)Mg",48,35,90,0,0,0,0,"B",NA,NA,NA,NA,NA,NA,NA,NA,NA
"5881",1982,"1","6","wheat",3.36,2.59392,2.35,2.02805,52.185297,NA,NA,43.059072,NA,NA,9.126225,NA,NA,"N1PKMg","N1 PK(Na)Mg",48,35,90,0,0,0,0,"B",NA,NA,NA,NA,NA,NA,NA,NA,NA
"5955",1982,"3","6","wheat",3.36,2.6544,NA,NA,NA,NA,NA,NA,NA,NA,NA,NA,NA,"N1PKMg","N1 PK(Na)Mg",48,35,90,0,0,0,0,"B",NA,NA,NA,NA,NA,NA,NA,NA,NA
"6014",1982,"5","6","wheat",3.22,2.56956,NA,NA,NA,NA,NA,NA,NA,NA,NA,NA,NA,"N1PKMg","N1 PK(Na)Mg",48,35,90,0,0,0,0,"B",NA,NA,NA,NA,NA,NA,NA,NA,NA
"6047",1982,"6","6","wheat",3.29,2.62542,NA,NA,NA,NA,NA,NA,NA,NA,NA,NA,NA,"N1PKMg","N1 PK(Na)Mg",48,35,90,0,0,0,0,"B",NA,NA,NA,NA,NA,NA,NA,NA,NA
"6088",1982,"7","6","wheat",6.03,4.86018,3.26,2.90792,100.186616,NA,NA,89.427312,NA,NA,10.759304,NA,NA,"N1PKMg","N1 PK(Na)Mg",48,35,90,0,0,0,0,"B",NA,NA,NA,NA,NA,NA,NA,NA,NA
"6122",1982,"8","6","wheat",4.72,3.78544,NA,NA,NA,NA,NA,NA,NA,NA,NA,NA,NA,"N1PKMg","N1 PK(Na)Mg",48,35,90,0,0,0,0,"B",NA,NA,NA,NA,NA,NA,NA,NA,NA
"6167",1982,"9","6","wheat",3.83,3.0257,NA,NA,NA,NA,NA,NA,NA,NA,NA,NA,NA,"N1PKMg","N1 PK(Na)Mg",48,35,90,0,0,0,0,"B",NA,NA,NA,NA,NA,NA,NA,NA,NA
"6228",1982,"0","7","wheat",5.47,4.25566,NA,NA,NA,NA,NA,NA,NA,NA,NA,NA,NA,"N2PKMg","N2 PK(Na)Mg",96,35,90,0,0,0,0,"B",NA,NA,NA,NA,NA,NA,NA,NA,NA
"6277",1982,"1","7","wheat",5.47,4.29942,3.14,2.77262,97.605306,NA,NA,85.128516,NA,NA,12.47679,NA,NA,"N2PKMg","N2 PK(Na)Mg",96,35,90,0,0,0,0,"B",0.83887459375,NA,NA,NA,NA,NA,NA,NA,NA
"6351",1982,"3","7","wheat",4.76,3.76992,NA,NA,NA,NA,NA,NA,NA,NA,NA,NA,NA,"N2PKMg","N2 PK(Na)Mg",96,35,90,0,0,0,0,"B",NA,NA,NA,NA,NA,NA,NA,NA,NA
"6410",1982,"5","7","wheat",4.7,3.7694,NA,NA,NA,NA,NA,NA,NA,NA,NA,NA,NA,"N2PKMg","N2 PK(Na)Mg",96,35,90,0,0,0,0,"B",NA,NA,NA,NA,NA,NA,NA,NA,NA
"6443",1982,"6","7","wheat",5.17,4.16702,NA,NA,NA,NA,NA,NA,NA,NA,NA,NA,NA,"N2PKMg","N2 PK(Na)Mg",96,35,90,0,0,0,0,"B",NA,NA,NA,NA,NA,NA,NA,NA,NA
"6484",1982,"7","7","wheat",7.32,5.94384,4.13,3.72113,145.803826,NA,NA,127.198176,NA,NA,18.60565,NA,NA,"N2PKMg","N2 PK(Na)Mg",96,35,90,0,0,0,0,"B",0.905484354166667,NA,NA,NA,NA,NA,NA,NA,NA
"6518",1982,"8","7","wheat",4.98,3.99396,NA,NA,NA,NA,NA,NA,NA,NA,NA,NA,NA,"N2PKMg","N2 PK(Na)Mg",96,35,90,0,0,0,0,"B",NA,NA,NA,NA,NA,NA,NA,NA,NA
"6563",1982,"9","7","wheat",5.84,4.69536,NA,NA,NA,NA,NA,NA,NA,NA,NA,NA,NA,"N2PKMg","N2 PK(Na)Mg",96,35,90,0,0,0,0,"B",NA,NA,NA,NA,NA,NA,NA,NA,NA
"5",1983,"2","1","potato",16.87,3.91384,NA,NA,65.752512,NA,NA,NA,NA,NA,NA,NA,NA,"FYM+NPK","FYM N2 PK",96,35,90,35,231,43.086925,349.0403,"B",NA,NA,NA,NA,NA,NA,0.200053666666667,NA,NA
"34",1983,"2","10","potato",4.65,1.1253,NA,NA,18.11733,NA,NA,NA,NA,NA,NA,NA,NA,"N","N2",96,0,0,0,0,0,0,"B",NA,NA,NA,NA,NA,NA,NA,NA,NA
"63",1983,"2","11","potato",4.81,1.18326,NA,NA,20.470398,NA,NA,NA,NA,NA,NA,NA,NA,"NP","N2 P",96,35,0,0,0,0,0,"B",NA,NA,NA,NA,NA,NA,NA,NA,NA
"121",1983,"2","13","potato",9.73,1.89735,NA,NA,34.53177,NA,NA,NA,NA,NA,NA,NA,NA,"NPK","N2 PK",96,35,90,0,0,0,0,"B",NA,NA,NA,NA,NA,NA,NA,NA,NA
"150",1983,"2","14","potato",11.74,2.8763,NA,NA,36.52901,NA,NA,NA,NA,NA,NA,NA,NA,"N4PKMg","N2 PKMg*",96,35,90,0,0,0,0,"B",NA,NA,NA,NA,NA,NA,NA,NA,NA
"208",1983,"2","16","potato",13.27,2.87959,NA,NA,45.209563,NA,NA,NA,NA,NA,NA,NA,NA,"N5PKMg","N3 PK(Na)Mg",144,35,90,0,0,0,0,"B",NA,NA,NA,NA,NA,NA,NA,NA,NA
"353",1983,"2","22","potato",15.7,3.4226,NA,NA,46.54736,NA,NA,NA,NA,NA,NA,NA,NA,"FYM","FYM",0,0,0,35,231,43.086925,349.0403,"B",NA,NA,NA,0.10393316017316,0.123073722943723,0.112887281385281,NA,NA,NA
"382",1983,"2","3","potato",4.43,0.99675,NA,NA,13.5558,NA,NA,NA,NA,NA,NA,NA,NA,"Control","Nil",0,0,0,0,0,0,0,"B",NA,NA,NA,NA,NA,NA,NA,NA,NA
"411",1983,"2","5","potato",8.41,1.682,NA,NA,22.5388,NA,NA,NA,NA,NA,NA,NA,NA,"PKMg","PK(Na)Mg",0,35,90,0,0,0,0,"B",NA,NA,NA,NA,NA,NA,NA,NA,NA
"440",1983,"2","6","potato",12.99,2.96172,NA,NA,41.167908,NA,NA,NA,NA,NA,NA,NA,NA,"N1PKMg","N1 PK(Na)Mg",48,35,90,0,0,0,0,"B",NA,NA,NA,NA,NA,NA,NA,NA,NA
"469",1983,"2","7","potato",15.43,3.45632,NA,NA,52.536064,NA,NA,NA,NA,NA,NA,NA,NA,"N2PKMg","N2 PK(Na)Mg",96,35,90,0,0,0,0,"B",0.3124715,NA,NA,NA,NA,NA,NA,NA,NA
"4011",1983,"3","1","wheat",7.05,6.1194,NA,NA,NA,NA,NA,NA,NA,NA,NA,NA,NA,"FYM+NPK","FYM N2 PK",96,35,90,35,231,43.086925,349.0403,"B",NA,NA,NA,NA,NA,NA,NA,NA,NA
"6711",1983,"4","1","wheat",7.69,6.67492,6.78,6.28506,155.730026,NA,NA,137.503352,NA,NA,18.226674,NA,NA,"FYM+NPK","FYM N2 PK",96,35,90,35,231,43.086925,349.0403,"B",NA,NA,NA,NA,NA,NA,0.546087020833334,NA,NA
"991",1983,"5","1","wheat",7.39,6.38496,NA,NA,NA,NA,NA,NA,NA,NA,NA,NA,NA,"FYM+NPK","FYM N2 PK",96,35,90,35,231,43.086925,349.0403,"B",NA,NA,NA,NA,NA,NA,NA,NA,NA
"1322",1983,"6","1","wheat",7.58,6.56428,NA,NA,NA,NA,NA,NA,NA,NA,NA,NA,NA,"FYM+NPK","FYM N2 PK",96,35,90,35,231,43.086925,349.0403,"B",NA,NA,NA,NA,NA,NA,NA,NA,NA
"20910",1983,"0","10","wheat",3.41,2.93942,NA,NA,NA,NA,NA,NA,NA,NA,NA,NA,NA,"N","N2",96,0,0,0,0,0,0,"B",NA,NA,NA,NA,NA,NA,NA,NA,NA
"258",1983,"1","10","wheat",3.03,2.59368,2.3,2.1436,60.164984,NA,NA,53.948544,NA,NA,6.21644,NA,NA,"N","N2",96,0,0,0,0,0,0,"B",NA,NA,NA,NA,NA,NA,NA,NA,NA
"3321",1983,"3","10","wheat",3.92,3.36336,NA,NA,NA,NA,NA,NA,NA,NA,NA,NA,NA,"N","N2",96,0,0,0,0,0,0,"B",NA,NA,NA,NA,NA,NA,NA,NA,NA
"3592",1983,"4","10","wheat",5.2,4.4408,2.58,2.40198,99.70583,NA,NA,93.70088,NA,NA,6.00495,NA,NA,"N","N2",96,0,0,0,0,0,0,"B",NA,NA,NA,NA,NA,NA,NA,NA,NA
"3913",1983,"5","10","wheat",4.73,4.10564,NA,NA,NA,NA,NA,NA,NA,NA,NA,NA,NA,"N","N2",96,0,0,0,0,0,0,"B",NA,NA,NA,NA,NA,NA,NA,NA,NA
"42410",1983,"6","10","wheat",4.17,3.61956,NA,NA,NA,NA,NA,NA,NA,NA,NA,NA,NA,"N","N2",96,0,0,0,0,0,0,"B",NA,NA,NA,NA,NA,NA,NA,NA,NA
"499",1983,"8","10","wheat",4.44,3.84504,NA,NA,NA,NA,NA,NA,NA,NA,NA,NA,NA,"N","N2",96,0,0,0,0,0,0,"B",NA,NA,NA,NA,NA,NA,NA,NA,NA
"544",1983,"9","10","wheat",3.32,2.87512,NA,NA,NA,NA,NA,NA,NA,NA,NA,NA,NA,"N","N2",96,0,0,0,0,0,0,"B",NA,NA,NA,NA,NA,NA,NA,NA,NA
"605",1983,"0","11","wheat",3.96,3.42144,NA,NA,NA,NA,NA,NA,NA,NA,NA,NA,NA,"NP","N2 P",96,35,0,0,0,0,0,"B",NA,NA,NA,NA,NA,NA,NA,NA,NA
"654",1983,"1","11","wheat",3.82,3.2852,2.07,1.93545,70.81764,NA,NA,63.07584,NA,NA,7.7418,NA,NA,"NP","N2 P",96,35,0,0,0,0,0,"B",NA,NA,NA,NA,NA,NA,NA,NA,NA
"728",1983,"3","11","wheat",4.38,3.78432,NA,NA,NA,NA,NA,NA,NA,NA,NA,NA,NA,"NP","N2 P",96,35,0,0,0,0,0,"B",NA,NA,NA,NA,NA,NA,NA,NA,NA
"755",1983,"4","11","wheat",5.73,4.9278,3.58,3.33656,95.897116,NA,NA,87.22206,NA,NA,8.675056,NA,NA,"NP","N2 P",96,35,0,0,0,0,0,"B",NA,NA,NA,NA,NA,NA,NA,NA,NA
"787",1983,"5","11","wheat",4.34,3.75844,NA,NA,NA,NA,NA,NA,NA,NA,NA,NA,NA,"NP","N2 P",96,35,0,0,0,0,0,"B",NA,NA,NA,NA,NA,NA,NA,NA,NA
"820",1983,"6","11","wheat",4.54,3.94072,NA,NA,NA,NA,NA,NA,NA,NA,NA,NA,NA,"NP","N2 P",96,35,0,0,0,0,0,"B",NA,NA,NA,NA,NA,NA,NA,NA,NA
"895",1983,"8","11","wheat",4.14,3.59352,NA,NA,NA,NA,NA,NA,NA,NA,NA,NA,NA,"NP","N2 P",96,35,0,0,0,0,0,"B",NA,NA,NA,NA,NA,NA,NA,NA,NA
"940",1983,"9","11","wheat",3.39,2.95608,NA,NA,NA,NA,NA,NA,NA,NA,NA,NA,NA,"NP","N2 P",96,35,0,0,0,0,0,"B",NA,NA,NA,NA,NA,NA,NA,NA,NA
"1397",1983,"0","13","wheat",5.11,4.3946,NA,NA,NA,NA,NA,NA,NA,NA,NA,NA,NA,"NPK","N2 PK",96,35,90,0,0,0,0,"B",NA,NA,NA,NA,NA,NA,NA,NA,NA
"1446",1983,"1","13","wheat",5.4,4.644,4.4,4.1008,94.71848,NA,NA,84.0564,NA,NA,10.66208,NA,NA,"NPK","N2 PK",96,35,90,0,0,0,0,"B",NA,NA,NA,NA,NA,NA,NA,NA,NA
"1520",1983,"3","13","wheat",5.13,4.45284,NA,NA,NA,NA,NA,NA,NA,NA,NA,NA,NA,"NPK","N2 PK",96,35,90,0,0,0,0,"B",NA,NA,NA,NA,NA,NA,NA,NA,NA
"1547",1983,"4","13","wheat",6.06,5.23584,4.76,4.3792,102.5752,NA,NA,91.6272,NA,NA,10.948,NA,NA,"NPK","N2 PK",96,35,90,0,0,0,0,"B",NA,NA,NA,NA,NA,NA,NA,NA,NA
"1579",1983,"5","13","wheat",5.04,4.35456,NA,NA,NA,NA,NA,NA,NA,NA,NA,NA,NA,"NPK","N2 PK",96,35,90,0,0,0,0,"B",NA,NA,NA,NA,NA,NA,NA,NA,NA
"1612",1983,"6","13","wheat",4.84,4.18176,NA,NA,NA,NA,NA,NA,NA,NA,NA,NA,NA,"NPK","N2 PK",96,35,90,0,0,0,0,"B",NA,NA,NA,NA,NA,NA,NA,NA,NA
"1687",1983,"8","13","wheat",3.87,3.34368,NA,NA,NA,NA,NA,NA,NA,NA,NA,NA,NA,"NPK","N2 PK",96,35,90,0,0,0,0,"B",NA,NA,NA,NA,NA,NA,NA,NA,NA
"1732",1983,"9","13","wheat",5.15,4.4702,NA,NA,NA,NA,NA,NA,NA,NA,NA,NA,NA,"NPK","N2 PK",96,35,90,0,0,0,0,"B",NA,NA,NA,NA,NA,NA,NA,NA,NA
"1793",1983,"0","14","wheat",5.6,4.816,NA,NA,NA,NA,NA,NA,NA,NA,NA,NA,NA,"N4PKMg","N2 PKMg*",96,35,90,0,0,0,0,"B",NA,NA,NA,NA,NA,NA,NA,NA,NA
"1842",1983,"1","14","wheat",5.76,4.84992,4.48,4.18432,94.564096,NA,NA,85.358592,NA,NA,9.205504,NA,NA,"N4PKMg","N2 PKMg*",96,35,90,0,0,0,0,"B",NA,NA,NA,NA,NA,NA,NA,NA,NA
"1916",1983,"3","14","wheat",5.77,4.99682,NA,NA,NA,NA,NA,NA,NA,NA,NA,NA,NA,"N4PKMg","N2 PKMg*",96,35,90,0,0,0,0,"B",NA,NA,NA,NA,NA,NA,NA,NA,NA
"1943",1983,"4","14","wheat",6.65,5.7456,5.05,4.68135,105.931215,NA,NA,94.22784,NA,NA,11.703375,NA,NA,"N4PKMg","N2 PKMg*",96,35,90,0,0,0,0,"B",NA,NA,NA,NA,NA,NA,NA,NA,NA
"1975",1983,"5","14","wheat",5.27,4.56382,NA,NA,NA,NA,NA,NA,NA,NA,NA,NA,NA,"N4PKMg","N2 PKMg*",96,35,90,0,0,0,0,"B",NA,NA,NA,NA,NA,NA,NA,NA,NA
"2008",1983,"6","14","wheat",4.87,4.20768,NA,NA,NA,NA,NA,NA,NA,NA,NA,NA,NA,"N4PKMg","N2 PKMg*",96,35,90,0,0,0,0,"B",NA,NA,NA,NA,NA,NA,NA,NA,NA
"2083",1983,"8","14","wheat",4.66,4.03556,NA,NA,NA,NA,NA,NA,NA,NA,NA,NA,NA,"N4PKMg","N2 PKMg*",96,35,90,0,0,0,0,"B",NA,NA,NA,NA,NA,NA,NA,NA,NA
"2128",1983,"9","14","wheat",5.83,5.06044,NA,NA,NA,NA,NA,NA,NA,NA,NA,NA,NA,"N4PKMg","N2 PKMg*",96,35,90,0,0,0,0,"B",NA,NA,NA,NA,NA,NA,NA,NA,NA
"2585",1983,"0","16","wheat",5.42,4.65036,NA,NA,NA,NA,NA,NA,NA,NA,NA,NA,NA,"N5PKMg","N3 PK(Na)Mg",144,35,90,0,0,0,0,"B",NA,NA,NA,NA,NA,NA,NA,NA,NA
"2634",1983,"1","16","wheat",5.34,4.60308,4.17,3.86976,89.234352,NA,NA,79.172976,NA,NA,10.061376,NA,NA,"N5PKMg","N3 PK(Na)Mg",144,35,90,0,0,0,0,"B",NA,NA,NA,NA,NA,NA,NA,NA,NA
"2708",1983,"3","16","wheat",5.58,4.83228,NA,NA,NA,NA,NA,NA,NA,NA,NA,NA,NA,"N5PKMg","N3 PK(Na)Mg",144,35,90,0,0,0,0,"B",NA,NA,NA,NA,NA,NA,NA,NA,NA
"2735",1983,"4","16","wheat",6.35,5.4991,4.81,4.4733,106.86759,NA,NA,95.68434,NA,NA,11.18325,NA,NA,"N5PKMg","N3 PK(Na)Mg",144,35,90,0,0,0,0,"B",NA,NA,NA,NA,NA,NA,NA,NA,NA
"2767",1983,"5","16","wheat",4.96,4.29536,NA,NA,NA,NA,NA,NA,NA,NA,NA,NA,NA,"N5PKMg","N3 PK(Na)Mg",144,35,90,0,0,0,0,"B",NA,NA,NA,NA,NA,NA,NA,NA,NA
"2800",1983,"6","16","wheat",4.99,4.32134,NA,NA,NA,NA,NA,NA,NA,NA,NA,NA,NA,"N5PKMg","N3 PK(Na)Mg",144,35,90,0,0,0,0,"B",NA,NA,NA,NA,NA,NA,NA,NA,NA
"2875",1983,"8","16","wheat",5.14,4.45124,NA,NA,NA,NA,NA,NA,NA,NA,NA,NA,NA,"N5PKMg","N3 PK(Na)Mg",144,35,90,0,0,0,0,"B",NA,NA,NA,NA,NA,NA,NA,NA,NA
"2920",1983,"9","16","wheat",5.7,4.9362,NA,NA,NA,NA,NA,NA,NA,NA,NA,NA,NA,"N5PKMg","N3 PK(Na)Mg",144,35,90,0,0,0,0,"B",NA,NA,NA,NA,NA,NA,NA,NA,NA
"4169",1983,"0","20","wheat",3.21,2.77344,NA,NA,NA,NA,NA,NA,NA,NA,NA,NA,NA,"NKMg","N2 K(Na)Mg",96,0,90,0,0,0,0,"B",NA,NA,NA,NA,NA,NA,NA,NA,NA
"4218",1983,"1","20","wheat",2.8,2.408,1.65,1.5378,63.08728,NA,NA,57.5512,NA,NA,5.53608,NA,NA,"NKMg","N2 K(Na)Mg",96,0,90,0,0,0,0,"B",NA,NA,NA,NA,NA,NA,NA,NA,NA
"4655",1983,"0","22","wheat",5.22,4.47876,NA,NA,NA,NA,NA,NA,NA,NA,NA,NA,NA,"FYM","FYM",0,0,0,35,231,43.086925,349.0403,"B",NA,NA,NA,NA,NA,NA,NA,NA,NA
"4704",1983,"1","22","wheat",5.24,4.52736,3.99,3.66282,103.305672,NA,NA,95.980032,NA,NA,7.32564,NA,NA,"FYM","FYM",0,0,0,35,231,43.086925,349.0403,"B",NA,NA,NA,0.342933753246753,0.174105593073593,0.140640831168831,NA,NA,NA
"4778",1983,"3","22","wheat",5.24,4.53784,NA,NA,NA,NA,NA,NA,NA,NA,NA,NA,NA,"FYM","FYM",0,0,0,35,231,43.086925,349.0403,"B",NA,NA,NA,NA,NA,NA,NA,NA,NA
"4805",1983,"4","22","wheat",5.41,4.67424,3.63,3.35049,86.903457,NA,NA,78.527232,NA,NA,8.376225,NA,NA,"FYM","FYM",0,0,0,35,231,43.086925,349.0403,"B",NA,NA,NA,0.241128168831169,-0.0554215281385281,-0.0389335887445887,NA,NA,NA
"4837",1983,"5","22","wheat",4.9,4.2434,NA,NA,NA,NA,NA,NA,NA,NA,NA,NA,NA,"FYM","FYM",0,0,0,35,231,43.086925,349.0403,"B",NA,NA,NA,NA,NA,NA,NA,NA,NA
"4870",1983,"6","22","wheat",4.43,3.81866,NA,NA,NA,NA,NA,NA,NA,NA,NA,NA,NA,"FYM","FYM",0,0,0,35,231,43.086925,349.0403,"B",NA,NA,NA,NA,NA,NA,NA,NA,NA
"4945",1983,"8","22","wheat",4.82,4.20304,NA,NA,NA,NA,NA,NA,NA,NA,NA,NA,NA,"FYM","FYM",0,0,0,35,231,43.086925,349.0403,"B",NA,NA,NA,NA,NA,NA,NA,NA,NA
"4990",1983,"9","22","wheat",5.28,4.58304,NA,NA,NA,NA,NA,NA,NA,NA,NA,NA,NA,"FYM","FYM",0,0,0,35,231,43.086925,349.0403,"B",NA,NA,NA,NA,NA,NA,NA,NA,NA
"5041",1983,"0","3","wheat",2.24,1.92192,NA,NA,NA,NA,NA,NA,NA,NA,NA,NA,NA,"Control","Nil",0,0,0,0,0,0,0,"B",NA,NA,NA,NA,NA,NA,NA,NA,NA
"5090",1983,"1","3","wheat",1.69,1.44326,0.82,0.75932,26.426182,NA,NA,24.679746,NA,NA,1.746436,NA,NA,"Control","Nil",0,0,0,0,0,0,0,"B",NA,NA,NA,NA,NA,NA,NA,NA,NA
"5164",1983,"3","3","wheat",1.59,1.36104,NA,NA,NA,NA,NA,NA,NA,NA,NA,NA,NA,"Control","Nil",0,0,0,0,0,0,0,"B",NA,NA,NA,NA,NA,NA,NA,NA,NA
"5191",1983,"4","3","wheat",1.96,1.66992,1.08,1.00332,30.83028,NA,NA,28.221648,NA,NA,2.608632,NA,NA,"Control","Nil",0,0,0,0,0,0,0,"B",NA,NA,NA,NA,NA,NA,NA,NA,NA
"5223",1983,"5","3","wheat",1.44,1.22688,NA,NA,NA,NA,NA,NA,NA,NA,NA,NA,NA,"Control","Nil",0,0,0,0,0,0,0,"B",NA,NA,NA,NA,NA,NA,NA,NA,NA
"5256",1983,"6","3","wheat",1.36,1.16144,NA,NA,NA,NA,NA,NA,NA,NA,NA,NA,NA,"Control","Nil",0,0,0,0,0,0,0,"B",NA,NA,NA,NA,NA,NA,NA,NA,NA
"5331",1983,"8","3","wheat",2.23,1.91334,NA,NA,NA,NA,NA,NA,NA,NA,NA,NA,NA,"Control","Nil",0,0,0,0,0,0,0,"B",NA,NA,NA,NA,NA,NA,NA,NA,NA
"5376",1983,"9","3","wheat",1.82,1.57248,NA,NA,NA,NA,NA,NA,NA,NA,NA,NA,NA,"Control","Nil",0,0,0,0,0,0,0,"B",NA,NA,NA,NA,NA,NA,NA,NA,NA
"5437",1983,"0","5","wheat",2.09,1.78904,NA,NA,NA,NA,NA,NA,NA,NA,NA,NA,NA,"PKMg","PK(Na)Mg",0,35,90,0,0,0,0,"B",NA,NA,NA,NA,NA,NA,NA,NA,NA
"5486",1983,"1","5","wheat",1.5,1.278,0.93,0.86025,24.087975,NA,NA,22.1094,NA,NA,1.978575,NA,NA,"PKMg","PK(Na)Mg",0,35,90,0,0,0,0,"B",NA,NA,NA,NA,NA,NA,NA,NA,NA
"5560",1983,"3","5","wheat",2.07,1.7802,NA,NA,NA,NA,NA,NA,NA,NA,NA,NA,NA,"PKMg","PK(Na)Mg",0,35,90,0,0,0,0,"B",NA,NA,NA,NA,NA,NA,NA,NA,NA
"5587",1983,"4","5","wheat",2.01,1.71252,1.23,1.13406,31.20285,NA,NA,27.914076,NA,NA,3.288774,NA,NA,"PKMg","PK(Na)Mg",0,35,90,0,0,0,0,"B",NA,NA,NA,NA,NA,NA,NA,NA,NA
"5619",1983,"5","5","wheat",1.56,1.33536,NA,NA,NA,NA,NA,NA,NA,NA,NA,NA,NA,"PKMg","PK(Na)Mg",0,35,90,0,0,0,0,"B",NA,NA,NA,NA,NA,NA,NA,NA,NA
"5652",1983,"6","5","wheat",1.5,1.275,NA,NA,NA,NA,NA,NA,NA,NA,NA,NA,NA,"PKMg","PK(Na)Mg",0,35,90,0,0,0,0,"B",NA,NA,NA,NA,NA,NA,NA,NA,NA
"5727",1983,"8","5","wheat",1.7,1.4654,NA,NA,NA,NA,NA,NA,NA,NA,NA,NA,NA,"PKMg","PK(Na)Mg",0,35,90,0,0,0,0,"B",NA,NA,NA,NA,NA,NA,NA,NA,NA
"5772",1983,"9","5","wheat",1.58,1.36512,NA,NA,NA,NA,NA,NA,NA,NA,NA,NA,NA,"PKMg","PK(Na)Mg",0,35,90,0,0,0,0,"B",NA,NA,NA,NA,NA,NA,NA,NA,NA
"5833",1983,"0","6","wheat",4.05,3.4749,NA,NA,NA,NA,NA,NA,NA,NA,NA,NA,NA,"N1PKMg","N1 PK(Na)Mg",48,35,90,0,0,0,0,"B",NA,NA,NA,NA,NA,NA,NA,NA,NA
"5882",1983,"1","6","wheat",3.52,3.01312,3.01,2.80231,56.918162,NA,NA,48.511232,NA,NA,8.40693,NA,NA,"N1PKMg","N1 PK(Na)Mg",48,35,90,0,0,0,0,"B",NA,NA,NA,NA,NA,NA,NA,NA,NA
"5956",1983,"3","6","wheat",4.58,3.95712,NA,NA,NA,NA,NA,NA,NA,NA,NA,NA,NA,"N1PKMg","N1 PK(Na)Mg",48,35,90,0,0,0,0,"B",NA,NA,NA,NA,NA,NA,NA,NA,NA
"5983",1983,"4","6","wheat",5.04,4.32432,3.37,3.1004,77.307296,NA,NA,70.486416,NA,NA,6.82088,NA,NA,"N1PKMg","N1 PK(Na)Mg",48,35,90,0,0,0,0,"B",NA,NA,NA,NA,NA,NA,NA,NA,NA
"6015",1983,"5","6","wheat",4.06,3.48348,NA,NA,NA,NA,NA,NA,NA,NA,NA,NA,NA,"N1PKMg","N1 PK(Na)Mg",48,35,90,0,0,0,0,"B",NA,NA,NA,NA,NA,NA,NA,NA,NA
"6048",1983,"6","6","wheat",3.38,2.89328,NA,NA,NA,NA,NA,NA,NA,NA,NA,NA,NA,"N1PKMg","N1 PK(Na)Mg",48,35,90,0,0,0,0,"B",NA,NA,NA,NA,NA,NA,NA,NA,NA
"6123",1983,"8","6","wheat",3.19,2.74978,NA,NA,NA,NA,NA,NA,NA,NA,NA,NA,NA,"N1PKMg","N1 PK(Na)Mg",48,35,90,0,0,0,0,"B",NA,NA,NA,NA,NA,NA,NA,NA,NA
"6168",1983,"9","6","wheat",4.01,3.46464,NA,NA,NA,NA,NA,NA,NA,NA,NA,NA,NA,"N1PKMg","N1 PK(Na)Mg",48,35,90,0,0,0,0,"B",NA,NA,NA,NA,NA,NA,NA,NA,NA
"6229",1983,"0","7","wheat",5.74,4.9364,NA,NA,NA,NA,NA,NA,NA,NA,NA,NA,NA,"N2PKMg","N2 PK(Na)Mg",96,35,90,0,0,0,0,"B",NA,NA,NA,NA,NA,NA,NA,NA,NA
"6278",1983,"1","7","wheat",5.36,4.59888,4.86,4.51008,92.171088,NA,NA,78.640848,NA,NA,13.53024,NA,NA,"N2PKMg","N2 PK(Na)Mg",96,35,90,0,0,0,0,"B",0.70919909375,NA,NA,NA,NA,NA,NA,NA,NA
"6352",1983,"3","7","wheat",6.25,5.4,NA,NA,NA,NA,NA,NA,NA,NA,NA,NA,NA,"N2PKMg","N2 PK(Na)Mg",96,35,90,0,0,0,0,"B",NA,NA,NA,NA,NA,NA,NA,NA,NA
"6379",1983,"4","7","wheat",6.91,5.9426,5.92,5.45232,118.171532,NA,NA,103.9955,NA,NA,14.176032,NA,NA,"N2PKMg","N2 PK(Na)Mg",96,35,90,0,0,0,0,"B",0.905923770833334,NA,NA,NA,NA,NA,NA,NA,NA
"6411",1983,"5","7","wheat",6.32,5.47312,NA,NA,NA,NA,NA,NA,NA,NA,NA,NA,NA,"N2PKMg","N2 PK(Na)Mg",96,35,90,0,0,0,0,"B",NA,NA,NA,NA,NA,NA,NA,NA,NA
"6444",1983,"6","7","wheat",5.84,5.05744,NA,NA,NA,NA,NA,NA,NA,NA,NA,NA,NA,"N2PKMg","N2 PK(Na)Mg",96,35,90,0,0,0,0,"B",NA,NA,NA,NA,NA,NA,NA,NA,NA
"6519",1983,"8","7","wheat",4.87,4.22716,NA,NA,NA,NA,NA,NA,NA,NA,NA,NA,NA,"N2PKMg","N2 PK(Na)Mg",96,35,90,0,0,0,0,"B",NA,NA,NA,NA,NA,NA,NA,NA,NA
"6564",1983,"9","7","wheat",5.3,4.6004,NA,NA,NA,NA,NA,NA,NA,NA,NA,NA,NA,"N2PKMg","N2 PK(Na)Mg",96,35,90,0,0,0,0,"B",NA,NA,NA,NA,NA,NA,NA,NA,NA
"27",1984,"7","1","potato",21.8,4.8614,NA,NA,71.94872,NA,NA,NA,NA,NA,NA,NA,NA,"FYM+NPK","FYM N2 PK",96,35,90,35,252,49.774725,336.336,"B",NA,NA,NA,NA,NA,NA,-0.141779041666667,NA,NA
"56",1984,"7","10","potato",8.35,2.004,NA,NA,27.2544,NA,NA,NA,NA,NA,NA,NA,NA,"N","N2",96,0,0,0,0,0,0,"B",NA,NA,NA,NA,NA,NA,NA,NA,NA
"85",1984,"7","11","potato",9.45,2.3436,NA,NA,38.20068,NA,NA,NA,NA,NA,NA,NA,NA,"NP","N2 P",96,35,0,0,0,0,0,"B",NA,NA,NA,NA,NA,NA,NA,NA,NA
"143",1984,"7","13","potato",17.33,3.62197,NA,NA,60.124702,NA,NA,NA,NA,NA,NA,NA,NA,"NPK","N2 PK",96,35,90,0,0,0,0,"B",NA,NA,NA,NA,NA,NA,NA,NA,NA
"172",1984,"7","14","potato",20.79,5.07276,NA,NA,63.4095,NA,NA,NA,NA,NA,NA,NA,NA,"N4PKMg","N2 PKMg*",96,35,90,0,0,0,0,"B",NA,NA,NA,NA,NA,NA,NA,NA,NA
"230",1984,"7","16","potato",24.19,5.61208,NA,NA,76.324288,NA,NA,NA,NA,NA,NA,NA,NA,"N5PKMg","N3 PK(Na)Mg",144,35,90,0,0,0,0,"B",NA,NA,NA,NA,NA,NA,NA,NA,NA
"375",1984,"7","22","potato",29.09,6.63252,NA,NA,85.559508,NA,NA,NA,NA,NA,NA,NA,NA,"FYM","FYM",0,0,0,35,252,49.774725,336.336,"B",NA,NA,NA,0.202279396825397,0.231369476190476,0.187931857142857,NA,NA,NA
"404",1984,"7","3","potato",7.44,1.79304,NA,NA,23.30952,NA,NA,NA,NA,NA,NA,NA,NA,"Control","Nil",0,0,0,0,0,0,0,"B",NA,NA,NA,NA,NA,NA,NA,NA,NA
"433",1984,"7","5","potato",13.67,3.1441,NA,NA,34.5851,NA,NA,NA,NA,NA,NA,NA,NA,"PKMg","PK(Na)Mg",0,35,90,0,0,0,0,"B",NA,NA,NA,NA,NA,NA,NA,NA,NA
"462",1984,"7","6","potato",18.01,4.10628,NA,NA,52.560384,NA,NA,NA,NA,NA,NA,NA,NA,"N1PKMg","N1 PK(Na)Mg",48,35,90,0,0,0,0,"B",NA,NA,NA,NA,NA,NA,NA,NA,NA
"491",1984,"7","7","potato",21.92,4.7128,NA,NA,72.10584,NA,NA,NA,NA,NA,NA,NA,NA,"N2PKMg","N2 PK(Na)Mg",96,35,90,0,0,0,0,"B",0.390841041666667,NA,NA,NA,NA,NA,NA,NA,NA
"7101",1984,"2","1","wheat",8.92,7.4928,6.65,4.5885,176.28366,NA,NA,158.84736,NA,NA,17.4363,NA,NA,"FYM+NPK","FYM N2 PK",96,35,90,35,252,49.774725,336.336,"B",NA,NA,NA,NA,NA,NA,NA,NA,NA
"4111",1984,"3","1","wheat",8.27,7.0295,NA,NA,NA,NA,NA,NA,NA,NA,NA,NA,NA,"FYM+NPK","FYM N2 PK",96,35,90,35,252,49.774725,336.336,"B",NA,NA,NA,NA,NA,NA,NA,NA,NA
"1001",1984,"5","1","wheat",8.04,6.89832,NA,NA,NA,NA,NA,NA,NA,NA,NA,NA,NA,"FYM+NPK","FYM N2 PK",96,35,90,35,252,49.774725,336.336,"B",NA,NA,NA,NA,NA,NA,NA,NA,NA
"1332",1984,"6","1","wheat",7.89,6.7854,NA,NA,NA,NA,NA,NA,NA,NA,NA,NA,NA,"FYM+NPK","FYM N2 PK",96,35,90,35,252,49.774725,336.336,"B",NA,NA,NA,NA,NA,NA,NA,NA,NA
"21010",1984,"0","10","wheat",3.64,3.094,NA,NA,NA,NA,NA,NA,NA,NA,NA,NA,NA,"N","N2",96,0,0,0,0,0,0,"B",NA,NA,NA,NA,NA,NA,NA,NA,NA
"259",1984,"1","10","wheat",3.58,3.0072,2.32,1.91864,72.034104,NA,NA,62.24904,NA,NA,9.785064,NA,NA,"N","N2",96,0,0,0,0,0,0,"B",NA,NA,NA,NA,NA,NA,NA,NA,NA
"2991",1984,"2","10","wheat",5.46,4.59732,2.21,1.80999,107.55927,NA,NA,100.681308,NA,NA,6.877962,NA,NA,"N","N2",96,0,0,0,0,0,0,"B",NA,NA,NA,NA,NA,NA,NA,NA,NA
"3331",1984,"3","10","wheat",4.26,3.55284,NA,NA,NA,NA,NA,NA,NA,NA,NA,NA,NA,"N","N2",96,0,0,0,0,0,0,"B",NA,NA,NA,NA,NA,NA,NA,NA,NA
"3921",1984,"5","10","wheat",5,4.26,NA,NA,NA,NA,NA,NA,NA,NA,NA,NA,NA,"N","N2",96,0,0,0,0,0,0,"B",NA,NA,NA,NA,NA,NA,NA,NA,NA
"4256",1984,"6","10","wheat",4.15,3.5109,NA,NA,NA,NA,NA,NA,NA,NA,NA,NA,NA,"N","N2",96,0,0,0,0,0,0,"B",NA,NA,NA,NA,NA,NA,NA,NA,NA
"500",1984,"8","10","wheat",3.37,2.8645,NA,NA,NA,NA,NA,NA,NA,NA,NA,NA,NA,"N","N2",96,0,0,0,0,0,0,"B",NA,NA,NA,NA,NA,NA,NA,NA,NA
"545",1984,"9","10","wheat",2.95,2.537,NA,NA,NA,NA,NA,NA,NA,NA,NA,NA,NA,"N","N2",96,0,0,0,0,0,0,"B",NA,NA,NA,NA,NA,NA,NA,NA,NA
"606",1984,"0","11","wheat",4.02,3.42504,NA,NA,NA,NA,NA,NA,NA,NA,NA,NA,NA,"NP","N2 P",96,35,0,0,0,0,0,"B",NA,NA,NA,NA,NA,NA,NA,NA,NA
"655",1984,"1","11","wheat",3.86,3.281,1.86,1.62192,76.512876,NA,NA,67.9167,NA,NA,8.596176,NA,NA,"NP","N2 P",96,35,0,0,0,0,0,"B",NA,NA,NA,NA,NA,NA,NA,NA,NA
"695",1984,"2","11","wheat",6.41,5.43568,2.91,2.42112,123.290192,NA,NA,113.605712,NA,NA,9.68448,NA,NA,"NP","N2 P",96,35,0,0,0,0,0,"B",NA,NA,NA,NA,NA,NA,NA,NA,NA
"729",1984,"3","11","wheat",3.42,2.88648,NA,NA,NA,NA,NA,NA,NA,NA,NA,NA,NA,"NP","N2 P",96,35,0,0,0,0,0,"B",NA,NA,NA,NA,NA,NA,NA,NA,NA
"788",1984,"5","11","wheat",4.25,3.6125,NA,NA,NA,NA,NA,NA,NA,NA,NA,NA,NA,"NP","N2 P",96,35,0,0,0,0,0,"B",NA,NA,NA,NA,NA,NA,NA,NA,NA
"821",1984,"6","11","wheat",4.13,3.50224,NA,NA,NA,NA,NA,NA,NA,NA,NA,NA,NA,"NP","N2 P",96,35,0,0,0,0,0,"B",NA,NA,NA,NA,NA,NA,NA,NA,NA
"896",1984,"8","11","wheat",2.14,1.82328,NA,NA,NA,NA,NA,NA,NA,NA,NA,NA,NA,"NP","N2 P",96,35,0,0,0,0,0,"B",NA,NA,NA,NA,NA,NA,NA,NA,NA
"941",1984,"9","11","wheat",2.02,1.72104,NA,NA,NA,NA,NA,NA,NA,NA,NA,NA,NA,"NP","N2 P",96,35,0,0,0,0,0,"B",NA,NA,NA,NA,NA,NA,NA,NA,NA
"1398",1984,"0","13","wheat",5.39,4.55994,NA,NA,NA,NA,NA,NA,NA,NA,NA,NA,NA,"NPK","N2 PK",96,35,90,0,0,0,0,"B",NA,NA,NA,NA,NA,NA,NA,NA,NA
"1447",1984,"1","13","wheat",5.43,4.58292,2.6,2.184,101.572368,NA,NA,93.491568,NA,NA,8.0808,NA,NA,"NPK","N2 PK",96,35,90,0,0,0,0,"B",NA,NA,NA,NA,NA,NA,NA,NA,NA
"1487",1984,"2","13","wheat",7.24,6.13952,3.92,2.85376,130.893504,NA,NA,120.334592,NA,NA,10.558912,NA,NA,"NPK","N2 PK",96,35,90,0,0,0,0,"B",NA,NA,NA,NA,NA,NA,NA,NA,NA
"1521",1984,"3","13","wheat",5.09,4.23488,NA,NA,NA,NA,NA,NA,NA,NA,NA,NA,NA,"NPK","N2 PK",96,35,90,0,0,0,0,"B",NA,NA,NA,NA,NA,NA,NA,NA,NA
"1580",1984,"5","13","wheat",5.11,4.31284,NA,NA,NA,NA,NA,NA,NA,NA,NA,NA,NA,"NPK","N2 PK",96,35,90,0,0,0,0,"B",NA,NA,NA,NA,NA,NA,NA,NA,NA
"1613",1984,"6","13","wheat",5.21,4.35556,NA,NA,NA,NA,NA,NA,NA,NA,NA,NA,NA,"NPK","N2 PK",96,35,90,0,0,0,0,"B",NA,NA,NA,NA,NA,NA,NA,NA,NA
"1688",1984,"8","13","wheat",2.23,1.89104,NA,NA,NA,NA,NA,NA,NA,NA,NA,NA,NA,"NPK","N2 PK",96,35,90,0,0,0,0,"B",NA,NA,NA,NA,NA,NA,NA,NA,NA
"1733",1984,"9","13","wheat",5.91,5.01168,NA,NA,NA,NA,NA,NA,NA,NA,NA,NA,NA,"NPK","N2 PK",96,35,90,0,0,0,0,"B",NA,NA,NA,NA,NA,NA,NA,NA,NA
"1794",1984,"0","14","wheat",5.6,4.7152,NA,NA,NA,NA,NA,NA,NA,NA,NA,NA,NA,"N4PKMg","N2 PKMg*",96,35,90,0,0,0,0,"B",NA,NA,NA,NA,NA,NA,NA,NA,NA
"1843",1984,"1","14","wheat",5.56,4.65928,2.56,2.21952,93.033144,NA,NA,85.264824,NA,NA,7.76832,NA,NA,"N4PKMg","N2 PKMg*",96,35,90,0,0,0,0,"B",NA,NA,NA,NA,NA,NA,NA,NA,NA
"1883",1984,"2","14","wheat",7.22,6.07924,3.85,3.0184,134.576652,NA,NA,123.408572,NA,NA,11.16808,NA,NA,"N4PKMg","N2 PKMg*",96,35,90,0,0,0,0,"B",NA,NA,NA,NA,NA,NA,NA,NA,NA
"1917",1984,"3","14","wheat",5.32,4.4688,NA,NA,NA,NA,NA,NA,NA,NA,NA,NA,NA,"N4PKMg","N2 PKMg*",96,35,90,0,0,0,0,"B",NA,NA,NA,NA,NA,NA,NA,NA,NA
"1976",1984,"5","14","wheat",5.11,4.25152,NA,NA,NA,NA,NA,NA,NA,NA,NA,NA,NA,"N4PKMg","N2 PKMg*",96,35,90,0,0,0,0,"B",NA,NA,NA,NA,NA,NA,NA,NA,NA
"2009",1984,"6","14","wheat",5.1,4.1514,NA,NA,NA,NA,NA,NA,NA,NA,NA,NA,NA,"N4PKMg","N2 PKMg*",96,35,90,0,0,0,0,"B",NA,NA,NA,NA,NA,NA,NA,NA,NA
"2084",1984,"8","14","wheat",2.66,2.27164,NA,NA,NA,NA,NA,NA,NA,NA,NA,NA,NA,"N4PKMg","N2 PKMg*",96,35,90,0,0,0,0,"B",NA,NA,NA,NA,NA,NA,NA,NA,NA
"2129",1984,"9","14","wheat",5.5,4.653,NA,NA,NA,NA,NA,NA,NA,NA,NA,NA,NA,"N4PKMg","N2 PKMg*",96,35,90,0,0,0,0,"B",NA,NA,NA,NA,NA,NA,NA,NA,NA
"2586",1984,"0","16","wheat",5.68,4.7712,NA,NA,NA,NA,NA,NA,NA,NA,NA,NA,NA,"N5PKMg","N3 PK(Na)Mg",144,35,90,0,0,0,0,"B",NA,NA,NA,NA,NA,NA,NA,NA,NA
"2635",1984,"1","16","wheat",5.44,4.55872,2.79,2.34918,96.661298,NA,NA,88.439168,NA,NA,8.22213,NA,NA,"N5PKMg","N3 PK(Na)Mg",144,35,90,0,0,0,0,"B",NA,NA,NA,NA,NA,NA,NA,NA,NA
"2675",1984,"2","16","wheat",7.31,6.15502,3.9,2.9055,130.807642,NA,NA,120.638392,NA,NA,10.16925,NA,NA,"N5PKMg","N3 PK(Na)Mg",144,35,90,0,0,0,0,"B",NA,NA,NA,NA,NA,NA,NA,NA,NA
"2709",1984,"3","16","wheat",5.4,4.4604,NA,NA,NA,NA,NA,NA,NA,NA,NA,NA,NA,"N5PKMg","N3 PK(Na)Mg",144,35,90,0,0,0,0,"B",NA,NA,NA,NA,NA,NA,NA,NA,NA
"2768",1984,"5","16","wheat",5.16,4.37568,NA,NA,NA,NA,NA,NA,NA,NA,NA,NA,NA,"N5PKMg","N3 PK(Na)Mg",144,35,90,0,0,0,0,"B",NA,NA,NA,NA,NA,NA,NA,NA,NA
"2801",1984,"6","16","wheat",5.18,4.33048,NA,NA,NA,NA,NA,NA,NA,NA,NA,NA,NA,"N5PKMg","N3 PK(Na)Mg",144,35,90,0,0,0,0,"B",NA,NA,NA,NA,NA,NA,NA,NA,NA
"2876",1984,"8","16","wheat",1.96,1.67776,NA,NA,NA,NA,NA,NA,NA,NA,NA,NA,NA,"N5PKMg","N3 PK(Na)Mg",144,35,90,0,0,0,0,"B",NA,NA,NA,NA,NA,NA,NA,NA,NA
"2921",1984,"9","16","wheat",5.58,4.73184,NA,NA,NA,NA,NA,NA,NA,NA,NA,NA,NA,"N5PKMg","N3 PK(Na)Mg",144,35,90,0,0,0,0,"B",NA,NA,NA,NA,NA,NA,NA,NA,NA
"4170",1984,"0","20","wheat",3.91,3.35478,NA,NA,NA,NA,NA,NA,NA,NA,NA,NA,NA,"NKMg","N2 K(Na)Mg",96,0,90,0,0,0,0,"B",NA,NA,NA,NA,NA,NA,NA,NA,NA
"4219",1984,"1","20","wheat",4.03,3.44968,2.45,2.03595,78.596423,NA,NA,71.063408,NA,NA,7.533015,NA,NA,"NKMg","N2 K(Na)Mg",96,0,90,0,0,0,0,"B",NA,NA,NA,NA,NA,NA,NA,NA,NA
"4656",1984,"0","22","wheat",7.13,6.04624,NA,NA,NA,NA,NA,NA,NA,NA,NA,NA,NA,"FYM","FYM",0,0,0,35,252,49.774725,336.336,"B",NA,NA,NA,NA,NA,NA,NA,NA,NA
"4705",1984,"1","22","wheat",6.59,5.57514,5.22,3.8889,110.061072,NA,NA,96.449922,NA,NA,13.61115,NA,NA,"FYM","FYM",0,0,0,35,252,49.774725,336.336,"B",NA,NA,NA,0.327357888888889,0.124859718253968,0.133127761904762,NA,NA,NA
"4745",1984,"2","22","wheat",8.56,7.276,6.59,4.27032,157.128688,NA,NA,142.6096,NA,NA,14.519088,NA,NA,"FYM","FYM",0,0,0,35,252,49.774725,336.336,"B",NA,NA,NA,0.421975825396825,0.19670403968254,0.134279746031746,NA,NA,NA
"4779",1984,"3","22","wheat",6.62,5.61376,NA,NA,NA,NA,NA,NA,NA,NA,NA,NA,NA,"FYM","FYM",0,0,0,35,252,49.774725,336.336,"B",NA,NA,NA,NA,NA,NA,NA,NA,NA
"4838",1984,"5","22","wheat",7.11,6.10038,NA,NA,NA,NA,NA,NA,NA,NA,NA,NA,NA,"FYM","FYM",0,0,0,35,252,49.774725,336.336,"B",NA,NA,NA,NA,NA,NA,NA,NA,NA
"4871",1984,"6","22","wheat",6.3,5.4054,NA,NA,NA,NA,NA,NA,NA,NA,NA,NA,NA,"FYM","FYM",0,0,0,35,252,49.774725,336.336,"B",NA,NA,NA,NA,NA,NA,NA,NA,NA
"4946",1984,"8","22","wheat",5.03,4.33586,NA,NA,NA,NA,NA,NA,NA,NA,NA,NA,NA,"FYM","FYM",0,0,0,35,252,49.774725,336.336,"B",NA,NA,NA,NA,NA,NA,NA,NA,NA
"4991",1984,"9","22","wheat",7.34,6.34176,NA,NA,NA,NA,NA,NA,NA,NA,NA,NA,NA,"FYM","FYM",0,0,0,35,252,49.774725,336.336,"B",NA,NA,NA,NA,NA,NA,NA,NA,NA
"5042",1984,"0","3","wheat",2.26,1.90292,NA,NA,NA,NA,NA,NA,NA,NA,NA,NA,NA,"Control","Nil",0,0,0,0,0,0,0,"B",NA,NA,NA,NA,NA,NA,NA,NA,NA
"5091",1984,"1","3","wheat",2.11,1.77662,1.46,1.25414,29.241252,NA,NA,25.228004,NA,NA,4.013248,NA,NA,"Control","Nil",0,0,0,0,0,0,0,"B",NA,NA,NA,NA,NA,NA,NA,NA,NA
"5131",1984,"2","3","wheat",3.55,3.0033,2.04,1.60548,57.364584,NA,NA,48.0528,NA,NA,9.311784,NA,NA,"Control","Nil",0,0,0,0,0,0,0,"B",NA,NA,NA,NA,NA,NA,NA,NA,NA
"5165",1984,"3","3","wheat",2.1,1.7808,NA,NA,NA,NA,NA,NA,NA,NA,NA,NA,NA,"Control","Nil",0,0,0,0,0,0,0,"B",NA,NA,NA,NA,NA,NA,NA,NA,NA
"5224",1984,"5","3","wheat",1.63,1.37572,NA,NA,NA,NA,NA,NA,NA,NA,NA,NA,NA,"Control","Nil",0,0,0,0,0,0,0,"B",NA,NA,NA,NA,NA,NA,NA,NA,NA
"5257",1984,"6","3","wheat",1.43,1.21836,NA,NA,NA,NA,NA,NA,NA,NA,NA,NA,NA,"Control","Nil",0,0,0,0,0,0,0,"B",NA,NA,NA,NA,NA,NA,NA,NA,NA
"5332",1984,"8","3","wheat",1.74,1.46508,NA,NA,NA,NA,NA,NA,NA,NA,NA,NA,NA,"Control","Nil",0,0,0,0,0,0,0,"B",NA,NA,NA,NA,NA,NA,NA,NA,NA
"5377",1984,"9","3","wheat",1.95,1.6692,NA,NA,NA,NA,NA,NA,NA,NA,NA,NA,NA,"Control","Nil",0,0,0,0,0,0,0,"B",NA,NA,NA,NA,NA,NA,NA,NA,NA
"5438",1984,"0","5","wheat",2.4,2.0208,NA,NA,NA,NA,NA,NA,NA,NA,NA,NA,NA,"PKMg","PK(Na)Mg",0,35,90,0,0,0,0,"B",NA,NA,NA,NA,NA,NA,NA,NA,NA
"5487",1984,"1","5","wheat",1.97,1.65086,1.52,1.28896,27.566884,NA,NA,23.442212,NA,NA,4.124672,NA,NA,"PKMg","PK(Na)Mg",0,35,90,0,0,0,0,"B",NA,NA,NA,NA,NA,NA,NA,NA,NA
"5527",1984,"2","5","wheat",3.6,3.132,2.2,1.6434,50.79078,NA,NA,46.3536,NA,NA,4.43718,NA,NA,"PKMg","PK(Na)Mg",0,35,90,0,0,0,0,"B",NA,NA,NA,NA,NA,NA,NA,NA,NA
"5561",1984,"3","5","wheat",1.9,1.596,NA,NA,NA,NA,NA,NA,NA,NA,NA,NA,NA,"PKMg","PK(Na)Mg",0,35,90,0,0,0,0,"B",NA,NA,NA,NA,NA,NA,NA,NA,NA
"5620",1984,"5","5","wheat",1.91,1.61968,NA,NA,NA,NA,NA,NA,NA,NA,NA,NA,NA,"PKMg","PK(Na)Mg",0,35,90,0,0,0,0,"B",NA,NA,NA,NA,NA,NA,NA,NA,NA
"5653",1984,"6","5","wheat",1.78,1.50588,NA,NA,NA,NA,NA,NA,NA,NA,NA,NA,NA,"PKMg","PK(Na)Mg",0,35,90,0,0,0,0,"B",NA,NA,NA,NA,NA,NA,NA,NA,NA
"5728",1984,"8","5","wheat",2.35,2.0069,NA,NA,NA,NA,NA,NA,NA,NA,NA,NA,NA,"PKMg","PK(Na)Mg",0,35,90,0,0,0,0,"B",NA,NA,NA,NA,NA,NA,NA,NA,NA
"5773",1984,"9","5","wheat",1.79,1.53582,NA,NA,NA,NA,NA,NA,NA,NA,NA,NA,NA,"PKMg","PK(Na)Mg",0,35,90,0,0,0,0,"B",NA,NA,NA,NA,NA,NA,NA,NA,NA
"5834",1984,"0","6","wheat",4.47,3.77268,NA,NA,NA,NA,NA,NA,NA,NA,NA,NA,NA,"N1PKMg","N1 PK(Na)Mg",48,35,90,0,0,0,0,"B",NA,NA,NA,NA,NA,NA,NA,NA,NA
"5883",1984,"1","6","wheat",3.89,3.27538,2.4,2.052,55.002548,NA,NA,47.820548,NA,NA,7.182,NA,NA,"N1PKMg","N1 PK(Na)Mg",48,35,90,0,0,0,0,"B",NA,NA,NA,NA,NA,NA,NA,NA,NA
"5923",1984,"2","6","wheat",5.67,4.78548,3.04,2.40464,86.652888,NA,NA,79.438968,NA,NA,7.21392,NA,NA,"N1PKMg","N1 PK(Na)Mg",48,35,90,0,0,0,0,"B",NA,NA,NA,NA,NA,NA,NA,NA,NA
"5957",1984,"3","6","wheat",3.41,2.88486,NA,NA,NA,NA,NA,NA,NA,NA,NA,NA,NA,"N1PKMg","N1 PK(Na)Mg",48,35,90,0,0,0,0,"B",NA,NA,NA,NA,NA,NA,NA,NA,NA
"6016",1984,"5","6","wheat",3.67,3.10482,NA,NA,NA,NA,NA,NA,NA,NA,NA,NA,NA,"N1PKMg","N1 PK(Na)Mg",48,35,90,0,0,0,0,"B",NA,NA,NA,NA,NA,NA,NA,NA,NA
"6049",1984,"6","6","wheat",3.46,2.92716,NA,NA,NA,NA,NA,NA,NA,NA,NA,NA,NA,"N1PKMg","N1 PK(Na)Mg",48,35,90,0,0,0,0,"B",NA,NA,NA,NA,NA,NA,NA,NA,NA
"6124",1984,"8","6","wheat",2.52,2.142,NA,NA,NA,NA,NA,NA,NA,NA,NA,NA,NA,"N1PKMg","N1 PK(Na)Mg",48,35,90,0,0,0,0,"B",NA,NA,NA,NA,NA,NA,NA,NA,NA
"6169",1984,"9","6","wheat",4.14,3.53556,NA,NA,NA,NA,NA,NA,NA,NA,NA,NA,NA,"N1PKMg","N1 PK(Na)Mg",48,35,90,0,0,0,0,"B",NA,NA,NA,NA,NA,NA,NA,NA,NA
"6230",1984,"0","7","wheat",5.76,4.84992,NA,NA,NA,NA,NA,NA,NA,NA,NA,NA,NA,"N2PKMg","N2 PK(Na)Mg",96,35,90,0,0,0,0,"B",NA,NA,NA,NA,NA,NA,NA,NA,NA
"6279",1984,"1","7","wheat",5.92,4.93728,3.1,2.5575,105.977688,NA,NA,96.770688,NA,NA,9.207,NA,NA,"N2PKMg","N2 PK(Na)Mg",96,35,90,0,0,0,0,"B",0.816779208333334,NA,NA,NA,NA,NA,NA,NA,NA
"6319",1984,"2","7","wheat",7.24,6.05264,4.04,2.99768,125.808992,NA,NA,116.815952,NA,NA,8.99304,NA,NA,"N2PKMg","N2 PK(Na)Mg",96,35,90,0,0,0,0,"B",0.781439708333333,NA,NA,NA,NA,NA,NA,NA,NA
"6353",1984,"3","7","wheat",5.5,4.576,NA,NA,NA,NA,NA,NA,NA,NA,NA,NA,NA,"N2PKMg","N2 PK(Na)Mg",96,35,90,0,0,0,0,"B",NA,NA,NA,NA,NA,NA,NA,NA,NA
"6412",1984,"5","7","wheat",5.19,4.34922,NA,NA,NA,NA,NA,NA,NA,NA,NA,NA,NA,"N2PKMg","N2 PK(Na)Mg",96,35,90,0,0,0,0,"B",NA,NA,NA,NA,NA,NA,NA,NA,NA
"6445",1984,"6","7","wheat",5.38,4.47616,NA,NA,NA,NA,NA,NA,NA,NA,NA,NA,NA,"N2PKMg","N2 PK(Na)Mg",96,35,90,0,0,0,0,"B",NA,NA,NA,NA,NA,NA,NA,NA,NA
"6520",1984,"8","7","wheat",2.28,1.95624,NA,NA,NA,NA,NA,NA,NA,NA,NA,NA,NA,"N2PKMg","N2 PK(Na)Mg",96,35,90,0,0,0,0,"B",NA,NA,NA,NA,NA,NA,NA,NA,NA
"6565",1984,"9","7","wheat",5.62,4.68708,NA,NA,NA,NA,NA,NA,NA,NA,NA,NA,NA,"N2PKMg","N2 PK(Na)Mg",96,35,90,0,0,0,0,"B",NA,NA,NA,NA,NA,NA,NA,NA,NA
"16",1985,"4","1","potato",44.57,9.04771,NA,NA,101.334352,NA,NA,NA,NA,NA,NA,NA,NA,"FYM+NPK","FYM N2 PK",96,35,90,35,255.5,44.31392,379.4,"B",NA,NA,NA,NA,NA,NA,0.0306845000000002,NA,NA
"45",1985,"4","10","potato",10.43,2.45105,NA,NA,36.520645,NA,NA,NA,NA,NA,NA,NA,NA,"N","N2",96,0,0,0,0,0,0,"B",NA,NA,NA,NA,NA,NA,NA,NA,NA
"74",1985,"4","11","potato",13.02,3.28104,NA,NA,39.044376,NA,NA,NA,NA,NA,NA,NA,NA,"NP","N2 P",96,35,0,0,0,0,0,"B",NA,NA,NA,NA,NA,NA,NA,NA,NA
"132",1985,"4","13","potato",19.84,3.968,NA,NA,61.504,NA,NA,NA,NA,NA,NA,NA,NA,"NPK","N2 PK",96,35,90,0,0,0,0,"B",NA,NA,NA,NA,NA,NA,NA,NA,NA
"161",1985,"4","14","potato",37.46,9.10278,NA,NA,138.362256,NA,NA,NA,NA,NA,NA,NA,NA,"N4PKMg","N2 PKMg*",96,35,90,0,0,0,0,"B",NA,NA,NA,NA,NA,NA,NA,NA,NA
"219",1985,"4","16","potato",48.5,10.3305,NA,NA,144.627,NA,NA,NA,NA,NA,NA,NA,NA,"N5PKMg","N3 PK(Na)Mg",144,35,90,0,0,0,0,"B",NA,NA,NA,NA,NA,NA,NA,NA,NA
"364",1985,"4","22","potato",41.05,8.7847,NA,NA,98.38864,NA,NA,NA,NA,NA,NA,NA,NA,"FYM","FYM",0,0,0,35,255.5,44.31392,379.4,"B",NA,NA,NA,0.236981643835616,0.242144794520548,0.232267178082192,NA,NA,NA
"393",1985,"4","3","potato",6.38,1.55034,NA,NA,20.774556,NA,NA,NA,NA,NA,NA,NA,NA,"Control","Nil",0,0,0,0,0,0,0,"B",NA,NA,NA,NA,NA,NA,NA,NA,NA
"422",1985,"4","5","potato",12.37,2.8451,NA,NA,37.83983,NA,NA,NA,NA,NA,NA,NA,NA,"PKMg","PK(Na)Mg",0,35,90,0,0,0,0,"B",NA,NA,NA,NA,NA,NA,NA,NA,NA
"451",1985,"4","6","potato",21.05,4.7152,NA,NA,74.02864,NA,NA,NA,NA,NA,NA,NA,NA,"N1PKMg","N1 PK(Na)Mg",48,35,90,0,0,0,0,"B",NA,NA,NA,NA,NA,NA,NA,NA,NA
"480",1985,"4","7","potato",19.68,4.29024,NA,NA,68.64384,NA,NA,NA,NA,NA,NA,NA,NA,"N2PKMg","N2 PK(Na)Mg",96,35,90,0,0,0,0,"B",0.320875104166667,NA,NA,NA,NA,NA,NA,NA,NA
"8101",1985,"2","1","wheat",8.86,6.59184,NA,NA,NA,NA,NA,NA,NA,NA,NA,NA,NA,"FYM+NPK","FYM N2 PK",96,35,90,35,255.5,44.31392,379.4,"B",NA,NA,NA,NA,NA,NA,NA,NA,NA
"4255",1985,"3","1","wheat",8.22,6.19788,NA,NA,NA,NA,NA,NA,NA,NA,NA,NA,NA,"FYM+NPK","FYM N2 PK",96,35,90,35,255.5,44.31392,379.4,"B",NA,NA,NA,NA,NA,NA,NA,NA,NA
"1342",1985,"6","1","wheat",7.2,5.5728,NA,NA,NA,NA,NA,NA,NA,NA,NA,NA,NA,"FYM+NPK","FYM N2 PK",96,35,90,35,255.5,44.31392,379.4,"B",NA,NA,NA,NA,NA,NA,NA,NA,NA
"17311",1985,"7","1","wheat",9.28,7.07136,6.91,4.11145,195.220677,NA,NA,156.984192,NA,NA,38.236485,NA,NA,"FYM+NPK","FYM N2 PK",96,35,90,35,255.5,44.31392,379.4,"B",NA,NA,NA,NA,NA,NA,NA,NA,NA
"21110",1985,"0","10","wheat",4.06,3.02064,NA,NA,NA,NA,NA,NA,NA,NA,NA,NA,NA,"N","N2",96,0,0,0,0,0,0,"B",NA,NA,NA,NA,NA,NA,NA,NA,NA
"260",1985,"1","10","wheat",3.46,2.63652,2.98,2.50916,59.675828,NA,NA,45.875448,NA,NA,13.80038,NA,NA,"N","N2",96,0,0,0,0,0,0,"B",NA,NA,NA,NA,NA,NA,NA,NA,NA
"3001",1985,"2","10","wheat",6.09,4.6893,NA,NA,NA,NA,NA,NA,NA,NA,NA,NA,NA,"N","N2",96,0,0,0,0,0,0,"B",NA,NA,NA,NA,NA,NA,NA,NA,NA
"3341",1985,"3","10","wheat",4.4,3.476,NA,NA,NA,NA,NA,NA,NA,NA,NA,NA,NA,"N","N2",96,0,0,0,0,0,0,"B",NA,NA,NA,NA,NA,NA,NA,NA,NA
"4261",1985,"6","10","wheat",4.19,3.3939,NA,NA,NA,NA,NA,NA,NA,NA,NA,NA,NA,"N","N2",96,0,0,0,0,0,0,"B",NA,NA,NA,NA,NA,NA,NA,NA,NA
"46510",1985,"7","10","wheat",3.19,2.28404,0.99,0.72864,47.942312,NA,NA,40.655912,NA,NA,7.2864,NA,NA,"N","N2",96,0,0,0,0,0,0,"B",NA,NA,NA,NA,NA,NA,NA,NA,NA
"501",1985,"8","10","wheat",4.73,3.74616,NA,NA,NA,NA,NA,NA,NA,NA,NA,NA,NA,"N","N2",96,0,0,0,0,0,0,"B",NA,NA,NA,NA,NA,NA,NA,NA,NA
"546",1985,"9","10","wheat",3.58,2.8282,NA,NA,NA,NA,NA,NA,NA,NA,NA,NA,NA,"N","N2",96,0,0,0,0,0,0,"B",NA,NA,NA,NA,NA,NA,NA,NA,NA
"607",1985,"0","11","wheat",5.62,4.3274,NA,NA,NA,NA,NA,NA,NA,NA,NA,NA,NA,"NP","N2 P",96,35,0,0,0,0,0,"B",NA,NA,NA,NA,NA,NA,NA,NA,NA
"656",1985,"1","11","wheat",5.76,4.45824,2.25,1.9575,85.806108,NA,NA,74.452608,NA,NA,11.3535,NA,NA,"NP","N2 P",96,35,0,0,0,0,0,"B",NA,NA,NA,NA,NA,NA,NA,NA,NA
"696",1985,"2","11","wheat",6.62,5.15036,NA,NA,NA,NA,NA,NA,NA,NA,NA,NA,NA,"NP","N2 P",96,35,0,0,0,0,0,"B",NA,NA,NA,NA,NA,NA,NA,NA,NA
"730",1985,"3","11","wheat",4.33,3.44668,NA,NA,NA,NA,NA,NA,NA,NA,NA,NA,NA,"NP","N2 P",96,35,0,0,0,0,0,"B",NA,NA,NA,NA,NA,NA,NA,NA,NA
"822",1985,"6","11","wheat",3.84,3.07968,NA,NA,NA,NA,NA,NA,NA,NA,NA,NA,NA,"NP","N2 P",96,35,0,0,0,0,0,"B",NA,NA,NA,NA,NA,NA,NA,NA,NA
"861",1985,"7","11","wheat",4.36,3.33976,1.88,1.45888,66.423816,NA,NA,55.773992,NA,NA,10.649824,NA,NA,"NP","N2 P",96,35,0,0,0,0,0,"B",NA,NA,NA,NA,NA,NA,NA,NA,NA
"897",1985,"8","11","wheat",3.73,3.00638,NA,NA,NA,NA,NA,NA,NA,NA,NA,NA,NA,"NP","N2 P",96,35,0,0,0,0,0,"B",NA,NA,NA,NA,NA,NA,NA,NA,NA
"942",1985,"9","11","wheat",3.55,2.8471,NA,NA,NA,NA,NA,NA,NA,NA,NA,NA,NA,"NP","N2 P",96,35,0,0,0,0,0,"B",NA,NA,NA,NA,NA,NA,NA,NA,NA
"1399",1985,"0","13","wheat",6.38,4.89984,NA,NA,NA,NA,NA,NA,NA,NA,NA,NA,NA,"NPK","N2 PK",96,35,90,0,0,0,0,"B",NA,NA,NA,NA,NA,NA,NA,NA,NA
"1448",1985,"1","13","wheat",6.81,5.25732,3.39,2.88828,83.948364,NA,NA,74.128212,NA,NA,9.820152,NA,NA,"NPK","N2 PK",96,35,90,0,0,0,0,"B",NA,NA,NA,NA,NA,NA,NA,NA,NA
"1488",1985,"2","13","wheat",6.65,5.1737,NA,NA,NA,NA,NA,NA,NA,NA,NA,NA,NA,"NPK","N2 PK",96,35,90,0,0,0,0,"B",NA,NA,NA,NA,NA,NA,NA,NA,NA
"1522",1985,"3","13","wheat",6.29,4.9691,NA,NA,NA,NA,NA,NA,NA,NA,NA,NA,NA,"NPK","N2 PK",96,35,90,0,0,0,0,"B",NA,NA,NA,NA,NA,NA,NA,NA,NA
"1614",1985,"6","13","wheat",5.68,4.3736,NA,NA,NA,NA,NA,NA,NA,NA,NA,NA,NA,"NPK","N2 PK",96,35,90,0,0,0,0,"B",NA,NA,NA,NA,NA,NA,NA,NA,NA
"1653",1985,"7","13","wheat",6.51,4.9476,3.42,2.37006,100.287852,NA,NA,85.59348,NA,NA,14.694372,NA,NA,"NPK","N2 PK",96,35,90,0,0,0,0,"B",NA,NA,NA,NA,NA,NA,NA,NA,NA
"1689",1985,"8","13","wheat",5.06,4.048,NA,NA,NA,NA,NA,NA,NA,NA,NA,NA,NA,"NPK","N2 PK",96,35,90,0,0,0,0,"B",NA,NA,NA,NA,NA,NA,NA,NA,NA
"1734",1985,"9","13","wheat",6.79,5.33694,NA,NA,NA,NA,NA,NA,NA,NA,NA,NA,NA,"NPK","N2 PK",96,35,90,0,0,0,0,"B",NA,NA,NA,NA,NA,NA,NA,NA,NA
"1795",1985,"0","14","wheat",7.08,5.46576,NA,NA,NA,NA,NA,NA,NA,NA,NA,NA,NA,"N4PKMg","N2 PKMg*",96,35,90,0,0,0,0,"B",NA,NA,NA,NA,NA,NA,NA,NA,NA
"1844",1985,"1","14","wheat",6.87,5.31738,3.42,3.05406,87.03315,NA,NA,76.038534,NA,NA,10.994616,NA,NA,"N4PKMg","N2 PKMg*",96,35,90,0,0,0,0,"B",NA,NA,NA,NA,NA,NA,NA,NA,NA
"1884",1985,"2","14","wheat",6.87,5.37234,NA,NA,NA,NA,NA,NA,NA,NA,NA,NA,NA,"N4PKMg","N2 PKMg*",96,35,90,0,0,0,0,"B",NA,NA,NA,NA,NA,NA,NA,NA,NA
"1918",1985,"3","14","wheat",6.71,5.3009,NA,NA,NA,NA,NA,NA,NA,NA,NA,NA,NA,"N4PKMg","N2 PKMg*",96,35,90,0,0,0,0,"B",NA,NA,NA,NA,NA,NA,NA,NA,NA
"2010",1985,"6","14","wheat",6.18,4.93164,NA,NA,NA,NA,NA,NA,NA,NA,NA,NA,NA,"N4PKMg","N2 PKMg*",96,35,90,0,0,0,0,"B",NA,NA,NA,NA,NA,NA,NA,NA,NA
"2049",1985,"7","14","wheat",7.24,5.67616,4.01,2.99948,102.442544,NA,NA,86.845248,NA,NA,15.597296,NA,NA,"N4PKMg","N2 PKMg*",96,35,90,0,0,0,0,"B",NA,NA,NA,NA,NA,NA,NA,NA,NA
"2085",1985,"8","14","wheat",5.33,4.16806,NA,NA,NA,NA,NA,NA,NA,NA,NA,NA,NA,"N4PKMg","N2 PKMg*",96,35,90,0,0,0,0,"B",NA,NA,NA,NA,NA,NA,NA,NA,NA
"2130",1985,"9","14","wheat",6.9,5.4372,NA,NA,NA,NA,NA,NA,NA,NA,NA,NA,NA,"N4PKMg","N2 PKMg*",96,35,90,0,0,0,0,"B",NA,NA,NA,NA,NA,NA,NA,NA,NA
"2587",1985,"0","16","wheat",7.53,5.54208,NA,NA,NA,NA,NA,NA,NA,NA,NA,NA,NA,"N5PKMg","N3 PK(Na)Mg",144,35,90,0,0,0,0,"B",NA,NA,NA,NA,NA,NA,NA,NA,NA
"2636",1985,"1","16","wheat",8.23,6.13958,5.59,3.62232,160.494442,NA,NA,124.633474,NA,NA,35.860968,NA,NA,"N5PKMg","N3 PK(Na)Mg",144,35,90,0,0,0,0,"B",NA,NA,NA,NA,NA,NA,NA,NA,NA
"2676",1985,"2","16","wheat",8.72,6.57488,NA,NA,NA,NA,NA,NA,NA,NA,NA,NA,NA,"N5PKMg","N3 PK(Na)Mg",144,35,90,0,0,0,0,"B",NA,NA,NA,NA,NA,NA,NA,NA,NA
"2710",1985,"3","16","wheat",8.58,6.6066,NA,NA,NA,NA,NA,NA,NA,NA,NA,NA,NA,"N5PKMg","N3 PK(Na)Mg",144,35,90,0,0,0,0,"B",NA,NA,NA,NA,NA,NA,NA,NA,NA
"2802",1985,"6","16","wheat",6.64,5.15264,NA,NA,NA,NA,NA,NA,NA,NA,NA,NA,NA,"N5PKMg","N3 PK(Na)Mg",144,35,90,0,0,0,0,"B",NA,NA,NA,NA,NA,NA,NA,NA,NA
"2841",1985,"7","16","wheat",8.44,6.4144,6.56,3.98192,175.208016,NA,NA,130.21232,NA,NA,44.995696,NA,NA,"N5PKMg","N3 PK(Na)Mg",144,35,90,0,0,0,0,"B",NA,NA,NA,NA,NA,NA,NA,NA,NA
"2877",1985,"8","16","wheat",7.15,5.3768,NA,NA,NA,NA,NA,NA,NA,NA,NA,NA,NA,"N5PKMg","N3 PK(Na)Mg",144,35,90,0,0,0,0,"B",NA,NA,NA,NA,NA,NA,NA,NA,NA
"2922",1985,"9","16","wheat",7.45,5.6322,NA,NA,NA,NA,NA,NA,NA,NA,NA,NA,NA,"N5PKMg","N3 PK(Na)Mg",144,35,90,0,0,0,0,"B",NA,NA,NA,NA,NA,NA,NA,NA,NA
"4171",1985,"0","20","wheat",3.31,2.68772,NA,NA,NA,NA,NA,NA,NA,NA,NA,NA,NA,"NKMg","N2 K(Na)Mg",96,0,90,0,0,0,0,"B",NA,NA,NA,NA,NA,NA,NA,NA,NA
"4220",1985,"1","20","wheat",3.05,2.4339,1.6,1.3856,48.5887,NA,NA,43.32342,NA,NA,5.26528,NA,NA,"NKMg","N2 K(Na)Mg",96,0,90,0,0,0,0,"B",NA,NA,NA,NA,NA,NA,NA,NA,NA
"4657",1985,"0","22","wheat",7.66,5.95948,NA,NA,NA,NA,NA,NA,NA,NA,NA,NA,NA,"FYM","FYM",0,0,0,35,255.5,44.31392,379.4,"B",NA,NA,NA,NA,NA,NA,NA,NA,NA
"4706",1985,"1","22","wheat",7.58,5.9124,4.79,3.34821,109.665345,NA,NA,94.5984,NA,NA,15.066945,NA,NA,"FYM","FYM",0,0,0,35,255.5,44.31392,379.4,"B",NA,NA,NA,0.354328598825832,0.239047534246575,0.0933825322896283,NA,NA,NA
"4746",1985,"2","22","wheat",7.42,5.77276,NA,NA,NA,NA,NA,NA,NA,NA,NA,NA,NA,"FYM","FYM",0,0,0,35,255.5,44.31392,379.4,"B",NA,NA,NA,NA,NA,NA,NA,NA,NA
"4780",1985,"3","22","wheat",7.37,5.68964,NA,NA,NA,NA,NA,NA,NA,NA,NA,NA,NA,"FYM","FYM",0,0,0,35,255.5,44.31392,379.4,"B",NA,NA,NA,NA,NA,NA,NA,NA,NA
"4872",1985,"6","22","wheat",6.91,5.47272,NA,NA,NA,NA,NA,NA,NA,NA,NA,NA,NA,"FYM","FYM",0,0,0,35,255.5,44.31392,379.4,"B",NA,NA,NA,NA,NA,NA,NA,NA,NA
"4911",1985,"7","22","wheat",8.27,6.51676,4.83,3.26508,121.238536,NA,NA,108.178216,NA,NA,13.06032,NA,NA,"FYM","FYM",0,0,0,35,255.5,44.31392,379.4,"B",NA,NA,NA,0.290637193737769,0.286873675146771,0.214539021526419,NA,NA,NA
"4947",1985,"8","22","wheat",7.1,5.6516,NA,NA,NA,NA,NA,NA,NA,NA,NA,NA,NA,"FYM","FYM",0,0,0,35,255.5,44.31392,379.4,"B",NA,NA,NA,NA,NA,NA,NA,NA,NA
"4992",1985,"9","22","wheat",7.98,6.28824,NA,NA,NA,NA,NA,NA,NA,NA,NA,NA,NA,"FYM","FYM",0,0,0,35,255.5,44.31392,379.4,"B",NA,NA,NA,NA,NA,NA,NA,NA,NA
"5043",1985,"0","3","wheat",2.41,1.91354,NA,NA,NA,NA,NA,NA,NA,NA,NA,NA,NA,"Control","Nil",0,0,0,0,0,0,0,"B",NA,NA,NA,NA,NA,NA,NA,NA,NA
"5092",1985,"1","3","wheat",1.77,1.39122,0.84,0.73584,22.984974,NA,NA,19.894446,NA,NA,3.090528,NA,NA,"Control","Nil",0,0,0,0,0,0,0,"B",NA,NA,NA,NA,NA,NA,NA,NA,NA
"5132",1985,"2","3","wheat",1.95,1.5249,NA,NA,NA,NA,NA,NA,NA,NA,NA,NA,NA,"Control","Nil",0,0,0,0,0,0,0,"B",NA,NA,NA,NA,NA,NA,NA,NA,NA
"5166",1985,"3","3","wheat",1.8,1.4292,NA,NA,NA,NA,NA,NA,NA,NA,NA,NA,NA,"Control","Nil",0,0,0,0,0,0,0,"B",NA,NA,NA,NA,NA,NA,NA,NA,NA
"5258",1985,"6","3","wheat",1.47,1.16718,NA,NA,NA,NA,NA,NA,NA,NA,NA,NA,NA,"Control","Nil",0,0,0,0,0,0,0,"B",NA,NA,NA,NA,NA,NA,NA,NA,NA
"5297",1985,"7","3","wheat",2.99,2.35014,1.24,1.01556,37.529934,NA,NA,34.07703,NA,NA,3.452904,NA,NA,"Control","Nil",0,0,0,0,0,0,0,"B",NA,NA,NA,NA,NA,NA,NA,NA,NA
"5333",1985,"8","3","wheat",1.93,1.47452,NA,NA,NA,NA,NA,NA,NA,NA,NA,NA,NA,"Control","Nil",0,0,0,0,0,0,0,"B",NA,NA,NA,NA,NA,NA,NA,NA,NA
"5378",1985,"9","3","wheat",1.78,1.35636,NA,NA,NA,NA,NA,NA,NA,NA,NA,NA,NA,"Control","Nil",0,0,0,0,0,0,0,"B",NA,NA,NA,NA,NA,NA,NA,NA,NA
"5439",1985,"0","5","wheat",1.62,1.28628,NA,NA,NA,NA,NA,NA,NA,NA,NA,NA,NA,"PKMg","PK(Na)Mg",0,35,90,0,0,0,0,"B",NA,NA,NA,NA,NA,NA,NA,NA,NA
"5488",1985,"1","5","wheat",1.54,1.20736,0.84,0.73164,19.134388,NA,NA,15.69568,NA,NA,3.438708,NA,NA,"PKMg","PK(Na)Mg",0,35,90,0,0,0,0,"B",NA,NA,NA,NA,NA,NA,NA,NA,NA
"5528",1985,"2","5","wheat",2,1.588,NA,NA,NA,NA,NA,NA,NA,NA,NA,NA,NA,"PKMg","PK(Na)Mg",0,35,90,0,0,0,0,"B",NA,NA,NA,NA,NA,NA,NA,NA,NA
"5562",1985,"3","5","wheat",1.88,1.4852,NA,NA,NA,NA,NA,NA,NA,NA,NA,NA,NA,"PKMg","PK(Na)Mg",0,35,90,0,0,0,0,"B",NA,NA,NA,NA,NA,NA,NA,NA,NA
"5654",1985,"6","5","wheat",1.58,1.19764,NA,NA,NA,NA,NA,NA,NA,NA,NA,NA,NA,"PKMg","PK(Na)Mg",0,35,90,0,0,0,0,"B",NA,NA,NA,NA,NA,NA,NA,NA,NA
"5693",1985,"7","5","wheat",3.57,2.69178,1.37,1.00421,46.980733,NA,NA,42.260946,NA,NA,4.719787,NA,NA,"PKMg","PK(Na)Mg",0,35,90,0,0,0,0,"B",NA,NA,NA,NA,NA,NA,NA,NA,NA
"5729",1985,"8","5","wheat",3.69,2.75274,NA,NA,NA,NA,NA,NA,NA,NA,NA,NA,NA,"PKMg","PK(Na)Mg",0,35,90,0,0,0,0,"B",NA,NA,NA,NA,NA,NA,NA,NA,NA
"5774",1985,"9","5","wheat",1.67,1.30594,NA,NA,NA,NA,NA,NA,NA,NA,NA,NA,NA,"PKMg","PK(Na)Mg",0,35,90,0,0,0,0,"B",NA,NA,NA,NA,NA,NA,NA,NA,NA
"5835",1985,"0","6","wheat",5.02,3.93568,NA,NA,NA,NA,NA,NA,NA,NA,NA,NA,NA,"N1PKMg","N1 PK(Na)Mg",48,35,90,0,0,0,0,"B",NA,NA,NA,NA,NA,NA,NA,NA,NA
"5884",1985,"1","6","wheat",4.57,3.57374,3.15,2.0412,54.67363,NA,NA,44.67175,NA,NA,10.00188,NA,NA,"N1PKMg","N1 PK(Na)Mg",48,35,90,0,0,0,0,"B",NA,NA,NA,NA,NA,NA,NA,NA,NA
"5924",1985,"2","6","wheat",4.93,3.87498,NA,NA,NA,NA,NA,NA,NA,NA,NA,NA,NA,"N1PKMg","N1 PK(Na)Mg",48,35,90,0,0,0,0,"B",NA,NA,NA,NA,NA,NA,NA,NA,NA
"5958",1985,"3","6","wheat",4.99,3.95208,NA,NA,NA,NA,NA,NA,NA,NA,NA,NA,NA,"N1PKMg","N1 PK(Na)Mg",48,35,90,0,0,0,0,"B",NA,NA,NA,NA,NA,NA,NA,NA,NA
"6050",1985,"6","6","wheat",4.14,3.24576,NA,NA,NA,NA,NA,NA,NA,NA,NA,NA,NA,"N1PKMg","N1 PK(Na)Mg",48,35,90,0,0,0,0,"B",NA,NA,NA,NA,NA,NA,NA,NA,NA
"6089",1985,"7","6","wheat",5.82,4.5978,2.78,2.1128,66.80604,NA,NA,57.93228,NA,NA,8.87376,NA,NA,"N1PKMg","N1 PK(Na)Mg",48,35,90,0,0,0,0,"B",NA,NA,NA,NA,NA,NA,NA,NA,NA
"6125",1985,"8","6","wheat",4.44,3.31224,NA,NA,NA,NA,NA,NA,NA,NA,NA,NA,NA,"N1PKMg","N1 PK(Na)Mg",48,35,90,0,0,0,0,"B",NA,NA,NA,NA,NA,NA,NA,NA,NA
"6170",1985,"9","6","wheat",4.97,3.89648,NA,NA,NA,NA,NA,NA,NA,NA,NA,NA,NA,"N1PKMg","N1 PK(Na)Mg",48,35,90,0,0,0,0,"B",NA,NA,NA,NA,NA,NA,NA,NA,NA
"6231",1985,"0","7","wheat",7.52,5.80544,NA,NA,NA,NA,NA,NA,NA,NA,NA,NA,NA,"N2PKMg","N2 PK(Na)Mg",96,35,90,0,0,0,0,"B",NA,NA,NA,NA,NA,NA,NA,NA,NA
"6280",1985,"1","7","wheat",7.54,5.85104,3.57,2.83458,97.046962,NA,NA,85.425184,NA,NA,11.621778,NA,NA,"N2PKMg","N2 PK(Na)Mg",96,35,90,0,0,0,0,"B",0.8115893125,NA,NA,NA,NA,NA,NA,NA,NA
"6320",1985,"2","7","wheat",6.97,5.38084,NA,NA,NA,NA,NA,NA,NA,NA,NA,NA,NA,"N2PKMg","N2 PK(Na)Mg",96,35,90,0,0,0,0,"B",NA,NA,NA,NA,NA,NA,NA,NA,NA
"6354",1985,"3","7","wheat",6.56,5.1168,NA,NA,NA,NA,NA,NA,NA,NA,NA,NA,NA,"N2PKMg","N2 PK(Na)Mg",96,35,90,0,0,0,0,"B",NA,NA,NA,NA,NA,NA,NA,NA,NA
"6446",1985,"6","7","wheat",6.24,4.94208,NA,NA,NA,NA,NA,NA,NA,NA,NA,NA,NA,"N2PKMg","N2 PK(Na)Mg",96,35,90,0,0,0,0,"B",NA,NA,NA,NA,NA,NA,NA,NA,NA
"6485",1985,"7","7","wheat",7.3,5.6356,3.89,2.7619,103.9232,NA,NA,87.3518,NA,NA,16.5714,NA,NA,"N2PKMg","N2 PK(Na)Mg",96,35,90,0,0,0,0,"B",0.593150697916667,NA,NA,NA,NA,NA,NA,NA,NA
"6521",1985,"8","7","wheat",5.6,4.4352,NA,NA,NA,NA,NA,NA,NA,NA,NA,NA,NA,"N2PKMg","N2 PK(Na)Mg",96,35,90,0,0,0,0,"B",NA,NA,NA,NA,NA,NA,NA,NA,NA
"6566",1985,"9","7","wheat",6.92,5.42528,NA,NA,NA,NA,NA,NA,NA,NA,NA,NA,NA,"N2PKMg","N2 PK(Na)Mg",96,35,90,0,0,0,0,"B",NA,NA,NA,NA,NA,NA,NA,NA,NA
"19",1986,"5","1","potato",46.07,8.20046,NA,NA,140.227866,21.0751822,238.7973952,NA,NA,NA,NA,NA,NA,"FYM+NPK","FYM N4 PK",192,35,90,35,262.5,36.392825,376.1793,"C",NA,NA,NA,NA,NA,NA,0.172785552083333,-0.021105937142857,0.361603506666667
"48",1986,"5","10","potato",16.09,3.42717,NA,NA,48.665814,6.78922377,54.89640906,NA,NA,NA,NA,NA,NA,"N","N2",96,0,0,0,0,0,0,"C",NA,NA,NA,NA,NA,NA,NA,NA,NA
"77",1986,"5","11","potato",15.61,3.66835,NA,NA,55.75892,9.4129861,44.44206025,NA,NA,NA,NA,NA,NA,"NP","N2 P",96,35,0,0,0,0,0,"C",NA,NA,NA,NA,NA,NA,NA,NA,NA
"135",1986,"5","13","potato",29.86,6.1213,NA,NA,83.86181,14.7278478,147.4866022,NA,NA,NA,NA,NA,NA,"NPK","N2 PK",96,35,90,0,0,0,0,"C",NA,NA,NA,NA,NA,NA,NA,NA,NA
"164",1986,"5","14","potato",35.99,7.30597,NA,NA,65.023133,17.86309665,157.26831022,NA,NA,NA,NA,NA,NA,"N4PKMg","N2 PKMg*",96,35,90,0,0,0,0,"C",NA,NA,NA,NA,NA,NA,NA,NA,NA
"222",1986,"5","16","potato",39.05,6.9509,NA,NA,113.29967,14.4092157,177.4842806,NA,NA,NA,NA,NA,NA,"N5PKMg","N5 PKMg",240,35,90,0,0,0,0,"C",NA,0.217714055142857,1.47824689277778,NA,NA,NA,NA,NA,NA
"367",1986,"5","22","potato",39.85,7.3324,NA,NA,107.05304,21.81389,206.2530796,NA,NA,NA,NA,NA,NA,"FYM","FYM",0,0,0,35,262.5,36.392825,376.1793,"C",NA,NA,NA,0.314306533333333,0.222427527619048,0.195406171428571,NA,NA,NA
"396",1986,"5","3","potato",10.76,2.421,NA,NA,21.789,5.510196,50.38101,NA,NA,NA,NA,NA,NA,"Control","Nil",0,0,0,0,0,0,0,"C",NA,NA,NA,NA,NA,NA,NA,NA,NA
"425",1986,"5","5","potato",14.81,3.27301,NA,NA,24.547575,8.74220971,74.14022252,NA,NA,NA,NA,NA,NA,"PKMg","PKMg",0,35,90,0,0,0,0,"C",NA,NA,NA,NA,NA,NA,NA,NA,NA
"454",1986,"5","6","potato",29.9,6.3986,NA,NA,62.70628,14.1920948,153.2848616,NA,NA,NA,NA,NA,NA,"N1PKMg","N1 PKMg",48,35,90,0,0,0,0,"C",NA,NA,NA,NA,NA,NA,NA,NA,NA
"483",1986,"5","7","potato",38.57,7.94542,NA,NA,97.728666,17.1223801,185.62090204,NA,NA,NA,NA,NA,NA,"N2PKMg","N2 PKMg",96,35,90,0,0,0,0,"C",0.76230303125,NA,NA,NA,NA,NA,NA,NA,NA
"977",1986,"2","1","wheat",6.86,5.66636,NA,NA,NA,NA,NA,NA,NA,NA,NA,NA,NA,"FYM+NPK","FYM N4 PK",192,35,90,35,262.5,36.392825,376.1793,"C",NA,NA,NA,NA,NA,NA,NA,NA,NA
"6811",1986,"4","1","wheat",9.49,7.51608,5.6,5.1632,204.228128,27.8310544,74.7109864,177.379488,25.4043504,34.7994504,26.84864,2.426704,39.911536,"FYM+NPK","FYM N4 PK",192,35,90,35,262.5,36.392825,376.1793,"C",NA,NA,NA,NA,NA,NA,0.651731338541667,0.305695074285715,0.315408371111111
"1352",1986,"6","1","wheat",9.11,7.50664,NA,NA,NA,NA,NA,NA,NA,NA,NA,NA,NA,"FYM+NPK","FYM N4 PK",192,35,90,35,262.5,36.392825,376.1793,"C",NA,NA,NA,NA,NA,NA,NA,NA,NA
"17411",1986,"7","1","wheat",9.86,8.10492,NA,NA,NA,NA,NA,NA,NA,NA,NA,NA,NA,"FYM+NPK","FYM N4 PK",192,35,90,35,262.5,36.392825,376.1793,"C",NA,NA,NA,NA,NA,NA,NA,NA,NA
"21210",1986,"0","10","wheat",0.53,0.41022,NA,NA,NA,NA,NA,NA,NA,NA,NA,NA,NA,"N","N2",96,0,0,0,0,0,0,"C",NA,NA,NA,NA,NA,NA,NA,NA,NA
"261",1986,"1","10","wheat",0.41,0.3198,0.27,0.25029,8.626356,0.9680268,3.4503216,6.52392,0.837876,1.387932,2.102436,0.1301508,2.0623896,"N","N2",96,0,0,0,0,0,0,"C",NA,NA,NA,NA,NA,NA,NA,NA,NA
"3012",1986,"2","10","wheat",3.08,2.51328,NA,NA,NA,NA,NA,NA,NA,NA,NA,NA,NA,"N","N2",96,0,0,0,0,0,0,"C",NA,NA,NA,NA,NA,NA,NA,NA,NA
"3602",1986,"4","10","wheat",0.26,0.21216,0.02,0.01734,4.432206,0.6183138,1.0101876,4.2432,0.6025344,0.8634912,0.189006,0.0157794,0.1466964,"N","N2",96,0,0,0,0,0,0,"C",NA,NA,NA,NA,NA,NA,NA,NA,NA
"4271",1986,"6","10","wheat",2.05,1.6236,NA,NA,NA,NA,NA,NA,NA,NA,NA,NA,NA,"N","N2",96,0,0,0,0,0,0,"C",NA,NA,NA,NA,NA,NA,NA,NA,NA
"46610",1986,"7","10","wheat",3.69,2.952,NA,NA,NA,NA,NA,NA,NA,NA,NA,NA,NA,"N","N2",96,0,0,0,0,0,0,"C",NA,NA,NA,NA,NA,NA,NA,NA,NA
"502",1986,"8","10","wheat",1.22,0.9516,NA,NA,NA,NA,NA,NA,NA,NA,NA,NA,NA,"N","N2",96,0,0,0,0,0,0,"C",NA,NA,NA,NA,NA,NA,NA,NA,NA
"547",1986,"9","10","wheat",0.73,0.5767,NA,NA,NA,NA,NA,NA,NA,NA,NA,NA,NA,"N","N2",96,0,0,0,0,0,0,"C",NA,NA,NA,NA,NA,NA,NA,NA,NA
"608",1986,"0","11","wheat",3.53,2.87342,NA,NA,NA,NA,NA,NA,NA,NA,NA,NA,NA,"NP","N2 P",96,35,0,0,0,0,0,"C",NA,NA,NA,NA,NA,NA,NA,NA,NA
"657",1986,"1","11","wheat",4.09,3.36198,1.52,1.41968,66.941644,11.202962,15.6722924,59.843244,10.422138,13.784118,7.0984,0.780824,1.8881744,"NP","N2 P",96,35,0,0,0,0,0,"C",NA,NA,NA,NA,NA,NA,NA,NA,NA
"697",1986,"2","11","wheat",5.39,4.46292,NA,NA,NA,NA,NA,NA,NA,NA,NA,NA,NA,"NP","N2 P",96,35,0,0,0,0,0,"C",NA,NA,NA,NA,NA,NA,NA,NA,NA
"756",1986,"4","11","wheat",6.37,5.17244,2.42,2.24576,104.829664,15.010226,24.0611492,95.172896,14.22421,21.0518308,9.656768,0.786016,3.0093184,"NP","N2 P",96,35,0,0,0,0,0,"C",NA,NA,NA,NA,NA,NA,NA,NA,NA
"823",1986,"6","11","wheat",4.74,3.80148,NA,NA,NA,NA,NA,NA,NA,NA,NA,NA,NA,"NP","N2 P",96,35,0,0,0,0,0,"C",NA,NA,NA,NA,NA,NA,NA,NA,NA
"862",1986,"7","11","wheat",6.74,5.41896,NA,NA,NA,NA,NA,NA,NA,NA,NA,NA,NA,"NP","N2 P",96,35,0,0,0,0,0,"C",NA,NA,NA,NA,NA,NA,NA,NA,NA
"898",1986,"8","11","wheat",2.73,2.18946,NA,NA,NA,NA,NA,NA,NA,NA,NA,NA,NA,"NP","N2 P",96,35,0,0,0,0,0,"C",NA,NA,NA,NA,NA,NA,NA,NA,NA
"943",1986,"9","11","wheat",3.71,2.99026,NA,NA,NA,NA,NA,NA,NA,NA,NA,NA,NA,"NP","N2 P",96,35,0,0,0,0,0,"C",NA,NA,NA,NA,NA,NA,NA,NA,NA
"1400",1986,"0","13","wheat",4.35,3.5931,NA,NA,NA,NA,NA,NA,NA,NA,NA,NA,NA,"NPK","N2 PK",96,35,90,0,0,0,0,"C",NA,NA,NA,NA,NA,NA,NA,NA,NA
"1449",1986,"1","13","wheat",5.1,4.2228,2.36,2.2184,94.81828,15.24702,25.11818,85.72284,14.315292,18.707004,9.09544,0.931728,6.411176,"NPK","N2 PK",96,35,90,0,0,0,0,"C",NA,NA,NA,NA,NA,NA,NA,NA,NA
"1489",1986,"2","13","wheat",5.47,4.50728,NA,NA,NA,NA,NA,NA,NA,NA,NA,NA,NA,"NPK","N2 PK",96,35,90,0,0,0,0,"C",NA,NA,NA,NA,NA,NA,NA,NA,NA
"1548",1986,"4","13","wheat",7.64,6.2648,3.49,3.22825,120.00274,20.6779805,37.455067,108.38104,19.483528,27.189232,11.6217,1.1944525,10.265835,"NPK","N2 PK",96,35,90,0,0,0,0,"C",NA,NA,NA,NA,NA,NA,NA,NA,NA
"1615",1986,"6","13","wheat",5.12,4.13696,NA,NA,NA,NA,NA,NA,NA,NA,NA,NA,NA,"NPK","N2 PK",96,35,90,0,0,0,0,"C",NA,NA,NA,NA,NA,NA,NA,NA,NA
"1654",1986,"7","13","wheat",5.98,4.8438,NA,NA,NA,NA,NA,NA,NA,NA,NA,NA,NA,"NPK","N2 PK",96,35,90,0,0,0,0,"C",NA,NA,NA,NA,NA,NA,NA,NA,NA
"1690",1986,"8","13","wheat",2.91,2.33382,NA,NA,NA,NA,NA,NA,NA,NA,NA,NA,NA,"NPK","N2 PK",96,35,90,0,0,0,0,"C",NA,NA,NA,NA,NA,NA,NA,NA,NA
"1735",1986,"9","13","wheat",4.83,3.9123,NA,NA,NA,NA,NA,NA,NA,NA,NA,NA,NA,"NPK","N2 PK",96,35,90,0,0,0,0,"C",NA,NA,NA,NA,NA,NA,NA,NA,NA
"1796",1986,"0","14","wheat",4.68,3.86568,NA,NA,NA,NA,NA,NA,NA,NA,NA,NA,NA,"N4PKMg","N2 PKMg*",96,35,90,0,0,0,0,"C",NA,NA,NA,NA,NA,NA,NA,NA,NA
"1845",1986,"1","14","wheat",5.02,4.1666,2.15,2.01885,84.538955,15.348974,23.4261335,76.66544,14.541434,19.16636,7.873515,0.80754,4.2597735,"N4PKMg","N2 PKMg*",96,35,90,0,0,0,0,"C",NA,NA,NA,NA,NA,NA,NA,NA,NA
"1885",1986,"2","14","wheat",5.44,4.49344,NA,NA,NA,NA,NA,NA,NA,NA,NA,NA,NA,"N4PKMg","N2 PKMg*",96,35,90,0,0,0,0,"C",NA,NA,NA,NA,NA,NA,NA,NA,NA
"1944",1986,"4","14","wheat",7.74,6.3468,3.55,3.28375,116.827935,20.283811,35.6211975,105.99156,19.167336,26.65656,10.836375,1.116475,8.9646375,"N4PKMg","N2 PKMg*",96,35,90,0,0,0,0,"C",NA,NA,NA,NA,NA,NA,NA,NA,NA
"2011",1986,"6","14","wheat",5.19,4.19352,NA,NA,NA,NA,NA,NA,NA,NA,NA,NA,NA,"N4PKMg","N2 PKMg*",96,35,90,0,0,0,0,"C",NA,NA,NA,NA,NA,NA,NA,NA,NA
"2050",1986,"7","14","wheat",5.67,4.60404,NA,NA,NA,NA,NA,NA,NA,NA,NA,NA,NA,"N4PKMg","N2 PKMg*",96,35,90,0,0,0,0,"C",NA,NA,NA,NA,NA,NA,NA,NA,NA
"2086",1986,"8","14","wheat",2.74,2.192,NA,NA,NA,NA,NA,NA,NA,NA,NA,NA,NA,"N4PKMg","N2 PKMg*",96,35,90,0,0,0,0,"C",NA,NA,NA,NA,NA,NA,NA,NA,NA
"2131",1986,"9","14","wheat",5.19,4.21428,NA,NA,NA,NA,NA,NA,NA,NA,NA,NA,NA,"N4PKMg","N2 PKMg*",96,35,90,0,0,0,0,"C",NA,NA,NA,NA,NA,NA,NA,NA,NA
"2588",1986,"0","16","wheat",4.55,3.7765,NA,NA,NA,NA,NA,NA,NA,NA,NA,NA,NA,"N5PKMg","N5 PKMg",240,35,90,0,0,0,0,"C",NA,NA,NA,NA,NA,NA,NA,NA,NA
"2637",1986,"1","16","wheat",4.86,4.02408,2.22,2.07792,113.67972,14.433876,25.2632952,101.004408,13.5611496,17.2633032,12.675312,0.8727264,7.999992,"N5PKMg","N5 PKMg",240,35,90,0,0,0,0,"C",NA,0.365104125714286,0.106566697777778,NA,NA,NA,NA,NA,NA
"2677",1986,"2","16","wheat",6.92,5.72976,NA,NA,NA,NA,NA,NA,NA,NA,NA,NA,NA,"N5PKMg","N5 PKMg",240,35,90,0,0,0,0,"C",NA,NA,NA,NA,NA,NA,NA,NA,NA
"2736",1986,"4","16","wheat",9.24,7.55832,4.05,3.74625,191.028036,25.3808166,52.9855233,168.550536,23.6575416,31.6693608,22.4775,1.723275,21.3161625,"N5PKMg","N5 PKMg",240,35,90,0,0,0,0,"C",NA,0.70750008,0.321381934444444,NA,NA,NA,NA,NA,NA
"2803",1986,"6","16","wheat",7.18,5.83016,NA,NA,NA,NA,NA,NA,NA,NA,NA,NA,NA,"N5PKMg","N5 PKMg",240,35,90,0,0,0,0,"C",NA,NA,NA,NA,NA,NA,NA,NA,NA
"2842",1986,"7","16","wheat",7.87,6.3747,NA,NA,NA,NA,NA,NA,NA,NA,NA,NA,NA,"N5PKMg","N5 PKMg",240,35,90,0,0,0,0,"C",NA,NA,NA,NA,NA,NA,NA,NA,NA
"2878",1986,"8","16","wheat",2.66,2.11736,NA,NA,NA,NA,NA,NA,NA,NA,NA,NA,NA,"N5PKMg","N5 PKMg",240,35,90,0,0,0,0,"C",NA,NA,NA,NA,NA,NA,NA,NA,NA
"2923",1986,"9","16","wheat",5.89,4.7709,NA,NA,NA,NA,NA,NA,NA,NA,NA,NA,NA,"N5PKMg","N5 PKMg",240,35,90,0,0,0,0,"C",NA,NA,NA,NA,NA,NA,NA,NA,NA
"4172",1986,"0","20","wheat",0.38,0.26524,NA,NA,NA,NA,NA,NA,NA,NA,NA,NA,NA,"NKMg","N2 KMg",96,0,90,0,0,0,0,"C",NA,NA,NA,NA,NA,NA,NA,NA,NA
"4221",1986,"1","20","wheat",0.68,0.51408,0.13,0.11843,10.928399,1.6552316,3.8476971,9.921744,1.593648,2.4727248,1.006655,0.0615836,1.3749723,"NKMg","N2 KMg",96,0,90,0,0,0,0,"C",NA,NA,NA,NA,NA,NA,NA,NA,NA
"4658",1986,"0","22","wheat",4.9,4.0572,NA,NA,NA,NA,NA,NA,NA,NA,NA,NA,NA,"FYM","FYM",0,0,0,35,262.5,36.392825,376.1793,"C",NA,NA,NA,NA,NA,NA,NA,NA,NA
"4707",1986,"1","22","wheat",4.68,3.81888,3.03,2.81487,79.095711,17.1317268,46.324233,65.302848,14.0916672,19.1325888,13.792863,3.0400596,27.1916442,"FYM","FYM",0,0,0,35,262.5,36.392825,376.1793,"C",NA,NA,NA,0.225380422857143,0.259684998095238,0.0463012076190477,NA,NA,NA
"4747",1986,"2","22","wheat",6.12,5.03064,NA,NA,NA,NA,NA,NA,NA,NA,NA,NA,NA,"FYM","FYM",0,0,0,35,262.5,36.392825,376.1793,"C",NA,NA,NA,NA,NA,NA,NA,NA,NA
"4806",1986,"4","22","wheat",8.4,6.888,4.35,3.99765,129.19968,25.691103,53.7979935,116.4072,23.21256,30.6516,12.79248,2.478543,23.1463935,"FYM","FYM",0,0,0,35,262.5,36.392825,376.1793,"C",NA,NA,NA,0.366513805714286,0.475304662857143,0.0928381561904762,NA,NA,NA
"4873",1986,"6","22","wheat",6.41,5.24338,NA,NA,NA,NA,NA,NA,NA,NA,NA,NA,NA,"FYM","FYM",0,0,0,35,262.5,36.392825,376.1793,"C",NA,NA,NA,NA,NA,NA,NA,NA,NA
"4912",1986,"7","22","wheat",5.51,4.50718,NA,NA,NA,NA,NA,NA,NA,NA,NA,NA,NA,"FYM","FYM",0,0,0,35,262.5,36.392825,376.1793,"C",NA,NA,NA,NA,NA,NA,NA,NA,NA
"4948",1986,"8","22","wheat",3.44,2.79328,NA,NA,NA,NA,NA,NA,NA,NA,NA,NA,NA,"FYM","FYM",0,0,0,35,262.5,36.392825,376.1793,"C",NA,NA,NA,NA,NA,NA,NA,NA,NA
"4993",1986,"9","22","wheat",5.55,4.5621,NA,NA,NA,NA,NA,NA,NA,NA,NA,NA,NA,"FYM","FYM",0,0,0,35,262.5,36.392825,376.1793,"C",NA,NA,NA,NA,NA,NA,NA,NA,NA
"5044",1986,"0","3","wheat",1.44,1.15776,NA,NA,NA,NA,NA,NA,NA,NA,NA,NA,NA,"Control","Nil",0,0,0,0,0,0,0,"C",NA,NA,NA,NA,NA,NA,NA,NA,NA
"5093",1986,"1","3","wheat",1.12,0.9072,0.41,0.37884,14.972832,3.084186,6.247668,13.1544,2.875824,4.164048,1.818432,0.208362,2.08362,"Control","Nil",0,0,0,0,0,0,0,"C",NA,NA,NA,NA,NA,NA,NA,NA,NA
"5133",1986,"2","3","wheat",1.83,1.49694,NA,NA,NA,NA,NA,NA,NA,NA,NA,NA,NA,"Control","Nil",0,0,0,0,0,0,0,"C",NA,NA,NA,NA,NA,NA,NA,NA,NA
"5192",1986,"4","3","wheat",1.98,1.53648,0.97,0.88076,28.54516,6.3736372,11.7730452,25.198272,5.8539888,7.836048,3.346888,0.5196484,3.9369972,"Control","Nil",0,0,0,0,0,0,0,"C",NA,NA,NA,NA,NA,NA,NA,NA,NA
"5259",1986,"6","3","wheat",1.4,1.1228,NA,NA,NA,NA,NA,NA,NA,NA,NA,NA,NA,"Control","Nil",0,0,0,0,0,0,0,"C",NA,NA,NA,NA,NA,NA,NA,NA,NA
"5298",1986,"7","3","wheat",1.44,1.15776,NA,NA,NA,NA,NA,NA,NA,NA,NA,NA,NA,"Control","Nil",0,0,0,0,0,0,0,"C",NA,NA,NA,NA,NA,NA,NA,NA,NA
"5334",1986,"8","3","wheat",1.04,0.84032,NA,NA,NA,NA,NA,NA,NA,NA,NA,NA,NA,"Control","Nil",0,0,0,0,0,0,0,"C",NA,NA,NA,NA,NA,NA,NA,NA,NA
"5379",1986,"9","3","wheat",1.5,1.227,NA,NA,NA,NA,NA,NA,NA,NA,NA,NA,NA,"Control","Nil",0,0,0,0,0,0,0,"C",NA,NA,NA,NA,NA,NA,NA,NA,NA
"5440",1986,"0","5","wheat",1.78,1.44536,NA,NA,NA,NA,NA,NA,NA,NA,NA,NA,NA,"PKMg","PKMg",0,35,90,0,0,0,0,"C",NA,NA,NA,NA,NA,NA,NA,NA,NA
"5489",1986,"1","5","wheat",1.45,1.1745,0.75,0.687,19.93335,4.83342,8.102805,17.73495,4.34565,6.048675,2.1984,0.48777,2.05413,"PKMg","PKMg",0,35,90,0,0,0,0,"C",NA,NA,NA,NA,NA,NA,NA,NA,NA
"5529",1986,"2","5","wheat",2.18,1.7658,NA,NA,NA,NA,NA,NA,NA,NA,NA,NA,NA,"PKMg","PKMg",0,35,90,0,0,0,0,"C",NA,NA,NA,NA,NA,NA,NA,NA,NA
"5588",1986,"4","5","wheat",2.44,1.952,1.23,1.13037,32.989806,7.9972264,15.7839268,28.6944,7.18336,9.40864,4.295406,0.8138664,6.3752868,"PKMg","PKMg",0,35,90,0,0,0,0,"C",NA,NA,NA,NA,NA,NA,NA,NA,NA
"5655",1986,"6","5","wheat",1.97,1.54448,NA,NA,NA,NA,NA,NA,NA,NA,NA,NA,NA,"PKMg","PKMg",0,35,90,0,0,0,0,"C",NA,NA,NA,NA,NA,NA,NA,NA,NA
"5694",1986,"7","5","wheat",1.94,1.53648,NA,NA,NA,NA,NA,NA,NA,NA,NA,NA,NA,"PKMg","PKMg",0,35,90,0,0,0,0,"C",NA,NA,NA,NA,NA,NA,NA,NA,NA
"5730",1986,"8","5","wheat",2.49,1.94718,NA,NA,NA,NA,NA,NA,NA,NA,NA,NA,NA,"PKMg","PKMg",0,35,90,0,0,0,0,"C",NA,NA,NA,NA,NA,NA,NA,NA,NA
"5775",1986,"9","5","wheat",1.89,1.48554,NA,NA,NA,NA,NA,NA,NA,NA,NA,NA,NA,"PKMg","PKMg",0,35,90,0,0,0,0,"C",NA,NA,NA,NA,NA,NA,NA,NA,NA
"5836",1986,"0","6","wheat",3.24,2.63088,NA,NA,NA,NA,NA,NA,NA,NA,NA,NA,NA,"N1PKMg","N1 PKMg",48,35,90,0,0,0,0,"C",NA,NA,NA,NA,NA,NA,NA,NA,NA
"5885",1986,"1","6","wheat",2.7,2.2086,1.78,1.64116,43.10168,8.9382724,25.2132784,34.89588,7.641756,10.623366,8.2058,1.2965164,14.5899124,"N1PKMg","N1 PKMg",48,35,90,0,0,0,0,"C",NA,NA,NA,NA,NA,NA,NA,NA,NA
"5925",1986,"2","6","wheat",3.97,3.2554,NA,NA,NA,NA,NA,NA,NA,NA,NA,NA,NA,"N1PKMg","N1 PKMg",48,35,90,0,0,0,0,"C",NA,NA,NA,NA,NA,NA,NA,NA,NA
"5984",1986,"4","6","wheat",5.61,4.57776,2.88,2.65536,75.158208,14.7349872,26.8593696,69.581952,13.7790576,19.3181472,5.576256,0.9559296,7.5412224,"N1PKMg","N1 PKMg",48,35,90,0,0,0,0,"C",NA,NA,NA,NA,NA,NA,NA,NA,NA
"6051",1986,"6","6","wheat",3.85,3.0954,NA,NA,NA,NA,NA,NA,NA,NA,NA,NA,NA,"N1PKMg","N1 PKMg",48,35,90,0,0,0,0,"C",NA,NA,NA,NA,NA,NA,NA,NA,NA
"6090",1986,"7","6","wheat",3.67,2.95068,NA,NA,NA,NA,NA,NA,NA,NA,NA,NA,NA,"N1PKMg","N1 PKMg",48,35,90,0,0,0,0,"C",NA,NA,NA,NA,NA,NA,NA,NA,NA
"6126",1986,"8","6","wheat",3.1,2.4862,NA,NA,NA,NA,NA,NA,NA,NA,NA,NA,NA,"N1PKMg","N1 PKMg",48,35,90,0,0,0,0,"C",NA,NA,NA,NA,NA,NA,NA,NA,NA
"6171",1986,"9","6","wheat",3.69,2.952,NA,NA,NA,NA,NA,NA,NA,NA,NA,NA,NA,"N1PKMg","N1 PKMg",48,35,90,0,0,0,0,"C",NA,NA,NA,NA,NA,NA,NA,NA,NA
"6232",1986,"0","7","wheat",4.52,3.7064,NA,NA,NA,NA,NA,NA,NA,NA,NA,NA,NA,"N2PKMg","N2 PKMg",96,35,90,0,0,0,0,"C",NA,NA,NA,NA,NA,NA,NA,NA,NA
"6281",1986,"1","7","wheat",4.74,3.89628,2.2,2.046,86.557944,14.1554208,26.8454052,77.146344,13.0915008,17.8839252,9.4116,1.06392,8.96148,"N2PKMg","N2 PKMg",96,35,90,0,0,0,0,"C",0.6940061875,NA,NA,NA,NA,NA,NA,NA,NA
"6321",1986,"2","7","wheat",5.9,4.8498,NA,NA,NA,NA,NA,NA,NA,NA,NA,NA,NA,"N2PKMg","N2 PKMg",96,35,90,0,0,0,0,"C",NA,NA,NA,NA,NA,NA,NA,NA,NA
"6380",1986,"4","7","wheat",7.98,6.51168,3.95,3.69325,122.147635,21.7305645,40.0197935,110.69856,20.511792,28.976976,11.449075,1.2187725,11.0428175,"N2PKMg","N2 PKMg",96,35,90,0,0,0,0,"C",0.928727385416667,NA,NA,NA,NA,NA,NA,NA,NA
"6447",1986,"6","7","wheat",5.24,4.23392,NA,NA,NA,NA,NA,NA,NA,NA,NA,NA,NA,"N2PKMg","N2 PKMg",96,35,90,0,0,0,0,"C",NA,NA,NA,NA,NA,NA,NA,NA,NA
"6486",1986,"7","7","wheat",5.64,4.55712,NA,NA,NA,NA,NA,NA,NA,NA,NA,NA,NA,"N2PKMg","N2 PKMg",96,35,90,0,0,0,0,"C",NA,NA,NA,NA,NA,NA,NA,NA,NA
"6522",1986,"8","7","wheat",3.21,2.58726,NA,NA,NA,NA,NA,NA,NA,NA,NA,NA,NA,"N2PKMg","N2 PKMg",96,35,90,0,0,0,0,"C",NA,NA,NA,NA,NA,NA,NA,NA,NA
"6567",1986,"9","7","wheat",5.05,4.0905,NA,NA,NA,NA,NA,NA,NA,NA,NA,NA,NA,"N2PKMg","N2 PKMg",96,35,90,0,0,0,0,"C",NA,NA,NA,NA,NA,NA,NA,NA,NA
"8",1987,"3","1","potato",38.27,7.654,NA,NA,117.8716,21.132694,194.350368,NA,NA,NA,NA,NA,NA,"FYM+NPK","FYM N4 PK",192,35,90,35,227.5,35.21175,332.1024,"C",NA,NA,NA,NA,NA,NA,0.1987940625,-0.00961238914285697,0.144086206444445
"37",1987,"3","10","potato",5.54,1.25758,NA,NA,18.486426,1.7668999,18.28018288,NA,NA,NA,NA,NA,NA,"N","N2",96,0,0,0,0,0,0,"C",NA,NA,NA,NA,NA,NA,NA,NA,NA
"66",1987,"3","11","potato",6.56,1.38416,NA,NA,25.745376,4.12341264,17.41826944,NA,NA,NA,NA,NA,NA,"NP","N2 P",96,35,0,0,0,0,0,"C",NA,NA,NA,NA,NA,NA,NA,NA,NA
"124",1987,"3","13","potato",22.29,4.14594,NA,NA,62.603694,11.99005848,103.36243014,NA,NA,NA,NA,NA,NA,"NPK","N2 PK",96,35,90,0,0,0,0,"C",NA,NA,NA,NA,NA,NA,NA,NA,NA
"153",1987,"3","14","potato",35.29,8.08141,NA,NA,76.773395,17.87607892,165.98407999,NA,NA,NA,NA,NA,NA,"N4PKMg","N2 PKMg*",96,35,90,0,0,0,0,"C",NA,NA,NA,NA,NA,NA,NA,NA,NA
"211",1987,"3","16","potato",40.07,8.014,NA,NA,119.4086,17.638814,185.556156,NA,NA,NA,NA,NA,NA,"N5PKMg","N5 PKMg",240,35,90,0,0,0,0,"C",NA,0.45348326,1.86819873955556,NA,NA,NA,NA,NA,NA
"356",1987,"3","22","potato",35.87,7.24574,NA,NA,79.70314,21.46912762,181.38260942,NA,NA,NA,NA,NA,NA,"FYM","FYM",0,0,0,35,227.5,35.21175,332.1024,"C",NA,NA,NA,0.205681054945055,0.269084457142857,0.237176984615385,NA,NA,NA
"385",1987,"3","3","potato",9.51,2.22534,NA,NA,22.030866,4.36389174,40.55904684,NA,NA,NA,NA,NA,NA,"Control","Nil",0,0,0,0,0,0,0,"C",NA,NA,NA,NA,NA,NA,NA,NA,NA
"414",1987,"3","5","potato",17.45,4.0135,NA,NA,32.9107,10.5996535,92.655661,NA,NA,NA,NA,NA,NA,"PKMg","PKMg",0,35,90,0,0,0,0,"C",NA,NA,NA,NA,NA,NA,NA,NA,NA
"443",1987,"3","6","potato",25.31,5.41634,NA,NA,58.496472,15.12242128,130.00840902,NA,NA,NA,NA,NA,NA,"N1PKMg","N1 PKMg",48,35,90,0,0,0,0,"C",NA,NA,NA,NA,NA,NA,NA,NA,NA
"472",1987,"3","7","potato",31.99,6.84586,NA,NA,76.673632,17.05988312,155.11349588,NA,NA,NA,NA,NA,NA,"N2PKMg","N2 PKMg",96,35,90,0,0,0,0,"C",0.455863875,NA,NA,NA,NA,NA,NA,NA,NA
"6911",1987,"4","1","wheat",8.16,6.26688,NA,NA,NA,NA,NA,NA,NA,NA,NA,NA,NA,"FYM+NPK","FYM N4 PK",192,35,90,35,227.5,35.21175,332.1024,"C",NA,NA,NA,NA,NA,NA,NA,NA,NA
"1012",1987,"5","1","wheat",7.9,5.8776,6.52,4.96172,173.100156,27.6996716,103.6519664,126.95616,21.100584,29.623104,46.143996,6.5990876,74.0288624,"FYM+NPK","FYM N4 PK",192,35,90,35,227.5,35.21175,332.1024,"C",NA,NA,NA,NA,NA,NA,0.342928229166667,0.106845948571429,0.2843499
"1362",1987,"6","1","wheat",5.69,4.13094,NA,NA,NA,NA,NA,NA,NA,NA,NA,NA,NA,"FYM+NPK","FYM N4 PK",192,35,90,35,227.5,35.21175,332.1024,"C",NA,NA,NA,NA,NA,NA,NA,NA,NA
"17510",1987,"7","1","wheat",8.73,6.70464,NA,NA,NA,NA,NA,NA,NA,NA,NA,NA,NA,"FYM+NPK","FYM N4 PK",192,35,90,35,227.5,35.21175,332.1024,"C",NA,NA,NA,NA,NA,NA,NA,NA,NA
"21310",1987,"0","10","wheat",2.9,2.2446,NA,NA,NA,NA,NA,NA,NA,NA,NA,NA,NA,"N","N2",96,0,0,0,0,0,0,"C",NA,NA,NA,NA,NA,NA,NA,NA,NA
"262",1987,"1","10","wheat",3.18,2.44224,3.33,2.58408,59.779944,7.73388,37.6598232,42.983424,6.5452032,11.844864,16.79652,1.1886768,25.8149592,"N","N2",96,0,0,0,0,0,0,"C",NA,NA,NA,NA,NA,NA,NA,NA,NA
"3613",1987,"4","10","wheat",6.49,5.02326,NA,NA,NA,NA,NA,NA,NA,NA,NA,NA,NA,"N","N2",96,0,0,0,0,0,0,"C",NA,NA,NA,NA,NA,NA,NA,NA,NA
"3931",1987,"5","10","wheat",6.46,5.1034,2.75,2.4255,107.00026,17.124277,35.124073,93.90256,15.208132,24.088048,13.0977,1.916145,11.036025,"N","N2",96,0,0,0,0,0,0,"C",NA,NA,NA,NA,NA,NA,NA,NA,NA
"4281",1987,"6","10","wheat",3.45,2.7462,NA,NA,NA,NA,NA,NA,NA,NA,NA,NA,NA,"N","N2",96,0,0,0,0,0,0,"C",NA,NA,NA,NA,NA,NA,NA,NA,NA
"46710",1987,"7","10","wheat",3.77,3.00846,NA,NA,NA,NA,NA,NA,NA,NA,NA,NA,NA,"N","N2",96,0,0,0,0,0,0,"C",NA,NA,NA,NA,NA,NA,NA,NA,NA
"503",1987,"8","10","wheat",1.55,1.2338,NA,NA,NA,NA,NA,NA,NA,NA,NA,NA,NA,"N","N2",96,0,0,0,0,0,0,"C",NA,NA,NA,NA,NA,NA,NA,NA,NA
"548",1987,"9","10","wheat",2.9,2.3374,NA,NA,NA,NA,NA,NA,NA,NA,NA,NA,NA,"N","N2",96,0,0,0,0,0,0,"C",NA,NA,NA,NA,NA,NA,NA,NA,NA
"609",1987,"0","11","wheat",4.95,3.7818,NA,NA,NA,NA,NA,NA,NA,NA,NA,NA,NA,"NP","N2 P",96,35,0,0,0,0,0,"C",NA,NA,NA,NA,NA,NA,NA,NA,NA
"658",1987,"1","11","wheat",4.69,3.63944,1.93,1.737,73.955044,14.2980312,22.1468076,64.054144,12.6652512,18.3427776,9.9009,1.63278,3.80403,"NP","N2 P",96,35,0,0,0,0,0,"C",NA,NA,NA,NA,NA,NA,NA,NA,NA
"757",1987,"4","11","wheat",5.64,4.4556,NA,NA,NA,NA,NA,NA,NA,NA,NA,NA,NA,"NP","N2 P",96,35,0,0,0,0,0,"C",NA,NA,NA,NA,NA,NA,NA,NA,NA
"789",1987,"5","11","wheat",6.11,4.8269,2.67,2.39232,90.396612,18.4927784,31.4998874,78.19578,16.41146,23.796617,12.200832,2.0813184,7.7032704,"NP","N2 P",96,35,0,0,0,0,0,"C",NA,NA,NA,NA,NA,NA,NA,NA,NA
"824",1987,"6","11","wheat",4.18,3.344,NA,NA,NA,NA,NA,NA,NA,NA,NA,NA,NA,"NP","N2 P",96,35,0,0,0,0,0,"C",NA,NA,NA,NA,NA,NA,NA,NA,NA
"863",1987,"7","11","wheat",5.12,4.08576,NA,NA,NA,NA,NA,NA,NA,NA,NA,NA,NA,"NP","N2 P",96,35,0,0,0,0,0,"C",NA,NA,NA,NA,NA,NA,NA,NA,NA
"899",1987,"8","11","wheat",1.97,1.60752,NA,NA,NA,NA,NA,NA,NA,NA,NA,NA,NA,"NP","N2 P",96,35,0,0,0,0,0,"C",NA,NA,NA,NA,NA,NA,NA,NA,NA
"944",1987,"9","11","wheat",3.89,3.15868,NA,NA,NA,NA,NA,NA,NA,NA,NA,NA,NA,"NP","N2 P",96,35,0,0,0,0,0,"C",NA,NA,NA,NA,NA,NA,NA,NA,NA
"1401",1987,"0","13","wheat",4.54,3.41408,NA,NA,NA,NA,NA,NA,NA,NA,NA,NA,NA,"NPK","N2 PK",96,35,90,0,0,0,0,"C",NA,NA,NA,NA,NA,NA,NA,NA,NA
"1450",1987,"1","13","wheat",5.24,4.01384,2.81,2.53462,77.31753,15.9579644,31.3718596,67.432512,14.6906544,22.1965352,9.885018,1.26731,9.1753244,"NPK","N2 PK",96,35,90,0,0,0,0,"C",NA,NA,NA,NA,NA,NA,NA,NA,NA
"1549",1987,"4","13","wheat",5.39,4.23654,NA,NA,NA,NA,NA,NA,NA,NA,NA,NA,NA,"NPK","N2 PK",96,35,90,0,0,0,0,"C",NA,NA,NA,NA,NA,NA,NA,NA,NA
"1581",1987,"5","13","wheat",6.86,5.37824,3.21,2.83443,92.803525,20.1938027,39.2325953,81.749248,18.1246688,26.6760704,11.054277,2.0691339,12.5565249,"NPK","N2 PK",96,35,90,0,0,0,0,"C",NA,NA,NA,NA,NA,NA,NA,NA,NA
"1616",1987,"6","13","wheat",4.4,3.5024,NA,NA,NA,NA,NA,NA,NA,NA,NA,NA,NA,"NPK","N2 PK",96,35,90,0,0,0,0,"C",NA,NA,NA,NA,NA,NA,NA,NA,NA
"1655",1987,"7","13","wheat",4.12,3.28776,NA,NA,NA,NA,NA,NA,NA,NA,NA,NA,NA,"NPK","N2 PK",96,35,90,0,0,0,0,"C",NA,NA,NA,NA,NA,NA,NA,NA,NA
"1691",1987,"8","13","wheat",1.65,1.3299,NA,NA,NA,NA,NA,NA,NA,NA,NA,NA,NA,"NPK","N2 PK",96,35,90,0,0,0,0,"C",NA,NA,NA,NA,NA,NA,NA,NA,NA
"1736",1987,"9","13","wheat",5.54,4.44308,NA,NA,NA,NA,NA,NA,NA,NA,NA,NA,NA,"NPK","N2 PK",96,35,90,0,0,0,0,"C",NA,NA,NA,NA,NA,NA,NA,NA,NA
"1797",1987,"0","14","wheat",5.03,3.75238,NA,NA,NA,NA,NA,NA,NA,NA,NA,NA,NA,"N4PKMg","N2 PKMg*",96,35,90,0,0,0,0,"C",NA,NA,NA,NA,NA,NA,NA,NA,NA
"1846",1987,"1","14","wheat",5.22,4.02984,2.71,2.44442,75.794414,15.886215,30.8101026,65.283408,14.3462304,22.0835232,10.511006,1.5399846,8.7265794,"N4PKMg","N2 PKMg*",96,35,90,0,0,0,0,"C",NA,NA,NA,NA,NA,NA,NA,NA,NA
"1945",1987,"4","14","wheat",5.73,4.48086,NA,NA,NA,NA,NA,NA,NA,NA,NA,NA,NA,"N4PKMg","N2 PKMg*",96,35,90,0,0,0,0,"C",NA,NA,NA,NA,NA,NA,NA,NA,NA
"1977",1987,"5","14","wheat",6.82,5.36052,3.67,3.24061,100.550907,20.5378081,38.4824328,87.912528,18.1721628,26.4273636,12.638379,2.3656453,12.0550692,"N4PKMg","N2 PKMg*",96,35,90,0,0,0,0,"C",NA,NA,NA,NA,NA,NA,NA,NA,NA
"2012",1987,"6","14","wheat",4.67,3.71732,NA,NA,NA,NA,NA,NA,NA,NA,NA,NA,NA,"N4PKMg","N2 PKMg*",96,35,90,0,0,0,0,"C",NA,NA,NA,NA,NA,NA,NA,NA,NA
"2051",1987,"7","14","wheat",3.83,3.07166,NA,NA,NA,NA,NA,NA,NA,NA,NA,NA,NA,"N4PKMg","N2 PKMg*",96,35,90,0,0,0,0,"C",NA,NA,NA,NA,NA,NA,NA,NA,NA
"2087",1987,"8","14","wheat",1.95,1.4859,NA,NA,NA,NA,NA,NA,NA,NA,NA,NA,NA,"N4PKMg","N2 PKMg*",96,35,90,0,0,0,0,"C",NA,NA,NA,NA,NA,NA,NA,NA,NA
"2132",1987,"9","14","wheat",5.4,4.3632,NA,NA,NA,NA,NA,NA,NA,NA,NA,NA,NA,"N4PKMg","N2 PKMg*",96,35,90,0,0,0,0,"C",NA,NA,NA,NA,NA,NA,NA,NA,NA
"2589",1987,"0","16","wheat",4.92,3.5424,NA,NA,NA,NA,NA,NA,NA,NA,NA,NA,NA,"N5PKMg","N5 PKMg",240,35,90,0,0,0,0,"C",NA,NA,NA,NA,NA,NA,NA,NA,NA
"2638",1987,"1","16","wheat",7.54,5.83596,4.59,4.08969,171.383544,24.3046422,67.3591383,135.394272,20.9510964,29.9384748,35.989272,3.3535458,37.4206635,"N5PKMg","N5 PKMg",240,35,90,0,0,0,0,"C",NA,0.602228674285714,0.50235923,NA,NA,NA,NA,NA,NA
"2737",1987,"4","16","wheat",7.78,6.11508,NA,NA,NA,NA,NA,NA,NA,NA,NA,NA,NA,"N5PKMg","N5 PKMg",240,35,90,0,0,0,0,"C",NA,NA,NA,NA,NA,NA,NA,NA,NA
"2769",1987,"5","16","wheat",9.32,7.1764,5.09,3.62917,195.52584,29.3602513,70.2658085,166.49248,25.404456,34.518484,29.03336,3.9557953,35.7473245,"N5PKMg","N5 PKMg",240,35,90,0,0,0,0,"C",NA,0.349599265714286,0.430732456666666,NA,NA,NA,NA,NA,NA
"2804",1987,"6","16","wheat",4.37,3.18136,NA,NA,NA,NA,NA,NA,NA,NA,NA,NA,NA,"N5PKMg","N5 PKMg",240,35,90,0,0,0,0,"C",NA,NA,NA,NA,NA,NA,NA,NA,NA
"2843",1987,"7","16","wheat",6.02,4.74376,NA,NA,NA,NA,NA,NA,NA,NA,NA,NA,NA,"N5PKMg","N5 PKMg",240,35,90,0,0,0,0,"C",NA,NA,NA,NA,NA,NA,NA,NA,NA
"2879",1987,"8","16","wheat",2.13,1.58472,NA,NA,NA,NA,NA,NA,NA,NA,NA,NA,NA,"N5PKMg","N5 PKMg",240,35,90,0,0,0,0,"C",NA,NA,NA,NA,NA,NA,NA,NA,NA
"2924",1987,"9","16","wheat",6.96,5.59584,NA,NA,NA,NA,NA,NA,NA,NA,NA,NA,NA,"N5PKMg","N5 PKMg",240,35,90,0,0,0,0,"C",NA,NA,NA,NA,NA,NA,NA,NA,NA
"4173",1987,"0","20","wheat",2.08,1.60992,NA,NA,NA,NA,NA,NA,NA,NA,NA,NA,NA,"NKMg","N2 KMg",96,0,90,0,0,0,0,"C",NA,NA,NA,NA,NA,NA,NA,NA,NA
"4222",1987,"1","20","wheat",1.64,1.26608,1.33,1.17838,33.775798,3.2266386,14.4844068,26.58768,2.8613408,6.4949904,7.188118,0.3652978,7.9894164,"NKMg","N2 KMg",96,0,90,0,0,0,0,"C",NA,NA,NA,NA,NA,NA,NA,NA,NA
"4659",1987,"0","22","wheat",6.57,4.9932,NA,NA,NA,NA,NA,NA,NA,NA,NA,NA,NA,"FYM","FYM",0,0,0,35,227.5,35.21175,332.1024,"C",NA,NA,NA,NA,NA,NA,NA,NA,NA
"4708",1987,"1","22","wheat",6.67,4.97582,4.96,3.64064,107.257936,23.9600634,78.0604754,83.593776,18.0622266,27.0187026,23.66416,5.8978368,51.0417728,"FYM","FYM",0,0,0,35,227.5,35.21175,332.1024,"C",NA,NA,NA,0.373987991208791,0.322998408791209,0.146386338461538,NA,NA,NA
"4807",1987,"4","22","wheat",6.44,4.93304,NA,NA,NA,NA,NA,NA,NA,NA,NA,NA,NA,"FYM","FYM",0,0,0,35,227.5,35.21175,332.1024,"C",NA,NA,NA,NA,NA,NA,NA,NA,NA
"4839",1987,"5","22","wheat",9.45,7.3521,5.57,3.91571,154.953054,30.1219269,73.6208234,133.80822,25.070661,32.34924,21.144834,5.0512659,41.2715834,"FYM","FYM",0,0,0,35,227.5,35.21175,332.1024,"C",NA,NA,NA,0.566426879120879,0.210781512087912,0.28376458021978,NA,NA,NA
"4874",1987,"6","22","wheat",7.05,5.4849,NA,NA,NA,NA,NA,NA,NA,NA,NA,NA,NA,"FYM","FYM",0,0,0,35,227.5,35.21175,332.1024,"C",NA,NA,NA,NA,NA,NA,NA,NA,NA
"4913",1987,"7","22","wheat",6.21,4.73202,NA,NA,NA,NA,NA,NA,NA,NA,NA,NA,NA,"FYM","FYM",0,0,0,35,227.5,35.21175,332.1024,"C",NA,NA,NA,NA,NA,NA,NA,NA,NA
"4949",1987,"8","22","wheat",2.1,1.596,NA,NA,NA,NA,NA,NA,NA,NA,NA,NA,NA,"FYM","FYM",0,0,0,35,227.5,35.21175,332.1024,"C",NA,NA,NA,NA,NA,NA,NA,NA,NA
"4994",1987,"9","22","wheat",7.7,6.006,NA,NA,NA,NA,NA,NA,NA,NA,NA,NA,NA,"FYM","FYM",0,0,0,35,227.5,35.21175,332.1024,"C",NA,NA,NA,NA,NA,NA,NA,NA,NA
"5045",1987,"0","3","wheat",1.52,1.17344,NA,NA,NA,NA,NA,NA,NA,NA,NA,NA,NA,"Control","Nil",0,0,0,0,0,0,0,"C",NA,NA,NA,NA,NA,NA,NA,NA,NA
"5094",1987,"1","3","wheat",1.47,1.14366,NA,NA,NA,NA,NA,16.926168,4.0371198,6.2672568,NA,NA,NA,"Control","Nil",0,0,0,0,0,0,0,"C",NA,NA,NA,NA,NA,NA,NA,NA,NA
"5193",1987,"4","3","wheat",1.15,0.8924,NA,NA,NA,NA,NA,NA,NA,NA,NA,NA,NA,"Control","Nil",0,0,0,0,0,0,0,"C",NA,NA,NA,NA,NA,NA,NA,NA,NA
"5225",1987,"5","3","wheat",1.86,1.4322,0.92,0.8142,25.75902,6.197604,12.114474,21.76944,5.456682,7.37583,3.98958,0.740922,4.738644,"Control","Nil",0,0,0,0,0,0,0,"C",NA,NA,NA,NA,NA,NA,NA,NA,NA
"5260",1987,"6","3","wheat",1.33,1.0374,NA,NA,NA,NA,NA,NA,NA,NA,NA,NA,NA,"Control","Nil",0,0,0,0,0,0,0,"C",NA,NA,NA,NA,NA,NA,NA,NA,NA
"5299",1987,"7","3","wheat",1.1,0.8602,NA,NA,NA,NA,NA,NA,NA,NA,NA,NA,NA,"Control","Nil",0,0,0,0,0,0,0,"C",NA,NA,NA,NA,NA,NA,NA,NA,NA
"5335",1987,"8","3","wheat",2.29,1.66254,NA,NA,NA,NA,NA,NA,NA,NA,NA,NA,NA,"Control","Nil",0,0,0,0,0,0,0,"C",NA,NA,NA,NA,NA,NA,NA,NA,NA
"5380",1987,"9","3","wheat",1.24,0.98952,NA,NA,NA,NA,NA,NA,NA,NA,NA,NA,NA,"Control","Nil",0,0,0,0,0,0,0,"C",NA,NA,NA,NA,NA,NA,NA,NA,NA
"5441",1987,"0","5","wheat",1.28,1.0112,NA,NA,NA,NA,NA,NA,NA,NA,NA,NA,NA,"PKMg","PKMg",0,35,90,0,0,0,0,"C",NA,NA,NA,NA,NA,NA,NA,NA,NA
"5490",1987,"1","5","wheat",1.41,1.10262,0.97,0.79928,22.175668,5.2546356,17.0468538,16.980348,4.079694,6.4723794,5.19532,1.1749416,10.5744744,"PKMg","PKMg",0,35,90,0,0,0,0,"C",NA,NA,NA,NA,NA,NA,NA,NA,NA
"5589",1987,"4","5","wheat",1.28,0.98304,NA,NA,NA,NA,NA,NA,NA,NA,NA,NA,NA,"PKMg","PKMg",0,35,90,0,0,0,0,"C",NA,NA,NA,NA,NA,NA,NA,NA,NA
"5621",1987,"5","5","wheat",2.04,1.58304,0.91,0.80171,26.090939,7.1128757,13.5559776,22.16256,6.094704,8.1684864,3.928379,1.0181717,5.3874912,"PKMg","PKMg",0,35,90,0,0,0,0,"C",NA,NA,NA,NA,NA,NA,NA,NA,NA
"5656",1987,"6","5","wheat",1.47,1.14954,NA,NA,NA,NA,NA,NA,NA,NA,NA,NA,NA,"PKMg","PKMg",0,35,90,0,0,0,0,"C",NA,NA,NA,NA,NA,NA,NA,NA,NA
"5695",1987,"7","5","wheat",0.93,0.72726,NA,NA,NA,NA,NA,NA,NA,NA,NA,NA,NA,"PKMg","PKMg",0,35,90,0,0,0,0,"C",NA,NA,NA,NA,NA,NA,NA,NA,NA
"5731",1987,"8","5","wheat",2.61,1.86876,NA,NA,NA,NA,NA,NA,NA,NA,NA,NA,NA,"PKMg","PKMg",0,35,90,0,0,0,0,"C",NA,NA,NA,NA,NA,NA,NA,NA,NA
"5776",1987,"9","5","wheat",1.31,1.05586,NA,NA,NA,NA,NA,NA,NA,NA,NA,NA,NA,"PKMg","PKMg",0,35,90,0,0,0,0,"C",NA,NA,NA,NA,NA,NA,NA,NA,NA
"5837",1987,"0","6","wheat",3.28,2.57152,NA,NA,NA,NA,NA,NA,NA,NA,NA,NA,NA,"N1PKMg","N1 PKMg",48,35,90,0,0,0,0,"C",NA,NA,NA,NA,NA,NA,NA,NA,NA
"5886",1987,"1","6","wheat",3.21,2.49096,2.5,2.16,51.170976,11.6475984,40.3959624,38.858976,8.8179984,14.1735624,12.312,2.8296,26.2224,"N1PKMg","N1 PKMg",48,35,90,0,0,0,0,"C",NA,NA,NA,NA,NA,NA,NA,NA,NA
"5985",1987,"4","6","wheat",4.01,3.14384,NA,NA,NA,NA,NA,NA,NA,NA,NA,NA,NA,"N1PKMg","N1 PKMg",48,35,90,0,0,0,0,"C",NA,NA,NA,NA,NA,NA,NA,NA,NA
"6017",1987,"5","6","wheat",4.77,3.73014,2.07,1.83609,58.648275,14.0044608,25.7971473,52.22196,12.682476,18.9118098,6.426315,1.3219848,6.8853375,"N1PKMg","N1 PKMg",48,35,90,0,0,0,0,"C",NA,NA,NA,NA,NA,NA,NA,NA,NA
"6052",1987,"6","6","wheat",3.39,2.6781,NA,NA,NA,NA,NA,NA,NA,NA,NA,NA,NA,"N1PKMg","N1 PKMg",48,35,90,0,0,0,0,"C",NA,NA,NA,NA,NA,NA,NA,NA,NA
"6091",1987,"7","6","wheat",2.01,1.5879,NA,NA,NA,NA,NA,NA,NA,NA,NA,NA,NA,"N1PKMg","N1 PKMg",48,35,90,0,0,0,0,"C",NA,NA,NA,NA,NA,NA,NA,NA,NA
"6127",1987,"8","6","wheat",3.23,2.40312,NA,NA,NA,NA,NA,NA,NA,NA,NA,NA,NA,"N1PKMg","N1 PKMg",48,35,90,0,0,0,0,"C",NA,NA,NA,NA,NA,NA,NA,NA,NA
"6172",1987,"9","6","wheat",3.55,2.8542,NA,NA,NA,NA,NA,NA,NA,NA,NA,NA,NA,"N1PKMg","N1 PKMg",48,35,90,0,0,0,0,"C",NA,NA,NA,NA,NA,NA,NA,NA,NA
"6233",1987,"0","7","wheat",4.62,3.58512,NA,NA,NA,NA,NA,NA,NA,NA,NA,NA,NA,"N2PKMg","N2 PKMg",96,35,90,0,0,0,0,"C",NA,NA,NA,NA,NA,NA,NA,NA,NA
"6282",1987,"1","7","wheat",5.32,4.16024,2.8,2.5228,87.723944,17.4336904,35.034552,77.380464,15.6425024,23.505356,10.34348,1.791188,11.529196,"N2PKMg","N2 PKMg",96,35,90,0,0,0,0,"C",0.682794541666667,NA,NA,NA,NA,NA,NA,NA,NA
"6381",1987,"4","7","wheat",5.51,4.26474,NA,NA,NA,NA,NA,NA,NA,NA,NA,NA,NA,"N2PKMg","N2 PKMg",96,35,90,0,0,0,0,"C",NA,NA,NA,NA,NA,NA,NA,NA,NA
"6413",1987,"5","7","wheat",6.95,5.3932,3.02,2.70592,93.067184,19.9886096,38.1713048,83.05528,18.013288,26.15702,10.011904,1.9753216,12.0142848,"N2PKMg","N2 PKMg",96,35,90,0,0,0,0,"C",0.69766921875,NA,NA,NA,NA,NA,NA,NA,NA
"6448",1987,"6","7","wheat",4.37,3.496,NA,NA,NA,NA,NA,NA,NA,NA,NA,NA,NA,"N2PKMg","N2 PKMg",96,35,90,0,0,0,0,"C",NA,NA,NA,NA,NA,NA,NA,NA,NA
"6487",1987,"7","7","wheat",3.99,3.17604,NA,NA,NA,NA,NA,NA,NA,NA,NA,NA,NA,"N2PKMg","N2 PKMg",96,35,90,0,0,0,0,"C",NA,NA,NA,NA,NA,NA,NA,NA,NA
"6523",1987,"8","7","wheat",2.02,1.58772,NA,NA,NA,NA,NA,NA,NA,NA,NA,NA,NA,"N2PKMg","N2 PKMg",96,35,90,0,0,0,0,"C",NA,NA,NA,NA,NA,NA,NA,NA,NA
"6568",1987,"9","7","wheat",4.89,3.912,NA,NA,NA,NA,NA,NA,NA,NA,NA,NA,NA,"N2PKMg","N2 PKMg",96,35,90,0,0,0,0,"C",NA,NA,NA,NA,NA,NA,NA,NA,NA
"6",1988,"2","1","potato",51.97,11.01764,NA,NA,172.976948,19.64445212,277.84284552,NA,NA,NA,NA,NA,NA,"FYM+NPK","FYM N4 PK",192,35,90,35,213.5,28.2744,218.988,"C",NA,NA,NA,NA,NA,NA,0.462755197916667,-0.0432136537142858,0.944980427999999
"35",1988,"2","10","potato",8.38,2.06148,NA,NA,29.479164,2.22433692,24.46564464,NA,NA,NA,NA,NA,NA,"N","N2",96,0,0,0,0,0,0,"C",NA,NA,NA,NA,NA,NA,NA,NA,NA
"64",1988,"2","11","potato",8.46,1.89504,NA,NA,35.626752,5.12418816,22.7973312,NA,NA,NA,NA,NA,NA,"NP","N2 P",96,35,0,0,0,0,0,"C",NA,NA,NA,NA,NA,NA,NA,NA,NA
"122",1988,"2","13","potato",26.97,5.42097,NA,NA,85.109229,10.87988679,132.19035345,NA,NA,NA,NA,NA,NA,"NPK","N2 PK",96,35,90,0,0,0,0,"C",NA,NA,NA,NA,NA,NA,NA,NA,NA
"151",1988,"2","14","potato",43.53,11.01309,NA,NA,121.14399,15.26414274,198.97349703,NA,NA,NA,NA,NA,NA,"N4PKMg","N2 PKMg*",96,35,90,0,0,0,0,"C",NA,NA,NA,NA,NA,NA,NA,NA,NA
"209",1988,"2","16","potato",51.63,11.30697,NA,NA,165.081762,15.72799527,263.19234069,NA,NA,NA,NA,NA,NA,"N5PKMg","N5 PKMg",240,35,90,0,0,0,0,"C",NA,0.38581881,2.671055661,NA,NA,NA,NA,NA,NA
"354",1988,"2","22","potato",37.02,8.3295,NA,NA,84.12795,21.15693,192.794607,NA,NA,NA,NA,NA,NA,"FYM","FYM",0,0,0,35,213.5,28.2744,218.988,"C",NA,NA,NA,0.21666056206089,0.255966210772834,0.227171887587822,NA,NA,NA
"383",1988,"2","3","potato",11.37,2.69469,NA,NA,30.180528,3.14200854,42.39286308,NA,NA,NA,NA,NA,NA,"Control","Nil",0,0,0,0,0,0,0,"C",NA,NA,NA,NA,NA,NA,NA,NA,NA
"412",1988,"2","5","potato",17.83,4.20788,NA,NA,37.87092,8.95436864,94.05453376,NA,NA,NA,NA,NA,NA,"PKMg","PKMg",0,35,90,0,0,0,0,"C",NA,NA,NA,NA,NA,NA,NA,NA,NA
"441",1988,"2","6","potato",33.64,7.70356,NA,NA,87.050228,13.34256592,167.167252,NA,NA,NA,NA,NA,NA,"N1PKMg","N1 PKMg",48,35,90,0,0,0,0,"C",NA,NA,NA,NA,NA,NA,NA,NA,NA
"470",1988,"2","7","potato",40.39,8.96658,NA,NA,118.358856,14.92038912,194.6644518,NA,NA,NA,NA,NA,NA,"N2PKMg","N2 PKMg",96,35,90,0,0,0,0,"C",0.838416,NA,NA,NA,NA,NA,NA,NA,NA
"4311",1988,"3","1","wheat",9.25,7.585,7.88,6.08336,228.596904,34.6248884,114.7563008,174.455,25.86485,38.5318,54.141904,8.7600384,76.2245008,"FYM+NPK","FYM N4 PK",192,35,90,35,213.5,28.2744,218.988,"C",NA,NA,NA,NA,NA,NA,NA,NA,NA
"7010",1988,"4","1","wheat",7.59,6.23898,NA,NA,NA,NA,NA,NA,NA,NA,NA,NA,NA,"FYM+NPK","FYM N4 PK",192,35,90,35,213.5,28.2744,218.988,"C",NA,NA,NA,NA,NA,NA,NA,NA,NA
"1021",1988,"5","1","wheat",8.16,6.72384,NA,NA,NA,NA,NA,NA,NA,NA,NA,NA,NA,"FYM+NPK","FYM N4 PK",192,35,90,35,213.5,28.2744,218.988,"C",NA,NA,NA,NA,NA,NA,NA,NA,NA
"1372",1988,"6","1","wheat",6.52,5.42464,NA,NA,NA,NA,NA,NA,NA,NA,NA,NA,NA,"FYM+NPK","FYM N4 PK",192,35,90,35,213.5,28.2744,218.988,"C",NA,NA,NA,NA,NA,NA,NA,NA,NA
"21410",1988,"0","10","wheat",1.77,1.4514,NA,NA,NA,NA,NA,NA,NA,NA,NA,NA,NA,"N","N2",96,0,0,0,0,0,0,"C",NA,NA,NA,NA,NA,NA,NA,NA,NA
"263",1988,"1","10","wheat",2.46,2.02704,1.85,1.38565,41.321374,5.7614537,24.6765371,31.621824,5.0270592,10.7230416,9.69955,0.7343945,13.9534955,"N","N2",96,0,0,0,0,0,0,"C",NA,NA,NA,NA,NA,NA,NA,NA,NA
"3351",1988,"3","10","wheat",7.36,6.06464,3.31,2.96576,137.307904,16.8883968,36.5600256,121.2928,15.464832,28.0186368,16.015104,1.4235648,8.5413888,"N","N2",96,0,0,0,0,0,0,"C",NA,NA,NA,NA,NA,NA,NA,NA,NA
"3622",1988,"4","10","wheat",4.92,4.05408,NA,NA,NA,NA,NA,NA,NA,NA,NA,NA,NA,"N","N2",96,0,0,0,0,0,0,"C",NA,NA,NA,NA,NA,NA,NA,NA,NA
"3941",1988,"5","10","wheat",3.56,2.82664,NA,NA,NA,NA,NA,NA,NA,NA,NA,NA,NA,"N","N2",96,0,0,0,0,0,0,"C",NA,NA,NA,NA,NA,NA,NA,NA,NA
"4291",1988,"6","10","wheat",2.78,2.3074,NA,NA,NA,NA,NA,NA,NA,NA,NA,NA,NA,"N","N2",96,0,0,0,0,0,0,"C",NA,NA,NA,NA,NA,NA,NA,NA,NA
"549",1988,"9","10","wheat",1.63,1.31704,NA,NA,NA,NA,NA,NA,NA,NA,NA,NA,NA,"N","N2",96,0,0,0,0,0,0,"C",NA,NA,NA,NA,NA,NA,NA,NA,NA
"610",1988,"0","11","wheat",1.57,1.28112,NA,NA,NA,NA,NA,NA,NA,NA,NA,NA,NA,"NP","N2 P",96,35,0,0,0,0,0,"C",NA,NA,NA,NA,NA,NA,NA,NA,NA
"659",1988,"1","11","wheat",2.62,2.16936,2.13,1.91487,49.339119,9.7209345,20.2458951,35.360568,7.2890496,11.8013184,13.978551,2.4318849,8.4445767,"NP","N2 P",96,35,0,0,0,0,0,"C",NA,NA,NA,NA,NA,NA,NA,NA,NA
"731",1988,"3","11","wheat",6.27,5.21664,3.26,2.87532,108.000924,19.0000776,33.7911108,88.161216,16.0672512,26.344032,19.839708,2.9328264,7.4470788,"NP","N2 P",96,35,0,0,0,0,0,"C",NA,NA,NA,NA,NA,NA,NA,NA,NA
"758",1988,"4","11","wheat",5.05,4.1814,NA,NA,NA,NA,NA,NA,NA,NA,NA,NA,NA,"NP","N2 P",96,35,0,0,0,0,0,"C",NA,NA,NA,NA,NA,NA,NA,NA,NA
"790",1988,"5","11","wheat",4.29,3.55212,NA,NA,NA,NA,NA,NA,NA,NA,NA,NA,NA,"NP","N2 P",96,35,0,0,0,0,0,"C",NA,NA,NA,NA,NA,NA,NA,NA,NA
"825",1988,"6","11","wheat",3.09,2.58942,NA,NA,NA,NA,NA,NA,NA,NA,NA,NA,NA,"NP","N2 P",96,35,0,0,0,0,0,"C",NA,NA,NA,NA,NA,NA,NA,NA,NA
"945",1988,"9","11","wheat",1.29,1.0191,NA,NA,NA,NA,NA,NA,NA,NA,NA,NA,NA,"NP","N2 P",96,35,0,0,0,0,0,"C",NA,NA,NA,NA,NA,NA,NA,NA,NA
"1402",1988,"0","13","wheat",5.03,4.20508,NA,NA,NA,NA,NA,NA,NA,NA,NA,NA,NA,"NPK","N2 PK",96,35,90,0,0,0,0,"C",NA,NA,NA,NA,NA,NA,NA,NA,NA
"1451",1988,"1","13","wheat",4.87,4.00314,3.09,2.8119,83.952384,14.4733632,38.2476108,70.455264,12.7299852,22.6978038,13.49712,1.743378,15.549807,"NPK","N2 PK",96,35,90,0,0,0,0,"C",NA,NA,NA,NA,NA,NA,NA,NA,NA
"1523",1988,"3","13","wheat",7.3,6.0152,4.88,3.94792,132.543976,22.4633952,55.9930192,107.67208,19.068184,31.27904,24.871896,3.3952112,24.7139792,"NPK","N2 PK",96,35,90,0,0,0,0,"C",NA,NA,NA,NA,NA,NA,NA,NA,NA
"1550",1988,"4","13","wheat",5.07,4.12698,NA,NA,NA,NA,NA,NA,NA,NA,NA,NA,NA,"NPK","N2 PK",96,35,90,0,0,0,0,"C",NA,NA,NA,NA,NA,NA,NA,NA,NA
"1582",1988,"5","13","wheat",3.82,3.15532,NA,NA,NA,NA,NA,NA,NA,NA,NA,NA,NA,"NPK","N2 PK",96,35,90,0,0,0,0,"C",NA,NA,NA,NA,NA,NA,NA,NA,NA
"1617",1988,"6","13","wheat",3.74,3.11168,NA,NA,NA,NA,NA,NA,NA,NA,NA,NA,NA,"NPK","N2 PK",96,35,90,0,0,0,0,"C",NA,NA,NA,NA,NA,NA,NA,NA,NA
"1737",1988,"9","13","wheat",4.76,3.84608,NA,NA,NA,NA,NA,NA,NA,NA,NA,NA,NA,"NPK","N2 PK",96,35,90,0,0,0,0,"C",NA,NA,NA,NA,NA,NA,NA,NA,NA
"1798",1988,"0","14","wheat",5.33,4.41324,NA,NA,NA,NA,NA,NA,NA,NA,NA,NA,NA,"N4PKMg","N2 PKMg*",96,35,90,0,0,0,0,"C",NA,NA,NA,NA,NA,NA,NA,NA,NA
"1847",1988,"1","14","wheat",5.9,4.9324,3.2,2.9248,93.55972,17.18412,38.430564,80.39812,15.487736,27.37482,13.1616,1.696384,11.055744,"N4PKMg","N2 PKMg*",96,35,90,0,0,0,0,"C",NA,NA,NA,NA,NA,NA,NA,NA,NA
"1919",1988,"3","14","wheat",7.96,6.59088,4.84,4.07528,133.643944,23.3815264,52.6244168,112.04496,20.3658192,34.7339376,21.598984,3.0157072,17.8904792,"N4PKMg","N2 PKMg*",96,35,90,0,0,0,0,"C",NA,NA,NA,NA,NA,NA,NA,NA,NA
"1946",1988,"4","14","wheat",5.46,4.49904,NA,NA,NA,NA,NA,NA,NA,NA,NA,NA,NA,"N4PKMg","N2 PKMg*",96,35,90,0,0,0,0,"C",NA,NA,NA,NA,NA,NA,NA,NA,NA
"1978",1988,"5","14","wheat",5.26,4.35528,NA,NA,NA,NA,NA,NA,NA,NA,NA,NA,NA,"N4PKMg","N2 PKMg*",96,35,90,0,0,0,0,"C",NA,NA,NA,NA,NA,NA,NA,NA,NA
"2013",1988,"6","14","wheat",4.97,4.14498,NA,NA,NA,NA,NA,NA,NA,NA,NA,NA,NA,"N4PKMg","N2 PKMg*",96,35,90,0,0,0,0,"C",NA,NA,NA,NA,NA,NA,NA,NA,NA
"2133",1988,"9","14","wheat",3.85,3.1185,NA,NA,NA,NA,NA,NA,NA,NA,NA,NA,NA,"N4PKMg","N2 PKMg*",96,35,90,0,0,0,0,"C",NA,NA,NA,NA,NA,NA,NA,NA,NA
"2590",1988,"0","16","wheat",3.65,3.0076,NA,NA,NA,NA,NA,NA,NA,NA,NA,NA,NA,"N5PKMg","N5 PKMg",240,35,90,0,0,0,0,"C",NA,NA,NA,NA,NA,NA,NA,NA,NA
"2639",1988,"1","16","wheat",6.71,5.58272,5.06,4.28076,183.1588,23.3142888,80.1518916,130.077376,17.9205312,27.9694272,53.081424,5.3937576,52.1824644,"N5PKMg","N5 PKMg",240,35,90,0,0,0,0,"C",NA,0.594405137142857,0.665622183333333,NA,NA,NA,NA,NA,NA
"2711",1988,"3","16","wheat",7.98,6.6234,6.88,5.0912,201.40672,28.317614,81.6149,137.76672,21.393582,31.924788,63.64,6.924032,49.690112,"N5PKMg","N5 PKMg",240,35,90,0,0,0,0,"C",NA,0.326549062857143,0.531375435555556,NA,NA,NA,NA,NA,NA
"2738",1988,"4","16","wheat",6.66,5.51448,NA,NA,NA,NA,NA,NA,NA,NA,NA,NA,NA,"N5PKMg","N5 PKMg",240,35,90,0,0,0,0,"C",NA,NA,NA,NA,NA,NA,NA,NA,NA
"2770",1988,"5","16","wheat",7.1,5.9214,NA,NA,NA,NA,NA,NA,NA,NA,NA,NA,NA,"N5PKMg","N5 PKMg",240,35,90,0,0,0,0,"C",NA,NA,NA,NA,NA,NA,NA,NA,NA
"2805",1988,"6","16","wheat",5,4.21,NA,NA,NA,NA,NA,NA,NA,NA,NA,NA,NA,"N5PKMg","N5 PKMg",240,35,90,0,0,0,0,"C",NA,NA,NA,NA,NA,NA,NA,NA,NA
"2925",1988,"9","16","wheat",6.9,5.589,NA,NA,NA,NA,NA,NA,NA,NA,NA,NA,NA,"N5PKMg","N5 PKMg",240,35,90,0,0,0,0,"C",NA,NA,NA,NA,NA,NA,NA,NA,NA
"4174",1988,"0","20","wheat",1.59,1.28472,NA,NA,NA,NA,NA,NA,NA,NA,NA,NA,NA,"NKMg","N2 KMg",96,0,90,0,0,0,0,"C",NA,NA,NA,NA,NA,NA,NA,NA,NA
"4223",1988,"1","20","wheat",1.32,1.07184,1.09,0.96138,26.366424,2.510109,14.3091984,19.82904,2.1543984,5.5414128,6.537384,0.3557106,8.7677856,"NKMg","N2 KMg",96,0,90,0,0,0,0,"C",NA,NA,NA,NA,NA,NA,NA,NA,NA
"4660",1988,"0","22","wheat",3.61,2.91688,NA,NA,NA,NA,NA,NA,NA,NA,NA,NA,NA,"FYM","FYM",0,0,0,35,213.5,28.2744,218.988,"C",NA,NA,NA,NA,NA,NA,NA,NA,NA
"4709",1988,"1","22","wheat",4.1,3.3128,3.56,2.61304,70.28364,18.3107552,79.2954696,50.68584,12.09172,19.744288,19.5978,6.2190352,59.5511816,"FYM","FYM",0,0,0,35,213.5,28.2744,218.988,"C",NA,NA,NA,0.273333170960187,0.205701245901639,0.0981008009367681,NA,NA,NA
"4781",1988,"3","22","wheat",6.49,5.26988,3.06,2.59182,115.972318,21.75866,49.3517332,102.235672,18.2337848,28.720846,13.736646,3.5248752,20.6308872,"FYM","FYM",0,0,0,35,213.5,28.2744,218.988,"C",NA,NA,NA,0.364182707259953,-0.0999324871194378,0.0373367400468386,NA,NA,NA
"4808",1988,"4","22","wheat",3.43,2.79888,NA,NA,NA,NA,NA,NA,NA,NA,NA,NA,NA,"FYM","FYM",0,0,0,35,213.5,28.2744,218.988,"C",NA,NA,NA,NA,NA,NA,NA,NA,NA
"4840",1988,"5","22","wheat",3.91,3.21402,NA,NA,NA,NA,NA,NA,NA,NA,NA,NA,NA,"FYM","FYM",0,0,0,35,213.5,28.2744,218.988,"C",NA,NA,NA,NA,NA,NA,NA,NA,NA
"4875",1988,"6","22","wheat",2.46,2.01228,NA,NA,NA,NA,NA,NA,NA,NA,NA,NA,NA,"FYM","FYM",0,0,0,35,213.5,28.2744,218.988,"C",NA,NA,NA,NA,NA,NA,NA,NA,NA
"4995",1988,"9","22","wheat",5.19,4.18314,NA,NA,NA,NA,NA,NA,NA,NA,NA,NA,NA,"FYM","FYM",0,0,0,35,213.5,28.2744,218.988,"C",NA,NA,NA,NA,NA,NA,NA,NA,NA
"5046",1988,"0","3","wheat",0.73,0.58984,NA,NA,NA,NA,NA,NA,NA,NA,NA,NA,NA,"Control","Nil",0,0,0,0,0,0,0,"C",NA,NA,NA,NA,NA,NA,NA,NA,NA
"5095",1988,"1","3","wheat",0.68,0.55352,0.4,0.3576,8.710424,2.219824,4.673932,7.029704,1.93732,3.18274,1.68072,0.282504,1.491192,"Control","Nil",0,0,0,0,0,0,0,"C",NA,NA,NA,NA,NA,NA,NA,NA,NA
"5167",1988,"3","3","wheat",2.87,2.3534,0.95,0.8607,36.24113,7.70061,14.746891,32.71226,7.201404,12.190612,3.52887,0.499206,2.556279,"Control","Nil",0,0,0,0,0,0,0,"C",NA,NA,NA,NA,NA,NA,NA,NA,NA
"5194",1988,"4","3","wheat",0.87,0.70818,NA,NA,NA,NA,NA,NA,NA,NA,NA,NA,NA,"Control","Nil",0,0,0,0,0,0,0,"C",NA,NA,NA,NA,NA,NA,NA,NA,NA
"5226",1988,"5","3","wheat",0.85,0.6936,NA,NA,NA,NA,NA,NA,NA,NA,NA,NA,NA,"Control","Nil",0,0,0,0,0,0,0,"C",NA,NA,NA,NA,NA,NA,NA,NA,NA
"5261",1988,"6","3","wheat",0.73,0.60152,NA,NA,NA,NA,NA,NA,NA,NA,NA,NA,NA,"Control","Nil",0,0,0,0,0,0,0,"C",NA,NA,NA,NA,NA,NA,NA,NA,NA
"5381",1988,"9","3","wheat",0.35,0.2779,NA,NA,NA,NA,NA,NA,NA,NA,NA,NA,NA,"Control","Nil",0,0,0,0,0,0,0,"C",NA,NA,NA,NA,NA,NA,NA,NA,NA
"5442",1988,"0","5","wheat",0.46,0.37352,NA,NA,NA,NA,NA,NA,NA,NA,NA,NA,NA,"PKMg","PKMg",0,35,90,0,0,0,0,"C",NA,NA,NA,NA,NA,NA,NA,NA,NA
"5491",1988,"1","5","wheat",0.86,0.69832,0.48,0.41184,11.927008,2.835372,7.815016,9.497152,2.2835064,3.84076,2.429856,0.5518656,3.974256,"PKMg","PKMg",0,35,90,0,0,0,0,"C",NA,NA,NA,NA,NA,NA,NA,NA,NA
"5563",1988,"3","5","wheat",2.9,2.3664,0.93,0.82863,38.21931,8.5845255,16.294497,34.07616,7.714464,12.399936,4.14315,0.8700615,3.894561,"PKMg","PKMg",0,35,90,0,0,0,0,"C",NA,NA,NA,NA,NA,NA,NA,NA,NA
"5590",1988,"4","5","wheat",0.99,0.80586,NA,NA,NA,NA,NA,NA,NA,NA,NA,NA,NA,"PKMg","PKMg",0,35,90,0,0,0,0,"C",NA,NA,NA,NA,NA,NA,NA,NA,NA
"5622",1988,"5","5","wheat",0.92,0.75624,NA,NA,NA,NA,NA,NA,NA,NA,NA,NA,NA,"PKMg","PKMg",0,35,90,0,0,0,0,"C",NA,NA,NA,NA,NA,NA,NA,NA,NA
"5657",1988,"6","5","wheat",0.99,0.81378,NA,NA,NA,NA,NA,NA,NA,NA,NA,NA,NA,"PKMg","PKMg",0,35,90,0,0,0,0,"C",NA,NA,NA,NA,NA,NA,NA,NA,NA
"5777",1988,"9","5","wheat",0.28,0.224,NA,NA,NA,NA,NA,NA,NA,NA,NA,NA,NA,"PKMg","PKMg",0,35,90,0,0,0,0,"C",NA,NA,NA,NA,NA,NA,NA,NA,NA
"5838",1988,"0","6","wheat",4.48,3.65568,NA,NA,NA,NA,NA,NA,NA,NA,NA,NA,NA,"N1PKMg","N1 PKMg",48,35,90,0,0,0,0,"C",NA,NA,NA,NA,NA,NA,NA,NA,NA
"5887",1988,"1","6","wheat",2.88,2.33856,2.73,2.44335,43.267203,9.7005531,31.6315314,32.272128,7.6237056,13.3064064,10.995075,2.0768475,18.325125,"N1PKMg","N1 PKMg",48,35,90,0,0,0,0,"C",NA,NA,NA,NA,NA,NA,NA,NA,NA
"5959",1988,"3","6","wheat",5.58,4.62024,2.86,2.50536,72.645216,15.8532936,34.5376704,62.37324,13.9993272,24.4410696,10.271976,1.8539664,10.0966008,"N1PKMg","N1 PKMg",48,35,90,0,0,0,0,"C",NA,NA,NA,NA,NA,NA,NA,NA,NA
"5986",1988,"4","6","wheat",4.33,3.58524,NA,NA,NA,NA,NA,NA,NA,NA,NA,NA,NA,"N1PKMg","N1 PKMg",48,35,90,0,0,0,0,"C",NA,NA,NA,NA,NA,NA,NA,NA,NA
"6018",1988,"5","6","wheat",3.42,2.83176,NA,NA,NA,NA,NA,NA,NA,NA,NA,NA,NA,"N1PKMg","N1 PKMg",48,35,90,0,0,0,0,"C",NA,NA,NA,NA,NA,NA,NA,NA,NA
"6053",1988,"6","6","wheat",3.51,2.90628,NA,NA,NA,NA,NA,NA,NA,NA,NA,NA,NA,"N1PKMg","N1 PKMg",48,35,90,0,0,0,0,"C",NA,NA,NA,NA,NA,NA,NA,NA,NA
"6173",1988,"9","6","wheat",3.35,2.6934,NA,NA,NA,NA,NA,NA,NA,NA,NA,NA,NA,"N1PKMg","N1 PKMg",48,35,90,0,0,0,0,"C",NA,NA,NA,NA,NA,NA,NA,NA,NA
"6234",1988,"0","7","wheat",5.32,4.37304,NA,NA,NA,NA,NA,NA,NA,NA,NA,NA,NA,"N2PKMg","N2 PKMg",96,35,90,0,0,0,0,"C",NA,NA,NA,NA,NA,NA,NA,NA,NA
"6283",1988,"1","7","wheat",4.1,3.321,3.43,2.98067,65.340287,15.3246914,49.731054,47.1582,11.09214,19.32822,18.182087,4.2325514,30.402834,"N2PKMg","N2 PKMg",96,35,90,0,0,0,0,"C",0.556388322916667,NA,NA,NA,NA,NA,NA,NA,NA
"6355",1988,"3","7","wheat",7.95,6.5667,5.26,4.4973,122.92116,23.861079,56.439924,101.78385,20.488104,33.818505,21.13731,3.372975,22.621419,"N2PKMg","N2 PKMg",96,35,90,0,0,0,0,"C",0.8823109375,NA,NA,NA,NA,NA,NA,NA,NA
"6382",1988,"4","7","wheat",6.41,5.30748,NA,NA,NA,NA,NA,NA,NA,NA,NA,NA,NA,"N2PKMg","N2 PKMg",96,35,90,0,0,0,0,"C",NA,NA,NA,NA,NA,NA,NA,NA,NA
"6414",1988,"5","7","wheat",6.02,4.98456,NA,NA,NA,NA,NA,NA,NA,NA,NA,NA,NA,"N2PKMg","N2 PKMg",96,35,90,0,0,0,0,"C",NA,NA,NA,NA,NA,NA,NA,NA,NA
"6449",1988,"6","7","wheat",4.79,4.00444,NA,NA,NA,NA,NA,NA,NA,NA,NA,NA,NA,"N2PKMg","N2 PKMg",96,35,90,0,0,0,0,"C",NA,NA,NA,NA,NA,NA,NA,NA,NA
"6569",1988,"9","7","wheat",4.26,3.4506,NA,NA,NA,NA,NA,NA,NA,NA,NA,NA,NA,"N2PKMg","N2 PKMg",96,35,90,0,0,0,0,"C",NA,NA,NA,NA,NA,NA,NA,NA,NA
"28",1989,"7","1","potato",21.54,5.1696,NA,NA,89.95104,8.452296,139.4189424,NA,NA,NA,NA,NA,NA,"FYM+NPK","FYM N4 PK",192,35,90,35,224,34.19094,243.6441,"C",NA,NA,NA,NA,NA,NA,0.053782,-0.149595778285714,-0.0669135146666668
"57",1989,"7","10","potato",5.55,1.28205,NA,NA,21.153825,2.13461325,21.62177325,NA,NA,NA,NA,NA,NA,"N","N2",96,0,0,0,0,0,0,"C",NA,NA,NA,NA,NA,NA,NA,NA,NA
"86",1989,"7","11","potato",6.45,1.5738,NA,NA,30.6891,4.1752914,23.079777,NA,NA,NA,NA,NA,NA,"NP","N2 P",96,35,0,0,0,0,0,"C",NA,NA,NA,NA,NA,NA,NA,NA,NA
"144",1989,"7","13","potato",14.01,3.02616,NA,NA,53.563032,7.035822,81.68513688,NA,NA,NA,NA,NA,NA,"NPK","N2 PK",96,35,90,0,0,0,0,"C",NA,NA,NA,NA,NA,NA,NA,NA,NA
"173",1989,"7","14","potato",18.35,4.31225,NA,NA,66.839875,8.762492,102.66173575,NA,NA,NA,NA,NA,NA,"N4PKMg","N2 PKMg*",96,35,90,0,0,0,0,"C",NA,NA,NA,NA,NA,NA,NA,NA,NA
"231",1989,"7","16","potato",20.78,4.55082,NA,NA,83.735088,7.04011854,124.52863848,NA,NA,NA,NA,NA,NA,"N5PKMg","N5 PKMg",240,35,90,0,0,0,0,"C",NA,0.140157294,1.127209572,NA,NA,NA,NA,NA,NA
"376",1989,"7","22","potato",23.92,5.23848,NA,NA,79.624896,13.68814824,145.44115872,NA,NA,NA,NA,NA,NA,"FYM","FYM",0,0,0,35,224,34.19094,243.6441,"C",NA,NA,NA,0.263857178571428,0.261031566964286,0.218463375,NA,NA,NA
"405",1989,"7","3","potato",7.22,1.66782,NA,NA,25.517646,3.0270933,34.4571612,NA,NA,NA,NA,NA,NA,"Control","Nil",0,0,0,0,0,0,0,"C",NA,NA,NA,NA,NA,NA,NA,NA,NA
"434",1989,"7","5","potato",6.42,1.56648,NA,NA,20.520888,4.6759428,44.24836056,NA,NA,NA,NA,NA,NA,"PKMg","PKMg",0,35,90,0,0,0,0,"C",NA,NA,NA,NA,NA,NA,NA,NA,NA
"463",1989,"7","6","potato",12.32,2.8952,NA,NA,45.45464,7.1019256,78.7668112,NA,NA,NA,NA,NA,NA,"N1PKMg","N1 PKMg",48,35,90,0,0,0,0,"C",NA,NA,NA,NA,NA,NA,NA,NA,NA
"492",1989,"7","7","potato",16.83,3.58479,NA,NA,61.658388,6.67846377,95.71747779,NA,NA,NA,NA,NA,NA,"N2PKMg","N2 PKMg",96,35,90,0,0,0,0,"C",0.428515625,NA,NA,NA,NA,NA,NA,NA,NA
"1011",1989,"2","1","wheat",8.66,7.74204,3.7,3.2375,200.278966,25.0137792,99.3162442,177.292716,23.0712792,40.4908692,22.98625,1.9425,58.825375,"FYM+NPK","FYM N4 PK",192,35,90,35,224,34.19094,243.6441,"C",NA,NA,NA,NA,NA,NA,NA,NA,NA
"4411",1989,"3","1","wheat",7.54,6.75584,NA,NA,NA,NA,NA,NA,NA,NA,NA,NA,NA,"FYM+NPK","FYM N4 PK",192,35,90,35,224,34.19094,243.6441,"C",NA,NA,NA,NA,NA,NA,NA,NA,NA
"1031",1989,"5","1","wheat",6.57,5.86044,NA,NA,NA,NA,NA,NA,NA,NA,NA,NA,NA,"FYM+NPK","FYM N4 PK",192,35,90,35,224,34.19094,243.6441,"C",NA,NA,NA,NA,NA,NA,NA,NA,NA
"13810",1989,"6","1","wheat",7.36,6.59456,NA,NA,NA,NA,NA,NA,NA,NA,NA,NA,NA,"FYM+NPK","FYM N4 PK",192,35,90,35,224,34.19094,243.6441,"C",NA,NA,NA,NA,NA,NA,NA,NA,NA
"21510",1989,"0","10","wheat",1.62,1.44828,NA,NA,NA,NA,NA,NA,NA,NA,NA,NA,NA,"N","N2",96,0,0,0,0,0,0,"C",NA,NA,NA,NA,NA,NA,NA,NA,NA
"264",1989,"1","10","wheat",2.48,2.20224,1.1,0.9812,45.159024,4.7404864,21.551472,39.860544,4.4265024,10.130304,5.29848,0.313984,11.421168,"N","N2",96,0,0,0,0,0,0,"C",NA,NA,NA,NA,NA,NA,NA,NA,NA
"3021",1989,"2","10","wheat",3.95,3.5313,0.56,0.5012,75.3556,9.367282,21.492538,73.45104,9.252006,18.71589,1.90456,0.115276,2.776648,"N","N2",96,0,0,0,0,0,0,"C",NA,NA,NA,NA,NA,NA,NA,NA,NA
"3361",1989,"3","10","wheat",1.63,1.46048,NA,NA,NA,NA,NA,NA,NA,NA,NA,NA,NA,"N","N2",96,0,0,0,0,0,0,"C",NA,NA,NA,NA,NA,NA,NA,NA,NA
"3951",1989,"5","10","wheat",3.16,2.82504,NA,NA,NA,NA,NA,NA,NA,NA,NA,NA,NA,"N","N2",96,0,0,0,0,0,0,"C",NA,NA,NA,NA,NA,NA,NA,NA,NA
"4301",1989,"6","10","wheat",2.49,2.20614,NA,NA,NA,NA,NA,NA,NA,NA,NA,NA,NA,"N","N2",96,0,0,0,0,0,0,"C",NA,NA,NA,NA,NA,NA,NA,NA,NA
"504",1989,"8","10","wheat",1.43,1.25554,NA,NA,NA,NA,NA,NA,NA,NA,NA,NA,NA,"N","N2",96,0,0,0,0,0,0,"C",NA,NA,NA,NA,NA,NA,NA,NA,NA
"550",1989,"9","10","wheat",2.16,1.90944,NA,NA,NA,NA,NA,NA,NA,NA,NA,NA,NA,"N","N2",96,0,0,0,0,0,0,"C",NA,NA,NA,NA,NA,NA,NA,NA,NA
"611",1989,"0","11","wheat",2.57,2.29244,NA,NA,NA,NA,NA,NA,NA,NA,NA,NA,NA,"NP","N2 P",96,35,0,0,0,0,0,"C",NA,NA,NA,NA,NA,NA,NA,NA,NA
"660",1989,"1","11","wheat",2.58,2.2962,0.92,0.82616,55.528044,7.4466252,16.0137072,49.82754,6.727866,11.205456,5.700504,0.7187592,4.8082512,"NP","N2 P",96,35,0,0,0,0,0,"C",NA,NA,NA,NA,NA,NA,NA,NA,NA
"698",1989,"2","11","wheat",4.77,4.28346,0.9,0.8073,84.727008,12.356973,24.7954248,80.529048,11.993688,21.7599768,4.19796,0.363285,3.035448,"NP","N2 P",96,35,0,0,0,0,0,"C",NA,NA,NA,NA,NA,NA,NA,NA,NA
"732",1989,"3","11","wheat",2.68,2.40664,NA,NA,NA,NA,NA,NA,NA,NA,NA,NA,NA,"NP","N2 P",96,35,0,0,0,0,0,"C",NA,NA,NA,NA,NA,NA,NA,NA,NA
"791",1989,"5","11","wheat",2.54,2.27076,NA,NA,NA,NA,NA,NA,NA,NA,NA,NA,NA,"NP","N2 P",96,35,0,0,0,0,0,"C",NA,NA,NA,NA,NA,NA,NA,NA,NA
"826",1989,"6","11","wheat",2,1.784,NA,NA,NA,NA,NA,NA,NA,NA,NA,NA,NA,"NP","N2 P",96,35,0,0,0,0,0,"C",NA,NA,NA,NA,NA,NA,NA,NA,NA
"900",1989,"8","11","wheat",1.36,1.20224,NA,NA,NA,NA,NA,NA,NA,NA,NA,NA,NA,"NP","N2 P",96,35,0,0,0,0,0,"C",NA,NA,NA,NA,NA,NA,NA,NA,NA
"946",1989,"9","11","wheat",1.98,1.73844,NA,NA,NA,NA,NA,NA,NA,NA,NA,NA,NA,"NP","N2 P",96,35,0,0,0,0,0,"C",NA,NA,NA,NA,NA,NA,NA,NA,NA
"1403",1989,"0","13","wheat",3.17,2.82764,NA,NA,NA,NA,NA,NA,NA,NA,NA,NA,NA,"NPK","N2 PK",96,35,90,0,0,0,0,"C",NA,NA,NA,NA,NA,NA,NA,NA,NA
"1452",1989,"1","13","wheat",4.67,4.21234,0.93,0.83886,94.002832,13.5198074,32.4725412,90.144076,13.1003774,21.6093042,3.858756,0.41943,10.863237,"NPK","N2 PK",96,35,90,0,0,0,0,"C",NA,NA,NA,NA,NA,NA,NA,NA,NA
"1490",1989,"2","13","wheat",5.59,5.06454,1.46,1.31254,108.69803,14.9927626,42.358273,103.316616,14.5858752,27.1459344,5.381414,0.4068874,15.2123386,"NPK","N2 PK",96,35,90,0,0,0,0,"C",NA,NA,NA,NA,NA,NA,NA,NA,NA
"1524",1989,"3","13","wheat",3.63,3.24522,NA,NA,NA,NA,NA,NA,NA,NA,NA,NA,NA,"NPK","N2 PK",96,35,90,0,0,0,0,"C",NA,NA,NA,NA,NA,NA,NA,NA,NA
"1583",1989,"5","13","wheat",3.87,3.45978,NA,NA,NA,NA,NA,NA,NA,NA,NA,NA,NA,"NPK","N2 PK",96,35,90,0,0,0,0,"C",NA,NA,NA,NA,NA,NA,NA,NA,NA
"1618",1989,"6","13","wheat",3.15,2.8098,NA,NA,NA,NA,NA,NA,NA,NA,NA,NA,NA,"NPK","N2 PK",96,35,90,0,0,0,0,"C",NA,NA,NA,NA,NA,NA,NA,NA,NA
"1692",1989,"8","13","wheat",2.78,2.45752,NA,NA,NA,NA,NA,NA,NA,NA,NA,NA,NA,"NPK","N2 PK",96,35,90,0,0,0,0,"C",NA,NA,NA,NA,NA,NA,NA,NA,NA
"1738",1989,"9","13","wheat",5.06,4.5034,NA,NA,NA,NA,NA,NA,NA,NA,NA,NA,NA,"NPK","N2 PK",96,35,90,0,0,0,0,"C",NA,NA,NA,NA,NA,NA,NA,NA,NA
"1799",1989,"0","14","wheat",3.49,3.15496,NA,NA,NA,NA,NA,NA,NA,NA,NA,NA,NA,"N4PKMg","N2 PKMg*",96,35,90,0,0,0,0,"C",NA,NA,NA,NA,NA,NA,NA,NA,NA
"1848",1989,"1","14","wheat",4.65,4.185,1.02,0.91902,85.793982,13.470759,31.62012,82.026,13.0572,21.5109,3.767982,0.413559,10.10922,"N4PKMg","N2 PKMg*",96,35,90,0,0,0,0,"C",NA,NA,NA,NA,NA,NA,NA,NA,NA
"1886",1989,"2","14","wheat",6.13,5.52926,1.23,1.107,108.377514,17.4617934,38.9027106,104.503014,17.0854134,29.3603706,3.8745,0.37638,9.54234,"N4PKMg","N2 PKMg*",96,35,90,0,0,0,0,"C",NA,NA,NA,NA,NA,NA,NA,NA,NA
"1920",1989,"3","14","wheat",4.19,3.771,NA,NA,NA,NA,NA,NA,NA,NA,NA,NA,NA,"N4PKMg","N2 PKMg*",96,35,90,0,0,0,0,"C",NA,NA,NA,NA,NA,NA,NA,NA,NA
"1979",1989,"5","14","wheat",3.93,3.52914,NA,NA,NA,NA,NA,NA,NA,NA,NA,NA,NA,"N4PKMg","N2 PKMg*",96,35,90,0,0,0,0,"C",NA,NA,NA,NA,NA,NA,NA,NA,NA
"2014",1989,"6","14","wheat",3.63,3.24522,NA,NA,NA,NA,NA,NA,NA,NA,NA,NA,NA,"N4PKMg","N2 PKMg*",96,35,90,0,0,0,0,"C",NA,NA,NA,NA,NA,NA,NA,NA,NA
"2088",1989,"8","14","wheat",4.13,3.6757,NA,NA,NA,NA,NA,NA,NA,NA,NA,NA,NA,"N4PKMg","N2 PKMg*",96,35,90,0,0,0,0,"C",NA,NA,NA,NA,NA,NA,NA,NA,NA
"2134",1989,"9","14","wheat",4.82,4.2898,NA,NA,NA,NA,NA,NA,NA,NA,NA,NA,NA,"N4PKMg","N2 PKMg*",96,35,90,0,0,0,0,"C",NA,NA,NA,NA,NA,NA,NA,NA,NA
"2591",1989,"0","16","wheat",1.98,1.7226,NA,NA,NA,NA,NA,NA,NA,NA,NA,NA,NA,"N5PKMg","N5 PKMg",240,35,90,0,0,0,0,"C",NA,NA,NA,NA,NA,NA,NA,NA,NA
"2640",1989,"1","16","wheat",4.63,4.167,1.11,0.99234,113.383584,12.2490864,38.2881186,105.8418,11.79261,21.62673,7.541784,0.4564764,16.6613886,"N5PKMg","N5 PKMg",240,35,90,0,0,0,0,"C",NA,0.196221234285714,0.24749346,NA,NA,NA,NA,NA,NA
"2678",1989,"2","16","wheat",7.13,6.44552,1.64,1.46288,162.354432,18.383476,52.957052,152.114272,17.72518,32.549876,10.24016,0.658296,20.407176,"N5PKMg","N5 PKMg",240,35,90,0,0,0,0,"C",NA,0.257605542857143,0.312906968888889,NA,NA,NA,NA,NA,NA
"2712",1989,"3","16","wheat",6.42,5.75232,NA,NA,NA,NA,NA,NA,NA,NA,NA,NA,NA,"N5PKMg","N5 PKMg",240,35,90,0,0,0,0,"C",NA,NA,NA,NA,NA,NA,NA,NA,NA
"2771",1989,"5","16","wheat",5.07,4.53258,NA,NA,NA,NA,NA,NA,NA,NA,NA,NA,NA,"N5PKMg","N5 PKMg",240,35,90,0,0,0,0,"C",NA,NA,NA,NA,NA,NA,NA,NA,NA
"2806",1989,"6","16","wheat",5.97,5.36106,NA,NA,NA,NA,NA,NA,NA,NA,NA,NA,NA,"N5PKMg","N5 PKMg",240,35,90,0,0,0,0,"C",NA,NA,NA,NA,NA,NA,NA,NA,NA
"2880",1989,"8","16","wheat",5.95,5.3074,NA,NA,NA,NA,NA,NA,NA,NA,NA,NA,NA,"N5PKMg","N5 PKMg",240,35,90,0,0,0,0,"C",NA,NA,NA,NA,NA,NA,NA,NA,NA
"2926",1989,"9","16","wheat",5.82,5.19144,NA,NA,NA,NA,NA,NA,NA,NA,NA,NA,NA,"N5PKMg","N5 PKMg",240,35,90,0,0,0,0,"C",NA,NA,NA,NA,NA,NA,NA,NA,NA
"4175",1989,"0","20","wheat",2.53,2.2264,NA,NA,NA,NA,NA,NA,NA,NA,NA,NA,NA,"NKMg","N2 KMg",96,0,90,0,0,0,0,"C",NA,NA,NA,NA,NA,NA,NA,NA,NA
"4224",1989,"1","20","wheat",2.42,2.15864,0.74,0.66304,45.656944,5.3813432,19.124072,41.877616,5.2023224,10.6636816,3.779328,0.1790208,8.4603904,"NKMg","N2 KMg",96,0,90,0,0,0,0,"C",NA,NA,NA,NA,NA,NA,NA,NA,NA
"4661",1989,"0","22","wheat",4.7,4.2018,NA,NA,NA,NA,NA,NA,NA,NA,NA,NA,NA,"FYM","FYM",0,0,0,35,224,34.19094,243.6441,"C",NA,NA,NA,NA,NA,NA,NA,NA,NA
"4710",1989,"1","22","wheat",5.9,5.2274,2.31,2.05821,92.583426,22.0141307,65.9997412,83.11566,19.811846,29.116618,9.467766,2.2022847,36.8831232,"FYM","FYM",0,0,0,35,224,34.19094,243.6441,"C",NA,NA,NA,0.335395151785714,0.209493223214286,0.1654258125,NA,NA,NA
"4748",1989,"2","22","wheat",6.81,6.08814,1.75,1.5365,113.604564,22.036431,54.3463898,107.151264,20.699676,33.9109398,6.4533,1.336755,20.43545,"FYM","FYM",0,0,0,35,224,34.19094,243.6441,"C",NA,NA,NA,0.298450214285714,0.170754303571428,0.128917660714286,NA,NA,NA
"4782",1989,"3","22","wheat",4.96,4.4144,NA,NA,NA,NA,NA,NA,NA,NA,NA,NA,NA,"FYM","FYM",0,0,0,35,224,34.19094,243.6441,"C",NA,NA,NA,NA,NA,NA,NA,NA,NA
"4841",1989,"5","22","wheat",5.02,4.47784,NA,NA,NA,NA,NA,NA,NA,NA,NA,NA,NA,"FYM","FYM",0,0,0,35,224,34.19094,243.6441,"C",NA,NA,NA,NA,NA,NA,NA,NA,NA
"4876",1989,"6","22","wheat",5.21,4.61606,NA,NA,NA,NA,NA,NA,NA,NA,NA,NA,NA,"FYM","FYM",0,0,0,35,224,34.19094,243.6441,"C",NA,NA,NA,NA,NA,NA,NA,NA,NA
"4950",1989,"8","22","wheat",7.16,6.35808,NA,NA,NA,NA,NA,NA,NA,NA,NA,NA,NA,"FYM","FYM",0,0,0,35,224,34.19094,243.6441,"C",NA,NA,NA,NA,NA,NA,NA,NA,NA
"4996",1989,"9","22","wheat",6.62,5.90504,NA,NA,NA,NA,NA,NA,NA,NA,NA,NA,NA,"FYM","FYM",0,0,0,35,224,34.19094,243.6441,"C",NA,NA,NA,NA,NA,NA,NA,NA,NA
"5047",1989,"0","3","wheat",0.9,0.7956,NA,NA,NA,NA,NA,NA,NA,NA,NA,NA,NA,"Control","Nil",0,0,0,0,0,0,0,"C",NA,NA,NA,NA,NA,NA,NA,NA,NA
"5096",1989,"1","3","wheat",0.9,0.7938,0.3,0.2667,14.03304,2.792706,6.78174,12.85956,2.643354,4.08807,1.17348,0.149352,2.69367,"Control","Nil",0,0,0,0,0,0,0,"C",NA,NA,NA,NA,NA,NA,NA,NA,NA
"5134",1989,"2","3","wheat",3.04,2.71168,NA,NA,53.8280010623282,9.81437048540485,30.0279292246293,48.539072,9.0570112,15.2125248,5.28892906232824,0.757359285404846,14.8154044246293,"Control","Nil",0,0,0,0,0,0,0,"C",NA,NA,NA,NA,NA,NA,NA,NA,NA
"5168",1989,"3","3","wheat",0.66,0.5874,NA,NA,NA,NA,NA,NA,NA,NA,NA,NA,NA,"Control","Nil",0,0,0,0,0,0,0,"C",NA,NA,NA,NA,NA,NA,NA,NA,NA
"5227",1989,"5","3","wheat",0.83,0.72708,NA,NA,NA,NA,NA,NA,NA,NA,NA,NA,NA,"Control","Nil",0,0,0,0,0,0,0,"C",NA,NA,NA,NA,NA,NA,NA,NA,NA
"5262",1989,"6","3","wheat",0.97,0.85942,NA,NA,NA,NA,NA,NA,NA,NA,NA,NA,NA,"Control","Nil",0,0,0,0,0,0,0,"C",NA,NA,NA,NA,NA,NA,NA,NA,NA
"5336",1989,"8","3","wheat",1.54,1.35212,NA,NA,NA,NA,NA,NA,NA,NA,NA,NA,NA,"Control","Nil",0,0,0,0,0,0,0,"C",NA,NA,NA,NA,NA,NA,NA,NA,NA
"5382",1989,"9","3","wheat",0.74,0.64528,NA,NA,NA,NA,NA,NA,NA,NA,NA,NA,NA,"Control","Nil",0,0,0,0,0,0,0,"C",NA,NA,NA,NA,NA,NA,NA,NA,NA
"5443",1989,"0","5","wheat",0.9,0.792,NA,NA,NA,NA,NA,NA,NA,NA,NA,NA,NA,"PKMg","PKMg",0,35,90,0,0,0,0,"C",NA,NA,NA,NA,NA,NA,NA,NA,NA
"5492",1989,"1","5","wheat",1.12,0.99008,0.3,0.2676,17.454912,4.0416856,10.2665224,15.742272,3.5840896,5.4256384,1.71264,0.457596,4.840884,"PKMg","PKMg",0,35,90,0,0,0,0,"C",NA,NA,NA,NA,NA,NA,NA,NA,NA
"5530",1989,"2","5","wheat",2.86,2.52252,0.47,0.42065,46.751716,9.5310985,18.4250308,44.900856,9.207198,14.3531388,1.85086,0.3239005,4.071892,"PKMg","PKMg",0,35,90,0,0,0,0,"C",NA,NA,NA,NA,NA,NA,NA,NA,NA
"5564",1989,"3","5","wheat",0.95,0.8436,NA,NA,NA,NA,NA,NA,NA,NA,NA,NA,NA,"PKMg","PKMg",0,35,90,0,0,0,0,"C",NA,NA,NA,NA,NA,NA,NA,NA,NA
"5623",1989,"5","5","wheat",0.99,0.8712,NA,NA,NA,NA,NA,NA,NA,NA,NA,NA,NA,"PKMg","PKMg",0,35,90,0,0,0,0,"C",NA,NA,NA,NA,NA,NA,NA,NA,NA
"5658",1989,"6","5","wheat",1.31,1.15018,NA,NA,NA,NA,NA,NA,NA,NA,NA,NA,NA,"PKMg","PKMg",0,35,90,0,0,0,0,"C",NA,NA,NA,NA,NA,NA,NA,NA,NA
"5732",1989,"8","5","wheat",3,2.622,NA,NA,NA,NA,NA,NA,NA,NA,NA,NA,NA,"PKMg","PKMg",0,35,90,0,0,0,0,"C",NA,NA,NA,NA,NA,NA,NA,NA,NA
"5778",1989,"9","5","wheat",1.62,1.42884,NA,NA,NA,NA,NA,NA,NA,NA,NA,NA,NA,"PKMg","PKMg",0,35,90,0,0,0,0,"C",NA,NA,NA,NA,NA,NA,NA,NA,NA
"5839",1989,"0","6","wheat",3.11,2.77412,NA,NA,NA,NA,NA,NA,NA,NA,NA,NA,NA,"N1PKMg","N1 PKMg",48,35,90,0,0,0,0,"C",NA,NA,NA,NA,NA,NA,NA,NA,NA
"5888",1989,"1","6","wheat",2.34,2.0592,0.8,0.7104,39.68064,7.654224,23.17032,35.41824,6.815952,10.851984,4.2624,0.838272,12.318336,"N1PKMg","N1 PKMg",48,35,90,0,0,0,0,"C",NA,NA,NA,NA,NA,NA,NA,NA,NA
"5926",1989,"2","6","wheat",5.46,4.90308,1.29,1.15197,86.288442,16.0785738,37.3399974,82.371744,15.6408252,26.6727552,3.916698,0.4377486,10.6672422,"N1PKMg","N1 PKMg",48,35,90,0,0,0,0,"C",NA,NA,NA,NA,NA,NA,NA,NA,NA
"5960",1989,"3","6","wheat",3.16,2.82504,NA,NA,NA,NA,NA,NA,NA,NA,NA,NA,NA,"N1PKMg","N1 PKMg",48,35,90,0,0,0,0,"C",NA,NA,NA,NA,NA,NA,NA,NA,NA
"6019",1989,"5","6","wheat",2.56,2.26816,NA,NA,NA,NA,NA,NA,NA,NA,NA,NA,NA,"N1PKMg","N1 PKMg",48,35,90,0,0,0,0,"C",NA,NA,NA,NA,NA,NA,NA,NA,NA
"6054",1989,"6","6","wheat",3.27,2.89722,NA,NA,NA,NA,NA,NA,NA,NA,NA,NA,NA,"N1PKMg","N1 PKMg",48,35,90,0,0,0,0,"C",NA,NA,NA,NA,NA,NA,NA,NA,NA
"6128",1989,"8","6","wheat",4.21,3.73006,NA,NA,NA,NA,NA,NA,NA,NA,NA,NA,NA,"N1PKMg","N1 PKMg",48,35,90,0,0,0,0,"C",NA,NA,NA,NA,NA,NA,NA,NA,NA
"6174",1989,"9","6","wheat",3.48,3.10416,NA,NA,NA,NA,NA,NA,NA,NA,NA,NA,NA,"N1PKMg","N1 PKMg",48,35,90,0,0,0,0,"C",NA,NA,NA,NA,NA,NA,NA,NA,NA
"6235",1989,"0","7","wheat",3.53,3.16288,NA,NA,NA,NA,NA,NA,NA,NA,NA,NA,NA,"N2PKMg","N2 PKMg",96,35,90,0,0,0,0,"C",NA,NA,NA,NA,NA,NA,NA,NA,NA
"6284",1989,"1","7","wheat",4.4,3.9336,1,0.888,80.91696,13.920984,32.592576,77.09856,13.334904,21.084096,3.8184,0.58608,11.50848,"N2PKMg","N2 PKMg",96,35,90,0,0,0,0,"C",0.661063,NA,NA,NA,NA,NA,NA,NA,NA
"6322",1989,"2","7","wheat",6.21,5.60142,1.41,1.26336,112.908174,16.2689274,42.4906854,108.107406,15.8520186,28.0631142,4.800768,0.4169088,14.4275712,"N2PKMg","N2 PKMg",96,35,90,0,0,0,0,"C",0.689129770833333,NA,NA,NA,NA,NA,NA,NA,NA
"6356",1989,"3","7","wheat",4.27,3.83446,NA,NA,NA,NA,NA,NA,NA,NA,NA,NA,NA,"N2PKMg","N2 PKMg",96,35,90,0,0,0,0,"C",NA,NA,NA,NA,NA,NA,NA,NA,NA
"6415",1989,"5","7","wheat",3.73,3.32716,NA,NA,NA,NA,NA,NA,NA,NA,NA,NA,NA,"N2PKMg","N2 PKMg",96,35,90,0,0,0,0,"C",NA,NA,NA,NA,NA,NA,NA,NA,NA
"6450",1989,"6","7","wheat",4.52,4.04088,NA,NA,NA,NA,NA,NA,NA,NA,NA,NA,NA,"N2PKMg","N2 PKMg",96,35,90,0,0,0,0,"C",NA,NA,NA,NA,NA,NA,NA,NA,NA
"6524",1989,"8","7","wheat",4.58,4.04872,NA,NA,NA,NA,NA,NA,NA,NA,NA,NA,NA,"N2PKMg","N2 PKMg",96,35,90,0,0,0,0,"C",NA,NA,NA,NA,NA,NA,NA,NA,NA
"6570",1989,"9","7","wheat",4.31,3.84452,NA,NA,NA,NA,NA,NA,NA,NA,NA,NA,NA,"N2PKMg","N2 PKMg",96,35,90,0,0,0,0,"C",NA,NA,NA,NA,NA,NA,NA,NA,NA
"17",1990,"4","1","potato",14.5,3.277,NA,NA,60.6245,6.901362,90.405876,NA,NA,NA,NA,NA,NA,"FYM+NPK","FYM N4 PK",192,35,90,35,290.5,48.64552,419.5268,"C",NA,NA,NA,NA,NA,NA,-0.0531278124999999,-0.0710649828571428,-0.314822566666666
"46",1990,"4","10","potato",5.07,1.18131,NA,NA,20.200401,1.63729566,18.05159811,NA,NA,NA,NA,NA,NA,"N","N2",96,0,0,0,0,0,0,"C",NA,NA,NA,NA,NA,NA,NA,NA,NA
"75",1990,"4","11","potato",5.99,1.42562,NA,NA,26.659094,3.11640532,18.8324402,NA,NA,NA,NA,NA,NA,"NP","N2 P",96,35,0,0,0,0,0,"C",NA,NA,NA,NA,NA,NA,NA,NA,NA
"133",1990,"4","13","potato",9.44,1.89744,NA,NA,38.707776,4.44190704,51.92154816,NA,NA,NA,NA,NA,NA,"NPK","N2 PK",96,35,90,0,0,0,0,"C",NA,NA,NA,NA,NA,NA,NA,NA,NA
"162",1990,"4","14","potato",16.87,4.08254,NA,NA,71.852704,7.60577202,100.42231892,NA,NA,NA,NA,NA,NA,"N4PKMg","N2 PKMg*",96,35,90,0,0,0,0,"C",NA,NA,NA,NA,NA,NA,NA,NA,NA
"220",1990,"4","16","potato",20.88,4.78152,NA,NA,79.851384,6.22075752,117.63495504,NA,NA,NA,NA,NA,NA,"N5PKMg","N5 PKMg",240,35,90,0,0,0,0,"C",NA,0.130956053142857,1.09780572044444,NA,NA,NA,NA,NA,NA
"365",1990,"4","22","potato",19.63,4.3186,NA,NA,70.82504,9.3886364,118.739907,NA,NA,NA,NA,NA,NA,"FYM","FYM",0,0,0,35,290.5,48.64552,419.5268,"C",NA,NA,NA,0.169697211703959,0.17426725989673,0.152034237521515,NA,NA,NA
"394",1990,"4","3","potato",3.68,0.81328,NA,NA,14.151072,1.27522304,16.78935232,NA,NA,NA,NA,NA,NA,"Control","Nil",0,0,0,0,0,0,0,"C",NA,NA,NA,NA,NA,NA,NA,NA,NA
"423",1990,"4","5","potato",7.2,1.656,NA,NA,21.528,3.507408,40.361688,NA,NA,NA,NA,NA,NA,"PKMg","PKMg",0,35,90,0,0,0,0,"C",NA,NA,NA,NA,NA,NA,NA,NA,NA
"452",1990,"4","6","potato",13.71,3.08475,NA,NA,50.898375,5.2379055,75.51776475,NA,NA,NA,NA,NA,NA,"N1PKMg","N1 PKMg",48,35,90,0,0,0,0,"C",NA,NA,NA,NA,NA,NA,NA,NA,NA
"481",1990,"4","7","potato",12.43,3.04535,NA,NA,47.202925,3.898048,64.7624131,NA,NA,NA,NA,NA,NA,"N2PKMg","N2 PKMg",96,35,90,0,0,0,0,"C",0.267447135416667,NA,NA,NA,NA,NA,NA,NA,NA
"1111",1990,"2","1","wheat",9.08,8.13568,NA,NA,NA,NA,NA,NA,NA,NA,NA,NA,NA,"FYM+NPK","FYM N4 PK",192,35,90,35,290.5,48.64552,419.5268,"C",NA,NA,NA,NA,NA,NA,NA,NA,NA
"4511",1990,"3","1","wheat",7.25,6.496,NA,NA,NA,NA,NA,NA,NA,NA,NA,NA,NA,"FYM+NPK","FYM N4 PK",192,35,90,35,290.5,48.64552,419.5268,"C",NA,NA,NA,NA,NA,NA,NA,NA,NA
"13910",1990,"6","1","wheat",8.39,7.61812,NA,NA,NA,NA,NA,NA,NA,NA,NA,NA,NA,"FYM+NPK","FYM N4 PK",192,35,90,35,290.5,48.64552,419.5268,"C",NA,NA,NA,NA,NA,NA,NA,NA,NA
"17610",1990,"7","1","wheat",9.43,8.54358,6.71,5.83099,232.193122,31.0223767,154.2907995,191.376192,25.7161758,47.7586122,40.81693,5.3062009,106.5321873,"FYM+NPK","FYM N4 PK",192,35,90,35,290.5,48.64552,419.5268,"C",NA,NA,NA,NA,NA,NA,NA,NA,NA
"2168",1990,"0","10","wheat",5.28,4.72032,NA,NA,NA,NA,NA,NA,NA,NA,NA,NA,NA,"N","N2",96,0,0,0,0,0,0,"C",NA,NA,NA,NA,NA,NA,NA,NA,NA
"265",1990,"1","10","wheat",4.73,4.22862,1.82,1.69624,96.775744,9.9217322,34.7565042,87.955296,9.4298226,20.7625242,8.820448,0.4919096,13.99398,"N","N2",96,0,0,0,0,0,0,"C",NA,NA,NA,NA,NA,NA,NA,NA,NA
"3031",1990,"2","10","wheat",6.73,6.04354,NA,NA,NA,NA,NA,NA,NA,NA,NA,NA,NA,"N","N2",96,0,0,0,0,0,0,"C",NA,NA,NA,NA,NA,NA,NA,NA,NA
"3371",1990,"3","10","wheat",4.64,4.176,NA,NA,NA,NA,NA,NA,NA,NA,NA,NA,NA,"N","N2",96,0,0,0,0,0,0,"C",NA,NA,NA,NA,NA,NA,NA,NA,NA
"4312",1990,"6","10","wheat",4.85,4.4135,NA,NA,NA,NA,NA,NA,NA,NA,NA,NA,NA,"N","N2",96,0,0,0,0,0,0,"C",NA,NA,NA,NA,NA,NA,NA,NA,NA
"46810",1990,"7","10","wheat",6.99,6.291,1.71,1.56294,126.570078,13.6967886,38.9175462,120.7872,13.39983,27.61749,5.782878,0.2969586,11.3000562,"N","N2",96,0,0,0,0,0,0,"C",NA,NA,NA,NA,NA,NA,NA,NA,NA
"505",1990,"8","10","wheat",4.71,4.26726,NA,NA,NA,NA,NA,NA,NA,NA,NA,NA,NA,"N","N2",96,0,0,0,0,0,0,"C",NA,NA,NA,NA,NA,NA,NA,NA,NA
"551",1990,"9","10","wheat",4.7,4.2582,NA,NA,NA,NA,NA,NA,NA,NA,NA,NA,NA,"N","N2",96,0,0,0,0,0,0,"C",NA,NA,NA,NA,NA,NA,NA,NA,NA
"612",1990,"0","11","wheat",5.87,5.25952,NA,NA,NA,NA,NA,NA,NA,NA,NA,NA,NA,"NP","N2 P",96,35,0,0,0,0,0,"C",NA,NA,NA,NA,NA,NA,NA,NA,NA
"661",1990,"1","11","wheat",4.87,4.383,1.82,1.6926,98.15412,14.438406,30.79509,87.66,13.23666,21.73968,10.49412,1.201746,9.05541,"NP","N2 P",96,35,0,0,0,0,0,"C",NA,NA,NA,NA,NA,NA,NA,NA,NA
"699",1990,"2","11","wheat",7.1,6.3474,NA,NA,NA,NA,NA,NA,NA,NA,NA,NA,NA,"NP","N2 P",96,35,0,0,0,0,0,"C",NA,NA,NA,NA,NA,NA,NA,NA,NA
"733",1990,"3","11","wheat",5.87,5.25952,NA,NA,NA,NA,NA,NA,NA,NA,NA,NA,NA,"NP","N2 P",96,35,0,0,0,0,0,"C",NA,NA,NA,NA,NA,NA,NA,NA,NA
"827",1990,"6","11","wheat",5.19,4.70214,NA,NA,NA,NA,NA,NA,NA,NA,NA,NA,NA,"NP","N2 P",96,35,0,0,0,0,0,"C",NA,NA,NA,NA,NA,NA,NA,NA,NA
"864",1990,"7","11","wheat",8.28,7.50168,2.11,1.9834,141.066824,21.2531124,44.3565876,133.529904,20.4795864,34.6577616,7.53692,0.773526,9.698826,"NP","N2 P",96,35,0,0,0,0,0,"C",NA,NA,NA,NA,NA,NA,NA,NA,NA
"901",1990,"8","11","wheat",5.58,5.022,NA,NA,NA,NA,NA,NA,NA,NA,NA,NA,NA,"NP","N2 P",96,35,0,0,0,0,0,"C",NA,NA,NA,NA,NA,NA,NA,NA,NA
"947",1990,"9","11","wheat",5.37,4.86522,NA,NA,NA,NA,NA,NA,NA,NA,NA,NA,NA,"NP","N2 P",96,35,0,0,0,0,0,"C",NA,NA,NA,NA,NA,NA,NA,NA,NA
"1404",1990,"0","13","wheat",6.62,5.99772,NA,NA,NA,NA,NA,NA,NA,NA,NA,NA,NA,"NPK","N2 PK",96,35,90,0,0,0,0,"C",NA,NA,NA,NA,NA,NA,NA,NA,NA
"1453",1990,"1","13","wheat",6.55,5.9605,1.79,1.64501,124.59794,18.9896392,50.6067527,118.0179,18.298735,32.06749,6.58004,0.6909042,18.5392627,"NPK","N2 PK",96,35,90,0,0,0,0,"C",NA,NA,NA,NA,NA,NA,NA,NA,NA
"1491",1990,"2","13","wheat",7.35,6.615,NA,NA,NA,NA,NA,NA,NA,NA,NA,NA,NA,"NPK","N2 PK",96,35,90,0,0,0,0,"C",NA,NA,NA,NA,NA,NA,NA,NA,NA
"1525",1990,"3","13","wheat",5.83,5.27032,NA,NA,NA,NA,NA,NA,NA,NA,NA,NA,NA,"NPK","N2 PK",96,35,90,0,0,0,0,"C",NA,NA,NA,NA,NA,NA,NA,NA,NA
"1619",1990,"6","13","wheat",4.44,4.02264,NA,NA,NA,NA,NA,NA,NA,NA,NA,NA,NA,"NPK","N2 PK",96,35,90,0,0,0,0,"C",NA,NA,NA,NA,NA,NA,NA,NA,NA
"1656",1990,"7","13","wheat",7.67,6.93368,1.81,1.64529,128.519903,20.8715558,49.2832735,123.419504,20.2463456,35.0844208,5.100399,0.6252102,14.1988527,"NPK","N2 PK",96,35,90,0,0,0,0,"C",NA,NA,NA,NA,NA,NA,NA,NA,NA
"1693",1990,"8","13","wheat",5.69,5.14376,NA,NA,NA,NA,NA,NA,NA,NA,NA,NA,NA,"NPK","N2 PK",96,35,90,0,0,0,0,"C",NA,NA,NA,NA,NA,NA,NA,NA,NA
"1739",1990,"9","13","wheat",6.46,5.86568,NA,NA,NA,NA,NA,NA,NA,NA,NA,NA,NA,"NPK","N2 PK",96,35,90,0,0,0,0,"C",NA,NA,NA,NA,NA,NA,NA,NA,NA
"1800",1990,"0","14","wheat",7.08,6.40032,NA,NA,NA,NA,NA,NA,NA,NA,NA,NA,NA,"N4PKMg","N2 PKMg*",96,35,90,0,0,0,0,"C",NA,NA,NA,NA,NA,NA,NA,NA,NA
"1849",1990,"1","14","wheat",6.76,6.12456,2.2,2.046,125.570952,18.8247408,51.326304,117.591552,17.9449608,31.541484,7.9794,0.87978,19.78482,"N4PKMg","N2 PKMg*",96,35,90,0,0,0,0,"C",NA,NA,NA,NA,NA,NA,NA,NA,NA
"1887",1990,"2","14","wheat",7.28,6.552,NA,NA,NA,NA,NA,NA,NA,NA,NA,NA,NA,"N4PKMg","N2 PKMg*",96,35,90,0,0,0,0,"C",NA,NA,NA,NA,NA,NA,NA,NA,NA
"1921",1990,"3","14","wheat",6.4,5.7728,NA,NA,NA,NA,NA,NA,NA,NA,NA,NA,NA,"N4PKMg","N2 PKMg*",96,35,90,0,0,0,0,"C",NA,NA,NA,NA,NA,NA,NA,NA,NA
"2015",1990,"6","14","wheat",5.4,4.8816,NA,NA,NA,NA,NA,NA,NA,NA,NA,NA,NA,"N4PKMg","N2 PKMg*",96,35,90,0,0,0,0,"C",NA,NA,NA,NA,NA,NA,NA,NA,NA
"2052",1990,"7","14","wheat",8.25,7.4085,2.24,2.01376,136.898286,22.835352,54.2825098,129.64875,21.92916,37.709265,7.249536,0.906192,16.5732448,"N4PKMg","N2 PKMg*",96,35,90,0,0,0,0,"C",NA,NA,NA,NA,NA,NA,NA,NA,NA
"2089",1990,"8","14","wheat",6.02,5.3578,NA,NA,NA,NA,NA,NA,NA,NA,NA,NA,NA,"N4PKMg","N2 PKMg*",96,35,90,0,0,0,0,"C",NA,NA,NA,NA,NA,NA,NA,NA,NA
"2135",1990,"9","14","wheat",6.6,5.94,NA,NA,NA,NA,NA,NA,NA,NA,NA,NA,NA,"N4PKMg","N2 PKMg*",96,35,90,0,0,0,0,"C",NA,NA,NA,NA,NA,NA,NA,NA,NA
"2592",1990,"0","16","wheat",6.63,6.02004,NA,NA,NA,NA,NA,NA,NA,NA,NA,NA,NA,"N5PKMg","N5 PKMg",240,35,90,0,0,0,0,"C",NA,NA,NA,NA,NA,NA,NA,NA,NA
"2641",1990,"1","16","wheat",7.03,6.35512,2.75,2.453,165.824944,18.3507552,65.7807332,150.616344,17.2223752,34.0634432,15.2086,1.12838,31.71729,"N5PKMg","N5 PKMg",240,35,90,0,0,0,0,"C",NA,0.314861702857143,0.388729368888889,NA,NA,NA,NA,NA,NA
"2679",1990,"2","16","wheat",9.2,8.3536,NA,NA,NA,NA,NA,NA,NA,NA,NA,NA,NA,"N5PKMg","N5 PKMg",240,35,90,0,0,0,0,"C",NA,NA,NA,NA,NA,NA,NA,NA,NA
"2713",1990,"3","16","wheat",7.7,6.9454,NA,NA,NA,NA,NA,NA,NA,NA,NA,NA,NA,"N5PKMg","N5 PKMg",240,35,90,0,0,0,0,"C",NA,NA,NA,NA,NA,NA,NA,NA,NA
"2807",1990,"6","16","wheat",8.32,7.488,NA,NA,NA,NA,NA,NA,NA,NA,NA,NA,NA,"N5PKMg","N5 PKMg",240,35,90,0,0,0,0,"C",NA,NA,NA,NA,NA,NA,NA,NA,NA
"2844",1990,"7","16","wheat",9.53,8.53888,5.13,4.4631,226.74332,25.6028162,107.3045952,196.39424,22.9695872,43.0359552,30.34908,2.633229,64.26864,"N5PKMg","N5 PKMg",240,35,90,0,0,0,0,"C",NA,0.340172217142857,0.699422306666667,NA,NA,NA,NA,NA,NA
"2881",1990,"8","16","wheat",7.43,6.6127,NA,NA,NA,NA,NA,NA,NA,NA,NA,NA,NA,"N5PKMg","N5 PKMg",240,35,90,0,0,0,0,"C",NA,NA,NA,NA,NA,NA,NA,NA,NA
"2927",1990,"9","16","wheat",8.27,7.40992,NA,NA,NA,NA,NA,NA,NA,NA,NA,NA,NA,"N5PKMg","N5 PKMg",240,35,90,0,0,0,0,"C",NA,NA,NA,NA,NA,NA,NA,NA,NA
"4176",1990,"0","20","wheat",4.52,4.05896,NA,NA,NA,NA,NA,NA,NA,NA,NA,NA,NA,"NKMg","N2 KMg",96,0,90,0,0,0,0,"C",NA,NA,NA,NA,NA,NA,NA,NA,NA
"4225",1990,"1","20","wheat",3.82,3.44564,1.22,1.11264,74.163752,7.3305956,30.3885768,69.601928,7.063562,17.1592872,4.561824,0.2670336,13.2292896,"NKMg","N2 KMg",96,0,90,0,0,0,0,"C",NA,NA,NA,NA,NA,NA,NA,NA,NA
"4662",1990,"0","22","wheat",5.88,5.28024,NA,NA,NA,NA,NA,NA,NA,NA,NA,NA,NA,"FYM","FYM",0,0,0,35,290.5,48.64552,419.5268,"C",NA,NA,NA,NA,NA,NA,NA,NA,NA
"4711",1990,"1","22","wheat",5.64,5.00832,2.66,2.4605,85.50256,19.7498378,57.3705128,77.62896,16.4773728,27.7460928,7.8736,3.272465,29.62442,"FYM","FYM",0,0,0,35,290.5,48.64552,419.5268,"C",NA,NA,NA,0.224894698795181,0.0390320413080895,-0.0435509810671256,NA,NA,NA
"4749",1990,"2","22","wheat",6.91,6.20518,NA,NA,NA,NA,NA,NA,NA,NA,NA,NA,NA,"FYM","FYM",0,0,0,35,290.5,48.64552,419.5268,"C",NA,NA,NA,NA,NA,NA,NA,NA,NA
"4783",1990,"3","22","wheat",6.05,5.4208,NA,NA,NA,NA,NA,NA,NA,NA,NA,NA,NA,"FYM","FYM",0,0,0,35,290.5,48.64552,419.5268,"C",NA,NA,NA,NA,NA,NA,NA,NA,NA
"4877",1990,"6","22","wheat",6.29,5.63584,NA,NA,NA,NA,NA,NA,NA,NA,NA,NA,NA,"FYM","FYM",0,0,0,35,290.5,48.64552,419.5268,"C",NA,NA,NA,NA,NA,NA,NA,NA,NA
"4914",1990,"7","22","wheat",7.94,7.17776,2.57,2.30786,109.54013,23.4488038,60.6106594,101.924192,21.53328,37.324352,7.615938,1.9155238,23.2863074,"FYM","FYM",0,0,0,35,290.5,48.64552,419.5268,"C",NA,NA,NA,0.305125191049914,-0.0586228846815834,-0.108525624784854,NA,NA,NA
"4951",1990,"8","22","wheat",5.38,4.82048,NA,NA,NA,NA,NA,NA,NA,NA,NA,NA,NA,"FYM","FYM",0,0,0,35,290.5,48.64552,419.5268,"C",NA,NA,NA,NA,NA,NA,NA,NA,NA
"4997",1990,"9","22","wheat",6.44,5.78312,NA,NA,NA,NA,NA,NA,NA,NA,NA,NA,NA,"FYM","FYM",0,0,0,35,290.5,48.64552,419.5268,"C",NA,NA,NA,NA,NA,NA,NA,NA,NA
"5048",1990,"0","3","wheat",1.6,1.4112,NA,NA,NA,NA,NA,NA,NA,NA,NA,NA,NA,"Control","Nil",0,0,0,0,0,0,0,"C",NA,NA,NA,NA,NA,NA,NA,NA,NA
"5097",1990,"1","3","wheat",1.12,0.98784,0.39,0.36816,16.06752,3.7760256,9.4601712,14.521248,3.3784128,5.531904,1.546272,0.3976128,3.9282672,"Control","Nil",0,0,0,0,0,0,0,"C",NA,NA,NA,NA,NA,NA,NA,NA,NA
"5135",1990,"2","3","wheat",1.62,1.42236,NA,NA,NA,NA,NA,NA,NA,NA,NA,NA,NA,"Control","Nil",0,0,0,0,0,0,0,"C",NA,NA,NA,NA,NA,NA,NA,NA,NA
"5169",1990,"3","3","wheat",1.15,1.0258,NA,NA,NA,NA,NA,NA,NA,NA,NA,NA,NA,"Control","Nil",0,0,0,0,0,0,0,"C",NA,NA,NA,NA,NA,NA,NA,NA,NA
"5263",1990,"6","3","wheat",1.36,1.21312,NA,NA,NA,NA,NA,NA,NA,NA,NA,NA,NA,"Control","Nil",0,0,0,0,0,0,0,"C",NA,NA,NA,NA,NA,NA,NA,NA,NA
"5300",1990,"7","3","wheat",2.7,2.3976,0.49,0.46011,31.553784,7.0806489,15.3308073,30.44952,6.809184,11.820168,1.104264,0.2714649,3.5106393,"Control","Nil",0,0,0,0,0,0,0,"C",NA,NA,NA,NA,NA,NA,NA,NA,NA
"5337",1990,"8","3","wheat",1.67,1.48964,NA,NA,NA,NA,NA,NA,NA,NA,NA,NA,NA,"Control","Nil",0,0,0,0,0,0,0,"C",NA,NA,NA,NA,NA,NA,NA,NA,NA
"5383",1990,"9","3","wheat",1.06,0.93916,NA,NA,NA,NA,NA,NA,NA,NA,NA,NA,NA,"Control","Nil",0,0,0,0,0,0,0,"C",NA,NA,NA,NA,NA,NA,NA,NA,NA
"5444",1990,"0","5","wheat",1.88,1.66944,NA,NA,NA,NA,NA,NA,NA,NA,NA,NA,NA,"PKMg","PKMg",0,35,90,0,0,0,0,"C",NA,NA,NA,NA,NA,NA,NA,NA,NA
"5493",1990,"1","5","wheat",1.41,1.2549,0.39,0.36816,20.17065,4.7752362,11.9036562,18.69801,4.178817,7.441557,1.47264,0.5964192,4.4620992,"PKMg","PKMg",0,35,90,0,0,0,0,"C",NA,NA,NA,NA,NA,NA,NA,NA,NA
"5531",1990,"2","5","wheat",1.7,1.5062,NA,NA,NA,NA,NA,NA,NA,NA,NA,NA,NA,"PKMg","PKMg",0,35,90,0,0,0,0,"C",NA,NA,NA,NA,NA,NA,NA,NA,NA
"5565",1990,"3","5","wheat",1.75,1.554,NA,NA,NA,NA,NA,NA,NA,NA,NA,NA,NA,"PKMg","PKMg",0,35,90,0,0,0,0,"C",NA,NA,NA,NA,NA,NA,NA,NA,NA
"5659",1990,"6","5","wheat",1.63,1.4507,NA,NA,NA,NA,NA,NA,NA,NA,NA,NA,NA,"PKMg","PKMg",0,35,90,0,0,0,0,"C",NA,NA,NA,NA,NA,NA,NA,NA,NA
"5696",1990,"7","5","wheat",1.71,1.51164,0.25,0.23425,20.901262,5.5173405,10.6135504,20.104812,5.215158,8.1023904,0.79645,0.3021825,2.51116,"PKMg","PKMg",0,35,90,0,0,0,0,"C",NA,NA,NA,NA,NA,NA,NA,NA,NA
"5733",1990,"8","5","wheat",2.64,2.35488,NA,NA,NA,NA,NA,NA,NA,NA,NA,NA,NA,"PKMg","PKMg",0,35,90,0,0,0,0,"C",NA,NA,NA,NA,NA,NA,NA,NA,NA
"5779",1990,"9","5","wheat",1.72,1.5308,NA,NA,NA,NA,NA,NA,NA,NA,NA,NA,NA,"PKMg","PKMg",0,35,90,0,0,0,0,"C",NA,NA,NA,NA,NA,NA,NA,NA,NA
"5840",1990,"0","6","wheat",5.05,4.4642,NA,NA,NA,NA,NA,NA,NA,NA,NA,NA,NA,"N1PKMg","N1 PKMg",48,35,90,0,0,0,0,"C",NA,NA,NA,NA,NA,NA,NA,NA,NA
"5889",1990,"1","6","wheat",3.26,2.88836,1.24,1.15072,62.828056,11.0462876,31.5218636,57.189528,9.9070748,16.7236044,5.638528,1.1392128,14.7982592,"N1PKMg","N1 PKMg",48,35,90,0,0,0,0,"C",NA,NA,NA,NA,NA,NA,NA,NA,NA
"5927",1990,"2","6","wheat",5.13,4.59648,NA,NA,NA,NA,NA,NA,NA,NA,NA,NA,NA,"N1PKMg","N1 PKMg",48,35,90,0,0,0,0,"C",NA,NA,NA,NA,NA,NA,NA,NA,NA
"5961",1990,"3","6","wheat",4.22,3.76424,NA,NA,NA,NA,NA,NA,NA,NA,NA,NA,NA,"N1PKMg","N1 PKMg",48,35,90,0,0,0,0,"C",NA,NA,NA,NA,NA,NA,NA,NA,NA
"6055",1990,"6","6","wheat",4.12,3.69976,NA,NA,NA,NA,NA,NA,NA,NA,NA,NA,NA,"N1PKMg","N1 PKMg",48,35,90,0,0,0,0,"C",NA,NA,NA,NA,NA,NA,NA,NA,NA
"6092",1990,"7","6","wheat",5.52,4.99008,1.44,1.31904,80.144832,15.2569344,38.134752,76.847232,14.5710336,26.8965312,3.2976,0.6859008,11.2382208,"N1PKMg","N1 PKMg",48,35,90,0,0,0,0,"C",NA,NA,NA,NA,NA,NA,NA,NA,NA
"6129",1990,"8","6","wheat",4.61,4.13978,NA,NA,NA,NA,NA,NA,NA,NA,NA,NA,NA,"N1PKMg","N1 PKMg",48,35,90,0,0,0,0,"C",NA,NA,NA,NA,NA,NA,NA,NA,NA
"6175",1990,"9","6","wheat",4.72,4.27632,NA,NA,NA,NA,NA,NA,NA,NA,NA,NA,NA,"N1PKMg","N1 PKMg",48,35,90,0,0,0,0,"C",NA,NA,NA,NA,NA,NA,NA,NA,NA
"6236",1990,"0","7","wheat",6.37,5.70752,NA,NA,NA,NA,NA,NA,NA,NA,NA,NA,NA,"N2PKMg","N2 PKMg",96,35,90,0,0,0,0,"C",NA,NA,NA,NA,NA,NA,NA,NA,NA
"6285",1990,"1","7","wheat",5.45,4.9159,2.53,2.3023,114.97563,17.8739,57.903252,103.2339,16.124152,28.364743,11.74173,1.749748,29.538509,"N2PKMg","N2 PKMg",96,35,90,0,0,0,0,"C",0.987551875,NA,NA,NA,NA,NA,NA,NA,NA
"6323",1990,"2","7","wheat",6.99,6.291,NA,NA,NA,NA,NA,NA,NA,NA,NA,NA,NA,"N2PKMg","N2 PKMg",96,35,90,0,0,0,0,"C",NA,NA,NA,NA,NA,NA,NA,NA,NA
"6357",1990,"3","7","wheat",4.94,4.45588,NA,NA,NA,NA,NA,NA,NA,NA,NA,NA,NA,"N2PKMg","N2 PKMg",96,35,90,0,0,0,0,"C",NA,NA,NA,NA,NA,NA,NA,NA,NA
"6451",1990,"6","7","wheat",6.55,5.9605,NA,NA,NA,NA,NA,NA,NA,NA,NA,NA,NA,"N2PKMg","N2 PKMg",96,35,90,0,0,0,0,"C",NA,NA,NA,NA,NA,NA,NA,NA,NA
"6488",1990,"7","7","wheat",8.51,7.7441,2.5,2.2675,145.23357,21.674447,60.669517,137.07057,20.676747,39.649792,8.163,0.9977,21.019725,"N2PKMg","N2 PKMg",96,35,90,0,0,0,0,"C",1.29512820833333,NA,NA,NA,NA,NA,NA,NA,NA
"6525",1990,"8","7","wheat",6.35,5.7404,NA,NA,NA,NA,NA,NA,NA,NA,NA,NA,NA,"N2PKMg","N2 PKMg",96,35,90,0,0,0,0,"C",NA,NA,NA,NA,NA,NA,NA,NA,NA
"6571",1990,"9","7","wheat",6.36,5.76216,NA,NA,NA,NA,NA,NA,NA,NA,NA,NA,NA,"N2PKMg","N2 PKMg",96,35,90,0,0,0,0,"C",NA,NA,NA,NA,NA,NA,NA,NA,NA
"20",1991,"5","1","potato",41.94,8.68158,NA,NA,130.2237,20.75765778,223.55936658,NA,NA,NA,NA,NA,NA,"FYM+NPK","FYM N4 PK",192,35,90,35,280,57.155,477.96875,"C",NA,NA,NA,NA,NA,NA,0.2107359375,-0.0176152634285714,0.278548695333333
"49",1991,"5","10","potato",8.69,2.04215,NA,NA,26.752165,2.86513645,30.19727205,NA,NA,NA,NA,NA,NA,"N","N2",96,0,0,0,0,0,0,"C",NA,NA,NA,NA,NA,NA,NA,NA,NA
"78",1991,"5","11","potato",9.99,2.35764,NA,NA,35.128836,6.28075296,30.41827128,NA,NA,NA,NA,NA,NA,"NP","N2 P",96,35,0,0,0,0,0,"C",NA,NA,NA,NA,NA,NA,NA,NA,NA
"136",1991,"5","13","potato",18.32,3.59072,NA,NA,54.219872,9.93911296,90.4502368,NA,NA,NA,NA,NA,NA,"NPK","N2 PK",96,35,90,0,0,0,0,"C",NA,NA,NA,NA,NA,NA,NA,NA,NA
"165",1991,"5","14","potato",31.06,7.6097,NA,NA,68.4873,14.1388226,153.9061825,NA,NA,NA,NA,NA,NA,"N4PKMg","N2 PKMg*",96,35,90,0,0,0,0,"C",NA,NA,NA,NA,NA,NA,NA,NA,NA
"223",1991,"5","16","potato",35.27,7.93575,NA,NA,101.5776,13.01463,180.331983,NA,NA,NA,NA,NA,NA,"N5PKMg","N5 PKMg",240,35,90,0,0,0,0,"C",NA,0.28998553,1.665707908,NA,NA,NA,NA,NA,NA
"368",1991,"5","22","potato",34.25,7.672,NA,NA,89.7624,21.374192,198.489984,NA,NA,NA,NA,NA,NA,"FYM","FYM",0,0,0,35,280,57.155,477.96875,"C",NA,NA,NA,0.247468885714286,0.225036553571429,0.195119871428571,NA,NA,NA
"397",1991,"5","3","potato",5.47,1.29639,NA,NA,15.167763,2.24923665,28.43501826,NA,NA,NA,NA,NA,NA,"Control","Nil",0,0,0,0,0,0,0,"C",NA,NA,NA,NA,NA,NA,NA,NA,NA
"426",1991,"5","5","potato",10.62,2.59128,NA,NA,20.471112,6.21129816,60.69296016,NA,NA,NA,NA,NA,NA,"PKMg","PKMg",0,35,90,0,0,0,0,"C",NA,NA,NA,NA,NA,NA,NA,NA,NA
"455",1991,"5","6","potato",23.3,5.1493,NA,NA,55.09751,12.3480214,125.2052295,NA,NA,NA,NA,NA,NA,"N1PKMg","N1 PKMg",48,35,90,0,0,0,0,"C",NA,NA,NA,NA,NA,NA,NA,NA,NA
"484",1991,"5","7","potato",29.2,6.3656,NA,NA,78.29688,14.2016536,143.8561944,NA,NA,NA,NA,NA,NA,"N2PKMg","N2 PKMg",96,35,90,0,0,0,0,"C",0.60235175,NA,NA,NA,NA,NA,NA,NA,NA
"1212",1991,"2","1","wheat",9.14,7.64104,NA,NA,NA,NA,NA,NA,NA,NA,NA,NA,NA,"FYM+NPK","FYM N4 PK",192,35,90,35,280,57.155,477.96875,"C",NA,NA,NA,NA,NA,NA,NA,NA,NA
"7110",1991,"4","1","wheat",8.84,7.3372,9.02,7.7572,243.87444,37.093656,173.359976,170.95676,26.854152,31.403216,72.91768,10.239504,141.95676,"FYM+NPK","FYM N4 PK",192,35,90,35,280,57.155,477.96875,"C",NA,NA,NA,NA,NA,NA,0.674970958333333,0.2748604,1.02741614222222
"14010",1991,"6","1","wheat",5.8,4.6168,NA,NA,NA,NA,NA,NA,NA,NA,NA,NA,NA,"FYM+NPK","FYM N4 PK",192,35,90,35,280,57.155,477.96875,"C",NA,NA,NA,NA,NA,NA,NA,NA,NA
"1771",1991,"7","1","wheat",8.6,6.9574,NA,NA,NA,NA,NA,NA,NA,NA,NA,NA,NA,"FYM+NPK","FYM N4 PK",192,35,90,35,280,57.155,477.96875,"C",NA,NA,NA,NA,NA,NA,NA,NA,NA
"2171",1991,"0","10","wheat",3.11,2.61862,NA,NA,NA,NA,NA,NA,NA,NA,NA,NA,NA,"N","N2",96,0,0,0,0,0,0,"C",NA,NA,NA,NA,NA,NA,NA,NA,NA
"266",1991,"1","10","wheat",3.14,2.62504,3.78,3.1374,70.729984,7.5019228,60.236868,47.513224,6.0900928,11.418924,23.21676,1.41183,48.817944,"N","N2",96,0,0,0,0,0,0,"C",NA,NA,NA,NA,NA,NA,NA,NA,NA
"3041",1991,"2","10","wheat",3.29,2.77347,NA,NA,NA,NA,NA,NA,NA,NA,NA,NA,NA,"N","N2",96,0,0,0,0,0,0,"C",NA,NA,NA,NA,NA,NA,NA,NA,NA
"3632",1991,"4","10","wheat",5.63,4.6729,3.04,2.79072,113.213808,13.4443096,35.2392962,100.93464,12.523372,20.420573,12.279168,0.9209376,14.8187232,"N","N2",96,0,0,0,0,0,0,"C",NA,NA,NA,NA,NA,NA,NA,NA,NA
"4321",1991,"6","10","wheat",3.54,2.90988,NA,NA,NA,NA,NA,NA,NA,NA,NA,NA,NA,"N","N2",96,0,0,0,0,0,0,"C",NA,NA,NA,NA,NA,NA,NA,NA,NA
"46910",1991,"7","10","wheat",4.85,4.0061,NA,NA,NA,NA,NA,NA,NA,NA,NA,NA,NA,"N","N2",96,0,0,0,0,0,0,"C",NA,NA,NA,NA,NA,NA,NA,NA,NA
"506",1991,"8","10","wheat",1.76,1.35696,NA,NA,NA,NA,NA,NA,NA,NA,NA,NA,NA,"N","N2",96,0,0,0,0,0,0,"C",NA,NA,NA,NA,NA,NA,NA,NA,NA
"552",1991,"9","10","wheat",4,3.3,NA,NA,NA,NA,NA,NA,NA,NA,NA,NA,NA,"N","N2",96,0,0,0,0,0,0,"C",NA,NA,NA,NA,NA,NA,NA,NA,NA
"613",1991,"0","11","wheat",3.67,3.08647,NA,NA,NA,NA,NA,NA,NA,NA,NA,NA,NA,"NP","N2 P",96,35,0,0,0,0,0,"C",NA,NA,NA,NA,NA,NA,NA,NA,NA
"662",1991,"1","11","wheat",4.36,3.67984,2.93,2.68681,85.319461,17.3115507,32.5067134,73.228816,14.8665536,18.8039824,12.090645,2.4449971,13.702731,"NP","N2 P",96,35,0,0,0,0,0,"C",NA,NA,NA,NA,NA,NA,NA,NA,NA
"700",1991,"2","11","wheat",4.31,3.63764,NA,NA,NA,NA,NA,NA,NA,NA,NA,NA,NA,"NP","N2 P",96,35,0,0,0,0,0,"C",NA,NA,NA,NA,NA,NA,NA,NA,NA
"759",1991,"4","11","wheat",4.6,3.8134,2.96,2.73208,85.295376,15.3953844,28.7073364,72.4546,13.53757,16.740826,12.840776,1.8578144,11.9665104,"NP","N2 P",96,35,0,0,0,0,0,"C",NA,NA,NA,NA,NA,NA,NA,NA,NA
"828",1991,"6","11","wheat",3.25,2.704,NA,NA,NA,NA,NA,NA,NA,NA,NA,NA,NA,"NP","N2 P",96,35,0,0,0,0,0,"C",NA,NA,NA,NA,NA,NA,NA,NA,NA
"865",1991,"7","11","wheat",5.4,4.4496,NA,NA,NA,NA,NA,NA,NA,NA,NA,NA,NA,"NP","N2 P",96,35,0,0,0,0,0,"C",NA,NA,NA,NA,NA,NA,NA,NA,NA
"902",1991,"8","11","wheat",2.11,1.72387,NA,NA,NA,NA,NA,NA,NA,NA,NA,NA,NA,"NP","N2 P",96,35,0,0,0,0,0,"C",NA,NA,NA,NA,NA,NA,NA,NA,NA
"948",1991,"9","11","wheat",1.85,1.5429,NA,NA,NA,NA,NA,NA,NA,NA,NA,NA,NA,"NP","N2 P",96,35,0,0,0,0,0,"C",NA,NA,NA,NA,NA,NA,NA,NA,NA
"1405",1991,"0","13","wheat",5.34,4.47492,NA,NA,NA,NA,NA,NA,NA,NA,NA,NA,NA,"NPK","N2 PK",96,35,90,0,0,0,0,"C",NA,NA,NA,NA,NA,NA,NA,NA,NA
"1454",1991,"1","13","wheat",5.42,4.56364,4.38,4.04274,94.769748,20.373887,55.5450332,79.407336,17.341832,21.5860172,15.362412,3.032055,33.959016,"NPK","N2 PK",96,35,90,0,0,0,0,"C",NA,NA,NA,NA,NA,NA,NA,NA,NA
"1492",1991,"2","13","wheat",4.56,3.83952,NA,NA,NA,NA,NA,NA,NA,NA,NA,NA,NA,"NPK","N2 PK",96,35,90,0,0,0,0,"C",NA,NA,NA,NA,NA,NA,NA,NA,NA
"1551",1991,"4","13","wheat",6.74,5.60094,5.57,5.01857,117.530636,23.5796077,66.7369224,97.456356,19.7153088,25.484277,20.07428,3.8642989,41.2526454,"NPK","N2 PK",96,35,90,0,0,0,0,"C",NA,NA,NA,NA,NA,NA,NA,NA,NA
"1620",1991,"6","13","wheat",5.15,4.25905,NA,NA,NA,NA,NA,NA,NA,NA,NA,NA,NA,"NPK","N2 PK",96,35,90,0,0,0,0,"C",NA,NA,NA,NA,NA,NA,NA,NA,NA
"1657",1991,"7","13","wheat",4.95,4.1085,NA,NA,NA,NA,NA,NA,NA,NA,NA,NA,NA,"NPK","N2 PK",96,35,90,0,0,0,0,"C",NA,NA,NA,NA,NA,NA,NA,NA,NA
"1694",1991,"8","13","wheat",3.28,2.63384,NA,NA,NA,NA,NA,NA,NA,NA,NA,NA,NA,"NPK","N2 PK",96,35,90,0,0,0,0,"C",NA,NA,NA,NA,NA,NA,NA,NA,NA
"1740",1991,"9","13","wheat",6.09,5.04861,NA,NA,NA,NA,NA,NA,NA,NA,NA,NA,NA,"NPK","N2 PK",96,35,90,0,0,0,0,"C",NA,NA,NA,NA,NA,NA,NA,NA,NA
"1801",1991,"0","14","wheat",5.67,4.76847,NA,NA,NA,NA,NA,NA,NA,NA,NA,NA,NA,"N4PKMg","N2 PKMg*",96,35,90,0,0,0,0,"C",NA,NA,NA,NA,NA,NA,NA,NA,NA
"1850",1991,"1","14","wheat",5.77,4.85834,3.98,3.61782,90.271758,20.641677,53.196007,77.247606,18.0730248,24.0001996,13.024152,2.5686522,29.1958074,"N4PKMg","N2 PKMg*",96,35,90,0,0,0,0,"C",NA,NA,NA,NA,NA,NA,NA,NA,NA
"1888",1991,"2","14","wheat",4.69,3.92084,NA,NA,NA,NA,NA,NA,NA,NA,NA,NA,NA,"N4PKMg","N2 PKMg*",96,35,90,0,0,0,0,"C",NA,NA,NA,NA,NA,NA,NA,NA,NA
"1947",1991,"4","14","wheat",6.72,5.55744,5.86,5.274,116.156568,23.45928,59.5061088,95.587968,19.45104,25.1196288,20.5686,4.00824,34.38648,"N4PKMg","N2 PKMg*",96,35,90,0,0,0,0,"C",NA,NA,NA,NA,NA,NA,NA,NA,NA
"2016",1991,"6","14","wheat",5.14,4.26106,NA,NA,NA,NA,NA,NA,NA,NA,NA,NA,NA,"N4PKMg","N2 PKMg*",96,35,90,0,0,0,0,"C",NA,NA,NA,NA,NA,NA,NA,NA,NA
"2053",1991,"7","14","wheat",5.27,4.38464,NA,NA,NA,NA,NA,NA,NA,NA,NA,NA,NA,"N4PKMg","N2 PKMg*",96,35,90,0,0,0,0,"C",NA,NA,NA,NA,NA,NA,NA,NA,NA
"2090",1991,"8","14","wheat",2.86,2.3309,NA,NA,NA,NA,NA,NA,NA,NA,NA,NA,NA,"N4PKMg","N2 PKMg*",96,35,90,0,0,0,0,"C",NA,NA,NA,NA,NA,NA,NA,NA,NA
"2136",1991,"9","14","wheat",6.2,5.1336,NA,NA,NA,NA,NA,NA,NA,NA,NA,NA,NA,"N4PKMg","N2 PKMg*",96,35,90,0,0,0,0,"C",NA,NA,NA,NA,NA,NA,NA,NA,NA
"2593",1991,"0","16","wheat",7.32,6.17076,NA,NA,NA,NA,NA,NA,NA,NA,NA,NA,NA,"N5PKMg","N5 PKMg",240,35,90,0,0,0,0,"C",NA,NA,NA,NA,NA,NA,NA,NA,NA
"2642",1991,"1","16","wheat",8.16,6.87072,6.34,5.65528,210.298224,29.5410768,101.30538,159.400704,23.7726912,29.20056,50.89752,5.7683856,72.10482,"N5PKMg","N5 PKMg",240,35,90,0,0,0,0,"C",NA,0.64152742,0.764429628888889,NA,NA,NA,NA,NA,NA
"2680",1991,"2","16","wheat",8.21,6.93745,NA,NA,NA,NA,NA,NA,NA,NA,NA,NA,NA,"N5PKMg","N5 PKMg",240,35,90,0,0,0,0,"C",NA,NA,NA,NA,NA,NA,NA,NA,NA
"2739",1991,"4","16","wheat",8.26,6.83928,7.05,6.08415,216.772773,29.2462242,102.5106129,161.407008,23.5271232,28.5881904,55.365765,5.719101,73.9224225,"N5PKMg","N5 PKMg",240,35,90,0,0,0,0,"C",NA,0.451483274285714,0.820036405555555,NA,NA,NA,NA,NA,NA
"2808",1991,"6","16","wheat",6.28,5.25636,NA,NA,NA,NA,NA,NA,NA,NA,NA,NA,NA,"N5PKMg","N5 PKMg",240,35,90,0,0,0,0,"C",NA,NA,NA,NA,NA,NA,NA,NA,NA
"2845",1991,"7","16","wheat",8.5,7.089,NA,NA,NA,NA,NA,NA,NA,NA,NA,NA,NA,"N5PKMg","N5 PKMg",240,35,90,0,0,0,0,"C",NA,NA,NA,NA,NA,NA,NA,NA,NA
"2882",1991,"8","16","wheat",3.77,3.09517,NA,NA,NA,NA,NA,NA,NA,NA,NA,NA,NA,"N5PKMg","N5 PKMg",240,35,90,0,0,0,0,"C",NA,NA,NA,NA,NA,NA,NA,NA,NA
"2928",1991,"9","16","wheat",8.22,6.84726,NA,NA,NA,NA,NA,NA,NA,NA,NA,NA,NA,"N5PKMg","N5 PKMg",240,35,90,0,0,0,0,"C",NA,NA,NA,NA,NA,NA,NA,NA,NA
"4177",1991,"0","20","wheat",3.03,2.53308,NA,NA,NA,NA,NA,NA,NA,NA,NA,NA,NA,"NKMg","N2 KMg",96,0,90,0,0,0,0,"C",NA,NA,NA,NA,NA,NA,NA,NA,NA
"4226",1991,"1","20","wheat",3.23,2.70997,3.44,3.1648,66.771436,7.0876171,50.8598145,50.947436,6.0432331,12.0593665,15.824,1.044384,38.800448,"NKMg","N2 KMg",96,0,90,0,0,0,0,"C",NA,NA,NA,NA,NA,NA,NA,NA,NA
"4663",1991,"0","22","wheat",5.5,4.576,NA,NA,NA,NA,NA,NA,NA,NA,NA,NA,NA,"FYM","FYM",0,0,0,35,280,57.155,477.96875,"C",NA,NA,NA,NA,NA,NA,NA,NA,NA
"4712",1991,"1","22","wheat",5.98,4.98732,4.58,4.10368,114.280016,27.473542,80.8925232,93.761616,19.7996604,24.1386288,20.5184,7.6738816,56.7538944,"FYM","FYM",0,0,0,35,280,57.155,477.96875,"C",NA,NA,NA,0.329649985714286,0.1696735,0.103430553571429,NA,NA,NA
"4750",1991,"2","22","wheat",6.17,5.17663,NA,NA,NA,NA,NA,NA,NA,NA,NA,NA,NA,"FYM","FYM",0,0,0,35,280,57.155,477.96875,"C",NA,NA,NA,NA,NA,NA,NA,NA,NA
"4809",1991,"4","22","wheat",7.8,6.4662,7.24,6.41464,145.28326,32.207044,90.6096572,119.6247,24.830208,28.515942,25.65856,7.376836,62.0937152,"FYM","FYM",0,0,0,35,280,57.155,477.96875,"C",NA,NA,NA,0.436476464285714,0.114533757142857,0.214242442857143,NA,NA,NA
"4878",1991,"6","22","wheat",5.38,4.44388,NA,NA,NA,NA,NA,NA,NA,NA,NA,NA,NA,"FYM","FYM",0,0,0,35,280,57.155,477.96875,"C",NA,NA,NA,NA,NA,NA,NA,NA,NA
"4915",1991,"7","22","wheat",5.69,4.67149,NA,NA,NA,NA,NA,NA,NA,NA,NA,NA,NA,"FYM","FYM",0,0,0,35,280,57.155,477.96875,"C",NA,NA,NA,NA,NA,NA,NA,NA,NA
"4952",1991,"8","22","wheat",3.6,2.9304,NA,NA,NA,NA,NA,NA,NA,NA,NA,NA,NA,"FYM","FYM",0,0,0,35,280,57.155,477.96875,"C",NA,NA,NA,NA,NA,NA,NA,NA,NA
"4998",1991,"9","22","wheat",6.87,5.60592,NA,NA,NA,NA,NA,NA,NA,NA,NA,NA,NA,"FYM","FYM",0,0,0,35,280,57.155,477.96875,"C",NA,NA,NA,NA,NA,NA,NA,NA,NA
"5049",1991,"0","3","wheat",1,0.83,NA,NA,NA,NA,NA,NA,NA,NA,NA,NA,NA,"Control","Nil",0,0,0,0,0,0,0,"C",NA,NA,NA,NA,NA,NA,NA,NA,NA
"5098",1991,"1","3","wheat",1.25,1.04625,1.06,0.87662,21.666035,5.1128056,16.6855536,16.844625,4.122225,5.48235,4.82141,0.9905806,11.2032036,"Control","Nil",0,0,0,0,0,0,0,"C",NA,NA,NA,NA,NA,NA,NA,NA,NA
"5136",1991,"2","3","wheat",0.79,0.65886,NA,NA,NA,NA,NA,NA,NA,NA,NA,NA,NA,"Control","Nil",0,0,0,0,0,0,0,"C",NA,NA,NA,NA,NA,NA,NA,NA,NA
"5195",1991,"4","3","wheat",1.62,1.33326,1.11,1.01343,23.183304,5.6030046,13.2066231,19.33227,4.8530664,6.8929542,3.851034,0.7499382,6.3136689,"Control","Nil",0,0,0,0,0,0,0,"C",NA,NA,NA,NA,NA,NA,NA,NA,NA
"5264",1991,"6","3","wheat",1.12,0.91728,NA,NA,NA,NA,NA,NA,NA,NA,NA,NA,NA,"Control","Nil",0,0,0,0,0,0,0,"C",NA,NA,NA,NA,NA,NA,NA,NA,NA
"5301",1991,"7","3","wheat",0.67,0.54605,NA,NA,NA,NA,NA,NA,NA,NA,NA,NA,NA,"Control","Nil",0,0,0,0,0,0,0,"C",NA,NA,NA,NA,NA,NA,NA,NA,NA
"5338",1991,"8","3","wheat",1.75,1.26175,NA,NA,NA,NA,NA,NA,NA,NA,NA,NA,NA,"Control","Nil",0,0,0,0,0,0,0,"C",NA,NA,NA,NA,NA,NA,NA,NA,NA
"5384",1991,"9","3","wheat",0.96,0.77472,NA,NA,NA,NA,NA,NA,NA,NA,NA,NA,NA,"Control","Nil",0,0,0,0,0,0,0,"C",NA,NA,NA,NA,NA,NA,NA,NA,NA
"5445",1991,"0","5","wheat",1.51,1.25481,NA,NA,NA,NA,NA,NA,NA,NA,NA,NA,NA,"PKMg","PKMg",0,35,90,0,0,0,0,"C",NA,NA,NA,NA,NA,NA,NA,NA,NA
"5494",1991,"1","5","wheat",1.29,1.08489,0.92,0.83996,21.97802,5.9120287,14.8281271,17.35824,4.4588979,5.8909527,4.61978,1.4531308,8.9371744,"PKMg","PKMg",0,35,90,0,0,0,0,"C",NA,NA,NA,NA,NA,NA,NA,NA,NA
"5532",1991,"2","5","wheat",0.85,0.714,NA,NA,NA,NA,NA,NA,NA,NA,NA,NA,NA,"PKMg","PKMg",0,35,90,0,0,0,0,"C",NA,NA,NA,NA,NA,NA,NA,NA,NA
"5591",1991,"4","5","wheat",1.5,1.2405,0.9,0.819,23.06985,6.275895,14.957475,18.48345,4.899975,6.611865,4.5864,1.37592,8.34561,"PKMg","PKMg",0,35,90,0,0,0,0,"C",NA,NA,NA,NA,NA,NA,NA,NA,NA
"5660",1991,"6","5","wheat",1.17,0.95472,NA,NA,NA,NA,NA,NA,NA,NA,NA,NA,NA,"PKMg","PKMg",0,35,90,0,0,0,0,"C",NA,NA,NA,NA,NA,NA,NA,NA,NA
"5697",1991,"7","5","wheat",0.52,0.42172,NA,NA,NA,NA,NA,NA,NA,NA,NA,NA,NA,"PKMg","PKMg",0,35,90,0,0,0,0,"C",NA,NA,NA,NA,NA,NA,NA,NA,NA
"5734",1991,"8","5","wheat",2.1,1.6149,NA,NA,NA,NA,NA,NA,NA,NA,NA,NA,NA,"PKMg","PKMg",0,35,90,0,0,0,0,"C",NA,NA,NA,NA,NA,NA,NA,NA,NA
"5780",1991,"9","5","wheat",1.09,0.88835,NA,NA,NA,NA,NA,NA,NA,NA,NA,NA,NA,"PKMg","PKMg",0,35,90,0,0,0,0,"C",NA,NA,NA,NA,NA,NA,NA,NA,NA
"5841",1991,"0","6","wheat",3.37,2.82069,NA,NA,NA,NA,NA,NA,NA,NA,NA,NA,NA,"N1PKMg","N1 PKMg",48,35,90,0,0,0,0,"C",NA,NA,NA,NA,NA,NA,NA,NA,NA
"5890",1991,"1","6","wheat",3.39,2.84082,3.01,2.68191,51.635448,14.1270408,44.7800499,40.907808,10.9087488,15.6813264,10.72764,3.218292,29.0987235,"N1PKMg","N1 PKMg",48,35,90,0,0,0,0,"C",NA,NA,NA,NA,NA,NA,NA,NA,NA
"5928",1991,"2","6","wheat",2.92,2.45572,NA,NA,NA,NA,NA,NA,NA,NA,NA,NA,NA,"N1PKMg","N1 PKMg",48,35,90,0,0,0,0,"C",NA,NA,NA,NA,NA,NA,NA,NA,NA
"5987",1991,"4","6","wheat",4.84,4.00752,3.27,2.92992,72.448752,16.3254624,39.1268736,61.315056,14.1866208,19.8772992,11.133696,2.1388416,19.2495744,"N1PKMg","N1 PKMg",48,35,90,0,0,0,0,"C",NA,NA,NA,NA,NA,NA,NA,NA,NA
"6056",1991,"6","6","wheat",3.32,2.72572,NA,NA,NA,NA,NA,NA,NA,NA,NA,NA,NA,"N1PKMg","N1 PKMg",48,35,90,0,0,0,0,"C",NA,NA,NA,NA,NA,NA,NA,NA,NA
"6093",1991,"7","6","wheat",3.14,2.58108,NA,NA,NA,NA,NA,NA,NA,NA,NA,NA,NA,"N1PKMg","N1 PKMg",48,35,90,0,0,0,0,"C",NA,NA,NA,NA,NA,NA,NA,NA,NA
"6130",1991,"8","6","wheat",2.54,2.00914,NA,NA,NA,NA,NA,NA,NA,NA,NA,NA,NA,"N1PKMg","N1 PKMg",48,35,90,0,0,0,0,"C",NA,NA,NA,NA,NA,NA,NA,NA,NA
"6176",1991,"9","6","wheat",3.78,3.0996,NA,NA,NA,NA,NA,NA,NA,NA,NA,NA,NA,"N1PKMg","N1 PKMg",48,35,90,0,0,0,0,"C",NA,NA,NA,NA,NA,NA,NA,NA,NA
"6237",1991,"0","7","wheat",5.82,4.85388,NA,NA,NA,NA,NA,NA,NA,NA,NA,NA,NA,"N2PKMg","N2 PKMg",96,35,90,0,0,0,0,"C",NA,NA,NA,NA,NA,NA,NA,NA,NA
"6286",1991,"1","7","wheat",6.29,5.25215,4.75,4.3415,99.320715,23.5777105,68.7115135,84.559615,19.8006055,26.2082285,14.7611,3.777105,42.503285,"N2PKMg","N2 PKMg",96,35,90,0,0,0,0,"C",0.805653072916667,NA,NA,NA,NA,NA,NA,NA,NA
"6324",1991,"2","7","wheat",5.07,4.24866,NA,NA,NA,NA,NA,NA,NA,NA,NA,NA,NA,"N2PKMg","N2 PKMg",96,35,90,0,0,0,0,"C",NA,NA,NA,NA,NA,NA,NA,NA,NA
"6383",1991,"4","7","wheat",6.92,5.75052,5.54,4.96384,118.867348,24.2310736,63.0461972,96.033684,20.0118096,26.164866,22.833664,4.219264,36.8813312,"N2PKMg","N2 PKMg",96,35,90,0,0,0,0,"C",0.997890604166666,NA,NA,NA,NA,NA,NA,NA,NA
"6452",1991,"6","7","wheat",5.75,4.72075,NA,NA,NA,NA,NA,NA,NA,NA,NA,NA,NA,"N2PKMg","N2 PKMg",96,35,90,0,0,0,0,"C",NA,NA,NA,NA,NA,NA,NA,NA,NA
"6489",1991,"7","7","wheat",5.42,4.44982,NA,NA,NA,NA,NA,NA,NA,NA,NA,NA,NA,"N2PKMg","N2 PKMg",96,35,90,0,0,0,0,"C",NA,NA,NA,NA,NA,NA,NA,NA,NA
"6526",1991,"8","7","wheat",3.27,2.66832,NA,NA,NA,NA,NA,NA,NA,NA,NA,NA,NA,"N2PKMg","N2 PKMg",96,35,90,0,0,0,0,"C",NA,NA,NA,NA,NA,NA,NA,NA,NA
"6572",1991,"9","7","wheat",6.19,5.10056,NA,NA,NA,NA,NA,NA,NA,NA,NA,NA,NA,"N2PKMg","N2 PKMg",96,35,90,0,0,0,0,"C",NA,NA,NA,NA,NA,NA,NA,NA,NA
"9",1992,"3","1","potato",53.97,10.74003,NA,NA,175.062489,26.48491398,278.44601778,NA,NA,NA,NA,NA,NA,"FYM+NPK","FYM N4 PK",192,35,90,35,192.5,52.4832,390.642,"C",NA,NA,NA,NA,NA,NA,0.141581046875,-0.100577072571429,-0.471150590000001
"38",1992,"3","10","potato",7.34,1.77628,NA,NA,25.75606,2.50810736,26.93018108,NA,NA,NA,NA,NA,NA,"N","N2",96,0,0,0,0,0,0,"C",NA,NA,NA,NA,NA,NA,NA,NA,NA
"67",1992,"3","11","potato",7.25,1.70375,NA,NA,29.815625,4.42804625,20.5233725,NA,NA,NA,NA,NA,NA,"NP","N2 P",96,35,0,0,0,0,0,"C",NA,NA,NA,NA,NA,NA,NA,NA,NA
"125",1992,"3","13","potato",15.55,3.1722,NA,NA,46.63134,7.9019502,76.9956384,NA,NA,NA,NA,NA,NA,"NPK","N2 PK",96,35,90,0,0,0,0,"C",NA,NA,NA,NA,NA,NA,NA,NA,NA
"154",1992,"3","14","potato",32.36,7.70168,NA,NA,90.879824,14.91815416,155.40449904,NA,NA,NA,NA,NA,NA,"N4PKMg","N2 PKMg*",96,35,90,0,0,0,0,"C",NA,NA,NA,NA,NA,NA,NA,NA,NA
"212",1992,"3","16","potato",46.17,9.88038,NA,NA,136.349244,16.4508327,225.23314248,NA,NA,NA,NA,NA,NA,"N5PKMg","N5 PKMg",240,35,90,0,0,0,0,"C",NA,0.398363581142857,2.27455299977778,NA,NA,NA,NA,NA,NA
"357",1992,"3","22","potato",56.52,11.92572,NA,NA,147.878928,30.00511152,320.84957088,NA,NA,NA,NA,NA,NA,"FYM","FYM",0,0,0,35,192.5,52.4832,390.642,"C",NA,NA,NA,0.430850742857143,0.634404509090909,0.61331585974026,NA,NA,NA
"386",1992,"3","3","potato",10.65,2.5134,NA,NA,35.94162,3.983739,40.3425834,NA,NA,NA,NA,NA,NA,"Control","Nil",0,0,0,0,0,0,0,"C",NA,NA,NA,NA,NA,NA,NA,NA,NA
"415",1992,"3","5","potato",23.84,5.41168,NA,NA,64.94016,11.78663904,119.67389152,NA,NA,NA,NA,NA,NA,"PKMg","PKMg",0,35,90,0,0,0,0,"C",NA,NA,NA,NA,NA,NA,NA,NA,NA
"444",1992,"3","6","potato",25.08,5.61792,NA,NA,72.471168,12.218976,129.65035776,NA,NA,NA,NA,NA,NA,"N1PKMg","N1 PKMg",48,35,90,0,0,0,0,"C",NA,NA,NA,NA,NA,NA,NA,NA,NA
"473",1992,"3","7","potato",31.33,6.64196,NA,NA,97.636812,14.5126826,162.70145216,NA,NA,NA,NA,NA,NA,"N2PKMg","N2 PKMg",96,35,90,0,0,0,0,"C",0.340590125,NA,NA,NA,NA,NA,NA,NA,NA
"7210",1992,"4","1","wheat",8.12,7.16184,NA,NA,NA,NA,NA,NA,NA,NA,NA,NA,NA,"FYM+NPK","FYM N4 PK",192,35,90,35,192.5,52.4832,390.642,"C",NA,NA,NA,NA,NA,NA,NA,NA,NA
"1041",1992,"5","1","wheat",7.54,6.6729,8.26,5.66636,231.281062,36.407543,196.5661228,162.15147,26.491413,40.571232,69.129592,9.91613,155.9948908,"FYM+NPK","FYM N4 PK",192,35,90,35,192.5,52.4832,390.642,"C",NA,NA,NA,NA,NA,NA,0.640431869791667,0.276763571428572,1.1954342
"14110",1992,"6","1","wheat",4.81,4.30976,NA,NA,NA,NA,NA,NA,NA,NA,NA,NA,NA,"FYM+NPK","FYM N4 PK",192,35,90,35,192.5,52.4832,390.642,"C",NA,NA,NA,NA,NA,NA,NA,NA,NA
"17810",1992,"7","1","wheat",6.97,6.25209,NA,NA,NA,NA,NA,NA,NA,NA,NA,NA,NA,"FYM+NPK","FYM N4 PK",192,35,90,35,192.5,52.4832,390.642,"C",NA,NA,NA,NA,NA,NA,NA,NA,NA
"2181",1992,"0","10","wheat",2.96,2.6344,NA,NA,NA,NA,NA,NA,NA,NA,NA,NA,NA,"N","N2",96,0,0,0,0,0,0,"C",NA,NA,NA,NA,NA,NA,NA,NA,NA
"267",1992,"1","10","wheat",3.39,3.01371,2.06,1.78808,69.970124,6.8003236,28.0060221,63.890652,6.3890652,15.4000581,6.079472,0.4112584,12.605964,"N","N2",96,0,0,0,0,0,0,"C",NA,NA,NA,NA,NA,NA,NA,NA,NA
"3642",1992,"4","10","wheat",2.91,2.55789,NA,NA,NA,NA,NA,NA,NA,NA,NA,NA,NA,"N","N2",96,0,0,0,0,0,0,"C",NA,NA,NA,NA,NA,NA,NA,NA,NA
"3961",1992,"5","10","wheat",7.44,6.51,2.59,2.25071,138.150124,21.6696053,54.6784966,128.247,20.7018,37.8882,9.903124,0.9678053,16.7902966,"N","N2",96,0,0,0,0,0,0,"C",NA,NA,NA,NA,NA,NA,NA,NA,NA
"4331",1992,"6","10","wheat",3.39,3.00693,NA,NA,NA,NA,NA,NA,NA,NA,NA,NA,NA,"N","N2",96,0,0,0,0,0,0,"C",NA,NA,NA,NA,NA,NA,NA,NA,NA
"47010",1992,"7","10","wheat",2.4,2.1216,NA,NA,NA,NA,NA,NA,NA,NA,NA,NA,NA,"N","N2",96,0,0,0,0,0,0,"C",NA,NA,NA,NA,NA,NA,NA,NA,NA
"507",1992,"8","10","wheat",2.24,1.91296,NA,NA,NA,NA,NA,NA,NA,NA,NA,NA,NA,"N","N2",96,0,0,0,0,0,0,"C",NA,NA,NA,NA,NA,NA,NA,NA,NA
"553",1992,"9","10","wheat",2.9,2.4708,NA,NA,NA,NA,NA,NA,NA,NA,NA,NA,NA,"N","N2",96,0,0,0,0,0,0,"C",NA,NA,NA,NA,NA,NA,NA,NA,NA
"614",1992,"0","11","wheat",5,4.455,NA,NA,NA,NA,NA,NA,NA,NA,NA,NA,NA,"NP","N2 P",96,35,0,0,0,0,0,"C",NA,NA,NA,NA,NA,NA,NA,NA,NA
"663",1992,"1","11","wheat",5.02,4.45274,2.13,1.84032,83.396312,18.2145584,31.0136864,76.587128,16.7423024,24.2229056,6.809184,1.472256,6.7907808,"NP","N2 P",96,35,0,0,0,0,0,"C",NA,NA,NA,NA,NA,NA,NA,NA,NA
"760",1992,"4","11","wheat",5.28,4.64112,NA,NA,NA,NA,NA,NA,NA,NA,NA,NA,NA,"NP","N2 P",96,35,0,0,0,0,0,"C",NA,NA,NA,NA,NA,NA,NA,NA,NA
"792",1992,"5","11","wheat",4.66,4.11478,1.74,1.52598,89.620304,16.1222842,31.1955962,82.2956,14.9777992,23.4130982,7.324704,1.144485,7.782498,"NP","N2 P",96,35,0,0,0,0,0,"C",NA,NA,NA,NA,NA,NA,NA,NA,NA
"829",1992,"6","11","wheat",3.49,3.09563,NA,NA,NA,NA,NA,NA,NA,NA,NA,NA,NA,"NP","N2 P",96,35,0,0,0,0,0,"C",NA,NA,NA,NA,NA,NA,NA,NA,NA
"866",1992,"7","11","wheat",3.22,2.8336,NA,NA,NA,NA,NA,NA,NA,NA,NA,NA,NA,"NP","N2 P",96,35,0,0,0,0,0,"C",NA,NA,NA,NA,NA,NA,NA,NA,NA
"903",1992,"8","11","wheat",3.51,2.99403,NA,NA,NA,NA,NA,NA,NA,NA,NA,NA,NA,"NP","N2 P",96,35,0,0,0,0,0,"C",NA,NA,NA,NA,NA,NA,NA,NA,NA
"949",1992,"9","11","wheat",2.39,2.02194,NA,NA,NA,NA,NA,NA,NA,NA,NA,NA,NA,"NP","N2 P",96,35,0,0,0,0,0,"C",NA,NA,NA,NA,NA,NA,NA,NA,NA
"1406",1992,"0","13","wheat",5.35,4.76685,NA,NA,NA,NA,NA,NA,NA,NA,NA,NA,NA,"NPK","N2 PK",96,35,90,0,0,0,0,"C",NA,NA,NA,NA,NA,NA,NA,NA,NA
"1455",1992,"1","13","wheat",5.31,4.6728,2.3,1.9987,89.1044,17.860854,47.478101,82.70856,16.541712,24.952752,6.39584,1.319142,22.525349,"NPK","N2 PK",96,35,90,0,0,0,0,"C",NA,NA,NA,NA,NA,NA,NA,NA,NA
"1552",1992,"4","13","wheat",4.15,3.66445,NA,NA,NA,NA,NA,NA,NA,NA,NA,NA,NA,"NPK","N2 PK",96,35,90,0,0,0,0,"C",NA,NA,NA,NA,NA,NA,NA,NA,NA
"1584",1992,"5","13","wheat",8.05,7.0679,4.16,3.2656,127.61605,26.822267,74.756119,115.20677,24.666971,39.650919,12.40928,2.155296,35.1052,"NPK","N2 PK",96,35,90,0,0,0,0,"C",NA,NA,NA,NA,NA,NA,NA,NA,NA
"1621",1992,"6","13","wheat",5.34,4.7259,NA,NA,NA,NA,NA,NA,NA,NA,NA,NA,NA,"NPK","N2 PK",96,35,90,0,0,0,0,"C",NA,NA,NA,NA,NA,NA,NA,NA,NA
"1658",1992,"7","13","wheat",3.37,2.95886,NA,NA,NA,NA,NA,NA,NA,NA,NA,NA,NA,"NPK","N2 PK",96,35,90,0,0,0,0,"C",NA,NA,NA,NA,NA,NA,NA,NA,NA
"1695",1992,"8","13","wheat",2.87,2.48255,NA,NA,NA,NA,NA,NA,NA,NA,NA,NA,NA,"NPK","N2 PK",96,35,90,0,0,0,0,"C",NA,NA,NA,NA,NA,NA,NA,NA,NA
"1741",1992,"9","13","wheat",6.55,5.63955,NA,NA,NA,NA,NA,NA,NA,NA,NA,NA,NA,"NPK","N2 PK",96,35,90,0,0,0,0,"C",NA,NA,NA,NA,NA,NA,NA,NA,NA
"1802",1992,"0","14","wheat",5.99,5.29516,NA,NA,NA,NA,NA,NA,NA,NA,NA,NA,NA,"N4PKMg","N2 PKMg*",96,35,90,0,0,0,0,"C",NA,NA,NA,NA,NA,NA,NA,NA,NA
"1851",1992,"1","14","wheat",5.55,4.9506,2.2,1.8986,91.68008,19.61572,46.035974,84.65526,18.267714,27.277806,7.02482,1.348006,18.758168,"N4PKMg","N2 PKMg*",96,35,90,0,0,0,0,"C",NA,NA,NA,NA,NA,NA,NA,NA,NA
"1948",1992,"4","14","wheat",4.08,3.55776,NA,NA,NA,NA,NA,NA,NA,NA,NA,NA,NA,"N4PKMg","N2 PKMg*",96,35,90,0,0,0,0,"C",NA,NA,NA,NA,NA,NA,NA,NA,NA
"1980",1992,"5","14","wheat",8.29,7.27862,4.5,3.6,129.433644,27.307239,73.9467686,117.913644,25.111239,40.2507686,11.52,2.196,33.696,"N4PKMg","N2 PKMg*",96,35,90,0,0,0,0,"C",NA,NA,NA,NA,NA,NA,NA,NA,NA
"2017",1992,"6","14","wheat",5.3,4.6746,NA,NA,NA,NA,NA,NA,NA,NA,NA,NA,NA,"N4PKMg","N2 PKMg*",96,35,90,0,0,0,0,"C",NA,NA,NA,NA,NA,NA,NA,NA,NA
"2054",1992,"7","14","wheat",3.59,3.1233,NA,NA,NA,NA,NA,NA,NA,NA,NA,NA,NA,"N4PKMg","N2 PKMg*",96,35,90,0,0,0,0,"C",NA,NA,NA,NA,NA,NA,NA,NA,NA
"2091",1992,"8","14","wheat",2.84,2.45376,NA,NA,NA,NA,NA,NA,NA,NA,NA,NA,NA,"N4PKMg","N2 PKMg*",96,35,90,0,0,0,0,"C",NA,NA,NA,NA,NA,NA,NA,NA,NA
"2137",1992,"9","14","wheat",6.59,5.6674,NA,NA,NA,NA,NA,NA,NA,NA,NA,NA,NA,"N4PKMg","N2 PKMg*",96,35,90,0,0,0,0,"C",NA,NA,NA,NA,NA,NA,NA,NA,NA
"2594",1992,"0","16","wheat",7.64,6.84544,NA,NA,NA,NA,NA,NA,NA,NA,NA,NA,NA,"N5PKMg","N5 PKMg",240,35,90,0,0,0,0,"C",NA,NA,NA,NA,NA,NA,NA,NA,NA
"2643",1992,"1","16","wheat",7.59,6.77787,4.07,3.18681,186.524811,27.5077077,103.8188778,156.568797,24.6714468,37.278285,29.956014,2.8362609,66.5405928,"N5PKMg","N5 PKMg",240,35,90,0,0,0,0,"C",NA,0.631635962857143,0.808946571111111,NA,NA,NA,NA,NA,NA
"2740",1992,"4","16","wheat",7.96,6.98092,NA,NA,NA,NA,NA,NA,NA,NA,NA,NA,NA,"N5PKMg","N5 PKMg",240,35,90,0,0,0,0,"C",NA,NA,NA,NA,NA,NA,NA,NA,NA
"2772",1992,"5","16","wheat",8.32,7.37984,5.23,3.99572,204.621404,29.4716612,124.5518356,168.260352,25.7556416,41.4009024,36.361052,3.7160196,83.1509332,"N5PKMg","N5 PKMg",240,35,90,0,0,0,0,"C",NA,0.222915882857143,1.03729154888889,NA,NA,NA,NA,NA,NA
"2809",1992,"6","16","wheat",4.85,4.26315,NA,NA,NA,NA,NA,NA,NA,NA,NA,NA,NA,"N5PKMg","N5 PKMg",240,35,90,0,0,0,0,"C",NA,NA,NA,NA,NA,NA,NA,NA,NA
"2846",1992,"7","16","wheat",7.72,6.74728,NA,NA,NA,NA,NA,NA,NA,NA,NA,NA,NA,"N5PKMg","N5 PKMg",240,35,90,0,0,0,0,"C",NA,NA,NA,NA,NA,NA,NA,NA,NA
"2883",1992,"8","16","wheat",4.79,4.17209,NA,NA,NA,NA,NA,NA,NA,NA,NA,NA,NA,"N5PKMg","N5 PKMg",240,35,90,0,0,0,0,"C",NA,NA,NA,NA,NA,NA,NA,NA,NA
"2929",1992,"9","16","wheat",8,6.92,NA,NA,NA,NA,NA,NA,NA,NA,NA,NA,NA,"N5PKMg","N5 PKMg",240,35,90,0,0,0,0,"C",NA,NA,NA,NA,NA,NA,NA,NA,NA
"4178",1992,"0","20","wheat",3.77,3.36284,NA,NA,NA,NA,NA,NA,NA,NA,NA,NA,NA,"NKMg","N2 KMg",96,0,90,0,0,0,0,"C",NA,NA,NA,NA,NA,NA,NA,NA,NA
"4227",1992,"1","20","wheat",3.08,2.7412,1.67,1.4529,58.95796,5.400449,31.354367,53.72752,5.153456,13.29482,5.23044,0.246993,18.059547,"NKMg","N2 KMg",96,0,90,0,0,0,0,"C",NA,NA,NA,NA,NA,NA,NA,NA,NA
"4664",1992,"0","22","wheat",6.18,5.4693,NA,NA,NA,NA,NA,NA,NA,NA,NA,NA,NA,"FYM","FYM",0,0,0,35,192.5,52.4832,390.642,"C",NA,NA,NA,NA,NA,NA,NA,NA,NA
"4713",1992,"1","22","wheat",7.16,6.36524,3.95,3.35355,108.318143,26.720818,88.9770448,99.934268,23.233126,35.4543868,8.383875,3.487692,53.522658,"FYM","FYM",0,0,0,35,192.5,52.4832,390.642,"C",NA,NA,NA,0.440989464935065,0.256416535064935,0.129464057142857,NA,NA,NA
"4810",1992,"4","22","wheat",4.74,4.13802,NA,NA,NA,NA,NA,NA,NA,NA,NA,NA,NA,"FYM","FYM",0,0,0,35,192.5,52.4832,390.642,"C",NA,NA,NA,NA,NA,NA,NA,NA,NA
"4842",1992,"5","22","wheat",9.37,8.13316,9.37,7.28986,170.929414,39.628541,200.7413808,143.956932,30.6620132,46.1963488,26.972482,8.9665278,154.545032,"FYM","FYM",0,0,0,35,192.5,52.4832,390.642,"C",NA,NA,NA,0.749606264935065,0.170282025974026,0.422384987012987,NA,NA,NA
"4879",1992,"6","22","wheat",6.46,5.63958,NA,NA,NA,NA,NA,NA,NA,NA,NA,NA,NA,"FYM","FYM",0,0,0,35,192.5,52.4832,390.642,"C",NA,NA,NA,NA,NA,NA,NA,NA,NA
"4916",1992,"7","22","wheat",6.82,6.02206,NA,NA,NA,NA,NA,NA,NA,NA,NA,NA,NA,"FYM","FYM",0,0,0,35,192.5,52.4832,390.642,"C",NA,NA,NA,NA,NA,NA,NA,NA,NA
"4953",1992,"8","22","wheat",4.29,3.6894,NA,NA,NA,NA,NA,NA,NA,NA,NA,NA,NA,"FYM","FYM",0,0,0,35,192.5,52.4832,390.642,"C",NA,NA,NA,NA,NA,NA,NA,NA,NA
"4999",1992,"9","22","wheat",8.18,7.02662,NA,NA,NA,NA,NA,NA,NA,NA,NA,NA,NA,"FYM","FYM",0,0,0,35,192.5,52.4832,390.642,"C",NA,NA,NA,NA,NA,NA,NA,NA,NA
"5050",1992,"0","3","wheat",1.16,1.02776,NA,NA,NA,NA,NA,NA,NA,NA,NA,NA,NA,"Control","Nil",0,0,0,0,0,0,0,"C",NA,NA,NA,NA,NA,NA,NA,NA,NA
"5099",1992,"1","3","wheat",1.21,1.07085,0.16,0.13888,16.12049,4.2283213,7.3274895,15.63441,4.1227725,6.2858895,0.48608,0.1055488,1.0416,"Control","Nil",0,0,0,0,0,0,0,"C",NA,NA,NA,NA,NA,NA,NA,NA,NA
"5196",1992,"4","3","wheat",0.81,0.69417,NA,NA,NA,NA,NA,NA,NA,NA,NA,NA,NA,"Control","Nil",0,0,0,0,0,0,0,"C",NA,NA,NA,NA,NA,NA,NA,NA,NA
"5228",1992,"5","3","wheat",1.99,1.70941,0.96,0.7584,29.262209,7.1955325,21.4085514,25.470209,6.5812285,10.1538954,3.792,0.614304,11.254656,"Control","Nil",0,0,0,0,0,0,0,"C",NA,NA,NA,NA,NA,NA,NA,NA,NA
"5265",1992,"6","3","wheat",1.41,1.23657,NA,NA,NA,NA,NA,NA,NA,NA,NA,NA,NA,"Control","Nil",0,0,0,0,0,0,0,"C",NA,NA,NA,NA,NA,NA,NA,NA,NA
"5302",1992,"7","3","wheat",0.7,0.616,NA,NA,NA,NA,NA,NA,NA,NA,NA,NA,NA,"Control","Nil",0,0,0,0,0,0,0,"C",NA,NA,NA,NA,NA,NA,NA,NA,NA
"5339",1992,"8","3","wheat",1.94,1.47052,NA,NA,NA,NA,NA,NA,NA,NA,NA,NA,NA,"Control","Nil",0,0,0,0,0,0,0,"C",NA,NA,NA,NA,NA,NA,NA,NA,NA
"5385",1992,"9","3","wheat",0.72,0.61416,NA,NA,NA,NA,NA,NA,NA,NA,NA,NA,NA,"Control","Nil",0,0,0,0,0,0,0,"C",NA,NA,NA,NA,NA,NA,NA,NA,NA
"5446",1992,"0","5","wheat",1.49,1.32014,NA,NA,NA,NA,NA,NA,NA,NA,NA,NA,NA,"PKMg","PKMg",0,35,90,0,0,0,0,"C",NA,NA,NA,NA,NA,NA,NA,NA,NA
"5495",1992,"1","5","wheat",1.81,1.58737,0.24,0.20808,23.427671,6.4341966,11.0469459,22.699391,6.190743,9.1908723,0.72828,0.2434536,1.8560736,"PKMg","PKMg",0,35,90,0,0,0,0,"C",NA,NA,NA,NA,NA,NA,NA,NA,NA
"5592",1992,"4","5","wheat",1.06,0.92326,NA,NA,NA,NA,NA,NA,NA,NA,NA,NA,NA,"PKMg","PKMg",0,35,90,0,0,0,0,"C",NA,NA,NA,NA,NA,NA,NA,NA,NA
"5624",1992,"5","5","wheat",1.92,1.66656,0.64,0.528,26.630208,7.3366272,18.3632064,23.831808,6.4495872,9.8993664,2.7984,0.88704,8.46384,"PKMg","PKMg",0,35,90,0,0,0,0,"C",NA,NA,NA,NA,NA,NA,NA,NA,NA
"5661",1992,"6","5","wheat",1.57,1.37689,NA,NA,NA,NA,NA,NA,NA,NA,NA,NA,NA,"PKMg","PKMg",0,35,90,0,0,0,0,"C",NA,NA,NA,NA,NA,NA,NA,NA,NA
"5698",1992,"7","5","wheat",0.93,0.81933,NA,NA,NA,NA,NA,NA,NA,NA,NA,NA,NA,"PKMg","PKMg",0,35,90,0,0,0,0,"C",NA,NA,NA,NA,NA,NA,NA,NA,NA
"5735",1992,"8","5","wheat",2.39,1.97414,NA,NA,NA,NA,NA,NA,NA,NA,NA,NA,NA,"PKMg","PKMg",0,35,90,0,0,0,0,"C",NA,NA,NA,NA,NA,NA,NA,NA,NA
"5781",1992,"9","5","wheat",1.59,1.35786,NA,NA,NA,NA,NA,NA,NA,NA,NA,NA,NA,"PKMg","PKMg",0,35,90,0,0,0,0,"C",NA,NA,NA,NA,NA,NA,NA,NA,NA
"5842",1992,"0","6","wheat",4.57,4.06273,NA,NA,NA,NA,NA,NA,NA,NA,NA,NA,NA,"N1PKMg","N1 PKMg",48,35,90,0,0,0,0,"C",NA,NA,NA,NA,NA,NA,NA,NA,NA
"5891",1992,"1","6","wheat",4.18,3.71184,1.52,1.33456,58.776272,14.768928,34.5835872,55.306416,13.8080448,21.4915536,3.469856,0.9608832,13.0920336,"N1PKMg","N1 PKMg",48,35,90,0,0,0,0,"C",NA,NA,NA,NA,NA,NA,NA,NA,NA
"5988",1992,"4","6","wheat",2.92,2.52872,NA,NA,NA,NA,NA,NA,NA,NA,NA,NA,NA,"N1PKMg","N1 PKMg",48,35,90,0,0,0,0,"C",NA,NA,NA,NA,NA,NA,NA,NA,NA
"6020",1992,"5","6","wheat",6.07,5.29911,3.51,2.65707,79.509195,21.0431781,59.2412913,71.537985,19.0238049,32.1126066,7.97121,2.0193732,27.1286847,"N1PKMg","N1 PKMg",48,35,90,0,0,0,0,"C",NA,NA,NA,NA,NA,NA,NA,NA,NA
"6057",1992,"6","6","wheat",3.93,3.4584,NA,NA,NA,NA,NA,NA,NA,NA,NA,NA,NA,"N1PKMg","N1 PKMg",48,35,90,0,0,0,0,"C",NA,NA,NA,NA,NA,NA,NA,NA,NA
"6094",1992,"7","6","wheat",3.11,2.7368,NA,NA,NA,NA,NA,NA,NA,NA,NA,NA,NA,"N1PKMg","N1 PKMg",48,35,90,0,0,0,0,"C",NA,NA,NA,NA,NA,NA,NA,NA,NA
"6131",1992,"8","6","wheat",2.78,2.33242,NA,NA,NA,NA,NA,NA,NA,NA,NA,NA,NA,"N1PKMg","N1 PKMg",48,35,90,0,0,0,0,"C",NA,NA,NA,NA,NA,NA,NA,NA,NA
"6177",1992,"9","6","wheat",4.26,3.63804,NA,NA,NA,NA,NA,NA,NA,NA,NA,NA,NA,"N1PKMg","N1 PKMg",48,35,90,0,0,0,0,"C",NA,NA,NA,NA,NA,NA,NA,NA,NA
"6238",1992,"0","7","wheat",5.39,4.80788,NA,NA,NA,NA,NA,NA,NA,NA,NA,NA,NA,"N2PKMg","N2 PKMg",96,35,90,0,0,0,0,"C",NA,NA,NA,NA,NA,NA,NA,NA,NA
"6287",1992,"1","7","wheat",5.68,5.06656,2.52,2.1798,93.831516,19.8096612,50.6025724,86.638176,18.0876192,27.5620864,7.19334,1.722042,23.040486,"N2PKMg","N2 PKMg",96,35,90,0,0,0,0,"C",0.733373385416667,NA,NA,NA,NA,NA,NA,NA,NA
"6384",1992,"4","7","wheat",4.89,4.29342,NA,NA,NA,NA,NA,NA,NA,NA,NA,NA,NA,"N2PKMg","N2 PKMg",96,35,90,0,0,0,0,"C",NA,NA,NA,NA,NA,NA,NA,NA,NA
"6416",1992,"5","7","wheat",8.75,7.665,5.55,4.50105,180.649125,31.2193275,95.973111,169.3965,28.74375,42.7707,11.252625,2.4755775,53.202411,"N2PKMg","N2 PKMg",96,35,90,0,0,0,0,"C",1.60436371875,NA,NA,NA,NA,NA,NA,NA,NA
"6453",1992,"6","7","wheat",5.03,4.44652,NA,NA,NA,NA,NA,NA,NA,NA,NA,NA,NA,"N2PKMg","N2 PKMg",96,35,90,0,0,0,0,"C",NA,NA,NA,NA,NA,NA,NA,NA,NA
"6490",1992,"7","7","wheat",3.94,3.48296,NA,NA,NA,NA,NA,NA,NA,NA,NA,NA,NA,"N2PKMg","N2 PKMg",96,35,90,0,0,0,0,"C",NA,NA,NA,NA,NA,NA,NA,NA,NA
"6527",1992,"8","7","wheat",3.67,3.14519,NA,NA,NA,NA,NA,NA,NA,NA,NA,NA,NA,"N2PKMg","N2 PKMg",96,35,90,0,0,0,0,"C",NA,NA,NA,NA,NA,NA,NA,NA,NA
"6573",1992,"9","7","wheat",6.07,5.2202,NA,NA,NA,NA,NA,NA,NA,NA,NA,NA,NA,"N2PKMg","N2 PKMg",96,35,90,0,0,0,0,"C",NA,NA,NA,NA,NA,NA,NA,NA,NA
"7",1993,"2","1","potato",22.12,5.06548,NA,NA,74.0573176,9.1685188,115.746218,NA,NA,NA,NA,NA,NA,"FYM+NPK","FYM N4 PK",192,35,90,35,287,54.77374,428.0332,"C",NA,NA,NA,NA,NA,NA,-0.138178745833333,-0.339141062857143,-0.687223408888889
"36",1993,"2","10","potato",6.45,1.5351,NA,NA,24.070368,2.225895,21.122976,NA,NA,NA,NA,NA,NA,"N","N2",96,0,0,0,0,0,0,"C",NA,NA,NA,NA,NA,NA,NA,NA,NA
"65",1993,"2","11","potato",8.29,2.03934,NA,NA,31.1203284,5.5673982,26.1647322,NA,NA,NA,NA,NA,NA,"NP","N2 P",96,35,0,0,0,0,0,"C",NA,NA,NA,NA,NA,NA,NA,NA,NA
"123",1993,"2","13","potato",10.22,2.12576,NA,NA,33.0343104,5.3356576,51.5284224,NA,NA,NA,NA,NA,NA,"NPK","N2 PK",96,35,90,0,0,0,0,"C",NA,NA,NA,NA,NA,NA,NA,NA,NA
"152",1993,"2","14","potato",22.65,5.4813,NA,NA,64.569714,8.934519,108.036423,NA,NA,NA,NA,NA,NA,"N4PKMg","N2 PKMg*",96,35,90,0,0,0,0,"C",NA,NA,NA,NA,NA,NA,NA,NA,NA
"210",1993,"2","16","potato",27.59,6.37329,NA,NA,83.4263661,9.2412705,135.6236112,NA,NA,NA,NA,NA,NA,"N5PKMg","N5 PKMg",240,35,90,0,0,0,0,"C",NA,0.2004393,1.21620976666667,NA,NA,NA,NA,NA,NA
"355",1993,"2","22","potato",34.22,7.93904,NA,NA,100.5876368,21.038456,177.5963248,NA,NA,NA,NA,NA,NA,"FYM","FYM",0,0,0,35,287,54.77374,428.0332,"C",NA,NA,NA,0.223168326829268,0.266610692682927,0.242046370731707,NA,NA,NA
"384",1993,"2","3","potato",7.11,1.61397,NA,NA,22.5310212,2.3241168,27.2599533,NA,NA,NA,NA,NA,NA,"Control","Nil",0,0,0,0,0,0,0,"C",NA,NA,NA,NA,NA,NA,NA,NA,NA
"413",1993,"2","5","potato",13.15,2.93245,NA,NA,36.538327,6.45139,65.3643105,NA,NA,NA,NA,NA,NA,"PKMg","PKMg",0,35,90,0,0,0,0,"C",NA,NA,NA,NA,NA,NA,NA,NA,NA
"442",1993,"2","6","potato",15.73,3.50779,NA,NA,42.3390253,7.6119043,79.6969888,NA,NA,NA,NA,NA,NA,"N1PKMg","N1 PKMg",48,35,90,0,0,0,0,"C",NA,NA,NA,NA,NA,NA,NA,NA,NA
"471",1993,"2","7","potato",19.52,4.4896,NA,NA,59.666784,8.9792,98.905888,NA,NA,NA,NA,NA,NA,"N2PKMg","N2 PKMg",96,35,90,0,0,0,0,"C",0.240921427083333,NA,NA,NA,NA,NA,NA,NA,NA
"4611",1993,"3","1","wheat",10.49,8.94797,6.37,4.77113,220.8565367,36.7272687,126.8324962,181.7332707,31.7652935,42.1449387,39.123266,4.9619752,84.6875575,"FYM+NPK","FYM N4 PK",192,35,90,35,287,54.77374,428.0332,"C",NA,NA,NA,NA,NA,NA,NA,NA,NA
"7310",1993,"4","1","wheat",8.81,7.5766,NA,NA,NA,NA,NA,NA,NA,NA,NA,NA,NA,"FYM+NPK","FYM N4 PK",192,35,90,35,287,54.77374,428.0332,"C",NA,NA,NA,NA,NA,NA,NA,NA,NA
"1051",1993,"5","1","wheat",9.79,8.40961,NA,NA,NA,NA,NA,NA,NA,NA,NA,NA,NA,"FYM+NPK","FYM N4 PK",192,35,90,35,287,54.77374,428.0332,"C",NA,NA,NA,NA,NA,NA,NA,NA,NA
"14210",1993,"6","1","wheat",6.92,5.95812,NA,NA,NA,NA,NA,NA,NA,NA,NA,NA,NA,"FYM+NPK","FYM N4 PK",192,35,90,35,287,54.77374,428.0332,"C",NA,NA,NA,NA,NA,NA,NA,NA,NA
"2191",1993,"0","10","wheat",1.54,1.33364,NA,NA,NA,NA,NA,NA,NA,NA,NA,NA,NA,"N","N2",96,0,0,0,0,0,0,"C",NA,NA,NA,NA,NA,NA,NA,NA,NA
"268",1993,"1","10","wheat",1.92,1.65888,0.91,0.82628,38.3368736,3.8396436,12.6975876,34.0402176,3.6661248,8.0621568,4.296656,0.1735188,4.6354308,"N","N2",96,0,0,0,0,0,0,"C",NA,NA,NA,NA,NA,NA,NA,NA,NA
"3381",1993,"3","10","wheat",6.16,5.30376,2.18,1.95764,104.1218256,14.5084112,35.8264716,94.7251536,13.8428136,26.253612,9.396672,0.6655976,9.5728596,"N","N2",96,0,0,0,0,0,0,"C",NA,NA,NA,NA,NA,NA,NA,NA,NA
"3652",1993,"4","10","wheat",3.26,2.81338,NA,NA,NA,NA,NA,NA,NA,NA,NA,NA,NA,"N","N2",96,0,0,0,0,0,0,"C",NA,NA,NA,NA,NA,NA,NA,NA,NA
"3971",1993,"5","10","wheat",2.52,2.1798,NA,NA,NA,NA,NA,NA,NA,NA,NA,NA,NA,"N","N2",96,0,0,0,0,0,0,"C",NA,NA,NA,NA,NA,NA,NA,NA,NA
"4341",1993,"6","10","wheat",1.87,1.61381,NA,NA,NA,NA,NA,NA,NA,NA,NA,NA,NA,"N","N2",96,0,0,0,0,0,0,"C",NA,NA,NA,NA,NA,NA,NA,NA,NA
"508",1993,"8","10","wheat",0.98,0.81732,NA,NA,NA,NA,NA,NA,NA,NA,NA,NA,NA,"N","N2",96,0,0,0,0,0,0,"C",NA,NA,NA,NA,NA,NA,NA,NA,NA
"554",1993,"9","10","wheat",2.11,1.78295,NA,NA,NA,NA,NA,NA,NA,NA,NA,NA,NA,"N","N2",96,0,0,0,0,0,0,"C",NA,NA,NA,NA,NA,NA,NA,NA,NA
"615",1993,"0","11","wheat",2.56,2.21696,NA,NA,NA,NA,NA,NA,NA,NA,NA,NA,NA,"NP","N2 P",96,35,0,0,0,0,0,"C",NA,NA,NA,NA,NA,NA,NA,NA,NA
"664",1993,"1","11","wheat",2.39,2.06974,0.67,0.61104,48.2572786,9.1557118,13.2504152,43.8577906,8.4652366,11.8389128,4.399488,0.6904752,1.4115024,"NP","N2 P",96,35,0,0,0,0,0,"C",NA,NA,NA,NA,NA,NA,NA,NA,NA
"734",1993,"3","11","wheat",3.85,3.3187,1.2,1.0836,70.018746,13.20837,19.886314,62.325186,12.146442,17.058118,7.69356,1.061928,2.828196,"NP","N2 P",96,35,0,0,0,0,0,"C",NA,NA,NA,NA,NA,NA,NA,NA,NA
"761",1993,"4","11","wheat",2.73,2.36145,NA,NA,NA,NA,NA,NA,NA,NA,NA,NA,NA,"NP","N2 P",96,35,0,0,0,0,0,"C",NA,NA,NA,NA,NA,NA,NA,NA,NA
"793",1993,"5","11","wheat",4.49,3.88385,NA,NA,NA,NA,NA,NA,NA,NA,NA,NA,NA,"NP","N2 P",96,35,0,0,0,0,0,"C",NA,NA,NA,NA,NA,NA,NA,NA,NA
"830",1993,"6","11","wheat",1.56,1.34472,NA,NA,NA,NA,NA,NA,NA,NA,NA,NA,NA,"NP","N2 P",96,35,0,0,0,0,0,"C",NA,NA,NA,NA,NA,NA,NA,NA,NA
"904",1993,"8","11","wheat",0.77,0.64141,NA,NA,NA,NA,NA,NA,NA,NA,NA,NA,NA,"NP","N2 P",96,35,0,0,0,0,0,"C",NA,NA,NA,NA,NA,NA,NA,NA,NA
"950",1993,"9","11","wheat",2.08,1.75968,NA,NA,NA,NA,NA,NA,NA,NA,NA,NA,NA,"NP","N2 P",96,35,0,0,0,0,0,"C",NA,NA,NA,NA,NA,NA,NA,NA,NA
"1407",1993,"0","13","wheat",4.44,3.8628,NA,NA,NA,NA,NA,NA,NA,NA,NA,NA,NA,"NPK","N2 PK",96,35,90,0,0,0,0,"C",NA,NA,NA,NA,NA,NA,NA,NA,NA
"1456",1993,"1","13","wheat",4.05,3.51135,1.84,1.69096,71.0751135,13.9792233,33.4930242,62.9585055,13.1675625,19.593333,8.116608,0.8116608,13.8996912,"NPK","N2 PK",96,35,90,0,0,0,0,"C",NA,NA,NA,NA,NA,NA,NA,NA,NA
"1526",1993,"3","13","wheat",5.96,5.13752,2.25,1.998,90.4264608,18.5436376,43.5154472,79.8370608,17.3648176,26.2527272,10.5894,1.17882,17.26272,"NPK","N2 PK",96,35,90,0,0,0,0,"C",NA,NA,NA,NA,NA,NA,NA,NA,NA
"1553",1993,"4","13","wheat",3.59,3.10535,NA,NA,NA,NA,NA,NA,NA,NA,NA,NA,NA,"NPK","N2 PK",96,35,90,0,0,0,0,"C",NA,NA,NA,NA,NA,NA,NA,NA,NA
"1585",1993,"5","13","wheat",4.09,3.52149,NA,NA,NA,NA,NA,NA,NA,NA,NA,NA,NA,"NPK","N2 PK",96,35,90,0,0,0,0,"C",NA,NA,NA,NA,NA,NA,NA,NA,NA
"1622",1993,"6","13","wheat",3.39,2.92218,NA,NA,NA,NA,NA,NA,NA,NA,NA,NA,NA,"NPK","N2 PK",96,35,90,0,0,0,0,"C",NA,NA,NA,NA,NA,NA,NA,NA,NA
"1696",1993,"8","13","wheat",1.67,1.41449,NA,NA,NA,NA,NA,NA,NA,NA,NA,NA,NA,"NPK","N2 PK",96,35,90,0,0,0,0,"C",NA,NA,NA,NA,NA,NA,NA,NA,NA
"1742",1993,"9","13","wheat",3.53,2.97932,NA,NA,NA,NA,NA,NA,NA,NA,NA,NA,NA,"NPK","N2 PK",96,35,90,0,0,0,0,"C",NA,NA,NA,NA,NA,NA,NA,NA,NA
"1803",1993,"0","14","wheat",4.76,4.14596,NA,NA,NA,NA,NA,NA,NA,NA,NA,NA,NA,"N4PKMg","N2 PKMg*",96,35,90,0,0,0,0,"C",NA,NA,NA,NA,NA,NA,NA,NA,NA
"1852",1993,"1","14","wheat",4.85,4.2001,1.99,1.8109,79.479834,15.857806,35.461231,71.149694,14.952356,22.386533,8.33014,0.90545,13.074698,"N4PKMg","N2 PKMg*",96,35,90,0,0,0,0,"C",NA,NA,NA,NA,NA,NA,NA,NA,NA
"1922",1993,"3","14","wheat",5.57,4.81248,1.54,1.34596,77.5499488,17.9918108,35.2872084,70.5509568,17.0361792,25.3136448,6.998992,0.9556316,9.9735636,"N4PKMg","N2 PKMg*",96,35,90,0,0,0,0,"C",NA,NA,NA,NA,NA,NA,NA,NA,NA
"1949",1993,"4","14","wheat",4.18,3.6157,NA,NA,NA,NA,NA,NA,NA,NA,NA,NA,NA,"N4PKMg","N2 PKMg*",96,35,90,0,0,0,0,"C",NA,NA,NA,NA,NA,NA,NA,NA,NA
"1981",1993,"5","14","wheat",4.24,3.6676,NA,NA,NA,NA,NA,NA,NA,NA,NA,NA,NA,"N4PKMg","N2 PKMg*",96,35,90,0,0,0,0,"C",NA,NA,NA,NA,NA,NA,NA,NA,NA
"2018",1993,"6","14","wheat",3.71,3.19802,NA,NA,NA,NA,NA,NA,NA,NA,NA,NA,NA,"N4PKMg","N2 PKMg*",96,35,90,0,0,0,0,"C",NA,NA,NA,NA,NA,NA,NA,NA,NA
"2092",1993,"8","14","wheat",1.18,1.00654,NA,NA,NA,NA,NA,NA,NA,NA,NA,NA,NA,"N4PKMg","N2 PKMg*",96,35,90,0,0,0,0,"C",NA,NA,NA,NA,NA,NA,NA,NA,NA
"2138",1993,"9","14","wheat",3.9,3.3111,NA,NA,NA,NA,NA,NA,NA,NA,NA,NA,NA,"N4PKMg","N2 PKMg*",96,35,90,0,0,0,0,"C",NA,NA,NA,NA,NA,NA,NA,NA,NA
"2595",1993,"0","16","wheat",6.71,5.85783,NA,NA,NA,NA,NA,NA,NA,NA,NA,NA,NA,"N5PKMg","N5 PKMg",240,35,90,0,0,0,0,"C",NA,NA,NA,NA,NA,NA,NA,NA,NA
"2644",1993,"1","16","wheat",7.38,6.43536,3,2.598,162.4691568,23.9662464,62.5877136,144.0233568,22.4594064,30.6323136,18.4458,1.50684,31.9554,"N5PKMg","N5 PKMg",240,35,90,0,0,0,0,"C",NA,0.585258274285714,0.548192204444444,NA,NA,NA,NA,NA,NA
"2714",1993,"3","16","wheat",9.22,7.96608,3.36,2.84256,192.7366272,31.1624928,70.2840672,169.9961472,28.9168704,38.0778624,22.74048,2.2456224,32.2062048,"N5PKMg","N5 PKMg",240,35,90,0,0,0,0,"C",NA,0.475830902857143,0.559975035555555,NA,NA,NA,NA,NA,NA
"2741",1993,"4","16","wheat",7.15,6.2062,NA,NA,NA,NA,NA,NA,NA,NA,NA,NA,NA,"N5PKMg","N5 PKMg",240,35,90,0,0,0,0,"C",NA,NA,NA,NA,NA,NA,NA,NA,NA
"2773",1993,"5","16","wheat",7.49,6.5163,NA,NA,NA,NA,NA,NA,NA,NA,NA,NA,NA,"N5PKMg","N5 PKMg",240,35,90,0,0,0,0,"C",NA,NA,NA,NA,NA,NA,NA,NA,NA
"2810",1993,"6","16","wheat",5.8,5.0286,NA,NA,NA,NA,NA,NA,NA,NA,NA,NA,NA,"N5PKMg","N5 PKMg",240,35,90,0,0,0,0,"C",NA,NA,NA,NA,NA,NA,NA,NA,NA
"2884",1993,"8","16","wheat",2.64,2.23344,NA,NA,NA,NA,NA,NA,NA,NA,NA,NA,NA,"N5PKMg","N5 PKMg",240,35,90,0,0,0,0,"C",NA,NA,NA,NA,NA,NA,NA,NA,NA
"2930",1993,"9","16","wheat",8.21,7.01134,NA,NA,NA,NA,NA,NA,NA,NA,NA,NA,NA,"N5PKMg","N5 PKMg",240,35,90,0,0,0,0,"C",NA,NA,NA,NA,NA,NA,NA,NA,NA
"4179",1993,"0","20","wheat",2.65,2.30285,NA,NA,NA,NA,NA,NA,NA,NA,NA,NA,NA,"NKMg","N2 KMg",96,0,90,0,0,0,0,"C",NA,NA,NA,NA,NA,NA,NA,NA,NA
"4228",1993,"1","20","wheat",1.8,1.5588,0.84,0.77196,33.291432,3.4822068,15.1562664,29.586024,3.304656,7.56018,3.705408,0.1775508,7.5960864,"NKMg","N2 KMg",96,0,90,0,0,0,0,"C",NA,NA,NA,NA,NA,NA,NA,NA,NA
"4665",1993,"0","22","wheat",4.93,4.28417,NA,NA,NA,NA,NA,NA,NA,NA,NA,NA,NA,"FYM","FYM",0,0,0,35,287,54.77374,428.0332,"C",NA,NA,NA,NA,NA,NA,NA,NA,NA
"4714",1993,"1","22","wheat",5.67,4.92723,1.72,1.54628,87.5048483,20.0524775,45.39459,80.8558443,18.1814787,25.8186852,6.649004,1.8709988,19.5759048,"FYM","FYM",0,0,0,35,287,54.77374,428.0332,"C",NA,NA,NA,0.248707513240418,0.188896920905923,0.136751113937282,NA,NA,NA
"4784",1993,"3","22","wheat",7.26,6.2436,1.79,1.52866,113.687622,26.6953378,49.1902604,105.891456,24.66222,32.46672,7.796166,2.0331178,16.7235404,"FYM","FYM",0,0,0,35,287,54.77374,428.0332,"C",NA,NA,NA,0.333336206271777,0.0333303010452963,0.152156362369338,NA,NA,NA
"4811",1993,"4","22","wheat",4.6,3.9744,NA,NA,NA,NA,NA,NA,NA,NA,NA,NA,NA,"FYM","FYM",0,0,0,35,287,54.77374,428.0332,"C",NA,NA,NA,NA,NA,NA,NA,NA,NA
"4843",1993,"5","22","wheat",5.22,4.48398,NA,NA,NA,NA,NA,NA,NA,NA,NA,NA,NA,"FYM","FYM",0,0,0,35,287,54.77374,428.0332,"C",NA,NA,NA,NA,NA,NA,NA,NA,NA
"4880",1993,"6","22","wheat",4.55,3.90845,NA,NA,NA,NA,NA,NA,NA,NA,NA,NA,NA,"FYM","FYM",0,0,0,35,287,54.77374,428.0332,"C",NA,NA,NA,NA,NA,NA,NA,NA,NA
"4954",1993,"8","22","wheat",2.52,2.14956,NA,NA,NA,NA,NA,NA,NA,NA,NA,NA,NA,"FYM","FYM",0,0,0,35,287,54.77374,428.0332,"C",NA,NA,NA,NA,NA,NA,NA,NA,NA
"5000",1993,"9","22","wheat",6.44,5.46756,NA,NA,NA,NA,NA,NA,NA,NA,NA,NA,NA,"FYM","FYM",0,0,0,35,287,54.77374,428.0332,"C",NA,NA,NA,NA,NA,NA,NA,NA,NA
"5051",1993,"0","3","wheat",0.81,0.70065,NA,NA,NA,NA,NA,NA,NA,NA,NA,NA,NA,"Control","Nil",0,0,0,0,0,0,0,"C",NA,NA,NA,NA,NA,NA,NA,NA,NA
"5100",1993,"1","3","wheat",1.01,0.87163,0.17,0.15776,13.6743713,3.1921767,5.6888185,12.9960033,3.1117191,4.6980857,0.678368,0.0804576,0.9907328,"Control","Nil",0,0,0,0,0,0,0,"C",NA,NA,NA,NA,NA,NA,NA,NA,NA
"5170",1993,"3","3","wheat",1.27,1.08966,0.2,0.1834,18.0217458,4.227443,6.6346996,17.0313858,4.086225,5.8405776,0.99036,0.141218,0.794122,"Control","Nil",0,0,0,0,0,0,0,"C",NA,NA,NA,NA,NA,NA,NA,NA,NA
"5197",1993,"4","3","wheat",0.62,0.5301,NA,NA,NA,NA,NA,NA,NA,NA,NA,NA,NA,"Control","Nil",0,0,0,0,0,0,0,"C",NA,NA,NA,NA,NA,NA,NA,NA,NA
"5229",1993,"5","3","wheat",0.49,0.42042,NA,NA,NA,NA,NA,NA,NA,NA,NA,NA,NA,"Control","Nil",0,0,0,0,0,0,0,"C",NA,NA,NA,NA,NA,NA,NA,NA,NA
"5266",1993,"6","3","wheat",0.89,0.76184,NA,NA,NA,NA,NA,NA,NA,NA,NA,NA,NA,"Control","Nil",0,0,0,0,0,0,0,"C",NA,NA,NA,NA,NA,NA,NA,NA,NA
"5340",1993,"8","3","wheat",1.01,0.70801,NA,NA,NA,NA,NA,NA,NA,NA,NA,NA,NA,"Control","Nil",0,0,0,0,0,0,0,"C",NA,NA,NA,NA,NA,NA,NA,NA,NA
"5386",1993,"9","3","wheat",0.6,0.5052,NA,NA,NA,NA,NA,NA,NA,NA,NA,NA,NA,"Control","Nil",0,0,0,0,0,0,0,"C",NA,NA,NA,NA,NA,NA,NA,NA,NA
"5447",1993,"0","5","wheat",0.84,0.72492,NA,NA,NA,NA,NA,NA,NA,NA,NA,NA,NA,"PKMg","PKMg",0,35,90,0,0,0,0,"C",NA,NA,NA,NA,NA,NA,NA,NA,NA
"5496",1993,"1","5","wheat",1.15,0.9936,0.25,0.228,16.125792,4.286928,7.320912,15.122592,4.004208,5.633712,1.0032,0.28272,1.6872,"PKMg","PKMg",0,35,90,0,0,0,0,"C",NA,NA,NA,NA,NA,NA,NA,NA,NA
"5566",1993,"3","5","wheat",1.26,1.07604,0.1,0.0916,18.0201308,4.5944904,6.6404392,17.5071708,4.4763264,6.1119072,0.51296,0.118164,0.528532,"PKMg","PKMg",0,35,90,0,0,0,0,"C",NA,NA,NA,NA,NA,NA,NA,NA,NA
"5593",1993,"4","5","wheat",0.34,0.29036,NA,NA,NA,NA,NA,NA,NA,NA,NA,NA,NA,"PKMg","PKMg",0,35,90,0,0,0,0,"C",NA,NA,NA,NA,NA,NA,NA,NA,NA
"5625",1993,"5","5","wheat",0.6,0.5136,NA,NA,NA,NA,NA,NA,NA,NA,NA,NA,NA,"PKMg","PKMg",0,35,90,0,0,0,0,"C",NA,NA,NA,NA,NA,NA,NA,NA,NA
"5662",1993,"6","5","wheat",1.08,0.92448,NA,NA,NA,NA,NA,NA,NA,NA,NA,NA,NA,"PKMg","PKMg",0,35,90,0,0,0,0,"C",NA,NA,NA,NA,NA,NA,NA,NA,NA
"5736",1993,"8","5","wheat",2.31,1.81335,NA,NA,NA,NA,NA,NA,NA,NA,NA,NA,NA,"PKMg","PKMg",0,35,90,0,0,0,0,"C",NA,NA,NA,NA,NA,NA,NA,NA,NA
"5782",1993,"9","5","wheat",0.85,0.71485,NA,NA,NA,NA,NA,NA,NA,NA,NA,NA,NA,"PKMg","PKMg",0,35,90,0,0,0,0,"C",NA,NA,NA,NA,NA,NA,NA,NA,NA
"5843",1993,"0","6","wheat",3.51,3.03264,NA,NA,NA,NA,NA,NA,NA,NA,NA,NA,NA,"N1PKMg","N1 PKMg",48,35,90,0,0,0,0,"C",NA,NA,NA,NA,NA,NA,NA,NA,NA
"5892",1993,"1","6","wheat",3.06,2.64996,1,0.909,45.1004796,11.4852672,23.1506532,41.1008796,10.7853372,15.6877632,3.9996,0.69993,7.46289,"N1PKMg","N1 PKMg",48,35,90,0,0,0,0,"C",NA,NA,NA,NA,NA,NA,NA,NA,NA
"5962",1993,"3","6","wheat",4.76,4.0936,1.63,1.41484,63.260652,15.7697932,31.052322,56.327936,14.73696,22.351056,6.932716,1.0328332,8.701266,"N1PKMg","N1 PKMg",48,35,90,0,0,0,0,"C",NA,NA,NA,NA,NA,NA,NA,NA,NA
"5989",1993,"4","6","wheat",2.64,2.26776,NA,NA,NA,NA,NA,NA,NA,NA,NA,NA,NA,"N1PKMg","N1 PKMg",48,35,90,0,0,0,0,"C",NA,NA,NA,NA,NA,NA,NA,NA,NA
"6021",1993,"5","6","wheat",2.89,2.4854,NA,NA,NA,NA,NA,NA,NA,NA,NA,NA,NA,"N1PKMg","N1 PKMg",48,35,90,0,0,0,0,"C",NA,NA,NA,NA,NA,NA,NA,NA,NA
"6058",1993,"6","6","wheat",3.64,3.12312,NA,NA,NA,NA,NA,NA,NA,NA,NA,NA,NA,"N1PKMg","N1 PKMg",48,35,90,0,0,0,0,"C",NA,NA,NA,NA,NA,NA,NA,NA,NA
"6132",1993,"8","6","wheat",2.31,1.84569,NA,NA,NA,NA,NA,NA,NA,NA,NA,NA,NA,"N1PKMg","N1 PKMg",48,35,90,0,0,0,0,"C",NA,NA,NA,NA,NA,NA,NA,NA,NA
"6178",1993,"9","6","wheat",3.46,2.91332,NA,NA,NA,NA,NA,NA,NA,NA,NA,NA,NA,"N1PKMg","N1 PKMg",48,35,90,0,0,0,0,"C",NA,NA,NA,NA,NA,NA,NA,NA,NA
"6239",1993,"0","7","wheat",4.6,3.9882,NA,NA,NA,NA,NA,NA,NA,NA,NA,NA,NA,"N2PKMg","N2 PKMg",96,35,90,0,0,0,0,"C",NA,NA,NA,NA,NA,NA,NA,NA,NA
"6288",1993,"1","7","wheat",4.8,4.1664,1.83,1.66896,80.131872,16.6170912,38.1624096,71.787072,15.582336,22.040256,8.3448,1.0347552,16.1221536,"N2PKMg","N2 PKMg",96,35,90,0,0,0,0,"C",0.66673,NA,NA,NA,NA,NA,NA,NA,NA
"6358",1993,"3","7","wheat",6.56,5.64816,2.26,2.0114,94.0699256,22.790532,44.056088,84.2140656,21.463008,30.217656,9.85586,1.327524,13.838432,"N2PKMg","N2 PKMg",96,35,90,0,0,0,0,"C",0.7921853625,NA,NA,NA,NA,NA,NA,NA,NA
"6385",1993,"4","7","wheat",4.42,3.79678,NA,NA,NA,NA,NA,NA,NA,NA,NA,NA,NA,"N2PKMg","N2 PKMg",96,35,90,0,0,0,0,"C",NA,NA,NA,NA,NA,NA,NA,NA,NA
"6417",1993,"5","7","wheat",4.84,4.1624,NA,NA,NA,NA,NA,NA,NA,NA,NA,NA,NA,"N2PKMg","N2 PKMg",96,35,90,0,0,0,0,"C",NA,NA,NA,NA,NA,NA,NA,NA,NA
"6454",1993,"6","7","wheat",4.24,3.6464,NA,NA,NA,NA,NA,NA,NA,NA,NA,NA,NA,"N2PKMg","N2 PKMg",96,35,90,0,0,0,0,"C",NA,NA,NA,NA,NA,NA,NA,NA,NA
"6528",1993,"8","7","wheat",3.16,2.64808,NA,NA,NA,NA,NA,NA,NA,NA,NA,NA,NA,"N2PKMg","N2 PKMg",96,35,90,0,0,0,0,"C",NA,NA,NA,NA,NA,NA,NA,NA,NA
"6574",1993,"9","7","wheat",4.53,3.83238,NA,NA,NA,NA,NA,NA,NA,NA,NA,NA,NA,"N2PKMg","N2 PKMg",96,35,90,0,0,0,0,"C",NA,NA,NA,NA,NA,NA,NA,NA,NA
"29",1994,"7","1","potato",15.57,3.17628,NA,NA,49.6134936,5.6220156,71.3392488,NA,NA,NA,NA,NA,NA,"FYM+NPK","FYM N4 PK",192,35,90,35,196,46.70575,308.25795,"C",NA,NA,NA,NA,NA,NA,-0.0224263875,-0.0871085828571429,-0.17521848
"58",1994,"7","10","potato",3.71,0.86443,NA,NA,12.447792,1.0546046,11.3586102,NA,NA,NA,NA,NA,NA,"N","N2",96,0,0,0,0,0,0,"C",NA,NA,NA,NA,NA,NA,NA,NA,NA
"87",1994,"7","11","potato",3.2,0.7488,NA,NA,12.370176,1.467648,7.944768,NA,NA,NA,NA,NA,NA,"NP","N2 P",96,35,0,0,0,0,0,"C",NA,NA,NA,NA,NA,NA,NA,NA,NA
"145",1994,"7","13","potato",8.72,1.7004,NA,NA,25.999116,3.077724,40.588548,NA,NA,NA,NA,NA,NA,"NPK","N2 PK",96,35,90,0,0,0,0,"C",NA,NA,NA,NA,NA,NA,NA,NA,NA
"174",1994,"7","14","potato",29.41,6.11728,NA,NA,86.0089568,9.8488208,114.699,NA,NA,NA,NA,NA,NA,"N4PKMg","N2 PKMg*",96,35,90,0,0,0,0,"C",NA,NA,NA,NA,NA,NA,NA,NA,NA
"232",1994,"7","16","potato",23.69,4.85645,NA,NA,68.5245095,5.0992725,99.07158,NA,NA,NA,NA,NA,NA,"N5PKMg","N5 PKMg",240,35,90,0,0,0,0,"C",NA,0.11556194,1.01252013333333,NA,NA,NA,NA,NA,NA
"377",1994,"7","22","potato",17.6,3.6432,NA,NA,53.91936,8.670816,87.108912,NA,NA,NA,NA,NA,NA,"FYM","FYM",0,0,0,35,196,46.70575,308.25795,"C",NA,NA,NA,0.20178022244898,0.211589632653061,0.211985632653061,NA,NA,NA
"406",1994,"7","3","potato",4.2,1.0038,NA,NA,13.460958,1.435434,14.916468,NA,NA,NA,NA,NA,NA,"Control","Nil",0,0,0,0,0,0,0,"C",NA,NA,NA,NA,NA,NA,NA,NA,NA
"435",1994,"7","5","potato",6.13,1.26278,NA,NA,14.3704364,3.0559276,29.5995632,NA,NA,NA,NA,NA,NA,"PKMg","PKMg",0,35,90,0,0,0,0,"C",NA,NA,NA,NA,NA,NA,NA,NA,NA
"464",1994,"7","6","potato",9.15,1.8117,NA,NA,23.91444,4.058208,43.190928,NA,NA,NA,NA,NA,NA,"N1PKMg","N1 PKMg",48,35,90,0,0,0,0,"C",NA,NA,NA,NA,NA,NA,NA,NA,NA
"493",1994,"7","7","potato",13.03,2.64509,NA,NA,39.2266847,4.232144,60.043543,NA,NA,NA,NA,NA,NA,"N2PKMg","N2 PKMg",96,35,90,0,0,0,0,"C",0.258919253125,NA,NA,NA,NA,NA,NA,NA,NA
"1312",1994,"2","1","wheat",10.64,9.10784,7.68,6.93504,229.2460352,41.5198336,141.3564544,189.7163072,36.2492032,47.1786112,39.529728,5.2706304,94.1778432,"FYM+NPK","FYM N4 PK",192,35,90,35,196,46.70575,308.25795,"C",NA,NA,NA,NA,NA,NA,NA,NA,NA
"47101",1994,"3","1","wheat",9.47,8.13473,NA,NA,NA,NA,NA,NA,NA,NA,NA,NA,NA,"FYM+NPK","FYM N4 PK",192,35,90,35,196,46.70575,308.25795,"C",NA,NA,NA,NA,NA,NA,NA,NA,NA
"1061",1994,"5","1","wheat",8.66,7.52554,NA,NA,NA,NA,NA,NA,NA,NA,NA,NA,NA,"FYM+NPK","FYM N4 PK",192,35,90,35,196,46.70575,308.25795,"C",NA,NA,NA,NA,NA,NA,NA,NA,NA
"14310",1994,"6","1","wheat",7.84,6.80512,NA,NA,NA,NA,NA,NA,NA,NA,NA,NA,NA,"FYM+NPK","FYM N4 PK",192,35,90,35,196,46.70575,308.25795,"C",NA,NA,NA,NA,NA,NA,NA,NA,NA
"2201",1994,"0","10","wheat",2.3,1.9711,NA,NA,NA,NA,NA,NA,NA,NA,NA,NA,NA,"N","N2",96,0,0,0,0,0,0,"C",NA,NA,NA,NA,NA,NA,NA,NA,NA
"269",1994,"1","10","wheat",2.38,2.0468,1.89,1.68588,52.003588,5.45902,16.952446,42.225484,4.953256,8.944516,9.778104,0.505764,8.00793,"N","N2",96,0,0,0,0,0,0,"C",NA,NA,NA,NA,NA,NA,NA,NA,NA
"3051",1994,"2","10","wheat",5.43,4.65351,2.89,2.60967,91.6908168,13.0568508,30.7000347,79.9473018,12.3783366,21.5922864,11.743515,0.6785142,9.1077483,"N","N2",96,0,0,0,0,0,0,"C",NA,NA,NA,NA,NA,NA,NA,NA,NA
"3391",1994,"3","10","wheat",3.24,2.78316,NA,NA,NA,NA,NA,NA,NA,NA,NA,NA,NA,"N","N2",96,0,0,0,0,0,0,"C",NA,NA,NA,NA,NA,NA,NA,NA,NA
"3981",1994,"5","10","wheat",2.26,1.95716,NA,NA,NA,NA,NA,NA,NA,NA,NA,NA,NA,"N","N2",96,0,0,0,0,0,0,"C",NA,NA,NA,NA,NA,NA,NA,NA,NA
"4351",1994,"6","10","wheat",2.35,2.0492,NA,NA,NA,NA,NA,NA,NA,NA,NA,NA,NA,"N","N2",96,0,0,0,0,0,0,"C",NA,NA,NA,NA,NA,NA,NA,NA,NA
"555",1994,"9","10","wheat",1.95,1.69455,NA,NA,NA,NA,NA,NA,NA,NA,NA,NA,NA,"N","N2",96,0,0,0,0,0,0,"C",NA,NA,NA,NA,NA,NA,NA,NA,NA
"616",1994,"0","11","wheat",3.47,2.98767,NA,NA,NA,NA,NA,NA,NA,NA,NA,NA,NA,"NP","N2 P",96,35,0,0,0,0,0,"C",NA,NA,NA,NA,NA,NA,NA,NA,NA
"665",1994,"1","11","wheat",3.43,2.95666,2.04,1.87272,71.1284298,13.7338628,18.328644,59.5175658,11.7675068,14.9015664,11.610864,1.966356,3.4270776,"NP","N2 P",96,35,0,0,0,0,0,"C",NA,NA,NA,NA,NA,NA,NA,NA,NA
"701",1994,"2","11","wheat",5.31,4.56129,2.52,2.28564,80.2104552,16.1487648,26.9239986,69.6965112,15.3259344,21.2556114,10.513944,0.8228304,5.6683872,"NP","N2 P",96,35,0,0,0,0,0,"C",NA,NA,NA,NA,NA,NA,NA,NA,NA
"735",1994,"3","11","wheat",4.58,3.9388,NA,NA,NA,NA,NA,NA,NA,NA,NA,NA,NA,"NP","N2 P",96,35,0,0,0,0,0,"C",NA,NA,NA,NA,NA,NA,NA,NA,NA
"794",1994,"5","11","wheat",3.67,3.18923,NA,NA,NA,NA,NA,NA,NA,NA,NA,NA,NA,"NP","N2 P",96,35,0,0,0,0,0,"C",NA,NA,NA,NA,NA,NA,NA,NA,NA
"831",1994,"6","11","wheat",3.24,2.82528,NA,NA,NA,NA,NA,NA,NA,NA,NA,NA,NA,"NP","N2 P",96,35,0,0,0,0,0,"C",NA,NA,NA,NA,NA,NA,NA,NA,NA
"951",1994,"9","11","wheat",2.79,2.42451,NA,NA,NA,NA,NA,NA,NA,NA,NA,NA,NA,"NP","N2 P",96,35,0,0,0,0,0,"C",NA,NA,NA,NA,NA,NA,NA,NA,NA
"1408",1994,"0","13","wheat",4.99,4.31136,NA,NA,NA,NA,NA,NA,NA,NA,NA,NA,NA,"NPK","N2 PK",96,35,90,0,0,0,0,"C",NA,NA,NA,NA,NA,NA,NA,NA,NA
"1457",1994,"1","13","wheat",4.7,4.0514,2.74,2.47696,87.74084,16.6069232,39.7546908,75.35604,15.071208,21.350878,12.3848,1.5357152,18.4038128,"NPK","N2 PK",96,35,90,0,0,0,0,"C",NA,NA,NA,NA,NA,NA,NA,NA,NA
"1493",1994,"2","13","wheat",6.69,5.74002,3.67,3.33603,102.9134376,19.579833,47.7149589,88.5685086,18.7124652,27.265095,14.344929,0.8673678,20.4498639,"NPK","N2 PK",96,35,90,0,0,0,0,"C",NA,NA,NA,NA,NA,NA,NA,NA,NA
"1527",1994,"3","13","wheat",5.13,4.4118,NA,NA,NA,NA,NA,NA,NA,NA,NA,NA,NA,"NPK","N2 PK",96,35,90,0,0,0,0,"C",NA,NA,NA,NA,NA,NA,NA,NA,NA
"1586",1994,"5","13","wheat",3.57,3.11661,NA,NA,NA,NA,NA,NA,NA,NA,NA,NA,NA,"NPK","N2 PK",96,35,90,0,0,0,0,"C",NA,NA,NA,NA,NA,NA,NA,NA,NA
"1623",1994,"6","13","wheat",4.55,3.9585,NA,NA,NA,NA,NA,NA,NA,NA,NA,NA,NA,"NPK","N2 PK",96,35,90,0,0,0,0,"C",NA,NA,NA,NA,NA,NA,NA,NA,NA
"1743",1994,"9","13","wheat",5.28,4.60944,NA,NA,NA,NA,NA,NA,NA,NA,NA,NA,NA,"NPK","N2 PK",96,35,90,0,0,0,0,"C",NA,NA,NA,NA,NA,NA,NA,NA,NA
"1804",1994,"0","14","wheat",5.22,4.4892,NA,NA,NA,NA,NA,NA,NA,NA,NA,NA,NA,"N4PKMg","N2 PKMg*",96,35,90,0,0,0,0,"C",NA,NA,NA,NA,NA,NA,NA,NA,NA
"1853",1994,"1","14","wheat",5.22,4.49442,2.45,2.19765,85.3507368,17.0300571,35.9066799,75.4613118,15.8653026,22.7867094,9.889425,1.1647545,13.1199705,"N4PKMg","N2 PKMg*",96,35,90,0,0,0,0,"C",NA,NA,NA,NA,NA,NA,NA,NA,NA
"1889",1994,"2","14","wheat",6.08,5.21664,2.36,2.13816,82.65468,18.264288,35.4877488,73.03296,17.5800768,25.3528704,9.62172,0.6842112,10.1348784,"N4PKMg","N2 PKMg*",96,35,90,0,0,0,0,"C",NA,NA,NA,NA,NA,NA,NA,NA,NA
"1923",1994,"3","14","wheat",4.92,4.21644,NA,NA,NA,NA,NA,NA,NA,NA,NA,NA,NA,"N4PKMg","N2 PKMg*",96,35,90,0,0,0,0,"C",NA,NA,NA,NA,NA,NA,NA,NA,NA
"1982",1994,"5","14","wheat",3.73,3.24883,NA,NA,NA,NA,NA,NA,NA,NA,NA,NA,NA,"N4PKMg","N2 PKMg*",96,35,90,0,0,0,0,"C",NA,NA,NA,NA,NA,NA,NA,NA,NA
"2019",1994,"6","14","wheat",4.5,3.915,NA,NA,NA,NA,NA,NA,NA,NA,NA,NA,NA,"N4PKMg","N2 PKMg*",96,35,90,0,0,0,0,"C",NA,NA,NA,NA,NA,NA,NA,NA,NA
"2139",1994,"9","14","wheat",5.45,4.7524,NA,NA,NA,NA,NA,NA,NA,NA,NA,NA,NA,"N4PKMg","N2 PKMg*",96,35,90,0,0,0,0,"C",NA,NA,NA,NA,NA,NA,NA,NA,NA
"2596",1994,"0","16","wheat",7.21,6.22223,NA,NA,NA,NA,NA,NA,NA,NA,NA,NA,NA,"N5PKMg","N5 PKMg",240,35,90,0,0,0,0,"C",NA,NA,NA,NA,NA,NA,NA,NA,NA
"2645",1994,"1","16","wheat",7.08,6.11712,4.17,3.7113,173.927616,24.303429,72.7802832,150.175296,22.633344,29.7292032,23.75232,1.670085,43.05108,"N5PKMg","N5 PKMg",240,35,90,0,0,0,0,"C",NA,0.457270251428571,0.605018213333333,NA,NA,NA,NA,NA,NA
"2681",1994,"2","16","wheat",7.55,6.51565,4.88,4.33344,185.49136,24.2538441,80.2374156,154.290592,21.6971145,28.929486,31.200768,2.5567296,51.3079296,"N5PKMg","N5 PKMg",240,35,90,0,0,0,0,"C",NA,0.319914094285714,0.5923713,NA,NA,NA,NA,NA,NA
"2715",1994,"3","16","wheat",7.99,6.89537,NA,NA,NA,NA,NA,NA,NA,NA,NA,NA,NA,"N5PKMg","N5 PKMg",240,35,90,0,0,0,0,"C",NA,NA,NA,NA,NA,NA,NA,NA,NA
"2774",1994,"5","16","wheat",7.42,6.47766,NA,NA,NA,NA,NA,NA,NA,NA,NA,NA,NA,"N5PKMg","N5 PKMg",240,35,90,0,0,0,0,"C",NA,NA,NA,NA,NA,NA,NA,NA,NA
"2811",1994,"6","16","wheat",6.38,5.55698,NA,NA,NA,NA,NA,NA,NA,NA,NA,NA,NA,"N5PKMg","N5 PKMg",240,35,90,0,0,0,0,"C",NA,NA,NA,NA,NA,NA,NA,NA,NA
"2931",1994,"9","16","wheat",7.62,6.6675,NA,NA,NA,NA,NA,NA,NA,NA,NA,NA,NA,"N5PKMg","N5 PKMg",240,35,90,0,0,0,0,"C",NA,NA,NA,NA,NA,NA,NA,NA,NA
"4180",1994,"0","20","wheat",2.91,2.52297,NA,NA,NA,NA,NA,NA,NA,NA,NA,NA,NA,"NKMg","N2 KMg",96,0,90,0,0,0,0,"C",NA,NA,NA,NA,NA,NA,NA,NA,NA
"4229",1994,"1","20","wheat",2.82,2.4393,1.68,1.53552,51.365463,8.2989702,24.275511,43.687863,7.976511,11.684247,7.6776,0.3224592,12.591264,"NKMg","N2 KMg",96,0,90,0,0,0,0,"C",NA,NA,NA,NA,NA,NA,NA,NA,NA
"4666",1994,"0","22","wheat",5.01,4.29858,NA,NA,NA,NA,NA,NA,NA,NA,NA,NA,NA,"FYM","FYM",0,0,0,35,196,46.70575,308.25795,"C",NA,NA,NA,NA,NA,NA,NA,NA,NA
"4715",1994,"1","22","wheat",5.92,5.07344,3.05,2.72365,101.7198652,22.8304931,49.2098136,89.1910752,20.2430256,26.3311536,12.52879,2.5874675,22.87866,"FYM","FYM",0,0,0,35,196,46.70575,308.25795,"C",NA,NA,NA,0.462231720408163,0.256910215306123,0.156078752040816,NA,NA,NA
"4751",1994,"2","22","wheat",7.88,6.7768,3.54,3.17184,126.128192,26.8460592,58.285512,114.392384,25.006392,33.54516,11.735808,1.8396672,24.740352,"FYM","FYM",0,0,0,35,196,46.70575,308.25795,"C",NA,NA,NA,0.501877494897959,0.175700893877551,0.234274167346939,NA,NA,NA
"4785",1994,"3","22","wheat",4.75,4.05175,NA,NA,NA,NA,NA,NA,NA,NA,NA,NA,NA,"FYM","FYM",0,0,0,35,196,46.70575,308.25795,"C",NA,NA,NA,NA,NA,NA,NA,NA,NA
"4844",1994,"5","22","wheat",4.38,3.79746,NA,NA,NA,NA,NA,NA,NA,NA,NA,NA,NA,"FYM","FYM",0,0,0,35,196,46.70575,308.25795,"C",NA,NA,NA,NA,NA,NA,NA,NA,NA
"4881",1994,"6","22","wheat",5.03,4.37107,NA,NA,NA,NA,NA,NA,NA,NA,NA,NA,NA,"FYM","FYM",0,0,0,35,196,46.70575,308.25795,"C",NA,NA,NA,NA,NA,NA,NA,NA,NA
"5001",1994,"9","22","wheat",4.22,3.67562,NA,NA,NA,NA,NA,NA,NA,NA,NA,NA,NA,"FYM","FYM",0,0,0,35,196,46.70575,308.25795,"C",NA,NA,NA,NA,NA,NA,NA,NA,NA
"5052",1994,"0","3","wheat",0.86,0.7353,NA,NA,NA,NA,NA,NA,NA,NA,NA,NA,NA,"Control","Nil",0,0,0,0,0,0,0,"C",NA,NA,NA,NA,NA,NA,NA,NA,NA
"5101",1994,"1","3","wheat",0.68,0.578,0.1,0.0905,9.54467,2.19144,3.322035,9.15552,2.14438,2.89578,0.38915,0.04706,0.426255,"Control","Nil",0,0,0,0,0,0,0,"C",NA,NA,NA,NA,NA,NA,NA,NA,NA
"5137",1994,"2","3","wheat",1.71,1.45863,0.55,0.49005,25.1588151,5.8994937,9.7172847,23.0025951,5.6740707,7.4973582,2.15622,0.225423,2.2199265,"Control","Nil",0,0,0,0,0,0,0,"C",NA,NA,NA,NA,NA,NA,NA,NA,NA
"5171",1994,"3","3","wheat",0.4,0.3408,NA,NA,NA,NA,NA,NA,NA,NA,NA,NA,NA,"Control","Nil",0,0,0,0,0,0,0,"C",NA,NA,NA,NA,NA,NA,NA,NA,NA
"5230",1994,"5","3","wheat",0.23,0.19895,NA,NA,NA,NA,NA,NA,NA,NA,NA,NA,NA,"Control","Nil",0,0,0,0,0,0,0,"C",NA,NA,NA,NA,NA,NA,NA,NA,NA
"5267",1994,"6","3","wheat",0.9,0.7776,NA,NA,NA,NA,NA,NA,NA,NA,NA,NA,NA,"Control","Nil",0,0,0,0,0,0,0,"C",NA,NA,NA,NA,NA,NA,NA,NA,NA
"5387",1994,"9","3","wheat",0.27,0.23409,NA,NA,NA,NA,NA,NA,NA,NA,NA,NA,NA,"Control","Nil",0,0,0,0,0,0,0,"C",NA,NA,NA,NA,NA,NA,NA,NA,NA
"5448",1994,"0","5","wheat",0.69,0.58926,NA,NA,NA,NA,NA,NA,NA,NA,NA,NA,NA,"PKMg","PKMg",0,35,90,0,0,0,0,"C",NA,NA,NA,NA,NA,NA,NA,NA,NA
"5497",1994,"1","5","wheat",0.75,0.64275,0.13,0.11726,11.122448,2.8162455,4.3079556,10.61823,2.6931225,3.509415,0.504218,0.123123,0.7985406,"PKMg","PKMg",0,35,90,0,0,0,0,"C",NA,NA,NA,NA,NA,NA,NA,NA,NA
"5533",1994,"2","5","wheat",1.87,1.59885,0.45,0.4023,27.760203,6.736941,10.602486,25.869393,6.459354,8.409951,1.89081,0.277587,2.192535,"PKMg","PKMg",0,35,90,0,0,0,0,"C",NA,NA,NA,NA,NA,NA,NA,NA,NA
"5567",1994,"3","5","wheat",0.51,0.43401,NA,NA,NA,NA,NA,NA,NA,NA,NA,NA,NA,"PKMg","PKMg",0,35,90,0,0,0,0,"C",NA,NA,NA,NA,NA,NA,NA,NA,NA
"5626",1994,"5","5","wheat",0.29,0.25114,NA,NA,NA,NA,NA,NA,NA,NA,NA,NA,NA,"PKMg","PKMg",0,35,90,0,0,0,0,"C",NA,NA,NA,NA,NA,NA,NA,NA,NA
"5663",1994,"6","5","wheat",0.96,0.83328,NA,NA,NA,NA,NA,NA,NA,NA,NA,NA,NA,"PKMg","PKMg",0,35,90,0,0,0,0,"C",NA,NA,NA,NA,NA,NA,NA,NA,NA
"5783",1994,"9","5","wheat",0.53,0.45951,NA,NA,NA,NA,NA,NA,NA,NA,NA,NA,NA,"PKMg","PKMg",0,35,90,0,0,0,0,"C",NA,NA,NA,NA,NA,NA,NA,NA,NA
"5844",1994,"0","6","wheat",2.79,2.39103,NA,NA,NA,NA,NA,NA,NA,NA,NA,NA,NA,"N1PKMg","N1 PKMg",48,35,90,0,0,0,0,"C",NA,NA,NA,NA,NA,NA,NA,NA,NA
"5893",1994,"1","6","wheat",2.89,2.47962,1.38,1.25718,45.1824528,10.6263222,22.6655046,39.5251428,9.6457218,13.5635214,5.65731,0.9806004,9.1019832,"N1PKMg","N1 PKMg",48,35,90,0,0,0,0,"C",NA,NA,NA,NA,NA,NA,NA,NA,NA
"5929",1994,"2","6","wheat",4.58,3.90674,2.12,1.9186,60.5360692,14.3656768,28.9184356,53.0535292,13.7517248,19.6899696,7.48254,0.613952,9.228466,"N1PKMg","N1 PKMg",48,35,90,0,0,0,0,"C",NA,NA,NA,NA,NA,NA,NA,NA,NA
"5963",1994,"3","6","wheat",3.53,3.01815,NA,NA,NA,NA,NA,NA,NA,NA,NA,NA,NA,"N1PKMg","N1 PKMg",48,35,90,0,0,0,0,"C",NA,NA,NA,NA,NA,NA,NA,NA,NA
"6022",1994,"5","6","wheat",2.3,1.9964,NA,NA,NA,NA,NA,NA,NA,NA,NA,NA,NA,"N1PKMg","N1 PKMg",48,35,90,0,0,0,0,"C",NA,NA,NA,NA,NA,NA,NA,NA,NA
"6059",1994,"6","6","wheat",2.88,2.4912,NA,NA,NA,NA,NA,NA,NA,NA,NA,NA,NA,"N1PKMg","N1 PKMg",48,35,90,0,0,0,0,"C",NA,NA,NA,NA,NA,NA,NA,NA,NA
"6179",1994,"9","6","wheat",3.05,2.6413,NA,NA,NA,NA,NA,NA,NA,NA,NA,NA,NA,"N1PKMg","N1 PKMg",48,35,90,0,0,0,0,"C",NA,NA,NA,NA,NA,NA,NA,NA,NA
"6240",1994,"0","7","wheat",5.01,4.29858,NA,NA,NA,NA,NA,NA,NA,NA,NA,NA,NA,"N2PKMg","N2 PKMg",96,35,90,0,0,0,0,"C",NA,NA,NA,NA,NA,NA,NA,NA,NA
"6289",1994,"1","7","wheat",5.14,4.41526,2.56,2.3168,86.3020854,17.7330922,40.949971,76.3398454,16.2040042,23.180115,9.96224,1.529088,17.769856,"N2PKMg","N2 PKMg",96,35,90,0,0,0,0,"C",0.783121222916667,NA,NA,NA,NA,NA,NA,NA,NA
"6325",1994,"2","7","wheat",6.82,5.8311,3.59,3.25613,100.520435,20.7185183,47.1717039,85.542237,19.709118,28.514079,14.978198,1.0094003,18.6576249,"N2PKMg","N2 PKMg",96,35,90,0,0,0,0,"C",0.757919083333333,NA,NA,NA,NA,NA,NA,NA,NA
"6359",1994,"3","7","wheat",5.11,4.36394,NA,NA,NA,NA,NA,NA,NA,NA,NA,NA,NA,"N2PKMg","N2 PKMg",96,35,90,0,0,0,0,"C",NA,NA,NA,NA,NA,NA,NA,NA,NA
"6418",1994,"5","7","wheat",4.11,3.55926,NA,NA,NA,NA,NA,NA,NA,NA,NA,NA,NA,"N2PKMg","N2 PKMg",96,35,90,0,0,0,0,"C",NA,NA,NA,NA,NA,NA,NA,NA,NA
"6455",1994,"6","7","wheat",4.6,4.0066,NA,NA,NA,NA,NA,NA,NA,NA,NA,NA,NA,"N2PKMg","N2 PKMg",96,35,90,0,0,0,0,"C",NA,NA,NA,NA,NA,NA,NA,NA,NA
"6575",1994,"9","7","wheat",4.39,3.82808,NA,NA,NA,NA,NA,NA,NA,NA,NA,NA,NA,"N2PKMg","N2 PKMg",96,35,90,0,0,0,0,"C",NA,NA,NA,NA,NA,NA,NA,NA,NA
"18",1995,"4","1","potato",8.91,1.96911,NA,NA,37.0980324,4.8440106,46.864818,NA,NA,NA,NA,NA,NA,"FYM+NPK","FYM N4 PK",192,35,90,35,273,66.51876,402.2676,"C",NA,NA,NA,NA,NA,NA,0.00400951249999996,-0.0395693257142858,-0.0920097333333336
"47",1995,"4","10","potato",2.36,0.58292,NA,NA,8.131734,0.699504,7.9393704,NA,NA,NA,NA,NA,NA,"N","N2",96,0,0,0,0,0,0,"C",NA,NA,NA,NA,NA,NA,NA,NA,NA
"76",1995,"4","11","potato",3.47,0.81198,NA,NA,15.0865884,1.8756738,8.7044256,NA,NA,NA,NA,NA,NA,"NP","N2 P",96,35,0,0,0,0,0,"C",NA,NA,NA,NA,NA,NA,NA,NA,NA
"134",1995,"4","13","potato",7.66,1.51668,NA,NA,27.3305736,3.5793648,36.02115,NA,NA,NA,NA,NA,NA,"NPK","N2 PK",96,35,90,0,0,0,0,"C",NA,NA,NA,NA,NA,NA,NA,NA,NA
"163",1995,"4","14","potato",10.93,2.60134,NA,NA,41.9336008,4.422278,45.2893294,NA,NA,NA,NA,NA,NA,"N4PKMg","N2 PKMg*",96,35,90,0,0,0,0,"C",NA,NA,NA,NA,NA,NA,NA,NA,NA
"221",1995,"4","16","potato",11.74,2.66498,NA,NA,47.703142,4.0507696,58.0166146,NA,NA,NA,NA,NA,NA,"N5PKMg","N5 PKMg",240,35,90,0,0,0,0,"C",NA,0.0957504457142857,0.547913211111111,NA,NA,NA,NA,NA,NA
"366",1995,"4","22","potato",10.13,2.17795,NA,NA,36.328206,6.228937,55.145694,NA,NA,NA,NA,NA,NA,"FYM","FYM",0,0,0,35,273,66.51876,402.2676,"C",NA,NA,NA,0.0988063230769231,0.10328378021978,0.0778081230769231,NA,NA,NA
"395",1995,"4","3","potato",1.76,0.40128,NA,NA,4.9999488,0.4574592,6.92208,NA,NA,NA,NA,NA,NA,"Control","Nil",0,0,0,0,0,0,0,"C",NA,NA,NA,NA,NA,NA,NA,NA,NA
"424",1995,"4","5","potato",3.51,0.79677,NA,NA,9.3540798,1.8724095,17.5687785,NA,NA,NA,NA,NA,NA,"PKMg","PKMg",0,35,90,0,0,0,0,"C",NA,NA,NA,NA,NA,NA,NA,NA,NA
"453",1995,"4","6","potato",6.69,1.43166,NA,NA,22.8636102,3.4073508,29.7642114,NA,NA,NA,NA,NA,NA,"N1PKMg","N1 PKMg",48,35,90,0,0,0,0,"C",NA,NA,NA,NA,NA,NA,NA,NA,NA
"482",1995,"4","7","potato",6.69,1.43835,NA,NA,24.8690715,3.16437,30.320418,NA,NA,NA,NA,NA,NA,"N2PKMg","N2 PKMg",96,35,90,0,0,0,0,"C",0.161614496875,NA,NA,NA,NA,NA,NA,NA,NA
"14101",1995,"2","1","wheat",9.08,8.11752,NA,NA,NA,NA,NA,NA,NA,NA,NA,NA,NA,"FYM+NPK","FYM N4 PK",192,35,90,35,273,66.51876,402.2676,"C",NA,NA,NA,NA,NA,NA,NA,NA,NA
"48101",1995,"3","1","wheat",8.88,7.93872,NA,NA,NA,NA,NA,NA,NA,NA,NA,NA,NA,"FYM+NPK","FYM N4 PK",192,35,90,35,273,66.51876,402.2676,"C",NA,NA,NA,NA,NA,NA,NA,NA,NA
"14410",1995,"6","1","wheat",8.17,7.30398,NA,NA,NA,NA,NA,NA,NA,NA,NA,NA,NA,"FYM+NPK","FYM N4 PK",192,35,90,35,273,66.51876,402.2676,"C",NA,NA,NA,NA,NA,NA,NA,NA,NA
"17910",1995,"7","1","wheat",9.65,8.63675,5.61,5.20608,234.4469241,31.792852,164.6972617,209.6139225,29.71042,42.4064425,24.8330016,2.082432,122.2908192,"FYM+NPK","FYM N4 PK",192,35,90,35,273,66.51876,402.2676,"C",NA,NA,NA,NA,NA,NA,NA,NA,NA
"2212",1995,"0","10","wheat",2.29,2.02894,NA,NA,NA,NA,NA,NA,NA,NA,NA,NA,NA,"N","N2",96,0,0,0,0,0,0,"C",NA,NA,NA,NA,NA,NA,NA,NA,NA
"270",1995,"1","10","wheat",2.56,2.27072,1.57,1.47266,58.66248,6.1333246,25.3456776,50.8868352,5.6768,11.1492352,7.7756448,0.4565246,14.1964424,"N","N2",96,0,0,0,0,0,0,"C",NA,NA,NA,NA,NA,NA,NA,NA,NA
"3061",1995,"2","10","wheat",4.04,3.59964,NA,NA,NA,NA,NA,NA,NA,NA,NA,NA,NA,"N","N2",96,0,0,0,0,0,0,"C",NA,NA,NA,NA,NA,NA,NA,NA,NA
"3401",1995,"3","10","wheat",2.45,2.1707,NA,NA,NA,NA,NA,NA,NA,NA,NA,NA,NA,"N","N2",96,0,0,0,0,0,0,"C",NA,NA,NA,NA,NA,NA,NA,NA,NA
"4361",1995,"6","10","wheat",2.99,2.66708,NA,NA,NA,NA,NA,NA,NA,NA,NA,NA,NA,"N","N2",96,0,0,0,0,0,0,"C",NA,NA,NA,NA,NA,NA,NA,NA,NA
"47110",1995,"7","10","wheat",4.87,4.34891,1.4,1.3034,91.2274113,11.7418024,34.3800288,87.1086673,11.4811224,22.9622448,4.118744,0.26068,11.417784,"N","N2",96,0,0,0,0,0,0,"C",NA,NA,NA,NA,NA,NA,NA,NA,NA
"509",1995,"8","10","wheat",4.54,4.04514,NA,NA,NA,NA,NA,NA,NA,NA,NA,NA,NA,"N","N2",96,0,0,0,0,0,0,"C",NA,NA,NA,NA,NA,NA,NA,NA,NA
"556",1995,"9","10","wheat",NA,NA,NA,NA,NA,NA,NA,NA,NA,NA,NA,NA,NA,"N","N2",96,0,0,0,0,0,0,"C",NA,NA,NA,NA,NA,NA,NA,NA,NA
"617",1995,"0","11","wheat",2.52,2.22768,NA,NA,NA,NA,NA,NA,NA,NA,NA,NA,NA,"NP","N2 P",96,35,0,0,0,0,0,"C",NA,NA,NA,NA,NA,NA,NA,NA,NA
"666",1995,"1","11","wheat",3.11,2.74613,1.56,1.45236,72.2573537,12.9322683,22.2242023,61.3210829,10.9570587,15.7902475,10.9362708,1.9752096,6.4339548,"NP","N2 P",96,35,0,0,0,0,0,"C",NA,NA,NA,NA,NA,NA,NA,NA,NA
"702",1995,"2","11","wheat",4.07,3.6223,NA,NA,NA,NA,NA,NA,NA,NA,NA,NA,NA,"NP","N2 P",96,35,0,0,0,0,0,"C",NA,NA,NA,NA,NA,NA,NA,NA,NA
"736",1995,"3","11","wheat",3.24,2.8674,NA,NA,NA,NA,NA,NA,NA,NA,NA,NA,NA,"NP","N2 P",96,35,0,0,0,0,0,"C",NA,NA,NA,NA,NA,NA,NA,NA,NA
"832",1995,"6","11","wheat",2.7,2.4084,NA,NA,NA,NA,NA,NA,NA,NA,NA,NA,NA,"NP","N2 P",96,35,0,0,0,0,0,"C",NA,NA,NA,NA,NA,NA,NA,NA,NA
"867",1995,"7","11","wheat",5.2,4.6384,1.48,1.37788,95.2907536,17.8372412,34.173426,89.613888,17.16208,25.97504,5.6768656,0.6751612,8.198386,"NP","N2 P",96,35,0,0,0,0,0,"C",NA,NA,NA,NA,NA,NA,NA,NA,NA
"905",1995,"8","11","wheat",3.22,2.85936,NA,NA,NA,NA,NA,NA,NA,NA,NA,NA,NA,"NP","N2 P",96,35,0,0,0,0,0,"C",NA,NA,NA,NA,NA,NA,NA,NA,NA
"952",1995,"9","11","wheat",2.74,2.43312,NA,NA,NA,NA,NA,NA,NA,NA,NA,NA,NA,"NP","N2 P",96,35,0,0,0,0,0,"C",NA,NA,NA,NA,NA,NA,NA,NA,NA
"1409",1995,"0","13","wheat",4.54,4.0406,NA,NA,NA,NA,NA,NA,NA,NA,NA,NA,NA,"NPK","N2 PK",96,35,90,0,0,0,0,"C",NA,NA,NA,NA,NA,NA,NA,NA,NA
"1458",1995,"1","13","wheat",4.73,4.20024,1.64,1.53176,92.1735936,15.8946448,45.3034552,85.0968624,15.0368592,23.3533344,7.0767312,0.8577856,21.9501208,"NPK","N2 PK",96,35,90,0,0,0,0,"C",NA,NA,NA,NA,NA,NA,NA,NA,NA
"1494",1995,"2","13","wheat",4.56,4.05384,NA,NA,NA,NA,NA,NA,NA,NA,NA,NA,NA,"NPK","N2 PK",96,35,90,0,0,0,0,"C",NA,NA,NA,NA,NA,NA,NA,NA,NA
"1528",1995,"3","13","wheat",3.87,3.44817,NA,NA,NA,NA,NA,NA,NA,NA,NA,NA,NA,"NPK","N2 PK",96,35,90,0,0,0,0,"C",NA,NA,NA,NA,NA,NA,NA,NA,NA
"1624",1995,"6","13","wheat",4.71,4.20603,NA,NA,NA,NA,NA,NA,NA,NA,NA,NA,NA,"NPK","N2 PK",96,35,90,0,0,0,0,"C",NA,NA,NA,NA,NA,NA,NA,NA,NA
"1659",1995,"7","13","wheat",6.19,5.51529,1.24,1.16188,108.1370156,17.6084806,42.999315,104.3492868,17.3180106,29.231037,3.7877288,0.29047,13.768278,"NPK","N2 PK",96,35,90,0,0,0,0,"C",NA,NA,NA,NA,NA,NA,NA,NA,NA
"1697",1995,"8","13","wheat",5.42,4.8509,NA,NA,NA,NA,NA,NA,NA,NA,NA,NA,NA,"NPK","N2 PK",96,35,90,0,0,0,0,"C",NA,NA,NA,NA,NA,NA,NA,NA,NA
"1744",1995,"9","13","wheat",4.86,4.34484,NA,NA,NA,NA,NA,NA,NA,NA,NA,NA,NA,"NPK","N2 PK",96,35,90,0,0,0,0,"C",NA,NA,NA,NA,NA,NA,NA,NA,NA
"1805",1995,"0","14","wheat",5.38,4.79358,NA,NA,NA,NA,NA,NA,NA,NA,NA,NA,NA,"N4PKMg","N2 PKMg*",96,35,90,0,0,0,0,"C",NA,NA,NA,NA,NA,NA,NA,NA,NA
"1854",1995,"1","14","wheat",5.35,4.76685,1.54,1.44606,96.0688938,16.9592412,42.7862655,89.807454,16.20729,25.2166365,6.2614398,0.7519512,17.569629,"N4PKMg","N2 PKMg*",96,35,90,0,0,0,0,"C",NA,NA,NA,NA,NA,NA,NA,NA,NA
"1890",1995,"2","14","wheat",4.58,4.08078,NA,NA,NA,NA,NA,NA,NA,NA,NA,NA,NA,"N4PKMg","N2 PKMg*",96,35,90,0,0,0,0,"C",NA,NA,NA,NA,NA,NA,NA,NA,NA
"1924",1995,"3","14","wheat",3.79,3.3731,NA,NA,NA,NA,NA,NA,NA,NA,NA,NA,NA,"N4PKMg","N2 PKMg*",96,35,90,0,0,0,0,"C",NA,NA,NA,NA,NA,NA,NA,NA,NA
"2020",1995,"6","14","wheat",5.23,4.67562,NA,NA,NA,NA,NA,NA,NA,NA,NA,NA,NA,"N4PKMg","N2 PKMg*",96,35,90,0,0,0,0,"C",NA,NA,NA,NA,NA,NA,NA,NA,NA
"2055",1995,"7","14","wheat",5.77,5.14107,1.03,0.95996,94.5760926,17.5715828,38.448907,91.4082246,17.2739952,27.6589566,3.167868,0.2975876,10.7899504,"N4PKMg","N2 PKMg*",96,35,90,0,0,0,0,"C",NA,NA,NA,NA,NA,NA,NA,NA,NA
"2093",1995,"8","14","wheat",6.32,5.63112,NA,NA,NA,NA,NA,NA,NA,NA,NA,NA,NA,"N4PKMg","N2 PKMg*",96,35,90,0,0,0,0,"C",NA,NA,NA,NA,NA,NA,NA,NA,NA
"2140",1995,"9","14","wheat",4.58,4.09452,NA,NA,NA,NA,NA,NA,NA,NA,NA,NA,NA,"N4PKMg","N2 PKMg*",96,35,90,0,0,0,0,"C",NA,NA,NA,NA,NA,NA,NA,NA,NA
"2597",1995,"0","16","wheat",7.56,6.75864,NA,NA,NA,NA,NA,NA,NA,NA,NA,NA,NA,"N5PKMg","N5 PKMg",240,35,90,0,0,0,0,"C",NA,NA,NA,NA,NA,NA,NA,NA,NA
"2646",1995,"1","16","wheat",7.37,6.5593,2.86,2.67124,167.0747276,22.9887262,81.9790686,154.012364,21.973655,33.255651,13.0623636,1.0150712,48.7234176,"N5PKMg","N5 PKMg",240,35,90,0,0,0,0,"C",NA,0.424517548571429,0.663942958888889,NA,NA,NA,NA,NA,NA
"2682",1995,"2","16","wheat",7.48,6.67964,NA,NA,NA,NA,NA,NA,NA,NA,NA,NA,NA,"N5PKMg","N5 PKMg",240,35,90,0,0,0,0,"C",NA,NA,NA,NA,NA,NA,NA,NA,NA
"2716",1995,"3","16","wheat",7.11,6.35634,NA,NA,NA,NA,NA,NA,NA,NA,NA,NA,NA,"N5PKMg","N5 PKMg",240,35,90,0,0,0,0,"C",NA,NA,NA,NA,NA,NA,NA,NA,NA
"2812",1995,"6","16","wheat",7.14,6.37602,NA,NA,NA,NA,NA,NA,NA,NA,NA,NA,NA,"N5PKMg","N5 PKMg",240,35,90,0,0,0,0,"C",NA,NA,NA,NA,NA,NA,NA,NA,NA
"2847",1995,"7","16","wheat",8.13,7.26009,3.37,3.1341,184.8627642,25.0734855,77.2678899,171.9189312,24.3213015,35.6470419,12.943833,0.752184,41.620848,"N5PKMg","N5 PKMg",240,35,90,0,0,0,0,"C",NA,0.380905231428572,0.478827376666667,NA,NA,NA,NA,NA,NA
"2885",1995,"8","16","wheat",6.18,5.54964,NA,NA,NA,NA,NA,NA,NA,NA,NA,NA,NA,"N5PKMg","N5 PKMg",240,35,90,0,0,0,0,"C",NA,NA,NA,NA,NA,NA,NA,NA,NA
"2932",1995,"9","16","wheat",7.58,6.7841,NA,NA,NA,NA,NA,NA,NA,NA,NA,NA,NA,"N5PKMg","N5 PKMg",240,35,90,0,0,0,0,"C",NA,NA,NA,NA,NA,NA,NA,NA,NA
"4181",1995,"0","20","wheat",3.1,2.7776,NA,NA,NA,NA,NA,NA,NA,NA,NA,NA,NA,"NKMg","N2 KMg",96,0,90,0,0,0,0,"C",NA,NA,NA,NA,NA,NA,NA,NA,NA
"4230",1995,"1","20","wheat",3.25,2.8925,1.32,1.2276,62.555238,8.130612,32.973865,57.79215,7.9833,14.375725,4.763088,0.147312,18.59814,"NKMg","N2 KMg",96,0,90,0,0,0,0,"C",NA,NA,NA,NA,NA,NA,NA,NA,NA
"4667",1995,"0","22","wheat",6.09,5.41401,NA,NA,NA,NA,NA,NA,NA,NA,NA,NA,NA,"FYM","FYM",0,0,0,35,273,66.51876,402.2676,"C",NA,NA,NA,NA,NA,NA,NA,NA,NA
"4716",1995,"1","22","wheat",7.36,6.54304,3.32,3.08428,125.9198724,26.21403,79.527288,116.2043904,24.209248,34.7435424,9.715482,2.004782,44.7837456,"FYM","FYM",0,0,0,35,273,66.51876,402.2676,"C",NA,NA,NA,0.391492553846154,0.232104887912088,0.196566002564103,NA,NA,NA
"4752",1995,"2","22","wheat",6.78,6.0342,NA,NA,NA,NA,NA,NA,NA,NA,NA,NA,NA,"FYM","FYM",0,0,0,35,273,66.51876,402.2676,"C",NA,NA,NA,NA,NA,NA,NA,NA,NA
"4786",1995,"3","22","wheat",5.91,5.24217,NA,NA,NA,NA,NA,NA,NA,NA,NA,NA,NA,"FYM","FYM",0,0,0,35,273,66.51876,402.2676,"C",NA,NA,NA,NA,NA,NA,NA,NA,NA
"4882",1995,"6","22","wheat",5.66,5.05438,NA,NA,NA,NA,NA,NA,NA,NA,NA,NA,NA,"FYM","FYM",0,0,0,35,273,66.51876,402.2676,"C",NA,NA,NA,NA,NA,NA,NA,NA,NA
"4917",1995,"7","22","wheat",7.43,6.63499,2.1,1.953,106.4762275,24.1558948,63.6008665,101.1835975,23.3551648,35.4971965,5.29263,0.80073,28.10367,"FYM","FYM",0,0,0,35,273,66.51876,402.2676,"C",NA,NA,NA,0.322311265567766,0.0558564695970696,0.0409724318681318,NA,NA,NA
"4955",1995,"8","22","wheat",6.95,6.19245,NA,NA,NA,NA,NA,NA,NA,NA,NA,NA,NA,"FYM","FYM",0,0,0,35,273,66.51876,402.2676,"C",NA,NA,NA,NA,NA,NA,NA,NA,NA
"5002",1995,"9","22","wheat",5.27,4.67449,NA,NA,NA,NA,NA,NA,NA,NA,NA,NA,NA,"FYM","FYM",0,0,0,35,273,66.51876,402.2676,"C",NA,NA,NA,NA,NA,NA,NA,NA,NA
"5053",1995,"0","3","wheat",1.54,1.35982,NA,NA,NA,NA,NA,NA,NA,NA,NA,NA,NA,"Control","Nil",0,0,0,0,0,0,0,"C",NA,NA,NA,NA,NA,NA,NA,NA,NA
"5102",1995,"1","3","wheat",1.13,0.99779,0.37,0.34447,16.4388098,3.5685219,8.8417926,15.2262754,3.3825081,5.3281986,1.2125344,0.1860138,3.513594,"Control","Nil",0,0,0,0,0,0,0,"C",NA,NA,NA,NA,NA,NA,NA,NA,NA
"5138",1995,"2","3","wheat",0.78,0.69186,NA,NA,NA,NA,NA,NA,NA,NA,NA,NA,NA,"Control","Nil",0,0,0,0,0,0,0,"C",NA,NA,NA,NA,NA,NA,NA,NA,NA
"5172",1995,"3","3","wheat",0.61,0.54168,NA,NA,NA,NA,NA,NA,NA,NA,NA,NA,NA,"Control","Nil",0,0,0,0,0,0,0,"C",NA,NA,NA,NA,NA,NA,NA,NA,NA
"5268",1995,"6","3","wheat",1.82,1.61252,NA,NA,NA,NA,NA,NA,NA,NA,NA,NA,NA,"Control","Nil",0,0,0,0,0,0,0,"C",NA,NA,NA,NA,NA,NA,NA,NA,NA
"5303",1995,"7","3","wheat",1.91,1.68653,0.29,0.27028,24.4929637,5.1231602,11.4744839,23.7632077,5.0258594,8.9554743,0.729756,0.0973008,2.5190096,"Control","Nil",0,0,0,0,0,0,0,"C",NA,NA,NA,NA,NA,NA,NA,NA,NA
"5341",1995,"8","3","wheat",2.32,2.05088,NA,NA,NA,NA,NA,NA,NA,NA,NA,NA,NA,"Control","Nil",0,0,0,0,0,0,0,"C",NA,NA,NA,NA,NA,NA,NA,NA,NA
"5388",1995,"9","3","wheat",1.1,0.9735,NA,NA,NA,NA,NA,NA,NA,NA,NA,NA,NA,"Control","Nil",0,0,0,0,0,0,0,"C",NA,NA,NA,NA,NA,NA,NA,NA,NA
"5449",1995,"0","5","wheat",1.48,1.30684,NA,NA,NA,NA,NA,NA,NA,NA,NA,NA,NA,"PKMg","PKMg",0,35,90,0,0,0,0,"C",NA,NA,NA,NA,NA,NA,NA,NA,NA
"5498",1995,"1","5","wheat",1.32,1.16688,0.31,0.28892,19.0424052,4.7497388,9.6666448,18.028296,4.5041568,6.5578656,1.0141092,0.245582,3.1087792,"PKMg","PKMg",0,35,90,0,0,0,0,"C",NA,NA,NA,NA,NA,NA,NA,NA,NA
"5534",1995,"2","5","wheat",0.57,0.50388,NA,NA,NA,NA,NA,NA,NA,NA,NA,NA,NA,"PKMg","PKMg",0,35,90,0,0,0,0,"C",NA,NA,NA,NA,NA,NA,NA,NA,NA
"5568",1995,"3","5","wheat",1.04,0.92144,NA,NA,NA,NA,NA,NA,NA,NA,NA,NA,NA,"PKMg","PKMg",0,35,90,0,0,0,0,"C",NA,NA,NA,NA,NA,NA,NA,NA,NA
"5664",1995,"6","5","wheat",1.7,1.5096,NA,NA,NA,NA,NA,NA,NA,NA,NA,NA,NA,"PKMg","PKMg",0,35,90,0,0,0,0,"C",NA,NA,NA,NA,NA,NA,NA,NA,NA
"5699",1995,"7","5","wheat",1.56,1.37748,0.08,0.07504,18.485252,5.0054528,8.2046552,18.2653848,4.958928,7.5210408,0.2198672,0.0465248,0.6836144,"PKMg","PKMg",0,35,90,0,0,0,0,"C",NA,NA,NA,NA,NA,NA,NA,NA,NA
"5737",1995,"8","5","wheat",4.86,4.31082,NA,NA,NA,NA,NA,NA,NA,NA,NA,NA,NA,"PKMg","PKMg",0,35,90,0,0,0,0,"C",NA,NA,NA,NA,NA,NA,NA,NA,NA
"5784",1995,"9","5","wheat",0.86,0.76282,NA,NA,NA,NA,NA,NA,NA,NA,NA,NA,NA,"PKMg","PKMg",0,35,90,0,0,0,0,"C",NA,NA,NA,NA,NA,NA,NA,NA,NA
"5845",1995,"0","6","wheat",3.79,3.3731,NA,NA,NA,NA,NA,NA,NA,NA,NA,NA,NA,"N1PKMg","N1 PKMg",48,35,90,0,0,0,0,"C",NA,NA,NA,NA,NA,NA,NA,NA,NA
"5894",1995,"1","6","wheat",3.6,3.1896,0.92,0.85744,56.059192,12.4360256,29.5829456,52.500816,11.80152,18.65916,3.558376,0.6345056,10.9237856,"N1PKMg","N1 PKMg",48,35,90,0,0,0,0,"C",NA,NA,NA,NA,NA,NA,NA,NA,NA
"5930",1995,"2","6","wheat",3.03,2.68155,NA,NA,NA,NA,NA,NA,NA,NA,NA,NA,NA,"N1PKMg","N1 PKMg",48,35,90,0,0,0,0,"C",NA,NA,NA,NA,NA,NA,NA,NA,NA
"5964",1995,"3","6","wheat",3.13,2.77318,NA,NA,NA,NA,NA,NA,NA,NA,NA,NA,NA,"N1PKMg","N1 PKMg",48,35,90,0,0,0,0,"C",NA,NA,NA,NA,NA,NA,NA,NA,NA
"6060",1995,"6","6","wheat",3.73,3.31597,NA,NA,NA,NA,NA,NA,NA,NA,NA,NA,NA,"N1PKMg","N1 PKMg",48,35,90,0,0,0,0,"C",NA,NA,NA,NA,NA,NA,NA,NA,NA
"6095",1995,"7","6","wheat",4.57,4.06273,0.9,0.8334,60.4951456,13.698699,30.5508921,58.1782936,13.407009,21.8168601,2.316852,0.29169,8.734032,"N1PKMg","N1 PKMg",48,35,90,0,0,0,0,"C",NA,NA,NA,NA,NA,NA,NA,NA,NA
"6133",1995,"8","6","wheat",4.82,4.2898,NA,NA,NA,NA,NA,NA,NA,NA,NA,NA,NA,"N1PKMg","N1 PKMg",48,35,90,0,0,0,0,"C",NA,NA,NA,NA,NA,NA,NA,NA,NA
"6180",1995,"9","6","wheat",4.33,3.8537,NA,NA,NA,NA,NA,NA,NA,NA,NA,NA,NA,"N1PKMg","N1 PKMg",48,35,90,0,0,0,0,"C",NA,NA,NA,NA,NA,NA,NA,NA,NA
"6241",1995,"0","7","wheat",4.67,4.16564,NA,NA,NA,NA,NA,NA,NA,NA,NA,NA,NA,"N2PKMg","N2 PKMg",96,35,90,0,0,0,0,"C",NA,NA,NA,NA,NA,NA,NA,NA,NA
"6290",1995,"1","7","wheat",5.25,4.662,1.93,1.79297,98.3999119,17.3102748,53.1559482,88.95096,15.80418,26.15382,9.4489519,1.5060948,27.0021282,"N2PKMg","N2 PKMg",96,35,90,0,0,0,0,"C",0.826640694791667,NA,NA,NA,NA,NA,NA,NA,NA
"6326",1995,"2","7","wheat",4.81,4.24242,NA,NA,NA,NA,NA,NA,NA,NA,NA,NA,NA,"N2PKMg","N2 PKMg",96,35,90,0,0,0,0,"C",NA,NA,NA,NA,NA,NA,NA,NA,NA
"6360",1995,"3","7","wheat",3.3,2.937,NA,NA,NA,NA,NA,NA,NA,NA,NA,NA,NA,"N2PKMg","N2 PKMg",96,35,90,0,0,0,0,"C",NA,NA,NA,NA,NA,NA,NA,NA,NA
"6456",1995,"6","7","wheat",4.99,4.46106,NA,NA,NA,NA,NA,NA,NA,NA,NA,NA,NA,"N2PKMg","N2 PKMg",96,35,90,0,0,0,0,"C",NA,NA,NA,NA,NA,NA,NA,NA,NA
"6491",1995,"7","7","wheat",6.71,5.99203,1.81,1.68692,120.2333769,21.1279719,50.5621801,114.9870557,20.6725035,30.8589545,5.2463212,0.4554684,19.7032256,"N2PKMg","N2 PKMg",96,35,90,0,0,0,0,"C",1.05987630104167,NA,NA,NA,NA,NA,NA,NA,NA
"6529",1995,"8","7","wheat",5.69,5.07548,NA,NA,NA,NA,NA,NA,NA,NA,NA,NA,NA,"N2PKMg","N2 PKMg",96,35,90,0,0,0,0,"C",NA,NA,NA,NA,NA,NA,NA,NA,NA
"6576",1995,"9","7","wheat",5.32,4.75608,NA,NA,NA,NA,NA,NA,NA,NA,NA,NA,NA,"N2PKMg","N2 PKMg",96,35,90,0,0,0,0,"C",NA,NA,NA,NA,NA,NA,NA,NA,NA
"21",1996,"5","1","potato",35.11,7.19755,NA,NA,112.2098045,14.683002,175.044416,NA,NA,NA,NA,NA,NA,"FYM+NPK","FYM N4 PK",192,35,90,35,287,66.4664,397.8688,"C",NA,NA,NA,NA,NA,NA,-0.0737489270833333,-0.0614244428571429,-0.145255894444444
"50",1996,"5","10","potato",5.18,1.20176,NA,NA,16.6924464,1.6103584,15.8872672,NA,NA,NA,NA,NA,NA,"N","N2",96,0,0,0,0,0,0,"C",NA,NA,NA,NA,NA,NA,NA,NA,NA
"79",1996,"5","11","potato",6.85,1.6303,NA,NA,25.497892,3.58666,18.438693,NA,NA,NA,NA,NA,NA,"NP","N2 P",96,35,0,0,0,0,0,"C",NA,NA,NA,NA,NA,NA,NA,NA,NA
"137",1996,"5","13","potato",11.43,2.19456,NA,NA,37.2416832,5.1352704,53.108352,NA,NA,NA,NA,NA,NA,"NPK","N2 PK",96,35,90,0,0,0,0,"C",NA,NA,NA,NA,NA,NA,NA,NA,NA
"166",1996,"5","14","potato",28.26,6.83892,NA,NA,94.3087068,9.9848232,119.0655972,NA,NA,NA,NA,NA,NA,"N4PKMg","N2 PKMg*",96,35,90,0,0,0,0,"C",NA,NA,NA,NA,NA,NA,NA,NA,NA
"224",1996,"5","16","potato",23.59,5.23698,NA,NA,69.1805058,6.022527,101.335563,NA,NA,NA,NA,NA,NA,"N5PKMg","N5 PKMg",240,35,90,0,0,0,0,"C",NA,0.12606196,0.921076333333333,NA,NA,NA,NA,NA,NA
"369",1996,"5","22","potato",38.55,8.21115,NA,NA,126.3695985,16.8328575,188.1174465,NA,NA,NA,NA,NA,NA,"FYM","FYM",0,0,0,35,287,66.4664,397.8688,"C",NA,NA,NA,0.335303493031359,0.382150355749129,0.351469360627178,NA,NA,NA
"398",1996,"5","3","potato",6.3,1.4364,NA,NA,18.730656,1.608768,23.930424,NA,NA,NA,NA,NA,NA,"Control","Nil",0,0,0,0,0,0,0,"C",NA,NA,NA,NA,NA,NA,NA,NA,NA
"427",1996,"5","5","potato",11.02,2.3693,NA,NA,30.137496,5.330925,54.588672,NA,NA,NA,NA,NA,NA,"PKMg","PKMg",0,35,90,0,0,0,0,"C",NA,NA,NA,NA,NA,NA,NA,NA,NA
"456",1996,"5","6","potato",18.21,3.8241,NA,NA,53.116749,7.495236,86.386419,NA,NA,NA,NA,NA,NA,"N1PKMg","N1 PKMg",48,35,90,0,0,0,0,"C",NA,NA,NA,NA,NA,NA,NA,NA,NA
"485",1996,"5","7","potato",23.74,5.08036,NA,NA,73.3095948,9.398666,110.8534552,NA,NA,NA,NA,NA,NA,"N2PKMg","N2 PKMg",96,35,90,0,0,0,0,"C",0.4497093625,NA,NA,NA,NA,NA,NA,NA,NA
"6204",1996,"3","1","oats",8.31,7.4278935,4.1,2.457786,115.24491369,24.32909643,121.992019725,110.37849741,23.02646985,41.819040405,4.86641628,1.30262658,80.17297932,"FYM+NPK","FYM N4 PK",192,35,90,35,287,66.4664,397.8688,"C",NA,NA,NA,NA,NA,NA,0.1133765231875,0.0604904404571428,0.317373188322222
"2956",1996,"3","10","oats",3.41,3.0446526,1.1,0.704814,38.206776894,6.900091572,21.703652322,37.114315194,6.759128772,14.218527642,1.0924617,0.1409628,7.48512468,"N","N2",96,0,0,0,0,0,0,"C",NA,NA,NA,NA,NA,NA,NA,NA,NA
"52100",1996,"3","11","oats",3.34,2.9897008,0.87,0.5697891,37.922683232,8.695942027,19.357534797,37.102186928,8.37116224,14.440254864,0.820496304,0.324779787,4.917279933,"NP","N2 P",96,35,0,0,0,0,0,"C",NA,NA,NA,NA,NA,NA,NA,NA,NA
"98",1996,"3","13","oats",2.97,2.6430624,1.02,0.6018306,33.626215812,8.525803776,24.922525734,32.747543136,8.140632192,13.638201984,0.878672676,0.385171584,11.28432375,"NPK","N2 PK",96,35,90,0,0,0,0,"C",NA,NA,NA,NA,NA,NA,NA,NA,NA
"1211",1996,"3","14","oats",2.93,2.6132377,0.95,0.5510665,33.018846318,8.134620241,23.488103836,32.247353218,7.787448346,13.144585631,0.7714931,0.347171895,10.343518205,"N4PKMg","N2 PKMg*",96,35,90,0,0,0,0,"C",NA,NA,NA,NA,NA,NA,NA,NA,NA
"16710",1996,"3","16","oats",7.78,6.9779598,3.56,2.2055268,106.223100876,20.578126326,99.495416544,101.87821308,20.026744626,36.704068548,4.344887796,0.5513817,62.791347996,"N5PKMg","N5 PKMg",240,35,90,0,0,0,0,"C",NA,0.390800992971429,0.8904209083,NA,NA,NA,NA,NA,NA
"282",1996,"3","22","oats",7.49,6.7011532,2.98,1.7023846,93.476621238,22.211931014,93.428432776,90.599591264,21.309667176,37.794504048,2.877029974,0.902263838,55.633928728,"FYM","FYM",0,0,0,35,287,66.4664,397.8688,"C",NA,NA,NA,0.235509487017422,0.192577854857143,0.193567728243903,NA,NA,NA
"305",1996,"3","3","oats",2.05,1.8283745,0.59,0.3932055,24.3193562,5.471364415,15.105423405,23.7688685,5.30228605,9.160156245,0.5504877,0.169078365,5.94526716,"Control","Nil",0,0,0,0,0,0,0,"C",NA,NA,NA,NA,NA,NA,NA,NA,NA
"328",1996,"3","5","oats",2.27,2.0136262,0.69,0.4337616,25.885398464,6.531627512,18.357595642,25.291145072,6.201968696,10.289629882,0.594253392,0.329658816,8.06796576,"PKMg","PKMg",0,35,90,0,0,0,0,"C",NA,NA,NA,NA,NA,NA,NA,NA,NA
"3511",1996,"3","6","oats",2.36,2.1018396,0.73,0.4463804,27.60176286,7.130230328,19.67247216,26.945583672,6.683849928,10.740400356,0.656179188,0.4463804,8.932071804,"N1PKMg","N1 PKMg",48,35,90,0,0,0,0,"C",NA,NA,NA,NA,NA,NA,NA,NA,NA
"3741",1996,"3","7","oats",3.07,2.7364752,1.13,0.6429135,32.559448752,8.691610725,26.610045699,31.633653312,8.2094256,13.873929264,0.92579544,0.482185125,12.736116435,"N2PKMg","N2 PKMg",96,35,90,0,0,0,0,"C",0.0695213571666666,NA,NA,NA,NA,NA,NA,NA,NA
"15101",1996,"2","1","wheat",8.5,7.191,NA,NA,NA,NA,NA,NA,NA,NA,NA,NA,NA,"FYM+NPK","FYM N4 PK",192,35,90,35,287,66.4664,397.8688,"C",NA,NA,NA,NA,NA,NA,NA,NA,NA
"7410",1996,"4","1","wheat",9.2,7.9856,6.23,5.97457,252.2255792,32.6027422,132.4594593,203.473088,25.074784,33.9388,48.7524912,7.5279582,98.5206593,"FYM+NPK","FYM N4 PK",192,35,90,35,287,66.4664,397.8688,"C",NA,NA,NA,NA,NA,NA,0.705435641666667,0.208623834285714,0.671718658888889
"14510",1996,"6","1","wheat",9.11,7.93481,NA,NA,NA,NA,NA,199.4811234,25.9468287,36.4207779,NA,NA,NA,"FYM+NPK","FYM N4 PK",192,35,90,35,287,66.4664,397.8688,"C",NA,NA,NA,NA,NA,NA,NA,NA,NA
"18010",1996,"7","1","wheat",9.49,8.23732,NA,NA,NA,NA,NA,NA,NA,NA,NA,NA,NA,"FYM+NPK","FYM N4 PK",192,35,90,35,287,66.4664,397.8688,"C",NA,NA,NA,NA,NA,NA,NA,NA,NA
"2221",1996,"0","10","wheat",4.2,3.5532,NA,NA,NA,NA,NA,NA,NA,NA,NA,NA,NA,"N","N2",96,0,0,0,0,0,0,"C",NA,NA,NA,NA,NA,NA,NA,NA,NA
"271",1996,"1","10","wheat",3.8,3.2148,1.41,1.36347,64.9627044,6.6799032,18.6365622,59.345208,6.461748,13.373568,5.6174964,0.2181552,5.2629942,"N","N2",96,0,0,0,0,0,0,"C",NA,NA,NA,NA,NA,NA,NA,NA,NA
"3071",1996,"2","10","wheat",4.38,3.69672,NA,NA,NA,NA,NA,NA,NA,NA,NA,NA,NA,"N","N2",96,0,0,0,0,0,0,"C",NA,NA,NA,NA,NA,NA,NA,NA,NA
"3662",1996,"4","10","wheat",6.11,5.26682,1.95,1.8759,106.860338,10.6757794,28.4662586,100.06958,10.3756354,21.2252846,6.790758,0.300144,7.240974,"N","N2",96,0,0,0,0,0,0,"C",NA,NA,NA,NA,NA,NA,NA,NA,NA
"4371",1996,"6","10","wheat",4.17,3.6279,NA,NA,NA,NA,NA,69.365448,6.89301,14.910669,NA,NA,NA,"N","N2",96,0,0,0,0,0,0,"C",NA,NA,NA,NA,NA,NA,NA,NA,NA
"47210",1996,"7","10","wheat",4.54,3.94072,NA,NA,NA,NA,NA,NA,NA,NA,NA,NA,NA,"N","N2",96,0,0,0,0,0,0,"C",NA,NA,NA,NA,NA,NA,NA,NA,NA
"510",1996,"8","10","wheat",4.63,3.99106,NA,NA,NA,NA,NA,NA,NA,NA,NA,NA,NA,"N","N2",96,0,0,0,0,0,0,"C",NA,NA,NA,NA,NA,NA,NA,NA,NA
"557",1996,"9","10","wheat",3.58,3.10028,NA,NA,NA,NA,NA,58.2232584,5.580504,12.6801452,NA,NA,NA,"N","N2",96,0,0,0,0,0,0,"C",NA,NA,NA,NA,NA,NA,NA,NA,NA
"618",1996,"0","11","wheat",4.51,3.8335,NA,NA,NA,NA,NA,NA,NA,NA,NA,NA,NA,"NP","N2 P",96,35,0,0,0,0,0,"C",NA,NA,NA,NA,NA,NA,NA,NA,NA
"667",1996,"1","11","wheat",4.02,3.39288,1.32,1.25928,68.5998552,10.637592,16.217052,61.6486296,9.9072096,13.6733064,6.9512256,0.7303824,2.5437456,"NP","N2 P",96,35,0,0,0,0,0,"C",NA,NA,NA,NA,NA,NA,NA,NA,NA
"703",1996,"2","11","wheat",4.78,4.02954,NA,NA,NA,NA,NA,NA,NA,NA,NA,NA,NA,"NP","N2 P",96,35,0,0,0,0,0,"C",NA,NA,NA,NA,NA,NA,NA,NA,NA
"762",1996,"4","11","wheat",6.52,5.6072,2.56,2.39616,102.720232,13.9758016,27.672512,93.135592,13.232992,21.083072,9.58464,0.7428096,6.58944,"NP","N2 P",96,35,0,0,0,0,0,"C",NA,NA,NA,NA,NA,NA,NA,NA,NA
"833",1996,"6","11","wheat",4.35,3.7758,NA,NA,NA,NA,NA,64.226358,10.94982,14.989926,NA,NA,NA,"NP","N2 P",96,35,0,0,0,0,0,"C",NA,NA,NA,NA,NA,NA,NA,NA,NA
"868",1996,"7","11","wheat",5.21,4.50144,NA,NA,NA,NA,NA,NA,NA,NA,NA,NA,NA,"NP","N2 P",96,35,0,0,0,0,0,"C",NA,NA,NA,NA,NA,NA,NA,NA,NA
"906",1996,"8","11","wheat",4.39,3.81052,NA,NA,NA,NA,NA,NA,NA,NA,NA,NA,NA,"NP","N2 P",96,35,0,0,0,0,0,"C",NA,NA,NA,NA,NA,NA,NA,NA,NA
"953",1996,"9","11","wheat",3.64,3.17408,NA,NA,NA,NA,NA,55.3559552,8.9191648,12.855024,NA,NA,NA,"NP","N2 P",96,35,0,0,0,0,0,"C",NA,NA,NA,NA,NA,NA,NA,NA,NA
"1410",1996,"0","13","wheat",6.46,5.50392,NA,NA,NA,NA,NA,NA,NA,NA,NA,NA,NA,"NPK","N2 PK",96,35,90,0,0,0,0,"C",NA,NA,NA,NA,NA,NA,NA,NA,NA
"1459",1996,"1","13","wheat",5.46,4.63008,2.41,2.27745,79.6324641,14.8027236,36.7597776,72.3218496,13.9828416,22.5484896,7.3106145,0.819882,14.211288,"NPK","N2 PK",96,35,90,0,0,0,0,"C",NA,NA,NA,NA,NA,NA,NA,NA,NA
"1495",1996,"2","13","wheat",5.33,4.49852,NA,NA,NA,NA,NA,NA,NA,NA,NA,NA,NA,"NPK","N2 PK",96,35,90,0,0,0,0,"C",NA,NA,NA,NA,NA,NA,NA,NA,NA
"1554",1996,"4","13","wheat",7.52,6.5048,3.18,3.01146,122.4816858,18.291731,54.5220912,110.646648,17.23772,29.466744,11.8350378,1.054011,25.0553472,"NPK","N2 PK",96,35,90,0,0,0,0,"C",NA,NA,NA,NA,NA,NA,NA,NA,NA
"1625",1996,"6","13","wheat",6.41,5.58311,NA,NA,NA,NA,NA,88.6039557,16.0793568,27.357239,NA,NA,NA,"NPK","N2 PK",96,35,90,0,0,0,0,"C",NA,NA,NA,NA,NA,NA,NA,NA,NA
"1660",1996,"7","13","wheat",5.84,5.06328,NA,NA,NA,NA,NA,NA,NA,NA,NA,NA,NA,"NPK","N2 PK",96,35,90,0,0,0,0,"C",NA,NA,NA,NA,NA,NA,NA,NA,NA
"1698",1996,"8","13","wheat",5.56,4.85944,NA,NA,NA,NA,NA,NA,NA,NA,NA,NA,NA,"NPK","N2 PK",96,35,90,0,0,0,0,"C",NA,NA,NA,NA,NA,NA,NA,NA,NA
"1745",1996,"9","13","wheat",5.78,5.04016,NA,NA,NA,NA,NA,70.8646496,15.1708816,25.0495952,NA,NA,NA,"NPK","N2 PK",96,35,90,0,0,0,0,"C",NA,NA,NA,NA,NA,NA,NA,NA,NA
"1806",1996,"0","14","wheat",6.35,5.39115,NA,NA,NA,NA,NA,NA,NA,NA,NA,NA,NA,"N4PKMg","N2 PKMg*",96,35,90,0,0,0,0,"C",NA,NA,NA,NA,NA,NA,NA,NA,NA
"1855",1996,"1","14","wheat",5.83,4.94384,2.46,2.37144,79.6087,16.325928,37.7757864,72.3283792,15.4247808,24.472008,7.2803208,0.9011472,13.3037784,"N4PKMg","N2 PKMg*",96,35,90,0,0,0,0,"C",NA,NA,NA,NA,NA,NA,NA,NA,NA
"1891",1996,"2","14","wheat",5.23,4.42458,NA,NA,NA,NA,NA,NA,NA,NA,NA,NA,NA,"N4PKMg","N2 PKMg*",96,35,90,0,0,0,0,"C",NA,NA,NA,NA,NA,NA,NA,NA,NA
"1950",1996,"4","14","wheat",7.76,6.68912,3.54,3.33468,116.8529508,18.4919588,53.376316,103.5475776,17.3248208,29.8334752,13.3053732,1.167138,23.5428408,"N4PKMg","N2 PKMg*",96,35,90,0,0,0,0,"C",NA,NA,NA,NA,NA,NA,NA,NA,NA
"2021",1996,"6","14","wheat",6.48,5.62464,NA,NA,NA,NA,NA,84.8195712,16.2552096,26.7732864,NA,NA,NA,"N4PKMg","N2 PKMg*",96,35,90,0,0,0,0,"C",NA,NA,NA,NA,NA,NA,NA,NA,NA
"2056",1996,"7","14","wheat",5.99,5.22927,NA,NA,NA,NA,NA,NA,NA,NA,NA,NA,NA,"N4PKMg","N2 PKMg*",96,35,90,0,0,0,0,"C",NA,NA,NA,NA,NA,NA,NA,NA,NA
"2094",1996,"8","14","wheat",6.31,5.50232,NA,NA,NA,NA,NA,NA,NA,NA,NA,NA,NA,"N4PKMg","N2 PKMg*",96,35,90,0,0,0,0,"C",NA,NA,NA,NA,NA,NA,NA,NA,NA
"2141",1996,"9","14","wheat",5.61,4.88631,NA,NA,NA,NA,NA,67.1867625,15.3430134,24.920181,NA,NA,NA,"N4PKMg","N2 PKMg*",96,35,90,0,0,0,0,"C",NA,NA,NA,NA,NA,NA,NA,NA,NA
"2598",1996,"0","16","wheat",8.33,7.15547,NA,NA,NA,NA,NA,NA,NA,NA,NA,NA,NA,"N5PKMg","N5 PKMg",240,35,90,0,0,0,0,"C",NA,NA,NA,NA,NA,NA,NA,NA,NA
"2647",1996,"1","16","wheat",7.97,6.79841,4.95,4.6629,206.9013812,23.0103728,75.3588427,172.8155822,20.2592618,29.7090517,34.085799,2.751111,45.649791,"N5PKMg","N5 PKMg",240,35,90,0,0,0,0,"C",NA,0.461802722857143,0.657131007777778,NA,NA,NA,NA,NA,NA
"2683",1996,"2","16","wheat",7.94,6.79664,NA,NA,NA,NA,NA,NA,NA,NA,NA,NA,NA,"N5PKMg","N5 PKMg",240,35,90,0,0,0,0,"C",NA,NA,NA,NA,NA,NA,NA,NA,NA
"2742",1996,"4","16","wheat",8.59,7.45612,4.9,4.6011,223.0945346,22.4971992,87.0588572,185.1354596,19.4604732,31.0174592,37.959075,3.036726,56.041398,"N5PKMg","N5 PKMg",240,35,90,0,0,0,0,"C",NA,0.337754851428572,0.65984828,NA,NA,NA,NA,NA,NA
"2813",1996,"6","16","wheat",7.84,6.89136,4.69,4.36639,212.1806673,23.7973743,86.4321878,173.8000992,20.2605984,30.8043792,38.3805681,3.5367759,55.6278086,"N5PKMg","N5 PKMg",240,35,90,0,0,0,0,"C",NA,NA,NA,NA,NA,NA,NA,NA,NA
"2848",1996,"7","16","wheat",8.51,7.47178,NA,NA,NA,NA,NA,NA,NA,NA,NA,NA,NA,"N5PKMg","N5 PKMg",240,35,90,0,0,0,0,"C",NA,NA,NA,NA,NA,NA,NA,NA,NA
"2886",1996,"8","16","wheat",6.65,5.8254,NA,NA,NA,NA,NA,NA,NA,NA,NA,NA,NA,"N5PKMg","N5 PKMg",240,35,90,0,0,0,0,"C",NA,NA,NA,NA,NA,NA,NA,NA,NA
"2933",1996,"9","16","wheat",8.5,7.497,4.19,3.90927,213.0376572,24.9083166,77.9572824,188.1747,22.64094,34.4862,24.8629572,2.2673766,43.4710824,"N5PKMg","N5 PKMg",240,35,90,0,0,0,0,"C",NA,NA,NA,NA,NA,NA,NA,NA,NA
"4182",1996,"0","20","wheat",4.11,3.51816,NA,NA,NA,NA,NA,NA,NA,NA,NA,NA,NA,"NKMg","N2 KMg",96,0,90,0,0,0,0,"C",NA,NA,NA,NA,NA,NA,NA,NA,NA
"4231",1996,"1","20","wheat",3.71,3.1535,1.75,1.70975,67.06553,6.8472775,27.161295,60.29492,6.590815,14.06461,6.77061,0.2564625,13.096685,"NKMg","N2 KMg",96,0,90,0,0,0,0,"C",NA,NA,NA,NA,NA,NA,NA,NA,NA
"4668",1996,"0","22","wheat",6.34,5.35096,NA,NA,NA,NA,NA,NA,NA,NA,NA,NA,NA,"FYM","FYM",0,0,0,35,287,66.4664,397.8688,"C",NA,NA,NA,NA,NA,NA,NA,NA,NA
"4717",1996,"1","22","wheat",7.45,6.3176,4.66,4.3804,116.781936,25.300908,72.00478,101.71336,21.227136,31.398472,15.068576,4.073772,40.606308,"FYM","FYM",0,0,0,35,287,66.4664,397.8688,"C",NA,NA,NA,0.332642638327526,0.173227895470383,0.167881814634146,NA,NA,NA
"4753",1996,"2","22","wheat",5.61,4.71801,NA,NA,NA,NA,NA,NA,NA,NA,NA,NA,NA,"FYM","FYM",0,0,0,35,287,66.4664,397.8688,"C",NA,NA,NA,NA,NA,NA,NA,NA,NA
"4812",1996,"4","22","wheat",7.77,6.70551,4.27,4.09066,131.1125361,22.4743547,71.4031997,116.8770393,20.1835851,31.3147317,14.2354968,2.2907696,40.088468,"FYM","FYM",0,0,0,35,287,66.4664,397.8688,"C",NA,NA,NA,0.326493717073171,0.0845024324041812,0.0989278888501743,NA,NA,NA
"4883",1996,"6","22","wheat",6.66,5.77422,3.67,3.42411,104.898165,21.184572,76.2997002,89.5581522,18.6507306,28.293678,15.3400128,2.5338414,48.0060222,"FYM","FYM",0,0,0,35,287,66.4664,397.8688,"C",NA,NA,NA,0.276806443902439,NA,NA,NA,NA,NA
"4918",1996,"7","22","wheat",5.43,4.66437,NA,NA,NA,NA,NA,NA,NA,NA,NA,NA,NA,"FYM","FYM",0,0,0,35,287,66.4664,397.8688,"C",NA,NA,NA,NA,NA,NA,NA,NA,NA
"4956",1996,"8","22","wheat",5.72,4.93636,NA,NA,NA,NA,NA,NA,NA,NA,NA,NA,NA,"FYM","FYM",0,0,0,35,287,66.4664,397.8688,"C",NA,NA,NA,NA,NA,NA,NA,NA,NA
"5003",1996,"9","22","wheat",5.42,4.69914,2.15,2.0038,81.3226588,16.3237626,41.5526042,74.8103088,14.5203426,22.6968462,6.51235,1.80342,18.855758,"FYM","FYM",0,0,0,35,287,66.4664,397.8688,"C",NA,NA,NA,0.214725766550523,NA,NA,NA,NA,NA
"5054",1996,"0","3","wheat",1.83,1.53354,NA,NA,NA,NA,NA,NA,NA,NA,NA,NA,NA,"Control","Nil",0,0,0,0,0,0,0,"C",NA,NA,NA,NA,NA,NA,NA,NA,NA
"5103",1996,"1","3","wheat",1.93,1.60576,0.68,0.63172,23.4413172,5.0831316,10.760162,21.7419904,4.8493952,7.5952448,1.6993268,0.2337364,3.1649172,"Control","Nil",0,0,0,0,0,0,0,"C",NA,NA,NA,NA,NA,NA,NA,NA,NA
"5139",1996,"2","3","wheat",1.22,1.02358,NA,NA,NA,NA,NA,NA,NA,NA,NA,NA,NA,"Control","Nil",0,0,0,0,0,0,0,"C",NA,NA,NA,NA,NA,NA,NA,NA,NA
"5198",1996,"4","3","wheat",3.61,3.09016,1.29,1.21389,45.4504545,7.281719,17.9611361,42.0879792,7.0146632,12.9477704,3.3624753,0.2670558,5.0133657,"Control","Nil",0,0,0,0,0,0,0,"C",NA,NA,NA,NA,NA,NA,NA,NA,NA
"5269",1996,"6","3","wheat",1.56,1.3416,0.61,0.56425,21.450886,4.913165,12.291462,19.667856,4.3602,6.265272,1.78303,0.552965,6.02619,"Control","Nil",0,0,0,0,0,0,0,"C",NA,NA,NA,NA,NA,NA,NA,NA,NA
"5304",1996,"7","3","wheat",1.03,0.88683,NA,NA,NA,NA,NA,NA,NA,NA,NA,NA,NA,"Control","Nil",0,0,0,0,0,0,0,"C",NA,NA,NA,NA,NA,NA,NA,NA,NA
"5342",1996,"8","3","wheat",2.85,2.44815,NA,NA,NA,NA,NA,NA,NA,NA,NA,NA,NA,"Control","Nil",0,0,0,0,0,0,0,"C",NA,NA,NA,NA,NA,NA,NA,NA,NA
"5389",1996,"9","3","wheat",0.95,0.81415,0.08,0.07584,11.6598585,2.407654,4.2210287,11.4550905,2.377318,3.8509295,0.204768,0.030336,0.3700992,"Control","Nil",0,0,0,0,0,0,0,"C",NA,NA,NA,NA,NA,NA,NA,NA,NA
"5450",1996,"0","5","wheat",1.4,1.169,NA,NA,NA,NA,NA,NA,NA,NA,NA,NA,NA,"PKMg","PKMg",0,35,90,0,0,0,0,"C",NA,NA,NA,NA,NA,NA,NA,NA,NA
"5499",1996,"1","5","wheat",1.77,1.47972,0.58,0.54578,21.3134988,5.4349252,10.5704288,19.8726396,5.031048,7.3394112,1.4408592,0.4038772,3.2310176,"PKMg","PKMg",0,35,90,0,0,0,0,"C",NA,NA,NA,NA,NA,NA,NA,NA,NA
"5535",1996,"2","5","wheat",1.45,1.2035,NA,NA,NA,NA,NA,NA,NA,NA,NA,NA,NA,"PKMg","PKMg",0,35,90,0,0,0,0,"C",NA,NA,NA,NA,NA,NA,NA,NA,NA
"5594",1996,"4","5","wheat",3.03,2.59671,0.92,0.87492,37.4088393,7.3348374,16.325637,35.0815521,7.011117,11.3735898,2.3272872,0.3237204,4.9520472,"PKMg","PKMg",0,35,90,0,0,0,0,"C",NA,NA,NA,NA,NA,NA,NA,NA,NA
"5665",1996,"6","5","wheat",2.05,1.763,0.67,0.63114,25.4547156,6.2065984,12.4242358,23.53605,5.85316,8.65633,1.9186656,0.3534384,3.7679058,"PKMg","PKMg",0,35,90,0,0,0,0,"C",NA,NA,NA,NA,NA,NA,NA,NA,NA
"5700",1996,"7","5","wheat",1.09,0.93958,NA,NA,NA,NA,NA,NA,NA,NA,NA,NA,NA,"PKMg","PKMg",0,35,90,0,0,0,0,"C",NA,NA,NA,NA,NA,NA,NA,NA,NA
"5738",1996,"8","5","wheat",2.97,2.54826,NA,NA,NA,NA,NA,NA,NA,NA,NA,NA,NA,"PKMg","PKMg",0,35,90,0,0,0,0,"C",NA,NA,NA,NA,NA,NA,NA,NA,NA
"5785",1996,"9","5","wheat",1.63,1.40343,0.52,0.49348,19.6963638,4.9008786,9.7719944,18.4972074,4.5751818,6.9048756,1.1991564,0.3256968,2.8671188,"PKMg","PKMg",0,35,90,0,0,0,0,"C",NA,NA,NA,NA,NA,NA,NA,NA,NA
"5846",1996,"0","6","wheat",3.89,3.26371,NA,NA,NA,NA,NA,NA,NA,NA,NA,NA,NA,"N1PKMg","N1 PKMg",48,35,90,0,0,0,0,"C",NA,NA,NA,NA,NA,NA,NA,NA,NA
"5895",1996,"1","6","wheat",3.66,3.07074,1.27,1.18999,44.8380467,11.0097959,22.9285359,40.994379,10.3791012,15.7528962,3.8436677,0.6306947,7.1756397,"N1PKMg","N1 PKMg",48,35,90,0,0,0,0,"C",NA,NA,NA,NA,NA,NA,NA,NA,NA
"5931",1996,"2","6","wheat",3.05,2.55285,NA,NA,NA,NA,NA,NA,NA,NA,NA,NA,NA,"N1PKMg","N1 PKMg",48,35,90,0,0,0,0,"C",NA,NA,NA,NA,NA,NA,NA,NA,NA
"5990",1996,"4","6","wheat",6.11,5.24849,2.33,2.19952,84.1087449,14.5463593,38.2114875,77.7301369,13.9084985,24.0905691,6.378608,0.6378608,14.1209184,"N1PKMg","N1 PKMg",48,35,90,0,0,0,0,"C",NA,NA,NA,NA,NA,NA,NA,NA,NA
"6061",1996,"6","6","wheat",4.37,3.76257,1.45,1.3572,54.5596509,12.4770762,26.6797668,51.0580749,11.5134642,18.2108388,3.501576,0.963612,8.468928,"N1PKMg","N1 PKMg",48,35,90,0,0,0,0,"C",NA,NA,NA,NA,NA,NA,NA,NA,NA
"6096",1996,"7","6","wheat",3.67,3.15987,NA,NA,NA,NA,NA,NA,NA,NA,NA,NA,NA,"N1PKMg","N1 PKMg",48,35,90,0,0,0,0,"C",NA,NA,NA,NA,NA,NA,NA,NA,NA
"6134",1996,"8","6","wheat",4.6,3.956,NA,NA,NA,NA,NA,NA,NA,NA,NA,NA,NA,"N1PKMg","N1 PKMg",48,35,90,0,0,0,0,"C",NA,NA,NA,NA,NA,NA,NA,NA,NA
"6181",1996,"9","6","wheat",3.95,3.40885,1.69,1.58522,49.8889594,10.8804219,27.3862002,45.814944,10.0561075,16.907896,4.0740154,0.8243144,10.4783042,"N1PKMg","N1 PKMg",48,35,90,0,0,0,0,"C",NA,NA,NA,NA,NA,NA,NA,NA,NA
"6242",1996,"0","7","wheat",6.53,5.47867,NA,NA,NA,NA,NA,NA,NA,NA,NA,NA,NA,"N2PKMg","N2 PKMg",96,35,90,0,0,0,0,"C",NA,NA,NA,NA,NA,NA,NA,NA,NA
"6291",1996,"1","7","wheat",6.27,5.31069,2.79,2.60307,89.1179649,16.4974269,42.1520055,81.4128777,15.5603217,25.5444189,7.7050872,0.9371052,16.6075866,"N2PKMg","N2 PKMg",96,35,90,0,0,0,0,"C",0.706296521875,NA,NA,NA,NA,NA,NA,NA,NA
"6327",1996,"2","7","wheat",5.03,4.2252,NA,NA,NA,NA,NA,NA,NA,NA,NA,NA,NA,"N2PKMg","N2 PKMg",96,35,90,0,0,0,0,"C",NA,NA,NA,NA,NA,NA,NA,NA,NA
"6386",1996,"4","7","wheat",7.74,6.6951,3.57,3.3558,121.673727,18.547737,55.934712,112.009023,17.608113,29.860146,9.664704,0.939624,26.074566,"N2PKMg","N2 PKMg",96,35,90,0,0,0,0,"C",0.877759246875,NA,NA,NA,NA,NA,NA,NA,NA
"6457",1996,"6","7","wheat",6.27,5.41101,2.68,2.54064,84.7881639,16.071081,41.2533396,78.0808743,14.8261674,25.3235268,6.7072896,1.2449136,15.9298128,"N2PKMg","N2 PKMg",96,35,90,0,0,0,0,"C",0.618056753125,NA,NA,NA,NA,NA,NA,NA,NA
"6492",1996,"7","7","wheat",5.7,4.9362,NA,NA,NA,NA,NA,NA,NA,NA,NA,NA,NA,"N2PKMg","N2 PKMg",96,35,90,0,0,0,0,"C",NA,NA,NA,NA,NA,NA,NA,NA,NA
"6530",1996,"8","7","wheat",5.57,4.81248,NA,NA,NA,NA,NA,NA,NA,NA,NA,NA,NA,"N2PKMg","N2 PKMg",96,35,90,0,0,0,0,"C",NA,NA,NA,NA,NA,NA,NA,NA,NA
"6577",1996,"9","7","wheat",5.84,5.06328,2.4,2.2872,79.6029504,14.8568832,39.4123584,72.8099664,13.8733872,24.2024784,6.792984,0.983496,15.20988,"N2PKMg","N2 PKMg",96,35,90,0,0,0,0,"C",0.62402694375,NA,NA,NA,NA,NA,NA,NA,NA
"1100",1997,"2","1","oats",7.53,6.6152556,6.18,4.0305342,132.244424916,29.77090365,123.378179046,114.510074436,24.410293164,35.39161746,17.73435048,5.360610486,87.986561586,"FYM+NPK","FYM N4 PK",192,35,90,35,322,37.78264,374.262,"C",NA,NA,NA,NA,NA,NA,0.0947515104166669,0.0312383061142856,0.0268162363333332
"2410",1997,"2","10","oats",2.24,1.9292448,1.04,0.777348,34.025644704,6.924147936,18.031120512,30.636407424,6.115706016,8.951695872,3.38923728,0.80844192,9.07942464,"N","N2",96,0,0,0,0,0,0,"C",NA,NA,NA,NA,NA,NA,NA,NA,NA
"47100",1997,"2","11","oats",2.44,2.097668,0.98,0.7838138,33.677076344,9.04801435,17.44381945,30.47911604,7.36281468,9.88001628,3.197960304,1.68519967,7.56380317,"NP","N2 P",96,35,0,0,0,0,0,"C",NA,NA,NA,NA,NA,NA,NA,NA,NA
"93",1997,"2","13","oats",1.97,1.6999918,0.93,0.7313055,26.840391401,7.615165663,18.991361619,24.258882986,5.881971628,7.955961624,2.581508415,1.733194035,11.035399995,"NPK","N2 PK",96,35,90,0,0,0,0,"C",NA,NA,NA,NA,NA,NA,NA,NA,NA
"116",1997,"2","14","oats",1.86,1.6201716,0.71,0.5953563,26.041014396,7.279333569,15.718970421,24.302574,5.83261776,7.485192792,1.738440396,1.446715809,8.233777629,"N4PKMg","N2 PKMg*",96,35,90,0,0,0,0,"C",NA,NA,NA,NA,NA,NA,NA,NA,NA
"16210",1997,"2","16","oats",6.71,5.8762825,3.62,2.5617292,103.167675436,21.80425337,73.394952725,91.4349557,19.62678355,29.205124025,11.732719736,2.17746982,44.1898287,"N5PKMg","N5 PKMg",240,35,90,0,0,0,0,"C",NA,0.425145869542857,0.621679258611111,NA,NA,NA,NA,NA,NA
"277",1997,"2","22","oats",7.24,6.2691884,5.12,3.5613696,114.052134916,28.677562936,120.964717776,98.488949764,22.694462008,33.85361736,15.563185152,5.983100928,87.111100416,"FYM","FYM",0,0,0,35,322,37.78264,374.262,"C",NA,NA,NA,0.279770012832298,0.248529472708075,0.249611983142857,NA,NA,NA
"300",1997,"2","3","oats",1.32,1.1453904,0.43,0.364167,18.691983684,4.273529346,8.761686264,17.650466064,3.825603936,5.280249744,1.04151762,0.44792541,3.48143652,"Control","Nil",0,0,0,0,0,0,0,"C",NA,NA,NA,NA,NA,NA,NA,NA,NA
"323",1997,"2","5","oats",1.8,1.564686,0.74,0.6160204,23.966190784,6.781008596,15.931984368,22.2967755,5.58592902,7.54178652,1.669415284,1.195079576,8.390197848,"PKMg","PKMg",0,35,90,0,0,0,0,"C",NA,NA,NA,NA,NA,NA,NA,NA,NA
"346",1997,"2","6","oats",1.81,1.5669351,0.65,0.5257915,25.501094654,6.818634926,14.536913,23.645050659,5.656635711,7.286248215,1.856043995,1.161999215,7.250664785,"N1PKMg","N1 PKMg",48,35,90,0,0,0,0,"C",NA,NA,NA,NA,NA,NA,NA,NA,NA
"3691",1997,"2","7","oats",2.23,1.9420624,0.94,0.7735918,28.312821256,8.634256438,20.596919176,25.868271168,6.738956528,9.302478896,2.444550088,1.89529991,11.29444028,"N2PKMg","N2 PKMg",96,35,90,0,0,0,0,"C",0.04527740075,NA,NA,NA,NA,NA,NA,NA,NA
"7510",1997,"4","1","wheat",9.56,7.86788,NA,NA,NA,NA,NA,NA,NA,NA,NA,NA,NA,"FYM+NPK","FYM N4 PK",192,35,90,35,322,37.78264,374.262,"C",NA,NA,NA,NA,NA,NA,NA,NA,NA
"1071",1997,"5","1","wheat",9.18,7.55514,3.88,3.09236,211.3378978,29.9479024,54.4941596,178.5279582,25.9896816,32.9404104,32.8099396,3.9582208,21.5537492,"FYM+NPK","FYM N4 PK",192,35,90,35,322,37.78264,374.262,"C",NA,NA,NA,NA,NA,NA,0.571616075,0.28052536,0.199633822222222
"14610",1997,"6","1","wheat",8.21,6.80609,NA,NA,NA,NA,NA,165.2518652,25.0464112,32.1247448,NA,NA,NA,"FYM+NPK","FYM N4 PK",192,35,90,35,322,37.78264,374.262,"C",NA,NA,NA,NA,NA,NA,NA,NA,NA
"18110",1997,"7","1","wheat",9.27,7.65702,NA,NA,NA,NA,NA,NA,NA,NA,NA,NA,NA,"FYM+NPK","FYM N4 PK",192,35,90,35,322,37.78264,374.262,"C",NA,NA,NA,NA,NA,NA,NA,NA,NA
"2231",1997,"0","10","wheat",2.69,2.1789,NA,NA,NA,NA,NA,NA,NA,NA,NA,NA,NA,"N","N2",96,0,0,0,0,0,0,"C",NA,NA,NA,NA,NA,NA,NA,NA,NA
"272",1997,"1","10","wheat",2.59,2.11344,1.16,1.0614,56.27649,5.358834,10.9161144,50.088528,5.072256,8.4748944,6.187962,0.286578,2.44122,"N","N2",96,0,0,0,0,0,0,"C",NA,NA,NA,NA,NA,NA,NA,NA,NA
"3672",1997,"4","10","wheat",4.19,3.51122,NA,NA,NA,NA,NA,NA,NA,NA,NA,NA,NA,"N","N2",96,0,0,0,0,0,0,"C",NA,NA,NA,NA,NA,NA,NA,NA,NA
"3991",1997,"5","10","wheat",7.82,6.52188,2.91,2.49969,161.4477621,18.0556173,33.1668774,144.5248608,16.630794,24.7179252,16.9229013,1.4248233,8.4489522,"N","N2",96,0,0,0,0,0,0,"C",NA,NA,NA,NA,NA,NA,NA,NA,NA
"4381",1997,"6","10","wheat",2.25,1.872,NA,NA,NA,NA,NA,43.056,4.34304,7.69392,NA,NA,NA,"N","N2",96,0,0,0,0,0,0,"C",NA,NA,NA,NA,NA,NA,NA,NA,NA
"47310",1997,"7","10","wheat",2.56,2.12224,NA,NA,NA,NA,NA,NA,NA,NA,NA,NA,NA,"N","N2",96,0,0,0,0,0,0,"C",NA,NA,NA,NA,NA,NA,NA,NA,NA
"511",1997,"8","10","wheat",2.09,1.7138,NA,NA,NA,NA,NA,NA,NA,NA,NA,NA,NA,"N","N2",96,0,0,0,0,0,0,"C",NA,NA,NA,NA,NA,NA,NA,NA,NA
"558",1997,"9","10","wheat",2.54,2.12598,NA,NA,NA,NA,NA,46.9628982,5.5913274,8.4401406,NA,NA,NA,"N","N2",96,0,0,0,0,0,0,"C",NA,NA,NA,NA,NA,NA,NA,NA,NA
"619",1997,"0","11","wheat",4.41,3.62061,NA,NA,NA,NA,NA,NA,NA,NA,NA,NA,NA,"NP","N2 P",96,35,0,0,0,0,0,"C",NA,NA,NA,NA,NA,NA,NA,NA,NA
"668",1997,"1","11","wheat",3.07,2.53275,1,0.917,61.761735,10.351925,12.9484075,54.251505,9.269865,11.1694275,7.51023,1.08206,1.77898,"NP","N2 P",96,35,0,0,0,0,0,"C",NA,NA,NA,NA,NA,NA,NA,NA,NA
"763",1997,"4","11","wheat",5.21,4.37119,NA,NA,NA,NA,NA,NA,NA,NA,NA,NA,NA,"NP","N2 P",96,35,0,0,0,0,0,"C",NA,NA,NA,NA,NA,NA,NA,NA,NA
"795",1997,"5","11","wheat",7.43,6.2412,2.42,2.09814,133.2177054,20.8605096,28.4540988,119.768628,19.098072,24.215856,13.4490774,1.7624376,4.2382428,"NP","N2 P",96,35,0,0,0,0,0,"C",NA,NA,NA,NA,NA,NA,NA,NA,NA
"834",1997,"6","11","wheat",2.54,2.13106,NA,NA,NA,NA,NA,46.5423504,8.3963764,10.3782622,NA,NA,NA,"NP","N2 P",96,35,0,0,0,0,0,"C",NA,NA,NA,NA,NA,NA,NA,NA,NA
"869",1997,"7","11","wheat",5.22,4.39524,NA,NA,NA,NA,NA,NA,NA,NA,NA,NA,NA,"NP","N2 P",96,35,0,0,0,0,0,"C",NA,NA,NA,NA,NA,NA,NA,NA,NA
"907",1997,"8","11","wheat",1.53,1.27908,NA,NA,NA,NA,NA,NA,NA,NA,NA,NA,NA,"NP","N2 P",96,35,0,0,0,0,0,"C",NA,NA,NA,NA,NA,NA,NA,NA,NA
"954",1997,"9","11","wheat",2.66,2.23972,NA,NA,NA,NA,NA,47.59405,8.8020996,10.0563428,NA,NA,NA,"NP","N2 P",96,35,0,0,0,0,0,"C",NA,NA,NA,NA,NA,NA,NA,NA,NA
"1411",1997,"0","13","wheat",5.34,4.3254,NA,NA,NA,NA,NA,NA,NA,NA,NA,NA,NA,"NPK","N2 PK",96,35,90,0,0,0,0,"C",NA,NA,NA,NA,NA,NA,NA,NA,NA
"1460",1997,"1","13","wheat",5.29,4.31135,1.87,1.72227,85.9926629,16.2179821,26.3778575,78.294116,15.2190655,20.608253,7.6985469,0.9989166,5.7696045,"NPK","N2 PK",96,35,90,0,0,0,0,"C",NA,NA,NA,NA,NA,NA,NA,NA,NA
"1555",1997,"4","13","wheat",5.59,4.70119,NA,NA,NA,NA,NA,NA,NA,NA,NA,NA,NA,"NPK","N2 PK",96,35,90,0,0,0,0,"C",NA,NA,NA,NA,NA,NA,NA,NA,NA
"1587",1997,"5","13","wheat",8.46,7.1064,3.13,2.6292,155.262408,24.89928,41.619396,138.645864,22.953672,31.339224,16.616544,1.945608,10.280172,"NPK","N2 PK",96,35,90,0,0,0,0,"C",NA,NA,NA,NA,NA,NA,NA,NA,NA
"1626",1997,"6","13","wheat",5.07,4.28922,NA,NA,NA,NA,NA,84.283173,15.3982998,21.5747766,NA,NA,NA,"NPK","N2 PK",96,35,90,0,0,0,0,"C",NA,NA,NA,NA,NA,NA,NA,NA,NA
"1661",1997,"7","13","wheat",5.3,4.4732,NA,NA,NA,NA,NA,NA,NA,NA,NA,NA,NA,"NPK","N2 PK",96,35,90,0,0,0,0,"C",NA,NA,NA,NA,NA,NA,NA,NA,NA
"1699",1997,"8","13","wheat",3.96,3.35016,NA,NA,NA,NA,NA,NA,NA,NA,NA,NA,NA,"NPK","N2 PK",96,35,90,0,0,0,0,"C",NA,NA,NA,NA,NA,NA,NA,NA,NA
"1746",1997,"9","13","wheat",5.62,4.74328,NA,NA,NA,NA,NA,83.481728,17.1706736,23.6689672,NA,NA,NA,"NPK","N2 PK",96,35,90,0,0,0,0,"C",NA,NA,NA,NA,NA,NA,NA,NA,NA
"1807",1997,"0","14","wheat",5.34,4.34676,NA,NA,NA,NA,NA,NA,NA,NA,NA,NA,NA,"N4PKMg","N2 PKMg*",96,35,90,0,0,0,0,"C",NA,NA,NA,NA,NA,NA,NA,NA,NA
"1856",1997,"1","14","wheat",5.31,4.34358,1.63,1.49308,87.2121804,16.3929242,25.039296,80.2693584,15.3328374,20.0673396,6.942822,1.0600868,4.9719564,"N4PKMg","N2 PKMg*",96,35,90,0,0,0,0,"C",NA,NA,NA,NA,NA,NA,NA,NA,NA
"1951",1997,"4","14","wheat",5.39,4.54916,NA,NA,NA,NA,NA,NA,NA,NA,NA,NA,NA,"N4PKMg","N2 PKMg*",96,35,90,0,0,0,0,"C",NA,NA,NA,NA,NA,NA,NA,NA,NA
"1983",1997,"5","14","wheat",7.99,6.75155,3.3,2.8941,135.2267075,23.245004,38.4276945,121.1903225,21.334898,29.7743355,14.036385,1.910106,8.653359,"N4PKMg","N2 PKMg*",96,35,90,0,0,0,0,"C",NA,NA,NA,NA,NA,NA,NA,NA,NA
"2022",1997,"6","14","wheat",5.39,4.57611,NA,NA,NA,NA,NA,88.776534,16.473996,22.7432667,NA,NA,NA,"N4PKMg","N2 PKMg*",96,35,90,0,0,0,0,"C",NA,NA,NA,NA,NA,NA,NA,NA,NA
"2057",1997,"7","14","wheat",5.25,4.43625,NA,NA,NA,NA,NA,NA,NA,NA,NA,NA,NA,"N4PKMg","N2 PKMg*",96,35,90,0,0,0,0,"C",NA,NA,NA,NA,NA,NA,NA,NA,NA
"2095",1997,"8","14","wheat",4.19,3.53217,NA,NA,NA,NA,NA,NA,NA,NA,NA,NA,NA,"N4PKMg","N2 PKMg*",96,35,90,0,0,0,0,"C",NA,NA,NA,NA,NA,NA,NA,NA,NA
"2142",1997,"9","14","wheat",5.81,4.90945,NA,NA,NA,NA,NA,83.558839,17.281264,23.761738,NA,NA,NA,"N4PKMg","N2 PKMg*",96,35,90,0,0,0,0,"C",NA,NA,NA,NA,NA,NA,NA,NA,NA
"2599",1997,"0","16","wheat",8.28,6.7482,NA,NA,NA,NA,NA,NA,NA,NA,NA,NA,NA,"N5PKMg","N5 PKMg",240,35,90,0,0,0,0,"C",NA,NA,NA,NA,NA,NA,NA,NA,NA
"2648",1997,"1","16","wheat",8.46,6.87798,3.8,3.4618,201.8367484,27.7415256,45.0094676,164.9339604,24.2104896,30.4006716,36.902788,3.531036,14.608796,"N5PKMg","N5 PKMg",240,35,90,0,0,0,0,"C",NA,0.692627485714286,0.356234001111111,NA,NA,NA,NA,NA,NA
"2743",1997,"4","16","wheat",8.91,7.53786,NA,NA,NA,NA,NA,NA,NA,NA,NA,NA,NA,"N5PKMg","N5 PKMg",240,35,90,0,0,0,0,"C",NA,NA,NA,NA,NA,NA,NA,NA,NA
"2775",1997,"5","16","wheat",9.23,7.80858,4.19,3.45675,224.4644184,30.375978,47.4986457,181.3933134,26.158743,33.4988082,43.071105,4.217235,13.9998375,"N5PKMg","N5 PKMg",240,35,90,0,0,0,0,"C",NA,0.352010305714286,0.211606076666667,NA,NA,NA,NA,NA,NA
"2814",1997,"6","16","wheat",8.03,6.81747,2.85,2.56215,185.9436687,25.2551874,40.4751657,159.9378462,22.9748739,30.4059162,26.0058225,2.2803135,10.0692495,"N5PKMg","N5 PKMg",240,35,90,0,0,0,0,"C",NA,NA,NA,NA,NA,NA,NA,NA,NA
"2849",1997,"7","16","wheat",8.97,7.58862,NA,NA,NA,NA,NA,NA,NA,NA,NA,NA,NA,"N5PKMg","N5 PKMg",240,35,90,0,0,0,0,"C",NA,NA,NA,NA,NA,NA,NA,NA,NA
"2887",1997,"8","16","wheat",3.97,3.34671,NA,NA,NA,NA,NA,NA,NA,NA,NA,NA,NA,"N5PKMg","N5 PKMg",240,35,90,0,0,0,0,"C",NA,NA,NA,NA,NA,NA,NA,NA,NA
"2934",1997,"9","16","wheat",8.83,7.44369,3.16,2.43636,204.7095354,30.099831,52.4175657,178.2019386,27.541653,34.3154109,26.5075968,2.558178,18.1021548,"N5PKMg","N5 PKMg",240,35,90,0,0,0,0,"C",NA,NA,NA,NA,NA,NA,NA,NA,NA
"4183",1997,"0","20","wheat",2.1,1.7178,NA,NA,NA,NA,NA,NA,NA,NA,NA,NA,NA,"NKMg","N2 KMg",96,0,90,0,0,0,0,"C",NA,NA,NA,NA,NA,NA,NA,NA,NA
"4232",1997,"1","20","wheat",1.87,1.53153,1.08,0.972,42.5301129,3.4995636,10.9987812,36.6495129,3.2468436,6.1873812,5.8806,0.25272,4.8114,"NKMg","N2 KMg",96,0,90,0,0,0,0,"C",NA,NA,NA,NA,NA,NA,NA,NA,NA
"4669",1997,"0","22","wheat",4.3,3.483,NA,NA,NA,NA,NA,NA,NA,NA,NA,NA,NA,"FYM","FYM",0,0,0,35,322,37.78264,374.262,"C",NA,NA,NA,NA,NA,NA,NA,NA,NA
"4718",1997,"1","22","wheat",5.61,4.55532,3.53,3.21583,101.5876114,20.1295148,36.5271156,88.145442,16.399152,21.0911316,13.4421694,3.7303628,15.435984,"FYM","FYM",0,0,0,35,322,37.78264,374.262,"C",NA,NA,NA,0.263365666149068,0.183408380434783,0.123682845962733,NA,NA,NA
"4813",1997,"4","22","wheat",5.65,4.69515,NA,NA,NA,NA,NA,NA,NA,NA,NA,NA,NA,"FYM","FYM",0,0,0,35,322,37.78264,374.262,"C",NA,NA,NA,NA,NA,NA,NA,NA,NA
"4845",1997,"5","22","wheat",9.44,7.84464,5.33,4.08811,210.2501108,29.940081,54.4874204,175.0923648,24.7890624,32.0845776,35.157746,5.1510186,22.4028428,"FYM","FYM",0,0,0,35,322,37.78264,374.262,"C",NA,NA,NA,0.538638028571429,0.151560089130435,0.239231072670808,NA,NA,NA
"4884",1997,"6","22","wheat",5.73,4.79028,3.47,3.09524,103.2510916,19.9960832,38.0524208,89.81775,16.6222716,22.514316,13.4333416,3.3738116,15.5381048,"FYM","FYM",0,0,0,35,322,37.78264,374.262,"C",NA,NA,NA,0.271882627018634,NA,NA,NA,NA,NA
"4919",1997,"7","22","wheat",5.14,4.26106,NA,NA,NA,NA,NA,NA,NA,NA,NA,NA,NA,"FYM","FYM",0,0,0,35,322,37.78264,374.262,"C",NA,NA,NA,NA,NA,NA,NA,NA,NA
"4957",1997,"8","22","wheat",4.18,3.48612,NA,NA,NA,NA,NA,NA,NA,NA,NA,NA,NA,"FYM","FYM",0,0,0,35,322,37.78264,374.262,"C",NA,NA,NA,NA,NA,NA,NA,NA,NA
"5004",1997,"9","22","wheat",4.47,3.75033,2.67,2.30421,87.9753384,17.4170817,31.0519935,76.131699,14.5137771,17.9640807,11.8436394,2.9033046,13.0879128,"FYM","FYM",0,0,0,35,322,37.78264,374.262,"C",NA,NA,NA,0.226606996273292,NA,NA,NA,NA,NA
"5055",1997,"0","3","wheat",1.07,0.86456,NA,NA,NA,NA,NA,NA,NA,NA,NA,NA,NA,"Control","Nil",0,0,0,0,0,0,0,"C",NA,NA,NA,NA,NA,NA,NA,NA,NA
"5104",1997,"1","3","wheat",1.03,0.83533,0.49,0.44541,17.2007518,3.5010829,5.199324,15.5705512,3.2160205,3.7339251,1.6302006,0.2850624,1.4653989,"Control","Nil",0,0,0,0,0,0,0,"C",NA,NA,NA,NA,NA,NA,NA,NA,NA
"5199",1997,"4","3","wheat",0.71,0.59143,NA,NA,NA,NA,NA,NA,NA,NA,NA,NA,NA,"Control","Nil",0,0,0,0,0,0,0,"C",NA,NA,NA,NA,NA,NA,NA,NA,NA
"5231",1997,"5","3","wheat",4.52,3.76968,2.07,1.87749,67.7553264,10.6093707,20.151765,61.7473584,10.0273488,16.0588368,6.007968,0.5820219,4.0929282,"Control","Nil",0,0,0,0,0,0,0,"C",NA,NA,NA,NA,NA,NA,NA,NA,NA
"5270",1997,"6","3","wheat",0.91,0.75166,0.6,0.5286,15.7966922,3.3212322,5.175005,13.8831602,2.9089242,3.420053,1.913532,0.412308,1.754952,"Control","Nil",0,0,0,0,0,0,0,"C",NA,NA,NA,NA,NA,NA,NA,NA,NA
"5305",1997,"7","3","wheat",0.63,0.52416,NA,NA,NA,NA,NA,NA,NA,NA,NA,NA,NA,"Control","Nil",0,0,0,0,0,0,0,"C",NA,NA,NA,NA,NA,NA,NA,NA,NA
"5343",1997,"8","3","wheat",1.31,1.08992,NA,NA,NA,NA,NA,NA,NA,NA,NA,NA,NA,"Control","Nil",0,0,0,0,0,0,0,"C",NA,NA,NA,NA,NA,NA,NA,NA,NA
"5390",1997,"9","3","wheat",0.77,0.64295,0.15,0.13485,12.442765,2.4497595,3.120569,11.9910175,2.391774,2.8225505,0.4517475,0.0579855,0.2980185,"Control","Nil",0,0,0,0,0,0,0,"C",NA,NA,NA,NA,NA,NA,NA,NA,NA
"5451",1997,"0","5","wheat",0.96,0.7776,NA,NA,NA,NA,NA,NA,NA,NA,NA,NA,NA,"PKMg","PKMg",0,35,90,0,0,0,0,"C",NA,NA,NA,NA,NA,NA,NA,NA,NA
"5500",1997,"1","5","wheat",1.01,0.81911,0.69,0.62721,16.7838669,4.0440703,6.1859874,14.3753805,3.2600578,3.8088615,2.4084864,0.7840125,2.3771259,"PKMg","PKMg",0,35,90,0,0,0,0,"C",NA,NA,NA,NA,NA,NA,NA,NA,NA
"5595",1997,"4","5","wheat",0.67,0.55744,NA,NA,NA,NA,NA,NA,NA,NA,NA,NA,NA,"PKMg","PKMg",0,35,90,0,0,0,0,"C",NA,NA,NA,NA,NA,NA,NA,NA,NA
"5627",1997,"5","5","wheat",2.59,2.15488,1.54,1.36752,36.8086656,7.9780288,13.9669376,31.6120896,6.9387136,9.481472,5.196576,1.0393152,4.4854656,"PKMg","PKMg",0,35,90,0,0,0,0,"C",NA,NA,NA,NA,NA,NA,NA,NA,NA
"5666",1997,"6","5","wheat",0.99,0.82665,0.57,0.50901,15.7048857,3.6941772,5.2965933,13.88772,3.1495365,3.703392,1.8171657,0.5446407,1.5932013,"PKMg","PKMg",0,35,90,0,0,0,0,"C",NA,NA,NA,NA,NA,NA,NA,NA,NA
"5701",1997,"7","5","wheat",0.68,0.56236,NA,NA,NA,NA,NA,NA,NA,NA,NA,NA,NA,"PKMg","PKMg",0,35,90,0,0,0,0,"C",NA,NA,NA,NA,NA,NA,NA,NA,NA
"5739",1997,"8","5","wheat",2.17,1.81412,NA,NA,NA,NA,NA,NA,NA,NA,NA,NA,NA,"PKMg","PKMg",0,35,90,0,0,0,0,"C",NA,NA,NA,NA,NA,NA,NA,NA,NA
"5786",1997,"9","5","wheat",0.92,0.76084,0.37,0.31302,15.0078856,3.3549866,4.9438,13.542952,2.9824928,3.5226892,1.4649336,0.3724938,1.4211108,"PKMg","PKMg",0,35,90,0,0,0,0,"C",NA,NA,NA,NA,NA,NA,NA,NA,NA
"5847",1997,"0","6","wheat",2.77,2.26863,NA,NA,NA,NA,NA,NA,NA,NA,NA,NA,NA,"N1PKMg","N1 PKMg",48,35,90,0,0,0,0,"C",NA,NA,NA,NA,NA,NA,NA,NA,NA
"5896",1997,"1","6","wheat",2.95,2.41015,1.33,1.21961,46.8028539,9.6043157,16.177683,41.93661,8.6042355,11.665126,4.8662439,1.0000802,4.512557,"N1PKMg","N1 PKMg",48,35,90,0,0,0,0,"C",NA,NA,NA,NA,NA,NA,NA,NA,NA
"5991",1997,"4","6","wheat",3.05,2.55285,NA,NA,NA,NA,NA,NA,NA,NA,NA,NA,NA,"N1PKMg","N1 PKMg",48,35,90,0,0,0,0,"C",NA,NA,NA,NA,NA,NA,NA,NA,NA
"6023",1997,"5","6","wheat",6.17,5.13961,3.17,2.82764,91.7068667,17.6190616,33.0171645,80.5376887,16.0355832,23.4880177,11.169178,1.5834784,9.5291468,"N1PKMg","N1 PKMg",48,35,90,0,0,0,0,"C",NA,NA,NA,NA,NA,NA,NA,NA,NA
"6062",1997,"6","6","wheat",3.07,2.57266,1.36,1.18184,44.9700318,10.0603272,17.8500158,40.3135822,9.0557632,13.1462926,4.6564496,1.004564,4.7037232,"N1PKMg","N1 PKMg",48,35,90,0,0,0,0,"C",NA,NA,NA,NA,NA,NA,NA,NA,NA
"6097",1997,"7","6","wheat",2.65,2.2101,NA,NA,NA,NA,NA,NA,NA,NA,NA,NA,NA,"N1PKMg","N1 PKMg",48,35,90,0,0,0,0,"C",NA,NA,NA,NA,NA,NA,NA,NA,NA
"6135",1997,"8","6","wheat",2.47,2.06492,NA,NA,NA,NA,NA,NA,NA,NA,NA,NA,NA,"N1PKMg","N1 PKMg",48,35,90,0,0,0,0,"C",NA,NA,NA,NA,NA,NA,NA,NA,NA
"6182",1997,"9","6","wheat",3.11,2.59685,1.31,1.1528,47.326348,10.011337,17.122436,42.58834,9.192849,12.672628,4.738008,0.818488,4.449808,"N1PKMg","N1 PKMg",48,35,90,0,0,0,0,"C",NA,NA,NA,NA,NA,NA,NA,NA,NA
"6243",1997,"0","7","wheat",5.17,4.21872,NA,NA,NA,NA,NA,NA,NA,NA,NA,NA,NA,"N2PKMg","N2 PKMg",96,35,90,0,0,0,0,"C",NA,NA,NA,NA,NA,NA,NA,NA,NA
"6292",1997,"1","7","wheat",5.63,4.58845,2.26,2.07016,96.5095186,17.807472,29.4278417,85.620477,16.151344,21.5198305,10.8890416,1.656128,7.9080112,"N2PKMg","N2 PKMg",96,35,90,0,0,0,0,"C",0.830475538541667,NA,NA,NA,NA,NA,NA,NA,NA
"6387",1997,"4","7","wheat",5.76,4.79808,NA,NA,NA,NA,NA,NA,NA,NA,NA,NA,NA,"N2PKMg","N2 PKMg",96,35,90,0,0,0,0,"C",NA,NA,NA,NA,NA,NA,NA,NA,NA
"6419",1997,"5","7","wheat",8.62,7.20632,3.81,3.36423,148.4613099,25.2133312,42.8915795,131.875656,23.060224,31.4195552,16.5856539,2.1531072,11.4720243,"N2PKMg","N2 PKMg",96,35,90,0,0,0,0,"C",1.163048378125,NA,NA,NA,NA,NA,NA,NA,NA
"6458",1997,"6","7","wheat",5.11,4.30262,1.89,1.68777,86.4569979,16.4911593,28.0143423,78.6088674,15.3603534,21.6852048,7.8481305,1.1308059,6.3291375,"N2PKMg","N2 PKMg",96,35,90,0,0,0,0,"C",0.73700116875,NA,NA,NA,NA,NA,NA,NA,NA
"6493",1997,"7","7","wheat",4.95,4.16295,NA,NA,NA,NA,NA,NA,NA,NA,NA,NA,NA,"N2PKMg","N2 PKMg",96,35,90,0,0,0,0,"C",NA,NA,NA,NA,NA,NA,NA,NA,NA
"6531",1997,"8","7","wheat",3.77,3.18565,NA,NA,NA,NA,NA,NA,NA,NA,NA,NA,NA,"N2PKMg","N2 PKMg",96,35,90,0,0,0,0,"C",NA,NA,NA,NA,NA,NA,NA,NA,NA
"6578",1997,"9","7","wheat",5.17,4.35831,1.73,1.51721,85.8968544,17.1348384,27.9042666,78.8418279,15.9514146,21.4864683,7.0550265,1.1834238,6.4177983,"N2PKMg","N2 PKMg",96,35,90,0,0,0,0,"C",0.738426758333333,NA,NA,NA,NA,NA,NA,NA,NA
"586",1997,"3","1","maize",16.36,6.00412,NA,NA,68.446968,11.9481988,85.4986688,NA,NA,NA,NA,NA,NA,"FYM+NPK","FYM N4 PK",192,35,90,35,322,37.78264,374.262,"C",NA,NA,NA,NA,NA,NA,-0.181271477083333,-0.229939554285714,0.527180533333333
"26103",1997,"3","10","maize",5.77,1.8464,NA,NA,21.04896,2.86192,13.10944,NA,NA,NA,NA,NA,NA,"N","N2",96,0,0,0,0,0,0,"C",NA,NA,NA,NA,NA,NA,NA,NA,NA
"47102",1997,"3","11","maize",6.46,2.15118,NA,NA,25.6850892,5.8942332,9.6587982,NA,NA,NA,NA,NA,NA,"NP","N2 P",96,35,0,0,0,0,0,"C",NA,NA,NA,NA,NA,NA,NA,NA,NA
"8911",1997,"3","13","maize",15.52,5.94416,NA,NA,46.1861232,8.4407072,70.8543872,NA,NA,NA,NA,NA,NA,"NPK","N2 PK",96,35,90,0,0,0,0,"C",NA,NA,NA,NA,NA,NA,NA,NA,NA
"1104",1997,"3","14","maize",14.97,5.85327,NA,NA,43.7239269,10.3602879,62.9811852,NA,NA,NA,NA,NA,NA,"N4PKMg","N2 PKMg*",96,35,90,0,0,0,0,"C",NA,NA,NA,NA,NA,NA,NA,NA,NA
"15212",1997,"3","16","maize",18.72,7.28208,NA,NA,80.7582672,13.6903104,82.1418624,NA,NA,NA,NA,NA,NA,"N5PKMg","N5 PKMg",240,35,90,0,0,0,0,"C",NA,0.309382582857143,0.80536738,NA,NA,NA,NA,NA,NA
"25710",1997,"3","22","maize",17.53,6.55622,NA,NA,68.184688,13.768062,77.035585,NA,NA,NA,NA,NA,NA,"FYM","FYM",0,0,0,35,322,37.78264,374.262,"C",NA,NA,NA,0.18268551552795,0.146384248447205,0.131986331677019,NA,NA,NA
"27811",1997,"3","3","maize",3.64,1.15388,NA,NA,7.2809828,2.1462168,10.9849376,NA,NA,NA,NA,NA,NA,"Control","Nil",0,0,0,0,0,0,0,"C",NA,NA,NA,NA,NA,NA,NA,NA,NA
"2992",1997,"3","5","maize",4.8,1.5024,NA,NA,9.359952,3.53064,22.23552,NA,NA,NA,NA,NA,NA,"PKMg","PKMg",0,35,90,0,0,0,0,"C",NA,NA,NA,NA,NA,NA,NA,NA,NA
"3202",1997,"3","6","maize",11.85,4.27785,NA,NA,26.180442,7.1440095,56.553177,NA,NA,NA,NA,NA,NA,"N1PKMg","N1 PKMg",48,35,90,0,0,0,0,"C",NA,NA,NA,NA,NA,NA,NA,NA,NA
"3415",1997,"3","7","maize",14.86,5.82512,NA,NA,45.6106896,9.6696992,66.5811216,NA,NA,NA,NA,NA,NA,"N2PKMg","N2 PKMg",96,35,90,0,0,0,0,"C",0.37761185,NA,NA,NA,NA,NA,NA,NA,NA
"20100",1998,"7","1","oats",6.22,5.378434,5.22,3.1715154,93.64714021,24.566276092,113.901889076,84.92547286,18.2866756,25.92405188,8.72166735,6.279600492,87.977837196,"FYM+NPK","FYM N4 PK",192,35,90,35,283.5,37.49088,328.0452,"C",NA,NA,NA,NA,NA,NA,0.0587526596249999,0.0959529804285713,0.115597230811111
"4310",1998,"7","10","oats",2.62,2.2877578,1.2,0.845628,30.82588661,7.079732978,21.816293436,28.94013617,6.428599418,10.569441036,1.88575044,0.65113356,11.2468524,"N","N2",96,0,0,0,0,0,0,"C",NA,NA,NA,NA,NA,NA,NA,NA,NA
"6610",1998,"7","11","oats",2.28,1.999218,0.89,0.6317131,27.577370637,8.45978744,18.686453091,26.26972452,6.81733338,9.83615256,1.307646117,1.64245406,8.850300531,"NP","N2 P",96,35,0,0,0,0,0,"C",NA,NA,NA,NA,NA,NA,NA,NA,NA
"112",1998,"7","13","oats",2.12,1.8174548,0.83,0.5703428,25.872752588,7.322542556,19.702417772,24.481116156,6.124822676,9.105448548,1.391636432,1.19771988,10.596969224,"NPK","N2 PK",96,35,90,0,0,0,0,"C",NA,NA,NA,NA,NA,NA,NA,NA,NA
"1351",1998,"7","14","oats",1.66,1.414071,0.71,0.4723488,21.874495608,6.281272116,15.647762898,20.19293388,4.9492485,7.28246565,1.681561728,1.332023616,8.365297248,"N4PKMg","N2 PKMg*",96,35,90,0,0,0,0,"C",NA,NA,NA,NA,NA,NA,NA,NA,NA
"181",1998,"7","16","oats",5.14,4.3358984,4.65,3.0570495,55.699967966,16.636206464,77.15653606,48.301908176,13.701438944,21.02910724,7.39805979,2.93476752,56.12742882,"N5PKMg","N5 PKMg",240,35,90,0,0,0,0,"C",NA,0.2730420996,0.649667588544445,NA,NA,NA,NA,NA,NA
"296",1998,"7","22","oats",5.67,4.8845349,3.92,2.7195392,82.366629562,21.207921777,103.498138303,71.216518842,17.047026801,25.936880319,11.15011072,4.160894976,77.561257984,"FYM","FYM",0,0,0,35,283.5,37.49088,328.0452,"C",NA,NA,NA,0.209690477855379,0.181801562440917,0.193260172574956,NA,NA,NA
"319",1998,"7","3","oats",1.42,1.218928,0.52,0.3716388,17.392945928,4.606975432,11.438513832,16.55304224,4.03465168,5.96055792,0.839903688,0.572323752,5.477955912,"Control","Nil",0,0,0,0,0,0,0,"C",NA,NA,NA,NA,NA,NA,NA,NA,NA
"342",1998,"7","5","oats",1.86,1.601553,0.85,0.553146,22.91937909,7.10504001,19.17025128,21.50885679,5.58941997,8.007765,1.4105223,1.51562004,11.16248628,"PKMg","PKMg",0,35,90,0,0,0,0,"C",NA,NA,NA,NA,NA,NA,NA,NA,NA
"3651",1998,"7","6","oats",1.66,1.4161792,0.69,0.4698762,21.174005398,6.295970888,16.539569412,19.599920128,4.999112576,7.095057792,1.57408527,1.296858312,9.44451162,"N1PKMg","N1 PKMg",48,35,90,0,0,0,0,"C",NA,NA,NA,NA,NA,NA,NA,NA,NA
"3881",1998,"7","7","oats",1.79,1.5637082,0.6,0.406392,23.091475864,6.784387664,15.531156496,22.079559784,5.504252864,7.630896016,1.01191608,1.2801348,7.90026048,"N2PKMg","N2 PKMg",96,35,90,0,0,0,0,"C",0.00179267472916659,NA,NA,NA,NA,NA,NA,NA,NA
"49101",1998,"3","1","wheat",9.25,7.92725,8.84,6.85984,249.7575564,38.6204983,168.6331186,184.86347,27.5075575,36.306805,64.8940864,11.1129408,132.3263136,"FYM+NPK","FYM N4 PK",192,35,90,35,283.5,37.49088,328.0452,"C",NA,NA,NA,NA,NA,NA,NA,NA,NA
"7610",1998,"4","1","wheat",9.65,8.299,NA,NA,176.0573505005,33.0022428814349,125.959730393284,147.80519,28.46557,38.92231,28.2521605004999,4.53667288143491,87.0374203932843,"FYM+NPK","FYM N4 PK",192,35,90,35,283.5,37.49088,328.0452,"C",NA,NA,NA,NA,NA,NA,0.464689250523437,0.319516436612426,0.666175395480937
"1081",1998,"5","1","wheat",9.84,8.43288,NA,NA,NA,NA,NA,196.3174464,30.8643408,39.4658784,NA,NA,NA,"FYM+NPK","FYM N4 PK",192,35,90,35,283.5,37.49088,328.0452,"C",NA,NA,NA,NA,NA,NA,NA,NA,NA
"14710",1998,"6","1","wheat",7.23,6.2178,NA,NA,NA,NA,NA,145.309986,25.18209,34.322256,NA,NA,NA,"FYM+NPK","FYM N4 PK",192,35,90,35,283.5,37.49088,328.0452,"C",NA,NA,NA,NA,NA,NA,NA,NA,NA
"2241",1998,"0","10","wheat",3.22,2.70802,NA,NA,NA,NA,NA,45.7113776,5.7680826,12.4839722,NA,NA,NA,"N","N2",96,0,0,0,0,0,0,"C",NA,NA,NA,NA,NA,NA,NA,NA,NA
"273",1998,"1","10","wheat",3.24,2.71836,2.3,2.0838,52.2994764,6.0564564,22.6806048,45.7771824,5.6813724,12.1782528,6.522294,0.375084,10.502352,"N","N2",96,0,0,0,0,0,0,"C",NA,NA,NA,NA,NA,NA,NA,NA,NA
"3412",1998,"3","10","wheat",5.5,4.708,3.21,2.69319,73.8762454,14.0240727,34.7530971,66.71236,13.13532,21.04476,7.1638854,0.8887527,13.7083371,"N","N2",96,0,0,0,0,0,0,"C",NA,NA,NA,NA,NA,NA,NA,NA,NA
"3682",1998,"4","10","wheat",4.32,3.6936,NA,NA,54.4276514927627,8.46714552430155,18.5791058066678,53.815752,8.643024,17.027496,0.611899492762689,-0.17587847569845,1.55160980666776,"N","N2",96,0,0,0,0,0,0,"C",NA,NA,NA,NA,NA,NA,NA,NA,NA
"4001",1998,"5","10","wheat",1.22,1.04066,NA,NA,NA,NA,NA,18.4509018,2.8826282,5.5259046,NA,NA,NA,"N","N2",96,0,0,0,0,0,0,"C",NA,NA,NA,NA,NA,NA,NA,NA,NA
"4391",1998,"6","10","wheat",2.96,2.52784,NA,NA,NA,NA,NA,41.0268432,5.2831856,11.4258368,NA,NA,NA,"N","N2",96,0,0,0,0,0,0,"C",NA,NA,NA,NA,NA,NA,NA,NA,NA
"512",1998,"8","10","wheat",1.09,0.9156,NA,NA,NA,NA,NA,14.347452,2.032632,4.001172,NA,NA,NA,"N","N2",96,0,0,0,0,0,0,"C",NA,NA,NA,NA,NA,NA,NA,NA,NA
"559",1998,"9","10","wheat",2.81,2.42503,NA,NA,NA,NA,NA,40.3524992,5.4805678,10.9853859,NA,NA,NA,"N","N2",96,0,0,0,0,0,0,"C",NA,NA,NA,NA,NA,NA,NA,NA,NA
"620",1998,"0","11","wheat",4.38,3.69234,NA,NA,NA,NA,NA,58.2651252,11.9631816,16.7263002,NA,NA,NA,"NP","N2 P",96,35,0,0,0,0,0,"C",NA,NA,NA,NA,NA,NA,NA,NA,NA
"669",1998,"1","11","wheat",4.76,4.00792,3.03,2.76033,76.3390729,17.5673337,28.1482722,64.6076704,14.6689872,18.1558776,11.7314025,2.8983465,9.9923946,"NP","N2 P",96,35,0,0,0,0,0,"C",NA,NA,NA,NA,NA,NA,NA,NA,NA
"737",1998,"3","11","wheat",5.5,4.7245,2.7,2.3949,74.952967,17.48478,30.221747,66.379225,15.449115,20.929535,8.573742,2.035665,9.292212,"NP","N2 P",96,35,0,0,0,0,0,"C",NA,NA,NA,NA,NA,NA,NA,NA,NA
"764",1998,"4","11","wheat",4.1,3.5055,NA,NA,51.1286037044732,12.4486504790459,17.8596054399416,46.9737,11.743425,16.651125,4.15490370447321,0.705225479045893,1.20848043994158,"NP","N2 P",96,35,0,0,0,0,0,"C",NA,NA,NA,NA,NA,NA,NA,NA,NA
"796",1998,"5","11","wheat",3.67,3.14152,NA,NA,NA,NA,NA,42.5361808,10.20994,15.4876936,NA,NA,NA,"NP","N2 P",96,35,0,0,0,0,0,"C",NA,NA,NA,NA,NA,NA,NA,NA,NA
"835",1998,"6","11","wheat",3.95,3.397,NA,NA,NA,NA,NA,54.82758,11.68568,15.2865,NA,NA,NA,"NP","N2 P",96,35,0,0,0,0,0,"C",NA,NA,NA,NA,NA,NA,NA,NA,NA
"908",1998,"8","11","wheat",2.28,1.9494,NA,NA,NA,NA,NA,28.539216,6.8229,8.791794,NA,NA,NA,"NP","N2 P",96,35,0,0,0,0,0,"C",NA,NA,NA,NA,NA,NA,NA,NA,NA
"955",1998,"9","11","wheat",3.36,2.8896,NA,NA,NA,NA,NA,47.418336,10.431456,13.118784,NA,NA,NA,"NP","N2 P",96,35,0,0,0,0,0,"C",NA,NA,NA,NA,NA,NA,NA,NA,NA
"1412",1998,"0","13","wheat",4.42,3.70838,NA,NA,NA,NA,NA,54.9211078,11.9038998,19.3206598,NA,NA,NA,"NPK","N2 PK",96,35,90,0,0,0,0,"C",NA,NA,NA,NA,NA,NA,NA,NA,NA
"1461",1998,"1","13","wheat",4.02,3.37278,3.12,2.81112,56.6865804,13.1091912,42.473175,48.3656652,11.1976296,17.032539,8.3209152,1.9115616,25.440636,"NPK","N2 PK",96,35,90,0,0,0,0,"C",NA,NA,NA,NA,NA,NA,NA,NA,NA
"1529",1998,"3","13","wheat",5.54,4.77548,3.71,2.87154,74.7731196,17.683641,45.6545996,66.617946,15.4725552,23.2565876,8.1551736,2.2110858,22.398012,"NPK","N2 PK",96,35,90,0,0,0,0,"C",NA,NA,NA,NA,NA,NA,NA,NA,NA
"1556",1998,"4","13","wheat",3.62,3.10596,NA,NA,41.2411816449542,9.92207867554649,22.7049396317194,41.0607912,9.7216548,16.2441708,0.180390444954242,0.200423875546491,6.46076883171941,"NPK","N2 PK",96,35,90,0,0,0,0,"C",NA,NA,NA,NA,NA,NA,NA,NA,NA
"1588",1998,"5","13","wheat",2.92,2.50828,NA,NA,NA,NA,NA,33.2096272,7.901082,13.8206228,NA,NA,NA,"NPK","N2 PK",96,35,90,0,0,0,0,"C",NA,NA,NA,NA,NA,NA,NA,NA,NA
"1627",1998,"6","13","wheat",3.34,2.86906,NA,NA,NA,NA,NA,40.3389836,9.5252792,15.2920898,NA,NA,NA,"NPK","N2 PK",96,35,90,0,0,0,0,"C",NA,NA,NA,NA,NA,NA,NA,NA,NA
"1700",1998,"8","13","wheat",2.89,2.50563,NA,NA,NA,NA,NA,39.4636725,8.9200428,13.0543323,NA,NA,NA,"NPK","N2 PK",96,35,90,0,0,0,0,"C",NA,NA,NA,NA,NA,NA,NA,NA,NA
"1747",1998,"9","13","wheat",4.46,3.8356,NA,NA,NA,NA,NA,53.966892,12.388988,19.062932,NA,NA,NA,"NPK","N2 PK",96,35,90,0,0,0,0,"C",NA,NA,NA,NA,NA,NA,NA,NA,NA
"1808",1998,"0","14","wheat",4.94,4.15948,NA,NA,NA,NA,NA,59.9797016,13.4767152,21.1717532,NA,NA,NA,"N4PKMg","N2 PKMg*",96,35,90,0,0,0,0,"C",NA,NA,NA,NA,NA,NA,NA,NA,NA
"1857",1998,"1","14","wheat",5.25,4.41525,4.38,4.01208,75.5761116,17.4870483,56.2708743,64.46265,14.4378675,21.3256575,11.1134616,3.0491808,34.9452168,"N4PKMg","N2 PKMg*",96,35,90,0,0,0,0,"C",NA,NA,NA,NA,NA,NA,NA,NA,NA
"1925",1998,"3","14","wheat",5.73,4.9278,3.82,3.00252,74.4565368,17.6974488,44.9050932,66.229632,15.325458,23.40705,8.2269048,2.3719908,21.4980432,"N4PKMg","N2 PKMg*",96,35,90,0,0,0,0,"C",NA,NA,NA,NA,NA,NA,NA,NA,NA
"1952",1998,"4","14","wheat",4.25,3.65075,NA,NA,46.8748618954682,11.7344392991162,21.3629027390898,47.094675,11.53637,18.764855,-0.219813104531795,0.198069299116241,2.59804773908979,"N4PKMg","N2 PKMg*",96,35,90,0,0,0,0,"C",NA,NA,NA,NA,NA,NA,NA,NA,NA
"1984",1998,"5","14","wheat",3.7,3.182,NA,NA,NA,NA,NA,41.74784,10.59606,18.04194,NA,NA,NA,"N4PKMg","N2 PKMg*",96,35,90,0,0,0,0,"C",NA,NA,NA,NA,NA,NA,NA,NA,NA
"2023",1998,"6","14","wheat",3.9,3.3462,NA,NA,NA,NA,NA,45.976788,11.20977,17.467164,NA,NA,NA,"N4PKMg","N2 PKMg*",96,35,90,0,0,0,0,"C",NA,NA,NA,NA,NA,NA,NA,NA,NA
"2096",1998,"8","14","wheat",2.71,2.34957,NA,NA,NA,NA,NA,41.6108847,8.1999993,11.74785,NA,NA,NA,"N4PKMg","N2 PKMg*",96,35,90,0,0,0,0,"C",NA,NA,NA,NA,NA,NA,NA,NA,NA
"2143",1998,"9","14","wheat",4.61,3.97843,NA,NA,NA,NA,NA,57.2496077,13.1686033,19.9717186,NA,NA,NA,"N4PKMg","N2 PKMg*",96,35,90,0,0,0,0,"C",NA,NA,NA,NA,NA,NA,NA,NA,NA
"2600",1998,"0","16","wheat",7.98,6.79896,NA,NA,NA,NA,NA,155.2202568,20.6688384,29.6434656,NA,NA,NA,"N5PKMg","N5 PKMg",240,35,90,0,0,0,0,"C",NA,NA,NA,NA,NA,NA,NA,NA,NA
"2649",1998,"1","16","wheat",8.57,7.2845,6.19,5.3853,205.387306,27.938635,97.147331,162.73573,23.091865,32.416025,42.651576,4.84677,64.731306,"N5PKMg","N5 PKMg",240,35,90,0,0,0,0,"C",NA,0.669395917142857,0.766656208888889,NA,NA,NA,NA,NA,NA
"2717",1998,"3","16","wheat",9.35,8.0597,6.93,5.28066,201.4936616,31.2829264,103.4525646,164.740268,25.79104,35.543277,36.7533936,5.4918864,67.9092876,"N5PKMg","N5 PKMg",240,35,90,0,0,0,0,"C",NA,0.493110105714286,0.813675751111111,NA,NA,NA,NA,NA,NA
"2744",1998,"4","16","wheat",8.86,7.72592,NA,NA,201.589718514704,28.4720716128537,82.3631840489714,173.3696448,25.5727952,34.76664,28.2200737147041,2.89927641285369,47.5965440489714,"N5PKMg","N5 PKMg",240,35,90,0,0,0,0,"C",NA,0.571569316815776,0.71670642898922,NA,NA,NA,NA,NA,NA
"2776",1998,"5","16","wheat",8.6,7.482,NA,NA,NA,NA,NA,166.1004,24.54096,34.56684,NA,NA,NA,"N5PKMg","N5 PKMg",240,35,90,0,0,0,0,"C",NA,NA,NA,NA,NA,NA,NA,NA,NA
"2815",1998,"6","16","wheat",6.91,6.05316,4.88,4.45544,178.2842888,24.720926,101.0181872,139.3437432,20.3991492,30.2658,38.9405456,4.3217768,70.7523872,"N5PKMg","N5 PKMg",240,35,90,0,0,0,0,"C",NA,NA,NA,NA,NA,NA,NA,NA,NA
"2888",1998,"8","16","wheat",2.75,2.3595,NA,NA,NA,NA,NA,59.03469,8.35263,10.924485,NA,NA,NA,"N5PKMg","N5 PKMg",240,35,90,0,0,0,0,"C",NA,NA,NA,NA,NA,NA,NA,NA,NA
"2935",1998,"9","16","wheat",8.39,7.34125,5.75,4.623,201.5228425,29.284045,110.910955,166.5729625,25.400725,35.972125,34.94988,3.88332,74.93883,"N5PKMg","N5 PKMg",240,35,90,0,0,0,0,"C",NA,NA,NA,NA,NA,NA,NA,NA,NA
"4184",1998,"0","20","wheat",3.06,2.57958,NA,NA,NA,NA,NA,43.465923,5.1849558,11.9434554,NA,NA,NA,"NKMg","N2 KMg",96,0,90,0,0,0,0,"C",NA,NA,NA,NA,NA,NA,NA,NA,NA
"4233",1998,"1","20","wheat",2.68,2.25388,2.25,2.02725,45.1906038,4.5097779,28.6690103,38.3384988,4.1246004,9.7142228,6.852105,0.3851775,18.9547875,"NKMg","N2 KMg",96,0,90,0,0,0,0,"C",NA,NA,NA,NA,NA,NA,NA,NA,NA
"4670",1998,"0","22","wheat",3.88,3.27472,NA,NA,NA,NA,NA,54.5895824,11.46152,17.356016,NA,NA,NA,"FYM","FYM",0,0,0,35,283.5,37.49088,328.0452,"C",NA,NA,NA,NA,NA,NA,NA,NA,NA
"4719",1998,"1","22","wheat",5.53,4.65626,3.7,3.3189,86.8370144,21.8191676,66.0039448,76.3161014,16.1106596,24.1194268,10.520913,5.708508,41.884518,"FYM","FYM",0,0,0,35,283.5,37.49088,328.0452,"C",NA,NA,NA,0.2399783329806,0.146900919223986,0.0370297760141094,NA,NA,NA
"4787",1998,"3","22","wheat",7.8,6.6846,5.54,4.5982,134.83306,30.051134,93.65679,118.785342,23.06187,30.615468,16.047718,6.989264,63.041322,"FYM","FYM",0,0,0,35,283.5,37.49088,328.0452,"C",NA,NA,NA,0.398540945326279,0.215015219047619,0.211217259259259,NA,NA,NA
"4814",1998,"4","22","wheat",4.35,3.69315,NA,NA,92.6505471593733,16.0896311982119,47.8607981038063,80.584533,12.8152305,17.210079,12.0660141593733,3.27440069821192,30.6507191038063,"FYM","FYM",0,0,0,35,283.5,37.49088,328.0452,"C",NA,NA,NA,0.280375707527685,0.134825028806386,0.146461881675132,NA,NA,NA
"4846",1998,"5","22","wheat",5.41,4.60391,NA,NA,NA,NA,NA,74.4452247,16.0216068,23.3878628,NA,NA,NA,"FYM","FYM",0,0,0,35,283.5,37.49088,328.0452,"C",NA,NA,NA,NA,NA,NA,NA,NA,NA
"4885",1998,"6","22","wheat",5.09,4.34686,3.77,3.33268,84.9567786,20.495589,65.5720852,73.5923398,14.996667,21.6473628,11.3644388,5.498922,43.9247224,"FYM","FYM",0,0,0,35,283.5,37.49088,328.0452,"C",NA,NA,NA,0.251950364021164,NA,NA,NA,NA,NA
"4958",1998,"8","22","wheat",1.74,1.53816,NA,NA,NA,NA,NA,34.1010072,5.8911528,8.0599584,NA,NA,NA,"FYM","FYM",0,0,0,35,283.5,37.49088,328.0452,"C",NA,NA,NA,NA,NA,NA,NA,NA,NA
"5005",1998,"9","22","wheat",4.65,3.99435,3.19,2.78487,78.8746071,19.8875019,61.9430934,69.4617465,14.8190385,20.8105635,9.4128606,5.0684634,41.1325299,"FYM","FYM",0,0,0,35,283.5,37.49088,328.0452,"C",NA,NA,NA,0.223537870899471,NA,NA,NA,NA,NA
"5056",1998,"0","3","wheat",1.65,1.37445,NA,NA,NA,NA,NA,19.2560445,4.7143635,6.8859945,NA,NA,NA,"Control","Nil",0,0,0,0,0,0,0,"C",NA,NA,NA,NA,NA,NA,NA,NA,NA
"5105",1998,"1","3","wheat",1.64,1.36284,1.32,1.18932,23.9614308,5.7283368,18.9417936,19.216044,4.8244536,6.7869432,4.7453868,0.9038832,12.1548504,"Control","Nil",0,0,0,0,0,0,0,"C",NA,NA,NA,NA,NA,NA,NA,NA,NA
"5173",1998,"3","3","wheat",1.42,1.18854,0.57,0.48792,19.2359394,4.813329,8.9798052,18.006381,4.2668586,5.3008884,1.2295584,0.5464704,3.6789168,"Control","Nil",0,0,0,0,0,0,0,"C",NA,NA,NA,NA,NA,NA,NA,NA,NA
"5200",1998,"4","3","wheat",1.22,1.03212,NA,NA,17.3809905492947,4.05746220071041,7.02083113980845,15.8223996,3.7053108,4.90257,1.55859094929474,0.352151400710415,2.11826113980845,"Control","Nil",0,0,0,0,0,0,0,"C",NA,NA,NA,NA,NA,NA,NA,NA,NA
"5232",1998,"5","3","wheat",1.08,0.91044,NA,NA,NA,NA,NA,12.2818356,3.0590784,4.4429472,NA,NA,NA,"Control","Nil",0,0,0,0,0,0,0,"C",NA,NA,NA,NA,NA,NA,NA,NA,NA
"5271",1998,"6","3","wheat",1.41,1.18017,0.63,0.56322,18.7924725,4.4333811,10.5626997,17.1478701,3.9771729,5.8654449,1.6446024,0.4562082,4.6972548,"Control","Nil",0,0,0,0,0,0,0,"C",NA,NA,NA,NA,NA,NA,NA,NA,NA
"5344",1998,"8","3","wheat",1.33,1.10922,NA,NA,NA,NA,NA,15.140853,3.3498444,5.4795468,NA,NA,NA,"Control","Nil",0,0,0,0,0,0,0,"C",NA,NA,NA,NA,NA,NA,NA,NA,NA
"5391",1998,"9","3","wheat",1.28,1.08672,0.37,0.32967,18.2632188,3.8524779,8.2223619,17.3005824,3.6513792,5.3575296,0.9626364,0.2010987,2.8648323,"Control","Nil",0,0,0,0,0,0,0,"C",NA,NA,NA,NA,NA,NA,NA,NA,NA
"5452",1998,"0","5","wheat",1.2,0.9936,NA,NA,NA,NA,NA,13.135392,3.358368,5.186592,NA,NA,NA,"PKMg","PKMg",0,35,90,0,0,0,0,"C",NA,NA,NA,NA,NA,NA,NA,NA,NA
"5501",1998,"1","5","wheat",1.5,1.242,0.93,0.84165,18.803157,5.3505195,14.137023,16.29504,4.48362,6.54534,2.508117,0.8668995,7.591683,"PKMg","PKMg",0,35,90,0,0,0,0,"C",NA,NA,NA,NA,NA,NA,NA,NA,NA
"5569",1998,"3","5","wheat",1.61,1.3524,0.6,0.5226,21.846702,5.545266,11.190684,20.461812,4.787496,6.058752,1.38489,0.75777,5.131932,"PKMg","PKMg",0,35,90,0,0,0,0,"C",NA,NA,NA,NA,NA,NA,NA,NA,NA
"5596",1998,"4","5","wheat",1.08,0.91044,NA,NA,13.1640340752746,3.58255971433684,5.60476586554633,13.1922756,3.1683312,4.643244,-0.0282415247253738,0.414228514336845,0.961521865546331,"PKMg","PKMg",0,35,90,0,0,0,0,"C",NA,NA,NA,NA,NA,NA,NA,NA,NA
"5628",1998,"5","5","wheat",0.81,0.67311,NA,NA,NA,NA,NA,9.4033467,2.4703137,3.500172,NA,NA,NA,"PKMg","PKMg",0,35,90,0,0,0,0,"C",NA,NA,NA,NA,NA,NA,NA,NA,NA
"5667",1998,"6","5","wheat",1.1,0.9009,0.39,0.34632,13.5288504,3.5784216,8.2213794,12.396384,3.135132,4.837833,1.1324664,0.4432896,3.3835464,"PKMg","PKMg",0,35,90,0,0,0,0,"C",NA,NA,NA,NA,NA,NA,NA,NA,NA
"5740",1998,"8","5","wheat",0.73,0.61977,NA,NA,NA,NA,NA,11.8066185,2.355126,3.2104086,NA,NA,NA,"PKMg","PKMg",0,35,90,0,0,0,0,"C",NA,NA,NA,NA,NA,NA,NA,NA,NA
"5787",1998,"9","5","wheat",1.19,1.01031,0.53,0.47382,15.5016207,4.0158966,10.1032974,14.2554741,3.5562912,5.2940244,1.2461466,0.4596054,4.809273,"PKMg","PKMg",0,35,90,0,0,0,0,"C",NA,NA,NA,NA,NA,NA,NA,NA,NA
"5848",1998,"0","6","wheat",2.9,2.4302,NA,NA,NA,NA,NA,31.495392,8.14117,13.074476,NA,NA,NA,"N1PKMg","N1 PKMg",48,35,90,0,0,0,0,"C",NA,NA,NA,NA,NA,NA,NA,NA,NA
"5897",1998,"1","6","wheat",3.15,2.6271,2.61,2.36466,41.7086334,11.0419362,36.8319636,34.756533,8.984682,13.634649,6.9521004,2.0572542,23.1973146,"N1PKMg","N1 PKMg",48,35,90,0,0,0,0,"C",NA,NA,NA,NA,NA,NA,NA,NA,NA
"5965",1998,"3","6","wheat",3.93,3.34836,2.86,2.37952,48.7875796,13.3339272,35.9472416,42.6246228,11.049588,16.3399968,6.1629568,2.2843392,19.6072448,"N1PKMg","N1 PKMg",48,35,90,0,0,0,0,"C",NA,NA,NA,NA,NA,NA,NA,NA,NA
"5992",1998,"4","6","wheat",2.99,2.54449,NA,NA,38.0972099413658,9.63393265920566,21.7287311569335,34.605064,8.7276007,13.1295684,3.49214594136583,0.906331959205659,8.59916275693354,"N1PKMg","N1 PKMg",48,35,90,0,0,0,0,"C",NA,NA,NA,NA,NA,NA,NA,NA,NA
"6024",1998,"5","6","wheat",2.21,1.87408,NA,NA,NA,NA,NA,23.9694832,6.4093536,9.8951424,NA,NA,NA,"N1PKMg","N1 PKMg",48,35,90,0,0,0,0,"C",NA,NA,NA,NA,NA,NA,NA,NA,NA
"6063",1998,"6","6","wheat",2.54,2.14884,1.95,1.72575,32.1477534,8.8983108,27.3305511,27.4191984,7.2415908,11.3673636,4.728555,1.65672,15.9631875,"N1PKMg","N1 PKMg",48,35,90,0,0,0,0,"C",NA,NA,NA,NA,NA,NA,NA,NA,NA
"6136",1998,"8","6","wheat",1.38,1.20612,NA,NA,NA,NA,NA,25.449132,4.764174,6.8628228,NA,NA,NA,"N1PKMg","N1 PKMg",48,35,90,0,0,0,0,"C",NA,NA,NA,NA,NA,NA,NA,NA,NA
"6183",1998,"9","6","wheat",2.34,1.99134,1.97,1.74739,30.8642472,8.2156133,26.2355088,26.1462942,6.870123,10.6138422,4.717953,1.3454903,15.6216666,"N1PKMg","N1 PKMg",48,35,90,0,0,0,0,"C",NA,NA,NA,NA,NA,NA,NA,NA,NA
"6244",1998,"0","7","wheat",4.03,3.38117,NA,NA,NA,NA,NA,46.6263343,11.4621663,18.4611882,NA,NA,NA,"N2PKMg","N2 PKMg",96,35,90,0,0,0,0,"C",NA,NA,NA,NA,NA,NA,NA,NA,NA
"6293",1998,"1","7","wheat",4.49,3.74466,3.99,3.61893,64.3255056,16.4794587,56.7635559,53.3239584,13.3309896,19.9590378,11.0015472,3.1484691,36.8045181,"N2PKMg","N2 PKMg",96,35,90,0,0,0,0,"C",0.47419113125,NA,NA,NA,NA,NA,NA,NA,NA
"6361",1998,"3","7","wheat",6.41,5.48696,4.24,3.45984,84.4688728,20.2391152,55.1470528,74.6775256,17.2290544,26.7763648,9.7913472,3.0100608,28.370688,"N2PKMg","N2 PKMg",96,35,90,0,0,0,0,"C",0.652314279166667,NA,NA,NA,NA,NA,NA,NA,NA
"6388",1998,"4","7","wheat",4.75,4.05175,NA,NA,61.4664728788097,14.9869979326327,37.1497879204971,55.346905,13.8164675,21.23117,6.11956787880973,1.17053043263266,15.9186179204971,"N2PKMg","N2 PKMg",96,35,90,0,0,0,0,"C",0.503150404203491,NA,NA,NA,NA,NA,NA,NA,NA
"6420",1998,"5","7","wheat",3.89,3.3065,NA,NA,NA,NA,NA,42.422395,10.217085,16.59863,NA,NA,NA,"N2PKMg","N2 PKMg",96,35,90,0,0,0,0,"C",NA,NA,NA,NA,NA,NA,NA,NA,NA
"6459",1998,"6","7","wheat",3.65,3.066,3.08,2.73504,49.0052136,12.2685528,41.5149504,41.2377,10.02582,16.18848,7.7675136,2.2427328,25.3264704,"N2PKMg","N2 PKMg",96,35,90,0,0,0,0,"C",0.36954545,NA,NA,NA,NA,NA,NA,NA,NA
"6532",1998,"8","7","wheat",2.06,1.7922,NA,NA,NA,NA,NA,31.883238,6.828282,9.301518,NA,NA,NA,"N2PKMg","N2 PKMg",96,35,90,0,0,0,0,"C",NA,NA,NA,NA,NA,NA,NA,NA,NA
"6579",1998,"9","7","wheat",3.77,3.22712,3.24,2.89656,51.8535872,13.170288,42.5205744,43.5983912,10.9399368,17.5232616,8.255196,2.2303512,24.9973128,"N2PKMg","N2 PKMg",96,35,90,0,0,0,0,"C",0.378666317708333,NA,NA,NA,NA,NA,NA,NA,NA
"1103",1998,"2","1","maize",15.38,3.98342,NA,NA,46.4865114,7.96684,65.925601,NA,NA,NA,NA,NA,NA,"FYM+NPK","FYM N4 PK",192,35,90,35,283.5,37.49088,328.0452,"C",NA,NA,NA,NA,NA,NA,NA,NA,NA
"2214",1998,"2","10","maize",7.22,1.70392,NA,NA,21.1797256,2.9477816,10.6665392,NA,NA,NA,NA,NA,NA,"N","N2",96,0,0,0,0,0,0,"C",NA,NA,NA,NA,NA,NA,NA,NA,NA
"4313",1998,"2","11","maize",3.86,0.8299,NA,NA,10.157976,2.058152,4.116304,NA,NA,NA,NA,NA,NA,"NP","N2 P",96,35,0,0,0,0,0,"C",NA,NA,NA,NA,NA,NA,NA,NA,NA
"8512",1998,"2","13","maize",10.46,2.49994,NA,NA,21.9744726,4.374895,37.749094,NA,NA,NA,NA,NA,NA,"NPK","N2 PK",96,35,90,0,0,0,0,"C",NA,NA,NA,NA,NA,NA,NA,NA,NA
"1062",1998,"2","14","maize",8.22,1.70154,NA,NA,14.5992132,3.1138182,24.927561,NA,NA,NA,NA,NA,NA,"N4PKMg","N2 PKMg*",96,35,90,0,0,0,0,"C",NA,NA,NA,NA,NA,NA,NA,NA,NA
"14812",1998,"2","16","maize",11.13,2.24826,NA,NA,33.3192132,5.8005108,32.3524614,NA,NA,NA,NA,NA,NA,"N5PKMg","N5 PKMg",240,35,90,0,0,0,0,"C",NA,0.0815065485714286,0.313735082222222,NA,NA,NA,NA,NA,NA
"2531",1998,"2","22","maize",14.91,4.50282,NA,NA,41.651085,11.3921346,56.1051372,NA,NA,NA,NA,NA,NA,"FYM","FYM",0,0,0,35,283.5,37.49088,328.0452,"C",NA,NA,NA,0.116957923809524,0.0722093805996473,0.111086804232804,NA,NA,NA
"27410",1998,"2","3","maize",3.08,0.73612,NA,NA,4.4829708,1.3102936,7.9721796,NA,NA,NA,NA,NA,NA,"Control","Nil",0,0,0,0,0,0,0,"C",NA,NA,NA,NA,NA,NA,NA,NA,NA
"29510",1998,"2","5","maize",4.29,1.15401,NA,NA,8.4935136,2.7003834,17.9102352,NA,NA,NA,NA,NA,NA,"PKMg","PKMg",0,35,90,0,0,0,0,"C",NA,NA,NA,NA,NA,NA,NA,NA,NA
"3162",1998,"2","6","maize",9.52,2.62752,NA,NA,18.0247872,4.6507104,36.8641056,NA,NA,NA,NA,NA,NA,"N1PKMg","N1 PKMg",48,35,90,0,0,0,0,"C",NA,NA,NA,NA,NA,NA,NA,NA,NA
"3372",1998,"2","7","maize",13.53,3.85605,NA,NA,33.16203,7.172253,51.8638725,NA,NA,NA,NA,NA,NA,"N2PKMg","N2 PKMg",96,35,90,0,0,0,0,"C",0.2569637125,NA,NA,NA,NA,NA,NA,NA,NA
"1110",1999,"4","1","oats",3.05,2.480931,1.69,1.3434317,44.979974446,10.091705039,41.739116047,40.4391753,8.38554678,16.20047943,4.540799146,1.706158259,25.538636617,"FYM+NPK","FYM N4 PK",192,35,90,35,294,44.19856,361.1748,"C",NA,NA,NA,NA,NA,NA,0.0122750898020832,-0.0277260200857144,0.0435925454444444
"3410",1999,"4","10","oats",1.33,1.1449704,0.41,0.3383771,16.541125967,3.687907036,9.823539124,15.766242408,3.457810608,7.075917072,0.774883559,0.230096428,2.747622052,"N","N2",96,0,0,0,0,0,0,"C",NA,NA,NA,NA,NA,NA,NA,NA,NA
"57100",1999,"4","11","oats",1.15,0.976304,0.42,0.3501708,14.192329508,3.680526948,8.971723628,13.45346912,3.2218032,6.30692384,0.738860388,0.458723748,2.664799788,"NP","N2 P",96,35,0,0,0,0,0,"C",NA,NA,NA,NA,NA,NA,NA,NA,NA
"103",1999,"4","13","oats",0.68,0.549134,0.21,0.1671789,9.764707437,2.071977571,5.402174785,9.27487326,1.8395989,3.42110482,0.489834177,0.232378671,1.981069965,"NPK","N2 PK",96,35,90,0,0,0,0,"C",NA,NA,NA,NA,NA,NA,NA,NA,NA
"1261",1999,"4","14","oats",0.93,0.7628883,0.33,0.2706891,12.152290185,2.840878848,7.800997224,11.573015511,2.456500326,4.707020811,0.579274674,0.384378522,3.093976413,"N4PKMg","N2 PKMg*",96,35,90,0,0,0,0,"C",NA,NA,NA,NA,NA,NA,NA,NA,NA
"17210",1999,"4","16","oats",1.43,1.1939499,0.54,0.4376538,19.286706204,4.694066019,12.600204138,18.052522488,4.190764149,7.330852386,1.234183716,0.50330187,5.269351752,"N5PKMg","N5 PKMg",240,35,90,0,0,0,0,"C",NA,0.0287473995142857,0.0403164501111111,NA,NA,NA,NA,NA,NA
"287",1999,"4","22","oats",3.33,2.8600704,1.47,1.2118533,42.623157204,11.062115742,37.815786957,38.696752512,9.43823232,18.704860416,3.926404692,1.623883422,19.110926541,"FYM","FYM",0,0,0,35,294,44.19856,361.1748,"C",NA,NA,NA,0.0947787891836735,0.088714391962585,0.0967034955646259,NA,NA,NA
"310",1999,"4","3","oats",1.06,0.8939616,0.33,0.2775465,14.515707087,3.129897225,8.506566894,13.918982112,2.86067712,6.025301184,0.596724975,0.269220105,2.48126571,"Control","Nil",0,0,0,0,0,0,0,"C",NA,NA,NA,NA,NA,NA,NA,NA,NA
"333",1999,"4","5","oats",1.16,0.9754208,0.44,0.3590356,14.758193184,3.63991446,10.834093284,13.724170656,3.140854976,6.076871584,1.034022528,0.499059484,4.7572217,"PKMg","PKMg",0,35,90,0,0,0,0,"C",NA,NA,NA,NA,NA,NA,NA,NA,NA
"3561",1999,"4","6","oats",1.54,1.3298978,0.51,0.420546,19.35111171,4.899681066,12.657223516,18.55207431,4.348765806,8.005984756,0.7990374,0.55091526,4.65123876,"N1PKMg","N1 PKMg",48,35,90,0,0,0,0,"C",NA,NA,NA,NA,NA,NA,NA,NA,NA
"3791",1999,"4","7","oats",1.52,1.3104224,0.51,0.4247586,19.555842684,4.9268282,12.761175462,18.47695584,4.298185472,8.05909776,1.078886844,0.628642728,4.702077702,"N2PKMg","N2 PKMg",96,35,90,0,0,0,0,"C",0.049975515625,NA,NA,NA,NA,NA,NA,NA,NA
"16101",1999,"2","1","wheat",10.07,8.59978,7.96,6.74212,206.2814264,38.4010018,163.7805372,177.155468,31.389197,42.8269044,29.1259584,7.0118048,120.9536328,"FYM+NPK","FYM N4 PK",192,35,90,35,294,44.19856,361.1748,"C",NA,NA,NA,NA,NA,NA,NA,NA,NA
"50101",1999,"3","1","wheat",9.58,8.22922,NA,NA,NA,NA,NA,174.459464,31.6002048,44.026327,NA,NA,NA,"FYM+NPK","FYM N4 PK",192,35,90,35,294,44.19856,361.1748,"C",NA,NA,NA,NA,NA,NA,NA,NA,NA
"1091",1999,"5","1","wheat",8.78,7.70884,NA,NA,NA,NA,NA,173.6801652,25.5933488,39.3921724,NA,NA,NA,"FYM+NPK","FYM N4 PK",192,35,90,35,294,44.19856,361.1748,"C",NA,NA,NA,NA,NA,NA,NA,NA,NA
"14810",1999,"6","1","wheat",8.49,7.48818,NA,NA,NA,NA,NA,161.8195698,24.710994,40.2115266,NA,NA,NA,"FYM+NPK","FYM N4 PK",192,35,90,35,294,44.19856,361.1748,"C",NA,NA,NA,NA,NA,NA,NA,NA,NA
"2251",1999,"0","10","wheat",1.29,1.09908,NA,NA,NA,NA,NA,23.0147352,2.2091508,5.8471056,NA,NA,NA,"N","N2",96,0,0,0,0,0,0,"C",NA,NA,NA,NA,NA,NA,NA,NA,NA
"274",1999,"1","10","wheat",1.58,1.35248,0.76,0.70148,30.60297,2.8798252,12.6313684,27.5094432,2.7184848,6.4513296,3.0935268,0.1613404,6.1800388,"N","N2",96,0,0,0,0,0,0,"C",NA,NA,NA,NA,NA,NA,NA,NA,NA
"3081",1999,"2","10","wheat",6.31,5.36981,3.12,2.574,83.6044831,16.4307414,43.9013614,77.9159431,15.7872414,26.5268614,5.68854,0.6435,17.3745,"N","N2",96,0,0,0,0,0,0,"C",NA,NA,NA,NA,NA,NA,NA,NA,NA
"3421",1999,"3","10","wheat",1.02,0.86802,NA,NA,NA,NA,NA,17.1694356,2.0658876,4.5050238,NA,NA,NA,"N","N2",96,0,0,0,0,0,0,"C",NA,NA,NA,NA,NA,NA,NA,NA,NA
"4012",1999,"5","10","wheat",3.18,2.77614,NA,NA,NA,NA,NA,50.6090322,6.385122,13.9917456,NA,NA,NA,"N","N2",96,0,0,0,0,0,0,"C",NA,NA,NA,NA,NA,NA,NA,NA,NA
"4401",1999,"6","10","wheat",0.77,0.66759,NA,NA,NA,NA,NA,13.9860105,1.4419944,3.471468,NA,NA,NA,"N","N2",96,0,0,0,0,0,0,"C",NA,NA,NA,NA,NA,NA,NA,NA,NA
"513",1999,"8","10","wheat",0.97,0.82838,NA,NA,NA,NA,NA,14.9439752,1.6733276,3.9845078,NA,NA,NA,"N","N2",96,0,0,0,0,0,0,"C",NA,NA,NA,NA,NA,NA,NA,NA,NA
"560",1999,"9","10","wheat",1.23,1.07256,NA,NA,NA,NA,NA,21.0329016,2.0485896,5.4486048,NA,NA,NA,"N","N2",96,0,0,0,0,0,0,"C",NA,NA,NA,NA,NA,NA,NA,NA,NA
"621",1999,"0","11","wheat",3.45,2.9532,NA,NA,NA,NA,NA,51.001764,9.391176,14.884128,NA,NA,NA,"NP","N2 P",96,35,0,0,0,0,0,"C",NA,NA,NA,NA,NA,NA,NA,NA,NA
"670",1999,"1","11","wheat",2.92,2.49952,1.53,1.40607,56.3084804,9.8747463,15.9253422,47.8158176,8.623344,11.622768,8.4926628,1.2514023,4.3025742,"NP","N2 P",96,35,0,0,0,0,0,"C",NA,NA,NA,NA,NA,NA,NA,NA,NA
"704",1999,"2","11","wheat",6.76,5.78656,3.23,2.66798,88.9676388,20.6209026,42.6894962,81.7640928,19.1535136,27.775488,7.203546,1.467389,14.9140082,"NP","N2 P",96,35,0,0,0,0,0,"C",NA,NA,NA,NA,NA,NA,NA,NA,NA
"738",1999,"3","11","wheat",4.28,3.6594,NA,NA,NA,NA,NA,58.73337,11.71008,16.723458,NA,NA,NA,"NP","N2 P",96,35,0,0,0,0,0,"C",NA,NA,NA,NA,NA,NA,NA,NA,NA
"797",1999,"5","11","wheat",2.39,2.08886,NA,NA,NA,NA,NA,40.106112,7.1230126,11.3007326,NA,NA,NA,"NP","N2 P",96,35,0,0,0,0,0,"C",NA,NA,NA,NA,NA,NA,NA,NA,NA
"836",1999,"6","11","wheat",1.63,1.41973,NA,NA,NA,NA,NA,28.0822594,4.9406604,7.4961744,NA,NA,NA,"NP","N2 P",96,35,0,0,0,0,0,"C",NA,NA,NA,NA,NA,NA,NA,NA,NA
"909",1999,"8","11","wheat",1.06,0.91902,NA,NA,NA,NA,NA,13.5647352,3.1981896,4.7145726,NA,NA,NA,"NP","N2 P",96,35,0,0,0,0,0,"C",NA,NA,NA,NA,NA,NA,NA,NA,NA
"956",1999,"9","11","wheat",2.54,2.24282,NA,NA,NA,NA,NA,40.9538932,7.1994522,10.429113,NA,NA,NA,"NP","N2 P",96,35,0,0,0,0,0,"C",NA,NA,NA,NA,NA,NA,NA,NA,NA
"1413",1999,"0","13","wheat",4.69,4.01933,NA,NA,NA,NA,NA,64.9925661,11.7364436,22.0259284,NA,NA,NA,"NPK","N2 PK",96,35,90,0,0,0,0,"C",NA,NA,NA,NA,NA,NA,NA,NA,NA
"1462",1999,"1","13","wheat",4.7,4.0467,2.58,2.38908,74.3936622,13.8168234,53.424609,66.891951,12.908973,21.649845,7.5017112,0.9078504,31.774764,"NPK","N2 PK",96,35,90,0,0,0,0,"C",NA,NA,NA,NA,NA,NA,NA,NA,NA
"1496",1999,"2","13","wheat",6.17,5.26918,3.29,2.51027,76.2078779,17.7076473,55.5073008,69.6058678,16.1763826,27.2416606,6.6020101,1.5312647,28.2656402,"NPK","N2 PK",96,35,90,0,0,0,0,"C",NA,NA,NA,NA,NA,NA,NA,NA,NA
"1530",1999,"3","13","wheat",4.47,3.82185,NA,NA,NA,NA,NA,58.4360865,10.9687095,20.7526455,NA,NA,NA,"NPK","N2 PK",96,35,90,0,0,0,0,"C",NA,NA,NA,NA,NA,NA,NA,NA,NA
"1589",1999,"5","13","wheat",4.65,4.05945,NA,NA,NA,NA,NA,65.357145,12.17835,23.6665935,NA,NA,NA,"NPK","N2 PK",96,35,90,0,0,0,0,"C",NA,NA,NA,NA,NA,NA,NA,NA,NA
"1628",1999,"6","13","wheat",4.71,4.13067,NA,NA,NA,NA,NA,68.4038952,14.3334249,25.0731669,NA,NA,NA,"NPK","N2 PK",96,35,90,0,0,0,0,"C",NA,NA,NA,NA,NA,NA,NA,NA,NA
"1701",1999,"8","13","wheat",1.23,1.07748,NA,NA,NA,NA,NA,16.3669212,3.6418824,6.1308612,NA,NA,NA,"NPK","N2 PK",96,35,90,0,0,0,0,"C",NA,NA,NA,NA,NA,NA,NA,NA,NA
"1748",1999,"9","13","wheat",5.62,4.92312,NA,NA,NA,NA,NA,73.8468,16.1970648,27.4217784,NA,NA,NA,"NPK","N2 PK",96,35,90,0,0,0,0,"C",NA,NA,NA,NA,NA,NA,NA,NA,NA
"1809",1999,"0","14","wheat",4.8,4.1376,NA,NA,NA,NA,NA,65.746464,12.867936,23.542944,NA,NA,NA,"N4PKMg","N2 PKMg*",96,35,90,0,0,0,0,"C",NA,NA,NA,NA,NA,NA,NA,NA,NA
"1858",1999,"1","14","wheat",5.46,4.6956,3.19,2.93161,84.4059174,16.762036,58.3137513,75.786984,15.589392,25.684932,8.6189334,1.172644,32.6288193,"N4PKMg","N2 PKMg*",96,35,90,0,0,0,0,"C",NA,NA,NA,NA,NA,NA,NA,NA,NA
"1892",1999,"2","14","wheat",6.72,5.7456,3.15,2.41605,82.958085,19.509084,54.6846615,76.531392,18.156096,30.45168,6.426693,1.352988,24.2329815,"N4PKMg","N2 PKMg*",96,35,90,0,0,0,0,"C",NA,NA,NA,NA,NA,NA,NA,NA,NA
"1926",1999,"3","14","wheat",3.9,3.3423,NA,NA,NA,NA,NA,52.039611,11.163282,20.72226,NA,NA,NA,"N4PKMg","N2 PKMg*",96,35,90,0,0,0,0,"C",NA,NA,NA,NA,NA,NA,NA,NA,NA
"1985",1999,"5","14","wheat",4.5,3.933,NA,NA,NA,NA,NA,61.82676,12.11364,22.33944,NA,NA,NA,"N4PKMg","N2 PKMg*",96,35,90,0,0,0,0,"C",NA,NA,NA,NA,NA,NA,NA,NA,NA
"2024",1999,"6","14","wheat",4.92,4.30992,NA,NA,NA,NA,NA,68.8294224,14.6106288,24.78204,NA,NA,NA,"N4PKMg","N2 PKMg*",96,35,90,0,0,0,0,"C",NA,NA,NA,NA,NA,NA,NA,NA,NA
"2097",1999,"8","14","wheat",1.15,1.00395,NA,NA,NA,NA,NA,15.9929235,3.553983,5.7325545,NA,NA,NA,"N4PKMg","N2 PKMg*",96,35,90,0,0,0,0,"C",NA,NA,NA,NA,NA,NA,NA,NA,NA
"2144",1999,"9","14","wheat",5.42,4.76418,NA,NA,NA,NA,NA,71.939118,15.6741522,27.1081842,NA,NA,NA,"N4PKMg","N2 PKMg*",96,35,90,0,0,0,0,"C",NA,NA,NA,NA,NA,NA,NA,NA,NA
"2601",1999,"0","16","wheat",7.87,6.86264,NA,NA,NA,NA,NA,161.0661608,20.8624256,33.6955624,NA,NA,NA,"N5PKMg","N5 PKMg",240,35,90,0,0,0,0,"C",NA,NA,NA,NA,NA,NA,NA,NA,NA
"2650",1999,"1","16","wheat",8.01,6.97671,4.59,4.02084,193.8316644,22.0122783,116.6026635,170.5107924,20.1626919,31.8835647,23.320872,1.8495864,84.7190988,"N5PKMg","N5 PKMg",240,35,90,0,0,0,0,"C",NA,0.533641448571428,1.11863690333333,NA,NA,NA,NA,NA,NA
"2684",1999,"2","16","wheat",9.93,8.58945,5.94,4.64508,220.7456751,33.5819205,121.2378693,192.3177855,29.6336025,42.6895665,28.4278896,3.948318,78.5483028,"N5PKMg","N5 PKMg",240,35,90,0,0,0,0,"C",NA,0.490033688571428,0.872759701111111,NA,NA,NA,NA,NA,NA
"2718",1999,"3","16","wheat",7.31,6.2866,NA,NA,NA,NA,NA,146.603512,19.551326,33.067516,NA,NA,NA,"N5PKMg","N5 PKMg",240,35,90,0,0,0,0,"C",NA,NA,NA,NA,NA,NA,NA,NA,NA
"2777",1999,"5","16","wheat",7.12,6.32256,NA,NA,NA,NA,NA,159.3917376,17.38704,30.1586112,NA,NA,NA,"N5PKMg","N5 PKMg",240,35,90,0,0,0,0,"C",NA,NA,NA,NA,NA,NA,NA,NA,NA
"2816",1999,"6","16","wheat",7.19,6.35596,1.66,1.44752,164.1086004,20.3523588,66.8430804,154.0049108,19.5127972,32.4789556,10.1036896,0.8395616,34.3641248,"N5PKMg","N5 PKMg",240,35,90,0,0,0,0,"C",NA,NA,NA,NA,NA,NA,NA,NA,NA
"2889",1999,"8","16","wheat",1.83,1.59393,NA,NA,NA,NA,NA,44.5344042,5.8337838,7.9537107,NA,NA,NA,"N5PKMg","N5 PKMg",240,35,90,0,0,0,0,"C",NA,NA,NA,NA,NA,NA,NA,NA,NA
"2936",1999,"9","16","wheat",7.61,6.73485,3.07,2.2104,177.1033425,21.802257,76.9286685,164.1282945,20.608641,33.4722045,12.975048,1.193616,43.456464,"N5PKMg","N5 PKMg",240,35,90,0,0,0,0,"C",NA,NA,NA,NA,NA,NA,NA,NA,NA
"4185",1999,"0","20","wheat",2.28,1.96308,NA,NA,NA,NA,NA,40.046832,3.5139132,9.9528156,NA,NA,NA,"NKMg","N2 KMg",96,0,90,0,0,0,0,"C",NA,NA,NA,NA,NA,NA,NA,NA,NA
"4234",1999,"1","20","wheat",1.86,1.60518,1.99,1.73926,40.853154,3.3348276,36.7638384,33.548262,2.969583,7.9616928,7.304892,0.3652446,28.8021456,"NKMg","N2 KMg",96,0,90,0,0,0,0,"C",NA,NA,NA,NA,NA,NA,NA,NA,NA
"4671",1999,"0","22","wheat",3.63,3.08913,NA,NA,NA,NA,NA,52.3607535,11.3988897,17.7007149,NA,NA,NA,"FYM","FYM",0,0,0,35,294,44.19856,361.1748,"C",NA,NA,NA,NA,NA,NA,NA,NA,NA
"4720",1999,"1","22","wheat",4.78,4.06778,3.2,2.8192,77.3839282,19.4733138,66.342253,69.5183602,15.4982418,22.982957,7.865568,3.975072,43.359296,"FYM","FYM",0,0,0,35,294,44.19856,361.1748,"C",NA,NA,NA,0.203574997278912,0.124254334013605,0.0716851965986394,NA,NA,NA
"4754",1999,"2","22","wheat",6.47,5.50597,4.12,3.296,98.1734525,27.4038084,79.2145419,89.4720125,20.4822084,29.0164619,8.70144,6.9216,50.19808,"FYM","FYM",0,0,0,35,294,44.19856,361.1748,"C",NA,NA,NA,0.25738713877551,0.0495543176870747,0.0313122914965986,NA,NA,NA
"4788",1999,"3","22","wheat",3.98,3.38698,NA,NA,NA,NA,NA,53.4465444,12.193128,19.2719162,NA,NA,NA,"FYM","FYM",0,0,0,35,294,44.19856,361.1748,"C",NA,NA,NA,NA,NA,NA,NA,NA,NA
"4847",1999,"5","22","wheat",5.23,4.55533,NA,NA,NA,NA,NA,73.1130465,16.8091677,26.0109343,NA,NA,NA,"FYM","FYM",0,0,0,35,294,44.19856,361.1748,"C",NA,NA,NA,NA,NA,NA,NA,NA,NA
"4886",1999,"6","22","wheat",4.24,3.69728,2.08,1.81584,66.6436176,16.3713152,52.8258752,62.5579776,13.9017728,21.6660608,4.08564,2.4695424,31.1598144,"FYM","FYM",0,0,0,35,294,44.19856,361.1748,"C",NA,NA,NA,0.17871798877551,NA,NA,NA,NA,NA
"4959",1999,"8","22","wheat",2.61,2.26809,NA,NA,NA,NA,NA,48.2876361,9.1630836,13.1095602,NA,NA,NA,"FYM","FYM",0,0,0,35,294,44.19856,361.1748,"C",NA,NA,NA,NA,NA,NA,NA,NA,NA
"5006",1999,"9","22","wheat",4.57,4.03074,2.33,1.94555,74.620624,16.8884242,55.0031602,69.328728,14.6315862,23.0961402,5.291896,2.256838,31.90702,"FYM","FYM",0,0,0,35,294,44.19856,361.1748,"C",NA,NA,NA,0.199223466666667,NA,NA,NA,NA,NA
"5057",1999,"0","3","wheat",0.82,0.68716,NA,NA,NA,NA,NA,9.7095708,1.9858924,3.4426716,NA,NA,NA,"Control","Nil",0,0,0,0,0,0,0,"C",NA,NA,NA,NA,NA,NA,NA,NA,NA
"5106",1999,"1","3","wheat",0.81,0.67797,0.51,0.47073,11.6568495,2.609385,8.7225105,10.0610748,2.3457762,3.6339192,1.5957747,0.2636088,5.0885913,"Control","Nil",0,0,0,0,0,0,0,"C",NA,NA,NA,NA,NA,NA,NA,NA,NA
"5140",1999,"2","3","wheat",1.32,1.1154,0.42,0.36456,18.4311228,4.9490244,9.3488928,17.545242,4.40583,5.510076,0.8858808,0.5431944,3.8388168,"Control","Nil",0,0,0,0,0,0,0,"C",NA,NA,NA,NA,NA,NA,NA,NA,NA
"5174",1999,"3","3","wheat",1.4,1.183,NA,NA,NA,NA,NA,18.04075,4.29429,5.82036,NA,NA,NA,"Control","Nil",0,0,0,0,0,0,0,"C",NA,NA,NA,NA,NA,NA,NA,NA,NA
"5233",1999,"5","3","wheat",1.12,0.96544,NA,NA,NA,NA,NA,13.4292704,3.1762976,5.0589056,NA,NA,NA,"Control","Nil",0,0,0,0,0,0,0,"C",NA,NA,NA,NA,NA,NA,NA,NA,NA
"5272",1999,"6","3","wheat",1.11,0.95904,0.36,0.32184,15.4343448,3.4158024,9.0381312,14.4527328,3.1744224,5.1116832,0.981612,0.24138,3.926448,"Control","Nil",0,0,0,0,0,0,0,"C",NA,NA,NA,NA,NA,NA,NA,NA,NA
"5345",1999,"8","3","wheat",0.91,0.77623,NA,NA,NA,NA,NA,11.5037286,2.4994606,4.2615027,NA,NA,NA,"Control","Nil",0,0,0,0,0,0,0,"C",NA,NA,NA,NA,NA,NA,NA,NA,NA
"5392",1999,"9","3","wheat",0.93,0.81096,0.3,0.2697,13.4359332,2.5218438,6.7437276,12.7077432,2.4166608,4.0629096,0.72819,0.105183,2.680818,"Control","Nil",0,0,0,0,0,0,0,"C",NA,NA,NA,NA,NA,NA,NA,NA,NA
"5453",1999,"0","5","wheat",1.08,0.91152,NA,NA,NA,NA,NA,13.0165056,3.0718224,5.0315904,NA,NA,NA,"PKMg","PKMg",0,35,90,0,0,0,0,"C",NA,NA,NA,NA,NA,NA,NA,NA,NA
"5502",1999,"1","5","wheat",1.17,0.98397,1.04,0.95576,17.532879,4.9560043,20.027696,14.1494886,3.8473227,5.8251024,3.3833904,1.1086816,14.2025936,"PKMg","PKMg",0,35,90,0,0,0,0,"C",NA,NA,NA,NA,NA,NA,NA,NA,NA
"5536",1999,"2","5","wheat",1.59,1.34355,0.77,0.67067,22.5016337,6.769503,15.3835136,20.7847185,5.562297,7.147686,1.7169152,1.207206,8.2358276,"PKMg","PKMg",0,35,90,0,0,0,0,"C",NA,NA,NA,NA,NA,NA,NA,NA,NA
"5570",1999,"3","5","wheat",1.48,1.25356,NA,NA,NA,NA,NA,18.3897252,4.3999956,6.2928712,NA,NA,NA,"PKMg","PKMg",0,35,90,0,0,0,0,"C",NA,NA,NA,NA,NA,NA,NA,NA,NA
"5629",1999,"5","5","wheat",1.12,0.9632,NA,NA,NA,NA,NA,14.11088,3.477152,5.0568,NA,NA,NA,"PKMg","PKMg",0,35,90,0,0,0,0,"C",NA,NA,NA,NA,NA,NA,NA,NA,NA
"5668",1999,"6","5","wheat",1.03,0.88889,0.34,0.30362,14.1005289,3.6922682,9.6252482,13.0044607,3.3066708,5.2622288,1.0960682,0.3855974,4.3630194,"PKMg","PKMg",0,35,90,0,0,0,0,"C",NA,NA,NA,NA,NA,NA,NA,NA,NA
"5741",1999,"8","5","wheat",1.55,1.34695,NA,NA,NA,NA,NA,22.4536565,5.1588185,7.839249,NA,NA,NA,"PKMg","PKMg",0,35,90,0,0,0,0,"C",NA,NA,NA,NA,NA,NA,NA,NA,NA
"5788",1999,"9","5","wheat",1.19,1.0353,0.58,0.51272,16.0489248,4.095351,12.9970576,14.618436,3.633903,5.880504,1.4304888,0.461448,7.1165536,"PKMg","PKMg",0,35,90,0,0,0,0,"C",NA,NA,NA,NA,NA,NA,NA,NA,NA
"5849",1999,"0","6","wheat",3.19,2.70831,NA,NA,NA,NA,NA,39.0809133,8.6936751,15.6811149,NA,NA,NA,"N1PKMg","N1 PKMg",48,35,90,0,0,0,0,"C",NA,NA,NA,NA,NA,NA,NA,NA,NA
"5898",1999,"1","6","wheat",3.04,2.58096,2.03,1.83106,42.765555,10.1443726,40.3562498,37.2174432,8.6978352,14.5566144,5.5481118,1.4465374,25.7996354,"N1PKMg","N1 PKMg",48,35,90,0,0,0,0,"C",NA,NA,NA,NA,NA,NA,NA,NA,NA
"5932",1999,"2","6","wheat",4.26,3.60396,2.63,2.14345,49.3434347,14.9179661,43.4755944,44.2205892,13.0102956,20.3263344,5.1228455,1.9076705,23.14926,"N1PKMg","N1 PKMg",48,35,90,0,0,0,0,"C",NA,NA,NA,NA,NA,NA,NA,NA,NA
"5966",1999,"3","6","wheat",3.05,2.5864,NA,NA,NA,NA,NA,31.760992,7.785064,14.173472,NA,NA,NA,"N1PKMg","N1 PKMg",48,35,90,0,0,0,0,"C",NA,NA,NA,NA,NA,NA,NA,NA,NA
"6025",1999,"5","6","wheat",2.72,2.35552,NA,NA,NA,NA,NA,31.4226368,7.3256672,13.54424,NA,NA,NA,"N1PKMg","N1 PKMg",48,35,90,0,0,0,0,"C",NA,NA,NA,NA,NA,NA,NA,NA,NA
"6064",1999,"6","6","wheat",2.88,2.50272,1.02,0.89046,37.8619812,9.044739,28.1051388,35.8139232,8.3590848,14.766048,2.048058,0.6856542,13.3390908,"N1PKMg","N1 PKMg",48,35,90,0,0,0,0,"C",NA,NA,NA,NA,NA,NA,NA,NA,NA
"6137",1999,"8","6","wheat",1.13,0.98536,NA,NA,NA,NA,NA,16.4850728,3.5177352,5.7742096,NA,NA,NA,"N1PKMg","N1 PKMg",48,35,90,0,0,0,0,"C",NA,NA,NA,NA,NA,NA,NA,NA,NA
"6184",1999,"9","6","wheat",3.14,2.75064,1.41,1.21401,42.7597869,9.7730886,32.7909312,40.0768248,9.214644,16.6688784,2.6829621,0.5584446,16.1220528,"N1PKMg","N1 PKMg",48,35,90,0,0,0,0,"C",NA,NA,NA,NA,NA,NA,NA,NA,NA
"6245",1999,"0","7","wheat",5.04,4.32432,NA,NA,NA,NA,NA,68.1945264,13.7513376,24.9080832,NA,NA,NA,"N2PKMg","N2 PKMg",96,35,90,0,0,0,0,"C",NA,NA,NA,NA,NA,NA,NA,NA,NA
"6294",1999,"1","7","wheat",5.19,4.41669,2.69,2.40755,86.4333095,16.9751715,59.289262,78.175413,15.458415,23.850126,8.2578965,1.5167565,35.439136,"N2PKMg","N2 PKMg",96,35,90,0,0,0,0,"C",0.717712817708333,NA,NA,NA,NA,NA,NA,NA,NA
"6328",1999,"2","7","wheat",6.97,5.91056,4.19,3.27239,88.3789062,21.8810083,66.9252548,79.6743488,19.6230592,31.9761296,8.7045574,2.2579491,34.9491252,"N2PKMg","N2 PKMg",96,35,90,0,0,0,0,"C",0.686221588541667,NA,NA,NA,NA,NA,NA,NA,NA
"6362",1999,"3","7","wheat",4.8,4.0896,NA,NA,NA,NA,NA,59.135616,13.209408,24.33312,NA,NA,NA,"N2PKMg","N2 PKMg",96,35,90,0,0,0,0,"C",NA,NA,NA,NA,NA,NA,NA,NA,NA
"6421",1999,"5","7","wheat",5.14,4.48208,NA,NA,NA,NA,NA,68.4413616,14.7460432,26.2649888,NA,NA,NA,"N2PKMg","N2 PKMg",96,35,90,0,0,0,0,"C",NA,NA,NA,NA,NA,NA,NA,NA,NA
"6460",1999,"6","7","wheat",4.74,4.13328,2.08,1.88032,68.8796304,15.1625408,49.8574064,63.859176,14.053152,24.0970224,5.0204544,1.1093888,25.760384,"N2PKMg","N2 PKMg",96,35,90,0,0,0,0,"C",0.570615640625,NA,NA,NA,NA,NA,NA,NA,NA
"6533",1999,"8","7","wheat",1.77,1.55406,NA,NA,NA,NA,NA,26.4034794,5.8898874,9.4486848,NA,NA,NA,"N2PKMg","N2 PKMg",96,35,90,0,0,0,0,"C",NA,NA,NA,NA,NA,NA,NA,NA,NA
"6580",1999,"9","7","wheat",5.19,4.5672,1.27,1.11125,71.998318,15.241006,40.9224535,69.375768,14.752056,26.398416,2.62255,0.48895,14.5240375,"N2PKMg","N2 PKMg",96,35,90,0,0,0,0,"C",0.582806179166667,NA,NA,NA,NA,NA,NA,NA,NA
"18103",1999,"7","1","maize",20.15,6.06515,NA,NA,77.3306625,14.313754,75.3898145,NA,NA,NA,NA,NA,NA,"FYM+NPK","FYM N4 PK",192,35,90,35,294,44.19856,361.1748,"C",NA,NA,NA,NA,NA,NA,NA,NA,NA
"3914",1999,"7","10","maize",7.63,1.95328,NA,NA,18.5952256,2.6759936,13.3213696,NA,NA,NA,NA,NA,NA,"N","N2",96,0,0,0,0,0,0,"C",NA,NA,NA,NA,NA,NA,NA,NA,NA
"60103",1999,"7","11","maize",7.25,1.89225,NA,NA,18.052065,5.0144625,9.8397,NA,NA,NA,NA,NA,NA,"NP","N2 P",96,35,0,0,0,0,0,"C",NA,NA,NA,NA,NA,NA,NA,NA,NA
"1022",1999,"7","13","maize",9.57,2.4882,NA,NA,19.15914,5.747742,33.640464,NA,NA,NA,NA,NA,NA,"NPK","N2 PK",96,35,90,0,0,0,0,"C",NA,NA,NA,NA,NA,NA,NA,NA,NA
"1233",1999,"7","14","maize",9.98,2.88422,NA,NA,20.1606978,6.1433886,33.5146364,NA,NA,NA,NA,NA,NA,"N4PKMg","N2 PKMg*",96,35,90,0,0,0,0,"C",NA,NA,NA,NA,NA,NA,NA,NA,NA
"16513",1999,"7","16","maize",14.28,3.82704,NA,NA,51.9329328,8.61084,43.8961488,NA,NA,NA,NA,NA,NA,"N5PKMg","N5 PKMg",240,35,90,0,0,0,0,"C",NA,0.16956704,0.378404986666667,NA,NA,NA,NA,NA,NA
"27010",1999,"7","22","maize",14.73,4.18332,NA,NA,38.068212,9.6634692,53.2118304,NA,NA,NA,NA,NA,NA,"FYM","FYM",0,0,0,35,294,44.19856,361.1748,"C",NA,NA,NA,0.11724746122449,0.0662346476190476,0.0680821326530612,NA,NA,NA
"29111",1999,"7","3","maize",2.79,0.59148,NA,NA,4.554396,1.5319332,6.772446,NA,NA,NA,NA,NA,NA,"Control","Nil",0,0,0,0,0,0,0,"C",NA,NA,NA,NA,NA,NA,NA,NA,NA
"3122",1999,"7","5","maize",1.94,0.39576,NA,NA,3.5974584,1.4959728,6.0986616,NA,NA,NA,NA,NA,NA,"PKMg","PKMg",0,35,90,0,0,0,0,"C",NA,NA,NA,NA,NA,NA,NA,NA,NA
"3332",1999,"7","6","maize",5.65,1.30515,NA,NA,9.2274105,3.5369565,17.75004,NA,NA,NA,NA,NA,NA,"N1PKMg","N1 PKMg",48,35,90,0,0,0,0,"C",NA,NA,NA,NA,NA,NA,NA,NA,NA
"3543",1999,"7","7","maize",11.62,2.76556,NA,NA,18.4186296,5.4758088,43.695848,NA,NA,NA,NA,NA,NA,"N2PKMg","N2 PKMg",96,35,90,0,0,0,0,"C",0.1543872,NA,NA,NA,NA,NA,NA,NA,NA
"16100",2000,"5","1","oats",6.64,5.775804,7.13,5.6766208,102.471624752,27.616741344,172.959358776,89.75599416,21.48599088,32.6332926,12.715630592,6.130750464,140.326066176,"FYM+NPK","FYM N4 PK",192,35,90,35,295.75,40.89792,308.238,"C",NA,NA,NA,NA,NA,NA,0.0962717093854166,0.0658948799142857,0.254241887933334
"3910",2000,"5","10","oats",3.34,2.8801822,1.64,1.3694492,41.185526144,9.610463744,36.145806396,38.652045124,8.870961176,14.919343796,2.53348102,0.739502568,21.2264626,"N","N2",96,0,0,0,0,0,0,"C",NA,NA,NA,NA,NA,NA,NA,NA,NA
"6210",2000,"5","11","oats",3.07,2.6802328,1.46,1.2443142,31.791281656,9.619105966,27.809420134,30.099014344,8.7107566,14.258838496,1.692267312,0.908349366,13.550581638,"NP","N2 P",96,35,0,0,0,0,0,"C",NA,NA,NA,NA,NA,NA,NA,NA,NA
"108",2000,"5","13","oats",2.28,1.9785156,0.98,0.8263262,25.738750422,7.296305576,23.270099086,24.375312192,6.370820232,10.18935534,1.36343823,0.925485344,13.080743746,"NPK","N2 PK",96,35,90,0,0,0,0,"C",NA,NA,NA,NA,NA,NA,NA,NA,NA
"1311",2000,"5","14","oats",2.17,1.8897011,0.92,0.7855604,26.400962677,7.447696258,21.996913735,25.151921641,6.387189718,10.072106863,1.249041036,1.06050654,11.924806872,"N4PKMg","N2 PKMg*",96,35,90,0,0,0,0,"C",NA,NA,NA,NA,NA,NA,NA,NA,NA
"177",2000,"5","16","oats",4.7,4.095768,4.09,3.3515096,59.575498512,15.3965776,68.755369536,54.14605296,13.7208228,21.2979936,5.429445552,1.6757548,47.457375936,"N5PKMg","N5 PKMg",240,35,90,0,0,0,0,"C",NA,0.165317538742857,0.454954993355556,NA,NA,NA,NA,NA,NA
"292",2000,"5","22","oats",6.1,5.309745,5.49,4.5334773,83.98745655,25.310420547,150.077588862,74.92050195,19.0088871,30.21244905,9.0669546,6.301533447,119.865139812,"FYM","FYM",0,0,0,35,295.75,40.89792,308.238,"C",NA,NA,NA,0.216234085700761,0.14472334879459,0.176487489075233,NA,NA,NA
"315",2000,"5","3","oats",1.67,1.4469548,0.78,0.638001,20.777198426,5.57461972,16.573980094,19.635176636,4.84729858,7.495225864,1.14202179,0.72732114,9.07875423,"Control","Nil",0,0,0,0,0,0,0,"C",NA,NA,NA,NA,NA,NA,NA,NA,NA
"338",2000,"5","5","oats",1.56,1.3503204,0.58,0.48488,20.036225704,5.604063036,14.70106374,19.255568904,4.847650236,7.22421414,0.7806568,0.7564128,7.4768496,"PKMg","PKMg",0,35,90,0,0,0,0,"C",NA,NA,NA,NA,NA,NA,NA,NA,NA
"3611",2000,"5","6","oats",1.95,1.697592,0.84,0.6955704,23.489170824,6.622888728,20.101605696,22.5779736,5.66995728,9.01421352,0.911197224,0.952931448,11.087392176,"N1PKMg","N1 PKMg",48,35,90,0,0,0,0,"C",NA,NA,NA,NA,NA,NA,NA,NA,NA
"3841",2000,"5","7","oats",2.42,2.1104094,1.15,0.9767985,26.908894494,8.216580465,26.517770022,25.346016894,6.85883055,11.142961632,1.5628776,1.357749915,15.37480839,"N2PKMg","N2 PKMg",96,35,90,0,0,0,0,"C",0.0715902998958334,NA,NA,NA,NA,NA,NA,NA,NA
"1769",2000,"2","1","wheat",9.05,7.44815,NA,NA,188.017735956332,31.739746154471,130.337714375361,157.602854,26.664377,36.2724905,30.4148819563322,5.07536915447101,94.0652238753605,"FYM+NPK","FYM N4 PK",192,35,90,35,295.75,40.89792,308.238,"C",NA,NA,NA,NA,NA,NA,NA,NA,NA
"51101",2000,"3","1","wheat",6.79,5.76471,NA,NA,NA,NA,NA,137.9495103,20.8106031,29.8035507,NA,NA,NA,"FYM+NPK","FYM N4 PK",192,35,90,35,295.75,40.89792,308.238,"C",NA,NA,NA,NA,NA,NA,NA,NA,NA
"14910",2000,"6","1","wheat",7.66,6.61824,NA,NA,NA,NA,NA,152.7489792,48.313152,64.6602048,NA,NA,NA,"FYM+NPK","FYM N4 PK",192,35,90,35,295.75,40.89792,308.238,"C",NA,NA,NA,NA,NA,NA,NA,NA,NA
"18210",2000,"7","1","wheat",8.84,7.59356,5.4,4.104,191.7501404,33.9629212,111.275094,167.7417404,28.6277212,35.310054,24.0084,5.3352,75.96504,"FYM+NPK","FYM N4 PK",192,35,90,35,295.75,40.89792,308.238,"C",NA,NA,NA,NA,NA,NA,NA,NA,NA
"2261",2000,"0","10","wheat",2.17,1.83148,NA,NA,NA,NA,NA,32.4721404,3.4248676,8.4064932,NA,NA,NA,"N","N2",96,0,0,0,0,0,0,"C",NA,NA,NA,NA,NA,NA,NA,NA,NA
"275",2000,"1","10","wheat",2.26,1.9097,1.75,1.42625,45.515256,3.97073,16.6050635,38.155806,3.62843,8.746426,7.35945,0.3423,7.8586375,"N","N2",96,0,0,0,0,0,0,"C",NA,NA,NA,NA,NA,NA,NA,NA,NA
"3091",2000,"2","10","wheat",3.52,2.93216,NA,NA,52.1105797138154,7.8498524325829,17.0420402865333,49.84672,7.5649728,13.5172576,2.26385971381535,0.284879632582903,3.52478268653329,"N","N2",96,0,0,0,0,0,0,"C",NA,NA,NA,NA,NA,NA,NA,NA,NA
"3431",2000,"3","10","wheat",1.71,1.44324,NA,NA,NA,NA,NA,29.7884736,3.030804,6.5523096,NA,NA,NA,"N","N2",96,0,0,0,0,0,0,"C",NA,NA,NA,NA,NA,NA,NA,NA,NA
"4412",2000,"6","10","wheat",2.07,1.79055,NA,NA,NA,NA,NA,34.271127,4.3152255,8.558829,NA,NA,NA,"N","N2",96,0,0,0,0,0,0,"C",NA,NA,NA,NA,NA,NA,NA,NA,NA
"47410",2000,"7","10","wheat",5,4.175,1.51,1.18384,66.7716732,13.214152,27.5311824,63.83575,12.859,19.706,2.9359232,0.355152,7.8251824,"N","N2",96,0,0,0,0,0,0,"C",NA,NA,NA,NA,NA,NA,NA,NA,NA
"514",2000,"8","10","wheat",0.74,0.63344,NA,NA,NA,NA,NA,11.4272576,1.3175552,2.7617984,NA,NA,NA,"N","N2",96,0,0,0,0,0,0,"C",NA,NA,NA,NA,NA,NA,NA,NA,NA
"561",2000,"9","10","wheat",2.13,1.85097,NA,NA,NA,NA,NA,38.5186857,3.516843,8.2923456,NA,NA,NA,"N","N2",96,0,0,0,0,0,0,"C",NA,NA,NA,NA,NA,NA,NA,NA,NA
"622",2000,"0","11","wheat",3.18,2.6871,NA,NA,NA,NA,NA,45.573216,8.840559,13.784823,NA,NA,NA,"NP","N2 P",96,35,0,0,0,0,0,"C",NA,NA,NA,NA,NA,NA,NA,NA,NA
"671",2000,"1","11","wheat",3.28,2.7716,2.2,1.7204,61.399252,10.94506,19.386256,49.528492,9.035416,13.192816,11.87076,1.909644,6.19344,"NP","N2 P",96,35,0,0,0,0,0,"C",NA,NA,NA,NA,NA,NA,NA,NA,NA
"705",2000,"2","11","wheat",5.15,4.27965,NA,NA,69.3739286792102,14.0997959068693,22.1424968774258,63.937971,13.352508,19.429611,5.43595767921016,0.747287906869325,2.71288587742578,"NP","N2 P",96,35,0,0,0,0,0,"C",NA,NA,NA,NA,NA,NA,NA,NA,NA
"739",2000,"3","11","wheat",1.85,1.55215,NA,NA,NA,NA,NA,28.901033,5.3549175,7.2485405,NA,NA,NA,"NP","N2 P",96,35,0,0,0,0,0,"C",NA,NA,NA,NA,NA,NA,NA,NA,NA
"837",2000,"6","11","wheat",2.7,2.3463,NA,NA,NA,NA,NA,42.209937,8.258976,11.661111,NA,NA,NA,"NP","N2 P",96,35,0,0,0,0,0,"C",NA,NA,NA,NA,NA,NA,NA,NA,NA
"870",2000,"7","11","wheat",5.74,4.91344,2.19,1.77171,73.1132861,18.0441618,29.5396113,67.4615312,16.8039648,22.2578832,5.6517549,1.240197,7.2817281,"NP","N2 P",96,35,0,0,0,0,0,"C",NA,NA,NA,NA,NA,NA,NA,NA,NA
"910",2000,"8","11","wheat",0.61,0.53009,NA,NA,NA,NA,NA,9.223566,1.8712177,2.597441,NA,NA,NA,"NP","N2 P",96,35,0,0,0,0,0,"C",NA,NA,NA,NA,NA,NA,NA,NA,NA
"957",2000,"9","11","wheat",2.26,1.9662,NA,NA,NA,NA,NA,35.745516,6.763728,9.182154,NA,NA,NA,"NP","N2 P",96,35,0,0,0,0,0,"C",NA,NA,NA,NA,NA,NA,NA,NA,NA
"1414",2000,"0","13","wheat",3.76,3.16216,NA,NA,NA,NA,NA,55.7172592,9.2967504,16.3483672,NA,NA,NA,"NPK","N2 PK",96,35,90,0,0,0,0,"C",NA,NA,NA,NA,NA,NA,NA,NA,NA
"1463",2000,"1","13","wheat",4.36,3.69728,2.33,1.80342,76.6702502,12.1802228,38.6802896,69.5828096,11.3506496,19.780448,7.0874406,0.8295732,18.8998416,"NPK","N2 PK",96,35,90,0,0,0,0,"C",NA,NA,NA,NA,NA,NA,NA,NA,NA
"1497",2000,"2","13","wheat",4.8,4.0032,NA,NA,64.3193551634408,13.6760871952219,35.4775147824745,61.729344,13.130496,21.857472,2.59001116344075,0.545591195221917,13.6200427824745,"NPK","N2 PK",96,35,90,0,0,0,0,"C",NA,NA,NA,NA,NA,NA,NA,NA,NA
"1531",2000,"3","13","wheat",2.03,1.70926,NA,NA,NA,NA,NA,34.6637928,5.5721876,10.1017266,NA,NA,NA,"NPK","N2 PK",96,35,90,0,0,0,0,"C",NA,NA,NA,NA,NA,NA,NA,NA,NA
"1629",2000,"6","13","wheat",3.26,2.82316,NA,NA,NA,NA,NA,49.2923736,9.598744,15.6403064,NA,NA,NA,"NPK","N2 PK",96,35,90,0,0,0,0,"C",NA,NA,NA,NA,NA,NA,NA,NA,NA
"1662",2000,"7","13","wheat",5.58,4.64256,2.42,1.77386,69.6527754,17.229847,39.9516686,64.8101376,15.9704064,23.8627584,4.8426378,1.2594406,16.0889102,"NPK","N2 PK",96,35,90,0,0,0,0,"C",NA,NA,NA,NA,NA,NA,NA,NA,NA
"1702",2000,"8","13","wheat",0.98,0.85456,NA,NA,NA,NA,NA,14.5531568,2.9995056,4.7769904,NA,NA,NA,"NPK","N2 PK",96,35,90,0,0,0,0,"C",NA,NA,NA,NA,NA,NA,NA,NA,NA
"1749",2000,"9","13","wheat",5.52,4.82448,NA,NA,NA,NA,NA,76.1302944,16.0655184,24.9908064,NA,NA,NA,"NPK","N2 PK",96,35,90,0,0,0,0,"C",NA,NA,NA,NA,NA,NA,NA,NA,NA
"1810",2000,"0","14","wheat",4.14,3.50658,NA,NA,NA,NA,NA,59.9975838,11.1859902,18.935532,NA,NA,NA,"N4PKMg","N2 PKMg*",96,35,90,0,0,0,0,"C",NA,NA,NA,NA,NA,NA,NA,NA,NA
"1859",2000,"1","14","wheat",4.65,3.94785,2.54,2.07264,77.5486857,14.3988051,43.4472639,68.5741545,13.3832115,22.7001375,8.9745312,1.0155936,20.7471264,"N4PKMg","N2 PKMg*",96,35,90,0,0,0,0,"C",NA,NA,NA,NA,NA,NA,NA,NA,NA
"1893",2000,"2","14","wheat",4.68,3.91248,NA,NA,58.8746528044254,12.5899968310728,26.305350386387,58.4133264,12.324312,20.5796448,0.461326404425449,0.265684831072832,5.72570558638699,"N4PKMg","N2 PKMg*",96,35,90,0,0,0,0,"C",NA,NA,NA,NA,NA,NA,NA,NA,NA
"1927",2000,"3","14","wheat",2.21,1.87629,NA,NA,NA,NA,NA,37.5070371,5.7977361,10.7511417,NA,NA,NA,"N4PKMg","N2 PKMg*",96,35,90,0,0,0,0,"C",NA,NA,NA,NA,NA,NA,NA,NA,NA
"2025",2000,"6","14","wheat",3.31,2.85984,NA,NA,NA,NA,NA,48.5314848,9.7806528,15.586128,NA,NA,NA,"N4PKMg","N2 PKMg*",96,35,90,0,0,0,0,"C",NA,NA,NA,NA,NA,NA,NA,NA,NA
"2058",2000,"7","14","wheat",5.58,4.64256,2.49,1.83264,70.910352,17.1335232,39.5819328,66.0172032,15.9239808,23.4913536,4.8931488,1.2095424,16.0905792,"N4PKMg","N2 PKMg*",96,35,90,0,0,0,0,"C",NA,NA,NA,NA,NA,NA,NA,NA,NA
"2098",2000,"8","14","wheat",1.37,1.19875,NA,NA,NA,NA,NA,21.601475,4.4233875,6.784925,NA,NA,NA,"N4PKMg","N2 PKMg*",96,35,90,0,0,0,0,"C",NA,NA,NA,NA,NA,NA,NA,NA,NA
"2145",2000,"9","14","wheat",4.92,4.30008,NA,NA,NA,NA,NA,67.3822536,14.4482688,22.360416,NA,NA,NA,"N4PKMg","N2 PKMg*",96,35,90,0,0,0,0,"C",NA,NA,NA,NA,NA,NA,NA,NA,NA
"2602",2000,"0","16","wheat",6.89,5.87717,NA,NA,NA,NA,NA,137.7020931,16.5736194,25.5656895,NA,NA,NA,"N5PKMg","N5 PKMg",240,35,90,0,0,0,0,"C",NA,NA,NA,NA,NA,NA,NA,NA,NA
"2651",2000,"1","16","wheat",6.99,5.97645,3.94,2.95894,172.3064172,19.6443638,80.7821794,148.694076,17.809821,27.49167,23.6123412,1.8345428,53.2905094,"N5PKMg","N5 PKMg",240,35,90,0,0,0,0,"C",NA,0.463615091428572,0.682176926666667,NA,NA,NA,NA,NA,NA
"2685",2000,"2","16","wheat",8.82,7.15302,NA,NA,200.743479901531,28.2999426493234,85.1772532490864,171.5294196,25.1071002,33.6907242,29.2140603015312,3.19284244932344,51.4865290490864,"N5PKMg","N5 PKMg",240,35,90,0,0,0,0,"C",NA,0.584288291906872,0.70038618190734,NA,NA,NA,NA,NA,NA
"2719",2000,"3","16","wheat",5.02,4.3423,NA,NA,NA,NA,NA,115.331488,13.113746,21.103578,NA,NA,NA,"N5PKMg","N5 PKMg",240,35,90,0,0,0,0,"C",NA,NA,NA,NA,NA,NA,NA,NA,NA
"2817",2000,"6","16","wheat",6.75,5.9535,3.27,2.59311,165.2408019,20.8634643,74.9389773,146.33703,19.229805,27.14796,18.9037719,1.6336593,47.7910173,"N5PKMg","N5 PKMg",240,35,90,0,0,0,0,"C",NA,NA,NA,NA,NA,NA,NA,NA,NA
"2850",2000,"7","16","wheat",8.46,7.15716,4.42,3.12052,184.4692016,28.1631368,77.7576508,161.751816,25.4794896,32.1356484,22.7173856,2.6836472,45.6220024,"N5PKMg","N5 PKMg",240,35,90,0,0,0,0,"C",NA,0.427113851428571,0.535755994444444,NA,NA,NA,NA,NA,NA
"2890",2000,"8","16","wheat",1.18,1.03604,NA,NA,NA,NA,NA,25.5176652,3.3774904,5.1594792,NA,NA,NA,"N5PKMg","N5 PKMg",240,35,90,0,0,0,0,"C",NA,NA,NA,NA,NA,NA,NA,NA,NA
"2937",2000,"9","16","wheat",7.79,6.8552,4.29,3.12312,191.4761904,25.3316184,84.6086912,170.488824,23.239128,31.328264,20.9873664,2.0924904,53.2804272,"N5PKMg","N5 PKMg",240,35,90,0,0,0,0,"C",NA,NA,NA,NA,NA,NA,NA,NA,NA
"4186",2000,"0","20","wheat",1.9,1.6264,NA,NA,NA,NA,NA,33.942968,2.878728,7.56276,NA,NA,NA,"NKMg","N2 KMg",96,0,90,0,0,0,0,"C",NA,NA,NA,NA,NA,NA,NA,NA,NA
"4235",2000,"1","20","wheat",2.06,1.75718,1.21,0.92807,43.7340209,3.4178356,18.0492692,39.3256884,3.250783,8.434464,4.4083325,0.1670526,9.6148052,"NKMg","N2 KMg",96,0,90,0,0,0,0,"C",NA,NA,NA,NA,NA,NA,NA,NA,NA
"4672",2000,"0","22","wheat",4.94,4.16936,NA,NA,NA,NA,NA,66.8765344,13.8839688,20.5966384,NA,NA,NA,"FYM","FYM",0,0,0,35,295.75,40.89792,308.238,"C",NA,NA,NA,NA,NA,NA,NA,NA,NA
"4721",2000,"1","22","wheat",6.56,5.5432,4.93,3.76652,110.7147048,25.0317956,73.3662224,95.121312,20.398976,27.716,15.5933928,4.6328196,45.6502224,"FYM","FYM",0,0,0,35,295.75,40.89792,308.238,"C",NA,NA,NA,0.328057896196112,0.226477375824176,0.166747093153001,NA,NA,NA
"4755",2000,"2","22","wheat",5.65,4.7573,NA,NA,88.1536128706288,20.7772787270309,56.8768797730526,77.448844,17.60201,24.452522,10.7047688706289,3.17526872703091,32.4243577730526,"FYM","FYM",0,0,0,35,295.75,40.89792,308.238,"C",NA,NA,NA,0.250890303017135,0.121869934596157,0.063498509522971,NA,NA,NA
"4789",2000,"3","22","wheat",5.86,4.96342,NA,NA,NA,NA,NA,80.2088672,17.9675804,26.306126,NA,NA,NA,"FYM","FYM",0,0,0,35,295.75,40.89792,308.238,"C",NA,NA,NA,NA,NA,NA,NA,NA,NA
"4887",2000,"6","22","wheat",5.39,4.65696,4.42,3.536,92.1705856,20.6805376,69.3787456,76.1878656,16.5787776,22.6328256,15.98272,4.10176,46.74592,"FYM","FYM",0,0,0,35,295.75,40.89792,308.238,"C",NA,NA,NA,0.286949437024514,NA,NA,NA,NA,NA
"4920",2000,"7","22","wheat",5.75,4.92775,4.1,3.116,85.1266975,21.64576,61.67997,77.7106175,17.34568,22.66765,7.41608,4.30008,39.01232,"FYM","FYM",0,0,0,35,295.75,40.89792,308.238,"C",NA,NA,NA,0.216398525443787,0.0620626349957735,0.0406201568892646,NA,NA,NA
"4960",2000,"8","22","wheat",1.26,1.04076,NA,NA,NA,NA,NA,21.6269928,3.9757032,5.672142,NA,NA,NA,"FYM","FYM",0,0,0,35,295.75,40.89792,308.238,"C",NA,NA,NA,NA,NA,NA,NA,NA,NA
"5007",2000,"9","22","wheat",5.54,4.75332,4.13,3.22553,93.6745524,21.3934094,61.9585923,83.6108988,17.587284,22.7684028,10.0636536,3.8061254,39.1901895,"FYM","FYM",0,0,0,35,295.75,40.89792,308.238,"C",NA,NA,NA,0.271405132037193,NA,NA,NA,NA,NA
"5058",2000,"0","3","wheat",0.48,0.39648,NA,NA,NA,NA,NA,6.0146016,1.1260032,1.962576,NA,NA,NA,"Control","Nil",0,0,0,0,0,0,0,"C",NA,NA,NA,NA,NA,NA,NA,NA,NA
"5107",2000,"1","3","wheat",0.87,0.72123,0.8,0.64,14.010327,2.7391729,9.3582238,10.746327,2.3295729,3.6494238,3.264,0.4096,5.7088,"Control","Nil",0,0,0,0,0,0,0,"C",NA,NA,NA,NA,NA,NA,NA,NA,NA
"5141",2000,"2","3","wheat",0.91,0.75166,NA,NA,13.7037709176365,3.19059489665234,5.03271749165245,12.590305,2.8863744,3.7056838,1.11346591763655,0.304220496652338,1.32703369165245,"Control","Nil",0,0,0,0,0,0,0,"C",NA,NA,NA,NA,NA,NA,NA,NA,NA
"5175",2000,"3","3","wheat",0.91,0.75348,NA,NA,NA,NA,NA,12.846834,2.674854,3.4434036,NA,NA,NA,"Control","Nil",0,0,0,0,0,0,0,"C",NA,NA,NA,NA,NA,NA,NA,NA,NA
"5273",2000,"6","3","wheat",0.64,0.5408,0.28,0.21756,10.449358,2.2597944,4.8959508,9.307168,2.011776,2.887872,1.14219,0.2480184,2.0080788,"Control","Nil",0,0,0,0,0,0,0,"C",NA,NA,NA,NA,NA,NA,NA,NA,NA
"5306",2000,"7","3","wheat",1.12,0.92512,0.56,0.43288,14.9688448,4.0140352,7.81536,13.8953024,3.4599488,4.1445376,1.0735424,0.5540864,3.6708224,"Control","Nil",0,0,0,0,0,0,0,"C",NA,NA,NA,NA,NA,NA,NA,NA,NA
"5346",2000,"8","3","wheat",0.28,0.22764,NA,NA,NA,NA,NA,3.8425632,0.751212,1.1973864,NA,NA,NA,"Control","Nil",0,0,0,0,0,0,0,"C",NA,NA,NA,NA,NA,NA,NA,NA,NA
"5393",2000,"9","3","wheat",0.73,0.61247,0.5,0.398,11.0124918,2.1007299,5.6802407,9.7627718,1.9415299,2.9459807,1.24972,0.1592,2.73426,"Control","Nil",0,0,0,0,0,0,0,"C",NA,NA,NA,NA,NA,NA,NA,NA,NA
"5454",2000,"0","5","wheat",0.53,0.43778,NA,NA,NA,NA,NA,6.7680788,1.444674,2.2808338,NA,NA,NA,"PKMg","PKMg",0,35,90,0,0,0,0,"C",NA,NA,NA,NA,NA,NA,NA,NA,NA
"5503",2000,"1","5","wheat",0.95,0.78565,0.61,0.43676,13.691582,3.2004906,8.595198,11.879028,2.781201,4.336788,1.812554,0.4192896,4.25841,"PKMg","PKMg",0,35,90,0,0,0,0,"C",NA,NA,NA,NA,NA,NA,NA,NA,NA
"5537",2000,"2","5","wheat",1.01,0.83325,NA,NA,13.9528057533111,3.52739647786761,4.9373011060016,13.6653,3.06636,4.0745925,0.287505753311137,0.461036477867612,0.862708606001604,"PKMg","PKMg",0,35,90,0,0,0,0,"C",NA,NA,NA,NA,NA,NA,NA,NA,NA
"5571",2000,"3","5","wheat",0.6,0.4992,NA,NA,NA,NA,NA,7.71264,1.767168,2.540928,NA,NA,NA,"PKMg","PKMg",0,35,90,0,0,0,0,"C",NA,NA,NA,NA,NA,NA,NA,NA,NA
"5669",2000,"6","5","wheat",0.48,0.40128,0.26,0.19682,7.3052896,1.8396232,4.602434,6.580992,1.5168384,2.3153856,0.7242976,0.3227848,2.2870484,"PKMg","PKMg",0,35,90,0,0,0,0,"C",NA,NA,NA,NA,NA,NA,NA,NA,NA
"5702",2000,"7","5","wheat",1.51,1.23367,0.87,0.6351,21.1268336,5.9720848,13.9445311,18.9738446,4.8606598,6.0819931,2.152989,1.111425,7.862538,"PKMg","PKMg",0,35,90,0,0,0,0,"C",NA,NA,NA,NA,NA,NA,NA,NA,NA
"5742",2000,"8","5","wheat",0.46,0.37306,NA,NA,NA,NA,NA,6.3159058,1.3392854,2.163748,NA,NA,NA,"PKMg","PKMg",0,35,90,0,0,0,0,"C",NA,NA,NA,NA,NA,NA,NA,NA,NA
"5789",2000,"9","5","wheat",0.92,0.77832,0.59,0.46197,13.4064846,3.3495372,8.3511171,11.752632,2.8875672,4.0316976,1.6538526,0.46197,4.3194195,"PKMg","PKMg",0,35,90,0,0,0,0,"C",NA,NA,NA,NA,NA,NA,NA,NA,NA
"5850",2000,"0","6","wheat",2.65,2.22865,NA,NA,NA,NA,NA,37.129309,7.309972,12.658732,NA,NA,NA,"N1PKMg","N1 PKMg",48,35,90,0,0,0,0,"C",NA,NA,NA,NA,NA,NA,NA,NA,NA
"5899",2000,"1","6","wheat",3.12,2.61768,1.91,1.55856,46.2865512,10.2702648,30.6009192,40.2860952,9.3974712,15.7322568,6.000456,0.8727936,14.8686624,"N1PKMg","N1 PKMg",48,35,90,0,0,0,0,"C",NA,NA,NA,NA,NA,NA,NA,NA,NA
"5933",2000,"2","6","wheat",3.23,2.69059,NA,NA,37.5410370760874,9.12488149273785,22.8898441524196,35.8655647,8.5829821,14.9327745,1.67547237608736,0.541899392737854,7.95706965241959,"N1PKMg","N1 PKMg",48,35,90,0,0,0,0,"C",NA,NA,NA,NA,NA,NA,NA,NA,NA
"5967",2000,"3","6","wheat",1.92,1.59744,NA,NA,NA,NA,NA,25.3833216,5.19168,9.2012544,NA,NA,NA,"N1PKMg","N1 PKMg",48,35,90,0,0,0,0,"C",NA,NA,NA,NA,NA,NA,NA,NA,NA
"6065",2000,"6","6","wheat",2.14,1.82328,1.14,0.88692,NA,7.325076,19.5407964,28.1514432,6.5091096,10.5385584,NA,0.8159664,9.002238,"N1PKMg","N1 PKMg",48,35,90,0,0,0,0,"C",NA,NA,NA,NA,NA,NA,NA,NA,NA
"6098",2000,"7","6","wheat",3.56,2.9726,1.74,1.29804,40.9632332,11.2080936,27.267208,37.484486,9.987936,15.130534,3.4787472,1.2201576,12.136674,"N1PKMg","N1 PKMg",48,35,90,0,0,0,0,"C",NA,NA,NA,NA,NA,NA,NA,NA,NA
"6138",2000,"8","6","wheat",0.67,0.5762,NA,NA,NA,NA,NA,9.5073,2.10313,3.411104,NA,NA,NA,"N1PKMg","N1 PKMg",48,35,90,0,0,0,0,"C",NA,NA,NA,NA,NA,NA,NA,NA,NA
"6185",2000,"9","6","wheat",2.82,2.40546,1.75,1.39825,39.7486332,8.7652368,27.3081562,35.8894632,8.0101818,13.1578662,3.85917,0.755055,14.15029,"N1PKMg","N1 PKMg",48,35,90,0,0,0,0,"C",NA,NA,NA,NA,NA,NA,NA,NA,NA
"6246",2000,"0","7","wheat",3.84,3.22944,NA,NA,NA,NA,NA,59.2925184,9.9466752,17.4712704,NA,NA,NA,"N2PKMg","N2 PKMg",96,35,90,0,0,0,0,"C",NA,NA,NA,NA,NA,NA,NA,NA,NA
"6295",2000,"1","7","wheat",4.84,4.07528,2.74,2.09336,83.5049728,15.0108832,56.4400552,71.928692,12.9593904,22.0880176,11.5762808,2.0514928,34.3520376,"N2PKMg","N2 PKMg",96,35,90,0,0,0,0,"C",0.727222820833333,NA,NA,NA,NA,NA,NA,NA,NA
"6329",2000,"2","7","wheat",4.62,3.85308,NA,NA,62.7673579683249,13.0930718668384,33.6950360802031,58.1044464,12.2527944,20.4983856,4.66291156832489,0.840277466838415,13.1966504802031,"N2PKMg","N2 PKMg",96,35,90,0,0,0,0,"C",0.508484918906393,NA,NA,NA,NA,NA,NA,NA,NA
"6363",2000,"3","7","wheat",2.65,2.23925,NA,NA,NA,NA,NA,44.42672,7.1656,12.6517625,NA,NA,NA,"N2PKMg","N2 PKMg",96,35,90,0,0,0,0,"C",NA,NA,NA,NA,NA,NA,NA,NA,NA
"6461",2000,"6","7","wheat",3.87,3.35529,1.75,1.4035,60.5912016,12.71193,32.0643203,55.4964966,11.743515,18.6889653,5.094705,0.968415,13.375355,"N2PKMg","N2 PKMg",96,35,90,0,0,0,0,"C",0.555061583333333,NA,NA,NA,NA,NA,NA,NA,NA
"6494",2000,"7","7","wheat",5.81,4.85716,2.5,1.9225,73.6322072,17.8894406,40.9529172,68.8259572,16.5629156,25.1115172,4.80625,1.326525,15.8414,"N2PKMg","N2 PKMg",96,35,90,0,0,0,0,"C",0.546930975,NA,NA,NA,NA,NA,NA,NA,NA
"6534",2000,"8","7","wheat",0.65,0.5668,NA,NA,NA,NA,NA,10.185396,1.972464,3.281772,NA,NA,NA,"N2PKMg","N2 PKMg",96,35,90,0,0,0,0,"C",NA,NA,NA,NA,NA,NA,NA,NA,NA
"6581",2000,"9","7","wheat",4.66,4.01226,2.62,2.15626,70.1627312,13.6365038,40.9344412,62.5511334,12.5583738,20.3421582,7.6115978,1.07813,20.592283,"N2PKMg","N2 PKMg",96,35,90,0,0,0,0,"C",0.591210902083333,NA,NA,NA,NA,NA,NA,NA,NA
"1014",2000,"4","1","maize",12.8,3.1872,NA,NA,37.003392,6.53376,43.792128,NA,NA,NA,NA,NA,NA,"FYM+NPK","FYM N4 PK",192,35,90,35,295.75,40.89792,308.238,"C",NA,NA,NA,NA,NA,NA,-0.287329133333333,-0.404193645714286,-0.284295751111111
"3114",2000,"4","10","maize",3.99,0.83391,NA,NA,10.0819719,1.3175778,6.5295153,NA,NA,NA,NA,NA,NA,"N","N2",96,0,0,0,0,0,0,"C",NA,NA,NA,NA,NA,NA,NA,NA,NA
"52103",2000,"4","11","maize",5.83,1.41669,NA,NA,11.5460235,2.8050462,7.4517894,NA,NA,NA,NA,NA,NA,"NP","N2 P",96,35,0,0,0,0,0,"C",NA,NA,NA,NA,NA,NA,NA,NA,NA
"9412",2000,"4","13","maize",9.27,2.43801,NA,NA,16.822269,4.388418,31.1821479,NA,NA,NA,NA,NA,NA,"NPK","N2 PK",96,35,90,0,0,0,0,"C",NA,NA,NA,NA,NA,NA,NA,NA,NA
"1152",2000,"4","14","maize",10.63,2.88073,NA,NA,21.1445582,4.8684337,30.247665,NA,NA,NA,NA,NA,NA,"N4PKMg","N2 PKMg*",96,35,90,0,0,0,0,"C",NA,NA,NA,NA,NA,NA,NA,NA,NA
"15712",2000,"4","16","maize",13.75,3.20375,NA,NA,40.431325,6.02305,36.2984875,NA,NA,NA,NA,NA,NA,"N5PKMg","N5 PKMg",240,35,90,0,0,0,0,"C",NA,0.134442062857143,0.320518867777778,NA,NA,NA,NA,NA,NA
"26210",2000,"4","22","maize",9.7,2.2504,NA,NA,18.813344,4.433288,37.58168,NA,NA,NA,NA,NA,NA,"FYM","FYM",0,0,0,35,295.75,40.89792,308.238,"C",NA,NA,NA,0.054075617920541,0.0295228135249366,0.0245725122569738,NA,NA,NA
"28311",2000,"4","3","maize",1.98,0.4356,NA,NA,2.927232,0.701316,5.05296,NA,NA,NA,NA,NA,NA,"Control","Nil",0,0,0,0,0,0,0,"C",NA,NA,NA,NA,NA,NA,NA,NA,NA
"3042",2000,"4","5","maize",2.4,0.4992,NA,NA,2.82048,0.963456,8.8608,NA,NA,NA,NA,NA,NA,"PKMg","PKMg",0,35,90,0,0,0,0,"C",NA,NA,NA,NA,NA,NA,NA,NA,NA
"3252",2000,"4","6","maize",6.05,1.5004,NA,NA,10.937916,3.0008,19.040076,NA,NA,NA,NA,NA,NA,"N1PKMg","N1 PKMg",48,35,90,0,0,0,0,"C",NA,NA,NA,NA,NA,NA,NA,NA,NA
"3462",2000,"4","7","maize",9.55,2.33975,NA,NA,17.1503675,3.36924,35.7747775,NA,NA,NA,NA,NA,NA,"N2PKMg","N2 PKMg",96,35,90,0,0,0,0,"C",0.149269661458333,NA,NA,NA,NA,NA,NA,NA,NA
"7100",2001,"3","1","oats",3.79,3.2603475,2.12,1.3635416,57.847411063,15.2468176,49.721130747,51.806921775,12.5197344,14.378132475,6.040489288,2.7270832,35.342998272,"FYM+NPK","(FYM) N4",192,0,0,0,0,0,0,"D",NA,NA,NA,NA,NA,NA,0,0,0
"3010",2001,"3","10","oats",1.5,1.292865,0.56,0.4222176,22.929303516,4.227434652,8.610259014,21.3839871,4.0078815,4.43452695,1.545316416,0.219553152,4.175732064,"N","N2",96,0,0,0,0,0,0,"D",NA,NA,NA,NA,NA,NA,NA,NA,NA
"53100",2001,"3","11","oats",2.23,1.9260956,0.98,0.6892732,31.446252992,7.904789068,12.926175812,29.392218856,6.760595556,7.088031808,2.054034136,1.144193512,5.838144004,"NP","N2 P",96,35,0,0,0,0,0,"D",NA,NA,NA,NA,NA,NA,NA,NA,NA
"99",2001,"3","13","oats",1.83,1.5804612,0.75,0.519135,25.63232874,6.761845164,15.806790798,24.02301024,5.879315664,5.989947948,1.6093185,0.8825295,9.81684285,"NPK","N2 PK",96,35,90,0,0,0,0,"D",NA,NA,NA,NA,NA,NA,NA,NA,NA
"1221",2001,"3","14","oats",2.19,1.88559,0.92,0.6451316,30.931784616,8.168184268,18.331971948,29.1512214,7.0521066,7.1840979,1.780563216,1.116077668,11.147874048,"N4PKMg","N2 PKMg*",96,35,90,0,0,0,0,"D",NA,NA,NA,NA,NA,NA,NA,NA,NA
"16810",2001,"3","16","oats",3.56,3.0588232,1.52,1.0199504,54.978475728,12.194895704,33.542036096,51.327053296,11.042351752,12.296469264,3.651422432,1.152543952,21.245566832,"N5PKMg","N5 PKMg",240,35,90,0,0,0,0,"D",NA,0.227641744342857,0.229065114266667,NA,NA,NA,NA,NA,NA
"283",2001,"3","22","oats",3.62,3.1154082,1.62,1.011366,52.342878786,14.521923468,43.904745534,49.005370986,11.963167488,13.614333834,3.3375078,2.55875598,30.2904117,"FYM","FYM",0,0,0,35,227.5,59.08126,351.869,"D",NA,NA,NA,0.126715591094506,0.129290440747253,0.0918533001934066,NA,NA,NA
"306",2001,"3","3","oats",1.64,1.4098916,0.58,0.4403186,20.570466534,4.92915364,10.615707106,19.3860095,4.638543364,5.089708676,1.184457034,0.290610276,5.52599843,"Control","Nil",0,0,0,0,0,0,0,"D",NA,NA,NA,NA,NA,NA,NA,NA,NA
"329",2001,"3","5","oats",1.83,1.571238,0.84,0.5979204,23.515081812,6.62578434,17.866398636,21.79307106,5.60931966,6.03355392,1.722010752,1.01646468,11.832844716,"PKMg","PKMg",0,35,90,0,0,0,0,"D",NA,NA,NA,NA,NA,NA,NA,NA,NA
"3521",2001,"3","6","oats",2.46,2.1184536,1.12,0.8138032,33.701903232,8.51968104,24.38496108,31.480220496,7.372218528,8.198415432,2.221682736,1.147462512,16.186545648,"N1PKMg","N1 PKMg",48,35,90,0,0,0,0,"D",NA,NA,NA,NA,NA,NA,NA,NA,NA
"3751",2001,"3","7","oats",2.66,2.287068,1.23,0.8190078,33.843786438,9.514496076,26.33785386,31.37857296,8.18770344,9.05678928,2.465213478,1.326792636,17.28106458,"N2PKMg","N2 PKMg",96,35,90,0,0,0,0,"D",0.1075906731875,NA,NA,NA,NA,NA,NA,NA,NA
"18101",2001,"2","1","wheat",5.04,4.14288,NA,NA,111.142548089936,17.5313368508516,36.6066871350245,98.1448272,16.0329456,21.0872592,12.9977208899363,1.49839125085161,15.5194279350245,"FYM+NPK","(FYM) N4",192,0,0,0,0,0,0,"D",NA,NA,NA,NA,NA,NA,0,0,0
"7710",2001,"4","1","wheat",5.25,4.431,3.02,2.36466,121.4550534,19.7846754,53.3889564,104.92608,16.97073,22.55379,16.5289734,2.8139454,30.8351664,"FYM+NPK","(FYM) N4",192,0,0,0,0,0,0,"D",NA,NA,NA,NA,NA,NA,0,0,0
"15010",2001,"6","1","wheat",5.42,4.58532,2.31,1.89882,136.4573592,19.097424,51.9006168,120.0895308,16.5530052,21.3675912,16.3678284,2.5444188,30.5330256,"FYM+NPK","(FYM) N4",192,0,0,0,0,0,0,"D",NA,NA,NA,NA,NA,NA,0,0,0
"18310",2001,"7","1","wheat",5.29,4.45947,NA,NA,123.774796194609,17.5862451324295,35.7330473778897,109.6137726,16.054092,21.0486984,14.1610235946087,1.53215313242953,14.6843489778897,"FYM+NPK","(FYM) N4",192,0,0,0,0,0,0,"D",NA,NA,NA,NA,NA,NA,0,0,0
"2271",2001,"0","10","wheat",1.35,1.1097,NA,NA,NA,NA,NA,27.365202,2.77425,4.88268,NA,NA,NA,"N","N2",96,0,0,0,0,0,0,"D",NA,NA,NA,NA,NA,NA,NA,NA,NA
"276",2001,"1","10","wheat",1.49,1.2218,0.94,0.82814,35.986288,3.5075278,10.1714042,30.520564,3.201116,5.094906,5.465724,0.3064118,5.0764982,"N","N2",96,0,0,0,0,0,0,"D",NA,NA,NA,NA,NA,NA,NA,NA,NA
"3102",2001,"2","10","wheat",2.16,1.76688,NA,NA,46.7432740204894,6.15611319440663,10.9469779002796,42.1754256,5.30064,7.1735328,4.56784842048944,0.855473194406635,3.77344510027956,"N","N2",96,0,0,0,0,0,0,"D",NA,NA,NA,NA,NA,NA,NA,NA,NA
"3692",2001,"4","10","wheat",4.82,4.03434,2.27,1.94539,95.6936375,12.1412833,25.9218806,86.3752194,11.5382124,16.6618242,9.3184181,0.6030709,9.2600564,"N","N2",96,0,0,0,0,0,0,"D",NA,NA,NA,NA,NA,NA,NA,NA,NA
"4421",2001,"6","10","wheat",2.04,1.72176,1.04,0.9152,51.5280016,4.9309168,12.3275088,44.7829776,4.5282288,7.1108688,6.745024,0.402688,5.21664,"N","N2",96,0,0,0,0,0,0,"D",NA,NA,NA,NA,NA,NA,NA,NA,NA
"47510",2001,"7","10","wheat",3.56,3.0082,NA,NA,78.4195486071435,10.9727195495842,23.7782330383438,69.128436,9.505912,12.393784,9.29111260714348,1.46680754958417,11.3844490383438,"N","N2",96,0,0,0,0,0,0,"D",NA,NA,NA,NA,NA,NA,NA,NA,NA
"562",2001,"9","10","wheat",1.59,1.33878,1.08,0.95472,41.8479726,3.7154502,10.1004042,34.5539118,3.3335622,5.555937,7.2940608,0.381888,4.5444672,"N","N2",96,0,0,0,0,0,0,"D",NA,NA,NA,NA,NA,NA,NA,NA,NA
"623",2001,"0","11","wheat",2.41,1.98343,NA,NA,NA,NA,NA,42.2867276,6.148633,8.4494118,NA,NA,NA,"NP","N2 P",96,35,0,0,0,0,0,"D",NA,NA,NA,NA,NA,NA,NA,NA,NA
"672",2001,"1","11","wheat",1.96,1.60524,1.39,1.22737,45.2851899,6.8627,10.821621,34.4966076,5.5862352,6.9185844,10.7885823,1.2764648,3.9030366,"NP","N2 P",96,35,0,0,0,0,0,"D",NA,NA,NA,NA,NA,NA,NA,NA,NA
"706",2001,"2","11","wheat",2.07,1.69947,NA,NA,42.6529670334254,7.35783131192521,5.46045518268356,37.8132075,6.4239966,7.2907263,4.83975953342542,0.933834711925215,-1.83027111731644,"NP","N2 P",96,35,0,0,0,0,0,"D",NA,NA,NA,NA,NA,NA,NA,NA,NA
"765",2001,"4","11","wheat",3.92,3.28104,1.55,1.38725,73.6353633,11.5360238,17.4878378,65.6864208,10.5649488,13.3538328,7.9489425,0.971075,4.134005,"NP","N2 P",96,35,0,0,0,0,0,"D",NA,NA,NA,NA,NA,NA,NA,NA,NA
"838",2001,"6","11","wheat",2.35,1.97635,1.39,1.21903,54.8104009,8.1942504,12.0129967,43.558754,6.877698,8.7947575,11.2516469,1.3165524,3.2182392,"NP","N2 P",96,35,0,0,0,0,0,"D",NA,NA,NA,NA,NA,NA,NA,NA,NA
"871",2001,"7","11","wheat",3.28,2.76176,NA,NA,66.182929662682,11.6923614197839,16.3211082296649,57.6103136,10.2461296,11.875568,8.57261606268202,1.44623181978392,4.44554022966486,"NP","N2 P",96,35,0,0,0,0,0,"D",NA,NA,NA,NA,NA,NA,NA,NA,NA
"958",2001,"9","11","wheat",1.94,1.6296,1.4,1.2194,46.545226,7.105798,10.405528,35.802312,5.654712,7.08876,10.742914,1.451086,3.316768,"NP","N2 P",96,35,0,0,0,0,0,"D",NA,NA,NA,NA,NA,NA,NA,NA,NA
"1415",2001,"0","13","wheat",3.35,2.7872,NA,NA,NA,NA,NA,68.453632,10.256896,13.79664,NA,NA,NA,"NPK","N2 PK",96,35,90,0,0,0,0,"D",NA,NA,NA,NA,NA,NA,NA,NA,NA
"1464",2001,"1","13","wheat",4.27,3.55691,2.86,2.46246,100.559214,14.1209201,36.4992355,84.7255962,12.2002013,16.1839405,15.8336178,1.9207188,20.315295,"NPK","N2 PK",96,35,90,0,0,0,0,"D",NA,NA,NA,NA,NA,NA,NA,NA,NA
"1498",2001,"2","13","wheat",3.25,2.6975,NA,NA,70.8513284380771,10.6297019508143,24.1049051878286,64.389325,9.414275,12.759175,6.46200343807709,1.21542695081433,11.3457301878286,"NPK","N2 PK",96,35,90,0,0,0,0,"D",NA,NA,NA,NA,NA,NA,NA,NA,NA
"1557",2001,"4","13","wheat",5.11,4.28729,2.92,2.33308,97.2000256,17.7679226,40.4737842,85.2313252,15.6914814,21.1792126,11.9687004,2.0764412,19.2945716,"NPK","N2 PK",96,35,90,0,0,0,0,"D",NA,NA,NA,NA,NA,NA,NA,NA,NA
"1630",2001,"6","13","wheat",4.29,3.62934,2.05,1.6851,94.7805108,15.4001112,35.5032438,84.6362088,13.9003722,17.6748858,10.144302,1.499739,17.828358,"NPK","N2 PK",96,35,90,0,0,0,0,"D",NA,NA,NA,NA,NA,NA,NA,NA,NA
"1663",2001,"7","13","wheat",4.02,3.38082,NA,NA,83.3043688593493,15.7046021806903,35.6738064262897,72.6538218,13.692321,16.3631688,10.6505470593493,2.01228118069034,19.3106376262897,"NPK","N2 PK",96,35,90,0,0,0,0,"D",NA,NA,NA,NA,NA,NA,NA,NA,NA
"1750",2001,"9","13","wheat",4.45,3.76025,2.38,2.03966,97.939753,16.9754863,39.1895303,86.109725,15.0786025,19.1396725,11.830028,1.8968838,20.0498578,"NPK","N2 PK",96,35,90,0,0,0,0,"D",NA,NA,NA,NA,NA,NA,NA,NA,NA
"1811",2001,"0","14","wheat",3.97,3.31098,NA,NA,NA,NA,NA,77.7087006,11.2904418,15.230508,NA,NA,NA,"N4PKMg","N2 PKMg*",96,35,90,0,0,0,0,"D",NA,NA,NA,NA,NA,NA,NA,NA,NA
"1860",2001,"1","14","wheat",4.95,4.1184,2.84,2.42536,107.076548,15.0701896,37.7077904,93.858336,13.59072,18.450432,13.218212,1.4794696,19.2573584,"N4PKMg","N2 PKMg*",96,35,90,0,0,0,0,"D",NA,NA,NA,NA,NA,NA,NA,NA,NA
"1894",2001,"2","14","wheat",3.42,2.8386,NA,NA,72.720355744657,11.0874473963023,21.4981737812109,67.076118,9.9351,13.454964,5.64423774465695,1.15234739630235,8.04320978121086,"N4PKMg","N2 PKMg*",96,35,90,0,0,0,0,"D",NA,NA,NA,NA,NA,NA,NA,NA,NA
"1953",2001,"4","14","wheat",5.37,4.5108,2.95,2.41015,101.07096,18.476566,40.362572,90.080676,16.644852,22.238244,10.990284,1.831714,18.124328,"N4PKMg","N2 PKMg*",96,35,90,0,0,0,0,"D",NA,NA,NA,NA,NA,NA,NA,NA,NA
"2026",2001,"6","14","wheat",4.56,3.85776,2.37,2.02872,100.0906704,15.4803216,39.6019584,87.9183504,13.695048,18.7872912,12.17232,1.7852736,20.8146672,"N4PKMg","N2 PKMg*",96,35,90,0,0,0,0,"D",NA,NA,NA,NA,NA,NA,NA,NA,NA
"2059",2001,"7","14","wheat",4.06,3.43476,NA,NA,82.238225294065,15.6590429197969,30.7082576203285,72.816912,13.7733876,16.2464148,9.42131329406504,1.88565531979692,14.4618428203285,"N4PKMg","N2 PKMg*",96,35,90,0,0,0,0,"D",NA,NA,NA,NA,NA,NA,NA,NA,NA
"2146",2001,"9","14","wheat",4.74,4.01004,2.15,1.8877,99.0604418,16.2104762,34.481931,89.9050968,14.7569472,19.248192,9.155345,1.453529,15.233739,"N4PKMg","N2 PKMg*",96,35,90,0,0,0,0,"D",NA,NA,NA,NA,NA,NA,NA,NA,NA
"2603",2001,"0","16","wheat",4.68,3.91716,NA,NA,NA,NA,NA,102.7862784,12.73077,18.2931372,NA,NA,NA,"N5PKMg","N5 PKMg",240,35,90,0,0,0,0,"D",NA,NA,NA,NA,NA,NA,NA,NA,NA
"2652",2001,"1","16","wheat",5.17,4.31178,3.18,2.71254,132.1083966,16.752153,50.3905524,109.6485654,14.9618766,20.3084838,22.4598312,1.7902764,30.0820686,"N5PKMg","N5 PKMg",240,35,90,0,0,0,0,"D",NA,0.390003257142857,0.439654793333333,NA,NA,NA,NA,NA,NA
"2686",2001,"2","16","wheat",4.64,3.86976,NA,NA,113.116593964413,13.8312109433441,44.1572626533849,98.291904,12.6541152,18.4587552,14.8246899644125,1.17709574334414,25.6985074533849,"N5PKMg","N5 PKMg",240,35,90,0,0,0,0,"D",NA,0.2192885071125,0.429964527452237,NA,NA,NA,NA,NA,NA
"2745",2001,"4","16","wheat",6.35,5.32765,3.63,2.89674,155.5345902,20.1396928,59.4082487,130.101213,17.474692,24.5604665,25.4333772,2.6650008,34.8477822,"N5PKMg","N5 PKMg",240,35,90,0,0,0,0,"D",NA,0.228525985714286,0.465782343333333,NA,NA,NA,NA,NA,NA
"2818",2001,"6","16","wheat",5.3,4.4891,2.85,2.3826,134.471678,17.903842,51.859874,112.766192,15.71185,21.457898,21.705486,2.191992,30.401976,"N5PKMg","N5 PKMg",240,35,90,0,0,0,0,"D",NA,0.370655005714286,0.442743081111111,NA,NA,NA,NA,NA,NA
"2851",2001,"7","16","wheat",5.87,4.96602,NA,NA,151.972400551802,20.69608817081,61.5058369403392,128.6695782,18.1756332,22.9430124,23.3028223518021,2.52045497080999,38.5628245403392,"N5PKMg","N5 PKMg",240,35,90,0,0,0,0,"D",NA,0.277810532035024,0.502052541229715,NA,NA,NA,NA,NA,NA
"2938",2001,"9","16","wheat",5.17,4.37899,2.65,2.12,135.7779906,17.2146549,46.7886227,117.9699906,15.3702549,20.7126227,17.808,1.8444,26.076,"N5PKMg","N5 PKMg",240,35,90,0,0,0,0,"D",NA,0.385691562857143,0.404256607777778,NA,NA,NA,NA,NA,NA
"4187",2001,"0","20","wheat",1.39,1.15648,NA,NA,NA,NA,NA,31.0977472,3.0878016,5.1000768,NA,NA,NA,"NKMg","N2 KMg",96,0,90,0,0,0,0,"D",NA,NA,NA,NA,NA,NA,NA,NA,NA
"4236",2001,"1","20","wheat",1.3,1.0751,0.97,0.83905,34.7445275,3.102039,13.1125495,29.231969,2.816762,4.73044,5.5125585,0.285277,8.3821095,"NKMg","N2 KMg",96,0,90,0,0,0,0,"D",NA,NA,NA,NA,NA,NA,NA,NA,NA
"4673",2001,"0","22","wheat",1.34,1.0921,NA,NA,NA,NA,NA,23.687649,4.848924,5.809972,NA,NA,NA,"FYM","FYM",0,0,0,35,227.5,59.08126,351.869,"D",NA,NA,NA,NA,NA,NA,NA,NA,NA
"4722",2001,"1","22","wheat",2.17,1.77072,1.87,1.52218,46.243978,9.7783864,24.634564,39.1506192,7.52556,8.499456,7.0933588,2.2528264,16.135108,"FYM","FYM",0,0,0,35,227.5,59.08126,351.869,"D",NA,NA,NA,0.165191685274725,0.0505470351648351,0.00421445318681315,NA,NA,NA
"4756",2001,"2","22","wheat",1.95,1.5873,NA,NA,37.449153263864,9.23597201296839,22.8850454702163,32.872983,6.82539,8.111103,4.57617026386401,2.41058201296839,14.7739424702163,"FYM","FYM",0,0,0,35,227.5,59.08126,351.869,"D",NA,NA,NA,0.130265332619694,-0.0408532780511007,-0.0228739066793908,NA,NA,NA
"4815",2001,"4","22","wheat",1.7,1.4127,1.11,0.82695,34.535019,7.629276,16.0886265,30.697971,6.07461,6.851595,3.837048,1.554666,9.2370315,"FYM","FYM",0,0,0,35,227.5,59.08126,351.869,"D",NA,NA,NA,0.0915876237362637,-0.268829092307692,-0.171869645274725,NA,NA,NA
"4888",2001,"6","22","wheat",1.83,1.53354,0.78,0.65286,36.8090424,7.845741,14.6438832,33.4925136,6.6248928,7.5603522,3.3165288,1.2208482,7.083531,"FYM","FYM",0,0,0,35,227.5,59.08126,351.869,"D",NA,NA,NA,0.113820068571429,-0.0646987217582418,-0.0791268505494505,NA,NA,NA
"4921",2001,"7","22","wheat",1.96,1.63856,NA,NA,44.324453981362,10.3124939233365,24.4107110044884,37.5885664,7.537376,7.6848464,6.73588758136202,2.77511792333648,16.7258646044884,"FYM","FYM",0,0,0,35,227.5,59.08126,351.869,"D",NA,NA,NA,0.133066910857746,-0.149868547805633,-0.0960812117860219,NA,NA,NA
"5008",2001,"9","22","wheat",2.24,1.87936,1.7,1.3107,48.9735018,9.95333,28.5335052,40.6505568,7.98728,9.5283552,8.322945,1.96605,19.00515,"FYM","FYM",0,0,0,35,227.5,59.08126,351.869,"D",NA,NA,NA,0.176386865054945,0.0313210074725275,0.0106737397802198,NA,NA,NA
"5059",2001,"0","3","wheat",0.85,0.67915,NA,NA,NA,NA,NA,14.058405,2.377025,3.042592,NA,NA,NA,"Control","Nil",0,0,0,0,0,0,0,"D",NA,NA,NA,NA,NA,NA,NA,NA,NA
"5108",2001,"1","3","wheat",0.39,0.31083,0.48,0.42048,8.5062507,1.6102434,4.3269252,6.5678379,1.3117026,1.429818,1.9384128,0.2985408,2.8971072,"Control","Nil",0,0,0,0,0,0,0,"D",NA,NA,NA,NA,NA,NA,NA,NA,NA
"5142",2001,"2","3","wheat",0.63,0.50589,NA,NA,11.4434855302406,2.34761798186707,2.67672082279359,10.5123942,2.0640312,2.3523885,0.931091330240577,0.283586781867069,0.324332322793595,"Control","Nil",0,0,0,0,0,0,0,"D",NA,NA,NA,NA,NA,NA,NA,NA,NA
"5201",2001,"4","3","wheat",0.51,0.42024,0.2,0.1736,9.235508,1.9305736,2.9063752,8.50986,1.7187816,1.8196392,0.725648,0.211792,1.086736,"Control","Nil",0,0,0,0,0,0,0,"D",NA,NA,NA,NA,NA,NA,NA,NA,NA
"5274",2001,"6","3","wheat",0.76,0.63232,0.41,0.36449,15.2104567,3.0525951,5.709083,13.4937088,2.7063296,3.0920448,1.7167479,0.3462655,2.6170382,"Control","Nil",0,0,0,0,0,0,0,"D",NA,NA,NA,NA,NA,NA,NA,NA,NA
"5307",2001,"7","3","wheat",0.6,0.4986,NA,NA,11.7883617633533,2.79720890316727,3.43923727351328,10.301076,2.39328,2.313504,1.48728576335333,0.403928903167266,1.12573327351328,"Control","Nil",0,0,0,0,0,0,0,"D",NA,NA,NA,NA,NA,NA,NA,NA,NA
"5394",2001,"9","3","wheat",0.35,0.29295,0.25,0.20825,7.166229,1.1055555,2.536856,6.2603415,0.9931005,1.2977685,0.9058875,0.112455,1.2390875,"Control","Nil",0,0,0,0,0,0,0,"D",NA,NA,NA,NA,NA,NA,NA,NA,NA
"5455",2001,"0","5","wheat",0.49,0.39543,NA,NA,NA,NA,NA,8.1774924,1.4986797,1.7992065,NA,NA,NA,"PKMg","PKMg",0,35,90,0,0,0,0,"D",NA,NA,NA,NA,NA,NA,NA,NA,NA
"5504",2001,"1","5","wheat",0.43,0.34314,0.45,0.3897,8.6628696,1.9206912,4.583841,6.8078976,1.4686392,1.629915,1.854972,0.452052,2.953926,"PKMg","PKMg",0,35,90,0,0,0,0,"D",NA,NA,NA,NA,NA,NA,NA,NA,NA
"5538",2001,"2","5","wheat",0.49,0.392,NA,NA,7.81379009288358,2.09948741647202,1.02488852726157,8.14184,1.7052,1.91296,-0.328049907116423,0.394287416472025,-0.888071472738432,"PKMg","PKMg",0,35,90,0,0,0,0,"D",NA,NA,NA,NA,NA,NA,NA,NA,NA
"5597",2001,"4","5","wheat",0.66,0.54714,0.66,0.52074,13.6988346,3.1230606,7.9832214,10.970157,2.2378026,2.380059,2.7286776,0.885258,5.6031624,"PKMg","PKMg",0,35,90,0,0,0,0,"D",NA,NA,NA,NA,NA,NA,NA,NA,NA
"5670",2001,"6","5","wheat",0.56,0.46424,0.18,0.1512,10.9149768,2.2928808,3.5557592,10.1529288,2.0751528,2.2887032,0.762048,0.217728,1.267056,"PKMg","PKMg",0,35,90,0,0,0,0,"D",NA,NA,NA,NA,NA,NA,NA,NA,NA
"5703",2001,"7","5","wheat",0.71,0.59285,NA,NA,14.0517317612247,3.51324391200262,4.37646042577724,12.7996315,2.8516085,2.7804665,1.25210026122471,0.661635412002621,1.59599392577724,"PKMg","PKMg",0,35,90,0,0,0,0,"D",NA,NA,NA,NA,NA,NA,NA,NA,NA
"5790",2001,"9","5","wheat",0.43,0.35604,0.31,0.27373,8.84549,1.8120717,3.9629192,7.47684,1.4918076,1.7730792,1.36865,0.3202641,2.18984,"PKMg","PKMg",0,35,90,0,0,0,0,"D",NA,NA,NA,NA,NA,NA,NA,NA,NA
"5851",2001,"0","6","wheat",2.33,1.90128,NA,NA,NA,NA,NA,37.4932416,6.5213904,9.1451568,NA,NA,NA,"N1PKMg","N1 PKMg",48,35,90,0,0,0,0,"D",NA,NA,NA,NA,NA,NA,NA,NA,NA
"5900",2001,"1","6","wheat",2.32,1.88616,2.22,1.91586,41.0838192,8.8489098,21.5222526,33.573648,7.450332,9.2799072,7.5101712,1.3985778,12.2423454,"N1PKMg","N1 PKMg",48,35,90,0,0,0,0,"D",NA,NA,NA,NA,NA,NA,NA,NA,NA
"5934",2001,"2","6","wheat",1.59,1.28313,NA,NA,26.1604721195225,5.80503416160815,10.9071707461931,23.3016408,4.9272192,6.6851073,2.85883131952252,0.877814961608152,4.22206344619315,"N1PKMg","N1 PKMg",48,35,90,0,0,0,0,"D",NA,NA,NA,NA,NA,NA,NA,NA,NA
"5993",2001,"4","6","wheat",2.69,2.24077,1.85,1.5762,39.6994356,9.4306542,20.0968547,34.6871196,8.2012182,11.0021807,5.012316,1.229436,9.094674,"N1PKMg","N1 PKMg",48,35,90,0,0,0,0,"D",NA,NA,NA,NA,NA,NA,NA,NA,NA
"6066",2001,"6","6","wheat",2.32,1.94416,1.82,1.5834,42.3574812,9.020914,22.0446632,36.1030512,7.485016,9.6624752,6.25443,1.535898,12.382188,"N1PKMg","N1 PKMg",48,35,90,0,0,0,0,"D",NA,NA,NA,NA,NA,NA,NA,NA,NA
"6099",2001,"7","6","wheat",1.99,1.65966,NA,NA,34.9449436537916,8.11654878881303,14.5829686959291,29.6083344,6.8212026,7.6842258,5.33660925379161,1.29534618881303,6.8987428959291,"N1PKMg","N1 PKMg",48,35,90,0,0,0,0,"D",NA,NA,NA,NA,NA,NA,NA,NA,NA
"6186",2001,"9","6","wheat",2.15,1.8017,1.92,1.70304,41.1942574,7.9314726,19.6436206,34.790827,6.756375,8.846347,6.4034304,1.1750976,10.7972736,"N1PKMg","N1 PKMg",48,35,90,0,0,0,0,"D",NA,NA,NA,NA,NA,NA,NA,NA,NA
"6247",2001,"0","7","wheat",2.23,1.83752,NA,NA,NA,NA,NA,33.167236,6.3578192,8.820096,NA,NA,NA,"N2PKMg","N2 PKMg",96,35,90,0,0,0,0,"D",NA,NA,NA,NA,NA,NA,NA,NA,NA
"6296",2001,"1","7","wheat",2.86,2.3595,2.33,2.01778,57.9446042,11.4263268,25.4879746,48.582105,9.791925,11.726715,9.3624992,1.6344018,13.7612596,"N2PKMg","N2 PKMg",96,35,90,0,0,0,0,"D",0.513351402083333,NA,NA,NA,NA,NA,NA,NA,NA
"6330",2001,"2","7","wheat",2.63,2.16186,NA,NA,49.8472598154006,9.36892679959437,20.6661671539403,43.6479534,8.0853564,11.025486,6.1993064154006,1.28357039959437,9.64068115394025,"N2PKMg","N2 PKMg",96,35,90,0,0,0,0,"D",0.437848642942886,NA,NA,NA,NA,NA,NA,NA,NA
"6389",2001,"4","7","wheat",4.42,3.69512,2.62,2.23486,70.2653496,14.247299,33.4819248,62.0410648,12.5264568,18.106088,8.2242848,1.7208422,15.3758368,"N2PKMg","N2 PKMg",96,35,90,0,0,0,0,"D",0.58923453125,NA,NA,NA,NA,NA,NA,NA,NA
"6462",2001,"6","7","wheat",3.63,3.05283,1.9,1.6739,62.4767756,12.0437137,27.3811234,56.2331286,10.6543767,14.5925274,6.243647,1.389337,12.788596,"N2PKMg","N2 PKMg",96,35,90,0,0,0,0,"D",0.537102070833333,NA,NA,NA,NA,NA,NA,NA,NA
"6495",2001,"7","7","wheat",3.28,2.75192,NA,NA,57.0809358955903,12.4919124599844,25.7700009560577,48.6814648,10.8150456,13.209216,8.39947109559034,1.67686685998439,12.5607849560577,"N2PKMg","N2 PKMg",96,35,90,0,0,0,0,"D",0.448220876399642,NA,NA,NA,NA,NA,NA,NA,NA
"6582",2001,"9","7","wheat",3.09,2.5956,1.88,1.64688,53.8299456,10.2399216,23.786544,47.291832,9.136512,13.081824,6.5381136,1.1034096,10.70472,"N2PKMg","N2 PKMg",96,35,90,0,0,0,0,"D",0.468588079166667,NA,NA,NA,NA,NA,NA,NA,NA
"14103",2001,"5","1","maize",13.67,3.51319,NA,NA,47.4983288,9.0640302,53.2248285,NA,NA,NA,NA,NA,NA,"FYM+NPK","(FYM) N4",192,0,0,0,0,0,0,"D",NA,NA,NA,NA,NA,NA,0,0,0
"3515",2001,"5","10","maize",2.73,0.49959,NA,NA,9.9518328,1.049139,5.3606007,NA,NA,NA,NA,NA,NA,"N","N2",96,0,0,0,0,0,0,"D",NA,NA,NA,NA,NA,NA,NA,NA,NA
"56103",2001,"5","11","maize",4.11,0.69459,NA,NA,12.9541035,2.639442,5.0913447,NA,NA,NA,NA,NA,NA,"NP","N2 P",96,35,0,0,0,0,0,"D",NA,NA,NA,NA,NA,NA,NA,NA,NA
"982",2001,"5","13","maize",6.77,1.2186,NA,NA,17.889048,3.521754,18.291186,NA,NA,NA,NA,NA,NA,"NPK","N2 PK",96,35,90,0,0,0,0,"D",NA,NA,NA,NA,NA,NA,NA,NA,NA
"1193",2001,"5","14","maize",8.84,1.69728,NA,NA,32.3841024,5.2445952,26.5284864,NA,NA,NA,NA,NA,NA,"N4PKMg","N2 PKMg*",96,35,90,0,0,0,0,"D",NA,NA,NA,NA,NA,NA,NA,NA,NA
"16112",2001,"5","16","maize",7.76,1.45112,NA,NA,23.5661888,3.6132888,22.6229608,NA,NA,NA,NA,NA,NA,"N5PKMg","N5 PKMg",240,35,90,0,0,0,0,"D",NA,0.0732614228571429,0.194795734444444,NA,NA,NA,NA,NA,NA
"26610",2001,"5","22","maize",9.43,2.44237,NA,NA,24.4237,5.1534007,54.3671562,NA,NA,NA,NA,NA,NA,"FYM","FYM",0,0,0,35,227.5,59.08126,351.869,"D",NA,NA,NA,0.0940347076923077,0.0636126030769231,0.0504158087912088,NA,NA,NA
"28711",2001,"5","3","maize",2.29,0.47403,NA,NA,4.0197744,0.5498748,7.2905814,NA,NA,NA,NA,NA,NA,"Control","Nil",0,0,0,0,0,0,0,"D",NA,NA,NA,NA,NA,NA,NA,NA,NA
"3082",2001,"5","5","maize",1.71,0.36081,NA,NA,3.030804,0.7324443,7.2198081,NA,NA,NA,NA,NA,NA,"PKMg","PKMg",0,35,90,0,0,0,0,"D",NA,NA,NA,NA,NA,NA,NA,NA,NA
"3292",2001,"5","6","maize",7.57,1.84708,NA,NA,19.024924,3.1769776,30.199758,NA,NA,NA,NA,NA,NA,"N1PKMg","N1 PKMg",48,35,90,0,0,0,0,"D",NA,NA,NA,NA,NA,NA,NA,NA,NA
"3503",2001,"5","7","maize",11.8,2.9854,NA,NA,36.809982,7.254522,44.004796,NA,NA,NA,NA,NA,NA,"N2PKMg","N2 PKMg",96,35,90,0,0,0,0,"D",0.3518664375,NA,NA,NA,NA,NA,NA,NA,NA
"2164",2002,"2","1","oats",6.44,5.5315092,3.66,2.3888454,62.3608068,20.520940914,74.017917942,56.532024024,17.534884164,23.398283916,5.828782776,2.98605675,50.619634026,"FYM+NPK","(FYM) N4",192,0,0,0,0,0,0,"E",NA,NA,NA,NA,NA,NA,0,0,0
"2510",2002,"2","10","oats",5.5,4.69964,3.46,2.630638,55.2089919,10.8558783,39.16444418,49.816184,10.1982188,16.7777148,5.3928079,0.6576595,22.38672938,"N","N4",192,0,0,0,0,0,0,"E",NA,NA,NA,NA,NA,NA,NA,NA,NA
"48100",2002,"2","11","oats",5.85,5.051124,2.82,2.0679906,52.380633006,15.016457352,35.646324948,48.84436908,13.94110224,19.14375996,3.536263926,1.075355112,16.502564988,"NP","N4 PMg",192,35,0,0,0,0,0,"E",NA,NA,NA,NA,NA,NA,NA,NA,NA
"94",2002,"2","13","oats",3.9,3.350919,1.58,1.1606522,35.806907632,9.888205526,28.211164182,34.11235542,9.21502725,13.16911167,1.694552212,0.673178276,15.042052512,"NPK","N4 PK",192,35,90,0,0,0,0,"E",NA,NA,NA,NA,NA,NA,NA,NA,NA
"1171",2002,"2","14","oats",4.14,3.5564256,1.65,1.261722,40.969657932,10.280211396,27.652638888,39.013988832,9.460092096,13.798931328,1.9556691,0.8201193,13.85370756,"N4PKMg","N4 PK*(Mg*)",192,35,90,0,0,0,0,"E",NA,NA,NA,NA,NA,NA,NA,NA,NA
"16310",2002,"2","16","oats",5.75,4.94868,3.36,2.3851968,52.165593216,14.827103232,49.957870464,47.7052752,13.6583568,20.1906144,4.460318016,1.168746432,29.767256064,"N5PKMg","N5 (P)KMg",240,0,90,0,0,0,0,"E",NA,0,0.1590171724,NA,NA,NA,NA,NA,NA
"278",2002,"2","22","oats",8.29,7.0948307,5.82,3.9697056,92.977712011,27.773703634,107.268368571,84.641330251,23.129148082,31.288203387,8.33638176,4.644555552,75.980165184,"FYM","FYM",0,0,0,35,211.75,48.46688,399.2912,"E",NA,NA,NA,0.327334933737898,0.178364675848878,0.191721742644628,NA,NA,NA
"301",2002,"2","3","oats",2.22,1.8969234,0.92,0.7332032,22.27424536,5.676708812,13.755813496,21.093788208,5.273447052,7.20830892,1.180457152,0.40326176,6.547504576,"Control","Nil",0,0,0,0,0,0,0,"E",NA,NA,NA,NA,NA,NA,NA,NA,NA
"324",2002,"2","5","oats",2.64,2.2514976,1.12,0.8349712,23.664539792,7.340012336,19.43552792,22.019646528,6.596887968,9.073535328,1.644893264,0.743124368,10.361992592,"PKMg","(P)KMg",0,0,90,0,0,0,0,"E",NA,NA,NA,NA,NA,NA,NA,NA,NA
"347",2002,"2","6","oats",3.48,2.996802,1.46,1.0872036,29.683520208,9.51170436,25.542827856,28.0200987,8.75066184,12.37679226,1.663421508,0.76104252,13.166035596,"N1PKMg","N1 (P)KMg",48,0,90,0,0,0,0,"E",NA,NA,NA,NA,NA,NA,NA,NA,NA
"3701",2002,"2","7","oats",4.06,3.4937112,1.89,1.4103747,33.60062958,10.721257302,30.045742251,31.513275024,9.677580024,14.009781912,2.087354556,1.043677278,16.035960339,"N2PKMg","N2 (P)KMg",96,0,90,0,0,0,0,"E",0.103500935291667,NA,NA,NA,NA,NA,NA,NA,NA
"7810",2002,"4","1","wheat",10.22,8.56436,NA,NA,195.682480027373,37.3911429381685,84.3930784888918,167.861456,33.5722912,41.0232844,27.8210240273727,3.8188517381685,43.3697940888918,"FYM+NPK","(FYM) N4",192,0,0,0,0,0,0,"E",NA,NA,NA,NA,NA,NA,0,0,0
"1101",2002,"5","1","wheat",11.24,9.54276,6.97,5.77116,205.042452,42.1867872,96.6073824,172.723956,36.3579156,43.8012684,32.318496,5.8288716,52.806114,"FYM+NPK","(FYM) N4",192,0,0,0,0,0,0,"E",NA,NA,NA,NA,NA,NA,0,0,0
"15110",2002,"6","1","wheat",7.23,6.15996,4.53,4.00452,161.5485,28.536588,57.1466964,135.51912,24.331842,29.0750112,26.02938,4.204746,28.0716852,"FYM+NPK","(FYM) N4",192,0,0,0,0,0,0,"E",NA,NA,NA,NA,NA,NA,0,0,0
"18410",2002,"7","1","wheat",8.78,7.20838,NA,NA,175.89183144657,29.1304455982662,67.8508561386159,154.259332,26.4547546,34.960643,21.6324994465701,2.67569099826616,32.8902131386159,"FYM+NPK","(FYM) N4",192,0,0,0,0,0,0,"E",NA,NA,NA,NA,NA,NA,0,0,0
"2281",2002,"0","10","wheat",0.93,0.77934,NA,NA,NA,NA,NA,17.301348,1.5041262,3.1017732,NA,NA,NA,"N","N4",192,0,0,0,0,0,0,"E",NA,NA,NA,NA,NA,NA,NA,NA,NA
"27710",2002,"1","10","wheat",0.66,0.5511,0.45,0.40095,15.617415,1.202454,5.3317605,12.28953,1.058112,2.336664,3.327885,0.144342,2.9950965,"N","N4",192,0,0,0,0,0,0,"E",NA,NA,NA,NA,NA,NA,NA,NA,NA
"3702",2002,"4","10","wheat",4.18,3.60734,NA,NA,84.8722263868719,10.1337573959362,21.1816094111859,77.197076,9.6315978,15.331195,7.67515038687185,0.50215959593621,5.85041441118594,"N","N4",192,0,0,0,0,0,0,"E",NA,NA,NA,NA,NA,NA,NA,NA,NA
"4021",2002,"5","10","wheat",9.81,8.44641,4.34,3.54144,184.728327,27.10995,59.5923153,168.083559,25.33923,36.5729553,16.644768,1.77072,23.01936,"N","N4",192,0,0,0,0,0,0,"E",NA,NA,NA,NA,NA,NA,NA,NA,NA
"4431",2002,"6","10","wheat",0.51,0.3009,0.47,0.36707,11.557275,1.0379029,3.8415239,7.70304,0.755259,1.393167,3.854235,0.2826439,2.4483569,"N","N4",192,0,0,0,0,0,0,"E",NA,NA,NA,NA,NA,NA,NA,NA,NA
"47610",2002,"7","10","wheat",0.54,0.35262,NA,NA,8.10982269915852,0.698194916311345,-6.3650369999913,8.533404,0.9273906,1.5621066,-0.423581300841477,-0.229195683688655,-7.9271435999913,"N","N4",192,0,0,0,0,0,0,"E",NA,NA,NA,NA,NA,NA,NA,NA,NA
"515",2002,"8","10","wheat",2.37,2.01924,NA,NA,NA,NA,NA,41.39442,4.5634824,7.0067628,NA,NA,NA,"N","N4",192,0,0,0,0,0,0,"E",NA,NA,NA,NA,NA,NA,NA,NA,NA
"563",2002,"9","10","wheat",0.38,0.30248,0.35,0.3136,10.512064,0.8500352,3.1770152,7.501504,0.6775552,1.3581352,3.01056,0.17248,1.81888,"N","N4",192,0,0,0,0,0,0,"E",NA,NA,NA,NA,NA,NA,NA,NA,NA
"624",2002,"0","11","wheat",4.55,3.9858,NA,NA,NA,NA,NA,79.716,15.225756,17.73681,NA,NA,NA,"NP","N4 PMg",192,35,0,0,0,0,0,"E",NA,NA,NA,NA,NA,NA,NA,NA,NA
"673",2002,"1","11","wheat",4.45,3.89375,1.9,1.7879,87.2753,14.8613615,20.302613,74.76,12.9661875,15.8865,12.5153,1.895174,4.416113,"NP","N4 PMg",192,35,0,0,0,0,0,"E",NA,NA,NA,NA,NA,NA,NA,NA,NA
"766",2002,"4","11","wheat",7.2,6.2424,NA,NA,134.662361375016,23.268661492324,42.1141816508969,116.73288,21.22416,26.5302,17.9294813750159,2.04450149232395,15.5839816508969,"NP","N4 PMg",192,35,0,0,0,0,0,"E",NA,NA,NA,NA,NA,NA,NA,NA,NA
"798",2002,"5","11","wheat",8.28,7.2036,3.33,2.87046,145.739376,26.5134438,39.9291192,129.6648,23.843916,30.399192,16.074576,2.6695278,9.5299272,"NP","N4 PMg",192,35,0,0,0,0,0,"E",NA,NA,NA,NA,NA,NA,NA,NA,NA
"839",2002,"6","11","wheat",2.32,1.99984,0.76,0.665,53.047256,9.236986,11.134898,46.796256,8.299336,9.399248,6.251,0.93765,1.73565,"NP","N4 PMg",192,35,0,0,0,0,0,"E",NA,NA,NA,NA,NA,NA,NA,NA,NA
"872",2002,"7","11","wheat",3.4,2.9172,NA,NA,72.0203913511535,11.6633196490692,14.7197639807127,62.42808,10.618608,12.718992,9.59231135115346,1.04471164906921,2.00077198071273,"NP","N4 PMg",192,35,0,0,0,0,0,"E",NA,NA,NA,NA,NA,NA,NA,NA,NA
"911",2002,"8","11","wheat",2.1,1.7745,NA,NA,NA,NA,NA,33.53805,5.57193,6.689865,NA,NA,NA,"NP","N4 PMg",192,35,0,0,0,0,0,"E",NA,NA,NA,NA,NA,NA,NA,NA,NA
"959",2002,"9","11","wheat",3.8,3.3326,2.23,2.07836,96.483856,14.4974992,29.6258592,79.64914,12.897162,15.763198,16.834716,1.6003372,13.8626612,"NP","N4 PMg",192,35,0,0,0,0,0,"E",NA,NA,NA,NA,NA,NA,NA,NA,NA
"1416",2002,"0","13","wheat",4.12,3.60912,NA,NA,NA,NA,NA,77.59608,13.1371968,17.0711376,NA,NA,NA,"NPK","N4 PK",192,35,90,0,0,0,0,"E",NA,NA,NA,NA,NA,NA,NA,NA,NA
"1465",2002,"1","13","wheat",5.31,4.63563,2.63,2.45905,100.37222,17.2204556,43.5935851,88.07697,15.6220731,21.8801736,12.29525,1.5983825,21.7134115,"NPK","N4 PK",192,35,90,0,0,0,0,"E",NA,NA,NA,NA,NA,NA,NA,NA,NA
"1558",2002,"4","13","wheat",5.2,4.4876,NA,NA,100.587530478384,17.1915330892713,43.6024571569181,90.64952,16.020732,23.874032,9.93801047838417,1.17080108927132,19.7284251569181,"NPK","N4 PK",192,35,90,0,0,0,0,"E",NA,NA,NA,NA,NA,NA,NA,NA,NA
"1590",2002,"5","13","wheat",8.14,6.73178,4.18,3.21442,144.679392,27.5040282,70.8059858,129.250176,24.0324546,35.5437984,15.429216,3.4715736,35.2621874,"NPK","N4 PK",192,35,90,0,0,0,0,"E",NA,NA,NA,NA,NA,NA,NA,NA,NA
"1631",2002,"6","13","wheat",4.03,3.50207,1.81,1.55841,85.854909,14.9207333,34.9286508,73.54347,13.3779074,18.1757433,12.311439,1.5428259,16.7529075,"NPK","N4 PK",192,35,90,0,0,0,0,"E",NA,NA,NA,NA,NA,NA,NA,NA,NA
"1664",2002,"7","13","wheat",3.89,3.29872,NA,NA,76.8288220624429,12.460090584201,30.3537946168485,70.262736,11.7434432,17.978024,6.56608606244288,0.716647384200996,12.3757706168485,"NPK","N4 PK",192,35,90,0,0,0,0,"E",NA,NA,NA,NA,NA,NA,NA,NA,NA
"1703",2002,"8","13","wheat",2.51,2.0833,NA,NA,NA,NA,NA,48.33256,7.833208,9.520681,NA,NA,NA,"NPK","N4 PK",192,35,90,0,0,0,0,"E",NA,NA,NA,NA,NA,NA,NA,NA,NA
"1751",2002,"9","13","wheat",5.15,4.41355,3.08,2.83052,119.977138,18.3546878,46.2691274,103.27707,15.977051,23.568357,16.700068,2.3776368,22.7007704,"NPK","N4 PK",192,35,90,0,0,0,0,"E",NA,NA,NA,NA,NA,NA,NA,NA,NA
"1812",2002,"0","14","wheat",4.3,3.741,NA,NA,NA,NA,NA,82.302,13.8417,17.5827,NA,NA,NA,"N4PKMg","N4 PK*(Mg*)",192,35,90,0,0,0,0,"E",NA,NA,NA,NA,NA,NA,NA,NA,NA
"1861",2002,"1","14","wheat",5.44,4.76,2.37,2.19936,104.696544,17.5663008,43.6046336,92.82,15.8508,21.0392,11.876544,1.7155008,22.5654336,"N4PKMg","N4 PK*(Mg*)",192,35,90,0,0,0,0,"E",NA,NA,NA,NA,NA,NA,NA,NA,NA
"1954",2002,"4","14","wheat",4.79,4.12898,NA,NA,95.5788955731802,15.1985692115869,33.5066835557146,87.534376,14.2862708,21.0990878,8.0445195731802,0.912298411586875,12.4075957557146,"N4PKMg","N4 PK*(Mg*)",192,35,90,0,0,0,0,"E",NA,NA,NA,NA,NA,NA,NA,NA,NA
"1986",2002,"5","14","wheat",8.8,7.568,4.12,3.16416,151.535936,27.519424,65.0334784,136.9808,24.67168,35.79664,14.555136,2.847744,29.2368384,"N4PKMg","N4 PK*(Mg*)",192,35,90,0,0,0,0,"E",NA,NA,NA,NA,NA,NA,NA,NA,NA
"2027",2002,"6","14","wheat",4.63,3.96328,1.61,1.41358,90.49363,16.7373378,29.2250308,82.436224,15.3378936,19.6975016,8.057406,1.3994442,9.5275292,"N4PKMg","N4 PK*(Mg*)",192,35,90,0,0,0,0,"E",NA,NA,NA,NA,NA,NA,NA,NA,NA
"2060",2002,"7","14","wheat",3.03,2.4543,NA,NA,60.4488939972637,9.83878908446665,21.7529185123838,56.93976,9.424512,14.995773,3.50913399726369,0.414277084466647,6.75714551238377,"N4PKMg","N4 PK*(Mg*)",192,35,90,0,0,0,0,"E",NA,NA,NA,NA,NA,NA,NA,NA,NA
"2099",2002,"8","14","wheat",4.05,3.3696,NA,NA,NA,NA,NA,78.51168,13.81536,15.062112,NA,NA,NA,"N4PKMg","N4 PK*(Mg*)",192,35,90,0,0,0,0,"E",NA,NA,NA,NA,NA,NA,NA,NA,NA
"2147",2002,"9","14","wheat",5.13,4.48875,2.51,2.28661,113.810338,19.3209939,49.044745,100.548,17.05725,24.4636875,13.262338,2.2637439,24.5810575,"N4PKMg","N4 PK*(Mg*)",192,35,90,0,0,0,0,"E",NA,NA,NA,NA,NA,NA,NA,NA,NA
"2604",2002,"0","16","wheat",7.34,6.42984,NA,NA,NA,NA,NA,144.6714,21.4756656,27.0696264,NA,NA,NA,"N5PKMg","N5 (P)KMg",240,0,90,0,0,0,0,"E",NA,0,NA,NA,NA,NA,NA,NA,NA
"2653",2002,"1","16","wheat",7.15,6.2491,2.99,2.7807,159.3072,21.061261,52.829712,138.73002,19.559683,26.24622,20.57718,1.501578,26.583492,"N5PKMg","N5 (P)KMg",240,0,90,0,0,0,0,"E",NA,0,0.361412211111111,NA,NA,NA,NA,NA,NA
"2746",2002,"4","16","wheat",8.83,7.65561,NA,NA,196.085653058617,27.5312044343949,81.1173601333727,169.954542,25.1869569,35.5985865,26.1311110586167,2.34424753439491,45.5187736333727,"N5PKMg","N5 (P)KMg",240,0,90,0,0,0,0,"E",NA,0,0.433368649805287,NA,NA,NA,NA,NA,NA
"2778",2002,"5","16","wheat",10.61,9.02911,5.32,3.93148,239.12137,35.6746324,94.6978477,207.66953,31.7824672,42.5271081,31.45184,3.8921652,52.1707396,"N5PKMg","N5 (P)KMg",240,0,90,0,0,0,0,"E",NA,0,0.608541427777778,NA,NA,NA,NA,NA,NA
"2819",2002,"6","16","wheat",6.79,5.94804,3.15,2.74995,154.545153,22.8524919,51.1396998,135.020508,21.1750224,26.8851408,19.524645,1.6774695,24.254559,"N5PKMg","N5 (P)KMg",240,0,90,0,0,0,0,"E",NA,0,0.444497797777778,NA,NA,NA,NA,NA,NA
"2852",2002,"7","16","wheat",5.58,4.78764,NA,NA,145.772881904522,18.0944191510354,57.5916109190569,125.436168,16.3737288,23.0285484,20.3367139045216,1.7206903510354,34.5630625190569,"N5PKMg","N5 (P)KMg",240,0,90,0,0,0,0,"E",NA,0,0.47635385487049,NA,NA,NA,NA,NA,NA
"2891",2002,"8","16","wheat",2.48,1.85504,NA,NA,NA,NA,NA,48.787552,6.863648,7.8468192,NA,NA,NA,"N5PKMg","N5 (P)KMg",240,0,90,0,0,0,0,"E",NA,0,NA,NA,NA,NA,NA,NA,NA
"2939",2002,"9","16","wheat",8,6.928,5.09,4.581,202.9652,28.12403,80.50033,171.8144,24.87152,35.19424,31.1508,3.25251,45.30609,"N5PKMg","N5 (P)KMg",240,0,90,0,0,0,0,"E",NA,0,0.565271897777778,NA,NA,NA,NA,NA,NA
"4188",2002,"0","20","wheat",0.45,0.3609,NA,NA,NA,NA,NA,8.19243,0.692928,1.634877,NA,NA,NA,"NKMg","N4 KMg",96,0,90,0,0,0,0,"E",NA,NA,NA,NA,NA,NA,NA,NA,NA
"4237",2002,"1","20","wheat",0.14,0.10836,0.09,0.08127,3.234546,0.227556,1.5389829,2.535624,0.1917972,0.4670316,0.698922,0.0357588,1.0719513,"NKMg","N4 KMg",96,0,90,0,0,0,0,"E",NA,NA,NA,NA,NA,NA,NA,NA,NA
"4674",2002,"0","22","wheat",4.22,3.62076,NA,NA,NA,NA,NA,52.50102,13.8313032,17.1261948,NA,NA,NA,"FYM","FYM",0,0,0,35,211.75,48.46688,399.2912,"E",NA,NA,NA,NA,NA,NA,NA,NA,NA
"4723",2002,"1","22","wheat",5.45,4.69245,2.74,2.52354,77.235771,20.3300259,45.8763213,69.917505,18.1597815,21.7260435,7.318266,2.1702444,24.1502778,"FYM","FYM",0,0,0,35,211.75,48.46688,399.2912,"E",NA,NA,NA,0.342345619834711,0.349474498229044,-0.0474121794569067,NA,NA,NA
"4816",2002,"4","22","wheat",5.44,4.5696,NA,NA,84.6097290552911,22.4001749667768,54.4484046881689,72.19968,18.781056,23.030784,12.4100490552911,3.6191189667768,31.4176206881689,"FYM","FYM",0,0,0,35,211.75,48.46688,399.2912,"E",NA,NA,NA,0.351886092862905,-0.00123965681974379,-0.236376067625619,NA,NA,NA
"4848",2002,"5","22","wheat",5.86,4.95756,3.84,3.18336,110.6478,21.9751428,52.2884604,100.142712,17.9959428,21.6645372,10.505088,3.9792,30.6239232,"FYM","FYM",0,0,0,35,211.75,48.46688,399.2912,"E",NA,NA,NA,0.410358724911452,-0.349849005903188,-0.165721728453365,NA,NA,NA
"4889",2002,"6","22","wheat",4.93,4.17571,3.94,3.43174,81.47667,20.1660163,50.0848088,70.151928,16.4940545,19.5423228,11.324742,3.6719618,30.542486,"FYM","FYM",0,0,0,35,211.75,48.46688,399.2912,"E",NA,NA,NA,0.318363371900827,0.330197851239669,0.134259334120425,NA,NA,NA
"4922",2002,"7","22","wheat",4.52,3.67476,NA,NA,66.7394198368061,17.7394143070454,46.927048316613,58.79616,14.8460304,20.3581704,7.94325983680608,2.89338390704538,26.568877916613,"FYM","FYM",0,0,0,35,211.75,48.46688,399.2912,"E",NA,NA,NA,0.318817917817302,0.276881214345443,-0.0249396529603183,NA,NA,NA
"4961",2002,"8","22","wheat",3.47,2.89051,NA,NA,NA,NA,NA,58.677353,10.3480258,11.8221859,NA,NA,NA,"FYM","FYM",0,0,0,35,211.75,48.46688,399.2912,"E",NA,NA,NA,NA,NA,NA,NA,NA,NA
"5009",2002,"9","22","wheat",6.13,5.3331,3.08,2.77816,101.941546,25.0772146,47.7438008,93.32925,22.132365,27.518796,8.612296,2.9448496,20.2250048,"FYM","FYM",0,0,0,35,211.75,48.46688,399.2912,"E",NA,NA,NA,0.383277355371901,0.431780316410862,0.025774214876033,NA,NA,NA
"5060",2002,"0","3","wheat",0.29,0.24679,NA,NA,NA,NA,NA,3.158912,0.8440218,1.2438216,NA,NA,NA,"Control","Nil",0,0,0,0,0,0,0,"E",NA,NA,NA,NA,NA,NA,NA,NA,NA
"5109",2002,"1","3","wheat",0.47,0.39574,0.13,0.11648,5.48017,1.4759298,2.849254,5.025898,1.404877,2.0024444,0.454272,0.0710528,0.8468096,"Control","Nil",0,0,0,0,0,0,0,"E",NA,NA,NA,NA,NA,NA,NA,NA,NA
"5202",2002,"4","3","wheat",0.58,0.4814,NA,NA,7.48187895696772,1.8867640685677,1.26090666597014,7.55798,1.766738,2.31072,-0.0761010430322813,0.1200260685677,-1.04981333402986,"Control","Nil",0,0,0,0,0,0,0,"E",NA,NA,NA,NA,NA,NA,NA,NA,NA
"5234",2002,"5","3","wheat",1.54,1.2859,0.5,0.4295,21.30559,5.178636,8.903966,20.06004,4.809266,6.159461,1.24555,0.36937,2.744505,"Control","Nil",0,0,0,0,0,0,0,"E",NA,NA,NA,NA,NA,NA,NA,NA,NA
"5275",2002,"6","3","wheat",0.37,0.30266,1.45,1.2441,10.972262,2.1544526,8.440245,4.751762,1.0472036,1.498167,6.2205,1.107249,6.942078,"Control","Nil",0,0,0,0,0,0,0,"E",NA,NA,NA,NA,NA,NA,NA,NA,NA
"5308",2002,"7","3","wheat",0.16,0.12592,NA,NA,1.08377675261175,0.431299185739877,-2.41495077160449,2.153232,0.4520528,0.6346368,-1.06945524738825,-0.0207536142601228,-3.04958757160449,"Control","Nil",0,0,0,0,0,0,0,"E",NA,NA,NA,NA,NA,NA,NA,NA,NA
"5347",2002,"8","3","wheat",2.15,1.7458,NA,NA,NA,NA,NA,27.40906,4.992988,7.314902,NA,NA,NA,"Control","Nil",0,0,0,0,0,0,0,"E",NA,NA,NA,NA,NA,NA,NA,NA,NA
"5395",2002,"9","3","wheat",0.34,0.28288,0.17,0.15538,5.140426,1.1054182,2.9500372,4.441216,0.9391616,1.5671552,0.69921,0.1662566,1.382882,"Control","Nil",0,0,0,0,0,0,0,"E",NA,NA,NA,NA,NA,NA,NA,NA,NA
"5456",2002,"0","5","wheat",0.45,0.38025,NA,NA,NA,NA,NA,4.63905,1.30806,1.85562,NA,NA,NA,"PKMg","(P)KMg",0,0,90,0,0,0,0,"E",NA,NA,NA,NA,NA,NA,NA,NA,NA
"5505",2002,"1","5","wheat",0.41,0.34563,0.11,0.10131,4.744086,1.4183982,2.7088227,4.389501,1.3272192,1.9044213,0.354585,0.091179,0.8044014,"PKMg","(P)KMg",0,0,90,0,0,0,0,"E",NA,NA,NA,NA,NA,NA,NA,NA,NA
"5598",2002,"4","5","wheat",0.78,0.62088,NA,NA,10.0978488915711,2.6002334529686,2.58479950465164,10.24452,2.4400584,3.3589608,-0.14667110842889,0.160175052968601,-0.774161295348364,"PKMg","(P)KMg",0,0,90,0,0,0,0,"E",NA,NA,NA,NA,NA,NA,NA,NA,NA
"5630",2002,"5","5","wheat",1.68,1.386,0.62,0.5239,23.75434,5.605945,12.14294,21.3444,5.00346,6.69438,2.40994,0.602485,5.44856,"PKMg","(P)KMg",0,0,90,0,0,0,0,"E",NA,NA,NA,NA,NA,NA,NA,NA,NA
"5671",2002,"6","5","wheat",0.33,0.25278,1.42,1.18854,14.063226,2.7276732,13.2602088,5.030322,1.0161756,1.529319,9.032904,1.7114976,11.7308898,"PKMg","(P)KMg",0,0,90,0,0,0,0,"E",NA,NA,NA,NA,NA,NA,NA,NA,NA
"5704",2002,"7","5","wheat",0.08,0.04896,NA,NA,-0.770274261007542,0.136798156997178,-4.31978705651747,1.057536,0.2217888,0.3735648,-1.82781026100754,-0.084990643002822,-4.69335185651747,"PKMg","(P)KMg",0,0,90,0,0,0,0,"E",NA,NA,NA,NA,NA,NA,NA,NA,NA
"5743",2002,"8","5","wheat",2.9,2.3171,NA,NA,NA,NA,NA,38.23215,8.503757,9.986701,NA,NA,NA,"PKMg","(P)KMg",0,0,90,0,0,0,0,"E",NA,NA,NA,NA,NA,NA,NA,NA,NA
"5791",2002,"9","5","wheat",0.72,0.50976,0.7,0.5887,20.782566,2.6496422,7.617906,11.775456,2.1256992,4.33296,9.00711,0.523943,3.284946,"PKMg","(P)KMg",0,0,90,0,0,0,0,"E",NA,NA,NA,NA,NA,NA,NA,NA,NA
"5852",2002,"0","6","wheat",1.36,1.15736,NA,NA,NA,NA,NA,17.013192,4.1780696,6.3307592,NA,NA,NA,"N1PKMg","N1 (P)KMg",48,0,90,0,0,0,0,"E",NA,NA,NA,NA,NA,NA,NA,NA,NA
"5901",2002,"1","6","wheat",1.51,1.27897,0.7,0.6482,21.465451,5.3420199,13.512849,18.289271,4.6938199,7.290129,3.17618,0.6482,6.22272,"N1PKMg","N1 (P)KMg",48,0,90,0,0,0,0,"E",NA,NA,NA,NA,NA,NA,NA,NA,NA
"5994",2002,"4","6","wheat",2.63,2.2355,NA,NA,30.7902353989823,7.86042139171367,15.049132718496,28.6144,7.42186,11.40105,2.17583539898231,0.438561391713669,3.64808271849597,"N1PKMg","N1 (P)KMg",48,0,90,0,0,0,0,"E",NA,NA,NA,NA,NA,NA,NA,NA,NA
"6026",2002,"5","6","wheat",3.87,3.23919,1.65,1.39095,49.151862,12.5007993,28.360854,44.700822,11.4019488,16.843788,4.45104,1.0988505,11.517066,"N1PKMg","N1 (P)KMg",48,0,90,0,0,0,0,"E",NA,NA,NA,NA,NA,NA,NA,NA,NA
"6067",2002,"6","6","wheat",1.34,1.0586,0.77,0.65912,21.753184,4.8573664,11.8916016,17.9962,4.086196,6.203396,3.756984,0.7711704,5.6882056,"N1PKMg","N1 (P)KMg",48,0,90,0,0,0,0,"E",NA,NA,NA,NA,NA,NA,NA,NA,NA
"6100",2002,"7","6","wheat",0.98,0.7301,NA,NA,13.8882413076733,3.25563413082755,5.84665766473266,13.21481,2.935002,5.081496,0.673431307673297,0.320632130827548,0.765161664732659,"N1PKMg","N1 (P)KMg",48,0,90,0,0,0,0,"E",NA,NA,NA,NA,NA,NA,NA,NA,NA
"6139",2002,"8","6","wheat",2.24,1.91296,NA,NA,NA,NA,NA,36.728832,7.3075072,8.3787648,NA,NA,NA,"N1PKMg","N1 (P)KMg",48,0,90,0,0,0,0,"E",NA,NA,NA,NA,NA,NA,NA,NA,NA
"6187",2002,"9","6","wheat",1.82,1.49968,1.23,1.12914,32.119432,7.1147904,20.652583,25.344592,5.4888288,9.5079712,6.77484,1.6259616,11.1446118,"N1PKMg","N1 (P)KMg",48,0,90,0,0,0,0,"E",NA,NA,NA,NA,NA,NA,NA,NA,NA
"6248",2002,"0","7","wheat",3.29,2.84585,NA,NA,NA,NA,NA,42.11858,10.188143,14.969171,NA,NA,NA,"N2PKMg","N2 (P)KMg",96,0,90,0,0,0,0,"E",NA,NA,NA,NA,NA,NA,NA,NA,NA
"6297",2002,"1","7","wheat",2.72,2.33648,1.49,1.3857,43.247112,9.5856332,25.5123982,37.150032,8.5047872,12.9440992,6.09708,1.080846,12.568299,"N2PKMg","N2 (P)KMg",96,0,90,0,0,0,0,"E",0.4010731875,NA,NA,NA,NA,NA,NA,NA,NA
"6390",2002,"4","7","wheat",4.34,3.69334,NA,NA,66.5001408275589,14.1557141150643,34.6978932083232,59.462774,13.0744236,19.8701692,7.03736682755891,1.08129051506432,14.8277240083232,"N2PKMg","N2 (P)KMg",96,0,90,0,0,0,0,"E",0.587523874333206,NA,NA,NA,NA,NA,NA,NA,NA
"6422",2002,"5","7","wheat",5.85,4.9725,2.93,2.43483,80.654007,19.6276725,45.5215041,73.593,17.80155,26.602875,7.061007,1.8261225,18.9186291,"N2PKMg","N2 (P)KMg",96,0,90,0,0,0,0,"E",0.592704864583333,NA,NA,NA,NA,NA,NA,NA,NA
"6463",2002,"6","7","wheat",2.05,1.73225,0.91,0.79807,34.117889,7.046234,14.9626633,29.967925,6.2880675,9.0250225,4.149964,0.7581665,5.9376408,"N2PKMg","N2 (P)KMg",96,0,90,0,0,0,0,"E",0.208902739583333,NA,NA,NA,NA,NA,NA,NA,NA
"6496",2002,"7","7","wheat",1.86,1.4973,NA,NA,28.2025582041822,5.63495806161976,12.2513761326164,26.50221,5.270496,9.208395,1.70034820418215,0.364462061619761,3.04298113261643,"N2PKMg","N2 (P)KMg",96,0,90,0,0,0,0,"E",0.301800338179059,NA,NA,NA,NA,NA,NA,NA,NA
"6535",2002,"8","7","wheat",2.09,1.80994,NA,NA,NA,NA,NA,36.379794,6.5519828,7.9999348,NA,NA,NA,"N2PKMg","N2 (P)KMg",96,0,90,0,0,0,0,"E",NA,NA,NA,NA,NA,NA,NA,NA,NA
"6583",2002,"9","7","wheat",2.72,2.33376,1.46,1.3505,49.52191,9.7715826,25.1672854,43.17456,8.1914976,13.5124704,6.34735,1.580085,11.654815,"N2PKMg","N2 (P)KMg",96,0,90,0,0,0,0,"E",0.299368166666667,NA,NA,NA,NA,NA,NA,NA,NA
"6207",2002,"3","1","maize",10.65,2.86485,NA,NA,33.3755025,7.162125,30.2241675,NA,NA,NA,NA,NA,NA,"FYM+NPK","(FYM) N4",192,0,0,0,0,0,0,"E",NA,NA,NA,NA,NA,NA,0,0,0
"27103",2002,"3","10","maize",0.67,0.12998,NA,NA,1.9315028,0.1780726,0.9852484,NA,NA,NA,NA,NA,NA,"N","N4",192,0,0,0,0,0,0,"E",NA,NA,NA,NA,NA,NA,NA,NA,NA
"48102",2002,"3","11","maize",4.6,1.127,NA,NA,16.19499,3.11052,5.80405,NA,NA,NA,NA,NA,NA,"NP","N4 PMg",192,35,0,0,0,0,0,"E",NA,NA,NA,NA,NA,NA,NA,NA,NA
"9011",2002,"3","13","maize",12.37,3.24094,NA,NA,41.9053542,6.2874236,34.1270982,NA,NA,NA,NA,NA,NA,"NPK","N4 PK",192,35,90,0,0,0,0,"E",NA,NA,NA,NA,NA,NA,NA,NA,NA
"1115",2002,"3","14","maize",13.45,3.6046,NA,NA,44.624948,7.497568,34.78439,NA,NA,NA,NA,NA,NA,"N4PKMg","N4 PK*(Mg*)",192,35,90,0,0,0,0,"E",NA,NA,NA,NA,NA,NA,NA,NA,NA
"15312",2002,"3","16","maize",12.73,3.16977,NA,NA,46.9759914,7.3538664,41.8726617,NA,NA,NA,NA,NA,NA,"N5PKMg","N5 (P)KMg",240,0,90,0,0,0,0,"E",NA,0,0.400762352222222,NA,NA,NA,NA,NA,NA
"25810",2002,"3","22","maize",8.41,2.09409,NA,NA,26.8252929,4.816407,23.03499,NA,NA,NA,NA,NA,NA,"FYM","FYM",0,0,0,35,211.75,48.46688,399.2912,"E",NA,NA,NA,0.107591443211334,0.117562172845337,0.0502021388429752,NA,NA,NA
"27911",2002,"3","3","maize",2.53,0.54901,NA,NA,5.3857881,0.8015546,5.9347981,NA,NA,NA,NA,NA,NA,"Control","Nil",0,0,0,0,0,0,0,"E",NA,NA,NA,NA,NA,NA,NA,NA,NA
"3002",2002,"3","5","maize",1.94,0.44232,NA,NA,4.0428048,1.0969536,6.9178848,NA,NA,NA,NA,NA,NA,"PKMg","(P)KMg",0,0,90,0,0,0,0,"E",NA,NA,NA,NA,NA,NA,NA,NA,NA
"3215",2002,"3","6","maize",8.82,2.31966,NA,NA,21.804804,4.7784996,29.691648,NA,NA,NA,NA,NA,NA,"N1PKMg","N1 (P)KMg",48,0,90,0,0,0,0,"E",NA,NA,NA,NA,NA,NA,NA,NA,NA
"3422",2002,"3","7","maize",10.7,2.8676,NA,NA,26.009132,5.247708,32.948724,NA,NA,NA,NA,NA,NA,"N2PKMg","N2 (P)KMg",96,0,90,0,0,0,0,"E",0.228815908333333,NA,NA,NA,NA,NA,NA,NA,NA
"2165",2003,"7","1","oats",6.25,5.5746875,3.21,2.8397907,69.81801105,18.62567333,84.713230384,65.558325,16.779809375,24.026903125,4.25968605,1.845863955,60.686327259,"FYM+NPK","(FYM) N4",192,0,0,0,0,0,0,"E",NA,NA,NA,NA,NA,NA,0,0,0
"4410",2003,"7","10","oats",5.59,4.9956153,1.85,1.7225165,73.43535444,10.414982357,35.090650247,70.43817573,10.191055212,19.932505047,2.99717871,0.223927145,15.1581452,"N","N4",192,0,0,0,0,0,0,"E",NA,NA,NA,NA,NA,NA,NA,NA,NA
"6710",2003,"7","11","oats",4.98,4.453116,1.55,1.4386325,51.00863127,13.888897655,30.054605335,48.85068252,13.27028568,19.19292996,2.15794875,0.618611975,10.861675375,"NP","N4 PMg",192,35,0,0,0,0,0,"E",NA,NA,NA,NA,NA,NA,NA,NA,NA
"113",2003,"7","13","oats",3.34,2.9826868,0.82,0.7518662,37.634894612,10.720567654,24.200135208,36.627393904,10.081481384,13.86949362,1.007500708,0.63908627,10.330641588,"NPK","N4 PK",192,35,90,0,0,0,0,"E",NA,NA,NA,NA,NA,NA,NA,NA,NA
"1361",2003,"7","14","oats",3.48,3.0940332,1,0.9229,38.321661736,11.02246156,26.171692744,37.066517736,10.21030956,13.675626744,1.255144,0.812152,12.496066,"N4PKMg","N4 PK*(Mg*)",192,35,90,0,0,0,0,"E",NA,NA,NA,NA,NA,NA,NA,NA,NA
"182",2003,"7","16","oats",5.82,5.187366,2,1.83914,65.19620524,16.03697386,55.5153717,62.45588664,15.61397166,24.1212519,2.7403186,0.4230022,31.3941198,"N5PKMg","N5 (P)KMg",240,0,90,0,0,0,0,"E",NA,0,0.282897404055556,NA,NA,NA,NA,NA,NA
"297",2003,"7","22","oats",7.02,6.2459748,2.75,2.5202375,75.993695178,21.662531108,85.6176528,72.515767428,20.049579108,29.6683803,3.47792775,1.612952,55.9492725,"FYM","FYM",0,0,0,35,228.997137275065,49.54292,306.1814,"E",NA,NA,NA,0.207764513819451,0.0111719332758602,0.109106446505437,NA,NA,NA
"320",2003,"7","3","oats",1.9,1.681728,0.52,0.4820608,19.404404736,5.646772736,11.561814272,18.76808448,5.34789504,7.51732416,0.636320256,0.298877696,4.044490112,"Control","Nil",0,0,0,0,0,0,0,"E",NA,NA,NA,NA,NA,NA,NA,NA,NA
"343",2003,"7","5","oats",2.56,2.2781696,0.58,0.5384662,28.416216286,8.36501277,17.644497294,27.656978944,7.74577664,10.639052032,0.759237342,0.61923613,7.005445262,"PKMg","(P)KMg",0,0,90,0,0,0,0,"E",NA,NA,NA,NA,NA,NA,NA,NA,NA
"3661",2003,"7","6","oats",2.49,2.204646,0.65,0.6026345,25.084650115,8.305235135,18.02353003,24.29519892,7.53988932,10.27365036,0.789451195,0.765345815,7.74987967,"N1PKMg","N1 (P)KMg",48,0,90,0,0,0,0,"E",NA,NA,NA,NA,NA,NA,NA,NA,NA
"3891",2003,"7","7","oats",2.75,2.4437875,0.63,0.5881365,28.6726307,8.782937695,18.724750485,27.90805325,8.088936625,11.143671,0.76457745,0.69400107,7.581079485,"N2PKMg","N2 (P)KMg",96,0,90,0,0,0,0,"E",0.00267098347916665,NA,NA,NA,NA,NA,NA,NA,NA
"52101",2003,"3","1","wheat",9.58,8.68906,4.52,4.2714,230.350832,35.0201356,92.684901,210.275252,32.6708656,37.797411,20.07558,2.34927,54.88749,"FYM+NPK","(FYM) N4",192,0,0,0,0,0,0,"E",NA,NA,NA,NA,NA,NA,0,0,0
"7910",2003,"4","1","wheat",7.88,7.1314,NA,NA,192.536632982783,27.2501242226807,62.8154489744351,169.72732,24.532016,32.0913,22.8093129827826,2.71810822268073,30.7241489744351,"FYM+NPK","(FYM) N4",192,0,0,0,0,0,0,"E",NA,NA,NA,NA,NA,NA,0,0,0
"1112",2003,"5","1","wheat",9.17,8.30802,NA,NA,NA,NA,NA,194.407668,29.7427116,35.4752454,NA,NA,NA,"FYM+NPK","(FYM) N4",192,0,0,0,0,0,0,"E",NA,NA,NA,NA,NA,NA,0,0,0
"15210",2003,"6","1","wheat",8.45,7.6557,3.4,3.2538,212.23587,30.592269,81.820263,193.68921,28.249533,33.761637,18.54666,2.342736,48.058626,"FYM+NPK","(FYM) N4",192,0,0,0,0,0,0,"E",NA,NA,NA,NA,NA,NA,0,0,0
"27810",2003,"1","10","wheat",2.7,2.3625,1.37,1.26588,57.089298,4.2187908,16.8824796,51.26625,4.01625,9.072,5.823048,0.2025408,7.8104796,"N","N4",192,0,0,0,0,0,0,"E",NA,NA,NA,NA,NA,NA,NA,NA,NA
"3441",2003,"3","10","wheat",4.54,4.07692,1.08,1.02708,90.336748,7.8392132,20.6581944,86.023012,7.6646096,15.5330652,4.313736,0.1746036,5.1251292,"N","N4",192,0,0,0,0,0,0,"E",NA,NA,NA,NA,NA,NA,NA,NA,NA
"3713",2003,"4","10","wheat",3.4,3.0634,NA,NA,70.629271836625,6.65973750950603,13.9508143432925,66.78212,6.770114,13.295156,3.84715183662502,-0.110376490493973,0.655658343292515,"N","N4",192,0,0,0,0,0,0,"E",NA,NA,NA,NA,NA,NA,NA,NA,NA
"4031",2003,"5","10","wheat",2.69,2.39948,NA,NA,NA,NA,NA,56.867676,5.7827468,9.1420188,NA,NA,NA,"N","N4",192,0,0,0,0,0,0,"E",NA,NA,NA,NA,NA,NA,NA,NA,NA
"4441",2003,"6","10","wheat",4.66,4.194,1.39,1.33579,101.482013,7.9306864,22.6565175,95.2038,7.71696,15.64362,6.278213,0.2137264,7.0128975,"N","N4",192,0,0,0,0,0,0,"E",NA,NA,NA,NA,NA,NA,NA,NA,NA
"516",2003,"8","10","wheat",2.5,2.2325,NA,NA,NA,NA,NA,48.89175,4.24175,8.059325,NA,NA,NA,"N","N4",192,0,0,0,0,0,0,"E",NA,NA,NA,NA,NA,NA,NA,NA,NA
"564",2003,"9","10","wheat",3.88,3.46096,1.16,1.10548,79.068108,5.5663648,18.0498628,74.756736,5.4337072,12.9093808,4.311372,0.1326576,5.140482,"N","N4",192,0,0,0,0,0,0,"E",NA,NA,NA,NA,NA,NA,NA,NA,NA
"674",2003,"1","11","wheat",3.97,3.50948,1.42,1.32486,80.212026,10.792283,16.8519786,70.540548,10.0371128,13.8975408,9.671478,0.7551702,2.9544378,"NP","N4 PMg",192,35,0,0,0,0,0,"E",NA,NA,NA,NA,NA,NA,NA,NA,NA
"740",2003,"3","11","wheat",4.49,4.05896,1.06,1.01124,89.576692,11.8804004,17.1520084,82.396888,11.2433192,15.0587416,7.179804,0.6370812,2.0932668,"NP","N4 PMg",192,35,0,0,0,0,0,"E",NA,NA,NA,NA,NA,NA,NA,NA,NA
"767",2003,"4","11","wheat",2.99,2.70595,NA,NA,61.009079847988,8.80928588660673,8.09757793682828,55.20138,8.442564,11.797942,5.80769984798803,0.366721886606733,-3.70036406317172,"NP","N4 PMg",192,35,0,0,0,0,0,"E",NA,NA,NA,NA,NA,NA,NA,NA,NA
"799",2003,"5","11","wheat",3.57,3.22371,NA,NA,NA,NA,NA,68.987394,8.9941509,12.3145722,NA,NA,NA,"NP","N4 PMg",192,35,0,0,0,0,0,"E",NA,NA,NA,NA,NA,NA,NA,NA,NA
"840",2003,"6","11","wheat",5.09,4.57591,1.2,1.1496,104.024101,14.1084474,19.724395,96.551701,13.4531754,16.930867,7.4724,0.655272,2.793528,"NP","N4 PMg",192,35,0,0,0,0,0,"E",NA,NA,NA,NA,NA,NA,NA,NA,NA
"912",2003,"8","11","wheat",3.57,3.20586,NA,NA,NA,NA,NA,70.52892,9.8099316,13.2722604,NA,NA,NA,"NP","N4 PMg",192,35,0,0,0,0,0,"E",NA,NA,NA,NA,NA,NA,NA,NA,NA
"960",2003,"9","11","wheat",4.56,4.11312,1.17,1.11969,97.467282,13.6727019,17.5442982,90.077328,12.8329344,15.5064624,7.389954,0.8397675,2.0378358,"NP","N4 PMg",192,35,0,0,0,0,0,"E",NA,NA,NA,NA,NA,NA,NA,NA,NA
"1466",2003,"1","13","wheat",6.57,5.87358,2.97,2.74428,157.508604,18.8397738,59.9440932,142.140636,17.7969474,25.256394,15.367968,1.0428264,34.6876992,"NPK","N4 PK",192,35,90,0,0,0,0,"E",NA,NA,NA,NA,NA,NA,NA,NA,NA
"1532",2003,"3","13","wheat",7.9,7.1653,2.31,2.20836,175.289236,23.5144128,59.4788058,166.23496,22.785654,32.028891,9.054276,0.7287588,27.4499148,"NPK","N4 PK",192,35,90,0,0,0,0,"E",NA,NA,NA,NA,NA,NA,NA,NA,NA
"1559",2003,"4","13","wheat",6.23,5.65061,NA,NA,160.668079186076,21.1389904555134,57.0015986287668,142.395372,18.9860496,27.3489524,18.2727071860759,2.15294085551342,29.6526462287668,"NPK","N4 PK",192,35,90,0,0,0,0,"E",NA,NA,NA,NA,NA,NA,NA,NA,NA
"1591",2003,"5","13","wheat",5.56,5.03736,NA,NA,NA,NA,NA,126.437736,15.2128272,21.660648,NA,NA,NA,"NPK","N4 PK",192,35,90,0,0,0,0,"E",NA,NA,NA,NA,NA,NA,NA,NA,NA
"1632",2003,"6","13","wheat",6.96,6.30576,1.25,1.1975,164.557674,21.6296732,44.027084,157.013424,20.9351232,29.321784,7.54425,0.69455,14.7053,"NPK","N4 PK",192,35,90,0,0,0,0,"E",NA,NA,NA,NA,NA,NA,NA,NA,NA
"1704",2003,"8","13","wheat",2.64,2.37864,NA,NA,NA,NA,NA,54.946584,8.4679584,10.9893168,NA,NA,NA,"NPK","N4 PK",192,35,90,0,0,0,0,"E",NA,NA,NA,NA,NA,NA,NA,NA,NA
"1752",2003,"9","13","wheat",6.96,6.2988,1.82,1.73446,164.535648,21.0279538,45.4728586,156.21024,20.282136,26.203008,8.325408,0.7458178,19.2698506,"NPK","N4 PK",192,35,90,0,0,0,0,"E",NA,NA,NA,NA,NA,NA,NA,NA,NA
"1862",2003,"1","14","wheat",7,6.251,2.88,2.69568,160.548828,19.7234448,50.0605572,148.1487,18.753,25.69161,12.400128,0.9704448,24.3689472,"N4PKMg","N4 PK*(Mg*)",192,35,90,0,0,0,0,"E",NA,NA,NA,NA,NA,NA,NA,NA,NA
"1928",2003,"3","14","wheat",7.65,6.90795,1.87,1.78772,168.975682,23.7137029,50.4761212,161.64603,23.1416325,31.77657,7.329652,0.5720704,18.6995512,"N4PKMg","N4 PK*(Mg*)",192,35,90,0,0,0,0,"E",NA,NA,NA,NA,NA,NA,NA,NA,NA
"1955",2003,"4","14","wheat",6.12,5.51412,NA,NA,144.542676093135,17.2141955119018,34.5347705859951,131.236056,15.9358068,22.3873272,13.3066200931347,1.27838871190177,12.1474433859951,"N4PKMg","N4 PK*(Mg*)",192,35,90,0,0,0,0,"E",NA,NA,NA,NA,NA,NA,NA,NA,NA
"1987",2003,"5","14","wheat",5.29,4.78216,NA,NA,NA,NA,NA,118.119352,16.020236,21.280612,NA,NA,NA,"N4PKMg","N4 PK*(Mg*)",192,35,90,0,0,0,0,"E",NA,NA,NA,NA,NA,NA,NA,NA,NA
"2028",2003,"6","14","wheat",6.65,6.0116,1.62,1.5471,154.60861,21.429584,46.148277,145.48072,20.43944,27.412896,9.12789,0.990144,18.735381,"N4PKMg","N4 PK*(Mg*)",192,35,90,0,0,0,0,"E",NA,NA,NA,NA,NA,NA,NA,NA,NA
"2100",2003,"8","14","wheat",2.6,2.2828,NA,NA,NA,NA,NA,50.67816,7.327788,9.656244,NA,NA,NA,"N4PKMg","N4 PK*(Mg*)",192,35,90,0,0,0,0,"E",NA,NA,NA,NA,NA,NA,NA,NA,NA
"2148",2003,"9","14","wheat",7.21,6.50342,2.17,2.07018,168.413294,24.3499508,51.0321686,158.683448,23.087141,28.5500138,9.729846,1.2628098,22.4821548,"N4PKMg","N4 PK*(Mg*)",192,35,90,0,0,0,0,"E",NA,NA,NA,NA,NA,NA,NA,NA,NA
"2654",2003,"1","16","wheat",6.94,6.21824,2.86,2.6741,172.744248,17.2631652,55.9243794,156.699648,16.3539712,23.3805824,16.0446,0.909194,32.543797,"N5PKMg","N5 (P)KMg",240,0,90,0,0,0,0,"E",NA,0,0.434137786666667,NA,NA,NA,NA,NA,NA
"2720",2003,"3","16","wheat",8.56,7.72112,3.77,3.56265,226.578946,25.4614533,83.8610855,203.065456,23.8582608,30.88448,23.51349,1.6031925,52.9766055,"N5PKMg","N5 (P)KMg",240,0,90,0,0,0,0,"E",NA,0,0.741211967777778,NA,NA,NA,NA,NA,NA
"2747",2003,"4","16","wheat",6.52,5.91364,NA,NA,184.094354160322,18.9511454786628,58.8280946723557,160.851008,17.2086924,24.9555608,23.2433461603224,1.74245307866285,33.8725338723557,"N5PKMg","N5 (P)KMg",240,0,90,0,0,0,0,"E",NA,0,0.563672408172527,NA,NA,NA,NA,NA,NA
"2779",2003,"5","16","wheat",6.7,6.0434,NA,NA,NA,NA,NA,168.61086,15.71284,21.695806,NA,NA,NA,"N5PKMg","N5 (P)KMg",240,0,90,0,0,0,0,"E",NA,0,NA,NA,NA,NA,NA,NA,NA
"2820",2003,"6","16","wheat",7.43,6.75387,2.47,2.35638,204.111189,24.5732967,60.2859078,185.731425,23.3008515,27.5557896,18.379764,1.2724452,32.7301182,"N5PKMg","N5 (P)KMg",240,0,90,0,0,0,0,"E",NA,0,0.450683475555556,NA,NA,NA,NA,NA,NA
"2892",2003,"8","16","wheat",3.47,3.08483,NA,NA,NA,NA,NA,78.046199,10.6735118,14.0668248,NA,NA,NA,"N5PKMg","N5 (P)KMg",240,0,90,0,0,0,0,"E",NA,0,NA,NA,NA,NA,NA,NA,NA
"2940",2003,"9","16","wheat",7.83,7.09398,2.66,2.52434,208.102296,20.1034144,64.2790328,192.956256,19.2956256,27.5246424,15.14604,0.8077888,36.7543904,"N5PKMg","N5 (P)KMg",240,0,90,0,0,0,0,"E",NA,0,0.519274828888889,NA,NA,NA,NA,NA,NA
"4238",2003,"1","20","wheat",2.87,2.48829,1.14,1.06134,59.8038,4.3786806,21.5513697,55.240038,4.230093,10.2268719,4.563762,0.1485876,11.3244978,"NKMg","N4 KMg",96,0,90,0,0,0,0,"E",NA,NA,NA,NA,NA,NA,NA,NA,NA
"4724",2003,"1","22","wheat",5.07,4.4616,3.71,3.4132,78.47528,18.487812,50.848184,69.60096,15.927912,20.880288,8.87432,2.5599,29.967896,"FYM","FYM",0,0,0,35,228.997137275065,49.54292,306.1814,"E",NA,NA,NA,0.260255987079929,0.0815358664399911,-0.0075841384773028,NA,NA,NA
"4790",2003,"3","22","wheat",5.64,5.08164,2.77,2.58164,88.526668,22.4258524,49.4185768,81.814404,19.818396,23.7312588,6.712264,2.6074564,25.687318,"FYM","FYM",0,0,0,35,228.997137275065,49.54292,306.1814,"E",NA,NA,NA,0.288797514182729,-0.00790437828847527,-0.00458531496286239,NA,NA,NA
"4817",2003,"4","22","wheat",4.49,4.01855,NA,NA,66.7553884192342,17.3097728727648,43.6468774219161,60.680105,14.8284495,21.459057,6.07528341923421,2.48132337276482,22.1878204219161,"FYM","FYM",0,0,0,35,228.997137275065,49.54292,306.1814,"E",NA,NA,NA,0.23404607022568,-0.0169167329491006,0.02509336422116,NA,NA,NA
"4849",2003,"5","22","wheat",4.38,3.89382,NA,NA,NA,NA,NA,61.522356,13.7062464,16.2372294,NA,NA,NA,"FYM","FYM",0,0,0,35,228.997137275065,49.54292,306.1814,"E",NA,NA,NA,NA,NA,NA,NA,NA,NA
"4890",2003,"6","22","wheat",4.89,4.39122,2.19,2.08707,79.198878,18.6433029,38.5563075,73.772496,16.1596896,19.5848412,5.426382,2.4836133,18.9714663,"FYM","FYM",0,0,0,35,228.997137275065,49.54292,306.1814,"E",NA,NA,NA,0.251838030318817,-0.0973074828146613,-0.108408442548261,NA,NA,NA
"4962",2003,"8","22","wheat",3.53,3.02874,NA,NA,NA,NA,NA,51.185706,10.2371412,13.1144442,NA,NA,NA,"FYM","FYM",0,0,0,35,228.997137275065,49.54292,306.1814,"E",NA,NA,NA,NA,NA,NA,NA,NA,NA
"5010",2003,"9","22","wheat",5.15,4.65045,2.38,2.28004,82.432525,18.75167,43.3278622,76.732425,16.927638,21.485079,5.7001,1.824032,21.8427832,"FYM","FYM",0,0,0,35,228.997137275065,49.54292,306.1814,"E",NA,NA,NA,0.30165154386636,0.0146919609565195,-0.0656547814479474,NA,NA,NA
"5110",2003,"1","3","wheat",1.01,0.87062,0.24,0.2196,13.151808,3.0414378,5.8242042,12.536928,2.9514018,4.6229922,0.61488,0.090036,1.201212,"Control","Nil",0,0,0,0,0,0,0,"E",NA,NA,NA,NA,NA,NA,NA,NA,NA
"5176",2003,"3","3","wheat",1.53,1.34334,0.16,0.152,20.798768,4.8299036,7.0069838,20.418768,4.7554236,6.1390638,0.38,0.07448,0.86792,"Control","Nil",0,0,0,0,0,0,0,"E",NA,NA,NA,NA,NA,NA,NA,NA,NA
"5203",2003,"4","3","wheat",0.99,0.8514,NA,NA,12.2043864904775,3.19468422339775,6.03820982592695,12.08988,3.06504,4.784868,0.114506490477453,0.129644223397751,1.25334182592695,"Control","Nil",0,0,0,0,0,0,0,"E",NA,NA,NA,NA,NA,NA,NA,NA,NA
"5235",2003,"5","3","wheat",1.47,1.28919,NA,NA,NA,NA,NA,18.177579,4.2801108,5.9044902,NA,NA,NA,"Control","Nil",0,0,0,0,0,0,0,"E",NA,NA,NA,NA,NA,NA,NA,NA,NA
"5276",2003,"6","3","wheat",1.64,1.43336,0.55,0.52195,23.808627,5.2609118,10.5869775,22.503752,4.9164248,7.095132,1.304875,0.344487,3.4918455,"Control","Nil",0,0,0,0,0,0,0,"E",NA,NA,NA,NA,NA,NA,NA,NA,NA
"5348",2003,"8","3","wheat",1.23,1.02828,NA,NA,NA,NA,NA,15.115716,3.6709596,5.295642,NA,NA,NA,"Control","Nil",0,0,0,0,0,0,0,"E",NA,NA,NA,NA,NA,NA,NA,NA,NA
"5396",2003,"9","3","wheat",0.18,0.14922,0.04,0.03808,2.434766,0.3822202,0.9441382,2.31291,0.3715578,0.7267014,0.121856,0.0106624,0.2174368,"Control","Nil",0,0,0,0,0,0,0,"E",NA,NA,NA,NA,NA,NA,NA,NA,NA
"5506",2003,"1","5","wheat",1.49,1.23968,0.79,0.72838,18.877404,4.5811294,10.414662,16.983616,4.0785472,5.9132736,1.893788,0.5025822,4.5013884,"PKMg","(P)KMg",0,0,90,0,0,0,0,"E",NA,NA,NA,NA,NA,NA,NA,NA,NA
"5572",2003,"3","5","wheat",1.68,1.46328,0.3,0.2832,22.392864,5.3475672,8.7153648,21.656544,5.1068472,6.5262288,0.73632,0.24072,2.189136,"PKMg","(P)KMg",0,0,90,0,0,0,0,"E",NA,NA,NA,NA,NA,NA,NA,NA,NA
"5599",2003,"4","5","wheat",1.2,1.026,NA,NA,13.1595083470746,3.321626279451,4.55043402860834,13.851,3.31398,5.36598,-0.691491652925365,0.00764627945099861,-0.815545971391657,"PKMg","(P)KMg",0,0,90,0,0,0,0,"E",NA,NA,NA,NA,NA,NA,NA,NA,NA
"5631",2003,"5","5","wheat",1.29,1.12746,NA,NA,NA,NA,NA,16.9119,4.2054258,5.411808,NA,NA,NA,"PKMg","(P)KMg",0,0,90,0,0,0,0,"E",NA,NA,NA,NA,NA,NA,NA,NA,NA
"5672",2003,"6","5","wheat",1.6,1.4208,0.21,0.20034,21.52869,5.8678812,8.7637818,21.02784,5.711616,7.487616,0.50085,0.1562652,1.2761658,"PKMg","(P)KMg",0,0,90,0,0,0,0,"E",NA,NA,NA,NA,NA,NA,NA,NA,NA
"5744",2003,"8","5","wheat",1.81,1.54574,NA,NA,NA,NA,NA,23.804396,6.2447896,8.0069332,NA,NA,NA,"PKMg","(P)KMg",0,0,90,0,0,0,0,"E",NA,NA,NA,NA,NA,NA,NA,NA,NA
"5792",2003,"9","5","wheat",1.05,0.9177,0.29,0.27637,13.355185,3.2886597,6.6030632,12.66426,3.147711,4.872987,0.690925,0.1409487,1.7300762,"PKMg","(P)KMg",0,0,90,0,0,0,0,"E",NA,NA,NA,NA,NA,NA,NA,NA,NA
"5902",2003,"1","6","wheat",4.27,3.67647,1.98,1.81566,62.064618,12.7832796,31.8681888,56.617638,11.9117628,18.014703,5.44698,0.8715168,13.8534858,"N1PKMg","N1 (P)KMg",48,0,90,0,0,0,0,"E",NA,NA,NA,NA,NA,NA,NA,NA,NA
"5968",2003,"3","6","wheat",4.35,3.89325,1.25,1.19375,57.64045,13.3434025,26.3634125,54.894825,12.92559,18.6876,2.745625,0.4178125,7.6758125,"N1PKMg","N1 (P)KMg",48,0,90,0,0,0,0,"E",NA,NA,NA,NA,NA,NA,NA,NA,NA
"5995",2003,"4","6","wheat",4.04,3.63196,NA,NA,56.5716464221328,12.652429913696,32.4901058736011,52.300224,12.0217876,19.9394604,4.27142242213279,0.630642313696022,12.5506454736011,"N1PKMg","N1 (P)KMg",48,0,90,0,0,0,0,"E",NA,NA,NA,NA,NA,NA,NA,NA,NA
"6027",2003,"5","6","wheat",3.27,2.88741,NA,NA,NA,NA,NA,43.31115,9.4995789,14.2349313,NA,NA,NA,"N1PKMg","N1 (P)KMg",48,0,90,0,0,0,0,"E",NA,NA,NA,NA,NA,NA,NA,NA,NA
"6068",2003,"6","6","wheat",4.24,3.78632,1.42,1.349,61.816728,14.6595108,28.172706,58.309328,13.9715208,19.120916,3.5074,0.68799,9.05179,"N1PKMg","N1 (P)KMg",48,0,90,0,0,0,0,"E",NA,NA,NA,NA,NA,NA,NA,NA,NA
"6140",2003,"8","6","wheat",2.07,1.82988,NA,NA,NA,NA,NA,27.997164,6.86205,9.4055832,NA,NA,NA,"N1PKMg","N1 (P)KMg",48,0,90,0,0,0,0,"E",NA,NA,NA,NA,NA,NA,NA,NA,NA
"6188",2003,"9","6","wheat",4.23,3.79854,1.31,1.24843,65.666817,12.8581763,27.2139962,62.296056,12.4212258,18.5748606,3.370761,0.4369505,8.6391356,"N1PKMg","N1 (P)KMg",48,0,90,0,0,0,0,"E",NA,NA,NA,NA,NA,NA,NA,NA,NA
"6298",2003,"1","7","wheat",6.64,5.88304,2.92,2.6864,110.910352,19.98088,52.3036336,101.776592,18.825728,28.1797616,9.13376,1.155152,24.123872,"N2PKMg","N2 (P)KMg",96,0,90,0,0,0,0,"E",0.958676541666666,NA,NA,NA,NA,NA,NA,NA,NA
"6364",2003,"3","7","wheat",6.41,5.77541,1.94,1.85464,100.69387,20.3268406,42.6527954,95.871806,19.7519022,28.7615418,4.822064,0.5749384,13.8912536,"N2PKMg","N2 (P)KMg",96,0,90,0,0,0,0,"E",0.815635479166667,NA,NA,NA,NA,NA,NA,NA,NA
"6391",2003,"4","7","wheat",5.15,4.64015,NA,NA,90.1784194129862,15.1141562401697,39.2059303390636,82.59467,14.2452605,23.7111665,7.58374941298621,0.868895740169734,15.4947638390636,"N2PKMg","N2 (P)KMg",96,0,90,0,0,0,0,"E",0.802280323603246,NA,NA,NA,NA,NA,NA,NA,NA
"6423",2003,"5","7","wheat",4.75,4.294,NA,NA,NA,NA,NA,79.439,14.25608,20.6112,NA,NA,NA,"N2PKMg","N2 (P)KMg",96,0,90,0,0,0,0,"E",NA,NA,NA,NA,NA,NA,NA,NA,NA
"6464",2003,"6","7","wheat",6.53,5.87047,2.07,1.9665,110.590516,21.6267685,44.0279557,104.494366,20.8401685,28.2369607,6.09615,0.7866,15.790995,"N2PKMg","N2 (P)KMg",96,0,90,0,0,0,0,"E",0.927727354166667,NA,NA,NA,NA,NA,NA,NA,NA
"6536",2003,"8","7","wheat",2.4,2.1384,NA,NA,NA,NA,NA,37.63584,7.976232,10.563696,NA,NA,NA,"N2PKMg","N2 (P)KMg",96,0,90,0,0,0,0,"E",NA,NA,NA,NA,NA,NA,NA,NA,NA
"6584",2003,"9","7","wheat",5.88,5.27436,1.71,1.62792,105.259392,17.2120032,37.2756384,100.21284,16.7724648,24.789492,5.046552,0.4395384,12.4861464,"N2PKMg","N2 (P)KMg",96,0,90,0,0,0,0,"E",0.957335489583333,NA,NA,NA,NA,NA,NA,NA,NA
"2172",2003,"2","1","maize",8.57,2.2282,NA,NA,25.6243,4.01076,32.041516,NA,NA,NA,NA,NA,NA,"FYM+NPK","(FYM) N4",192,0,0,0,0,0,0,"E",NA,NA,NA,NA,NA,NA,0,0,0
"2314",2003,"2","10","maize",1.88,0.39856,NA,NA,5.101568,0.458344,3.3837744,NA,NA,NA,NA,NA,NA,"N","N4",192,0,0,0,0,0,0,"E",NA,NA,NA,NA,NA,NA,NA,NA,NA
"4413",2003,"2","11","maize",4.87,1.22237,NA,NA,15.157388,2.200266,5.378428,NA,NA,NA,NA,NA,NA,"NP","N4 PMg",192,35,0,0,0,0,0,"E",NA,NA,NA,NA,NA,NA,NA,NA,NA
"8612",2003,"2","13","maize",8.43,2.30982,NA,NA,23.560164,2.9565696,37.9503426,NA,NA,NA,NA,NA,NA,"NPK","N4 PK",192,35,90,0,0,0,0,"E",NA,NA,NA,NA,NA,NA,NA,NA,NA
"1072",2003,"2","14","maize",8.35,2.338,NA,NA,24.0814,3.507,36.77674,NA,NA,NA,NA,NA,NA,"N4PKMg","N4 PK*(Mg*)",192,35,90,0,0,0,0,"E",NA,NA,NA,NA,NA,NA,NA,NA,NA
"14912",2003,"2","16","maize",8.56,2.25128,NA,NA,26.339976,3.0617408,37.033556,NA,NA,NA,NA,NA,NA,"N5PKMg","N5 (P)KMg",240,0,90,0,0,0,0,"E",NA,0,0.351723644444444,NA,NA,NA,NA,NA,NA
"2541",2003,"2","22","maize",9.97,2.7916,NA,NA,27.022688,5.834444,37.40744,NA,NA,NA,NA,NA,NA,"FYM","FYM",0,0,0,35,228.997137275065,49.54292,306.1814,"E",NA,NA,NA,0.0972243071023941,0.095726611523833,0.051814184846109,NA,NA,NA
"27510",2003,"2","3","maize",2.1,0.5229,NA,NA,3.273354,0.669312,5.621175,NA,NA,NA,NA,NA,NA,"Control","Nil",0,0,0,0,0,0,0,"E",NA,NA,NA,NA,NA,NA,NA,NA,NA
"2962",2003,"2","5","maize",3.85,0.924,NA,NA,4.7586,1.41372,15.99444,NA,NA,NA,NA,NA,NA,"PKMg","(P)KMg",0,0,90,0,0,0,0,"E",NA,NA,NA,NA,NA,NA,NA,NA,NA
"3172",2003,"2","6","maize",6.49,1.74581,NA,NA,11.4699717,2.1298882,27.5139656,NA,NA,NA,NA,NA,NA,"N1PKMg","N1 (P)KMg",48,0,90,0,0,0,0,"E",NA,NA,NA,NA,NA,NA,NA,NA,NA
"3382",2003,"2","7","maize",7.27,1.94836,NA,NA,19.0549608,3.0589252,24.4324344,NA,NA,NA,NA,NA,NA,"N2PKMg","N2 (P)KMg",96,0,90,0,0,0,0,"E",0.148920425,NA,NA,NA,NA,NA,NA,NA,NA
"1210",2004,"4","1","oats",6.07,5.1256294,2.8,2.555476,69.74205648,17.781090476,40.042515464,63.55780456,16.094476316,17.222114784,6.18425192,1.68661416,22.82040068,"FYM+NPK","(FYM) N4",192,0,0,0,0,0,0,"E",NA,NA,NA,NA,NA,NA,0,0,0
"3510",2004,"4","10","oats",4.64,3.9917456,1.65,1.5025725,56.183530135,7.690403579,14.922827525,52.29186736,7.344811904,9.979364,3.891662775,0.345591675,4.943463525,"N","N4",192,0,0,0,0,0,0,"E",NA,NA,NA,NA,NA,NA,NA,NA,NA
"581",2004,"4","11","oats",5.41,4.6515721,2.02,1.8585616,58.922146262,14.074954313,17.374573006,55.35370799,13.443043369,14.047747742,3.568438272,0.631910944,3.326825264,"NP","N4 PMg",192,35,0,0,0,0,0,"E",NA,NA,NA,NA,NA,NA,NA,NA,NA
"104",2004,"4","13","oats",4.41,3.7635381,1.45,1.3375815,45.33873267,12.372478746,19.559868876,42.90433434,11.516426586,12.457311111,2.43439833,0.85605216,7.102557765,"NPK","N4 PK",192,35,90,0,0,0,0,"E",NA,NA,NA,NA,NA,NA,NA,NA,NA
"1271",2004,"4","14","oats",4.43,3.781891,1.37,1.249029,45.59564471,12.17003214,17.0461178,42.7353683,11.345673,11.87513774,2.86027641,0.82435914,5.17098006,"N4PKMg","N4 PK*(Mg*)",192,35,90,0,0,0,0,"E",NA,NA,NA,NA,NA,NA,NA,NA,NA
"17310",2004,"4","16","oats",6.12,5.2359048,2.65,2.4173565,70.509313035,16.537741503,33.624031812,64.92521952,15.498278208,16.702536312,5.584093515,1.039463295,16.9214955,"N5PKMg","N5 (P)KMg",240,0,90,0,0,0,0,"E",NA,0,0.180549542288889,NA,NA,NA,NA,NA,NA
"288",2004,"4","22","oats",6.69,5.7115206,3.11,2.8379061,81.92282679,20.520240075,42.545248083,75.96322398,18.505326744,18.962248392,5.95960281,2.014913331,23.582999691,"FYM","FYM",0,0,0,35,211.75,69.89976,377.3196,"E",NA,NA,NA,0.279408482125148,0.121555119976387,0.108621867900827,NA,NA,NA
"311",2004,"4","3","oats",1.75,1.4930475,0.29,0.2657473,17.507059059,4.505859715,5.063543429,17.0207415,4.3596987,4.404490125,0.486317559,0.146161015,0.659053304,"Control","Nil",0,0,0,0,0,0,0,"E",NA,NA,NA,NA,NA,NA,NA,NA,NA
"334",2004,"4","5","oats",2.37,2.0188845,0.34,0.3144864,22.7580807,6.423591504,7.108974891,22.2077295,6.13740888,6.278730795,0.5503512,0.286182624,0.830244096,"PKMg","(P)KMg",0,0,90,0,0,0,0,"E",NA,NA,NA,NA,NA,NA,NA,NA,NA
"3571",2004,"4","6","oats",3.06,2.6258166,0.71,0.6524332,29.53319904,8.379823364,9.84223876,28.35881928,7.8774498,8.034998796,1.17437976,0.502373564,1.807239964,"N1PKMg","N1 (P)KMg",48,0,90,0,0,0,0,"E",NA,NA,NA,NA,NA,NA,NA,NA,NA
"3801",2004,"4","7","oats",3.48,2.977662,0.89,0.8197968,32.847658824,9.162905004,12.310548816,31.265451,8.60544318,8.932986,1.582207824,0.557461824,3.377562816,"N2PKMg","N2 (P)KMg",96,0,90,0,0,0,0,"E",0.105099772125,NA,NA,NA,NA,NA,NA,NA,NA
"19101",2004,"2","1","wheat",9.2,8.0132,3.71,3.47256,222.874808,31.6602936,51.5151312,202.73396,28.84752,32.693856,20.140848,2.8127736,18.8212752,"FYM+NPK","(FYM) N4",192,0,0,0,0,0,0,"E",NA,NA,NA,NA,NA,NA,0,0,0
"53101",2004,"3","1","wheat",7.33,6.3771,NA,NA,NA,NA,NA,NA,NA,NA,NA,NA,NA,"FYM+NPK","(FYM) N4",192,0,0,0,0,0,0,"E",NA,NA,NA,NA,NA,NA,0,0,0
"1121",2004,"5","1","wheat",6.84,6.0534,NA,NA,NA,NA,NA,NA,NA,NA,NA,NA,NA,"FYM+NPK","(FYM) N4",192,0,0,0,0,0,0,"E",NA,NA,NA,NA,NA,NA,0,0,0
"15310",2004,"6","1","wheat",7.25,6.3945,NA,NA,NA,NA,NA,NA,NA,NA,NA,NA,NA,"FYM+NPK","(FYM) N4",192,0,0,0,0,0,0,"E",NA,NA,NA,NA,NA,NA,0,0,0
"27910",2004,"1","10","wheat",2.26,1.96168,1.14,1.04994,48.87635,3.3746462,9.2340418,43.941632,3.2171552,7.0816648,4.934718,0.157491,2.152377,"N","N4",192,0,0,0,0,0,0,"E",NA,NA,NA,NA,NA,NA,NA,NA,NA
"3112",2004,"2","10","wheat",5.45,4.75785,1.88,1.739,101.371485,9.361142,17.6512245,95.632785,9.135072,16.0339545,5.7387,0.22607,1.61727,"N","N4",192,0,0,0,0,0,0,"E",NA,NA,NA,NA,NA,NA,NA,NA,NA
"3451",2004,"3","10","wheat",2.35,2.04215,NA,NA,NA,NA,NA,NA,NA,NA,NA,NA,NA,"N","N4",192,0,0,0,0,0,0,"E",NA,NA,NA,NA,NA,NA,NA,NA,NA
"4041",2004,"5","10","wheat",4.1,3.6039,NA,NA,NA,NA,NA,NA,NA,NA,NA,NA,NA,"N","N4",192,0,0,0,0,0,0,"E",NA,NA,NA,NA,NA,NA,NA,NA,NA
"4451",2004,"6","10","wheat",0.79,0.69599,NA,NA,NA,NA,NA,NA,NA,NA,NA,NA,NA,"N","N4",192,0,0,0,0,0,0,"E",NA,NA,NA,NA,NA,NA,NA,NA,NA
"517",2004,"8","10","wheat",0.68,0.58208,0.99,0.85338,NA,NA,NA,NA,NA,NA,7.936434,0.42669,4.1730282,"N","N4",192,0,0,0,0,0,0,"E",NA,NA,NA,NA,NA,NA,NA,NA,NA
"565",2004,"9","10","wheat",0.12,0.10656,NA,NA,NA,NA,NA,2.55744,0.1779552,0.3644352,NA,NA,NA,"N","N4",192,0,0,0,0,0,0,"E",NA,NA,NA,NA,NA,NA,NA,NA,NA
"675",2004,"1","11","wheat",4.86,4.24764,1.88,1.75216,94.21802,10.8129024,17.1562336,82.82898,10.0244304,13.9322592,11.38904,0.788472,3.2239744,"NP","N4 PMg",192,35,0,0,0,0,0,"E",NA,NA,NA,NA,NA,NA,NA,NA,NA
"707",2004,"2","11","wheat",6.98,6.08656,1.95,1.80765,139.356995,16.1467694,20.6693499,130.86104,15.4598624,18.8074704,8.495955,0.686907,1.8618795,"NP","N4 PMg",192,35,0,0,0,0,0,"E",NA,NA,NA,NA,NA,NA,NA,NA,NA
"741",2004,"3","11","wheat",5.23,4.54487,NA,NA,NA,NA,NA,NA,NA,NA,NA,NA,NA,"NP","N4 PMg",192,35,0,0,0,0,0,"E",NA,NA,NA,NA,NA,NA,NA,NA,NA
"800",2004,"5","11","wheat",4.33,3.80174,NA,NA,NA,NA,NA,NA,NA,NA,NA,NA,NA,"NP","N4 PMg",192,35,0,0,0,0,0,"E",NA,NA,NA,NA,NA,NA,NA,NA,NA
"841",2004,"6","11","wheat",5.22,4.58838,NA,NA,NA,NA,NA,NA,NA,NA,NA,NA,NA,"NP","N4 PMg",192,35,0,0,0,0,0,"E",NA,NA,NA,NA,NA,NA,NA,NA,NA
"913",2004,"8","11","wheat",1.44,1.24848,2.49,2.17875,NA,NA,NA,NA,NA,NA,22.876875,2.9848875,8.322825,"NP","N4 PMg",192,35,0,0,0,0,0,"E",NA,NA,NA,NA,NA,NA,NA,NA,NA
"961",2004,"9","11","wheat",5.07,4.44132,NA,NA,NA,NA,NA,88.8264,12.2580432,14.9672484,NA,NA,NA,"NP","N4 PMg",192,35,0,0,0,0,0,"E",NA,NA,NA,NA,NA,NA,NA,NA,NA
"1467",2004,"1","13","wheat",5.17,4.52892,1.93,1.7756,129.586636,11.841606,21.3406356,119.110596,11.095854,16.4399796,10.47604,0.745752,4.900656,"NPK","N4 PK",192,35,90,0,0,0,0,"E",NA,NA,NA,NA,NA,NA,NA,NA,NA
"1499",2004,"2","13","wheat",7.25,6.34375,2.73,2.52252,174.248354,19.4425973,35.965839,161.13125,18.2065625,24.740625,13.117104,1.2360348,11.225214,"NPK","N4 PK",192,35,90,0,0,0,0,"E",NA,NA,NA,NA,NA,NA,NA,NA,NA
"1533",2004,"3","13","wheat",5.85,5.1129,NA,NA,NA,NA,NA,NA,NA,NA,NA,NA,NA,"NPK","N4 PK",192,35,90,0,0,0,0,"E",NA,NA,NA,NA,NA,NA,NA,NA,NA
"1592",2004,"5","13","wheat",3.28,2.8864,NA,NA,NA,NA,NA,NA,NA,NA,NA,NA,NA,"NPK","N4 PK",192,35,90,0,0,0,0,"E",NA,NA,NA,NA,NA,NA,NA,NA,NA
"1633",2004,"6","13","wheat",6.32,5.58056,NA,NA,NA,NA,NA,NA,NA,NA,NA,NA,NA,"NPK","N4 PK",192,35,90,0,0,0,0,"E",NA,NA,NA,NA,NA,NA,NA,NA,NA
"1705",2004,"8","13","wheat",1.64,1.41532,2.48,1.96664,NA,NA,NA,NA,NA,NA,21.239712,2.6156312,25.861316,"NPK","N4 PK",192,35,90,0,0,0,0,"E",NA,NA,NA,NA,NA,NA,NA,NA,NA
"1753",2004,"9","13","wheat",3.91,3.4408,NA,NA,NA,NA,NA,93.93384,9.909504,13.178264,NA,NA,NA,"NPK","N4 PK",192,35,90,0,0,0,0,"E",NA,NA,NA,NA,NA,NA,NA,NA,NA
"1863",2004,"1","14","wheat",5.17,4.55477,2.01,1.87332,125.083464,12.9531715,20.8747763,114.780204,11.9790451,16.7160059,10.30326,0.9741264,4.1587704,"N4PKMg","N4 PK*(Mg*)",192,35,90,0,0,0,0,"E",NA,NA,NA,NA,NA,NA,NA,NA,NA
"1895",2004,"2","14","wheat",7.05,6.19695,2.48,2.29152,166.152198,19.0778607,29.536671,154.92375,17.9091855,22.432959,11.228448,1.1686752,7.103712,"N4PKMg","N4 PK*(Mg*)",192,35,90,0,0,0,0,"E",NA,NA,NA,NA,NA,NA,NA,NA,NA
"1929",2004,"3","14","wheat",5.47,4.8136,NA,NA,NA,NA,NA,NA,NA,NA,NA,NA,NA,"N4PKMg","N4 PK*(Mg*)",192,35,90,0,0,0,0,"E",NA,NA,NA,NA,NA,NA,NA,NA,NA
"1988",2004,"5","14","wheat",3.36,2.97024,NA,NA,NA,NA,NA,NA,NA,NA,NA,NA,NA,"N4PKMg","N4 PK*(Mg*)",192,35,90,0,0,0,0,"E",NA,NA,NA,NA,NA,NA,NA,NA,NA
"2029",2004,"6","14","wheat",6.44,5.67364,NA,NA,NA,NA,NA,NA,NA,NA,NA,NA,NA,"N4PKMg","N4 PK*(Mg*)",192,35,90,0,0,0,0,"E",NA,NA,NA,NA,NA,NA,NA,NA,NA
"2101",2004,"8","14","wheat",1.6,1.376,2.97,1.9305,NA,NA,NA,NA,NA,NA,21.81465,2.953665,24.90345,"N4PKMg","N4 PK*(Mg*)",192,35,90,0,0,0,0,"E",NA,NA,NA,NA,NA,NA,NA,NA,NA
"2149",2004,"9","14","wheat",4.88,4.2944,NA,NA,NA,NA,NA,112.51328,13.656192,16.834048,NA,NA,NA,"N4PKMg","N4 PK*(Mg*)",192,35,90,0,0,0,0,"E",NA,NA,NA,NA,NA,NA,NA,NA,NA
"2655",2004,"1","16","wheat",6.43,5.6584,2.73,2.53617,171.349447,14.7331577,26.5604141,153.34264,13.693328,20.143904,18.006807,1.0398297,6.4165101,"N5PKMg","N5 (P)KMg",240,0,90,0,0,0,0,"E",NA,0,0.104490894444444,NA,NA,NA,NA,NA,NA
"2687",2004,"2","16","wheat",8.45,7.44445,2.92,2.68932,218.812013,21.3308671,38.3847541,200.255705,20.1744595,26.8744645,18.556308,1.1564076,11.5102896,"N5PKMg","N5 (P)KMg",240,0,90,0,0,0,0,"E",NA,0,0.196837824444444,NA,NA,NA,NA,NA,NA
"2721",2004,"3","16","wheat",6.68,5.88508,NA,NA,NA,NA,NA,NA,NA,NA,NA,NA,NA,"N5PKMg","N5 (P)KMg",240,0,90,0,0,0,0,"E",NA,0,NA,NA,NA,NA,NA,NA,NA
"2780",2004,"5","16","wheat",6.47,5.70654,NA,NA,NA,NA,NA,NA,NA,NA,NA,NA,NA,"N5PKMg","N5 (P)KMg",240,0,90,0,0,0,0,"E",NA,0,NA,NA,NA,NA,NA,NA,NA
"2821",2004,"6","16","wheat",7.45,6.5709,NA,NA,NA,NA,NA,NA,NA,NA,NA,NA,NA,"N5PKMg","N5 (P)KMg",240,0,90,0,0,0,0,"E",NA,0,NA,NA,NA,NA,NA,NA,NA
"2893",2004,"8","16","wheat",1.5,1.2945,5.98,4.25776,NA,NA,NA,NA,NA,NA,71.104592,7.1530368,59.395752,"N5PKMg","N5 (P)KMg",240,0,90,0,0,0,0,"E",NA,0,NA,NA,NA,NA,NA,NA,NA
"2941",2004,"9","16","wheat",6.92,6.0896,NA,NA,NA,NA,NA,165.63712,16.44192,23.14048,NA,NA,NA,"N5PKMg","N5 (P)KMg",240,0,90,0,0,0,0,"E",NA,0,NA,NA,NA,NA,NA,NA,NA
"4239",2004,"1","20","wheat",1.86,1.63122,0.48,0.44544,39.937872,2.9600352,7.6714134,37.844304,2.8709472,6.3128214,2.093568,0.089088,1.358592,"NKMg","N4 KMg",96,0,90,0,0,0,0,"E",NA,NA,NA,NA,NA,NA,NA,NA,NA
"4725",2004,"1","22","wheat",4.04,3.48248,2.36,2.17356,91.359908,13.909996,28.073302,82.883024,12.0842056,15.5318608,8.476884,1.8257904,12.5414412,"FYM","FYM",0,0,0,35,211.75,69.89976,377.3196,"E",NA,NA,NA,0.367095815820543,0.242843145218418,-0.0134975773317593,NA,NA,NA
"4757",2004,"2","22","wheat",6.44,5.55772,3.45,3.1947,108.76102,23.0773444,40.3675346,97.2601,19.5631744,23.7870416,11.50092,3.51417,16.580493,"FYM","FYM",0,0,0,35,211.75,69.89976,377.3196,"E",NA,NA,NA,0.422608198347107,0.0348974498229044,-0.144491027154664,NA,NA,NA
"4791",2004,"3","22","wheat",4.4,3.7972,NA,NA,NA,NA,NA,NA,NA,NA,NA,NA,NA,"FYM","FYM",0,0,0,35,211.75,69.89976,377.3196,"E",NA,NA,NA,NA,NA,NA,NA,NA,NA
"4850",2004,"5","22","wheat",4.17,3.64458,NA,NA,NA,NA,NA,NA,NA,NA,NA,NA,NA,"FYM","FYM",0,0,0,35,211.75,69.89976,377.3196,"E",NA,NA,NA,NA,NA,NA,NA,NA,NA
"4891",2004,"6","22","wheat",4.38,3.82374,NA,NA,NA,NA,NA,NA,NA,NA,NA,NA,NA,"FYM","FYM",0,0,0,35,211.75,69.89976,377.3196,"E",NA,NA,NA,NA,NA,NA,NA,NA,NA
"4963",2004,"8","22","wheat",NA,NA,NA,NA,NA,NA,NA,NA,NA,NA,NA,NA,NA,"FYM","FYM",0,0,0,35,211.75,69.89976,377.3196,"E",NA,NA,NA,NA,NA,NA,NA,NA,NA
"5011",2004,"9","22","wheat",4.29,3.73659,NA,NA,NA,NA,NA,64.643007,13.078065,16.7772891,NA,NA,NA,"FYM","FYM",0,0,0,35,211.75,69.89976,377.3196,"E",NA,NA,NA,NA,NA,NA,NA,NA,NA
"5111",2004,"1","3","wheat",0.71,0.60279,0.11,0.10087,9.073569,1.8949481,3.0486708,8.680176,1.8505653,2.6583039,0.393393,0.0443828,0.3903669,"Control","Nil",0,0,0,0,0,0,0,"E",NA,NA,NA,NA,NA,NA,NA,NA,NA
"5143",2004,"2","3","wheat",1.29,1.09908,0.25,0.23075,16.669593,3.9088411,4.838508,16.046568,3.7588536,4.506228,0.623025,0.1499875,0.33228,"Control","Nil",0,0,0,0,0,0,0,"E",NA,NA,NA,NA,NA,NA,NA,NA,NA
"5177",2004,"3","3","wheat",1.09,0.92868,NA,NA,NA,NA,NA,NA,NA,NA,NA,NA,NA,"Control","Nil",0,0,0,0,0,0,0,"E",NA,NA,NA,NA,NA,NA,NA,NA,NA
"5236",2004,"5","3","wheat",1.27,1.10236,NA,NA,NA,NA,NA,NA,NA,NA,NA,NA,NA,"Control","Nil",0,0,0,0,0,0,0,"E",NA,NA,NA,NA,NA,NA,NA,NA,NA
"5277",2004,"6","3","wheat",1.26,1.09494,NA,NA,NA,NA,NA,NA,NA,NA,NA,NA,NA,"Control","Nil",0,0,0,0,0,0,0,"E",NA,NA,NA,NA,NA,NA,NA,NA,NA
"5349",2004,"8","3","wheat",0.52,0.44356,0.17,0.15368,NA,NA,NA,NA,NA,NA,0.7684,0.0783768,0.6239408,"Control","Nil",0,0,0,0,0,0,0,"E",NA,NA,NA,NA,NA,NA,NA,NA,NA
"5397",2004,"9","3","wheat",0.13,0.11154,NA,NA,NA,NA,NA,1.684254,0.2688114,0.4506216,NA,NA,NA,"Control","Nil",0,0,0,0,0,0,0,"E",NA,NA,NA,NA,NA,NA,NA,NA,NA
"5507",2004,"1","5","wheat",1.11,0.94017,0.28,0.2576,13.627369,3.0956184,4.6711441,12.880329,2.9333304,4.0709361,0.74704,0.162288,0.600208,"PKMg","(P)KMg",0,0,90,0,0,0,0,"E",NA,NA,NA,NA,NA,NA,NA,NA,NA
"5539",2004,"2","5","wheat",1.53,1.30203,0.52,0.4836,19.273734,4.8677238,6.3483051,17.968014,4.5050238,5.4294651,1.30572,0.3627,0.91884,"PKMg","(P)KMg",0,0,90,0,0,0,0,"E",NA,NA,NA,NA,NA,NA,NA,NA,NA
"5573",2004,"3","5","wheat",1.47,1.25244,NA,NA,NA,NA,NA,NA,NA,NA,NA,NA,NA,"PKMg","(P)KMg",0,0,90,0,0,0,0,"E",NA,NA,NA,NA,NA,NA,NA,NA,NA
"5632",2004,"5","5","wheat",0.97,0.83323,NA,NA,NA,NA,NA,NA,NA,NA,NA,NA,NA,"PKMg","(P)KMg",0,0,90,0,0,0,0,"E",NA,NA,NA,NA,NA,NA,NA,NA,NA
"5673",2004,"6","5","wheat",1.29,1.11456,NA,NA,NA,NA,NA,NA,NA,NA,NA,NA,NA,"PKMg","(P)KMg",0,0,90,0,0,0,0,"E",NA,NA,NA,NA,NA,NA,NA,NA,NA
"5745",2004,"8","5","wheat",0.82,0.69864,1.02,0.89148,NA,NA,NA,NA,NA,NA,9.182244,1.2837312,10.876056,"PKMg","(P)KMg",0,0,90,0,0,0,0,"E",NA,NA,NA,NA,NA,NA,NA,NA,NA
"5793",2004,"9","5","wheat",0.86,0.74046,NA,NA,NA,NA,NA,9.99621,2.2880214,3.2506194,NA,NA,NA,"PKMg","(P)KMg",0,0,90,0,0,0,0,"E",NA,NA,NA,NA,NA,NA,NA,NA,NA
"5903",2004,"1","6","wheat",2.84,2.43104,1.5,1.386,45.201832,8.0722464,20.3299408,38.410432,7.0743264,10.9883008,6.7914,0.99792,9.34164,"N1PKMg","N1 (P)KMg",48,0,90,0,0,0,0,"E",NA,NA,NA,NA,NA,NA,NA,NA,NA
"5935",2004,"2","6","wheat",3.76,3.22232,1.37,1.2741,49.069604,10.1188948,15.5071162,45.756944,9.6347368,13.4048512,3.31266,0.484158,2.102265,"N1PKMg","N1 (P)KMg",48,0,90,0,0,0,0,"E",NA,NA,NA,NA,NA,NA,NA,NA,NA
"5969",2004,"3","6","wheat",2.86,2.45674,NA,NA,NA,NA,NA,NA,NA,NA,NA,NA,NA,"N1PKMg","N1 (P)KMg",48,0,90,0,0,0,0,"E",NA,NA,NA,NA,NA,NA,NA,NA,NA
"6028",2004,"5","6","wheat",2.23,1.93787,NA,NA,NA,NA,NA,NA,NA,NA,NA,NA,NA,"N1PKMg","N1 (P)KMg",48,0,90,0,0,0,0,"E",NA,NA,NA,NA,NA,NA,NA,NA,NA
"6069",2004,"6","6","wheat",2.84,2.47364,NA,NA,NA,NA,NA,NA,NA,NA,NA,NA,NA,"N1PKMg","N1 (P)KMg",48,0,90,0,0,0,0,"E",NA,NA,NA,NA,NA,NA,NA,NA,NA
"6141",2004,"8","6","wheat",1.32,1.12728,1.62,1.46124,NA,NA,NA,NA,NA,NA,8.913564,1.3443408,8.5774788,"N1PKMg","N1 (P)KMg",48,0,90,0,0,0,0,"E",NA,NA,NA,NA,NA,NA,NA,NA,NA
"6189",2004,"9","6","wheat",2.73,2.37783,NA,NA,NA,NA,NA,40.185327,6.0634665,8.9168625,NA,NA,NA,"N1PKMg","N1 (P)KMg",48,0,90,0,0,0,0,"E",NA,NA,NA,NA,NA,NA,NA,NA,NA
"6299",2004,"1","7","wheat",4.09,3.54194,1.32,1.22892,79.759024,10.6525912,19.8127244,75.089128,10.271626,15.8678912,4.669896,0.3809652,3.9448332,"N2PKMg","N2 (P)KMg",96,0,90,0,0,0,0,"E",0.68887140625,NA,NA,NA,NA,NA,NA,NA,NA
"6331",2004,"2","7","wheat",5.61,4.84704,1.78,1.6554,99.010692,16.4020608,25.2031236,93.547872,15.6074688,20.5514496,5.46282,0.794592,4.651674,"N2PKMg","N2 (P)KMg",96,0,90,0,0,0,0,"E",0.8305933125,NA,NA,NA,NA,NA,NA,NA,NA
"6365",2004,"3","7","wheat",4.25,3.69325,NA,NA,NA,NA,NA,NA,NA,NA,NA,NA,NA,"N2PKMg","N2 (P)KMg",96,0,90,0,0,0,0,"E",NA,NA,NA,NA,NA,NA,NA,NA,NA
"6424",2004,"5","7","wheat",2.86,2.51394,NA,NA,NA,NA,NA,NA,NA,NA,NA,NA,NA,"N2PKMg","N2 (P)KMg",96,0,90,0,0,0,0,"E",NA,NA,NA,NA,NA,NA,NA,NA,NA
"6465",2004,"6","7","wheat",3.84,3.3792,NA,NA,NA,NA,NA,NA,NA,NA,NA,NA,NA,"N2PKMg","N2 (P)KMg",96,0,90,0,0,0,0,"E",NA,NA,NA,NA,NA,NA,NA,NA,NA
"6537",2004,"8","7","wheat",1.75,1.50675,2.23,1.98024,NA,NA,NA,NA,NA,NA,13.267608,1.8020184,12.6339312,"N2PKMg","N2 (P)KMg",96,0,90,0,0,0,0,"E",NA,NA,NA,NA,NA,NA,NA,NA,NA
"6585",2004,"9","7","wheat",3.72,3.26988,NA,NA,NA,NA,NA,71.610372,9.319158,13.7007972,NA,NA,NA,"N2PKMg","N2 (P)KMg",96,0,90,0,0,0,0,"E",NA,NA,NA,NA,NA,NA,NA,NA,NA
"19103",2004,"7","1","maize",23.13,7.28595,NA,NA,83.05983,14.9361975,103.314771,NA,NA,NA,NA,NA,NA,"FYM+NPK","(FYM) N4",192,0,0,0,0,0,0,"E",NA,NA,NA,NA,NA,NA,0,0,0
"4013",2004,"7","10","maize",5.33,1.20458,NA,NA,16.26183,1.9393738,10.7448536,NA,NA,NA,NA,NA,NA,"N","N4",192,0,0,0,0,0,0,"E",NA,NA,NA,NA,NA,NA,NA,NA,NA
"61103",2004,"7","11","maize",9.31,2.55094,NA,NA,30.61128,9.0048182,14.4383204,NA,NA,NA,NA,NA,NA,"NP","N4 PMg",192,35,0,0,0,0,0,"E",NA,NA,NA,NA,NA,NA,NA,NA,NA
"1032",2004,"7","13","maize",13.65,3.822,NA,NA,45.0996,8.4084,54.8457,NA,NA,NA,NA,NA,NA,"NPK","N4 PK",192,35,90,0,0,0,0,"E",NA,NA,NA,NA,NA,NA,NA,NA,NA
"1243",2004,"7","14","maize",13.77,4.00707,NA,NA,48.485547,9.3364731,50.088375,NA,NA,NA,NA,NA,NA,"N4PKMg","N4 PK*(Mg*)",192,35,90,0,0,0,0,"E",NA,NA,NA,NA,NA,NA,NA,NA,NA
"16613",2004,"7","16","maize",13.6,3.876,NA,NA,48.8376,7.752,44.10888,NA,NA,NA,NA,NA,NA,"N5PKMg","N5 (P)KMg",240,0,90,0,0,0,0,"E",NA,0,0.329672884444444,NA,NA,NA,NA,NA,NA
"27110",2004,"7","22","maize",16.78,5.33604,NA,NA,48.3445224,10.5119988,90.7660404,NA,NA,NA,NA,NA,NA,"FYM","FYM",0,0,0,35,211.75,69.89976,377.3196,"E",NA,NA,NA,0.220937432821724,0.151512124675325,0.0837461270365998,NA,NA,NA
"29211",2004,"7","3","maize",1.56,0.35568,NA,NA,2.5111008,0.5726448,4.4673408,NA,NA,NA,NA,NA,NA,"Control","Nil",0,0,0,0,0,0,0,"E",NA,NA,NA,NA,NA,NA,NA,NA,NA
"3132",2004,"7","5","maize",0.97,0.20273,NA,NA,1.561021,0.6385995,3.7525323,NA,NA,NA,NA,NA,NA,"PKMg","(P)KMg",0,0,90,0,0,0,0,"E",NA,NA,NA,NA,NA,NA,NA,NA,NA
"3342",2004,"7","6","maize",3.27,0.83385,NA,NA,5.2615935,2.284749,14.308866,NA,NA,NA,NA,NA,NA,"N1PKMg","N1 (P)KMg",48,0,90,0,0,0,0,"E",NA,NA,NA,NA,NA,NA,NA,NA,NA
"3553",2004,"7","7","maize",11.97,3.32766,NA,NA,27.0871524,6.0563412,58.5335394,NA,NA,NA,NA,NA,NA,"N2PKMg","N2 (P)KMg",96,0,90,0,0,0,0,"E",0.265897202083333,NA,NA,NA,NA,NA,NA,NA,NA
"1768",2005,"5","1","oats",7.44,6.5552352,2.67,2.3989149,81.518070789,21.490282326,71.454448428,76.69625184,20.386781472,27.794197248,4.821818949,1.103500854,43.66025118,"FYM+NPK","(FYM) N4",192,0,0,0,0,0,0,"E",NA,NA,NA,NA,NA,NA,0,0,0
"4010",2005,"5","10","oats",5.22,4.5265752,1.05,0.911316,75.73939296,11.815861512,26.788330128,72.87786072,11.588032512,17.155720008,2.86153224,0.227829,9.63261012,"N","N4",192,0,0,0,0,0,0,"E",NA,NA,NA,NA,NA,NA,NA,NA,NA
"63100",2005,"5","11","oats",5.57,4.9093423,0.99,0.8984349,68.495255253,15.537585023,23.750593336,66.27612105,15.268054553,19.195528393,2.219134203,0.26953047,4.555064943,"NP","N4 PMg",192,35,0,0,0,0,0,"E",NA,NA,NA,NA,NA,NA,NA,NA,NA
"109",2005,"5","13","oats",5.15,4.525305,1.17,1.0460385,60.69863997,13.9943304,34.317098985,58.3764345,13.575915,18.8252688,2.32220547,0.4184154,15.491830185,"NPK","N4 PK",192,35,90,0,0,0,0,"E",NA,NA,NA,NA,NA,NA,NA,NA,NA
"1321",2005,"5","14","oats",5.78,5.104318,1.25,1.15205,63.0339637,15.31934656,35.0420812,60.7413842,14.90460856,21.1829197,2.2925795,0.414738,13.8591615,"N4PKMg","N4 PK*(Mg*)",192,35,90,0,0,0,0,"E",NA,NA,NA,NA,NA,NA,NA,NA,NA
"178",2005,"5","16","oats",7.5,6.64035,2.41,2.2349858,93.323023192,19.483097876,62.194180466,88.316655,18.991401,25.8309615,5.006368192,0.491696876,36.363218966,"N5PKMg","N5 (P)KMg",240,0,90,0,0,0,0,"E",NA,0,0.427150968111111,NA,NA,NA,NA,NA,NA
"293",2005,"5","22","oats",6.6,5.806944,1.89,1.6800021,74.331814833,19.535075154,57.234667122,71.4254112,18.2918736,24.27302592,2.906403633,1.243201554,32.961641202,"FYM","FYM",0,0,0,35,158.2,30.3555,255.535,"E",NA,NA,NA,0.366196250575221,-0.0088974597155499,0.0368935498103665,NA,NA,NA
"316",2005,"5","3","oats",1.57,1.3602794,0.24,0.2169312,18.110986664,4.284523358,6.85614774,17.6836322,4.176057758,5.30508966,0.427354464,0.1084656,1.55105808,"Control","Nil",0,0,0,0,0,0,0,"E",NA,NA,NA,NA,NA,NA,NA,NA,NA
"339",2005,"5","5","oats",1.34,1.1584032,0.11,0.0988713,16.399567992,3.775672485,5.282889201,16.2176448,3.683722176,4.483020384,0.181923192,0.091950309,0.799868817,"PKMg","(P)KMg",0,0,90,0,0,0,0,"E",NA,NA,NA,NA,NA,NA,NA,NA,NA
"3621",2005,"5","6","oats",1.8,1.559358,0.29,0.2634128,21.541280808,5.164853988,8.4764408,21.051333,4.9119777,6.237432,0.489947808,0.252876288,2.2390088,"N1PKMg","N1 (P)KMg",48,0,90,0,0,0,0,"E",NA,NA,NA,NA,NA,NA,NA,NA,NA
"3851",2005,"5","7","oats",3.06,2.6807742,0.53,0.4845207,34.712879871,8.496144972,15.914222739,33.77775492,8.17636131,11.044789704,0.935124951,0.319783662,4.869433035,"N2PKMg","N2 (P)KMg",96,0,90,0,0,0,0,"E",0.19076366540625,NA,NA,NA,NA,NA,NA,NA,NA
"20101",2005,"2","1","wheat",6.69,5.97417,NA,NA,148.977855870239,21.7599585561496,50.3334300806946,135.016242,20.1329529,28.4967909,13.961613870239,1.62700565614961,21.8366391806946,"FYM+NPK","(FYM) N4",192,0,0,0,0,0,0,"E",NA,NA,NA,NA,NA,NA,0,0,0
"5413",2005,"3","1","wheat",7.87,7.02004,NA,NA,NA,NA,NA,162.162924,22.1833264,32.0113824,NA,NA,NA,"FYM+NPK","(FYM) N4",192,0,0,0,0,0,0,"E",NA,NA,NA,NA,NA,NA,0,0,0
"15410",2005,"6","1","wheat",6.01,5.40299,NA,NA,NA,NA,NA,129.67176,20.0991228,26.0424118,NA,NA,NA,"FYM+NPK","(FYM) N4",192,0,0,0,0,0,0,"E",NA,NA,NA,NA,NA,NA,0,0,0
"185",2005,"7","1","wheat",9.55,8.58545,5.71,5.43592,220.809503,35.184734,113.7507675,191.455535,30.564202,40.0940515,29.353968,4.620532,73.656716,"FYM+NPK","(FYM) N4",192,0,0,0,0,0,0,"E",NA,NA,NA,NA,NA,NA,0,0,0
"2291",2005,"0","10","wheat",5.91,5.2599,NA,NA,NA,NA,NA,105.198,9.730815,22.564971,NA,NA,NA,"N","N4",192,0,0,0,0,0,0,"E",NA,NA,NA,NA,NA,NA,NA,NA,NA
"28010",2005,"1","10","wheat",3.05,2.72365,0.69,0.66447,61.953849,4.7836908,15.6156255,58.83084,4.6574415,11.0307825,3.123009,0.1262493,4.584843,"N","N4",192,0,0,0,0,0,0,"E",NA,NA,NA,NA,NA,NA,NA,NA,NA
"3121",2005,"2","10","wheat",5.89,5.2421,NA,NA,111.228059954057,10.932146240026,24.0965412467254,105.36621,11.113252,21.282926,5.86184995405654,-0.18110575997401,2.81361524672536,"N","N4",192,0,0,0,0,0,0,"E",NA,NA,NA,NA,NA,NA,NA,NA,NA
"3461",2005,"3","10","wheat",4.63,4.1207,NA,NA,NA,NA,NA,83.23814,7.046397,17.100905,NA,NA,NA,"N","N4",192,0,0,0,0,0,0,"E",NA,NA,NA,NA,NA,NA,NA,NA,NA
"4461",2005,"6","10","wheat",2.86,2.5597,NA,NA,NA,NA,NA,55.54549,5.605743,10.801934,NA,NA,NA,"N","N4",192,0,0,0,0,0,0,"E",NA,NA,NA,NA,NA,NA,NA,NA,NA
"47710",2005,"7","10","wheat",5.77,5.15261,1.17,1.13139,102.136167,11.6474878,27.3645683,97.384329,11.3872681,21.5379098,4.751838,0.2602197,5.8266585,"N","N4",192,0,0,0,0,0,0,"E",NA,NA,NA,NA,NA,NA,NA,NA,NA
"518",2005,"8","10","wheat",1.7,1.3991,1.84,1.73328,NA,NA,NA,NA,NA,NA,14.039568,0.6586464,11.1969888,"N","N4",192,0,0,0,0,0,0,"E",NA,NA,NA,NA,NA,NA,NA,NA,NA
"566",2005,"9","10","wheat",2.62,2.31608,NA,NA,NA,NA,NA,48.869288,4.284748,9.7506968,NA,NA,NA,"N","N4",192,0,0,0,0,0,0,"E",NA,NA,NA,NA,NA,NA,NA,NA,NA
"625",2005,"0","11","wheat",6.59,5.85192,NA,NA,NA,NA,NA,105.919752,16.7364912,25.3973328,NA,NA,NA,"NP","N4 PMg",192,35,0,0,0,0,0,"E",NA,NA,NA,NA,NA,NA,NA,NA,NA
"676",2005,"1","11","wheat",4.05,3.60855,1.07,1.02078,78.846363,11.1221235,18.8262414,71.088435,10.3565385,15.733278,7.757928,0.765585,3.0929634,"NP","N4 PMg",192,35,0,0,0,0,0,"E",NA,NA,NA,NA,NA,NA,NA,NA,NA
"708",2005,"2","11","wheat",5.33,4.74903,NA,NA,101.382171751314,15.1606664922456,24.1416364652043,91.181376,14.3420706,20.3258484,10.2007957513143,0.818595892245582,3.81578806520429,"NP","N4 PMg",192,35,0,0,0,0,0,"E",NA,NA,NA,NA,NA,NA,NA,NA,NA
"742",2005,"3","11","wheat",3.75,3.34125,NA,NA,NA,NA,NA,65.154375,9.3555,13.6323,NA,NA,NA,"NP","N4 PMg",192,35,0,0,0,0,0,"E",NA,NA,NA,NA,NA,NA,NA,NA,NA
"842",2005,"6","11","wheat",3.47,3.09524,NA,NA,NA,NA,NA,62.214324,9.0071484,13.0928652,NA,NA,NA,"NP","N4 PMg",192,35,0,0,0,0,0,"E",NA,NA,NA,NA,NA,NA,NA,NA,NA
"873",2005,"7","11","wheat",4.31,3.84883,1.15,1.0971,78.111493,11.9459437,18.4672,69.663823,11.1231187,15.39532,8.44767,0.822825,3.07188,"NP","N4 PMg",192,35,0,0,0,0,0,"E",NA,NA,NA,NA,NA,NA,NA,NA,NA
"914",2005,"8","11","wheat",2.82,2.47032,3.29,3.18143,NA,NA,NA,NA,NA,NA,24.815154,2.9269156,17.2115363,"NP","N4 PMg",192,35,0,0,0,0,0,"E",NA,NA,NA,NA,NA,NA,NA,NA,NA
"962",2005,"9","11","wheat",3.71,3.3019,NA,NA,NA,NA,NA,67.02857,10.500042,14.099113,NA,NA,NA,"NP","N4 PMg",192,35,0,0,0,0,0,"E",NA,NA,NA,NA,NA,NA,NA,NA,NA
"1417",2005,"0","13","wheat",7.55,6.75725,NA,NA,NA,NA,NA,127.0363,21.1501925,30.677915,NA,NA,NA,"NPK","N4 PK",192,35,90,0,0,0,0,"E",NA,NA,NA,NA,NA,NA,NA,NA,NA
"1468",2005,"1","13","wheat",6.23,5.58831,1.99,1.90244,121.646987,16.3155022,43.8971227,112.325031,15.5355018,25.5385767,9.321956,0.7800004,18.358546,"NPK","N4 PK",192,35,90,0,0,0,0,"E",NA,NA,NA,NA,NA,NA,NA,NA,NA
"1500",2005,"2","13","wheat",6.7,5.9831,NA,NA,116.916430815661,18.538274707017,41.6963996480418,108.89242,17.9493,28.419725,8.02401081566086,0.588974707016973,13.2766746480418,"NPK","N4 PK",192,35,90,0,0,0,0,"E",NA,NA,NA,NA,NA,NA,NA,NA,NA
"1534",2005,"3","13","wheat",6.29,5.61697,NA,NA,NA,NA,NA,106.160733,16.5138918,27.6916621,NA,NA,NA,"NPK","N4 PK",192,35,90,0,0,0,0,"E",NA,NA,NA,NA,NA,NA,NA,NA,NA
"1634",2005,"6","13","wheat",6.4,5.7216,NA,NA,NA,NA,NA,117.86496,17.679744,26.376576,NA,NA,NA,"NPK","N4 PK",192,35,90,0,0,0,0,"E",NA,NA,NA,NA,NA,NA,NA,NA,NA
"1665",2005,"7","13","wheat",7.84,7.00896,3.05,2.9097,136.279332,22.219857,58.6825152,124.058592,21.02688,31.6804992,12.22074,1.192977,27.002016,"NPK","N4 PK",192,35,90,0,0,0,0,"E",NA,NA,NA,NA,NA,NA,NA,NA,NA
"1706",2005,"8","13","wheat",3.68,3.27152,4.73,4.3516,NA,NA,NA,NA,NA,NA,26.1096,4.177536,70.104276,"NPK","N4 PK",192,35,90,0,0,0,0,"E",NA,NA,NA,NA,NA,NA,NA,NA,NA
"1754",2005,"9","13","wheat",7.08,6.32952,NA,NA,NA,NA,NA,131.654016,21.2671872,30.6348768,NA,NA,NA,"NPK","N4 PK",192,35,90,0,0,0,0,"E",NA,NA,NA,NA,NA,NA,NA,NA,NA
"1813",2005,"0","14","wheat",8.18,7.32928,NA,NA,NA,NA,NA,145.852672,24.3332096,34.081152,NA,NA,NA,"N4PKMg","N4 PK*(Mg*)",192,35,90,0,0,0,0,"E",NA,NA,NA,NA,NA,NA,NA,NA,NA
"1864",2005,"1","14","wheat",7.04,6.32896,2.85,2.7132,143.490192,19.9003976,54.1293064,131.009472,18.7337216,27.7841344,12.48072,1.166676,26.345172,"N4PKMg","N4 PK*(Mg*)",192,35,90,0,0,0,0,"E",NA,NA,NA,NA,NA,NA,NA,NA,NA
"1896",2005,"2","14","wheat",7.16,6.42252,NA,NA,129.490847183639,19.2884298360319,41.7036915689656,121.385628,18.7537584,29.6078172,8.10521918363884,0.534671436031914,12.0958743689656,"N4PKMg","N4 PK*(Mg*)",192,35,90,0,0,0,0,"E",NA,NA,NA,NA,NA,NA,NA,NA,NA
"1930",2005,"3","14","wheat",6.98,6.23314,NA,NA,NA,NA,NA,117.183032,18.1384374,27.7998044,NA,NA,NA,"N4PKMg","N4 PK*(Mg*)",192,35,90,0,0,0,0,"E",NA,NA,NA,NA,NA,NA,NA,NA,NA
"2030",2005,"6","14","wheat",6.54,5.84022,NA,NA,NA,NA,NA,110.96418,21.7256184,29.4347088,NA,NA,NA,"N4PKMg","N4 PK*(Mg*)",192,35,90,0,0,0,0,"E",NA,NA,NA,NA,NA,NA,NA,NA,NA
"2061",2005,"7","14","wheat",8.05,7.18865,3.11,2.96694,140.544595,22.9980549,60.2233879,128.676835,21.7816095,31.4144005,11.86776,1.2164454,28.8089874,"N4PKMg","N4 PK*(Mg*)",192,35,90,0,0,0,0,"E",NA,NA,NA,NA,NA,NA,NA,NA,NA
"2102",2005,"8","14","wheat",4.03,3.42953,5.72,5.30816,NA,NA,NA,NA,NA,NA,36.095488,5.5204864,82.011072,"N4PKMg","N4 PK*(Mg*)",192,35,90,0,0,0,0,"E",NA,NA,NA,NA,NA,NA,NA,NA,NA
"2150",2005,"9","14","wheat",7.47,6.6483,NA,NA,NA,NA,NA,134.29566,22.138839,31.313493,NA,NA,NA,"N4PKMg","N4 PK*(Mg*)",192,35,90,0,0,0,0,"E",NA,NA,NA,NA,NA,NA,NA,NA,NA
"2605",2005,"0","16","wheat",8.38,7.55038,NA,NA,NA,NA,NA,174.413778,21.141064,32.6176416,NA,NA,NA,"N5PKMg","N5 (P)KMg",240,0,90,0,0,0,0,"E",NA,0,NA,NA,NA,NA,NA,NA,NA
"2656",2005,"1","16","wheat",7.41,6.669,3.56,3.44964,190.182552,19.4183496,73.9520508,166.725,18.07299,29.21022,23.457552,1.3453596,44.7418308,"N5PKMg","N5 (P)KMg",240,0,90,0,0,0,0,"E",NA,0,0.612508993333333,NA,NA,NA,NA,NA,NA
"2688",2005,"2","16","wheat",7.46,6.6767,NA,NA,182.095083945799,18.2529077584703,55.3915861138876,162.91148,17.35942,27.841839,19.1836039457993,0.893487758470329,27.5497471138876,"N5PKMg","N5 (P)KMg",240,0,90,0,0,0,0,"E",NA,0,0.347221662763148,NA,NA,NA,NA,NA,NA
"2722",2005,"3","16","wheat",7.29,6.53184,NA,NA,NA,NA,NA,161.336448,19.2036096,29.1320064,NA,NA,NA,"N5PKMg","N5 (P)KMg",240,0,90,0,0,0,0,"E",NA,0,NA,NA,NA,NA,NA,NA,NA
"2822",2005,"6","16","wheat",6.98,6.23314,NA,NA,NA,NA,NA,151.465302,20.5070306,29.1087638,NA,NA,NA,"N5PKMg","N5 (P)KMg",240,0,90,0,0,0,0,"E",NA,0,NA,NA,NA,NA,NA,NA,NA
"2853",2005,"7","16","wheat",8.74,7.8223,4.75,4.579,222.85993,25.483579,103.14891,188.51743,22.919339,34.41812,34.3425,2.56424,68.73079,"N5PKMg","N5 (P)KMg",240,0,90,0,0,0,0,"E",NA,0,0.940907888888889,NA,NA,NA,NA,NA,NA
"2894",2005,"8","16","wheat",3.98,3.47056,6.38,5.69734,NA,NA,NA,NA,NA,NA,64.949676,6.836808,98.0512214,"N5PKMg","N5 (P)KMg",240,0,90,0,0,0,0,"E",NA,0,NA,NA,NA,NA,NA,NA,NA
"2942",2005,"9","16","wheat",7.43,6.62013,NA,NA,NA,NA,NA,164.841237,19.9927926,29.7243837,NA,NA,NA,"N5PKMg","N5 (P)KMg",240,0,90,0,0,0,0,"E",NA,0,NA,NA,NA,NA,NA,NA,NA
"4189",2005,"0","20","wheat",6.13,5.49861,NA,NA,NA,NA,NA,120.419559,9.897498,23.3690925,NA,NA,NA,"NKMg","N4 KMg",96,0,90,0,0,0,0,"E",NA,NA,NA,NA,NA,NA,NA,NA,NA
"4240",2005,"1","20","wheat",1.63,1.44255,0.38,0.36214,34.268075,2.5391284,10.4899213,32.457375,2.481186,6.3904965,1.8107,0.0579424,4.0994248,"NKMg","N4 KMg",96,0,90,0,0,0,0,"E",NA,NA,NA,NA,NA,NA,NA,NA,NA
"4675",2005,"0","22","wheat",5.14,4.5746,NA,NA,NA,NA,NA,70.9063,16.743036,21.637858,NA,NA,NA,"FYM","FYM",0,0,0,35,158.2,30.3555,255.535,"E",NA,NA,NA,NA,NA,NA,NA,NA,NA
"4726",2005,"1","22","wheat",4.18,3.71602,1.81,1.70864,67.414066,14.6992996,38.0897814,62.800738,13.4519924,18.5429398,4.613328,1.2473072,19.5468416,"FYM","FYM",0,0,0,35,158.2,30.3555,255.535,"E",NA,NA,NA,0.326780998735777,0.209519538558786,-0.0722648356510746,NA,NA,NA
"4758",2005,"2","22","wheat",4.4,3.9072,NA,NA,70.911714389102,16.5981926591459,39.0554523123425,64.85952,14.183136,20.356512,6.05219438910194,2.4150566591459,18.6989403123425,"FYM","FYM",0,0,0,35,158.2,30.3555,255.535,"E",NA,NA,NA,0.315409173663313,-0.254844156542064,-0.192607189394515,NA,NA,NA
"4792",2005,"3","22","wheat",4.34,3.8409,NA,NA,NA,NA,NA,62.22258,13.596786,19.396545,NA,NA,NA,"FYM","FYM",0,0,0,35,158.2,30.3555,255.535,"E",NA,NA,NA,NA,NA,NA,NA,NA,NA
"4892",2005,"6","22","wheat",5.29,4.71868,NA,NA,NA,NA,NA,77.386352,17.223182,23.4518396,NA,NA,NA,"FYM","FYM",0,0,0,35,158.2,30.3555,255.535,"E",NA,NA,NA,NA,NA,NA,NA,NA,NA
"4923",2005,"7","22","wheat",5.66,4.95816,1.88,1.78412,76.214628,18.1798616,40.4603668,71.397504,16.609836,22.7083728,4.817124,1.5700256,17.751994,"FYM","FYM",0,0,0,35,158.2,30.3555,255.535,"E",NA,NA,NA,0.319421814159292,-0.16385296460177,-0.0119902970922882,NA,NA,NA
"4964",2005,"8","22","wheat",3.86,3.25398,5.97,5.18793,NA,NA,NA,NA,NA,NA,26.458443,6.9518262,96.3917394,"FYM","FYM",0,0,0,35,158.2,30.3555,255.535,"E",NA,NA,NA,NA,NA,NA,NA,NA,NA
"5012",2005,"9","22","wheat",6.03,5.3667,NA,NA,NA,NA,NA,89.62389,18.676116,25.599159,NA,NA,NA,"FYM","FYM",0,0,0,35,158.2,30.3555,255.535,"E",NA,NA,NA,NA,NA,NA,NA,NA,NA
"5061",2005,"0","3","wheat",1.64,1.43828,NA,NA,NA,NA,NA,22.580996,4.6312616,6.1702212,NA,NA,NA,"Control","Nil",0,0,0,0,0,0,0,"E",NA,NA,NA,NA,NA,NA,NA,NA,NA
"5112",2005,"1","3","wheat",1.05,0.92295,0.23,0.22149,15.158484,2.9526957,5.4814752,14.58261,2.879604,4.134816,0.575874,0.0730917,1.3466592,"Control","Nil",0,0,0,0,0,0,0,"E",NA,NA,NA,NA,NA,NA,NA,NA,NA
"5144",2005,"2","3","wheat",1.14,1.00092,NA,NA,17.0846392632959,3.64812439454626,4.9221984432788,16.01472,3.403128,4.3239744,1.06991926329587,0.244996394546256,0.598224043278805,"Control","Nil",0,0,0,0,0,0,0,"E",NA,NA,NA,NA,NA,NA,NA,NA,NA
"5178",2005,"3","3","wheat",0.8,0.7056,NA,NA,NA,NA,NA,12.06576,2.335536,3.154032,NA,NA,NA,"Control","Nil",0,0,0,0,0,0,0,"E",NA,NA,NA,NA,NA,NA,NA,NA,NA
"5278",2005,"6","3","wheat",1.02,0.90474,NA,NA,NA,NA,NA,14.747262,3.3656328,4.5237,NA,NA,NA,"Control","Nil",0,0,0,0,0,0,0,"E",NA,NA,NA,NA,NA,NA,NA,NA,NA
"5309",2005,"7","3","wheat",1.33,1.17971,0.09,0.08631,16.88421,4.3364363,5.9111556,16.633911,4.2941444,5.4502602,0.250299,0.0422919,0.4608954,"Control","Nil",0,0,0,0,0,0,0,"E",NA,NA,NA,NA,NA,NA,NA,NA,NA
"5350",2005,"8","3","wheat",1.17,0.83421,1.7,1.5691,NA,NA,NA,NA,NA,NA,8.78696,1.004224,16.993353,"Control","Nil",0,0,0,0,0,0,0,"E",NA,NA,NA,NA,NA,NA,NA,NA,NA
"5398",2005,"9","3","wheat",0.51,0.41616,NA,NA,NA,NA,NA,6.825024,1.1361168,2.0974464,NA,NA,NA,"Control","Nil",0,0,0,0,0,0,0,"E",NA,NA,NA,NA,NA,NA,NA,NA,NA
"5457",2005,"0","5","wheat",1.93,1.68875,NA,NA,NA,NA,NA,24.9935,6.113275,7.76825,NA,NA,NA,"PKMg","(P)KMg",0,0,90,0,0,0,0,"E",NA,NA,NA,NA,NA,NA,NA,NA,NA
"5508",2005,"1","5","wheat",1.09,0.95702,0.16,0.14464,15.717312,3.3363128,5.5222626,15.31232,3.253868,4.4692834,0.404992,0.0824448,1.0529792,"PKMg","(P)KMg",0,0,90,0,0,0,0,"E",NA,NA,NA,NA,NA,NA,NA,NA,NA
"5540",2005,"2","5","wheat",1.46,1.28042,NA,NA,21.0139831155659,4.83693243518315,6.54487055319188,19.84651,4.545491,5.8003026,1.16747311556587,0.291441435183149,0.744567953191876,"PKMg","(P)KMg",0,0,90,0,0,0,0,"E",NA,NA,NA,NA,NA,NA,NA,NA,NA
"5574",2005,"3","5","wheat",0.99,0.87318,NA,NA,NA,NA,NA,14.145516,3.2220342,4.0253598,NA,NA,NA,"PKMg","(P)KMg",0,0,90,0,0,0,0,"E",NA,NA,NA,NA,NA,NA,NA,NA,NA
"5674",2005,"6","5","wheat",0.92,0.81236,NA,NA,NA,NA,NA,13.078996,2.9813612,4.0618,NA,NA,NA,"PKMg","(P)KMg",0,0,90,0,0,0,0,"E",NA,NA,NA,NA,NA,NA,NA,NA,NA
"5705",2005,"7","5","wheat",1.77,1.55052,0.19,0.18183,25.682097,6.1823424,8.700561,25.118424,6.0005124,7.3804752,0.563673,0.18183,1.3200858,"PKMg","(P)KMg",0,0,90,0,0,0,0,"E",NA,NA,NA,NA,NA,NA,NA,NA,NA
"5746",2005,"8","5","wheat",1.54,1.28898,2.81,2.32387,NA,NA,NA,NA,NA,NA,20.450056,3.718192,55.2616286,"PKMg","(P)KMg",0,0,90,0,0,0,0,"E",NA,NA,NA,NA,NA,NA,NA,NA,NA
"5794",2005,"9","5","wheat",0.88,0.77528,NA,NA,NA,NA,NA,11.706728,2.6049408,3.6360632,NA,NA,NA,"PKMg","(P)KMg",0,0,90,0,0,0,0,"E",NA,NA,NA,NA,NA,NA,NA,NA,NA
"5853",2005,"0","6","wheat",4.84,4.2834,NA,NA,NA,NA,NA,56.96922,13.321374,19.660806,NA,NA,NA,"N1PKMg","N1 (P)KMg",48,0,90,0,0,0,0,"E",NA,NA,NA,NA,NA,NA,NA,NA,NA
"5904",2005,"1","6","wheat",3.27,2.88741,0.88,0.83776,41.446952,8.5642225,19.1975666,39.268776,8.2291185,13.2243378,2.178176,0.335104,5.9732288,"N1PKMg","N1 (P)KMg",48,0,90,0,0,0,0,"E",NA,NA,NA,NA,NA,NA,NA,NA,NA
"5936",2005,"2","6","wheat",4.11,3.63324,NA,NA,47.7446532684288,10.9207350524633,20.5966011121933,45.4155,10.6817256,17.076228,2.3291532684288,0.239009452463343,3.52037311219328,"N1PKMg","N1 (P)KMg",48,0,90,0,0,0,0,"E",NA,NA,NA,NA,NA,NA,NA,NA,NA
"5970",2005,"3","6","wheat",3.7,3.2634,NA,NA,NA,NA,NA,44.0559,10.60605,16.284366,NA,NA,NA,"N1PKMg","N1 (P)KMg",48,0,90,0,0,0,0,"E",NA,NA,NA,NA,NA,NA,NA,NA,NA
"6070",2005,"6","6","wheat",3.14,2.76006,NA,NA,NA,NA,NA,39.744864,9.936216,14.3799126,NA,NA,NA,"N1PKMg","N1 (P)KMg",48,0,90,0,0,0,0,"E",NA,NA,NA,NA,NA,NA,NA,NA,NA
"6101",2005,"7","6","wheat",3.93,3.46233,0.78,0.74412,46.747593,11.8967604,21.9076014,44.664057,11.4949356,16.5499374,2.083536,0.4018248,5.357664,"N1PKMg","N1 (P)KMg",48,0,90,0,0,0,0,"E",NA,NA,NA,NA,NA,NA,NA,NA,NA
"6142",2005,"8","6","wheat",2.07,1.75329,3.2,2.9472,NA,NA,NA,NA,NA,NA,13.2624,2.79984,33.30336,"N1PKMg","N1 (P)KMg",48,0,90,0,0,0,0,"E",NA,NA,NA,NA,NA,NA,NA,NA,NA
"6190",2005,"9","6","wheat",3.33,2.92707,NA,NA,NA,NA,NA,40.393566,9.8642259,14.928057,NA,NA,NA,"N1PKMg","N1 (P)KMg",48,0,90,0,0,0,0,"E",NA,NA,NA,NA,NA,NA,NA,NA,NA
"6249",2005,"0","7","wheat",6.28,5.57036,NA,NA,NA,NA,NA,78.542076,16.9338944,25.902174,NA,NA,NA,"N2PKMg","N2 (P)KMg",96,0,90,0,0,0,0,"E",NA,NA,NA,NA,NA,NA,NA,NA,NA
"6300",2005,"1","7","wheat",5.12,4.54144,1.67,1.54809,79.908214,15.4294719,39.5060331,74.025472,14.5780224,22.6163712,5.882742,0.8514495,16.8896619,"N2PKMg","N2 (P)KMg",96,0,90,0,0,0,0,"E",0.668655229166666,NA,NA,NA,NA,NA,NA,NA,NA
"6332",2005,"2","7","wheat",5.09,4.50465,NA,NA,69.5020471865226,14.1623675847067,31.1878390495979,65.317425,13.7391825,22.613343,4.18462218652263,0.423185084706745,8.57449604959788,"N2PKMg","N2 (P)KMg",96,0,90,0,0,0,0,"E",0.505084000739133,NA,NA,NA,NA,NA,NA,NA,NA
"6366",2005,"3","7","wheat",5.38,4.76668,NA,NA,NA,NA,NA,70.070196,14.4430404,23.4997324,NA,NA,NA,"N2PKMg","N2 (P)KMg",96,0,90,0,0,0,0,"E",NA,NA,NA,NA,NA,NA,NA,NA,NA
"6466",2005,"6","7","wheat",4.89,4.33743,NA,NA,NA,NA,NA,66.362679,13.8364017,20.8630383,NA,NA,NA,"N2PKMg","N2 (P)KMg",96,0,90,0,0,0,0,"E",NA,NA,NA,NA,NA,NA,NA,NA,NA
"6497",2005,"7","7","wheat",5.45,4.8287,1.62,1.55196,73.050942,17.0797382,37.3902914,68.08467,16.272719,23.515769,4.966272,0.8070192,13.8745224,"N2PKMg","N2 (P)KMg",96,0,90,0,0,0,0,"E",0.49342546875,NA,NA,NA,NA,NA,NA,NA,NA
"6538",2005,"8","7","wheat",2.35,1.95285,3.26,3.00246,NA,NA,NA,NA,NA,NA,14.712054,2.702214,40.9535544,"N2PKMg","N2 (P)KMg",96,0,90,0,0,0,0,"E",NA,NA,NA,NA,NA,NA,NA,NA,NA
"6586",2005,"9","7","wheat",4.98,4.44714,NA,NA,NA,NA,NA,67.151814,13.8750768,22.013343,NA,NA,NA,"N2PKMg","N2 (P)KMg",96,0,90,0,0,0,0,"E",NA,NA,NA,NA,NA,NA,NA,NA,NA
"1114",2005,"4","1","maize",20.09,6.38862,NA,NA,64.525062,9.1996128,77.1745296,NA,NA,NA,NA,NA,NA,"FYM+NPK","(FYM) N4",192,0,0,0,0,0,0,"E",NA,NA,NA,NA,NA,NA,0,0,0
"3214",2005,"4","10","maize",4.06,1.06778,NA,NA,13.026916,1.5909922,8.2112282,NA,NA,NA,NA,NA,NA,"N","N4",192,0,0,0,0,0,0,"E",NA,NA,NA,NA,NA,NA,NA,NA,NA
"53103",2005,"4","11","maize",11.51,3.9134,NA,NA,39.52534,6.104904,16.475414,NA,NA,NA,NA,NA,NA,"NP","N4 PMg",192,35,0,0,0,0,0,"E",NA,NA,NA,NA,NA,NA,NA,NA,NA
"9512",2005,"4","13","maize",13.71,3.98961,NA,NA,36.4650354,3.98961,62.2778121,NA,NA,NA,NA,NA,NA,"NPK","N4 PK",192,35,90,0,0,0,0,"E",NA,NA,NA,NA,NA,NA,NA,NA,NA
"1162",2005,"4","14","maize",17.68,5.95816,NA,NA,55.2321432,8.341424,67.8634424,NA,NA,NA,NA,NA,NA,"N4PKMg","N4 PK*(Mg*)",192,35,90,0,0,0,0,"E",NA,NA,NA,NA,NA,NA,NA,NA,NA
"15812",2005,"4","16","maize",15.01,4.56304,NA,NA,47.91192,5.247496,56.2166528,NA,NA,NA,NA,NA,NA,"N5PKMg","N5 (P)KMg",240,0,90,0,0,0,0,"E",NA,0,0.44156932,NA,NA,NA,NA,NA,NA
"26310",2005,"4","22","maize",14.02,3.75736,NA,NA,27.9171848,6.3123648,50.0480352,NA,NA,NA,NA,NA,NA,"FYM","FYM",0,0,0,35,158.2,30.3555,255.535,"E",NA,NA,NA,0.140120604930468,0.0941230644753476,-0.0733764551201011,NA,NA,NA
"28411",2005,"4","3","maize",2.65,0.7367,NA,NA,5.834664,1.090316,7.07232,NA,NA,NA,NA,NA,NA,"Control","Nil",0,0,0,0,0,0,0,"E",NA,NA,NA,NA,NA,NA,NA,NA,NA
"3052",2005,"4","5","maize",3.21,0.86991,NA,NA,5.7501051,1.217874,12.5962968,NA,NA,NA,NA,NA,NA,"PKMg","(P)KMg",0,0,90,0,0,0,0,"E",NA,NA,NA,NA,NA,NA,NA,NA,NA
"3262",2005,"4","6","maize",9.88,2.83556,NA,NA,20.4727432,3.2325384,35.728056,NA,NA,NA,NA,NA,NA,"N1PKMg","N1 (P)KMg",48,0,90,0,0,0,0,"E",NA,NA,NA,NA,NA,NA,NA,NA,NA
"3472",2005,"4","7","maize",13.17,3.80613,NA,NA,37.1097675,5.1002142,43.6943724,NA,NA,NA,NA,NA,NA,"N2PKMg","N2 (P)KMg",96,0,90,0,0,0,0,"E",0.32666315,NA,NA,NA,NA,NA,NA,NA,NA
"8100",2006,"3","1","oats",6.97,6.3300843,3.05,2.3467005,85.975415685,21.462954381,82.87829271,82.2910959,19.749863016,32.28342993,3.684319785,1.713091365,50.59486278,"FYM+NPK","(FYM) N4",192,0,0,0,0,0,0,"E",NA,NA,NA,NA,NA,NA,0,0,0
"3110",2006,"3","10","oats",5.09,4.592198,1.86,1.5227076,66.374473892,8.754426592,40.494877488,63.8315522,8.4955663,21.49148664,2.542921692,0.258860292,19.003390848,"N","N4",192,0,0,0,0,0,0,"E",NA,NA,NA,NA,NA,NA,NA,NA,NA
"5412",2006,"3","11","oats",6.72,6.1237344,2.85,2.2990095,80.63891691,18.425542515,48.521057976,76.54668,17.75882976,29.945061216,4.09223691,0.666712755,18.57599676,"NP","N4 PMg",192,35,0,0,0,0,0,"E",NA,NA,NA,NA,NA,NA,NA,NA,NA
"100",2006,"3","13","oats",3.11,2.8286694,0.63,0.533232,34.73854848,8.986332204,22.404532716,33.9440328,8.655728364,14.539360716,0.79451568,0.33060384,7.865172,"NPK","N4 PK",192,35,90,0,0,0,0,"E",NA,NA,NA,NA,NA,NA,NA,NA,NA
"1231",2006,"3","14","oats",3.04,2.755456,0.74,0.6109958,32.585907826,8.687835604,22.175238024,31.687744,8.21125888,13.69461632,0.898163826,0.476576724,8.480621704,"N4PKMg","N4 PK*(Mg*)",192,35,90,0,0,0,0,"E",NA,NA,NA,NA,NA,NA,NA,NA,NA
"16910",2006,"3","16","oats",6.31,5.7335184,2.6,2.02709,67.99156012,17.198266076,64.036834984,64.78875792,16.569868176,28.724927184,3.2028022,0.6283979,35.3119078,"N5PKMg","N5 (P)KMg",240,0,90,0,0,0,0,"E",NA,0,0.172397522311111,NA,NA,NA,NA,NA,NA
"284",2006,"3","22","oats",8,7.28808,4.02,3.0224772,100.615472712,25.194085128,119.52098718,96.202656,22.957452,37.4607312,4.412816712,2.236633128,82.06025598,"FYM","FYM",0,0,0,35,204.4,59.4342,288.7605,"E",NA,NA,NA,0.37532523159002,0.16751956369863,0.0977326604794521,NA,NA,NA
"307",2006,"3","3","oats",1.95,1.756716,0.35,0.299999,21.8519338,5.44541629,12.23103076,21.4319352,5.34041664,8.64304272,0.4199986,0.10499965,3.58798804,"Control","Nil",0,0,0,0,0,0,0,"E",NA,NA,NA,NA,NA,NA,NA,NA,NA
"330",2006,"3","5","oats",2.16,1.9572624,0.35,0.2962925,23.898995375,6.586825728,14.472751284,23.4871488,6.302384928,10.099473984,0.411846575,0.2844408,4.3732773,"PKMg","(P)KMg",0,0,90,0,0,0,0,"E",NA,NA,NA,NA,NA,NA,NA,NA,NA
"3531",2006,"3","6","oats",2.47,2.2426612,0.4,0.328952,27.15806964,7.206742816,16.843432268,26.68766828,6.907396496,11.639411628,0.47040136,0.29934632,5.20402064,"N1PKMg","N1 (P)KMg",48,0,90,0,0,0,0,"E",NA,NA,NA,NA,NA,NA,NA,NA,NA
"3761",2006,"3","7","oats",2.83,2.5714512,0.37,0.3142743,32.579981277,8.197203648,17.330524425,32.14314,7.945784208,12.908685024,0.436841277,0.25141944,4.421839401,"N2PKMg","N2 (P)KMg",96,0,90,0,0,0,0,"E",0.0904269364791667,NA,NA,NA,NA,NA,NA,NA,NA
"2167",2006,"2","1","wheat",6.94,5.78102,NA,NA,NA,NA,NA,NA,NA,NA,NA,NA,NA,"FYM+NPK","(FYM) N4",192,0,0,0,0,0,0,"E",NA,NA,NA,NA,NA,NA,0,0,0
"8010",2006,"4","1","wheat",10.1,8.484,6.04,5.20044,209.064912,32.1383832,63.8711892,184.1028,28.08204,35.6328,24.962112,4.0563432,28.2383892,"FYM+NPK","(FYM) N4",192,0,0,0,0,0,0,"E",NA,NA,NA,NA,NA,NA,0,0,0
"15510",2006,"6","1","wheat",7.85,6.64895,NA,NA,NA,NA,NA,NA,NA,NA,NA,NA,NA,"FYM+NPK","(FYM) N4",192,0,0,0,0,0,0,"E",NA,NA,NA,NA,NA,NA,0,0,0
"186",2006,"7","1","wheat",9.51,8.03595,NA,NA,NA,NA,NA,NA,NA,NA,NA,NA,NA,"FYM+NPK","(FYM) N4",192,0,0,0,0,0,0,"E",NA,NA,NA,NA,NA,NA,0,0,0
"2301",2006,"0","10","wheat",1.39,1.14814,NA,NA,NA,NA,NA,26.177592,1.9862822,4.4892274,NA,NA,NA,"N","N4",192,0,0,0,0,0,0,"E",NA,NA,NA,NA,NA,NA,NA,NA,NA
"28110",2006,"1","10","wheat",3.04,2.53536,1.22,1.04676,61.4583,4.1375292,12.9674832,56.538528,3.9805152,9.6597216,4.919772,0.157014,3.3077616,"N","N4",192,0,0,0,0,0,0,"E",NA,NA,NA,NA,NA,NA,NA,NA,NA
"3131",2006,"2","10","wheat",3.71,3.10156,NA,NA,NA,NA,NA,NA,NA,NA,NA,NA,NA,"N","N4",192,0,0,0,0,0,0,"E",NA,NA,NA,NA,NA,NA,NA,NA,NA
"3722",2006,"4","10","wheat",6.15,5.1783,1.92,1.65312,115.66551,11.1202086,24.4767294,108.22647,10.822647,20.972115,7.43904,0.2975616,3.5046144,"N","N4",192,0,0,0,0,0,0,"E",NA,NA,NA,NA,NA,NA,NA,NA,NA
"4471",2006,"6","10","wheat",1.81,1.53307,NA,NA,NA,NA,NA,NA,NA,NA,NA,NA,NA,"N","N4",192,0,0,0,0,0,0,"E",NA,NA,NA,NA,NA,NA,NA,NA,NA
"47810",2006,"7","10","wheat",2.36,2.01072,NA,NA,NA,NA,NA,NA,NA,NA,NA,NA,NA,"N","N4",192,0,0,0,0,0,0,"E",NA,NA,NA,NA,NA,NA,NA,NA,NA
"519",2006,"8","10","wheat",0.89,0.68085,3.07,2.34241,41.760838,2.5132908,10.7401928,17.634015,1.388934,2.4714855,24.126823,1.1243568,8.2687073,"N","N4",192,0,0,0,0,0,0,"E",NA,NA,NA,NA,NA,NA,NA,NA,NA
"567",2006,"9","10","wheat",0.66,0.56232,NA,NA,NA,NA,NA,14.90148,0.9728136,2.0749608,NA,NA,NA,"N","N4",192,0,0,0,0,0,0,"E",NA,NA,NA,NA,NA,NA,NA,NA,NA
"626",2006,"0","11","wheat",6.48,5.39784,NA,NA,NA,NA,NA,105.797664,16.5173904,22.3470576,NA,NA,NA,"NP","N4 PMg",192,35,0,0,0,0,0,"E",NA,NA,NA,NA,NA,NA,NA,NA,NA
"677",2006,"1","11","wheat",5.54,4.63144,2.14,1.83612,114.632144,16.3613032,21.5106892,99.57596,14.6353504,18.6647032,15.056184,1.7259528,2.845986,"NP","N4 PMg",192,35,0,0,0,0,0,"E",NA,NA,NA,NA,NA,NA,NA,NA,NA
"709",2006,"2","11","wheat",5.28,4.41408,NA,NA,NA,NA,NA,NA,NA,NA,NA,NA,NA,"NP","N4 PMg",192,35,0,0,0,0,0,"E",NA,NA,NA,NA,NA,NA,NA,NA,NA
"768",2006,"4","11","wheat",5.84,4.91728,2.12,1.82532,113.693216,15.6980208,21.6330016,99.820784,14.4568032,18.931528,13.872432,1.2412176,2.7014736,"NP","N4 PMg",192,35,0,0,0,0,0,"E",NA,NA,NA,NA,NA,NA,NA,NA,NA
"843",2006,"6","11","wheat",5.61,4.77411,NA,NA,NA,NA,NA,NA,NA,NA,NA,NA,NA,"NP","N4 PMg",192,35,0,0,0,0,0,"E",NA,NA,NA,NA,NA,NA,NA,NA,NA
"874",2006,"7","11","wheat",6.1,5.1789,NA,NA,NA,NA,NA,NA,NA,NA,NA,NA,NA,"NP","N4 PMg",192,35,0,0,0,0,0,"E",NA,NA,NA,NA,NA,NA,NA,NA,NA
"915",2006,"8","11","wheat",1.11,0.9324,2.56,1.95328,40.360712,6.096132,7.7830984,20.0466,3.459204,3.720276,20.314112,2.636928,4.0628224,"NP","N4 PMg",192,35,0,0,0,0,0,"E",NA,NA,NA,NA,NA,NA,NA,NA,NA
"963",2006,"9","11","wheat",5.68,4.85072,NA,NA,NA,NA,NA,107.685984,17.2685632,19.5969088,NA,NA,NA,"NP","N4 PMg",192,35,0,0,0,0,0,"E",NA,NA,NA,NA,NA,NA,NA,NA,NA
"1418",2006,"0","13","wheat",6.68,5.53772,NA,NA,NA,NA,NA,119.614752,17.1115548,24.5320996,NA,NA,NA,"NPK","N4 PK",192,35,90,0,0,0,0,"E",NA,NA,NA,NA,NA,NA,NA,NA,NA
"1469",2006,"1","13","wheat",7.03,5.89114,3.57,3.06306,140.726088,18.0738844,41.667411,127.248624,16.8486604,25.0962564,13.477464,1.225224,16.5711546,"NPK","N4 PK",192,35,90,0,0,0,0,"E",NA,NA,NA,NA,NA,NA,NA,NA,NA
"1501",2006,"2","13","wheat",5.98,5.02918,NA,NA,NA,NA,NA,NA,NA,NA,NA,NA,NA,"NPK","N4 PK",192,35,90,0,0,0,0,"E",NA,NA,NA,NA,NA,NA,NA,NA,NA
"1560",2006,"4","13","wheat",9.53,7.99567,4.44,3.82284,174.022909,28.0814897,54.2116914,159.113833,25.8260141,35.0210346,14.909076,2.2554756,19.1906568,"NPK","N4 PK",192,35,90,0,0,0,0,"E",NA,NA,NA,NA,NA,NA,NA,NA,NA
"1635",2006,"6","13","wheat",6.62,5.627,NA,NA,NA,NA,NA,NA,NA,NA,NA,NA,NA,"NPK","N4 PK",192,35,90,0,0,0,0,"E",NA,NA,NA,NA,NA,NA,NA,NA,NA
"1666",2006,"7","13","wheat",7.66,6.48036,NA,NA,NA,NA,NA,NA,NA,NA,NA,NA,NA,"NPK","N4 PK",192,35,90,0,0,0,0,"E",NA,NA,NA,NA,NA,NA,NA,NA,NA
"1707",2006,"8","13","wheat",2.68,2.22976,4.29,3.27327,74.140274,11.1922161,24.3324003,48.608768,7.5588864,9.7663488,25.531506,3.6333297,14.5660515,"NPK","N4 PK",192,35,90,0,0,0,0,"E",NA,NA,NA,NA,NA,NA,NA,NA,NA
"1755",2006,"9","13","wheat",7.28,6.21712,NA,NA,NA,NA,NA,134.289792,20.5786672,28.1013824,NA,NA,NA,"NPK","N4 PK",192,35,90,0,0,0,0,"E",NA,NA,NA,NA,NA,NA,NA,NA,NA
"1814",2006,"0","14","wheat",7.63,6.37868,NA,NA,NA,NA,NA,135.228016,20.092842,27.2369636,NA,NA,NA,"N4PKMg","N4 PK*(Mg*)",192,35,90,0,0,0,0,"E",NA,NA,NA,NA,NA,NA,NA,NA,NA
"1865",2006,"1","14","wheat",7.52,6.3168,3.34,2.86572,151.923876,20.602032,40.1948016,139.60128,19.455744,26.783232,12.322596,1.146288,13.4115696,"N4PKMg","N4 PK*(Mg*)",192,35,90,0,0,0,0,"E",NA,NA,NA,NA,NA,NA,NA,NA,NA
"1897",2006,"2","14","wheat",5.73,4.80174,NA,NA,NA,NA,NA,NA,NA,NA,NA,NA,NA,"N4PKMg","N4 PK*(Mg*)",192,35,90,0,0,0,0,"E",NA,NA,NA,NA,NA,NA,NA,NA,NA
"1956",2006,"4","14","wheat",9.58,8.06636,3.96,3.40956,172.079852,27.0331504,47.4113436,158.100656,25.3283704,33.6367212,13.979196,1.70478,13.7746224,"N4PKMg","N4 PK*(Mg*)",192,35,90,0,0,0,0,"E",NA,NA,NA,NA,NA,NA,NA,NA,NA
"2031",2006,"6","14","wheat",6.93,5.89743,NA,NA,NA,NA,NA,NA,NA,NA,NA,NA,NA,"N4PKMg","N4 PK*(Mg*)",192,35,90,0,0,0,0,"E",NA,NA,NA,NA,NA,NA,NA,NA,NA
"2062",2006,"7","14","wheat",7.81,6.63069,NA,NA,NA,NA,NA,NA,NA,NA,NA,NA,NA,"N4PKMg","N4 PK*(Mg*)",192,35,90,0,0,0,0,"E",NA,NA,NA,NA,NA,NA,NA,NA,NA
"2103",2006,"8","14","wheat",1.78,1.42044,4.14,3.15882,59.329326,9.0684678,22.1843874,34.374648,5.0567664,6.5482284,24.954678,4.0117014,15.636159,"N4PKMg","N4 PK*(Mg*)",192,35,90,0,0,0,0,"E",NA,NA,NA,NA,NA,NA,NA,NA,NA
"2151",2006,"9","14","wheat",7.38,6.29514,NA,NA,NA,NA,NA,135.34551,20.3333022,26.9431992,NA,NA,NA,"N4PKMg","N4 PK*(Mg*)",192,35,90,0,0,0,0,"E",NA,NA,NA,NA,NA,NA,NA,NA,NA
"2606",2006,"0","16","wheat",8.33,6.98054,NA,NA,NA,NA,NA,177.305716,18.5682364,27.2939114,NA,NA,NA,"N5PKMg","N5 (P)KMg",240,0,90,0,0,0,0,"E",NA,0,NA,NA,NA,NA,NA,NA,NA
"2657",2006,"1","16","wheat",8.15,6.87045,4.37,3.74946,207.25329,21.4932207,52.140891,177.25761,19.1685555,27.206982,29.99568,2.3246652,24.933909,"N5PKMg","N5 (P)KMg",240,0,90,0,0,0,0,"E",NA,0,0.340335575555555,NA,NA,NA,NA,NA,NA
"2689",2006,"2","16","wheat",6.87,5.76393,NA,NA,NA,NA,NA,NA,NA,NA,NA,NA,NA,"N5PKMg","N5 (P)KMg",240,0,90,0,0,0,0,"E",NA,0,NA,NA,NA,NA,NA,NA,NA
"2748",2006,"4","16","wheat",9.5,8.0085,4.75,4.08975,239.3373,26.1283725,52.31916,206.6193,23.22465,32.034,32.718,2.9037225,20.28516,"N5PKMg","N5 (P)KMg",240,0,90,0,0,0,0,"E",NA,0,0.340957315555556,NA,NA,NA,NA,NA,NA
"2823",2006,"6","16","wheat",8.21,6.93745,NA,NA,NA,NA,NA,NA,NA,NA,NA,NA,NA,"N5PKMg","N5 (P)KMg",240,0,90,0,0,0,0,"E",NA,0,NA,NA,NA,NA,NA,NA,NA
"2854",2006,"7","16","wheat",8.91,7.5735,NA,NA,NA,NA,NA,NA,NA,NA,NA,NA,NA,"N5PKMg","N5 (P)KMg",240,0,90,0,0,0,0,"E",NA,0,NA,NA,NA,NA,NA,NA,NA
"2895",2006,"8","16","wheat",1.28,1.07392,3.05,2.32715,55.006321,6.418921,15.2672375,28.244096,3.114368,4.725248,26.762225,3.304553,10.5419895,"N5PKMg","N5 (P)KMg",240,0,90,0,0,0,0,"E",NA,0,0.0831571011111112,NA,NA,NA,NA,NA,NA
"2943",2006,"9","16","wheat",7.47,6.39432,NA,NA,NA,NA,NA,174.564936,20.2060512,28.3907808,NA,NA,NA,"N5PKMg","N5 (P)KMg",240,0,90,0,0,0,0,"E",NA,0,NA,NA,NA,NA,NA,NA,NA
"4190",2006,"0","20","wheat",0.89,0.74404,NA,NA,NA,NA,NA,18.080172,1.2499872,3.0803256,NA,NA,NA,"NKMg","N4 KMg",96,0,90,0,0,0,0,"E",NA,NA,NA,NA,NA,NA,NA,NA,NA
"4241",2006,"1","20","wheat",1.17,0.97812,0.46,0.39468,24.861408,1.7866992,6.3253476,22.888008,1.71171,3.9809484,1.9734,0.0749892,2.3443992,"NKMg","N4 KMg",96,0,90,0,0,0,0,"E",NA,NA,NA,NA,NA,NA,NA,NA,NA
"4676",2006,"0","22","wheat",5.5,4.5705,NA,NA,NA,NA,NA,75.8703,16.08816,20.29302,NA,NA,NA,"FYM","FYM",0,0,0,35,204.4,59.4342,288.7605,"E",NA,NA,NA,NA,NA,NA,NA,NA,NA
"4727",2006,"1","22","wheat",5.65,4.69515,4.7,4.0326,89.700285,19.363572,45.4381275,78.409005,16.339122,21.0812235,11.29128,3.02445,24.356904,"FYM","FYM",0,0,0,35,204.4,59.4342,288.7605,"E",NA,NA,NA,0.353505983365949,0.317215640900196,-0.121975826810176,NA,NA,NA
"4759",2006,"2","22","wheat",5.84,4.86472,NA,NA,NA,NA,NA,NA,NA,NA,NA,NA,NA,"FYM","FYM",0,0,0,35,204.4,59.4342,288.7605,"E",NA,NA,NA,NA,NA,NA,NA,NA,NA
"4818",2006,"4","22","wheat",6.4,5.3824,4.12,3.54732,94.06916,21.5233076,38.499302,83.4272,17.869568,22.713728,10.64196,3.6537396,15.785574,"FYM","FYM",0,0,0,35,204.4,59.4342,288.7605,"E",NA,NA,NA,0.325810391389432,-0.10565728962818,-0.0960081017612524,NA,NA,NA
"4893",2006,"6","22","wheat",5.82,4.90626,NA,NA,NA,NA,NA,NA,NA,NA,NA,NA,NA,"FYM","FYM",0,0,0,35,204.4,59.4342,288.7605,"E",NA,NA,NA,NA,NA,NA,NA,NA,NA
"4924",2006,"7","22","wheat",6.05,5.1183,NA,NA,NA,NA,NA,NA,NA,NA,NA,NA,NA,"FYM","FYM",0,0,0,35,204.4,59.4342,288.7605,"E",NA,NA,NA,NA,NA,NA,NA,NA,NA
"4965",2006,"8","22","wheat",2.99,2.46974,5.7,4.3491,69.964468,15.4399042,37.4586506,48.653878,9.8295652,10.8421586,21.31059,5.610339,26.616492,"FYM","FYM",0,0,0,35,204.4,59.4342,288.7605,"E",NA,NA,NA,0.213440645792564,0.137982534246575,0.144832465753425,NA,NA,NA
"5013",2006,"9","22","wheat",6.2,5.2824,NA,NA,NA,NA,NA,95.61144,18.435576,22.925616,NA,NA,NA,"FYM","FYM",0,0,0,35,204.4,59.4342,288.7605,"E",NA,NA,NA,NA,NA,NA,NA,NA,NA
"5062",2006,"0","3","wheat",1.15,0.9453,NA,NA,NA,NA,NA,15.88104,3.081678,3.979713,NA,NA,NA,"Control","Nil",0,0,0,0,0,0,0,"E",NA,NA,NA,NA,NA,NA,NA,NA,NA
"5113",2006,"1","3","wheat",1.12,0.92512,0.41,0.35178,16.562178,2.7941154,5.3255864,15.542016,2.6920992,3.8762528,1.020162,0.1020162,1.4493336,"Control","Nil",0,0,0,0,0,0,0,"E",NA,NA,NA,NA,NA,NA,NA,NA,NA
"5145",2006,"2","3","wheat",1.26,1.04454,NA,NA,NA,NA,NA,NA,NA,NA,NA,NA,NA,"Control","Nil",0,0,0,0,0,0,0,"E",NA,NA,NA,NA,NA,NA,NA,NA,NA
"5204",2006,"4","3","wheat",1.79,1.48928,0.54,0.46494,24.339178,5.1088806,7.3892824,23.08384,4.8252672,6.106048,1.255338,0.2836134,1.2832344,"Control","Nil",0,0,0,0,0,0,0,"E",NA,NA,NA,NA,NA,NA,NA,NA,NA
"5279",2006,"6","3","wheat",1.5,1.2645,NA,NA,NA,NA,NA,NA,NA,NA,NA,NA,NA,"Control","Nil",0,0,0,0,0,0,0,"E",NA,NA,NA,NA,NA,NA,NA,NA,NA
"5310",2006,"7","3","wheat",1.31,1.10302,NA,NA,NA,NA,NA,NA,NA,NA,NA,NA,NA,"Control","Nil",0,0,0,0,0,0,0,"E",NA,NA,NA,NA,NA,NA,NA,NA,NA
"5351",2006,"8","3","wheat",0.83,0.65072,1.93,1.47259,18.086103,2.9888026,14.2185484,10.281376,2.0757968,2.8501536,7.804727,0.9130058,11.3683948,"Control","Nil",0,0,0,0,0,0,0,"E",NA,NA,NA,NA,NA,NA,NA,NA,NA
"5399",2006,"9","3","wheat",0.69,0.58236,NA,NA,NA,NA,NA,9.550704,1.5316068,2.3177928,NA,NA,NA,"Control","Nil",0,0,0,0,0,0,0,"E",NA,NA,NA,NA,NA,NA,NA,NA,NA
"5458",2006,"0","5","wheat",1.2,0.984,NA,NA,NA,NA,NA,16.8264,3.53256,4.30008,NA,NA,NA,"PKMg","(P)KMg",0,0,90,0,0,0,0,"E",NA,NA,NA,NA,NA,NA,NA,NA,NA
"5509",2006,"1","5","wheat",1.26,1.04202,0.29,0.24882,17.443662,3.8227974,5.8439172,16.67232,3.6262296,4.584888,0.771342,0.1965678,1.2590292,"PKMg","(P)KMg",0,0,90,0,0,0,0,"E",NA,NA,NA,NA,NA,NA,NA,NA,NA
"5541",2006,"2","5","wheat",1.19,0.9877,NA,NA,NA,NA,NA,NA,NA,NA,NA,NA,NA,"PKMg","(P)KMg",0,0,90,0,0,0,0,"E",NA,NA,NA,NA,NA,NA,NA,NA,NA
"5600",2006,"4","5","wheat",1.96,1.6366,0.67,0.57687,27.473516,6.1115264,9.0141639,25.85828,5.580806,7.070112,1.615236,0.5307204,1.9440519,"PKMg","(P)KMg",0,0,90,0,0,0,0,"E",NA,NA,NA,NA,NA,NA,NA,NA,NA
"5675",2006,"6","5","wheat",1.33,1.12252,NA,NA,NA,NA,NA,NA,NA,NA,NA,NA,NA,"PKMg","(P)KMg",0,0,90,0,0,0,0,"E",NA,NA,NA,NA,NA,NA,NA,NA,NA
"5706",2006,"7","5","wheat",1.47,1.23774,NA,NA,NA,NA,NA,NA,NA,NA,NA,NA,NA,"PKMg","(P)KMg",0,0,90,0,0,0,0,"E",NA,NA,NA,NA,NA,NA,NA,NA,NA
"5747",2006,"8","5","wheat",1.2,0.96,3.28,2.50264,26.3372,6.3683304,23.685664,13.824,3.5904,4.6656,12.5132,2.7779304,19.020064,"PKMg","(P)KMg",0,0,90,0,0,0,0,"E",NA,NA,NA,NA,NA,NA,NA,NA,NA
"5795",2006,"9","5","wheat",1.14,0.96558,NA,NA,NA,NA,NA,15.256164,3.2250372,4.3257984,NA,NA,NA,"PKMg","(P)KMg",0,0,90,0,0,0,0,"E",NA,NA,NA,NA,NA,NA,NA,NA,NA
"5854",2006,"0","6","wheat",2.95,2.42785,NA,NA,NA,NA,NA,36.90332,7.7448415,11.459452,NA,NA,NA,"N1PKMg","N1 (P)KMg",48,0,90,0,0,0,0,"E",NA,NA,NA,NA,NA,NA,NA,NA,NA
"5905",2006,"1","6","wheat",3.19,2.63494,1.22,1.04676,43.191368,9.2352854,17.3761786,40.051088,8.827049,12.9902542,3.14028,0.4082364,4.3859244,"N1PKMg","N1 (P)KMg",48,0,90,0,0,0,0,"E",NA,NA,NA,NA,NA,NA,NA,NA,NA
"5937",2006,"2","6","wheat",3.01,2.49529,NA,NA,NA,NA,NA,NA,NA,NA,NA,NA,NA,"N1PKMg","N1 (P)KMg",48,0,90,0,0,0,0,"E",NA,NA,NA,NA,NA,NA,NA,NA,NA
"5996",2006,"4","6","wheat",4.41,3.68676,1.97,1.69617,52.168305,11.3501661,21.0175539,47.92788,10.6547364,15.7424652,4.240425,0.6954297,5.2750887,"N1PKMg","N1 (P)KMg",48,0,90,0,0,0,0,"E",NA,NA,NA,NA,NA,NA,NA,NA,NA
"6071",2006,"6","6","wheat",3.17,2.67231,NA,NA,NA,NA,NA,NA,NA,NA,NA,NA,NA,"N1PKMg","N1 (P)KMg",48,0,90,0,0,0,0,"E",NA,NA,NA,NA,NA,NA,NA,NA,NA
"6102",2006,"7","6","wheat",3.83,3.22486,NA,NA,NA,NA,NA,NA,NA,NA,NA,NA,NA,"N1PKMg","N1 (P)KMg",48,0,90,0,0,0,0,"E",NA,NA,NA,NA,NA,NA,NA,NA,NA
"6143",2006,"8","6","wheat",1.18,0.9145,3.89,2.96807,30.1125,6.6738785,17.375948,15.27215,3.557405,4.31644,14.84035,3.1164735,13.059508,"N1PKMg","N1 (P)KMg",48,0,90,0,0,0,0,"E",NA,NA,NA,NA,NA,NA,NA,NA,NA
"6191",2006,"9","6","wheat",3.31,2.80357,NA,NA,NA,NA,NA,41.773193,8.4667814,12.9805291,NA,NA,NA,"N1PKMg","N1 (P)KMg",48,0,90,0,0,0,0,"E",NA,NA,NA,NA,NA,NA,NA,NA,NA
"6250",2006,"0","7","wheat",4.52,3.70188,NA,NA,NA,NA,NA,59.970456,11.1796776,17.2507608,NA,NA,NA,"N2PKMg","N2 (P)KMg",96,0,90,0,0,0,0,"E",NA,NA,NA,NA,NA,NA,NA,NA,NA
"6301",2006,"1","7","wheat",5.59,4.64529,2.59,2.22222,83.273775,15.8567643,32.3337924,75.718227,15.1900983,22.1115804,7.555548,0.666666,10.222212,"N2PKMg","N2 (P)KMg",96,0,90,0,0,0,0,"E",0.68573034375,NA,NA,NA,NA,NA,NA,NA,NA
"6333",2006,"2","7","wheat",4.43,3.69462,NA,NA,NA,NA,NA,NA,NA,NA,NA,NA,NA,"N2PKMg","N2 (P)KMg",96,0,90,0,0,0,0,"E",NA,NA,NA,NA,NA,NA,NA,NA,NA
"6392",2006,"4","7","wheat",7.07,5.91759,3.54,3.04794,93.173598,18.43758,37.3632525,84.029778,17.2793628,26.4516273,9.14382,1.1582172,10.9116252,"N2PKMg","N2 (P)KMg",96,0,90,0,0,0,0,"E",0.684375854166667,NA,NA,NA,NA,NA,NA,NA,NA
"6467",2006,"6","7","wheat",4.65,3.9339,NA,NA,NA,NA,NA,NA,NA,NA,NA,NA,NA,"N2PKMg","N2 (P)KMg",96,0,90,0,0,0,0,"E",NA,NA,NA,NA,NA,NA,NA,NA,NA
"6498",2006,"7","7","wheat",5.87,4.94841,NA,NA,NA,NA,NA,NA,NA,NA,NA,NA,NA,"N2PKMg","N2 (P)KMg",96,0,90,0,0,0,0,"E",NA,NA,NA,NA,NA,NA,NA,NA,NA
"6539",2006,"8","7","wheat",1.55,1.23225,3.98,3.03674,41.738861,8.2742587,22.2819509,22.303725,4.8427425,5.8531875,19.435136,3.4315162,16.4287634,"N2PKMg","N2 (P)KMg",96,0,90,0,0,0,0,"E",0.16043396875,NA,NA,NA,NA,NA,NA,NA,NA
"6587",2006,"9","7","wheat",5.06,4.31112,NA,NA,NA,NA,NA,70.271256,12.2435808,19.4862624,NA,NA,NA,"N2PKMg","N2 (P)KMg",96,0,90,0,0,0,0,"E",NA,NA,NA,NA,NA,NA,NA,NA,NA
"15103",2006,"5","1","maize",13.03,4.70383,NA,NA,46.8971851,8.9843153,55.6933472,NA,NA,NA,NA,NA,NA,"FYM+NPK","(FYM) N4",192,0,0,0,0,0,0,"E",NA,NA,NA,NA,NA,NA,0,0,0
"3615",2006,"5","10","maize",3.9,1.3845,NA,NA,16.0602,2.256735,8.376225,NA,NA,NA,NA,NA,NA,"N","N4",192,0,0,0,0,0,0,"E",NA,NA,NA,NA,NA,NA,NA,NA,NA
"57103",2006,"5","11","maize",3.1,1.209,NA,NA,13.299,2.28501,5.82738,NA,NA,NA,NA,NA,NA,"NP","N4 PMg",192,35,0,0,0,0,0,"E",NA,NA,NA,NA,NA,NA,NA,NA,NA
"992",2006,"5","13","maize",7.69,2.69919,NA,NA,32.39028,5.0204934,32.0933691,NA,NA,NA,NA,NA,NA,"NPK","N4 PK",192,35,90,0,0,0,0,"E",NA,NA,NA,NA,NA,NA,NA,NA,NA
"1203",2006,"5","14","maize",7.6,2.926,NA,NA,34.5268,4.35974,37.39428,NA,NA,NA,NA,NA,NA,"N4PKMg","N4 PK*(Mg*)",192,35,90,0,0,0,0,"E",NA,NA,NA,NA,NA,NA,NA,NA,NA
"16213",2006,"5","16","maize",9.74,3.46744,NA,NA,42.302768,5.374532,29.5425888,NA,NA,NA,NA,NA,NA,"N5PKMg","N5 (P)KMg",240,0,90,0,0,0,0,"E",NA,0,0.26350232,NA,NA,NA,NA,NA,NA
"26710",2006,"5","22","maize",11.8,4.2008,NA,NA,41.16784,6.763288,57.634976,NA,NA,NA,NA,NA,NA,"FYM","FYM",0,0,0,35,204.4,59.4342,288.7605,"E",NA,NA,NA,0.177438401174168,0.122835812133072,0.136344618395303,NA,NA,NA
"28811",2006,"5","3","maize",4.25,1.44925,NA,NA,10.7969125,2.20286,12.4200725,NA,NA,NA,NA,NA,NA,"Control","Nil",0,0,0,0,0,0,0,"E",NA,NA,NA,NA,NA,NA,NA,NA,NA
"3092",2006,"5","5","maize",2.36,0.70092,NA,NA,4.8994308,1.3527756,8.41104,NA,NA,NA,NA,NA,NA,"PKMg","(P)KMg",0,0,90,0,0,0,0,"E",NA,NA,NA,NA,NA,NA,NA,NA,NA
"3302",2006,"5","6","maize",6.55,2.43005,NA,NA,17.0832515,3.88808,29.986817,NA,NA,NA,NA,NA,NA,"N1PKMg","N1 (P)KMg",48,0,90,0,0,0,0,"E",NA,NA,NA,NA,NA,NA,NA,NA,NA
"3516",2006,"5","7","maize",9.98,3.76246,NA,NA,28.2560746,5.267444,55.308162,NA,NA,NA,NA,NA,NA,"N2PKMg","N2 (P)KMg",96,0,90,0,0,0,0,"E",0.243298372916667,NA,NA,NA,NA,NA,NA,NA,NA
"3100",2007,"2","1","oats",5.1,4.443528,2.57,2.1528119,65.71747761,15.625818481,59.826802659,57.3215112,13.06397232,18.04072368,8.39596641,2.561846161,41.786078979,"FYM+NPK","(FYM) N4",192,0,0,0,0,0,0,"F",NA,NA,NA,NA,NA,NA,0,0,0
"26100",2007,"2","10","oats",5.11,4.4382905,2.37,1.9844484,72.832620362,10.117814611,32.60050374,67.01818655,9.542324575,13.84746636,5.814433812,0.575490036,18.75303738,"N","N4",192,0,0,0,0,0,0,"F",NA,NA,NA,NA,NA,NA,NA,NA,NA
"49100",2007,"2","11","oats",5.31,4.6255941,2.4,2.020776,60.69830445,14.030734251,32.630636499,55.96968861,12.535360011,16.605882819,4.72861584,1.49537424,16.02475368,"NP","N4 PMg",192,35,0,0,0,0,0,"F",NA,NA,NA,NA,NA,NA,NA,NA,NA
"95",2007,"2","13","oats",3.39,2.9630295,1.41,1.1706243,37.757127684,9.371998206,28.826206593,35.556354,8.17796142,10.90394856,2.200773684,1.194036786,17.922258033,"NPK","N4 PK",192,35,90,0,0,0,0,"F",NA,NA,NA,NA,NA,NA,NA,NA,NA
"1181",2007,"2","14","oats",3.32,2.9014144,1.57,1.3553025,35.8058101,9.657360239,31.467545342,33.3662656,8.152974464,10.677204992,2.4395445,1.504385775,20.79034035,"N4PKMg","N4 PK*(Mg*)",192,35,90,0,0,0,0,"F",NA,NA,NA,NA,NA,NA,NA,NA,NA
"16410",2007,"2","16","oats",5.87,5.1739941,2.93,2.5384641,72.141745833,16.447624791,64.743329337,66.22712448,14.797623126,19.609437639,5.914621353,1.650001665,45.133891698,"N5PKMg","N5 (P)KMg",240,0,90,0,0,0,0,"F",NA,0,0.3568076982,NA,NA,NA,NA,NA,NA
"279",2007,"2","22","oats",7.21,6.2872642,4.18,3.6674066,90.986636808,23.189292984,118.212073818,78.5908025,17.981575612,24.143094528,12.395834308,5.207717372,94.06897929,"FYM","FYM",0,0,0,35,229.6,39.95733146769,221.819753313112,"F",NA,NA,NA,0.266258439843206,0.0790680158797908,0.131917823858885,NA,NA,NA
"302",2007,"2","3","oats",1.93,1.6659181,0.65,0.5663645,23.07753876,4.910429693,12.472533992,21.99011892,4.547956413,6.197215332,1.08741984,0.36247328,6.27531866,"Control","Nil",0,0,0,0,0,0,0,"F",NA,NA,NA,NA,NA,NA,NA,NA,NA
"325",2007,"2","5","oats",2.52,2.1843612,0.85,0.728569,29.85369902,6.990467244,18.580788814,28.61513172,6.159898584,8.125823664,1.2385673,0.83056866,10.45496515,"PKMg","(P)KMg",0,0,90,0,0,0,0,"F",NA,NA,NA,NA,NA,NA,NA,NA,NA
"348",2007,"2","6","oats",2.96,2.5907992,1.14,0.9444786,34.075606694,8.196550672,24.366786452,32.38499,7.176513784,9.689589008,1.690616694,1.020036888,14.677197444,"N1PKMg","N1 (P)KMg",48,0,90,0,0,0,0,"F",NA,NA,NA,NA,NA,NA,NA,NA,NA
"3711",2007,"2","7","oats",3.29,2.8758219,1.24,1.02176,34.93155505,9.257233425,27.23541282,33.07195185,7.908510225,10.92812322,1.8596032,1.3487232,16.3072896,"N2PKMg","N2 (P)KMg",96,0,90,0,0,0,0,"F",0.0528943336458333,NA,NA,NA,NA,NA,NA,NA,NA
"8110",2007,"4","1","wheat",6.68,5.67132,NA,NA,NA,NA,NA,NA,NA,NA,NA,NA,NA,"FYM+NPK","(FYM) N4",192,0,0,0,0,0,0,"F",NA,NA,NA,NA,NA,NA,0,0,0
"1131",2007,"5","1","wheat",8.6,7.2498,3.51,3.0888,156.72066,28.609374,50.011986,142.82106,25.73679,30.521658,13.8996,2.872584,19.490328,"FYM+NPK","(FYM) N4",192,0,0,0,0,0,0,"F",NA,NA,NA,NA,NA,NA,0,0,0
"15610",2007,"6","1","wheat",3.96,3.2076,NA,NA,NA,NA,NA,NA,NA,NA,NA,NA,NA,"FYM+NPK","(FYM) N4",192,0,0,0,0,0,0,"F",NA,NA,NA,NA,NA,NA,0,0,0
"187",2007,"7","1","wheat",6.23,5.2332,NA,NA,NA,NA,NA,NA,NA,NA,NA,NA,NA,"FYM+NPK","(FYM) N4",192,0,0,0,0,0,0,"F",NA,NA,NA,NA,NA,NA,0,0,0
"2312",2007,"0","10","wheat",0.76,0.62396,NA,NA,NA,NA,NA,16.347752,1.5162228,2.5207984,NA,NA,NA,"N","N4",192,0,0,0,0,0,0,"F",NA,NA,NA,NA,NA,NA,NA,NA,NA
"28210",2007,"1","10","wheat",1.11,0.94128,0.3,0.2691,24.931548,2.0977602,4.3155606,23.155488,2.0143392,3.5486256,1.77606,0.083421,0.766935,"N","N4",192,0,0,0,0,0,0,"F",NA,NA,NA,NA,NA,NA,NA,NA,NA
"3732",2007,"4","10","wheat",3.79,3.18739,NA,NA,NA,NA,NA,NA,NA,NA,NA,NA,NA,"N","N4",192,0,0,0,0,0,0,"F",NA,NA,NA,NA,NA,NA,NA,NA,NA
"4051",2007,"5","10","wheat",6.04,5.1038,1.38,1.24752,126.619048,16.2856028,25.7296012,117.3874,15.362438,19.853782,9.231648,0.9231648,5.8758192,"N","N4",192,0,0,0,0,0,0,"F",NA,NA,NA,NA,NA,NA,NA,NA,NA
"4481",2007,"6","10","wheat",1.73,1.45493,NA,NA,NA,NA,NA,NA,NA,NA,NA,NA,NA,"N","N4",192,0,0,0,0,0,0,"F",NA,NA,NA,NA,NA,NA,NA,NA,NA
"47910",2007,"7","10","wheat",0.66,0.561,NA,NA,NA,NA,NA,NA,NA,NA,NA,NA,NA,"N","N4",192,0,0,0,0,0,0,"F",NA,NA,NA,NA,NA,NA,NA,NA,NA
"520",2007,"8","10","wheat",0.79,0.46294,3.48,2.70744,45.523128,3.3982072,26.6106632,12.221616,0.9073624,1.6480664,33.301512,2.4908448,24.9625968,"N","N4",192,0,0,0,0,0,0,"F",NA,NA,NA,NA,NA,NA,NA,NA,NA
"568",2007,"9","10","wheat",0.35,0.28875,NA,NA,NA,NA,NA,7.56525,0.65835,1.149225,NA,NA,NA,"N","N4",192,0,0,0,0,0,0,"F",NA,NA,NA,NA,NA,NA,NA,NA,NA
"627",2007,"0","11","wheat",2.56,2.10176,NA,NA,NA,NA,NA,47.079424,7.3771776,8.8484096,NA,NA,NA,"NP","N4 PMg",192,35,0,0,0,0,0,"F",NA,NA,NA,NA,NA,NA,NA,NA,NA
"678",2007,"1","11","wheat",2.54,2.1717,0.56,0.504,53.28288,9.090657,10.262106,48.64608,8.274177,9.077706,4.6368,0.81648,1.1844,"NP","N4 PMg",192,35,0,0,0,0,0,"F",NA,NA,NA,NA,NA,NA,NA,NA,NA
"769",2007,"4","11","wheat",2.96,2.48048,NA,NA,NA,NA,NA,NA,NA,NA,NA,NA,NA,"NP","N4 PMg",192,35,0,0,0,0,0,"F",NA,NA,NA,NA,NA,NA,NA,NA,NA
"801",2007,"5","11","wheat",4.64,3.86976,0.9,0.8064,91.90848,14.9681952,18.591744,85.13472,13.8150432,15.47904,6.77376,1.153152,3.112704,"NP","N4 PMg",192,35,0,0,0,0,0,"F",NA,NA,NA,NA,NA,NA,NA,NA,NA
"844",2007,"6","11","wheat",1.87,1.47543,NA,NA,NA,NA,NA,NA,NA,NA,NA,NA,NA,"NP","N4 PMg",192,35,0,0,0,0,0,"F",NA,NA,NA,NA,NA,NA,NA,NA,NA
"875",2007,"7","11","wheat",3.31,2.62483,NA,NA,NA,NA,NA,NA,NA,NA,NA,NA,NA,"NP","N4 PMg",192,35,0,0,0,0,0,"F",NA,NA,NA,NA,NA,NA,NA,NA,NA
"916",2007,"8","11","wheat",1.8,1.4238,4.41,3.75732,75.383028,10.932516,30.1241052,36.3069,5.296536,5.851818,39.076128,5.63598,24.2722872,"NP","N4 PMg",192,35,0,0,0,0,0,"F",NA,NA,NA,NA,NA,NA,NA,NA,NA
"964",2007,"9","11","wheat",3.19,2.74978,NA,NA,NA,NA,NA,59.670226,10.861631,11.7415606,NA,NA,NA,"NP","N4 PMg",192,35,0,0,0,0,0,"F",NA,NA,NA,NA,NA,NA,NA,NA,NA
"1419",2007,"0","13","wheat",3.52,2.96032,NA,NA,NA,NA,NA,70.751648,10.5979456,14.6239808,NA,NA,NA,"NPK","N4 PK",192,35,90,0,0,0,0,"F",NA,NA,NA,NA,NA,NA,NA,NA,NA
"1470",2007,"1","13","wheat",4.29,3.68082,1.23,1.12791,86.379918,13.6545816,24.5884674,78.033384,12.6620208,16.4900736,8.346534,0.9925608,8.0983938,"NPK","N4 PK",192,35,90,0,0,0,0,"F",NA,NA,NA,NA,NA,NA,NA,NA,NA
"1561",2007,"4","13","wheat",5.4,4.5684,NA,NA,NA,NA,NA,NA,NA,NA,NA,NA,NA,"NPK","N4 PK",192,35,90,0,0,0,0,"F",NA,NA,NA,NA,NA,NA,NA,NA,NA
"1593",2007,"5","13","wheat",7.15,6.08465,1.9,1.6834,145.244525,24.8750405,43.654134,134.470765,22.9391305,27.746004,10.77376,1.93591,15.90813,"NPK","N4 PK",192,35,90,0,0,0,0,"F",NA,NA,NA,NA,NA,NA,NA,NA,NA
"1636",2007,"6","13","wheat",2.54,2.1336,NA,NA,NA,NA,NA,NA,NA,NA,NA,NA,NA,"NPK","N4 PK",192,35,90,0,0,0,0,"F",NA,NA,NA,NA,NA,NA,NA,NA,NA
"1667",2007,"7","13","wheat",4.45,3.71575,NA,NA,NA,NA,NA,NA,NA,NA,NA,NA,NA,"NPK","N4 PK",192,35,90,0,0,0,0,"F",NA,NA,NA,NA,NA,NA,NA,NA,NA
"1708",2007,"8","13","wheat",1.54,1.0857,4.51,3.84703,71.808209,11.1982959,70.5733413,28.33677,4.158231,5.135361,43.471439,7.0400649,65.4379803,"NPK","N4 PK",192,35,90,0,0,0,0,"F",NA,NA,NA,NA,NA,NA,NA,NA,NA
"1756",2007,"9","13","wheat",4.2,3.528,NA,NA,NA,NA,NA,80.0856,13.54752,18.09864,NA,NA,NA,"NPK","N4 PK",192,35,90,0,0,0,0,"F",NA,NA,NA,NA,NA,NA,NA,NA,NA
"1815",2007,"0","14","wheat",3.46,2.9237,NA,NA,NA,NA,NA,68.99932,10.81769,13.829101,NA,NA,NA,"N4PKMg","N4 PK*(Mg*)",192,35,90,0,0,0,0,"F",NA,NA,NA,NA,NA,NA,NA,NA,NA
"1866",2007,"1","14","wheat",4.31,3.7066,0.92,0.81696,88.41372,14.0658612,21.4356184,82.28652,13.232562,16.827964,6.1272,0.8332992,4.6076544,"N4PKMg","N4 PK*(Mg*)",192,35,90,0,0,0,0,"F",NA,NA,NA,NA,NA,NA,NA,NA,NA
"1957",2007,"4","14","wheat",5.05,4.2622,NA,NA,NA,NA,NA,NA,NA,NA,NA,NA,NA,"N4PKMg","N4 PK*(Mg*)",192,35,90,0,0,0,0,"F",NA,NA,NA,NA,NA,NA,NA,NA,NA
"1989",2007,"5","14","wheat",6.91,5.89423,1.78,1.60912,137.666198,22.8657766,38.5174015,128.494214,21.3371126,26.4650927,9.171984,1.528664,12.0523088,"N4PKMg","N4 PK*(Mg*)",192,35,90,0,0,0,0,"F",NA,NA,NA,NA,NA,NA,NA,NA,NA
"2032",2007,"6","14","wheat",2.48,2.06832,NA,NA,NA,NA,NA,NA,NA,NA,NA,NA,NA,"N4PKMg","N4 PK*(Mg*)",192,35,90,0,0,0,0,"F",NA,NA,NA,NA,NA,NA,NA,NA,NA
"2063",2007,"7","14","wheat",3.68,3.04704,NA,NA,NA,NA,NA,NA,NA,NA,NA,NA,NA,"N4PKMg","N4 PK*(Mg*)",192,35,90,0,0,0,0,"F",NA,NA,NA,NA,NA,NA,NA,NA,NA
"2104",2007,"8","14","wheat",1.46,0.82344,5.89,4.60598,62.600816,11.9630422,74.4489734,22.068192,3.4419792,4.2077784,40.532624,8.521063,70.241195,"N4PKMg","N4 PK*(Mg*)",192,35,90,0,0,0,0,"F",NA,NA,NA,NA,NA,NA,NA,NA,NA
"2152",2007,"9","14","wheat",4.52,3.81036,NA,NA,NA,NA,NA,85.7331,14.6317824,18.7088676,NA,NA,NA,"N4PKMg","N4 PK*(Mg*)",192,35,90,0,0,0,0,"F",NA,NA,NA,NA,NA,NA,NA,NA,NA
"2607",2007,"0","16","wheat",5.67,4.83651,NA,NA,NA,NA,NA,127.200213,16.4924991,20.5551675,NA,NA,NA,"N5PKMg","N5 (P)KMg",240,0,90,0,0,0,0,"F",NA,0,NA,NA,NA,NA,NA,NA,NA
"2658",2007,"1","16","wheat",5.29,4.52295,1.6,1.456,128.60032,15.912716,31.1595735,115.78752,14.835276,19.5843735,12.8128,1.07744,11.5752,"N5PKMg","N5 (P)KMg",240,0,90,0,0,0,0,"F",NA,0,0.232194083333333,NA,NA,NA,NA,NA,NA
"2749",2007,"4","16","wheat",7.5,6.4575,NA,NA,NA,NA,NA,NA,NA,NA,NA,NA,NA,"N5PKMg","N5 (P)KMg",240,0,90,0,0,0,0,"F",NA,0,NA,NA,NA,NA,NA,NA,NA
"2781",2007,"5","16","wheat",9,7.704,3.03,2.70882,209.504016,28.2319236,56.7486,185.6664,25.57728,29.6604,23.837616,2.6546436,27.0882,"N5PKMg","N5 (P)KMg",240,0,90,0,0,0,0,"F",NA,0,0.423965066666667,NA,NA,NA,NA,NA,NA
"2824",2007,"6","16","wheat",4.11,3.50172,NA,NA,NA,NA,NA,NA,NA,NA,NA,NA,NA,"N5PKMg","N5 (P)KMg",240,0,90,0,0,0,0,"F",NA,0,NA,NA,NA,NA,NA,NA,NA
"2855",2007,"7","16","wheat",5.91,5.05305,NA,NA,NA,NA,NA,NA,NA,NA,NA,NA,NA,"N5PKMg","N5 (P)KMg",240,0,90,0,0,0,0,"F",NA,0,NA,NA,NA,NA,NA,NA,NA
"2896",2007,"8","16","wheat",1.77,1.24962,5.89,4.61776,104.005836,13.5434852,82.7013188,34.739436,4.7235636,5.7232596,69.2664,8.8199216,76.9780592,"N5PKMg","N5 (P)KMg",240,0,90,0,0,0,0,"F",NA,0,0.584191262222223,NA,NA,NA,NA,NA,NA
"2944",2007,"9","16","wheat",4.97,4.21953,NA,NA,NA,NA,NA,112.661451,15.0637221,18.9456897,NA,NA,NA,"N5PKMg","N5 (P)KMg",240,0,90,0,0,0,0,"F",NA,0,NA,NA,NA,NA,NA,NA,NA
"4191",2007,"0","20","wheat",0.99,0.82962,NA,NA,NA,NA,NA,20.574576,1.5845742,3.3848496,NA,NA,NA,"NKMg","N4 KMg",96,0,90,0,0,0,0,"F",NA,NA,NA,NA,NA,NA,NA,NA,NA
"4242",2007,"1","20","wheat",0.41,0.34317,0.02,0.01842,8.736981,0.7294305,1.4131002,8.613567,0.7240887,1.3314996,0.123414,0.0053418,0.0816006,"NKMg","N4 KMg",96,0,90,0,0,0,0,"F",NA,NA,NA,NA,NA,NA,NA,NA,NA
"4677",2007,"0","22","wheat",2.55,2.1165,NA,NA,NA,NA,NA,38.5203,7.513575,10.24386,NA,NA,NA,"FYM","FYM",0,0,0,35,229.6,39.95733146769,221.819753313112,"F",NA,NA,NA,NA,NA,NA,NA,NA,NA
"4728",2007,"1","22","wheat",3.94,3.29778,1.93,1.62699,67.336671,13.5478077,30.8843214,59.689818,11.872008,15.004899,7.646853,1.6757997,15.8794224,"FYM","FYM",0,0,0,35,229.6,39.95733146769,221.819753313112,"F",NA,NA,NA,0.223324481707317,0.255225130662021,0.0612098911149825,NA,NA,NA
"4819",2007,"4","22","wheat",3.86,3.25012,NA,NA,NA,NA,NA,NA,NA,NA,NA,NA,NA,"FYM","FYM",0,0,0,35,229.6,39.95733146769,221.819753313112,"F",NA,NA,NA,NA,NA,NA,NA,NA,NA
"4851",2007,"5","22","wheat",5.32,4.4954,2.49,2.241,84.03986,18.064272,34.903294,75.97226,15.643992,18.700864,8.0676,2.42028,16.20243,"FYM","FYM",0,0,0,35,229.6,39.95733146769,221.819753313112,"F",NA,NA,NA,0.279434102787456,-0.185449425087108,-0.034270993031359,NA,NA,NA
"4894",2007,"6","22","wheat",3.91,3.27267,NA,NA,NA,NA,NA,NA,NA,NA,NA,NA,NA,"FYM","FYM",0,0,0,35,229.6,39.95733146769,221.819753313112,"F",NA,NA,NA,NA,NA,NA,NA,NA,NA
"4925",2007,"7","22","wheat",3.66,2.76696,NA,NA,NA,NA,NA,NA,NA,NA,NA,NA,NA,"FYM","FYM",0,0,0,35,229.6,39.95733146769,221.819753313112,"F",NA,NA,NA,NA,NA,NA,NA,NA,NA
"4966",2007,"8","22","wheat",2.18,1.67424,4.8,3.888,63.206592,13.4788224,69.1043712,34.824192,6.7137024,7.7517312,28.3824,6.76512,61.35264,"FYM","FYM",0,0,0,35,229.6,39.95733146769,221.819753313112,"F",NA,NA,NA,0.0122127047038328,0.0770185714285715,-0.0530332578397213,NA,NA,NA
"5014",2007,"9","22","wheat",4.96,4.23584,NA,NA,NA,NA,NA,69.467776,13.978272,19.06128,NA,NA,NA,"FYM","FYM",0,0,0,35,229.6,39.95733146769,221.819753313112,"F",NA,NA,NA,NA,NA,NA,NA,NA,NA
"5063",2007,"0","3","wheat",0.5,0.418,NA,NA,NA,NA,NA,7.7748,1.3376,1.89772,NA,NA,NA,"Control","Nil",0,0,0,0,0,0,0,"F",NA,NA,NA,NA,NA,NA,NA,NA,NA
"5114",2007,"1","3","wheat",0.85,0.7106,0.16,0.1416,13.82578,2.378756,4.095496,13.1461,2.288132,3.211912,0.67968,0.090624,0.883584,"Control","Nil",0,0,0,0,0,0,0,"F",NA,NA,NA,NA,NA,NA,NA,NA,NA
"5205",2007,"4","3","wheat",1.07,0.88596,NA,NA,NA,NA,NA,NA,NA,NA,NA,NA,NA,"Control","Nil",0,0,0,0,0,0,0,"F",NA,NA,NA,NA,NA,NA,NA,NA,NA
"5237",2007,"5","3","wheat",1.07,0.88489,0.13,0.11765,15.348517,3.312666,4.0719416,14.866152,3.185604,3.7519336,0.482365,0.127062,0.320008,"Control","Nil",0,0,0,0,0,0,0,"F",NA,NA,NA,NA,NA,NA,NA,NA,NA
"5280",2007,"6","3","wheat",0.97,0.80413,NA,NA,NA,NA,NA,NA,NA,NA,NA,NA,NA,"Control","Nil",0,0,0,0,0,0,0,"F",NA,NA,NA,NA,NA,NA,NA,NA,NA
"5311",2007,"7","3","wheat",1.17,0.94302,NA,NA,NA,NA,NA,NA,NA,NA,NA,NA,NA,"Control","Nil",0,0,0,0,0,0,0,"F",NA,NA,NA,NA,NA,NA,NA,NA,NA
"5352",2007,"8","3","wheat",1.33,0.92701,2.31,1.79718,29.922788,5.0301713,23.0791911,14.646758,3.1611041,3.9212523,15.27603,1.8690672,19.1579388,"Control","Nil",0,0,0,0,0,0,0,"F",NA,NA,NA,NA,NA,NA,NA,NA,NA
"5400",2007,"9","3","wheat",0.17,0.13974,NA,NA,NA,NA,NA,2.501346,0.4290018,0.684726,NA,NA,NA,"Control","Nil",0,0,0,0,0,0,0,"F",NA,NA,NA,NA,NA,NA,NA,NA,NA
"5459",2007,"0","5","wheat",0.41,0.33292,NA,NA,NA,NA,NA,6.392064,1.3516552,1.7112088,NA,NA,NA,"PKMg","(P)KMg",0,0,90,0,0,0,0,"F",NA,NA,NA,NA,NA,NA,NA,NA,NA
"5510",2007,"1","5","wheat",1.05,0.87675,0.23,0.20148,16.06137,3.3632262,5.3430003,15.25545,3.173835,4.1119575,0.80592,0.1893912,1.2310428,"PKMg","(P)KMg",0,0,90,0,0,0,0,"F",NA,NA,NA,NA,NA,NA,NA,NA,NA
"5601",2007,"4","5","wheat",1.2,0.9888,NA,NA,NA,NA,NA,NA,NA,NA,NA,NA,NA,"PKMg","(P)KMg",0,0,90,0,0,0,0,"F",NA,NA,NA,NA,NA,NA,NA,NA,NA
"5633",2007,"5","5","wheat",1.33,1.09858,0.26,0.23062,19.88179,4.2658052,5.7257062,19.005434,4.009817,4.8447378,0.876356,0.2559882,0.8809684,"PKMg","(P)KMg",0,0,90,0,0,0,0,"F",NA,NA,NA,NA,NA,NA,NA,NA,NA
"5676",2007,"6","5","wheat",0.92,0.77648,NA,NA,NA,NA,NA,NA,NA,NA,NA,NA,NA,"PKMg","(P)KMg",0,0,90,0,0,0,0,"F",NA,NA,NA,NA,NA,NA,NA,NA,NA
"5707",2007,"7","5","wheat",1.03,0.84357,NA,NA,NA,NA,NA,NA,NA,NA,NA,NA,NA,"PKMg","(P)KMg",0,0,90,0,0,0,0,"F",NA,NA,NA,NA,NA,NA,NA,NA,NA
"5748",2007,"8","5","wheat",2.25,1.48275,4.83,3.53556,60.402555,10.8157437,68.2892109,23.279175,5.4416925,6.8058225,37.12338,5.3740512,61.4833884,"PKMg","(P)KMg",0,0,90,0,0,0,0,"F",NA,NA,NA,NA,NA,NA,NA,NA,NA
"5796",2007,"9","5","wheat",0.71,0.58504,NA,NA,NA,NA,NA,9.243632,2.0242384,2.7672392,NA,NA,NA,"PKMg","(P)KMg",0,0,90,0,0,0,0,"F",NA,NA,NA,NA,NA,NA,NA,NA,NA
"5855",2007,"0","6","wheat",1.14,0.9462,NA,NA,NA,NA,NA,17.5047,3.54825,4.721538,NA,NA,NA,"N1PKMg","N1 (P)KMg",48,0,90,0,0,0,0,"F",NA,NA,NA,NA,NA,NA,NA,NA,NA
"5906",2007,"1","6","wheat",2.02,1.72104,0.33,0.29634,30.792948,6.2387148,9.8729682,29.429784,5.9720088,8.17494,1.363164,0.266706,1.6980282,"N1PKMg","N1 (P)KMg",48,0,90,0,0,0,0,"F",NA,NA,NA,NA,NA,NA,NA,NA,NA
"5997",2007,"4","6","wheat",3.14,2.64702,NA,NA,NA,NA,NA,NA,NA,NA,NA,NA,NA,"N1PKMg","N1 (P)KMg",48,0,90,0,0,0,0,"F",NA,NA,NA,NA,NA,NA,NA,NA,NA
"6029",2007,"5","6","wheat",3.29,2.7636,0.86,0.774,45.37908,10.048632,17.05356,42.28308,9.313332,12.85074,3.096,0.7353,4.20282,"N1PKMg","N1 (P)KMg",48,0,90,0,0,0,0,"F",NA,NA,NA,NA,NA,NA,NA,NA,NA
"6072",2007,"6","6","wheat",1.56,1.30572,NA,NA,NA,NA,NA,NA,NA,NA,NA,NA,NA,"N1PKMg","N1 (P)KMg",48,0,90,0,0,0,0,"F",NA,NA,NA,NA,NA,NA,NA,NA,NA
"6103",2007,"7","6","wheat",1.52,1.27528,NA,NA,NA,NA,NA,NA,NA,NA,NA,NA,NA,"N1PKMg","N1 (P)KMg",48,0,90,0,0,0,0,"F",NA,NA,NA,NA,NA,NA,NA,NA,NA
"6144",2007,"8","6","wheat",1.7,1.2444,2.86,2.34234,54.152808,8.1975648,42.1124868,32.60328,4.16874,5.525136,21.549528,4.0288248,36.5873508,"N1PKMg","N1 (P)KMg",48,0,90,0,0,0,0,"F",NA,NA,NA,NA,NA,NA,NA,NA,NA
"6192",2007,"9","6","wheat",2.19,1.80237,NA,NA,NA,NA,NA,29.739105,6.2001528,8.8856841,NA,NA,NA,"N1PKMg","N1 (P)KMg",48,0,90,0,0,0,0,"F",NA,NA,NA,NA,NA,NA,NA,NA,NA
"6251",2007,"0","7","wheat",2.16,1.7496,NA,NA,NA,NA,NA,34.1172,6.438528,9.395352,NA,NA,NA,"N2PKMg","N2 (P)KMg",96,0,90,0,0,0,0,"F",NA,NA,NA,NA,NA,NA,NA,NA,NA
"6302",2007,"1","7","wheat",3.22,2.73378,0.84,0.74928,55.017942,10.163202,19.0732458,51.121686,9.4588788,13.258833,3.896256,0.7043232,5.8144128,"N2PKMg","N2 (P)KMg",96,0,90,0,0,0,0,"F",0.405797625,NA,NA,NA,NA,NA,NA,NA,NA
"6393",2007,"4","7","wheat",4.3,3.6335,NA,NA,NA,NA,NA,NA,NA,NA,NA,NA,NA,"N2PKMg","N2 (P)KMg",96,0,90,0,0,0,0,"F",NA,NA,NA,NA,NA,NA,NA,NA,NA
"6425",2007,"5","7","wheat",4.96,4.19616,1.73,1.55008,75.482368,15.8782432,31.4945728,68.817024,14.5606752,20.2254912,6.665344,1.317568,11.2690816,"N2PKMg","N2 (P)KMg",96,0,90,0,0,0,0,"F",0.5791726875,NA,NA,NA,NA,NA,NA,NA,NA
"6468",2007,"6","7","wheat",1.59,1.32288,NA,NA,NA,NA,NA,NA,NA,NA,NA,NA,NA,"N2PKMg","N2 (P)KMg",96,0,90,0,0,0,0,"F",NA,NA,NA,NA,NA,NA,NA,NA,NA
"6499",2007,"7","7","wheat",2.46,2.0541,NA,NA,NA,NA,NA,NA,NA,NA,NA,NA,NA,"N2PKMg","N2 (P)KMg",96,0,90,0,0,0,0,"F",NA,NA,NA,NA,NA,NA,NA,NA,NA
"6540",2007,"8","7","wheat",1.35,0.97335,3.23,2.76488,38.23715,7.7619752,39.9492687,18.88299,3.50406,4.4482095,19.35416,4.2579152,35.5010592,"N2PKMg","N2 (P)KMg",96,0,90,0,0,0,0,"F",-0.230889635416667,NA,NA,NA,NA,NA,NA,NA,NA
"6588",2007,"9","7","wheat",2.24,1.8032,NA,NA,NA,NA,NA,31.73632,5.896464,9.124192,NA,NA,NA,"N2PKMg","N2 (P)KMg",96,0,90,0,0,0,0,"F",NA,NA,NA,NA,NA,NA,NA,NA,NA
"7103",2007,"3","1","maize",14.74,3.93558,NA,NA,44.1572076,8.264718,49.6670196,NA,NA,NA,NA,NA,NA,"FYM+NPK","(FYM) N4",192,0,0,0,0,0,0,"F",NA,NA,NA,NA,NA,NA,0,0,0
"28103",2007,"3","10","maize",0.93,0.17205,NA,NA,2.625483,0.258075,1.8564195,NA,NA,NA,NA,NA,NA,"N","N4",192,0,0,0,0,0,0,"F",NA,NA,NA,NA,NA,NA,NA,NA,NA
"49103",2007,"3","11","maize",3.66,0.8784,NA,NA,12.113136,2.626416,4.69944,NA,NA,NA,NA,NA,NA,"NP","N4 PMg",192,35,0,0,0,0,0,"F",NA,NA,NA,NA,NA,NA,NA,NA,NA
"9111",2007,"3","13","maize",11.19,2.98773,NA,NA,30.8333736,5.3181594,37.2868704,NA,NA,NA,NA,NA,NA,"NPK","N4 PK",192,35,90,0,0,0,0,"F",NA,NA,NA,NA,NA,NA,NA,NA,NA
"1122",2007,"3","14","maize",11.06,2.80924,NA,NA,25.845008,4.91617,35.8459024,NA,NA,NA,NA,NA,NA,"N4PKMg","N4 PK*(Mg*)",192,35,90,0,0,0,0,"F",NA,NA,NA,NA,NA,NA,NA,NA,NA
"15412",2007,"3","16","maize",11.1,2.7861,NA,NA,31.287903,4.402038,34.213308,NA,NA,NA,NA,NA,NA,"N5PKMg","N5 (P)KMg",240,0,90,0,0,0,0,"F",NA,0,0.327931866666667,NA,NA,NA,NA,NA,NA
"25910",2007,"3","22","maize",13.99,3.62341,NA,NA,38.8791893,7.7903315,46.8869254,NA,NA,NA,NA,NA,NA,"FYM","FYM",0,0,0,35,229.6,39.95733146769,221.819753313112,"F",NA,NA,NA,0.14314112804878,0.157899417682927,0.116576887195122,NA,NA,NA
"28011",2007,"3","3","maize",2.15,0.45795,NA,NA,4.3367865,0.595335,5.009973,NA,NA,NA,NA,NA,NA,"Control","Nil",0,0,0,0,0,0,0,"F",NA,NA,NA,NA,NA,NA,NA,NA,NA
"3015",2007,"3","5","maize",3.57,0.86037,NA,NA,6.0139863,1.4884401,14.0154273,NA,NA,NA,NA,NA,NA,"PKMg","(P)KMg",0,0,90,0,0,0,0,"F",NA,NA,NA,NA,NA,NA,NA,NA,NA
"3222",2007,"3","6","maize",6.67,1.61414,NA,NA,11.1214246,2.5341998,28.2151672,NA,NA,NA,NA,NA,NA,"N1PKMg","N1 (P)KMg",48,0,90,0,0,0,0,"F",NA,NA,NA,NA,NA,NA,NA,NA,NA
"3432",2007,"3","7","maize",9.2,2.3368,NA,NA,16.918432,3.481832,37.15512,NA,NA,NA,NA,NA,NA,"N2PKMg","N2 (P)KMg",96,0,90,0,0,0,0,"F",0.113587976041667,NA,NA,NA,NA,NA,NA,NA,NA
"2210",2008,"7","1","oats",5.07,4.2349203,1.6,1.05224,59.04441125,14.011355721,36.73764594,57.17142405,13.001205321,16.09269714,1.8729872,1.0101504,20.6449488,"FYM+NPK","(FYM) N4",192,0,0,0,0,0,0,"F",NA,NA,NA,NA,NA,NA,0,0,0
"4510",2008,"7","10","oats",4.52,3.7551708,1.19,0.7899815,71.457187405,7.249316664,21.37360156,69.09514272,7.059721104,11.64102948,2.362044685,0.18959556,9.73257208,"N","N4",192,0,0,0,0,0,0,"F",NA,NA,NA,NA,NA,NA,NA,NA,NA
"6810",2008,"7","11","oats",3.39,2.8319043,1.27,0.8080883,42.290187516,8.673276611,17.471942289,40.49623149,8.325798642,10.393088781,1.793956026,0.347477969,7.078853508,"NP","N4 PMg",192,35,0,0,0,0,0,"F",NA,NA,NA,NA,NA,NA,NA,NA,NA
"114",2008,"7","13","oats",2.85,2.3886135,0.55,0.3539085,36.07345314,7.701974235,14.433098805,35.3514798,7.50024639,9.41113719,0.72197334,0.201727845,5.021961615,"NPK","N4 PK",192,35,90,0,0,0,0,"F",NA,NA,NA,NA,NA,NA,NA,NA,NA
"1371",2008,"7","14","oats",1.82,1.5053402,0.29,0.1921975,23.61660543,4.74888956,7.94531984,23.18223908,4.59128761,5.56975874,0.43436635,0.15760195,2.3755611,"N4PKMg","N4 PK*(Mg*)",192,35,90,0,0,0,0,"F",NA,NA,NA,NA,NA,NA,NA,NA,NA
"183",2008,"7","16","oats",4.91,4.1173787,1.58,1.0197162,62.428484794,12.554153645,33.023543664,60.11372902,12.146267165,15.810734208,2.314755774,0.40788648,17.212809456,"N5PKMg","N5 (P)KMg",240,0,90,0,0,0,0,"F",NA,0,0.172795570833333,NA,NA,NA,NA,NA,NA
"298",2008,"7","22","oats",4.8,4.027344,2.79,1.6874199,55.915927989,13.295396589,59.060951583,52.355472,11.75984448,14.9011728,3.560455989,1.535552109,44.159778783,"FYM","FYM",0,0,0,35,190.4,35.2940090177325,339.07588163015,"F",NA,NA,NA,0.141934002053571,-0.0816242616386553,0.0715637629884454,NA,NA,NA
"321",2008,"7","3","oats",1.87,1.5750075,0.36,0.2495592,20.126817942,4.108606029,8.333375325,19.68759375,4.016269125,5.276275125,0.439224192,0.092336904,3.0571002,"Control","Nil",0,0,0,0,0,0,0,"F",NA,NA,NA,NA,NA,NA,NA,NA,NA
"344",2008,"7","5","oats",2.43,2.0395233,0.42,0.2824584,28.891693998,5.769399222,11.44457586,28.34937387,5.50671291,7.097541084,0.542320128,0.262686312,4.347034776,"PKMg","(P)KMg",0,0,90,0,0,0,0,"F",NA,NA,NA,NA,NA,NA,NA,NA,NA
"3671",2008,"7","6","oats",2.03,1.7063368,0.41,0.2712929,24.737300283,5.155270418,9.682249631,24.22998256,4.845996512,5.88686196,0.507317723,0.309273906,3.795387671,"N1PKMg","N1 (P)KMg",48,0,90,0,0,0,0,"F",NA,NA,NA,NA,NA,NA,NA,NA,NA
"3901",2008,"7","7","oats",2.49,2.0886618,0.46,0.3167836,28.786151796,6.138997086,12.331019866,28.1969343,5.910912894,7.62361557,0.589217496,0.228084192,4.707404296,"N2PKMg","N2 (P)KMg",96,0,90,0,0,0,0,"F",-0.00109939793749991,NA,NA,NA,NA,NA,NA,NA,NA
"55101",2008,"3","1","wheat",11.04,9.19632,6.16,4.79248,210.0026432,35.7167216,79.9422064,188.3406336,31.4514144,37.3370592,21.6620096,4.2653072,42.6051472,"FYM+NPK","(FYM) N4",192,0,0,0,0,0,0,"F",NA,NA,NA,NA,NA,NA,0,0,0
"8210",2008,"4","1","wheat",9.9,8.2764,NA,NA,NA,NA,NA,NA,NA,NA,NA,NA,NA,"FYM+NPK","(FYM) N4",192,0,0,0,0,0,0,"F",NA,NA,NA,NA,NA,NA,0,0,0
"1141",2008,"5","1","wheat",9.79,8.2236,NA,NA,NA,NA,NA,NA,NA,NA,NA,NA,NA,"FYM+NPK","(FYM) N4",192,0,0,0,0,0,0,"F",NA,NA,NA,NA,NA,NA,0,0,0
"15710",2008,"6","1","wheat",8.17,6.87097,NA,NA,NA,NA,NA,NA,NA,NA,NA,NA,NA,"FYM+NPK","(FYM) N4",192,0,0,0,0,0,0,"F",NA,NA,NA,NA,NA,NA,0,0,0
"2321",2008,"0","10","wheat",2.13,1.77429,NA,NA,NA,NA,NA,39.3360093,3.2646936,7.3810464,NA,NA,NA,"N","N4",192,0,0,0,0,0,0,"F",NA,NA,NA,NA,NA,NA,NA,NA,NA
"28310",2008,"1","10","wheat",2.66,2.21046,1.2,1.0296,48.867822,4.0875462,12.4485168,44.430246,3.9125142,8.1344928,4.437576,0.175032,4.314024,"N","N4",192,0,0,0,0,0,0,"F",NA,NA,NA,NA,NA,NA,NA,NA,NA
"3471",2008,"3","10","wheat",6.73,5.63301,2.64,2.2704,123.426195,13.5697908,30.8419593,112.096899,12.8432628,21.0111273,11.329296,0.726528,9.830832,"N","N4",192,0,0,0,0,0,0,"F",NA,NA,NA,NA,NA,NA,NA,NA,NA
"3742",2008,"4","10","wheat",3.27,2.75007,NA,NA,NA,NA,NA,NA,NA,NA,NA,NA,NA,"N","N4",192,0,0,0,0,0,0,"F",NA,NA,NA,NA,NA,NA,NA,NA,NA
"4061",2008,"5","10","wheat",4.31,3.6204,NA,NA,NA,NA,NA,NA,NA,NA,NA,NA,NA,"N","N4",192,0,0,0,0,0,0,"F",NA,NA,NA,NA,NA,NA,NA,NA,NA
"4491",2008,"6","10","wheat",3.41,2.88145,NA,NA,NA,NA,NA,NA,NA,NA,NA,NA,NA,"N","N4",192,0,0,0,0,0,0,"F",NA,NA,NA,NA,NA,NA,NA,NA,NA
"569",2008,"9","10","wheat",1.85,1.53365,NA,NA,NA,NA,NA,33.6022715,2.4385035,6.073254,NA,NA,NA,"N","N4",192,0,0,0,0,0,0,"F",NA,NA,NA,NA,NA,NA,NA,NA,NA
"628",2008,"0","11","wheat",4.99,4.17164,NA,NA,NA,NA,NA,85.1431724,11.5554428,17.0620076,NA,NA,NA,"NP","N4 PMg",192,35,0,0,0,0,0,"F",NA,NA,NA,NA,NA,NA,NA,NA,NA
"679",2008,"1","11","wheat",3.39,2.80692,1.14,0.99408,63.9845832,9.4493436,12.6532812,55.296324,8.5049676,10.52595,8.6882592,0.944376,2.1273312,"NP","N4 PMg",192,35,0,0,0,0,0,"F",NA,NA,NA,NA,NA,NA,NA,NA,NA
"743",2008,"3","11","wheat",4.6,3.841,1.97,1.69617,87.6399279,14.7596197,17.9801515,72.5949,12.36802,14.67262,15.0450279,2.3915997,3.3075315,"NP","N4 PMg",192,35,0,0,0,0,0,"F",NA,NA,NA,NA,NA,NA,NA,NA,NA
"770",2008,"4","11","wheat",4.47,3.7548,NA,NA,NA,NA,NA,NA,NA,NA,NA,NA,NA,"NP","N4 PMg",192,35,0,0,0,0,0,"F",NA,NA,NA,NA,NA,NA,NA,NA,NA
"802",2008,"5","11","wheat",5.72,4.82196,NA,NA,NA,NA,NA,NA,NA,NA,NA,NA,NA,"NP","N4 PMg",192,35,0,0,0,0,0,"F",NA,NA,NA,NA,NA,NA,NA,NA,NA
"845",2008,"6","11","wheat",4.4,3.7004,NA,NA,NA,NA,NA,NA,NA,NA,NA,NA,NA,"NP","N4 PMg",192,35,0,0,0,0,0,"F",NA,NA,NA,NA,NA,NA,NA,NA,NA
"965",2008,"9","11","wheat",3.87,3.23532,NA,NA,NA,NA,NA,64.7711064,11.0324412,14.073642,NA,NA,NA,"NP","N4 PMg",192,35,0,0,0,0,0,"F",NA,NA,NA,NA,NA,NA,NA,NA,NA
"1420",2008,"0","13","wheat",7.18,5.96658,NA,NA,NA,NA,NA,133.054734,16.8854214,27.446268,NA,NA,NA,"NPK","N4 PK",192,35,90,0,0,0,0,"F",NA,NA,NA,NA,NA,NA,NA,NA,NA
"1471",2008,"1","13","wheat",7.62,6.3246,3.55,3.0601,152.719632,19.455181,52.910781,135.093456,17.772126,26.56332,17.626176,1.683055,26.347461,"NPK","N4 PK",192,35,90,0,0,0,0,"F",NA,NA,NA,NA,NA,NA,NA,NA,NA
"1535",2008,"3","13","wheat",9.26,7.71358,4.76,3.8794,174.649755,27.9015492,68.6549556,152.343205,24.9919992,34.8653816,22.30655,2.90955,33.789574,"NPK","N4 PK",192,35,90,0,0,0,0,"F",NA,NA,NA,NA,NA,NA,NA,NA,NA
"1562",2008,"4","13","wheat",7.63,6.4092,NA,NA,NA,NA,NA,NA,NA,NA,NA,NA,NA,"NPK","N4 PK",192,35,90,0,0,0,0,"F",NA,NA,NA,NA,NA,NA,NA,NA,NA
"1594",2008,"5","13","wheat",7.33,6.16453,NA,NA,NA,NA,NA,NA,NA,NA,NA,NA,NA,"NPK","N4 PK",192,35,90,0,0,0,0,"F",NA,NA,NA,NA,NA,NA,NA,NA,NA
"1637",2008,"6","13","wheat",7.33,6.17919,NA,NA,NA,NA,NA,NA,NA,NA,NA,NA,NA,"NPK","N4 PK",192,35,90,0,0,0,0,"F",NA,NA,NA,NA,NA,NA,NA,NA,NA
"1757",2008,"9","13","wheat",7.79,6.50465,NA,NA,NA,NA,NA,143.4275325,20.4896475,30.7669945,NA,NA,NA,"NPK","N4 PK",192,35,90,0,0,0,0,"F",NA,NA,NA,NA,NA,NA,NA,NA,NA
"1816",2008,"0","14","wheat",7.84,6.53856,NA,NA,NA,NA,NA,143.521392,19.5502944,29.750448,NA,NA,NA,"N4PKMg","N4 PK*(Mg*)",192,35,90,0,0,0,0,"F",NA,NA,NA,NA,NA,NA,NA,NA,NA
"1867",2008,"1","14","wheat",7.74,6.43968,3.16,2.67652,149.393674,18.8382908,45.8225552,135.877248,17.5803264,26.0163072,13.516426,1.2579644,19.806248,"N4PKMg","N4 PK*(Mg*)",192,35,90,0,0,0,0,"F",NA,NA,NA,NA,NA,NA,NA,NA,NA
"1931",2008,"3","14","wheat",9.03,7.52199,4.37,3.68391,163.7795325,27.84954,62.135217,143.4443493,25.1234466,33.5480754,20.3351832,2.7260934,28.5871416,"N4PKMg","N4 PK*(Mg*)",192,35,90,0,0,0,0,"F",NA,NA,NA,NA,NA,NA,NA,NA,NA
"1958",2008,"4","14","wheat",7.23,6.05874,NA,NA,NA,NA,NA,NA,NA,NA,NA,NA,NA,"N4PKMg","N4 PK*(Mg*)",192,35,90,0,0,0,0,"F",NA,NA,NA,NA,NA,NA,NA,NA,NA
"1990",2008,"5","14","wheat",6.91,5.8044,NA,NA,NA,NA,NA,NA,NA,NA,NA,NA,NA,"N4PKMg","N4 PK*(Mg*)",192,35,90,0,0,0,0,"F",NA,NA,NA,NA,NA,NA,NA,NA,NA
"2033",2008,"6","14","wheat",7.02,5.91084,NA,NA,NA,NA,NA,NA,NA,NA,NA,NA,NA,"N4PKMg","N4 PK*(Mg*)",192,35,90,0,0,0,0,"F",NA,NA,NA,NA,NA,NA,NA,NA,NA
"2153",2008,"9","14","wheat",7.06,5.91628,NA,NA,NA,NA,NA,126.4309036,18.932096,28.2206556,NA,NA,NA,"N4PKMg","N4 PK*(Mg*)",192,35,90,0,0,0,0,"F",NA,NA,NA,NA,NA,NA,NA,NA,NA
"2608",2008,"0","16","wheat",7.89,6.58026,NA,NA,NA,NA,NA,164.0458818,15.6610188,26.8474608,NA,NA,NA,"N5PKMg","N5 (P)KMg",240,0,90,0,0,0,0,"F",NA,0,NA,NA,NA,NA,NA,NA,NA
"2659",2008,"1","16","wheat",8.29,6.93044,4.14,3.50244,186.1953124,16.2663976,59.0253476,162.518818,14.900446,25.2268016,23.6764944,1.3659516,33.798546,"N5PKMg","N5 (P)KMg",240,0,90,0,0,0,0,"F",NA,0,0.515245182222222,NA,NA,NA,NA,NA,NA
"2723",2008,"3","16","wheat",10.66,8.86912,6.02,4.816,239.4946304,29.5403456,90.1709824,201.0629504,25.5430656,35.6538624,38.43168,3.99728,54.51712,"N5PKMg","N5 (P)KMg",240,0,90,0,0,0,0,"F",NA,0,0.802120343333333,NA,NA,NA,NA,NA,NA
"2750",2008,"4","16","wheat",9.14,7.66846,NA,NA,NA,NA,NA,NA,NA,NA,NA,NA,NA,"N5PKMg","N5 (P)KMg",240,0,90,0,0,0,0,"F",NA,0,NA,NA,NA,NA,NA,NA,NA
"2782",2008,"5","16","wheat",9.32,7.83812,NA,NA,NA,NA,NA,NA,NA,NA,NA,NA,NA,"N5PKMg","N5 (P)KMg",240,0,90,0,0,0,0,"F",NA,0,NA,NA,NA,NA,NA,NA,NA
"2825",2008,"6","16","wheat",7.25,6.119,NA,NA,NA,NA,NA,NA,NA,NA,NA,NA,NA,"N5PKMg","N5 (P)KMg",240,0,90,0,0,0,0,"F",NA,0,NA,NA,NA,NA,NA,NA,NA
"2945",2008,"9","16","wheat",8.34,6.97224,NA,NA,NA,NA,NA,170.8896024,19.6617168,32.6300832,NA,NA,NA,"N5PKMg","N5 (P)KMg",240,0,90,0,0,0,0,"F",NA,0,NA,NA,NA,NA,NA,NA,NA
"4192",2008,"0","20","wheat",1.87,1.56519,NA,NA,NA,NA,NA,35.2793826,2.7077787,6.5894499,NA,NA,NA,"NKMg","N4 KMg",96,0,90,0,0,0,0,"F",NA,NA,NA,NA,NA,NA,NA,NA,NA
"4243",2008,"1","20","wheat",0.82,0.68306,0.37,0.31376,18.345222,1.3241914,4.6457574,16.4344236,1.2363386,2.5341526,1.9107984,0.0878528,2.1116048,"NKMg","N4 KMg",96,0,90,0,0,0,0,"F",NA,NA,NA,NA,NA,NA,NA,NA,NA
"4678",2008,"0","22","wheat",5.45,4.5453,NA,NA,NA,NA,NA,78.542784,14.863131,22.27197,NA,NA,NA,"FYM","FYM",0,0,0,35,190.4,35.2940090177325,339.07588163015,"F",NA,NA,NA,NA,NA,NA,NA,NA,NA
"4729",2008,"1","22","wheat",5.02,4.16158,2.19,1.83741,81.7425089,16.0722062,37.1191017,74.7419768,14.56553,19.351347,7.0005321,1.5066762,17.7677547,"FYM","FYM",0,0,0,35,190.4,35.2940090177325,339.07588163015,"F",NA,NA,NA,0.380173587710084,0.332968943802521,0.0932664164915967,NA,NA,NA
"4793",2008,"3","22","wheat",6.94,5.76714,2.74,2.32626,96.4513542,22.986678,46.4799192,89.3329986,20.3580042,26.1251442,7.1183556,2.6286738,20.354775,"FYM","FYM",0,0,0,35,190.4,35.2940090177325,339.07588163015,"F",NA,NA,NA,0.401751198529412,-0.141674584033614,0.04627849947479,NA,NA,NA
"4820",2008,"4","22","wheat",4.9,4.0817,NA,NA,NA,NA,NA,NA,NA,NA,NA,NA,NA,"FYM","FYM",0,0,0,35,190.4,35.2940090177325,339.07588163015,"F",NA,NA,NA,NA,NA,NA,NA,NA,NA
"4852",2008,"5","22","wheat",4.85,4.02065,NA,NA,NA,NA,NA,NA,NA,NA,NA,NA,NA,"FYM","FYM",0,0,0,35,190.4,35.2940090177325,339.07588163015,"F",NA,NA,NA,NA,NA,NA,NA,NA,NA
"4895",2008,"6","22","wheat",5.93,4.9812,NA,NA,NA,NA,NA,NA,NA,NA,NA,NA,NA,"FYM","FYM",0,0,0,35,190.4,35.2940090177325,339.07588163015,"F",NA,NA,NA,NA,NA,NA,NA,NA,NA
"5015",2008,"9","22","wheat",5.69,4.73408,NA,NA,NA,NA,NA,80.8580864,15.6698048,24.617216,NA,NA,NA,"FYM","FYM",0,0,0,35,190.4,35.2940090177325,339.07588163015,"F",NA,NA,NA,NA,NA,NA,NA,NA,NA
"5064",2008,"0","3","wheat",0.98,0.81242,NA,NA,NA,NA,NA,14.0304934,2.0554226,3.7208836,NA,NA,NA,"Control","Nil",0,0,0,0,0,0,0,"F",NA,NA,NA,NA,NA,NA,NA,NA,NA
"5115",2008,"1","3","wheat",0.03,0.02511,0.01,0.0084,0.5117052,0.0845502,0.1800072,0.4750812,0.0808542,0.1185192,0.036624,0.003696,0.061488,"Control","Nil",0,0,0,0,0,0,0,"F",NA,NA,NA,NA,NA,NA,NA,NA,NA
"5179",2008,"3","3","wheat",1.49,1.22478,0.24,0.2016,20.6718336,4.0399524,6.3471726,19.9884096,3.8948004,5.1073326,0.683424,0.145152,1.23984,"Control","Nil",0,0,0,0,0,0,0,"F",NA,NA,NA,NA,NA,NA,NA,NA,NA
"5206",2008,"4","3","wheat",1.28,1.05984,NA,NA,NA,NA,NA,NA,NA,NA,NA,NA,NA,"Control","Nil",0,0,0,0,0,0,0,"F",NA,NA,NA,NA,NA,NA,NA,NA,NA
"5238",2008,"5","3","wheat",1.53,1.26684,NA,NA,NA,NA,NA,NA,NA,NA,NA,NA,NA,"Control","Nil",0,0,0,0,0,0,0,"F",NA,NA,NA,NA,NA,NA,NA,NA,NA
"5281",2008,"6","3","wheat",1.38,1.14264,NA,NA,NA,NA,NA,NA,NA,NA,NA,NA,NA,"Control","Nil",0,0,0,0,0,0,0,"F",NA,NA,NA,NA,NA,NA,NA,NA,NA
"5401",2008,"9","3","wheat",0.32,0.26272,NA,NA,NA,NA,NA,4.8261664,0.6279008,1.1796128,NA,NA,NA,"Control","Nil",0,0,0,0,0,0,0,"F",NA,NA,NA,NA,NA,NA,NA,NA,NA
"5460",2008,"0","5","wheat",0.85,0.70295,NA,NA,NA,NA,NA,11.6197635,2.3548825,3.641281,NA,NA,NA,"PKMg","(P)KMg",0,0,90,0,0,0,0,"F",NA,NA,NA,NA,NA,NA,NA,NA,NA
"5511",2008,"1","5","wheat",0.68,0.56032,0.07,0.05775,9.3574578,2.0117682,3.2553432,9.1276128,1.9667232,2.8072032,0.229845,0.045045,0.44814,"PKMg","(P)KMg",0,0,90,0,0,0,0,"F",NA,NA,NA,NA,NA,NA,NA,NA,NA
"5575",2008,"3","5","wheat",1.48,1.21656,0.38,0.31692,19.957926,4.6561548,7.1478588,18.8201832,4.2092976,5.0973864,1.1377428,0.4468572,2.0504724,"PKMg","(P)KMg",0,0,90,0,0,0,0,"F",NA,NA,NA,NA,NA,NA,NA,NA,NA
"5602",2008,"4","5","wheat",1.33,1.09592,NA,NA,NA,NA,NA,NA,NA,NA,NA,NA,NA,"PKMg","(P)KMg",0,0,90,0,0,0,0,"F",NA,NA,NA,NA,NA,NA,NA,NA,NA
"5634",2008,"5","5","wheat",1.27,1.04648,NA,NA,NA,NA,NA,NA,NA,NA,NA,NA,NA,"PKMg","(P)KMg",0,0,90,0,0,0,0,"F",NA,NA,NA,NA,NA,NA,NA,NA,NA
"5677",2008,"6","5","wheat",1.49,1.2367,NA,NA,NA,NA,NA,NA,NA,NA,NA,NA,NA,"PKMg","(P)KMg",0,0,90,0,0,0,0,"F",NA,NA,NA,NA,NA,NA,NA,NA,NA
"5797",2008,"9","5","wheat",0.76,0.60724,NA,NA,NA,NA,NA,9.503306,1.8945888,3.2001548,NA,NA,NA,"PKMg","(P)KMg",0,0,90,0,0,0,0,"F",NA,NA,NA,NA,NA,NA,NA,NA,NA
"5856",2008,"0","6","wheat",3.91,3.24921,NA,NA,NA,NA,NA,47.6984028,9.3902169,16.6359552,NA,NA,NA,"N1PKMg","N1 (P)KMg",48,0,90,0,0,0,0,"F",NA,NA,NA,NA,NA,NA,NA,NA,NA
"5907",2008,"1","6","wheat",3.75,3.0975,1.63,1.39528,50.3218488,10.036462,23.743375,45.843,9.47835,15.022875,4.4788488,0.558112,8.7205,"N1PKMg","N1 (P)KMg",48,0,90,0,0,0,0,"F",NA,NA,NA,NA,NA,NA,NA,NA,NA
"5971",2008,"3","6","wheat",4.56,3.77568,2.02,1.74124,54.3484284,12.3050664,26.8575268,49.3858944,11.3647968,16.9150464,4.962534,0.9402696,9.9424804,"N1PKMg","N1 (P)KMg",48,0,90,0,0,0,0,"F",NA,NA,NA,NA,NA,NA,NA,NA,NA
"5998",2008,"4","6","wheat",4.23,3.52359,NA,NA,NA,NA,NA,NA,NA,NA,NA,NA,NA,"N1PKMg","N1 (P)KMg",48,0,90,0,0,0,0,"F",NA,NA,NA,NA,NA,NA,NA,NA,NA
"6030",2008,"5","6","wheat",4.15,3.46525,NA,NA,NA,NA,NA,NA,NA,NA,NA,NA,NA,"N1PKMg","N1 (P)KMg",48,0,90,0,0,0,0,"F",NA,NA,NA,NA,NA,NA,NA,NA,NA
"6073",2008,"6","6","wheat",3.83,3.20188,NA,NA,NA,NA,NA,NA,NA,NA,NA,NA,NA,"N1PKMg","N1 (P)KMg",48,0,90,0,0,0,0,"F",NA,NA,NA,NA,NA,NA,NA,NA,NA
"6193",2008,"9","6","wheat",4.24,3.51496,NA,NA,NA,NA,NA,50.6505736,10.0527856,18.2074928,NA,NA,NA,"N1PKMg","N1 (P)KMg",48,0,90,0,0,0,0,"F",NA,NA,NA,NA,NA,NA,NA,NA,NA
"6252",2008,"0","7","wheat",5.58,4.6593,NA,NA,NA,NA,NA,75.01473,12.207366,22.504419,NA,NA,NA,"N2PKMg","N2 (P)KMg",96,0,90,0,0,0,0,"F",NA,NA,NA,NA,NA,NA,NA,NA,NA
"6303",2008,"1","7","wheat",5.89,4.88281,2.49,2.15385,86.8439923,15.6679565,36.9693046,79.7362873,14.8925705,22.7538946,7.107705,0.775386,14.21541,"N2PKMg","N2 (P)KMg",96,0,90,0,0,0,0,"F",0.807151401041667,NA,NA,NA,NA,NA,NA,NA,NA
"6367",2008,"3","7","wheat",7.28,6.02784,3.21,2.71887,93.7118994,20.1970692,45.6418326,84.6308736,18.5657472,27.9691776,9.0810258,1.631322,17.672655,"N2PKMg","N2 (P)KMg",96,0,90,0,0,0,0,"F",0.76827055625,NA,NA,NA,NA,NA,NA,NA,NA
"6394",2008,"4","7","wheat",6.03,5.04108,NA,NA,NA,NA,NA,NA,NA,NA,NA,NA,NA,"N2PKMg","N2 (P)KMg",96,0,90,0,0,0,0,"F",NA,NA,NA,NA,NA,NA,NA,NA,NA
"6426",2008,"5","7","wheat",5.5,4.598,NA,NA,NA,NA,NA,NA,NA,NA,NA,NA,NA,"N2PKMg","N2 (P)KMg",96,0,90,0,0,0,0,"F",NA,NA,NA,NA,NA,NA,NA,NA,NA
"6469",2008,"6","7","wheat",6.12,5.12856,NA,NA,NA,NA,NA,NA,NA,NA,NA,NA,NA,"N2PKMg","N2 (P)KMg",96,0,90,0,0,0,0,"F",NA,NA,NA,NA,NA,NA,NA,NA,NA
"6589",2008,"9","7","wheat",6.05,5.0578,NA,NA,NA,NA,NA,76.018734,12.998546,24.934954,NA,NA,NA,"N2PKMg","N2 (P)KMg",96,0,90,0,0,0,0,"F",NA,NA,NA,NA,NA,NA,NA,NA,NA
"3104",2008,"2","1","maize",13.6,3.876,NA,NA,47.01588,6.70548,66.58968,NA,NA,NA,NA,NA,NA,"FYM+NPK","(FYM) N4",192,0,0,0,0,0,0,"F",NA,NA,NA,NA,NA,NA,0,0,0
"2413",2008,"2","10","maize",2.31,0.45738,NA,NA,6.3895986,0.8873172,5.4336744,NA,NA,NA,NA,NA,NA,"N","N4",192,0,0,0,0,0,0,"F",NA,NA,NA,NA,NA,NA,NA,NA,NA
"4513",2008,"2","11","maize",5.64,1.31976,NA,NA,17.1040896,3.9988728,7.390656,NA,NA,NA,NA,NA,NA,"NP","N4 PMg",192,35,0,0,0,0,0,"F",NA,NA,NA,NA,NA,NA,NA,NA,NA
"8712",2008,"2","13","maize",8.87,2.14654,NA,NA,23.3328898,3.6061872,25.7370146,NA,NA,NA,NA,NA,NA,"NPK","N4 PK",192,35,90,0,0,0,0,"F",NA,NA,NA,NA,NA,NA,NA,NA,NA
"1082",2008,"2","14","maize",9.66,2.48262,NA,NA,22.9145826,4.6176732,26.2412934,NA,NA,NA,NA,NA,NA,"N4PKMg","N4 PK*(Mg*)",192,35,90,0,0,0,0,"F",NA,NA,NA,NA,NA,NA,NA,NA,NA
"15012",2008,"2","16","maize",9.57,2.34465,NA,NA,27.2213865,3.657654,26.3304195,NA,NA,NA,NA,NA,NA,"N5PKMg","N5 (P)KMg",240,0,90,0,0,0,0,"F",NA,0,0.210441816666667,NA,NA,NA,NA,NA,NA
"2551",2008,"2","22","maize",11.71,3.2788,NA,NA,33.083092,6.328084,60.690588,NA,NA,NA,NA,NA,NA,"FYM","FYM",0,0,0,35,190.4,35.2940090177325,339.07588163015,"F",NA,NA,NA,0.135238783613445,0.140196919117647,0.0839233319327731,NA,NA,NA
"27610",2008,"2","3","maize",3.03,0.68478,NA,NA,5.3892186,0.890214,7.8955134,NA,NA,NA,NA,NA,NA,"Control","Nil",0,0,0,0,0,0,0,"F",NA,NA,NA,NA,NA,NA,NA,NA,NA
"2972",2008,"2","5","maize",3.98,0.98306,NA,NA,7.3336276,1.8579834,17.1740582,NA,NA,NA,NA,NA,NA,"PKMg","(P)KMg",0,0,90,0,0,0,0,"F",NA,NA,NA,NA,NA,NA,NA,NA,NA
"3182",2008,"2","6","maize",6.1,1.5006,NA,NA,11.149458,2.490996,23.064222,NA,NA,NA,NA,NA,NA,"N1PKMg","N1 (P)KMg",48,0,90,0,0,0,0,"F",NA,NA,NA,NA,NA,NA,NA,NA,NA
"3392",2008,"2","7","maize",8.93,2.46468,NA,NA,19.9146144,4.1160156,30.9810276,NA,NA,NA,NA,NA,NA,"N2PKMg","N2 (P)KMg",96,0,90,0,0,0,0,"F",0.131051945833333,NA,NA,NA,NA,NA,NA,NA,NA
"1310",2009,"4","1","oats",4.24,3.5480744,1.98,1.4587848,51.279176632,13.221082624,31.997011376,46.47977464,11.35383808,13.66008644,4.799401992,1.867244544,18.336924936,"FYM+NPK","(FYM) N4",192,0,0,0,0,0,0,"F",NA,NA,NA,NA,NA,NA,0,0,0
"3610",2009,"4","10","oats",4.86,4.1625414,0.32,0.2500544,70.623346208,8.345970986,13.767471768,69.93069552,8.283457386,12.154620888,0.692650688,0.0625136,1.61285088,"N","N4",192,0,0,0,0,0,0,"F",NA,NA,NA,NA,NA,NA,NA,NA,NA
"59100",2009,"4","11","oats",6.24,5.3591616,0.71,0.5791825,72.64371998,15.708066374,20.614707295,71.27684928,15.487977024,18.48910752,1.3668707,0.22008935,2.125599775,"NP","N4 PMg",192,35,0,0,0,0,0,"F",NA,NA,NA,NA,NA,NA,NA,NA,NA
"105",2009,"4","13","oats",2.89,2.4595634,0.72,0.5864184,34.99752804,8.30472219,14.50522382,33.94197492,7.74762471,8.805236972,1.05555312,0.55709748,5.699986848,"NPK","N4 PK",192,35,90,0,0,0,0,"F",NA,NA,NA,NA,NA,NA,NA,NA,NA
"1281",2009,"4","14","oats",2.92,2.4827008,0.84,0.6778716,35.12047408,8.949840976,14.66082278,33.76473088,8.217739648,9.285300992,1.3557432,0.732101328,5.375521788,"N4PKMg","N4 PK*(Mg*)",192,35,90,0,0,0,0,"F",NA,NA,NA,NA,NA,NA,NA,NA,NA
"17410",2009,"4","16","oats",6.07,5.2090312,2.25,1.5710625,74.377714945,15.666814543,36.705580125,70.84282432,15.054100168,19.533867,3.534890625,0.612714375,17.171713125,"N5PKMg","N5 (P)KMg",240,0,90,0,0,0,0,"F",NA,0,0.178787475888889,NA,NA,NA,NA,NA,NA
"289",2009,"4","22","oats",5.96,4.9884604,3.25,2.0274475,71.139315255,17.669335514,51.023956302,65.84767728,15.763534864,19.355226352,5.291637975,1.90580065,31.66872995,"FYM","FYM",0,0,0,35,241.15,55.37633293794,227.811308164387,"F",NA,NA,NA,0.190924724922248,0.00213961868961227,-0.00623846039809248,NA,NA,NA
"312",2009,"4","3","oats",1.73,1.4400001,0.48,0.420768,21.31993007,5.054668158,8.906121018,20.59200143,4.579200318,5.443200378,0.72792864,0.47546784,3.46292064,"Control","Nil",0,0,0,0,0,0,0,"F",NA,NA,NA,NA,NA,NA,NA,NA,NA
"335",2009,"4","5","oats",1.94,1.6452752,0.52,0.47268,25.09781784,5.30833232,8.98504664,24.18554544,5.10035312,6.08751824,0.9122724,0.2079792,2.8975284,"PKMg","(P)KMg",0,0,90,0,0,0,0,"F",NA,NA,NA,NA,NA,NA,NA,NA,NA
"3581",2009,"4","6","oats",2.25,1.90359,0.46,0.4072564,29.129133032,6.719030072,10.099124724,28.363491,6.3199188,7.0813548,0.765642032,0.399111272,3.017769924,"N1PKMg","N1 (P)KMg",48,0,90,0,0,0,0,"F",NA,NA,NA,NA,NA,NA,NA,NA,NA
"3811",2009,"4","7","oats",2.83,2.3871899,0.77,0.6566945,32.45192882,7.932831933,14.453373763,31.0334687,7.328672993,8.641627438,1.41846012,0.60415894,5.811746325,"N2PKMg","N2 (P)KMg",96,0,90,0,0,0,0,"F",0.0766053227083334,NA,NA,NA,NA,NA,NA,NA,NA
"2211",2009,"2","1","wheat",10.07,8.77097,5.42,4.46608,211.2453381,29.8169347,79.0119039,191.9965333,27.6285555,38.5045583,19.2488048,2.1883792,40.5073456,"FYM+NPK","(FYM) N4",192,0,0,0,0,0,0,"F",NA,NA,NA,NA,NA,NA,0,0,0
"56101",2009,"3","1","wheat",8.63,7.49084,NA,NA,NA,NA,NA,NA,NA,NA,NA,NA,NA,"FYM+NPK","(FYM) N4",192,0,0,0,0,0,0,"F",NA,NA,NA,NA,NA,NA,0,0,0
"1151",2009,"5","1","wheat",7.19,6.24092,NA,NA,NA,NA,NA,NA,NA,NA,NA,NA,NA,"FYM+NPK","(FYM) N4",192,0,0,0,0,0,0,"F",NA,NA,NA,NA,NA,NA,0,0,0
"15810",2009,"6","1","wheat",8.12,6.99944,NA,NA,NA,NA,NA,NA,NA,NA,NA,NA,NA,"FYM+NPK","(FYM) N4",192,0,0,0,0,0,0,"F",NA,NA,NA,NA,NA,NA,0,0,0
"233",2009,"0","10","wheat",1.22,1.03822,NA,NA,NA,NA,NA,25.6544162,1.6819164,4.2774664,NA,NA,NA,"N","N4",192,0,0,0,0,0,0,"F",NA,NA,NA,NA,NA,NA,NA,NA,NA
"28410",2009,"1","10","wheat",1.06,0.90736,0.62,0.53072,23.5766368,1.505704,7.0736416,20.8965008,1.4154816,3.6929552,2.680136,0.0902224,3.3806864,"N","N4",192,0,0,0,0,0,0,"F",NA,NA,NA,NA,NA,NA,NA,NA,NA
"3141",2009,"2","10","wheat",6.36,5.5014,2.47,2.14643,121.0774523,12.1258037,29.6789934,113.32884,11.717982,21.565488,7.7486123,0.4078217,8.1135054,"N","N4",192,0,0,0,0,0,0,"F",NA,NA,NA,NA,NA,NA,NA,NA,NA
"3481",2009,"3","10","wheat",2.32,1.9836,NA,NA,NA,NA,NA,NA,NA,NA,NA,NA,NA,"N","N4",192,0,0,0,0,0,0,"F",NA,NA,NA,NA,NA,NA,NA,NA,NA
"4071",2009,"5","10","wheat",2.84,2.45376,NA,NA,NA,NA,NA,NA,NA,NA,NA,NA,NA,"N","N4",192,0,0,0,0,0,0,"F",NA,NA,NA,NA,NA,NA,NA,NA,NA
"4501",2009,"6","10","wheat",3.27,2.71737,NA,NA,NA,NA,NA,NA,NA,NA,NA,NA,NA,"N","N4",192,0,0,0,0,0,0,"F",NA,NA,NA,NA,NA,NA,NA,NA,NA
"521",2009,"8","10","wheat",2.55,2.0859,2.78,1.82368,65.2310466,4.4867142,22.7710566,48.872637,3.775479,7.780407,16.3584096,0.7112352,14.9906496,"N","N4",192,0,0,0,0,0,0,"F",NA,NA,NA,NA,NA,NA,NA,NA,NA
"570",2009,"9","10","wheat",1.81,1.47696,NA,NA,NA,NA,NA,34.3097808,2.289288,5.9669184,NA,NA,NA,"N","N4",192,0,0,0,0,0,0,"F",NA,NA,NA,NA,NA,NA,NA,NA,NA
"629",2009,"0","11","wheat",5.61,4.86387,NA,NA,NA,NA,NA,120.623976,11.8678428,19.6013961,NA,NA,NA,"NP","N4 PMg",192,35,0,0,0,0,0,"F",NA,NA,NA,NA,NA,NA,NA,NA,NA
"680",2009,"1","11","wheat",4.59,4.00248,1.88,1.62432,94.011408,9.8855856,18.0995472,85.0126752,9.3658032,15.2894736,8.9987328,0.5197824,2.8100736,"NP","N4 PMg",192,35,0,0,0,0,0,"F",NA,NA,NA,NA,NA,NA,NA,NA,NA
"710",2009,"2","11","wheat",5.37,4.62894,1.9,1.6511,97.4351262,13.2511568,20.7630346,89.0145162,12.5907168,17.3122356,8.42061,0.66044,3.450799,"NP","N4 PMg",192,35,0,0,0,0,0,"F",NA,NA,NA,NA,NA,NA,NA,NA,NA
"744",2009,"3","11","wheat",3.89,3.32595,NA,NA,NA,NA,NA,NA,NA,NA,NA,NA,NA,"NP","N4 PMg",192,35,0,0,0,0,0,"F",NA,NA,NA,NA,NA,NA,NA,NA,NA
"803",2009,"5","11","wheat",5.76,5.00544,NA,NA,NA,NA,NA,NA,NA,NA,NA,NA,NA,"NP","N4 PMg",192,35,0,0,0,0,0,"F",NA,NA,NA,NA,NA,NA,NA,NA,NA
"846",2009,"6","11","wheat",6.48,5.61168,NA,NA,NA,NA,NA,NA,NA,NA,NA,NA,NA,"NP","N4 PMg",192,35,0,0,0,0,0,"F",NA,NA,NA,NA,NA,NA,NA,NA,NA
"917",2009,"8","11","wheat",2.98,2.43168,5.15,3.76465,80.4422201,10.706651,33.1169095,46.3721376,6.565536,9.361968,34.0700825,4.141115,23.7549415,"NP","N4 PMg",192,35,0,0,0,0,0,"F",NA,NA,NA,NA,NA,NA,NA,NA,NA
"966",2009,"9","11","wheat",5.22,4.44744,NA,NA,NA,NA,NA,89.1266976,11.3854464,15.7439376,NA,NA,NA,"NP","N4 PMg",192,35,0,0,0,0,0,"F",NA,NA,NA,NA,NA,NA,NA,NA,NA
"1421",2009,"0","13","wheat",4.41,3.82788,NA,NA,NA,NA,NA,116.4058308,10.2204396,17.4551328,NA,NA,NA,"NPK","N4 PK",192,35,90,0,0,0,0,"F",NA,NA,NA,NA,NA,NA,NA,NA,NA
"1472",2009,"1","13","wheat",3.81,3.31851,1.66,1.42262,107.6550777,8.6140122,29.7286273,98.3938215,8.2299048,14.6346291,9.2612562,0.3841074,15.0939982,"NPK","N4 PK",192,35,90,0,0,0,0,"F",NA,NA,NA,NA,NA,NA,NA,NA,NA
"1502",2009,"2","13","wheat",8.42,7.33382,3.51,2.9835,183.2981852,20.7423658,66.3205374,169.4845802,19.7279758,31.6821024,13.813605,1.01439,34.638435,"NPK","N4 PK",192,35,90,0,0,0,0,"F",NA,NA,NA,NA,NA,NA,NA,NA,NA
"1536",2009,"3","13","wheat",7.27,6.29582,NA,NA,NA,NA,NA,NA,NA,NA,NA,NA,NA,"NPK","N4 PK",192,35,90,0,0,0,0,"F",NA,NA,NA,NA,NA,NA,NA,NA,NA
"1595",2009,"5","13","wheat",5.44,4.73824,NA,NA,NA,NA,NA,NA,NA,NA,NA,NA,NA,"NPK","N4 PK",192,35,90,0,0,0,0,"F",NA,NA,NA,NA,NA,NA,NA,NA,NA
"1638",2009,"6","13","wheat",6.54,5.66364,NA,NA,NA,NA,NA,NA,NA,NA,NA,NA,NA,"NPK","N4 PK",192,35,90,0,0,0,0,"F",NA,NA,NA,NA,NA,NA,NA,NA,NA
"1709",2009,"8","13","wheat",5.86,4.92826,5.55,3.8517,133.1893502,17.5675738,75.646661,101.3743082,13.9469758,21.684344,31.815042,3.620598,53.962317,"NPK","N4 PK",192,35,90,0,0,0,0,"F",NA,NA,NA,NA,NA,NA,NA,NA,NA
"1758",2009,"9","13","wheat",5.99,5.13942,NA,NA,NA,NA,NA,137.6850618,13.0027326,21.5341698,NA,NA,NA,"NPK","N4 PK",192,35,90,0,0,0,0,"F",NA,NA,NA,NA,NA,NA,NA,NA,NA
"1817",2009,"0","14","wheat",4.75,4.123,NA,NA,NA,NA,NA,113.34127,12.61638,18.34735,NA,NA,NA,"N4PKMg","N4 PK*(Mg*)",192,35,90,0,0,0,0,"F",NA,NA,NA,NA,NA,NA,NA,NA,NA
"1868",2009,"1","14","wheat",3.66,3.19152,1.76,1.46432,94.3711904,10.3254912,30.3758736,83.6816544,9.4468992,14.6490768,10.689536,0.878592,15.7267968,"N4PKMg","N4 PK*(Mg*)",192,35,90,0,0,0,0,"F",NA,NA,NA,NA,NA,NA,NA,NA,NA
"1898",2009,"2","14","wheat",7.86,6.83034,3.11,2.53465,179.749781,21.0929214,60.9423267,167.684847,19.8762894,29.2338552,12.064934,1.216632,31.7084715,"N4PKMg","N4 PK*(Mg*)",192,35,90,0,0,0,0,"F",NA,NA,NA,NA,NA,NA,NA,NA,NA
"1932",2009,"3","14","wheat",6.63,5.76147,NA,NA,NA,NA,NA,NA,NA,NA,NA,NA,NA,"N4PKMg","N4 PK*(Mg*)",192,35,90,0,0,0,0,"F",NA,NA,NA,NA,NA,NA,NA,NA,NA
"1991",2009,"5","14","wheat",4.92,4.30008,NA,NA,NA,NA,NA,NA,NA,NA,NA,NA,NA,"N4PKMg","N4 PK*(Mg*)",192,35,90,0,0,0,0,"F",NA,NA,NA,NA,NA,NA,NA,NA,NA
"2034",2009,"6","14","wheat",6.16,5.29144,NA,NA,NA,NA,NA,NA,NA,NA,NA,NA,NA,"N4PKMg","N4 PK*(Mg*)",192,35,90,0,0,0,0,"F",NA,NA,NA,NA,NA,NA,NA,NA,NA
"2105",2009,"8","14","wheat",6.12,5.12244,5.6,3.3936,134.065644,19.951884,80.7863556,106.034508,15.879564,21.9752676,28.031136,4.07232,58.811088,"N4PKMg","N4 PK*(Mg*)",192,35,90,0,0,0,0,"F",NA,NA,NA,NA,NA,NA,NA,NA,NA
"2154",2009,"9","14","wheat",5.58,4.7988,NA,NA,NA,NA,NA,121.457628,14.108472,20.298924,NA,NA,NA,"N4PKMg","N4 PK*(Mg*)",192,35,90,0,0,0,0,"F",NA,NA,NA,NA,NA,NA,NA,NA,NA
"2609",2009,"0","16","wheat",5.17,4.4979,NA,NA,NA,NA,NA,131.023827,10.255212,17.9916,NA,NA,NA,"N5PKMg","N5 (P)KMg",240,0,90,0,0,0,0,"F",NA,0,NA,NA,NA,NA,NA,NA,NA
"2660",2009,"1","16","wheat",4.53,3.96375,2.65,2.28165,124.0586865,8.2817385,37.16328,110.2318875,7.848225,16.1721,13.826799,0.4335135,20.99118,"N5PKMg","N5 (P)KMg",240,0,90,0,0,0,0,"F",NA,0,0.211819253333333,NA,NA,NA,NA,NA,NA
"2690",2009,"2","16","wheat",9.25,8.07525,4.5,3.8205,234.16461,23.53977,86.7492225,212.54058,22.126185,33.8352975,21.62403,1.413585,52.913925,"N5PKMg","N5 (P)KMg",240,0,90,0,0,0,0,"F",NA,0,0.733179865555556,NA,NA,NA,NA,NA,NA
"2724",2009,"3","16","wheat",8.78,7.66494,NA,NA,NA,NA,NA,NA,NA,NA,NA,NA,NA,"N5PKMg","N5 (P)KMg",240,0,90,0,0,0,0,"F",NA,0,NA,NA,NA,NA,NA,NA,NA
"2783",2009,"5","16","wheat",5.63,4.92625,NA,NA,NA,NA,NA,NA,NA,NA,NA,NA,NA,"N5PKMg","N5 (P)KMg",240,0,90,0,0,0,0,"F",NA,0,NA,NA,NA,NA,NA,NA,NA
"2826",2009,"6","16","wheat",8.28,7.17876,NA,NA,NA,NA,NA,NA,NA,NA,NA,NA,NA,"N5PKMg","N5 (P)KMg",240,0,90,0,0,0,0,"F",NA,0,NA,NA,NA,NA,NA,NA,NA
"2897",2009,"8","16","wheat",5.7,4.7994,6.73,4.52929,171.564884,17.6904504,99.2862516,119.02512,13.342332,19.389576,52.539764,4.3481184,79.8966756,"N5PKMg","N5 (P)KMg",240,0,90,0,0,0,0,"F",NA,0,0.735214912222222,NA,NA,NA,NA,NA,NA
"2946",2009,"9","16","wheat",6.33,5.45013,NA,NA,NA,NA,NA,149.1155568,11.1727665,20.8194966,NA,NA,NA,"N5PKMg","N5 (P)KMg",240,0,90,0,0,0,0,"F",NA,0,NA,NA,NA,NA,NA,NA,NA
"4193",2009,"0","20","wheat",1.37,1.17546,NA,NA,NA,NA,NA,28.446132,1.76319,4.6900854,NA,NA,NA,"NKMg","N4 KMg",96,0,90,0,0,0,0,"F",NA,NA,NA,NA,NA,NA,NA,NA,NA
"4244",2009,"1","20","wheat",0.68,0.58548,0.36,0.3078,14.9764056,0.8960196,4.6563408,13.1850096,0.8313816,2.4063228,1.791396,0.064638,2.250018,"NKMg","N4 KMg",96,0,90,0,0,0,0,"F",NA,NA,NA,NA,NA,NA,NA,NA,NA
"4679",2009,"0","22","wheat",4.56,3.8988,NA,NA,NA,NA,NA,64.876032,12.944016,18.597276,NA,NA,NA,"FYM","FYM",0,0,0,35,241.15,55.37633293794,227.811308164387,"F",NA,NA,NA,NA,NA,NA,NA,NA,NA
"4730",2009,"1","22","wheat",5.56,4.78716,4.4,3.6432,89.7118272,17.9877744,57.2524272,78.1264512,15.5103984,23.5528272,11.585376,2.477376,33.6996,"FYM","FYM",0,0,0,35,241.15,55.37633293794,227.811308164387,"F",NA,NA,NA,0.265484639436036,0.309912592162554,-0.0178294870412607,NA,NA,NA
"4760",2009,"2","22","wheat",6.08,5.21664,4.77,3.71583,90.4726059,21.065091,54.5099265,80.1797568,17.4235776,23.6313792,10.2928491,3.6415134,30.8785473,"FYM","FYM",0,0,0,35,241.15,55.37633293794,227.811308164387,"F",NA,NA,NA,0.270273323242795,-0.12691207298362,-0.0288721555048726,NA,NA,NA
"4794",2009,"3","22","wheat",4.33,3.72813,NA,NA,NA,NA,NA,NA,NA,NA,NA,NA,NA,"FYM","FYM",0,0,0,35,241.15,55.37633293794,227.811308164387,"F",NA,NA,NA,NA,NA,NA,NA,NA,NA
"4853",2009,"5","22","wheat",5.93,5.11166,NA,NA,NA,NA,NA,NA,NA,NA,NA,NA,NA,"FYM","FYM",0,0,0,35,241.15,55.37633293794,227.811308164387,"F",NA,NA,NA,NA,NA,NA,NA,NA,NA
"4896",2009,"6","22","wheat",6.12,5.24484,NA,NA,NA,NA,NA,NA,NA,NA,NA,NA,NA,"FYM","FYM",0,0,0,35,241.15,55.37633293794,227.811308164387,"F",NA,NA,NA,NA,NA,NA,NA,NA,NA
"4967",2009,"8","22","wheat",3.82,3.02544,6.49,3.98486,91.9203978,15.204827,101.661406,65.500776,10.8613296,14.5523664,26.4196218,4.3434974,87.1090396,"FYM","FYM",0,0,0,35,241.15,55.37633293794,227.811308164387,"F",NA,NA,NA,0.0916412009122953,0.110675310802405,0.047597668256272,NA,NA,NA
"5016",2009,"9","22","wheat",5.86,4.96928,NA,NA,NA,NA,NA,81.1483424,15.7029248,23.6537728,NA,NA,NA,"FYM","FYM",0,0,0,35,241.15,55.37633293794,227.811308164387,"F",NA,NA,NA,NA,NA,NA,NA,NA,NA
"5065",2009,"0","3","wheat",1.2,1.0128,NA,NA,NA,NA,NA,18.351936,2.238288,4.476576,NA,NA,NA,"Control","Nil",0,0,0,0,0,0,0,"F",NA,NA,NA,NA,NA,NA,NA,NA,NA
"5116",2009,"1","3","wheat",2.05,1.7466,0.84,0.71568,33.3132,4.2794256,12.8033448,30.879888,4.121976,7.929564,2.433312,0.1574496,4.8737808,"Control","Nil",0,0,0,0,0,0,0,"F",NA,NA,NA,NA,NA,NA,NA,NA,NA
"5146",2009,"2","3","wheat",1.74,1.4703,0.58,0.50112,25.5829068,5.293689,9.546249,24.25995,5.043129,6.689865,1.3229568,0.25056,2.856384,"Control","Nil",0,0,0,0,0,0,0,"F",NA,NA,NA,NA,NA,NA,NA,NA,NA
"5180",2009,"3","3","wheat",1.39,1.1815,NA,NA,NA,NA,NA,NA,NA,NA,NA,NA,NA,"Control","Nil",0,0,0,0,0,0,0,"F",NA,NA,NA,NA,NA,NA,NA,NA,NA
"5239",2009,"5","3","wheat",1.43,1.21121,NA,NA,NA,NA,NA,NA,NA,NA,NA,NA,NA,"Control","Nil",0,0,0,0,0,0,0,"F",NA,NA,NA,NA,NA,NA,NA,NA,NA
"5282",2009,"6","3","wheat",1.68,1.40952,NA,NA,NA,NA,NA,NA,NA,NA,NA,NA,NA,"Control","Nil",0,0,0,0,0,0,0,"F",NA,NA,NA,NA,NA,NA,NA,NA,NA
"5353",2009,"8","3","wheat",2.33,1.88264,2.08,1.5184,34.7396248,4.6556504,18.5626136,27.6183288,3.9723704,7.8882616,7.121296,0.68328,10.674352,"Control","Nil",0,0,0,0,0,0,0,"F",NA,NA,NA,NA,NA,NA,NA,NA,NA
"5402",2009,"9","3","wheat",0.92,0.7544,NA,NA,NA,NA,NA,13.835696,1.720032,3.266552,NA,NA,NA,"Control","Nil",0,0,0,0,0,0,0,"F",NA,NA,NA,NA,NA,NA,NA,NA,NA
"5461",2009,"0","5","wheat",1.46,1.23516,NA,NA,NA,NA,NA,20.8371492,4.076028,6.2005032,NA,NA,NA,"PKMg","(P)KMg",0,0,90,0,0,0,0,"F",NA,NA,NA,NA,NA,NA,NA,NA,NA
"5512",2009,"1","5","wheat",1.71,1.46034,0.86,0.72584,25.6902064,4.9486474,12.2220292,23.7159216,4.6292778,7.155666,1.9742848,0.3193696,5.0663632,"PKMg","(P)KMg",0,0,90,0,0,0,0,"F",NA,NA,NA,NA,NA,NA,NA,NA,NA
"5542",2009,"2","5","wheat",1.83,1.54635,0.71,0.61415,25.296194,6.122556,11.3485425,23.7055455,5.5513965,7.2214545,1.5906485,0.5711595,4.127088,"PKMg","(P)KMg",0,0,90,0,0,0,0,"F",NA,NA,NA,NA,NA,NA,NA,NA,NA
"5576",2009,"3","5","wheat",1.67,1.42117,NA,NA,NA,NA,NA,NA,NA,NA,NA,NA,NA,"PKMg","(P)KMg",0,0,90,0,0,0,0,"F",NA,NA,NA,NA,NA,NA,NA,NA,NA
"5635",2009,"5","5","wheat",1.42,1.20842,NA,NA,NA,NA,NA,NA,NA,NA,NA,NA,NA,"PKMg","(P)KMg",0,0,90,0,0,0,0,"F",NA,NA,NA,NA,NA,NA,NA,NA,NA
"5678",2009,"6","5","wheat",2.03,1.67272,NA,NA,NA,NA,NA,NA,NA,NA,NA,NA,NA,"PKMg","(P)KMg",0,0,90,0,0,0,0,"F",NA,NA,NA,NA,NA,NA,NA,NA,NA
"5749",2009,"8","5","wheat",4.79,3.7841,4.58,3.01364,69.8211222,13.9433484,49.8497176,50.744781,11.200936,17.633906,19.0763412,2.7424124,32.2158116,"PKMg","(P)KMg",0,0,90,0,0,0,0,"F",NA,NA,NA,NA,NA,NA,NA,NA,NA
"5798",2009,"9","5","wheat",1.5,1.239,NA,NA,NA,NA,NA,20.17092,4.07631,6.18261,NA,NA,NA,"PKMg","(P)KMg",0,0,90,0,0,0,0,"F",NA,NA,NA,NA,NA,NA,NA,NA,NA
"5857",2009,"0","6","wheat",2.64,2.25192,NA,NA,NA,NA,NA,47.6956656,6.8908752,11.4172344,NA,NA,NA,"N1PKMg","N1 (P)KMg",48,0,90,0,0,0,0,"F",NA,NA,NA,NA,NA,NA,NA,NA,NA
"5908",2009,"1","6","wheat",2.67,2.29086,1.17,0.98631,50.2145631,7.0870176,21.6104265,46.160829,6.7122198,11.3626656,4.0537341,0.3747978,10.2477609,"N1PKMg","N1 (P)KMg",48,0,90,0,0,0,0,"F",NA,NA,NA,NA,NA,NA,NA,NA,NA
"5938",2009,"2","6","wheat",4.28,3.64656,2.03,1.70114,57.9763618,12.1939026,29.2318474,53.604432,11.6325264,18.1234032,4.3719298,0.5613762,11.1084442,"N1PKMg","N1 (P)KMg",48,0,90,0,0,0,0,"F",NA,NA,NA,NA,NA,NA,NA,NA,NA
"5972",2009,"3","6","wheat",3.72,3.19176,NA,NA,NA,NA,NA,NA,NA,NA,NA,NA,NA,"N1PKMg","N1 (P)KMg",48,0,90,0,0,0,0,"F",NA,NA,NA,NA,NA,NA,NA,NA,NA
"6031",2009,"5","6","wheat",3.07,2.63099,NA,NA,NA,NA,NA,NA,NA,NA,NA,NA,NA,"N1PKMg","N1 (P)KMg",48,0,90,0,0,0,0,"F",NA,NA,NA,NA,NA,NA,NA,NA,NA
"6074",2009,"6","6","wheat",3.39,2.90862,NA,NA,NA,NA,NA,NA,NA,NA,NA,NA,NA,"N1PKMg","N1 (P)KMg",48,0,90,0,0,0,0,"F",NA,NA,NA,NA,NA,NA,NA,NA,NA
"6145",2009,"8","6","wheat",3.3,2.7291,3.53,2.73222,49.275075,10.1274882,34.6306032,36.29703,7.91439,12.199077,12.978045,2.2130982,22.4315262,"N1PKMg","N1 (P)KMg",48,0,90,0,0,0,0,"F",NA,NA,NA,NA,NA,NA,NA,NA,NA
"6194",2009,"9","6","wheat",3.18,2.6712,NA,NA,NA,NA,NA,49.4172,7.586208,12.982032,NA,NA,NA,"N1PKMg","N1 (P)KMg",48,0,90,0,0,0,0,"F",NA,NA,NA,NA,NA,NA,NA,NA,NA
"6253",2009,"0","7","wheat",3.69,3.18816,NA,NA,NA,NA,NA,77.5998144,8.8949664,15.3988128,NA,NA,NA,"N2PKMg","N2 (P)KMg",96,0,90,0,0,0,0,"F",NA,NA,NA,NA,NA,NA,NA,NA,NA
"6304",2009,"1","7","wheat",3.83,3.31678,1.81,1.5385,86.0076756,9.9475408,32.6857998,79.6690556,9.4859908,16.2853898,6.33862,0.46155,16.40041,"N2PKMg","N2 (P)KMg",96,0,90,0,0,0,0,"F",0.628306970833333,NA,NA,NA,NA,NA,NA,NA,NA
"6334",2009,"2","7","wheat",6.56,5.6416,2.83,2.35173,99.9534516,17.9500522,46.6411915,93.0864,17.150464,27.474592,6.8670516,0.7995882,19.1665995,"N2PKMg","N2 (P)KMg",96,0,90,0,0,0,0,"F",0.777679766666667,NA,NA,NA,NA,NA,NA,NA,NA
"6368",2009,"3","7","wheat",5.35,4.60635,NA,NA,NA,NA,NA,NA,NA,NA,NA,NA,NA,"N2PKMg","N2 (P)KMg",96,0,90,0,0,0,0,"F",NA,NA,NA,NA,NA,NA,NA,NA,NA
"6427",2009,"5","7","wheat",4.06,3.5119,NA,NA,NA,NA,NA,NA,NA,NA,NA,NA,NA,"N2PKMg","N2 (P)KMg",96,0,90,0,0,0,0,"F",NA,NA,NA,NA,NA,NA,NA,NA,NA
"6470",2009,"6","7","wheat",4.83,4.17795,NA,NA,NA,NA,NA,NA,NA,NA,NA,NA,NA,"N2PKMg","N2 (P)KMg",96,0,90,0,0,0,0,"F",NA,NA,NA,NA,NA,NA,NA,NA,NA
"6541",2009,"8","7","wheat",4.34,3.59786,4.66,3.64878,69.293969,11.8695482,47.3859114,51.3054836,9.534329,16.2983058,17.9884854,2.3352192,31.0876056,"N2PKMg","N2 (P)KMg",96,0,90,0,0,0,0,"F",-0.00549117916666667,NA,NA,NA,NA,NA,NA,NA,NA
"6590",2009,"9","7","wheat",4,3.408,NA,NA,NA,NA,NA,76.81632,8.14512,15.09744,NA,NA,NA,"N2PKMg","N2 (P)KMg",96,0,90,0,0,0,0,"F",NA,NA,NA,NA,NA,NA,NA,NA,NA
"20103",2009,"7","1","maize",11.81,2.64544,NA,NA,39.1789664,6.5077824,39.7080544,NA,NA,NA,NA,NA,NA,"FYM+NPK","(FYM) N4",192,0,0,0,0,0,0,"F",NA,NA,NA,NA,NA,NA,0,0,0
"4113",2009,"7","10","maize",0.94,0.16262,NA,NA,3.2149974,0.2878374,2.5628912,NA,NA,NA,NA,NA,NA,"N","N4",192,0,0,0,0,0,0,"F",NA,NA,NA,NA,NA,NA,NA,NA,NA
"6213",2009,"7","11","maize",5.19,1.02243,NA,NA,15.1421883,3.1388601,5.8176267,NA,NA,NA,NA,NA,NA,"NP","N4 PMg",192,35,0,0,0,0,0,"F",NA,NA,NA,NA,NA,NA,NA,NA,NA
"1042",2009,"7","13","maize",8.89,1.88468,NA,NA,28.1194256,4.900168,30.249114,NA,NA,NA,NA,NA,NA,"NPK","N4 PK",192,35,90,0,0,0,0,"F",NA,NA,NA,NA,NA,NA,NA,NA,NA
"1253",2009,"7","14","maize",8.76,1.9272,NA,NA,30.488304,4.798728,30.603936,NA,NA,NA,NA,NA,NA,"N4PKMg","N4 PK*(Mg*)",192,35,90,0,0,0,0,"F",NA,NA,NA,NA,NA,NA,NA,NA,NA
"16713",2009,"7","16","maize",7.4,1.4134,NA,NA,22.218648,2.883336,22.713338,NA,NA,NA,NA,NA,NA,"N5PKMg","N5 (P)KMg",240,0,90,0,0,0,0,"F",NA,0,0.187730125555556,NA,NA,NA,NA,NA,NA
"27210",2009,"7","22","maize",12.37,2.75851,NA,NA,35.5020237,6.620424,54.0116258,NA,NA,NA,NA,NA,NA,"FYM","FYM",0,0,0,35,241.15,55.37633293794,227.811308164387,"F",NA,NA,NA,0.107126733153639,0.133887730872901,0.0844280962056811,NA,NA,NA
"29311",2009,"7","3","maize",0.58,0.11484,NA,NA,1.7582004,0.183744,1.7834652,NA,NA,NA,NA,NA,NA,"Control","Nil",0,0,0,0,0,0,0,"F",NA,NA,NA,NA,NA,NA,NA,NA,NA
"3142",2009,"7","5","maize",5.2,1.1388,NA,NA,9.668412,2.425644,20.338968,NA,NA,NA,NA,NA,NA,"PKMg","(P)KMg",0,0,90,0,0,0,0,"F",NA,NA,NA,NA,NA,NA,NA,NA,NA
"3352",2009,"7","6","maize",7.12,1.57352,NA,NA,15.2316736,3.3673328,26.277784,NA,NA,NA,NA,NA,NA,"N1PKMg","N1 (P)KMg",48,0,90,0,0,0,0,"F",NA,NA,NA,NA,NA,NA,NA,NA,NA
"3563",2009,"7","7","maize",8.51,1.79561,NA,NA,22.983808,3.1423175,27.9217355,NA,NA,NA,NA,NA,NA,"N2PKMg","N2 (P)KMg",96,0,90,0,0,0,0,"F",0.138702041666667,NA,NA,NA,NA,NA,NA,NA,NA
"18100",2010,"5","1","oats",6.22,5.3906874,3.29,2.2402597,66.047775157,16.996055846,72.60571045,61.9929051,16.010341578,25.33623078,4.054870057,0.985714268,47.26947967,"FYM+NPK","(FYM) N4",192,0,0,0,0,0,0,"F",NA,NA,NA,NA,NA,NA,0,0,0
"4110",2010,"5","10","oats",5.79,5.0322048,2.69,2.1969499,83.205945663,11.082874308,50.748660108,77.9991744,10.81924032,20.430751488,5.206771263,0.263633988,30.31790862,"N","N4",192,0,0,0,0,0,0,"F",NA,NA,NA,NA,NA,NA,NA,NA,NA
"64100",2010,"5","11","oats",6.1,5.303523,2.63,2.1119689,68.631242754,17.201230104,44.033268435,64.7029806,16.4409213,23.44157166,3.928262154,0.760308804,20.591696775,"NP","N4 PMg",192,35,0,0,0,0,0,"F",NA,NA,NA,NA,NA,NA,NA,NA,NA
"110",2010,"5","13","oats",4.2,3.650556,1.85,1.223923,45.08591582,12.58578518,40.47058866,42.7115052,11.97382368,17.63218548,2.37441062,0.6119615,22.83840318,"NPK","N4 PK",192,35,90,0,0,0,0,"F",NA,NA,NA,NA,NA,NA,NA,NA,NA
"1331",2010,"5","14","oats",4.47,3.8779485,2.04,1.3275504,48.335240076,12.451691613,40.378610685,45.7597923,11.827742925,17.411988765,2.575447776,0.623948688,22.96662192,"N4PKMg","N4 PK*(Mg*)",192,35,90,0,0,0,0,"F",NA,NA,NA,NA,NA,NA,NA,NA,NA
"179",2010,"5","16","oats",7.34,6.3864606,4.03,3.1681845,81.791649615,19.920246996,110.272489197,75.36023508,19.223246406,30.782740092,6.431414535,0.69700059,79.489749105,"N5PKMg","N5 (P)KMg",240,0,90,0,0,0,0,"F",NA,0,0.7359913418,NA,NA,NA,NA,NA,NA
"294",2010,"5","22","oats",6.88,5.9529888,3.84,2.5740672,76.378074624,20.08397616,103.975228032,71.4358656,18.513795168,28.812465792,4.942209024,1.570180992,75.16276224,"FYM","FYM",0,0,0,35,260.75,45.4122975098625,260.897734776262,"F",NA,NA,NA,0.213385900993289,-0.0261855073403644,0.0297098058293384,NA,NA,NA
"317",2010,"5","3","oats",2.17,1.8745762,0.73,0.5214317,23.600607396,5.520949149,16.339377271,22.30745678,5.286304884,8.491830186,1.293150616,0.234644265,7.847547085,"Control","Nil",0,0,0,0,0,0,0,"F",NA,NA,NA,NA,NA,NA,NA,NA,NA
"340",2010,"5","5","oats",1.76,1.5282608,0.35,0.269731,20.73770094,4.982168884,11.814094138,20.02021648,4.707043264,7.274521408,0.71748446,0.27512562,4.53957273,"PKMg","(P)KMg",0,0,90,0,0,0,0,"F",NA,NA,NA,NA,NA,NA,NA,NA,NA
"3631",2010,"5","6","oats",2.11,1.8304883,0.7,0.493773,25.7926021,6.093021542,17.376195183,24.52854322,5.564684432,8.621599893,1.26405888,0.52833711,8.75459529,"N1PKMg","N1 (P)KMg",48,0,90,0,0,0,0,"F",NA,NA,NA,NA,NA,NA,NA,NA,NA
"3861",2010,"5","7","oats",2.62,2.2701776,0.96,0.6668064,29.917542784,7.66704616,20.41396664,28.37722,7.060252336,10.238500976,1.540322784,0.606793824,10.175465664,"N2PKMg","N2 (P)KMg",96,0,90,0,0,0,0,"F",0.0956233525416666,NA,NA,NA,NA,NA,NA,NA,NA
"2311",2010,"2","1","wheat",7.25,6.21325,NA,NA,NA,NA,NA,NA,NA,NA,NA,NA,NA,"FYM+NPK","(FYM) N4",192,0,0,0,0,0,0,"F",NA,NA,NA,NA,NA,NA,0,0,0
"57101",2010,"3","1","wheat",7.26,6.2073,NA,NA,NA,NA,NA,NA,NA,NA,NA,NA,NA,"FYM+NPK","(FYM) N4",192,0,0,0,0,0,0,"F",NA,NA,NA,NA,NA,NA,0,0,0
"15910",2010,"6","1","wheat",5.97,5.18196,NA,NA,NA,NA,NA,NA,NA,NA,NA,NA,NA,"FYM+NPK","(FYM) N4",192,0,0,0,0,0,0,"F",NA,NA,NA,NA,NA,NA,0,0,0
"188",2010,"7","1","wheat",8.86,7.64618,4.83,4.45809,205.5131509,28.5510851,61.8458152,185.4963268,26.4557828,37.7721292,20.0168241,2.0953023,24.073686,"FYM+NPK","(FYM) N4",192,0,0,0,0,0,0,"F",NA,NA,NA,NA,NA,NA,0,0,0
"234",2010,"0","10","wheat",1.87,1.6082,NA,NA,NA,NA,NA,38.902358,3.103826,6.095078,NA,NA,NA,"N","N4",192,0,0,0,0,0,0,"F",NA,NA,NA,NA,NA,NA,NA,NA,NA
"28510",2010,"1","10","wheat",1.67,1.44288,0.89,0.80901,38.8531557,2.8177857,7.7094729,35.2207008,2.7126144,5.4685152,3.6324549,0.1051713,2.2409577,"N","N4",192,0,0,0,0,0,0,"F",NA,NA,NA,NA,NA,NA,NA,NA,NA
"3151",2010,"2","10","wheat",4.25,3.61675,NA,NA,NA,NA,NA,NA,NA,NA,NA,NA,NA,"N","N4",192,0,0,0,0,0,0,"F",NA,NA,NA,NA,NA,NA,NA,NA,NA
"3492",2010,"3","10","wheat",3.68,3.13536,NA,NA,NA,NA,NA,NA,NA,NA,NA,NA,NA,"N","N4",192,0,0,0,0,0,0,"F",NA,NA,NA,NA,NA,NA,NA,NA,NA
"4512",2010,"6","10","wheat",2.94,2.55486,NA,NA,NA,NA,NA,NA,NA,NA,NA,NA,NA,"N","N4",192,0,0,0,0,0,0,"F",NA,NA,NA,NA,NA,NA,NA,NA,NA
"48010",2010,"7","10","wheat",5.29,4.59172,2.45,2.27115,103.3111422,9.3868551,21.4768729,94.6353492,9.0916056,18.2291284,8.675793,0.2952495,3.2477445,"N","N4",192,0,0,0,0,0,0,"F",NA,NA,NA,NA,NA,NA,NA,NA,NA
"522",2010,"8","10","wheat",1.27,1.07061,1.12,0.9352,30.8027404,2.1903081,6.2671387,24.4527324,1.9378041,3.9291387,6.350008,0.252504,2.338,"N","N4",192,0,0,0,0,0,0,"F",NA,NA,NA,NA,NA,NA,NA,NA,NA
"571",2010,"9","10","wheat",1.4,1.211,NA,NA,NA,NA,NA,29.97225,2.16769,4.50492,NA,NA,NA,"N","N4",192,0,0,0,0,0,0,"F",NA,NA,NA,NA,NA,NA,NA,NA,NA
"630",2010,"0","11","wheat",5.32,4.58052,NA,NA,NA,NA,NA,107.64222,13.3751184,19.46721,NA,NA,NA,"NP","N4 PMg",192,35,0,0,0,0,0,"F",NA,NA,NA,NA,NA,NA,NA,NA,NA
"681",2010,"1","11","wheat",4.98,4.31268,1.94,1.79256,102.5076768,12.3758112,19.2724116,93.2401416,11.7304896,17.1213396,9.2675352,0.6453216,2.151072,"NP","N4 PMg",192,35,0,0,0,0,0,"F",NA,NA,NA,NA,NA,NA,NA,NA,NA
"711",2010,"2","11","wheat",5.76,4.91904,NA,NA,NA,NA,NA,NA,NA,NA,NA,NA,NA,"NP","N4 PMg",192,35,0,0,0,0,0,"F",NA,NA,NA,NA,NA,NA,NA,NA,NA
"745",2010,"3","11","wheat",4.91,4.19314,NA,NA,NA,NA,NA,NA,NA,NA,NA,NA,NA,"NP","N4 PMg",192,35,0,0,0,0,0,"F",NA,NA,NA,NA,NA,NA,NA,NA,NA
"847",2010,"6","11","wheat",6.08,5.29568,NA,NA,NA,NA,NA,NA,NA,NA,NA,NA,NA,"NP","N4 PMg",192,35,0,0,0,0,0,"F",NA,NA,NA,NA,NA,NA,NA,NA,NA
"876",2010,"7","11","wheat",6.87,5.98377,2.78,2.5715,136.3669853,18.3127957,26.96945,125.0009553,17.4127707,23.93508,11.36603,0.900025,3.03437,"NP","N4 PMg",192,35,0,0,0,0,0,"F",NA,NA,NA,NA,NA,NA,NA,NA,NA
"918",2010,"8","11","wheat",5.01,4.31862,2.73,2.25225,102.0858867,14.8270863,23.6318352,87.0633792,12.9126738,18.1813902,15.0225075,1.9144125,5.450445,"NP","N4 PMg",192,35,0,0,0,0,0,"F",NA,NA,NA,NA,NA,NA,NA,NA,NA
"967",2010,"9","11","wheat",5.39,4.69469,NA,NA,NA,NA,NA,103.8465428,13.9432293,18.5440255,NA,NA,NA,"NP","N4 PMg",192,35,0,0,0,0,0,"F",NA,NA,NA,NA,NA,NA,NA,NA,NA
"1422",2010,"0","13","wheat",6.42,5.50194,NA,NA,NA,NA,NA,138.1537134,15.955626,24.5936718,NA,NA,NA,"NPK","N4 PK",192,35,90,0,0,0,0,"F",NA,NA,NA,NA,NA,NA,NA,NA,NA
"1473",2010,"1","13","wheat",6.23,5.38272,2.75,2.53825,147.4557082,14.233586,33.2304427,136.2366432,13.725936,22.3921152,11.219065,0.50765,10.8383275,"NPK","N4 PK",192,35,90,0,0,0,0,"F",NA,NA,NA,NA,NA,NA,NA,NA,NA
"1503",2010,"2","13","wheat",7.39,6.32584,NA,NA,NA,NA,NA,NA,NA,NA,NA,NA,NA,"NPK","N4 PK",192,35,90,0,0,0,0,"F",NA,NA,NA,NA,NA,NA,NA,NA,NA
"1537",2010,"3","13","wheat",6.67,5.70952,NA,NA,NA,NA,NA,NA,NA,NA,NA,NA,NA,"NPK","N4 PK",192,35,90,0,0,0,0,"F",NA,NA,NA,NA,NA,NA,NA,NA,NA
"1639",2010,"6","13","wheat",6.31,5.50863,NA,NA,NA,NA,NA,NA,NA,NA,NA,NA,NA,"NPK","N4 PK",192,35,90,0,0,0,0,"F",NA,NA,NA,NA,NA,NA,NA,NA,NA
"1668",2010,"7","13","wheat",7.66,6.67952,3.66,3.35988,162.2584208,21.413294,45.271658,148.953296,20.5061264,31.1265632,13.3051248,0.9071676,14.1450948,"NPK","N4 PK",192,35,90,0,0,0,0,"F",NA,NA,NA,NA,NA,NA,NA,NA,NA
"1710",2010,"8","13","wheat",3.45,2.9877,3.27,2.89395,85.957419,11.939304,23.0181225,67.551897,9.739902,14.191575,18.405522,2.199402,8.8265475,"NPK","N4 PK",192,35,90,0,0,0,0,"F",NA,NA,NA,NA,NA,NA,NA,NA,NA
"1759",2010,"9","13","wheat",5.47,4.78078,NA,NA,NA,NA,NA,122.387968,15.7287662,23.1389752,NA,NA,NA,"NPK","N4 PK",192,35,90,0,0,0,0,"F",NA,NA,NA,NA,NA,NA,NA,NA,NA
"1818",2010,"0","14","wheat",6.35,5.46735,NA,NA,NA,NA,NA,126.84252,17.2221525,24.712422,NA,NA,NA,"N4PKMg","N4 PK*(Mg*)",192,35,90,0,0,0,0,"F",NA,NA,NA,NA,NA,NA,NA,NA,NA
"1869",2010,"1","14","wheat",6.6,5.6892,3.06,2.81214,141.5470266,16.7714544,33.539631,129.201732,15.759084,23.837748,12.3452946,1.0123704,9.701883,"N4PKMg","N4 PK*(Mg*)",192,35,90,0,0,0,0,"F",NA,NA,NA,NA,NA,NA,NA,NA,NA
"1899",2010,"2","14","wheat",6.72,5.75904,NA,NA,NA,NA,NA,NA,NA,NA,NA,NA,NA,"N4PKMg","N4 PK*(Mg*)",192,35,90,0,0,0,0,"F",NA,NA,NA,NA,NA,NA,NA,NA,NA
"1933",2010,"3","14","wheat",6.18,5.29008,NA,NA,NA,NA,NA,NA,NA,NA,NA,NA,NA,"N4PKMg","N4 PK*(Mg*)",192,35,90,0,0,0,0,"F",NA,NA,NA,NA,NA,NA,NA,NA,NA
"2035",2010,"6","14","wheat",5.86,5.11578,NA,NA,NA,NA,NA,NA,NA,NA,NA,NA,NA,"N4PKMg","N4 PK*(Mg*)",192,35,90,0,0,0,0,"F",NA,NA,NA,NA,NA,NA,NA,NA,NA
"2064",2010,"7","14","wheat",7.64,6.6468,3.12,2.89224,150.4114536,19.6375176,38.032224,139.449864,18.94338,29.644728,10.9615896,0.6941376,8.387496,"N4PKMg","N4 PK*(Mg*)",192,35,90,0,0,0,0,"F",NA,NA,NA,NA,NA,NA,NA,NA,NA
"2106",2010,"8","14","wheat",4.14,3.55212,3.23,2.60661,94.7722134,14.7213801,29.035467,77.9335128,12.610026,17.6185152,16.8387006,2.1113541,11.4169518,"N4PKMg","N4 PK*(Mg*)",192,35,90,0,0,0,0,"F",NA,NA,NA,NA,NA,NA,NA,NA,NA
"2155",2010,"9","14","wheat",4.95,4.32135,NA,NA,NA,NA,NA,99.39105,13.7851065,20.1807045,NA,NA,NA,"N4PKMg","N4 PK*(Mg*)",192,35,90,0,0,0,0,"F",NA,NA,NA,NA,NA,NA,NA,NA,NA
"2610",2010,"0","16","wheat",6.87,5.92881,NA,NA,NA,NA,NA,157.6470579,15.2370417,24.6638496,NA,NA,NA,"N5PKMg","N5 (P)KMg",240,0,90,0,0,0,0,"F",NA,0,NA,NA,NA,NA,NA,NA,NA
"2661",2010,"1","16","wheat",6.86,5.9339,3.29,3.02351,171.0135462,15.8268523,38.3970538,155.230824,15.131445,25.456431,15.7827222,0.6954073,12.9406228,"N5PKMg","N5 (P)KMg",240,0,90,0,0,0,0,"F",NA,0,0.212496024444444,NA,NA,NA,NA,NA,NA
"2691",2010,"2","16","wheat",8.07,6.92406,NA,NA,NA,NA,NA,NA,NA,NA,NA,NA,NA,"N5PKMg","N5 (P)KMg",240,0,90,0,0,0,0,"F",NA,0,NA,NA,NA,NA,NA,NA,NA
"2725",2010,"3","16","wheat",7.74,6.64866,NA,NA,NA,NA,NA,NA,NA,NA,NA,NA,NA,"N5PKMg","N5 (P)KMg",240,0,90,0,0,0,0,"F",NA,0,NA,NA,NA,NA,NA,NA,NA
"2827",2010,"6","16","wheat",7.84,6.86,NA,NA,NA,NA,NA,NA,NA,NA,NA,NA,NA,"N5PKMg","N5 (P)KMg",240,0,90,0,0,0,0,"F",NA,0,NA,NA,NA,NA,NA,NA,NA
"2856",2010,"7","16","wheat",8.8,7.6912,4.41,4.08366,225.8480536,23.7242386,53.212112,201.50944,22.458304,33.610544,24.3386136,1.2659346,19.601568,"N5PKMg","N5 (P)KMg",240,0,90,0,0,0,0,"F",NA,0,0.291585133333333,NA,NA,NA,NA,NA,NA
"2898",2010,"8","16","wheat",2.88,2.49984,4,3.496,105.9804544,10.7757984,25.6672704,71.0204544,7.5245184,10.7743104,34.96,3.25128,14.89296,"N5PKMg","N5 (P)KMg",240,0,90,0,0,0,0,"F",NA,0,0.0226159466666667,NA,NA,NA,NA,NA,NA
"2947",2010,"9","16","wheat",5.94,5.1975,NA,NA,NA,NA,NA,146.1537,15.020775,23.80455,NA,NA,NA,"N5PKMg","N5 (P)KMg",240,0,90,0,0,0,0,"F",NA,0,NA,NA,NA,NA,NA,NA,NA
"4194",2010,"0","20","wheat",1.12,0.96544,NA,NA,NA,NA,NA,23.3926112,1.8536448,3.958304,NA,NA,NA,"NKMg","N4 KMg",96,0,90,0,0,0,0,"F",NA,NA,NA,NA,NA,NA,NA,NA,NA
"4245",2010,"1","20","wheat",0.66,0.56628,0.22,0.20218,14.8717712,1.2567214,2.9695292,13.7153016,1.2061764,2.3104224,1.1564696,0.050545,0.6591068,"NKMg","N4 KMg",96,0,90,0,0,0,0,"F",NA,NA,NA,NA,NA,NA,NA,NA,NA
"4680",2010,"0","22","wheat",3.95,3.41675,NA,NA,NA,NA,NA,53.916315,11.89029,17.835435,NA,NA,NA,"FYM","FYM",0,0,0,35,260.75,45.4122975098625,260.897734776262,"F",NA,NA,NA,NA,NA,NA,NA,NA,NA
"4731",2010,"1","22","wheat",3.79,3.29351,2.15,1.95865,59.5965893,12.5778453,29.2965792,54.1123693,11.4614148,17.1921222,5.48422,1.1164305,12.104457,"FYM","FYM",0,0,0,35,260.75,45.4122975098625,260.897734776262,"F",NA,NA,NA,0.165887624544583,0.171523751102589,-0.164567929050815,NA,NA,NA
"4761",2010,"2","22","wheat",5.17,4.3945,NA,NA,NA,NA,NA,NA,NA,NA,NA,NA,NA,"FYM","FYM",0,0,0,35,260.75,45.4122975098625,260.897734776262,"F",NA,NA,NA,NA,NA,NA,NA,NA,NA
"4795",2010,"3","22","wheat",4.86,4.11642,NA,NA,NA,NA,NA,NA,NA,NA,NA,NA,NA,"FYM","FYM",0,0,0,35,260.75,45.4122975098625,260.897734776262,"F",NA,NA,NA,NA,NA,NA,NA,NA,NA
"4897",2010,"6","22","wheat",4.52,3.89624,NA,NA,NA,NA,NA,NA,NA,NA,NA,NA,NA,"FYM","FYM",0,0,0,35,260.75,45.4122975098625,260.897734776262,"F",NA,NA,NA,NA,NA,NA,NA,NA,NA
"4926",2010,"7","22","wheat",5.75,4.9335,3.38,3.0589,73.597251,18.143502,35.310509,66.89826,16.67523,24.420825,6.698991,1.468272,10.889684,"FYM","FYM",0,0,0,35,260.75,45.4122975098625,260.897734776262,"F",NA,NA,NA,0.187863877277085,-0.113955479194631,-0.240727648322148,NA,NA,NA
"4968",2010,"8","22","wheat",3.54,2.87802,4.39,3.55151,63.986583,13.1543082,39.2763965,49.070241,9.9579492,14.7354624,14.916342,3.196359,24.5409341,"FYM","FYM",0,0,0,35,260.75,45.4122975098625,260.897734776262,"F",NA,NA,NA,0.117758067114094,0.127263058868648,-0.146114299904123,NA,NA,NA
"5017",2010,"9","22","wheat",4.45,3.8359,NA,NA,NA,NA,NA,57.231628,13.118778,20.176834,NA,NA,NA,"FYM","FYM",0,0,0,35,260.75,45.4122975098625,260.897734776262,"F",NA,NA,NA,NA,NA,NA,NA,NA,NA
"5066",2010,"0","3","wheat",1.03,0.88786,NA,NA,NA,NA,NA,14.9426838,2.1930142,3.906584,NA,NA,NA,"Control","Nil",0,0,0,0,0,0,0,"F",NA,NA,NA,NA,NA,NA,NA,NA,NA
"5117",2010,"1","3","wheat",1.02,0.87822,0.33,0.29733,15.6340551,2.2724427,4.6891491,14.7628782,2.2218966,3.776346,0.8711769,0.0505461,0.9128031,"Control","Nil",0,0,0,0,0,0,0,"F",NA,NA,NA,NA,NA,NA,NA,NA,NA
"5147",2010,"2","3","wheat",1.02,0.8568,NA,NA,NA,NA,NA,NA,NA,NA,NA,NA,NA,"Control","Nil",0,0,0,0,0,0,0,"F",NA,NA,NA,NA,NA,NA,NA,NA,NA
"5181",2010,"3","3","wheat",0.89,0.74671,NA,NA,NA,NA,NA,NA,NA,NA,NA,NA,NA,"Control","Nil",0,0,0,0,0,0,0,"F",NA,NA,NA,NA,NA,NA,NA,NA,NA
"5283",2010,"6","3","wheat",0.95,0.81415,NA,NA,NA,NA,NA,NA,NA,NA,NA,NA,NA,"Control","Nil",0,0,0,0,0,0,0,"F",NA,NA,NA,NA,NA,NA,NA,NA,NA
"5312",2010,"7","3","wheat",2.14,1.8297,0.53,0.48495,26.5294725,5.670078,9.244338,25.341345,5.543991,8.361729,1.1881275,0.126087,0.882609,"Control","Nil",0,0,0,0,0,0,0,"F",NA,NA,NA,NA,NA,NA,NA,NA,NA
"5354",2010,"8","3","wheat",0.73,0.61758,0.31,0.27373,10.9577401,2.2482874,3.775326,9.8874558,2.1059478,2.9705598,1.0702843,0.1423396,0.8047662,"Control","Nil",0,0,0,0,0,0,0,"F",NA,NA,NA,NA,NA,NA,NA,NA,NA
"5403",2010,"9","3","wheat",0.66,0.5643,NA,NA,NA,NA,NA,9.36738,1.405107,2.432133,NA,NA,NA,"Control","Nil",0,0,0,0,0,0,0,"F",NA,NA,NA,NA,NA,NA,NA,NA,NA
"5462",2010,"0","5","wheat",1.33,1.14646,NA,NA,NA,NA,NA,17.2427584,3.725995,5.7093708,NA,NA,NA,"PKMg","(P)KMg",0,0,90,0,0,0,0,"F",NA,NA,NA,NA,NA,NA,NA,NA,NA
"5513",2010,"1","5","wheat",1.25,1.0775,0.34,0.30974,16.3413912,3.5810564,6.7764862,15.526775,3.46955,5.419825,0.8146162,0.1115064,1.3566612,"PKMg","(P)KMg",0,0,90,0,0,0,0,"F",NA,NA,NA,NA,NA,NA,NA,NA,NA
"5543",2010,"2","5","wheat",1.27,1.06934,NA,NA,NA,NA,NA,NA,NA,NA,NA,NA,NA,"PKMg","(P)KMg",0,0,90,0,0,0,0,"F",NA,NA,NA,NA,NA,NA,NA,NA,NA
"5577",2010,"3","5","wheat",1.27,1.06426,NA,NA,NA,NA,NA,NA,NA,NA,NA,NA,NA,"PKMg","(P)KMg",0,0,90,0,0,0,0,"F",NA,NA,NA,NA,NA,NA,NA,NA,NA
"5679",2010,"6","5","wheat",1.17,1.00152,NA,NA,NA,NA,NA,NA,NA,NA,NA,NA,NA,"PKMg","(P)KMg",0,0,90,0,0,0,0,"F",NA,NA,NA,NA,NA,NA,NA,NA,NA
"5708",2010,"7","5","wheat",1.95,1.6731,0.4,0.3676,24.611745,6.453115,9.438377,23.674365,6.173739,8.482617,0.93738,0.279376,0.95576,"PKMg","(P)KMg",0,0,90,0,0,0,0,"F",NA,NA,NA,NA,NA,NA,NA,NA,NA
"5750",2010,"8","5","wheat",1.74,1.38678,1.69,1.15765,33.281167,6.5390764,16.9639716,20.8017,4.9646724,6.8229576,12.479467,1.574404,10.141014,"PKMg","(P)KMg",0,0,90,0,0,0,0,"F",NA,NA,NA,NA,NA,NA,NA,NA,NA
"5799",2010,"9","5","wheat",1.12,0.95312,NA,NA,NA,NA,NA,13.7058656,3.3740448,5.099192,NA,NA,NA,"PKMg","(P)KMg",0,0,90,0,0,0,0,"F",NA,NA,NA,NA,NA,NA,NA,NA,NA
"5858",2010,"0","6","wheat",3.72,3.21408,NA,NA,NA,NA,NA,51.5538432,9.1279872,15.0418944,NA,NA,NA,"N1PKMg","N1 (P)KMg",48,0,90,0,0,0,0,"F",NA,NA,NA,NA,NA,NA,NA,NA,NA
"5909",2010,"1","6","wheat",3.74,3.2351,1.47,1.33476,56.2414172,10.2254042,21.9441514,52.343918,9.931757,15.884341,3.8974992,0.2936472,6.0598104,"N1PKMg","N1 (P)KMg",48,0,90,0,0,0,0,"F",NA,NA,NA,NA,NA,NA,NA,NA,NA
"5939",2010,"2","6","wheat",3.48,2.94408,NA,NA,NA,NA,NA,NA,NA,NA,NA,NA,NA,"N1PKMg","N1 (P)KMg",48,0,90,0,0,0,0,"F",NA,NA,NA,NA,NA,NA,NA,NA,NA
"5973",2010,"3","6","wheat",3.62,3.06614,NA,NA,NA,NA,NA,NA,NA,NA,NA,NA,NA,"N1PKMg","N1 (P)KMg",48,0,90,0,0,0,0,"F",NA,NA,NA,NA,NA,NA,NA,NA,NA
"6075",2010,"6","6","wheat",2.86,2.47104,NA,NA,NA,NA,NA,NA,NA,NA,NA,NA,NA,"N1PKMg","N1 (P)KMg",48,0,90,0,0,0,0,"F",NA,NA,NA,NA,NA,NA,NA,NA,NA
"6104",2010,"7","6","wheat",3.84,3.29856,1.39,1.26907,49.9919321,10.877746,19.6020726,46.8065664,10.5224064,16.327872,3.1853657,0.3553396,3.2742006,"N1PKMg","N1 (P)KMg",48,0,90,0,0,0,0,"F",NA,NA,NA,NA,NA,NA,NA,NA,NA
"6146",2010,"8","6","wheat",2.34,1.98198,1.98,1.68696,38.035602,7.9546302,17.940285,28.1837556,6.5207142,9.5729634,9.8518464,1.433916,8.3673216,"N1PKMg","N1 (P)KMg",48,0,90,0,0,0,0,"F",NA,NA,NA,NA,NA,NA,NA,NA,NA
"6195",2010,"9","6","wheat",3.07,2.64941,NA,NA,NA,NA,NA,44.0331942,8.3191474,13.6974497,NA,NA,NA,"N1PKMg","N1 (P)KMg",48,0,90,0,0,0,0,"F",NA,NA,NA,NA,NA,NA,NA,NA,NA
"6254",2010,"0","7","wheat",5.23,4.50303,NA,NA,NA,NA,NA,81.6399339,12.6535143,21.164241,NA,NA,NA,"N2PKMg","N2 (P)KMg",96,0,90,0,0,0,0,"F",NA,NA,NA,NA,NA,NA,NA,NA,NA
"6305",2010,"1","7","wheat",5.85,5.04855,2.3,2.1045,103.123869,17.489253,34.5194535,96.326334,16.963128,25.0912935,6.797535,0.526125,9.42816,"N2PKMg","N2 (P)KMg",96,0,90,0,0,0,0,"F",0.90398414375,NA,NA,NA,NA,NA,NA,NA,NA
"6335",2010,"2","7","wheat",4.9,4.1552,NA,NA,NA,NA,NA,NA,NA,NA,NA,NA,NA,"N2PKMg","N2 (P)KMg",96,0,90,0,0,0,0,"F",NA,NA,NA,NA,NA,NA,NA,NA,NA
"6369",2010,"3","7","wheat",5.04,4.284,NA,NA,NA,NA,NA,NA,NA,NA,NA,NA,NA,"N2PKMg","N2 (P)KMg",96,0,90,0,0,0,0,"F",NA,NA,NA,NA,NA,NA,NA,NA,NA
"6471",2010,"6","7","wheat",4.36,3.78012,NA,NA,NA,NA,NA,NA,NA,NA,NA,NA,NA,"N2PKMg","N2 (P)KMg",96,0,90,0,0,0,0,"F",NA,NA,NA,NA,NA,NA,NA,NA,NA
"6500",2010,"7","7","wheat",5.46,4.71198,2.43,2.24046,81.3150354,14.8667508,30.0186552,75.1089612,14.4186588,23.2300614,6.2060742,0.448092,6.7885938,"N2PKMg","N2 (P)KMg",96,0,90,0,0,0,0,"F",0.590659275,NA,NA,NA,NA,NA,NA,NA,NA
"6542",2010,"8","7","wheat",3.36,2.87952,2.47,2.09456,51.885344,9.712072,21.8910784,42.5017152,8.350608,13.3033824,9.3836288,1.361464,8.587696,"N2PKMg","N2 (P)KMg",96,0,90,0,0,0,0,"F",0.193793510416667,NA,NA,NA,NA,NA,NA,NA,NA
"6591",2010,"9","7","wheat",4.04,3.50672,NA,NA,NA,NA,NA,67.3991584,9.818816,16.7270544,NA,NA,NA,"N2PKMg","N2 (P)KMg",96,0,90,0,0,0,0,"F",NA,NA,NA,NA,NA,NA,NA,NA,NA
"1215",2010,"4","1","maize",14.37,4.29663,NA,NA,51.1728633,5.4996864,77.6830704,NA,NA,NA,NA,NA,NA,"FYM+NPK","(FYM) N4",192,0,0,0,0,0,0,"F",NA,NA,NA,NA,NA,NA,0,0,0
"3314",2010,"4","10","maize",2.15,0.5246,NA,NA,6.861768,0.676734,4.962716,NA,NA,NA,NA,NA,NA,"N","N4",192,0,0,0,0,0,0,"F",NA,NA,NA,NA,NA,NA,NA,NA,NA
"5415",2010,"4","11","maize",6.97,2.02827,NA,NA,24.6029151,2.8801434,13.3257339,NA,NA,NA,NA,NA,NA,"NP","N4 PMg",192,35,0,0,0,0,0,"F",NA,NA,NA,NA,NA,NA,NA,NA,NA
"9612",2010,"4","13","maize",11.21,3.20606,NA,NA,36.4208416,4.6167264,50.3672026,NA,NA,NA,NA,NA,NA,"NPK","N4 PK",192,35,90,0,0,0,0,"F",NA,NA,NA,NA,NA,NA,NA,NA,NA
"1173",2010,"4","14","maize",11.69,3.40179,NA,NA,36.2290635,4.6944702,57.83043,NA,NA,NA,NA,NA,NA,"N4PKMg","N4 PK*(Mg*)",192,35,90,0,0,0,0,"F",NA,NA,NA,NA,NA,NA,NA,NA,NA
"15912",2010,"4","16","maize",10.93,2.97296,NA,NA,37.2511888,4.1324144,40.7592816,NA,NA,NA,NA,NA,NA,"N5PKMg","N5 (P)KMg",240,0,90,0,0,0,0,"F",NA,0,0.304817196666667,NA,NA,NA,NA,NA,NA
"26410",2010,"4","22","maize",12.78,3.98736,NA,NA,44.2995696,6.8183856,51.5565648,NA,NA,NA,NA,NA,NA,"FYM","FYM",0,0,0,35,260.75,45.4122975098625,260.897734776262,"F",NA,NA,NA,0.129135865004794,0.143577379098754,0.0755384640460211,NA,NA,NA
"28511",2010,"4","3","maize",1.73,0.47229,NA,NA,4.6520565,0.5006274,4.628442,NA,NA,NA,NA,NA,NA,"Control","Nil",0,0,0,0,0,0,0,"F",NA,NA,NA,NA,NA,NA,NA,NA,NA
"3062",2010,"4","5","maize",3.82,1.19948,NA,NA,10.6273928,1.7512408,17.8482624,NA,NA,NA,NA,NA,NA,"PKMg","(P)KMg",0,0,90,0,0,0,0,"F",NA,NA,NA,NA,NA,NA,NA,NA,NA
"3272",2010,"4","6","maize",6.82,1.99144,NA,NA,17.2856992,2.5490432,29.7321992,NA,NA,NA,NA,NA,NA,"N1PKMg","N1 (P)KMg",48,0,90,0,0,0,0,"F",NA,NA,NA,NA,NA,NA,NA,NA,NA
"3482",2010,"4","7","maize",9.67,3.06539,NA,NA,34.025829,4.7207006,41.6586501,NA,NA,NA,NA,NA,NA,"N2PKMg","N2 (P)KMg",96,0,90,0,0,0,0,"F",0.243733710416667,NA,NA,NA,NA,NA,NA,NA,NA
"976",2011,"3","1","oats",7.02,6.1933248,2.75,1.8692025,81.714605244,18.021200019,53.591919726,77.602359744,17.217442944,25.516498176,4.1122455,0.803757075,28.07542155,"FYM+NPK","(FYM) N4",192,0,0,0,0,0,0,"F",NA,NA,NA,NA,NA,NA,0,0,0
"3210",2011,"3","10","oats",4.61,4.060949,1.7,1.265888,83.34386236,8.49427122,23.18370709,78.45753468,8.20311698,14.33514997,4.88632768,0.29115424,8.84855712,"N","N4",192,0,0,0,0,0,0,"F",NA,NA,NA,NA,NA,NA,NA,NA,NA
"55100",2011,"3","11","oats",6.69,5.9243964,2.11,1.742016,99.395939724,17.644110396,27.745737804,93.664707084,17.121505596,22.571950284,5.73123264,0.5226048,5.17378752,"NP","N4 PMg",192,35,0,0,0,0,0,"F",NA,NA,NA,NA,NA,NA,NA,NA,NA
"101",2011,"3","13","oats",4.41,3.8808,1.42,0.985977,51.65352945,11.33950896,28.62746541,49.829472,10.86624,15.484392,1.82405745,0.47326896,13.14307341,"NPK","N4 PK",192,35,90,0,0,0,0,"F",NA,NA,NA,NA,NA,NA,NA,NA,NA
"1241",2011,"3","14","oats",5.4,4.747626,1.8,1.270728,57.29569938,13.68127692,32.99744736,54.3603177,13.19840028,18.0409788,2.93538168,0.48287664,14.95646856,"N4PKMg","N4 PK*(Mg*)",192,35,90,0,0,0,0,"F",NA,NA,NA,NA,NA,NA,NA,NA,NA
"17010",2011,"3","16","oats",8.12,7.1538824,3.31,2.7980092,112.750520176,18.214112728,68.676359668,97.865111232,17.598550704,27.685524888,14.885408944,0.615562024,40.99083478,"N5PKMg","N5 (P)KMg",240,0,90,0,0,0,0,"F",NA,0,0.454784687377778,NA,NA,NA,NA,NA,NA
"285",2011,"3","22","oats",7.24,6.388214,2.29,1.5902447,87.201678299,20.724715918,55.67781001,84.06889624,19.54793484,26.89438094,3.132782059,1.176781078,28.78342907,"FYM","FYM",0,0,0,35,195.125,44.8957795167,149.311696905,"F",NA,NA,NA,0.330259013786035,0.0197709977655349,-0.0624946133247918,NA,NA,NA
"308",2011,"3","3","oats",1.82,1.607151,0.45,0.378909,21.94385727,4.47571494,8.37773814,21.18225018,4.3393077,5.65717152,0.76160709,0.13640724,2.72056662,"Control","Nil",0,0,0,0,0,0,0,"F",NA,NA,NA,NA,NA,NA,NA,NA,NA
"331",2011,"3","5","oats",2,1.7623,0.61,0.4849683,22.759888234,5.756841738,12.623873332,21.799651,5.339769,6.784855,0.960237234,0.417072738,5.839018332,"PKMg","(P)KMg",0,0,90,0,0,0,0,"F",NA,NA,NA,NA,NA,NA,NA,NA,NA
"3541",2011,"3","6","oats",2.4,2.117856,0.62,0.5009476,28.513985296,6.629536032,13.35993172,27.532128,6.26885376,7.89960288,0.981857296,0.360682272,5.46032884,"N1PKMg","N1 (P)KMg",48,0,90,0,0,0,0,"F",NA,NA,NA,NA,NA,NA,NA,NA,NA
"3771",2011,"3","7","oats",3.05,2.6866535,1.02,0.7519236,36.794646127,8.257487782,18.96370115,35.275760455,7.79129515,9.94061795,1.518885672,0.466192632,9.0230832,"N2PKMg","N2 (P)KMg",96,0,90,0,0,0,0,"F",0.14619539471875,NA,NA,NA,NA,NA,NA,NA,NA
"2411",2011,"2","1","wheat",7.68,6.53568,NA,NA,NA,NA,NA,NA,NA,NA,NA,NA,NA,"FYM+NPK","(FYM) N4",192,0,0,0,0,0,0,"F",NA,NA,NA,NA,NA,NA,0,0,0
"8310",2011,"4","1","wheat",8.9,7.6006,3.16,2.67336,207.2125288,24.3214204,60.0310528,192.29518,22.877806,32.68258,14.9173488,1.4436144,27.3484728,"FYM+NPK","(FYM) N4",192,0,0,0,0,0,0,"F",NA,NA,NA,NA,NA,NA,0,0,0
"16010",2011,"6","1","wheat",7.24,6.28432,NA,NA,NA,NA,NA,NA,NA,NA,NA,NA,NA,"FYM+NPK","(FYM) N4",192,0,0,0,0,0,0,"F",NA,NA,NA,NA,NA,NA,0,0,0
"189",2011,"7","1","wheat",8.84,7.54052,NA,NA,NA,NA,NA,NA,NA,NA,NA,NA,NA,"FYM+NPK","(FYM) N4",192,0,0,0,0,0,0,"F",NA,NA,NA,NA,NA,NA,0,0,0
"235",2011,"0","10","wheat",1.47,1.24362,NA,NA,NA,NA,NA,29.9463696,2.0892816,4.9993524,NA,NA,NA,"N","N4",192,0,0,0,0,0,0,"F",NA,NA,NA,NA,NA,NA,NA,NA,NA
"28610",2011,"1","10","wheat",1.7,1.4399,0.73,0.64751,38.3569459,2.7220019,12.9835939,34.41361,2.534224,5.673206,3.9433359,0.1877779,7.3103879,"N","N4",192,0,0,0,0,0,0,"F",NA,NA,NA,NA,NA,NA,NA,NA,NA
"3161",2011,"2","10","wheat",4.3,3.6507,NA,NA,NA,NA,NA,NA,NA,NA,NA,NA,NA,"N","N4",192,0,0,0,0,0,0,"F",NA,NA,NA,NA,NA,NA,NA,NA,NA
"3752",2011,"4","10","wheat",5.31,4.51881,1.42,1.26806,105.9715176,10.6270481,23.8654382,100.2272058,10.3480749,17.8041114,5.7443118,0.2789732,6.0613268,"N","N4",192,0,0,0,0,0,0,"F",NA,NA,NA,NA,NA,NA,NA,NA,NA
"4521",2011,"6","10","wheat",2.03,1.7458,NA,NA,NA,NA,NA,NA,NA,NA,NA,NA,NA,"N","N4",192,0,0,0,0,0,0,"F",NA,NA,NA,NA,NA,NA,NA,NA,NA
"48110",2011,"7","10","wheat",4.15,3.5607,NA,NA,NA,NA,NA,NA,NA,NA,NA,NA,NA,"N","N4",192,0,0,0,0,0,0,"F",NA,NA,NA,NA,NA,NA,NA,NA,NA
"523",2011,"8","10","wheat",1.37,1.0412,1.02,0.57834,30.9526214,2.1911016,8.8654836,24.874268,1.936632,3.810792,6.0783534,0.2544696,5.0546916,"N","N4",192,0,0,0,0,0,0,"F",NA,NA,NA,NA,NA,NA,NA,NA,NA
"572",2011,"9","10","wheat",0.93,0.78957,NA,NA,NA,NA,NA,18.9654714,1.342269,3.1661757,NA,NA,NA,"N","N4",192,0,0,0,0,0,0,"F",NA,NA,NA,NA,NA,NA,NA,NA,NA
"631",2011,"0","11","wheat",4.89,4.14183,NA,NA,NA,NA,NA,105.5338284,11.7213789,17.3542677,NA,NA,NA,"NP","N4 PMg",192,35,0,0,0,0,0,"F",NA,NA,NA,NA,NA,NA,NA,NA,NA
"682",2011,"1","11","wheat",4.33,3.62421,1.54,1.41218,95.7597873,11.4963621,18.6712672,85.4226297,10.6914195,14.2793874,10.3371576,0.8049426,4.3918798,"NP","N4 PMg",192,35,0,0,0,0,0,"F",NA,NA,NA,NA,NA,NA,NA,NA,NA
"712",2011,"2","11","wheat",5.89,4.93582,NA,NA,NA,NA,NA,NA,NA,NA,NA,NA,NA,"NP","N4 PMg",192,35,0,0,0,0,0,"F",NA,NA,NA,NA,NA,NA,NA,NA,NA
"771",2011,"4","11","wheat",5.21,4.37119,1.4,1.2432,105.7584675,13.2162435,20.4223293,96.3847395,12.4578915,16.9165053,9.373728,0.758352,3.505824,"NP","N4 PMg",192,35,0,0,0,0,0,"F",NA,NA,NA,NA,NA,NA,NA,NA,NA
"848",2011,"6","11","wheat",5.15,4.44445,NA,NA,NA,NA,NA,NA,NA,NA,NA,NA,NA,"NP","N4 PMg",192,35,0,0,0,0,0,"F",NA,NA,NA,NA,NA,NA,NA,NA,NA
"877",2011,"7","11","wheat",5.69,4.60321,NA,NA,NA,NA,NA,NA,NA,NA,NA,NA,NA,"NP","N4 PMg",192,35,0,0,0,0,0,"F",NA,NA,NA,NA,NA,NA,NA,NA,NA
"919",2011,"8","11","wheat",4.12,3.41136,3.2,2.1056,96.6944752,12.6016512,24.055584,78.0178032,10.6434432,14.327712,18.676672,1.958208,9.727872,"NP","N4 PMg",192,35,0,0,0,0,0,"F",NA,NA,NA,NA,NA,NA,NA,NA,NA
"968",2011,"9","11","wheat",4.8,4.0032,NA,NA,NA,NA,NA,90.47232,12.289824,16.252992,NA,NA,NA,"NP","N4 PMg",192,35,0,0,0,0,0,"F",NA,NA,NA,NA,NA,NA,NA,NA,NA
"1423",2011,"0","13","wheat",4.75,4.0565,NA,NA,NA,NA,NA,118.328105,12.372325,18.375945,NA,NA,NA,"NPK","N4 PK",192,35,90,0,0,0,0,"F",NA,NA,NA,NA,NA,NA,NA,NA,NA
"1474",2011,"1","13","wheat",4.62,3.91314,1.8,1.5354,127.2213972,13.3575612,40.6753164,113.4027972,12.0524712,17.8439184,13.8186,1.30509,22.831398,"NPK","N4 PK",192,35,90,0,0,0,0,"F",NA,NA,NA,NA,NA,NA,NA,NA,NA
"1504",2011,"2","13","wheat",5.92,4.884,NA,NA,NA,NA,NA,NA,NA,NA,NA,NA,NA,"NPK","N4 PK",192,35,90,0,0,0,0,"F",NA,NA,NA,NA,NA,NA,NA,NA,NA
"1563",2011,"4","13","wheat",6.82,5.5242,2.22,1.82928,156.258504,19.2707316,54.7959888,144.73404,17.95365,29.167776,11.524464,1.3170816,25.6282128,"NPK","N4 PK",192,35,90,0,0,0,0,"F",NA,NA,NA,NA,NA,NA,NA,NA,NA
"1640",2011,"6","13","wheat",5.48,4.70184,NA,NA,NA,NA,NA,NA,NA,NA,NA,NA,NA,"NPK","N4 PK",192,35,90,0,0,0,0,"F",NA,NA,NA,NA,NA,NA,NA,NA,NA
"1669",2011,"7","13","wheat",5.65,4.4409,NA,NA,NA,NA,NA,NA,NA,NA,NA,NA,NA,"NPK","N4 PK",192,35,90,0,0,0,0,"F",NA,NA,NA,NA,NA,NA,NA,NA,NA
"1711",2011,"8","13","wheat",3.95,3.30615,3.53,1.71911,97.7979424,13.2985592,51.4511569,85.695408,11.373156,16.398504,12.1025344,1.9254032,35.0526529,"NPK","N4 PK",192,35,90,0,0,0,0,"F",NA,NA,NA,NA,NA,NA,NA,NA,NA
"1760",2011,"9","13","wheat",4.9,4.1601,NA,NA,NA,NA,NA,118.354845,12.771507,19.96848,NA,NA,NA,"NPK","N4 PK",192,35,90,0,0,0,0,"F",NA,NA,NA,NA,NA,NA,NA,NA,NA
"1819",2011,"0","14","wheat",5.56,4.76492,NA,NA,NA,NA,NA,132.1788808,15.6289376,22.0615796,NA,NA,NA,"N4PKMg","N4 PK*(Mg*)",192,35,90,0,0,0,0,"F",NA,NA,NA,NA,NA,NA,NA,NA,NA
"1870",2011,"1","14","wheat",5.33,4.54116,2.04,1.65444,137.5408776,15.5704716,44.940672,125.7447204,14.2138308,20.9347476,11.7961572,1.3566408,24.0059244,"N4PKMg","N4 PK*(Mg*)",192,35,90,0,0,0,0,"F",NA,NA,NA,NA,NA,NA,NA,NA,NA
"1900",2011,"2","14","wheat",6.22,5.16882,NA,NA,NA,NA,NA,NA,NA,NA,NA,NA,NA,"N4PKMg","N4 PK*(Mg*)",192,35,90,0,0,0,0,"F",NA,NA,NA,NA,NA,NA,NA,NA,NA
"1959",2011,"4","14","wheat",6.84,5.51304,2.36,1.91632,149.5874864,20.2030984,54.8403104,137.9362608,18.6892056,29.219112,11.6512256,1.5138928,25.6211984,"N4PKMg","N4 PK*(Mg*)",192,35,90,0,0,0,0,"F",NA,NA,NA,NA,NA,NA,NA,NA,NA
"2036",2011,"6","14","wheat",6.14,5.2804,NA,NA,NA,NA,NA,NA,NA,NA,NA,NA,NA,"N4PKMg","N4 PK*(Mg*)",192,35,90,0,0,0,0,"F",NA,NA,NA,NA,NA,NA,NA,NA,NA
"2065",2011,"7","14","wheat",5.56,4.37016,NA,NA,NA,NA,NA,NA,NA,NA,NA,NA,NA,"N4PKMg","N4 PK*(Mg*)",192,35,90,0,0,0,0,"F",NA,NA,NA,NA,NA,NA,NA,NA,NA
"2107",2011,"8","14","wheat",3.33,2.72394,3.44,1.61336,85.9444278,12.1193668,47.0537702,70.3593702,9.8606628,14.028291,15.5850576,2.258704,33.0254792,"N4PKMg","N4 PK*(Mg*)",192,35,90,0,0,0,0,"F",NA,NA,NA,NA,NA,NA,NA,NA,NA
"2156",2011,"9","14","wheat",5.39,4.57611,NA,NA,NA,NA,NA,119.6652765,14.5977909,21.5534781,NA,NA,NA,"N4PKMg","N4 PK*(Mg*)",192,35,90,0,0,0,0,"F",NA,NA,NA,NA,NA,NA,NA,NA,NA
"2611",2011,"0","16","wheat",5.85,5.0193,NA,NA,NA,NA,NA,141.54426,12.648636,20.328165,NA,NA,NA,"N5PKMg","N5 (P)KMg",240,0,90,0,0,0,0,"F",NA,0,NA,NA,NA,NA,NA,NA,NA
"2662",2011,"1","16","wheat",5.3,4.5262,2.27,1.99533,144.5038685,11.8980328,46.9086405,130.037726,11.179714,18.874254,14.4661425,0.7183188,28.0343865,"N5PKMg","N5 (P)KMg",240,0,90,0,0,0,0,"F",NA,0,0.313748592222222,NA,NA,NA,NA,NA,NA
"2692",2011,"2","16","wheat",6.52,5.50288,NA,NA,NA,NA,NA,NA,NA,NA,NA,NA,NA,"N5PKMg","N5 (P)KMg",240,0,90,0,0,0,0,"F",NA,0,NA,NA,NA,NA,NA,NA,NA
"2751",2011,"4","16","wheat",8.3,7.1297,3.6,2.8476,224.568651,21.272842,62.819747,203.838123,19.820566,29.588255,20.730528,1.452276,33.231492,"N5PKMg","N5 (P)KMg",240,0,90,0,0,0,0,"F",NA,0,0.471082418888889,NA,NA,NA,NA,NA,NA
"2828",2011,"6","16","wheat",7.78,6.7297,NA,NA,NA,NA,NA,NA,NA,NA,NA,NA,NA,"N5PKMg","N5 (P)KMg",240,0,90,0,0,0,0,"F",NA,0,NA,NA,NA,NA,NA,NA,NA
"2857",2011,"7","16","wheat",6.66,5.63436,NA,NA,NA,NA,NA,NA,NA,NA,NA,NA,NA,"N5PKMg","N5 (P)KMg",240,0,90,0,0,0,0,"F",NA,0,NA,NA,NA,NA,NA,NA,NA
"2899",2011,"8","16","wheat",2.73,2.30685,3.74,2.01212,83.8817384,7.4824139,47.5313625,65.329992,6.4361115,9.8041125,18.5517464,1.0463024,37.72725,"N5PKMg","N5 (P)KMg",240,0,90,0,0,0,0,"F",NA,0,0.260841983333333,NA,NA,NA,NA,NA,NA
"2948",2011,"9","16","wheat",6.23,5.37026,NA,NA,NA,NA,NA,151.7635476,14.7145124,23.629144,NA,NA,NA,"N5PKMg","N5 (P)KMg",240,0,90,0,0,0,0,"F",NA,0,NA,NA,NA,NA,NA,NA,NA
"4195",2011,"0","20","wheat",1.56,1.31664,NA,NA,NA,NA,NA,32.784336,2.172456,5.332392,NA,NA,NA,"NKMg","N4 KMg",96,0,90,0,0,0,0,"F",NA,NA,NA,NA,NA,NA,NA,NA,NA
"4246",2011,"1","20","wheat",0.78,0.65832,0.25,0.22525,17.2747055,1.1092759,4.8112598,15.898428,1.0664784,2.7254448,1.3762775,0.0427975,2.085815,"NKMg","N4 KMg",96,0,90,0,0,0,0,"F",NA,NA,NA,NA,NA,NA,NA,NA,NA
"4681",2011,"0","22","wheat",5.09,4.3265,NA,NA,NA,NA,NA,73.074585,13.67174,20.68067,NA,NA,NA,"FYM","FYM",0,0,0,35,195.125,44.8957795167,149.311696905,"F",NA,NA,NA,NA,NA,NA,NA,NA,NA
"4732",2011,"1","22","wheat",5.89,5.0065,2.22,1.98912,99.674212,17.7526824,44.868917,91.51882,16.22106,24.281525,8.155392,1.5316224,20.587392,"FYM","FYM",0,0,0,35,195.125,44.8957795167,149.311696905,"F",NA,NA,NA,0.366578057655349,0.422290872517617,0.0200611131326073,NA,NA,NA
"4762",2011,"2","22","wheat",5.71,4.83066,NA,NA,NA,NA,NA,NA,NA,NA,NA,NA,NA,"FYM","FYM",0,0,0,35,195.125,44.8957795167,149.311696905,"F",NA,NA,NA,NA,NA,NA,NA,NA,NA
"4821",2011,"4","22","wheat",5.96,5.07196,2.39,2.03628,80.4153028,18.5908576,39.2905788,73.6955788,16.6360288,24.6497256,6.719724,1.9548288,14.6408532,"FYM","FYM",0,0,0,35,195.125,44.8957795167,149.311696905,"F",NA,NA,NA,0.280873733247918,-0.130973554388213,-0.129881689686099,NA,NA,NA
"4898",2011,"6","22","wheat",5.52,4.7472,NA,NA,NA,NA,NA,NA,NA,NA,NA,NA,NA,"FYM","FYM",0,0,0,35,195.125,44.8957795167,149.311696905,"F",NA,NA,NA,NA,NA,NA,NA,NA,NA
"4927",2011,"7","22","wheat",5.58,4.79322,NA,NA,NA,NA,NA,NA,NA,NA,NA,NA,NA,"FYM","FYM",0,0,0,35,195.125,44.8957795167,149.311696905,"F",NA,NA,NA,NA,NA,NA,NA,NA,NA
"4969",2011,"8","22","wheat",4.05,3.31695,3.79,2.11482,59.6818827,14.0936787,47.0136717,49.7210805,11.1117825,16.7505975,9.9608022,2.9818962,30.2630742,"FYM","FYM",0,0,0,35,195.125,44.8957795167,149.311696905,"F",NA,NA,NA,0.0827983625880846,0.147235163613069,-0.189686572709801,NA,NA,NA
"5018",2011,"9","22","wheat",5.36,4.59352,NA,NA,NA,NA,NA,80.156924,15.158616,22.7838592,NA,NA,NA,"FYM","FYM",0,0,0,35,195.125,44.8957795167,149.311696905,"F",NA,NA,NA,NA,NA,NA,NA,NA,NA
"5067",2011,"0","3","wheat",1.32,1.11276,NA,NA,NA,NA,NA,20.6194428,2.392434,4.9962924,NA,NA,NA,"Control","Nil",0,0,0,0,0,0,0,"F",NA,NA,NA,NA,NA,NA,NA,NA,NA
"5118",2011,"1","3","wheat",1.11,0.93795,0.27,0.25137,18.4850037,2.3820927,6.1016232,17.502147,2.3167365,4.352088,0.9828567,0.0653562,1.7495352,"Control","Nil",0,0,0,0,0,0,0,"F",NA,NA,NA,NA,NA,NA,NA,NA,NA
"5148",2011,"2","3","wheat",1.37,1.1508,NA,NA,NA,NA,NA,NA,NA,NA,NA,NA,NA,"Control","Nil",0,0,0,0,0,0,0,"F",NA,NA,NA,NA,NA,NA,NA,NA,NA
"5207",2011,"4","3","wheat",1.87,1.58202,0.55,0.4928,25.638701,4.7712302,9.4679266,24.125805,4.6036782,7.1665506,1.512896,0.167552,2.301376,"Control","Nil",0,0,0,0,0,0,0,"F",NA,NA,NA,NA,NA,NA,NA,NA,NA
"5284",2011,"6","3","wheat",1.44,1.23408,NA,NA,NA,NA,NA,NA,NA,NA,NA,NA,NA,"Control","Nil",0,0,0,0,0,0,0,"F",NA,NA,NA,NA,NA,NA,NA,NA,NA
"5313",2011,"7","3","wheat",1.23,1.04058,NA,NA,NA,NA,NA,NA,NA,NA,NA,NA,NA,"Control","Nil",0,0,0,0,0,0,0,"F",NA,NA,NA,NA,NA,NA,NA,NA,NA
"5355",2011,"8","3","wheat",1.58,1.31298,0.32,0.25888,20.2865814,3.9738826,7.2200026,19.2614166,3.8470314,5.842761,1.0251648,0.1268512,1.3772416,"Control","Nil",0,0,0,0,0,0,0,"F",NA,NA,NA,NA,NA,NA,NA,NA,NA
"5404",2011,"9","3","wheat",0.99,0.84051,NA,NA,NA,NA,NA,14.9190525,2.0256291,3.7991052,NA,NA,NA,"Control","Nil",0,0,0,0,0,0,0,"F",NA,NA,NA,NA,NA,NA,NA,NA,NA
"5463",2011,"0","5","wheat",1.6,1.352,NA,NA,NA,NA,NA,23.49776,4.27232,6.92224,NA,NA,NA,"PKMg","(P)KMg",0,0,90,0,0,0,0,"F",NA,NA,NA,NA,NA,NA,NA,NA,NA
"5514",2011,"1","5","wheat",1.8,1.5192,0.57,0.51813,28.1456685,5.3532144,11.8846116,26.35812,5.104512,7.884648,1.7875485,0.2487024,3.9999636,"PKMg","(P)KMg",0,0,90,0,0,0,0,"F",NA,NA,NA,NA,NA,NA,NA,NA,NA
"5544",2011,"2","5","wheat",1.53,1.28826,NA,NA,NA,NA,NA,NA,NA,NA,NA,NA,NA,"PKMg","(P)KMg",0,0,90,0,0,0,0,"F",NA,NA,NA,NA,NA,NA,NA,NA,NA
"5603",2011,"4","5","wheat",1.81,1.53307,0.46,0.41308,25.6098156,5.7103472,10.1941247,24.2838288,5.3964064,7.4967123,1.3259868,0.3139408,2.6974124,"PKMg","(P)KMg",0,0,90,0,0,0,0,"F",NA,NA,NA,NA,NA,NA,NA,NA,NA
"5680",2011,"6","5","wheat",1.81,1.5566,NA,NA,NA,NA,NA,NA,NA,NA,NA,NA,NA,"PKMg","(P)KMg",0,0,90,0,0,0,0,"F",NA,NA,NA,NA,NA,NA,NA,NA,NA
"5709",2011,"7","5","wheat",1.81,1.54393,NA,NA,NA,NA,NA,NA,NA,NA,NA,NA,NA,"PKMg","(P)KMg",0,0,90,0,0,0,0,"F",NA,NA,NA,NA,NA,NA,NA,NA,NA
"5751",2011,"8","5","wheat",3.18,2.31822,2,1.008,43.5258522,8.9141616,27.451989,33.6373722,7.6037616,11.475189,9.88848,1.3104,15.9768,"PKMg","(P)KMg",0,0,90,0,0,0,0,"F",NA,NA,NA,NA,NA,NA,NA,NA,NA
"5800",2011,"9","5","wheat",1.45,1.22815,NA,NA,NA,NA,NA,19.945156,3.9669245,6.2512835,NA,NA,NA,"PKMg","(P)KMg",0,0,90,0,0,0,0,"F",NA,NA,NA,NA,NA,NA,NA,NA,NA
"5859",2011,"0","6","wheat",2.59,2.11344,NA,NA,NA,NA,NA,46.9606368,6.9532176,11.0321568,NA,NA,NA,"N1PKMg","N1 (P)KMg",48,0,90,0,0,0,0,"F",NA,NA,NA,NA,NA,NA,NA,NA,NA
"5910",2011,"1","6","wheat",2.62,2.10386,1.03,0.90331,53.2157755,8.1972958,21.9679804,48.2204712,7.5107802,11.7605774,4.9953043,0.6865156,10.207403,"N1PKMg","N1 (P)KMg",48,0,90,0,0,0,0,"F",NA,NA,NA,NA,NA,NA,NA,NA,NA
"5940",2011,"2","6","wheat",3.25,2.70725,NA,NA,NA,NA,NA,NA,NA,NA,NA,NA,NA,"N1PKMg","N1 (P)KMg",48,0,90,0,0,0,0,"F",NA,NA,NA,NA,NA,NA,NA,NA,NA
"5999",2011,"4","6","wheat",3.5,2.9085,1.48,1.24468,55.8576596,10.6109418,25.2097898,51.53862,9.976155,14.804265,4.3190396,0.6347868,10.4055248,"N1PKMg","N1 (P)KMg",48,0,90,0,0,0,0,"F",NA,NA,NA,NA,NA,NA,NA,NA,NA
"6076",2011,"6","6","wheat",2.7,2.2869,NA,NA,NA,NA,NA,NA,NA,NA,NA,NA,NA,"N1PKMg","N1 (P)KMg",48,0,90,0,0,0,0,"F",NA,NA,NA,NA,NA,NA,NA,NA,NA
"6105",2011,"7","6","wheat",2.9,2.3171,NA,NA,NA,NA,NA,NA,NA,NA,NA,NA,NA,"N1PKMg","N1 (P)KMg",48,0,90,0,0,0,0,"F",NA,NA,NA,NA,NA,NA,NA,NA,NA
"6147",2011,"8","6","wheat",2.75,2.1945,1.75,0.9975,39.191775,8.604435,22.76295,33.685575,7.307685,10.423875,5.5062,1.29675,12.339075,"N1PKMg","N1 (P)KMg",48,0,90,0,0,0,0,"F",NA,NA,NA,NA,NA,NA,NA,NA,NA
"6196",2011,"9","6","wheat",2.67,2.24814,NA,NA,NA,NA,NA,49.0319334,7.0366782,10.9709232,NA,NA,NA,"N1PKMg","N1 (P)KMg",48,0,90,0,0,0,0,"F",NA,NA,NA,NA,NA,NA,NA,NA,NA
"6255",2011,"0","7","wheat",3.64,3.01028,NA,NA,NA,NA,NA,76.9728596,9.1512512,15.2922224,NA,NA,NA,"N2PKMg","N2 (P)KMg",96,0,90,0,0,0,0,"F",NA,NA,NA,NA,NA,NA,NA,NA,NA
"6306",2011,"1","7","wheat",4.43,3.64146,1.72,1.53424,98.7334102,12.7456764,38.7927292,89.8348182,11.8711596,18.571446,8.898592,0.8745168,20.2212832,"N2PKMg","N2 (P)KMg",96,0,90,0,0,0,0,"F",0.735288976041667,NA,NA,NA,NA,NA,NA,NA,NA
"6336",2011,"2","7","wheat",4.29,3.55641,NA,NA,NA,NA,NA,NA,NA,NA,NA,NA,NA,"N2PKMg","N2 (P)KMg",96,0,90,0,0,0,0,"F",NA,NA,NA,NA,NA,NA,NA,NA,NA
"6395",2011,"4","7","wheat",5.36,4.44344,1.96,1.70128,96.0586104,15.285216,42.773908,88.9132344,14.4856144,24.1278792,7.145376,0.7996016,18.6460288,"N2PKMg","N2 (P)KMg",96,0,90,0,0,0,0,"F",0.7338416125,NA,NA,NA,NA,NA,NA,NA,NA
"6472",2011,"6","7","wheat",3.99,3.37554,NA,NA,NA,NA,NA,NA,NA,NA,NA,NA,NA,"N2PKMg","N2 (P)KMg",96,0,90,0,0,0,0,"F",NA,NA,NA,NA,NA,NA,NA,NA,NA
"6501",2011,"7","7","wheat",4.03,3.16758,NA,NA,NA,NA,NA,NA,NA,NA,NA,NA,NA,"N2PKMg","N2 (P)KMg",96,0,90,0,0,0,0,"F",NA,NA,NA,NA,NA,NA,NA,NA,NA
"6543",2011,"8","7","wheat",2.98,2.384,1.92,1.03488,51.551328,9.339328,26.6455872,46.27344,8.20096,11.4432,5.277888,1.138368,15.2023872,"N2PKMg","N2 (P)KMg",96,0,90,0,0,0,0,"F",0.0835987062499999,NA,NA,NA,NA,NA,NA,NA,NA
"6592",2011,"9","7","wheat",3.57,2.98452,NA,NA,NA,NA,NA,79.1793156,8.7446436,14.027244,NA,NA,NA,"N2PKMg","N2 (P)KMg",96,0,90,0,0,0,0,"F",NA,NA,NA,NA,NA,NA,NA,NA,NA
"16103",2011,"5","1","maize",8.67,1.68198,NA,NA,23.3963418,4.3899678,25.2801594,NA,NA,NA,NA,NA,NA,"FYM+NPK","(FYM) N4",192,0,0,0,0,0,0,"F",NA,NA,NA,NA,NA,NA,0,0,0
"3714",2011,"5","10","maize",1.09,0.18639,NA,NA,3.1760856,0.354141,2.4696675,NA,NA,NA,NA,NA,NA,"N","N4",192,0,0,0,0,0,0,"F",NA,NA,NA,NA,NA,NA,NA,NA,NA
"587",2011,"5","11","maize",3.88,0.679,NA,NA,10.93869,2.60057,5.08571,NA,NA,NA,NA,NA,NA,"NP","N4 PMg",192,35,0,0,0,0,0,"F",NA,NA,NA,NA,NA,NA,NA,NA,NA
"1002",2011,"5","13","maize",7.2,1.3824,NA,NA,20.583936,3.746304,20.487168,NA,NA,NA,NA,NA,NA,"NPK","N4 PK",192,35,90,0,0,0,0,"F",NA,NA,NA,NA,NA,NA,NA,NA,NA
"1216",2011,"5","14","maize",7.01,1.27582,NA,NA,18.5504228,3.5850542,19.7624518,NA,NA,NA,NA,NA,NA,"N4PKMg","N4 PK*(Mg*)",192,35,90,0,0,0,0,"F",NA,NA,NA,NA,NA,NA,NA,NA,NA
"16313",2011,"5","16","maize",4.33,0.72744,NA,NA,11.7772536,1.563996,11.4135336,NA,NA,NA,NA,NA,NA,"N5PKMg","N5 (P)KMg",240,0,90,0,0,0,0,"F",NA,0,0.0703091511111111,NA,NA,NA,NA,NA,NA
"26810",2011,"5","22","maize",11.95,2.97555,NA,NA,36.420732,6.665232,44.6630055,NA,NA,NA,NA,NA,NA,"FYM","FYM",0,0,0,35,195.125,44.8957795167,149.311696905,"F",NA,NA,NA,0.166830841768097,0.170376150672646,0.130593424727739,NA,NA,NA
"28911",2011,"5","3","maize",1.49,0.27714,NA,NA,3.8744172,0.4351098,3.9880446,NA,NA,NA,NA,NA,NA,"Control","Nil",0,0,0,0,0,0,0,"F",NA,NA,NA,NA,NA,NA,NA,NA,NA
"3105",2011,"5","5","maize",2.86,0.52624,NA,NA,3.867864,0.78936,10.551112,NA,NA,NA,NA,NA,NA,"PKMg","(P)KMg",0,0,90,0,0,0,0,"F",NA,NA,NA,NA,NA,NA,NA,NA,NA
"3315",2011,"5","6","maize",5.05,1.0403,NA,NA,10.413403,1.778913,17.341801,NA,NA,NA,NA,NA,NA,"N1PKMg","N1 (P)KMg",48,0,90,0,0,0,0,"F",NA,NA,NA,NA,NA,NA,NA,NA,NA
"3523",2011,"5","7","maize",7.9,1.5879,NA,NA,22.54818,3.668049,24.406023,NA,NA,NA,NA,NA,NA,"N2PKMg","N2 (P)KMg",96,0,90,0,0,0,0,"F",0.194586625,NA,NA,NA,NA,NA,NA,NA,NA
"4100",2012,"2","1","oats",5.66,4.88741,2.99,2.2561643,81.478294489,20.696987051,78.363014066,74.1908838,17.1548091,25.0724133,7.287410689,3.542177951,53.290600766,"FYM+NPK","(FYM) N4",192,0,0,0,0,0,0,"F",NA,NA,NA,NA,NA,NA,0,0,0
"27100",2012,"2","10","oats",4.76,4.1408192,2.06,1.546442,62.015615692,10.288153456,39.03725988,57.391754112,9.855149696,18.84072736,4.62386158,0.43300376,20.19653252,"N","N4",192,0,0,0,0,0,0,"F",NA,NA,NA,NA,NA,NA,NA,NA,NA
"50100",2012,"2","11","oats",5.85,5.084235,3.26,2.4517808,76.129557812,18.321820936,40.377291678,69.0439113,16.0661826,24.04843155,7.085646512,2.255638336,16.328860128,"NP","N4 PMg",192,35,0,0,0,0,0,"F",NA,NA,NA,NA,NA,NA,NA,NA,NA
"96",2012,"2","13","oats",3.43,2.9832082,0.91,0.7365085,40.349354479,10.156453069,28.818277789,38.692210354,9.456769994,14.080742704,1.657144125,0.699683075,14.737535085,"NPK","N4 PK",192,35,90,0,0,0,0,"F",NA,NA,NA,NA,NA,NA,NA,NA,NA
"1191",2012,"2","14","oats",3.29,2.8596022,0.86,0.691698,39.445541814,10.40278799,27.473842228,37.660960974,9.57966737,13.840474648,1.78458084,0.82312062,13.63336758,"N4PKMg","N4 PK*(Mg*)",192,35,90,0,0,0,0,"F",NA,NA,NA,NA,NA,NA,NA,NA,NA
"16510",2012,"2","16","oats",6.24,5.4171312,4.37,3.1410249,88.138998129,20.90056605,93.1705437,77.302462224,17.822361648,26.706456816,10.836535905,3.078204402,66.464086884,"N5PKMg","N5 (P)KMg",240,0,90,0,0,0,0,"F",NA,0,0.586591689133333,NA,NA,NA,NA,NA,NA
"280",2012,"2","22","oats",6.45,5.6327205,3.41,2.5575,93.80621778,25.44456585,96.99390393,85.39204278,20.84106585,30.75465393,8.414175,4.6035,66.23925,"FYM","FYM",0,0,0,35,282.625,50.692678257375,327.475465288125,"F",NA,NA,NA,0.247725078149491,0.112483333349845,0.0625445730844759,NA,NA,NA
"303",2012,"2","3","oats",1.74,1.519629,0.4,0.337704,21.82527444,4.59434943,12.42057528,20.84930988,4.42212039,6.92950824,0.97596456,0.17222904,5.49106704,"Control","Nil",0,0,0,0,0,0,0,"F",NA,NA,NA,NA,NA,NA,NA,NA,NA
"326",2012,"2","5","oats",1.97,1.7154169,0.48,0.3938448,23.792917568,5.888255022,16.721881926,22.780736432,5.455025742,8.336926134,1.012181136,0.43322928,8.384955792,"PKMg","(P)KMg",0,0,90,0,0,0,0,"F",NA,NA,NA,NA,NA,NA,NA,NA,NA
"3491",2012,"2","6","oats",2.37,2.063322,0.66,0.5289768,29.32753716,7.632063,20.817788688,27.97864632,6.89149548,9.86267916,1.34889084,0.74056752,10.955109528,"N1PKMg","N1 (P)KMg",48,0,90,0,0,0,0,"F",NA,NA,NA,NA,NA,NA,NA,NA,NA
"3721",2012,"2","7","oats",2.88,2.5104096,0.81,0.6681933,35.068860135,9.407291202,26.854257114,33.338239488,8.485184448,12.30100704,1.730620647,0.922106754,14.553250074,"N2PKMg","N2 (P)KMg",96,0,90,0,0,0,0,"F",0.117457735072917,NA,NA,NA,NA,NA,NA,NA,NA
"8410",2012,"4","1","wheat",7.85,6.7981,NA,NA,NA,NA,NA,NA,NA,NA,NA,NA,NA,"FYM+NPK","(FYM) N4",192,0,0,0,0,0,0,"F",NA,NA,NA,NA,NA,NA,0,0,0
"1161",2012,"5","1","wheat",8,6.92,8.79,7.42755,226.604011,36.8500535,136.744905,158.122,25.1888,39.444,68.482011,11.6612535,97.300905,"FYM+NPK","(FYM) N4",192,0,0,0,0,0,0,"F",NA,NA,NA,NA,NA,NA,0,0,0
"16110",2012,"6","1","wheat",4.93,4.23487,NA,NA,NA,NA,NA,NA,NA,NA,NA,NA,NA,"FYM+NPK","(FYM) N4",192,0,0,0,0,0,0,"F",NA,NA,NA,NA,NA,NA,0,0,0
"190",2012,"7","1","wheat",7.5,6.495,NA,NA,NA,NA,NA,NA,NA,NA,NA,NA,NA,"FYM+NPK","(FYM) N4",192,0,0,0,0,0,0,"F",NA,NA,NA,NA,NA,NA,0,0,0
"236",2012,"0","10","wheat",1.11,0.94683,NA,NA,NA,NA,NA,21.5498508,1.7516355,4.9708575,NA,NA,NA,"N","N4",192,0,0,0,0,0,0,"F",NA,NA,NA,NA,NA,NA,NA,NA,NA
"28710",2012,"1","10","wheat",1.48,1.26392,0.75,0.63825,32.0589645,2.3903184,11.6262251,28.248612,2.2371384,6.0415376,3.8103525,0.15318,5.5846875,"N","N4",192,0,0,0,0,0,0,"F",NA,NA,NA,NA,NA,NA,NA,NA,NA
"3762",2012,"4","10","wheat",3.58,3.1146,NA,NA,NA,NA,NA,NA,NA,NA,NA,NA,NA,"N","N4",192,0,0,0,0,0,0,"F",NA,NA,NA,NA,NA,NA,NA,NA,NA
"4081",2012,"5","10","wheat",6.34,5.50946,3.48,3.1842,144.8860568,19.2192442,55.8998702,113.9356328,15.8121502,28.4839082,30.950424,3.407094,27.415962,"N","N4",192,0,0,0,0,0,0,"F",NA,NA,NA,NA,NA,NA,NA,NA,NA
"4531",2012,"6","10","wheat",1.56,1.35408,NA,NA,NA,NA,NA,NA,NA,NA,NA,NA,NA,"N","N4",192,0,0,0,0,0,0,"F",NA,NA,NA,NA,NA,NA,NA,NA,NA
"48210",2012,"7","10","wheat",1.43,1.23552,NA,NA,NA,NA,NA,NA,NA,NA,NA,NA,NA,"N","N4",192,0,0,0,0,0,0,"F",NA,NA,NA,NA,NA,NA,NA,NA,NA
"524",2012,"8","10","wheat",0.76,0.59432,2.61,2.29158,36.0354798,2.6976548,28.4063682,12.0884688,1.0935488,2.763588,23.947011,1.604106,25.6427802,"N","N4",192,0,0,0,0,0,0,"F",NA,NA,NA,NA,NA,NA,NA,NA,NA
"573",2012,"9","10","wheat",1.13,0.97519,NA,NA,NA,NA,NA,21.4151724,1.6383192,4.8174386,NA,NA,NA,"N","N4",192,0,0,0,0,0,0,"F",NA,NA,NA,NA,NA,NA,NA,NA,NA
"632",2012,"0","11","wheat",5.47,4.65497,NA,NA,NA,NA,NA,100.9662993,15.4545004,25.0437386,NA,NA,NA,"NP","N4 PMg",192,35,0,0,0,0,0,"F",NA,NA,NA,NA,NA,NA,NA,NA,NA
"683",2012,"1","11","wheat",3.29,2.79979,1.28,1.11616,72.7196985,12.3111884,20.0438015,62.1273401,9.9672524,14.2509311,10.5923584,2.343936,5.7928704,"NP","N4 PMg",192,35,0,0,0,0,0,"F",NA,NA,NA,NA,NA,NA,NA,NA,NA
"772",2012,"4","11","wheat",2.84,2.45944,NA,NA,NA,NA,NA,NA,NA,NA,NA,NA,NA,"NP","N4 PMg",192,35,0,0,0,0,0,"F",NA,NA,NA,NA,NA,NA,NA,NA,NA
"804",2012,"5","11","wheat",5.24,4.56404,3.23,3.02651,122.6519506,22.7569209,42.0909759,94.3843472,16.6131056,24.1437716,28.2676034,6.1438153,17.9472043,"NP","N4 PMg",192,35,0,0,0,0,0,"F",NA,NA,NA,NA,NA,NA,NA,NA,NA
"849",2012,"6","11","wheat",3.16,2.73972,NA,NA,NA,NA,NA,NA,NA,NA,NA,NA,NA,"NP","N4 PMg",192,35,0,0,0,0,0,"F",NA,NA,NA,NA,NA,NA,NA,NA,NA
"878",2012,"7","11","wheat",3,2.601,NA,NA,NA,NA,NA,NA,NA,NA,NA,NA,NA,"NP","N4 PMg",192,35,0,0,0,0,0,"F",NA,NA,NA,NA,NA,NA,NA,NA,NA
"920",2012,"8","11","wheat",0.89,0.68352,4.06,3.74738,43.729123,8.4494052,48.2195362,14.0873472,2.3786496,3.5132928,29.6417758,6.0707556,44.7062434,"NP","N4 PMg",192,35,0,0,0,0,0,"F",NA,NA,NA,NA,NA,NA,NA,NA,NA
"969",2012,"9","11","wheat",2.39,2.05062,NA,NA,NA,NA,NA,46.651605,8.1614676,11.380941,NA,NA,NA,"NP","N4 PMg",192,35,0,0,0,0,0,"F",NA,NA,NA,NA,NA,NA,NA,NA,NA
"1424",2012,"0","13","wheat",6.55,5.5937,NA,NA,NA,NA,NA,119.313621,18.738895,31.995964,NA,NA,NA,"NPK","N4 PK",192,35,90,0,0,0,0,"F",NA,NA,NA,NA,NA,NA,NA,NA,NA
"1475",2012,"1","13","wheat",6.12,5.22648,3.03,2.49369,119.9535861,18.6127674,56.2841775,104.268276,16.5679416,28.3797864,15.6853101,2.0448258,27.9043911,"NPK","N4 PK",192,35,90,0,0,0,0,"F",NA,NA,NA,NA,NA,NA,NA,NA,NA
"1564",2012,"4","13","wheat",6.3,5.4936,NA,NA,NA,NA,NA,NA,NA,NA,NA,NA,NA,"NPK","N4 PK",192,35,90,0,0,0,0,"F",NA,NA,NA,NA,NA,NA,NA,NA,NA
"1596",2012,"5","13","wheat",7.21,6.29433,6.07,5.16557,169.6391541,30.5629101,93.9708276,133.3768527,22.659588,36.6330006,36.2623014,7.9033221,57.337827,"NPK","N4 PK",192,35,90,0,0,0,0,"F",NA,NA,NA,NA,NA,NA,NA,NA,NA
"1641",2012,"6","13","wheat",5.98,5.20858,NA,NA,NA,NA,NA,NA,NA,NA,NA,NA,NA,"NPK","N4 PK",192,35,90,0,0,0,0,"F",NA,NA,NA,NA,NA,NA,NA,NA,NA
"1670",2012,"7","13","wheat",6.52,5.68544,NA,NA,NA,NA,NA,NA,NA,NA,NA,NA,NA,"NPK","N4 PK",192,35,90,0,0,0,0,"F",NA,NA,NA,NA,NA,NA,NA,NA,NA
"1712",2012,"8","13","wheat",1.97,1.67647,5.43,4.89786,74.6007555,13.9425365,109.2842016,33.9485175,5.6161745,9.8576436,40.652238,8.326362,99.426558,"NPK","N4 PK",192,35,90,0,0,0,0,"F",NA,NA,NA,NA,NA,NA,NA,NA,NA
"1761",2012,"9","13","wheat",6.49,5.66577,NA,NA,NA,NA,NA,118.5845661,19.4902488,32.9747814,NA,NA,NA,"NPK","N4 PK",192,35,90,0,0,0,0,"F",NA,NA,NA,NA,NA,NA,NA,NA,NA
"1820",2012,"0","14","wheat",6.45,5.5212,NA,NA,NA,NA,NA,117.932832,18.606444,31.47084,NA,NA,NA,"N4PKMg","N4 PK*(Mg*)",192,35,90,0,0,0,0,"F",NA,NA,NA,NA,NA,NA,NA,NA,NA
"1871",2012,"1","14","wheat",6.15,5.2644,3.18,2.57262,126.021912,19.4618112,54.1348944,107.499048,16.477572,27.585456,18.522864,2.9842392,26.5494384,"N4PKMg","N4 PK*(Mg*)",192,35,90,0,0,0,0,"F",NA,NA,NA,NA,NA,NA,NA,NA,NA
"1960",2012,"4","14","wheat",6.09,5.31657,NA,NA,NA,NA,NA,NA,NA,NA,NA,NA,NA,"N4PKMg","N4 PK*(Mg*)",192,35,90,0,0,0,0,"F",NA,NA,NA,NA,NA,NA,NA,NA,NA
"1992",2012,"5","14","wheat",7.55,6.57605,5.31,4.68342,171.9209734,29.0747869,76.6519501,141.385075,22.4243305,36.2340355,30.5358984,6.6504564,40.4179146,"N4PKMg","N4 PK*(Mg*)",192,35,90,0,0,0,0,"F",NA,NA,NA,NA,NA,NA,NA,NA,NA
"2037",2012,"6","14","wheat",6.2,5.4064,NA,NA,NA,NA,NA,NA,NA,NA,NA,NA,NA,"N4PKMg","N4 PK*(Mg*)",192,35,90,0,0,0,0,"F",NA,NA,NA,NA,NA,NA,NA,NA,NA
"2066",2012,"7","14","wheat",6.53,5.68763,NA,NA,NA,NA,NA,NA,NA,NA,NA,NA,NA,"N4PKMg","N4 PK*(Mg*)",192,35,90,0,0,0,0,"F",NA,NA,NA,NA,NA,NA,NA,NA,NA
"2108",2012,"8","14","wheat",1.46,1.21618,5.13,4.52979,71.787728,13.4189676,112.5429621,28.4829356,4.2687918,7.4065362,43.3047924,9.1501758,105.1364259,"N4PKMg","N4 PK*(Mg*)",192,35,90,0,0,0,0,"F",NA,NA,NA,NA,NA,NA,NA,NA,NA
"2157",2012,"9","14","wheat",6.56,5.71376,NA,NA,NA,NA,NA,117.5320432,18.4554448,30.6828912,NA,NA,NA,"N4PKMg","N4 PK*(Mg*)",192,35,90,0,0,0,0,"F",NA,NA,NA,NA,NA,NA,NA,NA,NA
"2612",2012,"0","16","wheat",6.5,5.551,NA,NA,NA,NA,NA,129.44932,17.43014,30.91907,NA,NA,NA,"N5PKMg","N5 (P)KMg",240,0,90,0,0,0,0,"F",NA,0,NA,NA,NA,NA,NA,NA,NA
"2663",2012,"1","16","wheat",7.06,6.0363,4.41,3.4839,184.920786,21.764574,82.258542,148.130802,18.350352,30.905856,36.789984,3.414222,51.352686,"N5PKMg","N5 (P)KMg",240,0,90,0,0,0,0,"F",NA,0,0.691274894444444,NA,NA,NA,NA,NA,NA
"2752",2012,"4","16","wheat",7.56,6.44112,NA,NA,NA,NA,NA,NA,NA,NA,NA,NA,NA,"N5PKMg","N5 (P)KMg",240,0,90,0,0,0,0,"F",NA,0,NA,NA,NA,NA,NA,NA,NA
"2784",2012,"5","16","wheat",6.59,5.55537,8.79,7.27812,218.4170736,32.1731484,131.6023248,129.5512284,21.110406,34.2210792,88.8658452,11.0627424,97.3812456,"N5PKMg","N5 (P)KMg",240,0,90,0,0,0,0,"F",NA,0,0.994570543333333,NA,NA,NA,NA,NA,NA
"2829",2012,"6","16","wheat",5.09,4.27051,NA,NA,NA,NA,NA,NA,NA,NA,NA,NA,NA,"N5PKMg","N5 (P)KMg",240,0,90,0,0,0,0,"F",NA,0,NA,NA,NA,NA,NA,NA,NA
"2858",2012,"7","16","wheat",7.34,6.20964,NA,NA,NA,NA,NA,NA,NA,NA,NA,NA,NA,"N5PKMg","N5 (P)KMg",240,0,90,0,0,0,0,"F",NA,0,NA,NA,NA,NA,NA,NA,NA
"2900",2012,"8","16","wheat",0.64,0.45248,6.15,5.5842,55.3553252,18.0178912,196.2814596,10.4025152,1.4886592,2.5655616,44.95281,16.529232,193.715898,"N5PKMg","N5 (P)KMg",240,0,90,0,0,0,0,"F",NA,0,1.64513248222222,NA,NA,NA,NA,NA,NA
"2949",2012,"9","16","wheat",6.99,5.91354,NA,NA,NA,NA,NA,147.7202292,20.8156608,33.5889072,NA,NA,NA,"N5PKMg","N5 (P)KMg",240,0,90,0,0,0,0,"F",NA,0,NA,NA,NA,NA,NA,NA,NA
"4196",2012,"0","20","wheat",1.12,0.95424,NA,NA,NA,NA,NA,20.8883136,1.8225984,5.2196928,NA,NA,NA,"NKMg","N4 KMg",96,0,90,0,0,0,0,"F",NA,NA,NA,NA,NA,NA,NA,NA,NA
"4247",2012,"1","20","wheat",0.14,0.11774,NA,NA,NA,NA,NA,2.8622594,0.2201738,0.5639746,NA,NA,NA,"NKMg","N4 KMg",96,0,90,0,0,0,0,"F",NA,NA,NA,NA,NA,NA,NA,NA,NA
"4682",2012,"0","22","wheat",4.96,4.21104,NA,NA,NA,NA,NA,64.9763472,14.0227632,23.9608176,NA,NA,NA,"FYM","FYM",0,0,0,35,282.625,50.692678257375,327.475465288125,"F",NA,NA,NA,NA,NA,NA,NA,NA,NA
"4733",2012,"1","22","wheat",5.09,4.30614,4.3,3.569,84.0843056,18.1768894,75.8121172,66.9174156,13.8227094,23.5976472,17.16689,4.35418,52.21447,"FYM","FYM",0,0,0,35,282.625,50.692678257375,327.475465288125,"F",NA,NA,NA,0.241302838390093,NA,0.0402109052631579,NA,NA,NA
"4822",2012,"4","22","wheat",5.91,5.0826,NA,NA,NA,NA,NA,NA,NA,NA,NA,NA,NA,"FYM","FYM",0,0,0,35,282.625,50.692678257375,327.475465288125,"F",NA,NA,NA,NA,NA,NA,NA,NA,NA
"4854",2012,"5","22","wheat",7.51,6.46611,5.82,5.1216,131.5555959,28.5589959,97.9875927,110.5058199,22.5667239,36.0162327,21.049776,5.992272,61.97136,"FYM","FYM",0,0,0,35,282.625,50.692678257375,327.475465288125,"F",NA,NA,NA,0.363898007607253,-0.047166602034498,0.0315033889429455,NA,NA,NA
"4899",2012,"6","22","wheat",5.55,4.773,NA,NA,NA,NA,NA,NA,NA,NA,NA,NA,NA,"FYM","FYM",0,0,0,35,282.625,50.692678257375,327.475465288125,"F",NA,NA,NA,NA,NA,NA,NA,NA,NA
"4928",2012,"7","22","wheat",6.07,5.23234,NA,NA,NA,NA,NA,NA,NA,NA,NA,NA,NA,"FYM","FYM",0,0,0,35,282.625,50.692678257375,327.475465288125,"F",NA,NA,NA,NA,NA,NA,NA,NA,NA
"4970",2012,"8","22","wheat",1.1,0.8382,4.59,4.24575,63.314562,13.528026,139.175946,16.101822,3.168396,5.180076,47.21274,10.35963,133.99587,"FYM","FYM",0,0,0,35,282.625,50.692678257375,327.475465288125,"F",NA,NA,NA,0.00533809889429454,0.0965204146837683,0.0692983246351172,NA,NA,NA
"5019",2012,"9","22","wheat",5.98,5.14878,NA,NA,NA,NA,NA,85.8301626,17.763291,28.833168,NA,NA,NA,"FYM","FYM",0,0,0,35,282.625,50.692678257375,327.475465288125,"F",NA,NA,NA,NA,NA,NA,NA,NA,NA
"5068",2012,"0","3","wheat",1.19,1.01269,NA,NA,NA,NA,NA,16.8511616,2.2177911,5.4786529,NA,NA,NA,"Control","Nil",0,0,0,0,0,0,0,"F",NA,NA,NA,NA,NA,NA,NA,NA,NA
"5119",2012,"1","3","wheat",0.54,0.4617,0.15,0.126,8.76132,1.075365,3.804876,8.21826,1.038825,2.437776,0.54306,0.03654,1.3671,"Control","Nil",0,0,0,0,0,0,0,"F",NA,NA,NA,NA,NA,NA,NA,NA,NA
"5208",2012,"4","3","wheat",1.11,0.94683,NA,NA,NA,NA,NA,NA,NA,NA,NA,NA,NA,"Control","Nil",0,0,0,0,0,0,0,"F",NA,NA,NA,NA,NA,NA,NA,NA,NA
"5240",2012,"5","3","wheat",2.42,2.06426,0.95,0.88635,33.96093,6.7570117,17.9154523,30.344622,6.2340652,11.3121448,3.616308,0.5229465,6.6033075,"Control","Nil",0,0,0,0,0,0,0,"F",NA,NA,NA,NA,NA,NA,NA,NA,NA
"5285",2012,"6","3","wheat",1.18,1.0089,NA,NA,NA,NA,NA,NA,NA,NA,NA,NA,NA,"Control","Nil",0,0,0,0,0,0,0,"F",NA,NA,NA,NA,NA,NA,NA,NA,NA
"5314",2012,"7","3","wheat",1.25,1.0675,NA,NA,NA,NA,NA,NA,NA,NA,NA,NA,NA,"Control","Nil",0,0,0,0,0,0,0,"F",NA,NA,NA,NA,NA,NA,NA,NA,NA
"5356",2012,"8","3","wheat",0.84,0.672,0.75,0.68475,13.2238425,2.5261575,10.88511,9.31392,1.83456,3.73632,3.9099225,0.6915975,7.14879,"Control","Nil",0,0,0,0,0,0,0,"F",NA,NA,NA,NA,NA,NA,NA,NA,NA
"5405",2012,"9","3","wheat",0.52,0.44408,NA,NA,NA,NA,NA,8.21548,1.1013184,2.3713872,NA,NA,NA,"Control","Nil",0,0,0,0,0,0,0,"F",NA,NA,NA,NA,NA,NA,NA,NA,NA
"5464",2012,"0","5","wheat",1.46,1.2337,NA,NA,NA,NA,NA,18.061368,3.812133,7.241819,NA,NA,NA,"PKMg","(P)KMg",0,0,90,0,0,0,0,"F",NA,NA,NA,NA,NA,NA,NA,NA,NA
"5515",2012,"1","5","wheat",1.21,1.01882,0.17,0.14195,15.8860909,3.2025075,7.1203115,15.3026764,3.107401,5.807274,0.5834145,0.0951065,1.3130375,"PKMg","(P)KMg",0,0,90,0,0,0,0,"F",NA,NA,NA,NA,NA,NA,NA,NA,NA
"5604",2012,"4","5","wheat",1.47,1.24656,NA,NA,NA,NA,NA,NA,NA,NA,NA,NA,NA,"PKMg","(P)KMg",0,0,90,0,0,0,0,"F",NA,NA,NA,NA,NA,NA,NA,NA,NA
"5636",2012,"5","5","wheat",2.01,1.69845,0.62,0.58404,28.7089215,6.8333892,15.4392627,26.1391455,5.910606,9.6981495,2.569776,0.9227832,5.7411132,"PKMg","(P)KMg",0,0,90,0,0,0,0,"F",NA,NA,NA,NA,NA,NA,NA,NA,NA
"5681",2012,"6","5","wheat",1.36,1.1628,NA,NA,NA,NA,NA,NA,NA,NA,NA,NA,NA,"PKMg","(P)KMg",0,0,90,0,0,0,0,"F",NA,NA,NA,NA,NA,NA,NA,NA,NA
"5710",2012,"7","5","wheat",1.42,1.21552,NA,NA,NA,NA,NA,NA,NA,NA,NA,NA,NA,"PKMg","(P)KMg",0,0,90,0,0,0,0,"F",NA,NA,NA,NA,NA,NA,NA,NA,NA
"5752",2012,"8","5","wheat",1.63,1.38387,3.68,3.3672,61.8058818,10.2642909,91.648818,25.1034018,5.0788029,8.579994,36.70248,5.185488,83.068824,"PKMg","(P)KMg",0,0,90,0,0,0,0,"F",NA,NA,NA,NA,NA,NA,NA,NA,NA
"5801",2012,"9","5","wheat",1.56,1.32288,NA,NA,NA,NA,NA,19.4595648,4.365504,8.1092544,NA,NA,NA,"PKMg","(P)KMg",0,0,90,0,0,0,0,"F",NA,NA,NA,NA,NA,NA,NA,NA,NA
"5860",2012,"0","6","wheat",3.63,3.0855,NA,NA,NA,NA,NA,45.35685,9.62676,19.06839,NA,NA,NA,"N1PKMg","N1 (P)KMg",48,0,90,0,0,0,0,"F",NA,NA,NA,NA,NA,NA,NA,NA,NA
"5911",2012,"1","6","wheat",3.32,2.81536,1.44,1.17216,46.410192,9.4286112,29.851648,42.0614784,8.7839232,17.0047744,4.3487136,0.644688,12.8468736,"N1PKMg","N1 (P)KMg",48,0,90,0,0,0,0,"F",NA,NA,NA,NA,NA,NA,NA,NA,NA
"6000",2012,"4","6","wheat",3.63,3.1218,NA,NA,NA,NA,NA,NA,NA,NA,NA,NA,NA,"N1PKMg","N1 (P)KMg",48,0,90,0,0,0,0,"F",NA,NA,NA,NA,NA,NA,NA,NA,NA
"6032",2012,"5","6","wheat",4.08,3.50472,2.59,2.40093,61.5456039,13.8906111,42.4531569,51.869856,11.7057648,21.5890752,9.6757479,2.1848463,20.8640817,"N1PKMg","N1 (P)KMg",48,0,90,0,0,0,0,"F",NA,NA,NA,NA,NA,NA,NA,NA,NA
"6077",2012,"6","6","wheat",3.24,2.7864,NA,NA,NA,NA,NA,NA,NA,NA,NA,NA,NA,"N1PKMg","N1 (P)KMg",48,0,90,0,0,0,0,"F",NA,NA,NA,NA,NA,NA,NA,NA,NA
"6106",2012,"7","6","wheat",3.51,3.01158,NA,NA,NA,NA,NA,NA,NA,NA,NA,NA,NA,"N1PKMg","N1 (P)KMg",48,0,90,0,0,0,0,"F",NA,NA,NA,NA,NA,NA,NA,NA,NA
"6148",2012,"8","6","wheat",1.33,1.12252,3.98,3.66558,56.2197346,10.5261684,83.9974992,19.307344,4.0747476,7.240254,36.9123906,6.4514208,76.7572452,"N1PKMg","N1 (P)KMg",48,0,90,0,0,0,0,"F",NA,NA,NA,NA,NA,NA,NA,NA,NA
"6197",2012,"9","6","wheat",3.46,2.9756,NA,NA,NA,NA,NA,43.533028,9.283872,18.537988,NA,NA,NA,"N1PKMg","N1 (P)KMg",48,0,90,0,0,0,0,"F",NA,NA,NA,NA,NA,NA,NA,NA,NA
"6256",2012,"0","7","wheat",5.28,4.48272,NA,NA,NA,NA,NA,72.4407552,13.3585056,26.6273568,NA,NA,NA,"N2PKMg","N2 (P)KMg",96,0,90,0,0,0,0,"F",NA,NA,NA,NA,NA,NA,NA,NA,NA
"6307",2012,"1","7","wheat",5.19,4.40631,2.31,1.89882,78.1281297,15.1520859,47.4210153,70.4568969,13.8798765,25.0719039,7.6712328,1.2722094,22.3491114,"N2PKMg","N2 (P)KMg",96,0,90,0,0,0,0,"F",0.648354570833333,NA,NA,NA,NA,NA,NA,NA,NA
"6396",2012,"4","7","wheat",5.2,4.498,NA,NA,NA,NA,NA,NA,NA,NA,NA,NA,NA,"N2PKMg","N2 (P)KMg",96,0,90,0,0,0,0,"F",NA,NA,NA,NA,NA,NA,NA,NA,NA
"6428",2012,"5","7","wheat",6.03,5.21595,3.96,3.6036,100.604547,20.2311135,61.1818785,83.559519,16.9518375,31.4521785,17.045028,3.279276,29.7297,"N2PKMg","N2 (P)KMg",96,0,90,0,0,0,0,"F",0.748912765625,NA,NA,NA,NA,NA,NA,NA,NA
"6473",2012,"6","7","wheat",4.26,3.68064,NA,NA,NA,NA,NA,NA,NA,NA,NA,NA,NA,"N2PKMg","N2 (P)KMg",96,0,90,0,0,0,0,"F",NA,NA,NA,NA,NA,NA,NA,NA,NA
"6502",2012,"7","7","wheat",4.54,3.9271,NA,NA,NA,NA,NA,NA,NA,NA,NA,NA,NA,"N2PKMg","N2 (P)KMg",96,0,90,0,0,0,0,"F",NA,NA,NA,NA,NA,NA,NA,NA,NA
"6544",2012,"8","7","wheat",1.51,1.27444,3.43,3.12816,36.0700684,8.726422,55.4263888,19.052878,4.0654636,8.0034832,17.0171904,4.6609584,47.4229056,"N2PKMg","N2 (P)KMg",96,0,90,0,0,0,0,"F",-0.268081389583333,NA,NA,NA,NA,NA,NA,NA,NA
"6593",2012,"9","7","wheat",4.67,4.03488,NA,NA,NA,NA,NA,62.944128,12.3870816,24.6531168,NA,NA,NA,"N2PKMg","N2 (P)KMg",96,0,90,0,0,0,0,"F",NA,NA,NA,NA,NA,NA,NA,NA,NA
"8103",2012,"3","1","maize",14.32,3.98096,NA,NA,46.0995168,6.5287744,59.6745904,NA,NA,NA,NA,NA,NA,"FYM+NPK","(FYM) N4",192,0,0,0,0,0,0,"F",NA,NA,NA,NA,NA,NA,0,0,0
"2960",2012,"3","10","maize",0.96,0.18912,NA,NA,2.93136,0.302592,1.919568,NA,NA,NA,NA,NA,NA,"N","N4",192,0,0,0,0,0,0,"F",NA,NA,NA,NA,NA,NA,NA,NA,NA
"50103",2012,"3","11","maize",5.44,1.51232,NA,NA,19.28208,3.478336,6.881056,NA,NA,NA,NA,NA,NA,"NP","N4 PMg",192,35,0,0,0,0,0,"F",NA,NA,NA,NA,NA,NA,NA,NA,NA
"9211",2012,"3","13","maize",10.72,2.79792,NA,NA,31.756392,4.1129424,40.0382352,NA,NA,NA,NA,NA,NA,"NPK","N4 PK",192,35,90,0,0,0,0,"F",NA,NA,NA,NA,NA,NA,NA,NA,NA
"1132",2012,"3","14","maize",9.82,2.62194,NA,NA,29.103534,4.0377876,34.1376588,NA,NA,NA,NA,NA,NA,"N4PKMg","N4 PK*(Mg*)",192,35,90,0,0,0,0,"F",NA,NA,NA,NA,NA,NA,NA,NA,NA
"15512",2012,"3","16","maize",9.13,2.62031,NA,NA,27.3822395,3.3801999,34.8239199,NA,NA,NA,NA,NA,NA,"N5PKMg","N5 (P)KMg",240,0,90,0,0,0,0,"F",NA,0,0.310476265555556,NA,NA,NA,NA,NA,NA
"26010",2012,"3","22","maize",11.21,3.18364,NA,NA,28.493578,5.9852432,51.1610948,NA,NA,NA,NA,NA,NA,"FYM","FYM",0,0,0,35,282.625,50.692678257375,327.475465288125,"F",NA,NA,NA,0.0774143844316674,0.0904457072091995,0.0325926510393631,NA,NA,NA
"28111",2012,"3","3","maize",1.65,0.37125,NA,NA,4.373325,0.5680125,4.061475,NA,NA,NA,NA,NA,NA,"Control","Nil",0,0,0,0,0,0,0,"F",NA,NA,NA,NA,NA,NA,NA,NA,NA
"3022",2012,"3","5","maize",3.56,0.83304,NA,NA,6.6143376,1.5161328,13.4202744,NA,NA,NA,NA,NA,NA,"PKMg","(P)KMg",0,0,90,0,0,0,0,"F",NA,NA,NA,NA,NA,NA,NA,NA,NA
"3232",2012,"3","6","maize",5.75,1.47775,NA,NA,10.9205725,1.95063,24.678425,NA,NA,NA,NA,NA,NA,"N1PKMg","N1 (P)KMg",48,0,90,0,0,0,0,"F",NA,NA,NA,NA,NA,NA,NA,NA,NA
"3442",2012,"3","7","maize",8.85,2.22135,NA,NA,17.9707215,2.310204,37.3408935,NA,NA,NA,NA,NA,NA,"N2PKMg","N2 (P)KMg",96,0,90,0,0,0,0,"F",0.118295665625,NA,NA,NA,NA,NA,NA,NA,NA
"2310",2013,"7","1","oats",5.22,4.5441666,1.83,1.5007464,78.246516186,15.74612298,45.160173072,72.93387393,14.99574978,19.812566376,5.312642256,0.7503732,25.347606696,"FYM+NPK","(FYM) N4",192,0,0,0,0,0,0,"F",NA,NA,NA,NA,NA,NA,0,0,0
"4610",2013,"7","10","oats",2.37,2.0137416,0.51,0.4390794,42.81226389,4.998013458,9.570246834,40.717855152,4.853117256,8.195928312,2.094408738,0.144896202,1.374318522,"N","N4",192,0,0,0,0,0,0,"F",NA,NA,NA,NA,NA,NA,NA,NA,NA
"6910",2013,"7","11","oats",3.44,2.9395488,0.97,0.8216385,51.811564584,9.825591795,15.547583757,48.590741664,9.40655616,12.022754592,3.22082292,0.419035635,3.524829165,"NP","N4 PMg",192,35,0,0,0,0,0,"F",NA,NA,NA,NA,NA,NA,NA,NA,NA
"115",2013,"7","13","oats",1.78,1.513,0.38,0.3250938,27.472656424,5.369762544,8.735797204,26.34133,5.08368,6.59668,1.131326424,0.286082544,2.139117204,"NPK","N4 PK",192,35,90,0,0,0,0,"F",NA,NA,NA,NA,NA,NA,NA,NA,NA
"1381",2013,"7","14","oats",1.59,1.2917319,0.33,0.2817276,22.903382865,4.505690913,7.094385729,21.739847877,4.223963313,5.722372317,1.163534988,0.2817276,1.372013412,"N4PKMg","N4 PK*(Mg*)",192,35,90,0,0,0,0,"F",NA,NA,NA,NA,NA,NA,NA,NA,NA
"184",2013,"7","16","oats",2.98,2.4466098,0.95,0.820971,48.330430392,8.59841862,15.28618785,45.604806672,8.19614283,11.13207459,2.72562372,0.40227579,4.15411326,"N5PKMg","N5 (P)KMg",240,0,90,0,0,0,0,"F",NA,0,-0.00290439896666664,NA,NA,NA,NA,NA,NA
"299",2013,"7","22","oats",6.34,5.4871432,2.91,2.5068195,106.330258493,20.063447857,54.256735578,99.536777648,18.985515472,26.832130248,6.793480845,1.077932385,27.42460533,"FYM","FYM",0,0,0,35,312.48,71.6613098194525,296.672664215725,"F",NA,NA,NA,0.229701995689324,0.203270592047491,0.174470986651946,NA,NA,NA
"322",2013,"7","3","oats",2.14,1.8612008,0.47,0.4065782,30.00347352,5.480514862,9.640230598,28.978896456,5.378870312,7.798431352,1.024577064,0.10164455,1.841799246,"Control","Nil",0,0,0,0,0,0,0,"F",NA,NA,NA,NA,NA,NA,NA,NA,NA
"345",2013,"7","5","oats",2.38,2.0641502,0.43,0.3634704,34.55297888,7.160492706,13.339800524,33.0264032,6.749771154,9.123543884,1.52657568,0.410721552,4.21625664,"PKMg","(P)KMg",0,0,90,0,0,0,0,"F",NA,NA,NA,NA,NA,NA,NA,NA,NA
"3681",2013,"7","6","oats",2.02,1.7189796,0.39,0.3363165,28.440129354,5.883764133,9.31908237,27.572432784,5.638253088,7.56351024,0.86769657,0.245511045,1.75557213,"N1PKMg","N1 (P)KMg",48,0,90,0,0,0,0,"F",NA,NA,NA,NA,NA,NA,NA,NA,NA
"3911",2013,"7","7","oats",1.78,1.5511454,0.25,0.2168175,26.047707506,5.269883612,7.6200829,25.423273106,5.087756912,6.59236795,0.6244344,0.1821267,1.02771495,"N2PKMg","N2 (P)KMg",96,0,90,0,0,0,0,"F",-0.0885965768125,NA,NA,NA,NA,NA,NA,NA,NA
"583",2013,"3","1","wheat",7.92,6.93,4.59,4.09428,188.4448836,25.05474,66.6922824,166.4586,23.0076,33.6105,21.9862836,2.04714,33.0817824,"FYM+NPK","(FYM) N4",192,0,0,0,0,0,0,"F",NA,NA,NA,NA,NA,NA,0,0,0
"8510",2013,"4","1","wheat",7.5,6.525,NA,NA,NA,NA,NA,NA,NA,NA,NA,NA,NA,"FYM+NPK","(FYM) N4",192,0,0,0,0,0,0,"F",NA,NA,NA,NA,NA,NA,0,0,0
"1172",2013,"5","1","wheat",7.38,6.42798,NA,NA,NA,NA,NA,NA,NA,NA,NA,NA,NA,"FYM+NPK","(FYM) N4",192,0,0,0,0,0,0,"F",NA,NA,NA,NA,NA,NA,0,0,0
"16211",2013,"6","1","wheat",6.63,5.80788,NA,NA,NA,NA,NA,NA,NA,NA,NA,NA,NA,"FYM+NPK","(FYM) N4",192,0,0,0,0,0,0,"F",NA,NA,NA,NA,NA,NA,0,0,0
"237",2013,"0","10","wheat",2.25,1.90575,NA,NA,NA,NA,NA,42.4410525,3.4494075,8.194725,NA,NA,NA,"N","N4",192,0,0,0,0,0,0,"F",NA,NA,NA,NA,NA,NA,NA,NA,NA
"28810",2013,"1","10","wheat",2.88,2.4624,0.58,0.48894,58.4119326,4.5351744,12.8477538,56.216592,4.456944,10.662192,2.1953406,0.0782304,2.1855618,"N","N4",192,0,0,0,0,0,0,"F",NA,NA,NA,NA,NA,NA,NA,NA,NA
"3502",2013,"3","10","wheat",5.35,4.65985,2.31,2.11365,106.0821985,10.911227,27.181492,95.3871295,10.2982685,20.037355,10.695069,0.6129585,7.144137,"N","N4",192,0,0,0,0,0,0,"F",NA,NA,NA,NA,NA,NA,NA,NA,NA
"3772",2013,"4","10","wheat",2.87,2.48542,NA,NA,NA,NA,NA,NA,NA,NA,NA,NA,NA,"N","N4",192,0,0,0,0,0,0,"F",NA,NA,NA,NA,NA,NA,NA,NA,NA
"4091",2013,"5","10","wheat",1.93,1.6598,NA,NA,NA,NA,NA,NA,NA,NA,NA,NA,NA,"N","N4",192,0,0,0,0,0,0,"F",NA,NA,NA,NA,NA,NA,NA,NA,NA
"4541",2013,"6","10","wheat",2.85,2.4567,NA,NA,NA,NA,NA,NA,NA,NA,NA,NA,NA,"N","N4",192,0,0,0,0,0,0,"F",NA,NA,NA,NA,NA,NA,NA,NA,NA
"525",2013,"8","10","wheat",1.46,1.20888,1.33,0.82061,35.8787462,2.8803029,11.6966174,26.2447848,2.478204,5.016852,9.6339614,0.4020989,6.6797654,"N","N4",192,0,0,0,0,0,0,"F",NA,NA,NA,NA,NA,NA,NA,NA,NA
"574",2013,"9","10","wheat",2.52,2.15964,NA,NA,NA,NA,NA,45.3308436,3.77937,9.2432592,NA,NA,NA,"N","N4",192,0,0,0,0,0,0,"F",NA,NA,NA,NA,NA,NA,NA,NA,NA
"633",2013,"0","11","wheat",5.36,4.62032,NA,NA,NA,NA,NA,90.6968816,12.3824576,21.0686592,NA,NA,NA,"NP","N4 PMg",192,35,0,0,0,0,0,"F",NA,NA,NA,NA,NA,NA,NA,NA,NA
"684",2013,"1","11","wheat",4.35,3.7584,1.39,1.13424,84.6074832,10.4630544,17.8106688,76.633776,9.884592,15.9732,7.9737072,0.5784624,1.8374688,"NP","N4 PMg",192,35,0,0,0,0,0,"F",NA,NA,NA,NA,NA,NA,NA,NA,NA
"746",2013,"3","11","wheat",3.57,3.13803,1.73,1.57776,77.6430744,11.6674884,16.2078009,62.0074728,9.9161748,13.3993881,15.6356016,1.7513136,2.8084128,"NP","N4 PMg",192,35,0,0,0,0,0,"F",NA,NA,NA,NA,NA,NA,NA,NA,NA
"773",2013,"4","11","wheat",4.61,4.05219,NA,NA,NA,NA,NA,NA,NA,NA,NA,NA,NA,"NP","N4 PMg",192,35,0,0,0,0,0,"F",NA,NA,NA,NA,NA,NA,NA,NA,NA
"805",2013,"5","11","wheat",4.19,3.66625,NA,NA,NA,NA,NA,NA,NA,NA,NA,NA,NA,"NP","N4 PMg",192,35,0,0,0,0,0,"F",NA,NA,NA,NA,NA,NA,NA,NA,NA
"850",2013,"6","11","wheat",4.18,3.6575,NA,NA,NA,NA,NA,NA,NA,NA,NA,NA,NA,"NP","N4 PMg",192,35,0,0,0,0,0,"F",NA,NA,NA,NA,NA,NA,NA,NA,NA
"921",2013,"8","11","wheat",2.55,2.20065,1.93,1.37223,59.2907988,8.6530272,15.863079,44.937273,7.0200735,9.550821,14.3535258,1.6329537,6.312258,"NP","N4 PMg",192,35,0,0,0,0,0,"F",NA,NA,NA,NA,NA,NA,NA,NA,NA
"970",2013,"9","11","wheat",3.62,3.15302,NA,NA,NA,NA,NA,65.0783328,10.0581338,14.2201202,NA,NA,NA,"NP","N4 PMg",192,35,0,0,0,0,0,"F",NA,NA,NA,NA,NA,NA,NA,NA,NA
"1425",2013,"0","13","wheat",6.64,5.6772,NA,NA,NA,NA,NA,118.596708,15.89616,26.001576,NA,NA,NA,"NPK","N4 PK",192,35,90,0,0,0,0,"F",NA,NA,NA,NA,NA,NA,NA,NA,NA
"1476",2013,"1","13","wheat",5.84,5.01072,1.85,1.4245,120.3842728,13.791228,30.2169252,111.4384128,13.278408,22.0972752,8.94586,0.51282,8.11965,"NPK","N4 PK",192,35,90,0,0,0,0,"F",NA,NA,NA,NA,NA,NA,NA,NA,NA
"1538",2013,"3","13","wheat",7.82,6.77994,4.51,4.11312,154.6827606,22.8009186,59.1045198,134.4462102,20.9500146,32.204715,20.2365504,1.850904,26.8998048,"NPK","N4 PK",192,35,90,0,0,0,0,"F",NA,NA,NA,NA,NA,NA,NA,NA,NA
"1565",2013,"4","13","wheat",6.79,5.89372,NA,NA,NA,NA,NA,NA,NA,NA,NA,NA,NA,"NPK","N4 PK",192,35,90,0,0,0,0,"F",NA,NA,NA,NA,NA,NA,NA,NA,NA
"1597",2013,"5","13","wheat",6.34,5.49678,NA,NA,NA,NA,NA,NA,NA,NA,NA,NA,NA,"NPK","N4 PK",192,35,90,0,0,0,0,"F",NA,NA,NA,NA,NA,NA,NA,NA,NA
"1642",2013,"6","13","wheat",7.61,6.56743,NA,NA,NA,NA,NA,NA,NA,NA,NA,NA,NA,"NPK","N4 PK",192,35,90,0,0,0,0,"F",NA,NA,NA,NA,NA,NA,NA,NA,NA
"1713",2013,"8","13","wheat",1.91,1.58339,3.27,1.95546,58.1743495,9.5095466,36.8975672,38.3655397,5.383526,6.9985838,19.8088098,4.1260206,29.8989834,"NPK","N4 PK",192,35,90,0,0,0,0,"F",NA,NA,NA,NA,NA,NA,NA,NA,NA
"1762",2013,"9","13","wheat",6.09,5.26176,NA,NA,NA,NA,NA,122.4937728,15.3117216,24.0988608,NA,NA,NA,"NPK","N4 PK",192,35,90,0,0,0,0,"F",NA,NA,NA,NA,NA,NA,NA,NA,NA
"1821",2013,"0","14","wheat",6.57,5.62392,NA,NA,NA,NA,NA,119.9582136,16.1968896,26.3199456,NA,NA,NA,"N4PKMg","N4 PK*(Mg*)",192,35,90,0,0,0,0,"F",NA,NA,NA,NA,NA,NA,NA,NA,NA
"1872",2013,"1","14","wheat",6.56,5.64816,2.15,1.6555,127.0641428,15.1253844,33.7799196,120.4752528,14.6287344,24.3435696,6.58889,0.49665,9.43635,"N4PKMg","N4 PK*(Mg*)",192,35,90,0,0,0,0,"F",NA,NA,NA,NA,NA,NA,NA,NA,NA
"1934",2013,"3","14","wheat",8.02,6.94532,4.14,3.58938,145.0637736,22.0945774,53.8991368,130.8498288,20.7665068,32.4346444,14.2139448,1.3280706,21.4644924,"N4PKMg","N4 PK*(Mg*)",192,35,90,0,0,0,0,"F",NA,NA,NA,NA,NA,NA,NA,NA,NA
"1961",2013,"4","14","wheat",6.56,5.69408,NA,NA,NA,NA,NA,NA,NA,NA,NA,NA,NA,"N4PKMg","N4 PK*(Mg*)",192,35,90,0,0,0,0,"F",NA,NA,NA,NA,NA,NA,NA,NA,NA
"1993",2013,"5","14","wheat",4.77,4.14036,NA,NA,NA,NA,NA,NA,NA,NA,NA,NA,NA,"N4PKMg","N4 PK*(Mg*)",192,35,90,0,0,0,0,"F",NA,NA,NA,NA,NA,NA,NA,NA,NA
"2038",2013,"6","14","wheat",7.26,6.2799,NA,NA,NA,NA,NA,NA,NA,NA,NA,NA,NA,"N4PKMg","N4 PK*(Mg*)",192,35,90,0,0,0,0,"F",NA,NA,NA,NA,NA,NA,NA,NA,NA
"2109",2013,"8","14","wheat",2.96,2.41536,3.79,2.40665,83.3322922,13.652124,42.6861653,57.2923392,8.45376,11.1831168,26.039953,5.198364,31.5030485,"N4PKMg","N4 PK*(Mg*)",192,35,90,0,0,0,0,"F",NA,NA,NA,NA,NA,NA,NA,NA,NA
"2158",2013,"9","14","wheat",6.6,5.7222,NA,NA,NA,NA,NA,119.250648,16.994934,26.779896,NA,NA,NA,"N4PKMg","N4 PK*(Mg*)",192,35,90,0,0,0,0,"F",NA,NA,NA,NA,NA,NA,NA,NA,NA
"2613",2013,"0","16","wheat",7.38,6.35418,NA,NA,NA,NA,NA,148.052394,15.0594066,26.3063052,NA,NA,NA,"N5PKMg","N5 (P)KMg",240,0,90,0,0,0,0,"F",NA,0,NA,NA,NA,NA,NA,NA,NA
"2664",2013,"1","16","wheat",6.56,5.64816,2.19,1.57899,142.632651,13.1437992,32.3247099,133.1271312,12.7648416,23.2139376,9.5055198,0.3789576,9.1107723,"N5PKMg","N5 (P)KMg",240,0,90,0,0,0,0,"F",NA,0,0.161267123333333,NA,NA,NA,NA,NA,NA
"2726",2013,"3","16","wheat",8.01,6.92865,5.45,4.905,188.0696835,21.7577025,66.3790005,157.9039335,19.7466525,30.2782005,30.16575,2.01105,36.1008,"N5PKMg","N5 (P)KMg",240,0,90,0,0,0,0,"F",NA,0,0.557457773333333,NA,NA,NA,NA,NA,NA
"2753",2013,"4","16","wheat",7.24,6.29156,NA,NA,NA,NA,NA,NA,NA,NA,NA,NA,NA,"N5PKMg","N5 (P)KMg",240,0,90,0,0,0,0,"F",NA,0,NA,NA,NA,NA,NA,NA,NA
"2785",2013,"5","16","wheat",7.18,6.23224,NA,NA,NA,NA,NA,NA,NA,NA,NA,NA,NA,"N5PKMg","N5 (P)KMg",240,0,90,0,0,0,0,"F",NA,0,NA,NA,NA,NA,NA,NA,NA
"2830",2013,"6","16","wheat",7.53,6.55863,NA,NA,NA,NA,NA,NA,NA,NA,NA,NA,NA,"N5PKMg","N5 (P)KMg",240,0,90,0,0,0,0,"F",NA,0,NA,NA,NA,NA,NA,NA,NA
"2901",2013,"8","16","wheat",3.64,3.06124,4.17,3.16503,112.2584633,11.3473573,48.2401676,79.5004028,8.8469836,12.9184328,32.7580605,2.5003737,35.3217348,"N5PKMg","N5 (P)KMg",240,0,90,0,0,0,0,"F",NA,0,0.359745428888889,NA,NA,NA,NA,NA,NA
"2950",2013,"9","16","wheat",5.23,4.5501,NA,NA,NA,NA,NA,123.262209,12.785781,20.566452,NA,NA,NA,"N5PKMg","N5 (P)KMg",240,0,90,0,0,0,0,"F",NA,0,NA,NA,NA,NA,NA,NA,NA
"4197",2013,"0","20","wheat",2.05,1.76505,NA,NA,NA,NA,NA,44.620464,3.7242555,8.154531,NA,NA,NA,"NKMg","N4 KMg",96,0,90,0,0,0,0,"F",NA,NA,NA,NA,NA,NA,NA,NA,NA
"4248",2013,"1","20","wheat",1.07,0.91271,0.13,0.0884,22.5664683,1.6944144,4.4571081,22.0236923,1.6793864,3.9337801,0.542776,0.015028,0.523328,"NKMg","N4 KMg",96,0,90,0,0,0,0,"F",NA,NA,NA,NA,NA,NA,NA,NA,NA
"4683",2013,"0","22","wheat",4.43,3.81866,NA,NA,NA,NA,NA,78.091597,13.0216306,19.7806588,NA,NA,NA,"FYM","FYM",0,0,0,35,312.48,71.6613098194525,296.672664215725,"F",NA,NA,NA,NA,NA,NA,NA,NA,NA
"4734",2013,"1","22","wheat",4.84,4.17208,1.69,1.21173,97.8370652,15.7195324,32.6580644,93.3294296,15.1863712,22.2371864,4.5076356,0.5331612,10.420878,"FYM","FYM",0,0,0,35,312.48,71.6613098194525,296.672664215725,"F",NA,NA,NA,0.208404015616999,0.240881326484895,0.0423373719918075,NA,NA,NA
"4796",2013,"3","22","wheat",7.45,6.45915,4.41,3.91608,119.6943666,26.510928,66.4689219,107.867805,23.769672,33.6521715,11.8265616,2.741256,32.8167504,"FYM","FYM",0,0,0,35,312.48,71.6613098194525,296.672664215725,"F",NA,NA,NA,0.284466850998464,0.0435617258704557,0.134572747695853,NA,NA,NA
"4823",2013,"4","22","wheat",5.24,4.55356,NA,NA,NA,NA,NA,NA,NA,NA,NA,NA,NA,"FYM","FYM",0,0,0,35,312.48,71.6613098194525,296.672664215725,"F",NA,NA,NA,NA,NA,NA,NA,NA,NA
"4855",2013,"5","22","wheat",5.82,5.05758,NA,NA,NA,NA,NA,NA,NA,NA,NA,NA,NA,"FYM","FYM",0,0,0,35,312.48,71.6613098194525,296.672664215725,"F",NA,NA,NA,NA,NA,NA,NA,NA,NA
"4900",2013,"6","22","wheat",5.44,4.7328,NA,NA,NA,NA,NA,NA,NA,NA,NA,NA,NA,"FYM","FYM",0,0,0,35,312.48,71.6613098194525,296.672664215725,"F",NA,NA,NA,NA,NA,NA,NA,NA,NA
"4971",2013,"8","22","wheat",2.88,2.35872,3.43,1.98597,73.3159329,11.5759392,58.3559193,54.6279552,9.0338976,11.8643616,18.6879777,2.5420416,46.4915577,"FYM","FYM",0,0,0,35,312.48,71.6613098194525,296.672664215725,"F",NA,NA,NA,0.0713039103302611,0.119806665066564,0.0448833016513057,NA,NA,NA
"5020",2013,"9","22","wheat",6,5.154,NA,NA,NA,NA,NA,102.97692,17.47206,26.59464,NA,NA,NA,"FYM","FYM",0,0,0,35,312.48,71.6613098194525,296.672664215725,"F",NA,NA,NA,NA,NA,NA,NA,NA,NA
"5069",2013,"0","3","wheat",1.35,1.1556,NA,NA,NA,NA,NA,21.852396,2.692548,5.43132,NA,NA,NA,"Control","Nil",0,0,0,0,0,0,0,"F",NA,NA,NA,NA,NA,NA,NA,NA,NA
"5120",2013,"1","3","wheat",1.6,1.3664,0.34,0.2516,30.024092,2.95572,7.753392,29.090656,2.910432,6.394752,0.933436,0.045288,1.35864,"Control","Nil",0,0,0,0,0,0,0,"F",NA,NA,NA,NA,NA,NA,NA,NA,NA
"5182",2013,"3","3","wheat",2.14,1.83612,0.7,0.6363,30.007899,5.3927448,10.741386,28.092636,5.2145808,8.170734,1.915263,0.178164,2.570652,"Control","Nil",0,0,0,0,0,0,0,"F",NA,NA,NA,NA,NA,NA,NA,NA,NA
"5209",2013,"4","3","wheat",1.59,1.36899,NA,NA,NA,NA,NA,NA,NA,NA,NA,NA,NA,"Control","Nil",0,0,0,0,0,0,0,"F",NA,NA,NA,NA,NA,NA,NA,NA,NA
"5241",2013,"5","3","wheat",1.52,1.30872,NA,NA,NA,NA,NA,NA,NA,NA,NA,NA,NA,"Control","Nil",0,0,0,0,0,0,0,"F",NA,NA,NA,NA,NA,NA,NA,NA,NA
"5286",2013,"6","3","wheat",1.6,1.3824,NA,NA,NA,NA,NA,NA,NA,NA,NA,NA,NA,"Control","Nil",0,0,0,0,0,0,0,"F",NA,NA,NA,NA,NA,NA,NA,NA,NA
"5357",2013,"8","3","wheat",1.67,1.34602,1.03,0.73439,27.4477255,4.2437326,13.4204363,23.151544,3.8765376,6.5685776,4.2961815,0.367195,6.8518587,"Control","Nil",0,0,0,0,0,0,0,"F",NA,NA,NA,NA,NA,NA,NA,NA,NA
"5406",2013,"9","3","wheat",1.32,1.12068,NA,NA,NA,NA,NA,20.8558548,2.3646348,4.9534056,NA,NA,NA,"Control","Nil",0,0,0,0,0,0,0,"F",NA,NA,NA,NA,NA,NA,NA,NA,NA
"5465",2013,"0","5","wheat",1.84,1.56216,NA,NA,NA,NA,NA,28.0095288,4.8114528,7.888908,NA,NA,NA,"PKMg","(P)KMg",0,0,90,0,0,0,0,"F",NA,NA,NA,NA,NA,NA,NA,NA,NA
"5516",2013,"1","5","wheat",1.95,1.66335,0.48,0.34848,32.7149784,5.0830263,10.6392078,31.537116,4.9401495,8.283483,1.1778624,0.1428768,2.3557248,"PKMg","(P)KMg",0,0,90,0,0,0,0,"F",NA,NA,NA,NA,NA,NA,NA,NA,NA
"5578",2013,"3","5","wheat",2.26,1.93004,0.75,0.66675,30.804165,7.2369528,12.3203619,28.9506,6.8902428,9.3799944,1.853565,0.34671,2.9403675,"PKMg","(P)KMg",0,0,90,0,0,0,0,"F",NA,NA,NA,NA,NA,NA,NA,NA,NA
"5605",2013,"4","5","wheat",1.87,1.60633,NA,NA,NA,NA,NA,NA,NA,NA,NA,NA,NA,"PKMg","(P)KMg",0,0,90,0,0,0,0,"F",NA,NA,NA,NA,NA,NA,NA,NA,NA
"5637",2013,"5","5","wheat",1.91,1.6426,NA,NA,NA,NA,NA,NA,NA,NA,NA,NA,NA,"PKMg","(P)KMg",0,0,90,0,0,0,0,"F",NA,NA,NA,NA,NA,NA,NA,NA,NA
"5682",2013,"6","5","wheat",2.1,1.8186,NA,NA,NA,NA,NA,NA,NA,NA,NA,NA,NA,"PKMg","(P)KMg",0,0,90,0,0,0,0,"F",NA,NA,NA,NA,NA,NA,NA,NA,NA
"5753",2013,"8","5","wheat",2.58,2.1285,2.3,1.7043,51.034887,9.260475,31.208859,39.12183,7.556175,10.961775,11.913057,1.7043,20.247084,"PKMg","(P)KMg",0,0,90,0,0,0,0,"F",NA,NA,NA,NA,NA,NA,NA,NA,NA
"5802",2013,"9","5","wheat",1.84,1.5732,NA,NA,NA,NA,NA,27.263556,5.03424,7.991856,NA,NA,NA,"PKMg","(P)KMg",0,0,90,0,0,0,0,"F",NA,NA,NA,NA,NA,NA,NA,NA,NA
"5861",2013,"0","6","wheat",3.03,2.59671,NA,NA,NA,NA,NA,42.8197479,7.6343274,13.3470894,NA,NA,NA,"N1PKMg","N1 (P)KMg",48,0,90,0,0,0,0,"F",NA,NA,NA,NA,NA,NA,NA,NA,NA
"5912",2013,"1","6","wheat",3.58,3.05732,1.12,0.85904,63.1529808,9.6522748,19.5739572,60.4126432,9.3859724,15.0725876,2.7403376,0.2663024,4.5013696,"N1PKMg","N1 (P)KMg",48,0,90,0,0,0,0,"F",NA,NA,NA,NA,NA,NA,NA,NA,NA
"5974",2013,"3","6","wheat",4.49,3.87487,2.28,2.03604,57.0481625,12.9696752,26.2713026,52.0395041,12.399584,18.6768734,5.0086584,0.5700912,7.5944292,"N1PKMg","N1 (P)KMg",48,0,90,0,0,0,0,"F",NA,NA,NA,NA,NA,NA,NA,NA,NA
"6001",2013,"4","6","wheat",3.44,2.98592,NA,NA,NA,NA,NA,NA,NA,NA,NA,NA,NA,"N1PKMg","N1 (P)KMg",48,0,90,0,0,0,0,"F",NA,NA,NA,NA,NA,NA,NA,NA,NA
"6033",2013,"5","6","wheat",3.77,3.25351,NA,NA,NA,NA,NA,NA,NA,NA,NA,NA,NA,"N1PKMg","N1 (P)KMg",48,0,90,0,0,0,0,"F",NA,NA,NA,NA,NA,NA,NA,NA,NA
"6078",2013,"6","6","wheat",3.91,3.38215,NA,NA,NA,NA,NA,NA,NA,NA,NA,NA,NA,"N1PKMg","N1 (P)KMg",48,0,90,0,0,0,0,"F",NA,NA,NA,NA,NA,NA,NA,NA,NA
"6149",2013,"8","6","wheat",3.44,2.92744,2.8,2.2316,59.3331184,13.0424984,33.6657896,47.0146864,10.2753144,14.6079256,12.318432,2.767184,19.057864,"N1PKMg","N1 (P)KMg",48,0,90,0,0,0,0,"F",NA,NA,NA,NA,NA,NA,NA,NA,NA
"6198",2013,"9","6","wheat",3.64,3.14132,NA,NA,NA,NA,NA,52.0516724,9.2354808,15.7380132,NA,NA,NA,"N1PKMg","N1 (P)KMg",48,0,90,0,0,0,0,"F",NA,NA,NA,NA,NA,NA,NA,NA,NA
"6257",2013,"0","7","wheat",5.03,4.29059,NA,NA,NA,NA,NA,69.4646521,11.4558753,20.5519261,NA,NA,NA,"N2PKMg","N2 (P)KMg",96,0,90,0,0,0,0,"F",NA,NA,NA,NA,NA,NA,NA,NA,NA
"6308",2013,"1","7","wheat",5.23,4.48211,1.77,1.42839,87.3170049,14.6205524,29.7854793,82.5604662,14.1634676,22.1864445,4.7565387,0.4570848,7.5990348,"N2PKMg","N2 (P)KMg",96,0,90,0,0,0,0,"F",0.568771109375,NA,NA,NA,NA,NA,NA,NA,NA
"6370",2013,"3","7","wheat",6.3,5.4684,3.36,3.08448,93.0530664,17.9629128,40.1649696,82.627524,17.006724,26.685792,10.4255424,0.9561888,13.4791776,"N2PKMg","N2 (P)KMg",96,0,90,0,0,0,0,"F",0.64842605625,NA,NA,NA,NA,NA,NA,NA,NA
"6397",2013,"4","7","wheat",5,4.36,NA,NA,NA,NA,NA,NA,NA,NA,NA,NA,NA,"N2PKMg","N2 (P)KMg",96,0,90,0,0,0,0,"F",NA,NA,NA,NA,NA,NA,NA,NA,NA
"6429",2013,"5","7","wheat",4.9,4.2483,NA,NA,NA,NA,NA,NA,NA,NA,NA,NA,NA,"N2PKMg","N2 (P)KMg",96,0,90,0,0,0,0,"F",NA,NA,NA,NA,NA,NA,NA,NA,NA
"6474",2013,"6","7","wheat",5.38,4.67522,NA,NA,NA,NA,NA,NA,NA,NA,NA,NA,NA,"N2PKMg","N2 (P)KMg",96,0,90,0,0,0,0,"F",NA,NA,NA,NA,NA,NA,NA,NA,NA
"6545",2013,"8","7","wheat",3.65,3.08425,2.99,2.41891,63.312496,12.1591067,35.2665742,52.18551,10.054655,15.0202975,11.126986,2.1044517,20.2462767,"N2PKMg","N2 (P)KMg",96,0,90,0,0,0,0,"F",0.127891760416667,NA,NA,NA,NA,NA,NA,NA,NA
"6594",2013,"9","7","wheat",5.08,4.39928,NA,NA,NA,NA,NA,71.0043792,11.7900704,20.8085944,NA,NA,NA,"N2PKMg","N2 (P)KMg",96,0,90,0,0,0,0,"F",NA,NA,NA,NA,NA,NA,NA,NA,NA
"4104",2013,"2","1","maize",3.51,1.07757,NA,NA,13.2217839,1.9504017,11.6916345,NA,NA,NA,NA,NA,NA,"FYM+NPK","(FYM) N4",192,0,0,0,0,0,0,"F",NA,NA,NA,NA,NA,NA,0,0,0
"2513",2013,"2","10","maize",2.07,0.42021,NA,NA,5.7694833,0.6555276,3.6306144,NA,NA,NA,NA,NA,NA,"N","N4",192,0,0,0,0,0,0,"F",NA,NA,NA,NA,NA,NA,NA,NA,NA
"4613",2013,"2","11","maize",4.36,1.0464,NA,NA,15.601824,2.867136,5.54592,NA,NA,NA,NA,NA,NA,"NP","N4 PMg",192,35,0,0,0,0,0,"F",NA,NA,NA,NA,NA,NA,NA,NA,NA
"8811",2013,"2","13","maize",8.8,2.4288,NA,NA,30.068544,3.448896,33.080256,NA,NA,NA,NA,NA,NA,"NPK","N4 PK",192,35,90,0,0,0,0,"F",NA,NA,NA,NA,NA,NA,NA,NA,NA
"1092",2013,"2","14","maize",9.52,2.7132,NA,NA,30.957612,3.93414,37.252236,NA,NA,NA,NA,NA,NA,"N4PKMg","N4 PK*(Mg*)",192,35,90,0,0,0,0,"F",NA,NA,NA,NA,NA,NA,NA,NA,NA
"15112",2013,"2","16","maize",6.57,1.62279,NA,NA,20.8528515,3.083301,20.122596,NA,NA,NA,NA,NA,NA,"N5PKMg","N5 (P)KMg",240,0,90,0,0,0,0,"F",NA,0,0.161963066666667,NA,NA,NA,NA,NA,NA
"2561",2013,"2","22","maize",8.75,2.44125,NA,NA,24.2904375,4.3210125,32.1024375,NA,NA,NA,NA,NA,NA,"FYM","FYM",0,0,0,35,312.48,71.6613098194525,296.672664215725,"F",NA,NA,NA,0.0550340024961597,0.0592708467741935,0.0278053427419355,NA,NA,NA
"27711",2013,"2","3","maize",1.34,0.2747,NA,NA,3.691968,0.480725,3.016206,NA,NA,NA,NA,NA,NA,"Control","Nil",0,0,0,0,0,0,0,"F",NA,NA,NA,NA,NA,NA,NA,NA,NA
"2982",2013,"2","5","maize",3.32,0.76028,NA,NA,7.0934124,1.1632284,11.2065272,NA,NA,NA,NA,NA,NA,"PKMg","(P)KMg",0,0,90,0,0,0,0,"F",NA,NA,NA,NA,NA,NA,NA,NA,NA
"3192",2013,"2","6","maize",5.9,1.5458,NA,NA,16.478228,2.504196,19.044256,NA,NA,NA,NA,NA,NA,"N1PKMg","N1 (P)KMg",48,0,90,0,0,0,0,"F",NA,NA,NA,NA,NA,NA,NA,NA,NA
"3402",2013,"2","7","maize",4.48,1.12448,NA,NA,14.0784896,2.0915328,13.2013952,NA,NA,NA,NA,NA,NA,"N2PKMg","N2 (P)KMg",96,0,90,0,0,0,0,"F",0.0727612208333333,NA,NA,NA,NA,NA,NA,NA,NA
"14100",2014,"4","1","oats",4.86,4.3230186,2.47,1.9060496,55.899760062,16.087907242,59.460395948,52.697596734,13.876889706,21.701553372,3.202163328,2.211017536,37.758842576,"FYM+NPK","(FYM) N4",192,0,0,0,0,0,0,"F",NA,NA,NA,NA,NA,NA,0,0,0
"3710",2014,"4","10","oats",5.42,4.7897624,2.32,1.9263888,70.990700288,10.865487568,47.649684544,66.290311616,10.441682032,22.799269024,4.700388672,0.423805536,24.85041552,"N","N4",192,0,0,0,0,0,0,"F",NA,NA,NA,NA,NA,NA,NA,NA,NA
"60100",2014,"4","11","oats",5.26,4.6645154,2.42,1.855414,63.532626432,15.090318892,35.897607448,60.545409892,14.366707432,22.482964228,2.98721654,0.72361146,13.41464322,"NP","N4 PMg",192,35,0,0,0,0,0,"F",NA,NA,NA,NA,NA,NA,NA,NA,NA
"106",2014,"4","13","oats",2.86,2.5284974,1.03,0.7905868,34.543099404,9.128289722,28.471326034,33.325595732,8.369326394,13.173471454,1.217503672,0.758963328,15.29785458,"NPK","N4 PK",192,35,90,0,0,0,0,"F",NA,NA,NA,NA,NA,NA,NA,NA,NA
"1291",2014,"4","14","oats",2.65,2.3333515,1.01,0.7599038,35.451566019,9.202881423,24.924307381,34.136932445,8.283397825,11.876759135,1.314633574,0.919483598,13.047548246,"N4PKMg","N4 PK*(Mg*)",192,35,90,0,0,0,0,"F",NA,NA,NA,NA,NA,NA,NA,NA,NA
"175",2014,"4","16","oats",5.13,4.5664695,3.31,2.5280125,62.51681652,15.821252845,65.975729765,58.72479777,14.658367095,22.92367689,3.79201875,1.16288575,43.052052875,"N5PKMg","N5 (P)KMg",240,0,90,0,0,0,0,"F",NA,0,0.334201359077778,NA,NA,NA,NA,NA,NA
"290",2014,"4","22","oats",5.09,4.5264352,2.29,1.8176417,57.851298673,16.565262315,66.512597298,54.634072864,14.620385696,24.306957024,3.217225809,1.944876619,42.205640274,"FYM","FYM",0,0,0,35,273.84,57.6115988471625,256.289022556875,"F",NA,NA,NA,0.120103622213701,-0.0479820392017236,-0.020746887814052,NA,NA,NA
"313",2014,"4","3","oats",1.44,1.2290112,0.38,0.3023356,16.875009296,4.086240244,10.353887892,16.16149728,3.883675392,6.353987904,0.713512016,0.202564852,3.999899988,"Control","Nil",0,0,0,0,0,0,0,"F",NA,NA,NA,NA,NA,NA,NA,NA,NA
"336",2014,"4","5","oats",2,1.73684,0.63,0.4992561,24.962122766,6.308107232,18.703071485,23.9336552,5.7489404,9.292094,1.028467566,0.559166832,9.410977485,"PKMg","(P)KMg",0,0,90,0,0,0,0,"F",NA,NA,NA,NA,NA,NA,NA,NA,NA
"3591",2014,"4","6","oats",2.18,1.8845446,0.62,0.4908602,25.264472052,6.495107156,18.600141174,24.272934448,5.955160936,9.931550042,0.991537604,0.53994622,8.668591132,"N1PKMg","N1 (P)KMg",48,0,90,0,0,0,0,"F",NA,NA,NA,NA,NA,NA,NA,NA,NA
"3821",2014,"4","7","oats",2.52,2.1739284,0.82,0.6328514,30.230399662,7.88797412,22.971453754,28.869769152,7.0652673,11.282688396,1.36063051,0.82270682,11.688765358,"N2PKMg","N2 (P)KMg",96,0,90,0,0,0,0,"F",0.0548778843333333,NA,NA,NA,NA,NA,NA,NA,NA
"2511",2014,"2","1","wheat",12.29,10.65543,5.83,5.247,238.6025523,NA,NA,219.6084123,30.7941927,44.4331431,18.99414,NA,NA,"FYM+NPK","(FYM) N4",192,0,0,0,0,0,0,"F",NA,NA,NA,NA,NA,NA,0,0,0
"59101",2014,"3","1","wheat",11.47,9.92155,NA,NA,NA,NA,NA,NA,NA,NA,NA,NA,NA,"FYM+NPK","(FYM) N4",192,0,0,0,0,0,0,"F",NA,NA,NA,NA,NA,NA,0,0,0
"1182",2014,"5","1","wheat",9.29,8.09159,NA,NA,NA,NA,NA,NA,NA,NA,NA,NA,NA,"FYM+NPK","(FYM) N4",192,0,0,0,0,0,0,"F",NA,NA,NA,NA,NA,NA,0,0,0
"16311",2014,"6","1","wheat",4.73,4.11037,NA,NA,NA,NA,NA,NA,NA,NA,NA,NA,NA,"FYM+NPK","(FYM) N4",192,0,0,0,0,0,0,"F",NA,NA,NA,NA,NA,NA,0,0,0
"238",2014,"0","10","wheat",1.56,1.35096,NA,NA,NA,NA,NA,30.936984,2.5262952,5.9036952,NA,NA,NA,"N","N4",192,0,0,0,0,0,0,"F",NA,NA,NA,NA,NA,NA,NA,NA,NA
"28910",2014,"1","10","wheat",2.34,2.02878,1.63,1.4181,53.0422884,4.2225696,10.3517832,44.4911454,3.2866236,8.1962712,8.551143,0.935946,2.155512,"N","N4",192,0,0,0,0,0,0,"F",NA,NA,NA,NA,NA,NA,NA,NA,NA
"3171",2014,"2","10","wheat",10.21,8.87249,3.85,3.4419,185.0892692,NA,NA,172.8361052,18.1886045,30.7875403,12.253164,NA,NA,"N","N4",192,0,0,0,0,0,0,"F",NA,NA,NA,NA,NA,NA,NA,NA,NA
"3513",2014,"3","10","wheat",8.26,7.21098,NA,NA,NA,NA,NA,NA,NA,NA,NA,NA,NA,"N","N4",192,0,0,0,0,0,0,"F",NA,NA,NA,NA,NA,NA,NA,NA,NA
"4102",2014,"5","10","wheat",2.94,2.56662,NA,NA,NA,NA,NA,NA,NA,NA,NA,NA,NA,"N","N4",192,0,0,0,0,0,0,"F",NA,NA,NA,NA,NA,NA,NA,NA,NA
"4551",2014,"6","10","wheat",1.54,1.3244,NA,NA,NA,NA,NA,NA,NA,NA,NA,NA,NA,"N","N4",192,0,0,0,0,0,0,"F",NA,NA,NA,NA,NA,NA,NA,NA,NA
"526",2014,"8","10","wheat",1.8,1.4724,3.46,2.9756,54.362028,3.693628,13.703476,30.081132,2.473632,5.609844,24.280896,1.219996,8.093632,"N","N4",192,0,0,0,0,0,0,"F",NA,NA,NA,NA,NA,NA,NA,NA,NA
"575",2014,"9","10","wheat",2.05,1.76505,NA,NA,NA,NA,NA,39.1311585,2.3828175,6.7601415,NA,NA,NA,"N","N4",192,0,0,0,0,0,0,"F",NA,NA,NA,NA,NA,NA,NA,NA,NA
"634",2014,"0","11","wheat",7.09,6.13994,NA,NA,NA,NA,NA,128.324746,19.033814,29.1033156,NA,NA,NA,"NP","N4 PMg",192,35,0,0,0,0,0,"F",NA,NA,NA,NA,NA,NA,NA,NA,NA
"685",2014,"1","11","wheat",6.08,5.27136,3.59,3.23459,137.6584996,16.8827068,38.7152628,117.6040416,16.2357888,24.3536832,20.054458,0.646918,14.3615796,"NP","N4 PMg",192,35,0,0,0,0,0,"F",NA,NA,NA,NA,NA,NA,NA,NA,NA
"713",2014,"2","11","wheat",9.6,8.4,4.52,4.08608,178.2316224,NA,NA,150.528,24.276,33.012,27.7036224,NA,NA,"NP","N4 PMg",192,35,0,0,0,0,0,"F",NA,NA,NA,NA,NA,NA,NA,NA,NA
"747",2014,"3","11","wheat",9.47,8.21049,NA,NA,NA,NA,NA,NA,NA,NA,NA,NA,NA,"NP","N4 PMg",192,35,0,0,0,0,0,"F",NA,NA,NA,NA,NA,NA,NA,NA,NA
"806",2014,"5","11","wheat",6.58,5.7575,NA,NA,NA,NA,NA,NA,NA,NA,NA,NA,NA,"NP","N4 PMg",192,35,0,0,0,0,0,"F",NA,NA,NA,NA,NA,NA,NA,NA,NA
"851",2014,"6","11","wheat",4.04,3.53096,NA,NA,NA,NA,NA,NA,NA,NA,NA,NA,NA,"NP","N4 PMg",192,35,0,0,0,0,0,"F",NA,NA,NA,NA,NA,NA,NA,NA,NA
"922",2014,"8","11","wheat",1.63,1.40669,4.17,3.72381,66.9984746,9.0866569,16.3314452,33.5214227,4.5436087,6.0909677,33.4770519,4.5430482,10.2404775,"NP","N4 PMg",192,35,0,0,0,0,0,"F",NA,NA,NA,NA,NA,NA,NA,NA,NA
"971",2014,"9","11","wheat",7.87,6.82329,NA,NA,NA,NA,NA,127.5272901,20.7428016,27.975489,NA,NA,NA,"NP","N4 PMg",192,35,0,0,0,0,0,"F",NA,NA,NA,NA,NA,NA,NA,NA,NA
"1426",2014,"0","13","wheat",7.14,6.22608,NA,NA,NA,NA,NA,122.5292544,18.8027616,30.5700528,NA,NA,NA,"NPK","N4 PK",192,35,90,0,0,0,0,"F",NA,NA,NA,NA,NA,NA,NA,NA,NA
"1477",2014,"1","13","wheat",7.63,6.63047,4.05,3.6369,147.2814635,19.0960127,48.2608415,130.9517825,17.9685737,31.4947325,16.329681,1.127439,16.766109,"NPK","N4 PK",192,35,90,0,0,0,0,"F",NA,NA,NA,NA,NA,NA,NA,NA,NA
"1505",2014,"2","13","wheat",11.78,10.21326,5.65,5.07935,192.1710491,NA,NA,174.7488786,28.2907302,44.6319462,17.4221705,NA,NA,"NPK","N4 PK",192,35,90,0,0,0,0,"F",NA,NA,NA,NA,NA,NA,NA,NA,NA
"1539",2014,"3","13","wheat",10.74,9.32232,NA,NA,NA,NA,NA,NA,NA,NA,NA,NA,NA,"NPK","N4 PK",192,35,90,0,0,0,0,"F",NA,NA,NA,NA,NA,NA,NA,NA,NA
"1598",2014,"5","13","wheat",5.87,5.12451,NA,NA,NA,NA,NA,NA,NA,NA,NA,NA,NA,"NPK","N4 PK",192,35,90,0,0,0,0,"F",NA,NA,NA,NA,NA,NA,NA,NA,NA
"1643",2014,"6","13","wheat",4.11,3.56748,NA,NA,NA,NA,NA,NA,NA,NA,NA,NA,NA,"NPK","N4 PK",192,35,90,0,0,0,0,"F",NA,NA,NA,NA,NA,NA,NA,NA,NA
"1714",2014,"8","13","wheat",1.54,1.33056,5.02,4.53306,74.197263,10.5898548,46.445175,34.7143104,4.6968768,6.5995776,39.4829526,5.892978,39.8455974,"NPK","N4 PK",192,35,90,0,0,0,0,"F",NA,NA,NA,NA,NA,NA,NA,NA,NA
"1763",2014,"9","13","wheat",7.49,6.50881,NA,NA,NA,NA,NA,129.6554952,18.8104609,31.893169,NA,NA,NA,"NPK","N4 PK",192,35,90,0,0,0,0,"F",NA,NA,NA,NA,NA,NA,NA,NA,NA
"1822",2014,"0","14","wheat",5.33,4.62111,NA,NA,NA,NA,NA,99.5849205,13.5398523,21.6730059,NA,NA,NA,"N4PKMg","N4 PK*(Mg*)",192,35,90,0,0,0,0,"F",NA,NA,NA,NA,NA,NA,NA,NA,NA
"1873",2014,"1","14","wheat",5.48,4.78404,3.2,2.8,119.156042,15.7415564,39.3072324,100.704042,13.9215564,23.0112324,18.452,1.82,16.296,"N4PKMg","N4 PK*(Mg*)",192,35,90,0,0,0,0,"F",NA,NA,NA,NA,NA,NA,NA,NA,NA
"1901",2014,"2","14","wheat",11.17,9.69556,4.83,4.32285,188.0135425,NA,NA,172.580968,26.5658344,40.236574,15.4325745,NA,NA,"N4PKMg","N4 PK*(Mg*)",192,35,90,0,0,0,0,"F",NA,NA,NA,NA,NA,NA,NA,NA,NA
"1935",2014,"3","14","wheat",9.9,8.6229,NA,NA,NA,NA,NA,NA,NA,NA,NA,NA,NA,"N4PKMg","N4 PK*(Mg*)",192,35,90,0,0,0,0,"F",NA,NA,NA,NA,NA,NA,NA,NA,NA
"1994",2014,"5","14","wheat",4.8,4.176,NA,NA,NA,NA,NA,NA,NA,NA,NA,NA,NA,"N4PKMg","N4 PK*(Mg*)",192,35,90,0,0,0,0,"F",NA,NA,NA,NA,NA,NA,NA,NA,NA
"2039",2014,"6","14","wheat",3.85,3.36875,NA,NA,NA,NA,NA,NA,NA,NA,NA,NA,NA,"N4PKMg","N4 PK*(Mg*)",192,35,90,0,0,0,0,"F",NA,NA,NA,NA,NA,NA,NA,NA,NA
"2110",2014,"8","14","wheat",3.46,2.93408,4.07,3.19088,81.8381008,13.138504,42.5524624,64.256352,10.2986208,14.376992,17.5817488,2.8398832,28.1754704,"N4PKMg","N4 PK*(Mg*)",192,35,90,0,0,0,0,"F",NA,NA,NA,NA,NA,NA,NA,NA,NA
"2159",2014,"9","14","wheat",7.63,6.64573,NA,NA,NA,NA,NA,127.1992722,18.6745013,29.1082974,NA,NA,NA,"N4PKMg","N4 PK*(Mg*)",192,35,90,0,0,0,0,"F",NA,NA,NA,NA,NA,NA,NA,NA,NA
"2614",2014,"0","16","wheat",7.24,6.28432,NA,NA,NA,NA,NA,154.594272,16.2763888,27.651008,NA,NA,NA,"N5PKMg","N5 (P)KMg",240,0,90,0,0,0,0,"F",NA,0,NA,NA,NA,NA,NA,NA,NA
"2665",2014,"1","16","wheat",7.65,6.67845,4.88,4.40664,187.8475866,16.7960175,55.8849555,162.553473,15.6943575,28.7841195,25.2941136,1.10166,27.100836,"N5PKMg","N5 (P)KMg",240,0,90,0,0,0,0,"F",NA,0,0.190774363333333,NA,NA,NA,NA,NA,NA
"2693",2014,"2","16","wheat",12.99,11.37924,6.64,5.99592,288.7448184,NA,NA,257.6259936,30.0411936,46.7686764,31.1188248,NA,NA,"N5PKMg","N5 (P)KMg",240,0,90,0,0,0,0,"F",NA,0,NA,NA,NA,NA,NA,NA,NA
"2727",2014,"3","16","wheat",12.6,10.9116,NA,NA,NA,NA,NA,NA,NA,NA,NA,NA,NA,"N5PKMg","N5 (P)KMg",240,0,90,0,0,0,0,"F",NA,0,NA,NA,NA,NA,NA,NA,NA
"2786",2014,"5","16","wheat",9.27,8.08344,NA,NA,NA,NA,NA,NA,NA,NA,NA,NA,NA,"N5PKMg","N5 (P)KMg",240,0,90,0,0,0,0,"F",NA,0,NA,NA,NA,NA,NA,NA,NA
"2831",2014,"6","16","wheat",4.4,3.85,NA,NA,NA,NA,NA,NA,NA,NA,NA,NA,NA,"N5PKMg","N5 (P)KMg",240,0,90,0,0,0,0,"F",NA,0,NA,NA,NA,NA,NA,NA,NA
"2902",2014,"8","16","wheat",2.73,2.31777,3.23,2.90377,91.2804953,9.4798522,42.5696258,62.6493231,6.8374215,10.1054772,28.6311722,2.6424307,32.4641486,"N5PKMg","N5 (P)KMg",240,0,90,0,0,0,0,"F",NA,0,0.29153534,NA,NA,NA,NA,NA,NA
"2951",2014,"9","16","wheat",8.45,7.3515,NA,NA,NA,NA,NA,180.479325,19.99608,31.390905,NA,NA,NA,"N5PKMg","N5 (P)KMg",240,0,90,0,0,0,0,"F",NA,0,NA,NA,NA,NA,NA,NA,NA
"4198",2014,"0","20","wheat",2.17,1.8879,NA,NA,NA,NA,NA,42.402234,2.850729,7.985817,NA,NA,NA,"NKMg","N4 KMg",96,0,90,0,0,0,0,"F",NA,NA,NA,NA,NA,NA,NA,NA,NA
"4249",2014,"1","20","wheat",1.02,0.88536,0.97,0.85554,25.3952538,1.4017584,7.66395,20.1507936,1.2306504,3.5060256,5.2444602,0.171108,4.1579244,"NKMg","N4 KMg",96,0,90,0,0,0,0,"F",NA,NA,NA,NA,NA,NA,NA,NA,NA
"4684",2014,"0","22","wheat",4.6,3.9974,NA,NA,NA,NA,NA,61.839778,12.711732,21.506012,NA,NA,NA,"FYM","FYM",0,0,0,35,273.84,57.6115988471625,256.289022556875,"F",NA,NA,NA,NA,NA,NA,NA,NA,NA
"4735",2014,"1","22","wheat",4.2,3.6288,3.15,2.7594,60.87123,12.944232,35.436366,52.399872,11.06784,18.797184,8.471358,1.876392,16.639182,"FYM","FYM",0,0,0,35,273.84,57.6115988471625,256.289022556875,"F",NA,NA,NA,0.149989055652936,0.129550015337423,-0.280409252118025,NA,NA,NA
"4763",2014,"2","22","wheat",6.86,5.92704,3.36,3.00384,90.8609184,NA,NA,84.2825088,20.0926656,29.5759296,6.5784096,NA,NA,"FYM","FYM",0,0,0,35,273.84,57.6115988471625,256.289022556875,"F",NA,NA,NA,0.240991279579316,-0.344100024832019,-0.319057493426819,NA,NA,NA
"4797",2014,"3","22","wheat",5.89,5.07129,NA,NA,NA,NA,NA,NA,NA,NA,NA,NA,NA,"FYM","FYM",0,0,0,35,273.84,57.6115988471625,256.289022556875,"F",NA,NA,NA,NA,NA,NA,NA,NA,NA
"4856",2014,"5","22","wheat",4.5,3.888,NA,NA,NA,NA,NA,NA,NA,NA,NA,NA,NA,"FYM","FYM",0,0,0,35,273.84,57.6115988471625,256.289022556875,"F",NA,NA,NA,NA,NA,NA,NA,NA,NA
"4901",2014,"6","22","wheat",3.73,3.2451,NA,NA,NA,NA,NA,NA,NA,NA,NA,NA,NA,"FYM","FYM",0,0,0,35,273.84,57.6115988471625,256.289022556875,"F",NA,NA,NA,NA,NA,NA,NA,NA,NA
"4972",2014,"8","22","wheat",2.21,1.69065,4.35,3.24075,47.726304,10.51914,55.6202175,27.828099,5.917275,8.79138,19.898205,4.601865,46.8288375,"FYM","FYM",0,0,0,35,273.84,57.6115988471625,256.289022556875,"F",NA,NA,NA,0.0852563431200701,-0.0242321209465381,-0.0703774853929302,NA,NA,NA
"5021",2014,"9","22","wheat",4.84,4.1866,NA,NA,NA,NA,NA,59.575318,12.727264,20.598072,NA,NA,NA,"FYM","FYM",0,0,0,35,273.84,57.6115988471625,256.289022556875,"F",NA,NA,NA,NA,NA,NA,NA,NA,NA
"5070",2014,"0","3","wheat",1.61,1.38138,NA,NA,NA,NA,NA,19.9471272,3.2600568,6.21621,NA,NA,NA,"Control","Nil",0,0,0,0,0,0,0,"F",NA,NA,NA,NA,NA,NA,NA,NA,NA
"5121",2014,"1","3","wheat",1.37,1.17409,0.7,0.6258,18.7701154,2.6666773,7.2554501,16.7425234,2.5477753,5.2716641,2.027592,0.118902,1.983786,"Control","Nil",0,0,0,0,0,0,0,"F",NA,NA,NA,NA,NA,NA,NA,NA,NA
"5149",2014,"2","3","wheat",2.34,2.01708,0.78,0.70512,27.4080924,NA,NA,25.7581116,5.7083364,8.4112236,1.6499808,NA,NA,"Control","Nil",0,0,0,0,0,0,0,"F",NA,NA,NA,NA,NA,NA,NA,NA,NA
"5183",2014,"3","3","wheat",0.88,0.76032,NA,NA,NA,NA,NA,NA,NA,NA,NA,NA,NA,"Control","Nil",0,0,0,0,0,0,0,"F",NA,NA,NA,NA,NA,NA,NA,NA,NA
"5242",2014,"5","3","wheat",0.75,0.64575,NA,NA,NA,NA,NA,NA,NA,NA,NA,NA,NA,"Control","Nil",0,0,0,0,0,0,0,"F",NA,NA,NA,NA,NA,NA,NA,NA,NA
"5287",2014,"6","3","wheat",0.56,0.48496,NA,NA,NA,NA,NA,NA,NA,NA,NA,NA,NA,"Control","Nil",0,0,0,0,0,0,0,"F",NA,NA,NA,NA,NA,NA,NA,NA,NA
"5358",2014,"8","3","wheat",0.97,0.78473,1.09,0.74665,14.7195659,2.9264449,9.9549093,9.9111399,2.2992589,3.7353148,4.808426,0.627186,6.2195945,"Control","Nil",0,0,0,0,0,0,0,"F",NA,NA,NA,NA,NA,NA,NA,NA,NA
"5407",2014,"9","3","wheat",1.08,0.91908,NA,NA,NA,NA,NA,13.0876992,2.0127852,3.7590372,NA,NA,NA,"Control","Nil",0,0,0,0,0,0,0,"F",NA,NA,NA,NA,NA,NA,NA,NA,NA
"5466",2014,"0","5","wheat",1.14,0.98382,NA,NA,NA,NA,NA,14.5506978,2.9908128,4.8305562,NA,NA,NA,"PKMg","(P)KMg",0,0,90,0,0,0,0,"F",NA,NA,NA,NA,NA,NA,NA,NA,NA
"5517",2014,"1","5","wheat",1.47,1.26567,0.62,0.55242,19.798227,3.8732301,8.5743918,18.1243944,3.6577863,6.3536634,1.6738326,0.2154438,2.2207284,"PKMg","(P)KMg",0,0,90,0,0,0,0,"F",NA,NA,NA,NA,NA,NA,NA,NA,NA
"5545",2014,"2","5","wheat",2.02,1.73922,0.76,0.68856,24.8678664,NA,NA,23.2359792,5.5828962,7.7917056,1.6318872,NA,NA,"PKMg","(P)KMg",0,0,90,0,0,0,0,"F",NA,NA,NA,NA,NA,NA,NA,NA,NA
"5579",2014,"3","5","wheat",1.12,0.95872,NA,NA,NA,NA,NA,NA,NA,NA,NA,NA,NA,"PKMg","(P)KMg",0,0,90,0,0,0,0,"F",NA,NA,NA,NA,NA,NA,NA,NA,NA
"5638",2014,"5","5","wheat",0.58,0.49996,NA,NA,NA,NA,NA,NA,NA,NA,NA,NA,NA,"PKMg","(P)KMg",0,0,90,0,0,0,0,"F",NA,NA,NA,NA,NA,NA,NA,NA,NA
"5683",2014,"6","5","wheat",0.73,0.62634,NA,NA,NA,NA,NA,NA,NA,NA,NA,NA,NA,"PKMg","(P)KMg",0,0,90,0,0,0,0,"F",NA,NA,NA,NA,NA,NA,NA,NA,NA
"5754",2014,"8","5","wheat",1.32,1.0824,1.98,1.54242,24.379707,4.7741958,21.17445,14.276856,3.2472,5.596008,10.102851,1.5269958,15.578442,"PKMg","(P)KMg",0,0,90,0,0,0,0,"F",NA,NA,NA,NA,NA,NA,NA,NA,NA
"5803",2014,"9","5","wheat",1.01,0.8686,NA,NA,NA,NA,NA,11.691356,2.588428,4.316942,NA,NA,NA,"PKMg","(P)KMg",0,0,90,0,0,0,0,"F",NA,NA,NA,NA,NA,NA,NA,NA,NA
"5862",2014,"0","6","wheat",3.21,2.76702,NA,NA,NA,NA,NA,36.386313,7.3049328,14.6375358,NA,NA,NA,"N1PKMg","N1 (P)KMg",48,0,90,0,0,0,0,"F",NA,NA,NA,NA,NA,NA,NA,NA,NA
"5913",2014,"1","6","wheat",3.29,2.85901,1.9,1.6872,40.4486566,7.5979151,22.7990253,35.6232646,7.1761151,14.6667213,4.825392,0.4218,8.132304,"N1PKMg","N1 (P)KMg",48,0,90,0,0,0,0,"F",NA,NA,NA,NA,NA,NA,NA,NA,NA
"5941",2014,"2","6","wheat",5.47,4.71514,2.79,2.50821,58.5975075,NA,NA,52.9038708,13.2495434,22.0668552,5.6936367,NA,NA,"N1PKMg","N1 (P)KMg",48,0,90,0,0,0,0,"F",NA,NA,NA,NA,NA,NA,NA,NA,NA
"5975",2014,"3","6","wheat",4.49,3.87936,NA,NA,NA,NA,NA,NA,NA,NA,NA,NA,NA,"N1PKMg","N1 (P)KMg",48,0,90,0,0,0,0,"F",NA,NA,NA,NA,NA,NA,NA,NA,NA
"6034",2014,"5","6","wheat",2.82,2.44494,NA,NA,NA,NA,NA,NA,NA,NA,NA,NA,NA,"N1PKMg","N1 (P)KMg",48,0,90,0,0,0,0,"F",NA,NA,NA,NA,NA,NA,NA,NA,NA
"6079",2014,"6","6","wheat",2.42,2.09572,NA,NA,NA,NA,NA,NA,NA,NA,NA,NA,NA,"N1PKMg","N1 (P)KMg",48,0,90,0,0,0,0,"F",NA,NA,NA,NA,NA,NA,NA,NA,NA
"6150",2014,"8","6","wheat",1.21,1.03697,2.92,2.58712,29.3914651,5.4191091,17.7637033,16.0419259,3.3494131,5.3196561,13.3495392,2.069696,12.4440472,"N1PKMg","N1 (P)KMg",48,0,90,0,0,0,0,"F",NA,NA,NA,NA,NA,NA,NA,NA,NA
"6199",2014,"9","6","wheat",2.77,2.39051,NA,NA,NA,NA,NA,29.3315577,5.976275,12.5740826,NA,NA,NA,"N1PKMg","N1 (P)KMg",48,0,90,0,0,0,0,"F",NA,NA,NA,NA,NA,NA,NA,NA,NA
"6258",2014,"0","7","wheat",4.41,3.82347,NA,NA,NA,NA,NA,57.2755806,9.7880832,19.7673399,NA,NA,NA,"N2PKMg","N2 (P)KMg",96,0,90,0,0,0,0,"F",NA,NA,NA,NA,NA,NA,NA,NA,NA
"6309",2014,"1","7","wheat",4.71,4.08828,2.57,2.30272,66.2089064,11.7009732,32.7646536,59.1165288,11.0792388,21.5043528,7.0923776,0.6217344,11.2603008,"N2PKMg","N2 (P)KMg",96,0,90,0,0,0,0,"F",0.483444577083333,NA,NA,NA,NA,NA,NA,NA,NA
"6337",2014,"2","7","wheat",8.56,7.39584,3.85,3.4496,97.3398528,NA,NA,89.2677888,18.9333504,32.8375296,8.072064,NA,NA,"N2PKMg","N2 (P)KMg",96,0,90,0,0,0,0,"F",0.754916525,NA,NA,NA,NA,NA,NA,NA,NA
"6371",2014,"3","7","wheat",7.47,6.46155,NA,NA,NA,NA,NA,NA,NA,NA,NA,NA,NA,"N2PKMg","N2 (P)KMg",96,0,90,0,0,0,0,"F",NA,NA,NA,NA,NA,NA,NA,NA,NA
"6430",2014,"5","7","wheat",5.08,4.38404,NA,NA,NA,NA,NA,NA,NA,NA,NA,NA,NA,"N2PKMg","N2 (P)KMg",96,0,90,0,0,0,0,"F",NA,NA,NA,NA,NA,NA,NA,NA,NA
"6475",2014,"6","7","wheat",3.59,3.10176,NA,NA,NA,NA,NA,NA,NA,NA,NA,NA,NA,"N2PKMg","N2 (P)KMg",96,0,90,0,0,0,0,"F",NA,NA,NA,NA,NA,NA,NA,NA,NA
"6546",2014,"8","7","wheat",0.94,0.81028,3.47,3.12994,34.0672488,5.0342492,17.7373406,14.5364232,2.592896,4.0595028,19.5308256,2.4413532,13.6778378,"N2PKMg","N2 (P)KMg",96,0,90,0,0,0,0,"F",0.10091189375,NA,NA,NA,NA,NA,NA,NA,NA
"6595",2014,"9","7","wheat",4.37,3.79753,NA,NA,NA,NA,NA,54.6464567,9.114072,18.9116994,NA,NA,NA,"N2PKMg","N2 (P)KMg",96,0,90,0,0,0,0,"F",NA,NA,NA,NA,NA,NA,NA,NA,NA
"2173",2014,"7","1","maize",13.3,4.4289,NA,NA,53.855424,7.307685,43.580376,NA,NA,NA,NA,NA,NA,"FYM+NPK","(FYM) N4",192,0,0,0,0,0,0,"F",NA,NA,NA,NA,NA,NA,0,0,0
"4257",2014,"7","10","maize",2.79,0.65565,NA,NA,9.2643345,0.9638055,5.7893895,NA,NA,NA,NA,NA,NA,"N","N4",192,0,0,0,0,0,0,"F",NA,NA,NA,NA,NA,NA,NA,NA,NA
"63103",2014,"7","11","maize",4.36,1.1772,NA,NA,16.53966,3.402108,7.275096,NA,NA,NA,NA,NA,NA,"NP","N4 PMg",192,35,0,0,0,0,0,"F",NA,NA,NA,NA,NA,NA,NA,NA,NA
"1052",2014,"7","13","maize",9.58,2.72072,NA,NA,33.5192704,4.217116,35.36936,NA,NA,NA,NA,NA,NA,"NPK","N4 PK",192,35,90,0,0,0,0,"F",NA,NA,NA,NA,NA,NA,NA,NA,NA
"1263",2014,"7","14","maize",11.33,3.97683,NA,NA,48.5968626,7.95366,33.3656037,NA,NA,NA,NA,NA,NA,"N4PKMg","N4 PK*(Mg*)",192,35,90,0,0,0,0,"F",NA,NA,NA,NA,NA,NA,NA,NA,NA
"16813",2014,"7","16","maize",8.59,2.31071,NA,NA,27.9364839,2.7497449,34.3140435,NA,NA,NA,NA,NA,NA,"N5PKMg","N5 (P)KMg",240,0,90,0,0,0,0,"F",NA,0,0.30043275,NA,NA,NA,NA,NA,NA
"27310",2014,"7","22","maize",15.87,5.95125,NA,NA,59.0364,9.164925,64.7496,NA,NA,NA,NA,NA,NA,"FYM","FYM",0,0,0,35,273.84,57.6115988471625,256.289022556875,"F",NA,NA,NA,0.17900234626059,0.181756008983348,0.155188212094654,NA,NA,NA
"29411",2014,"7","3","maize",1.45,0.3393,NA,NA,4.285359,0.529308,3.304782,NA,NA,NA,NA,NA,NA,"Control","Nil",0,0,0,0,0,0,0,"F",NA,NA,NA,NA,NA,NA,NA,NA,NA
"3152",2014,"7","5","maize",4.25,1.17725,NA,NA,10.0183975,2.1308225,15.9988275,NA,NA,NA,NA,NA,NA,"PKMg","(P)KMg",0,0,90,0,0,0,0,"F",NA,NA,NA,NA,NA,NA,NA,NA,NA
"3362",2014,"7","6","maize",7.77,2.61849,NA,NA,27.7036242,4.8442065,24.6399909,NA,NA,NA,NA,NA,NA,"N1PKMg","N1 (P)KMg",48,0,90,0,0,0,0,"F",NA,NA,NA,NA,NA,NA,NA,NA,NA
"3573",2014,"7","7","maize",9.87,3.50385,NA,NA,44.14851,6.026622,35.669193,NA,NA,NA,NA,NA,NA,"N2PKMg","N2 (P)KMg",96,0,90,0,0,0,0,"F",0.355522005208333,NA,NA,NA,NA,NA,NA,NA,NA
"19100",2015,"5","1","oats",5.74,4.8737766,3.27,2.6265621,84.896119353,18.034705686,48.910829421,73.155386766,15.985987248,17.155693632,11.740732587,2.048718438,31.755135789,"FYM+NPK","(FYM) N4",192,0,0,0,0,0,0,"F",NA,NA,NA,NA,NA,NA,0,0,0
"4254",2015,"5","10","oats",4.1,3.454045,2.15,1.5856035,71.25797477,9.185616745,22.700444255,59.65135715,7.8061417,9.8094878,11.60661762,1.379475045,12.890956455,"N","N4",192,0,0,0,0,0,0,"F",NA,NA,NA,NA,NA,NA,NA,NA,NA
"65100",2015,"5","11","oats",3.98,3.385587,2.02,1.6209086,53.35453546,11.659498496,17.951104852,47.19508278,10.42760796,10.86773427,6.15945268,1.231890536,7.083370582,"NP","N4 PMg",192,35,0,0,0,0,0,"F",NA,NA,NA,NA,NA,NA,NA,NA,NA
"111",2015,"5","13","oats",4.03,3.4354138,1.83,1.4477862,55.515814074,11.784700704,27.589859878,49.98527079,10.409303814,11.577344506,5.530543284,1.37539689,16.012515372,"NPK","N4 PK",192,35,90,0,0,0,0,"F",NA,NA,NA,NA,NA,NA,NA,NA,NA
"1341",2015,"5","14","oats",4.75,4.082625,1.78,1.527151,62.68595663,14.02650513,26.35866868,57.52418625,13.0644,14.24836125,5.16177038,0.96210513,12.11030743,"N4PKMg","N4 PK*(Mg*)",192,35,90,0,0,0,0,"F",NA,NA,NA,NA,NA,NA,NA,NA,NA
"180",2015,"5","16","oats",5.27,4.5059554,2.38,1.9816832,78.29418136,14.279870868,34.101179206,71.734809968,13.427747092,15.275188806,6.559371392,0.852123776,18.8259904,"N5PKMg","N5 (P)KMg",240,0,90,0,0,0,0,"F",NA,0,0.1794452706,NA,NA,NA,NA,NA,NA
"295",2015,"5","22","oats",7.82,6.708387,3.98,3.2432224,115.148281876,25.14585535,72.100055016,102.36998562,22.87559967,26.56521252,12.778296256,2.27025568,45.534842496,"FYM","FYM",0,0,0,35,257.7225,45.1151179658812,317.507305891563,"F",NA,NA,NA,0.319591635545985,0.170300641604827,0.239768535599337,NA,NA,NA
"318",2015,"5","3","oats",2.2,1.841686,1.09,0.9032176,29.332324676,5.297710536,11.097558084,26.20719178,4.9725522,5.50664114,3.125132896,0.325158336,5.590916944,"Control","Nil",0,0,0,0,0,0,0,"F",NA,NA,NA,NA,NA,NA,NA,NA,NA
"341",2015,"5","5","oats",2.38,1.98135,1.22,0.9306892,32.782326584,6.812608432,15.885010372,27.8775945,5.6864745,5.9638635,4.904732084,1.126133932,9.921146872,"PKMg","(P)KMg",0,0,90,0,0,0,0,"F",NA,NA,NA,NA,NA,NA,NA,NA,NA
"3641",2015,"5","6","oats",2.76,2.3336076,1.1,0.891671,37.001015102,7.941254554,15.774503986,33.300580452,7.094167104,7.490880396,3.70043465,0.84708745,8.28362359,"N1PKMg","N1 (P)KMg",48,0,90,0,0,0,0,"F",NA,NA,NA,NA,NA,NA,NA,NA,NA
"3871",2015,"5","7","oats",2.4,2.02044,1.17,0.9296586,32.542755942,7.610128524,16.322141952,28.387182,6.364386,6.7280652,4.155573942,1.245742524,9.594076752,"N2PKMg","N2 (P)KMg",96,0,90,0,0,0,0,"F",-0.0024955275208333,NA,NA,NA,NA,NA,NA,NA,NA
"26101",2015,"2","1","wheat",8.02,6.6566,NA,NA,NA,NA,NA,NA,NA,NA,NA,NA,NA,"FYM+NPK","(FYM) N4",192,0,0,0,0,0,0,"F",NA,NA,NA,NA,NA,NA,0,0,0
"60101",2015,"3","1","wheat",7.94,6.54256,NA,NA,NA,NA,NA,NA,NA,NA,NA,NA,NA,"FYM+NPK","(FYM) N4",192,0,0,0,0,0,0,"F",NA,NA,NA,NA,NA,NA,0,0,0
"16411",2015,"6","1","wheat",6.39,5.14395,NA,NA,NA,NA,NA,NA,NA,NA,NA,NA,NA,"FYM+NPK","(FYM) N4",192,0,0,0,0,0,0,"F",NA,NA,NA,NA,NA,NA,0,0,0
"191",2015,"7","1","wheat",7.41,6.05397,3.66,3.18054,176.5355976,22.1500815,42.1848366,156.4345848,19.7964819,23.610483,20.1010128,2.3535996,18.5743536,"FYM+NPK","(FYM) N4",192,0,0,0,0,0,0,"F",NA,NA,NA,NA,NA,NA,0,0,0
"239",2015,"0","10","wheat",2.84,2.3714,NA,NA,NA,NA,NA,60.94498,5.45422,8.584468,NA,NA,NA,"N","N4",192,0,0,0,0,0,0,"F",NA,NA,NA,NA,NA,NA,NA,NA,NA
"29010",2015,"1","10","wheat",4.11,3.43185,1.38,1.22544,92.9113833,8.0451972,16.5285828,87.0660345,7.824618,12.766482,5.8453488,0.2205792,3.7621008,"N","N4",192,0,0,0,0,0,0,"F",NA,NA,NA,NA,NA,NA,NA,NA,NA
"3181",2015,"2","10","wheat",4.61,3.8263,NA,NA,NA,NA,NA,NA,NA,NA,NA,NA,NA,"N","N4",192,0,0,0,0,0,0,"F",NA,NA,NA,NA,NA,NA,NA,NA,NA
"3522",2015,"3","10","wheat",3.91,3.25312,NA,NA,NA,NA,NA,NA,NA,NA,NA,NA,NA,"N","N4",192,0,0,0,0,0,0,"F",NA,NA,NA,NA,NA,NA,NA,NA,NA
"4561",2015,"6","10","wheat",3.34,2.76886,NA,NA,NA,NA,NA,NA,NA,NA,NA,NA,NA,"N","N4",192,0,0,0,0,0,0,"F",NA,NA,NA,NA,NA,NA,NA,NA,NA
"48310",2015,"7","10","wheat",5.44,4.52064,1.64,1.4186,119.2495016,11.9984184,21.1459756,110.9365056,11.5728384,17.5852896,8.312996,0.42558,3.560686,"N","N4",192,0,0,0,0,0,0,"F",NA,NA,NA,NA,NA,NA,NA,NA,NA
"576",2015,"9","10","wheat",2.62,2.10124,NA,NA,NA,NA,NA,49.6312888,4.3705792,8.0687616,NA,NA,NA,"N","N4",192,0,0,0,0,0,0,"F",NA,NA,NA,NA,NA,NA,NA,NA,NA
"635",2015,"0","11","wheat",5.53,4.6452,NA,NA,NA,NA,NA,103.495056,15.375612,20.020812,NA,NA,NA,"NP","N4 PMg",192,35,0,0,0,0,0,"F",NA,NA,NA,NA,NA,NA,NA,NA,NA
"686",2015,"1","11","wheat",4.9,4.1258,1.82,1.62526,103.7260252,13.88891,18.9135786,93.779434,12.913754,16.29691,9.9465912,0.975156,2.6166686,"NP","N4 PMg",192,35,0,0,0,0,0,"F",NA,NA,NA,NA,NA,NA,NA,NA,NA
"714",2015,"2","11","wheat",4.99,4.18162,NA,NA,NA,NA,NA,NA,NA,NA,NA,NA,NA,"NP","N4 PMg",192,35,0,0,0,0,0,"F",NA,NA,NA,NA,NA,NA,NA,NA,NA
"748",2015,"3","11","wheat",3.74,3.13038,NA,NA,NA,NA,NA,NA,NA,NA,NA,NA,NA,"NP","N4 PMg",192,35,0,0,0,0,0,"F",NA,NA,NA,NA,NA,NA,NA,NA,NA
"852",2015,"6","11","wheat",4.6,3.8502,NA,NA,NA,NA,NA,NA,NA,NA,NA,NA,NA,"NP","N4 PMg",192,35,0,0,0,0,0,"F",NA,NA,NA,NA,NA,NA,NA,NA,NA
"879",2015,"7","11","wheat",4.86,4.0824,1.6,1.3952,106.813304,14.972544,19.779912,96.712056,13.716864,17.268552,10.101248,1.25568,2.51136,"NP","N4 PMg",192,35,0,0,0,0,0,"F",NA,NA,NA,NA,NA,NA,NA,NA,NA
"972",2015,"9","11","wheat",3.48,2.91624,NA,NA,NA,NA,NA,69.2607,10.644276,12.0149088,NA,NA,NA,"NP","N4 PMg",192,35,0,0,0,0,0,"F",NA,NA,NA,NA,NA,NA,NA,NA,NA
"1427",2015,"0","13","wheat",5.47,4.54557,NA,NA,NA,NA,NA,111.4573764,16.0004064,19.1823054,NA,NA,NA,"NPK","N4 PK",192,35,90,0,0,0,0,"F",NA,NA,NA,NA,NA,NA,NA,NA,NA
"1478",2015,"1","13","wheat",5.41,4.52276,3.36,2.9568,127.577626,15.4954536,31.3340016,108.772378,13.8396456,17.9101296,18.805248,1.655808,13.423872,"NPK","N4 PK",192,35,90,0,0,0,0,"F",NA,NA,NA,NA,NA,NA,NA,NA,NA
"1506",2015,"2","13","wheat",6.94,5.78102,NA,NA,NA,NA,NA,NA,NA,NA,NA,NA,NA,"NPK","N4 PK",192,35,90,0,0,0,0,"F",NA,NA,NA,NA,NA,NA,NA,NA,NA
"1540",2015,"3","13","wheat",6.36,5.30424,NA,NA,NA,NA,NA,NA,NA,NA,NA,NA,NA,"NPK","N4 PK",192,35,90,0,0,0,0,"F",NA,NA,NA,NA,NA,NA,NA,NA,NA
"1644",2015,"6","13","wheat",7.14,5.87622,NA,NA,NA,NA,NA,NA,NA,NA,NA,NA,NA,"NPK","N4 PK",192,35,90,0,0,0,0,"F",NA,NA,NA,NA,NA,NA,NA,NA,NA
"1671",2015,"7","13","wheat",7.36,6.08672,3.61,3.13709,159.4847646,24.2280148,38.9052349,140.7249664,22.0947936,27.3293728,18.7597982,2.1332212,11.5758621,"NPK","N4 PK",192,35,90,0,0,0,0,"F",NA,NA,NA,NA,NA,NA,NA,NA,NA
"1764",2015,"9","13","wheat",5.46,4.50996,NA,NA,NA,NA,NA,105.082068,15.6946608,18.7614336,NA,NA,NA,"NPK","N4 PK",192,35,90,0,0,0,0,"F",NA,NA,NA,NA,NA,NA,NA,NA,NA
"1823",2015,"0","14","wheat",6.16,5.14976,NA,NA,NA,NA,NA,120.3498912,16.8912128,20.4445472,NA,NA,NA,"N4PKMg","N4 PK*(Mg*)",192,35,90,0,0,0,0,"F",NA,NA,NA,NA,NA,NA,NA,NA,NA
"1874",2015,"1","14","wheat",7.01,5.88139,2.91,2.54916,151.8605012,21.4204239,34.2475261,138.0950372,19.5850287,24.4077685,13.765464,1.8353952,9.8397576,"N4PKMg","N4 PK*(Mg*)",192,35,90,0,0,0,0,"F",NA,NA,NA,NA,NA,NA,NA,NA,NA
"1902",2015,"2","14","wheat",6.88,5.70352,NA,NA,NA,NA,NA,NA,NA,NA,NA,NA,NA,"N4PKMg","N4 PK*(Mg*)",192,35,90,0,0,0,0,"F",NA,NA,NA,NA,NA,NA,NA,NA,NA
"1936",2015,"3","14","wheat",7.07,5.91052,NA,NA,NA,NA,NA,NA,NA,NA,NA,NA,NA,"N4PKMg","N4 PK*(Mg*)",192,35,90,0,0,0,0,"F",NA,NA,NA,NA,NA,NA,NA,NA,NA
"2040",2015,"6","14","wheat",7.79,6.41896,NA,NA,NA,NA,NA,NA,NA,NA,NA,NA,NA,"N4PKMg","N4 PK*(Mg*)",192,35,90,0,0,0,0,"F",NA,NA,NA,NA,NA,NA,NA,NA,NA
"2067",2015,"7","14","wheat",7.87,6.52423,3.7,3.2782,158.1683085,25.9442695,40.6042261,140.5971565,23.8134395,29.1633081,17.571152,2.13083,11.440918,"N4PKMg","N4 PK*(Mg*)",192,35,90,0,0,0,0,"F",NA,NA,NA,NA,NA,NA,NA,NA,NA
"2160",2015,"9","14","wheat",5.85,4.84965,NA,NA,NA,NA,NA,112.608873,17.6042295,21.144474,NA,NA,NA,"N4PKMg","N4 PK*(Mg*)",192,35,90,0,0,0,0,"F",NA,NA,NA,NA,NA,NA,NA,NA,NA
"2615",2015,"0","16","wheat",6.27,5.25426,NA,NA,NA,NA,NA,142.0751904,14.0814168,19.0204212,NA,NA,NA,"N5PKMg","N5 (P)KMg",240,0,90,0,0,0,0,"F",NA,0,NA,NA,NA,NA,NA,NA,NA
"2666",2015,"1","16","wheat",5.45,4.58345,2.93,2.61356,136.0055191,11.3521386,26.6410328,118.2071755,10.541935,16.50042,17.7983436,0.8102036,10.1406128,"N5PKMg","N5 (P)KMg",240,0,90,0,0,0,0,"F",NA,0,0.0858606022222223,NA,NA,NA,NA,NA,NA
"2694",2015,"2","16","wheat",7.17,6.00846,NA,NA,NA,NA,NA,NA,NA,NA,NA,NA,NA,"N5PKMg","N5 (P)KMg",240,0,90,0,0,0,0,"F",NA,0,NA,NA,NA,NA,NA,NA,NA
"2728",2015,"3","16","wheat",7.14,5.95476,NA,NA,NA,NA,NA,NA,NA,NA,NA,NA,NA,"N5PKMg","N5 (P)KMg",240,0,90,0,0,0,0,"F",NA,0,NA,NA,NA,NA,NA,NA,NA
"2832",2015,"6","16","wheat",7.55,6.2363,NA,NA,NA,NA,NA,NA,NA,NA,NA,NA,NA,"N5PKMg","N5 (P)KMg",240,0,90,0,0,0,0,"F",NA,0,NA,NA,NA,NA,NA,NA,NA
"2859",2015,"7","16","wheat",7.31,6.04537,3.45,3.01185,182.5439477,20.1856849,40.6285647,158.4491477,18.5592859,24.8464707,24.0948,1.626399,15.782094,"N5PKMg","N5 (P)KMg",240,0,90,0,0,0,0,"F",NA,0,0.231651696666667,NA,NA,NA,NA,NA,NA
"2952",2015,"9","16","wheat",5.61,4.67874,NA,NA,NA,NA,NA,123.3783738,14.1297948,18.1535112,NA,NA,NA,"N5PKMg","N5 (P)KMg",240,0,90,0,0,0,0,"F",NA,0,NA,NA,NA,NA,NA,NA,NA
"4199",2015,"0","20","wheat",2.93,2.47585,NA,NA,NA,NA,NA,63.035141,5.4716285,9.705332,NA,NA,NA,"NKMg","N4 KMg",96,0,90,0,0,0,0,"F",NA,NA,NA,NA,NA,NA,NA,NA,NA
"4250",2015,"1","20","wheat",1.24,1.03912,0.54,0.48006,31.767106,2.4020684,5.3074076,28.8771448,2.2964552,3.7616144,2.8899612,0.1056132,1.5457932,"NKMg","N4 KMg",96,0,90,0,0,0,0,"F",NA,NA,NA,NA,NA,NA,NA,NA,NA
"4685",2015,"0","22","wheat",4.86,4.02894,NA,NA,NA,NA,NA,76.5901494,15.7531554,20.9907774,NA,NA,NA,"FYM","FYM",0,0,0,35,257.7225,45.1151179658812,317.507305891563,"F",NA,NA,NA,NA,NA,NA,NA,NA,NA
"4736",2015,"1","22","wheat",6.55,5.4103,3.11,2.77101,122.4358683,20.6553934,38.2475509,109.883193,18.881947,23.588908,12.5526753,1.7734464,14.6586429,"FYM","FYM",0,0,0,35,257.7225,45.1151179658812,317.507305891563,"F",NA,NA,NA,0.374659474046698,0.351807709066923,0.0725968555325981,NA,NA,NA
"4764",2015,"2","22","wheat",7.3,6.0225,NA,NA,NA,NA,NA,NA,NA,NA,NA,NA,NA,"FYM","FYM",0,0,0,35,257.7225,45.1151179658812,317.507305891563,"F",NA,NA,NA,NA,NA,NA,NA,NA,NA
"4798",2015,"3","22","wheat",6.9,5.6718,NA,NA,NA,NA,NA,NA,NA,NA,NA,NA,NA,"FYM","FYM",0,0,0,35,257.7225,45.1151179658812,317.507305891563,"F",NA,NA,NA,NA,NA,NA,NA,NA,NA
"4902",2015,"6","22","wheat",7.46,6.10974,NA,NA,NA,NA,NA,NA,NA,NA,NA,NA,NA,"FYM","FYM",0,0,0,35,257.7225,45.1151179658812,317.507305891563,"F",NA,NA,NA,NA,NA,NA,NA,NA,NA
"4929",2015,"7","22","wheat",6.59,5.39062,3.47,2.95297,110.6481154,23.0548294,42.4936544,97.300691,20.1609188,26.2523194,13.3474244,2.8939106,16.241335,"FYM","FYM",0,0,0,35,257.7225,45.1151179658812,317.507305891563,"F",NA,NA,NA,0.351366974167952,-0.0333746033039413,0.0148796143138452,NA,NA,NA
"5022",2015,"9","22","wheat",6.19,5.06342,NA,NA,NA,NA,NA,100.1038134,19.2916302,24.4563186,NA,NA,NA,"FYM","FYM",0,0,0,35,257.7225,45.1151179658812,317.507305891563,"F",NA,NA,NA,NA,NA,NA,NA,NA,NA
"5071",2015,"0","3","wheat",1.27,1.05156,NA,NA,NA,NA,NA,20.0006712,2.8812744,4.0274748,NA,NA,NA,"Control","Nil",0,0,0,0,0,0,0,"F",NA,NA,NA,NA,NA,NA,NA,NA,NA
"5122",2015,"1","3","wheat",1.45,1.20205,0.69,0.61824,27.400049,3.7373576,6.7432912,24.834353,3.558068,4.8082,2.565696,0.1792896,1.9350912,"Control","Nil",0,0,0,0,0,0,0,"F",NA,NA,NA,NA,NA,NA,NA,NA,NA
"5150",2015,"2","3","wheat",0.92,0.75808,NA,NA,NA,NA,NA,NA,NA,NA,NA,NA,NA,"Control","Nil",0,0,0,0,0,0,0,"F",NA,NA,NA,NA,NA,NA,NA,NA,NA
"5184",2015,"3","3","wheat",0.93,0.76353,NA,NA,NA,NA,NA,NA,NA,NA,NA,NA,NA,"Control","Nil",0,0,0,0,0,0,0,"F",NA,NA,NA,NA,NA,NA,NA,NA,NA
"5288",2015,"6","3","wheat",1.6,1.3136,NA,NA,NA,NA,NA,NA,NA,NA,NA,NA,NA,"Control","Nil",0,0,0,0,0,0,0,"F",NA,NA,NA,NA,NA,NA,NA,NA,NA
"5315",2015,"7","3","wheat",1.76,1.43968,0.47,0.41313,25.5071391,5.0993486,6.9840846,24.0570528,4.9093088,6.1330368,1.4500863,0.1900398,0.8510478,"Control","Nil",0,0,0,0,0,0,0,"F",NA,NA,NA,NA,NA,NA,NA,NA,NA
"5408",2015,"9","3","wheat",0.98,0.79772,NA,NA,NA,NA,NA,15.3880188,2.3851828,3.19088,NA,NA,NA,"Control","Nil",0,0,0,0,0,0,0,"F",NA,NA,NA,NA,NA,NA,NA,NA,NA
"5467",2015,"0","5","wheat",1.34,1.1055,NA,NA,NA,NA,NA,21.60147,4.00191,4.8642,NA,NA,NA,"PKMg","(P)KMg",0,0,90,0,0,0,0,"F",NA,NA,NA,NA,NA,NA,NA,NA,NA
"5518",2015,"1","5","wheat",1.58,1.30508,0.6,0.5394,25.877692,4.9558056,7.6655884,23.752456,4.6591356,5.9772664,2.125236,0.29667,1.688322,"PKMg","(P)KMg",0,0,90,0,0,0,0,"F",NA,NA,NA,NA,NA,NA,NA,NA,NA
"5546",2015,"2","5","wheat",1,0.823,NA,NA,NA,NA,NA,NA,NA,NA,NA,NA,NA,"PKMg","(P)KMg",0,0,90,0,0,0,0,"F",NA,NA,NA,NA,NA,NA,NA,NA,NA
"5580",2015,"3","5","wheat",1.14,0.9405,NA,NA,NA,NA,NA,NA,NA,NA,NA,NA,NA,"PKMg","(P)KMg",0,0,90,0,0,0,0,"F",NA,NA,NA,NA,NA,NA,NA,NA,NA
"5684",2015,"6","5","wheat",1.73,1.42206,NA,NA,NA,NA,NA,NA,NA,NA,NA,NA,NA,"PKMg","(P)KMg",0,0,90,0,0,0,0,"F",NA,NA,NA,NA,NA,NA,NA,NA,NA
"5711",2015,"7","5","wheat",1.23,1.00614,0.11,0.09603,20.0929404,4.1766588,4.5860544,19.720344,4.074867,4.376709,0.3725964,0.1017918,0.2093454,"PKMg","(P)KMg",0,0,90,0,0,0,0,"F",NA,NA,NA,NA,NA,NA,NA,NA,NA
"5804",2015,"9","5","wheat",1.36,1.11792,NA,NA,NA,NA,NA,18.3003504,4.3151712,5.3324784,NA,NA,NA,"PKMg","(P)KMg",0,0,90,0,0,0,0,"F",NA,NA,NA,NA,NA,NA,NA,NA,NA
"5863",2015,"0","6","wheat",3.07,2.54196,NA,NA,NA,NA,NA,43.2641592,8.3376288,12.0234708,NA,NA,NA,"N1PKMg","N1 (P)KMg",48,0,90,0,0,0,0,"F",NA,NA,NA,NA,NA,NA,NA,NA,NA
"5914",2015,"1","6","wheat",3.47,2.88357,1.56,1.4118,56.567448,10.6953711,19.0359603,50.750832,9.8906451,13.8123003,5.816616,0.804726,5.22366,"N1PKMg","N1 (P)KMg",48,0,90,0,0,0,0,"F",NA,NA,NA,NA,NA,NA,NA,NA,NA
"5942",2015,"2","6","wheat",3.25,2.691,NA,NA,NA,NA,NA,NA,NA,NA,NA,NA,NA,"N1PKMg","N1 (P)KMg",48,0,90,0,0,0,0,"F",NA,NA,NA,NA,NA,NA,NA,NA,NA
"5976",2015,"3","6","wheat",3.06,2.53368,NA,NA,NA,NA,NA,NA,NA,NA,NA,NA,NA,"N1PKMg","N1 (P)KMg",48,0,90,0,0,0,0,"F",NA,NA,NA,NA,NA,NA,NA,NA,NA
"6080",2015,"6","6","wheat",3.3,2.7192,NA,NA,NA,NA,NA,NA,NA,NA,NA,NA,NA,"N1PKMg","N1 (P)KMg",48,0,90,0,0,0,0,"F",NA,NA,NA,NA,NA,NA,NA,NA,NA
"6107",2015,"7","6","wheat",3.37,2.7634,1.26,1.1214,47.784462,10.605462,16.169548,43.93806,9.865338,13.209052,3.846402,0.740124,2.960496,"N1PKMg","N1 (P)KMg",48,0,90,0,0,0,0,"F",NA,NA,NA,NA,NA,NA,NA,NA,NA
"6200",2015,"9","6","wheat",3.3,2.7423,NA,NA,NA,NA,NA,44.123607,9.762588,14.095422,NA,NA,NA,"N1PKMg","N1 (P)KMg",48,0,90,0,0,0,0,"F",NA,NA,NA,NA,NA,NA,NA,NA,NA
"6259",2015,"0","7","wheat",4.67,3.88077,NA,NA,NA,NA,NA,66.4775901,11.8751562,17.8127343,NA,NA,NA,"N2PKMg","N2 (P)KMg",96,0,90,0,0,0,0,"F",NA,NA,NA,NA,NA,NA,NA,NA,NA
"6310",2015,"1","7","wheat",5.08,4.23164,2.5,2.2375,90.4265778,16.2383454,27.7593682,81.5437028,15.2762204,19.5924932,8.882875,0.962125,8.166875,"N2PKMg","N2 (P)KMg",96,0,90,0,0,0,0,"F",0.672384227083334,NA,NA,NA,NA,NA,NA,NA,NA
"6338",2015,"2","7","wheat",4.96,4.1168,NA,NA,NA,NA,NA,NA,NA,NA,NA,NA,NA,"N2PKMg","N2 (P)KMg",96,0,90,0,0,0,0,"F",NA,NA,NA,NA,NA,NA,NA,NA,NA
"6372",2015,"3","7","wheat",4.62,3.84384,NA,NA,NA,NA,NA,NA,NA,NA,NA,NA,NA,"N2PKMg","N2 (P)KMg",96,0,90,0,0,0,0,"F",NA,NA,NA,NA,NA,NA,NA,NA,NA
"6476",2015,"6","7","wheat",4.95,4.0788,NA,NA,NA,NA,NA,NA,NA,NA,NA,NA,NA,"N2PKMg","N2 (P)KMg",96,0,90,0,0,0,0,"F",NA,NA,NA,NA,NA,NA,NA,NA,NA
"6503",2015,"7","7","wheat",5.4,4.4604,2.09,1.82666,78.4206992,16.6950752,27.726751,71.990856,15.745212,22.703436,6.4298432,0.9498632,5.023315,"N2PKMg","N2 (P)KMg",96,0,90,0,0,0,0,"F",0.607580820833333,NA,NA,NA,NA,NA,NA,NA,NA
"6596",2015,"9","7","wheat",4.62,3.85308,NA,NA,NA,NA,NA,66.3885684,12.9463488,18.5718456,NA,NA,NA,"N2PKMg","N2 (P)KMg",96,0,90,0,0,0,0,"F",NA,NA,NA,NA,NA,NA,NA,NA,NA
"1315",2015,"4","1","maize",14.31,3.5775,NA,NA,50.2281,7.8705,32.447925,NA,NA,NA,NA,NA,NA,"FYM+NPK","(FYM) N4",192,0,0,0,0,0,0,"F",NA,NA,NA,NA,NA,NA,0,0,0
"3414",2015,"4","10","maize",2.83,0.566,NA,NA,8.59188,0.9056,4.45442,NA,NA,NA,NA,NA,NA,"N","N4",192,0,0,0,0,0,0,"F",NA,NA,NA,NA,NA,NA,NA,NA,NA
"55103",2015,"4","11","maize",7.71,1.6191,NA,NA,25.58178,4.970637,8.451702,NA,NA,NA,NA,NA,NA,"NP","N4 PMg",192,35,0,0,0,0,0,"F",NA,NA,NA,NA,NA,NA,NA,NA,NA
"9710",2015,"4","13","maize",15,3.72,NA,NA,47.3184,7.812,39.1344,NA,NA,NA,NA,NA,NA,"NPK","N4 PK",192,35,90,0,0,0,0,"F",NA,NA,NA,NA,NA,NA,NA,NA,NA
"1183",2015,"4","14","maize",14.47,3.55962,NA,NA,46.6666182,8.2583184,38.4794922,NA,NA,NA,NA,NA,NA,"N4PKMg","N4 PK*(Mg*)",192,35,90,0,0,0,0,"F",NA,NA,NA,NA,NA,NA,NA,NA,NA
"16012",2015,"4","16","maize",14.18,3.20468,NA,NA,43.904116,5.8325176,32.7838764,NA,NA,NA,NA,NA,NA,"N5PKMg","N5 (P)KMg",240,0,90,0,0,0,0,"F",NA,0,0.270357493333333,NA,NA,NA,NA,NA,NA
"26510",2015,"4","22","maize",12.12,3.26028,NA,NA,33.7765008,6.1619292,43.524738,NA,NA,NA,NA,NA,NA,"FYM","FYM",0,0,0,35,257.7225,45.1151179658812,317.507305891563,"F",NA,NA,NA,0.102926969123767,0.0977199150248814,0.0317966836422897,NA,NA,NA
"28611",2015,"4","3","maize",2.63,0.5786,NA,NA,5.803358,0.72325,5.35205,NA,NA,NA,NA,NA,NA,"Control","Nil",0,0,0,0,0,0,0,"F",NA,NA,NA,NA,NA,NA,NA,NA,NA
"3072",2015,"4","5","maize",4.05,0.9477,NA,NA,7.249905,1.535274,12.22533,NA,NA,NA,NA,NA,NA,"PKMg","(P)KMg",0,0,90,0,0,0,0,"F",NA,NA,NA,NA,NA,NA,NA,NA,NA
"3282",2015,"4","6","maize",7.13,1.66842,NA,NA,14.1482016,2.6027352,18.7864092,NA,NA,NA,NA,NA,NA,"N1PKMg","N1 (P)KMg",48,0,90,0,0,0,0,"F",NA,NA,NA,NA,NA,NA,NA,NA,NA
"3493",2015,"4","7","maize",8.88,2.1312,NA,NA,27.300672,4.2624,24.18912,NA,NA,NA,NA,NA,NA,"N2PKMg","N2 (P)KMg",96,0,90,0,0,0,0,"F",0.20886215625,NA,NA,NA,NA,NA,NA,NA,NA
"1010",2016,"3","1","oats",4.12,3.6106444,2.42,1.7025184,49.184145868,13.61320642,44.551979912,44.519245452,10.940252532,16.392325576,4.664900416,2.672953888,28.159654336,"FYM+NPK","(FYM) N4",192,0,0,0,0,0,0,"F",NA,NA,NA,NA,NA,NA,0,0,0
"3310",2016,"3","10","oats",3.84,3.3066624,2.03,1.4739018,53.235988932,8.243074548,24.40792575,48.60793728,7.506123648,12.631450368,4.628051652,0.7369509,11.776475382,"N","N4",192,0,0,0,0,0,0,"F",NA,NA,NA,NA,NA,NA,NA,NA,NA
"56100",2016,"3","11","oats",3.81,3.3330642,2.02,1.4052736,44.586985284,10.33428326,25.869472316,41.130012228,8.99927334,14.33217606,3.456973056,1.33500992,11.537296256,"NP","N4 PMg",192,35,0,0,0,0,0,"F",NA,NA,NA,NA,NA,NA,NA,NA,NA
"102",2016,"3","13","oats",2.5,2.198225,1.15,0.8290925,31.829548775,8.4873611,22.308166325,29.56612625,7.14423125,10.04588825,2.263422525,1.34312985,12.262278075,"NPK","N4 PK",192,35,90,0,0,0,0,"F",NA,NA,NA,NA,NA,NA,NA,NA,NA
"1251",2016,"3","14","oats",1.85,1.6067065,0.81,0.5913324,24.749434954,6.709502562,14.426578259,22.52602513,5.30213145,7.117709795,2.223409824,1.407371112,7.308868464,"N4PKMg","N4 PK*(Mg*)",192,35,90,0,0,0,0,"F",NA,NA,NA,NA,NA,NA,NA,NA,NA
"17110",2016,"3","16","oats",3.24,2.8453356,1.67,1.1951522,38.03786478,9.97759065,31.943495164,35.026081236,8.507553444,13.060090404,3.011783544,1.470037206,18.88340476,"N5PKMg","N5 (P)KMg",240,0,90,0,0,0,0,"F",NA,0,0.0674891427555556,NA,NA,NA,NA,NA,NA
"286",2016,"3","22","oats",5.23,4.5500477,3.42,2.3542254,70.084223118,19.1680983,72.554996169,62.244652536,14.742154548,21.703727529,7.839570582,4.425943752,50.85126864,"FYM","FYM",0,0,0,35,288.33,64.36509763068,345.3478787682,"F",NA,NA,NA,0.170696569181147,0.0584338576839039,0.0884307489127042,NA,NA,NA
"309",2016,"3","3","oats",1.17,1.0190817,0.54,0.4351104,16.081098066,3.422623113,8.419646376,14.532105042,3.026672649,4.320906408,1.548993024,0.395950464,4.098739968,"Control","Nil",0,0,0,0,0,0,0,"F",NA,NA,NA,NA,NA,NA,NA,NA,NA
"332",2016,"3","5","oats",1.62,1.4215338,0.67,0.541494,20.867281326,5.284648566,13.605534252,18.863753526,4.364108766,6.311610072,2.0035278,0.9205398,7.29392418,"PKMg","(P)KMg",0,0,90,0,0,0,0,"F",NA,NA,NA,NA,NA,NA,NA,NA,NA
"3551",2016,"3","6","oats",1.9,1.670917,0.92,0.6957132,24.104175582,6.494800914,17.444158958,21.90572187,5.26338855,7.50241733,2.198453712,1.231412364,9.941741628,"N1PKMg","N1 (P)KMg",48,0,90,0,0,0,0,"F",NA,NA,NA,NA,NA,NA,NA,NA,NA
"3781",2016,"3","7","oats",2.3,2.026346,1.1,0.800569,27.21594134,7.61961977,21.10380755,24.78221158,6.36272644,9.50356274,2.43372976,1.25689333,11.60024481,"N2PKMg","N2 (P)KMg",96,0,90,0,0,0,0,"F",0.0661318751458333,NA,NA,NA,NA,NA,NA,NA,NA
"27101",2016,"2","1","wheat",6.73,5.88202,NA,NA,NA,NA,NA,NA,NA,NA,NA,NA,NA,"FYM+NPK","(FYM) N4",192,0,0,0,0,0,0,"F",NA,NA,NA,NA,NA,NA,0,0,0
"8610",2016,"4","1","wheat",11.58,10.17882,4.82,4.08736,210.885148,34.2897068,82.6903434,195.0261912,32.3686476,46.5172074,15.8589568,1.9210592,36.173136,"FYM+NPK","(FYM) N4",192,0,0,0,0,0,0,"F",NA,NA,NA,NA,NA,NA,0,0,0
"16511",2016,"6","1","wheat",4.87,4.29534,NA,NA,NA,NA,NA,NA,NA,NA,NA,NA,NA,"FYM+NPK","(FYM) N4",192,0,0,0,0,0,0,"F",NA,NA,NA,NA,NA,NA,0,0,0
"192",2016,"7","1","wheat",9.38,8.27316,NA,NA,NA,NA,NA,NA,NA,NA,NA,NA,NA,"FYM+NPK","(FYM) N4",192,0,0,0,0,0,0,"F",NA,NA,NA,NA,NA,NA,0,0,0
"240",2016,"0","10","wheat",0.75,0.633,NA,NA,NA,NA,NA,15.40722,1.17105,2.64594,NA,NA,NA,"N","N4",192,0,0,0,0,0,0,"F",NA,NA,NA,NA,NA,NA,NA,NA,NA
"29110",2016,"1","10","wheat",1.43,1.24982,0.68,0.56984,32.8167204,2.4057356,9.08647,28.7708564,2.2746724,5.2742404,4.045864,0.1310632,3.8122296,"N","N4",192,0,0,0,0,0,0,"F",NA,NA,NA,NA,NA,NA,NA,NA,NA
"3191",2016,"2","10","wheat",3.71,3.23141,NA,NA,NA,NA,NA,NA,NA,NA,NA,NA,NA,"N","N4",192,0,0,0,0,0,0,"F",NA,NA,NA,NA,NA,NA,NA,NA,NA
"3782",2016,"4","10","wheat",7.45,6.50385,2,1.638,152.700723,15.483015,36.0288765,142.954623,14.958855,25.2999765,9.7461,0.52416,10.7289,"N","N4",192,0,0,0,0,0,0,"F",NA,NA,NA,NA,NA,NA,NA,NA,NA
"4571",2016,"6","10","wheat",1.36,1.1764,NA,NA,NA,NA,NA,NA,NA,NA,NA,NA,NA,"N","N4",192,0,0,0,0,0,0,"F",NA,NA,NA,NA,NA,NA,NA,NA,NA
"48410",2016,"7","10","wheat",1,0.877,NA,NA,NA,NA,NA,NA,NA,NA,NA,NA,NA,"N","N4",192,0,0,0,0,0,0,"F",NA,NA,NA,NA,NA,NA,NA,NA,NA
"577",2016,"9","10","wheat",0.99,0.8712,NA,NA,NA,NA,NA,19.767528,1.576872,3.859416,NA,NA,NA,"N","N4",192,0,0,0,0,0,0,"F",NA,NA,NA,NA,NA,NA,NA,NA,NA
"636",2016,"0","11","wheat",6.11,5.37069,NA,NA,NA,NA,NA,107.950869,15.2527596,22.9865532,NA,NA,NA,"NP","N4 PMg",192,35,0,0,0,0,0,"F",NA,NA,NA,NA,NA,NA,NA,NA,NA
"687",2016,"1","11","wheat",5.71,4.99054,2.56,2.20672,117.1702116,16.1092762,26.435984,100.5094756,14.1232282,21.5591328,16.660736,1.986048,4.8768512,"NP","N4 PMg",192,35,0,0,0,0,0,"F",NA,NA,NA,NA,NA,NA,NA,NA,NA
"715",2016,"2","11","wheat",6.57,5.7159,NA,NA,NA,NA,NA,NA,NA,NA,NA,NA,NA,"NP","N4 PMg",192,35,0,0,0,0,0,"F",NA,NA,NA,NA,NA,NA,NA,NA,NA
"774",2016,"4","11","wheat",6.7,5.8826,2.21,1.87408,128.5783252,18.990358,28.32441,110.88701,16.647758,24.295138,17.6913152,2.3426,4.029272,"NP","N4 PMg",192,35,0,0,0,0,0,"F",NA,NA,NA,NA,NA,NA,NA,NA,NA
"853",2016,"6","11","wheat",3.77,3.3176,NA,NA,NA,NA,NA,NA,NA,NA,NA,NA,NA,"NP","N4 PMg",192,35,0,0,0,0,0,"F",NA,NA,NA,NA,NA,NA,NA,NA,NA
"880",2016,"7","11","wheat",7.69,6.78258,NA,NA,NA,NA,NA,NA,NA,NA,NA,NA,NA,"NP","N4 PMg",192,35,0,0,0,0,0,"F",NA,NA,NA,NA,NA,NA,NA,NA,NA
"973",2016,"9","11","wheat",6.36,5.61588,NA,NA,NA,NA,NA,109.1165484,17.128434,24.2044428,NA,NA,NA,"NP","N4 PMg",192,35,0,0,0,0,0,"F",NA,NA,NA,NA,NA,NA,NA,NA,NA
"1428",2016,"0","13","wheat",6.37,5.6056,NA,NA,NA,NA,NA,114.746632,14.350336,23.991968,NA,NA,NA,"NPK","N4 PK",192,35,90,0,0,0,0,"F",NA,NA,NA,NA,NA,NA,NA,NA,NA
"1479",2016,"1","13","wheat",7.73,6.76375,3.5,2.968,148.3937875,18.6756325,55.9140225,132.3665875,17.5181125,30.7750625,16.0272,1.15752,25.13896,"NPK","N4 PK",192,35,90,0,0,0,0,"F",NA,NA,NA,NA,NA,NA,NA,NA,NA
"1507",2016,"2","13","wheat",8.28,7.21188,NA,NA,NA,NA,NA,NA,NA,NA,NA,NA,NA,"NPK","N4 PK",192,35,90,0,0,0,0,"F",NA,NA,NA,NA,NA,NA,NA,NA,NA
"1566",2016,"4","13","wheat",10.09,8.81866,3.78,3.2319,168.641587,27.954187,74.736272,155.649349,26.015047,41.447702,12.992238,1.93914,33.28857,"NPK","N4 PK",192,35,90,0,0,0,0,"F",NA,NA,NA,NA,NA,NA,NA,NA,NA
"1645",2016,"6","13","wheat",4.21,3.71322,NA,NA,NA,NA,NA,NA,NA,NA,NA,NA,NA,"NPK","N4 PK",192,35,90,0,0,0,0,"F",NA,NA,NA,NA,NA,NA,NA,NA,NA
"1672",2016,"7","13","wheat",6.63,5.85429,NA,NA,NA,NA,NA,NA,NA,NA,NA,NA,NA,"NPK","N4 PK",192,35,90,0,0,0,0,"F",NA,NA,NA,NA,NA,NA,NA,NA,NA
"1765",2016,"9","13","wheat",8.21,7.25764,NA,NA,NA,NA,NA,136.9516668,21.3374616,36.5059292,NA,NA,NA,"NPK","N4 PK",192,35,90,0,0,0,0,"F",NA,NA,NA,NA,NA,NA,NA,NA,NA
"1824",2016,"0","14","wheat",4.22,3.7136,NA,NA,NA,NA,NA,87.195328,10.732304,16.636928,NA,NA,NA,"N4PKMg","N4 PK*(Mg*)",192,35,90,0,0,0,0,"F",NA,NA,NA,NA,NA,NA,NA,NA,NA
"1875",2016,"1","14","wheat",4.9,4.3169,2.27,1.84097,109.3193059,13.7277006,39.0044671,95.014969,12.475841,19.987247,14.3043369,1.2518596,19.0172201,"N4PKMg","N4 PK*(Mg*)",192,35,90,0,0,0,0,"F",NA,NA,NA,NA,NA,NA,NA,NA,NA
"1903",2016,"2","14","wheat",5.65,4.9268,NA,NA,NA,NA,NA,NA,NA,NA,NA,NA,NA,"N4PKMg","N4 PK*(Mg*)",192,35,90,0,0,0,0,"F",NA,NA,NA,NA,NA,NA,NA,NA,NA
"1962",2016,"4","14","wheat",9.36,8.1432,2.85,2.3712,157.589016,26.632632,59.366424,147.961944,25.162488,38.191608,9.627072,1.470144,21.174816,"N4PKMg","N4 PK*(Mg*)",192,35,90,0,0,0,0,"F",NA,NA,NA,NA,NA,NA,NA,NA,NA
"2041",2016,"6","14","wheat",3.83,3.37806,NA,NA,NA,NA,NA,NA,NA,NA,NA,NA,NA,"N4PKMg","N4 PK*(Mg*)",192,35,90,0,0,0,0,"F",NA,NA,NA,NA,NA,NA,NA,NA,NA
"2068",2016,"7","14","wheat",6.31,5.56542,NA,NA,NA,NA,NA,NA,NA,NA,NA,NA,NA,"N4PKMg","N4 PK*(Mg*)",192,35,90,0,0,0,0,"F",NA,NA,NA,NA,NA,NA,NA,NA,NA
"2161",2016,"9","14","wheat",7.62,6.72846,NA,NA,NA,NA,NA,128.1098784,21.9347796,32.4984618,NA,NA,NA,"N4PKMg","N4 PK*(Mg*)",192,35,90,0,0,0,0,"F",NA,NA,NA,NA,NA,NA,NA,NA,NA
"2616",2016,"0","16","wheat",7,6.181,NA,NA,NA,NA,NA,150.1983,14.95802,25.46572,NA,NA,NA,"N5PKMg","N5 (P)KMg",240,0,90,0,0,0,0,"F",NA,0,NA,NA,NA,NA,NA,NA,NA
"2667",2016,"1","16","wheat",7.55,6.644,3.36,2.86608,176.4544656,15.33332,62.9739104,159.05736,14.6168,26.77532,17.3971056,0.71652,36.1985904,"N5PKMg","N5 (P)KMg",240,0,90,0,0,0,0,"F",NA,0,0.40597696,NA,NA,NA,NA,NA,NA
"2695",2016,"2","16","wheat",8.73,7.66494,NA,NA,NA,NA,NA,NA,NA,NA,NA,NA,NA,"N5PKMg","N5 (P)KMg",240,0,90,0,0,0,0,"F",NA,0,NA,NA,NA,NA,NA,NA,NA
"2754",2016,"4","16","wheat",11.66,10.2025,5.07,4.2081,244.052893,31.445169,106.49518,220.7821,29.3832,46.31935,23.270793,2.061969,60.17583,"N5PKMg","N5 (P)KMg",240,0,90,0,0,0,0,"F",NA,0,0.868564111111111,NA,NA,NA,NA,NA,NA
"2833",2016,"6","16","wheat",4.45,3.9249,NA,NA,NA,NA,NA,NA,NA,NA,NA,NA,NA,"N5PKMg","N5 (P)KMg",240,0,90,0,0,0,0,"F",NA,0,NA,NA,NA,NA,NA,NA,NA
"2860",2016,"7","16","wheat",7.74,6.8499,NA,NA,NA,NA,NA,NA,NA,NA,NA,NA,NA,"N5PKMg","N5 (P)KMg",240,0,90,0,0,0,0,"F",NA,0,NA,NA,NA,NA,NA,NA,NA
"2953",2016,"9","16","wheat",9.63,8.51292,NA,NA,NA,NA,NA,182.2616172,27.0710856,41.8835664,NA,NA,NA,"N5PKMg","N5 (P)KMg",240,0,90,0,0,0,0,"F",NA,0,NA,NA,NA,NA,NA,NA,NA
"4200",2016,"0","20","wheat",1.55,1.3237,NA,NA,NA,NA,NA,30.670129,1.839943,5.440407,NA,NA,NA,"NKMg","N4 KMg",96,0,90,0,0,0,0,"F",NA,NA,NA,NA,NA,NA,NA,NA,NA
"4251",2016,"1","20","wheat",0.74,0.6327,0.35,0.2919,15.927363,0.995754,5.830308,14.368617,0.94905,2.695302,1.558746,0.046704,3.135006,"NKMg","N4 KMg",96,0,90,0,0,0,0,"F",NA,NA,NA,NA,NA,NA,NA,NA,NA
"4686",2016,"0","22","wheat",3.42,2.96856,NA,NA,NA,NA,NA,45.8048808,8.5197672,14.4568872,NA,NA,NA,"FYM","FYM",0,0,0,35,288.33,64.36509763068,345.3478787682,"F",NA,NA,NA,NA,NA,NA,NA,NA,NA
"4737",2016,"1","22","wheat",3.89,3.3843,2.25,1.89225,53.2287315,10.5226065,32.166858,48.327804,9.746784,17.293773,4.9009275,0.7758225,14.873085,"FYM","FYM",0,0,0,35,288.33,64.36509763068,345.3478787682,"F",NA,NA,NA,0.143593668019283,0.129370403704089,-0.221764922484653,NA,NA,NA
"4765",2016,"2","22","wheat",5.01,4.35369,NA,NA,NA,NA,NA,NA,NA,NA,NA,NA,NA,"FYM","FYM",0,0,0,35,288.33,64.36509763068,345.3478787682,"F",NA,NA,NA,NA,NA,NA,NA,NA,NA
"4824",2016,"4","22","wheat",6.45,5.64375,2.3,1.9642,85.0937885,19.0105475,44.4416175,79.6333125,17.4391875,26.4691875,5.460476,1.57136,17.97243,"FYM","FYM",0,0,0,35,288.33,64.36509763068,345.3478787682,"F",NA,NA,NA,0.206848200326015,-0.234477628065064,-0.150815165608851,NA,NA,NA
"4903",2016,"6","22","wheat",4.48,3.87968,NA,NA,NA,NA,NA,NA,NA,NA,NA,NA,NA,"FYM","FYM",0,0,0,35,288.33,64.36509763068,345.3478787682,"F",NA,NA,NA,NA,NA,NA,NA,NA,NA
"4930",2016,"7","22","wheat",4.97,4.34378,NA,NA,NA,NA,NA,NA,NA,NA,NA,NA,NA,"FYM","FYM",0,0,0,35,288.33,64.36509763068,345.3478787682,"F",NA,NA,NA,NA,NA,NA,NA,NA,NA
"5023",2016,"9","22","wheat",5.65,4.9607,NA,NA,NA,NA,NA,67.812769,15.675812,25.646819,NA,NA,NA,"FYM","FYM",0,0,0,35,288.33,64.36509763068,345.3478787682,"F",NA,NA,NA,NA,NA,NA,NA,NA,NA
"5072",2016,"0","3","wheat",0.64,0.55296,NA,NA,NA,NA,NA,8.8307712,1.1225088,2.4551424,NA,NA,NA,"Control","Nil",0,0,0,0,0,0,0,"F",NA,NA,NA,NA,NA,NA,NA,NA,NA
"5123",2016,"1","3","wheat",0.9,0.7749,0.18,0.15444,11.9302146,1.5899814,4.3998444,11.445273,1.557549,3.502548,0.4849416,0.0324324,0.8972964,"Control","Nil",0,0,0,0,0,0,0,"F",NA,NA,NA,NA,NA,NA,NA,NA,NA
"5151",2016,"2","3","wheat",0.43,0.37367,NA,NA,NA,NA,NA,NA,NA,NA,NA,NA,NA,"Control","Nil",0,0,0,0,0,0,0,"F",NA,NA,NA,NA,NA,NA,NA,NA,NA
"5210",2016,"4","3","wheat",1.75,1.52075,0.13,0.11193,21.6977754,4.4752883,7.2647694,21.442575,4.44059,6.75213,0.2552004,0.0346983,0.5126394,"Control","Nil",0,0,0,0,0,0,0,"F",NA,NA,NA,NA,NA,NA,NA,NA,NA
"5289",2016,"6","3","wheat",0.4,0.344,NA,NA,NA,NA,NA,NA,NA,NA,NA,NA,NA,"Control","Nil",0,0,0,0,0,0,0,"F",NA,NA,NA,NA,NA,NA,NA,NA,NA
"5316",2016,"7","3","wheat",0.42,0.3612,NA,NA,NA,NA,NA,NA,NA,NA,NA,NA,NA,"Control","Nil",0,0,0,0,0,0,0,"F",NA,NA,NA,NA,NA,NA,NA,NA,NA
"5409",2016,"9","3","wheat",0.74,0.63566,NA,NA,NA,NA,NA,8.6322628,1.4493048,2.924036,NA,NA,NA,"Control","Nil",0,0,0,0,0,0,0,"F",NA,NA,NA,NA,NA,NA,NA,NA,NA
"5468",2016,"0","5","wheat",0.78,0.6708,NA,NA,NA,NA,NA,10.290072,1.871532,3.179592,NA,NA,NA,"PKMg","(P)KMg",0,0,90,0,0,0,0,"F",NA,NA,NA,NA,NA,NA,NA,NA,NA
"5519",2016,"1","5","wheat",0.97,0.83032,0.17,0.14535,11.8263692,2.3450449,5.0799687,11.4252032,2.2999864,4.1599032,0.401166,0.0450585,0.9200655,"PKMg","(P)KMg",0,0,90,0,0,0,0,"F",NA,NA,NA,NA,NA,NA,NA,NA,NA
"5547",2016,"2","5","wheat",0.35,0.3017,NA,NA,NA,NA,NA,NA,NA,NA,NA,NA,NA,"PKMg","(P)KMg",0,0,90,0,0,0,0,"F",NA,NA,NA,NA,NA,NA,NA,NA,NA
"5606",2016,"4","5","wheat",2.06,1.78396,0.19,0.16397,25.4532469,6.2028046,10.0021362,25.064638,6.1011432,8.7592436,0.3886089,0.1016614,1.2428926,"PKMg","(P)KMg",0,0,90,0,0,0,0,"F",NA,NA,NA,NA,NA,NA,NA,NA,NA
"5685",2016,"6","5","wheat",0.51,0.43911,NA,NA,NA,NA,NA,NA,NA,NA,NA,NA,NA,"PKMg","(P)KMg",0,0,90,0,0,0,0,"F",NA,NA,NA,NA,NA,NA,NA,NA,NA
"5712",2016,"7","5","wheat",0.34,0.28832,NA,NA,NA,NA,NA,NA,NA,NA,NA,NA,NA,"PKMg","(P)KMg",0,0,90,0,0,0,0,"F",NA,NA,NA,NA,NA,NA,NA,NA,NA
"5805",2016,"9","5","wheat",0.8,0.6712,NA,NA,NA,NA,NA,8.28932,2.107568,3.644616,NA,NA,NA,"PKMg","(P)KMg",0,0,90,0,0,0,0,"F",NA,NA,NA,NA,NA,NA,NA,NA,NA
"5864",2016,"0","6","wheat",2.63,2.28284,NA,NA,NA,NA,NA,32.188044,5.7527568,10.8206616,NA,NA,NA,"N1PKMg","N1 (P)KMg",48,0,90,0,0,0,0,"F",NA,NA,NA,NA,NA,NA,NA,NA,NA
"5915",2016,"1","6","wheat",2.85,2.4681,1.33,1.13848,34.8459886,6.430189,19.575415,31.863171,6.145569,12.118371,2.9828176,0.28462,7.457044,"N1PKMg","N1 (P)KMg",48,0,90,0,0,0,0,"F",NA,NA,NA,NA,NA,NA,NA,NA,NA
"5943",2016,"2","6","wheat",2.9,2.5346,NA,NA,NA,NA,NA,NA,NA,NA,NA,NA,NA,"N1PKMg","N1 (P)KMg",48,0,90,0,0,0,0,"F",NA,NA,NA,NA,NA,NA,NA,NA,NA
"6002",2016,"4","6","wheat",4.94,4.31262,1.91,1.6235,57.9482594,12.5410736,30.5729602,54.4252644,11.9890836,20.3124402,3.522995,0.55199,10.26052,"N1PKMg","N1 (P)KMg",48,0,90,0,0,0,0,"F",NA,NA,NA,NA,NA,NA,NA,NA,NA
"6081",2016,"6","6","wheat",2.24,1.95552,NA,NA,NA,NA,NA,NA,NA,NA,NA,NA,NA,"N1PKMg","N1 (P)KMg",48,0,90,0,0,0,0,"F",NA,NA,NA,NA,NA,NA,NA,NA,NA
"6108",2016,"7","6","wheat",2.54,2.21996,NA,NA,NA,NA,NA,NA,NA,NA,NA,NA,NA,"N1PKMg","N1 (P)KMg",48,0,90,0,0,0,0,"F",NA,NA,NA,NA,NA,NA,NA,NA,NA
"6201",2016,"9","6","wheat",2.59,2.24294,NA,NA,NA,NA,NA,28.485338,6.2353732,12.111876,NA,NA,NA,"N1PKMg","N1 (P)KMg",48,0,90,0,0,0,0,"F",NA,NA,NA,NA,NA,NA,NA,NA,NA
"6260",2016,"0","7","wheat",4.2,3.6624,NA,NA,NA,NA,NA,58.158912,8.97288,17.909136,NA,NA,NA,"N2PKMg","N2 (P)KMg",96,0,90,0,0,0,0,"F",NA,NA,NA,NA,NA,NA,NA,NA,NA
"6311",2016,"1","7","wheat",4.55,3.97215,2.29,1.9465,68.776707,11.346102,34.6549415,61.886097,10.645362,19.9004715,6.89061,0.70074,14.75447,"N2PKMg","N2 (P)KMg",96,0,90,0,0,0,0,"F",0.593232685416667,NA,NA,NA,NA,NA,NA,NA,NA
"6339",2016,"2","7","wheat",3.83,3.3321,NA,NA,NA,NA,NA,NA,NA,NA,NA,NA,NA,"N2PKMg","N2 (P)KMg",96,0,90,0,0,0,0,"F",NA,NA,NA,NA,NA,NA,NA,NA,NA
"6398",2016,"4","7","wheat",7.71,6.74625,2.93,2.4905,98.8251675,19.29619,50.99014,91.9513875,18.3498,32.11215,6.87378,0.94639,18.87799,"N2PKMg","N2 (P)KMg",96,0,90,0,0,0,0,"F",0.764290839583333,NA,NA,NA,NA,NA,NA,NA,NA
"6477",2016,"6","7","wheat",3.2,2.8032,NA,NA,NA,NA,NA,NA,NA,NA,NA,NA,NA,"N2PKMg","N2 (P)KMg",96,0,90,0,0,0,0,"F",NA,NA,NA,NA,NA,NA,NA,NA,NA
"6504",2016,"7","7","wheat",3.5,3.0765,NA,NA,NA,NA,NA,NA,NA,NA,NA,NA,NA,"N2PKMg","N2 (P)KMg",96,0,90,0,0,0,0,"F",NA,NA,NA,NA,NA,NA,NA,NA,NA
"6597",2016,"9","7","wheat",4.48,3.93792,NA,NA,NA,NA,NA,58.0449408,9.9235584,20.083392,NA,NA,NA,"N2PKMg","N2 (P)KMg",96,0,90,0,0,0,0,"F",NA,NA,NA,NA,NA,NA,NA,NA,NA
"1773",2016,"5","1","maize",12.57,4.00983,NA,NA,47.5565838,7.0172025,33.8830635,NA,NA,NA,NA,NA,NA,"FYM+NPK","(FYM) N4",192,0,0,0,0,0,0,"F",NA,NA,NA,NA,NA,NA,0,0,0
"3814",2016,"5","10","maize",3.8,0.8284,NA,NA,12.2189,1.681652,5.55028,NA,NA,NA,NA,NA,NA,"N","N4",192,0,0,0,0,0,0,"F",NA,NA,NA,NA,NA,NA,NA,NA,NA
"59103",2016,"5","11","maize",3.15,0.77175,NA,NA,11.036025,1.9679625,3.935925,NA,NA,NA,NA,NA,NA,"NP","N4 PMg",192,35,0,0,0,0,0,"F",NA,NA,NA,NA,NA,NA,NA,NA,NA
"1015",2016,"5","13","maize",6.82,1.93688,NA,NA,23.6105672,2.9634264,18.7489984,NA,NA,NA,NA,NA,NA,"NPK","N4 PK",192,35,90,0,0,0,0,"F",NA,NA,NA,NA,NA,NA,NA,NA,NA
"1223",2016,"5","14","maize",7.29,2.39841,NA,NA,28.2053016,4.6049472,20.6023419,NA,NA,NA,NA,NA,NA,"N4PKMg","N4 PK*(Mg*)",192,35,90,0,0,0,0,"F",NA,NA,NA,NA,NA,NA,NA,NA,NA
"16413",2016,"5","16","maize",6.02,1.76988,NA,NA,24.7606212,2.8672056,16.3890888,NA,NA,NA,NA,NA,NA,"N5PKMg","N5 (P)KMg",240,0,90,0,0,0,0,"F",NA,0,0.138368486666667,NA,NA,NA,NA,NA,NA
"26910",2016,"5","22","maize",8.66,3.14358,NA,NA,26.4689436,6.7901328,32.064516,NA,NA,NA,NA,NA,NA,"FYM","FYM",0,0,0,35,288.33,64.36509763068,345.3478787682,"F",NA,NA,NA,0.0686613546977421,0.0494226878923456,0.0535251919675372,NA,NA,NA
"29011",2016,"5","3","maize",0.8,0.1928,NA,NA,2.23648,0.285344,1.874016,NA,NA,NA,NA,NA,NA,"Control","Nil",0,0,0,0,0,0,0,"F",NA,NA,NA,NA,NA,NA,NA,NA,NA
"3115",2016,"5","5","maize",2.33,0.67803,NA,NA,6.6718152,1.5459084,7.1803377,NA,NA,NA,NA,NA,NA,"PKMg","(P)KMg",0,0,90,0,0,0,0,"F",NA,NA,NA,NA,NA,NA,NA,NA,NA
"3322",2016,"5","6","maize",4.36,1.43008,NA,NA,11.6837536,2.3310304,14.2149952,NA,NA,NA,NA,NA,NA,"N1PKMg","N1 (P)KMg",48,0,90,0,0,0,0,"F",NA,NA,NA,NA,NA,NA,NA,NA,NA
"3533",2016,"5","7","maize",4.95,1.584,NA,NA,12.1968,2.04336,17.85168,NA,NA,NA,NA,NA,NA,"N2PKMg","N2 (P)KMg",96,0,90,0,0,0,0,"F",0.057551925,NA,NA,NA,NA,NA,NA,NA,NA
"580",2017,"2","1","oats",6.69,5.8704081,4.81,4.2092791,88.460286058,18.886265637,53.755382185,74.906407356,16.613254923,21.13346916,13.553878702,2.273010714,32.621913025,"FYM+NPK","(FYM) N4",192,0,0,0,0,0,0,"F",NA,NA,NA,NA,NA,NA,0,0,0
"28100",2017,"2","10","oats",4.52,3.9224108,2.02,1.7840236,72.379472324,8.754429524,15.51429224,66.171070196,8.23706268,10.7866297,6.208402128,0.517366844,4.72766254,"N","N4",192,0,0,0,0,0,0,"F",NA,NA,NA,NA,NA,NA,NA,NA,NA
"51100",2017,"2","11","oats",5.22,4.5378504,3.08,2.7377812,60.883888336,13.103168896,19.540637996,53.54663472,11.843789544,14.475742776,7.337253616,1.259379352,5.06489522,"NP","N4 PMg",192,35,0,0,0,0,0,"F",NA,NA,NA,NA,NA,NA,NA,NA,NA
"97",2017,"2","13","oats",3.74,3.230238,2.09,1.8438398,39.380542894,9.878265056,21.939932762,34.53124422,8.36631642,11.07971634,4.849298674,1.511948636,10.860216422,"NPK","N4 PK",192,35,90,0,0,0,0,"F",NA,NA,NA,NA,NA,NA,NA,NA,NA
"1201",2017,"2","14","oats",4.19,3.6271573,2,1.7588,45.870804793,11.674086305,20.898786393,41.385864793,10.337398305,12.368606393,4.48494,1.336688,8.53018,"N4PKMg","N4 PK*(Mg*)",192,35,90,0,0,0,0,"F",NA,NA,NA,NA,NA,NA,NA,NA,NA
"16610",2017,"2","16","oats",5.72,4.9690784,3.26,2.8688,63.211939648,13.308444512,33.5918088,55.753059648,12.074860512,16.1495048,7.45888,1.233584,17.442304,"N5PKMg","N5 (P)KMg",240,0,90,0,0,0,0,"F",NA,0,0.156124120044444,NA,NA,NA,NA,NA,NA
"281",2017,"2","22","oats",8.68,7.6311956,7.45,6.0351705,136.578563257,28.56264096,78.397641661,120.343954612,25.18294548,31.745773696,16.234608645,3.37969548,46.651867965,"FYM","FYM",0,0,0,35,292.98395,90.276128339775,308.971354923962,"F",NA,NA,NA,0.34261992310159,0.219121528442087,0.258357752774512,NA,NA,NA
"304",2017,"2","3","oats",2.53,2.2075768,1.36,1.2063064,33.59890612,6.091817992,10.862777848,30.486635608,5.585169304,6.688957704,3.112270512,0.506648688,4.173820144,"Control","Nil",0,0,0,0,0,0,0,"F",NA,NA,NA,NA,NA,NA,NA,NA,NA
"327",2017,"2","5","oats",3.08,2.6863452,1.71,1.5083226,36.196424838,8.23684473,18.31452354,32.289869304,7.226268588,9.294754392,3.906555534,1.010576142,9.019769148,"PKMg","(P)KMg",0,0,90,0,0,0,0,"F",NA,NA,NA,NA,NA,NA,NA,NA,NA
"3501",2017,"2","6","oats",3.28,2.8370032,1.79,1.5743229,37.58545943,8.824907586,18.710794358,33.3347876,7.65990864,9.674180912,4.25067183,1.164998946,9.036613446,"N1PKMg","N1 (P)KMg",48,0,90,0,0,0,0,"F",NA,NA,NA,NA,NA,NA,NA,NA,NA
"3731",2017,"2","7","oats",4.24,3.6857472,1.9,1.683362,46.114807812,11.133061072,23.38834292,41.317226112,9.988374912,12.71582784,4.7975817,1.14468616,10.67251508,"N2PKMg","N2 (P)KMg",96,0,90,0,0,0,0,"F",0.1033164893125,NA,NA,NA,NA,NA,NA,NA,NA
"8710",2017,"4","1","wheat",7.83,6.92172,NA,NA,NA,NA,NA,NA,NA,NA,NA,NA,NA,"FYM+NPK","(FYM) N4",192,0,0,0,0,0,0,"F",NA,NA,NA,NA,NA,NA,0,0,0
"1192",2017,"5","1","wheat",9.94,8.80684,4.05,3.6288,NA,NA,NA,NA,NA,NA,NA,NA,NA,"FYM+NPK","(FYM) N4",192,0,0,0,0,0,0,"F",NA,NA,NA,NA,NA,NA,0,0,0
"16611",2017,"6","1","wheat",5.37,4.77393,NA,NA,NA,NA,NA,NA,NA,NA,NA,NA,NA,"FYM+NPK","(FYM) N4",192,0,0,0,0,0,0,"F",NA,NA,NA,NA,NA,NA,0,0,0
"193",2017,"7","1","wheat",5.68,4.89048,NA,NA,NA,NA,NA,NA,NA,NA,NA,NA,NA,"FYM+NPK","(FYM) N4",192,0,0,0,0,0,0,"F",NA,NA,NA,NA,NA,NA,0,0,0
"241",2017,"0","10","wheat",1.81,1.57651,NA,NA,NA,NA,NA,NA,NA,NA,NA,NA,NA,"N","N4",192,0,0,0,0,0,0,"F",NA,NA,NA,NA,NA,NA,NA,NA,NA
"29210",2017,"1","10","wheat",1.36,1.17912,1.01,0.89486,35.6327564,3.0999262,6.0968832,31.1405592,2.9478,5.0230512,4.4921972,0.1521262,1.073832,"N","N4",192,0,0,0,0,0,0,"F",NA,NA,NA,NA,NA,NA,NA,NA,NA
"3792",2017,"4","10","wheat",2.04,1.80948,NA,NA,NA,NA,NA,NA,NA,NA,NA,NA,NA,"N","N4",192,0,0,0,0,0,0,"F",NA,NA,NA,NA,NA,NA,NA,NA,NA
"4112",2017,"5","10","wheat",7.35,6.5415,1.72,1.5566,NA,NA,NA,NA,NA,NA,NA,NA,NA,"N","N4",192,0,0,0,0,0,0,"F",NA,NA,NA,NA,NA,NA,NA,NA,NA
"4581",2017,"6","10","wheat",2.95,2.6137,NA,NA,NA,NA,NA,NA,NA,NA,NA,NA,NA,"N","N4",192,0,0,0,0,0,0,"F",NA,NA,NA,NA,NA,NA,NA,NA,NA
"48510",2017,"7","10","wheat",3,2.643,NA,NA,NA,NA,NA,NA,NA,NA,NA,NA,NA,"N","N4",192,0,0,0,0,0,0,"F",NA,NA,NA,NA,NA,NA,NA,NA,NA
"527",2017,"8","10","wheat",3.15,2.7846,2.37,2.11641,NA,NA,NA,NA,NA,NA,NA,NA,NA,"N","N4",192,0,0,0,0,0,0,"F",NA,NA,NA,NA,NA,NA,NA,NA,NA
"578",2017,"9","10","wheat",2.48,2.19728,NA,NA,NA,NA,NA,NA,NA,NA,NA,NA,NA,"N","N4",192,0,0,0,0,0,0,"F",NA,NA,NA,NA,NA,NA,NA,NA,NA
"637",2017,"0","11","wheat",3.34,2.93252,NA,NA,NA,NA,NA,NA,NA,NA,NA,NA,NA,"NP","N4 PMg",192,35,0,0,0,0,0,"F",NA,NA,NA,NA,NA,NA,NA,NA,NA
"688",2017,"1","11","wheat",2.37,2.06427,1.52,1.36344,54.2259627,3.4734531,9.9259563,48.0768483,3.3234747,8.1125811,6.1491144,0.1499784,1.8133752,"NP","N4 PMg",192,35,0,0,0,0,0,"F",NA,NA,NA,NA,NA,NA,NA,NA,NA
"775",2017,"4","11","wheat",5.46,4.85394,NA,NA,NA,NA,NA,NA,NA,NA,NA,NA,NA,"NP","N4 PMg",192,35,0,0,0,0,0,"F",NA,NA,NA,NA,NA,NA,NA,NA,NA
"807",2017,"5","11","wheat",7.67,6.7496,1.81,1.63443,NA,NA,NA,NA,NA,NA,NA,NA,NA,"NP","N4 PMg",192,35,0,0,0,0,0,"F",NA,NA,NA,NA,NA,NA,NA,NA,NA
"854",2017,"6","11","wheat",4.44,3.94716,NA,NA,NA,NA,NA,NA,NA,NA,NA,NA,NA,"NP","N4 PMg",192,35,0,0,0,0,0,"F",NA,NA,NA,NA,NA,NA,NA,NA,NA
"881",2017,"7","11","wheat",3.01,2.67589,NA,NA,NA,NA,NA,NA,NA,NA,NA,NA,NA,"NP","N4 PMg",192,35,0,0,0,0,0,"F",NA,NA,NA,NA,NA,NA,NA,NA,NA
"923",2017,"8","11","wheat",4.39,3.87637,3.79,3.40342,NA,NA,NA,NA,NA,NA,NA,NA,NA,"NP","N4 PMg",192,35,0,0,0,0,0,"F",NA,NA,NA,NA,NA,NA,NA,NA,NA
"974",2017,"9","11","wheat",3.07,2.72923,NA,NA,NA,NA,NA,NA,NA,NA,NA,NA,NA,"NP","N4 PMg",192,35,0,0,0,0,0,"F",NA,NA,NA,NA,NA,NA,NA,NA,NA
"1429",2017,"0","13","wheat",3.72,3.26988,NA,NA,NA,NA,NA,NA,NA,NA,NA,NA,NA,"NPK","N4 PK",192,35,90,0,0,0,0,"F",NA,NA,NA,NA,NA,NA,NA,NA,NA
"1480",2017,"1","13","wheat",2.49,2.15883,1.36,1.21312,69.2566417,5.9756547,10.9626183,62.5844817,5.7208995,9.4340871,6.67216,0.2547552,1.5285312,"NPK","N4 PK",192,35,90,0,0,0,0,"F",NA,NA,NA,NA,NA,NA,NA,NA,NA
"1567",2017,"4","13","wheat",4.9,4.2532,NA,NA,NA,NA,NA,NA,NA,NA,NA,NA,NA,"NPK","N4 PK",192,35,90,0,0,0,0,"F",NA,NA,NA,NA,NA,NA,NA,NA,NA
"1599",2017,"5","13","wheat",9.22,8.18736,2.42,2.17558,NA,NA,NA,NA,NA,NA,NA,NA,NA,"NPK","N4 PK",192,35,90,0,0,0,0,"F",NA,NA,NA,NA,NA,NA,NA,NA,NA
"1646",2017,"6","13","wheat",5.97,5.27151,NA,NA,NA,NA,NA,NA,NA,NA,NA,NA,NA,"NPK","N4 PK",192,35,90,0,0,0,0,"F",NA,NA,NA,NA,NA,NA,NA,NA,NA
"1673",2017,"7","13","wheat",3.96,3.52836,NA,NA,NA,NA,NA,NA,NA,NA,NA,NA,NA,"NPK","N4 PK",192,35,90,0,0,0,0,"F",NA,NA,NA,NA,NA,NA,NA,NA,NA
"1715",2017,"8","13","wheat",5.66,5.01476,4.4,3.9424,NA,NA,NA,NA,NA,NA,NA,NA,NA,"NPK","N4 PK",192,35,90,0,0,0,0,"F",NA,NA,NA,NA,NA,NA,NA,NA,NA
"1766",2017,"9","13","wheat",4.94,4.40154,NA,NA,NA,NA,NA,NA,NA,NA,NA,NA,NA,"NPK","N4 PK",192,35,90,0,0,0,0,"F",NA,NA,NA,NA,NA,NA,NA,NA,NA
"1825",2017,"0","14","wheat",4.55,4.0131,NA,NA,NA,NA,NA,NA,NA,NA,NA,NA,NA,"N4PKMg","N4 PK*(Mg*)",192,35,90,0,0,0,0,"F",NA,NA,NA,NA,NA,NA,NA,NA,NA
"1876",2017,"1","14","wheat",4.15,3.62295,2.03,1.79249,112.6368504,10.7193756,19.0656081,102.312108,10.289178,16.4844225,10.3247424,0.4301976,2.5811856,"N4PKMg","N4 PK*(Mg*)",192,35,90,0,0,0,0,"F",NA,NA,NA,NA,NA,NA,NA,NA,NA
"1963",2017,"4","14","wheat",5.1,4.539,NA,NA,NA,NA,NA,NA,NA,NA,NA,NA,NA,"N4PKMg","N4 PK*(Mg*)",192,35,90,0,0,0,0,"F",NA,NA,NA,NA,NA,NA,NA,NA,NA
"1995",2017,"5","14","wheat",8.69,7.7341,2.19,1.98195,NA,NA,NA,NA,NA,NA,NA,NA,NA,"N4PKMg","N4 PK*(Mg*)",192,35,90,0,0,0,0,"F",NA,NA,NA,NA,NA,NA,NA,NA,NA
"2042",2017,"6","14","wheat",6.51,5.7939,NA,NA,NA,NA,NA,NA,NA,NA,NA,NA,NA,"N4PKMg","N4 PK*(Mg*)",192,35,90,0,0,0,0,"F",NA,NA,NA,NA,NA,NA,NA,NA,NA
"2069",2017,"7","14","wheat",4.42,3.91612,NA,NA,NA,NA,NA,NA,NA,NA,NA,NA,NA,"N4PKMg","N4 PK*(Mg*)",192,35,90,0,0,0,0,"F",NA,NA,NA,NA,NA,NA,NA,NA,NA
"2111",2017,"8","14","wheat",6.8,5.9772,4.81,4.32419,NA,NA,NA,NA,NA,NA,NA,NA,NA,"N4PKMg","N4 PK*(Mg*)",192,35,90,0,0,0,0,"F",NA,NA,NA,NA,NA,NA,NA,NA,NA
"2162",2017,"9","14","wheat",5.51,4.89839,NA,NA,NA,NA,NA,NA,NA,NA,NA,NA,NA,"N4PKMg","N4 PK*(Mg*)",192,35,90,0,0,0,0,"F",NA,NA,NA,NA,NA,NA,NA,NA,NA
"2617",2017,"0","16","wheat",4.62,4.05636,NA,NA,NA,NA,NA,NA,NA,NA,NA,NA,NA,"N5PKMg","N5 (P)KMg",240,0,90,0,0,0,0,"F",NA,0,NA,NA,NA,NA,NA,NA,NA
"2668",2017,"1","16","wheat",4.16,3.64416,2.98,2.63432,120.424928,10.5746472,21.4768112,105.4619904,10.02144,16.4716032,14.9629376,0.5532072,5.005208,"N5PKMg","N5 (P)KMg",240,0,90,0,0,0,0,"F",NA,0,0.128342832222222,NA,NA,NA,NA,NA,NA
"2755",2017,"4","16","wheat",7.02,6.1425,NA,NA,NA,NA,NA,NA,NA,NA,NA,NA,NA,"N5PKMg","N5 (P)KMg",240,0,90,0,0,0,0,"F",NA,0,NA,NA,NA,NA,NA,NA,NA
"2787",2017,"5","16","wheat",10.41,9.27531,4.6,4.1446,NA,NA,NA,NA,NA,NA,NA,NA,NA,"N5PKMg","N5 (P)KMg",240,0,90,0,0,0,0,"F",NA,0,NA,NA,NA,NA,NA,NA,NA
"2834",2017,"6","16","wheat",6.91,6.14299,NA,NA,NA,NA,NA,NA,NA,NA,NA,NA,NA,"N5PKMg","N5 (P)KMg",240,0,90,0,0,0,0,"F",NA,0,NA,NA,NA,NA,NA,NA,NA
"2861",2017,"7","16","wheat",4.88,4.35296,NA,NA,NA,NA,NA,NA,NA,NA,NA,NA,NA,"N5PKMg","N5 (P)KMg",240,0,90,0,0,0,0,"F",NA,0,NA,NA,NA,NA,NA,NA,NA
"2903",2017,"8","16","wheat",4.61,4.06141,4.97,4.42827,NA,NA,NA,NA,NA,NA,NA,NA,NA,"N5PKMg","N5 (P)KMg",240,0,90,0,0,0,0,"F",NA,0,NA,NA,NA,NA,NA,NA,NA
"2954",2017,"9","16","wheat",4.26,3.79992,NA,NA,NA,NA,NA,NA,NA,NA,NA,NA,NA,"N5PKMg","N5 (P)KMg",240,0,90,0,0,0,0,"F",NA,0,NA,NA,NA,NA,NA,NA,NA
"4201",2017,"0","20","wheat",0.81,0.70713,NA,NA,NA,NA,NA,NA,NA,NA,NA,NA,NA,"NKMg","N4 KMg",96,0,90,0,0,0,0,"F",NA,NA,NA,NA,NA,NA,NA,NA,NA
"4252",2017,"1","20","wheat",0.37,0.32264,0.41,0.36449,9.4678699,0.7281541,1.7924223,7.82402,0.6807704,1.2712016,1.6438499,0.0473837,0.5212207,"NKMg","N4 KMg",96,0,90,0,0,0,0,"F",NA,NA,NA,NA,NA,NA,NA,NA,NA
"4687",2017,"0","22","wheat",4.34,3.76712,NA,NA,NA,NA,NA,NA,NA,NA,NA,NA,NA,"FYM","FYM",0,0,0,35,292.98395,90.276128339775,308.971354923962,"F",NA,NA,NA,NA,NA,NA,NA,NA,NA
"4738",2017,"1","22","wheat",4.63,4.00032,2.63,2.34596,NA,NA,NA,NA,NA,NA,NA,NA,NA,"FYM","FYM",0,0,0,35,292.98395,90.276128339775,308.971354923962,"F",NA,NA,NA,NA,NA,NA,NA,NA,NA
"4825",2017,"4","22","wheat",6.4,5.6384,NA,NA,NA,NA,NA,NA,NA,NA,NA,NA,NA,"FYM","FYM",0,0,0,35,292.98395,90.276128339775,308.971354923962,"F",NA,NA,NA,NA,NA,NA,NA,NA,NA
"4857",2017,"5","22","wheat",7.1,6.1983,3.21,2.89221,NA,NA,NA,NA,NA,NA,NA,NA,NA,"FYM","FYM",0,0,0,35,292.98395,90.276128339775,308.971354923962,"F",NA,NA,NA,NA,NA,NA,NA,NA,NA
"4904",2017,"6","22","wheat",6.48,5.72184,NA,NA,NA,NA,NA,NA,NA,NA,NA,NA,NA,"FYM","FYM",0,0,0,35,292.98395,90.276128339775,308.971354923962,"F",NA,NA,NA,NA,NA,NA,NA,NA,NA
"4931",2017,"7","22","wheat",6.37,5.61197,NA,NA,NA,NA,NA,NA,NA,NA,NA,NA,NA,"FYM","FYM",0,0,0,35,292.98395,90.276128339775,308.971354923962,"F",NA,NA,NA,NA,NA,NA,NA,NA,NA
"4973",2017,"8","22","wheat",6.18,5.45694,5.51,4.89288,NA,NA,NA,NA,NA,NA,NA,NA,NA,"FYM","FYM",0,0,0,35,292.98395,90.276128339775,308.971354923962,"F",NA,NA,NA,NA,NA,NA,NA,NA,NA
"5024",2017,"9","22","wheat",6.37,5.61197,NA,NA,NA,NA,NA,140.6920879,19.7541344,26.937456,NA,NA,NA,"FYM","FYM",0,0,0,35,292.98395,90.276128339775,308.971354923962,"F",NA,NA,NA,NA,NA,NA,NA,NA,NA
"5073",2017,"0","3","wheat",0.74,0.63862,NA,NA,NA,NA,NA,NA,NA,NA,NA,NA,NA,"Control","Nil",0,0,0,0,0,0,0,"F",NA,NA,NA,NA,NA,NA,NA,NA,NA
"5124",2017,"1","3","wheat",0.68,0.5848,0.5,0.4395,18.202095,2.04124,3.908876,15.96504,1.9006,2.731016,2.237055,0.14064,1.17786,"Control","Nil",0,0,0,0,0,0,0,"F",NA,NA,NA,NA,NA,NA,NA,NA,NA
"5211",2017,"4","3","wheat",1,0.873,NA,NA,NA,NA,NA,NA,NA,NA,NA,NA,NA,"Control","Nil",0,0,0,0,0,0,0,"F",NA,NA,NA,NA,NA,NA,NA,NA,NA
"5243",2017,"5","3","wheat",2.27,1.99079,0.54,0.48384,NA,NA,NA,NA,NA,NA,NA,NA,NA,"Control","Nil",0,0,0,0,0,0,0,"F",NA,NA,NA,NA,NA,NA,NA,NA,NA
"5290",2017,"6","3","wheat",1.54,1.35058,NA,NA,NA,NA,NA,NA,NA,NA,NA,NA,NA,"Control","Nil",0,0,0,0,0,0,0,"F",NA,NA,NA,NA,NA,NA,NA,NA,NA
"5317",2017,"7","3","wheat",1.26,1.1088,NA,NA,NA,NA,NA,NA,NA,NA,NA,NA,NA,"Control","Nil",0,0,0,0,0,0,0,"F",NA,NA,NA,NA,NA,NA,NA,NA,NA
"5359",2017,"8","3","wheat",3.26,2.86228,2.06,1.84164,NA,NA,NA,NA,NA,NA,NA,NA,NA,"Control","Nil",0,0,0,0,0,0,0,"F",NA,NA,NA,NA,NA,NA,NA,NA,NA
"5410",2017,"9","3","wheat",0.44,0.38324,NA,NA,NA,NA,NA,NA,NA,NA,NA,NA,NA,"Control","Nil",0,0,0,0,0,0,0,"F",NA,NA,NA,NA,NA,NA,NA,NA,NA
"5469",2017,"0","5","wheat",1.13,0.97293,NA,NA,NA,NA,NA,NA,NA,NA,NA,NA,NA,"PKMg","(P)KMg",0,0,90,0,0,0,0,"F",NA,NA,NA,NA,NA,NA,NA,NA,NA
"5520",2017,"1","5","wheat",0.97,0.83032,0.54,0.47196,15.1514692,1.7812532,4.2949224,13.6836736,1.7104592,3.5869824,1.4677956,0.070794,0.70794,"PKMg","(P)KMg",0,0,90,0,0,0,0,"F",NA,NA,NA,NA,NA,NA,NA,NA,NA
"5607",2017,"4","5","wheat",1.2,1.0416,NA,NA,NA,NA,NA,NA,NA,NA,NA,NA,NA,"PKMg","(P)KMg",0,0,90,0,0,0,0,"F",NA,NA,NA,NA,NA,NA,NA,NA,NA
"5639",2017,"5","5","wheat",2,1.762,0.36,0.32292,NA,NA,NA,NA,NA,NA,NA,NA,NA,"PKMg","(P)KMg",0,0,90,0,0,0,0,"F",NA,NA,NA,NA,NA,NA,NA,NA,NA
"5686",2017,"6","5","wheat",1.38,1.2075,NA,NA,NA,NA,NA,NA,NA,NA,NA,NA,NA,"PKMg","(P)KMg",0,0,90,0,0,0,0,"F",NA,NA,NA,NA,NA,NA,NA,NA,NA
"5713",2017,"7","5","wheat",1.78,1.5664,NA,NA,NA,NA,NA,NA,NA,NA,NA,NA,NA,"PKMg","(P)KMg",0,0,90,0,0,0,0,"F",NA,NA,NA,NA,NA,NA,NA,NA,NA
"5755",2017,"8","5","wheat",5.44,4.7872,4.04,3.61984,NA,NA,NA,NA,NA,NA,NA,NA,NA,"PKMg","(P)KMg",0,0,90,0,0,0,0,"F",NA,NA,NA,NA,NA,NA,NA,NA,NA
"5806",2017,"9","5","wheat",0.98,0.85652,NA,NA,NA,NA,NA,NA,NA,NA,NA,NA,NA,"PKMg","(P)KMg",0,0,90,0,0,0,0,"F",NA,NA,NA,NA,NA,NA,NA,NA,NA
"5865",2017,"0","6","wheat",2.11,1.82726,NA,NA,NA,NA,NA,NA,NA,NA,NA,NA,NA,"N1PKMg","N1 (P)KMg",48,0,90,0,0,0,0,"F",NA,NA,NA,NA,NA,NA,NA,NA,NA
"5916",2017,"1","6","wheat",2.13,1.82967,0.96,0.84672,31.5590196,5.6600097,10.8289425,28.908786,5.3975265,9.2032401,2.6502336,0.2624832,1.6257024,"N1PKMg","N1 (P)KMg",48,0,90,0,0,0,0,"F",NA,NA,NA,NA,NA,NA,NA,NA,NA
"6003",2017,"4","6","wheat",2.77,2.4376,NA,NA,NA,NA,NA,NA,NA,NA,NA,NA,NA,"N1PKMg","N1 (P)KMg",48,0,90,0,0,0,0,"F",NA,NA,NA,NA,NA,NA,NA,NA,NA
"6035",2017,"5","6","wheat",4.29,3.78807,0.92,0.83076,NA,NA,NA,NA,NA,NA,NA,NA,NA,"N1PKMg","N1 (P)KMg",48,0,90,0,0,0,0,"F",NA,NA,NA,NA,NA,NA,NA,NA,NA
"6082",2017,"6","6","wheat",3.28,2.88968,NA,NA,NA,NA,NA,NA,NA,NA,NA,NA,NA,"N1PKMg","N1 (P)KMg",48,0,90,0,0,0,0,"F",NA,NA,NA,NA,NA,NA,NA,NA,NA
"6109",2017,"7","6","wheat",3.02,2.65156,NA,NA,NA,NA,NA,NA,NA,NA,NA,NA,NA,"N1PKMg","N1 (P)KMg",48,0,90,0,0,0,0,"F",NA,NA,NA,NA,NA,NA,NA,NA,NA
"6151",2017,"8","6","wheat",5.4,4.7736,4.42,3.97358,NA,NA,NA,NA,NA,NA,NA,NA,NA,"N1PKMg","N1 (P)KMg",48,0,90,0,0,0,0,"F",NA,NA,NA,NA,NA,NA,NA,NA,NA
"6202",2017,"9","6","wheat",3.43,3.04241,NA,NA,NA,NA,NA,NA,NA,NA,NA,NA,NA,"N1PKMg","N1 (P)KMg",48,0,90,0,0,0,0,"F",NA,NA,NA,NA,NA,NA,NA,NA,NA
"6261",2017,"0","7","wheat",2.67,2.31489,NA,NA,NA,NA,NA,NA,NA,NA,NA,NA,NA,"N2PKMg","N2 (P)KMg",96,0,90,0,0,0,0,"F",NA,NA,NA,NA,NA,NA,NA,NA,NA
"6312",2017,"1","7","wheat",2.57,2.22819,1.43,1.29129,46.3963299,6.3224787,13.1897829,42.1350729,6.0383949,10.7621577,4.261257,0.2840838,2.4276252,"N2PKMg","N2 (P)KMg",96,0,90,0,0,0,0,"F",0.325467298958333,NA,NA,NA,NA,NA,NA,NA,NA
"6399",2017,"4","7","wheat",4.12,3.60912,NA,NA,NA,NA,NA,NA,NA,NA,NA,NA,NA,"N2PKMg","N2 (P)KMg",96,0,90,0,0,0,0,"F",NA,NA,NA,NA,NA,NA,NA,NA,NA
"6431",2017,"5","7","wheat",6.53,5.77905,1.53,1.37853,NA,NA,NA,NA,NA,NA,NA,NA,NA,"N2PKMg","N2 (P)KMg",96,0,90,0,0,0,0,"F",NA,NA,NA,NA,NA,NA,NA,NA,NA
"6478",2017,"6","7","wheat",4.25,3.76125,NA,NA,NA,NA,NA,NA,NA,NA,NA,NA,NA,"N2PKMg","N2 (P)KMg",96,0,90,0,0,0,0,"F",NA,NA,NA,NA,NA,NA,NA,NA,NA
"6505",2017,"7","7","wheat",3.55,3.16305,NA,NA,NA,NA,NA,NA,NA,NA,NA,NA,NA,"N2PKMg","N2 (P)KMg",96,0,90,0,0,0,0,"F",NA,NA,NA,NA,NA,NA,NA,NA,NA
"6547",2017,"8","7","wheat",5.05,4.45915,4.08,3.68016,NA,NA,NA,NA,NA,NA,NA,NA,NA,"N2PKMg","N2 (P)KMg",96,0,90,0,0,0,0,"F",NA,NA,NA,NA,NA,NA,NA,NA,NA
"6598",2017,"9","7","wheat",4.03,3.58267,NA,NA,NA,NA,NA,NA,NA,NA,NA,NA,NA,"N2PKMg","N2 (P)KMg",96,0,90,0,0,0,0,"F",NA,NA,NA,NA,NA,NA,NA,NA,NA
"980",2017,"3","1","maize",11.02,3.0305,NA,NA,42.12395,5.87917,30.12317,NA,NA,NA,NA,NA,NA,"FYM+NPK","(FYM) N4",192,0,0,0,0,0,0,"F",NA,NA,NA,NA,NA,NA,0,0,0
"3014",2017,"3","10","maize",4.22,0.91152,NA,NA,13.0529664,1.5404688,6.8455152,NA,NA,NA,NA,NA,NA,"N","N4",192,0,0,0,0,0,0,"F",NA,NA,NA,NA,NA,NA,NA,NA,NA
"51103",2017,"3","11","maize",6.49,1.4278,NA,NA,20.902992,5.111524,6.296598,NA,NA,NA,NA,NA,NA,"NP","N4 PMg",192,35,0,0,0,0,0,"F",NA,NA,NA,NA,NA,NA,NA,NA,NA
"9312",2017,"3","13","maize",14.45,3.9015,NA,NA,44.516115,7.061715,40.26348,NA,NA,NA,NA,NA,NA,"NPK","N4 PK",192,35,90,0,0,0,0,"F",NA,NA,NA,NA,NA,NA,NA,NA,NA
"1142",2017,"3","14","maize",14.08,3.67488,NA,NA,44.282304,6.9087744,37.6307712,NA,NA,NA,NA,NA,NA,"N4PKMg","N4 PK*(Mg*)",192,35,90,0,0,0,0,"F",NA,NA,NA,NA,NA,NA,NA,NA,NA
"15612",2017,"3","16","maize",12.91,3.15004,NA,NA,42.3050372,5.8905748,30.6183888,NA,NA,NA,NA,NA,NA,"N5PKMg","N5 (P)KMg",240,0,90,0,0,0,0,"F",NA,0,0.27024212,NA,NA,NA,NA,NA,NA
"26110",2017,"3","22","maize",17.83,6.45446,NA,NA,77.5180646,12.3280186,56.799248,NA,NA,NA,NA,NA,NA,"FYM","FYM",0,0,0,35,292.98395,90.276128339775,308.971354923962,"F",NA,NA,NA,0.222240001542747,0.22002945280791,0.19323608887108,NA,NA,NA
"28211",2017,"3","3","maize",1.95,0.3939,NA,NA,5.116761,0.693264,3.58449,NA,NA,NA,NA,NA,NA,"Control","Nil",0,0,0,0,0,0,0,"F",NA,NA,NA,NA,NA,NA,NA,NA,NA
"3032",2017,"3","5","maize",5.01,1.36773,NA,NA,12.4053111,2.3524956,15.1270938,NA,NA,NA,NA,NA,NA,"PKMg","(P)KMg",0,0,90,0,0,0,0,"F",NA,NA,NA,NA,NA,NA,NA,NA,NA
"3242",2017,"3","6","maize",8.7,2.4795,NA,NA,22.984965,4.31433,21.893985,NA,NA,NA,NA,NA,NA,"N1PKMg","N1 (P)KMg",48,0,90,0,0,0,0,"F",NA,NA,NA,NA,NA,NA,NA,NA,NA
"3452",2017,"3","7","maize",10.92,2.86104,NA,NA,30.9564528,4.434612,32.9591808,NA,NA,NA,NA,NA,NA,"N2PKMg","N2 (P)KMg",96,0,90,0,0,0,0,"F",0.193241059375,NA,NA,NA,NA,NA,NA,NA,NA
"15100",2018,"4","1","oats",3.83,3.3396834,1.76,1.4738416,NA,NA,NA,NA,NA,NA,NA,NA,NA,"FYM+NPK","(FYM) N4",96,0,0,0,0,0,0,"F",NA,NA,NA,NA,NA,NA,0,0,0
"3810",2018,"4","10","oats",2.86,2.3841818,1.5,0.866085,NA,NA,NA,NA,NA,NA,NA,NA,NA,"N","N4",96,0,0,0,0,0,0,"F",NA,NA,NA,NA,NA,NA,NA,NA,NA
"61100",2018,"4","11","oats",4.25,3.6766325,2.19,1.1310693,NA,NA,NA,NA,NA,NA,NA,NA,NA,"NP","N4 PMg",96,35,0,0,0,0,0,"F",NA,NA,NA,NA,NA,NA,NA,NA,NA
"107",2018,"4","13","oats",3.01,2.5590117,0.88,0.476828,NA,NA,NA,NA,NA,NA,NA,NA,NA,"NPK","N4 PK",96,35,90,0,0,0,0,"F",NA,NA,NA,NA,NA,NA,NA,NA,NA
"1301",2018,"4","14","oats",3.97,3.4712092,1.06,0.550988,NA,NA,NA,NA,NA,NA,NA,NA,NA,"N4PKMg","N4 PK*(Mg*)",96,35,90,0,0,0,0,"F",NA,NA,NA,NA,NA,NA,NA,NA,NA
"176",2018,"4","16","oats",5.27,4.6577314,1.83,0.8359623,NA,NA,NA,NA,NA,NA,NA,NA,NA,"N5PKMg","N5 (P)KMg",120,0,90,0,0,0,0,"F",NA,0,NA,NA,NA,NA,NA,NA,NA
"291",2018,"4","22","oats",3.63,3.1306572,1.52,0.7834232,NA,NA,NA,NA,NA,NA,NA,NA,NA,"FYM","FYM",0,0,0,35,0,0,0,"F",NA,NA,NA,0,0,0,NA,NA,NA
"314",2018,"4","3","oats",0.89,0.7867689,0.24,0.1746624,NA,NA,NA,NA,NA,NA,NA,NA,NA,"Control","Nil",0,0,0,0,0,0,0,"F",NA,NA,NA,NA,NA,NA,NA,NA,NA
"337",2018,"4","5","oats",1.03,0.8747481,0.34,0.2234106,NA,NA,NA,NA,NA,NA,NA,NA,NA,"PKMg","(P)KMg",0,0,90,0,0,0,0,"F",NA,NA,NA,NA,NA,NA,NA,NA,NA
"3601",2018,"4","6","oats",1.97,1.5514341,0.73,0.4456723,NA,NA,NA,NA,NA,NA,NA,NA,NA,"N1PKMg","N1 (P)KMg",24,0,90,0,0,0,0,"F",NA,NA,NA,NA,NA,NA,NA,NA,NA
"3831",2018,"4","7","oats",2.65,2.1952335,0.92,0.5242252,NA,NA,NA,NA,NA,NA,NA,NA,NA,"N2PKMg","N2 (P)KMg",48,0,90,0,0,0,0,"F",NA,NA,NA,NA,NA,NA,NA,NA,NA
"28101",2018,"2","1","wheat",6.36,5.7558,2.03,1.70317,NA,NA,NA,NA,NA,NA,NA,NA,NA,"FYM+NPK","(FYM) N4",192,0,0,0,0,0,0,"F",NA,NA,NA,NA,NA,NA,0,0,0
"61101",2018,"3","1","wheat",8.31,7.52886,3.48,2.98236,NA,NA,NA,NA,NA,NA,NA,NA,NA,"FYM+NPK","(FYM) N4",192,0,0,0,0,0,0,"F",NA,NA,NA,NA,NA,NA,0,0,0
"1202",2018,"5","1","wheat",7.46,6.76622,NA,NA,NA,NA,NA,NA,NA,NA,NA,NA,NA,"FYM+NPK","(FYM) N4",192,0,0,0,0,0,0,"F",NA,NA,NA,NA,NA,NA,0,0,0
"16711",2018,"6","1","wheat",4.14,3.7467,NA,NA,NA,NA,NA,NA,NA,NA,NA,NA,NA,"FYM+NPK","(FYM) N4",192,0,0,0,0,0,0,"F",NA,NA,NA,NA,NA,NA,0,0,0
"242",2018,"0","10","wheat",1.08,0.97848,NA,NA,NA,NA,NA,NA,NA,NA,NA,NA,NA,"N","N4",192,0,0,0,0,0,0,"F",NA,NA,NA,NA,NA,NA,NA,NA,NA
"29310",2018,"1","10","wheat",1.21,1.09747,0.64,0.52352,NA,NA,NA,NA,NA,NA,NA,NA,NA,"N","N4",192,0,0,0,0,0,0,"F",NA,NA,NA,NA,NA,NA,NA,NA,NA
"3201",2018,"2","10","wheat",0.58,0.522,0.53,0.42983,NA,NA,NA,NA,NA,NA,NA,NA,NA,"N","N4",192,0,0,0,0,0,0,"F",NA,NA,NA,NA,NA,NA,NA,NA,NA
"3532",2018,"3","10","wheat",0.81,0.72981,0.59,0.47672,NA,NA,NA,NA,NA,NA,NA,NA,NA,"N","N4",192,0,0,0,0,0,0,"F",NA,NA,NA,NA,NA,NA,NA,NA,NA
"4121",2018,"5","10","wheat",3.17,2.88153,NA,NA,NA,NA,NA,NA,NA,NA,NA,NA,NA,"N","N4",192,0,0,0,0,0,0,"F",NA,NA,NA,NA,NA,NA,NA,NA,NA
"4591",2018,"6","10","wheat",1.93,1.74086,NA,NA,NA,NA,NA,NA,NA,NA,NA,NA,NA,"N","N4",192,0,0,0,0,0,0,"F",NA,NA,NA,NA,NA,NA,NA,NA,NA
"528",2018,"8","10","wheat",3.76,3.384,1.43,1.26126,NA,NA,NA,NA,NA,NA,NA,NA,NA,"N","N4",192,0,0,0,0,0,0,"F",NA,NA,NA,NA,NA,NA,NA,NA,NA
"579",2018,"9","10","wheat",1.06,0.95506,NA,NA,NA,NA,NA,NA,NA,NA,NA,NA,NA,"N","N4",192,0,0,0,0,0,0,"F",NA,NA,NA,NA,NA,NA,NA,NA,NA
"638",2018,"0","11","wheat",4.67,4.24503,NA,NA,NA,NA,NA,NA,NA,NA,NA,NA,NA,"NP","N4 PMg",192,35,0,0,0,0,0,"F",NA,NA,NA,NA,NA,NA,NA,NA,NA
"689",2018,"1","11","wheat",5.88,5.33316,2.15,1.7286,NA,NA,NA,NA,NA,NA,NA,NA,NA,"NP","N4 PMg",192,35,0,0,0,0,0,"F",NA,NA,NA,NA,NA,NA,NA,NA,NA
"716",2018,"2","11","wheat",5.84,5.27936,1.57,1.32979,NA,NA,NA,NA,NA,NA,NA,NA,NA,"NP","N4 PMg",192,35,0,0,0,0,0,"F",NA,NA,NA,NA,NA,NA,NA,NA,NA
"749",2018,"3","11","wheat",5.86,5.3033,2.02,1.70084,NA,NA,NA,NA,NA,NA,NA,NA,NA,"NP","N4 PMg",192,35,0,0,0,0,0,"F",NA,NA,NA,NA,NA,NA,NA,NA,NA
"808",2018,"5","11","wheat",6.21,5.63247,NA,NA,NA,NA,NA,NA,NA,NA,NA,NA,NA,"NP","N4 PMg",192,35,0,0,0,0,0,"F",NA,NA,NA,NA,NA,NA,NA,NA,NA
"855",2018,"6","11","wheat",3,2.715,NA,NA,NA,NA,NA,NA,NA,NA,NA,NA,NA,"NP","N4 PMg",192,35,0,0,0,0,0,"F",NA,NA,NA,NA,NA,NA,NA,NA,NA
"924",2018,"8","11","wheat",4.36,3.92836,3.17,2.77375,NA,NA,NA,NA,NA,NA,NA,NA,NA,"NP","N4 PMg",192,35,0,0,0,0,0,"F",NA,NA,NA,NA,NA,NA,NA,NA,NA
"975",2018,"9","11","wheat",5.03,4.52197,NA,NA,NA,NA,NA,NA,NA,NA,NA,NA,NA,"NP","N4 PMg",192,35,0,0,0,0,0,"F",NA,NA,NA,NA,NA,NA,NA,NA,NA
"1430",2018,"0","13","wheat",5.57,5.06313,NA,NA,NA,NA,NA,NA,NA,NA,NA,NA,NA,"NPK","N4 PK",192,35,90,0,0,0,0,"F",NA,NA,NA,NA,NA,NA,NA,NA,NA
"1481",2018,"1","13","wheat",6.17,5.60236,2.16,1.78632,NA,NA,NA,NA,NA,NA,NA,NA,NA,"NPK","N4 PK",192,35,90,0,0,0,0,"F",NA,NA,NA,NA,NA,NA,NA,NA,NA
"1508",2018,"2","13","wheat",6.17,5.59619,1.82,1.5288,NA,NA,NA,NA,NA,NA,NA,NA,NA,"NPK","N4 PK",192,35,90,0,0,0,0,"F",NA,NA,NA,NA,NA,NA,NA,NA,NA
"1541",2018,"3","13","wheat",7.28,6.61024,1.83,1.57563,NA,NA,NA,NA,NA,NA,NA,NA,NA,"NPK","N4 PK",192,35,90,0,0,0,0,"F",NA,NA,NA,NA,NA,NA,NA,NA,NA
"1600",2018,"5","13","wheat",6.34,5.75672,NA,NA,NA,NA,NA,NA,NA,NA,NA,NA,NA,"NPK","N4 PK",192,35,90,0,0,0,0,"F",NA,NA,NA,NA,NA,NA,NA,NA,NA
"1647",2018,"6","13","wheat",4.69,4.23507,NA,NA,NA,NA,NA,NA,NA,NA,NA,NA,NA,"NPK","N4 PK",192,35,90,0,0,0,0,"F",NA,NA,NA,NA,NA,NA,NA,NA,NA
"1716",2018,"8","13","wheat",5.45,4.9159,2.99,2.6013,NA,NA,NA,NA,NA,NA,NA,NA,NA,"NPK","N4 PK",192,35,90,0,0,0,0,"F",NA,NA,NA,NA,NA,NA,NA,NA,NA
"1767",2018,"9","13","wheat",7.16,6.46548,NA,NA,NA,NA,NA,NA,NA,NA,NA,NA,NA,"NPK","N4 PK",192,35,90,0,0,0,0,"F",NA,NA,NA,NA,NA,NA,NA,NA,NA
"1826",2018,"0","14","wheat",4.57,4.1587,NA,NA,NA,NA,NA,NA,NA,NA,NA,NA,NA,"N4PKMg","N4 PK*(Mg*)",192,35,90,0,0,0,0,"F",NA,NA,NA,NA,NA,NA,NA,NA,NA
"1877",2018,"1","14","wheat",5.15,4.6865,1.95,1.65945,NA,NA,NA,NA,NA,NA,NA,NA,NA,"N4PKMg","N4 PK*(Mg*)",192,35,90,0,0,0,0,"F",NA,NA,NA,NA,NA,NA,NA,NA,NA
"1904",2018,"2","14","wheat",3.4,3.0838,1.27,1.08077,NA,NA,NA,NA,NA,NA,NA,NA,NA,"N4PKMg","N4 PK*(Mg*)",192,35,90,0,0,0,0,"F",NA,NA,NA,NA,NA,NA,NA,NA,NA
"1937",2018,"3","14","wheat",4.49,4.07243,1.14,0.97014,NA,NA,NA,NA,NA,NA,NA,NA,NA,"N4PKMg","N4 PK*(Mg*)",192,35,90,0,0,0,0,"F",NA,NA,NA,NA,NA,NA,NA,NA,NA
"1996",2018,"5","14","wheat",3.82,3.4762,NA,NA,NA,NA,NA,NA,NA,NA,NA,NA,NA,"N4PKMg","N4 PK*(Mg*)",192,35,90,0,0,0,0,"F",NA,NA,NA,NA,NA,NA,NA,NA,NA
"2043",2018,"6","14","wheat",5.29,4.78216,NA,NA,NA,NA,NA,NA,NA,NA,NA,NA,NA,"N4PKMg","N4 PK*(Mg*)",192,35,90,0,0,0,0,"F",NA,NA,NA,NA,NA,NA,NA,NA,NA
"2112",2018,"8","14","wheat",5.95,5.36095,2.46,2.1279,NA,NA,NA,NA,NA,NA,NA,NA,NA,"N4PKMg","N4 PK*(Mg*)",192,35,90,0,0,0,0,"F",NA,NA,NA,NA,NA,NA,NA,NA,NA
"2163",2018,"9","14","wheat",6.56,5.91712,NA,NA,NA,NA,NA,NA,NA,NA,NA,NA,NA,"N4PKMg","N4 PK*(Mg*)",192,35,90,0,0,0,0,"F",NA,NA,NA,NA,NA,NA,NA,NA,NA
"2618",2018,"0","16","wheat",5.84,5.30856,NA,NA,NA,NA,NA,NA,NA,NA,NA,NA,NA,"N5PKMg","N5 (P)KMg",240,0,90,0,0,0,0,"F",NA,0,NA,NA,NA,NA,NA,NA,NA
"2669",2018,"1","16","wheat",6.47,5.86829,2.87,2.39645,NA,NA,NA,NA,NA,NA,NA,NA,NA,"N5PKMg","N5 (P)KMg",240,0,90,0,0,0,0,"F",NA,0,NA,NA,NA,NA,NA,NA,NA
"2696",2018,"2","16","wheat",6.07,5.51156,1.99,1.6119,NA,NA,NA,NA,NA,NA,NA,NA,NA,"N5PKMg","N5 (P)KMg",240,0,90,0,0,0,0,"F",NA,0,NA,NA,NA,NA,NA,NA,NA
"2729",2018,"3","16","wheat",8.16,7.40928,3.41,2.8644,NA,NA,NA,NA,NA,NA,NA,NA,NA,"N5PKMg","N5 (P)KMg",240,0,90,0,0,0,0,"F",NA,0,NA,NA,NA,NA,NA,NA,NA
"2788",2018,"5","16","wheat",7.46,6.7886,NA,NA,NA,NA,NA,NA,NA,NA,NA,NA,NA,"N5PKMg","N5 (P)KMg",240,0,90,0,0,0,0,"F",NA,0,NA,NA,NA,NA,NA,NA,NA
"2835",2018,"6","16","wheat",4.42,4.00452,NA,NA,NA,NA,NA,NA,NA,NA,NA,NA,NA,"N5PKMg","N5 (P)KMg",240,0,90,0,0,0,0,"F",NA,0,NA,NA,NA,NA,NA,NA,NA
"2904",2018,"8","16","wheat",5.23,4.72792,3.77,2.52213,NA,NA,NA,NA,NA,NA,NA,NA,NA,"N5PKMg","N5 (P)KMg",240,0,90,0,0,0,0,"F",NA,0,NA,NA,NA,NA,NA,NA,NA
"2955",2018,"9","16","wheat",7.38,6.67152,NA,NA,NA,NA,NA,NA,NA,NA,NA,NA,NA,"N5PKMg","N5 (P)KMg",240,0,90,0,0,0,0,"F",NA,0,NA,NA,NA,NA,NA,NA,NA
"4202",2018,"0","20","wheat",1.21,1.09263,NA,NA,NA,NA,NA,NA,NA,NA,NA,NA,NA,"NKMg","N4 KMg",96,0,90,0,0,0,0,"F",NA,NA,NA,NA,NA,NA,NA,NA,NA
"4253",2018,"1","20","wheat",0.58,0.52026,0.22,0.1881,NA,NA,NA,NA,NA,NA,NA,NA,NA,"NKMg","N4 KMg",96,0,90,0,0,0,0,"F",NA,NA,NA,NA,NA,NA,NA,NA,NA
"4688",2018,"0","22","wheat",5.65,5.09065,NA,NA,NA,NA,NA,NA,NA,NA,NA,NA,NA,"FYM","FYM",0,0,0,35,270.4485,74.4448163204987,383.695041597612,"F",NA,NA,NA,NA,NA,NA,NA,NA,NA
"4739",2018,"1","22","wheat",6.89,6.23545,2.68,2.20832,NA,NA,NA,NA,NA,NA,NA,NA,NA,"FYM","FYM",0,0,0,35,270.4485,74.4448163204987,383.695041597612,"F",NA,NA,NA,NA,NA,NA,NA,NA,NA
"4766",2018,"2","22","wheat",6.12,5.52636,2.29,1.89612,NA,NA,NA,NA,NA,NA,NA,NA,NA,"FYM","FYM",0,0,0,35,270.4485,74.4448163204987,383.695041597612,"F",NA,NA,NA,NA,NA,NA,NA,NA,NA
"4799",2018,"3","22","wheat",7.16,6.46548,3.12,2.60832,NA,NA,NA,NA,NA,NA,NA,NA,NA,"FYM","FYM",0,0,0,35,270.4485,74.4448163204987,383.695041597612,"F",NA,NA,NA,NA,NA,NA,NA,NA,NA
"4858",2018,"5","22","wheat",5.05,4.55005,NA,NA,NA,NA,NA,NA,NA,NA,NA,NA,NA,"FYM","FYM",0,0,0,35,270.4485,74.4448163204987,383.695041597612,"F",NA,NA,NA,NA,NA,NA,NA,NA,NA
"4905",2018,"6","22","wheat",5.09,4.56573,NA,NA,NA,NA,NA,NA,NA,NA,NA,NA,NA,"FYM","FYM",0,0,0,35,270.4485,74.4448163204987,383.695041597612,"F",NA,NA,NA,NA,NA,NA,NA,NA,NA
"4974",2018,"8","22","wheat",4.53,4.04529,4.04,3.54712,NA,NA,NA,NA,NA,NA,NA,NA,NA,"FYM","FYM",0,0,0,35,270.4485,74.4448163204987,383.695041597612,"F",NA,NA,NA,NA,NA,NA,NA,NA,NA
"5025",2018,"9","22","wheat",6.36,5.69856,NA,NA,NA,NA,NA,NA,NA,NA,NA,NA,NA,"FYM","FYM",0,0,0,35,270.4485,74.4448163204987,383.695041597612,"F",NA,NA,NA,NA,NA,NA,NA,NA,NA
"5074",2018,"0","3","wheat",0.57,0.51072,NA,NA,NA,NA,NA,NA,NA,NA,NA,NA,NA,"Control","Nil",0,0,0,0,0,0,0,"F",NA,NA,NA,NA,NA,NA,NA,NA,NA
"5125",2018,"1","3","wheat",0.52,0.46436,0.2,0.1644,NA,NA,NA,NA,NA,NA,NA,NA,NA,"Control","Nil",0,0,0,0,0,0,0,"F",NA,NA,NA,NA,NA,NA,NA,NA,NA
"5152",2018,"2","3","wheat",0.4,0.3596,0.09,0.07542,NA,NA,NA,NA,NA,NA,NA,NA,NA,"Control","Nil",0,0,0,0,0,0,0,"F",NA,NA,NA,NA,NA,NA,NA,NA,NA
"5185",2018,"3","3","wheat",0.95,0.855,0.17,0.14212,NA,NA,NA,NA,NA,NA,NA,NA,NA,"Control","Nil",0,0,0,0,0,0,0,"F",NA,NA,NA,NA,NA,NA,NA,NA,NA
"5244",2018,"5","3","wheat",0.69,0.621,NA,NA,NA,NA,NA,NA,NA,NA,NA,NA,NA,"Control","Nil",0,0,0,0,0,0,0,"F",NA,NA,NA,NA,NA,NA,NA,NA,NA
"5291",2018,"6","3","wheat",1.31,1.17245,NA,NA,NA,NA,NA,NA,NA,NA,NA,NA,NA,"Control","Nil",0,0,0,0,0,0,0,"F",NA,NA,NA,NA,NA,NA,NA,NA,NA
"5360",2018,"8","3","wheat",1.84,1.6468,0.17,0.14926,NA,NA,NA,NA,NA,NA,NA,NA,NA,"Control","Nil",0,0,0,0,0,0,0,"F",NA,NA,NA,NA,NA,NA,NA,NA,NA
"5411",2018,"9","3","wheat",0.44,0.38544,NA,NA,NA,NA,NA,NA,NA,NA,NA,NA,NA,"Control","Nil",0,0,0,0,0,0,0,"F",NA,NA,NA,NA,NA,NA,NA,NA,NA
"5470",2018,"0","5","wheat",0.68,0.61132,NA,NA,NA,NA,NA,NA,NA,NA,NA,NA,NA,"PKMg","(P)KMg",0,0,90,0,0,0,0,"F",NA,NA,NA,NA,NA,NA,NA,NA,NA
"5521",2018,"1","5","wheat",0.85,0.76075,0.14,0.1155,NA,NA,NA,NA,NA,NA,NA,NA,NA,"PKMg","(P)KMg",0,0,90,0,0,0,0,"F",NA,NA,NA,NA,NA,NA,NA,NA,NA
"5548",2018,"2","5","wheat",0.45,0.405,0.16,0.13216,NA,NA,NA,NA,NA,NA,NA,NA,NA,"PKMg","(P)KMg",0,0,90,0,0,0,0,"F",NA,NA,NA,NA,NA,NA,NA,NA,NA
"5581",2018,"3","5","wheat",0.24,0.21408,0.19,0.15789,NA,NA,NA,NA,NA,NA,NA,NA,NA,"PKMg","(P)KMg",0,0,90,0,0,0,0,"F",NA,NA,NA,NA,NA,NA,NA,NA,NA
"5640",2018,"5","5","wheat",0.53,0.47488,NA,NA,NA,NA,NA,NA,NA,NA,NA,NA,NA,"PKMg","(P)KMg",0,0,90,0,0,0,0,"F",NA,NA,NA,NA,NA,NA,NA,NA,NA
"5687",2018,"6","5","wheat",1.3,1.1596,NA,NA,NA,NA,NA,NA,NA,NA,NA,NA,NA,"PKMg","(P)KMg",0,0,90,0,0,0,0,"F",NA,NA,NA,NA,NA,NA,NA,NA,NA
"5756",2018,"8","5","wheat",1.73,1.55181,1.26,1.0899,NA,NA,NA,NA,NA,NA,NA,NA,NA,"PKMg","(P)KMg",0,0,90,0,0,0,0,"F",NA,NA,NA,NA,NA,NA,NA,NA,NA
"5807",2018,"9","5","wheat",0.52,0.45968,NA,NA,NA,NA,NA,NA,NA,NA,NA,NA,NA,"PKMg","(P)KMg",0,0,90,0,0,0,0,"F",NA,NA,NA,NA,NA,NA,NA,NA,NA
"5866",2018,"0","6","wheat",2.72,2.45888,NA,NA,NA,NA,NA,NA,NA,NA,NA,NA,NA,"N1PKMg","N1 (P)KMg",48,0,90,0,0,0,0,"F",NA,NA,NA,NA,NA,NA,NA,NA,NA
"5917",2018,"1","6","wheat",2.17,1.95734,0.87,0.72645,NA,NA,NA,NA,NA,NA,NA,NA,NA,"N1PKMg","N1 (P)KMg",48,0,90,0,0,0,0,"F",NA,NA,NA,NA,NA,NA,NA,NA,NA
"5944",2018,"2","6","wheat",2.38,2.14438,0.82,0.6888,NA,NA,NA,NA,NA,NA,NA,NA,NA,"N1PKMg","N1 (P)KMg",48,0,90,0,0,0,0,"F",NA,NA,NA,NA,NA,NA,NA,NA,NA
"5977",2018,"3","6","wheat",2.55,2.30265,0.91,0.7553,NA,NA,NA,NA,NA,NA,NA,NA,NA,"N1PKMg","N1 (P)KMg",48,0,90,0,0,0,0,"F",NA,NA,NA,NA,NA,NA,NA,NA,NA
"6036",2018,"5","6","wheat",2.05,1.8573,NA,NA,NA,NA,NA,NA,NA,NA,NA,NA,NA,"N1PKMg","N1 (P)KMg",48,0,90,0,0,0,0,"F",NA,NA,NA,NA,NA,NA,NA,NA,NA
"6083",2018,"6","6","wheat",3.12,2.80176,NA,NA,NA,NA,NA,NA,NA,NA,NA,NA,NA,"N1PKMg","N1 (P)KMg",48,0,90,0,0,0,0,"F",NA,NA,NA,NA,NA,NA,NA,NA,NA
"6152",2018,"8","6","wheat",3.14,2.80088,1.57,1.37532,NA,NA,NA,NA,NA,NA,NA,NA,NA,"N1PKMg","N1 (P)KMg",48,0,90,0,0,0,0,"F",NA,NA,NA,NA,NA,NA,NA,NA,NA
"6203",2018,"9","6","wheat",2.56,2.30144,NA,NA,NA,NA,NA,NA,NA,NA,NA,NA,NA,"N1PKMg","N1 (P)KMg",48,0,90,0,0,0,0,"F",NA,NA,NA,NA,NA,NA,NA,NA,NA
"6262",2018,"0","7","wheat",4.6,4.1768,NA,NA,NA,NA,NA,NA,NA,NA,NA,NA,NA,"N2PKMg","N2 (P)KMg",96,0,90,0,0,0,0,"F",NA,NA,NA,NA,NA,NA,NA,NA,NA
"6313",2018,"1","7","wheat",4.85,4.38925,1.44,1.2096,NA,NA,NA,NA,NA,NA,NA,NA,NA,"N2PKMg","N2 (P)KMg",96,0,90,0,0,0,0,"F",NA,NA,NA,NA,NA,NA,NA,NA,NA
"6340",2018,"2","7","wheat",3.95,3.5708,1.22,1.02358,NA,NA,NA,NA,NA,NA,NA,NA,NA,"N2PKMg","N2 (P)KMg",96,0,90,0,0,0,0,"F",NA,NA,NA,NA,NA,NA,NA,NA,NA
"6373",2018,"3","7","wheat",4.34,3.92336,1.32,1.12068,NA,NA,NA,NA,NA,NA,NA,NA,NA,"N2PKMg","N2 (P)KMg",96,0,90,0,0,0,0,"F",NA,NA,NA,NA,NA,NA,NA,NA,NA
"6432",2018,"5","7","wheat",4.28,3.86912,NA,NA,NA,NA,NA,NA,NA,NA,NA,NA,NA,"N2PKMg","N2 (P)KMg",96,0,90,0,0,0,0,"F",NA,NA,NA,NA,NA,NA,NA,NA,NA
"6479",2018,"6","7","wheat",3.79,3.40721,NA,NA,NA,NA,NA,NA,NA,NA,NA,NA,NA,"N2PKMg","N2 (P)KMg",96,0,90,0,0,0,0,"F",NA,NA,NA,NA,NA,NA,NA,NA,NA
"6548",2018,"8","7","wheat",3.51,3.13443,1.91,1.67889,NA,NA,NA,NA,NA,NA,NA,NA,NA,"N2PKMg","N2 (P)KMg",96,0,90,0,0,0,0,"F",NA,NA,NA,NA,NA,NA,NA,NA,NA
"6599",2018,"9","7","wheat",4.59,4.12641,NA,NA,NA,NA,NA,NA,NA,NA,NA,NA,NA,"N2PKMg","N2 (P)KMg",96,0,90,0,0,0,0,"F",NA,NA,NA,NA,NA,NA,NA,NA,NA
"1214",2018,"7","1","beans",4.84,4.235,3.28,2.87,NA,NA,NA,NA,NA,NA,NA,NA,NA,"FYM+NPK","(FYM) N4",0,0,0,0,0,0,0,"F",NA,NA,NA,NA,NA,NA,0,0,0
"2412",2018,"7","10","beans",0.94,0.81404,0.35,0.2961,NA,NA,NA,NA,NA,NA,NA,NA,NA,"N","N4",0,0,0,0,0,0,0,"F",NA,NA,NA,NA,NA,NA,NA,NA,NA
"3614",2018,"7","11","beans",0.12,0.10044,1.24,1.05276,NA,NA,NA,NA,NA,NA,NA,NA,NA,"NP","N4 PMg",0,35,0,0,0,0,0,"F",NA,NA,NA,NA,NA,NA,NA,NA,NA
"60102",2018,"7","13","beans",4.26,3.73602,1.73,1.41514,NA,NA,NA,NA,NA,NA,NA,NA,NA,"NPK","N4 PK",0,35,90,0,0,0,0,"F",NA,NA,NA,NA,NA,NA,NA,NA,NA
"7211",2018,"7","14","beans",4.79,4.2152,1.93,1.63278,NA,NA,NA,NA,NA,NA,NA,NA,NA,"N4PKMg","N4 PK*(Mg*)",0,35,90,0,0,0,0,"F",NA,NA,NA,NA,NA,NA,NA,NA,NA
"9611",2018,"7","16","beans",4.36,3.815,2.1,1.7787,NA,NA,NA,NA,NA,NA,NA,NA,NA,"N5PKMg","N5 (P)KMg",0,0,90,0,0,0,0,"F",NA,0,NA,NA,NA,NA,NA,NA,NA
"15611",2018,"7","22","beans",4.18,3.60316,4.31,3.77556,NA,NA,NA,NA,NA,NA,NA,NA,NA,"FYM","FYM",0,0,0,35,0,0,0,"F",NA,NA,NA,0,0,0,NA,NA,NA
"16812",2018,"7","3","beans",0.73,0.63364,0.05,0.04015,NA,NA,NA,NA,NA,NA,NA,NA,NA,"Control","Nil",0,0,0,0,0,0,0,"F",NA,NA,NA,NA,NA,NA,NA,NA,NA
"18011",2018,"7","5","beans",4.55,3.9585,2.33,1.99448,NA,NA,NA,NA,NA,NA,NA,NA,NA,"PKMg","(P)KMg",0,0,90,0,0,0,0,"F",NA,NA,NA,NA,NA,NA,NA,NA,NA
"19210",2018,"7","6","beans",4.42,3.87634,2.13,1.84245,NA,NA,NA,NA,NA,NA,NA,NA,NA,"N1PKMg","N1 (P)KMg",0,0,90,0,0,0,0,"F",NA,NA,NA,NA,NA,NA,NA,NA,NA
"20411",2018,"7","7","beans",4.2,3.6792,2.37,2.02635,NA,NA,NA,NA,NA,NA,NA,NA,NA,"N2PKMg","N2 (P)KMg",0,0,90,0,0,0,0,"F",0,NA,NA,NA,NA,NA,NA,NA,NA
