"","time","P_labile","P_stable","P_labile_placed","P_labile_FYM","K_labile","K_stable","K_labile_FYM","N_up","P_up","K_up","PIN","POUT","KIN","KOUT","P_up_labile","P_up_labile_placed","P_up_labile_FYM"
"1",1968,115.312816054364,3006.99847660401,0,29.797727724775,1468.39277571206,14326.1163691795,901.088863261023,0,0,0,0,0,0,0,16.3355934514705,0,4.22124428615162
"2",1968,115.312816054364,3006.99847660401,0,29.797727724775,1468.39277571206,14326.1163691795,901.088863261023,0,0,0,0,0,0,0,16.3355934514705,0,4.22124428615162
"3",1968,115.312816054364,3006.99847660401,0,29.797727724775,1468.39277571206,14326.1163691795,901.088863261023,0,0,0,0,0,0,0,16.3355934514705,0,4.22124428615162
"4",1968.00273972603,115.303503516804,3007.02476256083,0,29.7244460780404,1468.38585272557,14326.658900983,900.282098844813,0.349305050607654,0.0563082274736004,0.271155599214513,0,0.0563082274736004,0,0.271155599214513,16.3366604921514,0,4.21147813451686
"5",1968.00273972603,115.303503516804,3012.54828756083,0,70.2302960780404,1468.38585272557,14326.658900983,1224.32522384481,0.349305050607654,0.0563082274736004,0.271155599214513,46.029375,0.0563082274736004,324.043125,0.271155599214513,15.1543465177238,0,9.23037210793737
"6",1968.00273972603,115.303503516804,3012.54828756083,0,70.2302960780404,1468.38585272557,14326.658900983,1224.32522384481,0.349305050607654,0.0563082274736004,0.271155599214513,46.029375,0.0563082274736004,324.043125,0.271155599214513,15.1543465177238,0,9.23037210793737
"7",1968.00273972603,115.303503516804,3012.54828756083,0,70.2302960780404,1468.38585272557,14326.658900983,1224.32522384481,0.349305050607654,0.0563082274736004,0.271155599214513,46.029375,0.0563082274736004,324.043125,0.271155599214513,15.1543465177238,0,9.23037210793737
"8",1968.00273972603,115.303503516804,3012.54828756083,0,70.2302960780404,1468.38585272557,14326.658900983,1224.32522384481,0.349305050607654,0.0563082274736004,0.271155599214513,46.029375,0.0563082274736004,324.043125,0.271155599214513,15.1543465177238,0,9.23037210793737
"9",1968.00273972603,115.303503516804,3012.54828756083,0,70.2302960780404,1468.38585272557,14326.658900983,1224.32522384481,0.349305050607654,0.0563082274736004,0.271155599214513,46.029375,0.0563082274736004,324.043125,0.271155599214513,15.1543465177238,0,9.23037210793737
"10",1968.20273972603,114.921177778758,3019.61080806513,0,58.7780945997527,1469.21578949463,14382.3489622475,1147.74618056247,25.9234810975234,4.82831493950491,20.3302008479833,46.029375,4.82831493950491,324.043125,20.3302008479833,15.450462758216,0,7.90236211606455
"11",1968.20273972603,114.921177778758,3019.61080806513,0,58.7780945997527,1469.21578949463,14382.3489622475,1147.74618056247,25.9234810975234,4.82831493950491,20.3302008479833,46.029375,4.82831493950491,324.043125,20.3302008479833,15.450462758216,0,7.90236211606455
"12",1968.20273972603,114.921177778758,3019.61080806513,0,58.7780945997527,1469.21578949463,14382.3489622475,1147.74618056247,25.9234810975234,4.82831493950491,20.3302008479833,46.029375,4.82831493950491,324.043125,20.3302008479833,15.450462758216,0,7.90236211606455
"13",1968.20273972603,114.921177778758,3019.61080806513,0,58.7780945997527,1469.21578949463,14382.3489622475,1147.74618056247,25.9234810975234,4.82831493950491,20.3302008479833,46.029375,4.82831493950491,324.043125,20.3302008479833,15.450462758216,0,7.90236211606455
"14",1968.20273972603,114.921177778758,3019.61080806513,0,58.7780945997527,1469.21578949463,14382.3489622475,1147.74618056247,25.9234810975234,4.82831493950491,20.3302008479833,46.029375,4.82831493950491,324.043125,20.3302008479833,15.450462758216,0,7.90236211606455
"15",1968.20273972603,114.921177778758,3019.61080806513,0,58.7780945997527,1469.21578949463,14382.3489622475,1147.74618056247,25.9234810975234,4.82831493950491,20.3302008479833,46.029375,4.82831493950491,324.043125,20.3302008479833,15.450462758216,0,7.90236211606455
"16",1968.20273972603,114.921177778758,3019.61080806513,0,58.7780945997527,1469.21578949463,14382.3489622475,1147.74618056247,25.9234810975234,4.82831493950491,20.3302008479833,46.029375,4.82831493950491,324.043125,20.3302008479833,15.450462758216,0,7.90236211606455
"17",1969,113.755313986411,3033.49253572693,0,28.7746738521098,1472.42540346114,14561.8972243396,885.506025378641,127.706578748035,22.1158718176962,99.8124799732299,46.029375,22.1158718176962,324.043125,99.8124799732299,11.6213517638982,0,2.93964822396569
"18",1969,113.755313986411,3033.49253572693,0,28.7746738521098,1472.42540346114,14561.8972243396,885.506025378641,0,0,0,46.029375,22.1158718176962,324.043125,99.8124799732299,11.6213517638982,0,2.93964822396569
"19",1969,113.755313986411,3033.49253572693,0,28.7746738521098,1472.42540346114,14561.8972243396,885.506025378641,0,0,0,46.029375,22.1158718176962,324.043125,99.8124799732299,11.6213517638982,0,2.93964822396569
"20",1969.00273972603,113.764547048421,3033.51107474872,0,28.7070157347667,1472.28775438902,14562.4091204486,884.623863969096,0.281140066063049,0.0398860335418443,0.507914372626505,46.029375,22.1557578512381,324.043125,100.320394345856,11.6229077789889,0,2.93289082716746
"21",1969.00273972603,113.764547048421,3039.05373074872,0,69.3531597347667,1472.28775438902,14562.4091204486,1186.6553139691,0.281140066063049,0.0398860335418443,0.507914372626505,92.218175,22.1557578512381,626.074575,100.320394345856,11.151137106703,0,6.79795782649486
"22",1969.00273972603,113.764547048421,3039.05373074872,0,69.3531597347667,1472.28775438902,14562.4091204486,1186.6553139691,0.281140066063049,0.0398860335418443,0.507914372626505,92.218175,22.1557578512381,626.074575,100.320394345856,11.151137106703,0,6.79795782649486
"23",1969.00273972603,113.764547048421,3039.05373074872,0,69.3531597347667,1472.28775438902,14562.4091204486,1186.6553139691,0.281140066063049,0.0398860335418443,0.507914372626505,92.218175,22.1557578512381,626.074575,100.320394345856,11.151137106703,0,6.79795782649486
"24",1969.00273972603,113.764547048421,3039.05373074872,0,69.3531597347667,1472.28775438902,14562.4091204486,1186.6553139691,0.281140066063049,0.0398860335418443,0.507914372626505,92.218175,22.1557578512381,626.074575,100.320394345856,11.151137106703,0,6.79795782649486
"25",1969.00273972603,113.764547048421,3039.05373074872,0,69.3531597347667,1472.28775438902,14562.4091204486,1186.6553139691,0.281140066063049,0.0398860335418443,0.507914372626505,92.218175,22.1557578512381,626.074575,100.320394345856,11.151137106703,0,6.79795782649486
"26",1969.20273972603,114.513553051986,3045.7058515102,0,58.4446353429722,1459.85350946916,14613.9619564921,1101.10123979702,21.3494493954226,3.54728366028814,46.9433974210946,92.218175,25.6631554779844,626.074575,146.755877394324,11.3503322802918,0,5.79290410142171
"27",1969.20273972603,114.513553051986,3045.7058515102,0,58.4446353429722,1459.85350946916,14613.9619564921,1101.10123979702,21.3494493954226,3.54728366028814,46.9433974210946,92.218175,25.6631554779844,626.074575,146.755877394324,11.3503322802918,0,5.79290410142171
"28",1969.20273972603,114.513553051986,3045.7058515102,0,58.4446353429722,1459.85350946916,14613.9619564921,1101.10123979702,21.3494493954226,3.54728366028814,46.9433974210946,92.218175,25.6631554779844,626.074575,146.755877394324,11.3503322802918,0,5.79290410142171
"29",1969.20273972603,114.513553051986,3045.7058515102,0,58.4446353429722,1459.85350946916,14613.9619564921,1101.10123979702,21.3494493954226,3.54728366028814,46.9433974210946,92.218175,25.6631554779844,626.074575,146.755877394324,11.3503322802918,0,5.79290410142171
"30",1969.20273972603,114.513553051986,3045.7058515102,0,58.4446353429722,1459.85350946916,14613.9619564921,1101.10123979702,21.3494493954226,3.54728366028814,46.9433974210946,92.218175,25.6631554779844,626.074575,146.755877394324,11.3503322802918,0,5.79290410142171
"31",1969.20273972603,114.513553051986,3045.7058515102,0,58.4446353429722,1459.85350946916,14613.9619564921,1101.10123979702,21.3494493954226,3.54728366028814,46.9433974210946,92.218175,25.6631554779844,626.074575,146.755877394324,11.3503322802918,0,5.79290410142171
"32",1969.20273972603,114.513553051986,3045.7058515102,0,58.4446353429722,1459.85350946916,14613.9619564921,1101.10123979702,21.3494493954226,3.54728366028814,46.9433974210946,92.218175,25.6631554779844,626.074575,146.755877394324,11.3503322802918,0,5.79290410142171
"33",1970,116.588316949707,3059.90566778,0,29.495821809496,1424.18851744908,14767.5218104284,819.069424590398,104.262088468602,16.2215170262459,211.080350711505,92.218175,38.3373888439421,626.074575,310.892830684735,14.2614515038281,0,3.60802216986407
"34",1970,116.588316949707,3059.90566778,0,29.495821809496,1424.18851744908,14767.5218104284,819.069424590398,0,0,0,92.218175,38.3373888439421,626.074575,310.892830684735,14.2614515038281,0,3.60802216986407
"35",1970,116.588316949707,3059.90566778,0,29.495821809496,1424.18851744908,14767.5218104284,819.069424590398,0,0,0,92.218175,38.3373888439421,626.074575,310.892830684735,14.2614515038281,0,3.60802216986407
"36",1970.00273972603,116.58685753562,3059.92915211028,0,29.4248402040244,1424.25943224212,14767.9254819988,818.334929211704,0.382197011331701,0.0489566892767615,0.259909015279349,92.218175,38.3863455332189,626.074575,311.152739700015,14.2679129353186,0,3.60101530344802
"37",1970.00273972603,116.58685753562,3066.61765211028,0,78.4738402040244,1424.25943224212,14767.9254819988,1175.3121792117,0.382197011331701,0.0489566892767615,0.259909015279349,147.955675,38.3863455332189,983.051825,311.152739700015,10.6899283494023,0,7.19531983977844
"38",1970.00273972603,116.58685753562,3066.61765211028,0,78.4738402040244,1424.25943224212,14767.9254819988,1175.3121792117,0.382197011331701,0.0489566892767615,0.259909015279349,147.955675,38.3863455332189,983.051825,311.152739700015,10.6899283494023,0,7.19531983977844
"39",1970.00273972603,116.58685753562,3066.61765211028,0,78.4738402040244,1424.25943224212,14767.9254819988,1175.3121792117,0.382197011331701,0.0489566892767615,0.259909015279349,147.955675,38.3863455332189,983.051825,311.152739700015,10.6899283494023,0,7.19531983977844
"40",1970.00273972603,116.58685753562,3066.61765211028,0,78.4738402040244,1424.25943224212,14767.9254819988,1175.3121792117,0.382197011331701,0.0489566892767615,0.259909015279349,147.955675,38.3863455332189,983.051825,311.152739700015,10.6899283494023,0,7.19531983977844
"41",1970.00273972603,116.58685753562,3066.61765211028,0,78.4738402040244,1424.25943224212,14767.9254819988,1175.3121792117,0.382197011331701,0.0489566892767615,0.259909015279349,147.955675,38.3863455332189,983.051825,311.152739700015,10.6899283494023,0,7.19531983977844
"42",1970.20273972603,117.149008364236,3074.769268048,0,66.1830237998511,1430.75748229235,14815.6423305875,1101.86701728731,28.2825788408797,3.62600632711793,19.4901723006696,147.955675,41.96339517106,983.051825,330.383002985405,11.4286579654312,0,6.45659022374961
"43",1970.20273972603,117.149008364236,3074.769268048,0,66.1830237998511,1430.75748229235,14815.6423305875,1101.86701728731,28.2825788408797,3.62600632711793,19.4901723006696,147.955675,41.96339517106,983.051825,330.383002985405,11.4286579654312,0,6.45659022374961
"44",1970.20273972603,117.149008364236,3074.769268048,0,66.1830237998511,1430.75748229235,14815.6423305875,1101.86701728731,28.2825788408797,3.62600632711793,19.4901723006696,147.955675,41.96339517106,983.051825,330.383002985405,11.4286579654312,0,6.45659022374961
"45",1970.20273972603,117.149008364236,3074.769268048,0,66.1830237998511,1430.75748229235,14815.6423305875,1101.86701728731,28.2825788408797,3.62600632711793,19.4901723006696,147.955675,41.96339517106,983.051825,330.383002985405,11.4286579654312,0,6.45659022374961
"46",1970.20273972603,117.149008364236,3074.769268048,0,66.1830237998511,1430.75748229235,14815.6423305875,1101.86701728731,28.2825788408797,3.62600632711793,19.4901723006696,147.955675,41.96339517106,983.051825,330.383002985405,11.4286579654312,0,6.45659022374961
"47",1970.20273972603,117.149008364236,3074.769268048,0,66.1830237998511,1430.75748229235,14815.6423305875,1101.86701728731,28.2825788408797,3.62600632711793,19.4901723006696,147.955675,41.96339517106,983.051825,330.383002985405,11.4286579654312,0,6.45659022374961
"48",1970.20273972603,117.149008364236,3074.769268048,0,66.1830237998511,1430.75748229235,14815.6423305875,1101.86701728731,28.2825788408797,3.62600632711793,19.4901723006696,147.955675,41.96339517106,983.051825,330.383002985405,11.4286579654312,0,6.45659022374961
"49",1971,117.929568011684,3092.71560699877,0,33.196927053061,1453.0090645565,14968.4151277456,850.411808759995,139.501908480008,17.8852044756854,95.9210014057499,147.955675,56.2225933196275,983.051825,406.813832090485,16.6541016661177,0,4.68809483037874
"50",1971,117.929568011684,3092.71560699877,0,33.196927053061,1453.0090645565,14968.4151277456,850.411808759995,0,0,0,147.955675,56.2225933196275,983.051825,406.813832090485,16.6541016661177,0,4.68809483037874
"51",1971,117.929568011684,3092.71560699877,0,33.196927053061,1453.0090645565,14968.4151277456,850.411808759995,0,0,0,147.955675,56.2225933196275,983.051825,406.813832090485,16.6541016661177,0,4.68809483037874
"52",1971.00273972603,117.921781392759,3092.74653578602,0,33.1153258578723,1453.06726252289,14968.8474375639,849.646158618289,0.359387867446754,0.0584590268680074,0.275142357066398,147.955675,56.2810523464955,983.051825,407.088974447551,16.6555701706745,0,4.67729224436914
"53",1971.00273972603,117.921781392759,3097.77891278602,0,70.0194238578723,1453.06726252289,14968.8474375639,1192.66908361829,0.359387867446754,0.0584590268680074,0.275142357066398,189.89215,56.2810523464955,1326.07475,407.088974447551,15.5857792769385,0,9.25450135214982
"54",1971.00273972603,117.921781392759,3097.77891278602,0,70.0194238578723,1453.06726252289,14968.8474375639,1192.66908361829,0.359387867446754,0.0584590268680074,0.275142357066398,189.89215,56.2810523464955,1326.07475,407.088974447551,15.5857792769385,0,9.25450135214982
"55",1971.00273972603,117.921781392759,3097.77891278602,0,70.0194238578723,1453.06726252289,14968.8474375639,1192.66908361829,0.359387867446754,0.0584590268680074,0.275142357066398,189.89215,56.2810523464955,1326.07475,407.088974447551,15.5857792769385,0,9.25450135214982
"56",1971.00273972603,117.921781392759,3097.77891278602,0,70.0194238578723,1453.06726252289,14968.8474375639,1192.66908361829,0.359387867446754,0.0584590268680074,0.275142357066398,189.89215,56.2810523464955,1326.07475,407.088974447551,15.5857792769385,0,9.25450135214982
"57",1971.00273972603,117.921781392759,3097.77891278602,0,70.0194238578723,1453.06726252289,14968.8474375639,1192.66908361829,0.359387867446754,0.0584590268680074,0.275142357066398,189.89215,56.2810523464955,1326.07475,407.088974447551,15.5857792769385,0,9.25450135214982
"58",1971.20273972603,117.617699430511,3104.64650322544,0,58.593647528556,1458.51474140583,15017.7792210624,1117.70185898269,26.6627194353577,4.92072687900656,20.8631046111804,189.89215,61.143320198634,1326.07475,427.676936701665,15.8865127675423,0,7.91418922548498
"59",1971.20273972603,117.617699430511,3104.64650322544,0,58.593647528556,1458.51474140583,15017.7792210624,1117.70185898269,26.6627194353577,4.92072687900656,20.8631046111804,189.89215,61.143320198634,1326.07475,427.676936701665,15.8865127675423,0,7.91418922548498
"60",1971.20273972603,117.617699430511,3104.64650322544,0,58.593647528556,1458.51474140583,15017.7792210624,1117.70185898269,26.6627194353577,4.92072687900656,20.8631046111804,189.89215,61.143320198634,1326.07475,427.676936701665,15.8865127675423,0,7.91418922548498
"61",1971.20273972603,117.617699430511,3104.64650322544,0,58.593647528556,1458.51474140583,15017.7792210624,1117.70185898269,26.6627194353577,4.92072687900656,20.8631046111804,189.89215,61.143320198634,1326.07475,427.676936701665,15.8865127675423,0,7.91418922548498
"62",1971.20273972603,117.617699430511,3104.64650322544,0,58.593647528556,1458.51474140583,15017.7792210624,1117.70185898269,26.6627194353577,4.92072687900656,20.8631046111804,189.89215,61.143320198634,1326.07475,427.676936701665,15.8865127675423,0,7.91418922548498
"63",1971.20273972603,117.617699430511,3104.64650322544,0,58.593647528556,1458.51474140583,15017.7792210624,1117.70185898269,26.6627194353577,4.92072687900656,20.8631046111804,189.89215,61.143320198634,1326.07475,427.676936701665,15.8865127675423,0,7.91418922548498
"64",1971.20273972603,117.617699430511,3104.64650322544,0,58.593647528556,1458.51474140583,15017.7792210624,1117.70185898269,26.6627194353577,4.92072687900656,20.8631046111804,189.89215,61.143320198634,1326.07475,427.676936701665,15.8865127675423,0,7.91418922548498
"65",1972,116.653267167889,3117.88895496283,0,28.6739745884199,1477.32926544501,15174.0411492863,861.376704504551,131.334645355097,22.5623803443796,102.111806826215,189.89215,78.7849736640071,1326.07475,508.9256389167,12.0672109474525,0,2.96618267504128
"66",1972,116.653267167889,3117.88895496283,0,28.6739745884199,1477.32926544501,15174.0411492863,861.376704504551,0,0,0,189.89215,78.7849736640071,1326.07475,508.9256389167,12.0672109474525,0,2.96618267504128
"67",1972,116.653267167889,3117.88895496283,0,28.6739745884199,1477.32926544501,15174.0411492863,861.376704504551,0,0,0,189.89215,78.7849736640071,1326.07475,508.9256389167,12.0672109474525,0,2.96618267504128
"68",1972.00273972603,116.662974799137,3117.90558925414,0,28.606452649365,1477.23359334878,15174.4821486088,860.513330232223,0.313483902064074,0.0411800164969689,0.51804704603448,189.89215,78.826153680504,1326.07475,509.443685962734,12.0686963329846,0,2.95931584792437
"69",1972.00273972603,116.662974799137,3123.47409625414,0,69.442170649365,1477.23359334878,15174.4821486088,1226.50658023222,0.313483902064074,0.0411800164969689,0.51804704603448,236.296375,78.826153680504,1692.068,509.443685962734,11.6785198772584,0,6.95149229346223
"70",1972.00273972603,116.662974799137,3123.47409625414,0,69.442170649365,1477.23359334878,15174.4821486088,1226.50658023222,0.313483902064074,0.0411800164969689,0.51804704603448,236.296375,78.826153680504,1692.068,509.443685962734,11.6785198772584,0,6.95149229346223
"71",1972.00273972603,116.662974799137,3123.47409625414,0,69.442170649365,1477.23359334878,15174.4821486088,1226.50658023222,0.313483902064074,0.0411800164969689,0.51804704603448,236.296375,78.826153680504,1692.068,509.443685962734,11.6785198772584,0,6.95149229346223
"72",1972.00273972603,116.662974799137,3123.47409625414,0,69.442170649365,1477.23359334878,15174.4821486088,1226.50658023222,0.313483902064074,0.0411800164969689,0.51804704603448,236.296375,78.826153680504,1692.068,509.443685962734,11.6785198772584,0,6.95149229346223
"73",1972.00273972603,116.662974799137,3123.47409625414,0,69.442170649365,1477.23359334878,15174.4821486088,1226.50658023222,0.313483902064074,0.0411800164969689,0.51804704603448,236.296375,78.826153680504,1692.068,509.443685962734,11.6785198772584,0,6.95149229346223
"74",1972.20273972603,117.430380809624,3130.01453881713,0,58.4964323805748,1468.37834719898,15224.5349595231,1138.0864162887,23.956230098778,3.67906971180794,47.7406462250965,236.296375,82.464043375815,1692.068,556.666285141797,11.861071073575,0,5.90843985374959
"75",1972.20273972603,117.430380809624,3130.01453881713,0,58.4964323805748,1468.37834719898,15224.5349595231,1138.0864162887,23.956230098778,3.67906971180794,47.7406462250965,236.296375,82.464043375815,1692.068,556.666285141797,11.861071073575,0,5.90843985374959
"76",1972.20273972603,117.430380809624,3130.01453881713,0,58.4964323805748,1468.37834719898,15224.5349595231,1138.0864162887,23.956230098778,3.67906971180794,47.7406462250965,236.296375,82.464043375815,1692.068,556.666285141797,11.861071073575,0,5.90843985374959
"77",1972.20273972603,117.430380809624,3130.01453881713,0,58.4964323805748,1468.37834719898,15224.5349595231,1138.0864162887,23.956230098778,3.67906971180794,47.7406462250965,236.296375,82.464043375815,1692.068,556.666285141797,11.861071073575,0,5.90843985374959
"78",1972.20273972603,117.430380809624,3130.01453881713,0,58.4964323805748,1468.37834719898,15224.5349595231,1138.0864162887,23.956230098778,3.67906971180794,47.7406462250965,236.296375,82.464043375815,1692.068,556.666285141797,11.861071073575,0,5.90843985374959
"79",1972.20273972603,117.430380809624,3130.01453881713,0,58.4964323805748,1468.37834719898,15224.5349595231,1138.0864162887,23.956230098778,3.67906971180794,47.7406462250965,236.296375,82.464043375815,1692.068,556.666285141797,11.861071073575,0,5.90843985374959
"80",1972.20273972603,117.430380809624,3130.01453881713,0,58.4964323805748,1468.37834719898,15224.5349595231,1138.0864162887,23.956230098778,3.67906971180794,47.7406462250965,236.296375,82.464043375815,1692.068,556.666285141797,11.861071073575,0,5.90843985374959
"81",1973,119.571480010586,3143.76850586681,0,29.4846132575576,1444.55319367606,15372.5756743044,846.609535849673,116.697947210945,16.7958225841865,215.001965405756,236.296375,95.5807962481935,1692.068,723.927604322456,14.3942458593817,0,3.54941472883411
"82",1973,119.571480010586,3143.76850586681,0,29.4846132575576,1444.55319367606,15372.5756743044,846.609535849673,0,0,0,236.296375,95.5807962481935,1692.068,723.927604322456,14.3942458593817,0,3.54941472883411
"83",1973,119.571480010586,3143.76850586681,0,29.4846132575576,1444.55319367606,15372.5756743044,846.609535849673,0,0,0,236.296375,95.5807962481935,1692.068,723.927604322456,14.3942458593817,0,3.54941472883411
"84",1973.00273972603,119.571126424729,3143.79049722787,0,29.4138151051115,1444.66344245926,15372.9615232402,845.851729649872,0.383486301503575,0.0491603772388902,0.261708480818635,236.296375,95.6299566254324,1692.068,724.189312803275,14.4008959035839,0,3.5425382541882
"85",1973.00273972603,119.571126424729,3147.21971322787,0,54.5613991051115,1444.66344245926,15372.9615232402,1176.82852964987,0.383486301503575,0.0491603772388902,0.261708480818635,264.873175,95.6299566254324,2023.0448,724.189312803275,12.323224778981,0,5.62320022845355
"86",1973.00273972603,119.571126424729,3147.21971322787,0,54.5613991051115,1444.66344245926,15372.9615232402,1176.82852964987,0.383486301503575,0.0491603772388902,0.261708480818635,264.873175,95.6299566254324,2023.0448,724.189312803275,12.323224778981,0,5.62320022845355
"87",1973.00273972603,119.571126424729,3147.21971322787,0,54.5613991051115,1444.66344245926,15372.9615232402,1176.82852964987,0.383486301503575,0.0491603772388902,0.261708480818635,264.873175,95.6299566254324,2023.0448,724.189312803275,12.323224778981,0,5.62320022845355
"88",1973.00273972603,119.571126424729,3147.21971322787,0,54.5613991051115,1444.66344245926,15372.9615232402,1176.82852964987,0.383486301503575,0.0491603772388902,0.261708480818635,264.873175,95.6299566254324,2023.0448,724.189312803275,12.323224778981,0,5.62320022845355
"89",1973.00273972603,119.571126424729,3147.21971322787,0,54.5613991051115,1444.66344245926,15372.9615232402,1176.82852964987,0.383486301503575,0.0491603772388902,0.261708480818635,264.873175,95.6299566254324,2023.0448,724.189312803275,12.323224778981,0,5.62320022845355
"90",1973.20273972603,119.906142724741,3151.94238872698,0,45.9144223044927,1453.84257389446,15417.9799306223,1103.33484082448,28.3779863129866,3.63844537873161,19.5578584888563,264.873175,99.2192416269251,2023.0448,743.485462811312,12.9771997698895,0,4.96922523754511
"91",1973.20273972603,119.906142724741,3151.94238872698,0,45.9144223044927,1453.84257389446,15417.9799306223,1103.33484082448,28.3779863129866,3.63844537873161,19.5578584888563,264.873175,99.2192416269251,2023.0448,743.485462811312,12.9771997698895,0,4.96922523754511
"92",1973.20273972603,119.906142724741,3151.94238872698,0,45.9144223044927,1453.84257389446,15417.9799306223,1103.33484082448,28.3779863129866,3.63844537873161,19.5578584888563,264.873175,99.2192416269251,2023.0448,743.485462811312,12.9771997698895,0,4.96922523754511
"93",1973.20273972603,119.906142724741,3151.94238872698,0,45.9144223044927,1453.84257389446,15417.9799306223,1103.33484082448,28.3779863129866,3.63844537873161,19.5578584888563,264.873175,99.2192416269251,2023.0448,743.485462811312,12.9771997698895,0,4.96922523754511
"94",1973.20273972603,119.906142724741,3151.94238872698,0,45.9144223044927,1453.84257389446,15417.9799306223,1103.33484082448,28.3779863129866,3.63844537873161,19.5578584888563,264.873175,99.2192416269251,2023.0448,743.485462811312,12.9771997698895,0,4.96922523754511
"95",1973.20273972603,119.906142724741,3151.94238872698,0,45.9144223044927,1453.84257389446,15417.9799306223,1103.33484082448,28.3779863129866,3.63844537873161,19.5578584888563,264.873175,99.2192416269251,2023.0448,743.485462811312,12.9771997698895,0,4.96922523754511
"96",1973.20273972603,119.906142724741,3151.94238872698,0,45.9144223044927,1453.84257389446,15417.9799306223,1103.33484082448,28.3779863129866,3.63844537873161,19.5578584888563,264.873175,99.2192416269251,2023.0448,743.485462811312,12.9771997698895,0,4.96922523754511
"97",1974,120.080252830964,3160.5143456898,0,22.8668506485869,1485.13358035814,15561.5143784096,851.756774788277,139.972493635396,17.9399499655941,96.3104702740651,264.873175,113.520746213788,2023.0448,820.238074596521,17.1758993598806,0,3.27080195251113
"98",1974,120.080252830964,3160.5143456898,0,22.8668506485869,1485.13358035814,15561.5143784096,851.756774788277,0,0,0,264.873175,113.520746213788,2023.0448,820.238074596521,17.1758993598806,0,3.27080195251113
"99",1974,120.080252830964,3160.5143456898,0,22.8668506485869,1485.13358035814,15561.5143784096,851.756774788277,0,0,0,264.873175,113.520746213788,2023.0448,820.238074596521,17.1758993598806,0,3.27080195251113
"100",1974.00273972603,120.07276695704,3160.5221448509,0,22.8105284243241,1485.21948100138,15561.9186846855,850.99133912658,0.357185816582842,0.0560089370887986,0.275228742564704,264.873175,113.576755150876,2023.0448,820.513303339086,17.1766955560454,0,3.26310046937884
"101",1974.00273972603,120.07276695704,3165.0190008509,0,55.7874724243241,1485.21948100138,15561.9186846855,1158.98720912658,0.357185816582842,0.0560089370887986,0.275228742564704,302.346975,113.576755150876,2331.04067,820.513303339086,16.202612942402,0,7.52795863403103
"102",1974.00273972603,120.07276695704,3165.0190008509,0,55.7874724243241,1485.21948100138,15561.9186846855,1158.98720912658,0.357185816582842,0.0560089370887986,0.275228742564704,302.346975,113.576755150876,2331.04067,820.513303339086,16.202612942402,0,7.52795863403103
"103",1974.00273972603,120.07276695704,3165.0190008509,0,55.7874724243241,1485.21948100138,15561.9186846855,1158.98720912658,0.357185816582842,0.0560089370887986,0.275228742564704,302.346975,113.576755150876,2331.04067,820.513303339086,16.202612942402,0,7.52795863403103
"104",1974.00273972603,120.07276695704,3165.0190008509,0,55.7874724243241,1485.21948100138,15561.9186846855,1158.98720912658,0.357185816582842,0.0560089370887986,0.275228742564704,302.346975,113.576755150876,2331.04067,820.513303339086,16.202612942402,0,7.52795863403103
"105",1974.00273972603,120.07276695704,3165.0190008509,0,55.7874724243241,1485.21948100138,15561.9186846855,1158.98720912658,0.357185816582842,0.0560089370887986,0.275228742564704,302.346975,113.576755150876,2331.04067,820.513303339086,16.202612942402,0,7.52795863403103
"106",1974.20273972603,119.76724481414,3169.79518361193,0,46.660932296193,1492.51424971321,15606.938037897,1086.17700987394,26.5202479882849,4.71188844708988,20.7713060719201,302.346975,118.232634660877,2331.04067,841.009380668441,16.4408992328832,0,6.40532131455966
"107",1974.20273972603,119.76724481414,3169.79518361193,0,46.660932296193,1492.51424971321,15606.938037897,1086.17700987394,26.5202479882849,4.71188844708988,20.7713060719201,302.346975,118.232634660877,2331.04067,841.009380668441,16.4408992328832,0,6.40532131455966
"108",1974.20273972603,119.76724481414,3169.79518361193,0,46.660932296193,1492.51424971321,15606.938037897,1086.17700987394,26.5202479882849,4.71188844708988,20.7713060719201,302.346975,118.232634660877,2331.04067,841.009380668441,16.4408992328832,0,6.40532131455966
"109",1974.20273972603,119.76724481414,3169.79518361193,0,46.660932296193,1492.51424971321,15606.938037897,1086.17700987394,26.5202479882849,4.71188844708988,20.7713060719201,302.346975,118.232634660877,2331.04067,841.009380668441,16.4408992328832,0,6.40532131455966
"110",1974.20273972603,119.76724481414,3169.79518361193,0,46.660932296193,1492.51424971321,15606.938037897,1086.17700987394,26.5202479882849,4.71188844708988,20.7713060719201,302.346975,118.232634660877,2331.04067,841.009380668441,16.4408992328832,0,6.40532131455966
"111",1974.20273972603,119.76724481414,3169.79518361193,0,46.660932296193,1492.51424971321,15606.938037897,1086.17700987394,26.5202479882849,4.71188844708988,20.7713060719201,302.346975,118.232634660877,2331.04067,841.009380668441,16.4408992328832,0,6.40532131455966
"112",1974.20273972603,119.76724481414,3169.79518361193,0,46.660932296193,1492.51424971321,15606.938037897,1086.17700987394,26.5202479882849,4.71188844708988,20.7713060719201,302.346975,118.232634660877,2331.04067,841.009380668441,16.4408992328832,0,6.40532131455966
"113",1975,118.789230211012,3177.52106278647,0,22.8093452268901,1517.4605507591,15749.8997582067,837.279276491483,130.613496347461,21.8156109449821,101.761018098766,302.346975,135.33635715877,2331.04067,921.999092695287,11.9418678907335,0,2.29302089835752
"114",1975,118.789230211012,3177.52106278647,0,22.8093452268901,1517.4605507591,15749.8997582067,837.279276491483,0,0,0,302.346975,135.33635715877,2331.04067,921.999092695287,11.9418678907335,0,2.29302089835752
"115",1975,118.789230211012,3177.52106278647,0,22.8093452268901,1517.4605507591,15749.8997582067,837.279276491483,0,0,0,302.346975,135.33635715877,2331.04067,921.999092695287,11.9418678907335,0,2.29302089835752
"116",1975.00273972603,118.800294470351,3177.52453383877,0,22.7558151219522,1517.38819056708,15750.3007171641,836.446108014184,0.254097636804099,0.0389947933028676,0.504569711941219,302.346975,135.375351952073,2331.04067,922.503662407228,11.9435556111336,0,2.28774974504411
"117",1975.00273972603,118.800294470351,3182.31591063877,0,57.8925783219522,1517.38819056708,15750.3007171641,1105.45050801418,0.254097636804099,0.0389947933028676,0.504569711941219,342.275115,135.375351952073,2600.04507,922.503662407228,11.4340558735125,0,5.57193042446625
"118",1975.00273972603,118.800294470351,3182.31591063877,0,57.8925783219522,1517.38819056708,15750.3007171641,1105.45050801418,0.254097636804099,0.0389947933028676,0.504569711941219,342.275115,135.375351952073,2600.04507,922.503662407228,11.4340558735125,0,5.57193042446625
"119",1975.00273972603,118.800294470351,3182.31591063877,0,57.8925783219522,1517.38819056708,15750.3007171641,1105.45050801418,0.254097636804099,0.0389947933028676,0.504569711941219,342.275115,135.375351952073,2600.04507,922.503662407228,11.4340558735125,0,5.57193042446625
"120",1975.00273972603,118.800294470351,3182.31591063877,0,57.8925783219522,1517.38819056708,15750.3007171641,1105.45050801418,0.254097636804099,0.0389947933028676,0.504569711941219,342.275115,135.375351952073,2600.04507,922.503662407228,11.4340558735125,0,5.57193042446625
"121",1975.00273972603,118.800294470351,3182.31591063877,0,57.8925783219522,1517.38819056708,15750.3007171641,1105.45050801418,0.254097636804099,0.0389947933028676,0.504569711941219,342.275115,135.375351952073,2600.04507,922.503662407228,11.4340558735125,0,5.57193042446625
"122",1975.20273972603,119.668819148489,3187.19740502536,0,48.8042552059596,1509.82476240077,15792.2306963008,1026.12048485241,19.1469655975295,3.37729884456789,45.4680419033567,342.275115,138.713656003338,2600.04507,967.467134598644,11.6427810452927,0,4.74824821941724
"123",1975.20273972603,119.668819148489,3187.19740502536,0,48.8042552059596,1509.82476240077,15792.2306963008,1026.12048485241,19.1469655975295,3.37729884456789,45.4680419033567,342.275115,138.713656003338,2600.04507,967.467134598644,11.6427810452927,0,4.74824821941724
"124",1975.20273972603,119.668819148489,3187.19740502536,0,48.8042552059596,1509.82476240077,15792.2306963008,1026.12048485241,19.1469655975295,3.37729884456789,45.4680419033567,342.275115,138.713656003338,2600.04507,967.467134598644,11.6427810452927,0,4.74824821941724
"125",1975.20273972603,119.668819148489,3187.19740502536,0,48.8042552059596,1509.82476240077,15792.2306963008,1026.12048485241,19.1469655975295,3.37729884456789,45.4680419033567,342.275115,138.713656003338,2600.04507,967.467134598644,11.6427810452927,0,4.74824821941724
"126",1975.20273972603,119.668819148489,3187.19740502536,0,48.8042552059596,1509.82476240077,15792.2306963008,1026.12048485241,19.1469655975295,3.37729884456789,45.4680419033567,342.275115,138.713656003338,2600.04507,967.467134598644,11.6427810452927,0,4.74824821941724
"127",1975.20273972603,119.668819148489,3187.19740502536,0,48.8042552059596,1509.82476240077,15792.2306963008,1026.12048485241,19.1469655975295,3.37729884456789,45.4680419033567,342.275115,138.713656003338,2600.04507,967.467134598644,11.6427810452927,0,4.74824821941724
"128",1975.20273972603,119.668819148489,3187.19740502536,0,48.8042552059596,1509.82476240077,15792.2306963008,1026.12048485241,19.1469655975295,3.37729884456789,45.4680419033567,342.275115,138.713656003338,2600.04507,967.467134598644,11.6427810452927,0,4.74824821941724
"129",1976,121.988950922399,3196.70523929112,0,24.667269075643,1488.70645333831,15913.3866872425,763.692989338015,93.8425008884316,15.686318935217,207.857855538493,342.275115,151.022676093987,2600.04507,1129.85694823378,14.7306055776019,0,2.9786616630634
"130",1976,121.988950922399,3196.70523929112,0,24.667269075643,1488.70645333831,15913.3866872425,763.692989338015,0,0,0,342.275115,151.022676093987,2600.04507,1129.85694823378,14.7306055776019,0,2.9786616630634
"131",1976,121.988950922399,3196.70523929112,0,24.667269075643,1488.70645333831,15913.3866872425,763.692989338015,0,0,0,342.275115,151.022676093987,2600.04507,1129.85694823378,14.7306055776019,0,2.9786616630634
"132",1976.00273972603,121.987497914403,3196.71742976635,0,24.6080134207805,1488.82599033339,15913.6928987566,763.009118509091,0.378579240652059,0.0485181876279784,0.258122319687996,342.275115,151.071194281615,2600.04507,1130.11507055347,14.7363293201298,0,2.97269634907382
"133",1976.00273972603,121.987497914403,3201.95529176635,0,63.0190014207805,1488.82599033339,15913.6928987566,1229.43136850909,0.378579240652059,0.0485181876279784,0.258122319687996,385.923965,151.071194281615,3066.46732,1130.11507055347,11.6797837761512,0,6.03380119248088
"134",1976.00273972603,121.987497914403,3201.95529176635,0,63.0190014207805,1488.82599033339,15913.6928987566,1229.43136850909,0.378579240652059,0.0485181876279784,0.258122319687996,385.923965,151.071194281615,3066.46732,1130.11507055347,11.6797837761512,0,6.03380119248088
"135",1976.00273972603,121.987497914403,3201.95529176635,0,63.0190014207805,1488.82599033339,15913.6928987566,1229.43136850909,0.378579240652059,0.0485181876279784,0.258122319687996,385.923965,151.071194281615,3066.46732,1130.11507055347,11.6797837761512,0,6.03380119248088
"136",1976.00273972603,121.987497914403,3201.95529176635,0,63.0190014207805,1488.82599033339,15913.6928987566,1229.43136850909,0.378579240652059,0.0485181876279784,0.258122319687996,385.923965,151.071194281615,3066.46732,1130.11507055347,11.6797837761512,0,6.03380119248088
"137",1976.00273972603,121.987497914403,3201.95529176635,0,63.0190014207805,1488.82599033339,15913.6928987566,1229.43136850909,0.378579240652059,0.0485181876279784,0.258122319687996,385.923965,151.071194281615,3066.46732,1130.11507055347,11.6797837761512,0,6.03380119248088
"138",1976.20273972603,122.44296932344,3207.86671747927,0,53.1093873051013,1499.26498738981,15960.5725097149,1153.0673612975,28.0148638077218,3.59123518134715,19.3035215166374,385.923965,154.613911275334,3066.46732,1149.16046975042,12.3547412440133,0,5.35884372461883
"139",1976.20273972603,122.44296932344,3207.86671747927,0,53.1093873051013,1499.26498738981,15960.5725097149,1153.0673612975,28.0148638077218,3.59123518134715,19.3035215166374,385.923965,154.613911275334,3066.46732,1149.16046975042,12.3547412440133,0,5.35884372461883
"140",1976.20273972603,122.44296932344,3207.86671747927,0,53.1093873051013,1499.26498738981,15960.5725097149,1153.0673612975,28.0148638077218,3.59123518134715,19.3035215166374,385.923965,154.613911275334,3066.46732,1149.16046975042,12.3547412440133,0,5.35884372461883
"141",1976.20273972603,122.44296932344,3207.86671747927,0,53.1093873051013,1499.26498738981,15960.5725097149,1153.0673612975,28.0148638077218,3.59123518134715,19.3035215166374,385.923965,154.613911275334,3066.46732,1149.16046975042,12.3547412440133,0,5.35884372461883
"142",1976.20273972603,122.44296932344,3207.86671747927,0,53.1093873051013,1499.26498738981,15960.5725097149,1153.0673612975,28.0148638077218,3.59123518134715,19.3035215166374,385.923965,154.613911275334,3066.46732,1149.16046975042,12.3547412440133,0,5.35884372461883
"143",1976.20273972603,122.44296932344,3207.86671747927,0,53.1093873051013,1499.26498738981,15960.5725097149,1153.0673612975,28.0148638077218,3.59123518134715,19.3035215166374,385.923965,154.613911275334,3066.46732,1149.16046975042,12.3547412440133,0,5.35884372461883
"144",1976.20273972603,122.44296932344,3207.86671747927,0,53.1093873051013,1499.26498738981,15960.5725097149,1153.0673612975,28.0148638077218,3.59123518134715,19.3035215166374,385.923965,154.613911275334,3066.46732,1149.16046975042,12.3547412440133,0,5.35884372461883
"145",1977,122.95528497497,3219.73928425633,0,26.602166534776,1534.95675173339,16110.5737632678,891.464483607112,138.181423323254,17.7135735230822,95.213381310537,385.923965,168.736249617069,3066.46732,1225.07032954432,17.725789159575,0,3.83508846552903
"146",1977,122.95528497497,3219.73928425633,0,26.602166534776,1534.95675173339,16110.5737632678,891.464483607112,0,0,0,385.923965,168.736249617069,3066.46732,1225.07032954432,17.725789159575,0,3.83508846552903
"147",1977,122.95528497497,3219.73928425633,0,26.602166534776,1534.95675173339,16110.5737632678,891.464483607112,0,0,0,385.923965,168.736249617069,3066.46732,1225.07032954432,17.725789159575,0,3.83508846552903
"148",1977.00273972603,122.945740556017,3219.75537363369,0,26.5365620293118,1535.0426296556,16110.9978584754,890.660247358144,0.385555021730797,0.0590595470609484,0.294263119096252,385.923965,168.79530916413,3066.46732,1225.36459266341,17.7264843110474,0,3.82607765307174
"149",1977.00273972603,122.945740556017,3225.05415243369,0,65.3942732293118,1535.0426296556,16110.9978584754,1274.49404735814,0.385555021730797,0.0590595470609484,0.294263119096252,430.080455,168.79530916413,3450.30112,1225.36459266341,16.6435907986787,0,8.85264930109358
"150",1977.00273972603,122.945740556017,3225.05415243369,0,65.3942732293118,1535.0426296556,16110.9978584754,1274.49404735814,0.385555021730797,0.0590595470609484,0.294263119096252,430.080455,168.79530916413,3450.30112,1225.36459266341,16.6435907986787,0,8.85264930109358
"151",1977.00273972603,122.945740556017,3225.05415243369,0,65.3942732293118,1535.0426296556,16110.9978584754,1274.49404735814,0.385555021730797,0.0590595470609484,0.294263119096252,430.080455,168.79530916413,3450.30112,1225.36459266341,16.6435907986787,0,8.85264930109358
"152",1977.00273972603,122.945740556017,3225.05415243369,0,65.3942732293118,1535.0426296556,16110.9978584754,1274.49404735814,0.385555021730797,0.0590595470609484,0.294263119096252,430.080455,168.79530916413,3450.30112,1225.36459266341,16.6435907986787,0,8.85264930109358
"153",1977.00273972603,122.945740556017,3225.05415243369,0,65.3942732293118,1535.0426296556,16110.9978584754,1274.49404735814,0.385555021730797,0.0590595470609484,0.294263119096252,430.080455,168.79530916413,3450.30112,1225.36459266341,16.6435907986787,0,8.85264930109358
"154",1977.20273972603,122.528935313607,3231.18343443101,0,54.6902145765136,1542.57327870553,16161.5601910028,1194.26981268915,28.6501930755149,5.05064144494462,22.4255162108337,430.080455,173.786891062013,3450.30112,1247.49584575515,16.8980942113147,0,7.54238495572985
"155",1977.20273972603,122.528935313607,3231.18343443101,0,54.6902145765136,1542.57327870553,16161.5601910028,1194.26981268915,28.6501930755149,5.05064144494462,22.4255162108337,430.080455,173.786891062013,3450.30112,1247.49584575515,16.8980942113147,0,7.54238495572985
"156",1977.20273972603,122.528935313607,3231.18343443101,0,54.6902145765136,1542.57327870553,16161.5601910028,1194.26981268915,28.6501930755149,5.05064144494462,22.4255162108337,430.080455,173.786891062013,3450.30112,1247.49584575515,16.8980942113147,0,7.54238495572985
"157",1977.20273972603,122.528935313607,3231.18343443101,0,54.6902145765136,1542.57327870553,16161.5601910028,1194.26981268915,28.6501930755149,5.05064144494462,22.4255162108337,430.080455,173.786891062013,3450.30112,1247.49584575515,16.8980942113147,0,7.54238495572985
"158",1977.20273972603,122.528935313607,3231.18343443101,0,54.6902145765136,1542.57327870553,16161.5601910028,1194.26981268915,28.6501930755149,5.05064144494462,22.4255162108337,430.080455,173.786891062013,3450.30112,1247.49584575515,16.8980942113147,0,7.54238495572985
"159",1977.20273972603,122.528935313607,3231.18343443101,0,54.6902145765136,1542.57327870553,16161.5601910028,1194.26981268915,28.6501930755149,5.05064144494462,22.4255162108337,430.080455,173.786891062013,3450.30112,1247.49584575515,16.8980942113147,0,7.54238495572985
"160",1977.20273972603,122.528935313607,3231.18343443101,0,54.6902145765136,1542.57327870553,16161.5601910028,1194.26981268915,28.6501930755149,5.05064144494462,22.4255162108337,430.080455,173.786891062013,3450.30112,1247.49584575515,16.8980942113147,0,7.54238495572985
"161",1978,121.277362495721,3242.25636791223,0,26.7145271515726,1568.48145688685,16322.5974829034,920.083660952283,141.052572058587,23.2049682065495,109.666197865701,430.080455,191.941217823618,3450.30112,1334.73652741002,12.2210276591295,0,2.69200260049729
"162",1978,121.277362495721,3242.25636791223,0,26.7145271515726,1568.48145688685,16322.5974829034,920.083660952283,0,0,0,430.080455,191.941217823618,3450.30112,1334.73652741002,12.2210276591295,0,2.69200260049729
"163",1978,121.277362495721,3242.25636791223,0,26.7145271515726,1568.48145688685,16322.5974829034,920.083660952283,0,0,0,430.080455,191.941217823618,3450.30112,1334.73652741002,12.2210276591295,0,2.69200260049729
"164",1978.00273972603,121.288413241511,3242.26717802944,0,26.6518146835697,1568.41409036727,16323.0506619975,919.170138922734,0.268794876402708,0.0408516050032562,0.527709455118393,430.080455,191.982069428622,3450.30112,1335.26423686514,12.2228066820745,0,2.6858293376721
"165",1978.00273972603,121.288413241511,3247.56037082944,0,65.4685618835697,1568.41409036727,16323.0506619975,1290.07493892273,0.268794876402708,0.0408516050032562,0.527709455118393,474.190395,191.982069428622,3821.20592,1335.26423686514,11.6847526125095,0,6.30714780630394
"166",1978.00273972603,121.288413241511,3247.56037082944,0,65.4685618835697,1568.41409036727,16323.0506619975,1290.07493892273,0.268794876402708,0.0408516050032562,0.527709455118393,474.190395,191.982069428622,3821.20592,1335.26423686514,11.6847526125095,0,6.30714780630394
"167",1978.00273972603,121.288413241511,3247.56037082944,0,65.4685618835697,1568.41409036727,16323.0506619975,1290.07493892273,0.268794876402708,0.0408516050032562,0.527709455118393,474.190395,191.982069428622,3821.20592,1335.26423686514,11.6847526125095,0,6.30714780630394
"168",1978.00273972603,121.288413241511,3247.56037082944,0,65.4685618835697,1568.41409036727,16323.0506619975,1290.07493892273,0.268794876402708,0.0408516050032562,0.527709455118393,474.190395,191.982069428622,3821.20592,1335.26423686514,11.6847526125095,0,6.30714780630394
"169",1978.00273972603,121.288413241511,3247.56037082944,0,65.4685618835697,1568.41409036727,16323.0506619975,1290.07493892273,0.268794876402708,0.0408516050032562,0.527709455118393,474.190395,191.982069428622,3821.20592,1335.26423686514,11.6847526125095,0,6.30714780630394
"170",1978.20273972603,122.166417645537,3253.43533716659,0,55.1894521731169,1561.69257103937,16374.2292610501,1198.12537698791,20.2832169936105,3.56699057427865,48.0201916651944,474.190395,195.508208397897,3821.20592,1382.75671907521,11.9064729701576,0,5.3788245018661
"171",1978.20273972603,122.166417645537,3253.43533716659,0,55.1894521731169,1561.69257103937,16374.2292610501,1198.12537698791,20.2832169936105,3.56699057427865,48.0201916651944,474.190395,195.508208397897,3821.20592,1382.75671907521,11.9064729701576,0,5.3788245018661
"172",1978.20273972603,122.166417645537,3253.43533716659,0,55.1894521731169,1561.69257103937,16374.2292610501,1198.12537698791,20.2832169936105,3.56699057427865,48.0201916651944,474.190395,195.508208397897,3821.20592,1382.75671907521,11.9064729701576,0,5.3788245018661
"173",1978.20273972603,122.166417645537,3253.43533716659,0,55.1894521731169,1561.69257103937,16374.2292610501,1198.12537698791,20.2832169936105,3.56699057427865,48.0201916651944,474.190395,195.508208397897,3821.20592,1382.75671907521,11.9064729701576,0,5.3788245018661
"174",1978.20273972603,122.166417645537,3253.43533716659,0,55.1894521731169,1561.69257103937,16374.2292610501,1198.12537698791,20.2832169936105,3.56699057427865,48.0201916651944,474.190395,195.508208397897,3821.20592,1382.75671907521,11.9064729701576,0,5.3788245018661
"175",1978.20273972603,122.166417645537,3253.43533716659,0,55.1894521731169,1561.69257103937,16374.2292610501,1198.12537698791,20.2832169936105,3.56699057427865,48.0201916651944,474.190395,195.508208397897,3821.20592,1382.75671907521,11.9064729701576,0,5.3788245018661
"176",1978.20273972603,122.166417645537,3253.43533716659,0,55.1894521731169,1561.69257103937,16374.2292610501,1198.12537698791,20.2832169936105,3.56699057427865,48.0201916651944,474.190395,195.508208397897,3821.20592,1382.75671907521,11.9064729701576,0,5.3788245018661
"177",1979,124.536837807679,3265.45927723613,0,27.8885248060012,1544.39529187789,16525.8323609583,893.896303593291,99.3307177791226,16.4735577097126,217.943444313097,474.190395,208.414775533331,3821.20592,1552.67997172312,11.9820681769026,0,2.68323984662907
"178",1979,124.536837807679,3265.45927723613,0,27.8885248060012,1544.39529187789,16525.8323609583,893.896303593291,0,0,0,474.190395,208.414775533331,3821.20592,1552.67997172312,11.9820681769026,0,2.68323984662907
"179",1979,124.536837807679,3265.45927723613,0,27.8885248060012,1544.39529187789,16525.8323609583,893.896303593291,0,0,0,474.190395,208.414775533331,3821.20592,1552.67997172312,11.9820681769026,0,2.68323984662907
"180",1979.00273972603,124.543906014993,3265.4771574577,0,27.823403260616,1544.35754101312,16526.2277247962,893.001349327526,0.224183657512978,0.0401731165050936,0.537341292607488,474.190395,208.454948649836,3821.20592,1553.21731301572,11.9838309866822,0,2.67721619482036
"181",1979.00273972603,124.543906014993,3269.0532306577,0,54.047940060616,1544.35754101312,16526.2277247962,1178.22614932753,0.224183657512978,0.0401731165050936,0.537341292607488,503.991005,208.454948649836,4106.43072,1553.21731301572,11.4802143462141,0,4.98203369976612
"182",1979.00273972603,124.543906014993,3269.0532306577,0,54.047940060616,1544.35754101312,16526.2277247962,1178.22614932753,0.224183657512978,0.0401731165050936,0.537341292607488,503.991005,208.454948649836,4106.43072,1553.21731301572,11.4802143462141,0,4.98203369976612
"183",1979.00273972603,124.543906014993,3269.0532306577,0,54.047940060616,1544.35754101312,16526.2277247962,1178.22614932753,0.224183657512978,0.0401731165050936,0.537341292607488,503.991005,208.454948649836,4106.43072,1553.21731301572,11.4802143462141,0,4.98203369976612
"184",1979.00273972603,124.543906014993,3269.0532306577,0,54.047940060616,1544.35754101312,16526.2277247962,1178.22614932753,0.224183657512978,0.0401731165050936,0.537341292607488,503.991005,208.454948649836,4106.43072,1553.21731301572,11.4802143462141,0,4.98203369976612
"185",1979.00273972603,124.543906014993,3269.0532306577,0,54.047940060616,1544.35754101312,16526.2277247962,1178.22614932753,0.224183657512978,0.0401731165050936,0.537341292607488,503.991005,208.454948649836,4106.43072,1553.21731301572,11.4802143462141,0,4.98203369976612
"186",1979.20273972603,125.132576349111,3273.67305565313,0,45.5994544938886,1544.01359639466,16568.8266846583,1096.74521971964,16.7006152052041,3.28016335368064,39.7632556568459,503.991005,211.694938887012,4106.43072,1592.44322737996,11.6888665088984,0,4.25952978839499
"187",1979.20273972603,125.132576349111,3273.67305565313,0,45.5994544938886,1544.01359639466,16568.8266846583,1096.74521971964,16.7006152052041,3.28016335368064,39.7632556568459,503.991005,211.694938887012,4106.43072,1592.44322737996,11.6888665088984,0,4.25952978839499
"188",1979.20273972603,125.132576349111,3273.67305565313,0,45.5994544938886,1544.01359639466,16568.8266846583,1096.74521971964,16.7006152052041,3.28016335368064,39.7632556568459,503.991005,211.694938887012,4106.43072,1592.44322737996,11.6888665088984,0,4.25952978839499
"189",1979.20273972603,125.132576349111,3273.67305565313,0,45.5994544938886,1544.01359639466,16568.8266846583,1096.74521971964,16.7006152052041,3.28016335368064,39.7632556568459,503.991005,211.694938887012,4106.43072,1592.44322737996,11.6888665088984,0,4.25952978839499
"190",1979.20273972603,125.132576349111,3273.67305565313,0,45.5994544938886,1544.01359639466,16568.8266846583,1096.74521971964,16.7006152052041,3.28016335368064,39.7632556568459,503.991005,211.694938887012,4106.43072,1592.44322737996,11.6888665088984,0,4.25952978839499
"191",1979.20273972603,125.132576349111,3273.67305565313,0,45.5994544938886,1544.01359639466,16568.8266846583,1096.74521971964,16.7006152052041,3.28016335368064,39.7632556568459,503.991005,211.694938887012,4106.43072,1592.44322737996,11.6888665088984,0,4.25952978839499
"192",1979.20273972603,125.132576349111,3273.67305565313,0,45.5994544938886,1544.01359639466,16568.8266846583,1096.74521971964,16.7006152052041,3.28016335368064,39.7632556568459,503.991005,211.694938887012,4106.43072,1592.44322737996,11.6888665088984,0,4.25952978839499
"193",1980,126.66721556917,3282.55384115951,0,23.1134313406015,1538.85162934434,16693.811264787,820.581744598895,82.0934878139374,15.3507617805348,196.104117699279,503.991005,223.765537313866,4106.43072,1748.78408942239,17.7761965457902,0,3.24368777281439
"194",1980,126.66721556917,3282.55384115951,0,23.1134313406015,1538.85162934434,16693.811264787,820.581744598895,0,0,0,503.991005,223.765537313866,4106.43072,1748.78408942239,17.7761965457902,0,3.24368777281439
"195",1980,126.66721556917,3282.55384115951,0,23.1134313406015,1538.85162934434,16693.811264787,820.581744598895,0,0,0,503.991005,223.765537313866,4106.43072,1748.78408942239,17.7761965457902,0,3.24368777281439
"196",1980.00273972603,126.655572475215,3282.56466422311,0,23.0566722191206,1538.99772817608,16694.1298164183,819.847051458136,0.348178203096449,0.0575791518371288,0.270042677659679,503.991005,223.823116465703,4106.43072,1749.05413210005,17.7767495707258,0,3.23612044826393
"197",1980.00273972603,126.655572475215,3286.75517222311,0,53.7870642191206,1538.99772817608,16694.1298164183,1172.09265145814,0.348178203096449,0.0575791518371288,0.270042677659679,538.911905,223.823116465703,4458.67632,1749.05413210005,16.7869082820457,0,7.12892844871527
"198",1980.00273972603,126.655572475215,3286.75517222311,0,53.7870642191206,1538.99772817608,16694.1298164183,1172.09265145814,0.348178203096449,0.0575791518371288,0.270042677659679,538.911905,223.823116465703,4458.67632,1749.05413210005,16.7869082820457,0,7.12892844871527
"199",1980.00273972603,126.655572475215,3286.75517222311,0,53.7870642191206,1538.99772817608,16694.1298164183,1172.09265145814,0.348178203096449,0.0575791518371288,0.270042677659679,538.911905,223.823116465703,4458.67632,1749.05413210005,16.7869082820457,0,7.12892844871527
"200",1980.00273972603,126.655572475215,3286.75517222311,0,53.7870642191206,1538.99772817608,16694.1298164183,1172.09265145814,0.348178203096449,0.0575791518371288,0.270042677659679,538.911905,223.823116465703,4458.67632,1749.05413210005,16.7869082820457,0,7.12892844871527
"201",1980.00273972603,126.655572475215,3286.75517222311,0,53.7870642191206,1538.99772817608,16694.1298164183,1172.09265145814,0.348178203096449,0.0575791518371288,0.270042677659679,538.911905,223.823116465703,4458.67632,1749.05413210005,16.7869082820457,0,7.12892844871527
"202",1980.20273972603,126.070798655994,3291.41951879278,0,45.0091209797186,1550.80102845618,16735.546690262,1098.89283922394,25.817689491707,4.75594964078186,20.2496807880685,538.911905,228.521486954648,4458.67632,1769.03377021046,17.010941028886,0,6.07315501218638
"203",1980.20273972603,126.070798655994,3291.41951879278,0,45.0091209797186,1550.80102845618,16735.546690262,1098.89283922394,25.817689491707,4.75594964078186,20.2496807880685,538.911905,228.521486954648,4458.67632,1769.03377021046,17.010941028886,0,6.07315501218638
"204",1980.20273972603,126.070798655994,3291.41951879278,0,45.0091209797186,1550.80102845618,16735.546690262,1098.89283922394,25.817689491707,4.75594964078186,20.2496807880685,538.911905,228.521486954648,4458.67632,1769.03377021046,17.010941028886,0,6.07315501218638
"205",1980.20273972603,126.070798655994,3291.41951879278,0,45.0091209797186,1550.80102845618,16735.546690262,1098.89283922394,25.817689491707,4.75594964078186,20.2496807880685,538.911905,228.521486954648,4458.67632,1769.03377021046,17.010941028886,0,6.07315501218638
"206",1980.20273972603,126.070798655994,3291.41951879278,0,45.0091209797186,1550.80102845618,16735.546690262,1098.89283922394,25.817689491707,4.75594964078186,20.2496807880685,538.911905,228.521486954648,4458.67632,1769.03377021046,17.010941028886,0,6.07315501218638
"207",1980.20273972603,126.070798655994,3291.41951879278,0,45.0091209797186,1550.80102845618,16735.546690262,1098.89283922394,25.817689491707,4.75594964078186,20.2496807880685,538.911905,228.521486954648,4458.67632,1769.03377021046,17.010941028886,0,6.07315501218638
"208",1980.20273972603,126.070798655994,3291.41951879278,0,45.0091209797186,1550.80102845618,16735.546690262,1098.89283922394,25.817689491707,4.75594964078186,20.2496807880685,538.911905,228.521486954648,4458.67632,1769.03377021046,17.010941028886,0,6.07315501218638
"209",1981,124.333292979684,3298.77288111616,0,22.0413483623089,1590.89911277988,16866.4529935363,848.463349218003,127.216634818145,22.1078656111219,99.6747831960036,538.911905,245.873402924988,4458.67632,1848.4588726184,0,0,0
"210",1982,135.443941539658,3299.3653495856,0,10.3382184114175,1687.16754917486,16980.6946314579,637.953117712994,127.216713106807,22.1078785326088,99.6749403844991,538.911905,245.873415846475,4458.67632,1848.45902980689,13.3620041438305,0,1.01990030475257
"211",1982,135.443941539658,3299.3653495856,0,10.3382184114175,1687.16754917486,16980.6946314579,637.953117712994,0,0,0,538.911905,245.873415846475,4458.67632,1848.45902980689,13.3620041438305,0,1.01990030475257
"212",1982,135.443941539658,3299.3653495856,0,10.3382184114175,1687.16754917486,16980.6946314579,637.953117712994,0,0,0,538.911905,245.873415846475,4458.67632,1848.45902980689,13.3620041438305,0,1.01990030475257
"213",1982.00273972603,135.42772925909,3299.36637300864,0,10.3140091838341,1687.02306542459,16980.9601017876,637.312404907675,0.238249482875848,0.0393980851069194,0.519726225868381,538.911905,245.912813931581,4458.67632,1848.97875603276,13.3611262175696,0,1.01756692863644
"214",1982.00273972603,135.42772925909,3306.27432300864,0,60.9723091838341,1687.02306542459,16980.9601017876,1047.59990490767,0.238249482875848,0.0393980851069194,0.519726225868381,596.478155,245.912813931581,4868.96382,1848.97875603276,12.3944010681889,0,5.58021062756119
"215",1982.00273972603,135.42772925909,3306.27432300864,0,60.9723091838341,1687.02306542459,16980.9601017876,1047.59990490767,0.238249482875848,0.0393980851069194,0.519726225868381,596.478155,245.912813931581,4868.96382,1848.97875603276,12.3944010681889,0,5.58021062756119
"216",1982.00273972603,135.42772925909,3306.27432300864,0,60.9723091838341,1687.02306542459,16980.9601017876,1047.59990490767,0.238249482875848,0.0393980851069194,0.519726225868381,596.478155,245.912813931581,4868.96382,1848.97875603276,12.3944010681889,0,5.58021062756119
"217",1982.00273972603,135.42772925909,3306.27432300864,0,60.9723091838341,1687.02306542459,16980.9601017876,1047.59990490767,0.238249482875848,0.0393980851069194,0.519726225868381,596.478155,245.912813931581,4868.96382,1848.97875603276,12.3944010681889,0,5.58021062756119
"218",1982.00273972603,135.42772925909,3306.27432300864,0,60.9723091838341,1687.02306542459,16980.9601017876,1047.59990490767,0.238249482875848,0.0393980851069194,0.519726225868381,596.478155,245.912813931581,4868.96382,1848.97875603276,12.3944010681889,0,5.58021062756119
"219",1982.20273972603,134.563083529672,3313.13773569385,0,51.4466572720201,1678.02836174214,17021.2036745774,974.130727244425,17.9188018780984,3.56628304113136,42.7400347817232,596.478155,249.439698887606,4868.96382,1891.19906458862,12.5202298600443,0,4.78678072529883
"220",1982.20273972603,134.563083529672,3313.13773569385,0,51.4466572720201,1678.02836174214,17021.2036745774,974.130727244425,17.9188018780984,3.56628304113136,42.7400347817232,596.478155,249.439698887606,4868.96382,1891.19906458862,12.5202298600443,0,4.78678072529883
"221",1982.20273972603,134.563083529672,3313.13773569385,0,51.4466572720201,1678.02836174214,17021.2036745774,974.130727244425,17.9188018780984,3.56628304113136,42.7400347817232,596.478155,249.439698887606,4868.96382,1891.19906458862,12.5202298600443,0,4.78678072529883
"222",1982.20273972603,134.563083529672,3313.13773569385,0,51.4466572720201,1678.02836174214,17021.2036745774,974.130727244425,17.9188018780984,3.56628304113136,42.7400347817232,596.478155,249.439698887606,4868.96382,1891.19906458862,12.5202298600443,0,4.78678072529883
"223",1982.20273972603,134.563083529672,3313.13773569385,0,51.4466572720201,1678.02836174214,17021.2036745774,974.130727244425,17.9188018780984,3.56628304113136,42.7400347817232,596.478155,249.439698887606,4868.96382,1891.19906458862,12.5202298600443,0,4.78678072529883
"224",1982.20273972603,134.563083529672,3313.13773569385,0,51.4466572720201,1678.02836174214,17021.2036745774,974.130727244425,17.9188018780984,3.56628304113136,42.7400347817232,596.478155,249.439698887606,4868.96382,1891.19906458862,12.5202298600443,0,4.78678072529883
"225",1982.20273972603,134.563083529672,3313.13773569385,0,51.4466572720201,1678.02836174214,17021.2036745774,974.130727244425,17.9188018780984,3.56628304113136,42.7400347817232,596.478155,249.439698887606,4868.96382,1891.19906458862,12.5202298600443,0,4.78678072529883
"226",1983,132.27138234589,3327.85022608039,0,26.0764155463608,1643.12970138934,17136.6155641605,725.653753617982,88.0307941468254,16.5157355640295,210.703779177888,596.478155,262.389151410504,4868.96382,2059.16280898478,17.6526930376551,0,3.48010999052318
"227",1983,132.27138234589,3327.85022608039,0,26.0764155463608,1643.12970138934,17136.6155641605,725.653753617982,0,0,0,596.478155,262.389151410504,4868.96382,2059.16280898478,17.6526930376551,0,3.48010999052318
"228",1983,132.27138234589,3327.85022608039,0,26.0764155463608,1643.12970138934,17136.6155641605,725.653753617982,0,0,0,596.478155,262.389151410504,4868.96382,2059.16280898478,17.6526930376551,0,3.48010999052318
"229",1983.00273972603,132.252598187198,3327.87466724004,0,26.0128703650425,1643.2409993955,17136.9010061512,725.012061433247,0.313005710336059,0.057888180354729,0.244952187852214,596.478155,262.447039590859,4868.96382,2059.40776117263,17.6533013371342,0,3.47224209953066
"230",1983.00273972603,132.252598187198,3333.04509824004,0,63.9293643650425,1643.2409993955,17136.9010061512,1074.05236143325,0.313005710336059,0.057888180354729,0.244952187852214,639.56508,262.447039590859,5218.00412,2059.40776117263,16.2099016917748,0,7.83567752754594
"231",1983.00273972603,132.252598187198,3333.04509824004,0,63.9293643650425,1643.2409993955,17136.9010061512,1074.05236143325,0.313005710336059,0.057888180354729,0.244952187852214,639.56508,262.447039590859,5218.00412,2059.40776117263,16.2099016917748,0,7.83567752754594
"232",1983.00273972603,132.252598187198,3333.04509824004,0,63.9293643650425,1643.2409993955,17136.9010061512,1074.05236143325,0.313005710336059,0.057888180354729,0.244952187852214,639.56508,262.447039590859,5218.00412,2059.40776117263,16.2099016917748,0,7.83567752754594
"233",1983.00273972603,132.252598187198,3333.04509824004,0,63.9293643650425,1643.2409993955,17136.9010061512,1074.05236143325,0.313005710336059,0.057888180354729,0.244952187852214,639.56508,262.447039590859,5218.00412,2059.40776117263,16.2099016917748,0,7.83567752754594
"234",1983.00273972603,132.252598187198,3333.04509824004,0,63.9293643650425,1643.2409993955,17136.9010061512,1074.05236143325,0.313005710336059,0.057888180354729,0.244952187852214,639.56508,262.447039590859,5218.00412,2059.40776117263,16.2099016917748,0,7.83567752754594
"235",1983.20273972603,131.272742118213,3339.62619529292,0,53.598181868652,1652.66762939491,17175.8594334787,1007.78508618827,23.1657781079131,4.7878296928557,18.1271701059152,639.56508,267.17698110336,5218.00412,2077.2899790907,16.5187524086606,0,6.74454636626185
"236",1983.20273972603,131.272742118213,3339.62619529292,0,53.598181868652,1652.66762939491,17175.8594334787,1007.78508618827,23.1657781079131,4.7878296928557,18.1271701059152,639.56508,267.17698110336,5218.00412,2077.2899790907,16.5187524086606,0,6.74454636626185
"237",1983.20273972603,131.272742118213,3339.62619529292,0,53.598181868652,1652.66762939491,17175.8594334787,1007.78508618827,23.1657781079131,4.7878296928557,18.1271701059152,639.56508,267.17698110336,5218.00412,2077.2899790907,16.5187524086606,0,6.74454636626185
"238",1983.20273972603,131.272742118213,3339.62619529292,0,53.598181868652,1652.66762939491,17175.8594334787,1007.78508618827,23.1657781079131,4.7878296928557,18.1271701059152,639.56508,267.17698110336,5218.00412,2077.2899790907,16.5187524086606,0,6.74454636626185
"239",1983.20273972603,131.272742118213,3339.62619529292,0,53.598181868652,1652.66762939491,17175.8594334787,1007.78508618827,23.1657781079131,4.7878296928557,18.1271701059152,639.56508,267.17698110336,5218.00412,2077.2899790907,16.5187524086606,0,6.74454636626185
"240",1983.20273972603,131.272742118213,3339.62619529292,0,53.598181868652,1652.66762939491,17175.8594334787,1007.78508618827,23.1657781079131,4.7878296928557,18.1271701059152,639.56508,267.17698110336,5218.00412,2077.2899790907,16.5187524086606,0,6.74454636626185
"241",1983.20273972603,131.272742118213,3339.62619529292,0,53.598181868652,1652.66762939491,17175.8594334787,1007.78508618827,23.1657781079131,4.7878296928557,18.1271701059152,639.56508,267.17698110336,5218.00412,2077.2899790907,16.5187524086606,0,6.74454636626185
"242",1984,128.421057345189,3352.16727089227,0,26.410909799084,1684.79491018577,17299.453718055,780.779641707132,114.259096067348,22.2857109360972,89.4110492199547,639.56508,284.674862346601,5218.00412,2148.57385820473,0,0,0
"243",1985,138.656309494881,3355.95521770119,0,12.3877094615208,1770.22996687276,17407.7359987511,587.062289139599,114.259103527954,22.2857123150435,89.4110644044033,639.56508,284.674863725548,5218.00412,2148.57387338918,13.1678679110287,0,1.17643201743755
"244",1985,138.656309494881,3355.95521770119,0,12.3877094615208,1770.22996687276,17407.7359987511,587.062289139599,0,0,0,639.56508,284.674863725548,5218.00412,2148.57387338918,13.1678679110287,0,1.17643201743755
"245",1985,138.656309494881,3355.95521770119,0,12.3877094615208,1770.22996687276,17407.7359987511,587.062289139599,0,0,0,639.56508,284.674863725548,5218.00412,2148.57387338918,13.1678679110287,0,1.17643201743755
"246",1985.00273972603,138.639134898236,3355.96198121461,0,12.3588255109727,1770.05794234869,17407.9876169265,586.478289621921,0.211807033299299,0.0392950337801268,0.504405866352303,639.56508,284.714158759328,5218.00412,2149.07827925554,13.1672762229241,0,1.17378162676323
"247",1985.00273972603,138.639134898236,3361.27965161461,0,51.3550751109727,1770.05794234869,17407.9876169265,965.878289621921,0.211807033299299,0.0392950337801268,0.504405866352303,683.879,284.714158759328,5597.40412,2149.07827925554,12.2549580117077,0,4.53951396649312
"248",1985.00273972603,138.639134898236,3361.27965161461,0,51.3550751109727,1770.05794234869,17407.9876169265,965.878289621921,0.211807033299299,0.0392950337801268,0.504405866352303,683.879,284.714158759328,5597.40412,2149.07827925554,12.2549580117077,0,4.53951396649312
"249",1985.00273972603,138.639134898236,3361.27965161461,0,51.3550751109727,1770.05794234869,17407.9876169265,965.878289621921,0.211807033299299,0.0392950337801268,0.504405866352303,683.879,284.714158759328,5597.40412,2149.07827925554,12.2549580117077,0,4.53951396649312
"250",1985.00273972603,138.639134898236,3361.27965161461,0,51.3550751109727,1770.05794234869,17407.9876169265,965.878289621921,0.211807033299299,0.0392950337801268,0.504405866352303,683.879,284.714158759328,5597.40412,2149.07827925554,12.2549580117077,0,4.53951396649312
"251",1985.00273972603,138.639134898236,3361.27965161461,0,51.3550751109727,1770.05794234869,17407.9876169265,965.878289621921,0.211807033299299,0.0392950337801268,0.504405866352303,683.879,284.714158759328,5597.40412,2149.07827925554,12.2549580117077,0,4.53951396649312
"252",1985.20273972603,137.685194563749,3366.92289932836,0,43.35893344329,1761.43857057978,17445.6964047862,899.967245287064,15.7748959493466,3.3461293221994,37.3260341104274,683.879,288.020993047747,5597.40412,2185.89990749961,12.3833254932394,0,3.89967699554915
"253",1985.20273972603,137.685194563749,3366.92289932836,0,43.35893344329,1761.43857057978,17445.6964047862,899.967245287064,15.7748959493466,3.3461293221994,37.3260341104274,683.879,288.020993047747,5597.40412,2185.89990749961,12.3833254932394,0,3.89967699554915
"254",1985.20273972603,137.685194563749,3366.92289932836,0,43.35893344329,1761.43857057978,17445.6964047862,899.967245287064,15.7748959493466,3.3461293221994,37.3260341104274,683.879,288.020993047747,5597.40412,2185.89990749961,12.3833254932394,0,3.89967699554915
"255",1985.20273972603,137.685194563749,3366.92289932836,0,43.35893344329,1761.43857057978,17445.6964047862,899.967245287064,15.7748959493466,3.3461293221994,37.3260341104274,683.879,288.020993047747,5597.40412,2185.89990749961,12.3833254932394,0,3.89967699554915
"256",1985.20273972603,137.685194563749,3366.92289932836,0,43.35893344329,1761.43857057978,17445.6964047862,899.967245287064,15.7748959493466,3.3461293221994,37.3260341104274,683.879,288.020993047747,5597.40412,2185.89990749961,12.3833254932394,0,3.89967699554915
"257",1985.20273972603,137.685194563749,3366.92289932836,0,43.35893344329,1761.43857057978,17445.6964047862,899.967245287064,15.7748959493466,3.3461293221994,37.3260341104274,683.879,288.020993047747,5597.40412,2185.89990749961,12.3833254932394,0,3.89967699554915
"258",1985.20273972603,137.685194563749,3366.92289932836,0,43.35893344329,1761.43857057978,17445.6964047862,899.967245287064,15.7748959493466,3.3461293221994,37.3260341104274,683.879,288.020993047747,5597.40412,2185.89990749961,12.3833254932394,0,3.89967699554915
"259",1986,135.093384241593,3378.518801526,0,22.0305334955994,1728.59181685249,17555.2494457966,676.478887848509,77.6712716938479,15.670437394402,184.108104265876,683.879,300.34530111995,5597.40412,2332.68197765506,19.0938792771395,0,3.11375978429626
"260",1986,135.093384241593,3378.518801526,0,22.0305334955994,1728.59181685249,17555.2494457966,676.478887848509,0,0,0,683.879,300.34530111995,5597.40412,2332.68197765506,19.0938792771395,0,3.11375978429626
"261",1986,135.093384241593,3378.518801526,0,22.0305334955994,1728.59181685249,17555.2494457966,676.478887848509,0,0,0,683.879,300.34530111995,5597.40412,2332.68197765506,19.0938792771395,0,3.11375978429626
"262",1986.00273972603,135.069432682719,3378.53608153141,0,21.9763733656144,1728.63816651153,17555.52499422,675.869889048153,0.374633486867967,0.0608316834450909,0.287100717866585,683.879,300.406132803395,5597.40412,2332.96907837293,19.0929554908668,0,3.10650537420987
"263",1986.00273972603,135.069432682719,3382.90322053141,0,54.0020593656144,1728.63816651153,17555.52499422,1052.04918904815,0.374633486867967,0.0608316834450909,0.287100717866585,720.271825,300.406132803395,5973.58342,2332.96907837293,18.0759103493957,0,7.22692295649565
"264",1986.00273972603,135.069432682719,3382.90322053141,0,54.0020593656144,1728.63816651153,17555.52499422,1052.04918904815,0.374633486867967,0.0608316834450909,0.287100717866585,720.271825,300.406132803395,5973.58342,2332.96907837293,18.0759103493957,0,7.22692295649565
"265",1986.00273972603,135.069432682719,3382.90322053141,0,54.0020593656144,1728.63816651153,17555.52499422,1052.04918904815,0.374633486867967,0.0608316834450909,0.287100717866585,720.271825,300.406132803395,5973.58342,2332.96907837293,18.0759103493957,0,7.22692295649565
"266",1986.00273972603,135.069432682719,3382.90322053141,0,54.0020593656144,1728.63816651153,17555.52499422,1052.04918904815,0.374633486867967,0.0608316834450909,0.287100717866585,720.271825,300.406132803395,5973.58342,2332.96907837293,18.0759103493957,0,7.22692295649565
"267",1986.00273972603,135.069432682719,3382.90322053141,0,54.0020593656144,1728.63816651153,17555.52499422,1052.04918904815,0.374633486867967,0.0608316834450909,0.287100717866585,720.271825,300.406132803395,5973.58342,2332.96907837293,18.0759103493957,0,7.22692295649565
"268",1986.20273972603,133.668600388325,3388.16376337825,0,45.1772846827528,1733.54442014944,17595.1812215443,985.987985482234,27.7899671809314,5.02589581386348,21.7858233215578,720.271825,305.371196933813,5973.58342,2354.46780097662,18.2112946853607,0,6.15504944356326
"269",1986.20273972603,133.668600388325,3388.16376337825,0,45.1772846827528,1733.54442014944,17595.1812215443,985.987985482234,27.7899671809314,5.02589581386348,21.7858233215578,720.271825,305.371196933813,5973.58342,2354.46780097662,18.2112946853607,0,6.15504944356326
"270",1986.20273972603,133.668600388325,3388.16376337825,0,45.1772846827528,1733.54442014944,17595.1812215443,985.987985482234,27.7899671809314,5.02589581386348,21.7858233215578,720.271825,305.371196933813,5973.58342,2354.46780097662,18.2112946853607,0,6.15504944356326
"271",1986.20273972603,133.668600388325,3388.16376337825,0,45.1772846827528,1733.54442014944,17595.1812215443,985.987985482234,27.7899671809314,5.02589581386348,21.7858233215578,720.271825,305.371196933813,5973.58342,2354.46780097662,18.2112946853607,0,6.15504944356326
"272",1986.20273972603,133.668600388325,3388.16376337825,0,45.1772846827528,1733.54442014944,17595.1812215443,985.987985482234,27.7899671809314,5.02589581386348,21.7858233215578,720.271825,305.371196933813,5973.58342,2354.46780097662,18.2112946853607,0,6.15504944356326
"273",1986.20273972603,133.668600388325,3388.16376337825,0,45.1772846827528,1733.54442014944,17595.1812215443,985.987985482234,27.7899671809314,5.02589581386348,21.7858233215578,720.271825,305.371196933813,5973.58342,2354.46780097662,18.2112946853607,0,6.15504944356326
"274",1986.20273972603,133.668600388325,3388.16376337825,0,45.1772846827528,1733.54442014944,17595.1812215443,985.987985482234,27.7899671809314,5.02589581386348,21.7858233215578,720.271825,305.371196933813,5973.58342,2354.46780097662,18.2112946853607,0,6.15504944356326
"275",1987,129.806913336784,3396.85784137938,0,22.1000731888284,1750.00833073936,17719.3318158672,760.278882806653,136.890981011438,23.2707163582044,106.880421084381,720.271825,323.616017478154,5973.58342,2439.56239873944,17.8988144209895,0,3.04733467986279
"276",1987,129.806913336784,3396.85784137938,0,22.1000731888284,1750.00833073936,17719.3318158672,760.278882806653,0,0,0,720.271825,323.616017478154,5973.58342,2439.56239873944,17.8988144209895,0,3.04733467986279
"277",1987,129.806913336784,3396.85784137938,0,22.1000731888284,1750.00833073936,17719.3318158672,760.278882806653,0,0,0,720.271825,323.616017478154,5973.58342,2439.56239873944,17.8988144209895,0,3.04733467986279
"278",1987.00273972603,129.79885611032,3396.86264283044,0,22.0459505175677,1750.0775830334,17719.6745627544,759.606255357267,0.33228678298388,0.0573784466589799,0.26062826808037,720.271825,323.673395924813,5973.58342,2439.82302700752,17.8998554788793,0,3.04023733324421
"279",1987.00273972603,129.79885611032,3401.08805283044,0,53.0322905175677,1750.0775830334,17719.6745627544,1091.70865535727,0.33228678298388,0.0573784466589799,0.26062826808037,755.483575,323.673395924813,6305.68582,2439.82302700752,16.8204014456762,0,6.8723596094796
"280",1987.00273972603,129.79885611032,3401.08805283044,0,53.0322905175677,1750.0775830334,17719.6745627544,1091.70865535727,0.33228678298388,0.0573784466589799,0.26062826808037,755.483575,323.673395924813,6305.68582,2439.82302700752,16.8204014456762,0,6.8723596094796
"281",1987.00273972603,129.79885611032,3401.08805283044,0,53.0322905175677,1750.0775830334,17719.6745627544,1091.70865535727,0.33228678298388,0.0573784466589799,0.26062826808037,755.483575,323.673395924813,6305.68582,2439.82302700752,16.8204014456762,0,6.8723596094796
"282",1987.00273972603,129.79885611032,3401.08805283044,0,53.0322905175677,1750.0775830334,17719.6745627544,1091.70865535727,0.33228678298388,0.0573784466589799,0.26062826808037,755.483575,323.673395924813,6305.68582,2439.82302700752,16.8204014456762,0,6.8723596094796
"283",1987.00273972603,129.79885611032,3401.08805283044,0,53.0322905175677,1750.0775830334,17719.6745627544,1091.70865535727,0.33228678298388,0.0573784466589799,0.26062826808037,755.483575,323.673395924813,6305.68582,2439.82302700752,16.8204014456762,0,6.8723596094796
"284",1987.20273972603,129.467876306951,3405.38464016693,0,44.4036326175268,1756.4859572505,17761.715697339,1024.2309821661,24.6173524985237,4.72042881358096,19.2887926575963,755.483575,328.336446291735,6305.68582,2458.85119139704,17.0900952212333,0,5.86139458874752
"285",1987.20273972603,129.467876306951,3405.38464016693,0,44.4036326175268,1756.4859572505,17761.715697339,1024.2309821661,24.6173524985237,4.72042881358096,19.2887926575963,755.483575,328.336446291735,6305.68582,2458.85119139704,17.0900952212333,0,5.86139458874752
"286",1987.20273972603,129.467876306951,3405.38464016693,0,44.4036326175268,1756.4859572505,17761.715697339,1024.2309821661,24.6173524985237,4.72042881358096,19.2887926575963,755.483575,328.336446291735,6305.68582,2458.85119139704,17.0900952212333,0,5.86139458874752
"287",1987.20273972603,129.467876306951,3405.38464016693,0,44.4036326175268,1756.4859572505,17761.715697339,1024.2309821661,24.6173524985237,4.72042881358096,19.2887926575963,755.483575,328.336446291735,6305.68582,2458.85119139704,17.0900952212333,0,5.86139458874752
"288",1987.20273972603,129.467876306951,3405.38464016693,0,44.4036326175268,1756.4859572505,17761.715697339,1024.2309821661,24.6173524985237,4.72042881358096,19.2887926575963,755.483575,328.336446291735,6305.68582,2458.85119139704,17.0900952212333,0,5.86139458874752
"289",1987.20273972603,129.467876306951,3405.38464016693,0,44.4036326175268,1756.4859572505,17761.715697339,1024.2309821661,24.6173524985237,4.72042881358096,19.2887926575963,755.483575,328.336446291735,6305.68582,2458.85119139704,17.0900952212333,0,5.86139458874752
"290",1987.20273972603,129.467876306951,3405.38464016693,0,44.4036326175268,1756.4859572505,17761.715697339,1024.2309821661,24.6173524985237,4.72042881358096,19.2887926575963,755.483575,328.336446291735,6305.68582,2458.85119139704,17.0900952212333,0,5.86139458874752
"291",1988,128.360532927295,3411.74793719515,0,21.7948848411248,1778.25569992697,17895.2287484706,793.09619058903,121.369179854624,22.0732229414148,95.1407904265511,755.483575,345.689240419569,6305.68582,2534.70318916599,17.4448582303459,0,2.96203722070469
"292",1988,128.360532927295,3411.74793719515,0,21.7948848411248,1778.25569992697,17895.2287484706,793.09619058903,0,0,0,755.483575,345.689240419569,6305.68582,2534.70318916599,17.4448582303459,0,2.96203722070469
"293",1988,128.360532927295,3411.74793719515,0,21.7948848411248,1778.25569992697,17895.2287484706,793.09619058903,0,0,0,755.483575,345.689240419569,6305.68582,2534.70318916599,17.4448582303459,0,2.96203722070469
"294",1988.00273972603,128.358072384553,3411.7477526794,0,21.741627682753,1778.33080665852,17895.6031315754,792.401121287,0.31364514968577,0.0559022168698701,0.24557946570402,755.483575,345.745142636438,6305.68582,2534.94876863169,17.4465572198323,0,2.95514371922811
"295",1988.00273972603,128.358072384553,3415.1406806794,0,46.623099682753,1778.33080665852,17895.6031315754,1011.389121287,0.31364514968577,0.0559022168698701,0.24557946570402,783.757975,345.745142636438,6524.67382,2534.94876863169,16.5339749465469,0,6.0055838153718
"296",1988.00273972603,128.358072384553,3415.1406806794,0,46.623099682753,1778.33080665852,17895.6031315754,1011.389121287,0.31364514968577,0.0559022168698701,0.24557946570402,783.757975,345.745142636438,6524.67382,2534.94876863169,16.5339749465469,0,6.0055838153718
"297",1988.00273972603,128.358072384553,3415.1406806794,0,46.623099682753,1778.33080665852,17895.6031315754,1011.389121287,0.31364514968577,0.0559022168698701,0.24557946570402,783.757975,345.745142636438,6524.67382,2534.94876863169,16.5339749465469,0,6.0055838153718
"298",1988.00273972603,128.358072384553,3415.1406806794,0,46.623099682753,1778.33080665852,17895.6031315754,1011.389121287,0.31364514968577,0.0559022168698701,0.24557946570402,783.757975,345.745142636438,6524.67382,2534.94876863169,16.5339749465469,0,6.0055838153718
"299",1988.00273972603,128.358072384553,3415.1406806794,0,46.623099682753,1778.33080665852,17895.6031315754,1011.389121287,0.31364514968577,0.0559022168698701,0.24557946570402,783.757975,345.745142636438,6524.67382,2534.94876863169,16.5339749465469,0,6.0055838153718
"300",1988.20273972603,128.364874615284,3418.26711452589,0,39.0443306688205,1784.59475005827,17933.6618334833,949.139174983288,23.2227681274649,4.50143515357653,18.1728804617587,783.757975,350.190675573145,6524.67382,2552.87606962775,16.8134493559834,0,5.11409276335103
"301",1988.20273972603,128.364874615284,3418.26711452589,0,39.0443306688205,1784.59475005827,17933.6618334833,949.139174983288,23.2227681274649,4.50143515357653,18.1728804617587,783.757975,350.190675573145,6524.67382,2552.87606962775,16.8134493559834,0,5.11409276335103
"302",1988.20273972603,128.364874615284,3418.26711452589,0,39.0443306688205,1784.59475005827,17933.6618334833,949.139174983288,23.2227681274649,4.50143515357653,18.1728804617587,783.757975,350.190675573145,6524.67382,2552.87606962775,16.8134493559834,0,5.11409276335103
"303",1988.20273972603,128.364874615284,3418.26711452589,0,39.0443306688205,1784.59475005827,17933.6618334833,949.139174983288,23.2227681274649,4.50143515357653,18.1728804617587,783.757975,350.190675573145,6524.67382,2552.87606962775,16.8134493559834,0,5.11409276335103
"304",1988.20273972603,128.364874615284,3418.26711452589,0,39.0443306688205,1784.59475005827,17933.6618334833,949.139174983288,23.2227681274649,4.50143515357653,18.1728804617587,783.757975,350.190675573145,6524.67382,2552.87606962775,16.8134493559834,0,5.11409276335103
"305",1988.20273972603,128.364874615284,3418.26711452589,0,39.0443306688205,1784.59475005827,17933.6618334833,949.139174983288,23.2227681274649,4.50143515357653,18.1728804617587,783.757975,350.190675573145,6524.67382,2552.87606962775,16.8134493559834,0,5.11409276335103
"306",1988.20273972603,128.364874615284,3418.26711452589,0,39.0443306688205,1784.59475005827,17933.6618334833,949.139174983288,23.2227681274649,4.50143515357653,18.1728804617587,783.757975,350.190675573145,6524.67382,2552.87606962775,16.8134493559834,0,5.11409276335103
"307",1989,128.131759628316,3421.65435644039,0,19.1853301380881,1805.89018274026,18054.1652296057,735.876731015682,114.517751271975,21.2063087567771,89.6364956250372,783.757975,366.895549176345,6524.67382,2624.33968479103,0,0,0
"308",1990,140.064014414698,3419.90874233929,0,8.99864203427681,1883.12166606589,18159.5101234854,553.300094673484,114.518022851291,21.2063561753099,89.6367547618943,783.757975,366.895596594878,6524.67382,2624.33994392788,13.8307731232651,0,0.888580674441237
"309",1990,140.064014414698,3419.90874233929,0,8.99864203427681,1883.12166606589,18159.5101234854,553.300094673484,0,0,0,783.757975,366.895596594878,6524.67382,2624.33994392788,13.8307731232651,0,0.888580674441237
"310",1990,140.064014414698,3419.90874233929,0,8.99864203427681,1883.12166606589,18159.5101234854,553.300094673484,0,0,0,783.757975,366.895596594878,6524.67382,2624.33994392788,13.8307731232651,0,0.888580674441237
"311",1990.00273972603,140.047943261251,3419.90556513288,0,8.97756744652213,1882.89802068772,18159.7548995644,552.747349961215,0.244531119323089,0.0403229476125994,0.531614011435508,783.757975,366.935919542491,6524.67382,2624.87155793932,13.829851265674,0,0.886542277035429
"312",1990.00273972603,140.047943261251,3425.74302753288,0,51.7856250465221,1882.89802068772,18159.7548995644,972.274149961215,0.244531119323089,0.0403229476125994,0.531614011435508,832.403495,366.935919542491,6944.20062,2624.87155793932,13.0169966315428,0,4.81330386648687
"313",1990.00273972603,140.047943261251,3425.74302753288,0,51.7856250465221,1882.89802068772,18159.7548995644,972.274149961215,0.244531119323089,0.0403229476125994,0.531614011435508,832.403495,366.935919542491,6944.20062,2624.87155793932,13.0169966315428,0,4.81330386648687
"314",1990.00273972603,140.047943261251,3425.74302753288,0,51.7856250465221,1882.89802068772,18159.7548995644,972.274149961215,0.244531119323089,0.0403229476125994,0.531614011435508,832.403495,366.935919542491,6944.20062,2624.87155793932,13.0169966315428,0,4.81330386648687
"315",1990.00273972603,140.047943261251,3425.74302753288,0,51.7856250465221,1882.89802068772,18159.7548995644,972.274149961215,0.244531119323089,0.0403229476125994,0.531614011435508,832.403495,366.935919542491,6944.20062,2624.87155793932,13.0169966315428,0,4.81330386648687
"316",1990.00273972603,140.047943261251,3425.74302753288,0,51.7856250465221,1882.89802068772,18159.7548995644,972.274149961215,0.244531119323089,0.0403229476125994,0.531614011435508,832.403495,366.935919542491,6944.20062,2624.87155793932,13.0169966315428,0,4.81330386648687
"317",1990.20273972603,139.15639590724,3431.23199593992,0,43.6838852538855,1868.19136101398,18199.0124841604,904.311810888092,18.3677949573196,3.54464168722115,43.9430281623112,832.403495,370.440238282099,6944.20062,2668.2829720902,13.1100488948796,0,4.11549801834839
"318",1990.20273972603,139.15639590724,3431.23199593992,0,43.6838852538855,1868.19136101398,18199.0124841604,904.311810888092,18.3677949573196,3.54464168722115,43.9430281623112,832.403495,370.440238282099,6944.20062,2668.2829720902,13.1100488948796,0,4.11549801834839
"319",1990.20273972603,139.15639590724,3431.23199593992,0,43.6838852538855,1868.19136101398,18199.0124841604,904.311810888092,18.3677949573196,3.54464168722115,43.9430281623112,832.403495,370.440238282099,6944.20062,2668.2829720902,13.1100488948796,0,4.11549801834839
"320",1990.20273972603,139.15639590724,3431.23199593992,0,43.6838852538855,1868.19136101398,18199.0124841604,904.311810888092,18.3677949573196,3.54464168722115,43.9430281623112,832.403495,370.440238282099,6944.20062,2668.2829720902,13.1100488948796,0,4.11549801834839
"321",1990.20273972603,139.15639590724,3431.23199593992,0,43.6838852538855,1868.19136101398,18199.0124841604,904.311810888092,18.3677949573196,3.54464168722115,43.9430281623112,832.403495,370.440238282099,6944.20062,2668.2829720902,13.1100488948796,0,4.11549801834839
"322",1990.20273972603,139.15639590724,3431.23199593992,0,43.6838852538855,1868.19136101398,18199.0124841604,904.311810888092,18.3677949573196,3.54464168722115,43.9430281623112,832.403495,370.440238282099,6944.20062,2668.2829720902,13.1100488948796,0,4.11549801834839
"323",1990.20273972603,139.15639590724,3431.23199593992,0,43.6838852538855,1868.19136101398,18199.0124841604,904.311810888092,18.3677949573196,3.54464168722115,43.9430281623112,832.403495,370.440238282099,6944.20062,2668.2829720902,13.1100488948796,0,4.11549801834839
"324",1991,136.772212726289,3442.19687225887,0,22.1277995284737,1814.76425302813,18310.4912962612,674.844567392077,90.2224234133574,16.5200342746279,215.358567543334,832.403495,383.415630869506,6944.20062,2839.69851147122,19.2529029922681,0,3.11484598561425
"325",1991,136.772212726289,3442.19687225887,0,22.1277995284737,1814.76425302813,18310.4912962612,674.844567392077,0,0,0,832.403495,383.415630869506,6944.20062,2839.69851147122,19.2529029922681,0,3.11484598561425
"326",1991,136.772212726289,3442.19687225887,0,22.1277995284737,1814.76425302813,18310.4912962612,674.844567392077,0,0,0,832.403495,383.415630869506,6944.20062,2839.69851147122,19.2529029922681,0,3.11484598561425
"327",1991.00273972603,136.75015623145,3442.21202268754,0,22.0734348866257,1814.80810608889,18310.7639201933,674.239321792295,0.373196706205086,0.0612707080226262,0.288768606912432,832.403495,383.476901577529,6944.20062,2839.98728007813,19.2522503712596,0,3.1075891004597
"328",1991.00273972603,136.75015623145,3449.07062268754,0,72.3698348866257,1814.80810608889,18310.7639201933,1152.20807179229,0.373196706205086,0.0612707080226262,0.288768606912432,889.558495,383.476901577529,7422.16937,2839.98728007813,17.6210931697824,0,9.32529540266604
"329",1991.00273972603,136.75015623145,3449.07062268754,0,72.3698348866257,1814.80810608889,18310.7639201933,1152.20807179229,0.373196706205086,0.0612707080226262,0.288768606912432,889.558495,383.476901577529,7422.16937,2839.98728007813,17.6210931697824,0,9.32529540266604
"330",1991.00273972603,136.75015623145,3449.07062268754,0,72.3698348866257,1814.80810608889,18310.7639201933,1152.20807179229,0.373196706205086,0.0612707080226262,0.288768606912432,889.558495,383.476901577529,7422.16937,2839.98728007813,17.6210931697824,0,9.32529540266604
"331",1991.00273972603,136.75015623145,3449.07062268754,0,72.3698348866257,1814.80810608889,18310.7639201933,1152.20807179229,0.373196706205086,0.0612707080226262,0.288768606912432,889.558495,383.476901577529,7422.16937,2839.98728007813,17.6210931697824,0,9.32529540266604
"332",1991.00273972603,136.75015623145,3449.07062268754,0,72.3698348866257,1814.80810608889,18310.7639201933,1152.20807179229,0.373196706205086,0.0612707080226262,0.288768606912432,889.558495,383.476901577529,7422.16937,2839.98728007813,17.6210931697824,0,9.32529540266604
"333",1991.20273972603,135.601492477498,3456.70794950283,0,60.5995385793001,1820.08691438087,18355.8391737931,1080.40420395348,27.6853312617841,5.34290395401069,21.7385745539832,889.558495,388.758534823517,7422.16937,2861.4370860252,17.8911841389716,0,7.99546880827202
"334",1991.20273972603,135.601492477498,3456.70794950283,0,60.5995385793001,1820.08691438087,18355.8391737931,1080.40420395348,27.6853312617841,5.34290395401069,21.7385745539832,889.558495,388.758534823517,7422.16937,2861.4370860252,17.8911841389716,0,7.99546880827202
"335",1991.20273972603,135.601492477498,3456.70794950283,0,60.5995385793001,1820.08691438087,18355.8391737931,1080.40420395348,27.6853312617841,5.34290395401069,21.7385745539832,889.558495,388.758534823517,7422.16937,2861.4370860252,17.8911841389716,0,7.99546880827202
"336",1991.20273972603,135.601492477498,3456.70794950283,0,60.5995385793001,1820.08691438087,18355.8391737931,1080.40420395348,27.6853312617841,5.34290395401069,21.7385745539832,889.558495,388.758534823517,7422.16937,2861.4370860252,17.8911841389716,0,7.99546880827202
"337",1991.20273972603,135.601492477498,3456.70794950283,0,60.5995385793001,1820.08691438087,18355.8391737931,1080.40420395348,27.6853312617841,5.34290395401069,21.7385745539832,889.558495,388.758534823517,7422.16937,2861.4370860252,17.8911841389716,0,7.99546880827202
"338",1991.20273972603,135.601492477498,3456.70794950283,0,60.5995385793001,1820.08691438087,18355.8391737931,1080.40420395348,27.6853312617841,5.34290395401069,21.7385745539832,889.558495,388.758534823517,7422.16937,2861.4370860252,17.8911841389716,0,7.99546880827202
"339",1991.20273972603,135.601492477498,3456.70794950283,0,60.5995385793001,1820.08691438087,18355.8391737931,1080.40420395348,27.6853312617841,5.34290395401069,21.7385745539832,889.558495,388.758534823517,7422.16937,2861.4370860252,17.8911841389716,0,7.99546880827202
"340",1992,132.37049406822,3471.55700032945,0,29.7229707174203,1837.82342264747,18498.4520405935,834.665005884545,136.463845061809,24.6014193985421,107.128397555955,889.558495,408.017050268048,7422.16937,2946.82690902718,16.7552351748993,0,3.76228379271864
"341",1992,132.37049406822,3471.55700032945,0,29.7229707174203,1837.82342264747,18498.4520405935,834.665005884545,0,0,0,889.558495,408.017050268048,7422.16937,2946.82690902718,16.7552351748993,0,3.76228379271864
"342",1992,132.37049406822,3471.55700032945,0,29.7229707174203,1837.82342264747,18498.4520405935,834.665005884545,0,0,0,889.558495,408.017050268048,7422.16937,2946.82690902718,16.7552351748993,0,3.76228379271864
"343",1992.00273972603,132.367067937923,3471.57609429119,0,29.6510981011977,1837.92713126088,18498.8503497715,833.945190882076,0.27909582879765,0.0562047847765549,0.217797210983102,889.558495,408.073255052825,7422.16937,2947.04470623816,16.7580415748595,0,3.75391207542
"344",1992.00273972603,132.367067937923,3477.87407829119,0,75.8363141011977,1837.92713126088,18498.8503497715,1224.58719088208,0.27909582879765,0.0562047847765549,0.217797210983102,942.041695,408.073255052825,7812.81137,2947.04470623816,14.7601672385197,0,8.45645896917155
"345",1992.00273972603,132.367067937923,3477.87407829119,0,75.8363141011977,1837.92713126088,18498.8503497715,1224.58719088208,0.27909582879765,0.0562047847765549,0.217797210983102,942.041695,408.073255052825,7812.81137,2947.04470623816,14.7601672385197,0,8.45645896917155
"346",1992.00273972603,132.367067937923,3477.87407829119,0,75.8363141011977,1837.92713126088,18498.8503497715,1224.58719088208,0.27909582879765,0.0562047847765549,0.217797210983102,942.041695,408.073255052825,7812.81137,2947.04470623816,14.7601672385197,0,8.45645896917155
"347",1992.00273972603,132.367067937923,3477.87407829119,0,75.8363141011977,1837.92713126088,18498.8503497715,1224.58719088208,0.27909582879765,0.0562047847765549,0.217797210983102,942.041695,408.073255052825,7812.81137,2947.04470623816,14.7601672385197,0,8.45645896917155
"348",1992.00273972603,132.367067937923,3477.87407829119,0,75.8363141011977,1837.92713126088,18498.8503497715,1224.58719088208,0.27909582879765,0.0562047847765549,0.217797210983102,942.041695,408.073255052825,7812.81137,2947.04470623816,14.7601672385197,0,8.45645896917155
"349",1992.20273972603,132.516617880735,3485.25656192214,0,63.7173801267645,1846.67739463655,18548.142458756,1150.64562212082,20.6530913302304,4.6431051854522,16.1169936121286,942.041695,412.660155453501,7812.81137,2962.9439026393,15.2968753444271,0,7.35512901445918
"350",1992.20273972603,132.516617880735,3485.25656192214,0,63.7173801267645,1846.67739463655,18548.142458756,1150.64562212082,20.6530913302304,4.6431051854522,16.1169936121286,942.041695,412.660155453501,7812.81137,2962.9439026393,15.2968753444271,0,7.35512901445918
"351",1992.20273972603,132.516617880735,3485.25656192214,0,63.7173801267645,1846.67739463655,18548.142458756,1150.64562212082,20.6530913302304,4.6431051854522,16.1169936121286,942.041695,412.660155453501,7812.81137,2962.9439026393,15.2968753444271,0,7.35512901445918
"352",1992.20273972603,132.516617880735,3485.25656192214,0,63.7173801267645,1846.67739463655,18548.142458756,1150.64562212082,20.6530913302304,4.6431051854522,16.1169936121286,942.041695,412.660155453501,7812.81137,2962.9439026393,15.2968753444271,0,7.35512901445918
"353",1992.20273972603,132.516617880735,3485.25656192214,0,63.7173801267645,1846.67739463655,18548.142458756,1150.64562212082,20.6530913302304,4.6431051854522,16.1169936121286,942.041695,412.660155453501,7812.81137,2962.9439026393,15.2968753444271,0,7.35512901445918
"354",1992.20273972603,132.516617880735,3485.25656192214,0,63.7173801267645,1846.67739463655,18548.142458756,1150.64562212082,20.6530913302304,4.6431051854522,16.1169936121286,942.041695,412.660155453501,7812.81137,2962.9439026393,15.2968753444271,0,7.35512901445918
"355",1992.20273972603,132.516617880735,3485.25656192214,0,63.7173801267645,1846.67739463655,18548.142458756,1150.64562212082,20.6530913302304,4.6431051854522,16.1169936121286,942.041695,412.660155453501,7812.81137,2962.9439026393,15.2968753444271,0,7.35512901445918
"356",1993,132.535588354492,3500.09484268768,0,31.6331396334724,1877.39300668348,18707.9935508262,896.699835269407,101.870094941618,21.8700944394457,79.4960763463409,942.041695,429.887144707494,7812.81137,3026.32298537352,18.4730787918501,0,4.40909108366989
"357",1993,132.535588354492,3500.09484268768,0,31.6331396334724,1877.39300668348,18707.9935508262,896.699835269407,0,0,0,942.041695,429.887144707494,7812.81137,3026.32298537352,18.4730787918501,0,4.40909108366989
"358",1993,132.535588354492,3500.09484268768,0,31.6331396334724,1877.39300668348,18707.9935508262,896.699835269407,0,0,0,942.041695,429.887144707494,7812.81137,3026.32298537352,18.4730787918501,0,4.40909108366989
"359",1993.00273972603,132.529723532877,3500.11562631723,0,31.5555414125771,1877.43678434611,18708.4520483901,895.905068108126,0.372076249552278,0.0626794129622917,0.292491934824635,942.041695,429.949824120456,7812.81137,3026.61547730834,18.4748749948192,0,4.39889760161297
"360",1993.00273972603,132.529723532877,3506.68847511723,0,79.7564326125771,1877.43678434611,18708.4520483901,1323.93826810813,0.372076249552278,0.0626794129622917,0.292491934824635,996.815435,429.949824120456,8240.84457,3026.61547730834,16.9513346222971,0,10.2013189302481
"361",1993.00273972603,132.529723532877,3506.68847511723,0,79.7564326125771,1877.43678434611,18708.4520483901,1323.93826810813,0.372076249552278,0.0626794129622917,0.292491934824635,996.815435,429.949824120456,8240.84457,3026.61547730834,16.9513346222971,0,10.2013189302481
"362",1993.00273972603,132.529723532877,3506.68847511723,0,79.7564326125771,1877.43678434611,18708.4520483901,1323.93826810813,0.372076249552278,0.0626794129622917,0.292491934824635,996.815435,429.949824120456,8240.84457,3026.61547730834,16.9513346222971,0,10.2013189302481
"363",1993.00273972603,132.529723532877,3506.68847511723,0,79.7564326125771,1877.43678434611,18708.4520483901,1323.93826810813,0.372076249552278,0.0626794129622917,0.292491934824635,996.815435,429.949824120456,8240.84457,3026.61547730834,16.9513346222971,0,10.2013189302481
"364",1993.00273972603,132.529723532877,3506.68847511723,0,79.7564326125771,1877.43678434611,18708.4520483901,1323.93826810813,0.372076249552278,0.0626794129622917,0.292491934824635,996.815435,429.949824120456,8240.84457,3026.61547730834,16.9513346222971,0,10.2013189302481
"365",1993.20273972603,132.442176051611,3514.41089912434,0,66.7971501845973,1882.42608746424,18763.9102361282,1242.12225406096,27.5827260292507,5.38708531510247,21.6610151257716,996.815435,435.274230022597,8240.84457,3047.98400049929,17.3545503427842,0,8.75275943202089
"366",1993.20273972603,132.442176051611,3514.41089912434,0,66.7971501845973,1882.42608746424,18763.9102361282,1242.12225406096,27.5827260292507,5.38708531510247,21.6610151257716,996.815435,435.274230022597,8240.84457,3047.98400049929,17.3545503427842,0,8.75275943202089
"367",1993.20273972603,132.442176051611,3514.41089912434,0,66.7971501845973,1882.42608746424,18763.9102361282,1242.12225406096,27.5827260292507,5.38708531510247,21.6610151257716,996.815435,435.274230022597,8240.84457,3047.98400049929,17.3545503427842,0,8.75275943202089
"368",1993.20273972603,132.442176051611,3514.41089912434,0,66.7971501845973,1882.42608746424,18763.9102361282,1242.12225406096,27.5827260292507,5.38708531510247,21.6610151257716,996.815435,435.274230022597,8240.84457,3047.98400049929,17.3545503427842,0,8.75275943202089
"369",1993.20273972603,132.442176051611,3514.41089912434,0,66.7971501845973,1882.42608746424,18763.9102361282,1242.12225406096,27.5827260292507,5.38708531510247,21.6610151257716,996.815435,435.274230022597,8240.84457,3047.98400049929,17.3545503427842,0,8.75275943202089
"370",1993.20273972603,132.442176051611,3514.41089912434,0,66.7971501845973,1882.42608746424,18763.9102361282,1242.12225406096,27.5827260292507,5.38708531510247,21.6610151257716,996.815435,435.274230022597,8240.84457,3047.98400049929,17.3545503427842,0,8.75275943202089
"371",1993.20273972603,132.442176051611,3514.41089912434,0,66.7971501845973,1882.42608746424,18763.9102361282,1242.12225406096,27.5827260292507,5.38708531510247,21.6610151257716,996.815435,435.274230022597,8240.84457,3047.98400049929,17.3545503427842,0,8.75275943202089
"372",1994,131.981648986638,3529.43690124989,0,32.7845662091597,1899.62145956378,18941.9602809142,961.695599389373,135.979496491661,24.8341942299602,106.842252911754,996.815435,454.721338937454,8240.84457,3133.16523828527,0,0,0
"373",1995,144.486832303174,3534.33904557407,0,15.3772303996621,1980.18608150804,19099.9993502673,723.091811578819,135.979537342098,24.8342023987433,106.842349424988,996.815435,454.721347106238,8240.84457,3133.16533479851,13.2852923790705,0,1.41390740307175
"374",1995,144.486832303174,3534.33904557407,0,15.3772303996621,1980.18608150804,19099.9993502673,723.091811578819,0,0,0,996.815435,454.721347106238,8240.84457,3133.16533479851,13.2852923790705,0,1.41390740307175
"375",1995,144.486832303174,3534.33904557407,0,15.3772303996621,1980.18608150804,19099.9993502673,723.091811578819,0,0,0,996.815435,454.721347106238,8240.84457,3133.16533479851,13.2852923790705,0,1.41390740307175
"376",1995.00273972603,144.473528484467,3534.34780946418,0,15.3415027818449,1980.03482227499,19100.3666913954,722.399923249717,0.201390139434125,0.0402675464094748,0.475806433979929,996.815435,454.761614652647,8240.84457,3133.64114123249,13.2853361818339,0,1.4107568641079
"377",1995.00273972603,144.473528484467,3542.33006066418,0,73.8780115818449,1980.03482227499,19100.3666913954,1124.66752324972,0.201390139434125,0.0402675464094748,0.475806433979929,1063.334195,454.761614652647,8643.11217,3133.64114123249,11.7165845271588,0,5.99139493910934
"378",1995.00273972603,144.473528484467,3542.33006066418,0,73.8780115818449,1980.03482227499,19100.3666913954,1124.66752324972,0.201390139434125,0.0402675464094748,0.475806433979929,1063.334195,454.761614652647,8643.11217,3133.64114123249,11.7165845271588,0,5.99139493910934
"379",1995.00273972603,144.473528484467,3542.33006066418,0,73.8780115818449,1980.03482227499,19100.3666913954,1124.66752324972,0.201390139434125,0.0402675464094748,0.475806433979929,1063.334195,454.761614652647,8643.11217,3133.64114123249,11.7165845271588,0,5.99139493910934
"380",1995.00273972603,144.473528484467,3542.33006066418,0,73.8780115818449,1980.03482227499,19100.3666913954,1124.66752324972,0.201390139434125,0.0402675464094748,0.475806433979929,1063.334195,454.761614652647,8643.11217,3133.64114123249,11.7165845271588,0,5.99139493910934
"381",1995.00273972603,144.473528484467,3542.33006066418,0,73.8780115818449,1980.03482227499,19100.3666913954,1124.66752324972,0.201390139434125,0.0402675464094748,0.475806433979929,1063.334195,454.761614652647,8643.11217,3133.64114123249,11.7165845271588,0,5.99139493910934
"382",1995.20273972603,143.914094401817,3550.81525070418,0,62.461330807427,1972.41437016782,19147.5789110803,1050.34188599095,14.9349380118855,3.5311923634811,35.2096761151028,1063.334195,458.252539469719,8643.11217,3168.37501091361,11.9979721039351,0,5.20733780605097
"383",1995.20273972603,143.914094401817,3550.81525070418,0,62.461330807427,1972.41437016782,19147.5789110803,1050.34188599095,14.9349380118855,3.5311923634811,35.2096761151028,1063.334195,458.252539469719,8643.11217,3168.37501091361,11.9979721039351,0,5.20733780605097
"384",1995.20273972603,143.914094401817,3550.81525070418,0,62.461330807427,1972.41437016782,19147.5789110803,1050.34188599095,14.9349380118855,3.5311923634811,35.2096761151028,1063.334195,458.252539469719,8643.11217,3168.37501091361,11.9979721039351,0,5.20733780605097
"385",1995.20273972603,143.914094401817,3550.81525070418,0,62.461330807427,1972.41437016782,19147.5789110803,1050.34188599095,14.9349380118855,3.5311923634811,35.2096761151028,1063.334195,458.252539469719,8643.11217,3168.37501091361,11.9979721039351,0,5.20733780605097
"386",1995.20273972603,143.914094401817,3550.81525070418,0,62.461330807427,1972.41437016782,19147.5789110803,1050.34188599095,14.9349380118855,3.5311923634811,35.2096761151028,1063.334195,458.252539469719,8643.11217,3168.37501091361,11.9979721039351,0,5.20733780605097
"387",1995.20273972603,143.914094401817,3550.81525070418,0,62.461330807427,1972.41437016782,19147.5789110803,1050.34188599095,14.9349380118855,3.5311923634811,35.2096761151028,1063.334195,458.252539469719,8643.11217,3168.37501091361,11.9979721039351,0,5.20733780605097
"388",1995.20273972603,143.914094401817,3550.81525070418,0,62.461330807427,1972.41437016782,19147.5789110803,1050.34188599095,14.9349380118855,3.5311923634811,35.2096761151028,1063.334195,458.252539469719,8643.11217,3168.37501091361,11.9979721039351,0,5.20733780605097
"389",1996,142.342400163291,3569.95261877791,0,31.8755731620199,1943.87090702044,19290.6119228231,797.392800673348,73.6639389060866,16.5512761736815,173.669212837214,1063.334195,471.272623279919,8643.11217,3306.83454763572,19.2824503045278,0,4.3180328188923
"390",1996,142.342400163291,3569.95261877791,0,31.8755731620199,1943.87090702044,19290.6119228231,797.392800673348,0,0,0,1063.334195,471.272623279919,8643.11217,3306.83454763572,19.2824503045278,0,4.3180328188923
"391",1996,142.342400163291,3569.95261877791,0,31.8755731620199,1943.87090702044,19290.6119228231,797.392800673348,0,0,0,1063.334195,471.272623279919,8643.11217,3306.83454763572,19.2824503045278,0,4.3180328188923
"392",1996.00273972603,142.320375659039,3569.98784894925,0,31.797721246938,1943.91378786396,19290.9916032924,796.688038001174,0.35942927461699,0.0646462479931846,0.282201359377339,1063.334195,471.337269527912,8643.11217,3307.1167489951,19.2829777072208,0,4.30827101956278
"393",1996.00273972603,142.320375659039,3577.96381694925,0,90.288153246938,1943.91378786396,19290.9916032924,1194.55683800117,0.35942927461699,0.0646462479931846,0.282201359377339,1129.800595,471.337269527912,9040.98097,3307.1167489951,17.2093250686304,0,10.9176087533338
"394",1996.00273972603,142.320375659039,3577.96381694925,0,90.288153246938,1943.91378786396,19290.9916032924,1194.55683800117,0.35942927461699,0.0646462479931846,0.282201359377339,1129.800595,471.337269527912,9040.98097,3307.1167489951,17.2093250686304,0,10.9176087533338
"395",1996.00273972603,142.320375659039,3577.96381694925,0,90.288153246938,1943.91378786396,19290.9916032924,1194.55683800117,0.35942927461699,0.0646462479931846,0.282201359377339,1129.800595,471.337269527912,9040.98097,3307.1167489951,17.2093250686304,0,10.9176087533338
"396",1996.00273972603,142.320375659039,3577.96381694925,0,90.288153246938,1943.91378786396,19290.9916032924,1194.55683800117,0.35942927461699,0.0646462479931846,0.282201359377339,1129.800595,471.337269527912,9040.98097,3307.1167489951,17.2093250686304,0,10.9176087533338
"397",1996.00273972603,142.320375659039,3577.96381694925,0,90.288153246938,1943.91378786396,19290.9916032924,1194.55683800117,0.35942927461699,0.0646462479931846,0.282201359377339,1129.800595,471.337269527912,9040.98097,3307.1167489951,17.2093250686304,0,10.9176087533338
"398",1996.20273972603,141.255851355177,3588.07890624942,0,75.7171875327618,1948.75840822234,19339.2330523268,1120.86986169654,26.6105629143877,5.58504696586079,20.8831082711939,1129.800595,476.85767024578,9040.98097,3327.71765590692,17.6335217396027,0,9.45207338040365
"399",1996.20273972603,141.255851355177,3588.07890624942,0,75.7171875327618,1948.75840822234,19339.2330523268,1120.86986169654,26.6105629143877,5.58504696586079,20.8831082711939,1129.800595,476.85767024578,9040.98097,3327.71765590692,17.6335217396027,0,9.45207338040365
"400",1996.20273972603,141.255851355177,3588.07890624942,0,75.7171875327618,1948.75840822234,19339.2330523268,1120.86986169654,26.6105629143877,5.58504696586079,20.8831082711939,1129.800595,476.85767024578,9040.98097,3327.71765590692,17.6335217396027,0,9.45207338040365
"401",1996.20273972603,141.255851355177,3588.07890624942,0,75.7171875327618,1948.75840822234,19339.2330523268,1120.86986169654,26.6105629143877,5.58504696586079,20.8831082711939,1129.800595,476.85767024578,9040.98097,3327.71765590692,17.6335217396027,0,9.45207338040365
"402",1996.20273972603,141.255851355177,3588.07890624942,0,75.7171875327618,1948.75840822234,19339.2330523268,1120.86986169654,26.6105629143877,5.58504696586079,20.8831082711939,1129.800595,476.85767024578,9040.98097,3327.71765590692,17.6335217396027,0,9.45207338040365
"403",1996.20273972603,141.255851355177,3588.07890624942,0,75.7171875327618,1948.75840822234,19339.2330523268,1120.86986169654,26.6105629143877,5.58504696586079,20.8831082711939,1129.800595,476.85767024578,9040.98097,3327.71765590692,17.6335217396027,0,9.45207338040365
"404",1996.20273972603,141.255851355177,3588.07890624942,0,75.7171875327618,1948.75840822234,19339.2330523268,1120.86986169654,26.6105629143877,5.58504696586079,20.8831082711939,1129.800595,476.85767024578,9040.98097,3327.71765590692,17.6335217396027,0,9.45207338040365
"405",1997,138.17135914075,3609.41122183708,0,37.3119948518439,1965.28585598305,19493.0734965658,868.380486592432,131.247532265828,25.742416273544,103.004591375602,1129.800595,497.015039553463,9040.98097,3409.83913901133,19.1286339223591,0,5.16552413519231
"406",1997,138.17135914075,3609.41122183708,0,37.3119948518439,1965.28585598305,19493.0734965658,868.380486592432,0,0,0,1129.800595,497.015039553463,9040.98097,3409.83913901133,19.1286339223591,0,5.16552413519231
"407",1997,138.17135914075,3609.41122183708,0,37.3119948518439,1965.28585598305,19493.0734965658,868.380486592432,0,0,0,1129.800595,497.015039553463,9040.98097,3409.83913901133,19.1286339223591,0,5.16552413519231
"408",1997.00273972603,138.161996092552,3609.44547217537,0,37.2205618087026,1965.31920096712,19493.5068461921,867.608966823828,0.388256958700261,0.0665457530468419,0.304825158292277,1129.800595,497.08158530651,9040.98097,3410.14396416962,19.1304940266671,0,5.15371632929789
"409",1997.00273972603,138.161996092552,3613.97938897537,0,70.4692850087026,1965.31920096712,19493.5068461921,1241.87096682383,0.388256958700261,0.0665457530468419,0.304825158292277,1167.583235,497.08158530651,9415.24297,3410.14396416962,18.0828714784814,0,9.22313704225308
"410",1997.00273972603,138.161996092552,3613.97938897537,0,70.4692850087026,1965.31920096712,19493.5068461921,1241.87096682383,0.388256958700261,0.0665457530468419,0.304825158292277,1167.583235,497.08158530651,9415.24297,3410.14396416962,18.0828714784814,0,9.22313704225308
"411",1997.00273972603,138.161996092552,3613.97938897537,0,70.4692850087026,1965.31920096712,19493.5068461921,1241.87096682383,0.388256958700261,0.0665457530468419,0.304825158292277,1167.583235,497.08158530651,9415.24297,3410.14396416962,18.0828714784814,0,9.22313704225308
"412",1997.00273972603,138.161996092552,3613.97938897537,0,70.4692850087026,1965.31920096712,19493.5068461921,1241.87096682383,0.388256958700261,0.0665457530468419,0.304825158292277,1167.583235,497.08158530651,9415.24297,3410.14396416962,18.0828714784814,0,9.22313704225308
"413",1997.00273972603,138.161996092552,3613.97938897537,0,70.4692850087026,1965.31920096712,19493.5068461921,1241.87096682383,0.388256958700261,0.0665457530468419,0.304825158292277,1167.583235,497.08158530651,9415.24297,3410.14396416962,18.0828714784814,0,9.22313704225308
"414",1997.20273972603,137.741085127048,3620.52603934218,0,58.9863702053268,1969.39994001819,19544.1896740127,1164.80123669531,28.7691332279466,5.42372115511938,22.6109884151117,1167.583235,502.438760708583,9415.24297,3432.45012742644,18.4030391234655,0,7.88093456384925
"415",1997.20273972603,137.741085127048,3620.52603934218,0,58.9863702053268,1969.39994001819,19544.1896740127,1164.80123669531,28.7691332279466,5.42372115511938,22.6109884151117,1167.583235,502.438760708583,9415.24297,3432.45012742644,18.4030391234655,0,7.88093456384925
"416",1997.20273972603,137.741085127048,3620.52603934218,0,58.9863702053268,1969.39994001819,19544.1896740127,1164.80123669531,28.7691332279466,5.42372115511938,22.6109884151117,1167.583235,502.438760708583,9415.24297,3432.45012742644,18.4030391234655,0,7.88093456384925
"417",1997.20273972603,137.741085127048,3620.52603934218,0,58.9863702053268,1969.39994001819,19544.1896740127,1164.80123669531,28.7691332279466,5.42372115511938,22.6109884151117,1167.583235,502.438760708583,9415.24297,3432.45012742644,18.4030391234655,0,7.88093456384925
"418",1997.20273972603,137.741085127048,3620.52603934218,0,58.9863702053268,1969.39994001819,19544.1896740127,1164.80123669531,28.7691332279466,5.42372115511938,22.6109884151117,1167.583235,502.438760708583,9415.24297,3432.45012742644,18.4030391234655,0,7.88093456384925
"419",1997.20273972603,137.741085127048,3620.52603934218,0,58.9863702053268,1969.39994001819,19544.1896740127,1164.80123669531,28.7691332279466,5.42372115511938,22.6109884151117,1167.583235,502.438760708583,9415.24297,3432.45012742644,18.4030391234655,0,7.88093456384925
"420",1997.20273972603,137.741085127048,3620.52603934218,0,58.9863702053268,1969.39994001819,19544.1896740127,1164.80123669531,28.7691332279466,5.42372115511938,22.6109884151117,1167.583235,502.438760708583,9415.24297,3432.45012742644,18.4030391234655,0,7.88093456384925
"421",1998,136.411948706434,3632.2906221746,0,28.9054405121203,1983.15521675414,19705.4741644657,900.855298414963,141.773069018563,25.0692044365236,111.517159506517,1167.583235,522.084243989987,9415.24297,3521.35629851784,18.5825605469375,0,3.93761033066338
"422",1998,136.411948706434,3632.2906221746,0,28.9054405121203,1983.15521675414,19705.4741644657,900.855298414963,0,0,0,1167.583235,522.084243989987,9415.24297,3521.35629851784,18.5825605469375,0,3.93761033066338
"423",1998,136.411948706434,3632.2906221746,0,28.9054405121203,1983.15521675414,19705.4741644657,900.855298414963,0,0,0,1167.583235,522.084243989987,9415.24297,3521.35629851784,18.5825605469375,0,3.93761033066338
"424",1998.00273972603,136.409811469365,3632.30172713611,0,28.8347830271073,1983.21798511786,19705.9274529197,900.066690416485,0.347308110612172,0.0616897605702447,0.272551180731457,1167.583235,522.145933750557,9415.24297,3521.62884969857,18.5848072766854,0,3.9285215605197
"425",1998.00273972603,136.409811469365,3636.80063273611,0,61.8267574271073,1983.21798511786,19705.9274529197,1228.11189041649,0.347308110612172,0.0616897605702447,0.272551180731457,1205.074115,522.145933750557,9743.28817,3521.62884969857,17.4278354274996,0,7.89903997263094
"426",1998.00273972603,136.409811469365,3636.80063273611,0,61.8267574271073,1983.21798511786,19705.9274529197,1228.11189041649,0.347308110612172,0.0616897605702447,0.272551180731457,1205.074115,522.145933750557,9743.28817,3521.62884969857,17.4278354274996,0,7.89903997263094
"427",1998.00273972603,136.409811469365,3636.80063273611,0,61.8267574271073,1983.21798511786,19705.9274529197,1228.11189041649,0.347308110612172,0.0616897605702447,0.272551180731457,1205.074115,522.145933750557,9743.28817,3521.62884969857,17.4278354274996,0,7.89903997263094
"428",1998.00273972603,136.409811469365,3636.80063273611,0,61.8267574271073,1983.21798511786,19705.9274529197,1228.11189041649,0.347308110612172,0.0616897605702447,0.272551180731457,1205.074115,522.145933750557,9743.28817,3521.62884969857,17.4278354274996,0,7.89903997263094
"429",1998.00273972603,136.409811469365,3636.80063273611,0,61.8267574271073,1983.21798511786,19705.9274529197,1228.11189041649,0.347308110612172,0.0616897605702447,0.272551180731457,1205.074115,522.145933750557,9743.28817,3521.62884969857,17.4278354274996,0,7.89903997263094
"430",1998.20273972603,136.488771315767,3641.77799716729,0,51.785315779863,1989.04127044986,19755.5342955961,1152.78552621431,25.7176033528491,5.04680713022999,20.1687873745214,1205.074115,527.131051120217,9743.28817,3541.52508589236,17.7887472187198,0,6.74924305618062
"431",1998.20273972603,136.488771315767,3641.77799716729,0,51.785315779863,1989.04127044986,19755.5342955961,1152.78552621431,25.7176033528491,5.04680713022999,20.1687873745214,1205.074115,527.131051120217,9743.28817,3541.52508589236,17.7887472187198,0,6.74924305618062
"432",1998.20273972603,136.488771315767,3641.77799716729,0,51.785315779863,1989.04127044986,19755.5342955961,1152.78552621431,25.7176033528491,5.04680713022999,20.1687873745214,1205.074115,527.131051120217,9743.28817,3541.52508589236,17.7887472187198,0,6.74924305618062
"433",1998.20273972603,136.488771315767,3641.77799716729,0,51.785315779863,1989.04127044986,19755.5342955961,1152.78552621431,25.7176033528491,5.04680713022999,20.1687873745214,1205.074115,527.131051120217,9743.28817,3541.52508589236,17.7887472187198,0,6.74924305618062
"434",1998.20273972603,136.488771315767,3641.77799716729,0,51.785315779863,1989.04127044986,19755.5342955961,1152.78552621431,25.7176033528491,5.04680713022999,20.1687873745214,1205.074115,527.131051120217,9743.28817,3541.52508589236,17.7887472187198,0,6.74924305618062
"435",1998.20273972603,136.488771315767,3641.77799716729,0,51.785315779863,1989.04127044986,19755.5342955961,1152.78552621431,25.7176033528491,5.04680713022999,20.1687873745214,1205.074115,527.131051120217,9743.28817,3541.52508589236,17.7887472187198,0,6.74924305618062
"436",1998.20273972603,136.488771315767,3641.77799716729,0,51.785315779863,1989.04127044986,19755.5342955961,1152.78552621431,25.7176033528491,5.04680713022999,20.1687873745214,1205.074115,527.131051120217,9743.28817,3541.52508589236,17.7887472187198,0,6.74924305618062
"437",1999,136.428010212133,3649.62960825411,0,25.4472302415807,2009.12834197041,19914.3945625387,894.525794578389,126.818090723488,23.594042685322,99.4811805473142,1205.074115,545.678286675309,9743.28817,3620.83747906516,14.4960092976183,0,2.70386767062722
"438",1999,136.428010212133,3649.62960825411,0,25.4472302415807,2009.12834197041,19914.3945625387,894.525794578389,0,0,0,1205.074115,545.678286675309,9743.28817,3620.83747906516,14.4960092976183,0,2.70386767062722
"439",1999,136.428010212133,3649.62960825411,0,25.4472302415807,2009.12834197041,19914.3945625387,894.525794578389,0,0,0,1205.074115,545.678286675309,9743.28817,3620.83747906516,14.4960092976183,0,2.70386767062722
"440",1999.00273972603,136.438606514013,3649.63201443613,0,25.3871112888152,2009.18945103974,19914.8441201969,893.743620648611,0.257261978570526,0.0471164688708586,0.271507202199911,1205.074115,545.72540314418,9743.28817,3621.10898626736,14.497573839284,0,2.69756141519898
"441",1999.00273972603,136.438606514013,3654.93584163613,0,64.2818440888152,2009.18945103974,19914.8441201969,1254.91842064861,0.257261978570526,0.0471164688708586,0.271507202199911,1249.272675,545.72540314418,10104.46297,3621.10898626736,14.1089118912337,0,6.64728919202181
"442",1999.00273972603,136.438606514013,3654.93584163613,0,64.2818440888152,2009.18945103974,19914.8441201969,1254.91842064861,0.257261978570526,0.0471164688708586,0.271507202199911,1249.272675,545.72540314418,10104.46297,3621.10898626736,14.1089118912337,0,6.64728919202181
"443",1999.00273972603,136.438606514013,3654.93584163613,0,64.2818440888152,2009.18945103974,19914.8441201969,1254.91842064861,0.257261978570526,0.0471164688708586,0.271507202199911,1249.272675,545.72540314418,10104.46297,3621.10898626736,14.1089118912337,0,6.64728919202181
"444",1999.00273972603,136.438606514013,3654.93584163613,0,64.2818440888152,2009.18945103974,19914.8441201969,1254.91842064861,0.257261978570526,0.0471164688708586,0.271507202199911,1249.272675,545.72540314418,10104.46297,3621.10898626736,14.1089118912337,0,6.64728919202181
"445",1999.00273972603,136.438606514013,3654.93584163613,0,64.2818440888152,2009.18945103974,19914.8441201969,1254.91842064861,0.257261978570526,0.0471164688708586,0.271507202199911,1249.272675,545.72540314418,10104.46297,3621.10898626736,14.1089118912337,0,6.64728919202181
"446",1999.20273972603,137.259793592488,3660.21524466701,0,54.1146677184782,2012.80331108453,19965.9134623948,1176.75531454391,19.5855270030434,4.11370272984618,23.7514110642556,1249.272675,549.791989405156,10104.46297,3644.58889012941,14.2946508083536,0,5.63566546619131
"447",1999.20273972603,137.259793592488,3660.21524466701,0,54.1146677184782,2012.80331108453,19965.9134623948,1176.75531454391,19.5855270030434,4.11370272984618,23.7514110642556,1249.272675,549.791989405156,10104.46297,3644.58889012941,14.2946508083536,0,5.63566546619131
"448",1999.20273972603,137.259793592488,3660.21524466701,0,54.1146677184782,2012.80331108453,19965.9134623948,1176.75531454391,19.5855270030434,4.11370272984618,23.7514110642556,1249.272675,549.791989405156,10104.46297,3644.58889012941,14.2946508083536,0,5.63566546619131
"449",1999.20273972603,137.259793592488,3660.21524466701,0,54.1146677184782,2012.80331108453,19965.9134623948,1176.75531454391,19.5855270030434,4.11370272984618,23.7514110642556,1249.272675,549.791989405156,10104.46297,3644.58889012941,14.2946508083536,0,5.63566546619131
"450",1999.20273972603,137.259793592488,3660.21524466701,0,54.1146677184782,2012.80331108453,19965.9134623948,1176.75531454391,19.5855270030434,4.11370272984618,23.7514110642556,1249.272675,549.791989405156,10104.46297,3644.58889012941,14.2946508083536,0,5.63566546619131
"451",1999.20273972603,137.259793592488,3660.21524466701,0,54.1146677184782,2012.80331108453,19965.9134623948,1176.75531454391,19.5855270030434,4.11370272984618,23.7514110642556,1249.272675,549.791989405156,10104.46297,3644.58889012941,14.2946508083536,0,5.63566546619131
"452",1999.20273972603,137.259793592488,3660.21524466701,0,54.1146677184782,2012.80331108453,19965.9134623948,1176.75531454391,19.5855270030434,4.11370272984618,23.7514110642556,1249.272675,549.791989405156,10104.46297,3644.58889012941,14.2946508083536,0,5.63566546619131
"453",2000,139.488679262593,3669.99829863037,0,27.2126825598344,2029.49955128137,20128.5510864551,911.49935205743,95.579416418938,19.0037482550327,109.673509293542,1249.272675,564.682034930342,10104.46297,3730.5109883587,5.74279517681507,0,1.12035516415364
"454",2000,139.488679262593,3669.99829863037,0,27.2126825598344,2029.49955128137,20128.5510864551,911.49935205743,0,0,0,1249.272675,564.682034930342,10104.46297,3730.5109883587,5.74279517681507,0,1.12035516415364
"455",2000,139.488679262593,3669.99829863037,0,27.2126825598344,2029.49955128137,20128.5510864551,911.49935205743,0,0,0,1249.272675,564.682034930342,10104.46297,3730.5109883587,5.74279517681507,0,1.12035516415364
"456",2000.00273972603,139.518749402478,3670.00887535918,0,27.1532341145269,2029.6215322091,20129.0102906058,910.728883294601,0.130537082970455,0.0188015766103894,0.189283684418542,1249.272675,564.700836506953,10104.46297,3730.70027204312,5.74408028808983,0,1.11791682123817
"457",2000.00273972603,139.518749402478,3674.91662575918,0,63.1434037145269,2029.6215322091,20129.0102906058,1218.9668832946,0.130537082970455,0.0188015766103894,0.189283684418542,1290.170595,564.700836506953,10412.70097,3730.70027204312,5.67312486584524,0,2.56754318155195
"458",2000.00273972603,139.518749402478,3674.91662575918,0,63.1434037145269,2029.6215322091,20129.0102906058,1218.9668832946,0.130537082970455,0.0188015766103894,0.189283684418542,1290.170595,564.700836506953,10412.70097,3730.70027204312,5.67312486584524,0,2.56754318155195
"459",2000.00273972603,139.518749402478,3674.91662575918,0,63.1434037145269,2029.6215322091,20129.0102906058,1218.9668832946,0.130537082970455,0.0188015766103894,0.189283684418542,1290.170595,564.700836506953,10412.70097,3730.70027204312,5.67312486584524,0,2.56754318155195
"460",2000.00273972603,139.518749402478,3674.91662575918,0,63.1434037145269,2029.6215322091,20129.0102906058,1218.9668832946,0.130537082970455,0.0188015766103894,0.189283684418542,1290.170595,564.700836506953,10412.70097,3730.70027204312,5.67312486584524,0,2.56754318155195
"461",2000.00273972603,139.518749402478,3674.91662575918,0,63.1434037145269,2029.6215322091,20129.0102906058,1218.9668832946,0.130537082970455,0.0188015766103894,0.189283684418542,1290.170595,564.700836506953,10412.70097,3730.70027204312,5.67312486584524,0,2.56754318155195
"462",2000.20273972603,141.605585520916,3680.52186477426,0,53.8310227337531,2037.5859115695,20178.0363810269,1145.51080329063,10.0376342730325,1.63910742386053,16.6548939068817,1290.170595,566.321142354203,10412.70097,3747.16588226558,5.77427888135135,0,2.19507822794986
"463",2000.20273972603,141.605585520916,3680.52186477426,0,53.8310227337531,2037.5859115695,20178.0363810269,1145.51080329063,10.0376342730325,1.63910742386053,16.6548939068817,1290.170595,566.321142354203,10412.70097,3747.16588226558,5.77427888135135,0,2.19507822794986
"464",2000.20273972603,141.605585520916,3680.52186477426,0,53.8310227337531,2037.5859115695,20178.0363810269,1145.51080329063,10.0376342730325,1.63910742386053,16.6548939068817,1290.170595,566.321142354203,10412.70097,3747.16588226558,5.77427888135135,0,2.19507822794986
"465",2000.20273972603,141.605585520916,3680.52186477426,0,53.8310227337531,2037.5859115695,20178.0363810269,1145.51080329063,10.0376342730325,1.63910742386053,16.6548939068817,1290.170595,566.321142354203,10412.70097,3747.16588226558,5.77427888135135,0,2.19507822794986
"466",2000.20273972603,141.605585520916,3680.52186477426,0,53.8310227337531,2037.5859115695,20178.0363810269,1145.51080329063,10.0376342730325,1.63910742386053,16.6548939068817,1290.170595,566.321142354203,10412.70097,3747.16588226558,5.77427888135135,0,2.19507822794986
"467",2000.20273972603,141.605585520916,3680.52186477426,0,53.8310227337531,2037.5859115695,20178.0363810269,1145.51080329063,10.0376342730325,1.63910742386053,16.6548939068817,1290.170595,566.321142354203,10412.70097,3747.16588226558,5.77427888135135,0,2.19507822794986
"468",2000.20273972603,141.605585520916,3680.52186477426,0,53.8310227337531,2037.5859115695,20178.0363810269,1145.51080329063,10.0376342730325,1.63910742386053,16.6548939068817,1290.170595,566.321142354203,10412.70097,3747.16588226558,5.77427888135135,0,2.19507822794986
"469",2001,147.480468095239,3693.95970965024,0,28.4921695244465,2068.45120715808,20337.0770047488,894.600862562675,48.9301915976988,7.66523318286568,77.6589153243366,1290.170595,572.347268113208,10412.70097,3808.16990368303,10.7795366780697,0,2.08252923518125
"470",2001,147.480468095239,3693.95970965024,0,28.4921695244465,2068.45120715808,20337.0770047488,894.600862562675,0,0,0,1290.170595,572.347268113208,10412.70097,3808.16990368303,10.7795366780697,0,2.08252923518125
"471",2001,147.480468095239,3693.95970965024,0,28.4921695244465,2068.45120715808,20337.0770047488,894.600862562675,0,0,0,1290.170595,572.347268113208,10412.70097,3808.16990368303,10.7795366780697,0,2.08252923518125
"472",2001.00273972603,147.482377087707,3693.98729322003,0,28.4274384254458,2068.61231638764,20337.534425019,893.867597142606,0.15026921548074,0.035238536747005,0.114735920330051,1290.170595,572.382506649955,10412.70097,3808.28463960336,10.7835259198665,0,2.07853999338444
"473",2001.00273972603,147.482377087707,3701.07704442003,0,80.4189472254458,2068.61231638764,20337.534425019,1245.73659714261,0.15026921548074,0.035238536747005,0.114735920330051,1349.251855,572.382506649955,10764.56997,3808.28463960336,8.32346218637368,0,4.53860372687723
"474",2001.00273972603,147.482377087707,3701.07704442003,0,80.4189472254458,2068.61231638764,20337.534425019,1245.73659714261,0.15026921548074,0.035238536747005,0.114735920330051,1349.251855,572.382506649955,10764.56997,3808.28463960336,8.32346218637368,0,4.53860372687723
"475",2001.00273972603,147.482377087707,3701.07704442003,0,80.4189472254458,2068.61231638764,20337.534425019,1245.73659714261,0.15026921548074,0.035238536747005,0.114735920330051,1349.251855,572.382506649955,10764.56997,3808.28463960336,8.32346218637368,0,4.53860372687723
"476",2001.00273972603,147.482377087707,3701.07704442003,0,80.4189472254458,2068.61231638764,20337.534425019,1245.73659714261,0.15026921548074,0.035238536747005,0.114735920330051,1349.251855,572.382506649955,10764.56997,3808.28463960336,8.32346218637368,0,4.53860372687723
"477",2001.00273972603,147.482377087707,3701.07704442003,0,80.4189472254458,2068.61231638764,20337.534425019,1245.73659714261,0.15026921548074,0.035238536747005,0.114735920330051,1349.251855,572.382506649955,10764.56997,3808.28463960336,8.32346218637368,0,4.53860372687723
"478",2001.20273972603,148.094988448901,3709.98794541367,0,68.3230216879593,2080.75182882049,20389.0757357604,1173.68005178394,11.1199219460721,2.60765171939499,8.49045810480349,1349.251855,574.954919832603,10764.56997,3816.66036178784,8.80152026925725,0,4.06054564399365
"479",2001.20273972603,148.094988448901,3709.98794541367,0,68.3230216879593,2080.75182882049,20389.0757357604,1173.68005178394,11.1199219460721,2.60765171939499,8.49045810480349,1349.251855,574.954919832603,10764.56997,3816.66036178784,8.80152026925725,0,4.06054564399365
"480",2001.20273972603,148.094988448901,3709.98794541367,0,68.3230216879593,2080.75182882049,20389.0757357604,1173.68005178394,11.1199219460721,2.60765171939499,8.49045810480349,1349.251855,574.954919832603,10764.56997,3816.66036178784,8.80152026925725,0,4.06054564399365
"481",2001.20273972603,148.094988448901,3709.98794541367,0,68.3230216879593,2080.75182882049,20389.0757357604,1173.68005178394,11.1199219460721,2.60765171939499,8.49045810480349,1349.251855,574.954919832603,10764.56997,3816.66036178784,8.80152026925725,0,4.06054564399365
"482",2001.20273972603,148.094988448901,3709.98794541367,0,68.3230216879593,2080.75182882049,20389.0757357604,1173.68005178394,11.1199219460721,2.60765171939499,8.49045810480349,1349.251855,574.954919832603,10764.56997,3816.66036178784,8.80152026925725,0,4.06054564399365
"483",2001.20273972603,148.094988448901,3709.98794541367,0,68.3230216879593,2080.75182882049,20389.0757357604,1173.68005178394,11.1199219460721,2.60765171939499,8.49045810480349,1349.251855,574.954919832603,10764.56997,3816.66036178784,8.80152026925725,0,4.06054564399365
"484",2001.20273972603,148.094988448901,3709.98794541367,0,68.3230216879593,2080.75182882049,20389.0757357604,1173.68005178394,11.1199219460721,2.60765171939499,8.49045810480349,1349.251855,574.954919832603,10764.56997,3816.66036178784,8.80152026925725,0,4.06054564399365
"485",2002,149.452808470545,3731.21611427215,0,35.4826068066445,2124.50264070241,20560.4809757815,925.135800947296,54.848321297947,12.8620777205903,41.8786570383582,1349.251855,585.209345833798,10764.56997,3850.04856072139,17.2813486265412,0,4.10288240602023
"486",2002,149.452808470545,3731.21611427215,0,35.4826068066445,2124.50264070241,20560.4809757815,925.135800947296,0,0,0,1349.251855,585.209345833798,10764.56997,3850.04856072139,17.2813486265412,0,4.10288240602023
"487",2002,149.452808470545,3731.21611427215,0,35.4826068066445,2124.50264070241,20560.4809757815,925.135800947296,0,0,0,1349.251855,585.209345833798,10764.56997,3850.04856072139,17.2813486265412,0,4.10288240602023
"488",2002.00273972603,149.436236347565,3731.25884545015,0,35.3978679488329,2124.57702599005,20560.9855847561,924.350878978375,0.264258948491851,0.0585798027886234,0.205927706738717,1349.251855,585.267925636587,10764.56997,3850.25448842813,17.2846837022172,0,4.09432789651756
"489",2002.00273972603,149.436236347565,3737.07487105015,0,78.0487223488329,2124.57702599005,20560.9855847561,1323.64207897837,0.264258948491851,0.0585798027886234,0.205927706738717,1397.718735,585.267925636587,11163.86117,3850.25448842813,15.0671197936542,0,7.86937277138326
"490",2002.00273972603,149.436236347565,3737.07487105015,0,78.0487223488329,2124.57702599005,20560.9855847561,1323.64207897837,0.264258948491851,0.0585798027886234,0.205927706738717,1397.718735,585.267925636587,11163.86117,3850.25448842813,15.0671197936542,0,7.86937277138326
"491",2002.00273972603,149.436236347565,3737.07487105015,0,78.0487223488329,2124.57702599005,20560.9855847561,1323.64207897837,0.264258948491851,0.0585798027886234,0.205927706738717,1397.718735,585.267925636587,11163.86117,3850.25448842813,15.0671197936542,0,7.86937277138326
"492",2002.00273972603,149.436236347565,3737.07487105015,0,78.0487223488329,2124.57702599005,20560.9855847561,1323.64207897837,0.264258948491851,0.0585798027886234,0.205927706738717,1397.718735,585.267925636587,11163.86117,3850.25448842813,15.0671197936542,0,7.86937277138326
"493",2002.00273972603,149.436236347565,3737.07487105015,0,78.0487223488329,2124.57702599005,20560.9855847561,1323.64207897837,0.264258948491851,0.0585798027886234,0.205927706738717,1397.718735,585.267925636587,11163.86117,3850.25448842813,15.0671197936542,0,7.86937277138326
"494",2002.20273972603,148.730819015167,3745.56229477399,0,65.7123404845231,2131.11039762771,20618.2946976432,1244.76687186163,19.5551621885189,4.61295527565513,15.2386502987601,1397.718735,589.822301109454,11163.86117,3865.28721102015,15.6721260885938,0,6.92426823485073
"495",2002.20273972603,148.730819015167,3745.56229477399,0,65.7123404845231,2131.11039762771,20618.2946976432,1244.76687186163,19.5551621885189,4.61295527565513,15.2386502987601,1397.718735,589.822301109454,11163.86117,3865.28721102015,15.6721260885938,0,6.92426823485073
"496",2002.20273972603,148.730819015167,3745.56229477399,0,65.7123404845231,2131.11039762771,20618.2946976432,1244.76687186163,19.5551621885189,4.61295527565513,15.2386502987601,1397.718735,589.822301109454,11163.86117,3865.28721102015,15.6721260885938,0,6.92426823485073
"497",2002.20273972603,148.730819015167,3745.56229477399,0,65.7123404845231,2131.11039762771,20618.2946976432,1244.76687186163,19.5551621885189,4.61295527565513,15.2386502987601,1397.718735,589.822301109454,11163.86117,3865.28721102015,15.6721260885938,0,6.92426823485073
"498",2002.20273972603,148.730819015167,3745.56229477399,0,65.7123404845231,2131.11039762771,20618.2946976432,1244.76687186163,19.5551621885189,4.61295527565513,15.2386502987601,1397.718735,589.822301109454,11163.86117,3865.28721102015,15.6721260885938,0,6.92426823485073
"499",2002.20273972603,148.730819015167,3745.56229477399,0,65.7123404845231,2131.11039762771,20618.2946976432,1244.76687186163,19.5551621885189,4.61295527565513,15.2386502987601,1397.718735,589.822301109454,11163.86117,3865.28721102015,15.6721260885938,0,6.92426823485073
"500",2002.20273972603,148.730819015167,3745.56229477399,0,65.7123404845231,2131.11039762771,20618.2946976432,1244.76687186163,19.5551621885189,4.61295527565513,15.2386502987601,1397.718735,589.822301109454,11163.86117,3865.28721102015,15.6721260885938,0,6.92426823485073
"501",2003,146.350397702275,3763.39225324952,0,32.8608745881449,2154.82645209457,20805.9273746918,973.493175013819,96.4545195388846,22.0148840094,75.1636156311097,1397.718735,607.224229843199,11163.86117,3925.2121763525,17.6650935131654,0,3.96644239877565
"502",2003,146.350397702275,3763.39225324952,0,32.8608745881449,2154.82645209457,20805.9273746918,973.493175013819,0,0,0,1397.718735,607.224229843199,11163.86117,3925.2121763525,17.6650935131654,0,3.96644239877565
"503",2003,146.350397702275,3763.39225324952,0,32.8608745881449,2154.82645209457,20805.9273746918,973.493175013819,0,0,0,1397.718735,607.224229843199,11163.86117,3925.2121763525,17.6650935131654,0,3.96644239877565
"504",2003.00273972603,146.342138575468,3763.42018823049,0,32.7819416219804,2154.89375696538,20806.4710180712,972.665526952894,0.277724078475606,0.0592571119955198,0.216699810725583,1397.718735,607.283486955194,11163.86117,3925.42887616323,17.6682850341595,0,3.95785311181328
"505",2003.00273972603,146.342138575468,3769.36533863049,0,76.3797112219804,2154.89375696538,20806.4710180712,1278.84692695289,0.277724078475606,0.0592571119955198,0.216699810725583,1447.261655,607.283486955194,11470.04257,3925.42887616323,15.5660784919737,0,8.12433514809202
"506",2003.00273972603,146.342138575468,3769.36533863049,0,76.3797112219804,2154.89375696538,20806.4710180712,1278.84692695289,0.277724078475606,0.0592571119955198,0.216699810725583,1447.261655,607.283486955194,11470.04257,3925.42887616323,15.5660784919737,0,8.12433514809202
"507",2003.00273972603,146.342138575468,3769.36533863049,0,76.3797112219804,2154.89375696538,20806.4710180712,1278.84692695289,0.277724078475606,0.0592571119955198,0.216699810725583,1447.261655,607.283486955194,11470.04257,3925.42887616323,15.5660784919737,0,8.12433514809202
"508",2003.00273972603,146.342138575468,3769.36533863049,0,76.3797112219804,2154.89375696538,20806.4710180712,1278.84692695289,0.277724078475606,0.0592571119955198,0.216699810725583,1447.261655,607.283486955194,11470.04257,3925.42887616323,15.5660784919737,0,8.12433514809202
"509",2003.00273972603,146.342138575468,3769.36533863049,0,76.3797112219804,2154.89375696538,20806.4710180712,1278.84692695289,0.277724078475606,0.0592571119955198,0.216699810725583,1447.261655,607.283486955194,11470.04257,3925.42887616323,15.5660784919737,0,8.12433514809202
"510",2003.20273972603,146.178626460799,3776.97632114008,0,64.2390759549077,2160.6785029462,20861.3726556471,1202.34145721347,20.5515818068151,4.75242198414599,16.0357859933968,1447.261655,611.976651827345,11470.04257,3941.2479623459,16.1426727588542,0,7.09399456389984
"511",2003.20273972603,146.178626460799,3776.97632114008,0,64.2390759549077,2160.6785029462,20861.3726556471,1202.34145721347,20.5515818068151,4.75242198414599,16.0357859933968,1447.261655,611.976651827345,11470.04257,3941.2479623459,16.1426727588542,0,7.09399456389984
"512",2003.20273972603,146.178626460799,3776.97632114008,0,64.2390759549077,2160.6785029462,20861.3726556471,1202.34145721347,20.5515818068151,4.75242198414599,16.0357859933968,1447.261655,611.976651827345,11470.04257,3941.2479623459,16.1426727588542,0,7.09399456389984
"513",2003.20273972603,146.178626460799,3776.97632114008,0,64.2390759549077,2160.6785029462,20861.3726556471,1202.34145721347,20.5515818068151,4.75242198414599,16.0357859933968,1447.261655,611.976651827345,11470.04257,3941.2479623459,16.1426727588542,0,7.09399456389984
"514",2003.20273972603,146.178626460799,3776.97632114008,0,64.2390759549077,2160.6785029462,20861.3726556471,1202.34145721347,20.5515818068151,4.75242198414599,16.0357859933968,1447.261655,611.976651827345,11470.04257,3941.2479623459,16.1426727588542,0,7.09399456389984
"515",2003.20273972603,146.178626460799,3776.97632114008,0,64.2390759549077,2160.6785029462,20861.3726556471,1202.34145721347,20.5515818068151,4.75242198414599,16.0357859933968,1447.261655,611.976651827345,11470.04257,3941.2479623459,16.1426727588542,0,7.09399456389984
"516",2003.20273972603,146.178626460799,3776.97632114008,0,64.2390759549077,2160.6785029462,20861.3726556471,1202.34145721347,20.5515818068151,4.75242198414599,16.0357859933968,1447.261655,611.976651827345,11470.04257,3941.2479623459,16.1426727588542,0,7.09399456389984
"517",2004,145.291455392491,3792.27731356691,0,32.0137399763383,2181.59223058031,21040.390834224,939.349837211031,101.369219825969,22.5639366041975,79.0954997848538,1447.261655,629.788166447396,11470.04257,4004.30767613736,14.5875911740481,0,3.21425199758332
"518",2004,145.291455392491,3792.27731356691,0,32.0137399763383,2181.59223058031,21040.390834224,939.349837211031,0,0,0,1447.261655,629.788166447396,11470.04257,4004.30767613736,14.5875911740481,0,3.21425199758332
"519",2004,145.291455392491,3792.27731356691,0,32.0137399763383,2181.59223058031,21040.390834224,939.349837211031,0,0,0,1447.261655,629.788166447396,11470.04257,4004.30767613736,14.5875911740481,0,3.21425199758332
"520",2004.00273972603,145.296450154384,3792.29867494158,0,31.9386192768176,2181.60658253311,21040.9072847257,938.529009649051,0.20444555659152,0.0487645629523847,0.290025107452097,1447.261655,629.836931010349,11470.04257,4004.59770124481,14.5892912031509,0,3.20697316941299
"521",2004.00273972603,145.296450154384,3800.68664614158,0,93.4504080768176,2181.60658253311,21040.9072847257,1315.84860964905,0.20444555659152,0.0487645629523847,0.290025107452097,1517.161415,629.836931010349,11847.36217,4004.59770124481,13.4750862283986,0,8.66677957772638
"522",2004.00273972603,145.296450154384,3800.68664614158,0,93.4504080768176,2181.60658253311,21040.9072847257,1315.84860964905,0.20444555659152,0.0487645629523847,0.290025107452097,1517.161415,629.836931010349,11847.36217,4004.59770124481,13.4750862283986,0,8.66677957772638
"523",2004.00273972603,145.296450154384,3800.68664614158,0,93.4504080768176,2181.60658253311,21040.9072847257,1315.84860964905,0.20444555659152,0.0487645629523847,0.290025107452097,1517.161415,629.836931010349,11847.36217,4004.59770124481,13.4750862283986,0,8.66677957772638
"524",2004.00273972603,145.296450154384,3800.68664614158,0,93.4504080768176,2181.60658253311,21040.9072847257,1315.84860964905,0.20444555659152,0.0487645629523847,0.290025107452097,1517.161415,629.836931010349,11847.36217,4004.59770124481,13.4750862283986,0,8.66677957772638
"525",2004.00273972603,145.296450154384,3800.68664614158,0,93.4504080768176,2181.60658253311,21040.9072847257,1315.84860964905,0.20444555659152,0.0487645629523847,0.290025107452097,1517.161415,629.836931010349,11847.36217,4004.59770124481,13.4750862283986,0,8.66677957772638
"526",2004.20273972603,145.893672808647,3810.37334514292,0,78.8290997280931,2183.96366951335,21097.6543523008,1235.17259735911,15.3353464621225,4.38615125607237,21.8618828420066,1517.161415,634.174317703469,11847.36217,4026.16955897936,13.7943251454245,0,7.4533337302203
"527",2004.20273972603,145.893672808647,3810.37334514292,0,78.8290997280931,2183.96366951335,21097.6543523008,1235.17259735911,15.3353464621225,4.38615125607237,21.8618828420066,1517.161415,634.174317703469,11847.36217,4026.16955897936,13.7943251454245,0,7.4533337302203
"528",2004.20273972603,145.893672808647,3810.37334514292,0,78.8290997280931,2183.96366951335,21097.6543523008,1235.17259735911,15.3353464621225,4.38615125607237,21.8618828420066,1517.161415,634.174317703469,11847.36217,4026.16955897936,13.7943251454245,0,7.4533337302203
"529",2004.20273972603,145.893672808647,3810.37334514292,0,78.8290997280931,2183.96366951335,21097.6543523008,1235.17259735911,15.3353464621225,4.38615125607237,21.8618828420066,1517.161415,634.174317703469,11847.36217,4026.16955897936,13.7943251454245,0,7.4533337302203
"530",2004.20273972603,145.893672808647,3810.37334514292,0,78.8290997280931,2183.96366951335,21097.6543523008,1235.17259735911,15.3353464621225,4.38615125607237,21.8618828420066,1517.161415,634.174317703469,11847.36217,4026.16955897936,13.7943251454245,0,7.4533337302203
"531",2004.20273972603,145.893672808647,3810.37334514292,0,78.8290997280931,2183.96366951335,21097.6543523008,1235.17259735911,15.3353464621225,4.38615125607237,21.8618828420066,1517.161415,634.174317703469,11847.36217,4026.16955897936,13.7943251454245,0,7.4533337302203
"532",2004.20273972603,145.893672808647,3810.37334514292,0,78.8290997280931,2183.96366951335,21097.6543523008,1235.17259735911,15.3353464621225,4.38615125607237,21.8618828420066,1517.161415,634.174317703469,11847.36217,4026.16955897936,13.7943251454245,0,7.4533337302203
"533",2005,147.517903742267,3831.8947890608,0,39.8945399336648,2192.72829077397,21280.0457218191,958.719402957538,75.3480851674223,20.1750361990029,107.159086464657,1517.161415,649.963202646399,11847.36217,4111.46676260202,5.51903857478125,0,1.49256123651085
"534",2005,147.517903742267,3831.8947890608,0,39.8945399336648,2192.72829077397,21280.0457218191,958.719402957538,0,0,0,1517.161415,649.963202646399,11847.36217,4111.46676260202,5.51903857478125,0,1.49256123651085
"535",2005,147.517903742267,3831.8947890608,0,39.8945399336648,2192.72829077397,21280.0457218191,958.719402957538,0,0,0,1517.161415,649.963202646399,11847.36217,4111.46676260202,5.51903857478125,0,1.49256123651085
"536",2005.00273972603,147.546720430105,3831.93350850962,0,39.8077962185267,2192.83805089947,21280.5641640031,957.918037908706,0.0751345092949889,0.019207578482853,0.173162739335392,1517.161415,649.982410224882,11847.36217,4111.63992534135,5.52050196551175,0,1.48941987071255
"537",2005.00273972603,147.546720430105,3835.57616850962,0,66.5206362185267,2192.83805089947,21280.5641640031,1213.45303790871,0.0751345092949889,0.019207578482853,0.173162739335392,1547.516915,649.982410224882,12102.89717,4111.63992534135,5.33965914527747,0,2.40735627670012
"538",2005.00273972603,147.546720430105,3835.57616850962,0,66.5206362185267,2192.83805089947,21280.5641640031,1213.45303790871,0.0751345092949889,0.019207578482853,0.173162739335392,1547.516915,649.982410224882,12102.89717,4111.63992534135,5.33965914527747,0,2.40735627670012
"539",2005.00273972603,147.546720430105,3835.57616850962,0,66.5206362185267,2192.83805089947,21280.5641640031,1213.45303790871,0.0751345092949889,0.019207578482853,0.173162739335392,1547.516915,649.982410224882,12102.89717,4111.63992534135,5.33965914527747,0,2.40735627670012
"540",2005.00273972603,147.546720430105,3835.57616850962,0,66.5206362185267,2192.83805089947,21280.5641640031,1213.45303790871,0.0751345092949889,0.019207578482853,0.173162739335392,1547.516915,649.982410224882,12102.89717,4111.63992534135,5.33965914527747,0,2.40735627670012
"541",2005.00273972603,147.546720430105,3835.57616850962,0,66.5206362185267,2192.83805089947,21280.5641640031,1213.45303790871,0.0751345092949889,0.019207578482853,0.173162739335392,1547.516915,649.982410224882,12102.89717,4111.63992534135,5.33965914527747,0,2.40735627670012
"542",2005.20273972603,149.560873565608,3841.7947714641,0,56.7595511555379,2201.34096835168,21330.9757294548,1141.89767503375,5.59011482527124,1.54753655149144,12.8140427104268,1547.516915,651.510739197891,12102.89717,4124.28080531244,5.46631494458661,0,2.07451036713449
"543",2005.20273972603,149.560873565608,3841.7947714641,0,56.7595511555379,2201.34096835168,21330.9757294548,1141.89767503375,5.59011482527124,1.54753655149144,12.8140427104268,1547.516915,651.510739197891,12102.89717,4124.28080531244,5.46631494458661,0,2.07451036713449
"544",2005.20273972603,149.560873565608,3841.7947714641,0,56.7595511555379,2201.34096835168,21330.9757294548,1141.89767503375,5.59011482527124,1.54753655149144,12.8140427104268,1547.516915,651.510739197891,12102.89717,4124.28080531244,5.46631494458661,0,2.07451036713449
"545",2005.20273972603,149.560873565608,3841.7947714641,0,56.7595511555379,2201.34096835168,21330.9757294548,1141.89767503375,5.59011482527124,1.54753655149144,12.8140427104268,1547.516915,651.510739197891,12102.89717,4124.28080531244,5.46631494458661,0,2.07451036713449
"546",2005.20273972603,149.560873565608,3841.7947714641,0,56.7595511555379,2201.34096835168,21330.9757294548,1141.89767503375,5.59011482527124,1.54753655149144,12.8140427104268,1547.516915,651.510739197891,12102.89717,4124.28080531244,5.46631494458661,0,2.07451036713449
"547",2005.20273972603,149.560873565608,3841.7947714641,0,56.7595511555379,2201.34096835168,21330.9757294548,1141.89767503375,5.59011482527124,1.54753655149144,12.8140427104268,1547.516915,651.510739197891,12102.89717,4124.28080531244,5.46631494458661,0,2.07451036713449
"548",2005.20273972603,149.560873565608,3841.7947714641,0,56.7595511555379,2201.34096835168,21330.9757294548,1141.89767503375,5.59011482527124,1.54753655149144,12.8140427104268,1547.516915,651.510739197891,12102.89717,4124.28080531244,5.46631494458661,0,2.07451036713449
"549",2006,155.227206159574,3856.99803164357,0,30.1347819451014,2231.8951972674,21496.3262670838,895.602548116715,27.4978319119308,7.30271298848463,63.2044030827092,1547.516915,657.265915634884,12102.89717,4174.67116568473,17.0980200031695,0,3.31929638647764
"550",2006,155.227206159574,3856.99803164357,0,30.1347819451014,2231.8951972674,21496.3262670838,895.602548116715,0,0,0,1547.516915,657.265915634884,12102.89717,4174.67116568473,17.0980200031695,0,3.31929638647764
"551",2006,155.227206159574,3856.99803164357,0,30.1347819451014,2231.8951972674,21496.3262670838,895.602548116715,0,0,0,1547.516915,657.265915634884,12102.89717,4174.67116568473,17.0980200031695,0,3.31929638647764
"552",2006.00273972603,155.21064566227,3857.0301747822,0,30.063266301603,2231.97883037843,21496.8062563739,894.848674095099,0.244663840681577,0.05593300217773,0.190251620490374,1547.516915,657.321848637062,12102.89717,4174.86141730522,17.1013517189823,0,3.31241770595971
"553",2006.00273972603,155.21064566227,3864.1622787822,0,82.365362301603,2231.97883037843,21496.8062563739,1183.6091740951,0.244663840681577,0.05593300217773,0.190251620490374,1606.951115,657.321848637062,12391.65767,4174.86141730522,14.0301586484572,0,7.44535979022773
"554",2006.00273972603,155.21064566227,3864.1622787822,0,82.365362301603,2231.97883037843,21496.8062563739,1183.6091740951,0.244663840681577,0.05593300217773,0.190251620490374,1606.951115,657.321848637062,12391.65767,4174.86141730522,14.0301586484572,0,7.44535979022773
"555",2006.00273972603,155.21064566227,3864.1622787822,0,82.365362301603,2231.97883037843,21496.8062563739,1183.6091740951,0.244663840681577,0.05593300217773,0.190251620490374,1606.951115,657.321848637062,12391.65767,4174.86141730522,14.0301586484572,0,7.44535979022773
"556",2006.00273972603,155.21064566227,3864.1622787822,0,82.365362301603,2231.97883037843,21496.8062563739,1183.6091740951,0.244663840681577,0.05593300217773,0.190251620490374,1606.951115,657.321848637062,12391.65767,4174.86141730522,14.0301586484572,0,7.44535979022773
"557",2006.00273972603,155.21064566227,3864.1622787822,0,82.365362301603,2231.97883037843,21496.8062563739,1183.6091740951,0.244663840681577,0.05593300217773,0.190251620490374,1606.951115,657.321848637062,12391.65767,4174.86141730522,14.0301586484572,0,7.44535979022773
"558",2006.20273972603,154.661752053682,3873.29893953746,0,69.4876756841232,2238.79154329552,21546.3000703103,1113.41427894607,18.1051242101408,4.34585247297853,14.0786199160576,1606.951115,661.611768107863,12391.65767,4188.74978560078,14.7676650019743,0,6.63493528712125
"559",2006.20273972603,154.661752053682,3873.29893953746,0,69.4876756841232,2238.79154329552,21546.3000703103,1113.41427894607,18.1051242101408,4.34585247297853,14.0786199160576,1606.951115,661.611768107863,12391.65767,4188.74978560078,14.7676650019743,0,6.63493528712125
"560",2006.20273972603,154.661752053682,3873.29893953746,0,69.4876756841232,2238.79154329552,21546.3000703103,1113.41427894607,18.1051242101408,4.34585247297853,14.0786199160576,1606.951115,661.611768107863,12391.65767,4188.74978560078,14.7676650019743,0,6.63493528712125
"561",2006.20273972603,154.661752053682,3873.29893953746,0,69.4876756841232,2238.79154329552,21546.3000703103,1113.41427894607,18.1051242101408,4.34585247297853,14.0786199160576,1606.951115,661.611768107863,12391.65767,4188.74978560078,14.7676650019743,0,6.63493528712125
"562",2006.20273972603,154.661752053682,3873.29893953746,0,69.4876756841232,2238.79154329552,21546.3000703103,1113.41427894607,18.1051242101408,4.34585247297853,14.0786199160576,1606.951115,661.611768107863,12391.65767,4188.74978560078,14.7676650019743,0,6.63493528712125
"563",2006.20273972603,154.661752053682,3873.29893953746,0,69.4876756841232,2238.79154329552,21546.3000703103,1113.41427894607,18.1051242101408,4.34585247297853,14.0786199160576,1606.951115,661.611768107863,12391.65767,4188.74978560078,14.7676650019743,0,6.63493528712125
"564",2006.20273972603,154.661752053682,3873.29893953746,0,69.4876756841232,2238.79154329552,21546.3000703103,1113.41427894607,18.1051242101408,4.34585247297853,14.0786199160576,1606.951115,661.611768107863,12391.65767,4188.74978560078,14.7676650019743,0,6.63493528712125
"565",2007,152.574300489208,3893.1396820398,0,34.9997465964423,2263.30788795495,21707.877402746,871.957380252951,89.3023018925684,21.0804906227945,69.4418415140521,1606.951115,678.346406257678,12391.65767,4244.11300719878,17.7794152819049,0,4.07850488256769
"566",2007,152.574300489208,3893.1396820398,0,34.9997465964423,2263.30788795495,21707.877402746,871.957380252951,0,0,0,1606.951115,678.346406257678,12391.65767,4244.11300719878,17.7794152819049,0,4.07850488256769
"567",2007,152.574300489208,3893.1396820398,0,34.9997465964423,2263.30788795495,21707.877402746,871.957380252951,0,0,0,1606.951115,678.346406257678,12391.65767,4244.11300719878,17.7794152819049,0,4.07850488256769
"568",2007.00273972603,152.564668799565,3893.17310728794,0,34.9160751277202,2263.36916906913,21708.3441381191,871.217548015938,0.271619002142431,0.0598779102253941,0.21181574965897,1606.951115,678.406284167904,12391.65767,4244.32482294844,17.7830876128088,0,4.0698520042501
"569",2007.00273972603,152.564668799565,3897.96798706407,0,70.0785268192874,2263.36916906913,21708.3441381191,1093.03730132905,0.271619002142431,0.0598779102253941,0.21181574965897,1646.90844646769,678.406284167904,12613.4774233131,4244.32482294844,15.9713398888432,0,7.3362199750893
"570",2007.00273972603,152.564668799565,3897.96798706407,0,70.0785268192874,2263.36916906913,21708.3441381191,1093.03730132905,0.271619002142431,0.0598779102253941,0.21181574965897,1646.90844646769,678.406284167904,12613.4774233131,4244.32482294844,15.9713398888432,0,7.3362199750893
"571",2007.00273972603,152.564668799565,3897.96798706407,0,70.0785268192874,2263.36916906913,21708.3441381191,1093.03730132905,0.271619002142431,0.0598779102253941,0.21181574965897,1646.90844646769,678.406284167904,12613.4774233131,4244.32482294844,15.9713398888432,0,7.3362199750893
"572",2007.00273972603,152.564668799565,3897.96798706407,0,70.0785268192874,2263.36916906913,21708.3441381191,1093.03730132905,0.271619002142431,0.0598779102253941,0.21181574965897,1646.90844646769,678.406284167904,12613.4774233131,4244.32482294844,15.9713398888432,0,7.3362199750893
"573",2007.00273972603,152.564668799565,3897.96798706407,0,70.0785268192874,2263.36916906913,21708.3441381191,1093.03730132905,0.271619002142431,0.0598779102253941,0.21181574965897,1646.90844646769,678.406284167904,12613.4774233131,4244.32482294844,15.9713398888432,0,7.3362199750893
"574",2007.20273972603,152.246651468239,3904.78007830416,0,58.9604895937872,2268.47611646428,21753.157716967,1027.65422536148,20.0998061579023,4.68384122695377,15.6743654742666,1646.90844646769,683.030247484632,12613.4774233131,4259.78737267304,16.5269998542338,0,6.40040351314631
"575",2007.20273972603,152.246651468239,3904.78007830416,0,58.9604895937872,2268.47611646428,21753.157716967,1027.65422536148,20.0998061579023,4.68384122695377,15.6743654742666,1646.90844646769,683.030247484632,12613.4774233131,4259.78737267304,16.5269998542338,0,6.40040351314631
"576",2007.20273972603,152.246651468239,3904.78007830416,0,58.9604895937872,2268.47611646428,21753.157716967,1027.65422536148,20.0998061579023,4.68384122695377,15.6743654742666,1646.90844646769,683.030247484632,12613.4774233131,4259.78737267304,16.5269998542338,0,6.40040351314631
"577",2007.20273972603,152.246651468239,3904.78007830416,0,58.9604895937872,2268.47611646428,21753.157716967,1027.65422536148,20.0998061579023,4.68384122695377,15.6743654742666,1646.90844646769,683.030247484632,12613.4774233131,4259.78737267304,16.5269998542338,0,6.40040351314631
"578",2007.20273972603,152.246651468239,3904.78007830416,0,58.9604895937872,2268.47611646428,21753.157716967,1027.65422536148,20.0998061579023,4.68384122695377,15.6743654742666,1646.90844646769,683.030247484632,12613.4774233131,4259.78737267304,16.5269998542338,0,6.40040351314631
"579",2007.20273972603,152.246651468239,3904.78007830416,0,58.9604895937872,2268.47611646428,21753.157716967,1027.65422536148,20.0998061579023,4.68384122695377,15.6743654742666,1646.90844646769,683.030247484632,12613.4774233131,4259.78737267304,16.5269998542338,0,6.40040351314631
"580",2007.20273972603,152.246651468239,3904.78007830416,0,58.9604895937872,2268.47611646428,21753.157716967,1027.65422536148,20.0998061579023,4.68384122695377,15.6743654742666,1646.90844646769,683.030247484632,12613.4774233131,4259.78737267304,16.5269998542338,0,6.40040351314631
"581",2008,150.925131111972,3917.95697355082,0,29.4336657767657,2286.68983375534,21897.9647707612,802.995109125982,99.1408882805337,22.3552901535896,77.3127106244257,1646.90844646769,700.701696411268,12613.4774233131,4321.42571782321,16.5224872324166,0,3.22224246828069
"582",2008,150.925131111972,3917.95697355082,0,29.4336657767657,2286.68983375534,21897.9647707612,802.995109125982,0,0,0,1646.90844646769,700.701696411268,12613.4774233131,4321.42571782321,16.5224872324166,0,3.22224246828069
"583",2008,150.925131111972,3917.95697355082,0,29.4336657767657,2286.68983375534,21897.9647707612,802.995109125982,0,0,0,1646.90844646769,700.701696411268,12613.4774233131,4321.42571782321,16.5224872324166,0,3.22224246828069
"584",2008.00273972603,150.924619381442,3917.97319120658,0,29.3638684343511,2286.76738072326,21898.3785703597,802.320372606772,0.236086756108782,0.0540914171788618,0.183389952832711,1646.90844646769,700.755787828447,12613.4774233131,4321.60910777604,16.5265884166075,0,3.21541024865824
"585",2008.00273972603,150.924619381442,3922.20847228871,0,60.4225963699557,2286.76738072326,21898.3785703597,1141.39625423692,0.236086756108782,0.0540914171788618,0.183389952832711,1682.20245548542,700.755787828447,12952.5533049433,4321.60910777604,14.6864004038484,0,5.87969310352559
"586",2008.00273972603,150.924619381442,3922.20847228871,0,60.4225963699557,2286.76738072326,21898.3785703597,1141.39625423692,0.236086756108782,0.0540914171788618,0.183389952832711,1682.20245548542,700.755787828447,12952.5533049433,4321.60910777604,14.6864004038484,0,5.87969310352559
"587",2008.00273972603,150.924619381442,3922.20847228871,0,60.4225963699557,2286.76738072326,21898.3785703597,1141.39625423692,0.236086756108782,0.0540914171788618,0.183389952832711,1682.20245548542,700.755787828447,12952.5533049433,4321.60910777604,14.6864004038484,0,5.87969310352559
"588",2008.00273972603,150.924619381442,3922.20847228871,0,60.4225963699557,2286.76738072326,21898.3785703597,1141.39625423692,0.236086756108782,0.0540914171788618,0.183389952832711,1682.20245548542,700.755787828447,12952.5533049433,4321.60910777604,14.6864004038484,0,5.87969310352559
"589",2008.00273972603,150.924619381442,3922.20847228871,0,60.4225963699557,2286.76738072326,21898.3785703597,1141.39625423692,0.236086756108782,0.0540914171788618,0.183389952832711,1682.20245548542,700.755787828447,12952.5533049433,4321.60910777604,14.6864004038484,0,5.87969310352559
"590",2008.20273972603,151.218009969522,3927.32738984432,0,50.9128367205854,2293.28613821897,21945.9875550543,1073.88104548865,17.4704199535825,4.15154292285521,13.5708565108112,1682.20245548542,704.853239334123,12952.5533049433,4334.99657433402,15.2627722945165,0,5.1387465943429
"591",2008.20273972603,151.218009969522,3927.32738984432,0,50.9128367205854,2293.28613821897,21945.9875550543,1073.88104548865,17.4704199535825,4.15154292285521,13.5708565108112,1682.20245548542,704.853239334123,12952.5533049433,4334.99657433402,15.2627722945165,0,5.1387465943429
"592",2008.20273972603,151.218009969522,3927.32738984432,0,50.9128367205854,2293.28613821897,21945.9875550543,1073.88104548865,17.4704199535825,4.15154292285521,13.5708565108112,1682.20245548542,704.853239334123,12952.5533049433,4334.99657433402,15.2627722945165,0,5.1387465943429
"593",2008.20273972603,151.218009969522,3927.32738984432,0,50.9128367205854,2293.28613821897,21945.9875550543,1073.88104548865,17.4704199535825,4.15154292285521,13.5708565108112,1682.20245548542,704.853239334123,12952.5533049433,4334.99657433402,15.2627722945165,0,5.1387465943429
"594",2008.20273972603,151.218009969522,3927.32738984432,0,50.9128367205854,2293.28613821897,21945.9875550543,1073.88104548865,17.4704199535825,4.15154292285521,13.5708565108112,1682.20245548542,704.853239334123,12952.5533049433,4334.99657433402,15.2627722945165,0,5.1387465943429
"595",2008.20273972603,151.218009969522,3927.32738984432,0,50.9128367205854,2293.28613821897,21945.9875550543,1073.88104548865,17.4704199535825,4.15154292285521,13.5708565108112,1682.20245548542,704.853239334123,12952.5533049433,4334.99657433402,15.2627722945165,0,5.1387465943429
"596",2008.20273972603,151.218009969522,3927.32738984432,0,50.9128367205854,2293.28613821897,21945.9875550543,1073.88104548865,17.4704199535825,4.15154292285521,13.5708565108112,1682.20245548542,704.853239334123,12952.5533049433,4334.99657433402,15.2627722945165,0,5.1387465943429
"597",2009,151.488820911322,3936.44125899991,0,25.5778497393796,2316.79267004843,22101.397205143,841.598387204753,86.1716659749307,20.1018498066773,66.9373328765551,1682.20245548542,720.803546217945,12952.5533049433,4388.36305069976,15.4636890143314,0,2.61093796654867
"598",2009,151.488820911322,3936.44125899991,0,25.5778497393796,2316.79267004843,22101.397205143,841.598387204753,0,0,0,1682.20245548542,720.803546217945,12952.5533049433,4388.36305069976,15.4636890143314,0,2.61093796654867
"599",2009,151.488820911322,3936.44125899991,0,25.5778497393796,2316.79267004843,22101.397205143,841.598387204753,0,0,0,1682.20245548542,720.803546217945,12952.5533049433,4388.36305069976,15.4636890143314,0,2.61093796654867
"600",2009.00273972603,151.491728880465,3936.44897374842,0,25.5177140526113,2316.78340796544,22101.8460442631,840.862134207215,0.22004618705919,0.0495129691168181,0.296675960430444,1682.20245548542,720.853059187062,12952.5533049433,4388.65972666019,15.4648810180788,0,2.60495021473003
"601",2009.00273972603,151.491728880465,3943.09413370097,0,74.2488870379985,2316.78340796544,22101.8460442631,1068.6734423716,0.22004618705919,0.0495129691168181,0.296675960430444,1737.57878842336,720.853059187062,13180.3646131076,4388.65972666019,14.655404596513,0,7.18288376813803
"602",2009.00273972603,151.491728880465,3943.09413370097,0,74.2488870379985,2316.78340796544,22101.8460442631,1068.6734423716,0.22004618705919,0.0495129691168181,0.296675960430444,1737.57878842336,720.853059187062,13180.3646131076,4388.65972666019,14.655404596513,0,7.18288376813803
"603",2009.00273972603,151.491728880465,3943.09413370097,0,74.2488870379985,2316.78340796544,22101.8460442631,1068.6734423716,0.22004618705919,0.0495129691168181,0.296675960430444,1737.57878842336,720.853059187062,13180.3646131076,4388.65972666019,14.655404596513,0,7.18288376813803
"604",2009.00273972603,151.491728880465,3943.09413370097,0,74.2488870379985,2316.78340796544,22101.8460442631,1068.6734423716,0.22004618705919,0.0495129691168181,0.296675960430444,1737.57878842336,720.853059187062,13180.3646131076,4388.65972666019,14.655404596513,0,7.18288376813803
"605",2009.00273972603,151.491728880465,3943.09413370097,0,74.2488870379985,2316.78340796544,22101.8460442631,1068.6734423716,0.22004618705919,0.0495129691168181,0.296675960430444,1737.57878842336,720.853059187062,13180.3646131076,4388.65972666019,14.655404596513,0,7.18288376813803
"606",2009.20273972603,151.880109957475,3950.08512456934,0,62.5851879034554,2316.28584708496,22145.5130880864,1002.53646074977,16.546403755523,4.33384015828335,23.264174639448,1737.57878842336,725.137386376229,13180.3646131076,4411.62722533921,14.8877107491624,0,6.13477416463221
"607",2009.20273972603,151.880109957475,3950.08512456934,0,62.5851879034554,2316.28584708496,22145.5130880864,1002.53646074977,16.546403755523,4.33384015828335,23.264174639448,1737.57878842336,725.137386376229,13180.3646131076,4411.62722533921,14.8877107491624,0,6.13477416463221
"608",2009.20273972603,151.880109957475,3950.08512456934,0,62.5851879034554,2316.28584708496,22145.5130880864,1002.53646074977,16.546403755523,4.33384015828335,23.264174639448,1737.57878842336,725.137386376229,13180.3646131076,4411.62722533921,14.8877107491624,0,6.13477416463221
"609",2009.20273972603,151.880109957475,3950.08512456934,0,62.5851879034554,2316.28584708496,22145.5130880864,1002.53646074977,16.546403755523,4.33384015828335,23.264174639448,1737.57878842336,725.137386376229,13180.3646131076,4411.62722533921,14.8877107491624,0,6.13477416463221
"610",2009.20273972603,151.880109957475,3950.08512456934,0,62.5851879034554,2316.28584708496,22145.5130880864,1002.53646074977,16.546403755523,4.33384015828335,23.264174639448,1737.57878842336,725.137386376229,13180.3646131076,4411.62722533921,14.8877107491624,0,6.13477416463221
"611",2009.20273972603,151.880109957475,3950.08512456934,0,62.5851879034554,2316.28584708496,22145.5130880864,1002.53646074977,16.546403755523,4.33384015828335,23.264174639448,1737.57878842336,725.137386376229,13180.3646131076,4411.62722533921,14.8877107491624,0,6.13477416463221
"612",2009.20273972603,151.880109957475,3950.08512456934,0,62.5851879034554,2316.28584708496,22145.5130880864,1002.53646074977,16.546403755523,4.33384015828335,23.264174639448,1737.57878842336,725.137386376229,13180.3646131076,4411.62722533921,14.8877107491624,0,6.13477416463221
"613",2010,152.921925243739,3964.28013235163,0,31.605455604819,2315.01049907798,22282.6381383928,776.45453530289,81.1792902502803,20.0767493883663,113.496397786896,1737.57878842336,740.880295606311,13180.3646131076,4501.85944848666,6.09778401250526,0,1.26027213944523
"614",2010,152.921925243739,3964.28013235163,0,31.605455604819,2315.01049907798,22282.6381383928,776.45453530289,0,0,0,1737.57878842336,740.880295606311,13180.3646131076,4501.85944848666,6.09778401250526,0,1.26027213944523
"615",2010,152.921925243739,3964.28013235163,0,31.605455604819,2315.01049907798,22282.6381383928,776.45453530289,0,0,0,1737.57878842336,740.880295606311,13180.3646131076,4501.85944848666,6.09778401250526,0,1.26027213944523
"616",2010.00273972603,152.950037477734,3964.30079594371,0,31.5365226749989,2315.07988289147,22283.0182028694,775.795569892895,0.104725877896551,0.0201571037410659,0.209517119959253,1737.57878842336,740.900452710052,13180.3646131076,4502.06896560662,6.09906872643958,0,1.25755718899865
"617",2010.00273972603,152.950037477734,3969.75027164489,0,71.4993444836779,2315.07988289147,22283.0182028694,1036.69330466916,0.104725877896551,0.0201571037410659,0.209517119959253,1782.99108593323,740.900452710052,13441.2623478839,4502.06896560662,5.92871851029527,0,2.77148991987706
"618",2010.00273972603,152.950037477734,3969.75027164489,0,71.4993444836779,2315.07988289147,22283.0182028694,1036.69330466916,0.104725877896551,0.0201571037410659,0.209517119959253,1782.99108593323,740.900452710052,13441.2623478839,4502.06896560662,5.92871851029527,0,2.77148991987706
"619",2010.00273972603,152.950037477734,3969.75027164489,0,71.4993444836779,2315.07988289147,22283.0182028694,1036.69330466916,0.104725877896551,0.0201571037410659,0.209517119959253,1782.99108593323,740.900452710052,13441.2623478839,4502.06896560662,5.92871851029527,0,2.77148991987706
"620",2010.00273972603,152.950037477734,3969.75027164489,0,71.4993444836779,2315.07988289147,22283.0182028694,1036.69330466916,0.104725877896551,0.0201571037410659,0.209517119959253,1782.99108593323,740.900452710052,13441.2623478839,4502.06896560662,5.92871851029527,0,2.77148991987706
"621",2010.00273972603,152.950037477734,3969.75027164489,0,71.4993444836779,2315.07988289147,22283.0182028694,1036.69330466916,0.104725877896551,0.0201571037410659,0.209517119959253,1782.99108593323,740.900452710052,13441.2623478839,4502.06896560662,5.92871851029527,0,2.77148991987706
"622",2010.20273972603,154.928862420311,3976.58224049392,0,60.9769501767357,2319.15424440151,22323.7961840168,973.968710651974,7.9052994971891,1.73175761907902,18.0817684796195,1782.99108593323,742.61205322539,13441.2623478839,4519.94121696628,6.04377749260494,0,2.37871183773394
"623",2010.20273972603,154.928862420311,3976.58224049392,0,60.9769501767357,2319.15424440151,22323.7961840168,973.968710651974,7.9052994971891,1.73175761907902,18.0817684796195,1782.99108593323,742.61205322539,13441.2623478839,4519.94121696628,6.04377749260494,0,2.37871183773394
"624",2010.20273972603,154.928862420311,3976.58224049392,0,60.9769501767357,2319.15424440151,22323.7961840168,973.968710651974,7.9052994971891,1.73175761907902,18.0817684796195,1782.99108593323,742.61205322539,13441.2623478839,4519.94121696628,6.04377749260494,0,2.37871183773394
"625",2010.20273972603,154.928862420311,3976.58224049392,0,60.9769501767357,2319.15424440151,22323.7961840168,973.968710651974,7.9052994971891,1.73175761907902,18.0817684796195,1782.99108593323,742.61205322539,13441.2623478839,4519.94121696628,6.04377749260494,0,2.37871183773394
"626",2010.20273972603,154.928862420311,3976.58224049392,0,60.9769501767357,2319.15424440151,22323.7961840168,973.968710651974,7.9052994971891,1.73175761907902,18.0817684796195,1782.99108593323,742.61205322539,13441.2623478839,4519.94121696628,6.04377749260494,0,2.37871183773394
"627",2010.20273972603,154.928862420311,3976.58224049392,0,60.9769501767357,2319.15424440151,22323.7961840168,973.968710651974,7.9052994971891,1.73175761907902,18.0817684796195,1782.99108593323,742.61205322539,13441.2623478839,4519.94121696628,6.04377749260494,0,2.37871183773394
"628",2010.20273972603,154.928862420311,3976.58224049392,0,60.9769501767357,2319.15424440151,22323.7961840168,973.968710651974,7.9052994971891,1.73175761907902,18.0817684796195,1782.99108593323,742.61205322539,13441.2623478839,4519.94121696628,6.04377749260494,0,2.37871183773394
"629",2011,160.536531578446,3993.26160973448,0,32.3147502327599,2336.33551357319,22453.9480401783,759.828948292149,38.7386443888191,8.10691916435763,84.8884055062792,1782.99108593323,748.987214770669,13441.2623478839,4586.74785399294,16.5159297824685,0,3.32452769805527
"630",2011,160.536531578446,3993.26160973448,0,32.3147502327599,2336.33551357319,22453.9480401783,759.828948292149,0,0,0,1782.99108593323,748.987214770669,13441.2623478839,4586.74785399294,16.5159297824685,0,3.32452769805527
"631",2011,160.536531578446,3993.26160973448,0,32.3147502327599,2336.33551357319,22453.9480401783,759.828948292149,0,0,0,1782.99108593323,748.987214770669,13441.2623478839,4586.74785399294,16.5159297824685,0,3.32452769805527
"632",2011.00273972603,160.522993160572,3993.29684109182,0,32.2387030060131,2336.42539544186,22454.3161487216,759.19155581308,0.23110189894911,0.0543542872825031,0.179402067104718,1782.99108593323,749.041569057951,13441.2623478839,4586.92725606004,16.5203128423845,0,3.31786399447027
"633",2011.00273972603,160.522993160572,3998.68433463383,0,71.7469889807091,2336.42539544186,22454.3161487216,908.50325271808,0.23110189894911,0.0543542872825031,0.179402067104718,1827.88686544993,749.041569057951,13590.5740447889,4586.92725606004,13.9866204650276,0,6.25142781494169
"634",2011.00273972603,160.522993160572,3998.68433463383,0,71.7469889807091,2336.42539544186,22454.3161487216,908.50325271808,0.23110189894911,0.0543542872825031,0.179402067104718,1827.88686544993,749.041569057951,13590.5740447889,4586.92725606004,13.9866204650276,0,6.25142781494169
"635",2011.00273972603,160.522993160572,3998.68433463383,0,71.7469889807091,2336.42539544186,22454.3161487216,908.50325271808,0.23110189894911,0.0543542872825031,0.179402067104718,1827.88686544993,749.041569057951,13590.5740447889,4586.92725606004,13.9866204650276,0,6.25142781494169
"636",2011.00273972603,160.522993160572,3998.68433463383,0,71.7469889807091,2336.42539544186,22454.3161487216,908.50325271808,0.23110189894911,0.0543542872825031,0.179402067104718,1827.88686544993,749.041569057951,13590.5740447889,4586.92725606004,13.9866204650276,0,6.25142781494169
"637",2011.00273972603,160.522993160572,3998.68433463383,0,71.7469889807091,2336.42539544186,22454.3161487216,908.50325271808,0.23110189894911,0.0543542872825031,0.179402067104718,1827.88686544993,749.041569057951,13590.5740447889,4586.92725606004,13.9866204650276,0,6.25142781494169
"638",2011.20273972603,160.068295437541,4006.26589062185,0,60.572634996654,2343.27323081052,22488.2181151423,854.657100029555,17.1015405229067,4.10185000634377,13.2757529662712,1827.88686544993,753.089064777012,13590.5740447889,4600.02360695921,14.6784978758538,0,5.55459962700852
"639",2011.20273972603,160.068295437541,4006.26589062185,0,60.572634996654,2343.27323081052,22488.2181151423,854.657100029555,17.1015405229067,4.10185000634377,13.2757529662712,1827.88686544993,753.089064777012,13590.5740447889,4600.02360695921,14.6784978758538,0,5.55459962700852
"640",2011.20273972603,160.068295437541,4006.26589062185,0,60.572634996654,2343.27323081052,22488.2181151423,854.657100029555,17.1015405229067,4.10185000634377,13.2757529662712,1827.88686544993,753.089064777012,13590.5740447889,4600.02360695921,14.6784978758538,0,5.55459962700852
"641",2011.20273972603,160.068295437541,4006.26589062185,0,60.572634996654,2343.27323081052,22488.2181151423,854.657100029555,17.1015405229067,4.10185000634377,13.2757529662712,1827.88686544993,753.089064777012,13590.5740447889,4600.02360695921,14.6784978758538,0,5.55459962700852
"642",2011.20273972603,160.068295437541,4006.26589062185,0,60.572634996654,2343.27323081052,22488.2181151423,854.657100029555,17.1015405229067,4.10185000634377,13.2757529662712,1827.88686544993,753.089064777012,13590.5740447889,4600.02360695921,14.6784978758538,0,5.55459962700852
"643",2011.20273972603,160.068295437541,4006.26589062185,0,60.572634996654,2343.27323081052,22488.2181151423,854.657100029555,17.1015405229067,4.10185000634377,13.2757529662712,1827.88686544993,753.089064777012,13590.5740447889,4600.02360695921,14.6784978758538,0,5.55459962700852
"644",2011.20273972603,160.068295437541,4006.26589062185,0,60.572634996654,2343.27323081052,22488.2181151423,854.657100029555,17.1015405229067,4.10185000634377,13.2757529662712,1827.88686544993,753.089064777012,13590.5740447889,4600.02360695921,14.6784978758538,0,5.55459962700852
"645",2012,158.210438630407,4022.11642263639,0,30.6157582180342,2367.36294334995,22597.0439675864,669.535403744957,84.3523553341881,20.0660515775561,65.481884267353,1827.88686544993,769.053266348225,13590.5740447889,4652.22973826029,19.1612114558786,0,3.70794128488724
"646",2012,158.210438630407,4022.11642263639,0,30.6157582180342,2367.36294334995,22597.0439675864,669.535403744957,0,0,0,1827.88686544993,769.053266348225,13590.5740447889,4652.22973826029,19.1612114558786,0,3.70794128488724
"647",2012,158.210438630407,4022.11642263639,0,30.6157582180342,2367.36294334995,22597.0439675864,669.535403744957,0,0,0,1827.88686544993,769.053266348225,13590.5740447889,4652.22973826029,19.1612114558786,0,3.70794128488724
"648",2012.00273972603,158.197114385244,4022.14067330197,0,30.5421840361496,2367.39782734333,22597.3527114612,668.961873560555,0.294227210323381,0.0626477614694406,0.229902316204203,1827.88686544993,769.115914109694,13590.5740447889,4652.4596405765,19.163844322342,0,3.69985042020265
"649",2012.00273972603,158.197114385244,4028.22379469285,0,75.1517409026396,2367.39782734333,22597.3527114612,996.43733884868,0.294227210323381,0.0626477614694406,0.229902316204203,1878.5795437073,769.115914109694,13918.049510077,4652.4596405765,16.9757609409359,0,8.06435688043981
"650",2012.00273972603,158.197114385244,4028.22379469285,0,75.1517409026396,2367.39782734333,22597.3527114612,996.43733884868,0.294227210323381,0.0626477614694406,0.229902316204203,1878.5795437073,769.115914109694,13918.049510077,4652.4596405765,16.9757609409359,0,8.06435688043981
"651",2012.00273972603,158.197114385244,4028.22379469285,0,75.1517409026396,2367.39782734333,22597.3527114612,996.43733884868,0.294227210323381,0.0626477614694406,0.229902316204203,1878.5795437073,769.115914109694,13918.049510077,4652.4596405765,16.9757609409359,0,8.06435688043981
"652",2012.00273972603,158.197114385244,4028.22379469285,0,75.1517409026396,2367.39782734333,22597.3527114612,996.43733884868,0.294227210323381,0.0626477614694406,0.229902316204203,1878.5795437073,769.115914109694,13918.049510077,4652.4596405765,16.9757609409359,0,8.06435688043981
"653",2012.00273972603,158.197114385244,4028.22379469285,0,75.1517409026396,2367.39782734333,22597.3527114612,996.43733884868,0.294227210323381,0.0626477614694406,0.229902316204203,1878.5795437073,769.115914109694,13918.049510077,4652.4596405765,16.9757609409359,0,8.06435688043981
"654",2012.20273972603,157.709099498706,4035.70763374179,0,63.1956830603257,2371.13275677672,22636.7979897013,936.474262091345,21.7728135651281,5.02288144138305,17.012771400047,1878.5795437073,774.076147789608,13918.049510077,4669.24250966034,17.533275675057,0,7.02576665577442
"655",2012.20273972603,157.709099498706,4035.70763374179,0,63.1956830603257,2371.13275677672,22636.7979897013,936.474262091345,21.7728135651281,5.02288144138305,17.012771400047,1878.5795437073,774.076147789608,13918.049510077,4669.24250966034,17.533275675057,0,7.02576665577442
"656",2012.20273972603,157.709099498706,4035.70763374179,0,63.1956830603257,2371.13275677672,22636.7979897013,936.474262091345,21.7728135651281,5.02288144138305,17.012771400047,1878.5795437073,774.076147789608,13918.049510077,4669.24250966034,17.533275675057,0,7.02576665577442
"657",2012.20273972603,157.709099498706,4035.70763374179,0,63.1956830603257,2371.13275677672,22636.7979897013,936.474262091345,21.7728135651281,5.02288144138305,17.012771400047,1878.5795437073,774.076147789608,13918.049510077,4669.24250966034,17.533275675057,0,7.02576665577442
"658",2012.20273972603,157.709099498706,4035.70763374179,0,63.1956830603257,2371.13275677672,22636.7979897013,936.474262091345,21.7728135651281,5.02288144138305,17.012771400047,1878.5795437073,774.076147789608,13918.049510077,4669.24250966034,17.533275675057,0,7.02576665577442
"659",2012.20273972603,157.709099498706,4035.70763374179,0,63.1956830603257,2371.13275677672,22636.7979897013,936.474262091345,21.7728135651281,5.02288144138305,17.012771400047,1878.5795437073,774.076147789608,13918.049510077,4669.24250966034,17.533275675057,0,7.02576665577442
"660",2012.20273972603,157.709099498706,4035.70763374179,0,63.1956830603257,2371.13275677672,22636.7979897013,936.474262091345,21.7728135651281,5.02288144138305,17.012771400047,1878.5795437073,774.076147789608,13918.049510077,4669.24250966034,17.533275675057,0,7.02576665577442
"661",2013,155.942248010686,4050.34772006407,0,31.48243149925,2384.25256694407,22762.6199119326,730.630911880553,107.392986515325,23.8628981682041,83.9143892122602,1878.5795437073,792.916164516429,13918.049510077,4736.14412747255,19.4788513278819,0,3.93249174253338
"662",2013,155.942248010686,4050.34772006407,0,31.48243149925,2384.25256694407,22762.6199119326,730.630911880553,0,0,0,1878.5795437073,792.916164516429,13918.049510077,4736.14412747255,19.4788513278819,0,3.93249174253338
"663",2013,155.942248010686,4050.34772006407,0,31.48243149925,2384.25256694407,22762.6199119326,730.630911880553,0,0,0,1878.5795437073,792.916164516429,13918.049510077,4736.14412747255,19.4788513278819,0,3.93249174253338
"664",2013.00273972603,155.935329141878,4050.36648987816,0,31.4064478805699,2384.28174044719,22762.9744363228,730.003098836539,0.311993253437695,0.0641326733920775,0.24411515069547,1878.5795437073,792.980297189821,13918.049510077,4736.38824262325,19.4817327937898,0,3.92375498854818
"665",2013.00273972603,155.935329141878,4058.9658470565,0,94.4684005216881,2384.28174044719,22762.9744363228,1026.67576305226,0.311993253437695,0.0641326733920775,0.24411515069547,1950.24085352675,792.980297189821,14214.7221742928,4736.38824262325,16.6166181706039,0,10.0666433276857
"666",2013.00273972603,155.935329141878,4058.9658470565,0,94.4684005216881,2384.28174044719,22762.9744363228,1026.67576305226,0.311993253437695,0.0641326733920775,0.24411515069547,1950.24085352675,792.980297189821,14214.7221742928,4736.38824262325,16.6166181706039,0,10.0666433276857
"667",2013.00273972603,155.935329141878,4058.9658470565,0,94.4684005216881,2384.28174044719,22762.9744363228,1026.67576305226,0.311993253437695,0.0641326733920775,0.24411515069547,1950.24085352675,792.980297189821,14214.7221742928,4736.38824262325,16.6166181706039,0,10.0666433276857
"668",2013.00273972603,155.935329141878,4058.9658470565,0,94.4684005216881,2384.28174044719,22762.9744363228,1026.67576305226,0.311993253437695,0.0641326733920775,0.24411515069547,1950.24085352675,792.980297189821,14214.7221742928,4736.38824262325,16.6166181706039,0,10.0666433276857
"669",2013.00273972603,155.935329141878,4058.9658470565,0,94.4684005216881,2384.28174044719,22762.9744363228,1026.67576305226,0.311993253437695,0.0641326733920775,0.24411515069547,1950.24085352675,792.980297189821,14214.7221742928,4736.38824262325,16.6166181706039,0,10.0666433276857
"670",2013.20273972603,156.016169816567,4068.62545686575,0,79.4469920636732,2387.52403688243,22803.9247227263,964.662774212368,23.0875007548247,5.34509064746496,18.0645211518053,1950.24085352675,798.261255163894,14214.7221742928,4754.20864862436,17.3066686187348,0,8.81295038852593
"671",2013.20273972603,156.016169816567,4068.62545686575,0,79.4469920636732,2387.52403688243,22803.9247227263,964.662774212368,23.0875007548247,5.34509064746496,18.0645211518053,1950.24085352675,798.261255163894,14214.7221742928,4754.20864862436,17.3066686187348,0,8.81295038852593
"672",2013.20273972603,156.016169816567,4068.62545686575,0,79.4469920636732,2387.52403688243,22803.9247227263,964.662774212368,23.0875007548247,5.34509064746496,18.0645211518053,1950.24085352675,798.261255163894,14214.7221742928,4754.20864862436,17.3066686187348,0,8.81295038852593
"673",2013.20273972603,156.016169816567,4068.62545686575,0,79.4469920636732,2387.52403688243,22803.9247227263,964.662774212368,23.0875007548247,5.34509064746496,18.0645211518053,1950.24085352675,798.261255163894,14214.7221742928,4754.20864862436,17.3066686187348,0,8.81295038852593
"674",2013.20273972603,156.016169816567,4068.62545686575,0,79.4469920636732,2387.52403688243,22803.9247227263,964.662774212368,23.0875007548247,5.34509064746496,18.0645211518053,1950.24085352675,798.261255163894,14214.7221742928,4754.20864862436,17.3066686187348,0,8.81295038852593
"675",2013.20273972603,156.016169816567,4068.62545686575,0,79.4469920636732,2387.52403688243,22803.9247227263,964.662774212368,23.0875007548247,5.34509064746496,18.0645211518053,1950.24085352675,798.261255163894,14214.7221742928,4754.20864862436,17.3066686187348,0,8.81295038852593
"676",2013.20273972603,156.016169816567,4068.62545686575,0,79.4469920636732,2387.52403688243,22803.9247227263,964.662774212368,23.0875007548247,5.34509064746496,18.0645211518053,1950.24085352675,798.261255163894,14214.7221742928,4754.20864862436,17.3066686187348,0,8.81295038852593
"677",2014,155.743780722488,4088.85499731692,0,39.5628489203919,2398.87359568132,22934.3421921859,751.858236701622,113.877537058634,25.2720824336566,89.1020304040619,1950.24085352675,818.188246950086,14214.7221742928,4825.24615787662,15.7289608866931,0,3.99555282623968
"678",2014,155.743780722488,4088.85499731692,0,39.5628489203919,2398.87359568132,22934.3421921859,751.858236701622,0,0,0,1950.24085352675,818.188246950086,14214.7221742928,4825.24615787662,15.7289608866931,0,3.99555282623968
"679",2014,155.743780722488,4088.85499731692,0,39.5628489203919,2398.87359568132,22934.3421921859,751.858236701622,0,0,0,1950.24085352675,818.188246950086,14214.7221742928,4825.24615787662,15.7289608866931,0,3.99555282623968
"680",2014.00273972603,155.751050819822,4088.88659553557,0,39.4699503136873,2398.85272219719,22934.7090075232,751.195529472845,0.230178545637966,0.0540302907173978,0.316765375595506,1950.24085352675,818.242277240803,14214.7221742928,4825.56292325221,15.7310562046969,0,3.98651568328415
"681",2014.00273972603,155.751050819822,4095.79998739723,0,90.1681572991903,2398.85272219719,22934.7090075232,1007.48455202972,0.230178545637966,0.0540302907173978,0.316765375595506,2007.85245237392,818.242277240803,14471.0111968496,4825.56292325221,14.88400063469,0,8.61671817561295
"682",2014.00273972603,155.751050819822,4095.79998739723,0,90.1681572991903,2398.85272219719,22934.7090075232,1007.48455202972,0.230178545637966,0.0540302907173978,0.316765375595506,2007.85245237392,818.242277240803,14471.0111968496,4825.56292325221,14.88400063469,0,8.61671817561295
"683",2014.00273972603,155.751050819822,4095.79998739723,0,90.1681572991903,2398.85272219719,22934.7090075232,1007.48455202972,0.230178545637966,0.0540302907173978,0.316765375595506,2007.85245237392,818.242277240803,14471.0111968496,4825.56292325221,14.88400063469,0,8.61671817561295
"684",2014.00273972603,155.751050819822,4095.79998739723,0,90.1681572991903,2398.85272219719,22934.7090075232,1007.48455202972,0.230178545637966,0.0540302907173978,0.316765375595506,2007.85245237392,818.242277240803,14471.0111968496,4825.56292325221,14.88400063469,0,8.61671817561295
"685",2014.00273972603,155.751050819822,4095.79998739723,0,90.1681572991903,2398.85272219719,22934.7090075232,1007.48455202972,0.230178545637966,0.0540302907173978,0.316765375595506,2007.85245237392,818.242277240803,14471.0111968496,4825.56292325221,14.88400063469,0,8.61671817561295
"686",2014.20273972603,156.442846282868,4104.65211798002,0,76.0200084738393,2398.24656810897,22974.1301057223,944.973933451546,17.2536913449809,4.65825307022935,24.0124398429632,2007.85245237392,822.846500020315,14471.0111968496,4849.25859771958,15.1827241578672,0,7.37771554635427
"687",2014.20273972603,156.442846282868,4104.65211798002,0,76.0200084738393,2398.24656810897,22974.1301057223,944.973933451546,17.2536913449809,4.65825307022935,24.0124398429632,2007.85245237392,822.846500020315,14471.0111968496,4849.25859771958,15.1827241578672,0,7.37771554635427
"688",2014.20273972603,156.442846282868,4104.65211798002,0,76.0200084738393,2398.24656810897,22974.1301057223,944.973933451546,17.2536913449809,4.65825307022935,24.0124398429632,2007.85245237392,822.846500020315,14471.0111968496,4849.25859771958,15.1827241578672,0,7.37771554635427
"689",2014.20273972603,156.442846282868,4104.65211798002,0,76.0200084738393,2398.24656810897,22974.1301057223,944.973933451546,17.2536913449809,4.65825307022935,24.0124398429632,2007.85245237392,822.846500020315,14471.0111968496,4849.25859771958,15.1827241578672,0,7.37771554635427
"690",2014.20273972603,156.442846282868,4104.65211798002,0,76.0200084738393,2398.24656810897,22974.1301057223,944.973933451546,17.2536913449809,4.65825307022935,24.0124398429632,2007.85245237392,822.846500020315,14471.0111968496,4849.25859771958,15.1827241578672,0,7.37771554635427
"691",2014.20273972603,156.442846282868,4104.65211798002,0,76.0200084738393,2398.24656810897,22974.1301057223,944.973933451546,17.2536913449809,4.65825307022935,24.0124398429632,2007.85245237392,822.846500020315,14471.0111968496,4849.25859771958,15.1827241578672,0,7.37771554635427
"692",2014.20273972603,156.442846282868,4104.65211798002,0,76.0200084738393,2398.24656810897,22974.1301057223,944.973933451546,17.2536913449809,4.65825307022935,24.0124398429632,2007.85245237392,822.846500020315,14471.0111968496,4849.25859771958,15.1827241578672,0,7.37771554635427
"693",2015,158.31724361869,4123.58546399482,0,38.4108472223293,2396.46183373151,23096.412174066,731.432820569143,84.6536850486317,21.4596709711249,117.05621875908,2007.85245237392,839.647917921211,14471.0111968496,4942.3023766357,6.09808801705165,0,1.47951493985988
"694",2015,158.31724361869,4123.58546399482,0,38.4108472223293,2396.46183373151,23096.412174066,731.432820569143,0,0,0,2007.85245237392,839.647917921211,14471.0111968496,4942.3023766357,6.09808801705165,0,1.47951493985988
"695",2015,158.31724361869,4123.58546399482,0,38.4108472223293,2396.46183373151,23096.412174066,731.432820569143,0,0,0,2007.85245237392,839.647917921211,14471.0111968496,4942.3023766357,6.09808801705165,0,1.47951493985988
"696",2015.00273972603,158.348709485965,4123.61687353309,0,38.3272135036648,2396.53780497878,23096.7464025983,730.812500376666,0.0905052966316263,0.0207583131182913,0.210120412885518,2007.85245237392,839.668676234329,14471.0111968496,4942.51249704858,6.0995910494925,0,1.47636396405026
"697",2015.00273972603,158.348709485965,4129.03068768899,0,78.0285173136403,2396.53780497878,23096.7464025983,1048.31980626823,0.0905052966316263,0.0207583131182913,0.210120412885518,2052.9675703398,839.668676234329,14788.5185027412,4942.51249704858,5.87075723211569,0,2.89289684656962
"698",2015.00273972603,158.348709485965,4129.03068768899,0,78.0285173136403,2396.53780497878,23096.7464025983,1048.31980626823,0.0905052966316263,0.0207583131182913,0.210120412885518,2052.9675703398,839.668676234329,14788.5185027412,4942.51249704858,5.87075723211569,0,2.89289684656962
"699",2015.00273972603,158.348709485965,4129.03068768899,0,78.0285173136403,2396.53780497878,23096.7464025983,1048.31980626823,0.0905052966316263,0.0207583131182913,0.210120412885518,2052.9675703398,839.668676234329,14788.5185027412,4942.51249704858,5.87075723211569,0,2.89289684656962
"700",2015.00273972603,158.348709485965,4129.03068768899,0,78.0285173136403,2396.53780497878,23096.7464025983,1048.31980626823,0.0905052966316263,0.0207583131182913,0.210120412885518,2052.9675703398,839.668676234329,14788.5185027412,4942.51249704858,5.87075723211569,0,2.89289684656962
"701",2015.00273972603,158.348709485965,4129.03068768899,0,78.0285173136403,2396.53780497878,23096.7464025983,1048.31980626823,0.0905052966316263,0.0207583131182913,0.210120412885518,2052.9675703398,839.668676234329,14788.5185027412,4942.51249704858,5.87075723211569,0,2.89289684656962
"702",2015.20273972603,160.565175289908,4136.5499442639,0,66.5671316544244,2403.00627677508,23137.4830012618,985.766035477722,6.77273453204641,1.74642159348259,15.5588207436048,2052.9675703398,841.394339514693,14788.5185027412,4957.8611973793,6.00812036551903,0,2.49084733750651
"703",2015.20273972603,160.565175289908,4136.5499442639,0,66.5671316544244,2403.00627677508,23137.4830012618,985.766035477722,6.77273453204641,1.74642159348259,15.5588207436048,2052.9675703398,841.394339514693,14788.5185027412,4957.8611973793,6.00812036551903,0,2.49084733750651
"704",2015.20273972603,160.565175289908,4136.5499442639,0,66.5671316544244,2403.00627677508,23137.4830012618,985.766035477722,6.77273453204641,1.74642159348259,15.5588207436048,2052.9675703398,841.394339514693,14788.5185027412,4957.8611973793,6.00812036551903,0,2.49084733750651
"705",2015.20273972603,160.565175289908,4136.5499442639,0,66.5671316544244,2403.00627677508,23137.4830012618,985.766035477722,6.77273453204641,1.74642159348259,15.5588207436048,2052.9675703398,841.394339514693,14788.5185027412,4957.8611973793,6.00812036551903,0,2.49084733750651
"706",2015.20273972603,160.565175289908,4136.5499442639,0,66.5671316544244,2403.00627677508,23137.4830012618,985.766035477722,6.77273453204641,1.74642159348259,15.5588207436048,2052.9675703398,841.394339514693,14788.5185027412,4957.8611973793,6.00812036551903,0,2.49084733750651
"707",2015.20273972603,160.565175289908,4136.5499442639,0,66.5671316544244,2403.00627677508,23137.4830012618,985.766035477722,6.77273453204641,1.74642159348259,15.5588207436048,2052.9675703398,841.394339514693,14788.5185027412,4957.8611973793,6.00812036551903,0,2.49084733750651
"708",2015.20273972603,160.565175289908,4136.5499442639,0,66.5671316544244,2403.00627677508,23137.4830012618,985.766035477722,6.77273453204641,1.74642159348259,15.5588207436048,2052.9675703398,841.394339514693,14788.5185027412,4957.8611973793,6.00812036551903,0,2.49084733750651
"709",2016,166.831355575031,4155.08517844214,0,35.3179870983256,2425.79728155373,23268.4485166835,770.825058028548,33.2707865168356,8.19415168622147,76.7432779923655,2052.9675703398,847.842069607432,14788.5185027412,5019.04565462806,0,0,0
