"","Dataset","Season","Crop","Treatment","Measured_N_Uptake.kg.ha","Measured_P_Uptake.kg.ha","Measured_K_Uptake.kg.ha","Predicted_N_Uptake.kg.ha","Predicted_P_Uptake.kg.ha","Predicted_K_Uptake.kg.ha","P_labile","P_stable","P_labile_placed","P_labile_FYM","K_labile","K_stable","K_labile_FYM","cols","pchs"
"1","Broadbalk_LMpred_BBalk_",1968,"wheat","N1PKMg",75.1357902024161,16.7760585245354,50.9076911421982,77.0354660609354,16.4780075957689,49.3399371137635,131.555377192317,2728.31537157691,0,0,903.325014311824,6583.28681169424,0,"lightgreen",1
"2","Broadbalk_LMpred_BBalk_",1969,"potato","N1PKMg",66.3910555248998,16.1818925885319,151.82292109339,74.4680267310048,13.320242660069,143.885847155504,131.555377192317,2728.31537157691,0,0,903.325014311824,6583.28681169424,0,"lightgreen",1
"3","Broadbalk_LMpred_BBalk_",1970,"beans","N1PKMg",121.693629209321,14.9545390342414,65.2003012787807,122.301517701373,15.8784394932339,51.7048062045567,131.555377192317,2728.31537157691,0,0,903.325014311824,6583.28681169424,0,"lightgreen",1
"4","Broadbalk_LMpred_BBalk_",1971,"wheat","N1PKMg",75.2371429309069,16.5549431952928,49.0324407037307,76.4795511435476,16.4311237091866,47.2909651302965,129.585008071674,2748.80773310178,0,0,899.593569547941,6627.67831934436,0,"lightgreen",1
"5","Broadbalk_LMpred_BBalk_",1972,"potato","N1PKMg",64.5735128100976,15.2746391798528,145.202851719121,70.1457684265055,13.2058653901139,136.488593855702,129.585008071674,2748.80773310178,0,0,899.593569547941,6627.67831934436,0,"lightgreen",1
"6","Broadbalk_LMpred_BBalk_",1973,"beans","N1PKMg",126.048099222695,14.7588807688728,62.477231155646,125.347229155834,16.3476119551223,50.8640531335449,129.585008071674,2748.80773310178,0,0,899.593569547941,6627.67831934436,0,"lightgreen",1
"7","Broadbalk_LMpred_BBalk_",1974,"wheat","N1PKMg",75.3384956593978,16.3338278660503,47.1571902652636,75.9236720327638,16.4807290210189,46.6460422455196,131.335644967636,2768.73685354575,0,0,815.834768104775,6657.55127363202,0,"lightgreen",1
"8","Broadbalk_LMpred_BBalk_",1975,"potato","N1PKMg",62.7559700952946,14.3673857711737,138.582782344853,65.7199435352073,13.085946285722,131.721667725206,131.335644967636,2768.73685354575,0,0,815.834768104775,6657.55127363202,0,"lightgreen",1
"9","Broadbalk_LMpred_BBalk_",1976,"beans","N1PKMg",130.40256923607,14.5632225035041,59.7541610325115,128.580096463918,16.81559586407,50.9979707865817,131.335644967636,2768.73685354575,0,0,815.834768104775,6657.55127363202,0,"lightgreen",1
"10","Broadbalk_LMpred_BBalk_",1977,"wheat","N1PKMg",75.4398483878881,16.1127125368078,45.2819398267962,75.3691034954116,16.5289450673536,46.4953331111856,130.818393020699,2788.37566599945,0,0,833.511780144824,6678.16945538741,0,"lightgreen",1
"11","Broadbalk_LMpred_BBalk_",1978,"potato","N1PKMg",60.938427380492,13.4601323624945,131.962712970584,61.170719449087,12.8929153026927,127.195018217878,130.818393020699,2788.37566599945,0,0,833.511780144824,6678.16945538741,0,"lightgreen",1
"12","Broadbalk_LMpred_BBalk_",1979,"potato","N1PKMg",60.3325798088907,13.1577145596015,129.756023179161,59.6351550173921,12.8946245592965,122.332481782806,130.818393020699,2788.37566599945,0,0,833.511780144824,6678.16945538741,0,"lightgreen",1
"13","Broadbalk_LMpred_BBalk_",1980,"wheat","N1PKMg",75.541201116379,15.8915972075652,43.406689388329,74.8058815500831,16.6694511173979,44.6737088521751,130.645471872122,2807.11746343884,0,0,851.309017349487,6703.08125305245,0,"lightgreen",1
"14","Broadbalk_LMpred_BBalk_",1982,"potato","N1PKMg",58.5150370940877,12.2504611509223,123.135953804893,54.9696152581614,12.3615082138944,117.515413926273,130.645471872122,2807.11746343884,0,0,851.309017349487,6703.08125305245,0,"lightgreen",1
"15","Broadbalk_LMpred_BBalk_",1983,"wheat","N1PKMg",75.6425538448698,15.6704818783227,41.5314389498619,74.255023207295,16.6101980471295,44.8916636352498,130.645471872122,2807.11746343884,0,0,851.309017349487,6703.08125305245,0,"lightgreen",1
"16","Broadbalk_LMpred_BBalk_",1985,"potato","N1PKMg",56.6974943792846,11.3432077422433,116.515884430624,50.2940677162957,11.8785241611004,111.126392009327,133.261885591416,2826.29518432943,0,0,787.893041308408,6720.00863523783,0,"lightgreen",1
"17","Broadbalk_LMpred_BBalk_",1986,"wheat","N1PKMg",64.0932492365537,14.6382543640254,36.8235052297162,70.1589900444132,16.0681003052831,44.2587768696678,133.261885591416,2826.29518432943,0,0,787.893041308408,6720.00863523783,0,"lightgreen",1
"18","Broadbalk_LMpred_BBalk_",1987,"wheat","N1PKMg",64.127033479384,14.5645492542779,36.1984217502272,69.9743460073033,16.0494621314429,45.2462758196932,133.261885591416,2826.29518432943,0,0,787.893041308408,6720.00863523783,0,"lightgreen",1
"19","Broadbalk_LMpred_BBalk_",1988,"wheat","N1PKMg",64.1608177222138,14.4908441445304,35.5733382707381,69.7893866425017,16.0384716429396,45.9243563239468,132.731825338674,2845.47763262705,0,0,814.899358809065,6732.13826460363,0,"lightgreen",1
"20","Broadbalk_LMpred_BBalk_",1990,"potato","N1PKMg",42.0175991844734,9.02000654272328,102.649752191831,38.9547444269154,9.86508245694968,86.8868074429048,132.731825338674,2845.47763262705,0,0,814.899358809065,6732.13826460363,0,"lightgreen",1
"21","Broadbalk_LMpred_BBalk_",1991,"wheat","N1PKMg",64.2621704507047,14.2697288152879,33.6980878322707,69.2343761021078,16.0451845146811,45.5659672004133,132.731825338674,2845.47763262705,0,0,814.899358809065,6732.13826460363,0,"lightgreen",1
"22","Broadbalk_LMpred_BBalk_",1992,"wheat","N1PKMg",64.2959546935349,14.1960237055404,33.0730043527817,69.0493366141575,16.0083117895579,46.1353967900663,132.837063249267,2863.89166569544,0,0,839.339796168494,6751.05178499868,0,"lightgreen",1
"23","Broadbalk_LMpred_BBalk_",1993,"wheat","N1PKMg",64.3297389363652,14.1223185957929,32.4479208732926,68.8643635726567,15.9855126735616,46.5349243179483,132.837063249267,2863.89166569544,0,0,839.339796168494,6751.05178499868,0,"lightgreen",1
"24","Broadbalk_LMpred_BBalk_",1995,"potato","N1PKMg",38.9883613264682,7.50791752825816,91.616303234717,31.1614611554898,7.72520532495876,67.4034621970959,132.837063249267,2863.89166569544,0,0,839.339796168494,6751.05178499868,0,"lightgreen",1
"25","Broadbalk_LMpred_BBalk_",1996,"wheat","N1PKMg",64.4310916648561,13.9012032665504,30.5726704348252,68.3090255512719,15.9827380665057,46.2595017852536,135.697811544368,2882.94497111461,0,0,784.341488592702,6764.32842484927,0,"lightgreen",1
"26","Broadbalk_LMpred_BBalk_",1997,"wheat","N1PKMg",64.4648759076859,13.8274981568029,29.9475869553361,68.1243534791087,15.9332230076586,46.6184489105658,135.697811544368,2882.94497111461,0,0,784.341488592702,6764.32842484927,0,"lightgreen",1
"27","Broadbalk_LMpred_BBalk_",1998,"wheat","N1PKMg",64.4986601505166,13.7537930470554,29.3225034758471,67.9392530703178,15.9004913112817,46.8730469844998,135.697811544368,2882.94497111461,0,0,784.341488592702,6764.32842484927,0,"lightgreen",1
"28","Broadbalk_LMpred_BBalk_",1999,"oats","N1PKMg",36.1877861583423,8.31407229756829,20.3661245988229,34.5635888538159,11.8859452184314,39.4446315495881,134.868493323707,2901.95869347121,0,0,813.361229814511,6774.31071284088,0,"lightgreen",1
"29","Broadbalk_LMpred_BBalk_",2000,"silage maize","N1PKMg",29.6245986616546,5.51745988374384,31.7260559371938,29.4869668370547,6.44299908327596,38.2891068970499,134.868493323707,2901.95869347121,0,0,813.361229814511,6774.31071284088,0,"lightgreen",1
"30","Broadbalk_LMpred_BBalk_",2001,"wheat","N1PKMg",43.6498264510783,9.69574529700509,21.0310276870833,45.229094114317,10.4572735285797,34.183274440511,134.868493323707,2901.95869347121,0,0,813.361229814511,6774.31071284088,0,"lightgreen",1
"31","Broadbalk_LMpred_BBalk_",2002,"wheat","N1PKMg",50.1743963282025,11.5177786194218,23.8890262823099,53.8837662559006,12.620941563976,40.8093545479822,135.122001066362,2920.1762406612,0,0,839.511400282835,6791.66520926137,0,"lightgreen",1
"32","Broadbalk_LMpred_BBalk_",2003,"wheat","N1PKMg",50.2081805710327,11.4440735096743,23.2639428028208,53.6989381687748,12.5743962116075,40.7233081844595,135.122001066362,2920.1762406612,0,0,839.511400282835,6791.66520926137,0,"lightgreen",1
"33","Broadbalk_LMpred_BBalk_",2004,"oats","N1PKMg",20.7445634188305,6.26366157588129,14.3198768489516,20.8581396878913,6.74325667389439,25.7872192805786,135.122001066362,2920.1762406612,0,0,839.511400282835,6791.66520926137,0,"lightgreen",1
"34","Broadbalk_LMpred_BBalk_",2005,"silage maize","N1PKMg",10.4837781979982,2.81466215970795,24.1136232371017,11.481873303285,4.21812185636668,26.6112714487403,138.218486880482,2939.18683954438,0,0,789.550659384868,6804.43093194146,0,"lightgreen",1
"35","Broadbalk_LMpred_BBalk_",2006,"wheat","N1PKMg",50.3095332995236,11.2229581804317,21.3886923643536,53.1439419930586,12.4337343979425,40.4645900648073,138.218486880482,2939.18683954438,0,0,789.550659384868,6804.43093194146,0,"lightgreen",1
"36","Broadbalk_LMpred_BBalk_",2007,"wheat","N1PKMg",59.1093732178124,12.1048303980497,27.1450812538545,62.4518578789146,14.2023193991855,46.3532085599158,138.218486880482,2939.18683954438,0,0,789.550659384868,6804.43093194146,0,"lightgreen",1
"37","Broadbalk_LMpred_BBalk_",2008,"wheat","N1PKMg",59.1431574606427,12.0311252883022,26.5199977743651,62.2670753884249,14.0715378599959,46.2271304522022,140.134006468216,2959.37669539735,0,0,756.369389159953,6805.27972038356,0,"lightgreen",1
"38","Broadbalk_LMpred_BBalk_",2009,"oats","N1PKMg",28.5267971484138,7.11002217020337,17.5882447436511,29.961258456328,9.9371336424273,37.7026922328497,140.134006468216,2959.37669539735,0,0,756.369389159953,6805.27972038356,0,"lightgreen",1
"39","Broadbalk_LMpred_BBalk_",2010,"silage maize","N1PKMg",14.5684142034356,3.00863575168111,25.8158061815804,15.459061362162,4.65085036558503,32.7041088584365,140.134006468216,2959.37669539735,0,0,756.369389159953,6805.27972038356,0,"lightgreen",1
"40","Broadbalk_LMpred_BBalk_",2011,"wheat","N1PKMg",59.2445101891335,11.8100099590597,24.644747335898,61.7120240457216,14.0675927765833,46.1601358094354,134.831078033425,2983.01016983796,0,0,798.143342453949,6808.83202979149,0,"lightgreen",1
"41","Broadbalk_LMpred_BBalk_",2012,"wheat","N1PKMg",59.2782944319638,11.7363048493122,24.019663856409,61.5268699375845,13.9159802171268,46.0477971463411,134.831078033425,2983.01016983796,0,0,798.143342453949,6808.83202979149,0,"lightgreen",1
"42","Broadbalk_LMpred_BBalk_",2013,"wheat","N1PKMg",59.3120786747937,11.6625997395647,23.3945803769198,61.3419608395448,13.8188393508107,45.9529945944025,134.831078033425,2983.01016983796,0,0,798.143342453949,6808.83202979149,0,"lightgreen",1
"43","Broadbalk_LMpred_BBalk_",2014,"oats","N1PKMg",27.5429752025372,7.00080543715995,14.4751402693606,29.5711907313538,9.77419772632551,37.5704154845174,139.89652450659,3000.5832151509,0,0,767.169656152921,6812.29030216625,0,"lightgreen",1
"44","Broadbalk_LMpred_BBalk_",2015,"silage maize","N1PKMg",9.88699453341407,2.24703201628876,21.1365167570692,9.98190259783844,3.7939454781404,23.3342746918836,139.89652450659,3000.5832151509,0,0,767.169656152921,6812.29030216625,0,"lightgreen",1
"45","Broadbalk_LMpred_BBalk_",1968,"wheat","N1PKMg",75.1357902024161,16.7760585245354,50.9076911421982,77.0354660609354,16.4780075957689,49.3399371137635,139.89652450659,3000.5832151509,0,0,767.169656152921,6812.29030216625,0,"lightgreen",1
"46","Broadbalk_LMpred_BBalk_",1969,"potato","N1PKMg",66.3910555248998,16.1818925885319,151.82292109339,74.4680267310048,13.320242660069,143.885847155504,136.173320506383,3022.69621545583,0,0,804.590892145049,6819.9773478567,0,"lightgreen",1
"47","Broadbalk_LMpred_BBalk_",1970,"beans","N1PKMg",121.693629209321,14.9545390342414,65.2003012787807,122.301517701373,15.8784394932339,51.7048062045567,136.173320506383,3022.69621545583,0,0,804.590892145049,6819.9773478567,0,"lightgreen",1
"48","Broadbalk_LMpred_BBalk_",1971,"wheat","N1PKMg",75.2371429309069,16.5549431952928,49.0324407037307,76.4795511435476,16.4311237091866,47.2909651302965,136.173320506383,3022.69621545583,0,0,804.590892145049,6819.9773478567,0,"lightgreen",1
"49","Broadbalk_LMpred_BBalk_",1972,"potato","N1PKMg",64.5735128100976,15.2746391798528,145.202851719121,70.1457684265055,13.2058653901139,136.488593855702,141.789642392281,3040.20136940884,0,0,777.908425748711,6825.53342224371,0,"lightgreen",1
"50","Broadbalk_LMpred_BBalk_",1973,"beans","N1PKMg",126.048099222695,14.7588807688728,62.477231155646,125.347229155834,16.3476119551223,50.8640531335449,141.789642392281,3040.20136940884,0,0,777.908425748711,6825.53342224371,0,"lightgreen",1
"51","Broadbalk_LMpred_BBalk_",1974,"wheat","N1PKMg",75.3384956593978,16.3338278660503,47.1571902652636,75.9236720327638,16.4807290210189,46.6460422455196,141.789642392281,3040.20136940884,0,0,777.908425748711,6825.53342224371,0,"lightgreen",1
"52","Broadbalk_LMpred_BBalk_",1975,"potato","N1PKMg",62.7559700952946,14.3673857711737,138.582782344853,65.7199435352073,13.085946285722,131.721667725206,141.927359793342,3058.99555170249,0,0,816.119942394015,6833.06312872874,0,"lightgreen",1
"53","Broadbalk_LMpred_BBalk_",1976,"beans","N1PKMg",130.40256923607,14.5632225035041,59.7541610325115,128.580096463918,16.81559586407,50.9979707865817,141.927359793342,3058.99555170249,0,0,816.119942394015,6833.06312872874,0,"lightgreen",1
"54","Broadbalk_LMpred_BBalk_",1977,"wheat","N1PKMg",75.4398483878881,16.1127125368078,45.2819398267962,75.3691034954116,16.5289450673536,46.4953331111856,141.927359793342,3058.99555170249,0,0,816.119942394015,6833.06312872874,0,"lightgreen",1
"55","Broadbalk_LMpred_BBalk_",1978,"potato","N1PKMg",60.938427380492,13.4601323624945,131.962712970584,61.170719449087,12.8929153026927,127.195018217878,142.43838109171,3077.43506827268,0,0,844.361664117462,6849.5751311856,0,"lightgreen",1
"56","Broadbalk_LMpred_BBalk_",1979,"potato","N1PKMg",60.3325798088907,13.1577145596015,129.756023179161,59.6351550173921,12.8946245592965,122.332481782806,142.43838109171,3077.43506827268,0,0,844.361664117462,6849.5751311856,0,"lightgreen",1
"57","Broadbalk_LMpred_BBalk_",1980,"wheat","N1PKMg",75.541201116379,15.8915972075652,43.406689388329,74.8058815500831,16.6694511173979,44.6737088521751,142.43838109171,3077.43506827268,0,0,844.361664117462,6849.5751311856,0,"lightgreen",1
"58","Broadbalk_LMpred_BBalk_",1982,"potato","N1PKMg",58.5150370940877,12.2504611509223,123.135953804893,54.9696152581614,12.3615082138944,117.515413926273,139.54954067922,3099.28542494826,0,0,850.388096571784,6887.62429074432,0,"lightgreen",1
"59","Broadbalk_LMpred_BBalk_",1983,"wheat","N1PKMg",75.6425538448698,15.6704818783227,41.5314389498619,74.255023207295,16.6101980471295,44.8916636352498,139.54954067922,3099.28542494826,0,0,850.388096571784,6887.62429074432,0,"lightgreen",1
"60","Broadbalk_LMpred_BBalk_",1985,"potato","N1PKMg",56.6974943792846,11.3432077422433,116.515884430624,50.2940677162957,11.8785241611004,111.126392009327,139.54954067922,3099.28542494826,0,0,850.388096571784,6887.62429074432,0,"lightgreen",1
"61","Broadbalk_LMpred_BBalk_",1986,"wheat","N1PKMg",64.0932492365537,14.6382543640254,36.8235052297162,70.1589900444132,16.0681003052831,44.2587768696678,146.581367837122,3117.38851533341,0,0,835.54595905133,6905.57962082187,0,"lightgreen",1
"62","Broadbalk_LMpred_BBalk_",1987,"wheat","N1PKMg",64.127033479384,14.5645492542779,36.1984217502272,69.9743460073033,16.0494621314429,45.2462758196932,146.581367837122,3117.38851533341,0,0,835.54595905133,6905.57962082187,0,"lightgreen",1
"63","Broadbalk_LMpred_BBalk_",1988,"wheat","N1PKMg",64.1608177222138,14.4908441445304,35.5733382707381,69.7893866425017,16.0384716429396,45.9243563239468,146.581367837122,3117.38851533341,0,0,835.54595905133,6905.57962082187,0,"lightgreen",1
"64","Broadbalk_LMpred_BBalk_",1990,"potato","N1PKMg",42.0175991844734,9.02000654272328,102.649752191831,38.9547444269154,9.86508245694968,86.8868074429048,146.005752024088,3136.91894663176,0,0,860.837498923536,6924.72211374925,0,"lightgreen",1
"65","Broadbalk_LMpred_BBalk_",1991,"wheat","N1PKMg",64.2621704507047,14.2697288152879,33.6980878322707,69.2343761021078,16.0451845146811,45.5659672004133,146.005752024088,3136.91894663176,0,0,860.837498923536,6924.72211374925,0,"lightgreen",1
"66","Broadbalk_LMpred_BBalk_",1992,"wheat","N1PKMg",64.2959546935349,14.1960237055404,33.0730043527817,69.0493366141575,16.0083117895579,46.1353967900663,146.005752024088,3136.91894663176,0,0,860.837498923536,6924.72211374925,0,"lightgreen",1
"67","Broadbalk_LMpred_BBalk_",1993,"wheat","N1PKMg",64.3297389363652,14.1223185957929,32.4479208732926,68.8643635726567,15.9855126735616,46.5349243179483,146.206168933844,3155.71021793245,0,0,880.006803162362,6949.41741272035,0,"lightgreen",1
"68","Broadbalk_LMpred_BBalk_",1995,"potato","N1PKMg",38.9883613264682,7.50791752825816,91.616303234717,31.1614611554898,7.72520532495876,67.4034621970959,146.206168933844,3155.71021793245,0,0,880.006803162362,6949.41741272035,0,"lightgreen",1
"69","Broadbalk_LMpred_BBalk_",1996,"wheat","N1PKMg",64.4310916648561,13.9012032665504,30.5726704348252,68.3090255512719,15.9827380665057,46.2595017852536,146.206168933844,3155.71021793245,0,0,880.006803162362,6949.41741272035,0,"lightgreen",1
"70","Broadbalk_LMpred_BBalk_",1997,"wheat","N1PKMg",64.4648759076859,13.8274981568029,29.9475869553361,68.1243534791087,15.9332230076586,46.6184489105658,143.090591652432,3177.84028070129,0,0,875.519346321037,6997.36993500468,0,"lightgreen",1
"71","Broadbalk_LMpred_BBalk_",1998,"wheat","N1PKMg",64.4986601505166,13.7537930470554,29.3225034758471,67.9392530703178,15.9004913112817,46.8730469844998,143.090591652432,3177.84028070129,0,0,875.519346321037,6997.36993500468,0,"lightgreen",1
"72","Broadbalk_LMpred_BBalk_",1999,"oats","N1PKMg",36.1877861583423,8.31407229756829,20.3661245988229,34.5635888538159,11.8859452184314,39.4446315495881,143.090591652432,3177.84028070129,0,0,875.519346321037,6997.36993500468,0,"lightgreen",1
"73","Broadbalk_LMpred_BBalk_",2000,"silage maize","N1PKMg",29.6245986616546,5.51745988374384,31.7260559371938,29.4869668370547,6.44299908327596,38.2891068970499,151.590468699869,3196.6151983289,0,0,874.651382154596,7020.83443697403,0,"lightgreen",1
"74","Broadbalk_LMpred_BBalk_",2001,"wheat","N1PKMg",43.6498264510783,9.69574529700509,21.0310276870833,45.229094114317,10.4572735285797,34.183274440511,151.590468699869,3196.6151983289,0,0,874.651382154596,7020.83443697403,0,"lightgreen",1
"75","Broadbalk_LMpred_BBalk_",2002,"wheat","N1PKMg",50.1743963282025,11.5177786194218,23.8890262823099,53.8837662559006,12.620941563976,40.8093545479822,151.590468699869,3196.6151983289,0,0,874.651382154596,7020.83443697403,0,"lightgreen",1
"76","Broadbalk_LMpred_BBalk_",2003,"wheat","N1PKMg",50.2081805710327,11.4440735096743,23.2639428028208,53.6989381687748,12.5743962116075,40.7233081844595,150.262537310822,3216.96039165144,0,0,893.083788388088,7046.14252895528,0,"lightgreen",1
"77","Broadbalk_LMpred_BBalk_",2004,"oats","N1PKMg",20.7445634188305,6.26366157588129,14.3198768489516,20.8581396878913,6.74325667389439,25.7872192805786,150.262537310822,3216.96039165144,0,0,893.083788388088,7046.14252895528,0,"lightgreen",1
"78","Broadbalk_LMpred_BBalk_",2005,"silage maize","N1PKMg",10.4837781979982,2.81466215970795,24.1136232371017,11.481873303285,4.21812185636668,26.6112714487403,150.262537310822,3216.96039165144,0,0,893.083788388088,7046.14252895528,0,"lightgreen",1
"79","Broadbalk_LMpred_BBalk_",2006,"wheat","N1PKMg",50.3095332995236,11.2229581804317,21.3886923643536,53.1439419930586,12.4337343979425,40.4645900648073,150.131575041361,3236.15813091324,0,0,907.426538207639,7075.18133022516,0,"lightgreen",1
"80","Broadbalk_LMpred_BBalk_",2007,"wheat","N1PKMg",59.1093732178124,12.1048303980497,27.1450812538545,62.4518578789146,14.2023193991855,46.3532085599158,150.131575041361,3236.15813091324,0,0,907.426538207639,7075.18133022516,0,"lightgreen",1
"81","Broadbalk_LMpred_BBalk_",2008,"wheat","N1PKMg",59.1431574606427,12.0311252883022,26.5199977743651,62.2670753884249,14.0715378599959,46.2271304522022,150.131575041361,3236.15813091324,0,0,907.426538207639,7075.18133022516,0,"lightgreen",1
"82","Broadbalk_LMpred_BBalk_",2009,"oats","N1PKMg",28.5267971484138,7.11002217020337,17.5882447436511,29.961258456328,9.9371336424273,37.7026922328497,150.533748758539,3254.85546588478,0,0,918.875224684504,7106.85959676379,0,"lightgreen",1
"83","Broadbalk_LMpred_BBalk_",2010,"silage maize","N1PKMg",14.5684142034356,3.00863575168111,25.8158061815804,15.459061362162,4.65085036558503,32.7041088584365,150.533748758539,3254.85546588478,0,0,918.875224684504,7106.85959676379,0,"lightgreen",1
"84","Broadbalk_LMpred_BBalk_",2011,"wheat","N1PKMg",59.2445101891335,11.8100099590597,24.644747335898,61.7120240457216,14.0675927765833,46.1601358094354,150.533748758539,3254.85546588478,0,0,918.875224684504,7106.85959676379,0,"lightgreen",1
"85","Broadbalk_LMpred_BBalk_",2012,"wheat","N1PKMg",59.2782944319638,11.7363048493122,24.019663856409,61.5268699375845,13.9159802171268,46.0477971463411,153.981548059081,3274.52172136581,0,0,934.904021503913,7141.38616839479,0,"lightgreen",1
"86","Broadbalk_LMpred_BBalk_",2013,"wheat","N1PKMg",59.3120786747937,11.6625997395647,23.3945803769198,61.3419608395448,13.8188393508107,45.9529945944025,153.981548059081,3274.52172136581,0,0,934.904021503913,7141.38616839479,0,"lightgreen",1
"87","Broadbalk_LMpred_BBalk_",2014,"oats","N1PKMg",27.5429752025372,7.00080543715995,14.4751402693606,29.5711907313538,9.77419772632551,37.5704154845174,153.981548059081,3274.52172136581,0,0,934.904021503913,7141.38616839479,0,"lightgreen",1
"88","Broadbalk_LMpred_BBalk_",2015,"silage maize","N1PKMg",9.88699453341407,2.24703201628876,21.1365167570692,9.98190259783844,3.7939454781404,23.3342746918836,159.910776701648,3297.14949363997,0,0,949.011244564738,7178.98983843692,0,"lightgreen",1
"89","Broadbalk_LMpred_BBalk_",1968,"wheat","N1PKMg",75.1357902024161,16.7760585245354,50.9076911421982,77.0354660609354,16.4780075957689,49.3399371137635,159.910776701648,3297.14949363997,0,0,949.011244564738,7178.98983843692,0,"lightgreen",1
"90","Broadbalk_LMpred_BBalk_",1969,"potato","N1PKMg",66.3910555248998,16.1818925885319,151.82292109339,74.4680267310048,13.320242660069,143.885847155504,159.910776701648,3297.14949363997,0,0,949.011244564738,7178.98983843692,0,"lightgreen",1
"91","Broadbalk_LMpred_BBalk_",1970,"beans","N1PKMg",121.693629209321,14.9545390342414,65.2003012787807,122.301517701373,15.8784394932339,51.7048062045567,160.433640326986,3321.16935648605,0,0,964.329132756207,7219.48867580494,0,"lightgreen",1
"92","Broadbalk_LMpred_BBalk_",1971,"wheat","N1PKMg",75.2371429309069,16.5549431952928,49.0324407037307,76.4795511435476,16.4311237091866,47.2909651302965,160.433640326986,3321.16935648605,0,0,964.329132756207,7219.48867580494,0,"lightgreen",1
"93","Broadbalk_LMpred_BBalk_",1972,"potato","N1PKMg",64.5735128100976,15.2746391798528,145.202851719121,70.1457684265055,13.2058653901139,136.488593855702,160.433640326986,3321.16935648605,0,0,964.329132756207,7219.48867580494,0,"lightgreen",1
"94","Broadbalk_LMpred_BBalk_",1973,"beans","N1PKMg",126.048099222695,14.7588807688728,62.477231155646,125.347229155834,16.3476119551223,50.8640531335449,144.11214263207,3324.86991261699,0,0,971.286758656786,7261.72169535638,0,"lightgreen",1
"95","Broadbalk_LMpred_BBalk_",1974,"wheat","N1PKMg",75.3384956593978,16.3338278660503,47.1571902652636,75.9236720327638,16.4807290210189,46.6460422455196,144.11214263207,3324.86991261699,0,0,971.286758656786,7261.72169535638,0,"lightgreen",1
"96","Broadbalk_LMpred_BBalk_",1975,"potato","N1PKMg",62.7559700952946,14.3673857711737,138.582782344853,65.7199435352073,13.085946285722,131.721667725206,144.11214263207,3324.86991261699,0,0,971.286758656786,7261.72169535638,0,"lightgreen",1
"97","Broadbalk_LMpred_BBalk_",1976,"beans","N1PKMg",130.40256923607,14.5632225035041,59.7541610325115,128.580096463918,16.81559586407,50.9979707865817,136.449977597882,3319.95768143957,0,0,977.827276714788,7304.45786911392,0,"lightgreen",1
"98","Broadbalk_LMpred_BBalk_",1977,"wheat","N1PKMg",75.4398483878881,16.1127125368078,45.2819398267962,75.3691034954116,16.5289450673536,46.4953331111856,136.449977597882,3319.95768143957,0,0,977.827276714788,7304.45786911392,0,"lightgreen",1
"99","Broadbalk_LMpred_BBalk_",1978,"potato","N1PKMg",60.938427380492,13.4601323624945,131.962712970584,61.170719449087,12.8929153026927,127.195018217878,136.449977597882,3319.95768143957,0,0,977.827276714788,7304.45786911392,0,"lightgreen",1
"100","Broadbalk_LMpred_BBalk_",1979,"potato","N1PKMg",60.3325798088907,13.1577145596015,129.756023179161,59.6351550173921,12.8946245592965,122.332481782806,136.790270236182,3312.87413212737,0,0,997.007908777053,7349.49001777107,0,"lightgreen",1
"101","Broadbalk_LMpred_BBalk_",1980,"wheat","N1PKMg",75.541201116379,15.8915972075652,43.406689388329,74.8058815500831,16.6694511173979,44.6737088521751,136.790270236182,3312.87413212737,0,0,997.007908777053,7349.49001777107,0,"lightgreen",1
"102","Broadbalk_LMpred_BBalk_",1982,"potato","N1PKMg",58.5150370940877,12.2504611509223,123.135953804893,54.9696152581614,12.3615082138944,117.515413926273,136.790270236182,3312.87413212737,0,0,997.007908777053,7349.49001777107,0,"lightgreen",1
"103","Broadbalk_LMpred_BBalk_",1983,"wheat","N1PKMg",75.6425538448698,15.6704818783227,41.5314389498619,74.255023207295,16.6101980471295,44.8916636352498,138.566570916964,3306.87970959023,0,0,1012.06848315101,7397.81817194837,0,"lightgreen",1
"104","Broadbalk_LMpred_BBalk_",1985,"potato","N1PKMg",56.6974943792846,11.3432077422433,116.515884430624,50.2940677162957,11.8785241611004,111.126392009327,138.566570916964,3306.87970959023,0,0,1012.06848315101,7397.81817194837,0,"lightgreen",1
"105","Broadbalk_LMpred_BBalk_",1986,"wheat","N1PKMg",64.0932492365537,14.6382543640254,36.8235052297162,70.1589900444132,16.0681003052831,44.2587768696678,138.566570916964,3306.87970959023,0,0,1012.06848315101,7397.81817194837,0,"lightgreen",1
"106","Broadbalk_LMpred_BBalk_",1987,"wheat","N1PKMg",64.127033479384,14.5645492542779,36.1984217502272,69.9743460073033,16.0494621314429,45.2462758196932,133.491076510876,3299.52146959837,0,0,1012.76019558433,7446.66186945024,0,"lightgreen",1
"107","Broadbalk_LMpred_BBalk_",1988,"wheat","N1PKMg",64.1608177222138,14.4908441445304,35.5733382707381,69.7893866425017,16.0384716429396,45.9243563239468,133.491076510876,3299.52146959837,0,0,1012.76019558433,7446.66186945024,0,"lightgreen",1
"108","Broadbalk_LMpred_BBalk_",1990,"potato","N1PKMg",42.0175991844734,9.02000654272328,102.649752191831,38.9547444269154,9.86508245694968,86.8868074429048,133.491076510876,3299.52146959837,0,0,1012.76019558433,7446.66186945024,0,"lightgreen",1
"109","Broadbalk_LMpred_BBalk_",1991,"wheat","N1PKMg",64.2621704507047,14.2697288152879,33.6980878322707,69.2343761021078,16.0451845146811,45.5659672004133,129.661872428899,3289.14835428116,0,0,1009.548023058,7493.52083341665,0,"lightgreen",1
"110","Broadbalk_LMpred_BBalk_",1992,"wheat","N1PKMg",64.2959546935349,14.1960237055404,33.0730043527817,69.0493366141575,16.0083117895579,46.1353967900663,129.661872428899,3289.14835428116,0,0,1009.548023058,7493.52083341665,0,"lightgreen",1
"111","Broadbalk_LMpred_BBalk_",1993,"wheat","N1PKMg",64.3297389363652,14.1223185957929,32.4479208732926,68.8643635726567,15.9855126735616,46.5349243179483,129.661872428899,3289.14835428116,0,0,1009.548023058,7493.52083341665,0,"lightgreen",1
"112","Broadbalk_LMpred_BBalk_",1995,"potato","N1PKMg",38.9883613264682,7.50791752825816,91.616303234717,31.1614611554898,7.72520532495876,67.4034621970959,127.68696776659,3277.05172108348,0,0,1008.56737658166,7538.27434944079,0,"lightgreen",1
"113","Broadbalk_LMpred_BBalk_",1996,"wheat","N1PKMg",64.4310916648561,13.9012032665504,30.5726704348252,68.3090255512719,15.9827380665057,46.2595017852536,127.68696776659,3277.05172108348,0,0,1008.56737658166,7538.27434944079,0,"lightgreen",1
"114","Broadbalk_LMpred_BBalk_",1997,"wheat","N1PKMg",64.4648759076859,13.8274981568029,29.9475869553361,68.1243534791087,15.9332230076586,46.6184489105658,127.68696776659,3277.05172108348,0,0,1008.56737658166,7538.27434944079,0,"lightgreen",1
"115","Broadbalk_LMpred_BBalk_",1998,"wheat","N1PKMg",64.4986601505166,13.7537930470554,29.3225034758471,67.9392530703178,15.9004913112817,46.8730469844998,129.373203631523,3265.42835157611,0,0,1016.52975251818,7582.60928127142,0,"lightgreen",1
"116","Broadbalk_LMpred_BBalk_",1999,"oats","N1PKMg",36.1877861583423,8.31407229756829,20.3661245988229,34.5635888538159,11.8859452184314,39.4446315495881,129.373203631523,3265.42835157611,0,0,1016.52975251818,7582.60928127142,0,"lightgreen",1
"117","Broadbalk_LMpred_BBalk_",2000,"silage maize","N1PKMg",29.6245986616546,5.51745988374384,31.7260559371938,29.4869668370547,6.44299908327596,38.2891068970499,129.373203631523,3265.42835157611,0,0,1016.52975251818,7582.60928127142,0,"lightgreen",1
"118","Broadbalk_LMpred_BBalk_",2001,"wheat","N1PKMg",43.6498264510783,9.69574529700509,21.0310276870833,45.229094114317,10.4572735285797,34.183274440511,133.629641534855,3256.5210633072,0,0,1028.1677803084,7628.26714462276,0,"lightgreen",1
"119","Broadbalk_LMpred_BBalk_",2002,"wheat","N1PKMg",50.1743963282025,11.5177786194218,23.8890262823099,53.8837662559006,12.620941563976,40.8093545479822,133.629641534855,3256.5210633072,0,0,1028.1677803084,7628.26714462276,0,"lightgreen",1
"120","Broadbalk_LMpred_BBalk_",2003,"wheat","N1PKMg",50.2081805710327,11.4440735096743,23.2639428028208,53.6989381687748,12.5743962116075,40.7233081844595,133.629641534855,3256.5210633072,0,0,1028.1677803084,7628.26714462276,0,"lightgreen",1
"121","Broadbalk_LMpred_BBalk_",2004,"oats","N1PKMg",20.7445634188305,6.26366157588129,14.3198768489516,20.8581396878913,6.74325667389439,25.7872192805786,128.833213505493,3247.24989855998,0,0,1026.5443991524,7673.73038996933,0,"lightgreen",1
"122","Broadbalk_LMpred_BBalk_",2005,"silage maize","N1PKMg",10.4837781979982,2.81466215970795,24.1136232371017,11.481873303285,4.21812185636668,26.6112714487403,128.833213505493,3247.24989855998,0,0,1026.5443991524,7673.73038996933,0,"lightgreen",1
"123","Broadbalk_LMpred_BBalk_",2006,"wheat","N1PKMg",50.3095332995236,11.2229581804317,21.3886923643536,53.1439419930586,12.4337343979425,40.4645900648073,128.833213505493,3247.24989855998,0,0,1026.5443991524,7673.73038996933,0,"lightgreen",1
"124","Broadbalk_LMpred_BBalk_",2007,"wheat","N1PKMg",59.1093732178124,12.1048303980497,27.1450812538545,62.4518578789146,14.2023193991855,46.3532085599158,126.436782498566,3235.73034934978,0,0,1026.71281850975,7717.51417346563,0,"lightgreen",1
"125","Broadbalk_LMpred_BBalk_",2008,"wheat","N1PKMg",59.1431574606427,12.0311252883022,26.5199977743651,62.2670753884249,14.0715378599959,46.2271304522022,126.436782498566,3235.73034934978,0,0,1026.71281850975,7717.51417346563,0,"lightgreen",1
"126","Broadbalk_LMpred_BBalk_",2009,"oats","N1PKMg",28.5267971484138,7.11002217020337,17.5882447436511,29.961258456328,9.9371336424273,37.7026922328497,126.436782498566,3235.73034934978,0,0,1026.71281850975,7717.51417346563,0,"lightgreen",1
"127","Broadbalk_LMpred_BBalk_",2010,"silage maize","N1PKMg",14.5684142034356,3.00863575168111,25.8158061815804,15.459061362162,4.65085036558503,32.7041088584365,125.095788003634,3223.2525044939,0,0,1028.17259759042,7760.10139979056,0,"lightgreen",1
"128","Broadbalk_LMpred_BBalk_",2011,"wheat","N1PKMg",59.2445101891335,11.8100099590597,24.644747335898,61.7120240457216,14.0675927765833,46.1601358094354,125.095788003634,3223.2525044939,0,0,1028.17259759042,7760.10139979056,0,"lightgreen",1
"129","Broadbalk_LMpred_BBalk_",2012,"wheat","N1PKMg",59.2782944319638,11.7363048493122,24.019663856409,61.5268699375845,13.9159802171268,46.0477971463411,125.095788003634,3223.2525044939,0,0,1028.17259759042,7760.10139979056,0,"lightgreen",1
"130","Broadbalk_LMpred_BBalk_",2013,"wheat","N1PKMg",59.3120786747937,11.6625997395647,23.3945803769198,61.3419608395448,13.8188393508107,45.9529945944025,127.012864938268,3211.56122983294,0,0,1037.79442158797,7802.9091603085,0,"lightgreen",1
"131","Broadbalk_LMpred_BBalk_",2014,"oats","N1PKMg",27.5429752025372,7.00080543715995,14.4751402693606,29.5711907313538,9.77419772632551,37.5704154845174,127.012864938268,3211.56122983294,0,0,1037.79442158797,7802.9091603085,0,"lightgreen",1
"132","Broadbalk_LMpred_BBalk_",2015,"silage maize","N1PKMg",9.88699453341407,2.24703201628876,21.1365167570692,9.98190259783844,3.7939454781404,23.3342746918836,127.012864938268,3211.56122983294,0,0,1037.79442158797,7802.9091603085,0,"lightgreen",1
"133","Broadbalk_LMpred_BBalk_",1968,"wheat","N2PKMg",113.557407382319,21.5248708491161,77.1741613508988,112.149648026358,18.3485679431281,53.4480162436394,123.090679029733,2615.03397151246,0,0,855.903981536158,6343.9776300083,0,"green",16
"134","Broadbalk_LMpred_BBalk_",1969,"potato","N2PKMg",89.1272005836234,17.7770713498118,189.25295949693,101.324541951793,13.5509302837061,144.830985494911,123.090679029733,2615.03397151246,0,0,855.903981536158,6343.9776300083,0,"green",16
"135","Broadbalk_LMpred_BBalk_",1970,"beans","N2PKMg",123.68567276488,15.819198948527,67.6732013930673,123.427917590214,16.0625017003517,49.8679039371595,123.090679029733,2615.03397151246,0,0,855.903981536158,6343.9776300083,0,"green",16
"136","Broadbalk_LMpred_BBalk_",1971,"wheat","N2PKMg",113.65876011081,21.3037555198736,75.2989109124314,110.760233133139,18.4884011169019,50.9288534781656,121.634754106356,2633.14132849271,0,0,853.345095301412,6383.0884999994,0,"green",16
"137","Broadbalk_LMpred_BBalk_",1972,"potato","N2PKMg",87.3096578688194,16.8698179411327,182.632890122661,95.6084652387849,13.6210682195115,142.163564297447,121.634754106356,2633.14132849271,0,0,853.345095301412,6383.0884999994,0,"green",16
"138","Broadbalk_LMpred_BBalk_",1973,"beans","N2PKMg",128.040142778254,15.6235406831584,64.9501312699326,125.741732460249,16.4352130953503,48.9467976196701,121.634754106356,2633.14132849271,0,0,853.345095301412,6383.0884999994,0,"green",16
"139","Broadbalk_LMpred_BBalk_",1974,"wheat","N2PKMg",113.760112839301,21.0826401906311,73.4236604739642,109.530739247329,18.6400607974949,50.1079265716449,124.71606732214,2651.50908499322,0,0,773.067538523419,6408.53507128248,0,"green",16
"140","Broadbalk_LMpred_BBalk_",1975,"potato","N2PKMg",85.4921151540173,15.9625645324536,176.012820748393,89.5611242625438,13.6526974347518,141.407763470252,124.71606732214,2651.50908499322,0,0,773.067538523419,6408.53507128248,0,"green",16
"141","Broadbalk_LMpred_BBalk_",1976,"beans","N2PKMg",132.394612791628,15.4278824177897,62.2270611467982,128.244195751349,16.8071800714522,48.8463345381983,124.71606732214,2651.50908499322,0,0,773.067538523419,6408.53507128248,0,"green",16
"142","Broadbalk_LMpred_BBalk_",1977,"wheat","N2PKMg",113.861465567791,20.8615248613885,71.5484100354968,108.359813054353,18.7844606254229,49.8515255647342,124.830429134882,2670.33222148013,0,0,795.675612410231,6426.05909345851,0,"green",16
"143","Broadbalk_LMpred_BBalk_",1978,"potato","N2PKMg",83.6745724392147,15.0553111237745,169.392751374124,83.1888735005503,13.6263826628857,139.499126983571,124.830429134882,2670.33222148013,0,0,795.675612410231,6426.05909345851,0,"green",16
"144","Broadbalk_LMpred_BBalk_",1979,"potato","N2PKMg",83.0687248676134,14.7528933208814,167.186061582701,81.0898861544103,13.7507596406501,132.492648312581,124.830429134882,2670.33222148013,0,0,795.675612410231,6426.05909345851,0,"green",16
"145","Broadbalk_LMpred_BBalk_",1980,"wheat","N2PKMg",113.962818296282,20.640409532146,69.6731595970296,106.871187326685,19.0763964736208,46.7710288487502,123.637835356044,2688.03641414206,0,0,812.344504085972,6448.46134830461,0,"green",16
"146","Broadbalk_LMpred_BBalk_",1982,"potato","N2PKMg",81.2511821528104,13.8456399122023,160.565992208432,74.1511885609347,13.3320852150146,130.104938256674,123.637835356044,2688.03641414206,0,0,812.344504085972,6448.46134830461,0,"green",16
"147","Broadbalk_LMpred_BBalk_",1983,"wheat","N2PKMg",114.064171024773,20.4192942029035,67.7979091585625,105.776927295044,19.0349671610367,47.1092263374619,123.637835356044,2688.03641414206,0,0,812.344504085972,6448.46134830461,0,"green",16
"148","Broadbalk_LMpred_BBalk_",1985,"potato","N2PKMg",79.4336394380073,12.9383865035232,153.945922834163,67.0935709542833,13.043309048317,125.991928014802,126.885335721726,2706.16784555687,0,0,746.255668109729,6462.3866199834,0,"green",16
"149","Broadbalk_LMpred_BBalk_",1986,"wheat","N2PKMg",103.343028441201,20.165515621074,50.9527775456317,110.328772564247,19.4371447867894,47.8153780777342,126.885335721726,2706.16784555687,0,0,746.255668109729,6462.3866199834,0,"green",16
"150","Broadbalk_LMpred_BBalk_",1987,"wheat","N2PKMg",103.376812684032,20.0918105113265,50.3276940661426,110.153929755749,19.3362257612836,49.5003275200849,126.885335721726,2706.16784555687,0,0,746.255668109729,6462.3866199834,0,"green",16
"151","Broadbalk_LMpred_BBalk_",1988,"wheat","N2PKMg",103.410596926862,20.018105401579,49.7026105866536,109.900029203281,19.3163934514322,50.6843237740896,126.861421804803,2724.75654637844,0,0,777.741609358499,6471.95388111496,0,"green",16
"152","Broadbalk_LMpred_BBalk_",1990,"potato","N2PKMg",65.5819062679405,11.3936342364711,127.942592702586,60.7270321055377,12.7453197729775,123.871254921535,126.861421804803,2724.75654637844,0,0,777.741609358499,6471.95388111496,0,"green",16
"153","Broadbalk_LMpred_BBalk_",1991,"wheat","N2PKMg",103.511949655352,19.7969900723365,47.8273601481862,108.599193168962,19.5845500709641,49.1916032927826,126.861421804803,2724.75654637844,0,0,777.741609358499,6471.95388111496,0,"green",16
"154","Broadbalk_LMpred_BBalk_",1992,"wheat","N2PKMg",103.545733898183,19.723284962589,47.2022766686971,108.351500116889,19.4825412558268,50.4857079092274,125.752134327988,2742.22577305776,0,0,800.809189020138,6488.77837488167,0,"green",16
"155","Broadbalk_LMpred_BBalk_",1993,"wheat","N2PKMg",103.579518141013,19.6495798528415,46.5771931892081,108.054028844015,19.4597402073701,51.4053486848949,125.752134327988,2742.22577305776,0,0,800.809189020138,6488.77837488167,0,"green",16
"156","Broadbalk_LMpred_BBalk_",1995,"potato","N2PKMg",62.5526684099362,9.88154522200599,116.909143745472,48.2093332773841,11.5475265852191,107.792102736263,125.752134327988,2742.22577305776,0,0,800.809189020138,6488.77837488167,0,"green",16
"157","Broadbalk_LMpred_BBalk_",1996,"wheat","N2PKMg",103.680870869504,19.428464523599,44.7019427507406,106.79066194759,19.7692261481459,50.18562927154,129.11898594441,2760.20622400659,0,0,739.31692462706,6498.8628758045,0,"green",16
"158","Broadbalk_LMpred_BBalk_",1997,"wheat","N2PKMg",103.714655112334,19.3547594138515,44.0768592712516,106.500228269664,19.6361119323956,51.2262154006248,129.11898594441,2760.20622400659,0,0,739.31692462706,6498.8628758045,0,"green",16
"159","Broadbalk_LMpred_BBalk_",1998,"wheat","N2PKMg",103.748439355164,19.281054304104,43.4517757917626,106.175557060766,19.5976206497659,51.9724996830449,129.11898594441,2760.20622400659,0,0,739.31692462706,6498.8628758045,0,"green",16
"160","Broadbalk_LMpred_BBalk_",1999,"oats","N2PKMg",42.8668676346607,9.62853070891527,24.4977288062658,40.0629450663269,12.7254221930169,39.8356678222649,128.90963729549,2778.60839258405,0,0,773.622938298116,6505.71052759525,0,"green",16
"161","Broadbalk_LMpred_BBalk_",2000,"silage maize","N2PKMg",43.4838881254174,7.0606814976787,43.7915281812769,40.7189698541272,6.35228341950867,36.4255203257695,128.90963729549,2778.60839258405,0,0,773.622938298116,6505.71052759525,0,"green",16
"162","Broadbalk_LMpred_BBalk_",2001,"wheat","N2PKMg",74.1051909736592,14.9007659037996,33.4611272327202,75.0355100791704,17.1130564428917,48.4542194375343,128.90963729549,2778.60839258405,0,0,773.622938298116,6505.71052759525,0,"green",16
"163","Broadbalk_LMpred_BBalk_",2002,"wheat","N2PKMg",85.8500492451057,16.9512008991552,38.2010004856844,87.2174356228224,17.4737888660584,51.4567967763304,127.867002221284,2795.86656703284,0,0,798.881589462769,6520.60035086586,0,"green",16
"164","Broadbalk_LMpred_BBalk_",2003,"wheat","N2PKMg",85.883833487936,16.8774957894077,37.5759170061954,86.8174247722621,16.5443028935934,51.4908586404079,127.867002221284,2795.86656703284,0,0,798.881589462769,6520.60035086586,0,"green",16
"165","Broadbalk_LMpred_BBalk_",2004,"oats","N2PKMg",23.8495186074043,7.48428100991311,18.634182943854,22.452282856657,7.38089666605876,28.1703629825194,127.867002221284,2795.86656703284,0,0,798.881589462769,6520.60035086586,0,"green",16
"166","Broadbalk_LMpred_BBalk_",2005,"silage maize","N2PKMg",20.7689413740156,4.26404479632763,36.3617973686442,20.2434867029286,4.86514700374516,34.6838995412701,131.380212744295,2813.72697384694,0,0,740.442627864227,6529.54018548084,0,"green",16
"167","Broadbalk_LMpred_BBalk_",2006,"wheat","N2PKMg",85.9851862164268,16.6563804601652,35.7006665677282,85.6193468634904,16.316928025326,52.5321129215087,131.380212744295,2813.72697384694,0,0,740.442627864227,6529.54018548084,0,"green",16
"168","Broadbalk_LMpred_BBalk_",2007,"wheat","N2PKMg",94.6066447662642,17.3832517136615,39.643141643157,95.4766784213115,16.4826332678294,54.3847338439054,131.380212744295,2813.72697384694,0,0,740.442627864227,6529.54018548084,0,"green",16
"169","Broadbalk_LMpred_BBalk_",2008,"wheat","N2PKMg",94.6404290090944,17.309546603914,39.0180581636676,95.0528279262201,16.2088217742505,54.2157380159389,133.383897431103,2832.97252951948,0,0,702.610571874061,6524.87959315842,0,"green",16
"170","Broadbalk_LMpred_BBalk_",2009,"oats","N2PKMg",31.4533709685362,8.17564064011356,20.0886370244815,33.017507933413,10.1559767422648,38.6963464138258,133.383897431103,2832.97252951948,0,0,702.610571874061,6524.87959315842,0,"green",16
"171","Broadbalk_LMpred_BBalk_",2010,"silage maize","N2PKMg",24.6751960110016,4.30301742417916,36.2500664990508,23.7182730120768,4.83272627625155,36.4989284886649,133.383897431103,2832.97252951948,0,0,702.610571874061,6524.87959315842,0,"green",16
"172","Broadbalk_LMpred_BBalk_",2011,"wheat","N2PKMg",94.7417817375853,17.0884312746715,37.1428077252005,93.8950941044771,16.4972790911272,54.8885034487311,128.165838004457,2854.11416501462,0,0,751.836794515405,6518.88226812852,0,"green",16
"173","Broadbalk_LMpred_BBalk_",2012,"wheat","N2PKMg",94.7755659804156,17.014726164924,36.5177242457114,93.457198525397,16.0717587087168,54.6761513138538,128.165838004457,2854.11416501462,0,0,751.836794515405,6518.88226812852,0,"green",16
"174","Broadbalk_LMpred_BBalk_",2013,"wheat","N2PKMg",94.8093502232454,16.9410210551765,35.8926407662223,93.0356607851844,15.8479707355,54.5436999770847,128.165838004457,2854.11416501462,0,0,751.836794515405,6518.88226812852,0,"green",16
"175","Broadbalk_LMpred_BBalk_",2014,"oats","N2PKMg",30.4695490226596,8.06642390707014,16.975532550191,33.221188585397,10.0684310286719,39.2170468343631,133.066945971328,2870.88097183273,0,0,712.988636210756,6517.6254881765,0,"green",16
"176","Broadbalk_LMpred_BBalk_",2015,"silage maize","N2PKMg",19.99377634098,3.54141368878681,31.5707770745396,18.0836718955427,4.52202498349451,34.2264146809731,133.066945971328,2870.88097183273,0,0,712.988636210756,6517.6254881765,0,"green",16
"177","Broadbalk_LMpred_BBalk_",1968,"wheat","N2PKMg",113.557407382319,21.5248708491161,77.1741613508988,112.149648026358,18.3485679431281,53.4480162436394,133.066945971328,2870.88097183273,0,0,712.988636210756,6517.6254881765,0,"green",16
"178","Broadbalk_LMpred_BBalk_",1969,"potato","N2PKMg",89.1272005836234,17.7770713498118,189.25295949693,101.324541951793,13.5509302837061,144.830985494911,129.371654275099,2890.5412793708,0,0,757.25808015856,6516.2467738442,0,"green",16
"179","Broadbalk_LMpred_BBalk_",1970,"beans","N2PKMg",123.68567276488,15.819198948527,67.6732013930673,123.427917590214,16.0625017003517,49.8679039371595,129.371654275099,2890.5412793708,0,0,757.25808015856,6516.2467738442,0,"green",16
"180","Broadbalk_LMpred_BBalk_",1971,"wheat","N2PKMg",113.65876011081,21.3037555198736,75.2989109124314,110.760233133139,18.4884011169019,50.9288534781656,129.371654275099,2890.5412793708,0,0,757.25808015856,6516.2467738442,0,"green",16
"181","Broadbalk_LMpred_BBalk_",1972,"potato","N2PKMg",87.3096578688194,16.8698179411327,182.632890122661,95.6084652387849,13.6210682195115,142.163564297447,134.683149712588,2907.18647488499,0,0,720.576189266816,6516.93673672114,0,"green",16
"182","Broadbalk_LMpred_BBalk_",1973,"beans","N2PKMg",128.040142778254,15.6235406831584,64.9501312699326,125.741732460249,16.4352130953503,48.9467976196701,134.683149712588,2907.18647488499,0,0,720.576189266816,6516.93673672114,0,"green",16
"183","Broadbalk_LMpred_BBalk_",1974,"wheat","N2PKMg",113.760112839301,21.0826401906311,73.4236604739642,109.530739247329,18.6400607974949,50.1079265716449,134.683149712588,2907.18647488499,0,0,720.576189266816,6516.93673672114,0,"green",16
"184","Broadbalk_LMpred_BBalk_",1975,"potato","N2PKMg",85.4921151540173,15.9625645324536,176.012820748393,89.5611242625438,13.6526974347518,141.407763470252,133.123758696294,2924.3087211145,0,0,760.867826149631,6518.82972176059,0,"green",16
"185","Broadbalk_LMpred_BBalk_",1976,"beans","N2PKMg",132.394612791628,15.4278824177897,62.2270611467982,128.244195751349,16.8071800714522,48.8463345381983,133.123758696294,2924.3087211145,0,0,760.867826149631,6518.82972176059,0,"green",16
"186","Broadbalk_LMpred_BBalk_",1977,"wheat","N2PKMg",113.861465567791,20.8615248613885,71.5484100354968,108.359813054353,18.7844606254229,49.8515255647342,133.123758696294,2924.3087211145,0,0,760.867826149631,6518.82972176059,0,"green",16
"187","Broadbalk_LMpred_BBalk_",1978,"potato","N2PKMg",83.6745724392147,15.0553111237745,169.392751374124,83.1888735005503,13.6263826628857,139.499126983571,132.840564991644,2940.25568905786,0,0,789.917595082726,6530.27962530741,0,"green",16
"188","Broadbalk_LMpred_BBalk_",1979,"potato","N2PKMg",83.0687248676134,14.7528933208814,167.186061582701,81.0898861544103,13.7507596406501,132.492648312581,132.840564991644,2940.25568905786,0,0,789.917595082726,6530.27962530741,0,"green",16
"189","Broadbalk_LMpred_BBalk_",1980,"wheat","N2PKMg",113.962818296282,20.640409532146,69.6731595970296,106.871187326685,19.0763964736208,46.7710288487502,132.840564991644,2940.25568905786,0,0,789.917595082726,6530.27962530741,0,"green",16
"190","Broadbalk_LMpred_BBalk_",1982,"potato","N2PKMg",81.2511821528104,13.8456399122023,160.565992208432,74.1511885609347,13.3320852150146,130.104938256674,131.542189099287,2957.23763797591,0,0,800.009985457602,6559.50282097111,0,"green",16
"191","Broadbalk_LMpred_BBalk_",1983,"wheat","N2PKMg",114.064171024773,20.4192942029035,67.7979091585625,105.776927295044,19.0349671610367,47.1092263374619,131.542189099287,2957.23763797591,0,0,800.009985457602,6559.50282097111,0,"green",16
"192","Broadbalk_LMpred_BBalk_",1985,"potato","N2PKMg",79.4336394380073,12.9383865035232,153.945922834163,67.0935709542833,13.043309048317,125.991928014802,131.542189099287,2957.23763797591,0,0,800.009985457602,6559.50282097111,0,"green",16
"193","Broadbalk_LMpred_BBalk_",1986,"wheat","N2PKMg",103.343028441201,20.165515621074,50.9527775456317,110.328772564247,19.4371447867894,47.8153780777342,137.462860329608,2973.57164697262,0,0,755.961937722212,6569.67961378497,0,"green",16
"194","Broadbalk_LMpred_BBalk_",1987,"wheat","N2PKMg",103.376812684032,20.0918105113265,50.3276940661426,110.153929755749,19.3362257612836,49.5003275200849,137.462860329608,2973.57164697262,0,0,755.961937722212,6569.67961378497,0,"green",16
"195","Broadbalk_LMpred_BBalk_",1988,"wheat","N2PKMg",103.410596926862,20.018105401579,49.7026105866536,109.900029203281,19.3163934514322,50.6843237740896,137.462860329608,2973.57164697262,0,0,755.961937722212,6569.67961378497,0,"green",16
"196","Broadbalk_LMpred_BBalk_",1990,"potato","N2PKMg",65.5819062679405,11.3936342364711,127.942592702586,60.7270321055377,12.7453197729775,123.871254921535,135.873726786571,2990.57623044469,0,0,787.927668183203,6578.5222800312,0,"green",16
"197","Broadbalk_LMpred_BBalk_",1991,"wheat","N2PKMg",103.511949655352,19.7969900723365,47.8273601481862,108.599193168962,19.5845500709641,49.1916032927826,135.873726786571,2990.57623044469,0,0,787.927668183203,6578.5222800312,0,"green",16
"198","Broadbalk_LMpred_BBalk_",1992,"wheat","N2PKMg",103.545733898183,19.723284962589,47.2022766686971,108.351500116889,19.4825412558268,50.4857079092274,135.873726786571,2990.57623044469,0,0,787.927668183203,6578.5222800312,0,"green",16
"199","Broadbalk_LMpred_BBalk_",1993,"wheat","N2PKMg",103.579518141013,19.6495798528415,46.5771931892081,108.054028844015,19.4597402073701,51.4053486848949,135.574530820208,3006.39288515523,0,0,811.220649241915,6594.74359106326,0,"green",16
"200","Broadbalk_LMpred_BBalk_",1995,"potato","N2PKMg",62.5526684099362,9.88154522200599,116.909143745472,48.2093332773841,11.5475265852191,107.792102736263,135.574530820208,3006.39288515523,0,0,811.220649241915,6594.74359106326,0,"green",16
"201","Broadbalk_LMpred_BBalk_",1996,"wheat","N2PKMg",103.680870869504,19.428464523599,44.7019427507406,106.79066194759,19.7692261481459,50.18562927154,135.574530820208,3006.39288515523,0,0,811.220649241915,6594.74359106326,0,"green",16
"202","Broadbalk_LMpred_BBalk_",1997,"wheat","N2PKMg",103.714655112334,19.3547594138515,44.0768592712516,106.500228269664,19.6361119323956,51.2262154006248,134.362192170992,3023.14547232984,0,0,815.031229641119,6629.52759430969,0,"green",16
"203","Broadbalk_LMpred_BBalk_",1998,"wheat","N2PKMg",103.748439355164,19.281054304104,43.4517757917626,106.175557060766,19.5976206497659,51.9724996830449,134.362192170992,3023.14547232984,0,0,815.031229641119,6629.52759430969,0,"green",16
"204","Broadbalk_LMpred_BBalk_",1999,"oats","N2PKMg",42.8668676346607,9.62853070891527,24.4977288062658,40.0629450663269,12.7254221930169,39.8356678222649,134.362192170992,3023.14547232984,0,0,815.031229641119,6629.52759430969,0,"green",16
"205","Broadbalk_LMpred_BBalk_",2000,"silage maize","N2PKMg",43.4838881254174,7.0606814976787,43.7915281812769,40.7189698541272,6.35228341950867,36.4255203257695,141.167851498714,3039.7922864169,0,0,783.264125884096,6643.50259533044,0,"green",16
"206","Broadbalk_LMpred_BBalk_",2001,"wheat","N2PKMg",74.1051909736592,14.9007659037996,33.4611272327202,75.0355100791704,17.1130564428917,48.4542194375343,141.167851498714,3039.7922864169,0,0,783.264125884096,6643.50259533044,0,"green",16
"207","Broadbalk_LMpred_BBalk_",2002,"wheat","N2PKMg",85.8500492451057,16.9512008991552,38.2010004856844,87.2174356228224,17.4737888660584,51.4567967763304,141.167851498714,3039.7922864169,0,0,783.264125884096,6643.50259533044,0,"green",16
"208","Broadbalk_LMpred_BBalk_",2003,"wheat","N2PKMg",85.883833487936,16.8774957894077,37.5759170061954,86.8174247722621,16.5443028935934,51.4908586404079,139.036574452342,3057.15433731512,0,0,809.809470068295,6656.7716218747,0,"green",16
"209","Broadbalk_LMpred_BBalk_",2004,"oats","N2PKMg",23.8495186074043,7.48428100991311,18.634182943854,22.452282856657,7.38089666605876,28.1703629825194,139.036574452342,3057.15433731512,0,0,809.809470068295,6656.7716218747,0,"green",16
"210","Broadbalk_LMpred_BBalk_",2005,"silage maize","N2PKMg",20.7689413740156,4.26404479632763,36.3617973686442,20.2434867029286,4.86514700374516,34.6838995412701,139.036574452342,3057.15433731512,0,0,809.809470068295,6656.7716218747,0,"green",16
"211","Broadbalk_LMpred_BBalk_",2006,"wheat","N2PKMg",85.9851862164268,16.6563804601652,35.7006665677282,85.6193468634904,16.316928025326,52.5321129215087,138.508122666981,3073.04667716809,0,0,829.351080110506,6676.00379643187,0,"green",16
"212","Broadbalk_LMpred_BBalk_",2007,"wheat","N2PKMg",94.6066447662642,17.3832517136615,39.643141643157,95.4766784213115,16.4826332678294,54.3847338439054,138.508122666981,3073.04667716809,0,0,829.351080110506,6676.00379643187,0,"green",16
"213","Broadbalk_LMpred_BBalk_",2008,"wheat","N2PKMg",94.6404290090944,17.309546603914,39.0180581636676,95.0528279262201,16.2088217742505,54.2157380159389,138.508122666981,3073.04667716809,0,0,829.351080110506,6676.00379643187,0,"green",16
"214","Broadbalk_LMpred_BBalk_",2009,"oats","N2PKMg",31.4533709685362,8.17564064011356,20.0886370244815,33.017507933413,10.1559767422648,38.6963464138258,138.646910981056,3088.31026820425,0,0,844.023983757549,6699.35839310178,0,"green",16
"215","Broadbalk_LMpred_BBalk_",2010,"silage maize","N2PKMg",24.6751960110016,4.30301742417916,36.2500664990508,23.7182730120768,4.83272627625155,36.4989284886649,138.646910981056,3088.31026820425,0,0,844.023983757549,6699.35839310178,0,"green",16
"216","Broadbalk_LMpred_BBalk_",2011,"wheat","N2PKMg",94.7417817375853,17.0884312746715,37.1428077252005,93.8950941044771,16.4972790911272,54.8885034487311,138.646910981056,3088.31026820425,0,0,844.023983757549,6699.35839310178,0,"green",16
"217","Broadbalk_LMpred_BBalk_",2012,"wheat","N2PKMg",94.7755659804156,17.014726164924,36.5177242457114,93.457198525397,16.0717587087168,54.6761513138538,143.884791835954,3105.34696515633,0,0,866.353400465437,6727.19330857163,0,"green",16
"218","Broadbalk_LMpred_BBalk_",2013,"wheat","N2PKMg",94.8093502232454,16.9410210551765,35.8926407662223,93.0356607851844,15.8479707355,54.5436999770847,143.884791835954,3105.34696515633,0,0,866.353400465437,6727.19330857163,0,"green",16
"219","Broadbalk_LMpred_BBalk_",2014,"oats","N2PKMg",30.4695490226596,8.06642390707014,16.975532550191,33.221188585397,10.0684310286719,39.2170468343631,143.884791835954,3105.34696515633,0,0,866.353400465437,6727.19330857163,0,"green",16
"220","Broadbalk_LMpred_BBalk_",2015,"silage maize","N2PKMg",19.99377634098,3.54141368878681,31.5707770745396,18.0836718955427,4.52202498349451,34.2264146809731,151.261431145325,3126.61804242745,0,0,886.994573346833,6760.12661536446,0,"green",16
"221","Broadbalk_LMpred_BBalk_",1968,"wheat","N2PKMg",113.557407382319,21.5248708491161,77.1741613508988,112.149648026358,18.3485679431281,53.4480162436394,151.261431145325,3126.61804242745,0,0,886.994573346833,6760.12661536446,0,"green",16
"222","Broadbalk_LMpred_BBalk_",1969,"potato","N2PKMg",89.1272005836234,17.7770713498118,189.25295949693,101.324541951793,13.5509302837061,144.830985494911,151.261431145325,3126.61804242745,0,0,886.994573346833,6760.12661536446,0,"green",16
"223","Broadbalk_LMpred_BBalk_",1970,"beans","N2PKMg",123.68567276488,15.819198948527,67.6732013930673,123.427917590214,16.0625017003517,49.8679039371595,147.705244382958,3148.06117274693,0,0,893.064575990249,6795.60239328351,0,"green",16
"224","Broadbalk_LMpred_BBalk_",1971,"wheat","N2PKMg",113.65876011081,21.3037555198736,75.2989109124314,110.760233133139,18.4884011169019,50.9288534781656,147.705244382958,3148.06117274693,0,0,893.064575990249,6795.60239328351,0,"green",16
"225","Broadbalk_LMpred_BBalk_",1972,"potato","N2PKMg",87.3096578688194,16.8698179411327,182.632890122661,95.6084652387849,13.6210682195115,142.163564297447,147.705244382958,3148.06117274693,0,0,893.064575990249,6795.60239328351,0,"green",16
"226","Broadbalk_LMpred_BBalk_",1973,"beans","N2PKMg",128.040142778254,15.6235406831584,64.9501312699326,125.741732460249,16.4352130953503,48.9467976196701,130.691365270906,3147.60126299292,0,0,896.051482306065,6831.15869019136,0,"green",16
"227","Broadbalk_LMpred_BBalk_",1974,"wheat","N2PKMg",113.760112839301,21.0826401906311,73.4236604739642,109.530739247329,18.6400607974949,50.1079265716449,130.691365270906,3147.60126299292,0,0,896.051482306065,6831.15869019136,0,"green",16
"228","Broadbalk_LMpred_BBalk_",1975,"potato","N2PKMg",85.4921151540173,15.9625645324536,176.012820748393,89.5611242625438,13.6526974347518,141.407763470252,130.691365270906,3147.60126299292,0,0,896.051482306065,6831.15869019136,0,"green",16
"229","Broadbalk_LMpred_BBalk_",1976,"beans","N2PKMg",132.394612791628,15.4278824177897,62.2270611467982,128.244195751349,16.8071800714522,48.8463345381983,123.197997707218,3138.55032766301,0,0,899.294506398568,6866.42480745845,0,"green",16
"230","Broadbalk_LMpred_BBalk_",1977,"wheat","N2PKMg",113.861465567791,20.8615248613885,71.5484100354968,108.359813054353,18.7844606254229,49.8515255647342,123.197997707218,3138.55032766301,0,0,899.294506398568,6866.42480745845,0,"green",16
"231","Broadbalk_LMpred_BBalk_",1978,"potato","N2PKMg",83.6745724392147,15.0553111237745,169.392751374124,83.1888735005503,13.6263826628857,139.499126983571,123.197997707218,3138.55032766301,0,0,899.294506398568,6866.42480745845,0,"green",16
"232","Broadbalk_LMpred_BBalk_",1979,"potato","N2PKMg",83.0687248676134,14.7528933208814,167.186061582701,81.0898861544103,13.7507596406501,132.492648312581,125.844176082319,3128.52325262186,0,0,923.071062338099,6904.4778885364,0,"green",16
"233","Broadbalk_LMpred_BBalk_",1980,"wheat","N2PKMg",113.962818296282,20.640409532146,69.6731595970296,106.871187326685,19.0763964736208,46.7710288487502,125.844176082319,3128.52325262186,0,0,923.071062338099,6904.4778885364,0,"green",16
"234","Broadbalk_LMpred_BBalk_",1982,"potato","N2PKMg",81.2511821528104,13.8456399122023,160.565992208432,74.1511885609347,13.3320852150146,130.104938256674,125.844176082319,3128.52325262186,0,0,923.071062338099,6904.4778885364,0,"green",16
"235","Broadbalk_LMpred_BBalk_",1983,"wheat","N2PKMg",114.064171024773,20.4192942029035,67.7979091585625,105.776927295044,19.0349671610367,47.1092263374619,128.642749153779,3120.85953254665,0,0,936.448020464541,6946.41703086869,0,"green",16
"236","Broadbalk_LMpred_BBalk_",1985,"potato","N2PKMg",79.4336394380073,12.9383865035232,153.945922834163,67.0935709542833,13.043309048317,125.991928014802,128.642749153779,3120.85953254665,0,0,936.448020464541,6946.41703086869,0,"green",16
"237","Broadbalk_LMpred_BBalk_",1986,"wheat","N2PKMg",103.343028441201,20.165515621074,50.9527775456317,110.328772564247,19.4371447867894,47.8153780777342,128.642749153779,3120.85953254665,0,0,936.448020464541,6946.41703086869,0,"green",16
"238","Broadbalk_LMpred_BBalk_",1987,"wheat","N2PKMg",103.376812684032,20.0918105113265,50.3276940661426,110.153929755749,19.3362257612836,49.5003275200849,121.763147539737,3111.42220613537,0,0,932.213127295405,6988.11981111631,0,"green",16
"239","Broadbalk_LMpred_BBalk_",1988,"wheat","N2PKMg",103.410596926862,20.018105401579,49.7026105866536,109.900029203281,19.3163934514322,50.6843237740896,121.763147539737,3111.42220613537,0,0,932.213127295405,6988.11981111631,0,"green",16
"240","Broadbalk_LMpred_BBalk_",1990,"potato","N2PKMg",65.5819062679405,11.3936342364711,127.942592702586,60.7270321055377,12.7453197729775,123.871254921535,121.763147539737,3111.42220613537,0,0,932.213127295405,6988.11981111631,0,"green",16
"241","Broadbalk_LMpred_BBalk_",1991,"wheat","N2PKMg",103.511949655352,19.7969900723365,47.8273601481862,108.599193168962,19.5845500709641,49.1916032927826,118.140375839029,3098.56234456825,0,0,928.589168696213,7027.3590358716,0,"green",16
"242","Broadbalk_LMpred_BBalk_",1992,"wheat","N2PKMg",103.545733898183,19.723284962589,47.2022766686971,108.351500116889,19.4825412558268,50.4857079092274,118.140375839029,3098.56234456825,0,0,928.589168696213,7027.3590358716,0,"green",16
"243","Broadbalk_LMpred_BBalk_",1993,"wheat","N2PKMg",103.579518141013,19.6495798528415,46.5771931892081,108.054028844015,19.4597402073701,51.4053486848949,118.140375839029,3098.56234456825,0,0,928.589168696213,7027.3590358716,0,"green",16
"244","Broadbalk_LMpred_BBalk_",1995,"potato","N2PKMg",62.5526684099362,9.88154522200599,116.909143745472,48.2093332773841,11.5475265852191,107.792102736263,116.30279502366,3084.19110360937,0,0,927.116340042431,7064.61612650945,0,"green",16
"245","Broadbalk_LMpred_BBalk_",1996,"wheat","N2PKMg",103.680870869504,19.428464523599,44.7019427507406,106.79066194759,19.7692261481459,50.18562927154,116.30279502366,3084.19110360937,0,0,927.116340042431,7064.61612650945,0,"green",16
"246","Broadbalk_LMpred_BBalk_",1997,"wheat","N2PKMg",103.714655112334,19.3547594138515,44.0768592712516,106.500228269664,19.6361119323956,51.2262154006248,116.30279502366,3084.19110360937,0,0,927.116340042431,7064.61612650945,0,"green",16
"247","Broadbalk_LMpred_BBalk_",1998,"wheat","N2PKMg",103.748439355164,19.281054304104,43.4517757917626,106.175557060766,19.5976206497659,51.9724996830449,119.344661231292,3070.99326065947,0,0,940.580349582554,7102.4557705555,0,"green",16
"248","Broadbalk_LMpred_BBalk_",1999,"oats","N2PKMg",42.8668676346607,9.62853070891527,24.4977288062658,40.0629450663269,12.7254221930169,39.8356678222649,119.344661231292,3070.99326065947,0,0,940.580349582554,7102.4557705555,0,"green",16
"249","Broadbalk_LMpred_BBalk_",2000,"silage maize","N2PKMg",43.4838881254174,7.0606814976787,43.7915281812769,40.7189698541272,6.35228341950867,36.4255203257695,119.344661231292,3070.99326065947,0,0,940.580349582554,7102.4557705555,0,"green",16
"250","Broadbalk_LMpred_BBalk_",2001,"wheat","N2PKMg",74.1051909736592,14.9007659037996,33.4611272327202,75.0355100791704,17.1130564428917,48.4542194375343,124.238318834506,3061.26687678001,0,0,953.743191130639,7142.79400051875,0,"green",16
"251","Broadbalk_LMpred_BBalk_",2002,"wheat","N2PKMg",85.8500492451057,16.9512008991552,38.2010004856844,87.2174356228224,17.4737888660584,51.4567967763304,124.238318834506,3061.26687678001,0,0,953.743191130639,7142.79400051875,0,"green",16
"252","Broadbalk_LMpred_BBalk_",2003,"wheat","N2PKMg",85.883833487936,16.8774957894077,37.5759170061954,86.8174247722621,16.5443028935934,51.4908586404079,124.238318834506,3061.26687678001,0,0,953.743191130639,7142.79400051875,0,"green",16
"253","Broadbalk_LMpred_BBalk_",2004,"oats","N2PKMg",23.8495186074043,7.48428100991311,18.634182943854,22.452282856657,7.38089666605876,28.1703629825194,118.163765436461,3050.84415108692,0,0,948.838324732239,7182.81036346842,0,"green",16
"254","Broadbalk_LMpred_BBalk_",2005,"silage maize","N2PKMg",20.7689413740156,4.26404479632763,36.3617973686442,20.2434867029286,4.86514700374516,34.6838995412701,118.163765436461,3050.84415108692,0,0,948.838324732239,7182.81036346842,0,"green",16
"255","Broadbalk_LMpred_BBalk_",2006,"wheat","N2PKMg",85.9851862164268,16.6563804601652,35.7006665677282,85.6193468634904,16.316928025326,52.5321129215087,118.163765436461,3050.84415108692,0,0,948.838324732239,7182.81036346842,0,"green",16
"256","Broadbalk_LMpred_BBalk_",2007,"wheat","N2PKMg",94.6066447662642,17.3832517136615,39.643141643157,95.4766784213115,16.4826332678294,54.3847338439054,115.315097141967,3037.6210606727,0,0,946.456934455692,7220.51560243111,0,"green",16
"257","Broadbalk_LMpred_BBalk_",2008,"wheat","N2PKMg",94.6404290090944,17.309546603914,39.0180581636676,95.0528279262201,16.2088217742505,54.2157380159389,115.315097141967,3037.6210606727,0,0,946.456934455692,7220.51560243111,0,"green",16
"258","Broadbalk_LMpred_BBalk_",2009,"oats","N2PKMg",31.4533709685362,8.17564064011356,20.0886370244815,33.017507933413,10.1559767422648,38.6963464138258,115.315097141967,3037.6210606727,0,0,946.456934455692,7220.51560243111,0,"green",16
"259","Broadbalk_LMpred_BBalk_",2010,"silage maize","N2PKMg",24.6751960110016,4.30301742417916,36.2500664990508,23.7182730120768,4.83272627625155,36.4989284886649,113.804644756143,3023.28354232303,0,0,945.848098562349,7256.58073834737,0,"green",16
"260","Broadbalk_LMpred_BBalk_",2011,"wheat","N2PKMg",94.7417817375853,17.0884312746715,37.1428077252005,93.8950941044771,16.4972790911272,54.8885034487311,113.804644756143,3023.28354232303,0,0,945.848098562349,7256.58073834737,0,"green",16
"261","Broadbalk_LMpred_BBalk_",2012,"wheat","N2PKMg",94.7755659804156,17.014726164924,36.5177242457114,93.457198525397,16.0717587087168,54.6761513138538,113.804644756143,3023.28354232303,0,0,945.848098562349,7256.58073834737,0,"green",16
"262","Broadbalk_LMpred_BBalk_",2013,"wheat","N2PKMg",94.8093502232454,16.9410210551765,35.8926407662223,93.0356607851844,15.8479707355,54.5436999770847,116.811869139301,3010.2078869112,0,0,959.763636004704,7293.44815407065,0,"green",16
"263","Broadbalk_LMpred_BBalk_",2014,"oats","N2PKMg",30.4695490226596,8.06642390707014,16.975532550191,33.221188585397,10.0684310286719,39.2170468343631,116.811869139301,3010.2078869112,0,0,959.763636004704,7293.44815407065,0,"green",16
"264","Broadbalk_LMpred_BBalk_",2015,"silage maize","N2PKMg",19.99377634098,3.54141368878681,31.5707770745396,18.0836718955427,4.52202498349451,34.2264146809731,116.811869139301,3010.2078869112,0,0,959.763636004704,7293.44815407065,0,"green",16
"265","Broadbalk_LMpred_BBalk_",1968,"wheat","N4PKMg",111.075500301944,20.030228241712,29.9550116332073,112.149648026358,18.3485679431281,53.4480162436394,123.090679029733,2615.03397151246,0,0,855.903981536158,6343.9776300083,0,"darkgreen",1
"266","Broadbalk_LMpred_BBalk_",1969,"potato","N4PKMg",86.7659697240319,15.1530898831438,119.312223654345,101.324541951793,13.5509302837061,144.830985494911,123.090679029733,2615.03397151246,0,0,855.903981536158,6343.9776300083,0,"darkgreen",1
"267","Broadbalk_LMpred_BBalk_",1970,"beans","N4PKMg",105.937116320436,13.2696185770989,34.8941450930708,123.427917590214,16.0625017003517,49.8679039371595,123.090679029733,2615.03397151246,0,0,855.903981536158,6343.9776300083,0,"darkgreen",1
"268","Broadbalk_LMpred_BBalk_",1971,"wheat","N4PKMg",111.176853030435,19.8091129124695,28.0797611947399,110.760233133139,18.4884011169019,50.9288534781656,121.634754106356,2633.14132849271,0,0,853.345095301412,6383.0884999994,0,"darkgreen",1
"269","Broadbalk_LMpred_BBalk_",1972,"potato","N4PKMg",84.948427009228,14.2458364744647,112.692154280076,95.6084652387849,13.6210682195115,142.163564297447,121.634754106356,2633.14132849271,0,0,853.345095301412,6383.0884999994,0,"darkgreen",1
"270","Broadbalk_LMpred_BBalk_",1973,"beans","N4PKMg",110.291586333811,13.0739603117302,32.1710749699362,125.741732460249,16.4352130953503,48.9467976196701,121.634754106356,2633.14132849271,0,0,853.345095301412,6383.0884999994,0,"darkgreen",1
"271","Broadbalk_LMpred_BBalk_",1974,"wheat","N4PKMg",111.278205758926,19.587997583227,26.2045107562728,109.530739247329,18.6400607974949,50.1079265716449,124.71606732214,2651.50908499322,0,0,773.067538523419,6408.53507128248,0,"darkgreen",1
"272","Broadbalk_LMpred_BBalk_",1975,"potato","N4PKMg",83.1308842944259,13.3385830657856,106.072084905807,89.5611242625438,13.6526974347518,141.407763470252,124.71606732214,2651.50908499322,0,0,773.067538523419,6408.53507128248,0,"darkgreen",1
"273","Broadbalk_LMpred_BBalk_",1976,"beans","N4PKMg",114.646056347185,12.8783020463616,29.4480048468017,128.244195751349,16.8071800714522,48.8463345381983,124.71606732214,2651.50908499322,0,0,773.067538523419,6408.53507128248,0,"darkgreen",1
"274","Broadbalk_LMpred_BBalk_",1977,"wheat","N4PKMg",111.379558487416,19.3668822539845,24.3292603178053,108.359813054353,18.7844606254229,49.8515255647342,124.830429134882,2670.33222148013,0,0,795.675612410231,6426.05909345851,0,"darkgreen",1
"275","Broadbalk_LMpred_BBalk_",1978,"potato","N4PKMg",81.3133415796233,12.4313296571065,99.4520155315388,83.1888735005503,13.6263826628857,139.499126983571,124.830429134882,2670.33222148013,0,0,795.675612410231,6426.05909345851,0,"darkgreen",1
"276","Broadbalk_LMpred_BBalk_",1979,"potato","N4PKMg",80.707494008022,12.1289118542134,97.2453257401155,81.0898861544103,13.7507596406501,132.492648312581,124.830429134882,2670.33222148013,0,0,795.675612410231,6426.05909345851,0,"darkgreen",1
"277","Broadbalk_LMpred_BBalk_",1980,"wheat","N4PKMg",111.480911215907,19.1457669247419,22.4540098793381,106.871187326685,19.0763964736208,46.7710288487502,123.637835356044,2688.03641414206,0,0,812.344504085972,6448.46134830461,0,"darkgreen",1
"278","Broadbalk_LMpred_BBalk_",1982,"potato","N4PKMg",78.8899512932189,11.2216584455343,90.625256365847,74.1511885609347,13.3320852150146,130.104938256674,123.637835356044,2688.03641414206,0,0,812.344504085972,6448.46134830461,0,"darkgreen",1
"279","Broadbalk_LMpred_BBalk_",1983,"wheat","N4PKMg",111.582263944398,18.9246515954994,20.578759440871,105.776927295044,19.0349671610367,47.1092263374619,123.637835356044,2688.03641414206,0,0,812.344504085972,6448.46134830461,0,"darkgreen",1
"280","Broadbalk_LMpred_BBalk_",1985,"potato","N4PKMg",77.0724085784159,10.3144050368552,84.005186991578,67.0935709542833,13.043309048317,125.991928014802,126.885335721726,2706.16784555687,0,0,746.255668109729,6462.3866199834,0,"darkgreen",1
"281","Broadbalk_LMpred_BBalk_",1986,"wheat","N4PKMg",108.326687481572,20.7144407997336,58.1959753451382,110.328772564247,19.4371447867894,47.8153780777342,126.885335721726,2706.16784555687,0,0,746.255668109729,6462.3866199834,0,"darkgreen",1
"282","Broadbalk_LMpred_BBalk_",1987,"wheat","N4PKMg",108.360471724402,20.6407356899861,57.5708918656491,110.153929755749,19.3362257612836,49.5003275200849,126.885335721726,2706.16784555687,0,0,746.255668109729,6462.3866199834,0,"darkgreen",1
"283","Broadbalk_LMpred_BBalk_",1988,"wheat","N4PKMg",108.394255967232,20.5670305802386,56.9458083861601,109.900029203281,19.3163934514322,50.6843237740896,126.861421804803,2724.75654637844,0,0,777.741609358499,6471.95388111496,0,"darkgreen",1
"284","Broadbalk_LMpred_BBalk_",1990,"potato","N4PKMg",70.6862415290952,10.8132205558666,112.464204377198,60.7270321055377,12.7453197729775,123.871254921535,126.861421804803,2724.75654637844,0,0,777.741609358499,6471.95388111496,0,"darkgreen",1
"285","Broadbalk_LMpred_BBalk_",1991,"wheat","N4PKMg",108.495608695723,20.3459152509961,55.0705579476926,108.599193168962,19.5845500709641,49.1916032927826,126.861421804803,2724.75654637844,0,0,777.741609358499,6471.95388111496,0,"darkgreen",1
"286","Broadbalk_LMpred_BBalk_",1992,"wheat","N4PKMg",108.529392938553,20.2722101412486,54.4454744682036,108.351500116889,19.4825412558268,50.4857079092274,125.752134327988,2742.22577305776,0,0,800.809189020138,6488.77837488167,0,"darkgreen",1
"287","Broadbalk_LMpred_BBalk_",1993,"wheat","N4PKMg",108.563177181384,20.198505031501,53.8203909887146,108.054028844015,19.4597402073701,51.4053486848949,125.752134327988,2742.22577305776,0,0,800.809189020138,6488.77837488167,0,"darkgreen",1
"288","Broadbalk_LMpred_BBalk_",1995,"potato","N4PKMg",67.6570036710909,9.30113154140144,101.430755420084,48.2093332773841,11.5475265852191,107.792102736263,125.752134327988,2742.22577305776,0,0,800.809189020138,6488.77837488167,0,"darkgreen",1
"289","Broadbalk_LMpred_BBalk_",1996,"wheat","N4PKMg",108.664529909875,19.9773897022585,51.9451405502471,106.79066194759,19.7692261481459,50.18562927154,129.11898594441,2760.20622400659,0,0,739.31692462706,6498.8628758045,0,"darkgreen",1
"290","Broadbalk_LMpred_BBalk_",1997,"wheat","N4PKMg",108.698314152704,19.903684592511,51.3200570707581,106.500228269664,19.6361119323956,51.2262154006248,129.11898594441,2760.20622400659,0,0,739.31692462706,6498.8628758045,0,"darkgreen",1
"291","Broadbalk_LMpred_BBalk_",1998,"wheat","N4PKMg",108.732098395535,19.8299794827635,50.694973591269,106.175557060766,19.5976206497659,51.9724996830449,129.11898594441,2760.20622400659,0,0,739.31692462706,6498.8628758045,0,"darkgreen",1
"292","Broadbalk_LMpred_BBalk_",1999,"oats","N4PKMg",13.6640004761553,7.46422762480888,22.5259619613005,40.0629450663269,12.7254221930169,39.8356678222649,128.90963729549,2778.60839258405,0,0,773.622938298116,6505.71052759525,0,"darkgreen",1
"293","Broadbalk_LMpred_BBalk_",2000,"silage maize","N4PKMg",14.4938966055071,4.78286052785301,39.4080904753607,40.7189698541272,6.35228341950867,36.4255203257695,128.90963729549,2778.60839258405,0,0,773.622938298116,6505.71052759525,0,"darkgreen",1
"294","Broadbalk_LMpred_BBalk_",2001,"wheat","N4PKMg",102.036849186639,17.1604966757543,35.0631910586101,75.0354940000127,17.1130373801569,48.4541776878869,128.90963729549,2778.60839258405,0,0,773.622938298116,6505.71052759525,0,"darkgreen",1
"295","Broadbalk_LMpred_BBalk_",2002,"wheat","N4PKMg",138.308522485306,21.639199406402,50.2360024058416,151.077363781161,22.3506265979937,58.4822793194487,127.867002221284,2795.86656703284,0,0,798.881589462769,6520.60035086586,0,"darkgreen",1
"296","Broadbalk_LMpred_BBalk_",2003,"wheat","N4PKMg",138.342306728136,21.5654942966545,49.6109189263526,150.281052946301,21.9762421127183,58.3195990555743,127.867002221284,2795.86656703284,0,0,798.881589462769,6520.60035086586,0,"darkgreen",1
"297","Broadbalk_LMpred_BBalk_",2004,"oats","N4PKMg",42.1214656487282,9.45905125439396,21.454220219539,25.6406298046777,8.656247279033,32.1868427394421,127.867002221284,2795.86656703284,0,0,798.881589462769,6520.60035086586,0,"darkgreen",1
"298","Broadbalk_LMpred_BBalk_",2005,"silage maize","N4PKMg",39.2537640539342,6.12529715508913,36.7701637833783,36.448394727516,6.51482237311598,38.0046463618385,131.380212744295,2813.72697384694,0,0,740.442627864227,6529.54018548084,0,"darkgreen",1
"299","Broadbalk_LMpred_BBalk_",2006,"wheat","N4PKMg",138.443659456627,21.344378967412,47.7356684878853,148.233190778712,22.9890361628968,59.8268484219317,131.380212744295,2813.72697384694,0,0,740.442627864227,6529.54018548084,0,"darkgreen",1
"300","Broadbalk_LMpred_BBalk_",2007,"wheat","N4PKMg",144.822977119945,22.3449695223317,53.2882955785417,158.561878326273,22.7451569070995,60.1397792252493,131.380212744295,2813.72697384694,0,0,740.442627864227,6529.54018548084,0,"darkgreen",1
"301","Broadbalk_LMpred_BBalk_",2008,"wheat","N4PKMg",144.856761362775,22.2712644125842,52.6632120990524,157.748633662125,22.489502070556,59.8829016586034,133.383897431103,2832.97252951948,0,0,702.610571874061,6524.87959315842,0,"darkgreen",1
"302","Broadbalk_LMpred_BBalk_",2009,"oats","N4PKMg",47.4831771233408,10.4241301860177,24.518826315394,39.1264088743376,12.8011899957187,41.3030733785107,133.383897431103,2832.97252951948,0,0,702.610571874061,6524.87959315842,0,"darkgreen",1
"303","Broadbalk_LMpred_BBalk_",2010,"silage maize","N4PKMg",40.9178778044017,6.43798908436397,38.2685849290125,39.7202928073965,6.62332607941457,38.4947684093632,133.383897431103,2832.97252951948,0,0,702.610571874061,6524.87959315842,0,"darkgreen",1
"304","Broadbalk_LMpred_BBalk_",2011,"wheat","N4PKMg",144.958114091266,22.0501490833416,50.7879616605853,155.675940755122,23.5294852782569,61.0731995310516,128.165838004457,2854.11416501462,0,0,751.836794515405,6518.88226812852,0,"darkgreen",1
"305","Broadbalk_LMpred_BBalk_",2012,"wheat","N4PKMg",144.991898334096,21.9764439735941,50.1628781810962,154.843256702496,22.9496727210542,60.7150532270394,128.165838004457,2854.11416501462,0,0,751.836794515405,6518.88226812852,0,"darkgreen",1
"306","Broadbalk_LMpred_BBalk_",2013,"wheat","N4PKMg",145.025682576926,21.9027388638466,49.5377947016071,154.036543788621,22.7298770434041,60.4986035521531,128.165838004457,2854.11416501462,0,0,751.836794515405,6518.88226812852,0,"darkgreen",1
"307","Broadbalk_LMpred_BBalk_",2014,"oats","N4PKMg",46.4993551774642,10.3149134529743,21.4057218411036,40.514004864109,13.1897039643653,42.3084941875227,133.066945971328,2870.88097183273,0,0,712.988636210756,6517.6254881765,0,"darkgreen",1
"308","Broadbalk_LMpred_BBalk_",2015,"silage maize","N4PKMg",36.2364581343802,5.67638534897162,33.5892955045013,33.5094242782053,6.60614892116746,39.127730500481,133.066945971328,2870.88097183273,0,0,712.988636210756,6517.6254881765,0,"darkgreen",1
"309","Broadbalk_LMpred_BBalk_",1968,"wheat","N4PKMg",111.075500301944,20.030228241712,29.9550116332073,112.149648026358,18.3485679431281,53.4480162436394,133.066945971328,2870.88097183273,0,0,712.988636210756,6517.6254881765,0,"darkgreen",1
"310","Broadbalk_LMpred_BBalk_",1969,"potato","N4PKMg",86.7659697240319,15.1530898831438,119.312223654345,101.324541951793,13.5509302837061,144.830985494911,129.371654275099,2890.5412793708,0,0,757.25808015856,6516.2467738442,0,"darkgreen",1
"311","Broadbalk_LMpred_BBalk_",1970,"beans","N4PKMg",105.937116320436,13.2696185770989,34.8941450930708,123.427917590214,16.0625017003517,49.8679039371595,129.371654275099,2890.5412793708,0,0,757.25808015856,6516.2467738442,0,"darkgreen",1
"312","Broadbalk_LMpred_BBalk_",1971,"wheat","N4PKMg",111.176853030435,19.8091129124695,28.0797611947399,110.760233133139,18.4884011169019,50.9288534781656,129.371654275099,2890.5412793708,0,0,757.25808015856,6516.2467738442,0,"darkgreen",1
"313","Broadbalk_LMpred_BBalk_",1972,"potato","N4PKMg",84.948427009228,14.2458364744647,112.692154280076,95.6084652387849,13.6210682195115,142.163564297447,134.683149712588,2907.18647488499,0,0,720.576189266816,6516.93673672114,0,"darkgreen",1
"314","Broadbalk_LMpred_BBalk_",1973,"beans","N4PKMg",110.291586333811,13.0739603117302,32.1710749699362,125.741732460249,16.4352130953503,48.9467976196701,134.683149712588,2907.18647488499,0,0,720.576189266816,6516.93673672114,0,"darkgreen",1
"315","Broadbalk_LMpred_BBalk_",1974,"wheat","N4PKMg",111.278205758926,19.587997583227,26.2045107562728,109.530739247329,18.6400607974949,50.1079265716449,134.683149712588,2907.18647488499,0,0,720.576189266816,6516.93673672114,0,"darkgreen",1
"316","Broadbalk_LMpred_BBalk_",1975,"potato","N4PKMg",83.1308842944259,13.3385830657856,106.072084905807,89.5611242625438,13.6526974347518,141.407763470252,133.123758696294,2924.3087211145,0,0,760.867826149631,6518.82972176059,0,"darkgreen",1
"317","Broadbalk_LMpred_BBalk_",1976,"beans","N4PKMg",114.646056347185,12.8783020463616,29.4480048468017,128.244195751349,16.8071800714522,48.8463345381983,133.123758696294,2924.3087211145,0,0,760.867826149631,6518.82972176059,0,"darkgreen",1
"318","Broadbalk_LMpred_BBalk_",1977,"wheat","N4PKMg",111.379558487416,19.3668822539845,24.3292603178053,108.359813054353,18.7844606254229,49.8515255647342,133.123758696294,2924.3087211145,0,0,760.867826149631,6518.82972176059,0,"darkgreen",1
"319","Broadbalk_LMpred_BBalk_",1978,"potato","N4PKMg",81.3133415796233,12.4313296571065,99.4520155315388,83.1888735005503,13.6263826628857,139.499126983571,132.840564991644,2940.25568905786,0,0,789.917595082726,6530.27962530741,0,"darkgreen",1
"320","Broadbalk_LMpred_BBalk_",1979,"potato","N4PKMg",80.707494008022,12.1289118542134,97.2453257401155,81.0898861544103,13.7507596406501,132.492648312581,132.840564991644,2940.25568905786,0,0,789.917595082726,6530.27962530741,0,"darkgreen",1
"321","Broadbalk_LMpred_BBalk_",1980,"wheat","N4PKMg",111.480911215907,19.1457669247419,22.4540098793381,106.871187326685,19.0763964736208,46.7710288487502,132.840564991644,2940.25568905786,0,0,789.917595082726,6530.27962530741,0,"darkgreen",1
"322","Broadbalk_LMpred_BBalk_",1982,"potato","N4PKMg",78.8899512932189,11.2216584455343,90.625256365847,74.1511885609347,13.3320852150146,130.104938256674,131.542189099287,2957.23763797591,0,0,800.009985457602,6559.50282097111,0,"darkgreen",1
"323","Broadbalk_LMpred_BBalk_",1983,"wheat","N4PKMg",111.582263944398,18.9246515954994,20.578759440871,105.776927295044,19.0349671610367,47.1092263374619,131.542189099287,2957.23763797591,0,0,800.009985457602,6559.50282097111,0,"darkgreen",1
"324","Broadbalk_LMpred_BBalk_",1985,"potato","N4PKMg",77.0724085784159,10.3144050368552,84.005186991578,67.0935709542833,13.043309048317,125.991928014802,131.542189099287,2957.23763797591,0,0,800.009985457602,6559.50282097111,0,"darkgreen",1
"325","Broadbalk_LMpred_BBalk_",1986,"wheat","N4PKMg",108.326687481572,20.7144407997336,58.1959753451382,110.328772564247,19.4371447867894,47.8153780777342,137.462860329608,2973.57164697262,0,0,755.961937722212,6569.67961378497,0,"darkgreen",1
"326","Broadbalk_LMpred_BBalk_",1987,"wheat","N4PKMg",108.360471724402,20.6407356899861,57.5708918656491,110.153929755749,19.3362257612836,49.5003275200849,137.462860329608,2973.57164697262,0,0,755.961937722212,6569.67961378497,0,"darkgreen",1
"327","Broadbalk_LMpred_BBalk_",1988,"wheat","N4PKMg",108.394255967232,20.5670305802386,56.9458083861601,109.900029203281,19.3163934514322,50.6843237740896,137.462860329608,2973.57164697262,0,0,755.961937722212,6569.67961378497,0,"darkgreen",1
"328","Broadbalk_LMpred_BBalk_",1990,"potato","N4PKMg",70.6862415290952,10.8132205558666,112.464204377198,60.7270321055377,12.7453197729775,123.871254921535,135.873726786571,2990.57623044469,0,0,787.927668183203,6578.5222800312,0,"darkgreen",1
"329","Broadbalk_LMpred_BBalk_",1991,"wheat","N4PKMg",108.495608695723,20.3459152509961,55.0705579476926,108.599193168962,19.5845500709641,49.1916032927826,135.873726786571,2990.57623044469,0,0,787.927668183203,6578.5222800312,0,"darkgreen",1
"330","Broadbalk_LMpred_BBalk_",1992,"wheat","N4PKMg",108.529392938553,20.2722101412486,54.4454744682036,108.351500116889,19.4825412558268,50.4857079092274,135.873726786571,2990.57623044469,0,0,787.927668183203,6578.5222800312,0,"darkgreen",1
"331","Broadbalk_LMpred_BBalk_",1993,"wheat","N4PKMg",108.563177181384,20.198505031501,53.8203909887146,108.054028844015,19.4597402073701,51.4053486848949,135.574530820208,3006.39288515523,0,0,811.220649241915,6594.74359106326,0,"darkgreen",1
"332","Broadbalk_LMpred_BBalk_",1995,"potato","N4PKMg",67.6570036710909,9.30113154140144,101.430755420084,48.2093332773841,11.5475265852191,107.792102736263,135.574530820208,3006.39288515523,0,0,811.220649241915,6594.74359106326,0,"darkgreen",1
"333","Broadbalk_LMpred_BBalk_",1996,"wheat","N4PKMg",108.664529909875,19.9773897022585,51.9451405502471,106.79066194759,19.7692261481459,50.18562927154,135.574530820208,3006.39288515523,0,0,811.220649241915,6594.74359106326,0,"darkgreen",1
"334","Broadbalk_LMpred_BBalk_",1997,"wheat","N4PKMg",108.698314152704,19.903684592511,51.3200570707581,106.500228269664,19.6361119323956,51.2262154006248,134.362192170992,3023.14547232984,0,0,815.031229641119,6629.52759430969,0,"darkgreen",1
"335","Broadbalk_LMpred_BBalk_",1998,"wheat","N4PKMg",108.732098395535,19.8299794827635,50.694973591269,106.175557060766,19.5976206497659,51.9724996830449,134.362192170992,3023.14547232984,0,0,815.031229641119,6629.52759430969,0,"darkgreen",1
"336","Broadbalk_LMpred_BBalk_",1999,"oats","N4PKMg",13.6640004761553,7.46422762480888,22.5259619613005,40.0629450663269,12.7254221930169,39.8356678222649,134.362192170992,3023.14547232984,0,0,815.031229641119,6629.52759430969,0,"darkgreen",1
"337","Broadbalk_LMpred_BBalk_",2000,"silage maize","N4PKMg",14.4938966055071,4.78286052785301,39.4080904753607,40.7189698541272,6.35228341950867,36.4255203257695,141.167851498714,3039.7922864169,0,0,783.264125884096,6643.50259533044,0,"darkgreen",1
"338","Broadbalk_LMpred_BBalk_",2001,"wheat","N4PKMg",102.036849186639,17.1604966757543,35.0631910586101,75.0354940000127,17.1130373801569,48.4541776878869,141.167851498714,3039.7922864169,0,0,783.264125884096,6643.50259533044,0,"darkgreen",1
"339","Broadbalk_LMpred_BBalk_",2002,"wheat","N4PKMg",138.308522485306,21.639199406402,50.2360024058416,151.077363781161,22.3506265979937,58.4822793194487,141.167851498714,3039.7922864169,0,0,783.264125884096,6643.50259533044,0,"darkgreen",1
"340","Broadbalk_LMpred_BBalk_",2003,"wheat","N4PKMg",138.342306728136,21.5654942966545,49.6109189263526,150.281052946301,21.9762421127183,58.3195990555743,139.036574452342,3057.15433731512,0,0,809.809470068295,6656.7716218747,0,"darkgreen",1
"341","Broadbalk_LMpred_BBalk_",2004,"oats","N4PKMg",42.1214656487282,9.45905125439396,21.454220219539,25.6406298046777,8.656247279033,32.1868427394421,139.036574452342,3057.15433731512,0,0,809.809470068295,6656.7716218747,0,"darkgreen",1
"342","Broadbalk_LMpred_BBalk_",2005,"silage maize","N4PKMg",39.2537640539342,6.12529715508913,36.7701637833783,36.448394727516,6.51482237311598,38.0046463618385,139.036574452342,3057.15433731512,0,0,809.809470068295,6656.7716218747,0,"darkgreen",1
"343","Broadbalk_LMpred_BBalk_",2006,"wheat","N4PKMg",138.443659456627,21.344378967412,47.7356684878853,148.233190778712,22.9890361628968,59.8268484219317,138.508122666981,3073.04667716809,0,0,829.351080110506,6676.00379643187,0,"darkgreen",1
"344","Broadbalk_LMpred_BBalk_",2007,"wheat","N4PKMg",144.822977119945,22.3449695223317,53.2882955785417,158.561878326273,22.7451569070995,60.1397792252493,138.508122666981,3073.04667716809,0,0,829.351080110506,6676.00379643187,0,"darkgreen",1
"345","Broadbalk_LMpred_BBalk_",2008,"wheat","N4PKMg",144.856761362775,22.2712644125842,52.6632120990524,157.748633662125,22.489502070556,59.8829016586034,138.508122666981,3073.04667716809,0,0,829.351080110506,6676.00379643187,0,"darkgreen",1
"346","Broadbalk_LMpred_BBalk_",2009,"oats","N4PKMg",47.4831771233408,10.4241301860177,24.518826315394,39.1264088743376,12.8011899957187,41.3030733785107,138.646910981056,3088.31026820425,0,0,844.023983757549,6699.35839310178,0,"darkgreen",1
"347","Broadbalk_LMpred_BBalk_",2010,"silage maize","N4PKMg",40.9178778044017,6.43798908436397,38.2685849290125,39.7202928073965,6.62332607941457,38.4947684093632,138.646910981056,3088.31026820425,0,0,844.023983757549,6699.35839310178,0,"darkgreen",1
"348","Broadbalk_LMpred_BBalk_",2011,"wheat","N4PKMg",144.958114091266,22.0501490833416,50.7879616605853,155.675940755122,23.5294852782569,61.0731995310516,138.646910981056,3088.31026820425,0,0,844.023983757549,6699.35839310178,0,"darkgreen",1
"349","Broadbalk_LMpred_BBalk_",2012,"wheat","N4PKMg",144.991898334096,21.9764439735941,50.1628781810962,154.843256702496,22.9496727210542,60.7150532270394,143.884791835954,3105.34696515633,0,0,866.353400465437,6727.19330857163,0,"darkgreen",1
"350","Broadbalk_LMpred_BBalk_",2013,"wheat","N4PKMg",145.025682576926,21.9027388638466,49.5377947016071,154.036543788621,22.7298770434041,60.4986035521531,143.884791835954,3105.34696515633,0,0,866.353400465437,6727.19330857163,0,"darkgreen",1
"351","Broadbalk_LMpred_BBalk_",2014,"oats","N4PKMg",46.4993551774642,10.3149134529743,21.4057218411036,40.514004864109,13.1897039643653,42.3084941875227,143.884791835954,3105.34696515633,0,0,866.353400465437,6727.19330857163,0,"darkgreen",1
"352","Broadbalk_LMpred_BBalk_",2015,"silage maize","N4PKMg",36.2364581343802,5.67638534897162,33.5892955045013,33.5094242782053,6.60614892116746,39.127730500481,151.261431145325,3126.61804242745,0,0,886.994573346833,6760.12661536446,0,"darkgreen",1
"353","Broadbalk_LMpred_BBalk_",1968,"wheat","N4PKMg",111.075500301944,20.030228241712,29.9550116332073,112.149648026358,18.3485679431281,53.4480162436394,151.261431145325,3126.61804242745,0,0,886.994573346833,6760.12661536446,0,"darkgreen",1
"354","Broadbalk_LMpred_BBalk_",1969,"potato","N4PKMg",86.7659697240319,15.1530898831438,119.312223654345,101.324541951793,13.5509302837061,144.830985494911,151.261431145325,3126.61804242745,0,0,886.994573346833,6760.12661536446,0,"darkgreen",1
"355","Broadbalk_LMpred_BBalk_",1970,"beans","N4PKMg",105.937116320436,13.2696185770989,34.8941450930708,123.427917590214,16.0625017003517,49.8679039371595,147.705545951453,3148.06089024117,0,0,893.064970669392,6795.60204035401,0,"darkgreen",1
"356","Broadbalk_LMpred_BBalk_",1971,"wheat","N4PKMg",111.176853030435,19.8091129124695,28.0797611947399,110.760233133139,18.4884011169019,50.9288534781656,147.705545951453,3148.06089024117,0,0,893.064970669392,6795.60204035401,0,"darkgreen",1
"357","Broadbalk_LMpred_BBalk_",1972,"potato","N4PKMg",84.948427009228,14.2458364744647,112.692154280076,95.6084652387849,13.6210682195115,142.163564297447,147.705545951453,3148.06089024117,0,0,893.064970669392,6795.60204035401,0,"darkgreen",1
"358","Broadbalk_LMpred_BBalk_",1973,"beans","N4PKMg",110.291586333811,13.0739603117302,32.1710749699362,125.741732460249,16.4352130953503,48.9467976196701,142.851827869173,3165.56398172545,0,0,889.938450622018,6830.24628108194,0,"darkgreen",1
"359","Broadbalk_LMpred_BBalk_",1974,"wheat","N4PKMg",111.278205758926,19.587997583227,26.2045107562728,109.530739247329,18.6400607974949,50.1079265716449,142.851827869173,3165.56398172545,0,0,889.938450622018,6830.24628108194,0,"darkgreen",1
"360","Broadbalk_LMpred_BBalk_",1975,"potato","N4PKMg",83.1308842944259,13.3385830657856,106.072084905807,89.5611242625438,13.6526974347518,141.407763470252,142.851827869173,3165.56398172545,0,0,889.938450622018,6830.24628108194,0,"darkgreen",1
"361","Broadbalk_LMpred_BBalk_",1976,"beans","N4PKMg",114.646056347185,12.8783020463616,29.4480048468017,128.244195751349,16.8071800714522,48.8463345381983,141.189608694768,3180.24995878714,0,0,888.704216242714,6863.16091640567,0,"darkgreen",1
"362","Broadbalk_LMpred_BBalk_",1977,"wheat","N4PKMg",111.379558487416,19.3668822539845,24.3292603178053,108.359813054353,18.7844606254229,49.8515255647342,141.189608694768,3180.24995878714,0,0,888.704216242714,6863.16091640567,0,"darkgreen",1
"363","Broadbalk_LMpred_BBalk_",1978,"potato","N4PKMg",81.3133415796233,12.4313296571065,99.4520155315388,83.1888735005503,13.6263826628857,139.499126983571,141.189608694768,3180.24995878714,0,0,888.704216242714,6863.16091640567,0,"darkgreen",1
"364","Broadbalk_LMpred_BBalk_",1979,"potato","N4PKMg",80.707494008022,12.1289118542134,97.2453257401155,81.0898861544103,13.7507596406501,132.492648312581,150.084022273568,3197.69929792931,0,0,911.469456275252,6898.20883363369,0,"darkgreen",1
"365","Broadbalk_LMpred_BBalk_",1980,"wheat","N4PKMg",111.480911215907,19.1457669247419,22.4540098793381,106.871187326685,19.0763964736208,46.7710288487502,150.084022273568,3197.69929792931,0,0,911.469456275252,6898.20883363369,0,"darkgreen",1
"366","Broadbalk_LMpred_BBalk_",1982,"potato","N4PKMg",78.8899512932189,11.2216584455343,90.625256365847,74.1511885609347,13.3320852150146,130.104938256674,150.084022273568,3197.69929792931,0,0,911.469456275252,6898.20883363369,0,"darkgreen",1
"367","Broadbalk_LMpred_BBalk_",1983,"wheat","N4PKMg",111.582263944398,18.9246515954994,20.578759440871,105.776927295044,19.0349671610367,47.1092263374619,156.231778969476,3220.03671886029,0,0,924.604330941216,6937.06931260589,0,"darkgreen",1
"368","Broadbalk_LMpred_BBalk_",1985,"potato","N4PKMg",77.0724085784159,10.3144050368552,84.005186991578,67.0935709542833,13.043309048317,125.991928014802,156.231778969476,3220.03671886029,0,0,924.604330941216,6937.06931260589,0,"darkgreen",1
"369","Broadbalk_LMpred_BBalk_",1986,"wheat","N4PKMg",108.326687481572,20.7144407997336,58.1959753451382,110.328772564247,19.4371447867894,47.8153780777342,156.231778969476,3220.03671886029,0,0,924.604330941216,6937.06931260589,0,"darkgreen",1
"370","Broadbalk_LMpred_BBalk_",1987,"wheat","N4PKMg",108.360471724402,20.6407356899861,57.5708918656491,110.153929755749,19.3362257612836,49.5003275200849,148.138423721397,3240.14103794547,0,0,916.647024126306,6975.19977099886,0,"darkgreen",1
"371","Broadbalk_LMpred_BBalk_",1988,"wheat","N4PKMg",108.394255967232,20.5670305802386,56.9458083861601,109.900029203281,19.3163934514322,50.6843237740896,148.138423721397,3240.14103794547,0,0,916.647024126306,6975.19977099886,0,"darkgreen",1
"372","Broadbalk_LMpred_BBalk_",1990,"potato","N4PKMg",70.6862415290952,10.8132205558666,112.464204377198,60.7270321055377,12.7453197729775,123.871254921535,148.138423721397,3240.14103794547,0,0,916.647024126306,6975.19977099886,0,"darkgreen",1
"373","Broadbalk_LMpred_BBalk_",1991,"wheat","N4PKMg",108.495608695723,20.3459152509961,55.0705579476926,108.599193168962,19.5845500709641,49.1916032927826,144.894912245702,3255.63939251407,0,0,911.446272147793,7010.26074375213,0,"darkgreen",1
"374","Broadbalk_LMpred_BBalk_",1992,"wheat","N4PKMg",108.529392938553,20.2722101412486,54.4454744682036,108.351500116889,19.4825412558268,50.4857079092274,144.894912245702,3255.63939251407,0,0,911.446272147793,7010.26074375213,0,"darkgreen",1
"375","Broadbalk_LMpred_BBalk_",1993,"wheat","N4PKMg",108.563177181384,20.198505031501,53.8203909887146,108.054028844015,19.4597402073701,51.4053486848949,144.894912245702,3255.63939251407,0,0,911.446272147793,7010.26074375213,0,"darkgreen",1
"376","Broadbalk_LMpred_BBalk_",1995,"potato","N4PKMg",67.6570036710909,9.30113154140144,101.430755420084,48.2093332773841,11.5475265852191,107.792102736263,143.874845176968,3269.16995751225,0,0,908.737752609709,7043.0863616316,0,"darkgreen",1
"377","Broadbalk_LMpred_BBalk_",1996,"wheat","N4PKMg",108.664529909875,19.9773897022585,51.9451405502471,106.79066194759,19.7692261481459,50.18562927154,143.874845176968,3269.16995751225,0,0,908.737752609709,7043.0863616316,0,"darkgreen",1
"378","Broadbalk_LMpred_BBalk_",1997,"wheat","N4PKMg",108.698314152704,19.903684592511,51.3200570707581,106.500228269664,19.6361119323956,51.2262154006248,143.874845176968,3269.16995751225,0,0,908.737752609709,7043.0863616316,0,"darkgreen",1
"379","Broadbalk_LMpred_BBalk_",1998,"wheat","N4PKMg",108.732098395535,19.8299794827635,50.694973591269,106.175557060766,19.5976206497659,51.9724996830449,150.488437242815,3284.75517545068,0,0,923.802160602585,7076.71888026021,0,"darkgreen",1
"380","Broadbalk_LMpred_BBalk_",1999,"oats","N4PKMg",13.6640004761553,7.46422762480888,22.5259619613005,40.0629450663269,12.7254221930169,39.8356678222649,150.488437242815,3284.75517545068,0,0,923.802160602585,7076.71888026021,0,"darkgreen",1
"381","Broadbalk_LMpred_BBalk_",2000,"silage maize","N4PKMg",14.4938966055071,4.78286052785301,39.4080904753607,40.7189698541272,6.35228341950867,36.4255203257695,150.488437242815,3284.75517545068,0,0,923.802160602585,7076.71888026021,0,"darkgreen",1
"382","Broadbalk_LMpred_BBalk_",2001,"wheat","N4PKMg",102.036849186639,17.1604966757543,35.0631910586101,75.0354940000127,17.1130373801569,48.4541776878869,158.350884233846,3305.26940238023,0,0,938.591376550987,7113.43489590245,0,"darkgreen",1
"383","Broadbalk_LMpred_BBalk_",2002,"wheat","N4PKMg",138.308522485306,21.639199406402,50.2360024058416,151.077363781161,22.3506265979937,58.4822793194487,158.350884233846,3305.26940238023,0,0,938.591376550987,7113.43489590245,0,"darkgreen",1
"384","Broadbalk_LMpred_BBalk_",2003,"wheat","N4PKMg",138.342306728136,21.5654942966545,49.6109189263526,150.281052946301,21.9762421127183,58.3195990555743,158.350884233846,3305.26940238023,0,0,938.591376550987,7113.43489590245,0,"darkgreen",1
"385","Broadbalk_LMpred_BBalk_",2004,"oats","N4PKMg",42.1214656487282,9.45905125439396,21.454220219539,25.6406298046777,8.656247279033,32.1868427394421,150.730950517491,3324.35985081833,0,0,931.166449129052,7149.78662379334,0,"darkgreen",1
"386","Broadbalk_LMpred_BBalk_",2005,"silage maize","N4PKMg",39.2537640539342,6.12529715508913,36.7701637833783,36.448394727516,6.51482237311598,38.0046463618385,150.730950517491,3324.35985081833,0,0,931.166449129052,7149.78662379334,0,"darkgreen",1
"387","Broadbalk_LMpred_BBalk_",2006,"wheat","N4PKMg",138.443659456627,21.344378967412,47.7356684878853,148.233190778712,22.9890361628968,59.8268484219317,150.730950517491,3324.35985081833,0,0,931.166449129052,7149.78662379334,0,"darkgreen",1
"388","Broadbalk_LMpred_BBalk_",2007,"wheat","N4PKMg",144.822977119945,22.3449695223317,53.2882955785417,158.561878326273,22.7451569070995,60.1397792252493,147.923934811155,3339.21719380361,0,0,926.901139662614,7183.33688003274,0,"darkgreen",1
"389","Broadbalk_LMpred_BBalk_",2008,"wheat","N4PKMg",144.856761362775,22.2712644125842,52.6632120990524,157.748633662125,22.489502070556,59.8829016586034,147.923934811155,3339.21719380361,0,0,926.901139662614,7183.33688003274,0,"darkgreen",1
"390","Broadbalk_LMpred_BBalk_",2009,"oats","N4PKMg",47.4831771233408,10.4241301860177,24.518826315394,39.1264088743376,12.8011899957187,41.3030733785107,147.923934811155,3339.21719380361,0,0,926.901139662614,7183.33688003274,0,"darkgreen",1
"391","Broadbalk_LMpred_BBalk_",2010,"silage maize","N4PKMg",40.9178778044017,6.43798908436397,38.2685849290125,39.7202928073965,6.62332607941457,38.4947684093632,147.073579345941,3352.33767222543,0,0,924.821762703648,7214.91765343955,0,"darkgreen",1
"392","Broadbalk_LMpred_BBalk_",2011,"wheat","N4PKMg",144.958114091266,22.0501490833416,50.7879616605853,155.675940755122,23.5294852782569,61.0731995310516,147.073579345941,3352.33767222543,0,0,924.821762703648,7214.91765343955,0,"darkgreen",1
"393","Broadbalk_LMpred_BBalk_",2012,"wheat","N4PKMg",144.991898334096,21.9764439735941,50.1628781810962,154.843256702496,22.9496727210542,60.7150532270394,147.073579345941,3352.33767222543,0,0,924.821762703648,7214.91765343955,0,"darkgreen",1
"394","Broadbalk_LMpred_BBalk_",2013,"wheat","N4PKMg",145.025682576926,21.9027388638466,49.5377947016071,154.036543788621,22.7298770434041,60.4986035521531,153.656035638529,3367.56551196847,0,0,939.987322184417,7247.44359977126,0,"darkgreen",1
"395","Broadbalk_LMpred_BBalk_",2014,"oats","N4PKMg",46.4993551774642,10.3149134529743,21.4057218411036,40.514004864109,13.1897039643653,42.3084941875227,153.656035638529,3367.56551196847,0,0,939.987322184417,7247.44359977126,0,"darkgreen",1
"396","Broadbalk_LMpred_BBalk_",2015,"silage maize","N4PKMg",36.2364581343802,5.67638534897162,33.5892955045013,33.5094242782053,6.60614892116746,39.127730500481,153.656035638529,3367.56551196847,0,0,939.987322184417,7247.44359977126,0,"darkgreen",1
"397","Broadbalk_LMpred_BBalk_",1968,"wheat","N5PKMg",130.228953296833,22.3015964932212,68.9982535194817,145.573523363379,19.0384466312635,54.9769062160234,119.049073934711,2561.45690109357,0,0,833.110290363316,6231.16383297081,0,"magenta",16
"398","Broadbalk_LMpred_BBalk_",1969,"potato","N5PKMg",74.7693996738319,13.5814596751964,179.426279719793,123.242574188355,13.4991323833194,141.387603600747,119.049073934711,2561.45690109357,0,0,833.110290363316,6231.16383297081,0,"magenta",16
"399","Broadbalk_LMpred_BBalk_",1970,"beans","N5PKMg",127.10115509821,16.99947480567,66.202977550211,124.777419028966,16.2313319676641,49.1791890675954,119.049073934711,2561.45690109357,0,0,833.110290363316,6231.16383297081,0,"magenta",16
"400","Broadbalk_LMpred_BBalk_",1971,"wheat","N5PKMg",130.330306025324,22.0804811639787,67.1230030810143,143.363979789756,19.3250740166596,52.4761955570622,117.991908392707,2578.4756200043,0,0,831.565589035733,6267.73162808237,0,"magenta",16
"401","Broadbalk_LMpred_BBalk_",1972,"potato","N5PKMg",72.9518569590289,12.6742062665173,172.806210345524,117.058243049636,13.6793310379741,139.32421452673,117.991908392707,2578.4756200043,0,0,831.565589035733,6267.73162808237,0,"magenta",16
"402","Broadbalk_LMpred_BBalk_",1973,"beans","N5PKMg",131.455625111585,16.8038165403013,63.4799074270763,126.461613176996,16.5202729420347,48.3359217296994,117.991908392707,2578.4756200043,0,0,831.565589035733,6267.73162808237,0,"magenta",16
"403","Broadbalk_LMpred_BBalk_",1974,"wheat","N5PKMg",130.431658753814,21.8593658347361,65.2477526425472,141.515574635254,19.534005197545,51.6994536687237,121.754659428184,2596.21373658551,0,0,756.297015350857,6291.6125981665,0,"magenta",16
"404","Broadbalk_LMpred_BBalk_",1975,"potato","N5PKMg",71.1343142442259,11.7669528578382,166.186140971255,110.155365706044,13.7995542493422,139.271218015458,121.754659428184,2596.21373658551,0,0,756.297015350857,6291.6125981665,0,"magenta",16
"405","Broadbalk_LMpred_BBalk_",1976,"beans","N5PKMg",135.810095124959,16.6081582749327,60.7568373039419,128.336773406221,16.8074295762291,48.2196291399978,121.754659428184,2596.21373658551,0,0,756.297015350857,6291.6125981665,0,"magenta",16
"406","Broadbalk_LMpred_BBalk_",1977,"wheat","N5PKMg",130.533011482305,21.6382505054936,63.3725022040797,139.788495831224,19.7297615630488,51.4750000683762,122.02584559616,2614.71121844987,0,0,780.261389812643,6308.46903463711,0,"magenta",16
"407","Broadbalk_LMpred_BBalk_",1978,"potato","N5PKMg",69.3167715294242,10.859699449159,159.566071596987,102.628180959536,13.8707371169285,139.920102338932,122.02584559616,2614.71121844987,0,0,780.261389812643,6308.46903463711,0,"magenta",16
"408","Broadbalk_LMpred_BBalk_",1979,"potato","N5PKMg",68.7109239578229,10.557281646266,157.359381805564,100.224483687826,14.0668020892804,134.789166455376,122.02584559616,2614.71121844987,0,0,780.261389812643,6308.46903463711,0,"magenta",16
"409","Broadbalk_LMpred_BBalk_",1980,"wheat","N5PKMg",130.634364210796,21.4171351762511,61.4972517656125,137.266063715731,20.0684396708869,47.8450193602354,120.438381274241,2631.97360875513,0,0,795.989609473612,6330.26461941908,0,"magenta",16
"410","Broadbalk_LMpred_BBalk_",1982,"potato","N5PKMg",66.8933812430189,9.65002823758686,150.739312431295,91.5401770955499,13.7249314135222,134.876884409148,120.438381274241,2631.97360875513,0,0,795.989609473612,6330.26461941908,0,"magenta",16
"411","Broadbalk_LMpred_BBalk_",1983,"wheat","N5PKMg",130.735716939287,21.1960198470086,59.6220013271454,135.668695236295,20.0560388156273,48.0915961632803,120.438381274241,2631.97360875513,0,0,795.989609473612,6330.26461941908,0,"magenta",16
"412","Broadbalk_LMpred_BBalk_",1985,"potato","N5PKMg",65.0758385282168,8.74277482890777,144.119243057026,82.6806038460724,13.55687104325,132.808656796944,124.027114494027,2649.70554449737,0,0,732.984291565273,6343.94572280069,0,"magenta",16
"413","Broadbalk_LMpred_BBalk_",1986,"wheat","N5PKMg",191.336957517882,26.7971811231514,86.017768085635,216.318482493409,20.5401928765436,50.54205872472,124.027114494027,2649.70554449737,0,0,732.984291565273,6343.94572280069,0,"magenta",16
"414","Broadbalk_LMpred_BBalk_",1987,"wheat","N5PKMg",191.370741760713,26.7234760134039,85.3926846061459,216.997293406927,20.6328559046106,52.6789259096051,124.027114494027,2649.70554449737,0,0,732.984291565273,6343.94572280069,0,"magenta",16
"415","Broadbalk_LMpred_BBalk_",1988,"wheat","N5PKMg",191.404526003543,26.6497709036564,84.7676011266569,217.133113672012,20.7457972607062,54.1861655736202,124.138293823809,2668.07409222555,0,0,764.861814323562,6353.7322783127,0,"magenta",16
"416","Broadbalk_LMpred_BBalk_",1990,"potato","N5PKMg",122.546488520316,13.052962419828,161.356811296869,116.453812934257,14.4668154137059,140.556570174597,124.138293823809,2668.07409222555,0,0,764.861814323562,6353.7322783127,0,"magenta",16
"417","Broadbalk_LMpred_BBalk_",1991,"wheat","N5PKMg",191.505878732033,26.4286555744139,82.8923506881895,213.08195860647,20.8845933218807,51.7476887465987,124.138293823809,2668.07409222555,0,0,764.861814323562,6353.7322783127,0,"magenta",16
"418","Broadbalk_LMpred_BBalk_",1992,"wheat","N5PKMg",191.539662974864,26.3549504646664,82.2672672087004,213.412760880642,20.9660414858906,53.5739686379643,122.527470901498,2685.15090995032,0,0,786.313357338176,6370.58128162937,0,"magenta",16
"419","Broadbalk_LMpred_BBalk_",1993,"wheat","N5PKMg",191.573447217694,26.2812453549189,81.6421837292114,213.334431864991,21.0707901293076,54.8698765680147,122.527470901498,2685.15090995032,0,0,786.313357338176,6370.58128162937,0,"magenta",16
"420","Broadbalk_LMpred_BBalk_",1995,"potato","N5PKMg",119.517250662312,11.5408734053628,150.323362339755,95.8450832969439,14.301516729701,142.099270553265,122.527470901498,2685.15090995032,0,0,786.313357338176,6370.58128162937,0,"magenta",16
"421","Broadbalk_LMpred_BBalk_",1996,"wheat","N5PKMg",191.674799946185,26.0601300256764,79.7669332907439,209.172656010729,21.2138950092163,52.1158373831153,126.163065807309,2702.71576079517,0,0,726.866430700455,6380.75699025163,0,"magenta",16
"422","Broadbalk_LMpred_BBalk_",1997,"wheat","N5PKMg",191.708584189015,25.9864249159288,79.1418498112549,209.390896385196,21.2782711962064,53.8934899436335,126.163065807309,2702.71576079517,0,0,726.866430700455,6380.75699025163,0,"magenta",16
"423","Broadbalk_LMpred_BBalk_",1998,"wheat","N5PKMg",191.742368431845,25.9127198061813,78.5167663317659,209.236546768991,21.3750753849512,55.1552548733615,126.163065807309,2702.71576079517,0,0,726.866430700455,6380.75699025163,0,"magenta",16
"424","Broadbalk_LMpred_BBalk_",1999,"oats","N5PKMg",60.755629002075,16.4206140398932,61.4759691527734,55.9150221259392,14.1511299810513,41.8633619982845,126.175826002486,2720.89557102376,0,0,761.387008091399,6388.01678372068,0,"magenta",16
"425","Broadbalk_LMpred_BBalk_",2000,"silage maize","N5PKMg",31.9489475244698,6.94927236332228,42.8626183851895,61.523025525191,6.15439185441159,35.0701848335445,126.175826002486,2720.89557102376,0,0,761.387008091399,6388.01678372068,0,"magenta",16
"426","Broadbalk_LMpred_BBalk_",2001,"wheat","N5PKMg",158.296185550081,19.7369012818213,54.4723778225829,160.23461313582,22.4348936113462,56.9939140422296,126.175826002486,2720.89557102376,0,0,761.387008091399,6388.01678372068,0,"magenta",16
"427","Broadbalk_LMpred_BBalk_",2002,"wheat","N5PKMg",204.986076983181,24.933438456243,72.6814880576323,180.557382054761,20.2372000526133,57.9361111405872,124.577282223286,2737.76435323991,0,0,784.859124198232,6403.06966754547,0,"magenta",16
"428","Broadbalk_LMpred_BBalk_",2003,"wheat","N5PKMg",205.019861226011,24.8597333464955,72.0564045781432,179.593357067771,18.7134600020252,57.9757954107574,124.577282223286,2737.76435323991,0,0,784.859124198232,6403.06966754547,0,"magenta",16
"429","Broadbalk_LMpred_BBalk_",2004,"oats","N5PKMg",72.880378636213,15.6269363959015,55.0279203223062,27.2347868812115,8.97292174293015,33.3520313069991,124.577282223286,2737.76435323991,0,0,784.859124198232,6403.06966754547,0,"magenta",16
"430","Broadbalk_LMpred_BBalk_",2005,"silage maize","N5PKMg",40.3760994344637,5.50320771698168,34.8483846045014,39.9910972180202,5.02262900590297,34.9162160802146,128.301456456914,2755.16944188935,0,0,726.130656861991,6411.87803254278,0,"magenta",16
"431","Broadbalk_LMpred_BBalk_",2006,"wheat","N5PKMg",205.121213954502,24.638618017253,70.181154139676,176.972668622708,18.6294834432865,60.030683264787,128.301456456914,2755.16944188935,0,0,726.130656861991,6411.87803254278,0,"magenta",16
"432","Broadbalk_LMpred_BBalk_",2007,"wheat","N5PKMg",209.681374762319,24.5951970312378,73.5153820293653,186.641998739358,18.003411836522,59.9705816109105,128.301456456914,2755.16944188935,0,0,726.130656861991,6411.87803254278,0,"magenta",16
"433","Broadbalk_LMpred_BBalk_",2008,"wheat","N5PKMg",209.715159005149,24.5214919214903,72.8902985498759,185.298725369278,17.6317763023409,59.5912363925279,130.346097213572,2774.05799904341,0,0,686.446523474606,6406.77299947479,0,"magenta",16
"434","Broadbalk_LMpred_BBalk_",2009,"oats","N5PKMg",76.4229332553243,15.5480037865904,55.8741272171941,41.9896052672423,10.8416134339829,41.6446461248358,130.346097213572,2774.05799904341,0,0,686.446523474606,6406.77299947479,0,"magenta",16
"435","Broadbalk_LMpred_BBalk_",2010,"silage maize","N5PKMg",40.2210563294291,4.77188810532167,34.1284065491685,41.5431922302229,4.83645934621251,35.0266297918042,130.346097213572,2774.05799904341,0,0,686.446523474606,6406.77299947479,0,"magenta",16
"436","Broadbalk_LMpred_BBalk_",2011,"wheat","N5PKMg",209.81651173364,24.3003765922478,71.0150481114088,183.279980765711,18.2222496653804,61.3475571123535,125.128655018462,2794.20699709137,0,0,735.953146015041,6399.42131160753,0,"magenta",16
"437","Broadbalk_LMpred_BBalk_",2012,"wheat","N5PKMg",209.85029597647,24.2266714825003,70.3899646319198,181.607133245395,17.5405782544956,60.6893768897243,125.128655018462,2794.20699709137,0,0,735.953146015041,6399.42131160753,0,"magenta",16
"438","Broadbalk_LMpred_BBalk_",2013,"wheat","N5PKMg",209.8840802193,24.1529663727528,69.7648811524306,180.316493995615,17.2113592779683,60.2917614501979,125.128655018462,2794.20699709137,0,0,735.953146015041,6399.42131160753,0,"magenta",16
"439","Broadbalk_LMpred_BBalk_",2014,"oats","N5PKMg",75.4391113094478,15.438787053547,52.7610227429036,43.8039938504616,10.7916882604766,42.8139468832499,129.963161606463,2810.64755908985,0,0,693.402600470824,6397.09497274259,0,"magenta",16
"440","Broadbalk_LMpred_BBalk_",2015,"silage maize","N5PKMg",35.5396366594075,4.01028436992931,29.4491171246573,36.6099103145612,4.72827500688686,35.2395485472218,129.963161606463,2810.64755908985,0,0,693.402600470824,6397.09497274259,0,"magenta",16
"441","Broadbalk_LMpred_BBalk_",1968,"wheat","N5PKMg",130.228953296833,22.3015964932212,68.9982535194817,145.573523363379,19.0384466312635,54.9769062160234,129.963161606463,2810.64755908985,0,0,693.402600470824,6397.09497274259,0,"magenta",16
"442","Broadbalk_LMpred_BBalk_",1969,"potato","N5PKMg",74.7693996738319,13.5814596751964,179.426279719793,123.242574188355,13.4991323833194,141.387603600747,126.265920806843,2829.28875554328,0,0,739.336675468892,6393.06926808053,0,"magenta",16
"443","Broadbalk_LMpred_BBalk_",1970,"beans","N5PKMg",127.10115509821,16.99947480567,66.202977550211,124.777419028966,16.2313319676641,49.1791890675954,126.265920806843,2829.28875554328,0,0,739.336675468892,6393.06926808053,0,"magenta",16
"444","Broadbalk_LMpred_BBalk_",1971,"wheat","N5PKMg",130.330306025324,22.0804811639787,67.1230030810143,143.363979789756,19.3250740166596,52.4761955570622,126.265920806843,2829.28875554328,0,0,739.336675468892,6393.06926808053,0,"magenta",16
"445","Broadbalk_LMpred_BBalk_",1972,"potato","N5PKMg",72.9518569590289,12.6742062665173,172.806210345524,117.058243049636,13.6793310379741,139.32421452673,131.430378017295,2845.56742728958,0,0,697.608015368038,6391.98927138443,0,"magenta",16
"446","Broadbalk_LMpred_BBalk_",1973,"beans","N5PKMg",131.455625111585,16.8038165403013,63.4799074270763,126.461613176996,16.5202729420347,48.3359217296994,131.430378017295,2845.56742728958,0,0,697.608015368038,6391.98927138443,0,"magenta",16
"447","Broadbalk_LMpred_BBalk_",1974,"wheat","N5PKMg",130.431658753814,21.8593658347361,65.2477526425472,141.515574635254,19.534005197545,51.6994536687237,131.430378017295,2845.56742728958,0,0,697.608015368038,6391.98927138443,0,"magenta",16
"448","Broadbalk_LMpred_BBalk_",1975,"potato","N5PKMg",71.1343142442259,11.7669528578382,166.186140971255,110.155365706044,13.7995542493422,139.271218015458,129.376069994168,2862.08154243617,0,0,737.558205682554,6391.4970223452,0,"magenta",16
"449","Broadbalk_LMpred_BBalk_",1976,"beans","N5PKMg",135.810095124959,16.6081582749327,60.7568373039419,128.336773406221,16.8074295762291,48.2196291399978,129.376069994168,2862.08154243617,0,0,737.558205682554,6391.4970223452,0,"magenta",16
"450","Broadbalk_LMpred_BBalk_",1977,"wheat","N5PKMg",130.533011482305,21.6382505054936,63.3725022040797,139.788495831224,19.7297615630488,51.4750000683762,129.376069994168,2862.08154243617,0,0,737.558205682554,6391.4970223452,0,"magenta",16
"451","Broadbalk_LMpred_BBalk_",1978,"potato","N5PKMg",69.3167715294242,10.859699449159,159.566071596987,102.628180959536,13.8707371169285,139.920102338932,128.710815639498,2877.11394088623,0,0,765.891246400432,6400.48505571772,0,"magenta",16
"452","Broadbalk_LMpred_BBalk_",1979,"potato","N5PKMg",68.7109239578229,10.557281646266,157.359381805564,100.224483687826,14.0668020892804,134.789166455376,128.710815639498,2877.11394088623,0,0,765.891246400432,6400.48505571772,0,"magenta",16
"453","Broadbalk_LMpred_BBalk_",1980,"wheat","N5PKMg",130.634364210796,21.4171351762511,61.4972517656125,137.266063715731,20.0684396708869,47.8450193602354,128.710815639498,2877.11394088623,0,0,765.891246400432,6400.48505571772,0,"magenta",16
"454","Broadbalk_LMpred_BBalk_",1982,"potato","N5PKMg",66.8933812430189,9.65002823758686,150.739312431295,91.5401770955499,13.7249314135222,134.876884409148,127.952163736197,2892.12678787051,0,0,777.3976967681,6424.79241878523,0,"magenta",16
"455","Broadbalk_LMpred_BBalk_",1983,"wheat","N5PKMg",130.735716939287,21.1960198470086,59.6220013271454,135.668695236295,20.0560388156273,48.0915961632803,127.952163736197,2892.12678787051,0,0,777.3976967681,6424.79241878523,0,"magenta",16
"456","Broadbalk_LMpred_BBalk_",1985,"potato","N5PKMg",65.0758385282168,8.74277482890777,144.119243057026,82.6806038460724,13.55687104325,132.808656796944,127.952163736197,2892.12678787051,0,0,777.3976967681,6424.79241878523,0,"magenta",16
"457","Broadbalk_LMpred_BBalk_",1986,"wheat","N5PKMg",191.336957517882,26.7971811231514,86.017768085635,216.318482493409,20.5401928765436,50.54205872472,133.04196187633,2907.57017431667,0,0,720.552203480666,6431.08134189807,0,"magenta",16
"458","Broadbalk_LMpred_BBalk_",1987,"wheat","N5PKMg",191.370741760713,26.7234760134039,85.3926846061459,216.997293406927,20.6328559046106,52.6789259096051,133.04196187633,2907.57017431667,0,0,720.552203480666,6431.08134189807,0,"magenta",16
"459","Broadbalk_LMpred_BBalk_",1988,"wheat","N5PKMg",191.404526003543,26.6497709036564,84.7676011266569,217.133113672012,20.7457972607062,54.1861655736202,133.04196187633,2907.57017431667,0,0,720.552203480666,6431.08134189807,0,"magenta",16
"460","Broadbalk_LMpred_BBalk_",1990,"potato","N5PKMg",122.546488520316,13.052962419828,161.356811296869,116.453812934257,14.4668154137059,140.556570174597,131.330966803033,2923.39657606809,0,0,754.971951073002,6434.91390555913,0,"magenta",16
"461","Broadbalk_LMpred_BBalk_",1991,"wheat","N5PKMg",191.505878732033,26.4286555744139,82.8923506881895,213.08195860647,20.8845933218807,51.7476887465987,131.330966803033,2923.39657606809,0,0,754.971951073002,6434.91390555913,0,"magenta",16
"462","Broadbalk_LMpred_BBalk_",1992,"wheat","N5PKMg",191.539662974864,26.3549504646664,82.2672672087004,213.412760880642,20.9660414858906,53.5739686379643,131.330966803033,2923.39657606809,0,0,754.971951073002,6434.91390555913,0,"magenta",16
"463","Broadbalk_LMpred_BBalk_",1993,"wheat","N5PKMg",191.573447217694,26.2812453549189,81.6421837292114,213.334431864991,21.0707901293076,54.8698765680147,130.821203251633,2937.9402981336,0,0,779.516835067676,6446.79505292649,0,"magenta",16
"464","Broadbalk_LMpred_BBalk_",1995,"potato","N5PKMg",119.517250662312,11.5408734053628,150.323362339755,95.8450832969439,14.301516729701,142.099270553265,130.821203251633,2937.9402981336,0,0,779.516835067676,6446.79505292649,0,"magenta",16
"465","Broadbalk_LMpred_BBalk_",1996,"wheat","N5PKMg",191.674799946185,26.0601300256764,79.7669332907439,209.172656010729,21.2138950092163,52.1158373831153,130.821203251633,2937.9402981336,0,0,779.516835067676,6446.79505292649,0,"magenta",16
"466","Broadbalk_LMpred_BBalk_",1997,"wheat","N5PKMg",191.708584189015,25.9864249159288,79.1418498112549,209.390896385196,21.2782711962064,53.8934899436335,130.383229115288,2952.30744638506,0,0,787.108797078878,6474.33309319163,0,"magenta",16
"467","Broadbalk_LMpred_BBalk_",1998,"wheat","N5PKMg",191.742368431845,25.9127198061813,78.5167663317659,209.236546768991,21.3750753849512,55.1552548733615,130.383229115288,2952.30744638506,0,0,787.108797078878,6474.33309319163,0,"magenta",16
"468","Broadbalk_LMpred_BBalk_",1999,"oats","N5PKMg",60.755629002075,16.4206140398932,61.4759691527734,55.9150221259392,14.1511299810513,41.8633619982845,130.383229115288,2952.30744638506,0,0,787.108797078878,6474.33309319163,0,"magenta",16
"469","Broadbalk_LMpred_BBalk_",2000,"silage maize","N5PKMg",31.9489475244698,6.94927236332228,42.8626183851895,61.523025525191,6.15439185441159,35.0701848335445,135.703021986437,2967.68613678421,0,0,727.951286700928,6481.39133301632,0,"magenta",16
"470","Broadbalk_LMpred_BBalk_",2001,"wheat","N5PKMg",158.296185550081,19.7369012818213,54.4723778225829,160.23461313582,22.4348936113462,56.9939140422296,135.703021986437,2967.68613678421,0,0,727.951286700928,6481.39133301632,0,"magenta",16
"471","Broadbalk_LMpred_BBalk_",2002,"wheat","N5PKMg",204.986076983181,24.933438456243,72.6814880576323,180.557382054761,20.2372000526133,57.9361111405872,135.703021986437,2967.68613678421,0,0,727.951286700928,6481.39133301632,0,"magenta",16
"472","Broadbalk_LMpred_BBalk_",2003,"wheat","N5PKMg",205.019861226011,24.8597333464955,72.0564045781432,179.593357067771,18.7134600020252,57.9757954107574,133.753646826703,2983.42161693473,0,0,761.680526942057,6485.54625539207,0,"magenta",16
"473","Broadbalk_LMpred_BBalk_",2004,"oats","N5PKMg",72.880378636213,15.6269363959015,55.0279203223062,27.2347868812115,8.97292174293015,33.3520313069991,133.753646826703,2983.42161693473,0,0,761.680526942057,6485.54625539207,0,"magenta",16
"474","Broadbalk_LMpred_BBalk_",2005,"silage maize","N5PKMg",40.3760994344637,5.50320771698168,34.8483846045014,39.9910972180202,5.02262900590297,34.9162160802146,133.753646826703,2983.42161693473,0,0,761.680526942057,6485.54625539207,0,"magenta",16
"475","Broadbalk_LMpred_BBalk_",2006,"wheat","N5PKMg",205.121213954502,24.638618017253,70.181154139676,176.972668622708,18.6294834432865,60.030683264787,133.139595608052,2997.75739695717,0,0,785.754742377439,6497.57855001306,0,"magenta",16
"476","Broadbalk_LMpred_BBalk_",2007,"wheat","N5PKMg",209.681374762319,24.5951970312378,73.5153820293653,186.641998739358,18.003411836522,59.9705816109105,133.139595608052,2997.75739695717,0,0,785.754742377439,6497.57855001306,0,"magenta",16
"477","Broadbalk_LMpred_BBalk_",2008,"wheat","N5PKMg",209.715159005149,24.5214919214903,72.8902985498759,185.298725369278,17.6317763023409,59.5912363925279,133.139595608052,2997.75739695717,0,0,785.754742377439,6497.57855001306,0,"magenta",16
"478","Broadbalk_LMpred_BBalk_",2009,"oats","N5PKMg",76.4229332553243,15.5480037865904,55.8741272171941,41.9896052672423,10.8416134339829,41.6446461248358,133.108890256565,3011.41302692371,0,0,803.202600382324,6514.97543713481,0,"magenta",16
"479","Broadbalk_LMpred_BBalk_",2010,"silage maize","N5PKMg",40.2210563294291,4.77188810532167,34.1284065491685,41.5431922302229,4.83645934621251,35.0266297918042,133.108890256565,3011.41302692371,0,0,803.202600382324,6514.97543713481,0,"magenta",16
"480","Broadbalk_LMpred_BBalk_",2011,"wheat","N5PKMg",209.81651173364,24.3003765922478,71.0150481114088,183.279980765711,18.2222496653804,61.3475571123535,133.108890256565,3011.41302692371,0,0,803.202600382324,6514.97543713481,0,"magenta",16
"481","Broadbalk_LMpred_BBalk_",2012,"wheat","N5PKMg",209.85029597647,24.2266714825003,70.3899646319198,181.607133245395,17.5405782544956,60.6893768897243,138.469493630089,3026.90129356913,0,0,828.465910190624,6537.84876532822,0,"magenta",16
"482","Broadbalk_LMpred_BBalk_",2013,"wheat","N5PKMg",209.8840802193,24.1529663727528,69.7648811524306,180.316493995615,17.2113592779683,60.2917614501979,138.469493630089,3026.90129356913,0,0,828.465910190624,6537.84876532822,0,"magenta",16
"483","Broadbalk_LMpred_BBalk_",2014,"oats","N5PKMg",75.4391113094478,15.438787053547,52.7610227429036,43.8039938504616,10.7916882604766,42.8139468832499,138.469493630089,3026.90129356913,0,0,828.465910190624,6537.84876532822,0,"magenta",16
"484","Broadbalk_LMpred_BBalk_",2015,"silage maize","N5PKMg",35.5396366594075,4.01028436992931,29.4491171246573,36.6099103145612,4.72827500688686,35.2395485472218,147.009779748465,3047.20661559634,0,0,854.131075578004,6567.1134151073,0,"magenta",16
"485","Broadbalk_LMpred_BBalk_",1968,"wheat","N5PKMg",130.228953296833,22.3015964932212,68.9982535194817,145.573523363379,19.0384466312635,54.9769062160234,147.009779748465,3047.20661559634,0,0,854.131075578004,6567.1134151073,0,"magenta",16
"486","Broadbalk_LMpred_BBalk_",1969,"potato","N5PKMg",74.7693996738319,13.5814596751964,179.426279719793,123.242574188355,13.4991323833194,141.387603600747,147.009779748465,3047.20661559634,0,0,854.131075578004,6567.1134151073,0,"magenta",16
"487","Broadbalk_LMpred_BBalk_",1970,"beans","N5PKMg",127.10115509821,16.99947480567,66.202977550211,124.777419028966,16.2313319676641,49.1791890675954,140.149524459139,3066.63197727432,0,0,855.282557160713,6598.96801948236,0,"magenta",16
"488","Broadbalk_LMpred_BBalk_",1971,"wheat","N5PKMg",130.330306025324,22.0804811639787,67.1230030810143,143.363979789756,19.3250740166596,52.4761955570622,140.149524459139,3066.63197727432,0,0,855.282557160713,6598.96801948236,0,"magenta",16
"489","Broadbalk_LMpred_BBalk_",1972,"potato","N5PKMg",72.9518569590289,12.6742062665173,172.806210345524,117.058243049636,13.6793310379741,139.32421452673,140.149524459139,3066.63197727432,0,0,855.282557160713,6598.96801948236,0,"magenta",16
"490","Broadbalk_LMpred_BBalk_",1973,"beans","N5PKMg",131.455625111585,16.8038165403013,63.4799074270763,126.461613176996,16.5202729420347,48.3359217296994,123.305550415945,3063.2387512649,0,0,856.241745809937,6630.07271969255,0,"magenta",16
"491","Broadbalk_LMpred_BBalk_",1974,"wheat","N5PKMg",130.431658753814,21.8593658347361,65.2477526425472,141.515574635254,19.534005197545,51.6994536687237,123.305550415945,3063.2387512649,0,0,856.241745809937,6630.07271969255,0,"magenta",16
"492","Broadbalk_LMpred_BBalk_",1975,"potato","N5PKMg",71.1343142442259,11.7669528578382,166.186140971255,110.155365706044,13.7995542493422,139.271218015458,123.305550415945,3063.2387512649,0,0,856.241745809937,6630.07271969255,0,"magenta",16
"493","Broadbalk_LMpred_BBalk_",1976,"beans","N5PKMg",135.810095124959,16.6081582749327,60.7568373039419,128.336773406221,16.8074295762291,48.2196291399978,116.221024302874,3051.60981737595,0,0,857.819311456986,6660.51935863474,0,"magenta",16
"494","Broadbalk_LMpred_BBalk_",1977,"wheat","N5PKMg",130.533011482305,21.6382505054936,63.3725022040797,139.788495831224,19.7297615630488,51.4750000683762,116.221024302874,3051.60981737595,0,0,857.819311456986,6660.51935863474,0,"magenta",16
"495","Broadbalk_LMpred_BBalk_",1978,"potato","N5PKMg",69.3167715294242,10.859699449159,159.566071596987,102.628180959536,13.8707371169285,139.920102338932,116.221024302874,3051.60981737595,0,0,857.819311456986,6660.51935863474,0,"magenta",16
"496","Broadbalk_LMpred_BBalk_",1979,"potato","N5PKMg",68.7109239578229,10.557281646266,157.359381805564,100.224483687826,14.0668020892804,134.789166455376,119.390756985788,3039.4671629501,0,0,881.325194757656,6693.66144402707,0,"magenta",16
"497","Broadbalk_LMpred_BBalk_",1980,"wheat","N5PKMg",130.634364210796,21.4171351762511,61.4972517656125,137.266063715731,20.0684396708869,47.8450193602354,119.390756985788,3039.4671629501,0,0,881.325194757656,6693.66144402707,0,"magenta",16
"498","Broadbalk_LMpred_BBalk_",1982,"potato","N5PKMg",66.8933812430189,9.65002823758686,150.739312431295,91.5401770955499,13.7249314135222,134.876884409148,119.390756985788,3039.4671629501,0,0,881.325194757656,6693.66144402707,0,"magenta",16
"499","Broadbalk_LMpred_BBalk_",1983,"wheat","N5PKMg",130.735716939287,21.1960198470086,59.6220013271454,135.668695236295,20.0560388156273,48.0915961632803,123.400453384046,3030.43483754595,0,0,898.667863865341,6731.40255883918,0,"magenta",16
"500","Broadbalk_LMpred_BBalk_",1985,"potato","N5PKMg",65.0758385282168,8.74277482890777,144.119243057026,82.6806038460724,13.55687104325,132.808656796944,123.400453384046,3030.43483754595,0,0,898.667863865341,6731.40255883918,0,"magenta",16
"501","Broadbalk_LMpred_BBalk_",1986,"wheat","N5PKMg",191.336957517882,26.7971811231514,86.017768085635,216.318482493409,20.5401928765436,50.54205872472,123.400453384046,3030.43483754595,0,0,898.667863865341,6731.40255883918,0,"magenta",16
"502","Broadbalk_LMpred_BBalk_",1987,"wheat","N5PKMg",191.370741760713,26.7234760134039,85.3926846061459,216.997293406927,20.6328559046106,52.6789259096051,115.573657708056,3019.63214977865,0,0,890.997011194606,6769.04272824513,0,"magenta",16
"503","Broadbalk_LMpred_BBalk_",1988,"wheat","N5PKMg",191.404526003543,26.6497709036564,84.7676011266569,217.133113672012,20.7457972607062,54.1861655736202,115.573657708056,3019.63214977865,0,0,890.997011194606,6769.04272824513,0,"magenta",16
"504","Broadbalk_LMpred_BBalk_",1990,"potato","N5PKMg",122.546488520316,13.052962419828,161.356811296869,116.453812934257,14.4668154137059,140.556570174597,115.573657708056,3019.63214977865,0,0,890.997011194606,6769.04272824513,0,"magenta",16
"505","Broadbalk_LMpred_BBalk_",1991,"wheat","N5PKMg",191.505878732033,26.4286555744139,82.8923506881895,213.08195860647,20.8845933218807,51.7476887465987,112.010602135023,3005.19179351516,0,0,886.325459255146,6803.74369857368,0,"magenta",16
"506","Broadbalk_LMpred_BBalk_",1992,"wheat","N5PKMg",191.539662974864,26.3549504646664,82.2672672087004,213.412760880642,20.9660414858906,53.5739686379643,112.010602135023,3005.19179351516,0,0,886.325459255146,6803.74369857368,0,"magenta",16
"507","Broadbalk_LMpred_BBalk_",1993,"wheat","N5PKMg",191.573447217694,26.2812453549189,81.6421837292114,213.334431864991,21.0707901293076,54.8698765680147,112.010602135023,3005.19179351516,0,0,886.325459255146,6803.74369857368,0,"magenta",16
"508","Broadbalk_LMpred_BBalk_",1995,"potato","N5PKMg",119.517250662312,11.5408734053628,150.323362339755,95.8450832969439,14.301516729701,142.099270553265,110.230450015955,2989.34016933189,0,0,884.112749388404,6836.36517204789,0,"magenta",16
"509","Broadbalk_LMpred_BBalk_",1996,"wheat","N5PKMg",191.674799946185,26.0601300256764,79.7669332907439,209.172656010729,21.2138950092163,52.1158373831153,110.230450015955,2989.34016933189,0,0,884.112749388404,6836.36517204789,0,"magenta",16
"510","Broadbalk_LMpred_BBalk_",1997,"wheat","N5PKMg",191.708584189015,25.9864249159288,79.1418498112549,209.390896385196,21.2782711962064,53.8934899436335,110.230450015955,2989.34016933189,0,0,884.112749388404,6836.36517204789,0,"magenta",16
"511","Broadbalk_LMpred_BBalk_",1998,"wheat","N5PKMg",191.742368431845,25.9127198061813,78.5167663317659,209.236546768991,21.3750753849512,55.1552548733615,113.77716075378,2974.95184516008,0,0,898.992190294143,6869.84108501731,0,"magenta",16
"512","Broadbalk_LMpred_BBalk_",1999,"oats","N5PKMg",60.755629002075,16.4206140398932,61.4759691527734,55.9150221259392,14.1511299810513,41.8633619982845,113.77716075378,2974.95184516008,0,0,898.992190294143,6869.84108501731,0,"magenta",16
"513","Broadbalk_LMpred_BBalk_",2000,"silage maize","N5PKMg",31.9489475244698,6.94927236332228,42.8626183851895,61.523025525191,6.15439185441159,35.0701848335445,113.77716075378,2974.95184516008,0,0,898.992190294143,6869.84108501731,0,"magenta",16
"514","Broadbalk_LMpred_BBalk_",2001,"wheat","N5PKMg",158.296185550081,19.7369012818213,54.4723778225829,160.23461313582,22.4348936113462,56.9939140422296,119.366346836459,2964.52619973118,0,0,916.950117826289,6906.85652769336,0,"magenta",16
"515","Broadbalk_LMpred_BBalk_",2002,"wheat","N5PKMg",204.986076983181,24.933438456243,72.6814880576323,180.557382054761,20.2372000526133,57.9361111405872,119.366346836459,2964.52619973118,0,0,916.950117826289,6906.85652769336,0,"magenta",16
"516","Broadbalk_LMpred_BBalk_",2003,"wheat","N5PKMg",205.019861226011,24.8597333464955,72.0564045781432,179.593357067771,18.7134600020252,57.9757954107574,119.366346836459,2964.52619973118,0,0,916.950117826289,6906.85652769336,0,"magenta",16
"517","Broadbalk_LMpred_BBalk_",2004,"oats","N5PKMg",72.880378636213,15.6269363959015,55.0279203223062,27.2347868812115,8.97292174293015,33.3520313069991,112.414638209386,2953.25565869288,0,0,908.677057462474,6943.78203094482,0,"magenta",16
"518","Broadbalk_LMpred_BBalk_",2005,"silage maize","N5PKMg",40.3760994344637,5.50320771698168,34.8483846045014,39.9910972180202,5.02262900590297,34.9162160802146,112.414638209386,2953.25565869288,0,0,908.677057462474,6943.78203094482,0,"magenta",16
"519","Broadbalk_LMpred_BBalk_",2006,"wheat","N5PKMg",205.121213954502,24.638618017253,70.181154139676,176.972668622708,18.6294834432865,60.030683264787,112.414638209386,2953.25565869288,0,0,908.677057462474,6943.78203094482,0,"magenta",16
"520","Broadbalk_LMpred_BBalk_",2007,"wheat","N5PKMg",209.681374762319,24.5951970312378,73.5153820293653,186.641998739358,18.003411836522,59.9705816109105,109.298587951809,2938.83113069596,0,0,904.051502849677,6977.71820866789,0,"magenta",16
"521","Broadbalk_LMpred_BBalk_",2008,"wheat","N5PKMg",209.715159005149,24.5214919214903,72.8902985498759,185.298725369278,17.6317763023409,59.5912363925279,109.298587951809,2938.83113069596,0,0,904.051502849677,6977.71820866789,0,"magenta",16
"522","Broadbalk_LMpred_BBalk_",2009,"oats","N5PKMg",76.4229332553243,15.5480037865904,55.8741272171941,41.9896052672423,10.8416134339829,41.6446461248358,109.298587951809,2938.83113069596,0,0,904.051502849677,6977.71820866789,0,"magenta",16
"523","Broadbalk_LMpred_BBalk_",2010,"silage maize","N5PKMg",40.2210563294291,4.77188810532167,34.1284065491685,41.5431922302229,4.83645934621251,35.0266297918042,107.703600093412,2923.21475927639,0,0,901.865563876504,7009.61238619087,0,"magenta",16
"524","Broadbalk_LMpred_BBalk_",2011,"wheat","N5PKMg",209.81651173364,24.3003765922478,71.0150481114088,183.279980765711,18.2222496653804,61.3475571123535,107.703600093412,2923.21475927639,0,0,901.865563876504,7009.61238619087,0,"magenta",16
"525","Broadbalk_LMpred_BBalk_",2012,"wheat","N5PKMg",209.85029597647,24.2266714825003,70.3899646319198,181.607133245395,17.5405782544956,60.6893768897243,107.703600093412,2923.21475927639,0,0,901.865563876504,7009.61238619087,0,"magenta",16
"526","Broadbalk_LMpred_BBalk_",2013,"wheat","N5PKMg",209.8840802193,24.1529663727528,69.7648811524306,180.316493995615,17.2113592779683,60.2917614501979,111.084093805464,2909.04257730386,0,0,916.336170105326,7042.32783307879,0,"magenta",16
"527","Broadbalk_LMpred_BBalk_",2014,"oats","N5PKMg",75.4391113094478,15.438787053547,52.7610227429036,43.8039938504616,10.7916882604766,42.8139468832499,111.084093805464,2909.04257730386,0,0,916.336170105326,7042.32783307879,0,"magenta",16
"528","Broadbalk_LMpred_BBalk_",2015,"silage maize","N5PKMg",35.5396366594075,4.01028436992931,29.4491171246573,36.6099103145612,4.72827500688686,35.2395485472218,111.084093805464,2909.04257730386,0,0,916.336170105326,7042.32783307879,0,"magenta",16
"529","Broadbalk_LMpred_BBalk_",1968,"wheat","PKMg",41.2418837096668,9.64355786384016,25.8797558124827,41.2418837191157,9.46047093402481,30.9935073349379,143.740428451641,2887.68828573568,0,0,994.523842140319,7027.68726855846,0,"blue",16
"530","Broadbalk_LMpred_BBalk_",1969,"potato","PKMg",42.9386943492121,12.4634071582476,103.524747990151,42.9387011759239,10.786306682052,96.84673230428,143.740428451641,2887.68828573568,0,0,994.523842140319,7027.68726855846,0,"blue",16
"531","Broadbalk_LMpred_BBalk_",1970,"beans","PKMg",122.341979875989,13.2482712056699,53.9883207930666,121.580779452239,15.654454223899,56.862660932374,143.740428451641,2887.68828573568,0,0,994.523842140319,7027.68726855846,0,"blue",16
"532","Broadbalk_LMpred_BBalk_",1971,"wheat","PKMg",41.3432364381577,9.42244253459764,24.0045053740153,41.3432363226527,9.48580953320033,31.0746209977486,143.992736883181,2912.97550637012,0,0,997.187179731186,7084.03042363266,0,"blue",16
"533","Broadbalk_LMpred_BBalk_",1972,"potato","PKMg",41.12115163441,11.5561537495685,96.9046786158816,41.1212459838711,10.4068805529489,92.3028376326323,143.992736883181,2912.97550637012,0,0,997.187179731186,7084.03042363266,0,"blue",16
"534","Broadbalk_LMpred_BBalk_",1973,"beans","PKMg",126.696449889364,13.0526129403012,51.2652506699319,125.572519210767,16.2205272796096,56.6000510072108,143.992736883181,2912.97550637012,0,0,997.187179731186,7084.03042363266,0,"blue",16
"535","Broadbalk_LMpred_BBalk_",1974,"wheat","PKMg",41.4445891666485,9.20132720535512,22.1292549355482,41.4445886636073,9.51114739219271,31.1556846325427,143.76358689897,2937.41834967228,0,0,943.422380368767,7130.9484906908,0,"blue",16
"536","Broadbalk_LMpred_BBalk_",1975,"potato","PKMg",39.3036089196069,10.6489003408894,90.2846092416131,39.3036138105202,9.9797847790416,87.7590205628943,143.76358689897,2937.41834967228,0,0,943.422380368767,7130.9484906908,0,"blue",16
"537","Broadbalk_LMpred_BBalk_",1976,"beans","PKMg",131.050919902738,12.8569546749326,48.5421805467975,129.651281062359,16.7866191589569,57.1571090849002,143.76358689897,2937.41834967228,0,0,943.422380368767,7130.9484906908,0,"blue",16
"538","Broadbalk_LMpred_BBalk_",1977,"wheat","PKMg",41.5459418951389,8.9802118761126,20.2540044970807,41.5459413372842,9.53648546805336,31.2367606581493,140.787745529248,2959.7397368181,0,0,938.981001262272,7168.52720886493,0,"blue",16
"539","Broadbalk_LMpred_BBalk_",1978,"potato","PKMg",37.4860662048044,9.74164693221025,83.6645398673446,37.4860659187965,9.4949039513632,83.2151647969862,140.787745529248,2959.7397368181,0,0,938.981001262272,7168.52720886493,0,"blue",16
"540","Broadbalk_LMpred_BBalk_",1979,"potato","PKMg",36.880218633203,9.43922912931721,81.4578500759213,36.8802204234309,9.3264580206428,81.700527661875,140.787745529248,2959.7397368181,0,0,938.981001262272,7168.52720886493,0,"blue",16
"541","Broadbalk_LMpred_BBalk_",1980,"wheat","PKMg",41.6472946236297,8.75909654687005,18.3787540586135,41.6472914049247,9.56182291692329,31.3178332785094,144.227437127622,2981.81423568652,0,0,959.158301756678,7207.27528737277,0,"blue",16
"542","Broadbalk_LMpred_BBalk_",1982,"potato","PKMg",35.0626759184,8.53197572063807,74.8377807016528,35.0626870500842,8.81755053850526,77.1566136125156,144.227437127622,2981.81423568652,0,0,959.158301756678,7207.27528737277,0,"blue",16
"543","Broadbalk_LMpred_BBalk_",1983,"wheat","PKMg",41.7486473521206,8.53798121762753,16.5035036201464,41.7486144997694,9.58715429381428,31.3988931736318,144.227437127622,2981.81423568652,0,0,959.158301756678,7207.27528737277,0,"blue",16
"544","Broadbalk_LMpred_BBalk_",1985,"potato","PKMg",33.245133203597,7.62472231195898,68.2177113273838,33.245131776062,8.30863666939755,72.6128165258475,145.726435202036,3004.90835705916,0,0,922.159233791429,7241.97151770538,0,"blue",16
"545","Broadbalk_LMpred_BBalk_",1986,"wheat","PKMg",28.7770084956271,7.47877502486342,18.877812187106,28.7770581504364,6.34426453760903,21.0216465203489,145.726435202036,3004.90835705916,0,0,922.159233791429,7241.97151770538,0,"blue",16
"546","Broadbalk_LMpred_BBalk_",1987,"wheat","PKMg",28.8107927384574,7.40506991511591,18.2527287076169,28.8108301894265,6.35270754735607,21.0486641515399,145.726435202036,3004.90835705916,0,0,922.159233791429,7241.97151770538,0,"blue",16
"547","Broadbalk_LMpred_BBalk_",1988,"wheat","PKMg",28.8445769812872,7.33136480536841,17.6276452281279,28.8445754014252,6.36114389691211,21.0756604306833,142.879879095655,3026.53438588593,0,0,926.301272066093,7271.22942842351,0,"blue",16
"548","Broadbalk_LMpred_BBalk_",1990,"potato","PKMg",17.1429037606084,5.27454243397217,61.4338213756965,17.1429101165967,3.80001444579699,32.3572533699848,142.879879095655,3026.53438588593,0,0,926.301272066093,7271.22942842351,0,"blue",16
"549","Broadbalk_LMpred_BBalk_",1991,"wheat","PKMg",28.9459297097781,7.11024947612589,15.7523947896605,28.9459418987063,6.38648547467598,21.1567535189636,142.879879095655,3026.53438588593,0,0,926.301272066093,7271.22942842351,0,"blue",16
"550","Broadbalk_LMpred_BBalk_",1992,"wheat","PKMg",28.9797139526083,7.03654436637838,15.1273113101714,28.9797470056188,6.39493675140502,21.1837976044958,146.746069800532,3048.15704778886,0,0,952.43645801261,7303.93855784445,0,"blue",16
"551","Broadbalk_LMpred_BBalk_",1993,"wheat","PKMg",29.0134981954386,6.96283925663087,14.5022278306824,29.0134893878666,6.40337260499951,21.2107921174294,146.746069800532,3048.15704778886,0,0,952.43645801261,7303.93855784445,0,"blue",16
"552","Broadbalk_LMpred_BBalk_",1995,"potato","PKMg",14.1136659026032,3.76245341950705,50.4003724185823,14.113676801289,2.95182897876212,24.7841622192851,146.746069800532,3048.15704778886,0,0,952.43645801261,7303.93855784445,0,"blue",16
"553","Broadbalk_LMpred_BBalk_",1996,"wheat","PKMg",29.1148509239295,6.74172392738835,12.6269773922149,29.1148782702775,6.42871956756896,21.291902616221,148.755614770857,3071.16771803949,0,0,923.797531595823,7334.81846369834,0,"blue",16
"554","Broadbalk_LMpred_BBalk_",1997,"wheat","PKMg",29.1486351667593,6.66801881764085,12.0018939127259,29.148636933893,6.43715923347292,21.3189095471136,148.755614770857,3071.16771803949,0,0,923.797531595823,7334.81846369834,0,"blue",16
"555","Broadbalk_LMpred_BBalk_",1998,"wheat","PKMg",29.18241940959,6.59431370789334,11.3768104332369,29.1824189972972,6.44561473820233,21.345980393605,148.755614770857,3071.16771803949,0,0,923.797531595823,7334.81846369834,0,"blue",16
"556","Broadbalk_LMpred_BBalk_",1999,"oats","PKMg",29.0336248896931,6.73443405174288,15.9470789028089,29.0335751367007,10.0134331631561,37.6855762991815,145.451792479543,3092.68492117185,0,0,929.702809539473,7361.75607666979,0,"blue",16
"557","Broadbalk_LMpred_BBalk_",2000,"silage maize","PKMg",15.8606319848314,3.01748462359342,15.7111241032269,15.8606319695632,5.71751900633522,34.3989545519583,145.451792479543,3092.68492117185,0,0,929.702809539473,7361.75607666979,0,"blue",16
"558","Broadbalk_LMpred_BBalk_",2001,"wheat","PKMg",15.4226684759626,3.85690121814599,5.59935874941846,15.4226711735261,3.00566779338118,10.33813693882,145.451792479543,3092.68492117185,0,0,929.702809539473,7361.75607666979,0,"blue",16
"559","Broadbalk_LMpred_BBalk_",2002,"wheat","PKMg",20.531740388629,5.05691800542996,7.33716238024204,20.5318146496043,4.28295366240174,14.425451719685,149.478487833413,3114.12174034992,0,0,957.520970903994,7392.70115464712,0,"blue",16
"560","Broadbalk_LMpred_BBalk_",2003,"wheat","PKMg",20.5655246314593,4.98321289568245,6.71207890075301,20.5655227028946,4.29138384609973,14.4524329574045,149.478487833413,3114.12174034992,0,0,957.520970903994,7392.70115464712,0,"blue",16
"561","Broadbalk_LMpred_BBalk_",2004,"oats","PKMg",19.2639869515344,5.3826420552261,11.2946602934804,19.2639289045587,6.10557706697521,23.3959214676814,149.478487833413,3114.12174034992,0,0,957.520970903994,7392.70115464712,0,"blue",16
"562","Broadbalk_LMpred_BBalk_",2005,"silage maize","PKMg",2.39339632252815,1.01330562472768,9.49252054367765,2.39339892587902,0.957359007605891,6.26014290435865,151.920724632211,3137.18459959976,0,0,934.133486328057,7422.87347442607,0,"blue",16
"563","Broadbalk_LMpred_BBalk_",2006,"wheat","PKMg",20.6668773599502,4.76209756643994,4.83682846228579,20.6668880629237,4.31672201573118,14.5335104503396,151.920724632211,3137.18459959976,0,0,934.133486328057,7422.87347442607,0,"blue",16
"564","Broadbalk_LMpred_BBalk_",2007,"wheat","PKMg",29.32550318059,6.06301275679701,13.4164874935757,29.325597521999,6.48139938049951,21.4604780175986,151.920724632211,3137.18459959976,0,0,934.133486328057,7422.87347442607,0,"blue",16
"565","Broadbalk_LMpred_BBalk_",2008,"wheat","PKMg",29.3592874234203,5.98930764704951,12.7914040140863,29.3592874104035,6.48982187002035,21.4874300096133,153.735456735612,3161.04340947572,0,0,918.639181670808,7446.66725142144,0,"blue",16
"566","Broadbalk_LMpred_BBalk_",2009,"oats","PKMg",26.9050065834688,6.64804562228726,17.386298329969,26.904973783845,9.16199206502182,34.8574784207223,153.735456735612,3161.04340947572,0,0,918.639181670808,7446.66725142144,0,"blue",16
"567","Broadbalk_LMpred_BBalk_",2010,"silage maize","PKMg",6.33681823031658,1.62632218943989,14.0179736299453,6.33684051903092,2.5347311288086,15.1328472214706,153.735456735612,3161.04340947572,0,0,918.639181670808,7446.66725142144,0,"blue",16
"568","Broadbalk_LMpred_BBalk_",2011,"wheat","PKMg",29.4606401519111,5.76819231780698,10.9161535756192,29.4606522794134,6.51516306985307,21.5685218235301,147.270435217511,3192.94659433733,0,0,932.455218163491,7491.53333429254,0,"blue",16
"569","Broadbalk_LMpred_BBalk_",2012,"wheat","PKMg",29.4944243947414,5.69448720805948,10.2910700961302,29.4944244203825,6.52360610509635,21.5955395363077,147.270435217511,3192.94659433733,0,0,932.455218163491,7491.53333429254,0,"blue",16
"570","Broadbalk_LMpred_BBalk_",2013,"wheat","PKMg",29.5282086375712,5.62078209831197,9.66598661664103,29.5282086374221,6.53205215946968,21.6225669104692,147.270435217511,3192.94659433733,0,0,932.455218163491,7491.53333429254,0,"blue",16
"571","Broadbalk_LMpred_BBalk_",2014,"oats","PKMg",25.9211846375922,6.53882888924383,14.2731938556785,25.9211786497434,8.76847185471481,33.3817698540796,153.161675078298,3213.23780393804,0,0,923.29020431474,7513.54173452878,0,"blue",16
"572","Broadbalk_LMpred_BBalk_",2015,"silage maize","PKMg",1.65539856029501,0.864718454047531,9.33868420543413,1.65538684381628,0.662154737526511,4.59961420556511,153.161675078298,3213.23780393804,0,0,923.29020431474,7513.54173452878,0,"blue",16
"573","Broadbalk_LMpred_BBalk_",1968,"wheat","PKMg",41.2418837096668,9.64355786384016,25.8797558124827,41.2418837191157,9.46047093402481,30.9935073349379,153.161675078298,3213.23780393804,0,0,923.29020431474,7513.54173452878,0,"blue",16
"574","Broadbalk_LMpred_BBalk_",1969,"potato","PKMg",42.9386943492121,12.4634071582476,103.524747990151,42.9387011759239,10.786306682052,96.84673230428,148.872692720148,3242.93962816134,0,0,938.388252602624,7557.0447596793,0,"blue",16
"575","Broadbalk_LMpred_BBalk_",1970,"beans","PKMg",122.341979875989,13.2482712056699,53.9883207930666,121.580779452239,15.654454223899,56.862660932374,148.872692720148,3242.93962816134,0,0,938.388252602624,7557.0447596793,0,"blue",16
"576","Broadbalk_LMpred_BBalk_",1971,"wheat","PKMg",41.3432364381577,9.42244253459764,24.0045053740153,41.3432363226527,9.48580953320033,31.0746209977486,148.872692720148,3242.93962816134,0,0,938.388252602624,7557.0447596793,0,"blue",16
"577","Broadbalk_LMpred_BBalk_",1972,"potato","PKMg",41.12115163441,11.5561537495685,96.9046786158816,41.1212459838711,10.4068805529489,92.3028376326323,155.435667422435,3263.06801678966,0,0,933.603889870265,7579.21630588581,0,"blue",16
"578","Broadbalk_LMpred_BBalk_",1973,"beans","PKMg",126.696449889364,13.0526129403012,51.2652506699319,125.572519210767,16.2205272796096,56.6000510072108,155.435667422435,3263.06801678966,0,0,933.603889870265,7579.21630588581,0,"blue",16
"579","Broadbalk_LMpred_BBalk_",1974,"wheat","PKMg",41.4445891666485,9.20132720535512,22.1292549355482,41.4445886636073,9.51114739219271,31.1556846325427,155.435667422435,3263.06801678966,0,0,933.603889870265,7579.21630588581,0,"blue",16
"580","Broadbalk_LMpred_BBalk_",1975,"potato","PKMg",39.3036089196069,10.6489003408894,90.2846092416131,39.3036138105202,9.9797847790416,87.7590205628943,160.41146403485,3286.74795563964,0,0,975.578594008286,7606.21995522744,0,"blue",16
"581","Broadbalk_LMpred_BBalk_",1976,"beans","PKMg",131.050919902738,12.8569546749326,48.5421805467975,129.651281062359,16.7866191589569,57.1571090849002,160.41146403485,3286.74795563964,0,0,975.578594008286,7606.21995522744,0,"blue",16
"582","Broadbalk_LMpred_BBalk_",1977,"wheat","PKMg",41.5459418951389,8.9802118761126,20.2540044970807,41.5459413372842,9.53648546805336,31.2367606581493,160.41146403485,3286.74795563964,0,0,975.578594008286,7606.21995522744,0,"blue",16
"583","Broadbalk_LMpred_BBalk_",1978,"potato","PKMg",37.4860662048044,9.74164693221025,83.6645398673446,37.4860659187965,9.4949039513632,83.2151647969862,163.322955959746,3312.48375616739,0,0,1008.04979593207,7642.70008915211,0,"blue",16
"584","Broadbalk_LMpred_BBalk_",1979,"potato","PKMg",36.880218633203,9.43922912931721,81.4578500759213,36.8802204234309,9.3264580206428,81.700527661875,163.322955959746,3312.48375616739,0,0,1008.04979593207,7642.70008915211,0,"blue",16
"585","Broadbalk_LMpred_BBalk_",1980,"wheat","PKMg",41.6472946236297,8.75909654687005,18.3787540586135,41.6472914049247,9.56182291692329,31.3178332785094,163.322955959746,3312.48375616739,0,0,1008.04979593207,7642.70008915211,0,"blue",16
"586","Broadbalk_LMpred_BBalk_",1982,"potato","PKMg",35.0626759184,8.53197572063807,74.8377807016528,35.0626870500842,8.81755053850526,77.1566136125156,155.733213213904,3348.71235291189,0,0,1000.60035902001,7719.07385473589,0,"blue",16
"587","Broadbalk_LMpred_BBalk_",1983,"wheat","PKMg",41.7486473521206,8.53798121762753,16.5035036201464,41.7486144997694,9.58715429381428,31.3988931736318,155.733213213904,3348.71235291189,0,0,1000.60035902001,7719.07385473589,0,"blue",16
"588","Broadbalk_LMpred_BBalk_",1985,"potato","PKMg",33.245133203597,7.62472231195898,68.2177113273838,33.245131776062,8.30863666939755,72.6128165258475,155.733213213904,3348.71235291189,0,0,1000.60035902001,7719.07385473589,0,"blue",16
"589","Broadbalk_LMpred_BBalk_",1986,"wheat","PKMg",28.7770084956271,7.47877502486342,18.877812187106,28.7770581504364,6.34426453760903,21.0216465203489,164.3182780717,3371.3272736083,0,0,1020.32805453548,7756.98890585043,0,"blue",16
"590","Broadbalk_LMpred_BBalk_",1987,"wheat","PKMg",28.8107927384574,7.40506991511591,18.2527287076169,28.8108301894265,6.35270754735607,21.0486641515399,164.3182780717,3371.3272736083,0,0,1020.32805453548,7756.98890585043,0,"blue",16
"591","Broadbalk_LMpred_BBalk_",1988,"wheat","PKMg",28.8445769812872,7.33136480536841,17.6276452281279,28.8445754014252,6.36114389691211,21.0756604306833,164.3182780717,3371.3272736083,0,0,1020.32805453548,7756.98890585043,0,"blue",16
"592","Broadbalk_LMpred_BBalk_",1990,"potato","PKMg",17.1429037606084,5.27454243397217,61.4338213756965,17.1429101165967,3.80001444579699,32.3572533699848,167.110449448279,3397.14861675705,0,0,1046.08085916001,7800.07934770694,0,"blue",16
"593","Broadbalk_LMpred_BBalk_",1991,"wheat","PKMg",28.9459297097781,7.11024947612589,15.7523947896605,28.9459418987063,6.38648547467598,21.1567535189636,167.110449448279,3397.14861675705,0,0,1046.08085916001,7800.07934770694,0,"blue",16
"594","Broadbalk_LMpred_BBalk_",1992,"wheat","PKMg",28.9797139526083,7.03654436637838,15.1273113101714,28.9797470056188,6.39493675140502,21.1837976044958,167.110449448279,3397.14861675705,0,0,1046.08085916001,7800.07934770694,0,"blue",16
"595","Broadbalk_LMpred_BBalk_",1993,"wheat","PKMg",29.0134981954386,6.96283925663087,14.5022278306824,29.0134893878666,6.40337260499951,21.2107921174294,169.030316911787,3423.83381254213,0,0,1066.75087769756,7848.2255315649,0,"blue",16
"596","Broadbalk_LMpred_BBalk_",1995,"potato","PKMg",14.1136659026032,3.76245341950705,50.4003724185823,14.113676801289,2.95182897876212,24.7841622192851,169.030316911787,3423.83381254213,0,0,1066.75087769756,7848.2255315649,0,"blue",16
"597","Broadbalk_LMpred_BBalk_",1996,"wheat","PKMg",29.1148509239295,6.74172392738835,12.6269773922149,29.1148782702775,6.42871956756896,21.291902616221,169.030316911787,3423.83381254213,0,0,1066.75087769756,7848.2255315649,0,"blue",16
"598","Broadbalk_LMpred_BBalk_",1997,"wheat","PKMg",29.1486351667593,6.66801881764085,12.0018939127259,29.148636933893,6.43715923347292,21.3189095471136,160.813916040288,3460.64683535604,0,0,1044.58481291097,7939.18076766495,0,"blue",16
"599","Broadbalk_LMpred_BBalk_",1998,"wheat","PKMg",29.18241940959,6.59431370789334,11.3768104332369,29.1824189972972,6.44561473820233,21.345980393605,160.813916040288,3460.64683535604,0,0,1044.58481291097,7939.18076766495,0,"blue",16
"600","Broadbalk_LMpred_BBalk_",1999,"oats","PKMg",29.0336248896931,6.73443405174288,15.9470789028089,29.0335751367007,10.0134331631561,37.6855762991815,160.813916040288,3460.64683535604,0,0,1044.58481291097,7939.18076766495,0,"blue",16
"601","Broadbalk_LMpred_BBalk_",2000,"silage maize","PKMg",15.8606319848314,3.01748462359342,15.7111241032269,15.8606319695632,5.71751900633522,34.3989545519583,169.916856822774,3483.59206559479,0,0,1066.45400653272,7982.52741182392,0,"blue",16
"602","Broadbalk_LMpred_BBalk_",2001,"wheat","PKMg",15.4226684759626,3.85690121814599,5.59935874941846,15.4226711735261,3.00566779338118,10.33813693882,169.916856822774,3483.59206559479,0,0,1066.45400653272,7982.52741182392,0,"blue",16
"603","Broadbalk_LMpred_BBalk_",2002,"wheat","PKMg",20.531740388629,5.05691800542996,7.33716238024204,20.5318146496043,4.28295366240174,14.425451719685,169.916856822774,3483.59206559479,0,0,1066.45400653272,7982.52741182392,0,"blue",16
"604","Broadbalk_LMpred_BBalk_",2003,"wheat","PKMg",20.5655246314593,4.98321289568245,6.71207890075301,20.5655227028946,4.29138384609973,14.4524329574045,172.336190077849,3509.74401277214,0,0,1087.26291467713,8030.42660106328,0,"blue",16
"605","Broadbalk_LMpred_BBalk_",2004,"oats","PKMg",19.2639869515344,5.3826420552261,11.2946602934804,19.2639289045587,6.10557706697521,23.3959214676814,172.336190077849,3509.74401277214,0,0,1087.26291467713,8030.42660106328,0,"blue",16
"606","Broadbalk_LMpred_BBalk_",2005,"silage maize","PKMg",2.39339632252815,1.01330562472768,9.49252054367765,2.39339892587902,0.957359007605891,6.26014290435865,172.336190077849,3509.74401277214,0,0,1087.26291467713,8030.42660106328,0,"blue",16
"607","Broadbalk_LMpred_BBalk_",2006,"wheat","PKMg",20.6668773599502,4.76209756643994,4.83682846228579,20.6668880629237,4.31672201573118,14.5335104503396,174.086106641051,3536.55693697547,0,0,1104.33389041081,8082.03671578249,0,"blue",16
"608","Broadbalk_LMpred_BBalk_",2007,"wheat","PKMg",29.32550318059,6.06301275679701,13.4164874935757,29.325597521999,6.48139938049951,21.4604780175986,174.086106641051,3536.55693697547,0,0,1104.33389041081,8082.03671578249,0,"blue",16
"609","Broadbalk_LMpred_BBalk_",2008,"wheat","PKMg",29.3592874234203,5.98930764704951,12.7914040140863,29.3592874104035,6.48982187002035,21.4874300096133,174.086106641051,3536.55693697547,0,0,1104.33389041081,8082.03671578249,0,"blue",16
"610","Broadbalk_LMpred_BBalk_",2009,"oats","PKMg",26.9050065834688,6.64804562228726,17.386298329969,26.904973783845,9.16199206502182,34.8574784207223,175.532121452065,3563.66530742625,0,0,1118.68564498831,8136.33898081137,0,"blue",16
"611","Broadbalk_LMpred_BBalk_",2010,"silage maize","PKMg",6.33681823031658,1.62632218943989,14.0179736299453,6.33684051903092,2.5347311288086,15.1328472214706,175.532121452065,3563.66530742625,0,0,1118.68564498831,8136.33898081137,0,"blue",16
"612","Broadbalk_LMpred_BBalk_",2011,"wheat","PKMg",29.4606401519111,5.76819231780698,10.9161535756192,29.4606522794134,6.51516306985307,21.5685218235301,175.532121452065,3563.66530742625,0,0,1118.68564498831,8136.33898081137,0,"blue",16
"613","Broadbalk_LMpred_BBalk_",2012,"wheat","PKMg",29.4944243947414,5.69448720805948,10.2910700961302,29.4944244203825,6.52360610509635,21.5955395363077,174.333615108837,3589.85038060633,0,0,1116.84467591363,8190.49437358688,0,"blue",16
"614","Broadbalk_LMpred_BBalk_",2013,"wheat","PKMg",29.5282086375712,5.62078209831197,9.66598661664103,29.5282086374221,6.53205215946968,21.6225669104692,174.333615108837,3589.85038060633,0,0,1116.84467591363,8190.49437358688,0,"blue",16
"615","Broadbalk_LMpred_BBalk_",2014,"oats","PKMg",25.9211846375922,6.53882888924383,14.2731938556785,25.9211786497434,8.76847185471481,33.3817698540796,174.333615108837,3589.85038060633,0,0,1116.84467591363,8190.49437358688,0,"blue",16
"616","Broadbalk_LMpred_BBalk_",2015,"silage maize","PKMg",1.65539856029501,0.864718454047531,9.33868420543413,1.65538684381628,0.662154737526511,4.59961420556511,177.391421942379,3616.07505476645,0,0,1119.86353353631,8243.07656141225,0,"blue",16
"617","Broadbalk_LMpred_BBalk_",1968,"wheat","PKMg",41.2418837096668,9.64355786384016,25.8797558124827,41.2418837191157,9.46047093402481,30.9935073349379,177.391421942379,3616.07505476645,0,0,1119.86353353631,8243.07656141225,0,"blue",16
"618","Broadbalk_LMpred_BBalk_",1969,"potato","PKMg",42.9386943492121,12.4634071582476,103.524747990151,42.9387011759239,10.786306682052,96.84673230428,177.391421942379,3616.07505476645,0,0,1119.86353353631,8243.07656141225,0,"blue",16
"619","Broadbalk_LMpred_BBalk_",1970,"beans","PKMg",122.341979875989,13.2482712056699,53.9883207930666,121.580779452239,15.654454223899,56.862660932374,181.362601879528,3644.09820703592,0,0,1144.6125516353,8297.98940637444,0,"blue",16
"620","Broadbalk_LMpred_BBalk_",1971,"wheat","PKMg",41.3432364381577,9.42244253459764,24.0045053740153,41.3432363226527,9.48580953320033,31.0746209977486,181.362601879528,3644.09820703592,0,0,1144.6125516353,8297.98940637444,0,"blue",16
"621","Broadbalk_LMpred_BBalk_",1972,"potato","PKMg",41.12115163441,11.5561537495685,96.9046786158816,41.1212459838711,10.4068805529489,92.3028376326323,181.362601879528,3644.09820703592,0,0,1144.6125516353,8297.98940637444,0,"blue",16
"622","Broadbalk_LMpred_BBalk_",1973,"beans","PKMg",126.696449889364,13.0526129403012,51.2652506699319,125.572519210767,16.2205272796096,56.6000510072108,167.401318571506,3653.77653668154,0,0,1161.32302640781,8356.85347988225,0,"blue",16
"623","Broadbalk_LMpred_BBalk_",1974,"wheat","PKMg",41.4445891666485,9.20132720535512,22.1292549355482,41.4445886636073,9.51114739219271,31.1556846325427,167.401318571506,3653.77653668154,0,0,1161.32302640781,8356.85347988225,0,"blue",16
"624","Broadbalk_LMpred_BBalk_",1975,"potato","PKMg",39.3036089196069,10.6489003408894,90.2846092416131,39.3036138105202,9.9797847790416,87.7590205628943,167.401318571506,3653.77653668154,0,0,1161.32302640781,8356.85347988225,0,"blue",16
"625","Broadbalk_LMpred_BBalk_",1976,"beans","PKMg",131.050919902738,12.8569546749326,48.5421805467975,129.651281062359,16.7866191589569,57.1571090849002,160.963232078805,3655.92323932814,0,0,1175.61124066415,8418.1128326685,0,"blue",16
"626","Broadbalk_LMpred_BBalk_",1977,"wheat","PKMg",41.5459418951389,8.9802118761126,20.2540044970807,41.5459413372842,9.53648546805336,31.2367606581493,160.963232078805,3655.92323932814,0,0,1175.61124066415,8418.1128326685,0,"blue",16
"627","Broadbalk_LMpred_BBalk_",1978,"potato","PKMg",37.4860662048044,9.74164693221025,83.6645398673446,37.4860659187965,9.4949039513632,83.2151647969862,160.963232078805,3655.92323932814,0,0,1175.61124066415,8418.1128326685,0,"blue",16
"628","Broadbalk_LMpred_BBalk_",1979,"potato","PKMg",36.880218633203,9.43922912931721,81.4578500759213,36.8802204234309,9.3264580206428,81.700527661875,156.66574291433,3654.11515142564,0,0,1180.36338918867,8479.9647626763,0,"blue",16
"629","Broadbalk_LMpred_BBalk_",1980,"wheat","PKMg",41.6472946236297,8.75909654687005,18.3787540586135,41.6472914049247,9.56182291692329,31.3178332785094,156.66574291433,3654.11515142564,0,0,1180.36338918867,8479.9647626763,0,"blue",16
"630","Broadbalk_LMpred_BBalk_",1982,"potato","PKMg",35.0626759184,8.53197572063807,74.8377807016528,35.0626870500842,8.81755053850526,77.1566136125156,156.66574291433,3654.11515142564,0,0,1180.36338918867,8479.9647626763,0,"blue",16
"631","Broadbalk_LMpred_BBalk_",1983,"wheat","PKMg",41.7486473521206,8.53798121762753,16.5035036201464,41.7486144997694,9.58715429381428,31.3988931736318,158.200972194706,3651.62256313765,0,0,1200.65449309438,8543.41351586622,0,"blue",16
"632","Broadbalk_LMpred_BBalk_",1985,"potato","PKMg",33.245133203597,7.62472231195898,68.2177113273838,33.245131776062,8.30863666939755,72.6128165258475,158.200972194706,3651.62256313765,0,0,1200.65449309438,8543.41351586622,0,"blue",16
"633","Broadbalk_LMpred_BBalk_",1986,"wheat","PKMg",28.7770084956271,7.47877502486342,18.877812187106,28.7770581504364,6.34426453760903,21.0216465203489,158.200972194706,3651.62256313765,0,0,1200.65449309438,8543.41351586622,0,"blue",16
"634","Broadbalk_LMpred_BBalk_",1987,"wheat","PKMg",28.8107927384574,7.40506991511591,18.2527287076169,28.8108301894265,6.35270754735607,21.0486641515399,156.509638700542,3648.99717461608,0,0,1210.59185634178,8608.94264216849,0,"blue",16
"635","Broadbalk_LMpred_BBalk_",1988,"wheat","PKMg",28.8445769812872,7.33136480536841,17.6276452281279,28.8445754014252,6.36114389691211,21.0756604306833,156.509638700542,3648.99717461608,0,0,1210.59185634178,8608.94264216849,0,"blue",16
"636","Broadbalk_LMpred_BBalk_",1990,"potato","PKMg",17.1429037606084,5.27454243397217,61.4338213756965,17.1429101165967,3.80001444579699,32.3572533699848,156.509638700542,3648.99717461608,0,0,1210.59185634178,8608.94264216849,0,"blue",16
"637","Broadbalk_LMpred_BBalk_",1991,"wheat","PKMg",28.9459297097781,7.11024947612589,15.7523947896605,28.9459418987063,6.38648547467598,21.1567535189636,154.118414536231,3644.90699939989,0,0,1213.93519180311,8674.13882868955,0,"blue",16
"638","Broadbalk_LMpred_BBalk_",1992,"wheat","PKMg",28.9797139526083,7.03654436637838,15.1273113101714,28.9797470056188,6.39493675140502,21.1837976044958,154.118414536231,3644.90699939989,0,0,1213.93519180311,8674.13882868955,0,"blue",16
"639","Broadbalk_LMpred_BBalk_",1993,"wheat","PKMg",29.0134981954386,6.96283925663087,14.5022278306824,29.0134893878666,6.40337260499951,21.2107921174294,154.118414536231,3644.90699939989,0,0,1213.93519180311,8674.13882868955,0,"blue",16
"640","Broadbalk_LMpred_BBalk_",1995,"potato","PKMg",14.1136659026032,3.76245341950705,50.4003724185823,14.113676801289,2.95182897876212,24.7841622192851,152.878406578184,3639.65718548792,0,0,1218.3016779703,8738.28491251276,0,"blue",16
"641","Broadbalk_LMpred_BBalk_",1996,"wheat","PKMg",29.1148509239295,6.74172392738835,12.6269773922149,29.1148782702775,6.42871956756896,21.291902616221,152.878406578184,3639.65718548792,0,0,1218.3016779703,8738.28491251276,0,"blue",16
"642","Broadbalk_LMpred_BBalk_",1997,"wheat","PKMg",29.1486351667593,6.66801881764085,12.0018939127259,29.148636933893,6.43715923347292,21.3189095471136,152.878406578184,3639.65718548792,0,0,1218.3016779703,8738.28491251276,0,"blue",16
"643","Broadbalk_LMpred_BBalk_",1998,"wheat","PKMg",29.18241940959,6.59431370789334,11.3768104332369,29.1824189972972,6.44561473820233,21.345980393605,150.284567336426,3633.08903266465,0,0,1211.78282203383,8799.94629002849,0,"blue",16
"644","Broadbalk_LMpred_BBalk_",1999,"oats","PKMg",29.0336248896931,6.73443405174288,15.9470789028089,29.0335751367007,10.0134331631561,37.6855762991815,150.284567336426,3633.08903266465,0,0,1211.78282203383,8799.94629002849,0,"blue",16
"645","Broadbalk_LMpred_BBalk_",2000,"silage maize","PKMg",15.8606319848314,3.01748462359342,15.7111241032269,15.8606319695632,5.71751900633522,34.3989545519583,150.284567336426,3633.08903266465,0,0,1211.78282203383,8799.94629002849,0,"blue",16
"646","Broadbalk_LMpred_BBalk_",2001,"wheat","PKMg",15.4226684759626,3.85690121814599,5.59935874941846,15.4226711735261,3.00566779338118,10.33813693882,153.563736887931,3627.27513198434,0,0,1225.80237017457,8860.79389466628,0,"blue",16
"647","Broadbalk_LMpred_BBalk_",2002,"wheat","PKMg",20.531740388629,5.05691800542996,7.33716238024204,20.5318146496043,4.28295366240174,14.425451719685,153.563736887931,3627.27513198434,0,0,1225.80237017457,8860.79389466628,0,"blue",16
"648","Broadbalk_LMpred_BBalk_",2003,"wheat","PKMg",20.5655246314593,4.98321289568245,6.71207890075301,20.5655227028946,4.29138384609973,14.4524329574045,153.563736887931,3627.27513198434,0,0,1225.80237017457,8860.79389466628,0,"blue",16
"649","Broadbalk_LMpred_BBalk_",2004,"oats","PKMg",19.2639869515344,5.3826420552261,11.2946602934804,19.2639289045587,6.10557706697521,23.3959214676814,152.189837870957,3622.13386793146,0,0,1232.52612921912,8922.50161379819,0,"blue",16
"650","Broadbalk_LMpred_BBalk_",2005,"silage maize","PKMg",2.39339632252815,1.01330562472768,9.49252054367765,2.39339892587902,0.957359007605891,6.26014290435865,152.189837870957,3622.13386793146,0,0,1232.52612921912,8922.50161379819,0,"blue",16
"651","Broadbalk_LMpred_BBalk_",2006,"wheat","PKMg",20.6668773599502,4.76209756643994,4.83682846228579,20.6668880629237,4.31672201573118,14.5335104503396,152.189837870957,3622.13386793146,0,0,1232.52612921912,8922.50161379819,0,"blue",16
"652","Broadbalk_LMpred_BBalk_",2007,"wheat","PKMg",29.32550318059,6.06301275679701,13.4164874935757,29.325597521999,6.48139938049951,21.4604780175986,151.410546827464,3616.38955286986,0,0,1239.3470091718,8984.08519430919,0,"blue",16
"653","Broadbalk_LMpred_BBalk_",2008,"wheat","PKMg",29.3592874234203,5.98930764704951,12.7914040140863,29.3592874104035,6.48982187002035,21.4874300096133,151.410546827464,3616.38955286986,0,0,1239.3470091718,8984.08519430919,0,"blue",16
"654","Broadbalk_LMpred_BBalk_",2009,"oats","PKMg",26.9050065834688,6.64804562228726,17.386298329969,26.904973783845,9.16199206502182,34.8574784207223,151.410546827464,3616.38955286986,0,0,1239.3470091718,8984.08519430919,0,"blue",16
"655","Broadbalk_LMpred_BBalk_",2010,"silage maize","PKMg",6.33681823031658,1.62632218943989,14.0179736299453,6.33684051903092,2.5347311288086,15.1328472214706,150.900753618794,3610.36729391906,0,0,1246.23953046159,9045.57010610894,0,"blue",16
"656","Broadbalk_LMpred_BBalk_",2011,"wheat","PKMg",29.4606401519111,5.76819231780698,10.9161535756192,29.4606522794134,6.51516306985307,21.5685218235301,150.900753618794,3610.36729391906,0,0,1246.23953046159,9045.57010610894,0,"blue",16
"657","Broadbalk_LMpred_BBalk_",2012,"wheat","PKMg",29.4944243947414,5.69448720805948,10.2910700961302,29.4944244203825,6.52360610509635,21.5955395363077,150.900753618794,3610.36729391906,0,0,1246.23953046159,9045.57010610894,0,"blue",16
"658","Broadbalk_LMpred_BBalk_",2013,"wheat","PKMg",29.5282086375712,5.62078209831197,9.66598661664103,29.5282086374221,6.53205215946968,21.6225669104692,148.944005562908,3603.55557012023,0,0,1242.95368437475,9105.4741823417,0,"blue",16
"659","Broadbalk_LMpred_BBalk_",2014,"oats","PKMg",25.9211846375922,6.53882888924383,14.2731938556785,25.9211786497434,8.76847185471481,33.3817698540796,148.944005562908,3603.55557012023,0,0,1242.95368437475,9105.4741823417,0,"blue",16
"660","Broadbalk_LMpred_BBalk_",2015,"silage maize","PKMg",1.65539856029501,0.864718454047531,9.33868420543413,1.65538684381628,0.662154737526511,4.59961420556511,148.944005562908,3603.55557012023,0,0,1242.95368437475,9105.4741823417,0,"blue",16
"661","Broadbalk_LMpred_BBalk_",1968,"wheat","Control",37.3038267685497,7.50691933142863,16.4508726133868,41.2040146724726,7.54327510136452,22.4831405927662,57.5613879379361,1513.39900509517,0,0,389.647469123976,3914.14193015039,0,"red",1
"662","Broadbalk_LMpred_BBalk_",1969,"potato","Control",34.6419853981533,7.64783455720942,59.1072969891206,41.3988782042218,5.84622714967113,62.9598960846653,57.5613879379361,1513.39900509517,0,0,389.647469123976,3914.14193015039,0,"red",1
"663","Broadbalk_LMpred_BBalk_",1970,"beans","Control",76.6071348759929,6.74472660567011,20.5482849216407,102.325922827961,8.54983096334216,23.2254421683544,57.5613879379361,1513.39900509517,0,0,389.647469123976,3914.14193015039,0,"red",1
"664","Broadbalk_LMpred_BBalk_",1971,"wheat","Control",37.4051794970405,7.28580400218611,14.5756221749193,41.2451348573503,7.44367267566923,21.1653384587027,56.9987324121065,1506.41838551963,0,0,386.636326166489,3894.66993251511,0,"red",1
"665","Broadbalk_LMpred_BBalk_",1972,"potato","Control",32.8244426833503,6.74058114853028,52.4872276148517,39.7971124251849,5.72137888769841,60.0165367627927,56.9987324121065,1506.41838551963,0,0,386.636326166489,3894.66993251511,0,"red",1
"666","Broadbalk_LMpred_BBalk_",1973,"beans","Control",80.9616048893672,6.54906834030146,17.8252147985061,102.315809646138,8.2795882870301,21.9806678807798,56.9987324121065,1506.41838551963,0,0,386.636326166489,3894.66993251511,0,"red",1
"667","Broadbalk_LMpred_BBalk_",1974,"wheat","Control",37.5065322255314,7.06468867294359,12.7003717364522,41.3007639998451,7.38504097442342,20.4740859174266,57.7599979249193,1499.81089285715,0,0,348.598296976798,3869.74806562013,0,"red",1
"668","Broadbalk_LMpred_BBalk_",1975,"potato","Control",31.0068999685477,5.8333277398512,45.8671582405832,38.2002257944941,5.61346145424587,58.2352691892366,57.7599979249193,1499.81089285715,0,0,348.598296976798,3869.74806562013,0,"red",1
"669","Broadbalk_LMpred_BBalk_",1976,"beans","Control",85.3160749027415,6.35341007493281,15.1021446753716,102.64821020249,8.0872400274298,21.2162567292206,57.7599979249193,1499.81089285715,0,0,348.598296976798,3869.74806562013,0,"red",1
"670","Broadbalk_LMpred_BBalk_",1977,"wheat","Control",37.6078849540218,6.84357334370107,10.8251212979848,41.3634494161138,7.32682818282381,19.995902383979,56.0738620737467,1492.94719774498,0,0,353.688240559325,3841.43267986925,0,"red",1
"671","Broadbalk_LMpred_BBalk_",1978,"potato","Control",29.1893572537451,4.92607433117206,39.2470888663147,36.5872583676879,5.5038956058805,56.686477713599,56.0738620737467,1492.94719774498,0,0,353.688240559325,3841.43267986925,0,"red",1
"672","Broadbalk_LMpred_BBalk_",1979,"potato","Control",28.5835096821438,4.62365652827901,37.0403990748914,36.0998623118773,5.53538023173576,53.5209793736331,56.0738620737467,1492.94719774498,0,0,353.688240559325,3841.43267986925,0,"red",1
"673","Broadbalk_LMpred_BBalk_",1980,"wheat","Control",37.7092376825126,6.62245801445852,8.94987085951755,41.3108798798349,7.36939911360325,18.4130283864319,55.8872267560889,1485.69016038697,0,0,358.524431624058,3815.43115034582,0,"red",1
"674","Broadbalk_LMpred_BBalk_",1982,"potato","Control",26.7659669673408,3.71640311959987,30.4203297006229,34.5987504846105,5.64718152836728,55.1613758226236,55.8872267560889,1485.69016038697,0,0,358.524431624058,3815.43115034582,0,"red",1
"675","Broadbalk_LMpred_BBalk_",1983,"wheat","Control",37.8105904110034,6.401342685216,7.07462042105044,41.4633227772826,7.43070720951285,18.945914845268,55.8872267560889,1485.69016038697,0,0,358.524431624058,3815.43115034582,0,"red",1
"676","Broadbalk_LMpred_BBalk_",1985,"potato","Control",24.9484242525377,2.80914971092079,23.800260326354,32.9285970785074,5.55430565090773,54.4339508092122,56.8398132705594,1479.0161949848,0,0,327.645016103756,3786.29402910333,0,"red",1
"677","Broadbalk_LMpred_BBalk_",1986,"wheat","Control",28.971268680039,6.83507872333647,19.5415908697928,28.7770145075973,6.1079335551575,17.0409675285434,56.8398132705594,1479.0161949848,0,0,327.645016103756,3786.29402910333,0,"red",1
"678","Broadbalk_LMpred_BBalk_",1987,"wheat","Control",29.0050529228693,6.76137361358897,18.9165073903038,28.8107949766837,6.07313876614897,17.2814694162022,56.8398132705594,1479.0161949848,0,0,327.645016103756,3786.29402910333,0,"red",1
"679","Broadbalk_LMpred_BBalk_",1988,"wheat","Control",29.0388371656991,6.68766850384146,18.2914239108147,28.8445757098231,6.05391988053507,17.433423117146,55.3432179349839,1472.23320203334,0,0,336.549214634293,3755.40916269201,0,"red",1
"680","Broadbalk_LMpred_BBalk_",1990,"potato","Control",12.9785119350781,1.95191206381855,27.1090322564496,17.1429093362338,3.79644040682029,32.3572524091348,55.3432179349839,1472.23320203334,0,0,336.549214634293,3755.40916269201,0,"red",1
"681","Broadbalk_LMpred_BBalk_",1991,"wheat","Control",29.1401898941899,6.46655317459894,16.4161734723473,28.9459544421369,6.13047472069401,17.5656639609382,55.3432179349839,1472.23320203334,0,0,336.549214634293,3755.40916269201,0,"red",1
"682","Broadbalk_LMpred_BBalk_",1992,"wheat","Control",29.1739741370202,6.39284806485144,15.7910899928582,28.9797606183479,6.07579395567268,17.5801103109035,55.1031781794245,1465.08820081448,0,0,343.715346991551,3727.76894441732,0,"red",1
"683","Broadbalk_LMpred_BBalk_",1993,"wheat","Control",29.2077583798505,6.31914295510393,15.1660065133692,29.0133994768831,6.04629506027229,17.5765150076035,55.1031781794245,1465.08820081448,0,0,343.715346991551,3727.76894441732,0,"red",1
"684","Broadbalk_LMpred_BBalk_",1995,"potato","Control",9.94927407707382,0.439823049353436,16.0755832993354,14.1136659165002,2.9518264557287,24.7841647499539,55.1031781794245,1465.08820081448,0,0,343.715346991551,3727.76894441732,0,"red",1
"685","Broadbalk_LMpred_BBalk_",1996,"wheat","Control",29.3091111083413,6.09802762586141,13.2907560749018,29.1148509436082,6.13744600886563,17.6539260147611,56.0674186106611,1458.51049892899,0,0,315.499108206487,3697.74991401315,0,"red",1
"686","Broadbalk_LMpred_BBalk_",1997,"wheat","Control",29.3428953511711,6.0243225161139,12.6656725954127,29.1486390533761,6.0696158829185,17.5826344926674,56.0674186106611,1458.51049892899,0,0,315.499108206487,3697.74991401315,0,"red",1
"687","Broadbalk_LMpred_BBalk_",1998,"wheat","Control",29.3766795940019,5.95061740636639,12.0405891159237,29.1824188953077,6.03334248948685,17.5176014850833,56.0674186106611,1458.51049892899,0,0,315.499108206487,3697.74991401315,0,"red",1
"688","Broadbalk_LMpred_BBalk_",1999,"oats","Control",26.601750565269,5.43431436016047,13.434682739755,28.1526998750307,5.42403077647585,16.452037206422,54.6367598195065,1451.85391769272,0,0,325.506517983712,3666.5262475067,0,"red",1
"689","Broadbalk_LMpred_BBalk_",2000,"silage maize","Control",14.9423860517682,2.34355829612608,10.0378524184559,14.2329393725727,2.17027464580707,12.9321023555336,54.6367598195065,1451.85391769272,0,0,325.506517983712,3666.5262475067,0,"red",1
"690","Broadbalk_LMpred_BBalk_",2001,"wheat","Control",15.1598673935246,3.28631357265721,5.1935727347136,15.4226686171019,3.00566715427589,10.3381348882627,54.6367598195065,1451.85391769272,0,0,325.506517983712,3666.5262475067,0,"red",1
"691","Broadbalk_LMpred_BBalk_",2002,"wheat","Control",19.7564084768278,4.51118496414758,7.89021268585645,20.5317442655787,4.28293606639535,14.2227852431281,54.3380976258783,1444.82575170352,0,0,333.248401157439,3638.788461949,0,"red",1
"692","Broadbalk_LMpred_BBalk_",2003,"wheat","Control",19.7901927196581,4.43747985440007,7.26512920636742,20.5655189498533,4.29138374693908,14.2297004880592,54.3380976258783,1444.82575170352,0,0,333.248401157439,3638.788461949,0,"red",1
"693","Broadbalk_LMpred_BBalk_",2004,"oats","Control",15.8625205308972,4.18048562388826,8.67153575335362,19.1915263297188,4.89278486300381,15.2664813507151,54.3380976258783,1444.82575170352,0,0,333.248401157439,3638.788461949,0,"red",1
"694","Broadbalk_LMpred_BBalk_",2005,"silage maize","Control",0.505558293250942,0.437342557504962,3.7085204818337,2.39340180664081,0.957359537199475,6.26014414370596,55.3130231242755,1438.34693059925,0,0,306.406860842475,3608.94352455036,0,"red",1
"695","Broadbalk_LMpred_BBalk_",2006,"wheat","Control",19.8915454481489,4.21636452515756,5.3898787679002,20.6668870221836,4.31672133660626,14.3015826103151,55.3130231242755,1438.34693059925,0,0,306.406860842475,3608.94352455036,0,"red",1
"696","Broadbalk_LMpred_BBalk_",2007,"wheat","Control",28.1829143415753,5.17853774795703,11.6953337092613,29.3255522109744,6.05586690823014,17.4709483613403,55.3130231242755,1438.34693059925,0,0,306.406860842475,3608.94352455036,0,"red",1
"697","Broadbalk_LMpred_BBalk_",2008,"wheat","Control",28.2166985844055,5.10483263820953,11.0702502297719,29.3592788377009,5.9922979395847,17.3156595142866,55.6087010817557,1432.51587241003,0,0,288.013167983753,3573.81623803545,0,"red",1
"698","Broadbalk_LMpred_BBalk_",2009,"oats","Control",23.1362832356181,5.10714722339182,12.4889696999134,26.2522528289322,5.2261402885573,15.8940756677666,55.6087010817557,1432.51587241003,0,0,288.013167983753,3573.81623803545,0,"red",1
"699","Broadbalk_LMpred_BBalk_",2010,"silage maize","Control",4.08172327382636,0.711617154659592,5.95976947817261,6.32222067296241,1.87482034583615,11.4448354798984,55.6087010817557,1432.51587241003,0,0,288.013167983753,3573.81623803545,0,"red",1
"700","Broadbalk_LMpred_BBalk_",2011,"wheat","Control",28.3180513128964,4.88371730896701,9.19499979130478,29.4602910619249,6.0376643846069,17.1701585467348,58.7644261371662,1421.99072264848,0,0,330.53263742946,3512.88366989218,0,"red",1
"701","Broadbalk_LMpred_BBalk_",2012,"wheat","Control",28.3518355557267,4.8100121992195,8.56991631181575,29.4931544012656,5.96902302243986,17.0461850829388,58.7644261371662,1421.99072264848,0,0,330.53263742946,3512.88366989218,0,"red",1
"702","Broadbalk_LMpred_BBalk_",2013,"wheat","Control",28.3856197985565,4.736307089472,7.9448328323266,29.5257886876513,5.93228273451495,16.9422612952448,58.7644261371662,1421.99072264848,0,0,330.53263742946,3512.88366989218,0,"red",1
"703","Broadbalk_LMpred_BBalk_",2014,"oats","Control",22.1524612897415,4.99793049034839,9.37586522562287,25.3098655476896,5.08828837246465,15.3565129188328,56.805812222723,1418.30215503456,0,0,302.096039039623,3486.1588924594,0,"red",1
"704","Broadbalk_LMpred_BBalk_",2015,"silage maize","Control",-0.599696396195213,-0.0499865807327637,1.28048005366142,1.65539264569152,0.662157058276608,4.59963032650258,56.805812222723,1418.30215503456,0,0,302.096039039623,3486.1588924594,0,"red",1
"705","Broadbalk_LMpred_BBalk_",1968,"wheat","Control",37.3038267685497,7.50691933142863,16.4508726133868,41.2040146724726,7.54327510136452,22.4831405927662,56.805812222723,1418.30215503456,0,0,302.096039039623,3486.1588924594,0,"red",1
"706","Broadbalk_LMpred_BBalk_",1969,"potato","Control",34.6419853981533,7.64783455720942,59.1072969891206,41.3988782042218,5.84622714967113,62.9598960846653,58.5554717461887,1409.12178395372,0,0,334.005110986281,3435.30387278822,0,"red",1
"707","Broadbalk_LMpred_BBalk_",1970,"beans","Control",76.6071348759929,6.74472660567011,20.5482849216407,102.325922827961,8.54983096334216,23.2254421683544,58.5554717461887,1409.12178395372,0,0,334.005110986281,3435.30387278822,0,"red",1
"708","Broadbalk_LMpred_BBalk_",1971,"wheat","Control",37.4051794970405,7.28580400218611,14.5756221749193,41.2451348573503,7.44367267566923,21.1653384587027,58.5554717461887,1409.12178395372,0,0,334.005110986281,3435.30387278822,0,"red",1
"709","Broadbalk_LMpred_BBalk_",1972,"potato","Control",32.8244426833503,6.74058114853028,52.4872276148517,39.7971124251849,5.72137888769841,60.0165367627927,56.475249743749,1405.64770030526,0,0,303.141109898866,3411.73392306642,0,"red",1
"710","Broadbalk_LMpred_BBalk_",1973,"beans","Control",80.9616048893672,6.54906834030146,17.8252147985061,102.315809646138,8.2795882870301,21.9806678807798,56.475249743749,1405.64770030526,0,0,303.141109898866,3411.73392306642,0,"red",1
"711","Broadbalk_LMpred_BBalk_",1974,"wheat","Control",37.5065322255314,7.06468867294359,12.7003717364522,41.3007639998451,7.38504097442342,20.4740859174266,56.475249743749,1405.64770030526,0,0,303.141109898866,3411.73392306642,0,"red",1
"712","Broadbalk_LMpred_BBalk_",1975,"potato","Control",31.0068999685477,5.8333277398512,45.8671582405832,38.2002257944941,5.61346145424587,58.2352691892366,55.0094170543158,1401.00559943953,0,0,311.647834948151,3386.1862304886,0,"red",1
"713","Broadbalk_LMpred_BBalk_",1976,"beans","Control",85.3160749027415,6.35341007493281,15.1021446753716,102.64821020249,8.0872400274298,21.2162567292206,55.0094170543158,1401.00559943953,0,0,311.647834948151,3386.1862304886,0,"red",1
"714","Broadbalk_LMpred_BBalk_",1977,"wheat","Control",37.6078849540218,6.84357334370107,10.8251212979848,41.3634494161138,7.32682818282381,19.995902383979,55.0094170543158,1401.00559943953,0,0,311.647834948151,3386.1862304886,0,"red",1
"715","Broadbalk_LMpred_BBalk_",1978,"potato","Control",29.1893572537451,4.92607433117206,39.2470888663147,36.5872583676879,5.5038956058805,56.686477713599,54.2272590614073,1395.71461866629,0,0,317.140426181699,3363.41216983885,0,"red",1
"716","Broadbalk_LMpred_BBalk_",1979,"potato","Control",28.5835096821438,4.62365652827901,37.0403990748914,36.0998623118773,5.53538023173576,53.5209793736331,54.2272590614073,1395.71461866629,0,0,317.140426181699,3363.41216983885,0,"red",1
"717","Broadbalk_LMpred_BBalk_",1980,"wheat","Control",37.7092376825126,6.62245801445852,8.94987085951755,41.3108798798349,7.36939911360325,18.4130283864319,54.2272590614073,1395.71461866629,0,0,317.140426181699,3363.41216983885,0,"red",1
"718","Broadbalk_LMpred_BBalk_",1982,"potato","Control",26.7659669673408,3.71640311959987,30.4203297006229,34.5987504846105,5.64718152836728,55.1613758226236,57.6500648157379,1386.23787193671,0,0,337.657836705445,3325.46124042396,0,"red",1
"719","Broadbalk_LMpred_BBalk_",1983,"wheat","Control",37.8105904110034,6.401342685216,7.07462042105044,41.4633227772826,7.43070720951285,18.945914845268,57.6500648157379,1386.23787193671,0,0,337.657836705445,3325.46124042396,0,"red",1
"720","Broadbalk_LMpred_BBalk_",1985,"potato","Control",24.9484242525377,2.80914971092079,23.800260326354,32.9285970785074,5.55430565090773,54.4339508092122,57.6500648157379,1386.23787193671,0,0,337.657836705445,3325.46124042396,0,"red",1
"721","Broadbalk_LMpred_BBalk_",1986,"wheat","Control",28.971268680039,6.83507872333647,19.5415908697928,28.7770145075973,6.1079335551575,17.0409675285434,56.7480017095882,1383.34349463604,0,0,321.931663234297,3308.83016148598,0,"red",1
"722","Broadbalk_LMpred_BBalk_",1987,"wheat","Control",29.0050529228693,6.76137361358897,18.9165073903038,28.8107949766837,6.07313876614897,17.2814694162022,56.7480017095882,1383.34349463604,0,0,321.931663234297,3308.83016148598,0,"red",1
"723","Broadbalk_LMpred_BBalk_",1988,"wheat","Control",29.0388371656991,6.68766850384146,18.2914239108147,28.8445757098231,6.05391988053507,17.433423117146,56.7480017095882,1383.34349463604,0,0,321.931663234297,3308.83016148598,0,"red",1
"724","Broadbalk_LMpred_BBalk_",1990,"potato","Control",12.9785119350781,1.95191206381855,27.1090322564496,17.1429093362338,3.79644040682029,32.3572524091348,54.6107806172434,1379.35024100769,0,0,322.460324605382,3290.73583615396,0,"red",1
"725","Broadbalk_LMpred_BBalk_",1991,"wheat","Control",29.1401898941899,6.46655317459894,16.4161734723473,28.9459544421369,6.13047472069401,17.5656639609382,54.6107806172434,1379.35024100769,0,0,322.460324605382,3290.73583615396,0,"red",1
"726","Broadbalk_LMpred_BBalk_",1992,"wheat","Control",29.1739741370202,6.39284806485144,15.7910899928582,28.9797606183479,6.07579395567268,17.5801103109035,54.6107806172434,1379.35024100769,0,0,322.460324605382,3290.73583615396,0,"red",1
"727","Broadbalk_LMpred_BBalk_",1993,"wheat","Control",29.2077583798505,6.31914295510393,15.1660065133692,29.0133994768831,6.04629506027229,17.5765150076035,53.5369661228237,1374.34826154644,0,0,322.331200104517,3273.28485034392,0,"red",1
"728","Broadbalk_LMpred_BBalk_",1995,"potato","Control",9.94927407707382,0.439823049353436,16.0755832993354,14.1136659165002,2.9518264557287,24.7841647499539,53.5369661228237,1374.34826154644,0,0,322.331200104517,3273.28485034392,0,"red",1
"729","Broadbalk_LMpred_BBalk_",1996,"wheat","Control",29.3091111083413,6.09802762586141,13.2907560749018,29.1148509436082,6.13744600886563,17.6539260147611,53.5369661228237,1374.34826154644,0,0,322.331200104517,3273.28485034392,0,"red",1
"730","Broadbalk_LMpred_BBalk_",1997,"wheat","Control",29.3428953511711,6.0243225161139,12.6656725954127,29.1486390533761,6.0696158829185,17.5826344926674,56.7720131848898,1365.06691899854,0,0,336.122552835093,3241.91698130542,0,"red",1
"731","Broadbalk_LMpred_BBalk_",1998,"wheat","Control",29.3766795940019,5.95061740636639,12.0405891159237,29.1824188953077,6.03334248948685,17.5176014850833,56.7720131848898,1365.06691899854,0,0,336.122552835093,3241.91698130542,0,"red",1
"732","Broadbalk_LMpred_BBalk_",1999,"oats","Control",26.601750565269,5.43431436016047,13.434682739755,28.1526998750307,5.42403077647585,16.452037206422,56.7720131848898,1365.06691899854,0,0,336.122552835093,3241.91698130542,0,"red",1
"733","Broadbalk_LMpred_BBalk_",2000,"silage maize","Control",14.9423860517682,2.34355829612608,10.0378524184559,14.2329393725727,2.17027464580707,12.9321023555336,56.4362632822385,1362.45084244547,0,0,324.985619517106,3228.26974987345,0,"red",1
"734","Broadbalk_LMpred_BBalk_",2001,"wheat","Control",15.1598673935246,3.28631357265721,5.1935727347136,15.4226686171019,3.00566715427589,10.3381348882627,56.4362632822385,1362.45084244547,0,0,324.985619517106,3228.26974987345,0,"red",1
"735","Broadbalk_LMpred_BBalk_",2002,"wheat","Control",19.7564084768278,4.51118496414758,7.89021268585645,20.5317442655787,4.28293606639535,14.2227852431281,56.4362632822385,1362.45084244547,0,0,324.985619517106,3228.26974987345,0,"red",1
"736","Broadbalk_LMpred_BBalk_",2003,"wheat","Control",19.7901927196581,4.43747985440007,7.26512920636742,20.5655189498533,4.29138374693908,14.2297004880592,53.9766398390993,1358.77301987974,0,0,322.393889144959,3213.20755423084,0,"red",1
"737","Broadbalk_LMpred_BBalk_",2004,"oats","Control",15.8625205308972,4.18048562388826,8.67153575335362,19.1915263297188,4.89278486300381,15.2664813507151,53.9766398390993,1358.77301987974,0,0,322.393889144959,3213.20755423084,0,"red",1
"738","Broadbalk_LMpred_BBalk_",2005,"silage maize","Control",0.505558293250942,0.437342557504962,3.7085204818337,2.39340180664081,0.957359537199475,6.26014414370596,53.9766398390993,1358.77301987974,0,0,322.393889144959,3213.20755423084,0,"red",1
"739","Broadbalk_LMpred_BBalk_",2006,"wheat","Control",19.8915454481489,4.21636452515756,5.3898787679002,20.6668870221836,4.31672133660626,14.3015826103151,52.765303874433,1353.91473996149,0,0,320.067082985526,3197.95172589761,0,"red",1
"740","Broadbalk_LMpred_BBalk_",2007,"wheat","Control",28.1829143415753,5.17853774795703,11.6953337092613,29.3255522109744,6.05586690823014,17.4709483613403,52.765303874433,1353.91473996149,0,0,320.067082985526,3197.95172589761,0,"red",1
"741","Broadbalk_LMpred_BBalk_",2008,"wheat","Control",28.2166985844055,5.10483263820953,11.0702502297719,29.3592788377009,5.9922979395847,17.3156595142866,52.765303874433,1353.91473996149,0,0,320.067082985526,3197.95172589761,0,"red",1
"742","Broadbalk_LMpred_BBalk_",2009,"oats","Control",23.1362832356181,5.10714722339182,12.4889696999134,26.2522528289322,5.2261402885573,15.8940756677666,52.1005598701285,1348.54614147631,0,0,317.929588301459,3182.57161909659,0,"red",1
"743","Broadbalk_LMpred_BBalk_",2010,"silage maize","Control",4.08172327382636,0.711617154659592,5.95976947817261,6.32222067296241,1.87482034583615,11.4448354798984,52.1005598701285,1348.54614147631,0,0,317.929588301459,3182.57161909659,0,"red",1
"744","Broadbalk_LMpred_BBalk_",2011,"wheat","Control",28.3180513128964,4.88371730896701,9.19499979130478,29.4602910619249,6.0376643846069,17.1701585467348,52.1005598701285,1348.54614147631,0,0,317.929588301459,3182.57161909659,0,"red",1
"745","Broadbalk_LMpred_BBalk_",2012,"wheat","Control",28.3518355557267,4.8100121992195,8.56991631181575,29.4931544012656,5.96902302243986,17.0461850829388,52.0877646279414,1343.13490594202,0,0,316.803183413253,3167.24598677837,0,"red",1
"746","Broadbalk_LMpred_BBalk_",2013,"wheat","Control",28.3856197985565,4.736307089472,7.9448328323266,29.5257886876513,5.93228273451495,16.9422612952448,52.0877646279414,1343.13490594202,0,0,316.803183413253,3167.24598677837,0,"red",1
"747","Broadbalk_LMpred_BBalk_",2014,"oats","Control",22.1524612897415,4.99793049034839,9.37586522562287,25.3098655476896,5.08828837246465,15.3565129188328,52.0877646279414,1343.13490594202,0,0,316.803183413253,3167.24598677837,0,"red",1
"748","Broadbalk_LMpred_BBalk_",2015,"silage maize","Control",-0.599696396195213,-0.0499865807327637,1.28048005366142,1.65539264569152,0.662157058276608,4.59963032650258,54.2448406320406,1338.80755529211,0,0,318.577766776801,3152.53930105929,0,"red",1
"749","Broadbalk_LMpred_BBalk_",1968,"wheat","Control",37.3038267685497,7.50691933142863,16.4508726133868,41.2040146724726,7.54327510136452,22.4831405927662,54.2448406320406,1338.80755529211,0,0,318.577766776801,3152.53930105929,0,"red",1
"750","Broadbalk_LMpred_BBalk_",1969,"potato","Control",34.6419853981533,7.64783455720942,59.1072969891206,41.3988782042218,5.84622714967113,62.9598960846653,54.2448406320406,1338.80755529211,0,0,318.577766776801,3152.53930105929,0,"red",1
"751","Broadbalk_LMpred_BBalk_",1970,"beans","Control",76.6071348759929,6.74472660567011,20.5482849216407,102.325922827961,8.54983096334216,23.2254421683544,54.5885690913509,1335.45815967853,0,0,321.762299337514,3139.01663361031,0,"red",1
"752","Broadbalk_LMpred_BBalk_",1971,"wheat","Control",37.4051794970405,7.28580400218611,14.5756221749193,41.2451348573503,7.44367267566923,21.1653384587027,54.5885690913509,1335.45815967853,0,0,321.762299337514,3139.01663361031,0,"red",1
"753","Broadbalk_LMpred_BBalk_",1972,"potato","Control",32.8244426833503,6.74058114853028,52.4872276148517,39.7971124251849,5.72137888769841,60.0165367627927,54.5885690913509,1335.45815967853,0,0,321.762299337514,3139.01663361031,0,"red",1
"754","Broadbalk_LMpred_BBalk_",1973,"beans","Control",80.9616048893672,6.54906834030146,17.8252147985061,102.315809646138,8.2795882870301,21.9806678807798,53.7757957011535,1331.98799700233,0,0,320.398416849819,3126.15773085488,0,"red",1
"755","Broadbalk_LMpred_BBalk_",1974,"wheat","Control",37.5065322255314,7.06468867294359,12.7003717364522,41.3007639998451,7.38504097442342,20.4740859174266,53.7757957011535,1331.98799700233,0,0,320.398416849819,3126.15773085488,0,"red",1
"756","Broadbalk_LMpred_BBalk_",1975,"potato","Control",31.0068999685477,5.8333277398512,45.8671582405832,38.2002257944941,5.61346145424587,58.2352691892366,53.7757957011535,1331.98799700233,0,0,320.398416849819,3126.15773085488,0,"red",1
"757","Broadbalk_LMpred_BBalk_",1976,"beans","Control",85.3160749027415,6.35341007493281,15.1021446753716,102.64821020249,8.0872400274298,21.2162567292206,53.3025145173002,1328.16989443924,0,0,318.994517697251,3113.33192951939,0,"red",1
"758","Broadbalk_LMpred_BBalk_",1977,"wheat","Control",37.6078849540218,6.84357334370107,10.8251212979848,41.3634494161138,7.32682818282381,19.995902383979,53.3025145173002,1328.16989443924,0,0,318.994517697251,3113.33192951939,0,"red",1
"759","Broadbalk_LMpred_BBalk_",1978,"potato","Control",29.1893572537451,4.92607433117206,39.2470888663147,36.5872583676879,5.5038956058805,56.686477713599,53.3025145173002,1328.16989443924,0,0,318.994517697251,3113.33192951939,0,"red",1
"760","Broadbalk_LMpred_BBalk_",1979,"potato","Control",28.5835096821438,4.62365652827901,37.0403990748914,36.0998623118773,5.53538023173576,53.5209793736331,52.5672057027285,1324.01241839081,0,0,316.665316547185,3100.39464931874,0,"red",1
"761","Broadbalk_LMpred_BBalk_",1980,"wheat","Control",37.7092376825126,6.62245801445852,8.94987085951755,41.3108798798349,7.36939911360325,18.4130283864319,52.5672057027285,1324.01241839081,0,0,316.665316547185,3100.39464931874,0,"red",1
"762","Broadbalk_LMpred_BBalk_",1982,"potato","Control",26.7659669673408,3.71640311959987,30.4203297006229,34.5987504846105,5.64718152836728,55.1613758226236,52.5672057027285,1324.01241839081,0,0,316.665316547185,3100.39464931874,0,"red",1
"763","Broadbalk_LMpred_BBalk_",1983,"wheat","Control",37.8105904110034,6.401342685216,7.07462042105044,41.4633227772826,7.43070720951285,18.945914845268,54.8904477724845,1320.73181678386,0,0,322.382206774633,3088.41761494758,0,"red",1
"764","Broadbalk_LMpred_BBalk_",1985,"potato","Control",24.9484242525377,2.80914971092079,23.800260326354,32.9285970785074,5.55430565090773,54.4339508092122,54.8904477724845,1320.73181678386,0,0,322.382206774633,3088.41761494758,0,"red",1
"765","Broadbalk_LMpred_BBalk_",1986,"wheat","Control",28.971268680039,6.83507872333647,19.5415908697928,28.7770145075973,6.1079335551575,17.0409675285434,54.8904477724845,1320.73181678386,0,0,322.382206774633,3088.41761494758,0,"red",1
"766","Broadbalk_LMpred_BBalk_",1987,"wheat","Control",29.0050529228693,6.76137361358897,18.9165073903038,28.8107949766837,6.07313876614897,17.2814694162022,53.5566428289887,1317.74890039074,0,0,319.354234684426,3077.14400442748,0,"red",1
"767","Broadbalk_LMpred_BBalk_",1988,"wheat","Control",29.0388371656991,6.68766850384146,18.2914239108147,28.8445757098231,6.05391988053507,17.433423117146,53.5566428289887,1317.74890039074,0,0,319.354234684426,3077.14400442748,0,"red",1
"768","Broadbalk_LMpred_BBalk_",1990,"potato","Control",12.9785119350781,1.95191206381855,27.1090322564496,17.1429093362338,3.79644040682029,32.3572524091348,53.5566428289887,1317.74890039074,0,0,319.354234684426,3077.14400442748,0,"red",1
"769","Broadbalk_LMpred_BBalk_",1991,"wheat","Control",29.1401898941899,6.46655317459894,16.4161734723473,28.9459544421369,6.13047472069401,17.5656639609382,51.6311874315928,1313.61848887991,0,0,313.985069374589,3065.04222137597,0,"red",1
"770","Broadbalk_LMpred_BBalk_",1992,"wheat","Control",29.1739741370202,6.39284806485144,15.7910899928582,28.9797606183479,6.07579395567268,17.5801103109035,51.6311874315928,1313.61848887991,0,0,313.985069374589,3065.04222137597,0,"red",1
"771","Broadbalk_LMpred_BBalk_",1993,"wheat","Control",29.2077583798505,6.31914295510393,15.1660065133692,29.0133994768831,6.04629506027229,17.5765150076035,51.6311874315928,1313.61848887991,0,0,313.985069374589,3065.04222137597,0,"red",1
"772","Broadbalk_LMpred_BBalk_",1995,"potato","Control",9.94927407707382,0.439823049353436,16.0755832993354,14.1136659165002,2.9518264557287,24.7841647499539,50.6611874036574,1308.59619096826,0,0,309.716367566068,3051.99526367021,0,"red",1
"773","Broadbalk_LMpred_BBalk_",1996,"wheat","Control",29.3091111083413,6.09802762586141,13.2907560749018,29.1148509436082,6.13744600886563,17.6539260147611,50.6611874036574,1308.59619096826,0,0,309.716367566068,3051.99526367021,0,"red",1
"774","Broadbalk_LMpred_BBalk_",1997,"wheat","Control",29.3428953511711,6.0243225161139,12.6656725954127,29.1486390533761,6.0696158829185,17.5826344926674,50.6611874036574,1308.59619096826,0,0,309.716367566068,3051.99526367021,0,"red",1
"775","Broadbalk_LMpred_BBalk_",1998,"wheat","Control",29.3766795940019,5.95061740636639,12.0405891159237,29.1824188953077,6.03334248948685,17.5176014850833,50.6206066519155,1303.41063143145,0,0,307.355577627345,3038.46197794117,0,"red",1
"776","Broadbalk_LMpred_BBalk_",1999,"oats","Control",26.601750565269,5.43431436016047,13.434682739755,28.1526998750307,5.42403077647585,16.452037206422,50.6206066519155,1303.41063143145,0,0,307.355577627345,3038.46197794117,0,"red",1
"777","Broadbalk_LMpred_BBalk_",2000,"silage maize","Control",14.9423860517682,2.34355829612608,10.0378524184559,14.2329393725727,2.17027464580707,12.9321023555336,50.6206066519155,1303.41063143145,0,0,307.355577627345,3038.46197794117,0,"red",1
"778","Broadbalk_LMpred_BBalk_",2001,"wheat","Control",15.1598673935246,3.28631357265721,5.1935727347136,15.4226686171019,3.00566715427589,10.3381348882627,52.839313127553,1299.31710460997,0,0,309.059101761295,3025.31361832732,0,"red",1
"779","Broadbalk_LMpred_BBalk_",2002,"wheat","Control",19.7564084768278,4.51118496414758,7.89021268585645,20.5317442655787,4.28293606639535,14.2227852431281,52.839313127553,1299.31710460997,0,0,309.059101761295,3025.31361832732,0,"red",1
"780","Broadbalk_LMpred_BBalk_",2003,"wheat","Control",19.7901927196581,4.43747985440007,7.26512920636742,20.5655189498533,4.29138374693908,14.2297004880592,52.839313127553,1299.31710460997,0,0,309.059101761295,3025.31361832732,0,"red",1
"781","Broadbalk_LMpred_BBalk_",2004,"oats","Control",15.8625205308972,4.18048562388826,8.67153575335362,19.1915263297188,4.89278486300381,15.2664813507151,50.8776710651186,1295.2410822878,0,0,304.985904895015,3012.21665664687,0,"red",1
"782","Broadbalk_LMpred_BBalk_",2005,"silage maize","Control",0.505558293250942,0.437342557504962,3.7085204818337,2.39340180664081,0.957359537199475,6.26014414370596,50.8776710651186,1295.2410822878,0,0,304.985904895015,3012.21665664687,0,"red",1
"783","Broadbalk_LMpred_BBalk_",2006,"wheat","Control",19.8915454481489,4.21636452515756,5.3898787679002,20.6668870221836,4.31672133660626,14.3015826103151,50.8776710651186,1295.2410822878,0,0,304.985904895015,3012.21665664687,0,"red",1
"784","Broadbalk_LMpred_BBalk_",2007,"wheat","Control",28.1829143415753,5.17853774795703,11.6953337092613,29.3255522109744,6.05586690823014,17.4709483613403,49.8950368868977,1290.25469344358,0,0,301.641097947343,2998.5152785116,0,"red",1
"785","Broadbalk_LMpred_BBalk_",2008,"wheat","Control",28.2166985844055,5.10483263820953,11.0702502297719,29.3592788377009,5.9922979395847,17.3156595142866,49.8950368868977,1290.25469344358,0,0,301.641097947343,2998.5152785116,0,"red",1
"786","Broadbalk_LMpred_BBalk_",2009,"oats","Control",23.1362832356181,5.10714722339182,12.4889696999134,26.2522528289322,5.2261402885573,15.8940756677666,49.8950368868977,1290.25469344358,0,0,301.641097947343,2998.5152785116,0,"red",1
"787","Broadbalk_LMpred_BBalk_",2010,"silage maize","Control",4.08172327382636,0.711617154659592,5.95976947817261,6.32222067296241,1.87482034583615,11.4448354798984,49.3367247893985,1284.88072280657,0,0,298.812302558444,2984.40181260525,0,"red",1
"788","Broadbalk_LMpred_BBalk_",2011,"wheat","Control",28.3180513128964,4.88371730896701,9.19499979130478,29.4602910619249,6.0376643846069,17.1701585467348,49.3367247893985,1284.88072280657,0,0,298.812302558444,2984.40181260525,0,"red",1
"789","Broadbalk_LMpred_BBalk_",2012,"wheat","Control",28.3518355557267,4.8100121992195,8.56991631181575,29.4931544012656,5.96902302243986,17.0461850829388,49.3367247893985,1284.88072280657,0,0,298.812302558444,2984.40181260525,0,"red",1
"790","Broadbalk_LMpred_BBalk_",2013,"wheat","Control",28.3856197985565,4.736307089472,7.9448328323266,29.5257886876513,5.93228273451495,16.9422612952448,49.5390179876347,1279.59014123586,0,0,297.652181384705,2970.20542086016,0,"red",1
"791","Broadbalk_LMpred_BBalk_",2014,"oats","Control",22.1524612897415,4.99793049034839,9.37586522562287,25.3098655476896,5.08828837246465,15.3565129188328,49.5390179876347,1279.59014123586,0,0,297.652181384705,2970.20542086016,0,"red",1
"792","Broadbalk_LMpred_BBalk_",2015,"silage maize","Control",-0.599696396195213,-0.0499865807327637,1.28048005366142,1.65539264569152,0.662157058276608,4.59963032650258,49.5390179876347,1279.59014123586,0,0,297.652181384705,2970.20542086016,0,"red",1
"793","Broadbalk_LMpred_BBalk_",1968,"wheat","N",91.4617564104819,11.6777027719207,25.2119709454207,103.412034300446,8.08799101207789,23.9397129746092,51.966121955548,1410.99359448157,0,0,357.084088348472,3689.67203988136,0,"grey",1
"794","Broadbalk_LMpred_BBalk_",1969,"potato","N",37.0059469982806,5.39583444915764,42.1015147780755,68.9752622915533,5.5441232736984,57.6677152978873,51.966121955548,1410.99359448157,0,0,357.084088348472,3689.67203988136,0,"grey",1
"795","Broadbalk_LMpred_BBalk_",1970,"beans","N",66.8851210982089,5.92648117709982,16.6688379502189,101.046724065992,7.89417115672647,21.5439297106485,51.966121955548,1410.99359448157,0,0,357.084088348472,3689.67203988136,0,"grey",1
"796","Broadbalk_LMpred_BBalk_",1971,"wheat","N",91.5631091389727,11.4565874426782,23.3367205069533,101.175549313613,7.93782252301914,22.4121523423112,51.5889599352221,1403.28276548982,0,0,354.349381167244,3668.46703408798,0,"grey",1
"797","Broadbalk_LMpred_BBalk_",1972,"potato","N",35.1884042834775,4.4885810404785,35.4814454038066,67.4937403985246,5.48472412494849,55.4634587659959,51.5889599352221,1403.28276548982,0,0,354.349381167244,3668.46703408798,0,"grey",1
"798","Broadbalk_LMpred_BBalk_",1973,"beans","N",71.2395911115832,5.73082291173117,13.9457678270842,100.048670500339,7.67469626988062,20.5087618009485,51.5889599352221,1403.28276548982,0,0,354.349381167244,3668.46703408798,0,"grey",1
"799","Broadbalk_LMpred_BBalk_",1974,"wheat","N",91.6644618674635,11.2354721134357,21.4614700684861,99.4939460387905,7.78827110961158,21.5609614489217,53.0141017443251,1396.31350040702,0,0,322.330085007026,3642.81861495031,0,"grey",1
"800","Broadbalk_LMpred_BBalk_",1975,"potato","N",33.3708615686749,3.58132763179942,28.8613760295381,65.4215738762739,5.40885145214585,53.9394429175466,53.0141017443251,1396.31350040702,0,0,322.330085007026,3642.81861495031,0,"grey",1
"801","Broadbalk_LMpred_BBalk_",1976,"beans","N",75.5940611249575,5.53516464636252,11.2226977039497,99.465183525956,7.50130824391195,19.8354936772975,53.0141017443251,1396.31350040702,0,0,322.330085007026,3642.81861495031,0,"grey",1
"802","Broadbalk_LMpred_BBalk_",1977,"wheat","N",91.7658145959539,11.0143567841931,19.5862196300187,98.0154326192219,7.65184504737191,20.9414013713775,51.885841877276,1389.54758911734,0,0,328.820441512663,3614.78432873403,0,"grey",1
"803","Broadbalk_LMpred_BBalk_",1978,"potato","N",31.5533188538723,2.67407422312028,22.2413066552696,62.9048409258514,5.33164159636939,52.6766018073791,51.885841877276,1389.54758911734,0,0,328.820441512663,3614.78432873403,0,"grey",1
"804","Broadbalk_LMpred_BBalk_",1979,"potato","N",30.947471282271,2.37165642022723,20.0346168638463,62.5883900819756,5.38692465765693,50.5321579293338,51.885841877276,1389.54758911734,0,0,328.820441512663,3614.78432873403,0,"grey",1
"805","Broadbalk_LMpred_BBalk_",1980,"wheat","N",91.8671673244448,10.7932414549506,17.7109691915515,94.9145975077469,7.47538858243282,18.948521317902,51.1628233967857,1382.33278507481,0,0,332.17385317435,3589.01876473003,0,"grey",1
"806","Broadbalk_LMpred_BBalk_",1982,"potato","N",29.129928567468,1.46440301154809,13.4145474895778,60.804395677667,5.60698121479672,53.2600511906692,51.1628233967857,1382.33278507481,0,0,332.17385317435,3589.01876473003,0,"grey",1
"807","Broadbalk_LMpred_BBalk_",1983,"wheat","N",91.9685200529356,10.5721261257081,15.8357187530844,94.757232364965,7.59801518855047,19.5249808852708,51.1628233967857,1382.33278507481,0,0,332.17385317435,3589.01876473003,0,"grey",1
"808","Broadbalk_LMpred_BBalk_",1985,"potato","N",27.312385852665,0.557149602869011,6.79447811530885,56.97436532057,5.57367200376619,53.2520184264204,52.3712431576517,1375.639641189,0,0,305.221372163271,3560.50778697511,0,"grey",1
"809","Broadbalk_LMpred_BBalk_",1986,"wheat","N",92.549424503441,13.484601917738,37.6591430636436,97.9361743752689,7.54166380893322,19.4359492482328,52.3712431576517,1375.639641189,0,0,305.221372163271,3560.50778697511,0,"grey",1
"810","Broadbalk_LMpred_BBalk_",1987,"wheat","N",92.5832087462713,13.4108968079905,37.0340595841545,98.0263023639229,7.38039920824418,19.6905207076962,52.3712431576517,1375.639641189,0,0,305.221372163271,3560.50778697511,0,"grey",1
"811","Broadbalk_LMpred_BBalk_",1988,"wheat","N",92.6169929891011,13.337191698243,36.4089761046655,97.9484516490332,7.29550094419689,19.831574800753,51.2557303494098,1369.08045772736,0,0,314.438688331559,3530.78170900588,0,"grey",1
"812","Broadbalk_LMpred_BBalk_",1990,"potato","N",24.7626997166752,2.17865170967622,19.4597039072211,52.819369479498,5.42280700588896,52.4740548439104,51.2557303494098,1369.08045772736,0,0,314.438688331559,3530.78170900588,0,"grey",1
"813","Broadbalk_LMpred_BBalk_",1991,"wheat","N",92.7183457175919,13.1160763690005,34.533725666198,96.2182727736258,7.37980502141508,19.1339156550517,51.2557303494098,1369.08045772736,0,0,314.438688331559,3530.78170900588,0,"grey",1
"814","Broadbalk_LMpred_BBalk_",1992,"wheat","N",92.7521299604222,13.042371259253,33.908642186709,96.1747890108879,7.22043593182313,19.2824060661498,50.4958005368647,1362.05211643029,0,0,319.64582518262,3504.01361070589,0,"grey",1
"815","Broadbalk_LMpred_BBalk_",1993,"wheat","N",92.7859142032525,12.9686661495054,33.28355870722,96.0119328865311,7.13576256892739,19.3533176554142,50.4958005368647,1362.05211643029,0,0,319.64582518262,3504.01361070589,0,"grey",1
"816","Broadbalk_LMpred_BBalk_",1995,"potato","N",21.7334618586709,0.666562695211105,8.42625495010693,44.475042679986,5.26186729112589,51.1089473111867,50.4958005368647,1362.05211643029,0,0,319.64582518262,3504.01361070589,0,"grey",1
"817","Broadbalk_LMpred_BBalk_",1996,"wheat","N",92.8872669317433,12.7475508202629,31.4083082687525,94.1606049420415,7.21124413885427,18.5690444809639,51.6398545943724,1355.49921092064,0,0,294.653271715742,3475.06672125522,0,"grey",1
"818","Broadbalk_LMpred_BBalk_",1997,"wheat","N",92.9210511745731,12.6738457105154,30.7832247892635,94.1026786461544,7.0556967768384,18.7022539264765,51.6398545943724,1355.49921092064,0,0,294.653271715742,3475.06672125522,0,"grey",1
"819","Broadbalk_LMpred_BBalk_",1998,"wheat","N",92.9548354174039,12.6001406007679,30.1581413097744,93.9307655909887,6.97290778169473,18.7633179088846,51.6398545943724,1355.49921092064,0,0,294.653271715742,3475.06672125522,0,"grey",1
"820","Broadbalk_LMpred_BBalk_",1999,"oats","N",43.8491666325168,8.26610032769848,27.3043202057814,35.4315300552573,4.85658270108684,14.469702793393,50.5642786549557,1349.07347861614,0,0,304.598053695287,3445.28644559838,0,"grey",1
"821","Broadbalk_LMpred_BBalk_",2000,"silage maize","N",0.589280211647422,1.94497769492776,8.97866942453089,19.6653106757133,1.95700686030104,11.5305461567608,50.5642786549557,1349.07347861614,0,0,304.598053695287,3445.28644559838,0,"grey",1
"822","Broadbalk_LMpred_BBalk_",2001,"wheat","N",79.3482677206638,9.85793393134233,19.416368607904,70.5884134351665,7.21369480917802,18.9959028162484,50.5642786549557,1349.07347861614,0,0,304.598053695287,3445.28644559838,0,"grey",1
"823","Broadbalk_LMpred_BBalk_",2002,"wheat","N",104.2252987726,12.0041625920878,27.8403365062124,122.509376867344,6.98430345932231,19.0233180126986,49.801071056888,1342.18484116684,0,0,310.306984676524,3418.63611324577,0,"grey",1
"824","Broadbalk_LMpred_BBalk_",2003,"wheat","N",104.25908301543,11.9304574823403,27.2152530267234,121.625689155624,6.86552184231259,18.8262925165202,49.801071056888,1342.18484116684,0,0,310.306984676524,3418.63611324577,0,"grey",1
"825","Broadbalk_LMpred_BBalk_",2004,"oats","N",54.0006710705152,7.855726024965,24.3737448458857,24.8891016162526,4.72216305719509,14.3353096316354,49.801071056888,1342.18484116684,0,0,310.306984676524,3418.63611324577,0,"grey",1
"826","Broadbalk_LMpred_BBalk_",2005,"silage maize","N",7.04318692550045,0.882216389845328,4.48190911441442,19.2054122173866,1.91634889289006,11.385852688022,50.9056025683308,1335.74866805903,0,0,286.257954451811,3390.0085416631,0,"grey",1
"827","Broadbalk_LMpred_BBalk_",2006,"wheat","N",104.360435743921,11.7093421530978,25.3400025882562,120.543830780239,7.06525621312167,18.9521398026236,50.9056025683308,1335.74866805903,0,0,286.257954451811,3390.0085416631,0,"grey",1
"828","Broadbalk_LMpred_BBalk_",2007,"wheat","N",119.679505590147,12.9698107508322,32.0902879904485,125.336659823778,6.83412607590772,18.6483925126215,50.9056025683308,1335.74866805903,0,0,286.257954451811,3390.0085416631,0,"grey",1
"829","Broadbalk_LMpred_BBalk_",2008,"wheat","N",119.713289832978,12.8961056410847,31.4652045109591,124.314215346916,6.71475667990821,18.4199026574537,51.2485982978605,1330.01874767184,0,0,269.129513325478,3356.6048248601,0,"grey",1
"830","Broadbalk_LMpred_BBalk_",2009,"oats","N",68.302134728036,9.08068299940347,28.6360092532767,34.4098893240279,4.6545935536831,14.0471541639267,51.2485982978605,1330.01874767184,0,0,269.129513325478,3356.6048248601,0,"grey",1
"831","Broadbalk_LMpred_BBalk_",2010,"silage maize","N",17.6470528588758,1.45478636193485,7.1779885715846,18.743894917999,1.8733972141157,11.120561999863,51.2485982978605,1330.01874767184,0,0,269.129513325478,3356.6048248601,0,"grey",1
"832","Broadbalk_LMpred_BBalk_",2011,"wheat","N",119.814642561469,12.6749903118422,29.589954072492,123.210302246177,6.90398108043482,18.4871625987095,54.2505772348433,1319.54137873472,0,0,308.548295681205,3298.23751143332,0,"grey",1
"833","Broadbalk_LMpred_BBalk_",2012,"wheat","N",119.848426804299,12.6012852020947,28.9648705930029,122.037610089094,6.67847492883217,18.1838716371309,54.2505772348433,1319.54137873472,0,0,308.548295681205,3298.23751143332,0,"grey",1
"834","Broadbalk_LMpred_BBalk_",2013,"wheat","N",119.882211047129,12.5275800923472,28.3397871135138,121.013047637451,6.56177286586502,17.9559827666388,54.2505772348433,1319.54137873472,0,0,308.548295681205,3298.23751143332,0,"grey",1
"835","Broadbalk_LMpred_BBalk_",2014,"oats","N",67.3183127821595,8.97146626636004,25.5229047789862,34.9701048681361,4.55091449377328,13.6966274157,52.3247023422147,1315.86027241255,0,0,281.019309546612,3272.50644637725,0,"grey",1
"836","Broadbalk_LMpred_BBalk_",2015,"silage maize","N",12.9656331888542,0.693182626542497,2.49869914707341,18.3013096179334,1.83183206325289,10.8457422790497,52.3247023422147,1315.86027241255,0,0,281.019309546612,3272.50644637725,0,"grey",1
"837","Broadbalk_LMpred_BBalk_",1968,"wheat","N",91.4617564104819,11.6777027719207,25.2119709454207,103.412034300446,8.08799101207789,23.9397129746092,52.3247023422147,1315.86027241255,0,0,281.019309546612,3272.50644637725,0,"grey",1
"838","Broadbalk_LMpred_BBalk_",1969,"potato","N",37.0059469982806,5.39583444915764,42.1015147780755,68.9752622915533,5.5441232736984,57.6677152978873,53.9948804937559,1306.59206422609,0,0,310.900181074771,3223.10049805764,0,"grey",1
"839","Broadbalk_LMpred_BBalk_",1970,"beans","N",66.8851210982089,5.92648117709982,16.6688379502189,101.046724065992,7.89417115672647,21.5439297106485,53.9948804937559,1306.59206422609,0,0,310.900181074771,3223.10049805764,0,"grey",1
"840","Broadbalk_LMpred_BBalk_",1971,"wheat","N",91.5631091389727,11.4565874426782,23.3367205069533,101.175549313613,7.93782252301914,22.4121523423112,53.9948804937559,1306.59206422609,0,0,310.900181074771,3223.10049805764,0,"grey",1
"841","Broadbalk_LMpred_BBalk_",1972,"potato","N",35.1884042834775,4.4885810404785,35.4814454038066,67.4937403985246,5.48472412494849,55.4634587659959,51.928545478603,1303.08472723748,0,0,280.665987507532,3200.08267319846,0,"grey",1
"842","Broadbalk_LMpred_BBalk_",1973,"beans","N",71.2395911115832,5.73082291173117,13.9457678270842,100.048670500339,7.67469626988062,20.5087618009485,51.928545478603,1303.08472723748,0,0,280.665987507532,3200.08267319846,0,"grey",1
"843","Broadbalk_LMpred_BBalk_",1974,"wheat","N",91.6644618674635,11.2354721134357,21.4614700684861,99.4939460387905,7.78827110961158,21.5609614489217,51.928545478603,1303.08472723748,0,0,280.665987507532,3200.08267319846,0,"grey",1
"844","Broadbalk_LMpred_BBalk_",1975,"potato","N",33.3708615686749,3.58132763179942,28.8613760295381,65.4215738762739,5.40885145214585,53.9394429175466,49.4765157621532,1297.99509314499,0,0,286.531713101743,3174.78099835601,0,"grey",1
"845","Broadbalk_LMpred_BBalk_",1976,"beans","N",75.5940611249575,5.53516464636252,11.2226977039497,99.465183525956,7.50130824391195,19.8354936772975,49.4765157621532,1297.99509314499,0,0,286.531713101743,3174.78099835601,0,"grey",1
"846","Broadbalk_LMpred_BBalk_",1977,"wheat","N",91.7658145959539,11.0143567841931,19.5862196300187,98.0154326192219,7.65184504737191,20.9414013713775,49.4765157621532,1297.99509314499,0,0,286.531713101743,3174.78099835601,0,"grey",1
"847","Broadbalk_LMpred_BBalk_",1978,"potato","N",31.5533188538723,2.67407422312028,22.2413066552696,62.9048409258514,5.33164159636939,52.6766018073791,48.2991476628945,1291.79206203601,0,0,290.023640784362,3151.5985499657,0,"grey",1
"848","Broadbalk_LMpred_BBalk_",1979,"potato","N",30.947471282271,2.37165642022723,20.0346168638463,62.5883900819756,5.38692465765693,50.5321579293338,48.2991476628945,1291.79206203601,0,0,290.023640784362,3151.5985499657,0,"grey",1
"849","Broadbalk_LMpred_BBalk_",1980,"wheat","N",91.8671673244448,10.7932414549506,17.7109691915515,94.9145975077469,7.47538858243282,18.948521317902,48.2991476628945,1291.79206203601,0,0,290.023640784362,3151.5985499657,0,"grey",1
"850","Broadbalk_LMpred_BBalk_",1982,"potato","N",29.129928567468,1.46440301154809,13.4145474895778,60.804395677667,5.60698121479672,53.2600511906692,52.3263756402821,1280.46930712736,0,0,309.947490086168,3111.84304737918,0,"grey",1
"851","Broadbalk_LMpred_BBalk_",1983,"wheat","N",91.9685200529356,10.5721261257081,15.8357187530844,94.757232364965,7.59801518855047,19.5249808852708,52.3263756402821,1280.46930712736,0,0,309.947490086168,3111.84304737918,0,"grey",1
"852","Broadbalk_LMpred_BBalk_",1985,"potato","N",27.312385852665,0.557149602869011,6.79447811530885,56.97436532057,5.57367200376619,53.2520184264204,52.3263756402821,1280.46930712736,0,0,309.947490086168,3111.84304737918,0,"grey",1
"853","Broadbalk_LMpred_BBalk_",1986,"wheat","N",92.549424503441,13.484601917738,37.6591430636436,97.9361743752689,7.54166380893322,19.4359492482328,50.6355844599841,1276.73729130177,0,0,277.449202987563,3091.86727963387,0,"grey",1
"854","Broadbalk_LMpred_BBalk_",1987,"wheat","N",92.5832087462713,13.4108968079905,37.0340595841545,98.0263023639229,7.38039920824418,19.6905207076962,50.6355844599841,1276.73729130177,0,0,277.449202987563,3091.86727963387,0,"grey",1
"855","Broadbalk_LMpred_BBalk_",1988,"wheat","N",92.6169929891011,13.337191698243,36.4089761046655,97.9484516490332,7.29550094419689,19.831574800753,50.6355844599841,1276.73729130177,0,0,277.449202987563,3091.86727963387,0,"grey",1
"856","Broadbalk_LMpred_BBalk_",1990,"potato","N",24.7626997166752,2.17865170967622,19.4597039072211,52.819369479498,5.42280700588896,52.4740548439104,48.3669663416085,1271.62610439873,0,0,281.277169011699,3068.90539795469,0,"grey",1
"857","Broadbalk_LMpred_BBalk_",1991,"wheat","N",92.7183457175919,13.1160763690005,34.533725666198,96.2182727736258,7.37980502141508,19.1339156550517,48.3669663416085,1271.62610439873,0,0,281.277169011699,3068.90539795469,0,"grey",1
"858","Broadbalk_LMpred_BBalk_",1992,"wheat","N",92.7521299604222,13.042371259253,33.908642186709,96.1747890108879,7.22043593182313,19.2824060661498,48.3669663416085,1271.62610439873,0,0,281.277169011699,3068.90539795469,0,"grey",1
"859","Broadbalk_LMpred_BBalk_",1993,"wheat","N",92.7859142032525,12.9686661495054,33.28355870722,96.0119328865311,7.13576256892739,19.3533176554142,47.275281752432,1265.49735305609,0,0,283.38731424225,3047.51284665799,0,"grey",1
"860","Broadbalk_LMpred_BBalk_",1995,"potato","N",21.7334618586709,0.666562695211105,8.42625495010693,44.475042679986,5.26186729112589,51.1089473111867,47.275281752432,1265.49735305609,0,0,283.38731424225,3047.51284665799,0,"grey",1
"861","Broadbalk_LMpred_BBalk_",1996,"wheat","N",92.8872669317433,12.7475508202629,31.4083082687525,94.1606049420415,7.21124413885427,18.5690444809639,47.275281752432,1265.49735305609,0,0,283.38731424225,3047.51284665799,0,"grey",1
"862","Broadbalk_LMpred_BBalk_",1997,"wheat","N",92.9210511745731,12.6738457105154,30.7832247892635,94.1026786461544,7.0556967768384,18.7022539264765,51.2554079664655,1254.38146279836,0,0,301.295924446955,3010.25090406906,0,"grey",1
"863","Broadbalk_LMpred_BBalk_",1998,"wheat","N",92.9548354174039,12.6001406007679,30.1581413097744,93.9307655909887,6.97290778169473,18.7633179088846,51.2554079664655,1254.38146279836,0,0,301.295924446955,3010.25090406906,0,"grey",1
"864","Broadbalk_LMpred_BBalk_",1999,"oats","N",43.8491666325168,8.26610032769848,27.3043202057814,35.4315300552573,4.85658270108684,14.469702793393,51.2554079664655,1254.38146279836,0,0,301.295924446955,3010.25090406906,0,"grey",1
"865","Broadbalk_LMpred_BBalk_",2000,"silage maize","N",0.589280211647422,1.94497769492776,8.97866942453089,19.6653106757133,1.95700686030104,11.5305461567608,49.6360790090559,1250.73892446464,0,0,269.199106582994,2991.23877462183,0,"grey",1
"866","Broadbalk_LMpred_BBalk_",2001,"wheat","N",79.3482677206638,9.85793393134233,19.416368607904,70.5884134351665,7.21369480917802,18.9959028162484,49.6360790090559,1250.73892446464,0,0,269.199106582994,2991.23877462183,0,"grey",1
"867","Broadbalk_LMpred_BBalk_",2002,"wheat","N",104.2252987726,12.0041625920878,27.8403365062124,122.509376867344,6.98430345932231,19.0233180126986,49.6360790090559,1250.73892446464,0,0,269.199106582994,2991.23877462183,0,"grey",1
"868","Broadbalk_LMpred_BBalk_",2003,"wheat","N",104.25908301543,11.9304574823403,27.2152530267234,121.625689155624,6.86552184231259,18.8262925165202,47.4099603960007,1245.75379893884,0,0,272.66186950313,2969.20696722073,0,"grey",1
"869","Broadbalk_LMpred_BBalk_",2004,"oats","N",54.0006710705152,7.855726024965,24.3737448458857,24.8891016162526,4.72216305719509,14.3353096316354,47.4099603960007,1245.75379893884,0,0,272.66186950313,2969.20696722073,0,"grey",1
"870","Broadbalk_LMpred_BBalk_",2005,"silage maize","N",7.04318692550045,0.882216389845328,4.48190911441442,19.2054122173866,1.91634889289006,11.385852688022,47.4099603960007,1245.75379893884,0,0,272.66186950313,2969.20696722073,0,"grey",1
"871","Broadbalk_LMpred_BBalk_",2006,"wheat","N",104.360435743921,11.7093421530978,25.3400025882562,120.543830780239,7.06525621312167,18.9521398026236,46.3388963684186,1239.76916618959,0,0,274.535673643151,2948.63090915423,0,"grey",1
"872","Broadbalk_LMpred_BBalk_",2007,"wheat","N",119.679505590147,12.9698107508322,32.0902879904485,125.336659823778,6.83412607590772,18.6483925126215,46.3388963684186,1239.76916618959,0,0,274.535673643151,2948.63090915423,0,"grey",1
"873","Broadbalk_LMpred_BBalk_",2008,"wheat","N",119.713289832978,12.8961056410847,31.4652045109591,124.314215346916,6.71475667990821,18.4199026574537,46.3388963684186,1239.76916618959,0,0,274.535673643151,2948.63090915423,0,"grey",1
"874","Broadbalk_LMpred_BBalk_",2009,"oats","N",68.302134728036,9.08068299940347,28.6360092532767,34.4098893240279,4.6545935536831,14.0471541639267,45.7467811256086,1233.3883736507,0,0,275.312587361838,2929.09067752666,0,"grey",1
"875","Broadbalk_LMpred_BBalk_",2010,"silage maize","N",17.6470528588758,1.45478636193485,7.1779885715846,18.743894917999,1.8733972141157,11.120561999863,45.7467811256086,1233.3883736507,0,0,275.312587361838,2929.09067752666,0,"grey",1
"876","Broadbalk_LMpred_BBalk_",2011,"wheat","N",119.814642561469,12.6749903118422,29.589954072492,123.210302246177,6.90398108043482,18.4871625987095,45.7467811256086,1233.3883736507,0,0,275.312587361838,2929.09067752666,0,"grey",1
"877","Broadbalk_LMpred_BBalk_",2012,"wheat","N",119.848426804299,12.6012852020947,28.9648705930029,122.037610089094,6.67847492883217,18.1838716371309,46.8007294851328,1227.47784259009,0,0,279.079863626271,2910.85369846883,0,"grey",1
"878","Broadbalk_LMpred_BBalk_",2013,"wheat","N",119.882211047129,12.5275800923472,28.3397871135138,121.013047637451,6.56177286586502,17.9559827666388,46.8007294851328,1227.47784259009,0,0,279.079863626271,2910.85369846883,0,"grey",1
"879","Broadbalk_LMpred_BBalk_",2014,"oats","N",67.3183127821595,8.97146626636004,25.5229047789862,34.9701048681361,4.55091449377328,13.6966274157,46.8007294851328,1227.47784259009,0,0,279.079863626271,2910.85369846883,0,"grey",1
"880","Broadbalk_LMpred_BBalk_",2015,"silage maize","N",12.9656331888542,0.693182626542497,2.49869914707341,18.3013096179334,1.83183206325289,10.8457422790497,49.2094866854018,1223.11207852952,0,0,283.966952502972,2894.43606343538,0,"grey",1
"881","Broadbalk_LMpred_BBalk_",1968,"wheat","N",91.4617564104819,11.6777027719207,25.2119709454207,103.412034300446,8.08799101207789,23.9397129746092,49.2094866854018,1223.11207852952,0,0,283.966952502972,2894.43606343538,0,"grey",1
"882","Broadbalk_LMpred_BBalk_",1969,"potato","N",37.0059469982806,5.39583444915764,42.1015147780755,68.9752622915533,5.5441232736984,57.6677152978873,49.2094866854018,1223.11207852952,0,0,283.966952502972,2894.43606343538,0,"grey",1
"883","Broadbalk_LMpred_BBalk_",1970,"beans","N",66.8851210982089,5.92648117709982,16.6688379502189,101.046724065992,7.89417115672647,21.5439297106485,46.5728739382597,1218.53499646748,0,0,280.695675023467,2878.71143809863,0,"grey",1
"884","Broadbalk_LMpred_BBalk_",1971,"wheat","N",91.5631091389727,11.4565874426782,23.3367205069533,101.175549313613,7.93782252301914,22.4121523423112,46.5728739382597,1218.53499646748,0,0,280.695675023467,2878.71143809863,0,"grey",1
"885","Broadbalk_LMpred_BBalk_",1972,"potato","N",35.1884042834775,4.4885810404785,35.4814454038066,67.4937403985246,5.48472412494849,55.4634587659959,46.5728739382597,1218.53499646748,0,0,280.695675023467,2878.71143809863,0,"grey",1
"886","Broadbalk_LMpred_BBalk_",1973,"beans","N",71.2395911115832,5.73082291173117,13.9457678270842,100.048670500339,7.67469626988062,20.5087618009485,45.3651074483595,1212.75845949806,0,0,277.750841958835,2862.63295315057,0,"grey",1
"887","Broadbalk_LMpred_BBalk_",1974,"wheat","N",91.6644618674635,11.2354721134357,21.4614700684861,99.4939460387905,7.78827110961158,21.5609614489217,45.3651074483595,1212.75845949806,0,0,277.750841958835,2862.63295315057,0,"grey",1
"888","Broadbalk_LMpred_BBalk_",1975,"potato","N",33.3708615686749,3.58132763179942,28.8613760295381,65.4215738762739,5.40885145214585,53.9394429175466,45.3651074483595,1212.75845949806,0,0,277.750841958835,2862.63295315057,0,"grey",1
"889","Broadbalk_LMpred_BBalk_",1976,"beans","N",75.5940611249575,5.53516464636252,11.2226977039497,99.465183525956,7.50130824391195,19.8354936772975,44.7369461858944,1206.52109891821,0,0,275.236988107426,2846.32051448546,0,"grey",1
"890","Broadbalk_LMpred_BBalk_",1977,"wheat","N",91.7658145959539,11.0143567841931,19.5862196300187,98.0154326192219,7.65184504737191,20.9414013713775,44.7369461858944,1206.52109891821,0,0,275.236988107426,2846.32051448546,0,"grey",1
"891","Broadbalk_LMpred_BBalk_",1978,"potato","N",31.5533188538723,2.67407422312028,22.2413066552696,62.9048409258514,5.33164159636939,52.6766018073791,44.7369461858944,1206.52109891821,0,0,275.236988107426,2846.32051448546,0,"grey",1
"892","Broadbalk_LMpred_BBalk_",1979,"potato","N",30.947471282271,2.37165642022723,20.0346168638463,62.5883900819756,5.38692465765693,50.5321579293338,45.7954635295504,1200.74041851736,0,0,276.779883766924,2830.44230919432,0,"grey",1
"893","Broadbalk_LMpred_BBalk_",1980,"wheat","N",91.8671673244448,10.7932414549506,17.7109691915515,94.9145975077469,7.47538858243282,18.948521317902,45.7954635295504,1200.74041851736,0,0,276.779883766924,2830.44230919432,0,"grey",1
"894","Broadbalk_LMpred_BBalk_",1982,"potato","N",29.129928567468,1.46440301154809,13.4145474895778,60.804395677667,5.60698121479672,53.2600511906692,45.7954635295504,1200.74041851736,0,0,276.779883766924,2830.44230919432,0,"grey",1
"895","Broadbalk_LMpred_BBalk_",1983,"wheat","N",91.9685200529356,10.5721261257081,15.8357187530844,94.757232364965,7.59801518855047,19.5249808852708,48.1429964975024,1196.47653665652,0,0,280.060391623835,2815.77594864939,0,"grey",1
"896","Broadbalk_LMpred_BBalk_",1985,"potato","N",27.312385852665,0.557149602869011,6.79447811530885,56.97436532057,5.57367200376619,53.2520184264204,48.1429964975024,1196.47653665652,0,0,280.060391623835,2815.77594864939,0,"grey",1
"897","Broadbalk_LMpred_BBalk_",1986,"wheat","N",92.549424503441,13.484601917738,37.6591430636436,97.9361743752689,7.54166380893322,19.4359492482328,48.1429964975024,1196.47653665652,0,0,280.060391623835,2815.77594864939,0,"grey",1
"898","Broadbalk_LMpred_BBalk_",1987,"wheat","N",92.5832087462713,13.4108968079905,37.0340595841545,98.0263023639229,7.38039920824418,19.6905207076962,45.555378718948,1191.99889822195,0,0,275.538868378352,2801.34533209225,0,"grey",1
"899","Broadbalk_LMpred_BBalk_",1988,"wheat","N",92.6169929891011,13.337191698243,36.4089761046655,97.9484516490332,7.29550094419689,19.831574800753,45.555378718948,1191.99889822195,0,0,275.538868378352,2801.34533209225,0,"grey",1
"900","Broadbalk_LMpred_BBalk_",1990,"potato","N",24.7626997166752,2.17865170967622,19.4597039072211,52.819369479498,5.42280700588896,52.4740548439104,45.555378718948,1191.99889822195,0,0,275.538868378352,2801.34533209225,0,"grey",1
"901","Broadbalk_LMpred_BBalk_",1991,"wheat","N",92.7183457175919,13.1160763690005,34.533725666198,96.2182727736258,7.37980502141508,19.1339156550517,44.3744499049467,1186.34570096005,0,0,271.972351981621,2786.26345597636,0,"grey",1
"902","Broadbalk_LMpred_BBalk_",1992,"wheat","N",92.7521299604222,13.042371259253,33.908642186709,96.1747890108879,7.22043593182313,19.2824060661498,44.3744499049467,1186.34570096005,0,0,271.972351981621,2786.26345597636,0,"grey",1
"903","Broadbalk_LMpred_BBalk_",1993,"wheat","N",92.7859142032525,12.9686661495054,33.28355870722,96.0119328865311,7.13576256892739,19.3533176554142,44.3744499049467,1186.34570096005,0,0,271.972351981621,2786.26345597636,0,"grey",1
"904","Broadbalk_LMpred_BBalk_",1995,"potato","N",21.7334618586709,0.666562695211105,8.42625495010693,44.475042679986,5.26186729112589,51.1089473111867,43.7623353478357,1180.24305883725,0,0,269.044247164506,2770.77165813602,0,"grey",1
"905","Broadbalk_LMpred_BBalk_",1996,"wheat","N",92.8872669317433,12.7475508202629,31.4083082687525,94.1606049420415,7.21124413885427,18.5690444809639,43.7623353478357,1180.24305883725,0,0,269.044247164506,2770.77165813602,0,"grey",1
"906","Broadbalk_LMpred_BBalk_",1997,"wheat","N",92.9210511745731,12.6738457105154,30.7832247892635,94.1026786461544,7.0556967768384,18.7022539264765,43.7623353478357,1180.24305883725,0,0,269.044247164506,2770.77165813602,0,"grey",1
"907","Broadbalk_LMpred_BBalk_",1998,"wheat","N",92.9548354174039,12.6001406007679,30.1581413097744,93.9307655909887,6.97290778169473,18.7633179088846,44.772895212613,1174.57790541879,0,0,270.193516278422,2755.57523485818,0,"grey",1
"908","Broadbalk_LMpred_BBalk_",1999,"oats","N",43.8491666325168,8.26610032769848,27.3043202057814,35.4315300552573,4.85658270108684,14.469702793393,44.772895212613,1174.57790541879,0,0,270.193516278422,2755.57523485818,0,"grey",1
"909","Broadbalk_LMpred_BBalk_",2000,"silage maize","N",0.589280211647422,1.94497769492776,8.97866942453089,19.6653106757133,1.95700686030104,11.5305461567608,44.772895212613,1174.57790541879,0,0,270.193516278422,2755.57523485818,0,"grey",1
"910","Broadbalk_LMpred_BBalk_",2001,"wheat","N",79.3482677206638,9.85793393134233,19.416368607904,70.5884134351665,7.21369480917802,18.9959028162484,47.0830584704021,1170.39434494688,0,0,273.176721926757,2741.47146720998,0,"grey",1
"911","Broadbalk_LMpred_BBalk_",2002,"wheat","N",104.2252987726,12.0041625920878,27.8403365062124,122.509376867344,6.98430345932231,19.0233180126986,47.0830584704021,1170.39434494688,0,0,273.176721926757,2741.47146720998,0,"grey",1
"912","Broadbalk_LMpred_BBalk_",2003,"wheat","N",104.25908301543,11.9304574823403,27.2152530267234,121.625689155624,6.86552184231259,18.8262925165202,47.0830584704021,1170.39434494688,0,0,273.176721926757,2741.47146720998,0,"grey",1
"913","Broadbalk_LMpred_BBalk_",2004,"oats","N",54.0006710705152,7.855726024965,24.3737448458857,24.8891016162526,4.72216305719509,14.3353096316354,44.5623908021466,1166.0110315347,0,0,268.620318846403,2727.54070769163,0,"grey",1
"914","Broadbalk_LMpred_BBalk_",2005,"silage maize","N",7.04318692550045,0.882216389845328,4.48190911441442,19.2054122173866,1.91634889289006,11.385852688022,44.5623908021466,1166.0110315347,0,0,268.620318846403,2727.54070769163,0,"grey",1
"915","Broadbalk_LMpred_BBalk_",2006,"wheat","N",104.360435743921,11.7093421530978,25.3400025882562,120.543830780239,7.06525621312167,18.9521398026236,44.5623908021466,1166.0110315347,0,0,268.620318846403,2727.54070769163,0,"grey",1
"916","Broadbalk_LMpred_BBalk_",2007,"wheat","N",119.679505590147,12.9698107508322,32.0902879904485,125.336659823778,6.83412607590772,18.6483925126215,43.4117766513867,1160.48317075663,0,0,265.041312531936,2712.93584236896,0,"grey",1
"917","Broadbalk_LMpred_BBalk_",2008,"wheat","N",119.713289832978,12.8961056410847,31.4652045109591,124.314215346916,6.71475667990821,18.4199026574537,43.4117766513867,1160.48317075663,0,0,265.041312531936,2712.93584236896,0,"grey",1
"918","Broadbalk_LMpred_BBalk_",2009,"oats","N",68.302134728036,9.08068299940347,28.6360092532767,34.4098893240279,4.6545935536831,14.0471541639267,43.4117766513867,1160.48317075663,0,0,265.041312531936,2712.93584236896,0,"grey",1
"919","Broadbalk_LMpred_BBalk_",2010,"silage maize","N",17.6470528588758,1.45478636193485,7.1779885715846,18.743894917999,1.8733972141157,11.120561999863,42.815198161347,1154.51797638081,0,0,262.116852305507,2697.90431982875,0,"grey",1
"920","Broadbalk_LMpred_BBalk_",2011,"wheat","N",119.814642561469,12.6749903118422,29.589954072492,123.210302246177,6.90398108043482,18.4871625987095,42.815198161347,1154.51797638081,0,0,262.116852305507,2697.90431982875,0,"grey",1
"921","Broadbalk_LMpred_BBalk_",2012,"wheat","N",119.848426804299,12.6012852020947,28.9648705930029,122.037610089094,6.67847492883217,18.1838716371309,42.815198161347,1154.51797638081,0,0,262.116852305507,2697.90431982875,0,"grey",1
"922","Broadbalk_LMpred_BBalk_",2013,"wheat","N",119.882211047129,12.5275800923472,28.3397871135138,121.013047637451,6.56177286586502,17.9559827666388,43.8017995842569,1148.98046046412,0,0,263.183326007743,2683.14121871082,0,"grey",1
"923","Broadbalk_LMpred_BBalk_",2014,"oats","N",67.3183127821595,8.97146626636004,25.5229047789862,34.9701048681361,4.55091449377328,13.6966274157,43.8017995842569,1148.98046046412,0,0,263.183326007743,2683.14121871082,0,"grey",1
"924","Broadbalk_LMpred_BBalk_",2015,"silage maize","N",12.9656331888542,0.693182626542497,2.49869914707341,18.3013096179334,1.83183206325289,10.8457422790497,43.8017995842569,1148.98046046412,0,0,263.183326007743,2683.14121871082,0,"grey",1
"925","Broadbalk_LMpred_BBalk_",1968,"wheat","NP",94.8486867214644,15.5327321603857,25.229827134373,103.406955373969,13.5863624419487,24.1645797344944,125.046975131296,2621.29596324629,0,0,357.084118096088,3689.67187108399,0,"cyan",1
"926","Broadbalk_LMpred_BBalk_",1969,"potato","NP",44.0697910034447,7.23856374963055,39.5072901405054,90.8883359021686,11.7812462200882,67.134428302239,125.046975131296,2621.29596324629,0,0,357.084118096088,3689.67187108399,0,"cyan",1
"927","Broadbalk_LMpred_BBalk_",1970,"beans","NP",42.7961152093294,5.83813833424153,13.5385709216403,100.077969913854,9.25866685741771,21.0801958321278,125.046975131296,2621.29596324629,0,0,357.084118096088,3689.67187108399,0,"cyan",1
"928","Broadbalk_LMpred_BBalk_",1971,"wheat","NP",94.9500394499553,15.3116168311432,23.3545766959056,100.88018774686,12.4261971869435,22.2124541834786,126.040065803427,2641.71651013221,0,0,354.153544096518,3668.43786534907,0,"cyan",1
"929","Broadbalk_LMpred_BBalk_",1972,"potato","NP",42.2522482886417,6.33131034095141,32.8872207662364,84.72548821435,11.5435089355513,62.671827729589,126.040065803427,2641.71651013221,0,0,354.153544096518,3668.43786534907,0,"cyan",1
"930","Broadbalk_LMpred_BBalk_",1973,"beans","NP",47.1505852227037,5.64248006887289,10.8155007985056,98.6976398353792,8.74033385030694,19.9637922420639,126.040065803427,2641.71651013221,0,0,354.153544096518,3668.43786534907,0,"cyan",1
"931","Broadbalk_LMpred_BBalk_",1974,"wheat","NP",95.0513921784461,15.0905015019007,21.4793262574385,99.1123457464021,11.8424139249197,21.2634736133469,128.282797511658,2662.69253220389,0,0,314.044722018102,3641.41225912524,0,"cyan",1
"932","Broadbalk_LMpred_BBalk_",1975,"potato","NP",40.4347055738391,5.42405693227233,26.2671513919679,79.3813688124328,11.3752820307697,60.220475965798,128.282797511658,2662.69253220389,0,0,314.044722018102,3641.41225912524,0,"cyan",1
"933","Broadbalk_LMpred_BBalk_",1976,"beans","NP",51.5050552360781,5.44682180350424,8.09243067537113,97.9079698819231,8.4242288895558,19.282933783103,128.282797511658,2662.69253220389,0,0,314.044722018102,3641.41225912524,0,"cyan",1
"934","Broadbalk_LMpred_BBalk_",1977,"wheat","NP",95.1527449069365,14.8693861726582,19.604075818971,97.6002928967771,11.4451638947373,20.6126998992139,131.570689637006,2685.14597322113,0,0,322.919307370298,3611.45747794092,0,"cyan",1
"935","Broadbalk_LMpred_BBalk_",1978,"potato","NP",38.6171628590365,4.51680352359319,19.6470820176994,74.1500203438965,11.2175252228638,58.3454665188794,131.570689637006,2685.14597322113,0,0,322.919307370298,3611.45747794092,0,"cyan",1
"936","Broadbalk_LMpred_BBalk_",1979,"potato","NP",38.0113152874352,4.21438572070014,17.4403922262762,70.9740801507441,10.5159513751407,53.8575032678631,131.570689637006,2685.14597322113,0,0,322.919307370298,3611.45747794092,0,"cyan",1
"937","Broadbalk_LMpred_BBalk_",1980,"wheat","NP",95.2540976354273,14.6482708434156,17.7288253805038,94.1442023337694,10.0598679573766,18.3454914593408,131.427999054456,2707.86246661673,0,0,327.79030447724,3584.3740266505,0,"cyan",1
"938","Broadbalk_LMpred_BBalk_",1982,"potato","NP",36.1937725726321,3.307132312021,10.8203228520077,67.3413549773255,11.0666018371675,57.2759169656289,131.427999054456,2707.86246661673,0,0,327.79030447724,3584.3740266505,0,"cyan",1
"939","Broadbalk_LMpred_BBalk_",1983,"wheat","NP",95.3554503639182,14.4271555141731,15.8535749420367,94.1481727642698,10.4620508463616,18.9988077009635,131.427999054456,2707.86246661673,0,0,327.79030447724,3584.3740266505,0,"cyan",1
"940","Broadbalk_LMpred_BBalk_",1985,"potato","NP",34.3762298578291,2.39987890334192,4.20025347773871,62.0558850553438,11.1313754686357,57.14566562805,132.543941936958,2730.20301479868,0,0,295.577009047735,3553.91549435041,0,"cyan",1
"941","Broadbalk_LMpred_BBalk_",1986,"wheat","NP",90.2100626553749,16.812447270839,35.9668396083868,97.2816131153214,10.4173653482262,18.9495688942282,132.543941936958,2730.20301479868,0,0,295.577009047735,3553.91549435041,0,"cyan",1
"942","Broadbalk_LMpred_BBalk_",1987,"wheat","NP",90.2438468982052,16.7387421610915,35.3417561288978,97.5203950494344,10.6626716984392,19.3502210560433,132.543941936958,2730.20301479868,0,0,295.577009047735,3553.91549435041,0,"cyan",1
"943","Broadbalk_LMpred_BBalk_",1988,"wheat","NP",90.277631141035,16.665037051344,34.7166726494087,97.5330515775957,10.8079617675231,19.5858616717146,135.518556138466,2753.48806674686,0,0,307.432755155407,3522.09595600068,0,"cyan",1
"944","Broadbalk_LMpred_BBalk_",1990,"potato","NP",26.1002515627907,3.49419697478499,15.155319625442,57.0415266089428,11.1712148820711,56.4686563035398,135.518556138466,2753.48806674686,0,0,307.432755155407,3522.09595600068,0,"cyan",1
"945","Broadbalk_LMpred_BBalk_",1991,"wheat","NP",90.3789838695259,16.4439217221015,32.8414222109413,95.6261372750187,10.2709094843335,18.6996928379959,135.518556138466,2753.48806674686,0,0,307.432755155407,3522.09595600068,0,"cyan",1
"946","Broadbalk_LMpred_BBalk_",1992,"wheat","NP",90.4127681123561,16.3702166123539,32.2163387314523,95.6951349036284,10.4353515040687,18.9675938833328,135.291986998539,2776.87222196187,0,0,314.359003348069,3493.90623419467,0,"cyan",1
"947","Broadbalk_LMpred_BBalk_",1993,"wheat","NP",90.4465523551864,16.2965115026064,31.5912552519632,95.6035241096642,10.5260350290689,19.1140275285392,135.291986998539,2776.87222196187,0,0,314.359003348069,3493.90623419467,0,"cyan",1
"948","Broadbalk_LMpred_BBalk_",1995,"potato","NP",23.0710137047859,1.98210796031987,4.12187066832784,46.6207825453858,10.9575869138303,53.6110758785106,135.291986998539,2776.87222196187,0,0,314.359003348069,3493.90623419467,0,"cyan",1
"949","Broadbalk_LMpred_BBalk_",1996,"wheat","NP",90.5479050836773,16.0753961733639,29.7160048134958,93.6346864053701,9.96779974768704,18.1922641721816,136.095271310718,2799.69365561892,0,0,284.967269408947,3463.07749216799,0,"cyan",1
"950","Broadbalk_LMpred_BBalk_",1997,"wheat","NP",90.5816893265071,16.0016910636164,29.0909213340067,93.6606081346325,10.1061789014494,18.417851971196,136.095271310718,2799.69365561892,0,0,284.967269408947,3463.07749216799,0,"cyan",1
"951","Broadbalk_LMpred_BBalk_",1998,"wheat","NP",90.6154735693378,15.9279859538689,28.4658378545177,93.540871677314,10.1797368664473,18.5365653987713,136.095271310718,2799.69365561892,0,0,284.967269408947,3463.07749216799,0,"cyan",1
"952","Broadbalk_LMpred_BBalk_",1999,"oats","NP",41.8194361684429,11.8165065488624,27.0718877052309,36.4525222317517,10.1571931442388,14.6782959869065,139.034320423135,2823.33037761695,0,0,297.413473366027,3431.34835442781,0,"cyan",1
"953","Broadbalk_LMpred_BBalk_",2000,"silage maize","NP",10.724415028046,3.85551709224245,10.9992814934308,28.0240479972311,4.71139494014523,12.0463118182116,139.034320423135,2823.33037761695,0,0,297.413473366027,3431.34835442781,0,"cyan",1
"954","Broadbalk_LMpred_BBalk_",2001,"wheat","NP",71.418246119875,11.4136345296296,14.9156054064695,70.4255524658491,10.477266455376,18.6989532730205,139.034320423135,2823.33037761695,0,0,297.413473366027,3431.34835442781,0,"cyan",1
"955","Broadbalk_LMpred_BBalk_",2002,"wheat","NP",106.828632392632,17.0174407244596,27.5014541204748,121.744268956073,10.363738130335,18.9383548215686,138.856270109382,2847.06326403596,0,0,304.762506473639,3403.38662142098,0,"cyan",1
"956","Broadbalk_LMpred_BBalk_",2003,"wheat","NP",106.862416635463,16.9437356147121,26.8763706409857,120.874482615072,10.2587781865081,18.7599224774295,138.856270109382,2847.06326403596,0,0,304.762506473639,3403.38662142098,0,"cyan",1
"957","Broadbalk_LMpred_BBalk_",2004,"oats","NP",56.9136360745398,13.0915650253997,25.4947334148543,24.8785303046662,8.65622843991188,14.1430735854456,138.856270109382,2847.06326403596,0,0,304.762506473639,3403.38662142098,0,"cyan",1
"958","Broadbalk_LMpred_BBalk_",2005,"silage maize","NP",22.1210172099975,4.47818856643076,7.85594225283325,26.5127625385179,4.72442002681813,11.9304060896494,139.523816178299,2870.17819274418,0,0,276.757468823465,3373.04619255228,0,"cyan",1
"959","Broadbalk_LMpred_BBalk_",2006,"wheat","NP",106.963769363954,16.7226202854696,25.0011202025185,119.799034635597,10.3024919176823,18.8341487932028,139.523816178299,2870.17819274418,0,0,276.757468823465,3373.04619255228,0,"cyan",1
"960","Broadbalk_LMpred_BBalk_",2007,"wheat","NP",112.133907102809,16.8061464052814,29.1463066398774,124.470234302132,10.1458702335562,18.5679793970442,139.523816178299,2870.17819274418,0,0,276.757468823465,3373.04619255228,0,"cyan",1
"961","Broadbalk_LMpred_BBalk_",2008,"wheat","NP",112.16769134564,16.7324412955339,28.521223160388,123.452509153776,10.0187488106838,18.35187182947,140.859343701823,2893.32671384552,0,0,258.598298512008,3337.34785959587,0,"cyan",1
"962","Broadbalk_LMpred_BBalk_",2009,"oats","NP",61.0661676246902,13.1395795219156,27.1518988574119,35.5672257625431,9.85906597133542,14.2861757788173,140.859343701823,2893.32671384552,0,0,258.598298512008,3337.34785959587,0,"cyan",1
"963","Broadbalk_LMpred_BBalk_",2010,"silage maize","NP",22.5759510360024,3.87381606059774,7.94692274517008,26.8755774431785,4.64339521251217,11.6251920379781,140.859343701823,2893.32671384552,0,0,258.598298512008,3337.34785959587,0,"cyan",1
"964","Broadbalk_LMpred_BBalk_",2011,"wheat","NP",112.269044074131,16.5113259662913,26.6459727219209,122.294825591369,10.015118320715,18.3457011452152,135.03925989015,2924.08692249316,0,0,301.9062336967,3275.69441829047,0,"cyan",1
"965","Broadbalk_LMpred_BBalk_",2012,"wheat","NP",112.302828316961,16.4376208565438,26.0208892424319,121.14231126397,9.85984653562336,18.0817391105599,135.03925989015,2924.08692249316,0,0,301.9062336967,3275.69441829047,0,"cyan",1
"966","Broadbalk_LMpred_BBalk_",2013,"wheat","NP",112.336612559791,16.3639157467963,25.3958057629428,120.129722575542,9.73418799161895,17.8681124819925,135.03925989015,2924.08692249316,0,0,301.9062336967,3275.69441829047,0,"cyan",1
"967","Broadbalk_LMpred_BBalk_",2014,"oats","NP",60.0823456788136,13.0303627888722,24.0387943831214,36.362107872063,9.5675836704824,13.9423519897853,139.583724212791,2943.47585633335,0,0,271.890705446303,3248.43402957524,0,"cyan",1
"968","Broadbalk_LMpred_BBalk_",2015,"silage maize","NP",17.8945313659808,3.11221232520538,3.26763332065889,24.4865444940333,4.53495090356468,11.315284809813,139.583724212791,2943.47585633335,0,0,271.890705446303,3248.43402957524,0,"cyan",1
"969","Broadbalk_LMpred_BBalk_",1968,"wheat","NP",94.8486867214644,15.5327321603857,25.229827134373,103.406955373969,13.5863624419487,24.1645797344944,139.583724212791,2943.47585633335,0,0,271.890705446303,3248.43402957524,0,"cyan",1
"970","Broadbalk_LMpred_BBalk_",1969,"potato","NP",44.0697910034447,7.23856374963055,39.5072901405054,90.8883359021686,11.7812462200882,67.134428302239,136.280978147927,2971.31654985233,0,0,304.78128864802,3196.54463115903,0,"cyan",1
"971","Broadbalk_LMpred_BBalk_",1970,"beans","NP",42.7961152093294,5.83813833424153,13.5385709216403,100.077969913854,9.25866685741771,21.0801958321278,136.280978147927,2971.31654985233,0,0,304.78128864802,3196.54463115903,0,"cyan",1
"972","Broadbalk_LMpred_BBalk_",1971,"wheat","NP",94.9500394499553,15.3116168311432,23.3545766959056,100.88018774686,12.4261971869435,22.2124541834786,136.280978147927,2971.31654985233,0,0,304.78128864802,3196.54463115903,0,"cyan",1
"973","Broadbalk_LMpred_BBalk_",1972,"potato","NP",42.2522482886417,6.33131034095141,32.8872207662364,84.72548821435,11.5435089355513,62.671827729589,141.221412023625,2990.244740508,0,0,271.925055453458,3172.25519872554,0,"cyan",1
"974","Broadbalk_LMpred_BBalk_",1973,"beans","NP",47.1505852227037,5.64248006887289,10.8155007985056,98.6976398353792,8.74033385030694,19.9637922420639,141.221412023625,2990.244740508,0,0,271.925055453458,3172.25519872554,0,"cyan",1
"975","Broadbalk_LMpred_BBalk_",1974,"wheat","NP",95.0513921784461,15.0905015019007,21.4793262574385,99.1123457464021,11.8424139249197,21.2634736133469,141.221412023625,2990.244740508,0,0,271.925055453458,3172.25519872554,0,"cyan",1
"976","Broadbalk_LMpred_BBalk_",1975,"potato","NP",40.4347055738391,5.42405693227233,26.2671513919679,79.3813688124328,11.3752820307697,60.220475965798,144.467795630762,3011.58099155264,0,0,279.551244752197,3145.67944053257,0,"cyan",1
"977","Broadbalk_LMpred_BBalk_",1976,"beans","NP",51.5050552360781,5.44682180350424,8.09243067537113,97.9079698819231,8.4242288895558,19.282933783103,144.467795630762,3011.58099155264,0,0,279.551244752197,3145.67944053257,0,"cyan",1
"978","Broadbalk_LMpred_BBalk_",1977,"wheat","NP",95.1527449069365,14.8693861726582,19.604075818971,97.6002928967771,11.4451638947373,20.6126998992139,144.467795630762,3011.58099155264,0,0,279.551244752197,3145.67944053257,0,"cyan",1
"979","Broadbalk_LMpred_BBalk_",1978,"potato","NP",38.6171628590365,4.51680352359319,19.6470820176994,74.1500203438965,11.2175252228638,58.3454665188794,146.339351113994,3034.04676437096,0,0,284.211277192147,3121.66918703658,0,"cyan",1
"980","Broadbalk_LMpred_BBalk_",1979,"potato","NP",38.0113152874352,4.21438572070014,17.4403922262762,70.9740801507441,10.5159513751407,53.8575032678631,146.339351113994,3034.04676437096,0,0,284.211277192147,3121.66918703658,0,"cyan",1
"981","Broadbalk_LMpred_BBalk_",1980,"wheat","NP",95.2540976354273,14.6482708434156,17.7288253805038,94.1442023337694,10.0598679573766,18.3454914593408,146.339351113994,3034.04676437096,0,0,284.211277192147,3121.66918703658,0,"cyan",1
"982","Broadbalk_LMpred_BBalk_",1982,"potato","NP",36.1937725726321,3.307132312021,10.8203228520077,67.3413549773255,11.0666018371675,57.2759169656289,140.818160370494,3063.75995264301,0,0,305.272706416417,3081.02181332231,0,"cyan",1
"983","Broadbalk_LMpred_BBalk_",1983,"wheat","NP",95.3554503639182,14.4271555141731,15.8535749420367,94.1481727642698,10.4620508463616,18.9988077009635,140.818160370494,3063.75995264301,0,0,305.272706416417,3081.02181332231,0,"cyan",1
"984","Broadbalk_LMpred_BBalk_",1985,"potato","NP",34.3762298578291,2.39987890334192,4.20025347773871,62.0558850553438,11.1313754686357,57.14566562805,140.818160370494,3063.75995264301,0,0,305.272706416417,3081.02181332231,0,"cyan",1
"985","Broadbalk_LMpred_BBalk_",1986,"wheat","NP",90.2100626553749,16.812447270839,35.9668396083868,97.2816131153214,10.4173653482262,18.9495688942282,145.492947268797,3082.91395086264,0,0,269.59532054853,3060.23054288666,0,"cyan",1
"986","Broadbalk_LMpred_BBalk_",1987,"wheat","NP",90.2438468982052,16.7387421610915,35.3417561288978,97.5203950494344,10.6626716984392,19.3502210560433,145.492947268797,3082.91395086264,0,0,269.59532054853,3060.23054288666,0,"cyan",1
"987","Broadbalk_LMpred_BBalk_",1988,"wheat","NP",90.277631141035,16.665037051344,34.7166726494087,97.5330515775957,10.8079617675231,19.5858616717146,145.492947268797,3082.91395086264,0,0,269.59532054853,3060.23054288666,0,"cyan",1
"988","Broadbalk_LMpred_BBalk_",1990,"potato","NP",26.1002515627907,3.49419697478499,15.155319625442,57.0415266089428,11.1712148820711,56.4686563035398,148.746507445118,3104.38948120199,0,0,274.813549213298,3036.3126213839,0,"cyan",1
"989","Broadbalk_LMpred_BBalk_",1991,"wheat","NP",90.3789838695259,16.4439217221015,32.8414222109413,95.6261372750187,10.2709094843335,18.6996928379959,148.746507445118,3104.38948120199,0,0,274.813549213298,3036.3126213839,0,"cyan",1
"990","Broadbalk_LMpred_BBalk_",1992,"wheat","NP",90.4127681123561,16.3702166123539,32.2163387314523,95.6951349036284,10.4353515040687,18.9675938833328,148.746507445118,3104.38948120199,0,0,274.813549213298,3036.3126213839,0,"cyan",1
"991","Broadbalk_LMpred_BBalk_",1993,"wheat","NP",90.4465523551864,16.2965115026064,31.5912552519632,95.6035241096642,10.5260350290689,19.1140275285392,150.680283078731,3127.02035406431,0,0,277.84416377823,3014.31441293563,0,"cyan",1
"992","Broadbalk_LMpred_BBalk_",1995,"potato","NP",23.0710137047859,1.98210796031987,4.12187066832784,46.6207825453858,10.9575869138303,53.6110758785106,150.680283078731,3127.02035406431,0,0,277.84416377823,3014.31441293563,0,"cyan",1
"993","Broadbalk_LMpred_BBalk_",1996,"wheat","NP",90.5479050836773,16.0753961733639,29.7160048134958,93.6346864053701,9.96779974768704,18.1922641721816,150.680283078731,3127.02035406431,0,0,277.84416377823,3014.31441293563,0,"cyan",1
"994","Broadbalk_LMpred_BBalk_",1997,"wheat","NP",90.5816893265071,16.0016910636164,29.0909213340067,93.6606081346325,10.1061789014494,18.417851971196,145.068303044956,3157.10628468395,0,0,296.611608829948,2976.43291177583,0,"cyan",1
"995","Broadbalk_LMpred_BBalk_",1998,"wheat","NP",90.6154735693378,15.9279859538689,28.4658378545177,93.540871677314,10.1797368664473,18.5365653987713,145.068303044956,3157.10628468395,0,0,296.611608829948,2976.43291177583,0,"cyan",1
"996","Broadbalk_LMpred_BBalk_",1999,"oats","NP",41.8194361684429,11.8165065488624,27.0718877052309,36.4525222317517,10.1571931442388,14.6782959869065,145.068303044956,3157.10628468395,0,0,296.611608829948,2976.43291177583,0,"cyan",1
"997","Broadbalk_LMpred_BBalk_",2000,"silage maize","NP",10.724415028046,3.85551709224245,10.9992814934308,28.0240479972311,4.71139494014523,12.0463118182116,149.823758879673,3176.3932419354,0,0,262.538929347563,2956.89451537971,0,"cyan",1
"998","Broadbalk_LMpred_BBalk_",2001,"wheat","NP",71.418246119875,11.4136345296296,14.9156054064695,70.4255524658491,10.477266455376,18.6989532730205,149.823758879673,3176.3932419354,0,0,262.538929347563,2956.89451537971,0,"cyan",1
"999","Broadbalk_LMpred_BBalk_",2002,"wheat","NP",106.828632392632,17.0174407244596,27.5014541204748,121.744268956073,10.363738130335,18.9383548215686,149.823758879673,3176.3932419354,0,0,262.538929347563,2956.89451537971,0,"cyan",1
"1000","Broadbalk_LMpred_BBalk_",2003,"wheat","NP",106.862416635463,16.9437356147121,26.8763706409857,120.874482615072,10.2587781865081,18.7599224774295,153.179637506848,3198.06956356054,0,0,266.97376183788,2934.26741871721,0,"cyan",1
"1001","Broadbalk_LMpred_BBalk_",2004,"oats","NP",56.9136360745398,13.0915650253997,25.4947334148543,24.8785303046662,8.65622843991188,14.1430735854456,153.179637506848,3198.06956356054,0,0,266.97376183788,2934.26741871721,0,"cyan",1
"1002","Broadbalk_LMpred_BBalk_",2005,"silage maize","NP",22.1210172099975,4.47818856643076,7.85594225283325,26.5127625385179,4.72442002681813,11.9304060896494,153.179637506848,3198.06956356054,0,0,266.97376183788,2934.26741871721,0,"cyan",1
"1003","Broadbalk_LMpred_BBalk_",2006,"wheat","NP",106.963769363954,16.7226202854696,25.0011202025185,119.799034635597,10.3024919176823,18.8341487932028,155.184708479692,3220.95831368624,0,0,269.485658334637,2913.33767024926,0,"cyan",1
"1004","Broadbalk_LMpred_BBalk_",2007,"wheat","NP",112.133907102809,16.8061464052814,29.1463066398774,124.470234302132,10.1458702335562,18.5679793970442,155.184708479692,3220.95831368624,0,0,269.485658334637,2913.33767024926,0,"cyan",1
"1005","Broadbalk_LMpred_BBalk_",2008,"wheat","NP",112.16769134564,16.7324412955339,28.521223160388,123.452509153776,10.0187488106838,18.35187182947,155.184708479692,3220.95831368624,0,0,269.485658334637,2913.33767024926,0,"cyan",1
"1006","Broadbalk_LMpred_BBalk_",2009,"oats","NP",61.0661676246902,13.1395795219156,27.1518988574119,35.5672257625431,9.85906597133542,14.2861757788173,156.618534780042,3244.34475051945,0,0,270.684964199004,2893.60179898612,0,"cyan",1
"1007","Broadbalk_LMpred_BBalk_",2010,"silage maize","NP",22.5759510360024,3.87381606059774,7.94692274517008,26.8755774431785,4.64339521251217,11.6251920379781,156.618534780042,3244.34475051945,0,0,270.684964199004,2893.60179898612,0,"cyan",1
"1008","Broadbalk_LMpred_BBalk_",2011,"wheat","NP",112.269044074131,16.5113259662913,26.6459727219209,122.294825591369,10.015118320715,18.3457011452152,156.618534780042,3244.34475051945,0,0,270.684964199004,2893.60179898612,0,"cyan",1
"1009","Broadbalk_LMpred_BBalk_",2012,"wheat","NP",112.302828316961,16.4376208565438,26.0208892424319,121.14231126397,9.85984653562336,18.0817391105599,157.851865051344,3267.95422710391,0,0,274.387939392489,2875.22052780572,0,"cyan",1
"1010","Broadbalk_LMpred_BBalk_",2013,"wheat","NP",112.336612559791,16.3639157467963,25.3958057629428,120.129722575542,9.73418799161895,17.8681124819925,157.851865051344,3267.95422710391,0,0,274.387939392489,2875.22052780572,0,"cyan",1
"1011","Broadbalk_LMpred_BBalk_",2014,"oats","NP",60.0823456788136,13.0303627888722,24.0387943831214,36.362107872063,9.5675836704824,13.9423519897853,157.851865051344,3267.95422710391,0,0,274.387939392489,2875.22052780572,0,"cyan",1
"1012","Broadbalk_LMpred_BBalk_",2015,"silage maize","NP",17.8945313659808,3.11221232520538,3.26763332065889,24.4865444940333,4.53495090356468,11.315284809813,162.822357578175,3293.27233963693,0,0,278.955279041769,2858.60687633823,0,"cyan",1
"1013","Broadbalk_LMpred_BBalk_",1968,"wheat","NP",94.8486867214644,15.5327321603857,25.229827134373,103.406955373969,13.5863624419487,24.1645797344944,162.822357578175,3293.27233963693,0,0,278.955279041769,2858.60687633823,0,"cyan",1
"1014","Broadbalk_LMpred_BBalk_",1969,"potato","NP",44.0697910034447,7.23856374963055,39.5072901405054,90.8883359021686,11.7812462200882,67.134428302239,162.822357578175,3293.27233963693,0,0,278.955279041769,2858.60687633823,0,"cyan",1
"1015","Broadbalk_LMpred_BBalk_",1970,"beans","NP",42.7961152093294,5.83813833424153,13.5385709216403,100.077969913854,9.25866685741771,21.0801958321278,161.722997009928,3318.8944337498,0,0,276.143295309987,2842.71990679699,0,"cyan",1
"1016","Broadbalk_LMpred_BBalk_",1971,"wheat","NP",94.9500394499553,15.3116168311432,23.3545766959056,100.88018774686,12.4261971869435,22.2124541834786,161.722997009928,3318.8944337498,0,0,276.143295309987,2842.71990679699,0,"cyan",1
"1017","Broadbalk_LMpred_BBalk_",1972,"potato","NP",42.2522482886417,6.33131034095141,32.8872207662364,84.72548821435,11.5435089355513,62.671827729589,161.722997009928,3318.8944337498,0,0,276.143295309987,2842.71990679699,0,"cyan",1
"1018","Broadbalk_LMpred_BBalk_",1973,"beans","NP",47.1505852227037,5.64248006887289,10.8155007985056,98.6976398353792,8.74033385030694,19.9637922420639,161.869007891681,3343.38468473771,0,0,273.356227866414,2826.568619419,0,"cyan",1
"1019","Broadbalk_LMpred_BBalk_",1974,"wheat","NP",95.0513921784461,15.0905015019007,21.4793262574385,99.1123457464021,11.8424139249197,21.2634736133469,161.869007891681,3343.38468473771,0,0,273.356227866414,2826.568619419,0,"cyan",1
"1020","Broadbalk_LMpred_BBalk_",1975,"potato","NP",40.4347055738391,5.42405693227233,26.2671513919679,79.3813688124328,11.3752820307697,60.220475965798,161.869007891681,3343.38468473771,0,0,273.356227866414,2826.568619419,0,"cyan",1
"1021","Broadbalk_LMpred_BBalk_",1976,"beans","NP",51.5050552360781,5.44682180350424,8.09243067537113,97.9079698819231,8.4242288895558,19.282933783103,162.576318745479,3367.4185956974,0,0,270.943699939857,2810.22122486812,0,"cyan",1
"1022","Broadbalk_LMpred_BBalk_",1977,"wheat","NP",95.1527449069365,14.8693861726582,19.604075818971,97.6002928967771,11.4451638947373,20.6126998992139,162.576318745479,3367.4185956974,0,0,270.943699939857,2810.22122486812,0,"cyan",1
"1023","Broadbalk_LMpred_BBalk_",1978,"potato","NP",38.6171628590365,4.51680352359319,19.6470820176994,74.1500203438965,11.2175252228638,58.3454665188794,162.576318745479,3367.4185956974,0,0,270.943699939857,2810.22122486812,0,"cyan",1
"1024","Broadbalk_LMpred_BBalk_",1979,"potato","NP",38.0113152874352,4.21438572070014,17.4403922262762,70.9740801507441,10.5159513751407,53.8575032678631,164.591515505767,3391.7471704972,0,0,272.671926194371,2794.34992502817,0,"cyan",1
"1025","Broadbalk_LMpred_BBalk_",1980,"wheat","NP",95.2540976354273,14.6482708434156,17.7288253805038,94.1442023337694,10.0598679573766,18.3454914593408,164.591515505767,3391.7471704972,0,0,272.671926194371,2794.34992502817,0,"cyan",1
"1026","Broadbalk_LMpred_BBalk_",1982,"potato","NP",36.1937725726321,3.307132312021,10.8203228520077,67.3413549773255,11.0666018371675,57.2759169656289,164.591515505767,3391.7471704972,0,0,272.671926194371,2794.34992502817,0,"cyan",1
"1027","Broadbalk_LMpred_BBalk_",1983,"wheat","NP",95.3554503639182,14.4271555141731,15.8535749420367,94.1481727642698,10.4620508463616,18.9988077009635,168.879062943941,3417.73520303221,0,0,275.45236360922,2779.63908152367,0,"cyan",1
"1028","Broadbalk_LMpred_BBalk_",1985,"potato","NP",34.3762298578291,2.39987890334192,4.20025347773871,62.0558850553438,11.1313754686357,57.14566562805,168.879062943941,3417.73520303221,0,0,275.45236360922,2779.63908152367,0,"cyan",1
"1029","Broadbalk_LMpred_BBalk_",1986,"wheat","NP",90.2100626553749,16.812447270839,35.9668396083868,97.2816131153214,10.4173653482262,18.9495688942282,168.879062943941,3417.73520303221,0,0,275.45236360922,2779.63908152367,0,"cyan",1
"1030","Broadbalk_LMpred_BBalk_",1987,"wheat","NP",90.2438468982052,16.7387421610915,35.3417561288978,97.5203950494344,10.6626716984392,19.3502210560433,167.603465914155,3443.70830814431,0,0,271.126244779539,2765.13105156015,0,"cyan",1
"1031","Broadbalk_LMpred_BBalk_",1988,"wheat","NP",90.277631141035,16.665037051344,34.7166726494087,97.5330515775957,10.8079617675231,19.5858616717146,167.603465914155,3443.70830814431,0,0,271.126244779539,2765.13105156015,0,"cyan",1
"1032","Broadbalk_LMpred_BBalk_",1990,"potato","NP",26.1002515627907,3.49419697478499,15.155319625442,57.0415266089428,11.1712148820711,56.4686563035398,167.603465914155,3443.70830814431,0,0,271.126244779539,2765.13105156015,0,"cyan",1
"1033","Broadbalk_LMpred_BBalk_",1991,"wheat","NP",90.3789838695259,16.4439217221015,32.8414222109413,95.6261372750187,10.2709094843335,18.6996928379959,167.702602285244,3468.46330153967,0,0,267.673191996104,2750.01612494654,0,"cyan",1
"1034","Broadbalk_LMpred_BBalk_",1992,"wheat","NP",90.4127681123561,16.3702166123539,32.2163387314523,95.6951349036284,10.4353515040687,18.9675938833328,167.702602285244,3468.46330153967,0,0,267.673191996104,2750.01612494654,0,"cyan",1
"1035","Broadbalk_LMpred_BBalk_",1993,"wheat","NP",90.4465523551864,16.2965115026064,31.5912552519632,95.6035241096642,10.5260350290689,19.1140275285392,167.702602285244,3468.46330153967,0,0,267.673191996104,2750.01612494654,0,"cyan",1
"1036","Broadbalk_LMpred_BBalk_",1995,"potato","NP",23.0710137047859,1.98210796031987,4.12187066832784,46.6207825453858,10.9575869138303,53.6110758785106,168.408976750338,3492.73817826389,0,0,264.819424384079,2734.51802072909,0,"cyan",1
"1037","Broadbalk_LMpred_BBalk_",1996,"wheat","NP",90.5479050836773,16.0753961733639,29.7160048134958,93.6346864053701,9.96779974768704,18.1922641721816,168.408976750338,3492.73817826389,0,0,264.819424384079,2734.51802072909,0,"cyan",1
"1038","Broadbalk_LMpred_BBalk_",1997,"wheat","NP",90.5816893265071,16.0016910636164,29.0909213340067,93.6606081346325,10.1061789014494,18.417851971196,168.408976750338,3492.73817826389,0,0,264.819424384079,2734.51802072909,0,"cyan",1
"1039","Broadbalk_LMpred_BBalk_",1998,"wheat","NP",90.6154735693378,15.9279859538689,28.4658378545177,93.540871677314,10.1797368664473,18.5365653987713,169.41064101421,3516.87744802869,0,0,265.758136291214,2719.29313304314,0,"cyan",1
"1040","Broadbalk_LMpred_BBalk_",1999,"oats","NP",41.8194361684429,11.8165065488624,27.0718877052309,36.4525222317517,10.1571931442388,14.6782959869065,169.41064101421,3516.87744802869,0,0,265.758136291214,2719.29313304314,0,"cyan",1
"1041","Broadbalk_LMpred_BBalk_",2000,"silage maize","NP",10.724415028046,3.85551709224245,10.9992814934308,28.0240479972311,4.71139494014523,12.0463118182116,169.41064101421,3516.87744802869,0,0,265.758136291214,2719.29313304314,0,"cyan",1
"1042","Broadbalk_LMpred_BBalk_",2001,"wheat","NP",71.418246119875,11.4136345296296,14.9156054064695,70.4255524658491,10.477266455376,18.6989532730205,174.116484485459,3542.52820934493,0,0,268.350506294392,2705.07557100199,0,"cyan",1
"1043","Broadbalk_LMpred_BBalk_",2002,"wheat","NP",106.828632392632,17.0174407244596,27.5014541204748,121.744268956073,10.363738130335,18.9383548215686,174.116484485459,3542.52820934493,0,0,268.350506294392,2705.07557100199,0,"cyan",1
"1044","Broadbalk_LMpred_BBalk_",2003,"wheat","NP",106.862416635463,16.9437356147121,26.8763706409857,120.874482615072,10.2587781865081,18.7599224774295,174.116484485459,3542.52820934493,0,0,268.350506294392,2705.07557100199,0,"cyan",1
"1045","Broadbalk_LMpred_BBalk_",2004,"oats","NP",56.9136360745398,13.0915650253997,25.4947334148543,24.8785303046662,8.65622843991188,14.1430735854456,173.177772759589,3568.45180275008,0,0,264.055820677109,2691.02455547405,0,"cyan",1
"1046","Broadbalk_LMpred_BBalk_",2005,"silage maize","NP",22.1210172099975,4.47818856643076,7.85594225283325,26.5127625385179,4.72442002681813,11.9304060896494,173.177772759589,3568.45180275008,0,0,264.055820677109,2691.02455547405,0,"cyan",1
"1047","Broadbalk_LMpred_BBalk_",2006,"wheat","NP",106.963769363954,16.7226202854696,25.0011202025185,119.799034635597,10.3024919176823,18.8341487932028,173.177772759589,3568.45180275008,0,0,264.055820677109,2691.02455547405,0,"cyan",1
"1048","Broadbalk_LMpred_BBalk_",2007,"wheat","NP",112.133907102809,16.8061464052814,29.1463066398774,124.470234302132,10.1458702335562,18.5679793970442,173.435397141062,3593.33433183298,0,0,260.637637456369,2676.36099958423,0,"cyan",1
"1049","Broadbalk_LMpred_BBalk_",2008,"wheat","NP",112.16769134564,16.7324412955339,28.521223160388,123.452509153776,10.0187488106838,18.35187182947,173.435397141062,3593.33433183298,0,0,260.637637456369,2676.36099958423,0,"cyan",1
"1050","Broadbalk_LMpred_BBalk_",2009,"oats","NP",61.0661676246902,13.1395795219156,27.1518988574119,35.5672257625431,9.85906597133542,14.2861757788173,173.435397141062,3593.33433183298,0,0,260.637637456369,2676.36099958423,0,"cyan",1
"1051","Broadbalk_LMpred_BBalk_",2010,"silage maize","NP",22.5759510360024,3.87381606059774,7.94692274517008,26.8755774431785,4.64339521251217,11.6251920379781,174.219032707583,3617.81650827484,0,0,257.820941710798,2661.30958284781,0,"cyan",1
"1052","Broadbalk_LMpred_BBalk_",2011,"wheat","NP",112.269044074131,16.5113259662913,26.6459727219209,122.294825591369,10.015118320715,18.3457011452152,174.219032707583,3617.81650827484,0,0,257.820941710798,2661.30958284781,0,"cyan",1
"1053","Broadbalk_LMpred_BBalk_",2012,"wheat","NP",112.302828316961,16.4376208565438,26.0208892424319,121.14231126397,9.85984653562336,18.0817391105599,174.219032707583,3617.81650827484,0,0,257.820941710798,2661.30958284781,0,"cyan",1
"1054","Broadbalk_LMpred_BBalk_",2013,"wheat","NP",112.336612559791,16.3639157467963,25.3958057629428,120.129722575542,9.73418799161895,17.8681124819925,175.267646038174,3642.20031127377,0,0,258.678607349531,2646.50956521929,0,"cyan",1
"1055","Broadbalk_LMpred_BBalk_",2014,"oats","NP",60.0823456788136,13.0303627888722,24.0387943831214,36.362107872063,9.5675836704824,13.9423519897853,175.267646038174,3642.20031127377,0,0,258.678607349531,2646.50956521929,0,"cyan",1
"1056","Broadbalk_LMpred_BBalk_",2015,"silage maize","NP",17.8945313659808,3.11221232520538,3.26763332065889,24.4865444940333,4.53495090356468,11.315284809813,175.267646038174,3642.20031127377,0,0,258.678607349531,2646.50956521929,0,"cyan",1
"1057","Broadbalk_LMpred_BBalk_",1968,"wheat","NPK",114.978287475164,21.0592705929453,74.7090919499479,112.149648026358,18.3485679431281,53.4480162436394,123.090679029733,2615.03397151246,0,0,855.903981536158,6343.9776300083,0,"green",16
"1058","Broadbalk_LMpred_BBalk_",1969,"potato","NPK",70.6286218189712,13.7574966630048,141.669122110506,101.324541951793,13.5509302837061,144.830985494911,123.090679029733,2615.03397151246,0,0,855.903981536158,6343.9776300083,0,"green",16
"1059","Broadbalk_LMpred_BBalk_",1970,"beans","NPK",110.63250076488,13.9496032056701,57.8106729073547,123.427917590214,16.0625017003517,49.8679039371595,123.090679029733,2615.03397151246,0,0,855.903981536158,6343.9776300083,0,"green",16
"1060","Broadbalk_LMpred_BBalk_",1971,"wheat","NPK",115.079640203655,20.8381552637028,72.8338415114805,110.760233133139,18.4884011169019,50.9288534781656,121.634754106356,2633.14132849271,0,0,853.345095301412,6383.0884999994,0,"green",16
"1061","Broadbalk_LMpred_BBalk_",1972,"potato","NPK",68.8110791041672,12.8502432543257,135.049052736237,95.6084652387849,13.6210682195115,142.163564297447,121.634754106356,2633.14132849271,0,0,853.345095301412,6383.0884999994,0,"green",16
"1062","Broadbalk_LMpred_BBalk_",1973,"beans","NPK",114.986970778254,13.7539449403014,55.0876027842201,125.741732460249,16.4352130953503,48.9467976196701,121.634754106356,2633.14132849271,0,0,853.345095301412,6383.0884999994,0,"green",16
"1063","Broadbalk_LMpred_BBalk_",1974,"wheat","NPK",115.180992932145,20.6170399344603,70.9585910730134,109.530739247329,18.6400607974949,50.1079265716449,124.71606732214,2651.50908499322,0,0,773.067538523419,6408.53507128248,0,"green",16
"1064","Broadbalk_LMpred_BBalk_",1975,"potato","NPK",66.9935363893651,11.9429898456466,128.428983361968,89.5611242625438,13.6526974347518,141.407763470252,124.71606732214,2651.50908499322,0,0,773.067538523419,6408.53507128248,0,"green",16
"1065","Broadbalk_LMpred_BBalk_",1976,"beans","NPK",119.341440791628,13.5582866749328,52.3645326610856,128.244195751349,16.8071800714522,48.8463345381983,124.71606732214,2651.50908499322,0,0,773.067538523419,6408.53507128248,0,"green",16
"1066","Broadbalk_LMpred_BBalk_",1977,"wheat","NPK",115.282345660636,20.3959246052178,69.0833406345459,108.359813054353,18.7844606254229,49.8515255647342,124.830429134882,2670.33222148013,0,0,795.675612410231,6426.05909345851,0,"green",16
"1067","Broadbalk_LMpred_BBalk_",1978,"potato","NPK",65.1759936745625,11.0357364369674,121.8089139877,83.1888735005503,13.6263826628857,139.499126983571,124.830429134882,2670.33222148013,0,0,795.675612410231,6426.05909345851,0,"green",16
"1068","Broadbalk_LMpred_BBalk_",1979,"potato","NPK",64.5701461029612,10.7333186340744,119.602224196277,81.0898861544103,13.7507596406501,132.492648312581,124.830429134882,2670.33222148013,0,0,795.675612410231,6426.05909345851,0,"green",16
"1069","Broadbalk_LMpred_BBalk_",1980,"wheat","NPK",115.383698389127,20.1748092759752,67.2080901960787,106.871187326685,19.0763964736208,46.7710288487502,123.637835356044,2688.03641414206,0,0,812.344504085972,6448.46134830461,0,"green",16
"1070","Broadbalk_LMpred_BBalk_",1982,"potato","NPK",62.7526033881581,9.82606522539525,112.982154822008,74.1511885609347,13.3320852150146,130.104938256674,123.637835356044,2688.03641414206,0,0,812.344504085972,6448.46134830461,0,"green",16
"1071","Broadbalk_LMpred_BBalk_",1983,"wheat","NPK",115.485051117617,19.9536939467327,65.3328397576116,105.776927295044,19.0349671610367,47.1092263374619,123.637835356044,2688.03641414206,0,0,812.344504085972,6448.46134830461,0,"green",16
"1072","Broadbalk_LMpred_BBalk_",1985,"potato","NPK",60.9350606733551,8.91881181671617,106.362085447739,67.0935709542833,13.043309048317,125.991928014802,126.885335721726,2706.16784555687,0,0,746.255668109729,6462.3866199834,0,"green",16
"1073","Broadbalk_LMpred_BBalk_",1986,"wheat","NPK",108.664851931764,20.1756077293884,52.0890023630516,110.328772564247,19.4371447867894,47.8153780777342,126.885335721726,2706.16784555687,0,0,746.255668109729,6462.3866199834,0,"green",16
"1074","Broadbalk_LMpred_BBalk_",1987,"wheat","NPK",108.698636174594,20.1019026196409,51.4639188835626,110.153929755749,19.3362257612836,49.5003275200849,126.885335721726,2706.16784555687,0,0,746.255668109729,6462.3866199834,0,"green",16
"1075","Broadbalk_LMpred_BBalk_",1988,"wheat","NPK",108.732420417424,20.0281975098934,50.8388354040736,109.900029203281,19.3163934514322,50.6843237740896,126.861421804803,2724.75654637844,0,0,777.741609358499,6471.95388111496,0,"green",16
"1076","Broadbalk_LMpred_BBalk_",1990,"potato","NPK",50.9842709010063,7.84975191414905,83.9600495345323,60.7270321055377,12.7453197729775,123.871254921535,126.861421804803,2724.75654637844,0,0,777.741609358499,6471.95388111496,0,"green",16
"1077","Broadbalk_LMpred_BBalk_",1991,"wheat","NPK",108.833773145915,19.8070821806508,48.9635849656061,108.599193168962,19.5845500709641,49.1916032927826,126.861421804803,2724.75654637844,0,0,777.741609358499,6471.95388111496,0,"green",16
"1078","Broadbalk_LMpred_BBalk_",1992,"wheat","NPK",108.867557388745,19.7333770709033,48.3385014861171,108.351500116889,19.4825412558268,50.4857079092274,125.752134327988,2742.22577305776,0,0,800.809189020138,6488.77837488167,0,"green",16
"1079","Broadbalk_LMpred_BBalk_",1993,"wheat","NPK",108.901341631575,19.6596719611558,47.7134180066281,108.054028844015,19.4597402073701,51.4053486848949,125.752134327988,2742.22577305776,0,0,800.809189020138,6488.77837488167,0,"green",16
"1080","Broadbalk_LMpred_BBalk_",1995,"potato","NPK",47.955033043002,6.33766289968393,72.9266005774181,48.2093332773841,11.5475265852191,107.792102736263,125.752134327988,2742.22577305776,0,0,800.809189020138,6488.77837488167,0,"green",16
"1081","Broadbalk_LMpred_BBalk_",1996,"wheat","NPK",109.002694360066,19.4385566319133,45.8381675681606,106.79066194759,19.7692261481459,50.18562927154,129.11898594441,2760.20622400659,0,0,739.31692462706,6498.8628758045,0,"green",16
"1082","Broadbalk_LMpred_BBalk_",1997,"wheat","NPK",109.036478602896,19.3648515221658,45.2130840886716,106.500228269664,19.6361119323956,51.2262154006248,129.11898594441,2760.20622400659,0,0,739.31692462706,6498.8628758045,0,"green",16
"1083","Broadbalk_LMpred_BBalk_",1998,"wheat","NPK",109.070262845727,19.2911464124183,44.5880006091825,106.175557060766,19.5976206497659,51.9724996830449,129.11898594441,2760.20622400659,0,0,739.31692462706,6498.8628758045,0,"green",16
"1084","Broadbalk_LMpred_BBalk_",1999,"oats","NPK",11.1504460064896,6.70937425141995,16.8101857515,40.0629450663269,12.7254221930169,39.8356678222649,128.90963729549,2778.60839258405,0,0,773.622938298116,6505.71052759525,0,"green",16
"1085","Broadbalk_LMpred_BBalk_",2000,"silage maize","NPK",9.79320132761908,3.41278614092182,32.7105873914747,40.7189698541272,6.35228341950867,36.4255203257695,128.90963729549,2778.60839258405,0,0,773.622938298116,6505.71052759525,0,"green",16
"1086","Broadbalk_LMpred_BBalk_",2001,"wheat","NPK",98.7212992327651,16.519947021961,34.4872598970268,75.0354940000127,17.1130373801569,48.4541776878869,128.90963729549,2778.60839258405,0,0,773.622938298116,6505.71052759525,0,"green",16
"1087","Broadbalk_LMpred_BBalk_",2002,"wheat","NPK",140.192937527147,21.9311848885156,53.583834694581,151.077363781161,22.3506265979937,58.4822793194487,127.867002221284,2795.86656703284,0,0,798.881589462769,6520.60035086586,0,"green",16
"1088","Broadbalk_LMpred_BBalk_",2003,"wheat","NPK",140.226721769977,21.8574797787681,52.9587512150919,150.281052946301,21.9762421127183,58.3195990555743,127.867002221284,2795.86656703284,0,0,798.881589462769,6520.60035086586,0,"green",16
"1089","Broadbalk_LMpred_BBalk_",2004,"oats","NPK",41.1541617707119,9.53501643346388,25.1932492805648,25.6406298046777,8.656247279033,32.1868427394421,127.867002221284,2795.86656703284,0,0,798.881589462769,6520.60035086586,0,"green",16
"1090","Broadbalk_LMpred_BBalk_",2005,"silage maize","NPK",36.0993193676955,5.58604132061678,39.5274659703186,36.448394727516,6.51482237311598,38.0046463618385,131.380212744295,2813.72697384694,0,0,740.442627864227,6529.54018548084,0,"green",16
"1091","Broadbalk_LMpred_BBalk_",2006,"wheat","NPK",140.328074498468,21.6363644495256,51.0835007766247,148.233190778712,22.9890361628968,59.8268484219317,131.380212744295,2813.72697384694,0,0,740.442627864227,6529.54018548084,0,"green",16
"1092","Broadbalk_LMpred_BBalk_",2007,"wheat","NPK",149.285264650265,22.5858080562323,55.795624240722,158.561878326273,22.7451569070995,60.1397792252493,131.380212744295,2813.72697384694,0,0,740.442627864227,6529.54018548084,0,"green",16
"1093","Broadbalk_LMpred_BBalk_",2008,"wheat","NPK",149.319048893096,22.5121029464848,55.1705407612327,157.748633662125,22.489502070556,59.8829016586034,133.383897431103,2832.97252951948,0,0,702.610571874061,6524.87959315842,0,"green",16
"1094","Broadbalk_LMpred_BBalk_",2009,"oats","NPK",49.0937457338039,10.4489484168746,27.4173517498608,39.1264088743376,12.8011899957187,41.3030733785107,133.383897431103,2832.97252951948,0,0,702.610571874061,6524.87959315842,0,"green",16
"1095","Broadbalk_LMpred_BBalk_",2010,"silage maize","NPK",40.3413056066425,5.84758630167861,40.1853834893938,39.7202928073965,6.62332607941457,38.4947684093632,133.383897431103,2832.97252951948,0,0,702.610571874061,6524.87959315842,0,"green",16
"1096","Broadbalk_LMpred_BBalk_",2011,"wheat","NPK",149.420401621586,22.2909876172423,53.2952903227656,155.675940755122,23.5294852782569,61.0731995310516,128.165838004457,2854.11416501462,0,0,751.836794515405,6518.88226812852,0,"green",16
"1097","Broadbalk_LMpred_BBalk_",2012,"wheat","NPK",149.454185864417,22.2172825074947,52.6702068432765,154.843256702496,22.9496727210542,60.7150532270394,128.165838004457,2854.11416501462,0,0,751.836794515405,6518.88226812852,0,"green",16
"1098","Broadbalk_LMpred_BBalk_",2013,"wheat","NPK",149.487970107247,22.1435773977472,52.0451233637874,154.036543788621,22.7298770434041,60.4986035521531,128.165838004457,2854.11416501462,0,0,751.836794515405,6518.88226812852,0,"green",16
"1099","Broadbalk_LMpred_BBalk_",2014,"oats","NPK",48.1099237879273,10.3397316838312,24.3042472755703,40.514004864109,13.1897039643653,42.3084941875227,133.066945971328,2870.88097183273,0,0,712.988636210756,6517.6254881765,0,"green",16
"1100","Broadbalk_LMpred_BBalk_",2015,"silage maize","NPK",35.6598859366209,5.08598256628625,35.5060940648826,33.5094242782053,6.60614892116746,39.127730500481,133.066945971328,2870.88097183273,0,0,712.988636210756,6517.6254881765,0,"green",16
"1101","Broadbalk_LMpred_BBalk_",1968,"wheat","NPK",114.978287475164,21.0592705929453,74.7090919499479,112.149648026358,18.3485679431281,53.4480162436394,133.066945971328,2870.88097183273,0,0,712.988636210756,6517.6254881765,0,"green",16
"1102","Broadbalk_LMpred_BBalk_",1969,"potato","NPK",70.6286218189712,13.7574966630048,141.669122110506,101.324541951793,13.5509302837061,144.830985494911,129.371654275099,2890.5412793708,0,0,757.25808015856,6516.2467738442,0,"green",16
"1103","Broadbalk_LMpred_BBalk_",1970,"beans","NPK",110.63250076488,13.9496032056701,57.8106729073547,123.427917590214,16.0625017003517,49.8679039371595,129.371654275099,2890.5412793708,0,0,757.25808015856,6516.2467738442,0,"green",16
"1104","Broadbalk_LMpred_BBalk_",1971,"wheat","NPK",115.079640203655,20.8381552637028,72.8338415114805,110.760233133139,18.4884011169019,50.9288534781656,129.371654275099,2890.5412793708,0,0,757.25808015856,6516.2467738442,0,"green",16
"1105","Broadbalk_LMpred_BBalk_",1972,"potato","NPK",68.8110791041672,12.8502432543257,135.049052736237,95.6084652387849,13.6210682195115,142.163564297447,134.683149712588,2907.18647488499,0,0,720.576189266816,6516.93673672114,0,"green",16
"1106","Broadbalk_LMpred_BBalk_",1973,"beans","NPK",114.986970778254,13.7539449403014,55.0876027842201,125.741732460249,16.4352130953503,48.9467976196701,134.683149712588,2907.18647488499,0,0,720.576189266816,6516.93673672114,0,"green",16
"1107","Broadbalk_LMpred_BBalk_",1974,"wheat","NPK",115.180992932145,20.6170399344603,70.9585910730134,109.530739247329,18.6400607974949,50.1079265716449,134.683149712588,2907.18647488499,0,0,720.576189266816,6516.93673672114,0,"green",16
"1108","Broadbalk_LMpred_BBalk_",1975,"potato","NPK",66.9935363893651,11.9429898456466,128.428983361968,89.5611242625438,13.6526974347518,141.407763470252,133.123758696294,2924.3087211145,0,0,760.867826149631,6518.82972176059,0,"green",16
"1109","Broadbalk_LMpred_BBalk_",1976,"beans","NPK",119.341440791628,13.5582866749328,52.3645326610856,128.244195751349,16.8071800714522,48.8463345381983,133.123758696294,2924.3087211145,0,0,760.867826149631,6518.82972176059,0,"green",16
"1110","Broadbalk_LMpred_BBalk_",1977,"wheat","NPK",115.282345660636,20.3959246052178,69.0833406345459,108.359813054353,18.7844606254229,49.8515255647342,133.123758696294,2924.3087211145,0,0,760.867826149631,6518.82972176059,0,"green",16
"1111","Broadbalk_LMpred_BBalk_",1978,"potato","NPK",65.1759936745625,11.0357364369674,121.8089139877,83.1888735005503,13.6263826628857,139.499126983571,132.840564991644,2940.25568905786,0,0,789.917595082726,6530.27962530741,0,"green",16
"1112","Broadbalk_LMpred_BBalk_",1979,"potato","NPK",64.5701461029612,10.7333186340744,119.602224196277,81.0898861544103,13.7507596406501,132.492648312581,132.840564991644,2940.25568905786,0,0,789.917595082726,6530.27962530741,0,"green",16
"1113","Broadbalk_LMpred_BBalk_",1980,"wheat","NPK",115.383698389127,20.1748092759752,67.2080901960787,106.871187326685,19.0763964736208,46.7710288487502,132.840564991644,2940.25568905786,0,0,789.917595082726,6530.27962530741,0,"green",16
"1114","Broadbalk_LMpred_BBalk_",1982,"potato","NPK",62.7526033881581,9.82606522539525,112.982154822008,74.1511885609347,13.3320852150146,130.104938256674,131.542189099287,2957.23763797591,0,0,800.009985457602,6559.50282097111,0,"green",16
"1115","Broadbalk_LMpred_BBalk_",1983,"wheat","NPK",115.485051117617,19.9536939467327,65.3328397576116,105.776927295044,19.0349671610367,47.1092263374619,131.542189099287,2957.23763797591,0,0,800.009985457602,6559.50282097111,0,"green",16
"1116","Broadbalk_LMpred_BBalk_",1985,"potato","NPK",60.9350606733551,8.91881181671617,106.362085447739,67.0935709542833,13.043309048317,125.991928014802,131.542189099287,2957.23763797591,0,0,800.009985457602,6559.50282097111,0,"green",16
"1117","Broadbalk_LMpred_BBalk_",1986,"wheat","NPK",108.664851931764,20.1756077293884,52.0890023630516,110.328772564247,19.4371447867894,47.8153780777342,137.462860329608,2973.57164697262,0,0,755.961937722212,6569.67961378497,0,"green",16
"1118","Broadbalk_LMpred_BBalk_",1987,"wheat","NPK",108.698636174594,20.1019026196409,51.4639188835626,110.153929755749,19.3362257612836,49.5003275200849,137.462860329608,2973.57164697262,0,0,755.961937722212,6569.67961378497,0,"green",16
"1119","Broadbalk_LMpred_BBalk_",1988,"wheat","NPK",108.732420417424,20.0281975098934,50.8388354040736,109.900029203281,19.3163934514322,50.6843237740896,137.462860329608,2973.57164697262,0,0,755.961937722212,6569.67961378497,0,"green",16
"1120","Broadbalk_LMpred_BBalk_",1990,"potato","NPK",50.9842709010063,7.84975191414905,83.9600495345323,60.7270321055377,12.7453197729775,123.871254921535,135.873726786571,2990.57623044469,0,0,787.927668183203,6578.5222800312,0,"green",16
"1121","Broadbalk_LMpred_BBalk_",1991,"wheat","NPK",108.833773145915,19.8070821806508,48.9635849656061,108.599193168962,19.5845500709641,49.1916032927826,135.873726786571,2990.57623044469,0,0,787.927668183203,6578.5222800312,0,"green",16
"1122","Broadbalk_LMpred_BBalk_",1992,"wheat","NPK",108.867557388745,19.7333770709033,48.3385014861171,108.351500116889,19.4825412558268,50.4857079092274,135.873726786571,2990.57623044469,0,0,787.927668183203,6578.5222800312,0,"green",16
"1123","Broadbalk_LMpred_BBalk_",1993,"wheat","NPK",108.901341631575,19.6596719611558,47.7134180066281,108.054028844015,19.4597402073701,51.4053486848949,135.574530820208,3006.39288515523,0,0,811.220649241915,6594.74359106326,0,"green",16
"1124","Broadbalk_LMpred_BBalk_",1995,"potato","NPK",47.955033043002,6.33766289968393,72.9266005774181,48.2093332773841,11.5475265852191,107.792102736263,135.574530820208,3006.39288515523,0,0,811.220649241915,6594.74359106326,0,"green",16
"1125","Broadbalk_LMpred_BBalk_",1996,"wheat","NPK",109.002694360066,19.4385566319133,45.8381675681606,106.79066194759,19.7692261481459,50.18562927154,135.574530820208,3006.39288515523,0,0,811.220649241915,6594.74359106326,0,"green",16
"1126","Broadbalk_LMpred_BBalk_",1997,"wheat","NPK",109.036478602896,19.3648515221658,45.2130840886716,106.500228269664,19.6361119323956,51.2262154006248,134.362192170992,3023.14547232984,0,0,815.031229641119,6629.52759430969,0,"green",16
"1127","Broadbalk_LMpred_BBalk_",1998,"wheat","NPK",109.070262845727,19.2911464124183,44.5880006091825,106.175557060766,19.5976206497659,51.9724996830449,134.362192170992,3023.14547232984,0,0,815.031229641119,6629.52759430969,0,"green",16
"1128","Broadbalk_LMpred_BBalk_",1999,"oats","NPK",11.1504460064896,6.70937425141995,16.8101857515,40.0629450663269,12.7254221930169,39.8356678222649,134.362192170992,3023.14547232984,0,0,815.031229641119,6629.52759430969,0,"green",16
"1129","Broadbalk_LMpred_BBalk_",2000,"silage maize","NPK",9.79320132761908,3.41278614092182,32.7105873914747,40.7189698541272,6.35228341950867,36.4255203257695,141.167851498714,3039.7922864169,0,0,783.264125884096,6643.50259533044,0,"green",16
"1130","Broadbalk_LMpred_BBalk_",2001,"wheat","NPK",98.7212992327651,16.519947021961,34.4872598970268,75.0354940000127,17.1130373801569,48.4541776878869,141.167851498714,3039.7922864169,0,0,783.264125884096,6643.50259533044,0,"green",16
"1131","Broadbalk_LMpred_BBalk_",2002,"wheat","NPK",140.192937527147,21.9311848885156,53.583834694581,151.077363781161,22.3506265979937,58.4822793194487,141.167851498714,3039.7922864169,0,0,783.264125884096,6643.50259533044,0,"green",16
"1132","Broadbalk_LMpred_BBalk_",2003,"wheat","NPK",140.226721769977,21.8574797787681,52.9587512150919,150.281052946301,21.9762421127183,58.3195990555743,139.036574452342,3057.15433731512,0,0,809.809470068295,6656.7716218747,0,"green",16
"1133","Broadbalk_LMpred_BBalk_",2004,"oats","NPK",41.1541617707119,9.53501643346388,25.1932492805648,25.6406298046777,8.656247279033,32.1868427394421,139.036574452342,3057.15433731512,0,0,809.809470068295,6656.7716218747,0,"green",16
"1134","Broadbalk_LMpred_BBalk_",2005,"silage maize","NPK",36.0993193676955,5.58604132061678,39.5274659703186,36.448394727516,6.51482237311598,38.0046463618385,139.036574452342,3057.15433731512,0,0,809.809470068295,6656.7716218747,0,"green",16
"1135","Broadbalk_LMpred_BBalk_",2006,"wheat","NPK",140.328074498468,21.6363644495256,51.0835007766247,148.233190778712,22.9890361628968,59.8268484219317,138.508122666981,3073.04667716809,0,0,829.351080110506,6676.00379643187,0,"green",16
"1136","Broadbalk_LMpred_BBalk_",2007,"wheat","NPK",149.285264650265,22.5858080562323,55.795624240722,158.561878326273,22.7451569070995,60.1397792252493,138.508122666981,3073.04667716809,0,0,829.351080110506,6676.00379643187,0,"green",16
"1137","Broadbalk_LMpred_BBalk_",2008,"wheat","NPK",149.319048893096,22.5121029464848,55.1705407612327,157.748633662125,22.489502070556,59.8829016586034,138.508122666981,3073.04667716809,0,0,829.351080110506,6676.00379643187,0,"green",16
"1138","Broadbalk_LMpred_BBalk_",2009,"oats","NPK",49.0937457338039,10.4489484168746,27.4173517498608,39.1264088743376,12.8011899957187,41.3030733785107,138.646910981056,3088.31026820425,0,0,844.023983757549,6699.35839310178,0,"green",16
"1139","Broadbalk_LMpred_BBalk_",2010,"silage maize","NPK",40.3413056066425,5.84758630167861,40.1853834893938,39.7202928073965,6.62332607941457,38.4947684093632,138.646910981056,3088.31026820425,0,0,844.023983757549,6699.35839310178,0,"green",16
"1140","Broadbalk_LMpred_BBalk_",2011,"wheat","NPK",149.420401621586,22.2909876172423,53.2952903227656,155.675940755122,23.5294852782569,61.0731995310516,138.646910981056,3088.31026820425,0,0,844.023983757549,6699.35839310178,0,"green",16
"1141","Broadbalk_LMpred_BBalk_",2012,"wheat","NPK",149.454185864417,22.2172825074947,52.6702068432765,154.843256702496,22.9496727210542,60.7150532270394,143.884791835954,3105.34696515633,0,0,866.353400465437,6727.19330857163,0,"green",16
"1142","Broadbalk_LMpred_BBalk_",2013,"wheat","NPK",149.487970107247,22.1435773977472,52.0451233637874,154.036543788621,22.7298770434041,60.4986035521531,143.884791835954,3105.34696515633,0,0,866.353400465437,6727.19330857163,0,"green",16
"1143","Broadbalk_LMpred_BBalk_",2014,"oats","NPK",48.1099237879273,10.3397316838312,24.3042472755703,40.514004864109,13.1897039643653,42.3084941875227,143.884791835954,3105.34696515633,0,0,866.353400465437,6727.19330857163,0,"green",16
"1144","Broadbalk_LMpred_BBalk_",2015,"silage maize","NPK",35.6598859366209,5.08598256628625,35.5060940648826,33.5094242782053,6.60614892116746,39.127730500481,151.261431145325,3126.61804242745,0,0,886.994573346833,6760.12661536446,0,"green",16
"1145","Broadbalk_LMpred_BBalk_",1968,"wheat","NPK",114.978287475164,21.0592705929453,74.7090919499479,112.149648026358,18.3485679431281,53.4480162436394,151.261431145325,3126.61804242745,0,0,886.994573346833,6760.12661536446,0,"green",16
"1146","Broadbalk_LMpred_BBalk_",1969,"potato","NPK",70.6286218189712,13.7574966630048,141.669122110506,101.324541951793,13.5509302837061,144.830985494911,151.261431145325,3126.61804242745,0,0,886.994573346833,6760.12661536446,0,"green",16
"1147","Broadbalk_LMpred_BBalk_",1970,"beans","NPK",110.63250076488,13.9496032056701,57.8106729073547,123.427917590214,16.0625017003517,49.8679039371595,147.705545951453,3148.06089024117,0,0,893.064970669392,6795.60204035401,0,"green",16
"1148","Broadbalk_LMpred_BBalk_",1971,"wheat","NPK",115.079640203655,20.8381552637028,72.8338415114805,110.760233133139,18.4884011169019,50.9288534781656,147.705545951453,3148.06089024117,0,0,893.064970669392,6795.60204035401,0,"green",16
"1149","Broadbalk_LMpred_BBalk_",1972,"potato","NPK",68.8110791041672,12.8502432543257,135.049052736237,95.6084652387849,13.6210682195115,142.163564297447,147.705545951453,3148.06089024117,0,0,893.064970669392,6795.60204035401,0,"green",16
"1150","Broadbalk_LMpred_BBalk_",1973,"beans","NPK",114.986970778254,13.7539449403014,55.0876027842201,125.741732460249,16.4352130953503,48.9467976196701,142.851827869173,3165.56398172545,0,0,889.938450622018,6830.24628108194,0,"green",16
"1151","Broadbalk_LMpred_BBalk_",1974,"wheat","NPK",115.180992932145,20.6170399344603,70.9585910730134,109.530739247329,18.6400607974949,50.1079265716449,142.851827869173,3165.56398172545,0,0,889.938450622018,6830.24628108194,0,"green",16
"1152","Broadbalk_LMpred_BBalk_",1975,"potato","NPK",66.9935363893651,11.9429898456466,128.428983361968,89.5611242625438,13.6526974347518,141.407763470252,142.851827869173,3165.56398172545,0,0,889.938450622018,6830.24628108194,0,"green",16
"1153","Broadbalk_LMpred_BBalk_",1976,"beans","NPK",119.341440791628,13.5582866749328,52.3645326610856,128.244195751349,16.8071800714522,48.8463345381983,141.189608694768,3180.24995878714,0,0,888.704216242714,6863.16091640567,0,"green",16
"1154","Broadbalk_LMpred_BBalk_",1977,"wheat","NPK",115.282345660636,20.3959246052178,69.0833406345459,108.359813054353,18.7844606254229,49.8515255647342,141.189608694768,3180.24995878714,0,0,888.704216242714,6863.16091640567,0,"green",16
"1155","Broadbalk_LMpred_BBalk_",1978,"potato","NPK",65.1759936745625,11.0357364369674,121.8089139877,83.1888735005503,13.6263826628857,139.499126983571,141.189608694768,3180.24995878714,0,0,888.704216242714,6863.16091640567,0,"green",16
"1156","Broadbalk_LMpred_BBalk_",1979,"potato","NPK",64.5701461029612,10.7333186340744,119.602224196277,81.0898861544103,13.7507596406501,132.492648312581,150.084022273568,3197.69929792931,0,0,911.469456275252,6898.20883363369,0,"green",16
"1157","Broadbalk_LMpred_BBalk_",1980,"wheat","NPK",115.383698389127,20.1748092759752,67.2080901960787,106.871187326685,19.0763964736208,46.7710288487502,150.084022273568,3197.69929792931,0,0,911.469456275252,6898.20883363369,0,"green",16
"1158","Broadbalk_LMpred_BBalk_",1982,"potato","NPK",62.7526033881581,9.82606522539525,112.982154822008,74.1511885609347,13.3320852150146,130.104938256674,150.084022273568,3197.69929792931,0,0,911.469456275252,6898.20883363369,0,"green",16
"1159","Broadbalk_LMpred_BBalk_",1983,"wheat","NPK",115.485051117617,19.9536939467327,65.3328397576116,105.776927295044,19.0349671610367,47.1092263374619,156.231778969476,3220.03671886029,0,0,924.604330941216,6937.06931260589,0,"green",16
"1160","Broadbalk_LMpred_BBalk_",1985,"potato","NPK",60.9350606733551,8.91881181671617,106.362085447739,67.0935709542833,13.043309048317,125.991928014802,156.231778969476,3220.03671886029,0,0,924.604330941216,6937.06931260589,0,"green",16
"1161","Broadbalk_LMpred_BBalk_",1986,"wheat","NPK",108.664851931764,20.1756077293884,52.0890023630516,110.328772564247,19.4371447867894,47.8153780777342,156.231778969476,3220.03671886029,0,0,924.604330941216,6937.06931260589,0,"green",16
"1162","Broadbalk_LMpred_BBalk_",1987,"wheat","NPK",108.698636174594,20.1019026196409,51.4639188835626,110.153929755749,19.3362257612836,49.5003275200849,148.138423721397,3240.14103794547,0,0,916.647024126306,6975.19977099886,0,"green",16
"1163","Broadbalk_LMpred_BBalk_",1988,"wheat","NPK",108.732420417424,20.0281975098934,50.8388354040736,109.900029203281,19.3163934514322,50.6843237740896,148.138423721397,3240.14103794547,0,0,916.647024126306,6975.19977099886,0,"green",16
"1164","Broadbalk_LMpred_BBalk_",1990,"potato","NPK",50.9842709010063,7.84975191414905,83.9600495345323,60.7270321055377,12.7453197729775,123.871254921535,148.138423721397,3240.14103794547,0,0,916.647024126306,6975.19977099886,0,"green",16
"1165","Broadbalk_LMpred_BBalk_",1991,"wheat","NPK",108.833773145915,19.8070821806508,48.9635849656061,108.599193168962,19.5845500709641,49.1916032927826,144.894912245702,3255.63939251407,0,0,911.446272147793,7010.26074375213,0,"green",16
"1166","Broadbalk_LMpred_BBalk_",1992,"wheat","NPK",108.867557388745,19.7333770709033,48.3385014861171,108.351500116889,19.4825412558268,50.4857079092274,144.894912245702,3255.63939251407,0,0,911.446272147793,7010.26074375213,0,"green",16
"1167","Broadbalk_LMpred_BBalk_",1993,"wheat","NPK",108.901341631575,19.6596719611558,47.7134180066281,108.054028844015,19.4597402073701,51.4053486848949,144.894912245702,3255.63939251407,0,0,911.446272147793,7010.26074375213,0,"green",16
"1168","Broadbalk_LMpred_BBalk_",1995,"potato","NPK",47.955033043002,6.33766289968393,72.9266005774181,48.2093332773841,11.5475265852191,107.792102736263,143.874845176968,3269.16995751225,0,0,908.737752609709,7043.0863616316,0,"green",16
"1169","Broadbalk_LMpred_BBalk_",1996,"wheat","NPK",109.002694360066,19.4385566319133,45.8381675681606,106.79066194759,19.7692261481459,50.18562927154,143.874845176968,3269.16995751225,0,0,908.737752609709,7043.0863616316,0,"green",16
"1170","Broadbalk_LMpred_BBalk_",1997,"wheat","NPK",109.036478602896,19.3648515221658,45.2130840886716,106.500228269664,19.6361119323956,51.2262154006248,143.874845176968,3269.16995751225,0,0,908.737752609709,7043.0863616316,0,"green",16
"1171","Broadbalk_LMpred_BBalk_",1998,"wheat","NPK",109.070262845727,19.2911464124183,44.5880006091825,106.175557060766,19.5976206497659,51.9724996830449,150.488437242815,3284.75517545068,0,0,923.802160602585,7076.71888026021,0,"green",16
"1172","Broadbalk_LMpred_BBalk_",1999,"oats","NPK",11.1504460064896,6.70937425141995,16.8101857515,40.0629450663269,12.7254221930169,39.8356678222649,150.488437242815,3284.75517545068,0,0,923.802160602585,7076.71888026021,0,"green",16
"1173","Broadbalk_LMpred_BBalk_",2000,"silage maize","NPK",9.79320132761908,3.41278614092182,32.7105873914747,40.7189698541272,6.35228341950867,36.4255203257695,150.488437242815,3284.75517545068,0,0,923.802160602585,7076.71888026021,0,"green",16
"1174","Broadbalk_LMpred_BBalk_",2001,"wheat","NPK",98.7212992327651,16.519947021961,34.4872598970268,75.0354940000127,17.1130373801569,48.4541776878869,158.350884233846,3305.26940238023,0,0,938.591376550987,7113.43489590245,0,"green",16
"1175","Broadbalk_LMpred_BBalk_",2002,"wheat","NPK",140.192937527147,21.9311848885156,53.583834694581,151.077363781161,22.3506265979937,58.4822793194487,158.350884233846,3305.26940238023,0,0,938.591376550987,7113.43489590245,0,"green",16
"1176","Broadbalk_LMpred_BBalk_",2003,"wheat","NPK",140.226721769977,21.8574797787681,52.9587512150919,150.281052946301,21.9762421127183,58.3195990555743,158.350884233846,3305.26940238023,0,0,938.591376550987,7113.43489590245,0,"green",16
"1177","Broadbalk_LMpred_BBalk_",2004,"oats","NPK",41.1541617707119,9.53501643346388,25.1932492805648,25.6406298046777,8.656247279033,32.1868427394421,150.730950517491,3324.35985081833,0,0,931.166449129052,7149.78662379334,0,"green",16
"1178","Broadbalk_LMpred_BBalk_",2005,"silage maize","NPK",36.0993193676955,5.58604132061678,39.5274659703186,36.448394727516,6.51482237311598,38.0046463618385,150.730950517491,3324.35985081833,0,0,931.166449129052,7149.78662379334,0,"green",16
"1179","Broadbalk_LMpred_BBalk_",2006,"wheat","NPK",140.328074498468,21.6363644495256,51.0835007766247,148.233190778712,22.9890361628968,59.8268484219317,150.730950517491,3324.35985081833,0,0,931.166449129052,7149.78662379334,0,"green",16
"1180","Broadbalk_LMpred_BBalk_",2007,"wheat","NPK",149.285264650265,22.5858080562323,55.795624240722,158.561878326273,22.7451569070995,60.1397792252493,147.923934811155,3339.21719380361,0,0,926.901139662614,7183.33688003274,0,"green",16
"1181","Broadbalk_LMpred_BBalk_",2008,"wheat","NPK",149.319048893096,22.5121029464848,55.1705407612327,157.748633662125,22.489502070556,59.8829016586034,147.923934811155,3339.21719380361,0,0,926.901139662614,7183.33688003274,0,"green",16
"1182","Broadbalk_LMpred_BBalk_",2009,"oats","NPK",49.0937457338039,10.4489484168746,27.4173517498608,39.1264088743376,12.8011899957187,41.3030733785107,147.923934811155,3339.21719380361,0,0,926.901139662614,7183.33688003274,0,"green",16
"1183","Broadbalk_LMpred_BBalk_",2010,"silage maize","NPK",40.3413056066425,5.84758630167861,40.1853834893938,39.7202928073965,6.62332607941457,38.4947684093632,147.073579345941,3352.33767222543,0,0,924.821762703648,7214.91765343955,0,"green",16
"1184","Broadbalk_LMpred_BBalk_",2011,"wheat","NPK",149.420401621586,22.2909876172423,53.2952903227656,155.675940755122,23.5294852782569,61.0731995310516,147.073579345941,3352.33767222543,0,0,924.821762703648,7214.91765343955,0,"green",16
"1185","Broadbalk_LMpred_BBalk_",2012,"wheat","NPK",149.454185864417,22.2172825074947,52.6702068432765,154.843256702496,22.9496727210542,60.7150532270394,147.073579345941,3352.33767222543,0,0,924.821762703648,7214.91765343955,0,"green",16
"1186","Broadbalk_LMpred_BBalk_",2013,"wheat","NPK",149.487970107247,22.1435773977472,52.0451233637874,154.036543788621,22.7298770434041,60.4986035521531,153.656035638529,3367.56551196847,0,0,939.987322184417,7247.44359977126,0,"green",16
"1187","Broadbalk_LMpred_BBalk_",2014,"oats","NPK",48.1099237879273,10.3397316838312,24.3042472755703,40.514004864109,13.1897039643653,42.3084941875227,153.656035638529,3367.56551196847,0,0,939.987322184417,7247.44359977126,0,"green",16
"1188","Broadbalk_LMpred_BBalk_",2015,"silage maize","NPK",35.6598859366209,5.08598256628625,35.5060940648826,33.5094242782053,6.60614892116746,39.127730500481,153.656035638529,3367.56551196847,0,0,939.987322184417,7247.44359977126,0,"green",16
"1189","Broadbalk_LMpred_BBalk_",1968,"wheat","FYMNPK",170.931504579666,25.8624161375101,107.341045504555,169.503915673937,25.2415646954183,106.020588164757,167,1670,0,0,1615,16150,0,"gold",16
"1190","Broadbalk_LMpred_BBalk_",1969,"potato","FYMNPK",92.761219175429,14.0136700460278,187.660854902772,111.460814217877,16.0161085458152,205.084335048537,167,1670,0,0,1615,16150,0,"gold",16
"1191","Broadbalk_LMpred_BBalk_",1970,"beans","FYMNPK",105.862821875988,13.76488640567,51.6935821502111,139.046203129143,17.7868748601064,95.2749110614719,167,1670,0,0,1615,16150,0,"gold",16
"1192","Broadbalk_LMpred_BBalk_",1971,"wheat","FYMNPK",171.032857308157,25.6413008082676,105.465795066088,170.402973262712,22.5025885059312,122.033686879475,119.283725775429,1757.03463037226,0,16.4694541568963,1675.33036884807,16166.7396549724,230.952513014796,"gold",16
"1193","Broadbalk_LMpred_BBalk_",1972,"potato","FYMNPK",90.943676460626,13.1064166373486,181.040785528503,121.018086299749,15.7184556501292,197.78098953887,119.283725775429,1757.03463037226,0,16.4694541568963,1675.33036884807,16166.7396549724,230.952513014796,"gold",16
"1194","Broadbalk_LMpred_BBalk_",1973,"beans","FYMNPK",110.217291889362,13.5692281403013,48.9705120270764,140.869125785416,17.9060216156973,97.1079819485994,119.283725775429,1757.03463037226,0,16.4694541568963,1675.33036884807,16166.7396549724,230.952513014796,"gold",16
"1195","Broadbalk_LMpred_BBalk_",1974,"wheat","FYMNPK",171.134210036648,25.4201854790251,103.590544627621,167.996718480404,21.7924601215987,125.383256343035,105.018627288724,1828.70699956975,0,24.2348749002927,1660.9487893357,16234.728945501,364.291916949988,"gold",16
"1196","Broadbalk_LMpred_BBalk_",1975,"potato","FYMNPK",89.1261337458239,12.1991632286695,174.420716154235,98.5242822080284,15.0410151846641,194.775995508535,105.018627288724,1828.70699956975,0,24.2348749002927,1660.9487893357,16234.728945501,364.291916949988,"gold",16
"1197","Broadbalk_LMpred_BBalk_",1976,"beans","FYMNPK",114.571761902736,13.3735698749327,46.247441903942,140.430544483169,17.9688839891835,96.801388259246,105.018627288724,1828.70699956975,0,24.2348749002927,1660.9487893357,16234.728945501,364.291916949988,"gold",16
"1198","Broadbalk_LMpred_BBalk_",1977,"wheat","FYMNPK",171.235562765139,25.1990701497826,101.715294189153,177.075878117631,23.5747333184949,134.39423228049,99.659324326645,1900.49689390221,0,30.7549086698007,1732.11717680666,16358.6504182508,520.904395667739,"gold",16
"1199","Broadbalk_LMpred_BBalk_",1978,"potato","FYMNPK",87.3085910310204,11.2919098199904,167.800646779966,102.965202126376,16.1117469028026,210.014822461089,99.659324326645,1900.49689390221,0,30.7549086698007,1732.11717680666,16358.6504182508,520.904395667739,"gold",16
"1200","Broadbalk_LMpred_BBalk_",1979,"potato","FYMNPK",86.7027434594191,10.9894920170974,165.593956988543,85.7678287330972,15.2146629166564,199.842288866796,99.659324326645,1900.49689390221,0,30.7549086698007,1732.11717680666,16358.6504182508,520.904395667739,"gold",16
"1201","Broadbalk_LMpred_BBalk_",1980,"wheat","FYMNPK",171.336915493629,24.97795482054,99.8400437506862,162.302458736058,23.1586049645494,126.805381802125,96.3554889875299,1961.63960580409,0,27.3499186011092,1775.98193726106,16527.6366433983,619.042648186404,"gold",16
"1202","Broadbalk_LMpred_BBalk_",1982,"potato","FYMNPK",84.8852007446169,10.0822386084182,158.973887614275,90.0528227150972,15.812560012004,208.682759410917,96.3554889875299,1961.63960580409,0,27.3499186011092,1775.98193726106,16527.6366433983,619.042648186404,"gold",16
"1203","Broadbalk_LMpred_BBalk_",1983,"wheat","FYMNPK",171.43826822212,24.7568394912975,97.9647933122191,148.471609407758,23.7657657106898,116.977973178815,96.3554889875299,1961.63960580409,0,27.3499186011092,1775.98193726106,16527.6366433983,619.042648186404,"gold",16
"1204","Broadbalk_LMpred_BBalk_",1985,"potato","FYMNPK",83.067658029813,9.17498519973914,152.353818240006,78.5228972949533,15.1212952517977,186.695491654892,99.6164816694872,2022.538454781,0,28.8758462921155,1772.17239220273,16721.4954870718,687.205610032302,"gold",16
"1205","Broadbalk_LMpred_BBalk_",1986,"wheat","FYMNPK",208.670738269233,33.2910007587317,129.396544571927,219.567768022201,25.4138306701379,147.305822038717,99.6164816694872,2022.538454781,0,28.8758462921155,1772.17239220273,16721.4954870718,687.205610032302,"gold",16
"1206","Broadbalk_LMpred_BBalk_",1987,"wheat","FYMNPK",208.704522512064,33.2172956489842,128.771461092438,204.194117032224,24.9996208228702,146.155025619365,99.6164816694872,2022.538454781,0,28.8758462921155,1772.17239220273,16721.4954870718,687.205610032302,"gold",16
"1207","Broadbalk_LMpred_BBalk_",1988,"wheat","FYMNPK",208.738306754893,33.1435905392367,128.146377612949,196.629731957841,24.4219965089045,142.91635951893,100.57061053414,2073.74059507812,0,22.3903555146377,1835.01868885551,16930.9875543401,738.736064162635,"gold",16
"1208","Broadbalk_LMpred_BBalk_",1990,"potato","FYMNPK",117.169537490432,16.4181727819506,174.627370981066,106.646000064443,16.8499256067142,220.146820202572,100.57061053414,2073.74059507812,0,22.3903555146377,1835.01868885551,16930.9875543401,738.736064162635,"gold",16
"1209","Broadbalk_LMpred_BBalk_",1991,"wheat","FYMNPK",208.839659483384,32.9224752099942,126.271127174482,215.583775236681,27.7553710331185,155.409664686702,100.57061053414,2073.74059507812,0,22.3903555146377,1835.01868885551,16930.9875543401,738.736064162635,"gold",16
"1210","Broadbalk_LMpred_BBalk_",1992,"wheat","FYMNPK",208.873443726215,32.8487701002467,125.646043694993,181.989694951068,27.1285718337498,141.58523819385,100.333746106841,2124.67902972391,0,22.3701251745473,1872.00880038397,17152.9288118448,752.417308786512,"gold",16
"1211","Broadbalk_LMpred_BBalk_",1993,"wheat","FYMNPK",208.907227969045,32.7750649904992,125.020960215504,213.485539904395,28.48785698503,159.23545375282,100.333746106841,2124.67902972391,0,22.3701251745473,1872.00880038397,17152.9288118448,752.417308786512,"gold",16
"1212","Broadbalk_LMpred_BBalk_",1995,"potato","FYMNPK",114.140299632427,14.9060837674855,163.593922023952,86.9007769280894,17.6717857409645,207.197410606973,100.333746106841,2124.67902972391,0,22.3701251745473,1872.00880038397,17152.9288118448,752.417308786512,"gold",16
"1213","Broadbalk_LMpred_BBalk_",1996,"wheat","FYMNPK",209.008580697536,32.5539496612566,123.145709777036,206.614254582249,30.125044721419,155.582462685044,105.040224745807,2177.80410280153,0,24.4256982733063,1863.9172130724,17361.9169035265,715.749208907814,"gold",16
"1214","Broadbalk_LMpred_BBalk_",1997,"wheat","FYMNPK",209.042364940365,32.4802445515091,122.520626297547,215.066985955231,28.8135244290253,160.65959889484,105.040224745807,2177.80410280153,0,24.4256982733063,1863.9172130724,17361.9169035265,715.749208907814,"gold",16
"1215","Broadbalk_LMpred_BBalk_",1998,"wheat","FYMNPK",209.076149183196,32.4065394417616,121.895542818058,199.657242005327,27.859882144999,153.594705156459,105.040224745807,2177.80410280153,0,24.4256982733063,1863.9172130724,17361.9169035265,715.749208907814,"gold",16
"1216","Broadbalk_LMpred_BBalk_",1999,"oats","FYMNPK",89.4388445095146,21.0481428921515,107.979799143032,121.597216607626,20.8385094536793,119.177975023972,107.023330572335,2234.6346304408,0,26.2920308183231,1925.36104573524,17615.5425772989,860.300564213346,"gold",16
"1217","Broadbalk_LMpred_BBalk_",2000,"silage maize","FYMNPK",65.8694350192637,11.0211387508786,92.4401616559841,64.1838368521006,8.42199505186843,84.4185205666369,107.023330572335,2234.6346304408,0,26.2920308183231,1925.36104573524,17615.5425772989,860.300564213346,"gold",16
"1218","Broadbalk_LMpred_BBalk_",2001,"wheat","FYMNPK",145.218934910841,22.342135841116,54.0952747589279,134.413278365202,22.8609892466588,105.718664495281,107.023330572335,2234.6346304408,0,26.2920308183231,1925.36104573524,17615.5425772989,860.300564213346,"gold",16
"1219","Broadbalk_LMpred_BBalk_",2002,"wheat","FYMNPK",198.045832665342,31.6469004683185,82.6454239472972,152.29736322746,20.9102418370282,120.646927036514,106.601037942568,2290.58476099547,0,26.3459495749245,1958.5095666873,17887.0470495192,895.087138760472,"gold",16
"1220","Broadbalk_LMpred_BBalk_",2003,"wheat","FYMNPK",198.079616908172,31.5731953585709,82.0203404678082,150.940541564484,19.6172701925783,118.885486791209,106.601037942568,2290.58476099547,0,26.3459495749245,1958.5095666873,17887.0470495192,895.087138760472,"gold",16
"1221","Broadbalk_LMpred_BBalk_",2004,"oats","FYMNPK",77.289569074463,20.4741076246549,68.116909715937,25.6406382210802,8.64522079830347,32.960969608524,106.601037942568,2290.58476099547,0,26.3459495749245,1958.5095666873,17887.0470495192,895.087138760472,"gold",16
"1222","Broadbalk_LMpred_BBalk_",2005,"silage maize","FYMNPK",50.0225618600662,9.79471648103311,51.0110872786686,35.2022083322929,5.47993365828677,55.4682790095986,111.507873910742,2347.33059053222,0,27.6914771672036,1948.99191704801,18153.8031496244,888.738665833469,"gold",16
"1223","Broadbalk_LMpred_BBalk_",2006,"wheat","FYMNPK",198.180969636663,31.3520800293284,80.145090029341,148.617490453952,19.6320628390931,115.092673514485,111.507873910742,2347.33059053222,0,27.6914771672036,1948.99191704801,18153.8031496244,888.738665833469,"gold",16
"1224","Broadbalk_LMpred_BBalk_",2007,"wheat","FYMNPK",196.872552572387,28.5755187991026,74.3252253198772,158.645068205649,19.1380827950542,115.189420200156,111.507873910742,2347.33059053222,0,27.6914771672036,1948.99191704801,18153.8031496244,888.738665833469,"gold",16
"1225","Broadbalk_LMpred_BBalk_",2008,"wheat","FYMNPK",196.906336815217,28.5018136893551,73.7001418403878,157.645626627503,18.7636633870931,112.608794369796,115.047372366331,2398.08079602991,0,22.98772029726,1951.62597320736,18389.9298587345,825.360411697253,"gold",16
"1226","Broadbalk_LMpred_BBalk_",2009,"oats","FYMNPK",74.9635458214806,17.6620347711332,59.8090240116719,39.1226574732783,11.2824572447422,53.1950230422121,115.047372366331,2398.08079602991,0,22.98772029726,1951.62597320736,18389.9298587345,825.360411697253,"gold",16
"1227","Broadbalk_LMpred_BBalk_",2010,"silage maize","FYMNPK",43.9989408829397,6.33025662516247,41.1370166241827,37.6846954156215,5.3056892305491,53.3217650341694,115.047372366331,2398.08079602991,0,22.98772029726,1951.62597320736,18389.9298587345,825.360411697253,"gold",16
"1228","Broadbalk_LMpred_BBalk_",2011,"wheat","FYMNPK",197.007689543708,28.2806983601126,71.8248914019207,155.693868884673,19.3137472613763,115.157878204989,110.680514804443,2461.98271992122,0,10.2148634065318,2048.68509910423,18795.2397010398,638.431126275341,"gold",16
"1229","Broadbalk_LMpred_BBalk_",2012,"wheat","FYMNPK",197.041473786538,28.2069932503651,71.1998079224317,154.533573620866,18.6506631880363,111.535472902393,110.680514804443,2461.98271992122,0,10.2148634065318,2048.68509910423,18795.2397010398,638.431126275341,"gold",16
"1230","Broadbalk_LMpred_BBalk_",2013,"wheat","FYMNPK",197.075258029368,28.1332881406176,70.5747244429425,153.565152465874,18.3234479172285,109.502126872324,110.680514804443,2461.98271992122,0,10.2148634065318,2048.68509910423,18795.2397010398,638.431126275341,"gold",16
"1231","Broadbalk_LMpred_BBalk_",2014,"oats","FYMNPK",73.9797238756041,17.5528180380898,56.6959195373814,40.4790418037848,11.2639271228917,55.2818499804869,117.314444211616,2516.35159052725,0,25.9657533813237,2033.51298983944,19005.5243463285,734.923330840518,"gold",16
"1232","Broadbalk_LMpred_BBalk_",2015,"silage maize","FYMNPK",39.3175212129182,5.56865288977012,36.4577271996715,32.0228387977778,5.13664625539738,52.1256628801412,117.314444211616,2516.35159052725,0,25.9657533813237,2033.51298983944,19005.5243463285,734.923330840518,"gold",16
"1233","Broadbalk_LMpred_BBalk_",1968,"wheat","FYMNPK",170.931504579666,25.8624161375101,107.341045504555,169.503915673937,25.2415646954183,106.020588164757,117.314444211616,2516.35159052725,0,25.9657533813237,2033.51298983944,19005.5243463285,734.923330840518,"gold",16
"1234","Broadbalk_LMpred_BBalk_",1969,"potato","FYMNPK",92.761219175429,14.0136700460278,187.660854902772,111.460814217877,16.0161085458152,205.084335048537,115.448859338968,2586.29307730963,0,12.2110012300442,2127.52476540159,19378.8722007321,589.625913602645,"gold",16
"1235","Broadbalk_LMpred_BBalk_",1970,"beans","FYMNPK",105.862821875988,13.76488640567,51.6935821502111,139.046203129143,17.7868748601064,95.2749110614719,115.448859338968,2586.29307730963,0,12.2110012300442,2127.52476540159,19378.8722007321,589.625913602645,"gold",16
"1236","Broadbalk_LMpred_BBalk_",1971,"wheat","FYMNPK",171.032857308157,25.6413008082676,105.465795066088,170.402973262712,22.5025885059312,122.033686879475,115.448859338968,2586.29307730963,0,12.2110012300442,2127.52476540159,19378.8722007321,589.625913602645,"gold",16
"1237","Broadbalk_LMpred_BBalk_",1972,"potato","FYMNPK",90.943676460626,13.1064166373486,181.040785528503,121.018086299749,15.7184556501292,197.78098953887,122.309154068774,2633.92391234813,0,21.9124962099366,2118.58597065522,19575.7418715293,684.399545896927,"gold",16
"1238","Broadbalk_LMpred_BBalk_",1973,"beans","FYMNPK",110.217291889362,13.5692281403013,48.9705120270764,140.869125785416,17.9060216156973,97.1079819485994,122.309154068774,2633.92391234813,0,21.9124962099366,2118.58597065522,19575.7418715293,684.399545896927,"gold",16
"1239","Broadbalk_LMpred_BBalk_",1974,"wheat","FYMNPK",171.134210036648,25.4201854790251,103.590544627621,167.996718480404,21.7924601215987,125.383256343035,122.309154068774,2633.92391234813,0,21.9124962099366,2118.58597065522,19575.7418715293,684.399545896927,"gold",16
"1240","Broadbalk_LMpred_BBalk_",1975,"potato","FYMNPK",89.1261337458239,12.1991632286695,174.420716154235,98.5242822080284,15.0410151846641,194.775995508535,121.035395090908,2681.37270359717,0,21.7164582686244,2145.65897110859,19791.7177977329,760.224097201235,"gold",16
"1241","Broadbalk_LMpred_BBalk_",1976,"beans","FYMNPK",114.571761902736,13.3735698749327,46.247441903942,140.430544483169,17.9688839891835,96.801388259246,121.035395090908,2681.37270359717,0,21.7164582686244,2145.65897110859,19791.7177977329,760.224097201235,"gold",16
"1242","Broadbalk_LMpred_BBalk_",1977,"wheat","FYMNPK",171.235562765139,25.1990701497826,101.715294189153,177.075878117631,23.5747333184949,134.39423228049,121.035395090908,2681.37270359717,0,21.7164582686244,2145.65897110859,19791.7177977329,760.224097201235,"gold",16
"1243","Broadbalk_LMpred_BBalk_",1978,"potato","FYMNPK",87.3085910310204,11.2919098199904,167.800646779966,102.965202126376,16.1117469028026,210.014822461089,121.662883769766,2726.42059551484,0,21.2532068492262,2173.49737852489,20016.157651917,783.893209981474,"gold",16
"1244","Broadbalk_LMpred_BBalk_",1979,"potato","FYMNPK",86.7027434594191,10.9894920170974,165.593956988543,85.7678287330972,15.2146629166564,199.842288866796,121.662883769766,2726.42059551484,0,21.2532068492262,2173.49737852489,20016.157651917,783.893209981474,"gold",16
"1245","Broadbalk_LMpred_BBalk_",1980,"wheat","FYMNPK",171.336915493629,24.97795482054,99.8400437506862,162.302458736058,23.1586049645494,126.805381802125,121.662883769766,2726.42059551484,0,21.2532068492262,2173.49737852489,20016.157651917,783.893209981474,"gold",16
"1246","Broadbalk_LMpred_BBalk_",1982,"potato","FYMNPK",84.8852007446169,10.0822386084182,158.973887614275,90.0528227150972,15.812560012004,208.682759410917,122.460220349312,2776.99980666054,0,8.72902028342245,2242.77624180971,20355.5783982311,541.26494080588,"gold",16
"1247","Broadbalk_LMpred_BBalk_",1983,"wheat","FYMNPK",171.43826822212,24.7568394912975,97.9647933122191,148.471609407758,23.7657657106898,116.977973178815,122.460220349312,2776.99980666054,0,8.72902028342245,2242.77624180971,20355.5783982311,541.26494080588,"gold",16
"1248","Broadbalk_LMpred_BBalk_",1985,"potato","FYMNPK",83.067658029813,9.17498519973914,152.353818240006,78.5228972949533,15.1212952517977,186.695491654892,122.460220349312,2776.99980666054,0,8.72902028342245,2242.77624180971,20355.5783982311,541.26494080588,"gold",16
"1249","Broadbalk_LMpred_BBalk_",1986,"wheat","FYMNPK",208.670738269233,33.2910007587317,129.396544571927,219.567768022201,25.4138306701379,147.305822038717,129.015334629884,2824.05166300692,0,21.9176440497553,2210.77307147435,20545.6765141126,672.549975057246,"gold",16
"1250","Broadbalk_LMpred_BBalk_",1987,"wheat","FYMNPK",208.704522512064,33.2172956489842,128.771461092438,204.194117032224,24.9996208228702,146.155025619365,129.015334629884,2824.05166300692,0,21.9176440497553,2210.77307147435,20545.6765141126,672.549975057246,"gold",16
"1251","Broadbalk_LMpred_BBalk_",1988,"wheat","FYMNPK",208.738306754893,33.1435905392367,128.146377612949,196.629731957841,24.4219965089045,142.91635951893,129.015334629884,2824.05166300692,0,21.9176440497553,2210.77307147435,20545.6765141126,672.549975057246,"gold",16
"1252","Broadbalk_LMpred_BBalk_",1990,"potato","FYMNPK",117.169537490432,16.4181727819506,174.627370981066,106.646000064443,16.8499256067142,220.146820202572,128.333106144592,2881.87531099531,0,29.1758535135448,2239.26541350749,20777.5598344774,824.733397972586,"gold",16
"1253","Broadbalk_LMpred_BBalk_",1991,"wheat","FYMNPK",208.839659483384,32.9224752099942,126.271127174482,215.583775236681,27.7553710331185,155.409664686702,128.333106144592,2881.87531099531,0,29.1758535135448,2239.26541350749,20777.5598344774,824.733397972586,"gold",16
"1254","Broadbalk_LMpred_BBalk_",1992,"wheat","FYMNPK",208.873443726215,32.8487701002467,125.646043694993,181.989694951068,27.1285718337498,141.58523819385,128.333106144592,2881.87531099531,0,29.1758535135448,2239.26541350749,20777.5598344774,824.733397972586,"gold",16
"1255","Broadbalk_LMpred_BBalk_",1993,"wheat","FYMNPK",208.907227969045,32.7750649904992,125.020960215504,213.485539904395,28.48785698503,159.23545375282,129.804594644776,2939.32408888276,0,30.6102152921631,2277.01533164482,21027.6719936263,875.928082492444,"gold",16
"1256","Broadbalk_LMpred_BBalk_",1995,"potato","FYMNPK",114.140299632427,14.9060837674855,163.593922023952,86.9007769280894,17.6717857409645,207.197410606973,129.804594644776,2939.32408888276,0,30.6102152921631,2277.01533164482,21027.6719936263,875.928082492444,"gold",16
"1257","Broadbalk_LMpred_BBalk_",1996,"wheat","FYMNPK",209.008580697536,32.5539496612566,123.145709777036,206.614254582249,30.125044721419,155.582462685044,129.804594644776,2939.32408888276,0,30.6102152921631,2277.01533164482,21027.6719936263,875.928082492444,"gold",16
"1258","Broadbalk_LMpred_BBalk_",1997,"wheat","FYMNPK",209.042364940365,32.4802445515091,122.520626297547,215.066985955231,28.8135244290253,160.65959889484,131.903395570142,3014.17161727064,0,14.9497444585851,2353.12448432759,21482.3771478063,703.911196534571,"gold",16
"1259","Broadbalk_LMpred_BBalk_",1998,"wheat","FYMNPK",209.076149183196,32.4065394417616,121.895542818058,199.657242005327,27.859882144999,153.594705156459,131.903395570142,3014.17161727064,0,14.9497444585851,2353.12448432759,21482.3771478063,703.911196534571,"gold",16
"1260","Broadbalk_LMpred_BBalk_",1999,"oats","FYMNPK",89.4388445095146,21.0481428921515,107.979799143032,121.597216607626,20.8385094536793,119.177975023972,131.903395570142,3014.17161727064,0,14.9497444585851,2353.12448432759,21482.3771478063,703.911196534571,"gold",16
"1261","Broadbalk_LMpred_BBalk_",2000,"silage maize","FYMNPK",65.8694350192637,11.0211387508786,92.4401616559841,64.1838368521006,8.42199505186843,84.4185205666369,139.337630424586,3074.01766648899,0,31.5164346448254,2337.91671748905,21705.1371583069,781.429142265545,"gold",16
"1262","Broadbalk_LMpred_BBalk_",2001,"wheat","FYMNPK",145.218934910841,22.342135841116,54.0952747589279,134.413278365202,22.8609892466588,105.718664495281,139.337630424586,3074.01766648899,0,31.5164346448254,2337.91671748905,21705.1371583069,781.429142265545,"gold",16
"1263","Broadbalk_LMpred_BBalk_",2002,"wheat","FYMNPK",198.045832665342,31.6469004683185,82.6454239472972,152.29736322746,20.9102418370282,120.646927036514,139.337630424586,3074.01766648899,0,31.5164346448254,2337.91671748905,21705.1371583069,781.429142265545,"gold",16
"1264","Broadbalk_LMpred_BBalk_",2003,"wheat","FYMNPK",198.079616908172,31.5731953585709,82.0203404678082,150.940541564484,19.6172701925783,118.885486791209,138.53907395739,3141.14649018982,0,36.5275226897662,2367.46793757883,21942.2055084072,847.095909390356,"gold",16
"1265","Broadbalk_LMpred_BBalk_",2004,"oats","FYMNPK",77.289569074463,20.4741076246549,68.116909715937,25.6406382210802,8.64522079830347,32.960969608524,138.53907395739,3141.14649018982,0,36.5275226897662,2367.46793757883,21942.2055084072,847.095909390356,"gold",16
"1266","Broadbalk_LMpred_BBalk_",2005,"silage maize","FYMNPK",50.0225618600662,9.79471648103311,51.0110872786686,35.2022083322929,5.47993365828677,55.4682790095986,138.53907395739,3141.14649018982,0,36.5275226897662,2367.46793757883,21942.2055084072,847.095909390356,"gold",16
"1267","Broadbalk_LMpred_BBalk_",2006,"wheat","FYMNPK",198.180969636663,31.3520800293284,80.145090029341,148.617490453952,19.6320628390931,115.092673514485,139.145461541557,3192.82338490967,0,28.2133559567246,2394.34160637517,22189.2912241998,876.738925906631,"gold",16
"1268","Broadbalk_LMpred_BBalk_",2007,"wheat","FYMNPK",196.872552572387,28.5755187991026,74.3252253198772,158.645068205649,19.1380827950542,115.189420200156,139.145461541557,3192.82338490967,0,28.2133559567246,2394.34160637517,22189.2912241998,876.738925906631,"gold",16
"1269","Broadbalk_LMpred_BBalk_",2008,"wheat","FYMNPK",196.906336815217,28.5018136893551,73.7001418403878,157.645626627503,18.7636633870931,112.608794369796,139.145461541557,3192.82338490967,0,28.2133559567246,2394.34160637517,22189.2912241998,876.738925906631,"gold",16
"1270","Broadbalk_LMpred_BBalk_",2009,"oats","FYMNPK",74.9635458214806,17.6620347711332,59.8090240116719,39.1226574732783,11.2824572447422,53.1950230422121,140.598055325476,3239.42641308571,0,24.7887318517705,2425.20209355819,22432.8561778203,866.763979946586,"gold",16
"1271","Broadbalk_LMpred_BBalk_",2010,"silage maize","FYMNPK",43.9989408829397,6.33025662516247,41.1370166241827,37.6846954156215,5.3056892305491,53.3217650341694,140.598055325476,3239.42641308571,0,24.7887318517705,2425.20209355819,22432.8561778203,866.763979946586,"gold",16
"1272","Broadbalk_LMpred_BBalk_",2011,"wheat","FYMNPK",197.007689543708,28.2806983601126,71.8248914019207,155.693868884673,19.3137472613763,115.157878204989,140.598055325476,3239.42641308571,0,24.7887318517705,2425.20209355819,22432.8561778203,866.763979946586,"gold",16
"1273","Broadbalk_LMpred_BBalk_",2012,"wheat","FYMNPK",197.041473786538,28.2069932503651,71.1998079224317,154.533573620866,18.6506631880363,111.535472902393,146.378817212648,3289.9212998852,0,26.8731337114247,2477.18484158477,22686.7723246686,892.861910047783,"gold",16
"1274","Broadbalk_LMpred_BBalk_",2013,"wheat","FYMNPK",197.075258029368,28.1332881406176,70.5747244429425,153.565152465874,18.3234479172285,109.502126872324,146.378817212648,3289.9212998852,0,26.8731337114247,2477.18484158477,22686.7723246686,892.861910047783,"gold",16
"1275","Broadbalk_LMpred_BBalk_",2014,"oats","FYMNPK",73.9797238756041,17.5528180380898,56.6959195373814,40.4790418037848,11.2639271228917,55.2818499804869,146.378817212648,3289.9212998852,0,26.8731337114247,2477.18484158477,22686.7723246686,892.861910047783,"gold",16
"1276","Broadbalk_LMpred_BBalk_",2015,"silage maize","FYMNPK",39.3175212129182,5.56865288977012,36.4577271996715,32.0228387977778,5.13664625539738,52.1256628801412,157.085037214104,3345.23775165221,0,28.3263868910924,2544.20011638437,22944.239571305,882.198868045155,"gold",16
"1277","Broadbalk_LMpred_BBalk_",1968,"wheat","FYMNPK",170.931504579666,25.8624161375101,107.341045504555,169.503915673937,25.2415646954183,106.020588164757,157.085037214104,3345.23775165221,0,28.3263868910924,2544.20011638437,22944.239571305,882.198868045155,"gold",16
"1278","Broadbalk_LMpred_BBalk_",1969,"potato","FYMNPK",92.761219175429,14.0136700460278,187.660854902772,111.460814217877,16.0161085458152,205.084335048537,157.085037214104,3345.23775165221,0,28.3263868910924,2544.20011638437,22944.239571305,882.198868045155,"gold",16
"1279","Broadbalk_LMpred_BBalk_",1970,"beans","FYMNPK",105.862821875988,13.76488640567,51.6935821502111,139.046203129143,17.7868748601064,95.2749110614719,137.947662844456,3358.27612040265,0,11.5644032636463,2510.20215122351,23112.4340980163,642.283641999442,"gold",16
"1280","Broadbalk_LMpred_BBalk_",1971,"wheat","FYMNPK",171.032857308157,25.6413008082676,105.465795066088,170.402973262712,22.5025885059312,122.033686879475,137.947662844456,3358.27612040265,0,11.5644032636463,2510.20215122351,23112.4340980163,642.283641999442,"gold",16
"1281","Broadbalk_LMpred_BBalk_",1972,"potato","FYMNPK",90.943676460626,13.1064166373486,181.040785528503,121.018086299749,15.7184556501292,197.78098953887,137.947662844456,3358.27612040265,0,11.5644032636463,2510.20215122351,23112.4340980163,642.283641999442,"gold",16
"1282","Broadbalk_LMpred_BBalk_",1973,"beans","FYMNPK",110.217291889362,13.5692281403013,48.9705120270764,140.869125785416,17.9060216156973,97.1079819485994,129.326901464353,3352.87633442809,0,4.67470878127486,2473.15016880053,23206.9951944633,464.127600938877,"gold",16
"1283","Broadbalk_LMpred_BBalk_",1974,"wheat","FYMNPK",171.134210036648,25.4201854790251,103.590544627621,167.996718480404,21.7924601215987,125.383256343035,129.326901464353,3352.87633442809,0,4.67470878127486,2473.15016880053,23206.9951944633,464.127600938877,"gold",16
"1284","Broadbalk_LMpred_BBalk_",1975,"potato","FYMNPK",89.1261337458239,12.1991632286695,174.420716154235,98.5242822080284,15.0410151846641,194.775995508535,129.326901464353,3352.87633442809,0,4.67470878127486,2473.15016880053,23206.9951944633,464.127600938877,"gold",16
"1285","Broadbalk_LMpred_BBalk_",1976,"beans","FYMNPK",114.571761902736,13.3735698749327,46.247441903942,140.430544483169,17.9688839891835,96.801388259246,125.464275154786,3339.91040325726,0,1.88599606908942,2444.13416698697,23246.519730336,334.733580088567,"gold",16
"1286","Broadbalk_LMpred_BBalk_",1977,"wheat","FYMNPK",171.235562765139,25.1990701497826,101.715294189153,177.075878117631,23.5747333184949,134.39423228049,125.464275154786,3339.91040325726,0,1.88599606908942,2444.13416698697,23246.519730336,334.733580088567,"gold",16
"1287","Broadbalk_LMpred_BBalk_",1978,"potato","FYMNPK",87.3085910310204,11.2919098199904,167.800646779966,102.965202126376,16.1117469028026,210.014822461089,125.464275154786,3339.91040325726,0,1.88599606908942,2444.13416698697,23246.519730336,334.733580088567,"gold",16
"1288","Broadbalk_LMpred_BBalk_",1979,"potato","FYMNPK",86.7027434594191,10.9894920170974,165.593956988543,85.7678287330972,15.2146629166564,199.842288866796,130.744374638924,3327.04349329515,0,0.827585748768667,2486.42917657269,23257.3059192496,248.691411980672,"gold",16
"1289","Broadbalk_LMpred_BBalk_",1980,"wheat","FYMNPK",171.336915493629,24.97795482054,99.8400437506862,162.302458736058,23.1586049645494,126.805381802125,130.744374638924,3327.04349329515,0,0.827585748768667,2486.42917657269,23257.3059192496,248.691411980672,"gold",16
"1290","Broadbalk_LMpred_BBalk_",1982,"potato","FYMNPK",84.8852007446169,10.0822386084182,158.973887614275,90.0528227150972,15.812560012004,208.682759410917,130.744374638924,3327.04349329515,0,0.827585748768667,2486.42917657269,23257.3059192496,248.691411980672,"gold",16
"1291","Broadbalk_LMpred_BBalk_",1983,"wheat","FYMNPK",171.43826822212,24.7568394912975,97.9647933122191,148.471609407758,23.7657657106898,116.977973178815,135.138949685762,3317.62397471248,0,0.372595626306138,2499.5213379184,23254.2393914166,183.197499458401,"gold",16
"1292","Broadbalk_LMpred_BBalk_",1985,"potato","FYMNPK",83.067658029813,9.17498519973914,152.353818240006,78.5228972949533,15.1212952517977,186.695491654892,135.138949685762,3317.62397471248,0,0.372595626306138,2499.5213379184,23254.2393914166,183.197499458401,"gold",16
"1293","Broadbalk_LMpred_BBalk_",1986,"wheat","FYMNPK",208.670738269233,33.2910007587317,129.396544571927,219.567768022201,25.4138306701379,147.305822038717,135.138949685762,3317.62397471248,0,0.372595626306138,2499.5213379184,23254.2393914166,183.197499458401,"gold",16
"1294","Broadbalk_LMpred_BBalk_",1987,"wheat","FYMNPK",208.704522512064,33.2172956489842,128.771461092438,204.194117032224,24.9996208228702,146.155025619365,127.104979987193,3306.24807031203,0,0.150406886233232,2459.2677938898,23230.7409298739,131.85683151527,"gold",16
"1295","Broadbalk_LMpred_BBalk_",1988,"wheat","FYMNPK",208.738306754893,33.1435905392367,128.146377612949,196.629731957841,24.4219965089045,142.91635951893,127.104979987193,3306.24807031203,0,0.150406886233232,2459.2677938898,23230.7409298739,131.85683151527,"gold",16
"1296","Broadbalk_LMpred_BBalk_",1990,"potato","FYMNPK",117.169537490432,16.4181727819506,174.627370981066,106.646000064443,16.8499256067142,220.146820202572,127.104979987193,3306.24807031203,0,0.150406886233232,2459.2677938898,23230.7409298739,131.85683151527,"gold",16
"1297","Broadbalk_LMpred_BBalk_",1991,"wheat","FYMNPK",208.839659483384,32.9224752099942,126.271127174482,215.583775236681,27.7553710331185,155.409664686702,123.323208154832,3290.98162847098,0,0.060537764594345,2426.41943872263,23185.4860795981,94.7706167580134,"gold",16
"1298","Broadbalk_LMpred_BBalk_",1992,"wheat","FYMNPK",208.873443726215,32.8487701002467,125.646043694993,181.989694951068,27.1285718337498,141.58523819385,123.323208154832,3290.98162847098,0,0.060537764594345,2426.41943872263,23185.4860795981,94.7706167580134,"gold",16
"1299","Broadbalk_LMpred_BBalk_",1993,"wheat","FYMNPK",208.907227969045,32.7750649904992,125.020960215504,213.485539904395,28.48785698503,159.23545375282,123.323208154832,3290.98162847098,0,0.060537764594345,2426.41943872263,23185.4860795981,94.7706167580134,"gold",16
"1300","Broadbalk_LMpred_BBalk_",1995,"potato","FYMNPK",114.140299632427,14.9060837674855,163.593922023952,86.9007769280894,17.6717857409645,207.197410606973,121.415284084609,3274.16206963819,0,0.0243572805084865,2401.14818915123,23124.8075772727,68.1115742850321,"gold",16
"1301","Broadbalk_LMpred_BBalk_",1996,"wheat","FYMNPK",209.008580697536,32.5539496612566,123.145709777036,206.614254582249,30.125044721419,155.582462685044,121.415284084609,3274.16206963819,0,0.0243572805084865,2401.14818915123,23124.8075772727,68.1115742850321,"gold",16
"1302","Broadbalk_LMpred_BBalk_",1997,"wheat","FYMNPK",209.042364940365,32.4802445515091,122.520626297547,215.066985955231,28.8135244290253,160.65959889484,121.415284084609,3274.16206963819,0,0.0243572805084865,2401.14818915123,23124.8075772727,68.1115742850321,"gold",16
"1303","Broadbalk_LMpred_BBalk_",1998,"wheat","FYMNPK",209.076149183196,32.4065394417616,121.895542818058,199.657242005327,27.859882144999,153.594705156459,125.363055505391,3258.94576949695,0,0.0104287562302946,2429.89171751175,23060.8569396897,50.1236604653132,"gold",16
"1304","Broadbalk_LMpred_BBalk_",1999,"oats","FYMNPK",89.4388445095146,21.0481428921515,107.979799143032,121.597216607626,20.8385094536793,119.177975023972,125.363055505391,3258.94576949695,0,0.0104287562302946,2429.89171751175,23060.8569396897,50.1236604653132,"gold",16
"1305","Broadbalk_LMpred_BBalk_",2000,"silage maize","FYMNPK",65.8694350192637,11.0211387508786,92.4401616559841,64.1838368521006,8.42199505186843,84.4185205666369,125.363055505391,3258.94576949695,0,0.0104287562302946,2429.89171751175,23060.8569396897,50.1236604653132,"gold",16
"1306","Broadbalk_LMpred_BBalk_",2001,"wheat","FYMNPK",145.218934910841,22.342135841116,54.0952747589279,134.413278365202,22.8609892466588,105.718664495281,131.102515173221,3247.90635549016,0,0.0046938646429339,2449.27371605499,23001.3897164074,36.887120170209,"gold",16
"1307","Broadbalk_LMpred_BBalk_",2002,"wheat","FYMNPK",198.045832665342,31.6469004683185,82.6454239472972,152.29736322746,20.9102418370282,120.646927036514,131.102515173221,3247.90635549016,0,0.0046938646429339,2449.27371605499,23001.3897164074,36.887120170209,"gold",16
"1308","Broadbalk_LMpred_BBalk_",2003,"wheat","FYMNPK",198.079616908172,31.5731953585709,82.0203404678082,150.940541564484,19.6172701925783,118.885486791209,131.102515173221,3247.90635549016,0,0.0046938646429339,2449.27371605499,23001.3897164074,36.887120170209,"gold",16
"1309","Broadbalk_LMpred_BBalk_",2004,"oats","FYMNPK",77.289569074463,20.4741076246549,68.116909715937,25.6406382210802,8.64522079830347,32.960969608524,123.768360862487,3235.92956557452,0,0.0018908296463746,2408.88548225283,22937.0407497263,26.4664424484591,"gold",16
"1310","Broadbalk_LMpred_BBalk_",2005,"silage maize","FYMNPK",50.0225618600662,9.79471648103311,51.0110872786686,35.2022083322929,5.47993365828677,55.4682790095986,123.768360862487,3235.92956557452,0,0.0018908296463746,2408.88548225283,22937.0407497263,26.4664424484591,"gold",16
"1311","Broadbalk_LMpred_BBalk_",2006,"wheat","FYMNPK",198.180969636663,31.3520800293284,80.145090029341,148.617490453952,19.6320628390931,115.092673514485,123.768360862487,3235.92956557452,0,0.0018908296463746,2408.88548225283,22937.0407497263,26.4664424484591,"gold",16
"1312","Broadbalk_LMpred_BBalk_",2007,"wheat","FYMNPK",196.872552572387,28.5755187991026,74.3252253198772,158.645068205649,19.1380827950542,115.189420200156,120.441732420148,3220.60666059736,0,0.00076106110401072,2379.24148407682,22862.6136242639,19.002093184448,"gold",16
"1313","Broadbalk_LMpred_BBalk_",2008,"wheat","FYMNPK",196.906336815217,28.5018136893551,73.7001418403878,157.645626627503,18.7636633870931,112.608794369796,120.441732420148,3220.60666059736,0,0.00076106110401072,2379.24148407682,22862.6136242639,19.002093184448,"gold",16
"1314","Broadbalk_LMpred_BBalk_",2009,"oats","FYMNPK",74.9635458214806,17.6620347711332,59.8090240116719,39.1226574732783,11.2824572447422,53.1950230422121,120.441732420148,3220.60666059736,0,0.00076106110401072,2379.24148407682,22862.6136242639,19.002093184448,"gold",16
"1315","Broadbalk_LMpred_BBalk_",2010,"silage maize","FYMNPK",43.9989408829397,6.33025662516247,41.1370166241827,37.6846954156215,5.3056892305491,53.3217650341694,118.724513978066,3204.0008859484,0,0.000306234919677589,2356.17459075592,22781.5344950979,13.6459887990187,"gold",16
"1316","Broadbalk_LMpred_BBalk_",2011,"wheat","FYMNPK",197.007689543708,28.2806983601126,71.8248914019207,155.693868884673,19.3137472613763,115.157878204989,118.724513978066,3204.0008859484,0,0.000306234919677589,2356.17459075592,22781.5344950979,13.6459887990187,"gold",16
"1317","Broadbalk_LMpred_BBalk_",2012,"wheat","FYMNPK",197.041473786538,28.2069932503651,71.1998079224317,154.533573620866,18.6506631880363,111.535472902393,118.724513978066,3204.0008859484,0,0.000306234919677589,2356.17459075592,22781.5344950979,13.6459887990187,"gold",16
"1318","Broadbalk_LMpred_BBalk_",2013,"wheat","FYMNPK",197.075258029368,28.1332881406176,70.5747244429425,153.565152465874,18.3234479172285,109.502126872324,122.475457166952,3188.98619101291,0,0.000130858631940522,2383.21760965766,22702.8306473241,10.0249676905622,"gold",16
"1319","Broadbalk_LMpred_BBalk_",2014,"oats","FYMNPK",73.9797238756041,17.5528180380898,56.6959195373814,40.4790418037848,11.2639271228917,55.2818499804869,122.475457166952,3188.98619101291,0,0.000130858631940522,2383.21760965766,22702.8306473241,10.0249676905622,"gold",16
"1320","Broadbalk_LMpred_BBalk_",2015,"silage maize","FYMNPK",39.3175212129182,5.56865288977012,36.4577271996715,32.0228387977778,5.13664625539738,52.1256628801412,122.475457166952,3188.98619101291,0,0.000130858631940522,2383.21760965766,22702.8306473241,10.0249676905622,"gold",16
"1321","Broadbalk_LMpred_BBalk_",1968,"wheat","FYM",128.985968468337,25.8800130340887,109.685445159839,127.706578748035,22.1158718176962,99.8124799732299,115.312816054364,3006.99847660401,0,29.797727724775,1468.39277571206,14326.1163691795,901.088863261023,"black",17
"1322","Broadbalk_LMpred_BBalk_",1969,"potato","FYM",100.495647159491,22.3310095917153,238.821046736872,104.262088468602,16.2215170262459,211.080350711505,115.312816054364,3006.99847660401,0,29.797727724775,1468.39277571206,14326.1163691795,901.088863261023,"black",17
"1323","Broadbalk_LMpred_BBalk_",1970,"beans","FYM",134.619600542649,16.8425774770987,75.8928941073555,139.501908480008,17.8852044756854,95.9210014057499,115.312816054364,3006.99847660401,0,29.797727724775,1468.39277571206,14326.1163691795,901.088863261023,"black",17
"1324","Broadbalk_LMpred_BBalk_",1971,"wheat","FYM",129.087321196828,25.6588977048462,107.810194721371,131.334645355097,22.5623803443796,102.111806826215,113.755313986411,3033.49253572693,0,28.7746738521098,1472.42540346114,14561.8972243396,885.506025378641,"black",17
"1325","Broadbalk_LMpred_BBalk_",1972,"potato","FYM",98.6781044446872,21.4237561830362,232.200977362603,116.697947210945,16.7958225841865,215.001965405756,113.755313986411,3033.49253572693,0,28.7746738521098,1472.42540346114,14561.8972243396,885.506025378641,"black",17
"1326","Broadbalk_LMpred_BBalk_",1973,"beans","FYM",138.974070556023,16.6469192117301,73.1698239842208,139.972493635396,17.9399499655941,96.3104702740651,113.755313986411,3033.49253572693,0,28.7746738521098,1472.42540346114,14561.8972243396,885.506025378641,"black",17
"1327","Broadbalk_LMpred_BBalk_",1974,"wheat","FYM",129.188673925319,25.4377823756037,105.934944282904,130.613496347461,21.8156109449821,101.761018098766,116.588316949707,3059.90566778,0,29.495821809496,1424.18851744908,14767.5218104284,819.069424590398,"black",17
"1328","Broadbalk_LMpred_BBalk_",1975,"potato","FYM",96.8605617298851,20.5165027743571,225.580907988335,93.8425008884316,15.686318935217,207.857855538493,116.588316949707,3059.90566778,0,29.495821809496,1424.18851744908,14767.5218104284,819.069424590398,"black",17
"1329","Broadbalk_LMpred_BBalk_",1976,"beans","FYM",143.328540569397,16.4512609463614,70.4467538610863,138.181423323254,17.7135735230822,95.213381310537,116.588316949707,3059.90566778,0,29.495821809496,1424.18851744908,14767.5218104284,819.069424590398,"black",17
"1330","Broadbalk_LMpred_BBalk_",1977,"wheat","FYM",129.290026653809,25.2166670463612,104.059693844437,141.052572058587,23.2049682065495,109.666197865701,117.929568011684,3092.71560699877,0,33.196927053061,1453.0090645565,14968.4151277456,850.411808759995,"black",17
"1331","Broadbalk_LMpred_BBalk_",1978,"potato","FYM",95.0430190150825,19.6092493656779,218.960838614066,99.3307177791226,16.4735577097126,217.943444313097,117.929568011684,3092.71560699877,0,33.196927053061,1453.0090645565,14968.4151277456,850.411808759995,"black",17
"1332","Broadbalk_LMpred_BBalk_",1979,"potato","FYM",94.4371714434812,19.3068315627849,216.754148822643,82.0934878139374,15.3507617805348,196.104117699279,117.929568011684,3092.71560699877,0,33.196927053061,1453.0090645565,14968.4151277456,850.411808759995,"black",17
"1333","Broadbalk_LMpred_BBalk_",1980,"wheat","FYM",129.3913793823,24.9955517171186,102.18444340597,127.216634818145,22.1078656111219,99.6747831960036,116.653267167889,3117.88895496283,0,28.6739745884199,1477.32926544501,15174.0411492863,861.376704504551,"black",17
"1334","Broadbalk_LMpred_BBalk_",1982,"potato","FYM",92.6196287286782,18.3995781541058,210.134079448375,88.0307941468254,16.5157355640295,210.703779177888,116.653267167889,3117.88895496283,0,28.6739745884199,1477.32926544501,15174.0411492863,861.376704504551,"black",17
"1335","Broadbalk_LMpred_BBalk_",1983,"wheat","FYM",129.492732110791,24.7744363878761,100.309192967502,114.259096067348,22.2857109360972,89.4110492199547,116.653267167889,3117.88895496283,0,28.6739745884199,1477.32926544501,15174.0411492863,861.376704504551,"black",17
"1336","Broadbalk_LMpred_BBalk_",1985,"potato","FYM",90.8020860138751,17.4923247454267,203.514010074106,77.6712716938479,15.670437394402,184.108104265876,119.571480010586,3143.76850586681,0,29.4846132575576,1444.55319367606,15372.5756743044,846.609535849673,"black",17
"1337","Broadbalk_LMpred_BBalk_",1986,"wheat","FYM",120.344118581725,25.7976945673045,75.893685281037,136.890981011438,23.2707163582044,106.880421084381,119.571480010586,3143.76850586681,0,29.4846132575576,1444.55319367606,15372.5756743044,846.609535849673,"black",17
"1338","Broadbalk_LMpred_BBalk_",1987,"wheat","FYM",120.377902824555,25.723989457557,75.268601801548,121.369179854624,22.0732229414148,95.1407904265511,119.571480010586,3143.76850586681,0,29.4846132575576,1444.55319367606,15372.5756743044,846.609535849673,"black",17
"1339","Broadbalk_LMpred_BBalk_",1988,"wheat","FYM",120.411687067385,25.6502843478095,74.643518322059,114.517751271975,21.2063087567771,89.6364956250372,120.080252830964,3160.5143456898,0,22.8668506485869,1485.13358035814,15561.5143784096,851.756774788277,"black",17
"1340","Broadbalk_LMpred_BBalk_",1990,"potato","FYM",78.5228818983134,17.2246092396324,169.940303868994,90.2224234133574,16.5200342746279,215.358567543334,120.080252830964,3160.5143456898,0,22.8668506485869,1485.13358035814,15561.5143784096,851.756774788277,"black",17
"1341","Broadbalk_LMpred_BBalk_",1991,"wheat","FYM",120.513039795876,25.429169018567,72.7682678835915,136.463845061809,24.6014193985421,107.128397555955,120.080252830964,3160.5143456898,0,22.8668506485869,1485.13358035814,15561.5143784096,851.756774788277,"black",17
"1342","Broadbalk_LMpred_BBalk_",1992,"wheat","FYM",120.546824038706,25.3554639088195,72.1431844041025,101.870094941618,21.8700944394457,79.4960763463409,118.789230211012,3177.52106278647,0,22.8093452268901,1517.4605507591,15749.8997582067,837.279276491483,"black",17
"1343","Broadbalk_LMpred_BBalk_",1993,"wheat","FYM",120.580608281536,25.281758799072,71.5181009246134,135.979496491661,24.8341942299602,106.842252911754,118.789230211012,3177.52106278647,0,22.8093452268901,1517.4605507591,15749.8997582067,837.279276491483,"black",17
"1344","Broadbalk_LMpred_BBalk_",1995,"potato","FYM",75.4936440403091,15.7125202251673,158.90685491188,73.6639389060866,16.5512761736815,173.669212837214,118.789230211012,3177.52106278647,0,22.8093452268901,1517.4605507591,15749.8997582067,837.279276491483,"black",17
"1345","Broadbalk_LMpred_BBalk_",1996,"wheat","FYM",120.681961010027,25.0606434698294,69.642850486146,131.247532265828,25.742416273544,103.004591375602,121.988950922399,3196.70523929112,0,24.667269075643,1488.70645333831,15913.3866872425,763.692989338015,"black",17
"1346","Broadbalk_LMpred_BBalk_",1997,"wheat","FYM",120.715745252857,24.9869383600819,69.017767006657,141.773069018563,25.0692044365236,111.517159506517,121.988950922399,3196.70523929112,0,24.667269075643,1488.70645333831,15913.3866872425,763.692989338015,"black",17
"1347","Broadbalk_LMpred_BBalk_",1998,"wheat","FYM",120.749529495688,24.9132332503344,68.3926835271679,126.818090723488,23.594042685322,99.4811805473142,121.988950922399,3196.70523929112,0,24.667269075643,1488.70645333831,15913.3866872425,763.692989338015,"black",17
"1348","Broadbalk_LMpred_BBalk_",1999,"oats","FYM",103.651839321827,23.9112887047736,96.6727301087158,95.579416418938,19.0037482550327,109.673509293542,122.95528497497,3219.73928425633,0,26.602166534776,1534.95675173339,16110.5737632678,891.464483607112,"black",17
"1349","Broadbalk_LMpred_BBalk_",2000,"silage maize","FYM",63.3135376863527,11.1841822026255,68.8761740314148,48.9301915976988,7.66523318286568,77.6589153243366,122.95528497497,3219.73928425633,0,26.602166534776,1534.95675173339,16110.5737632678,891.464483607112,"black",17
"1350","Broadbalk_LMpred_BBalk_",2001,"wheat","FYM",53.8282810366868,12.2675676958761,26.2646692841074,54.848321297947,12.8620777205903,41.8786570383582,122.95528497497,3219.73928425633,0,26.602166534776,1534.95675173339,16110.5737632678,891.464483607112,"black",17
"1351","Broadbalk_LMpred_BBalk_",2002,"wheat","FYM",92.7129561033021,21.3412813170738,50.0212238351886,96.4545195388846,22.0148840094,75.1636156311097,121.277362495721,3242.25636791223,0,26.7145271515726,1568.48145688685,16322.5974829034,920.083660952283,"black",17
"1352","Broadbalk_LMpred_BBalk_",2003,"wheat","FYM",92.7467403461324,21.2675762073263,49.3961403556995,101.369219825969,22.5639366041975,79.0954997848538,121.277362495721,3242.25636791223,0,26.7145271515726,1568.48145688685,16322.5974829034,920.083660952283,"black",17
"1353","Broadbalk_LMpred_BBalk_",2004,"oats","FYM",74.4963070122438,20.5249404774595,77.6884998604028,75.3480851674223,20.1750361990029,107.159086464657,121.277362495721,3242.25636791223,0,26.7145271515726,1568.48145688685,16322.5974829034,920.083660952283,"black",17
"1354","Broadbalk_LMpred_BBalk_",2005,"silage maize","FYM",30.4604076526245,7.14544697296255,48.325758832881,27.4978319119308,7.30271298848463,63.2044030827092,124.536837807679,3265.45927723613,0,27.8885248060012,1544.39529187789,16525.8323609583,893.896303593291,"black",17
"1355","Broadbalk_LMpred_BBalk_",2006,"wheat","FYM",92.8480930746232,21.0464608780838,47.5208899172323,89.3023018925684,21.0804906227945,69.4418415140521,124.536837807679,3265.45927723613,0,27.8885248060012,1544.39529187789,16525.8323609583,893.896303593291,"black",17
"1356","Broadbalk_LMpred_BBalk_",2007,"wheat","FYM",104.337013871267,21.882260604604,52.419937784076,99.1408882805337,22.3552901535896,77.3127106244257,124.536837807679,3265.45927723613,0,27.8885248060012,1544.39529187789,16525.8323609583,893.896303593291,"black",17
"1357","Broadbalk_LMpred_BBalk_",2008,"wheat","FYM",104.370798114097,21.8085554948565,51.7948543045867,86.1716659749307,20.1018498066773,66.9373328765551,126.66721556917,3282.55384115951,0,23.1134313406015,1538.85162934434,16693.811264787,820.581744598895,"black",17
"1358","Broadbalk_LMpred_BBalk_",2009,"oats","FYM",84.9676216201818,21.3252285806839,80.0995267324452,81.1792902502803,20.0767493883663,113.496397786896,126.66721556917,3282.55384115951,0,23.1134313406015,1538.85162934434,16693.811264787,820.581744598895,"black",17
"1359","Broadbalk_LMpred_BBalk_",2010,"silage maize","FYM",37.2341245364175,7.29334807383795,49.1706007547025,38.7386443888191,8.10691916435763,84.8884055062792,126.66721556917,3282.55384115951,0,23.1134313406015,1538.85162934434,16693.811264787,820.581744598895,"black",17
"1360","Broadbalk_LMpred_BBalk_",2011,"wheat","FYM",104.472150842588,21.587440165614,49.9196038661196,84.3523553341881,20.0660515775561,65.481884267353,135.443941539658,3299.3653495856,0,10.3382184114175,1687.16754917486,16980.6946314579,637.953117712994,"black",17
"1361","Broadbalk_LMpred_BBalk_",2012,"wheat","FYM",104.505935085418,21.5137350558665,49.2945203866305,107.392986515325,23.8628981682041,83.9143892122602,135.443941539658,3299.3653495856,0,10.3382184114175,1687.16754917486,16980.6946314579,637.953117712994,"black",17
"1362","Broadbalk_LMpred_BBalk_",2013,"wheat","FYM",104.539719328248,21.440029946119,48.6694369071414,113.877537058634,25.2720824336566,89.1020304040619,135.443941539658,3299.3653495856,0,10.3382184114175,1687.16754917486,16980.6946314579,637.953117712994,"black",17
"1363","Broadbalk_LMpred_BBalk_",2014,"oats","FYM",83.9837996743052,21.2160118476404,76.9864222581547,84.6536850486317,21.4596709711249,117.05621875908,132.27138234589,3327.85022608039,0,26.0764155463608,1643.12970138934,17136.6155641605,725.653753617982,"black",17
"1364","Broadbalk_LMpred_BBalk_",2015,"silage maize","FYM",32.552704866396,6.53174433844559,44.4913113301914,33.2707865168356,8.19415168622147,76.7432779923655,132.27138234589,3327.85022608039,0,26.0764155463608,1643.12970138934,17136.6155641605,725.653753617982,"black",17
"1365","Broadbalk_LMpred_BBalk_",1968,"wheat","FYM",128.985968468337,25.8800130340887,109.685445159839,127.706578748035,22.1158718176962,99.8124799732299,132.27138234589,3327.85022608039,0,26.0764155463608,1643.12970138934,17136.6155641605,725.653753617982,"black",17
"1366","Broadbalk_LMpred_BBalk_",1969,"potato","FYM",100.495647159491,22.3310095917153,238.821046736872,104.262088468602,16.2215170262459,211.080350711505,138.656309494881,3355.95521770119,0,12.3877094615208,1770.22996687276,17407.7359987511,587.062289139599,"black",17
"1367","Broadbalk_LMpred_BBalk_",1970,"beans","FYM",134.619600542649,16.8425774770987,75.8928941073555,139.501908480008,17.8852044756854,95.9210014057499,138.656309494881,3355.95521770119,0,12.3877094615208,1770.22996687276,17407.7359987511,587.062289139599,"black",17
"1368","Broadbalk_LMpred_BBalk_",1971,"wheat","FYM",129.087321196828,25.6588977048462,107.810194721371,131.334645355097,22.5623803443796,102.111806826215,138.656309494881,3355.95521770119,0,12.3877094615208,1770.22996687276,17407.7359987511,587.062289139599,"black",17
"1369","Broadbalk_LMpred_BBalk_",1972,"potato","FYM",98.6781044446872,21.4237561830362,232.200977362603,116.697947210945,16.7958225841865,215.001965405756,135.093384241593,3378.518801526,0,22.0305334955994,1728.59181685249,17555.2494457966,676.478887848509,"black",17
"1370","Broadbalk_LMpred_BBalk_",1973,"beans","FYM",138.974070556023,16.6469192117301,73.1698239842208,139.972493635396,17.9399499655941,96.3104702740651,135.093384241593,3378.518801526,0,22.0305334955994,1728.59181685249,17555.2494457966,676.478887848509,"black",17
"1371","Broadbalk_LMpred_BBalk_",1974,"wheat","FYM",129.188673925319,25.4377823756037,105.934944282904,130.613496347461,21.8156109449821,101.761018098766,135.093384241593,3378.518801526,0,22.0305334955994,1728.59181685249,17555.2494457966,676.478887848509,"black",17
"1372","Broadbalk_LMpred_BBalk_",1975,"potato","FYM",96.8605617298851,20.5165027743571,225.580907988335,93.8425008884316,15.686318935217,207.857855538493,129.806913336784,3396.85784137938,0,22.1000731888284,1750.00833073936,17719.3318158672,760.278882806653,"black",17
"1373","Broadbalk_LMpred_BBalk_",1976,"beans","FYM",143.328540569397,16.4512609463614,70.4467538610863,138.181423323254,17.7135735230822,95.213381310537,129.806913336784,3396.85784137938,0,22.1000731888284,1750.00833073936,17719.3318158672,760.278882806653,"black",17
"1374","Broadbalk_LMpred_BBalk_",1977,"wheat","FYM",129.290026653809,25.2166670463612,104.059693844437,141.052572058587,23.2049682065495,109.666197865701,129.806913336784,3396.85784137938,0,22.1000731888284,1750.00833073936,17719.3318158672,760.278882806653,"black",17
"1375","Broadbalk_LMpred_BBalk_",1978,"potato","FYM",95.0430190150825,19.6092493656779,218.960838614066,99.3307177791226,16.4735577097126,217.943444313097,128.360532927295,3411.74793719515,0,21.7948848411248,1778.25569992697,17895.2287484706,793.09619058903,"black",17
"1376","Broadbalk_LMpred_BBalk_",1979,"potato","FYM",94.4371714434812,19.3068315627849,216.754148822643,82.0934878139374,15.3507617805348,196.104117699279,128.360532927295,3411.74793719515,0,21.7948848411248,1778.25569992697,17895.2287484706,793.09619058903,"black",17
"1377","Broadbalk_LMpred_BBalk_",1980,"wheat","FYM",129.3913793823,24.9955517171186,102.18444340597,127.216634818145,22.1078656111219,99.6747831960036,128.360532927295,3411.74793719515,0,21.7948848411248,1778.25569992697,17895.2287484706,793.09619058903,"black",17
"1378","Broadbalk_LMpred_BBalk_",1982,"potato","FYM",92.6196287286782,18.3995781541058,210.134079448375,88.0307941468254,16.5157355640295,210.703779177888,140.064014414698,3419.90874233929,0,8.99864203427681,1883.12166606589,18159.5101234854,553.300094673484,"black",17
"1379","Broadbalk_LMpred_BBalk_",1983,"wheat","FYM",129.492732110791,24.7744363878761,100.309192967502,114.259096067348,22.2857109360972,89.4110492199547,140.064014414698,3419.90874233929,0,8.99864203427681,1883.12166606589,18159.5101234854,553.300094673484,"black",17
"1380","Broadbalk_LMpred_BBalk_",1985,"potato","FYM",90.8020860138751,17.4923247454267,203.514010074106,77.6712716938479,15.670437394402,184.108104265876,140.064014414698,3419.90874233929,0,8.99864203427681,1883.12166606589,18159.5101234854,553.300094673484,"black",17
"1381","Broadbalk_LMpred_BBalk_",1986,"wheat","FYM",120.344118581725,25.7976945673045,75.893685281037,136.890981011438,23.2707163582044,106.880421084381,136.772212726289,3442.19687225887,0,22.1277995284737,1814.76425302813,18310.4912962612,674.844567392077,"black",17
"1382","Broadbalk_LMpred_BBalk_",1987,"wheat","FYM",120.377902824555,25.723989457557,75.268601801548,121.369179854624,22.0732229414148,95.1407904265511,136.772212726289,3442.19687225887,0,22.1277995284737,1814.76425302813,18310.4912962612,674.844567392077,"black",17
"1383","Broadbalk_LMpred_BBalk_",1988,"wheat","FYM",120.411687067385,25.6502843478095,74.643518322059,114.517751271975,21.2063087567771,89.6364956250372,136.772212726289,3442.19687225887,0,22.1277995284737,1814.76425302813,18310.4912962612,674.844567392077,"black",17
"1384","Broadbalk_LMpred_BBalk_",1990,"potato","FYM",78.5228818983134,17.2246092396324,169.940303868994,90.2224234133574,16.5200342746279,215.358567543334,132.37049406822,3471.55700032945,0,29.7229707174203,1837.82342264747,18498.4520405935,834.665005884545,"black",17
"1385","Broadbalk_LMpred_BBalk_",1991,"wheat","FYM",120.513039795876,25.429169018567,72.7682678835915,136.463845061809,24.6014193985421,107.128397555955,132.37049406822,3471.55700032945,0,29.7229707174203,1837.82342264747,18498.4520405935,834.665005884545,"black",17
"1386","Broadbalk_LMpred_BBalk_",1992,"wheat","FYM",120.546824038706,25.3554639088195,72.1431844041025,101.870094941618,21.8700944394457,79.4960763463409,132.37049406822,3471.55700032945,0,29.7229707174203,1837.82342264747,18498.4520405935,834.665005884545,"black",17
"1387","Broadbalk_LMpred_BBalk_",1993,"wheat","FYM",120.580608281536,25.281758799072,71.5181009246134,135.979496491661,24.8341942299602,106.842252911754,132.535588354492,3500.09484268768,0,31.6331396334724,1877.39300668348,18707.9935508262,896.699835269407,"black",17
"1388","Broadbalk_LMpred_BBalk_",1995,"potato","FYM",75.4936440403091,15.7125202251673,158.90685491188,73.6639389060866,16.5512761736815,173.669212837214,132.535588354492,3500.09484268768,0,31.6331396334724,1877.39300668348,18707.9935508262,896.699835269407,"black",17
"1389","Broadbalk_LMpred_BBalk_",1996,"wheat","FYM",120.681961010027,25.0606434698294,69.642850486146,131.247532265828,25.742416273544,103.004591375602,132.535588354492,3500.09484268768,0,31.6331396334724,1877.39300668348,18707.9935508262,896.699835269407,"black",17
"1390","Broadbalk_LMpred_BBalk_",1997,"wheat","FYM",120.715745252857,24.9869383600819,69.017767006657,141.773069018563,25.0692044365236,111.517159506517,144.486832303174,3534.33904557407,0,15.3772303996621,1980.18608150804,19099.9993502673,723.091811578819,"black",17
"1391","Broadbalk_LMpred_BBalk_",1998,"wheat","FYM",120.749529495688,24.9132332503344,68.3926835271679,126.818090723488,23.594042685322,99.4811805473142,144.486832303174,3534.33904557407,0,15.3772303996621,1980.18608150804,19099.9993502673,723.091811578819,"black",17
"1392","Broadbalk_LMpred_BBalk_",1999,"oats","FYM",103.651839321827,23.9112887047736,96.6727301087158,95.579416418938,19.0037482550327,109.673509293542,144.486832303174,3534.33904557407,0,15.3772303996621,1980.18608150804,19099.9993502673,723.091811578819,"black",17
"1393","Broadbalk_LMpred_BBalk_",2000,"silage maize","FYM",63.3135376863527,11.1841822026255,68.8761740314148,48.9301915976988,7.66523318286568,77.6589153243366,142.342400163291,3569.95261877791,0,31.8755731620199,1943.87090702044,19290.6119228231,797.392800673348,"black",17
"1394","Broadbalk_LMpred_BBalk_",2001,"wheat","FYM",53.8282810366868,12.2675676958761,26.2646692841074,54.848321297947,12.8620777205903,41.8786570383582,142.342400163291,3569.95261877791,0,31.8755731620199,1943.87090702044,19290.6119228231,797.392800673348,"black",17
"1395","Broadbalk_LMpred_BBalk_",2002,"wheat","FYM",92.7129561033021,21.3412813170738,50.0212238351886,96.4545195388846,22.0148840094,75.1636156311097,142.342400163291,3569.95261877791,0,31.8755731620199,1943.87090702044,19290.6119228231,797.392800673348,"black",17
"1396","Broadbalk_LMpred_BBalk_",2003,"wheat","FYM",92.7467403461324,21.2675762073263,49.3961403556995,101.369219825969,22.5639366041975,79.0954997848538,138.17135914075,3609.41122183708,0,37.3119948518439,1965.28585598305,19493.0734965658,868.380486592432,"black",17
"1397","Broadbalk_LMpred_BBalk_",2004,"oats","FYM",74.4963070122438,20.5249404774595,77.6884998604028,75.3480851674223,20.1750361990029,107.159086464657,138.17135914075,3609.41122183708,0,37.3119948518439,1965.28585598305,19493.0734965658,868.380486592432,"black",17
"1398","Broadbalk_LMpred_BBalk_",2005,"silage maize","FYM",30.4604076526245,7.14544697296255,48.325758832881,27.4978319119308,7.30271298848463,63.2044030827092,138.17135914075,3609.41122183708,0,37.3119948518439,1965.28585598305,19493.0734965658,868.380486592432,"black",17
"1399","Broadbalk_LMpred_BBalk_",2006,"wheat","FYM",92.8480930746232,21.0464608780838,47.5208899172323,89.3023018925684,21.0804906227945,69.4418415140521,136.411948706434,3632.2906221746,0,28.9054405121203,1983.15521675414,19705.4741644657,900.855298414963,"black",17
"1400","Broadbalk_LMpred_BBalk_",2007,"wheat","FYM",104.337013871267,21.882260604604,52.419937784076,99.1408882805337,22.3552901535896,77.3127106244257,136.411948706434,3632.2906221746,0,28.9054405121203,1983.15521675414,19705.4741644657,900.855298414963,"black",17
"1401","Broadbalk_LMpred_BBalk_",2008,"wheat","FYM",104.370798114097,21.8085554948565,51.7948543045867,86.1716659749307,20.1018498066773,66.9373328765551,136.411948706434,3632.2906221746,0,28.9054405121203,1983.15521675414,19705.4741644657,900.855298414963,"black",17
"1402","Broadbalk_LMpred_BBalk_",2009,"oats","FYM",84.9676216201818,21.3252285806839,80.0995267324452,81.1792902502803,20.0767493883663,113.496397786896,136.428010212133,3649.62960825411,0,25.4472302415807,2009.12834197041,19914.3945625387,894.525794578389,"black",17
"1403","Broadbalk_LMpred_BBalk_",2010,"silage maize","FYM",37.2341245364175,7.29334807383795,49.1706007547025,38.7386443888191,8.10691916435763,84.8884055062792,136.428010212133,3649.62960825411,0,25.4472302415807,2009.12834197041,19914.3945625387,894.525794578389,"black",17
"1404","Broadbalk_LMpred_BBalk_",2011,"wheat","FYM",104.472150842588,21.587440165614,49.9196038661196,84.3523553341881,20.0660515775561,65.481884267353,136.428010212133,3649.62960825411,0,25.4472302415807,2009.12834197041,19914.3945625387,894.525794578389,"black",17
"1405","Broadbalk_LMpred_BBalk_",2012,"wheat","FYM",104.505935085418,21.5137350558665,49.2945203866305,107.392986515325,23.8628981682041,83.9143892122602,139.488679262593,3669.99829863037,0,27.2126825598344,2029.49955128137,20128.5510864551,911.49935205743,"black",17
"1406","Broadbalk_LMpred_BBalk_",2013,"wheat","FYM",104.539719328248,21.440029946119,48.6694369071414,113.877537058634,25.2720824336566,89.1020304040619,139.488679262593,3669.99829863037,0,27.2126825598344,2029.49955128137,20128.5510864551,911.49935205743,"black",17
"1407","Broadbalk_LMpred_BBalk_",2014,"oats","FYM",83.9837996743052,21.2160118476404,76.9864222581547,84.6536850486317,21.4596709711249,117.05621875908,139.488679262593,3669.99829863037,0,27.2126825598344,2029.49955128137,20128.5510864551,911.49935205743,"black",17
"1408","Broadbalk_LMpred_BBalk_",2015,"silage maize","FYM",32.552704866396,6.53174433844559,44.4913113301914,33.2707865168356,8.19415168622147,76.7432779923655,147.480468095239,3693.95970965024,0,28.4921695244465,2068.45120715808,20337.0770047488,894.600862562675,"black",17
"1409","Broadbalk_LMpred_BBalk_",1968,"wheat","FYM",128.985968468337,25.8800130340887,109.685445159839,127.706578748035,22.1158718176962,99.8124799732299,147.480468095239,3693.95970965024,0,28.4921695244465,2068.45120715808,20337.0770047488,894.600862562675,"black",17
"1410","Broadbalk_LMpred_BBalk_",1969,"potato","FYM",100.495647159491,22.3310095917153,238.821046736872,104.262088468602,16.2215170262459,211.080350711505,147.480468095239,3693.95970965024,0,28.4921695244465,2068.45120715808,20337.0770047488,894.600862562675,"black",17
"1411","Broadbalk_LMpred_BBalk_",1970,"beans","FYM",134.619600542649,16.8425774770987,75.8928941073555,139.501908480008,17.8852044756854,95.9210014057499,149.452808470545,3731.21611427215,0,35.4826068066445,2124.50264070241,20560.4809757815,925.135800947296,"black",17
"1412","Broadbalk_LMpred_BBalk_",1971,"wheat","FYM",129.087321196828,25.6588977048462,107.810194721371,131.334645355097,22.5623803443796,102.111806826215,149.452808470545,3731.21611427215,0,35.4826068066445,2124.50264070241,20560.4809757815,925.135800947296,"black",17
"1413","Broadbalk_LMpred_BBalk_",1972,"potato","FYM",98.6781044446872,21.4237561830362,232.200977362603,116.697947210945,16.7958225841865,215.001965405756,149.452808470545,3731.21611427215,0,35.4826068066445,2124.50264070241,20560.4809757815,925.135800947296,"black",17
"1414","Broadbalk_LMpred_BBalk_",1973,"beans","FYM",138.974070556023,16.6469192117301,73.1698239842208,139.972493635396,17.9399499655941,96.3104702740651,146.350397702275,3763.39225324952,0,32.8608745881449,2154.82645209457,20805.9273746918,973.493175013819,"black",17
"1415","Broadbalk_LMpred_BBalk_",1974,"wheat","FYM",129.188673925319,25.4377823756037,105.934944282904,130.613496347461,21.8156109449821,101.761018098766,146.350397702275,3763.39225324952,0,32.8608745881449,2154.82645209457,20805.9273746918,973.493175013819,"black",17
"1416","Broadbalk_LMpred_BBalk_",1975,"potato","FYM",96.8605617298851,20.5165027743571,225.580907988335,93.8425008884316,15.686318935217,207.857855538493,146.350397702275,3763.39225324952,0,32.8608745881449,2154.82645209457,20805.9273746918,973.493175013819,"black",17
"1417","Broadbalk_LMpred_BBalk_",1976,"beans","FYM",143.328540569397,16.4512609463614,70.4467538610863,138.181423323254,17.7135735230822,95.213381310537,145.291455392491,3792.27731356691,0,32.0137399763383,2181.59223058031,21040.390834224,939.349837211031,"black",17
"1418","Broadbalk_LMpred_BBalk_",1977,"wheat","FYM",129.290026653809,25.2166670463612,104.059693844437,141.052572058587,23.2049682065495,109.666197865701,145.291455392491,3792.27731356691,0,32.0137399763383,2181.59223058031,21040.390834224,939.349837211031,"black",17
"1419","Broadbalk_LMpred_BBalk_",1978,"potato","FYM",95.0430190150825,19.6092493656779,218.960838614066,99.3307177791226,16.4735577097126,217.943444313097,145.291455392491,3792.27731356691,0,32.0137399763383,2181.59223058031,21040.390834224,939.349837211031,"black",17
"1420","Broadbalk_LMpred_BBalk_",1979,"potato","FYM",94.4371714434812,19.3068315627849,216.754148822643,82.0934878139374,15.3507617805348,196.104117699279,147.517903742267,3831.8947890608,0,39.8945399336648,2192.72829077397,21280.0457218191,958.719402957538,"black",17
"1421","Broadbalk_LMpred_BBalk_",1980,"wheat","FYM",129.3913793823,24.9955517171186,102.18444340597,127.216634818145,22.1078656111219,99.6747831960036,147.517903742267,3831.8947890608,0,39.8945399336648,2192.72829077397,21280.0457218191,958.719402957538,"black",17
"1422","Broadbalk_LMpred_BBalk_",1982,"potato","FYM",92.6196287286782,18.3995781541058,210.134079448375,88.0307941468254,16.5157355640295,210.703779177888,147.517903742267,3831.8947890608,0,39.8945399336648,2192.72829077397,21280.0457218191,958.719402957538,"black",17
"1423","Broadbalk_LMpred_BBalk_",1983,"wheat","FYM",129.492732110791,24.7744363878761,100.309192967502,114.259096067348,22.2857109360972,89.4110492199547,155.227206159574,3856.99803164357,0,30.1347819451014,2231.8951972674,21496.3262670838,895.602548116715,"black",17
"1424","Broadbalk_LMpred_BBalk_",1985,"potato","FYM",90.8020860138751,17.4923247454267,203.514010074106,77.6712716938479,15.670437394402,184.108104265876,155.227206159574,3856.99803164357,0,30.1347819451014,2231.8951972674,21496.3262670838,895.602548116715,"black",17
"1425","Broadbalk_LMpred_BBalk_",1986,"wheat","FYM",120.344118581725,25.7976945673045,75.893685281037,136.890981011438,23.2707163582044,106.880421084381,155.227206159574,3856.99803164357,0,30.1347819451014,2231.8951972674,21496.3262670838,895.602548116715,"black",17
"1426","Broadbalk_LMpred_BBalk_",1987,"wheat","FYM",120.377902824555,25.723989457557,75.268601801548,121.369179854624,22.0732229414148,95.1407904265511,152.574300489208,3893.1396820398,0,34.9997465964423,2263.30788795495,21707.877402746,871.957380252951,"black",17
"1427","Broadbalk_LMpred_BBalk_",1988,"wheat","FYM",120.411687067385,25.6502843478095,74.643518322059,114.517751271975,21.2063087567771,89.6364956250372,152.574300489208,3893.1396820398,0,34.9997465964423,2263.30788795495,21707.877402746,871.957380252951,"black",17
"1428","Broadbalk_LMpred_BBalk_",1990,"potato","FYM",78.5228818983134,17.2246092396324,169.940303868994,90.2224234133574,16.5200342746279,215.358567543334,152.574300489208,3893.1396820398,0,34.9997465964423,2263.30788795495,21707.877402746,871.957380252951,"black",17
"1429","Broadbalk_LMpred_BBalk_",1991,"wheat","FYM",120.513039795876,25.429169018567,72.7682678835915,136.463845061809,24.6014193985421,107.128397555955,150.925131111972,3917.95697355082,0,29.4336657767657,2286.68983375534,21897.9647707612,802.995109125982,"black",17
"1430","Broadbalk_LMpred_BBalk_",1992,"wheat","FYM",120.546824038706,25.3554639088195,72.1431844041025,101.870094941618,21.8700944394457,79.4960763463409,150.925131111972,3917.95697355082,0,29.4336657767657,2286.68983375534,21897.9647707612,802.995109125982,"black",17
"1431","Broadbalk_LMpred_BBalk_",1993,"wheat","FYM",120.580608281536,25.281758799072,71.5181009246134,135.979496491661,24.8341942299602,106.842252911754,150.925131111972,3917.95697355082,0,29.4336657767657,2286.68983375534,21897.9647707612,802.995109125982,"black",17
"1432","Broadbalk_LMpred_BBalk_",1995,"potato","FYM",75.4936440403091,15.7125202251673,158.90685491188,73.6639389060866,16.5512761736815,173.669212837214,151.488820911322,3936.44125899991,0,25.5778497393796,2316.79267004843,22101.397205143,841.598387204753,"black",17
"1433","Broadbalk_LMpred_BBalk_",1996,"wheat","FYM",120.681961010027,25.0606434698294,69.642850486146,131.247532265828,25.742416273544,103.004591375602,151.488820911322,3936.44125899991,0,25.5778497393796,2316.79267004843,22101.397205143,841.598387204753,"black",17
"1434","Broadbalk_LMpred_BBalk_",1997,"wheat","FYM",120.715745252857,24.9869383600819,69.017767006657,141.773069018563,25.0692044365236,111.517159506517,151.488820911322,3936.44125899991,0,25.5778497393796,2316.79267004843,22101.397205143,841.598387204753,"black",17
"1435","Broadbalk_LMpred_BBalk_",1998,"wheat","FYM",120.749529495688,24.9132332503344,68.3926835271679,126.818090723488,23.594042685322,99.4811805473142,152.921925243739,3964.28013235163,0,31.605455604819,2315.01049907798,22282.6381383928,776.45453530289,"black",17
"1436","Broadbalk_LMpred_BBalk_",1999,"oats","FYM",103.651839321827,23.9112887047736,96.6727301087158,95.579416418938,19.0037482550327,109.673509293542,152.921925243739,3964.28013235163,0,31.605455604819,2315.01049907798,22282.6381383928,776.45453530289,"black",17
"1437","Broadbalk_LMpred_BBalk_",2000,"silage maize","FYM",63.3135376863527,11.1841822026255,68.8761740314148,48.9301915976988,7.66523318286568,77.6589153243366,152.921925243739,3964.28013235163,0,31.605455604819,2315.01049907798,22282.6381383928,776.45453530289,"black",17
"1438","Broadbalk_LMpred_BBalk_",2001,"wheat","FYM",53.8282810366868,12.2675676958761,26.2646692841074,54.848321297947,12.8620777205903,41.8786570383582,160.536531578446,3993.26160973448,0,32.3147502327599,2336.33551357319,22453.9480401783,759.828948292149,"black",17
"1439","Broadbalk_LMpred_BBalk_",2002,"wheat","FYM",92.7129561033021,21.3412813170738,50.0212238351886,96.4545195388846,22.0148840094,75.1636156311097,160.536531578446,3993.26160973448,0,32.3147502327599,2336.33551357319,22453.9480401783,759.828948292149,"black",17
"1440","Broadbalk_LMpred_BBalk_",2003,"wheat","FYM",92.7467403461324,21.2675762073263,49.3961403556995,101.369219825969,22.5639366041975,79.0954997848538,160.536531578446,3993.26160973448,0,32.3147502327599,2336.33551357319,22453.9480401783,759.828948292149,"black",17
"1441","Broadbalk_LMpred_BBalk_",2004,"oats","FYM",74.4963070122438,20.5249404774595,77.6884998604028,75.3480851674223,20.1750361990029,107.159086464657,158.210438630407,4022.11642263639,0,30.6157582180342,2367.36294334995,22597.0439675864,669.535403744957,"black",17
"1442","Broadbalk_LMpred_BBalk_",2005,"silage maize","FYM",30.4604076526245,7.14544697296255,48.325758832881,27.4978319119308,7.30271298848463,63.2044030827092,158.210438630407,4022.11642263639,0,30.6157582180342,2367.36294334995,22597.0439675864,669.535403744957,"black",17
"1443","Broadbalk_LMpred_BBalk_",2006,"wheat","FYM",92.8480930746232,21.0464608780838,47.5208899172323,89.3023018925684,21.0804906227945,69.4418415140521,158.210438630407,4022.11642263639,0,30.6157582180342,2367.36294334995,22597.0439675864,669.535403744957,"black",17
"1444","Broadbalk_LMpred_BBalk_",2007,"wheat","FYM",104.337013871267,21.882260604604,52.419937784076,99.1408882805337,22.3552901535896,77.3127106244257,155.942248010686,4050.34772006407,0,31.48243149925,2384.25256694407,22762.6199119326,730.630911880553,"black",17
"1445","Broadbalk_LMpred_BBalk_",2008,"wheat","FYM",104.370798114097,21.8085554948565,51.7948543045867,86.1716659749307,20.1018498066773,66.9373328765551,155.942248010686,4050.34772006407,0,31.48243149925,2384.25256694407,22762.6199119326,730.630911880553,"black",17
"1446","Broadbalk_LMpred_BBalk_",2009,"oats","FYM",84.9676216201818,21.3252285806839,80.0995267324452,81.1792902502803,20.0767493883663,113.496397786896,155.942248010686,4050.34772006407,0,31.48243149925,2384.25256694407,22762.6199119326,730.630911880553,"black",17
"1447","Broadbalk_LMpred_BBalk_",2010,"silage maize","FYM",37.2341245364175,7.29334807383795,49.1706007547025,38.7386443888191,8.10691916435763,84.8884055062792,155.743780722488,4088.85499731692,0,39.5628489203919,2398.87359568132,22934.3421921859,751.858236701622,"black",17
"1448","Broadbalk_LMpred_BBalk_",2011,"wheat","FYM",104.472150842588,21.587440165614,49.9196038661196,84.3523553341881,20.0660515775561,65.481884267353,155.743780722488,4088.85499731692,0,39.5628489203919,2398.87359568132,22934.3421921859,751.858236701622,"black",17
"1449","Broadbalk_LMpred_BBalk_",2012,"wheat","FYM",104.505935085418,21.5137350558665,49.2945203866305,107.392986515325,23.8628981682041,83.9143892122602,155.743780722488,4088.85499731692,0,39.5628489203919,2398.87359568132,22934.3421921859,751.858236701622,"black",17
"1450","Broadbalk_LMpred_BBalk_",2013,"wheat","FYM",104.539719328248,21.440029946119,48.6694369071414,113.877537058634,25.2720824336566,89.1020304040619,158.31724361869,4123.58546399482,0,38.4108472223293,2396.46183373151,23096.412174066,731.432820569143,"black",17
"1451","Broadbalk_LMpred_BBalk_",2014,"oats","FYM",83.9837996743052,21.2160118476404,76.9864222581547,84.6536850486317,21.4596709711249,117.05621875908,158.31724361869,4123.58546399482,0,38.4108472223293,2396.46183373151,23096.412174066,731.432820569143,"black",17
"1452","Broadbalk_LMpred_BBalk_",2015,"silage maize","FYM",32.552704866396,6.53174433844559,44.4913113301914,33.2707865168356,8.19415168622147,76.7432779923655,158.31724361869,4123.58546399482,0,38.4108472223293,2396.46183373151,23096.412174066,731.432820569143,"black",17
