"","time","P_labile","P_stable","P_labile_placed","P_labile_FYM","K_labile","K_stable","K_labile_FYM","N_up","P_up","K_up","PIN","POUT","KIN","KOUT","P_up_labile","P_up_labile_placed","P_up_labile_FYM"
"1",1968,51.966121955548,1410.99359448157,0,0,357.084088348472,3689.67203988136,0,0,0,0,0,0,0,0,8.11889833231128,0,0
"2",1968,51.966121955548,1410.99359448157,0,0,357.084088348472,3689.67203988136,0,0,0,0,0,0,0,0,8.11889833231128,0,0
"3",1968,51.966121955548,1410.99359448157,0,0,357.084088348472,3689.67203988136,0,0,0,0,0,0,0,0,8.11889833231128,0,0
"4",1968.00273972603,51.964950094569,1410.9725230344,0,0,357.076226284604,3689.61406071147,0,0.283506767861417,0.0222433081515409,0.0658412337612877,0,0.0222433081515409,0,0.0658412337612877,8.11871533705423,0,0
"5",1968.00273972603,51.964950094569,1410.9725230344,0,0,357.076226284604,3689.61406071147,0,0.283506767861417,0.0222433081515409,0.0658412337612877,0,0.0222433081515409,0,0.0658412337612877,8.11871533705423,0,0
"6",1968.00273972603,51.964950094569,1410.9725230344,0,0,357.076226284604,3689.61406071147,0,0.283506767861417,0.0222433081515409,0.0658412337612877,0,0.0222433081515409,0,0.0658412337612877,8.11871533705423,0,0
"7",1968.00273972603,51.964950094569,1410.9725230344,0,0,357.076226284604,3689.61406071147,0,0.283506767861417,0.0222433081515409,0.0658412337612877,0,0.0222433081515409,0,0.0658412337612877,8.11871533705423,0,0
"8",1968.00273972603,51.964950094569,1410.9725230344,0,0,357.076226284604,3689.61406071147,0,0.283506767861417,0.0222433081515409,0.0658412337612877,0,0.0222433081515409,0,0.0658412337612877,8.11871533705423,0,0
"9",1968.00273972603,51.964950094569,1410.9725230344,0,0,357.076226284604,3689.61406071147,0,0.283506767861417,0.0222433081515409,0.0658412337612877,0,0.0222433081515409,0,0.0658412337612877,8.11871533705423,0,0
"10",1968.20273972603,51.8819637449689,1409.43307750524,0,0,356.508328464196,3685.37941621389,0,20.9766812855092,1.64467518691252,4.86838355174668,0,1.64467518691252,0,4.86838355174668,8.10570978343452,0,0
"11",1968.20273972603,51.8819637449689,1409.43307750524,0,0,356.508328464196,3685.37941621389,0,20.9766812855092,1.64467518691252,4.86838355174668,0,1.64467518691252,0,4.86838355174668,8.10570978343452,0,0
"12",1968.20273972603,51.8819637449689,1409.43307750524,0,0,356.508328464196,3685.37941621389,0,20.9766812855092,1.64467518691252,4.86838355174668,0,1.64467518691252,0,4.86838355174668,8.10570978343452,0,0
"13",1968.20273972603,51.8819637449689,1409.43307750524,0,0,356.508328464196,3685.37941621389,0,20.9766812855092,1.64467518691252,4.86838355174668,0,1.64467518691252,0,4.86838355174668,8.10570978343452,0,0
"14",1968.20273972603,51.8819637449689,1409.43307750524,0,0,356.508328464196,3685.37941621389,0,20.9766812855092,1.64467518691252,4.86838355174668,0,1.64467518691252,0,4.86838355174668,8.10570978343452,0,0
"15",1968.20273972603,51.8819637449689,1409.43307750524,0,0,356.508328464196,3685.37941621389,0,20.9766812855092,1.64467518691252,4.86838355174668,0,1.64467518691252,0,4.86838355174668,8.10570978343452,0,0
"16",1968.20273972603,51.8819637449689,1409.43307750524,0,0,356.508328464196,3685.37941621389,0,20.9766812855092,1.64467518691252,4.86838355174668,0,1.64467518691252,0,4.86838355174668,8.10570978343452,0,0
"17",1969,51.5889599352221,1403.28276548982,0,0,354.349381167244,3668.46703408798,0,103.412034300446,8.08799101207789,23.9397129746092,0,8.08799101207789,0,23.9397129746092,5.45612583777795,0,0
"18",1969,51.5889599352221,1403.28276548982,0,0,354.349381167244,3668.46703408798,0,0,0,0,0,8.08799101207789,0,23.9397129746092,5.45612583777795,0,0
"19",1969,51.5889599352221,1403.28276548982,0,0,354.349381167244,3668.46703408798,0,0,0,0,0,8.08799101207789,0,23.9397129746092,5.45612583777795,0,0
"20",1969.00273972603,51.5951527087291,1403.26162353284,0,0,354.246575896363,3668.4088178865,0,0.18634988103847,0.0149491834773917,0.161021472362214,0,8.10294019555528,0,24.1007344469714,5.4567807947994,0,0
"21",1969.00273972603,51.5951527087291,1403.26162353284,0,0,354.246575896363,3668.4088178865,0,0.18634988103847,0.0149491834773917,0.161021472362214,0,8.10294019555528,0,24.1007344469714,5.4567807947994,0,0
"22",1969.00273972603,51.5951527087291,1403.26162353284,0,0,354.246575896363,3668.4088178865,0,0.18634988103847,0.0149491834773917,0.161021472362214,0,8.10294019555528,0,24.1007344469714,5.4567807947994,0,0
"23",1969.00273972603,51.5951527087291,1403.26162353284,0,0,354.246575896363,3668.4088178865,0,0.18634988103847,0.0149491834773917,0.161021472362214,0,8.10294019555528,0,24.1007344469714,5.4567807947994,0,0
"24",1969.00273972603,51.5951527087291,1403.26162353284,0,0,354.246575896363,3668.4088178865,0,0.18634988103847,0.0149491834773917,0.161021472362214,0,8.10294019555528,0,24.1007344469714,5.4567807947994,0,0
"25",1969.00273972603,51.5951527087291,1403.26162353284,0,0,354.246575896363,3668.4088178865,0,0.18634988103847,0.0149491834773917,0.161021472362214,0,8.10294019555528,0,24.1007344469714,5.4567807947994,0,0
"26",1969.20273972603,52.0050302454832,1401.75591234778,0,0,346.978686956393,3663.96144079839,0,13.8402660267124,1.11078283178511,11.8762875004394,0,9.198773843863,0,35.8160004750486,5.5001300583127,0,0
"27",1969.20273972603,52.0050302454832,1401.75591234778,0,0,346.978686956393,3663.96144079839,0,13.8402660267124,1.11078283178511,11.8762875004394,0,9.198773843863,0,35.8160004750486,5.5001300583127,0,0
"28",1969.20273972603,52.0050302454832,1401.75591234778,0,0,346.978686956393,3663.96144079839,0,13.8402660267124,1.11078283178511,11.8762875004394,0,9.198773843863,0,35.8160004750486,5.5001300583127,0,0
"29",1969.20273972603,52.0050302454832,1401.75591234778,0,0,346.978686956393,3663.96144079839,0,13.8402660267124,1.11078283178511,11.8762875004394,0,9.198773843863,0,35.8160004750486,5.5001300583127,0,0
"30",1969.20273972603,52.0050302454832,1401.75591234778,0,0,346.978686956393,3663.96144079839,0,13.8402660267124,1.11078283178511,11.8762875004394,0,9.198773843863,0,35.8160004750486,5.5001300583127,0,0
"31",1969.20273972603,52.0050302454832,1401.75591234778,0,0,346.978686956393,3663.96144079839,0,13.8402660267124,1.11078283178511,11.8762875004394,0,9.198773843863,0,35.8160004750486,5.5001300583127,0,0
"32",1969.20273972603,52.0050302454832,1401.75591234778,0,0,346.978686956393,3663.96144079839,0,13.8402660267124,1.11078283178511,11.8762875004394,0,9.198773843863,0,35.8160004750486,5.5001300583127,0,0
"33",1970,53.0141017443251,1396.31350040702,0,0,322.330085007026,3642.81861495031,0,68.9752622915533,5.5441232736984,57.6677152978873,0,13.6321142857763,0,81.6074282724965,7.91383234553245,0,0
"34",1970,53.0141017443251,1396.31350040702,0,0,322.330085007026,3642.81861495031,0,0,0,0,0,13.6321142857763,0,81.6074282724965,7.91383234553245,0,0
"35",1970,53.0141017443251,1396.31350040702,0,0,322.330085007026,3642.81861495031,0,0,0,0,0,13.6321142857763,0,81.6074282724965,7.91383234553245,0,0
"36",1970.00273972603,53.0099804963415,1396.29594009199,0,0,322.352533560651,3642.73777535546,0,0.275539903027077,0.0216815630183116,0.0583910412291684,0,13.6537958487946,0,81.6658193137257,7.91370818057165,0,0
"37",1970.00273972603,53.0099804963415,1396.29594009199,0,0,322.352533560651,3642.73777535546,0,0.275539903027077,0.0216815630183116,0.0583910412291684,0,13.6537958487946,0,81.6658193137257,7.91370818057165,0,0
"38",1970.00273972603,53.0099804963415,1396.29594009199,0,0,322.352533560651,3642.73777535546,0,0.275539903027077,0.0216815630183116,0.0583910412291684,0,13.6537958487946,0,81.6658193137257,7.91370818057165,0,0
"39",1970.00273972603,53.0099804963415,1396.29594009199,0,0,322.352533560651,3642.73777535546,0,0.275539903027077,0.0216815630183116,0.0583910412291684,0,13.6537958487946,0,81.6658193137257,7.91370818057165,0,0
"40",1970.00273972603,53.0099804963415,1396.29594009199,0,0,322.352533560651,3642.73777535546,0,0.275539903027077,0.0216815630183116,0.0583910412291684,0,13.6537958487946,0,81.6658193137257,7.91370818057165,0,0
"41",1970.00273972603,53.0099804963415,1396.29594009199,0,0,322.352533560651,3642.73777535546,0,0.275539903027077,0.0216815630183116,0.0583910412291684,0,13.6537958487946,0,81.6658193137257,7.91370818057165,0,0
"42",1970.20273972603,52.7277858828006,1394.99627114139,0,0,323.914926254863,3636.90219122986,0,20.4120490888986,1.60354512716004,4.33158247261175,0,15.2356594129363,0,85.9390107451083,7.90506488684755,0,0
"43",1970.20273972603,52.7277858828006,1394.99627114139,0,0,323.914926254863,3636.90219122986,0,20.4120490888986,1.60354512716004,4.33158247261175,0,15.2356594129363,0,85.9390107451083,7.90506488684755,0,0
"44",1970.20273972603,52.7277858828006,1394.99627114139,0,0,323.914926254863,3636.90219122986,0,20.4120490888986,1.60354512716004,4.33158247261175,0,15.2356594129363,0,85.9390107451083,7.90506488684755,0,0
"45",1970.20273972603,52.7277858828006,1394.99627114139,0,0,323.914926254863,3636.90219122986,0,20.4120490888986,1.60354512716004,4.33158247261175,0,15.2356594129363,0,85.9390107451083,7.90506488684755,0,0
"46",1970.20273972603,52.7277858828006,1394.99627114139,0,0,323.914926254863,3636.90219122986,0,20.4120490888986,1.60354512716004,4.33158247261175,0,15.2356594129363,0,85.9390107451083,7.90506488684755,0,0
"47",1970.20273972603,52.7277858828006,1394.99627114139,0,0,323.914926254863,3636.90219122986,0,20.4120490888986,1.60354512716004,4.33158247261175,0,15.2356594129363,0,85.9390107451083,7.90506488684755,0,0
"48",1970.20273972603,52.7277858828006,1394.99627114139,0,0,323.914926254863,3636.90219122986,0,20.4120490888986,1.60354512716004,4.33158247261175,0,15.2356594129363,0,85.9390107451083,7.90506488684755,0,0
"49",1971,51.885841877276,1389.54758911734,0,0,328.820441512663,3614.78432873403,0,101.046724065992,7.89417115672647,21.5439297106485,0,21.5262854425027,0,103.151357983145,7.97632386047485,0,0
"50",1971,51.885841877276,1389.54758911734,0,0,328.820441512663,3614.78432873403,0,0,0,0,0,21.5262854425027,0,103.151357983145,7.97632386047485,0,0
"51",1971,51.885841877276,1389.54758911734,0,0,328.820441512663,3614.78432873403,0,0,0,0,0,21.5262854425027,0,103.151357983145,7.97632386047485,0,0
"52",1971.00273972603,51.8832702163321,1389.52830817434,0,0,328.832520581387,3614.71111564075,0,0.276905569193457,0.0218526039514184,0.0611340245514984,0,21.5481380464542,0,103.212492007697,7.97607508405886,0,0
"53",1971.00273972603,51.8832702163321,1389.52830817434,0,0,328.832520581387,3614.71111564075,0,0.276905569193457,0.0218526039514184,0.0611340245514984,0,21.5481380464542,0,103.212492007697,7.97607508405886,0,0
"54",1971.00273972603,51.8832702163321,1389.52830817434,0,0,328.832520581387,3614.71111564075,0,0.276905569193457,0.0218526039514184,0.0611340245514984,0,21.5481380464542,0,103.212492007697,7.97607508405886,0,0
"55",1971.00273972603,51.8832702163321,1389.52830817434,0,0,328.832520581387,3614.71111564075,0,0.276905569193457,0.0218526039514184,0.0611340245514984,0,21.5481380464542,0,103.212492007697,7.97607508405886,0,0
"56",1971.00273972603,51.8832702163321,1389.52830817434,0,0,328.832520581387,3614.71111564075,0,0.276905569193457,0.0218526039514184,0.0611340245514984,0,21.5481380464542,0,103.212492007697,7.97607508405886,0,0
"57",1971.00273972603,51.8832702163321,1389.52830817434,0,0,328.832520581387,3614.71111564075,0,0.276905569193457,0.0218526039514184,0.0611340245514984,0,21.5481380464542,0,103.212492007697,7.97607508405886,0,0
"58",1971.20273972603,51.7063936034198,1388.11171928093,0,0,329.667094902467,3609.40911596187,0,20.4959765991347,1.61531811027401,4.52855938235568,0,23.1416035527768,0,107.679917365501,7.95890385341228,0,0
"59",1971.20273972603,51.7063936034198,1388.11171928093,0,0,329.667094902467,3609.40911596187,0,20.4959765991347,1.61531811027401,4.52855938235568,0,23.1416035527768,0,107.679917365501,7.95890385341228,0,0
"60",1971.20273972603,51.7063936034198,1388.11171928093,0,0,329.667094902467,3609.40911596187,0,20.4959765991347,1.61531811027401,4.52855938235568,0,23.1416035527768,0,107.679917365501,7.95890385341228,0,0
"61",1971.20273972603,51.7063936034198,1388.11171928093,0,0,329.667094902467,3609.40911596187,0,20.4959765991347,1.61531811027401,4.52855938235568,0,23.1416035527768,0,107.679917365501,7.95890385341228,0,0
"62",1971.20273972603,51.7063936034198,1388.11171928093,0,0,329.667094902467,3609.40911596187,0,20.4959765991347,1.61531811027401,4.52855938235568,0,23.1416035527768,0,107.679917365501,7.95890385341228,0,0
"63",1971.20273972603,51.7063936034198,1388.11171928093,0,0,329.667094902467,3609.40911596187,0,20.4959765991347,1.61531811027401,4.52855938235568,0,23.1416035527768,0,107.679917365501,7.95890385341228,0,0
"64",1971.20273972603,51.7063936034198,1388.11171928093,0,0,329.667094902467,3609.40911596187,0,20.4959765991347,1.61531811027401,4.52855938235568,0,23.1416035527768,0,107.679917365501,7.95890385341228,0,0
"65",1972,51.1628233967857,1382.33278507481,0,0,332.17385317435,3589.01876473003,0,101.175549313613,7.93782252301914,22.4121523423112,0,29.4641079655219,0,125.563510325456,5.41105699784198,0,0
"66",1972,51.1628233967857,1382.33278507481,0,0,332.17385317435,3589.01876473003,0,0,0,0,0,29.4641079655219,0,125.563510325456,5.41105699784198,0,0
"67",1972,51.1628233967857,1382.33278507481,0,0,332.17385317435,3589.01876473003,0,0,0,0,0,29.4641079655219,0,125.563510325456,5.41105699784198,0,0
"68",1972.00273972603,51.1681114025497,1382.31267149287,0,0,332.087156819759,3588.95048584705,0,0.18296845885042,0.0148255761815218,0.154975237571323,0,29.4789335417034,0,125.718485563027,5.41161626526887,0,0
"69",1972.00273972603,51.1681114025497,1382.31267149287,0,0,332.087156819759,3588.95048584705,0,0.18296845885042,0.0148255761815218,0.154975237571323,0,29.4789335417034,0,125.718485563027,5.41161626526887,0,0
"70",1972.00273972603,51.1681114025497,1382.31267149287,0,0,332.087156819759,3588.95048584705,0,0.18296845885042,0.0148255761815218,0.154975237571323,0,29.4789335417034,0,125.718485563027,5.41161626526887,0,0
"71",1972.00273972603,51.1681114025497,1382.31267149287,0,0,332.087156819759,3588.95048584705,0,0.18296845885042,0.0148255761815218,0.154975237571323,0,29.4789335417034,0,125.718485563027,5.41161626526887,0,0
"72",1972.00273972603,51.1681114025497,1382.31267149287,0,0,332.087156819759,3588.95048584705,0,0.18296845885042,0.0148255761815218,0.154975237571323,0,29.4789335417034,0,125.718485563027,5.41161626526887,0,0
"73",1972.00273972603,51.1681114025497,1382.31267149287,0,0,332.087156819759,3588.95048584705,0,0.18296845885042,0.0148255761815218,0.154975237571323,0,29.4789335417034,0,125.718485563027,5.41161626526887,0,0
"74",1972.20273972603,51.517625495091,1380.87701417743,0,0,325.962043642159,3583.80429322361,0,13.5770838733352,1.10096879908082,11.4262810386164,0,30.5650767646027,0,136.989791364072,5.44858140031669,0,0
"75",1972.20273972603,51.517625495091,1380.87701417743,0,0,325.962043642159,3583.80429322361,0,13.5770838733352,1.10096879908082,11.4262810386164,0,30.5650767646027,0,136.989791364072,5.44858140031669,0,0
"76",1972.20273972603,51.517625495091,1380.87701417743,0,0,325.962043642159,3583.80429322361,0,13.5770838733352,1.10096879908082,11.4262810386164,0,30.5650767646027,0,136.989791364072,5.44858140031669,0,0
"77",1972.20273972603,51.517625495091,1380.87701417743,0,0,325.962043642159,3583.80429322361,0,13.5770838733352,1.10096879908082,11.4262810386164,0,30.5650767646027,0,136.989791364072,5.44858140031669,0,0
"78",1972.20273972603,51.517625495091,1380.87701417743,0,0,325.962043642159,3583.80429322361,0,13.5770838733352,1.10096879908082,11.4262810386164,0,30.5650767646027,0,136.989791364072,5.44858140031669,0,0
"79",1972.20273972603,51.517625495091,1380.87701417743,0,0,325.962043642159,3583.80429322361,0,13.5770838733352,1.10096879908082,11.4262810386164,0,30.5650767646027,0,136.989791364072,5.44858140031669,0,0
"80",1972.20273972603,51.517625495091,1380.87701417743,0,0,325.962043642159,3583.80429322361,0,13.5770838733352,1.10096879908082,11.4262810386164,0,30.5650767646027,0,136.989791364072,5.44858140031669,0,0
"81",1973,52.3712431576517,1375.639641189,0,0,305.221372163271,3560.50778697511,0,67.4937403985246,5.48472412494849,55.4634587659959,0,34.9488320904704,0,181.026969091452,7.67000418287316,0,0
"82",1973,52.3712431576517,1375.639641189,0,0,305.221372163271,3560.50778697511,0,0,0,0,0,34.9488320904704,0,181.026969091452,7.67000418287316,0,0
"83",1973,52.3712431576517,1375.639641189,0,0,305.221372163271,3560.50778697511,0,0,0,0,0,34.9488320904704,0,181.026969091452,7.67000418287316,0,0
"84",1973.00273972603,52.3672349944588,1375.62263558464,0,0,305.252764817406,3560.42110165627,0,0.27193024484464,0.0210137675501399,0.0552926647066898,0,34.9698458580205,0,181.082261756159,7.6700465470476,0,0
"85",1973.00273972603,52.3672349944588,1375.62263558464,0,0,305.252764817406,3560.42110165627,0,0.27193024484464,0.0210137675501399,0.0552926647066898,0,34.9698458580205,0,181.082261756159,7.6700465470476,0,0
"86",1973.00273972603,52.3672349944588,1375.62263558464,0,0,305.252764817406,3560.42110165627,0,0.27193024484464,0.0210137675501399,0.0552926647066898,0,34.9698458580205,0,181.082261756159,7.6700465470476,0,0
"87",1973.00273972603,52.3672349944588,1375.62263558464,0,0,305.252764817406,3560.42110165627,0,0.27193024484464,0.0210137675501399,0.0552926647066898,0,34.9698458580205,0,181.082261756159,7.6700465470476,0,0
"88",1973.00273972603,52.3672349944588,1375.62263558464,0,0,305.252764817406,3560.42110165627,0,0.27193024484464,0.0210137675501399,0.0552926647066898,0,34.9698458580205,0,181.082261756159,7.6700465470476,0,0
"89",1973.00273972603,52.3672349944588,1375.62263558464,0,0,305.252764817406,3560.42110165627,0,0.27193024484464,0.0210137675501399,0.0552926647066898,0,34.9698458580205,0,181.082261756159,7.6700465470476,0,0
"90",1973.20273972603,52.0917037016087,1374.36387772517,0,0,307.444003216878,3554.17858511316,0,20.1597340484337,1.55530291987151,4.10657080834525,0,36.5041350103419,0,185.133539899797,7.67270598852031,0,0
"91",1973.20273972603,52.0917037016087,1374.36387772517,0,0,307.444003216878,3554.17858511316,0,20.1597340484337,1.55530291987151,4.10657080834525,0,36.5041350103419,0,185.133539899797,7.67270598852031,0,0
"92",1973.20273972603,52.0917037016087,1374.36387772517,0,0,307.444003216878,3554.17858511316,0,20.1597340484337,1.55530291987151,4.10657080834525,0,36.5041350103419,0,185.133539899797,7.67270598852031,0,0
"93",1973.20273972603,52.0917037016087,1374.36387772517,0,0,307.444003216878,3554.17858511316,0,20.1597340484337,1.55530291987151,4.10657080834525,0,36.5041350103419,0,185.133539899797,7.67270598852031,0,0
"94",1973.20273972603,52.0917037016087,1374.36387772517,0,0,307.444003216878,3554.17858511316,0,20.1597340484337,1.55530291987151,4.10657080834525,0,36.5041350103419,0,185.133539899797,7.67270598852031,0,0
"95",1973.20273972603,52.0917037016087,1374.36387772517,0,0,307.444003216878,3554.17858511316,0,20.1597340484337,1.55530291987151,4.10657080834525,0,36.5041350103419,0,185.133539899797,7.67270598852031,0,0
"96",1973.20273972603,52.0917037016087,1374.36387772517,0,0,307.444003216878,3554.17858511316,0,20.1597340484337,1.55530291987151,4.10657080834525,0,36.5041350103419,0,185.133539899797,7.67270598852031,0,0
"97",1974,51.2557303494098,1369.08045772736,0,0,314.438688331559,3530.78170900588,0,100.048670500339,7.67469626988062,20.5087618009485,0,42.623528360351,0,201.535730892401,7.8218427686316,0,0
"98",1974,51.2557303494098,1369.08045772736,0,0,314.438688331559,3530.78170900588,0,0,0,0,0,42.623528360351,0,201.535730892401,7.8218427686316,0,0
"99",1974,51.2557303494098,1369.08045772736,0,0,314.438688331559,3530.78170900588,0,0,0,0,0,42.623528360351,0,201.535730892401,7.8218427686316,0,0
"100",1974.00273972603,51.2530198680038,1369.06173879763,0,0,314.456834968127,3530.70493393941,0,0.272110283279587,0.0214294111365473,0.0586284298988969,0,42.6449577714876,0,201.594359322299,7.82162590978042,0,0
"101",1974.00273972603,51.2530198680038,1369.06173879763,0,0,314.456834968127,3530.70493393941,0,0.272110283279587,0.0214294111365473,0.0586284298988969,0,42.6449577714876,0,201.594359322299,7.82162590978042,0,0
"102",1974.00273972603,51.2530198680038,1369.06173879763,0,0,314.456834968127,3530.70493393941,0,0.272110283279587,0.0214294111365473,0.0586284298988969,0,42.6449577714876,0,201.594359322299,7.82162590978042,0,0
"103",1974.00273972603,51.2530198680038,1369.06173879763,0,0,314.456834968127,3530.70493393941,0,0.272110283279587,0.0214294111365473,0.0586284298988969,0,42.6449577714876,0,201.594359322299,7.82162590978042,0,0
"104",1974.00273972603,51.2530198680038,1369.06173879763,0,0,314.456834968127,3530.70493393941,0,0.272110283279587,0.0214294111365473,0.0586284298988969,0,42.6449577714876,0,201.594359322299,7.82162590978042,0,0
"105",1974.00273972603,51.2530198680038,1369.06173879763,0,0,314.456834968127,3530.70493393941,0,0.272110283279587,0.0214294111365473,0.0586284298988969,0,42.6449577714876,0,201.594359322299,7.82162590978042,0,0
"106",1974.20273972603,51.0666629112665,1367.68529572324,0,0,315.718141431904,3525.15625468585,0,20.1442620636675,1.58422944226083,4.34600121967871,0,44.2077578026119,0,205.881732112079,7.80665639246766,0,0
"107",1974.20273972603,51.0666629112665,1367.68529572324,0,0,315.718141431904,3525.15625468585,0,20.1442620636675,1.58422944226083,4.34600121967871,0,44.2077578026119,0,205.881732112079,7.80665639246766,0,0
"108",1974.20273972603,51.0666629112665,1367.68529572324,0,0,315.718141431904,3525.15625468585,0,20.1442620636675,1.58422944226083,4.34600121967871,0,44.2077578026119,0,205.881732112079,7.80665639246766,0,0
"109",1974.20273972603,51.0666629112665,1367.68529572324,0,0,315.718141431904,3525.15625468585,0,20.1442620636675,1.58422944226083,4.34600121967871,0,44.2077578026119,0,205.881732112079,7.80665639246766,0,0
"110",1974.20273972603,51.0666629112665,1367.68529572324,0,0,315.718141431904,3525.15625468585,0,20.1442620636675,1.58422944226083,4.34600121967871,0,44.2077578026119,0,205.881732112079,7.80665639246766,0,0
"111",1974.20273972603,51.0666629112665,1367.68529572324,0,0,315.718141431904,3525.15625468585,0,20.1442620636675,1.58422944226083,4.34600121967871,0,44.2077578026119,0,205.881732112079,7.80665639246766,0,0
"112",1974.20273972603,51.0666629112665,1367.68529572324,0,0,315.718141431904,3525.15625468585,0,20.1442620636675,1.58422944226083,4.34600121967871,0,44.2077578026119,0,205.881732112079,7.80665639246766,0,0
"113",1975,50.4958005368647,1362.05211643029,0,0,319.64582518262,3504.01361070589,0,99.4939460387905,7.78827110961158,21.5609614489217,0,50.4117994699626,0,223.096692341322,5.34051165897541,0,0
"114",1975,50.4958005368647,1362.05211643029,0,0,319.64582518262,3504.01361070589,0,0,0,0,0,50.4117994699626,0,223.096692341322,5.34051165897541,0,0
"115",1975,50.4958005368647,1362.05211643029,0,0,319.64582518262,3504.01361070589,0,0,0,0,0,50.4117994699626,0,223.096692341322,5.34051165897541,0,0
"116",1975.00273972603,50.5008135689786,1362.03247113685,0,0,319.565368516983,3503.94330966111,0,0.177637555341648,0.0146322613268261,0.150757710418404,0,50.4264317312895,0,223.247450051741,5.34104184477634,0,0
"117",1975.00273972603,50.5008135689786,1362.03247113685,0,0,319.565368516983,3503.94330966111,0,0.177637555341648,0.0146322613268261,0.150757710418404,0,50.4264317312895,0,223.247450051741,5.34104184477634,0,0
"118",1975.00273972603,50.5008135689786,1362.03247113685,0,0,319.565368516983,3503.94330966111,0,0.177637555341648,0.0146322613268261,0.150757710418404,0,50.4264317312895,0,223.247450051741,5.34104184477634,0,0
"119",1975.00273972603,50.5008135689786,1362.03247113685,0,0,319.565368516983,3503.94330966111,0,0.177637555341648,0.0146322613268261,0.150757710418404,0,50.4264317312895,0,223.247450051741,5.34104184477634,0,0
"120",1975.00273972603,50.5008135689786,1362.03247113685,0,0,319.565368516983,3503.94330966111,0,0.177637555341648,0.0146322613268261,0.150757710418404,0,50.4264317312895,0,223.247450051741,5.34104184477634,0,0
"121",1975.00273972603,50.5008135689786,1362.03247113685,0,0,319.565368516983,3503.94330966111,0,0.177637555341648,0.0146322613268261,0.150757710418404,0,50.4264317312895,0,223.247450051741,5.34104184477634,0,0
"122",1975.20273972603,50.8320232074077,1360.62943753485,0,0,313.882538103006,3498.66288179647,0,13.1759429666817,1.08645622489883,11.1140159890366,0,51.4982556948615,0,234.210708330359,5.37593485728355,0,0
"123",1975.20273972603,50.8320232074077,1360.62943753485,0,0,313.882538103006,3498.66288179647,0,13.1759429666817,1.08645622489883,11.1140159890366,0,51.4982556948615,0,234.210708330359,5.37593485728355,0,0
"124",1975.20273972603,50.8320232074077,1360.62943753485,0,0,313.882538103006,3498.66288179647,0,13.1759429666817,1.08645622489883,11.1140159890366,0,51.4982556948615,0,234.210708330359,5.37593485728355,0,0
"125",1975.20273972603,50.8320232074077,1360.62943753485,0,0,313.882538103006,3498.66288179647,0,13.1759429666817,1.08645622489883,11.1140159890366,0,51.4982556948615,0,234.210708330359,5.37593485728355,0,0
"126",1975.20273972603,50.8320232074077,1360.62943753485,0,0,313.882538103006,3498.66288179647,0,13.1759429666817,1.08645622489883,11.1140159890366,0,51.4982556948615,0,234.210708330359,5.37593485728355,0,0
"127",1975.20273972603,50.8320232074077,1360.62943753485,0,0,313.882538103006,3498.66288179647,0,13.1759429666817,1.08645622489883,11.1140159890366,0,51.4982556948615,0,234.210708330359,5.37593485728355,0,0
"128",1975.20273972603,50.8320232074077,1360.62943753485,0,0,313.882538103006,3498.66288179647,0,13.1759429666817,1.08645622489883,11.1140159890366,0,51.4982556948615,0,234.210708330359,5.37593485728355,0,0
"129",1976,51.6398545943724,1355.49921092064,0,0,294.653271715742,3475.06672125522,0,65.4215738762739,5.40885145214585,53.9394429175466,0,55.8206509221085,0,277.036135258869,7.48527862471173,0,0
"130",1976,51.6398545943724,1355.49921092064,0,0,294.653271715742,3475.06672125522,0,0,0,0,0,55.8206509221085,0,277.036135258869,7.48527862471173,0,0
"131",1976,51.6398545943724,1355.49921092064,0,0,294.653271715742,3475.06672125522,0,0,0,0,0,55.8206509221085,0,277.036135258869,7.48527862471173,0,0
"132",1976.00273972603,51.6360299668075,1355.4825277724,0,0,294.687031243671,3474.97958322401,0,0.269842200395231,0.0205077758048565,0.0533785032895998,0,55.8411586979134,0,277.089513762159,7.48539843739514,0,0
"133",1976.00273972603,51.6360299668075,1355.4825277724,0,0,294.687031243671,3474.97958322401,0,0.269842200395231,0.0205077758048565,0.0533785032895998,0,55.8411586979134,0,277.089513762159,7.48539843739514,0,0
"134",1976.00273972603,51.6360299668075,1355.4825277724,0,0,294.687031243671,3474.97958322401,0,0.269842200395231,0.0205077758048565,0.0533785032895998,0,55.8411586979134,0,277.089513762159,7.48539843739514,0,0
"135",1976.00273972603,51.6360299668075,1355.4825277724,0,0,294.687031243671,3474.97958322401,0,0.269842200395231,0.0205077758048565,0.0533785032895998,0,55.8411586979134,0,277.089513762159,7.48539843739514,0,0
"136",1976.00273972603,51.6360299668075,1355.4825277724,0,0,294.687031243671,3474.97958322401,0,0.269842200395231,0.0205077758048565,0.0533785032895998,0,55.8411586979134,0,277.089513762159,7.48539843739514,0,0
"137",1976.00273972603,51.6360299668075,1355.4825277724,0,0,294.687031243671,3474.97958322401,0,0.269842200395231,0.0205077758048565,0.0533785032895998,0,55.8411586979134,0,277.089513762159,7.48539843739514,0,0
"138",1976.20273972603,51.372475621964,1354.24818384193,0,0,297.044944797538,3468.70899479811,0,20.0135342875557,1.51840605111616,3.96605337531985,0,57.3390569732247,0,281.002188634189,7.4933190181925,0,0
"139",1976.20273972603,51.372475621964,1354.24818384193,0,0,297.044944797538,3468.70899479811,0,20.0135342875557,1.51840605111616,3.96605337531985,0,57.3390569732247,0,281.002188634189,7.4933190181925,0,0
"140",1976.20273972603,51.372475621964,1354.24818384193,0,0,297.044944797538,3468.70899479811,0,20.0135342875557,1.51840605111616,3.96605337531985,0,57.3390569732247,0,281.002188634189,7.4933190181925,0,0
"141",1976.20273972603,51.372475621964,1354.24818384193,0,0,297.044944797538,3468.70899479811,0,20.0135342875557,1.51840605111616,3.96605337531985,0,57.3390569732247,0,281.002188634189,7.4933190181925,0,0
"142",1976.20273972603,51.372475621964,1354.24818384193,0,0,297.044944797538,3468.70899479811,0,20.0135342875557,1.51840605111616,3.96605337531985,0,57.3390569732247,0,281.002188634189,7.4933190181925,0,0
"143",1976.20273972603,51.372475621964,1354.24818384193,0,0,297.044944797538,3468.70899479811,0,20.0135342875557,1.51840605111616,3.96605337531985,0,57.3390569732247,0,281.002188634189,7.4933190181925,0,0
"144",1976.20273972603,51.372475621964,1354.24818384193,0,0,297.044944797538,3468.70899479811,0,20.0135342875557,1.51840605111616,3.96605337531985,0,57.3390569732247,0,281.002188634189,7.4933190181925,0,0
"145",1977,50.5642786549557,1349.07347861614,0,0,304.598053695287,3445.28644559838,0,99.465183525956,7.50130824391195,19.8354936772975,0,63.3219591660205,0,296.871628936167,7.68260936873643,0,0
"146",1977,50.5642786549557,1349.07347861614,0,0,304.598053695287,3445.28644559838,0,0,0,0,0,63.3219591660205,0,296.871628936167,7.68260936873643,0,0
"147",1977,50.5642786549557,1349.07347861614,0,0,304.598053695287,3445.28644559838,0,0,0,0,0,63.3219591660205,0,296.871628936167,7.68260936873643,0,0
"148",1977.00273972603,50.5615567085452,1349.05515258753,0,0,304.617828889072,3445.20979079695,0,0.267989350195914,0.0210479750247391,0.0568796076490637,0,63.3430071410452,0,296.928508543816,7.68241115200353,0,0
"149",1977.00273972603,50.5615567085452,1349.05515258753,0,0,304.617828889072,3445.20979079695,0,0.267989350195914,0.0210479750247391,0.0568796076490637,0,63.3430071410452,0,296.928508543816,7.68241115200353,0,0
"150",1977.00273972603,50.5615567085452,1349.05515258753,0,0,304.617828889072,3445.20979079695,0,0.267989350195914,0.0210479750247391,0.0568796076490637,0,63.3430071410452,0,296.928508543816,7.68241115200353,0,0
"151",1977.00273972603,50.5615567085452,1349.05515258753,0,0,304.617828889072,3445.20979079695,0,0.267989350195914,0.0210479750247391,0.0568796076490637,0,63.3430071410452,0,296.928508543816,7.68241115200353,0,0
"152",1977.00273972603,50.5615567085452,1349.05515258753,0,0,304.617828889072,3445.20979079695,0,0.267989350195914,0.0210479750247391,0.0568796076490637,0,63.3430071410452,0,296.928508543816,7.68241115200353,0,0
"153",1977.00273972603,50.5615567085452,1349.05515258753,0,0,304.617828889072,3445.20979079695,0,0.267989350195914,0.0210479750247391,0.0568796076490637,0,63.3430071410452,0,296.928508543816,7.68241115200353,0,0
"154",1977.20273972603,50.3743890611459,1347.70723267719,0,0,305.993858471631,3439.67320965624,0,19.8404924075061,1.55613553276375,4.21743116579759,0,64.8780946987842,0,301.089060101964,7.66871802822019,0,0
"155",1977.20273972603,50.3743890611459,1347.70723267719,0,0,305.993858471631,3439.67320965624,0,19.8404924075061,1.55613553276375,4.21743116579759,0,64.8780946987842,0,301.089060101964,7.66871802822019,0,0
"156",1977.20273972603,50.3743890611459,1347.70723267719,0,0,305.993858471631,3439.67320965624,0,19.8404924075061,1.55613553276375,4.21743116579759,0,64.8780946987842,0,301.089060101964,7.66871802822019,0,0
"157",1977.20273972603,50.3743890611459,1347.70723267719,0,0,305.993858471631,3439.67320965624,0,19.8404924075061,1.55613553276375,4.21743116579759,0,64.8780946987842,0,301.089060101964,7.66871802822019,0,0
"158",1977.20273972603,50.3743890611459,1347.70723267719,0,0,305.993858471631,3439.67320965624,0,19.8404924075061,1.55613553276375,4.21743116579759,0,64.8780946987842,0,301.089060101964,7.66871802822019,0,0
"159",1977.20273972603,50.3743890611459,1347.70723267719,0,0,305.993858471631,3439.67320965624,0,19.8404924075061,1.55613553276375,4.21743116579759,0,64.8780946987842,0,301.089060101964,7.66871802822019,0,0
"160",1977.20273972603,50.3743890611459,1347.70723267719,0,0,305.993858471631,3439.67320965624,0,19.8404924075061,1.55613553276375,4.21743116579759,0,64.8780946987842,0,301.089060101964,7.66871802822019,0,0
"161",1978,49.801071056888,1342.18484116684,0,0,310.306984676524,3418.63611324577,0,98.0154326192219,7.65184504737191,20.9414013713775,0,70.9738042133924,0,317.813030307544,5.26703167624998,0,0
"162",1978,49.801071056888,1342.18484116684,0,0,310.306984676524,3418.63611324577,0,0,0,0,0,70.9738042133924,0,317.813030307544,5.26703167624998,0,0
"163",1978,49.801071056888,1342.18484116684,0,0,310.306984676524,3418.63611324577,0,0,0,0,0,70.9738042133924,0,317.813030307544,5.26703167624998,0,0
"164",1978.00273972603,49.8059122534681,1342.1655690517,0,0,310.229484257615,3418.56631425051,0,0.171022001415423,0.0144309185580823,0.147299414166874,0,70.9882351319505,0,317.960329721711,5.26754218924747,0,0
"165",1978.00273972603,49.8059122534681,1342.1655690517,0,0,310.229484257615,3418.56631425051,0,0.171022001415423,0.0144309185580823,0.147299414166874,0,70.9882351319505,0,317.960329721711,5.26754218924747,0,0
"166",1978.00273972603,49.8059122534681,1342.1655690517,0,0,310.229484257615,3418.56631425051,0,0.171022001415423,0.0144309185580823,0.147299414166874,0,70.9882351319505,0,317.960329721711,5.26754218924747,0,0
"167",1978.00273972603,49.8059122534681,1342.1655690517,0,0,310.229484257615,3418.56631425051,0,0.171022001415423,0.0144309185580823,0.147299414166874,0,70.9882351319505,0,317.960329721711,5.26754218924747,0,0
"168",1978.00273972603,49.8059122534681,1342.1655690517,0,0,310.229484257615,3418.56631425051,0,0.171022001415423,0.0144309185580823,0.147299414166874,0,70.9882351319505,0,317.960329721711,5.26754218924747,0,0
"169",1978.00273972603,49.8059122534681,1342.1655690517,0,0,310.229484257615,3418.56631425051,0,0.171022001415423,0.0144309185580823,0.147299414166874,0,70.9882351319505,0,317.960329721711,5.26754218924747,0,0
"170",1978.20273972603,50.1257402795911,1340.78878478081,0,0,304.756931867899,3413.32853097125,0,12.6810182551919,1.07138716332462,10.8576350831377,0,72.045191376717,0,328.670665390682,5.30071308578903,0,0
"171",1978.20273972603,50.1257402795911,1340.78878478081,0,0,304.756931867899,3413.32853097125,0,12.6810182551919,1.07138716332462,10.8576350831377,0,72.045191376717,0,328.670665390682,5.30071308578903,0,0
"172",1978.20273972603,50.1257402795911,1340.78878478081,0,0,304.756931867899,3413.32853097125,0,12.6810182551919,1.07138716332462,10.8576350831377,0,72.045191376717,0,328.670665390682,5.30071308578903,0,0
"173",1978.20273972603,50.1257402795911,1340.78878478081,0,0,304.756931867899,3413.32853097125,0,12.6810182551919,1.07138716332462,10.8576350831377,0,72.045191376717,0,328.670665390682,5.30071308578903,0,0
"174",1978.20273972603,50.1257402795911,1340.78878478081,0,0,304.756931867899,3413.32853097125,0,12.6810182551919,1.07138716332462,10.8576350831377,0,72.045191376717,0,328.670665390682,5.30071308578903,0,0
"175",1978.20273972603,50.1257402795911,1340.78878478081,0,0,304.756931867899,3413.32853097125,0,12.6810182551919,1.07138716332462,10.8576350831377,0,72.045191376717,0,328.670665390682,5.30071308578903,0,0
"176",1978.20273972603,50.1257402795911,1340.78878478081,0,0,304.756931867899,3413.32853097125,0,12.6810182551919,1.07138716332462,10.8576350831377,0,72.045191376717,0,328.670665390682,5.30071308578903,0,0
"177",1979,50.9056025683308,1335.74866805903,0,0,286.257954451811,3390.0085416631,0,62.9048409258514,5.33164159636939,52.6766018073791,0,76.3054458097617,0,370.489632114924,5.37355172182875,0,0
"178",1979,50.9056025683308,1335.74866805903,0,0,286.257954451811,3390.0085416631,0,0,0,0,0,76.3054458097617,0,370.489632114924,5.37355172182875,0,0
"179",1979,50.9056025683308,1335.74866805903,0,0,286.257954451811,3390.0085416631,0,0,0,0,0,76.3054458097617,0,370.489632114924,5.37355172182875,0,0
"180",1979.00273972603,50.9072770834629,1335.73227130585,0,0,286.202641886852,3389.9225777863,0,0.171089301997273,0.0147222380482942,0.141276441758008,0,76.32016804781,0,370.630908556682,5.37368398791627,0,0
"181",1979.00273972603,50.9072770834629,1335.73227130585,0,0,286.202641886852,3389.9225777863,0,0.171089301997273,0.0147222380482942,0.141276441758008,0,76.32016804781,0,370.630908556682,5.37368398791627,0,0
"182",1979.00273972603,50.9072770834629,1335.73227130585,0,0,286.202641886852,3389.9225777863,0,0.171089301997273,0.0147222380482942,0.141276441758008,0,76.32016804781,0,370.630908556682,5.37368398791627,0,0
"183",1979.00273972603,50.9072770834629,1335.73227130585,0,0,286.202641886852,3389.9225777863,0,0.171089301997273,0.0147222380482942,0.141276441758008,0,76.32016804781,0,370.630908556682,5.37368398791627,0,0
"184",1979.00273972603,50.9072770834629,1335.73227130585,0,0,286.202641886852,3389.9225777863,0,0.171089301997273,0.0147222380482942,0.141276441758008,0,76.32016804781,0,370.630908556682,5.37368398791627,0,0
"185",1979.00273972603,50.9072770834629,1335.73227130585,0,0,286.202641886852,3389.9225777863,0,0.171089301997273,0.0147222380482942,0.141276441758008,0,76.32016804781,0,370.630908556682,5.37368398791627,0,0
"186",1979.20273972603,51.0159412170687,1334.5480101043,0,0,282.301347955192,3383.55452004662,0,12.6683587791051,1.09031930598643,10.4106281130975,0,77.3957651157482,0,380.900260228021,5.38178804972037,0,0
"187",1979.20273972603,51.0159412170687,1334.5480101043,0,0,282.301347955192,3383.55452004662,0,12.6683587791051,1.09031930598643,10.4106281130975,0,77.3957651157482,0,380.900260228021,5.38178804972037,0,0
"188",1979.20273972603,51.0159412170687,1334.5480101043,0,0,282.301347955192,3383.55452004662,0,12.6683587791051,1.09031930598643,10.4106281130975,0,77.3957651157482,0,380.900260228021,5.38178804972037,0,0
"189",1979.20273972603,51.0159412170687,1334.5480101043,0,0,282.301347955192,3383.55452004662,0,12.6683587791051,1.09031930598643,10.4106281130975,0,77.3957651157482,0,380.900260228021,5.38178804972037,0,0
"190",1979.20273972603,51.0159412170687,1334.5480101043,0,0,282.301347955192,3383.55452004662,0,12.6683587791051,1.09031930598643,10.4106281130975,0,77.3957651157482,0,380.900260228021,5.38178804972037,0,0
"191",1979.20273972603,51.0159412170687,1334.5480101043,0,0,282.301347955192,3383.55452004662,0,12.6683587791051,1.09031930598643,10.4106281130975,0,77.3957651157482,0,380.900260228021,5.38178804972037,0,0
"192",1979.20273972603,51.0159412170687,1334.5480101043,0,0,282.301347955192,3383.55452004662,0,12.6683587791051,1.09031930598643,10.4106281130975,0,77.3957651157482,0,380.900260228021,5.38178804972037,0,0
"193",1980,51.2485982978605,1330.01874767184,0,0,269.129513325478,3356.6048248601,0,62.5883900819756,5.38692465765693,50.5321579293338,0,81.6923704674187,0,421.021790044257,7.5007165959834,0,0
"194",1980,51.2485982978605,1330.01874767184,0,0,269.129513325478,3356.6048248601,0,0,0,0,0,81.6923704674187,0,421.021790044257,7.5007165959834,0,0
"195",1980,51.2485982978605,1330.01874767184,0,0,269.129513325478,3356.6048248601,0,0,0,0,0,81.6923704674187,0,421.021790044257,7.5007165959834,0,0
"196",1980.00273972603,51.2432179727043,1330.00357830565,0,0,269.175153140491,3356.50856946291,0,0.258408729773732,0.0205496913500314,0.0506155821750383,0,81.7129201587687,0,421.072405626432,7.50055766424631,0,0
"197",1980.00273972603,51.2432179727043,1330.00357830565,0,0,269.175153140491,3356.50856946291,0,0.258408729773732,0.0205496913500314,0.0506155821750383,0,81.7129201587687,0,421.072405626432,7.50055766424631,0,0
"198",1980.00273972603,51.2432179727043,1330.00357830565,0,0,269.175153140491,3356.50856946291,0,0.258408729773732,0.0205496913500314,0.0506155821750383,0,81.7129201587687,0,421.072405626432,7.50055766424631,0,0
"199",1980.00273972603,51.2432179727043,1330.00357830565,0,0,269.175153140491,3356.50856946291,0,0.258408729773732,0.0205496913500314,0.0506155821750383,0,81.7129201587687,0,421.072405626432,7.50055766424631,0,0
"200",1980.00273972603,51.2432179727043,1330.00357830565,0,0,269.175153140491,3356.50856946291,0,0.258408729773732,0.0205496913500314,0.0506155821750383,0,81.7129201587687,0,421.072405626432,7.50055766424631,0,0
"201",1980.00273972603,51.2432179727043,1330.00357830565,0,0,269.175153140491,3356.50856946291,0,0.258408729773732,0.0205496913500314,0.0506155821750383,0,81.7129201587687,0,421.072405626432,7.50055766424631,0,0
"202",1980.20273972603,50.8766069464896,1328.87120785773,0,0,272.367867903877,3349.59905335746,0,19.150072474548,1.51953116548206,3.76741692424174,0,83.2119016329008,0,424.789206968499,7.48940823465407,0,0
"203",1980.20273972603,50.8766069464896,1328.87120785773,0,0,272.367867903877,3349.59905335746,0,19.150072474548,1.51953116548206,3.76741692424174,0,83.2119016329008,0,424.789206968499,7.48940823465407,0,0
"204",1980.20273972603,50.8766069464896,1328.87120785773,0,0,272.367867903877,3349.59905335746,0,19.150072474548,1.51953116548206,3.76741692424174,0,83.2119016329008,0,424.789206968499,7.48940823465407,0,0
"205",1980.20273972603,50.8766069464896,1328.87120785773,0,0,272.367867903877,3349.59905335746,0,19.150072474548,1.51953116548206,3.76741692424174,0,83.2119016329008,0,424.789206968499,7.48940823465407,0,0
"206",1980.20273972603,50.8766069464896,1328.87120785773,0,0,272.367867903877,3349.59905335746,0,19.150072474548,1.51953116548206,3.76741692424174,0,83.2119016329008,0,424.789206968499,7.48940823465407,0,0
"207",1980.20273972603,50.8766069464896,1328.87120785773,0,0,272.367867903877,3349.59905335746,0,19.150072474548,1.51953116548206,3.76741692424174,0,83.2119016329008,0,424.789206968499,7.48940823465407,0,0
"208",1980.20273972603,50.8766069464896,1328.87120785773,0,0,272.367867903877,3349.59905335746,0,19.150072474548,1.51953116548206,3.76741692424174,0,83.2119016329008,0,424.789206968499,7.48940823465407,0,0
"209",1981,49.8121208850516,1323.97983650222,0,0,282.694324248042,3324.09149261963,0,94.9145975077469,7.47538858243282,18.948521317902,0,89.1677590498515,0,439.970311362159,0,0,0
"210",1982,54.2505772348433,1319.54137873472,0,0,308.548295681205,3298.23751143332,0,94.9146138584461,7.47539000014012,18.9485310710512,0,89.1677604675588,0,439.970321115308,5.72833005198823,0,0
"211",1982,54.2505772348433,1319.54137873472,0,0,308.548295681205,3298.23751143332,0,0,0,0,0,89.1677604675588,0,439.970321115308,5.72833005198823,0,0
"212",1982,54.2505772348433,1319.54137873472,0,0,308.548295681205,3298.23751143332,0,0,0,0,0,89.1677604675588,0,439.970321115308,5.72833005198823,0,0
"213",1982.00273972603,54.2428729735953,1319.53339009024,0,0,308.456708800128,3298.17732781056,0,0.16802858999097,0.0156929057243281,0.151770503836602,0,89.1834533732831,0,440.122091619145,5.72748811119873,0,0
"214",1982.00273972603,54.2428729735953,1319.53339009024,0,0,308.456708800128,3298.17732781056,0,0.16802858999097,0.0156929057243281,0.151770503836602,0,89.1834533732831,0,440.122091619145,5.72748811119873,0,0
"215",1982.00273972603,54.2428729735953,1319.53339009024,0,0,308.456708800128,3298.17732781056,0,0.16802858999097,0.0156929057243281,0.151770503836602,0,89.1834533732831,0,440.122091619145,5.72748811119873,0,0
"216",1982.00273972603,54.2428729735953,1319.53339009024,0,0,308.456708800128,3298.17732781056,0,0.16802858999097,0.0156929057243281,0.151770503836602,0,89.1834533732831,0,440.122091619145,5.72748811119873,0,0
"217",1982.00273972603,54.2428729735953,1319.53339009024,0,0,308.456708800128,3298.17732781056,0,0.16802858999097,0.0156929057243281,0.151770503836602,0,89.1834533732831,0,440.122091619145,5.72748811119873,0,0
"218",1982.00273972603,54.2428729735953,1319.53339009024,0,0,308.456708800128,3298.17732781056,0,0.16802858999097,0.0156929057243281,0.151770503836602,0,89.1834533732831,0,440.122091619145,5.72748811119873,0,0
"219",1982.20273972603,53.7251836819278,1318.91141559407,0,0,302.040926485154,3293.61108894338,0,12.4085647468547,1.15535669356639,11.1337916859903,0,90.3231171611252,0,451.104112801299,5.6706185036213,0,0
"220",1982.20273972603,53.7251836819278,1318.91141559407,0,0,302.040926485154,3293.61108894338,0,12.4085647468547,1.15535669356639,11.1337916859903,0,90.3231171611252,0,451.104112801299,5.6706185036213,0,0
"221",1982.20273972603,53.7251836819278,1318.91141559407,0,0,302.040926485154,3293.61108894338,0,12.4085647468547,1.15535669356639,11.1337916859903,0,90.3231171611252,0,451.104112801299,5.6706185036213,0,0
"222",1982.20273972603,53.7251836819278,1318.91141559407,0,0,302.040926485154,3293.61108894338,0,12.4085647468547,1.15535669356639,11.1337916859903,0,90.3231171611252,0,451.104112801299,5.6706185036213,0,0
"223",1982.20273972603,53.7251836819278,1318.91141559407,0,0,302.040926485154,3293.61108894338,0,12.4085647468547,1.15535669356639,11.1337916859903,0,90.3231171611252,0,451.104112801299,5.6706185036213,0,0
"224",1982.20273972603,53.7251836819278,1318.91141559407,0,0,302.040926485154,3293.61108894338,0,12.4085647468547,1.15535669356639,11.1337916859903,0,90.3231171611252,0,451.104112801299,5.6706185036213,0,0
"225",1982.20273972603,53.7251836819278,1318.91141559407,0,0,302.040926485154,3293.61108894338,0,12.4085647468547,1.15535669356639,11.1337916859903,0,90.3231171611252,0,451.104112801299,5.6706185036213,0,0
"226",1983,52.3247023422147,1315.86027241255,0,0,281.019309546612,3272.50644637725,0,60.804395677667,5.60698121479672,53.2600511906692,0,94.7747416823555,0,493.230372305978,7.71256042953622,0,0
"227",1983,52.3247023422147,1315.86027241255,0,0,281.019309546612,3272.50644637725,0,0,0,0,0,94.7747416823555,0,493.230372305978,7.71256042953622,0,0
"228",1983,52.3247023422147,1315.86027241255,0,0,281.019309546612,3272.50644637725,0,0,0,0,0,94.7747416823555,0,493.230372305978,7.71256042953622,0,0
"229",1983.00273972603,52.3152218008293,1315.84862371819,0,0,281.045845616108,3272.42715206202,0,0.258766159286546,0.0211292357437153,0.0527582457306977,0,94.7958709180992,0,493.283130551708,7.71177641924278,0,0
"230",1983.00273972603,52.3152218008293,1315.84862371819,0,0,281.045845616108,3272.42715206202,0,0.258766159286546,0.0211292357437153,0.0527582457306977,0,94.7958709180992,0,493.283130551708,7.71177641924278,0,0
"231",1983.00273972603,52.3152218008293,1315.84862371819,0,0,281.045845616108,3272.42715206202,0,0.258766159286546,0.0211292357437153,0.0527582457306977,0,94.7958709180992,0,493.283130551708,7.71177641924278,0,0
"232",1983.00273972603,52.3152218008293,1315.84862371819,0,0,281.045845616108,3272.42715206202,0,0.258766159286546,0.0211292357437153,0.0527582457306977,0,94.7958709180992,0,493.283130551708,7.71177641924278,0,0
"233",1983.00273972603,52.3152218008293,1315.84862371819,0,0,281.045845616108,3272.42715206202,0,0.258766159286546,0.0211292357437153,0.0527582457306977,0,94.7958709180992,0,493.283130551708,7.71177641924278,0,0
"234",1983.00273972603,52.3152218008293,1315.84862371819,0,0,281.045845616108,3272.42715206202,0,0.258766159286546,0.0211292357437153,0.0527582457306977,0,94.7958709180992,0,493.283130551708,7.71177641924278,0,0
"235",1983.20273972603,51.6761062034054,1314.95084367423,0,0,282.896644290686,3266.71240616345,0,19.1629959228803,1.55802487713,3.91670546971957,0,96.3327665594855,0,497.147077775697,7.65845328765017,0,0
"236",1983.20273972603,51.6761062034054,1314.95084367423,0,0,282.896644290686,3266.71240616345,0,19.1629959228803,1.55802487713,3.91670546971957,0,96.3327665594855,0,497.147077775697,7.65845328765017,0,0
"237",1983.20273972603,51.6761062034054,1314.95084367423,0,0,282.896644290686,3266.71240616345,0,19.1629959228803,1.55802487713,3.91670546971957,0,96.3327665594855,0,497.147077775697,7.65845328765017,0,0
"238",1983.20273972603,51.6761062034054,1314.95084367423,0,0,282.896644290686,3266.71240616345,0,19.1629959228803,1.55802487713,3.91670546971957,0,96.3327665594855,0,497.147077775697,7.65845328765017,0,0
"239",1983.20273972603,51.6761062034054,1314.95084367423,0,0,282.896644290686,3266.71240616345,0,19.1629959228803,1.55802487713,3.91670546971957,0,96.3327665594855,0,497.147077775697,7.65845328765017,0,0
"240",1983.20273972603,51.6761062034054,1314.95084367423,0,0,282.896644290686,3266.71240616345,0,19.1629959228803,1.55802487713,3.91670546971957,0,96.3327665594855,0,497.147077775697,7.65845328765017,0,0
"241",1983.20273972603,51.6761062034054,1314.95084367423,0,0,282.896644290686,3266.71240616345,0,19.1629959228803,1.55802487713,3.91670546971957,0,96.3327665594855,0,497.147077775697,7.65845328765017,0,0
"242",1984,49.9191838830757,1310.66777568314,0,0,288.78546651403,3245.21530852456,0,94.757232364965,7.59801518855047,19.5249808852708,0,102.372756870906,0,512.755353191249,0,0,0
"243",1985,53.9948804937559,1306.59206422609,0,0,310.900181074771,3223.10049805764,0,94.7573995753507,7.59803003492037,19.5250767914531,0,102.372771717276,0,512.755449097431,5.70356172903303,0,0
"244",1985,53.9948804937559,1306.59206422609,0,0,310.900181074771,3223.10049805764,0,0,0,0,0,102.372771717276,0,512.755449097431,5.70356172903303,0,0
"245",1985,53.9948804937559,1306.59206422609,0,0,310.900181074771,3223.10049805764,0,0,0,0,0,102.372771717276,0,512.755449097431,5.70356172903303,0,0
"246",1985.00273972603,53.9865925809455,1306.58472717462,0,0,310.799409899834,3223.04900972988,0,0.157318060230292,0.0156249642854591,0.152259502689525,0,102.388396681561,0,512.907708600121,5.70265907917737,0,0
"247",1985.00273972603,53.9865925809455,1306.58472717462,0,0,310.799409899834,3223.04900972988,0,0.157318060230292,0.0156249642854591,0.152259502689525,0,102.388396681561,0,512.907708600121,5.70265907917737,0,0
"248",1985.00273972603,53.9865925809455,1306.58472717462,0,0,310.799409899834,3223.04900972988,0,0.157318060230292,0.0156249642854591,0.152259502689525,0,102.388396681561,0,512.907708600121,5.70265907917737,0,0
"249",1985.00273972603,53.9865925809455,1306.58472717462,0,0,310.799409899834,3223.04900972988,0,0.157318060230292,0.0156249642854591,0.152259502689525,0,102.388396681561,0,512.907708600121,5.70265907917737,0,0
"250",1985.00273972603,53.9865925809455,1306.58472717462,0,0,310.799409899834,3223.04900972988,0,0.157318060230292,0.0156249642854591,0.152259502689525,0,102.388396681561,0,512.907708600121,5.70265907917737,0,0
"251",1985.00273972603,53.9865925809455,1306.58472717462,0,0,310.799409899834,3223.04900972988,0,0.157318060230292,0.0156249642854591,0.152259502689525,0,102.388396681561,0,512.907708600121,5.70265907917737,0,0
"252",1985.20273972603,53.4299557324821,1306.00708435756,0,0,303.742593884933,3219.09661579809,0,11.619857165191,1.14990462980999,11.1614694493842,0,103.522676347086,0,523.916918546815,5.64172219040663,0,0
"253",1985.20273972603,53.4299557324821,1306.00708435756,0,0,303.742593884933,3219.09661579809,0,11.619857165191,1.14990462980999,11.1614694493842,0,103.522676347086,0,523.916918546815,5.64172219040663,0,0
"254",1985.20273972603,53.4299557324821,1306.00708435756,0,0,303.742593884933,3219.09661579809,0,11.619857165191,1.14990462980999,11.1614694493842,0,103.522676347086,0,523.916918546815,5.64172219040663,0,0
"255",1985.20273972603,53.4299557324821,1306.00708435756,0,0,303.742593884933,3219.09661579809,0,11.619857165191,1.14990462980999,11.1614694493842,0,103.522676347086,0,523.916918546815,5.64172219040663,0,0
"256",1985.20273972603,53.4299557324821,1306.00708435756,0,0,303.742593884933,3219.09661579809,0,11.619857165191,1.14990462980999,11.1614694493842,0,103.522676347086,0,523.916918546815,5.64172219040663,0,0
"257",1985.20273972603,53.4299557324821,1306.00708435756,0,0,303.742593884933,3219.09661579809,0,11.619857165191,1.14990462980999,11.1614694493842,0,103.522676347086,0,523.916918546815,5.64172219040663,0,0
"258",1985.20273972603,53.4299557324821,1306.00708435756,0,0,303.742593884933,3219.09661579809,0,11.619857165191,1.14990462980999,11.1614694493842,0,103.522676347086,0,523.916918546815,5.64172219040663,0,0
"259",1986,51.928545478603,1303.08472723748,0,0,280.665987507532,3200.08267319846,0,56.97436532057,5.57367200376619,53.2520184264204,0,107.946443721042,0,566.007467523852,7.66781055770201,0,0
"260",1986,51.928545478603,1303.08472723748,0,0,280.665987507532,3200.08267319846,0,0,0,0,0,107.946443721042,0,566.007467523852,7.66781055770201,0,0
"261",1986,51.928545478603,1303.08472723748,0,0,280.665987507532,3200.08267319846,0,0,0,0,0,107.946443721042,0,566.007467523852,7.66781055770201,0,0
"262",1986.00273972603,51.9188428707563,1303.07342332477,0,0,280.686185116026,3200.00971413049,0,0.2676097226783,0.0210065205546654,0.0527614594660506,0,107.967450241597,0,566.060228983318,7.666943040045,0,0
"263",1986.00273972603,51.9188428707563,1303.07342332477,0,0,280.686185116026,3200.00971413049,0,0.2676097226783,0.0210065205546654,0.0527614594660506,0,107.967450241597,0,566.060228983318,7.666943040045,0,0
"264",1986.00273972603,51.9188428707563,1303.07342332477,0,0,280.686185116026,3200.00971413049,0,0.2676097226783,0.0210065205546654,0.0527614594660506,0,107.967450241597,0,566.060228983318,7.666943040045,0,0
"265",1986.00273972603,51.9188428707563,1303.07342332477,0,0,280.686185116026,3200.00971413049,0,0.2676097226783,0.0210065205546654,0.0527614594660506,0,107.967450241597,0,566.060228983318,7.666943040045,0,0
"266",1986.00273972603,51.9188428707563,1303.07342332477,0,0,280.686185116026,3200.00971413049,0,0.2676097226783,0.0210065205546654,0.0527614594660506,0,107.967450241597,0,566.060228983318,7.666943040045,0,0
"267",1986.00273972603,51.9188428707563,1303.07342332477,0,0,280.686185116026,3200.00971413049,0,0.2676097226783,0.0210065205546654,0.0527614594660506,0,107.967450241597,0,566.060228983318,7.666943040045,0,0
"268",1986.20273972603,51.2653294206764,1302.19958152899,0,0,282.0931598553,3194.74289596942,0,19.8151381293315,1.54836176641261,3.91260488127102,0,109.494805487455,0,569.920072405123,7.60804882159548,0,0
"269",1986.20273972603,51.2653294206764,1302.19958152899,0,0,282.0931598553,3194.74289596942,0,19.8151381293315,1.54836176641261,3.91260488127102,0,109.494805487455,0,569.920072405123,7.60804882159548,0,0
"270",1986.20273972603,51.2653294206764,1302.19958152899,0,0,282.0931598553,3194.74289596942,0,19.8151381293315,1.54836176641261,3.91260488127102,0,109.494805487455,0,569.920072405123,7.60804882159548,0,0
"271",1986.20273972603,51.2653294206764,1302.19958152899,0,0,282.0931598553,3194.74289596942,0,19.8151381293315,1.54836176641261,3.91260488127102,0,109.494805487455,0,569.920072405123,7.60804882159548,0,0
"272",1986.20273972603,51.2653294206764,1302.19958152899,0,0,282.0931598553,3194.74289596942,0,19.8151381293315,1.54836176641261,3.91260488127102,0,109.494805487455,0,569.920072405123,7.60804882159548,0,0
"273",1986.20273972603,51.2653294206764,1302.19958152899,0,0,282.0931598553,3194.74289596942,0,19.8151381293315,1.54836176641261,3.91260488127102,0,109.494805487455,0,569.920072405123,7.60804882159548,0,0
"274",1986.20273972603,51.2653294206764,1302.19958152899,0,0,282.0931598553,3194.74289596942,0,19.8151381293315,1.54836176641261,3.91260488127102,0,109.494805487455,0,569.920072405123,7.60804882159548,0,0
"275",1987,49.4765157621532,1297.99509314499,0,0,286.531713101743,3174.78099835601,0,97.9361743752689,7.54166380893322,19.4359492482328,0,115.488107529975,0,585.443416772085,7.44255047792537,0,0
"276",1987,49.4765157621532,1297.99509314499,0,0,286.531713101743,3174.78099835601,0,0,0,0,0,115.488107529975,0,585.443416772085,7.44255047792537,0,0
"277",1987,49.4765157621532,1297.99509314499,0,0,286.531713101743,3174.78099835601,0,0,0,0,0,115.488107529975,0,585.443416772085,7.44255047792537,0,0
"278",1987.00273972603,49.4720452274285,1297.97917370206,0,0,286.544120878131,3174.71492928385,0,0.268159000789686,0.0203899776579655,0.0536612957731318,0,115.508497507633,0,585.497078067858,7.44212959654948,0,0
"279",1987.00273972603,49.4720452274285,1297.97917370206,0,0,286.544120878131,3174.71492928385,0,0.268159000789686,0.0203899776579655,0.0536612957731318,0,115.508497507633,0,585.497078067858,7.44212959654948,0,0
"280",1987.00273972603,49.4720452274285,1297.97917370206,0,0,286.544120878131,3174.71492928385,0,0.268159000789686,0.0203899776579655,0.0536612957731318,0,115.508497507633,0,585.497078067858,7.44212959654948,0,0
"281",1987.00273972603,49.4720452274285,1297.97917370206,0,0,286.544120878131,3174.71492928385,0,0.268159000789686,0.0203899776579655,0.0536612957731318,0,115.508497507633,0,585.497078067858,7.44212959654948,0,0
"282",1987.00273972603,49.4720452274285,1297.97917370206,0,0,286.544120878131,3174.71492928385,0,0.268159000789686,0.0203899776579655,0.0536612957731318,0,115.508497507633,0,585.497078067858,7.44212959654948,0,0
"283",1987.00273972603,49.4720452274285,1297.97917370206,0,0,286.544120878131,3174.71492928385,0,0.268159000789686,0.0203899776579655,0.0536612957731318,0,115.508497507633,0,585.497078067858,7.44212959654948,0,0
"284",1987.20273972603,49.1685775432476,1296.79714817699,0,0,287.403506157513,3169.93338845208,0,19.8507325251174,1.50588318690889,3.97581684816404,0,116.993990716884,0,589.419233620249,7.41347403369868,0,0
"285",1987.20273972603,49.1685775432476,1296.79714817699,0,0,287.403506157513,3169.93338845208,0,19.8507325251174,1.50588318690889,3.97581684816404,0,116.993990716884,0,589.419233620249,7.41347403369868,0,0
"286",1987.20273972603,49.1685775432476,1296.79714817699,0,0,287.403506157513,3169.93338845208,0,19.8507325251174,1.50588318690889,3.97581684816404,0,116.993990716884,0,589.419233620249,7.41347403369868,0,0
"287",1987.20273972603,49.1685775432476,1296.79714817699,0,0,287.403506157513,3169.93338845208,0,19.8507325251174,1.50588318690889,3.97581684816404,0,116.993990716884,0,589.419233620249,7.41347403369868,0,0
"288",1987.20273972603,49.1685775432476,1296.79714817699,0,0,287.403506157513,3169.93338845208,0,19.8507325251174,1.50588318690889,3.97581684816404,0,116.993990716884,0,589.419233620249,7.41347403369868,0,0
"289",1987.20273972603,49.1685775432476,1296.79714817699,0,0,287.403506157513,3169.93338845208,0,19.8507325251174,1.50588318690889,3.97581684816404,0,116.993990716884,0,589.419233620249,7.41347403369868,0,0
"290",1987.20273972603,49.1685775432476,1296.79714817699,0,0,287.403506157513,3169.93338845208,0,19.8507325251174,1.50588318690889,3.97581684816404,0,116.993990716884,0,589.419233620249,7.41347403369868,0,0
"291",1988,48.2991476628945,1291.79206203601,0,0,290.023640784362,3151.5985499657,0,98.0263023639229,7.38039920824418,19.6905207076962,0,122.868506738219,0,605.133937479781,7.33018391522141,0,0
"292",1988,48.2991476628945,1291.79206203601,0,0,290.023640784362,3151.5985499657,0,0,0,0,0,122.868506738219,0,605.133937479781,7.33018391522141,0,0
"293",1988,48.2991476628945,1291.79206203601,0,0,290.023640784362,3151.5985499657,0,0,0,0,0,122.868506738219,0,605.133937479781,7.33018391522141,0,0
"294",1988.00273972603,48.2968579645941,1291.77426934148,0,0,290.03068424105,3151.53732382566,0,0.268137425430417,0.0200823928283282,0.0541826833422816,0,122.888589131048,0,605.188120163123,7.32996108721325,0,0
"295",1988.00273972603,48.2968579645941,1291.77426934148,0,0,290.03068424105,3151.53732382566,0,0.268137425430417,0.0200823928283282,0.0541826833422816,0,122.888589131048,0,605.188120163123,7.32996108721325,0,0
"296",1988.00273972603,48.2968579645941,1291.77426934148,0,0,290.03068424105,3151.53732382566,0,0.268137425430417,0.0200823928283282,0.0541826833422816,0,122.888589131048,0,605.188120163123,7.32996108721325,0,0
"297",1988.00273972603,48.2968579645941,1291.77426934148,0,0,290.03068424105,3151.53732382566,0,0.268137425430417,0.0200823928283282,0.0541826833422816,0,122.888589131048,0,605.188120163123,7.32996108721325,0,0
"298",1988.00273972603,48.2968579645941,1291.77426934148,0,0,290.03068424105,3151.53732382566,0,0.268137425430417,0.0200823928283282,0.0541826833422816,0,122.888589131048,0,605.188120163123,7.32996108721325,0,0
"299",1988.00273972603,48.2968579645941,1291.77426934148,0,0,290.03068424105,3151.53732382566,0,0.268137425430417,0.0200823928283282,0.0541826833422816,0,122.888589131048,0,605.188120163123,7.32996108721325,0,0
"300",1988.20273972603,48.139238581357,1290.4674655295,0,0,290.512885371167,3147.09710745188,0,19.8459595964966,1.48450558804899,4.01219792700945,0,124.353012326268,0,609.146135406791,7.31455071286629,0,0
"301",1988.20273972603,48.139238581357,1290.4674655295,0,0,290.512885371167,3147.09710745188,0,19.8459595964966,1.48450558804899,4.01219792700945,0,124.353012326268,0,609.146135406791,7.31455071286629,0,0
"302",1988.20273972603,48.139238581357,1290.4674655295,0,0,290.512885371167,3147.09710745188,0,19.8459595964966,1.48450558804899,4.01219792700945,0,124.353012326268,0,609.146135406791,7.31455071286629,0,0
"303",1988.20273972603,48.139238581357,1290.4674655295,0,0,290.512885371167,3147.09710745188,0,19.8459595964966,1.48450558804899,4.01219792700945,0,124.353012326268,0,609.146135406791,7.31455071286629,0,0
"304",1988.20273972603,48.139238581357,1290.4674655295,0,0,290.512885371167,3147.09710745188,0,19.8459595964966,1.48450558804899,4.01219792700945,0,124.353012326268,0,609.146135406791,7.31455071286629,0,0
"305",1988.20273972603,48.139238581357,1290.4674655295,0,0,290.512885371167,3147.09710745188,0,19.8459595964966,1.48450558804899,4.01219792700945,0,124.353012326268,0,609.146135406791,7.31455071286629,0,0
"306",1988.20273972603,48.139238581357,1290.4674655295,0,0,290.512885371167,3147.09710745188,0,19.8459595964966,1.48450558804899,4.01219792700945,0,124.353012326268,0,609.146135406791,7.31455071286629,0,0
"307",1989,47.6527465431106,1285.1429622116,0,0,291.879985536436,3129.91063041287,0,97.9484516490332,7.29550094419689,19.831574800753,0,130.164007682416,0,624.965512280534,0,0,0
"308",1990,52.3263756402821,1280.46930712736,0,0,309.947490086168,3111.84304737918,0,97.9487982167684,7.29552693125686,19.8316532847115,0,130.164033669476,0,624.965590764493,5.52396997805064,0,0
"309",1990,52.3263756402821,1280.46930712736,0,0,309.947490086168,3111.84304737918,0,0,0,0,0,130.164033669476,0,624.965590764493,5.52396997805064,0,0
"310",1990,52.3263756402821,1280.46930712736,0,0,309.947490086168,3111.84304737918,0,0,0,0,0,130.164033669476,0,624.965590764493,5.52396997805064,0,0
"311",1990.00273972603,52.3196529275471,1280.4608966169,0,0,309.839384800636,3111.80097195733,0,0.145547009204054,0.0151332231947807,0.150180707379186,0,130.179166892671,0,625.115771471872,5.52328040717047,0,0
"312",1990.00273972603,52.3196529275471,1280.4608966169,0,0,309.839384800636,3111.80097195733,0,0.145547009204054,0.0151332231947807,0.150180707379186,0,130.179166892671,0,625.115771471872,5.52328040717047,0,0
"313",1990.00273972603,52.3196529275471,1280.4608966169,0,0,309.839384800636,3111.80097195733,0,0.145547009204054,0.0151332231947807,0.150180707379186,0,130.179166892671,0,625.115771471872,5.52328040717047,0,0
"314",1990.00273972603,52.3196529275471,1280.4608966169,0,0,309.839384800636,3111.80097195733,0,0.145547009204054,0.0151332231947807,0.150180707379186,0,130.179166892671,0,625.115771471872,5.52328040717047,0,0
"315",1990.00273972603,52.3196529275471,1280.4608966169,0,0,309.839384800636,3111.80097195733,0,0.145547009204054,0.0151332231947807,0.150180707379186,0,130.179166892671,0,625.115771471872,5.52328040717047,0,0
"316",1990.00273972603,52.3196529275471,1280.4608966169,0,0,309.839384800636,3111.80097195733,0,0.145547009204054,0.0151332231947807,0.150180707379186,0,130.179166892671,0,625.115771471872,5.52328040717047,0,0
"317",1990.20273972603,51.8672728143654,1279.81339050019,0,0,302.264428918448,3108.51828941772,0,10.7556818345803,1.11501945308817,11.0078191291804,0,131.279053122565,0,635.973409893673,5.47682621067075,0,0
"318",1990.20273972603,51.8672728143654,1279.81339050019,0,0,302.264428918448,3108.51828941772,0,10.7556818345803,1.11501945308817,11.0078191291804,0,131.279053122565,0,635.973409893673,5.47682621067075,0,0
"319",1990.20273972603,51.8672728143654,1279.81339050019,0,0,302.264428918448,3108.51828941772,0,10.7556818345803,1.11501945308817,11.0078191291804,0,131.279053122565,0,635.973409893673,5.47682621067075,0,0
"320",1990.20273972603,51.8672728143654,1279.81339050019,0,0,302.264428918448,3108.51828941772,0,10.7556818345803,1.11501945308817,11.0078191291804,0,131.279053122565,0,635.973409893673,5.47682621067075,0,0
"321",1990.20273972603,51.8672728143654,1279.81339050019,0,0,302.264428918448,3108.51828941772,0,10.7556818345803,1.11501945308817,11.0078191291804,0,131.279053122565,0,635.973409893673,5.47682621067075,0,0
"322",1990.20273972603,51.8672728143654,1279.81339050019,0,0,302.264428918448,3108.51828941772,0,10.7556818345803,1.11501945308817,11.0078191291804,0,131.279053122565,0,635.973409893673,5.47682621067075,0,0
"323",1990.20273972603,51.8672728143654,1279.81339050019,0,0,302.264428918448,3108.51828941772,0,10.7556818345803,1.11501945308817,11.0078191291804,0,131.279053122565,0,635.973409893673,5.47682621067075,0,0
"324",1991,50.6355844599841,1276.73729130177,0,0,277.449202987563,3091.86727963387,0,52.819369479498,5.42280700588896,52.4740548439104,0,135.586840675365,0,677.439645608403,7.50446742339907,0,0
"325",1991,50.6355844599841,1276.73729130177,0,0,277.449202987563,3091.86727963387,0,0,0,0,0,135.586840675365,0,677.439645608403,7.50446742339907,0,0
"326",1991,50.6355844599841,1276.73729130177,0,0,277.449202987563,3091.86727963387,0,0,0,0,0,135.586840675365,0,677.439645608403,7.50446742339907,0,0
"327",1991.00273972603,50.6266042542315,1276.72571249035,0,0,277.462670542366,3091.80168712863,0,0.263149099108997,0.020559017172408,0.0521249504373045,0,135.607399692538,0,677.49177055884,7.50360778656794,0,0
"328",1991.00273972603,50.6266042542315,1276.72571249035,0,0,277.462670542366,3091.80168712863,0,0.263149099108997,0.020559017172408,0.0521249504373045,0,135.607399692538,0,677.49177055884,7.50360778656794,0,0
"329",1991.00273972603,50.6266042542315,1276.72571249035,0,0,277.462670542366,3091.80168712863,0,0.263149099108997,0.020559017172408,0.0521249504373045,0,135.607399692538,0,677.49177055884,7.50360778656794,0,0
"330",1991.00273972603,50.6266042542315,1276.72571249035,0,0,277.462670542366,3091.80168712863,0,0.263149099108997,0.020559017172408,0.0521249504373045,0,135.607399692538,0,677.49177055884,7.50360778656794,0,0
"331",1991.00273972603,50.6266042542315,1276.72571249035,0,0,277.462670542366,3091.80168712863,0,0.263149099108997,0.020559017172408,0.0521249504373045,0,135.607399692538,0,677.49177055884,7.50360778656794,0,0
"332",1991.00273972603,50.6266042542315,1276.72571249035,0,0,277.462670542366,3091.80168712863,0,0.263149099108997,0.020559017172408,0.0521249504373045,0,135.607399692538,0,677.49177055884,7.50360778656794,0,0
"333",1991.20273972603,50.0218608291648,1275.83570728018,0,0,278.397150100045,3087.05700392145,0,19.4809331300874,1.51530765240718,3.86232859994656,0,137.102148327772,0,681.30197420835,7.44532615369503,0,0
"334",1991.20273972603,50.0218608291648,1275.83570728018,0,0,278.397150100045,3087.05700392145,0,19.4809331300874,1.51530765240718,3.86232859994656,0,137.102148327772,0,681.30197420835,7.44532615369503,0,0
"335",1991.20273972603,50.0218608291648,1275.83570728018,0,0,278.397150100045,3087.05700392145,0,19.4809331300874,1.51530765240718,3.86232859994656,0,137.102148327772,0,681.30197420835,7.44532615369503,0,0
"336",1991.20273972603,50.0218608291648,1275.83570728018,0,0,278.397150100045,3087.05700392145,0,19.4809331300874,1.51530765240718,3.86232859994656,0,137.102148327772,0,681.30197420835,7.44532615369503,0,0
"337",1991.20273972603,50.0218608291648,1275.83570728018,0,0,278.397150100045,3087.05700392145,0,19.4809331300874,1.51530765240718,3.86232859994656,0,137.102148327772,0,681.30197420835,7.44532615369503,0,0
"338",1991.20273972603,50.0218608291648,1275.83570728018,0,0,278.397150100045,3087.05700392145,0,19.4809331300874,1.51530765240718,3.86232859994656,0,137.102148327772,0,681.30197420835,7.44532615369503,0,0
"339",1991.20273972603,50.0218608291648,1275.83570728018,0,0,278.397150100045,3087.05700392145,0,19.4809331300874,1.51530765240718,3.86232859994656,0,137.102148327772,0,681.30197420835,7.44532615369503,0,0
"340",1992,48.3669663416085,1271.62610439873,0,0,281.277169011699,3068.90539795469,0,96.2182727736258,7.37980502141508,19.1339156550517,0,142.96664569678,0,696.573561263455,7.28197616586064,0,0
"341",1992,48.3669663416085,1271.62610439873,0,0,281.277169011699,3068.90539795469,0,0,0,0,0,142.96664569678,0,696.573561263455,7.28197616586064,0,0
"342",1992,48.3669663416085,1271.62610439873,0,0,281.277169011699,3068.90539795469,0,0,0,0,0,142.96664569678,0,696.573561263455,7.28197616586064,0,0
"343",1992.00273972603,48.3628286556792,1271.61029202893,0,0,281.285008514526,3068.84489065891,0,0.263241299695118,0.0199500557368772,0.0526677929457258,0,142.986595752517,0,696.626229056401,7.28156050701285,0,0
"344",1992.00273972603,48.3628286556792,1271.61029202893,0,0,281.285008514526,3068.84489065891,0,0.263241299695118,0.0199500557368772,0.0526677929457258,0,142.986595752517,0,696.626229056401,7.28156050701285,0,0
"345",1992.00273972603,48.3628286556792,1271.61029202893,0,0,281.285008514526,3068.84489065891,0,0.263241299695118,0.0199500557368772,0.0526677929457258,0,142.986595752517,0,696.626229056401,7.28156050701285,0,0
"346",1992.00273972603,48.3628286556792,1271.61029202893,0,0,281.285008514526,3068.84489065891,0,0.263241299695118,0.0199500557368772,0.0526677929457258,0,142.986595752517,0,696.626229056401,7.28156050701285,0,0
"347",1992.00273972603,48.3628286556792,1271.61029202893,0,0,281.285008514526,3068.84489065891,0,0.263241299695118,0.0199500557368772,0.0526677929457258,0,142.986595752517,0,696.626229056401,7.28156050701285,0,0
"348",1992.00273972603,48.3628286556792,1271.61029202893,0,0,281.285008514526,3068.84489065891,0,0.263241299695118,0.0199500557368772,0.0526677929457258,0,142.986595752517,0,696.626229056401,7.28156050701285,0,0
"349",1992.20273972603,48.0818794692975,1270.43782666143,0,0,281.823709123515,3064.45861586225,0,19.4842518853143,1.47336460961602,3.90024198062451,0,144.440010306396,0,700.47380324408,7.25324099560443,0,0
"350",1992.20273972603,48.0818794692975,1270.43782666143,0,0,281.823709123515,3064.45861586225,0,19.4842518853143,1.47336460961602,3.90024198062451,0,144.440010306396,0,700.47380324408,7.25324099560443,0,0
"351",1992.20273972603,48.0818794692975,1270.43782666143,0,0,281.823709123515,3064.45861586225,0,19.4842518853143,1.47336460961602,3.90024198062451,0,144.440010306396,0,700.47380324408,7.25324099560443,0,0
"352",1992.20273972603,48.0818794692975,1270.43782666143,0,0,281.823709123515,3064.45861586225,0,19.4842518853143,1.47336460961602,3.90024198062451,0,144.440010306396,0,700.47380324408,7.25324099560443,0,0
"353",1992.20273972603,48.0818794692975,1270.43782666143,0,0,281.823709123515,3064.45861586225,0,19.4842518853143,1.47336460961602,3.90024198062451,0,144.440010306396,0,700.47380324408,7.25324099560443,0,0
"354",1992.20273972603,48.0818794692975,1270.43782666143,0,0,281.823709123515,3064.45861586225,0,19.4842518853143,1.47336460961602,3.90024198062451,0,144.440010306396,0,700.47380324408,7.25324099560443,0,0
"355",1992.20273972603,48.0818794692975,1270.43782666143,0,0,281.823709123515,3064.45861586225,0,19.4842518853143,1.47336460961602,3.90024198062451,0,144.440010306396,0,700.47380324408,7.25324099560443,0,0
"356",1993,47.275281752432,1265.49735305609,0,0,283.38731424225,3047.51284665799,0,96.1747890108879,7.22043593182313,19.2824060661498,0,150.187081628603,0,715.855967329605,7.17053191731641,0,0
"357",1993,47.275281752432,1265.49735305609,0,0,283.38731424225,3047.51284665799,0,0,0,0,0,150.187081628603,0,715.855967329605,7.17053191731641,0,0
"358",1993,47.275281752432,1265.49735305609,0,0,283.38731424225,3047.51284665799,0,0,0,0,0,150.187081628603,0,715.855967329605,7.17053191731641,0,0
"359",1993.00273972603,47.2731516331006,1265.47983818462,0,0,283.391265695265,3047.45593992645,0,0.262932661495722,0.019644990799508,0.0529552785234882,0,150.206726619403,0,715.908922608128,7.17030943837713,0,0
"360",1993.00273972603,47.2731516331006,1265.47983818462,0,0,283.391265695265,3047.45593992645,0,0.262932661495722,0.019644990799508,0.0529552785234882,0,150.206726619403,0,715.908922608128,7.17030943837713,0,0
"361",1993.00273972603,47.2731516331006,1265.47983818462,0,0,283.391265695265,3047.45593992645,0,0.262932661495722,0.019644990799508,0.0529552785234882,0,150.206726619403,0,715.908922608128,7.17030943837713,0,0
"362",1993.00273972603,47.2731516331006,1265.47983818462,0,0,283.391265695265,3047.45593992645,0,0.262932661495722,0.019644990799508,0.0529552785234882,0,150.206726619403,0,715.908922608128,7.17030943837713,0,0
"363",1993.00273972603,47.2731516331006,1265.47983818462,0,0,283.391265695265,3047.45593992645,0,0.262932661495722,0.019644990799508,0.0529552785234882,0,150.206726619403,0,715.908922608128,7.17030943837713,0,0
"364",1993.00273972603,47.2731516331006,1265.47983818462,0,0,283.391265695265,3047.45593992645,0,0.262932661495722,0.019644990799508,0.0529552785234882,0,150.206726619403,0,715.908922608128,7.17030943837713,0,0
"365",1993.20273972603,47.1263948405293,1264.19410083904,0,0,283.656523415474,3043.32363206821,0,19.4591461071609,1.45213912894426,3.92000541655946,0,151.639220757548,0,719.775972746164,7.15490242372759,0,0
"366",1993.20273972603,47.1263948405293,1264.19410083904,0,0,283.656523415474,3043.32363206821,0,19.4591461071609,1.45213912894426,3.92000541655946,0,151.639220757548,0,719.775972746164,7.15490242372759,0,0
"367",1993.20273972603,47.1263948405293,1264.19410083904,0,0,283.656523415474,3043.32363206821,0,19.4591461071609,1.45213912894426,3.92000541655946,0,151.639220757548,0,719.775972746164,7.15490242372759,0,0
"368",1993.20273972603,47.1263948405293,1264.19410083904,0,0,283.656523415474,3043.32363206821,0,19.4591461071609,1.45213912894426,3.92000541655946,0,151.639220757548,0,719.775972746164,7.15490242372759,0,0
"369",1993.20273972603,47.1263948405293,1264.19410083904,0,0,283.656523415474,3043.32363206821,0,19.4591461071609,1.45213912894426,3.92000541655946,0,151.639220757548,0,719.775972746164,7.15490242372759,0,0
"370",1993.20273972603,47.1263948405293,1264.19410083904,0,0,283.656523415474,3043.32363206821,0,19.4591461071609,1.45213912894426,3.92000541655946,0,151.639220757548,0,719.775972746164,7.15490242372759,0,0
"371",1993.20273972603,47.1263948405293,1264.19410083904,0,0,283.656523415474,3043.32363206821,0,19.4591461071609,1.45213912894426,3.92000541655946,0,151.639220757548,0,719.775972746164,7.15490242372759,0,0
"372",1994,46.6713404186183,1258.96553182097,0,0,284.310914763998,3027.23592848083,0,96.0119328865311,7.13576256892739,19.3533176554142,0,157.322844197531,0,735.209284985019,0,0,0
"373",1995,51.2554079664655,1254.38146279836,0,0,301.295924446955,3010.25090406906,0,96.0119451933257,7.13576404369535,19.3533323842254,0,157.322845672299,0,735.20929971383,5.35007490209335,0,0
"374",1995,51.2554079664655,1254.38146279836,0,0,301.295924446955,3010.25090406906,0,0,0,0,0,157.322845672299,0,735.20929971383,5.35007490209335,0,0
"375",1995,51.2554079664655,1254.38146279836,0,0,301.295924446955,3010.25090406906,0,0,0,0,0,157.322845672299,0,735.20929971383,5.35007490209335,0,0
"376",1995.00273972603,51.2490001799363,1254.37321368667,0,0,301.189110750039,3010.21134768555,0,0.122315812707707,0.0146568982137525,0.146370080419228,0,157.337502570513,0,735.35566979425,5.34945852122057,0,0
"377",1995.00273972603,51.2490001799363,1254.37321368667,0,0,301.189110750039,3010.21134768555,0,0.122315812707707,0.0146568982137525,0.146370080419228,0,157.337502570513,0,735.35566979425,5.34945852122057,0,0
"378",1995.00273972603,51.2490001799363,1254.37321368667,0,0,301.189110750039,3010.21134768555,0,0.122315812707707,0.0146568982137525,0.146370080419228,0,157.337502570513,0,735.35566979425,5.34945852122057,0,0
"379",1995.00273972603,51.2490001799363,1254.37321368667,0,0,301.189110750039,3010.21134768555,0,0.122315812707707,0.0146568982137525,0.146370080419228,0,157.337502570513,0,735.35566979425,5.34945852122057,0,0
"380",1995.00273972603,51.2490001799363,1254.37321368667,0,0,301.189110750039,3010.21134768555,0,0.122315812707707,0.0146568982137525,0.146370080419228,0,157.337502570513,0,735.35566979425,5.34945852122057,0,0
"381",1995.00273972603,51.2490001799363,1254.37321368667,0,0,301.189110750039,3010.21134768555,0,0.122315812707707,0.0146568982137525,0.146370080419228,0,157.337502570513,0,735.35566979425,5.34945852122057,0,0
"382",1995.20273972603,50.8174878372024,1253.73910108571,0,0,293.705061037412,3007.11458878575,0,9.04314597607282,1.08028184191353,10.727178692844,0,158.403127514212,0,745.936478406675,5.30788913177179,0,0
"383",1995.20273972603,50.8174878372024,1253.73910108571,0,0,293.705061037412,3007.11458878575,0,9.04314597607282,1.08028184191353,10.727178692844,0,158.403127514212,0,745.936478406675,5.30788913177179,0,0
"384",1995.20273972603,50.8174878372024,1253.73910108571,0,0,293.705061037412,3007.11458878575,0,9.04314597607282,1.08028184191353,10.727178692844,0,158.403127514212,0,745.936478406675,5.30788913177179,0,0
"385",1995.20273972603,50.8174878372024,1253.73910108571,0,0,293.705061037412,3007.11458878575,0,9.04314597607282,1.08028184191353,10.727178692844,0,158.403127514212,0,745.936478406675,5.30788913177179,0,0
"386",1995.20273972603,50.8174878372024,1253.73910108571,0,0,293.705061037412,3007.11458878575,0,9.04314597607282,1.08028184191353,10.727178692844,0,158.403127514212,0,745.936478406675,5.30788913177179,0,0
"387",1995.20273972603,50.8174878372024,1253.73910108571,0,0,293.705061037412,3007.11458878575,0,9.04314597607282,1.08028184191353,10.727178692844,0,158.403127514212,0,745.936478406675,5.30788913177179,0,0
"388",1995.20273972603,50.8174878372024,1253.73910108571,0,0,293.705061037412,3007.11458878575,0,9.04314597607282,1.08028184191353,10.727178692844,0,158.403127514212,0,745.936478406675,5.30788913177179,0,0
"389",1996,49.6360790090559,1250.73892446464,0,0,269.199106582994,2991.23877462183,0,44.475042679986,5.26186729112589,51.1089473111867,0,162.584712963425,0,786.318247025018,7.33276664374577,0,0
"390",1996,49.6360790090559,1250.73892446464,0,0,269.199106582994,2991.23877462183,0,0,0,0,0,162.584712963425,0,786.318247025018,7.33276664374577,0,0
"391",1996,49.6360790090559,1250.73892446464,0,0,269.199106582994,2991.23877462183,0,0,0,0,0,162.584712963425,0,786.318247025018,7.33276664374577,0,0
"392",1996.00273972603,49.6272678912398,1250.72764694818,0,0,269.211350682182,2991.17592581499,0,0.257541995057438,0.0200886342802258,0.050604707656782,0,162.604801597705,0,786.368851732674,7.33192919079565,0,0
"393",1996.00273972603,49.6272678912398,1250.72764694818,0,0,269.211350682182,2991.17592581499,0,0.257541995057438,0.0200886342802258,0.050604707656782,0,162.604801597705,0,786.368851732674,7.33192919079565,0,0
"394",1996.00273972603,49.6272678912398,1250.72764694818,0,0,269.211350682182,2991.17592581499,0,0.257541995057438,0.0200886342802258,0.050604707656782,0,162.604801597705,0,786.368851732674,7.33192919079565,0,0
"395",1996.00273972603,49.6272678912398,1250.72764694818,0,0,269.211350682182,2991.17592581499,0,0.257541995057438,0.0200886342802258,0.050604707656782,0,162.604801597705,0,786.368851732674,7.33192919079565,0,0
"396",1996.00273972603,49.6272678912398,1250.72764694818,0,0,269.211350682182,2991.17592581499,0,0.257541995057438,0.0200886342802258,0.050604707656782,0,162.604801597705,0,786.368851732674,7.33192919079565,0,0
"397",1996.00273972603,49.6272678912398,1250.72764694818,0,0,269.211350682182,2991.17592581499,0,0.257541995057438,0.0200886342802258,0.050604707656782,0,162.604801597705,0,786.368851732674,7.33192919079565,0,0
"398",1996.20273972603,49.0338915465015,1249.86045711052,0,0,270.060151325963,2986.62835083701,0,19.065503546878,1.48065481667388,3.74937904184901,0,164.065367780099,0,790.067626066866,7.27513919191084,0,0
"399",1996.20273972603,49.0338915465015,1249.86045711052,0,0,270.060151325963,2986.62835083701,0,19.065503546878,1.48065481667388,3.74937904184901,0,164.065367780099,0,790.067626066866,7.27513919191084,0,0
"400",1996.20273972603,49.0338915465015,1249.86045711052,0,0,270.060151325963,2986.62835083701,0,19.065503546878,1.48065481667388,3.74937904184901,0,164.065367780099,0,790.067626066866,7.27513919191084,0,0
"401",1996.20273972603,49.0338915465015,1249.86045711052,0,0,270.060151325963,2986.62835083701,0,19.065503546878,1.48065481667388,3.74937904184901,0,164.065367780099,0,790.067626066866,7.27513919191084,0,0
"402",1996.20273972603,49.0338915465015,1249.86045711052,0,0,270.060151325963,2986.62835083701,0,19.065503546878,1.48065481667388,3.74937904184901,0,164.065367780099,0,790.067626066866,7.27513919191084,0,0
"403",1996.20273972603,49.0338915465015,1249.86045711052,0,0,270.060151325963,2986.62835083701,0,19.065503546878,1.48065481667388,3.74937904184901,0,164.065367780099,0,790.067626066866,7.27513919191084,0,0
"404",1996.20273972603,49.0338915465015,1249.86045711052,0,0,270.060151325963,2986.62835083701,0,19.065503546878,1.48065481667388,3.74937904184901,0,164.065367780099,0,790.067626066866,7.27513919191084,0,0
"405",1997,47.4099603960007,1245.75379893884,0,0,272.66186950313,2969.20696722073,0,94.1606049420415,7.21124413885427,18.5690444809639,0,169.795957102279,0,804.887291505981,7.11581360142604,0,0
"406",1997,47.4099603960007,1245.75379893884,0,0,272.66186950313,2969.20696722073,0,0,0,0,0,169.795957102279,0,804.887291505981,7.11581360142604,0,0
"407",1997,47.4099603960007,1245.75379893884,0,0,272.66186950313,2969.20696722073,0,0,0,0,0,169.795957102279,0,804.887291505981,7.11581360142604,0,0
"408",1997.00273972603,47.4059001004913,1245.73836440503,0,0,272.668906912221,2969.14883354528,0,0.257584105901492,0.0194948293168069,0.0510962663576828,0,169.815451931596,0,804.938387772339,7.11540781868183,0,0
"409",1997.00273972603,47.4059001004913,1245.73836440503,0,0,272.668906912221,2969.14883354528,0,0.257584105901492,0.0194948293168069,0.0510962663576828,0,169.815451931596,0,804.938387772339,7.11540781868183,0,0
"410",1997.00273972603,47.4059001004913,1245.73836440503,0,0,272.668906912221,2969.14883354528,0,0.257584105901492,0.0194948293168069,0.0510962663576828,0,169.815451931596,0,804.938387772339,7.11540781868183,0,0
"411",1997.00273972603,47.4059001004913,1245.73836440503,0,0,272.668906912221,2969.14883354528,0,0.257584105901492,0.0194948293168069,0.0510962663576828,0,169.815451931596,0,804.938387772339,7.11540781868183,0,0
"412",1997.00273972603,47.4059001004913,1245.73836440503,0,0,272.668906912221,2969.14883354528,0,0.257584105901492,0.0194948293168069,0.0510962663576828,0,169.815451931596,0,804.938387772339,7.11540781868183,0,0
"413",1997.00273972603,47.4059001004913,1245.73836440503,0,0,272.668906912221,2969.14883354528,0,0.257584105901492,0.0194948293168069,0.0510962663576828,0,169.815451931596,0,804.938387772339,7.11540781868183,0,0
"414",1997.20273972603,47.1302112240813,1244.5938007864,0,0,273.15157688504,2964.9336081098,0,19.0652923459194,1.43974732435827,3.78365172901967,0,171.235704426637,0,808.670943235,7.08775578803544,0,0
"415",1997.20273972603,47.1302112240813,1244.5938007864,0,0,273.15157688504,2964.9336081098,0,19.0652923459194,1.43974732435827,3.78365172901967,0,171.235704426637,0,808.670943235,7.08775578803544,0,0
"416",1997.20273972603,47.1302112240813,1244.5938007864,0,0,273.15157688504,2964.9336081098,0,19.0652923459194,1.43974732435827,3.78365172901967,0,171.235704426637,0,808.670943235,7.08775578803544,0,0
"417",1997.20273972603,47.1302112240813,1244.5938007864,0,0,273.15157688504,2964.9336081098,0,19.0652923459194,1.43974732435827,3.78365172901967,0,171.235704426637,0,808.670943235,7.08775578803544,0,0
"418",1997.20273972603,47.1302112240813,1244.5938007864,0,0,273.15157688504,2964.9336081098,0,19.0652923459194,1.43974732435827,3.78365172901967,0,171.235704426637,0,808.670943235,7.08775578803544,0,0
"419",1997.20273972603,47.1302112240813,1244.5938007864,0,0,273.15157688504,2964.9336081098,0,19.0652923459194,1.43974732435827,3.78365172901967,0,171.235704426637,0,808.670943235,7.08775578803544,0,0
"420",1997.20273972603,47.1302112240813,1244.5938007864,0,0,273.15157688504,2964.9336081098,0,19.0652923459194,1.43974732435827,3.78365172901967,0,171.235704426637,0,808.670943235,7.08775578803544,0,0
"421",1998,46.3388963684186,1239.76916618959,0,0,274.535673643151,2948.63090915423,0,94.1026786461544,7.0556967768384,18.7022539264765,0,176.851653879117,0,823.589545432457,7.00692903207784,0,0
"422",1998,46.3388963684186,1239.76916618959,0,0,274.535673643151,2948.63090915423,0,0,0,0,0,176.851653879117,0,823.589545432457,7.00692903207784,0,0
"423",1998,46.3388963684186,1239.76916618959,0,0,274.535673643151,2948.63090915423,0,0,0,0,0,176.851653879117,0,823.589545432457,7.00692903207784,0,0
"424",1998.00273972603,46.3368070637386,1239.75205872387,0,0,274.539115613281,2948.57611695808,0,0.257245018740374,0.0191967703970014,0.0513502260195972,0,176.870850649514,0,823.640895658477,7.00671144664612,0,0
"425",1998.00273972603,46.3368070637386,1239.75205872387,0,0,274.539115613281,2948.57611695808,0,0.257245018740374,0.0191967703970014,0.0513502260195972,0,176.870850649514,0,823.640895658477,7.00671144664612,0,0
"426",1998.00273972603,46.3368070637386,1239.75205872387,0,0,274.539115613281,2948.57611695808,0,0.257245018740374,0.0191967703970014,0.0513502260195972,0,176.870850649514,0,823.640895658477,7.00671144664612,0,0
"427",1998.00273972603,46.3368070637386,1239.75205872387,0,0,274.539115613281,2948.57611695808,0,0.257245018740374,0.0191967703970014,0.0513502260195972,0,176.870850649514,0,823.640895658477,7.00671144664612,0,0
"428",1998.00273972603,46.3368070637386,1239.75205872387,0,0,274.539115613281,2948.57611695808,0,0.257245018740374,0.0191967703970014,0.0513502260195972,0,176.870850649514,0,823.640895658477,7.00671144664612,0,0
"429",1998.00273972603,46.3368070637386,1239.75205872387,0,0,274.539115613281,2948.57611695808,0,0.257245018740374,0.0191967703970014,0.0513502260195972,0,176.870850649514,0,823.640895658477,7.00671144664612,0,0
"430",1998.20273972603,46.1928746333301,1238.49618224139,0,0,274.768931530202,2944.59661014316,0,19.0380416623367,1.41900568328336,3.80104112401967,0,178.270659562401,0,827.390586556477,6.99164119563994,0,0
"431",1998.20273972603,46.1928746333301,1238.49618224139,0,0,274.768931530202,2944.59661014316,0,19.0380416623367,1.41900568328336,3.80104112401967,0,178.270659562401,0,827.390586556477,6.99164119563994,0,0
"432",1998.20273972603,46.1928746333301,1238.49618224139,0,0,274.768931530202,2944.59661014316,0,19.0380416623367,1.41900568328336,3.80104112401967,0,178.270659562401,0,827.390586556477,6.99164119563994,0,0
"433",1998.20273972603,46.1928746333301,1238.49618224139,0,0,274.768931530202,2944.59661014316,0,19.0380416623367,1.41900568328336,3.80104112401967,0,178.270659562401,0,827.390586556477,6.99164119563994,0,0
"434",1998.20273972603,46.1928746333301,1238.49618224139,0,0,274.768931530202,2944.59661014316,0,19.0380416623367,1.41900568328336,3.80104112401967,0,178.270659562401,0,827.390586556477,6.99164119563994,0,0
"435",1998.20273972603,46.1928746333301,1238.49618224139,0,0,274.768931530202,2944.59661014316,0,19.0380416623367,1.41900568328336,3.80104112401967,0,178.270659562401,0,827.390586556477,6.99164119563994,0,0
"436",1998.20273972603,46.1928746333301,1238.49618224139,0,0,274.768931530202,2944.59661014316,0,19.0380416623367,1.41900568328336,3.80104112401967,0,178.270659562401,0,827.390586556477,6.99164119563994,0,0
"437",1999,45.7467811256086,1233.3883736507,0,0,275.312587361838,2929.09067752666,0,93.9307655909887,6.97290778169473,18.7633179088846,0,183.824561660812,0,842.352863341342,4.79525668931268,0,0
"438",1999,45.7467811256086,1233.3883736507,0,0,275.312587361838,2929.09067752666,0,0,0,0,0,183.824561660812,0,842.352863341342,4.79525668931268,0,0
"439",1999,45.7467811256086,1233.3883736507,0,0,275.312587361838,2929.09067752666,0,0,0,0,0,183.824561660812,0,842.352863341342,4.79525668931268,0,0
"440",1999.00273972603,45.7513888052057,1233.37062766615,0,0,275.325657278531,2929.03828045236,0,0.0967024431561565,0.0131383049517236,0.0393271576117729,0,183.837699965764,0,842.392190498954,4.79570980931318,0,0
"441",1999.00273972603,45.7513888052057,1233.37062766615,0,0,275.325657278531,2929.03828045236,0,0.0967024431561565,0.0131383049517236,0.0393271576117729,0,183.837699965764,0,842.392190498954,4.79570980931318,0,0
"442",1999.00273972603,45.7513888052057,1233.37062766615,0,0,275.325657278531,2929.03828045236,0,0.0967024431561565,0.0131383049517236,0.0393271576117729,0,183.837699965764,0,842.392190498954,4.79570980931318,0,0
"443",1999.00273972603,45.7513888052057,1233.37062766615,0,0,275.325657278531,2929.03828045236,0,0.0967024431561565,0.0131383049517236,0.0393271576117729,0,183.837699965764,0,842.392190498954,4.79570980931318,0,0
"444",1999.00273972603,45.7513888052057,1233.37062766615,0,0,275.325657278531,2929.03828045236,0,0.0967024431561565,0.0131383049517236,0.0393271576117729,0,183.837699965764,0,842.392190498954,4.79570980931318,0,0
"445",1999.00273972603,45.7513888052057,1233.37062766615,0,0,275.325657278531,2929.03828045236,0,0.0967024431561565,0.0131383049517236,0.0393271576117729,0,183.837699965764,0,842.392190498954,4.79570980931318,0,0
"446",1999.20273972603,46.0560965012935,1232.10367530916,0,0,276.23475515123,2925.25284741967,0,7.16310334794865,0.975382965852752,2.91566231759851,0,184.799944626665,0,845.26852565894,4.82576380463833,0,0
"447",1999.20273972603,46.0560965012935,1232.10367530916,0,0,276.23475515123,2925.25284741967,0,7.16310334794865,0.975382965852752,2.91566231759851,0,184.799944626665,0,845.26852565894,4.82576380463833,0,0
"448",1999.20273972603,46.0560965012935,1232.10367530916,0,0,276.23475515123,2925.25284741967,0,7.16310334794865,0.975382965852752,2.91566231759851,0,184.799944626665,0,845.26852565894,4.82576380463833,0,0
"449",1999.20273972603,46.0560965012935,1232.10367530916,0,0,276.23475515123,2925.25284741967,0,7.16310334794865,0.975382965852752,2.91566231759851,0,184.799944626665,0,845.26852565894,4.82576380463833,0,0
"450",1999.20273972603,46.0560965012935,1232.10367530916,0,0,276.23475515123,2925.25284741967,0,7.16310334794865,0.975382965852752,2.91566231759851,0,184.799944626665,0,845.26852565894,4.82576380463833,0,0
"451",1999.20273972603,46.0560965012935,1232.10367530916,0,0,276.23475515123,2925.25284741967,0,7.16310334794865,0.975382965852752,2.91566231759851,0,184.799944626665,0,845.26852565894,4.82576380463833,0,0
"452",1999.20273972603,46.0560965012935,1232.10367530916,0,0,276.23475515123,2925.25284741967,0,7.16310334794865,0.975382965852752,2.91566231759851,0,184.799944626665,0,845.26852565894,4.82576380463833,0,0
"453",2000,46.8007294851328,1227.47784259009,0,0,279.079863626271,2910.85369846883,0,35.4315300552573,4.85658270108684,14.469702793393,0,188.681144361899,0,856.822566134735,1.90420646606306,0,0
"454",2000,46.8007294851328,1227.47784259009,0,0,279.079863626271,2910.85369846883,0,0,0,0,0,188.681144361899,0,856.822566134735,1.90420646606306,0,0
"455",2000,46.8007294851328,1227.47784259009,0,0,279.079863626271,2910.85369846883,0,0,0,0,0,188.681144361899,0,856.822566134735,1.90420646606306,0,0
"456",2000.00273972603,46.8105268489984,1227.46282770921,0,0,279.096441770919,2910.80591128839,0,0.0522188116448501,0.00521751701782007,0.0312090357970342,0,188.686361878917,0,856.853775170532,1.90458245145216,0,0
"457",2000.00273972603,46.8105268489984,1227.46282770921,0,0,279.096441770919,2910.80591128839,0,0.0522188116448501,0.00521751701782007,0.0312090357970342,0,188.686361878917,0,856.853775170532,1.90458245145216,0,0
"458",2000.00273972603,46.8105268489984,1227.46282770921,0,0,279.096441770919,2910.80591128839,0,0.0522188116448501,0.00521751701782007,0.0312090357970342,0,188.686361878917,0,856.853775170532,1.90458245145216,0,0
"459",2000.00273972603,46.8105268489984,1227.46282770921,0,0,279.096441770919,2910.80591128839,0,0.0522188116448501,0.00521751701782007,0.0312090357970342,0,188.686361878917,0,856.853775170532,1.90458245145216,0,0
"460",2000.00273972603,46.8105268489984,1227.46282770921,0,0,279.096441770919,2910.80591128839,0,0.0522188116448501,0.00521751701782007,0.0312090357970342,0,188.686361878917,0,856.853775170532,1.90458245145216,0,0
"461",2000.00273972603,46.8105268489984,1227.46282770921,0,0,279.096441770919,2910.80591128839,0,0.0522188116448501,0.00521751701782007,0.0312090357970342,0,188.686361878917,0,856.853775170532,1.90458245145216,0,0
"462",2000.20273972603,47.4676232971735,1226.42222143871,0,0,280.254372643699,2907.36310997398,0,3.89450172233007,0.388727339340246,2.31607947742891,0,189.069871701239,0,859.138645612164,1.92980236848913,0,0
"463",2000.20273972603,47.4676232971735,1226.42222143871,0,0,280.254372643699,2907.36310997398,0,3.89450172233007,0.388727339340246,2.31607947742891,0,189.069871701239,0,859.138645612164,1.92980236848913,0,0
"464",2000.20273972603,47.4676232971735,1226.42222143871,0,0,280.254372643699,2907.36310997398,0,3.89450172233007,0.388727339340246,2.31607947742891,0,189.069871701239,0,859.138645612164,1.92980236848913,0,0
"465",2000.20273972603,47.4676232971735,1226.42222143871,0,0,280.254372643699,2907.36310997398,0,3.89450172233007,0.388727339340246,2.31607947742891,0,189.069871701239,0,859.138645612164,1.92980236848913,0,0
"466",2000.20273972603,47.4676232971735,1226.42222143871,0,0,280.254372643699,2907.36310997398,0,3.89450172233007,0.388727339340246,2.31607947742891,0,189.069871701239,0,859.138645612164,1.92980236848913,0,0
"467",2000.20273972603,47.4676232971735,1226.42222143871,0,0,280.254372643699,2907.36310997398,0,3.89450172233007,0.388727339340246,2.31607947742891,0,189.069871701239,0,859.138645612164,1.92980236848913,0,0
"468",2000.20273972603,47.4676232971735,1226.42222143871,0,0,280.254372643699,2907.36310997398,0,3.89450172233007,0.388727339340246,2.31607947742891,0,189.069871701239,0,859.138645612164,1.92980236848913,0,0
"469",2001,49.2094866854018,1223.11207852952,0,0,283.966952502972,2894.43606343538,0,19.6653106757133,1.95700686030104,11.5305461567608,0,190.6381512222,0,868.353112291496,7.39511993850242,0,0
"470",2001,49.2094866854018,1223.11207852952,0,0,283.966952502972,2894.43606343538,0,0,0,0,0,190.6381512222,0,868.353112291496,7.39511993850242,0,0
"471",2001,49.2094866854018,1223.11207852952,0,0,283.966952502972,2894.43606343538,0,0,0,0,0,190.6381512222,0,868.353112291496,7.39511993850242,0,0
"472",2001.00273972603,49.1988690829134,1223.10243724369,0,0,283.957102931084,2894.39358315135,0,0.193546246970204,0.0202588883221429,0.0523298559158708,0,190.658410110522,0,868.405442147412,7.39385903641032,0,0
"473",2001.00273972603,49.1988690829134,1223.10243724369,0,0,283.957102931084,2894.39358315135,0,0.193546246970204,0.0202588883221429,0.0523298559158708,0,190.658410110522,0,868.405442147412,7.39385903641032,0,0
"474",2001.00273972603,49.1988690829134,1223.10243724369,0,0,283.957102931084,2894.39358315135,0,0.193546246970204,0.0202588883221429,0.0523298559158708,0,190.658410110522,0,868.405442147412,7.39385903641032,0,0
"475",2001.00273972603,49.1988690829134,1223.10243724369,0,0,283.957102931084,2894.39358315135,0,0.193546246970204,0.0202588883221429,0.0523298559158708,0,190.658410110522,0,868.405442147412,7.39385903641032,0,0
"476",2001.00273972603,49.1988690829134,1223.10243724369,0,0,283.957102931084,2894.39358315135,0,0.193546246970204,0.0202588883221429,0.0523298559158708,0,190.658410110522,0,868.405442147412,7.39385903641032,0,0
"477",2001.00273972603,49.1988690829134,1223.10243724369,0,0,283.957102931084,2894.39358315135,0,0.193546246970204,0.0202588883221429,0.0523298559158708,0,190.658410110522,0,868.405442147412,7.39385903641032,0,0
"478",2001.20273972603,48.4864243242015,1222.34485282037,0,0,283.252555397523,2891.28251624988,0,14.3200465079167,1.49028807035035,3.86794429094144,0,192.128439292551,0,872.221056582438,7.3086281196604,0,0
"479",2001.20273972603,48.4864243242015,1222.34485282037,0,0,283.252555397523,2891.28251624988,0,14.3200465079167,1.49028807035035,3.86794429094144,0,192.128439292551,0,872.221056582438,7.3086281196604,0,0
"480",2001.20273972603,48.4864243242015,1222.34485282037,0,0,283.252555397523,2891.28251624988,0,14.3200465079167,1.49028807035035,3.86794429094144,0,192.128439292551,0,872.221056582438,7.3086281196604,0,0
"481",2001.20273972603,48.4864243242015,1222.34485282037,0,0,283.252555397523,2891.28251624988,0,14.3200465079167,1.49028807035035,3.86794429094144,0,192.128439292551,0,872.221056582438,7.3086281196604,0,0
"482",2001.20273972603,48.4864243242015,1222.34485282037,0,0,283.252555397523,2891.28251624988,0,14.3200465079167,1.49028807035035,3.86794429094144,0,192.128439292551,0,872.221056582438,7.3086281196604,0,0
"483",2001.20273972603,48.4864243242015,1222.34485282037,0,0,283.252555397523,2891.28251624988,0,14.3200465079167,1.49028807035035,3.86794429094144,0,192.128439292551,0,872.221056582438,7.3086281196604,0,0
"484",2001.20273972603,48.4864243242015,1222.34485282037,0,0,283.252555397523,2891.28251624988,0,14.3200465079167,1.49028807035035,3.86794429094144,0,192.128439292551,0,872.221056582438,7.3086281196604,0,0
"485",2002,46.5728739382597,1218.53499646748,0,0,280.695675023467,2878.71143809863,0,70.5884134351665,7.21369480917802,18.9959028162484,0,197.851846031378,0,887.349015107745,7.07244091731803,0,0
"486",2002,46.5728739382597,1218.53499646748,0,0,280.695675023467,2878.71143809863,0,0,0,0,0,197.851846031378,0,887.349015107745,7.07244091731803,0,0
"487",2002,46.5728739382597,1218.53499646748,0,0,280.695675023467,2878.71143809863,0,0,0,0,0,197.851846031378,0,887.349015107745,7.07244091731803,0,0
"488",2002.00273972603,46.56818394056,1218.52031072816,0,0,280.686840689514,2878.66783856543,0,0.33633595093844,0.0193757370284315,0.0524338671591047,0,197.871221768407,0,887.401448974904,7.07184137415975,0,0
"489",2002.00273972603,46.56818394056,1218.52031072816,0,0,280.686840689514,2878.66783856543,0,0.33633595093844,0.0193757370284315,0.0524338671591047,0,197.871221768407,0,887.401448974904,7.07184137415975,0,0
"490",2002.00273972603,46.56818394056,1218.52031072816,0,0,280.686840689514,2878.66783856543,0,0.33633595093844,0.0193757370284315,0.0524338671591047,0,197.871221768407,0,887.401448974904,7.07184137415975,0,0
"491",2002.00273972603,46.56818394056,1218.52031072816,0,0,280.686840689514,2878.66783856543,0,0.33633595093844,0.0193757370284315,0.0524338671591047,0,197.871221768407,0,887.401448974904,7.07184137415975,0,0
"492",2002.00273972603,46.56818394056,1218.52031072816,0,0,280.686840689514,2878.66783856543,0,0.33633595093844,0.0193757370284315,0.0524338671591047,0,197.871221768407,0,887.401448974904,7.07184137415975,0,0
"493",2002.00273972603,46.56818394056,1218.52031072816,0,0,280.686840689514,2878.66783856543,0,0.33633595093844,0.0193757370284315,0.0524338671591047,0,197.871221768407,0,887.401448974904,7.07184137415975,0,0
"494",2002.20273972603,46.2513455273104,1217.42695387958,0,0,280.054586958768,2875.47744437419,0,24.8781240556986,1.42957099885613,3.87508178914422,0,199.281417030234,0,891.224096896889,7.03108096015475,0,0
"495",2002.20273972603,46.2513455273104,1217.42695387958,0,0,280.054586958768,2875.47744437419,0,24.8781240556986,1.42957099885613,3.87508178914422,0,199.281417030234,0,891.224096896889,7.03108096015475,0,0
"496",2002.20273972603,46.2513455273104,1217.42695387958,0,0,280.054586958768,2875.47744437419,0,24.8781240556986,1.42957099885613,3.87508178914422,0,199.281417030234,0,891.224096896889,7.03108096015475,0,0
"497",2002.20273972603,46.2513455273104,1217.42695387958,0,0,280.054586958768,2875.47744437419,0,24.8781240556986,1.42957099885613,3.87508178914422,0,199.281417030234,0,891.224096896889,7.03108096015475,0,0
"498",2002.20273972603,46.2513455273104,1217.42695387958,0,0,280.054586958768,2875.47744437419,0,24.8781240556986,1.42957099885613,3.87508178914422,0,199.281417030234,0,891.224096896889,7.03108096015475,0,0
"499",2002.20273972603,46.2513455273104,1217.42695387958,0,0,280.054586958768,2875.47744437419,0,24.8781240556986,1.42957099885613,3.87508178914422,0,199.281417030234,0,891.224096896889,7.03108096015475,0,0
"500",2002.20273972603,46.2513455273104,1217.42695387958,0,0,280.054586958768,2875.47744437419,0,24.8781240556986,1.42957099885613,3.87508178914422,0,199.281417030234,0,891.224096896889,7.03108096015475,0,0
"501",2003,45.3651074483595,1212.75845949806,0,0,277.750841958835,2862.63295315057,0,122.509376867344,6.98430345932231,19.0233180126986,0,204.836149490701,0,906.372333120443,6.9134992525046,0,0
"502",2003,45.3651074483595,1212.75845949806,0,0,277.750841958835,2862.63295315057,0,0,0,0,0,204.836149490701,0,906.372333120443,6.9134992525046,0,0
"503",2003,45.3651074483595,1212.75845949806,0,0,277.750841958835,2862.63295315057,0,0,0,0,0,204.836149490701,0,906.372333120443,6.9134992525046,0,0
"504",2003.00273972603,45.362827527816,1212.74179874727,0,0,277.743445114781,2862.58852187319,0,0.333816227524776,0.0189406713375201,0.0518281214336053,0,204.855090162038,0,906.424161241877,6.91318754485623,0,0
"505",2003.00273972603,45.362827527816,1212.74179874727,0,0,277.743445114781,2862.58852187319,0,0.333816227524776,0.0189406713375201,0.0518281214336053,0,204.855090162038,0,906.424161241877,6.91318754485623,0,0
"506",2003.00273972603,45.362827527816,1212.74179874727,0,0,277.743445114781,2862.58852187319,0,0.333816227524776,0.0189406713375201,0.0518281214336053,0,204.855090162038,0,906.424161241877,6.91318754485623,0,0
"507",2003.00273972603,45.362827527816,1212.74179874727,0,0,277.743445114781,2862.58852187319,0,0.333816227524776,0.0189406713375201,0.0518281214336053,0,204.855090162038,0,906.424161241877,6.91318754485623,0,0
"508",2003.00273972603,45.362827527816,1212.74179874727,0,0,277.743445114781,2862.58852187319,0,0.333816227524776,0.0189406713375201,0.0518281214336053,0,204.855090162038,0,906.424161241877,6.91318754485623,0,0
"509",2003.00273972603,45.362827527816,1212.74179874727,0,0,277.743445114781,2862.58852187319,0,0.333816227524776,0.0189406713375201,0.0518281214336053,0,204.855090162038,0,906.424161241877,6.91318754485623,0,0
"510",2003.20273972603,45.2067310188248,1211.51744769276,0,0,277.211849460312,2859.34055995395,0,24.6932759737612,1.39938823483628,3.83138569514322,0,206.235537725537,0,910.203718815587,6.89169447765023,0,0
"511",2003.20273972603,45.2067310188248,1211.51744769276,0,0,277.211849460312,2859.34055995395,0,24.6932759737612,1.39938823483628,3.83138569514322,0,206.235537725537,0,910.203718815587,6.89169447765023,0,0
"512",2003.20273972603,45.2067310188248,1211.51744769276,0,0,277.211849460312,2859.34055995395,0,24.6932759737612,1.39938823483628,3.83138569514322,0,206.235537725537,0,910.203718815587,6.89169447765023,0,0
"513",2003.20273972603,45.2067310188248,1211.51744769276,0,0,277.211849460312,2859.34055995395,0,24.6932759737612,1.39938823483628,3.83138569514322,0,206.235537725537,0,910.203718815587,6.89169447765023,0,0
"514",2003.20273972603,45.2067310188248,1211.51744769276,0,0,277.211849460312,2859.34055995395,0,24.6932759737612,1.39938823483628,3.83138569514322,0,206.235537725537,0,910.203718815587,6.89169447765023,0,0
"515",2003.20273972603,45.2067310188248,1211.51744769276,0,0,277.211849460312,2859.34055995395,0,24.6932759737612,1.39938823483628,3.83138569514322,0,206.235537725537,0,910.203718815587,6.89169447765023,0,0
"516",2003.20273972603,45.2067310188248,1211.51744769276,0,0,277.211849460312,2859.34055995395,0,24.6932759737612,1.39938823483628,3.83138569514322,0,206.235537725537,0,910.203718815587,6.89169447765023,0,0
"517",2004,44.7369461858944,1206.52109891821,0,0,275.236988107426,2846.32051448546,0,121.625689155624,6.86552184231259,18.8262925165202,0,211.701671333013,0,925.198625636963,4.6672951495349,0,0
"518",2004,44.7369461858944,1206.52109891821,0,0,275.236988107426,2846.32051448546,0,0,0,0,0,211.701671333013,0,925.198625636963,4.6672951495349,0,0
"519",2004,44.7369461858944,1206.52109891821,0,0,275.236988107426,2846.32051448546,0,0,0,0,0,211.701671333013,0,925.198625636963,4.6672951495349,0,0
"520",2004.00273972603,44.7415454870018,1206.50371195301,0,0,275.242720786787,2846.27561406429,0,0.0680833026547822,0.0127876640959753,0.039167741804129,0,211.714458997109,0,925.237793378767,4.66770477225554,0,0
"521",2004.00273972603,44.7415454870018,1206.50371195301,0,0,275.242720786787,2846.27561406429,0,0.0680833026547822,0.0127876640959753,0.039167741804129,0,211.714458997109,0,925.237793378767,4.66770477225554,0,0
"522",2004.00273972603,44.7415454870018,1206.50371195301,0,0,275.242720786787,2846.27561406429,0,0.0680833026547822,0.0127876640959753,0.039167741804129,0,211.714458997109,0,925.237793378767,4.66770477225554,0,0
"523",2004.00273972603,44.7415454870018,1206.50371195301,0,0,275.242720786787,2846.27561406429,0,0.0680833026547822,0.0127876640959753,0.039167741804129,0,211.714458997109,0,925.237793378767,4.66770477225554,0,0
"524",2004.00273972603,44.7415454870018,1206.50371195301,0,0,275.242720786787,2846.27561406429,0,0.0680833026547822,0.0127876640959753,0.039167741804129,0,211.714458997109,0,925.237793378767,4.66770477225554,0,0
"525",2004.00273972603,44.7415454870018,1206.50371195301,0,0,275.242720786787,2846.27561406429,0,0.0680833026547822,0.0127876640959753,0.039167741804129,0,211.714458997109,0,925.237793378767,4.66770477225554,0,0
"526",2004.20273972603,45.0460622698009,1205.26285588074,0,0,275.636688985531,2843.02053559716,0,5.04020802609814,0.949126953567533,2.90027801019095,0,212.650798286581,0,928.098903647154,4.69477883316383,0,0
"527",2004.20273972603,45.0460622698009,1205.26285588074,0,0,275.636688985531,2843.02053559716,0,5.04020802609814,0.949126953567533,2.90027801019095,0,212.650798286581,0,928.098903647154,4.69477883316383,0,0
"528",2004.20273972603,45.0460622698009,1205.26285588074,0,0,275.636688985531,2843.02053559716,0,5.04020802609814,0.949126953567533,2.90027801019095,0,212.650798286581,0,928.098903647154,4.69477883316383,0,0
"529",2004.20273972603,45.0460622698009,1205.26285588074,0,0,275.636688985531,2843.02053559716,0,5.04020802609814,0.949126953567533,2.90027801019095,0,212.650798286581,0,928.098903647154,4.69477883316383,0,0
"530",2004.20273972603,45.0460622698009,1205.26285588074,0,0,275.636688985531,2843.02053559716,0,5.04020802609814,0.949126953567533,2.90027801019095,0,212.650798286581,0,928.098903647154,4.69477883316383,0,0
"531",2004.20273972603,45.0460622698009,1205.26285588074,0,0,275.636688985531,2843.02053559716,0,5.04020802609814,0.949126953567533,2.90027801019095,0,212.650798286581,0,928.098903647154,4.69477883316383,0,0
"532",2004.20273972603,45.0460622698009,1205.26285588074,0,0,275.636688985531,2843.02053559716,0,5.04020802609814,0.949126953567533,2.90027801019095,0,212.650798286581,0,928.098903647154,4.69477883316383,0,0
"533",2005,45.7954635295504,1200.74041851736,0,0,276.779883766924,2830.44230919432,0,24.8891016162526,4.72216305719509,14.3353096316354,0,216.423834390208,0,939.533935268599,1.8652419581809,0,0
"534",2005,45.7954635295504,1200.74041851736,0,0,276.779883766924,2830.44230919432,0,0,0,0,0,216.423834390208,0,939.533935268599,1.8652419581809,0,0
"535",2005,45.7954635295504,1200.74041851736,0,0,276.779883766924,2830.44230919432,0,0,0,0,0,216.423834390208,0,939.533935268599,1.8652419581809,0,0
"536",2005.00273972603,45.805011255381,1200.72576004205,0,0,276.79123551865,2830.4000663322,0,0.051001008269852,0.00511074948550646,0.0308911103950444,0,216.428945139694,0,939.564826378994,1.86560663171014,0,0
"537",2005.00273972603,45.805011255381,1200.72576004205,0,0,276.79123551865,2830.4000663322,0,0.051001008269852,0.00511074948550646,0.0308911103950444,0,216.428945139694,0,939.564826378994,1.86560663171014,0,0
"538",2005.00273972603,45.805011255381,1200.72576004205,0,0,276.79123551865,2830.4000663322,0,0.051001008269852,0.00511074948550646,0.0308911103950444,0,216.428945139694,0,939.564826378994,1.86560663171014,0,0
"539",2005.00273972603,45.805011255381,1200.72576004205,0,0,276.79123551865,2830.4000663322,0,0.051001008269852,0.00511074948550646,0.0308911103950444,0,216.428945139694,0,939.564826378994,1.86560663171014,0,0
"540",2005.00273972603,45.805011255381,1200.72576004205,0,0,276.79123551865,2830.4000663322,0,0.051001008269852,0.00511074948550646,0.0308911103950444,0,216.428945139694,0,939.564826378994,1.86560663171014,0,0
"541",2005.00273972603,45.805011255381,1200.72576004205,0,0,276.79123551865,2830.4000663322,0,0.051001008269852,0.00511074948550646,0.0308911103950444,0,216.428945139694,0,939.564826378994,1.86560663171014,0,0
"542",2005.20273972603,46.4453712339747,1199.70976456274,0,0,277.581014129409,2827.34988812961,0,3.803612200636,0.38074625019847,2.29129070222319,0,216.804580640407,0,941.825225970822,1.89005122595626,0,0
"543",2005.20273972603,46.4453712339747,1199.70976456274,0,0,277.581014129409,2827.34988812961,0,3.803612200636,0.38074625019847,2.29129070222319,0,216.804580640407,0,941.825225970822,1.89005122595626,0,0
"544",2005.20273972603,46.4453712339747,1199.70976456274,0,0,277.581014129409,2827.34988812961,0,3.803612200636,0.38074625019847,2.29129070222319,0,216.804580640407,0,941.825225970822,1.89005122595626,0,0
"545",2005.20273972603,46.4453712339747,1199.70976456274,0,0,277.581014129409,2827.34988812961,0,3.803612200636,0.38074625019847,2.29129070222319,0,216.804580640407,0,941.825225970822,1.89005122595626,0,0
"546",2005.20273972603,46.4453712339747,1199.70976456274,0,0,277.581014129409,2827.34988812961,0,3.803612200636,0.38074625019847,2.29129070222319,0,216.804580640407,0,941.825225970822,1.89005122595626,0,0
"547",2005.20273972603,46.4453712339747,1199.70976456274,0,0,277.581014129409,2827.34988812961,0,3.803612200636,0.38074625019847,2.29129070222319,0,216.804580640407,0,941.825225970822,1.89005122595626,0,0
"548",2005.20273972603,46.4453712339747,1199.70976456274,0,0,277.581014129409,2827.34988812961,0,3.803612200636,0.38074625019847,2.29129070222319,0,216.804580640407,0,941.825225970822,1.89005122595626,0,0
"549",2006,48.1429964975024,1196.47653665652,0,0,280.060391623835,2815.77594864939,0,19.2054122173866,1.91634889289006,11.385852688022,0,218.340183283098,0,950.919787956621,7.24851597236974,0,0
"550",2006,48.1429964975024,1196.47653665652,0,0,280.060391623835,2815.77594864939,0,0,0,0,0,218.340183283098,0,950.919787956621,7.24851597236974,0,0
"551",2006,48.1429964975024,1196.47653665652,0,0,280.060391623835,2815.77594864939,0,0,0,0,0,218.340183283098,0,950.919787956621,7.24851597236974,0,0
"552",2006.00273972603,48.1325600054342,1196.46711593349,0,0,280.046304323477,2815.73759803898,0,0.331296153449865,0.0198572151033942,0.0524379107709003,0,218.360040498202,0,950.972225867392,7.24724134881409,0,0
"553",2006.00273972603,48.1325600054342,1196.46711593349,0,0,280.046304323477,2815.73759803898,0,0.331296153449865,0.0198572151033942,0.0524379107709003,0,218.360040498202,0,950.972225867392,7.24724134881409,0,0
"554",2006.00273972603,48.1325600054342,1196.46711593349,0,0,280.046304323477,2815.73759803898,0,0.331296153449865,0.0198572151033942,0.0524379107709003,0,218.360040498202,0,950.972225867392,7.24724134881409,0,0
"555",2006.00273972603,48.1325600054342,1196.46711593349,0,0,280.046304323477,2815.73759803898,0,0.331296153449865,0.0198572151033942,0.0524379107709003,0,218.360040498202,0,950.972225867392,7.24724134881409,0,0
"556",2006.00273972603,48.1325600054342,1196.46711593349,0,0,280.046304323477,2815.73759803898,0,0.331296153449865,0.0198572151033942,0.0524379107709003,0,218.360040498202,0,950.972225867392,7.24724134881409,0,0
"557",2006.00273972603,48.1325600054342,1196.46711593349,0,0,280.046304323477,2815.73759803898,0,0.331296153449865,0.0198572151033942,0.0524379107709003,0,218.360040498202,0,950.972225867392,7.24724134881409,0,0
"558",2006.20273972603,47.4325143632069,1195.72654901421,0,0,279.045969407848,2812.91831844122,0,24.4995598455154,1.46046977660727,3.87205242415528,0,219.800653059706,0,954.791840380776,7.16111139570755,0,0
"559",2006.20273972603,47.4325143632069,1195.72654901421,0,0,279.045969407848,2812.91831844122,0,24.4995598455154,1.46046977660727,3.87205242415528,0,219.800653059706,0,954.791840380776,7.16111139570755,0,0
"560",2006.20273972603,47.4325143632069,1195.72654901421,0,0,279.045969407848,2812.91831844122,0,24.4995598455154,1.46046977660727,3.87205242415528,0,219.800653059706,0,954.791840380776,7.16111139570755,0,0
"561",2006.20273972603,47.4325143632069,1195.72654901421,0,0,279.045969407848,2812.91831844122,0,24.4995598455154,1.46046977660727,3.87205242415528,0,219.800653059706,0,954.791840380776,7.16111139570755,0,0
"562",2006.20273972603,47.4325143632069,1195.72654901421,0,0,279.045969407848,2812.91831844122,0,24.4995598455154,1.46046977660727,3.87205242415528,0,219.800653059706,0,954.791840380776,7.16111139570755,0,0
"563",2006.20273972603,47.4325143632069,1195.72654901421,0,0,279.045969407848,2812.91831844122,0,24.4995598455154,1.46046977660727,3.87205242415528,0,219.800653059706,0,954.791840380776,7.16111139570755,0,0
"564",2006.20273972603,47.4325143632069,1195.72654901421,0,0,279.045969407848,2812.91831844122,0,24.4995598455154,1.46046977660727,3.87205242415528,0,219.800653059706,0,954.791840380776,7.16111139570755,0,0
"565",2007,45.555378718948,1191.99889822195,0,0,275.538868378352,2801.34533209225,0,120.543830780239,7.06525621312167,18.9521398026236,0,225.40543949622,0,969.871927759244,6.92258825723193,0,0
"566",2007,45.555378718948,1191.99889822195,0,0,275.538868378352,2801.34533209225,0,0,0,0,0,225.40543949622,0,969.871927759244,6.92258825723193,0,0
"567",2007,45.555378718948,1191.99889822195,0,0,275.538868378352,2801.34533209225,0,0,0,0,0,225.40543949622,0,969.871927759244,6.92258825723193,0,0
"568",2007.00273972603,45.5507862648213,1191.9845254968,0,0,275.527969662368,2801.30476817973,0,0.344369576080289,0.0189651792825236,0.0514626285054164,0,225.424404675503,0,969.92339038775,6.92198687603277,0,0
"569",2007.00273972603,45.5507862648213,1191.9845254968,0,0,275.527969662368,2801.30476817973,0,0.344369576080289,0.0189651792825236,0.0514626285054164,0,225.424404675503,0,969.92339038775,6.92198687603277,0,0
"570",2007.00273972603,45.5507862648213,1191.9845254968,0,0,275.527969662368,2801.30476817973,0,0.344369576080289,0.0189651792825236,0.0514626285054164,0,225.424404675503,0,969.92339038775,6.92198687603277,0,0
"571",2007.00273972603,45.5507862648213,1191.9845254968,0,0,275.527969662368,2801.30476817973,0,0.344369576080289,0.0189651792825236,0.0514626285054164,0,225.424404675503,0,969.92339038775,6.92198687603277,0,0
"572",2007.00273972603,45.5507862648213,1191.9845254968,0,0,275.527969662368,2801.30476817973,0,0.344369576080289,0.0189651792825236,0.0514626285054164,0,225.424404675503,0,969.92339038775,6.92198687603277,0,0
"573",2007.00273972603,45.5507862648213,1191.9845254968,0,0,275.527969662368,2801.30476817973,0,0.344369576080289,0.0189651792825236,0.0514626285054164,0,225.424404675503,0,969.92339038775,6.92198687603277,0,0
"574",2007.20273972603,45.240635804661,1190.91446489094,0,0,274.750919337595,2798.33099338621,0,25.4680286384992,1.39917624530233,3.80228774680006,0,226.804615741523,0,973.674215506044,6.88109388278098,0,0
"575",2007.20273972603,45.240635804661,1190.91446489094,0,0,274.750919337595,2798.33099338621,0,25.4680286384992,1.39917624530233,3.80228774680006,0,226.804615741523,0,973.674215506044,6.88109388278098,0,0
"576",2007.20273972603,45.240635804661,1190.91446489094,0,0,274.750919337595,2798.33099338621,0,25.4680286384992,1.39917624530233,3.80228774680006,0,226.804615741523,0,973.674215506044,6.88109388278098,0,0
"577",2007.20273972603,45.240635804661,1190.91446489094,0,0,274.750919337595,2798.33099338621,0,25.4680286384992,1.39917624530233,3.80228774680006,0,226.804615741523,0,973.674215506044,6.88109388278098,0,0
"578",2007.20273972603,45.240635804661,1190.91446489094,0,0,274.750919337595,2798.33099338621,0,25.4680286384992,1.39917624530233,3.80228774680006,0,226.804615741523,0,973.674215506044,6.88109388278098,0,0
"579",2007.20273972603,45.240635804661,1190.91446489094,0,0,274.750919337595,2798.33099338621,0,25.4680286384992,1.39917624530233,3.80228774680006,0,226.804615741523,0,973.674215506044,6.88109388278098,0,0
"580",2007.20273972603,45.240635804661,1190.91446489094,0,0,274.750919337595,2798.33099338621,0,25.4680286384992,1.39917624530233,3.80228774680006,0,226.804615741523,0,973.674215506044,6.88109388278098,0,0
"581",2008,44.3744499049467,1186.34570096005,0,0,271.972351981621,2786.26345597636,0,125.336659823778,6.83412607590772,18.6483925126215,0,232.239565572128,0,988.520320271866,6.76300793203132,0,0
"582",2008,44.3744499049467,1186.34570096005,0,0,271.972351981621,2786.26345597636,0,0,0,0,0,232.239565572128,0,988.520320271866,6.76300793203132,0,0
"583",2008,44.3744499049467,1186.34570096005,0,0,271.972351981621,2786.26345597636,0,0,0,0,0,232.239565572128,0,988.520320271866,6.76300793203132,0,0
"584",2008.00273972603,44.372224926327,1186.32939757525,0,0,271.963572212247,2786.22148389538,0,0.341401433208632,0.0185283634200474,0.050751850355521,0,232.258093935548,0,988.571072122221,6.76269458401388,0,0
"585",2008.00273972603,44.372224926327,1186.32939757525,0,0,271.963572212247,2786.22148389538,0,0.341401433208632,0.0185283634200474,0.050751850355521,0,232.258093935548,0,988.571072122221,6.76269458401388,0,0
"586",2008.00273972603,44.372224926327,1186.32939757525,0,0,271.963572212247,2786.22148389538,0,0.341401433208632,0.0185283634200474,0.050751850355521,0,232.258093935548,0,988.571072122221,6.76269458401388,0,0
"587",2008.00273972603,44.372224926327,1186.32939757525,0,0,271.963572212247,2786.22148389538,0,0.341401433208632,0.0185283634200474,0.050751850355521,0,232.258093935548,0,988.571072122221,6.76269458401388,0,0
"588",2008.00273972603,44.372224926327,1186.32939757525,0,0,271.963572212247,2786.22148389538,0,0.341401433208632,0.0185283634200474,0.050751850355521,0,232.258093935548,0,988.571072122221,6.76269458401388,0,0
"589",2008.00273972603,44.372224926327,1186.32939757525,0,0,271.963572212247,2786.22148389538,0,0.341401433208632,0.0185283634200474,0.050751850355521,0,232.258093935548,0,988.571072122221,6.76269458401388,0,0
"590",2008.20273972603,44.2199433724204,1185.13134219385,0,0,271.335075322995,2783.14960319106,0,25.2511027199539,1.36886529872324,3.75112944392865,0,233.608430870851,0,992.271449715795,6.74108454046434,0,0
"591",2008.20273972603,44.2199433724204,1185.13134219385,0,0,271.335075322995,2783.14960319106,0,25.2511027199539,1.36886529872324,3.75112944392865,0,233.608430870851,0,992.271449715795,6.74108454046434,0,0
"592",2008.20273972603,44.2199433724204,1185.13134219385,0,0,271.335075322995,2783.14960319106,0,25.2511027199539,1.36886529872324,3.75112944392865,0,233.608430870851,0,992.271449715795,6.74108454046434,0,0
"593",2008.20273972603,44.2199433724204,1185.13134219385,0,0,271.335075322995,2783.14960319106,0,25.2511027199539,1.36886529872324,3.75112944392865,0,233.608430870851,0,992.271449715795,6.74108454046434,0,0
"594",2008.20273972603,44.2199433724204,1185.13134219385,0,0,271.335075322995,2783.14960319106,0,25.2511027199539,1.36886529872324,3.75112944392865,0,233.608430870851,0,992.271449715795,6.74108454046434,0,0
"595",2008.20273972603,44.2199433724204,1185.13134219385,0,0,271.335075322995,2783.14960319106,0,25.2511027199539,1.36886529872324,3.75112944392865,0,233.608430870851,0,992.271449715795,6.74108454046434,0,0
"596",2008.20273972603,44.2199433724204,1185.13134219385,0,0,271.335075322995,2783.14960319106,0,25.2511027199539,1.36886529872324,3.75112944392865,0,233.608430870851,0,992.271449715795,6.74108454046434,0,0
"597",2009,43.7623353478357,1180.24305883725,0,0,269.044247164506,2770.77165813602,0,124.314215346916,6.71475667990821,18.4199026574537,0,238.954322252036,0,1006.94022292932,4.59840997148823,0,0
"598",2009,43.7623353478357,1180.24305883725,0,0,269.044247164506,2770.77165813602,0,0,0,0,0,238.954322252036,0,1006.94022292932,4.59840997148823,0,0
"599",2009,43.7623353478357,1180.24305883725,0,0,269.044247164506,2770.77165813602,0,0,0,0,0,238.954322252036,0,1006.94022292932,4.59840997148823,0,0
"600",2009.00273972603,43.7667452447105,1180.22604998821,0,0,269.048746296334,2770.72881840701,0,0.0939023001699656,0.0125989521634629,0.0383405971883112,0,238.9669212042,0,1006.97856352651,4.59882879695067,0,0
"601",2009.00273972603,43.7667452447105,1180.22604998821,0,0,269.048746296334,2770.72881840701,0,0.0939023001699656,0.0125989521634629,0.0383405971883112,0,238.9669212042,0,1006.97856352651,4.59882879695067,0,0
"602",2009.00273972603,43.7667452447105,1180.22604998821,0,0,269.048746296334,2770.72881840701,0,0.0939023001699656,0.0125989521634629,0.0383405971883112,0,238.9669212042,0,1006.97856352651,4.59882879695067,0,0
"603",2009.00273972603,43.7667452447105,1180.22604998821,0,0,269.048746296334,2770.72881840701,0,0.0939023001699656,0.0125989521634629,0.0383405971883112,0,238.9669212042,0,1006.97856352651,4.59882879695067,0,0
"604",2009.00273972603,43.7667452447105,1180.22604998821,0,0,269.048746296334,2770.72881840701,0,0.0939023001699656,0.0125989521634629,0.0383405971883112,0,238.9669212042,0,1006.97856352651,4.59882879695067,0,0
"605",2009.00273972603,43.7667452447105,1180.22604998821,0,0,269.048746296334,2770.72881840701,0,0.0939023001699656,0.0125989521634629,0.0383405971883112,0,238.9669212042,0,1006.97856352651,4.59882879695067,0,0
"606",2009.20273972603,44.0584710500843,1179.01169593711,0,0,269.354922296914,2767.62110856229,0,6.95590741957845,0.935227197892399,2.83987444132772,0,239.889549449929,0,1009.78009737065,4.62652960912123,0,0
"607",2009.20273972603,44.0584710500843,1179.01169593711,0,0,269.354922296914,2767.62110856229,0,6.95590741957845,0.935227197892399,2.83987444132772,0,239.889549449929,0,1009.78009737065,4.62652960912123,0,0
"608",2009.20273972603,44.0584710500843,1179.01169593711,0,0,269.354922296914,2767.62110856229,0,6.95590741957845,0.935227197892399,2.83987444132772,0,239.889549449929,0,1009.78009737065,4.62652960912123,0,0
"609",2009.20273972603,44.0584710500843,1179.01169593711,0,0,269.354922296914,2767.62110856229,0,6.95590741957845,0.935227197892399,2.83987444132772,0,239.889549449929,0,1009.78009737065,4.62652960912123,0,0
"610",2009.20273972603,44.0584710500843,1179.01169593711,0,0,269.354922296914,2767.62110856229,0,6.95590741957845,0.935227197892399,2.83987444132772,0,239.889549449929,0,1009.78009737065,4.62652960912123,0,0
"611",2009.20273972603,44.0584710500843,1179.01169593711,0,0,269.354922296914,2767.62110856229,0,6.95590741957845,0.935227197892399,2.83987444132772,0,239.889549449929,0,1009.78009737065,4.62652960912123,0,0
"612",2009.20273972603,44.0584710500843,1179.01169593711,0,0,269.354922296914,2767.62110856229,0,6.95590741957845,0.935227197892399,2.83987444132772,0,239.889549449929,0,1009.78009737065,4.62652960912123,0,0
"613",2010,44.772895212613,1174.57790541879,0,0,270.193516278422,2755.57523485818,0,34.4098893240279,4.6545935536831,14.0471541639267,0,243.60891580572,0,1020.98737709325,1.82322125811123,0,0
"614",2010,44.772895212613,1174.57790541879,0,0,270.193516278422,2755.57523485818,0,0,0,0,0,243.60891580572,0,1020.98737709325,1.82322125811123,0,0
"615",2010,44.772895212613,1174.57790541879,0,0,270.193516278422,2755.57523485818,0,0,0,0,0,243.60891580572,0,1020.98737709325,1.82322125811123,0,0
"616",2010.00273972603,44.7822899542792,1174.56351506177,0,0,270.203886149246,2755.53468300792,0,0.049762305426537,0.00499561534852454,0.0301819794389444,0,243.613911421068,0,1021.01755907269,1.8235793815855,0,0
"617",2010.00273972603,44.7822899542792,1174.56351506177,0,0,270.203886149246,2755.53468300792,0,0.049762305426537,0.00499561534852454,0.0301819794389444,0,243.613911421068,0,1021.01755907269,1.8235793815855,0,0
"618",2010.00273972603,44.7822899542792,1174.56351506177,0,0,270.203886149246,2755.53468300792,0,0.049762305426537,0.00499561534852454,0.0301819794389444,0,243.613911421068,0,1021.01755907269,1.8235793815855,0,0
"619",2010.00273972603,44.7822899542792,1174.56351506177,0,0,270.203886149246,2755.53468300792,0,0.049762305426537,0.00499561534852454,0.0301819794389444,0,243.613911421068,0,1021.01755907269,1.8235793815855,0,0
"620",2010.00273972603,44.7822899542792,1174.56351506177,0,0,270.203886149246,2755.53468300792,0,0.049762305426537,0.00499561534852454,0.0301819794389444,0,243.613911421068,0,1021.01755907269,1.8235793815855,0,0
"621",2010.00273972603,44.7822899542792,1174.56351506177,0,0,270.203886149246,2755.53468300792,0,0.049762305426537,0.00499561534852454,0.0301819794389444,0,243.613911421068,0,1021.01755907269,1.8235793815855,0,0
"622",2010.20273972603,45.4124020135709,1173.56621827343,0,0,270.924713960271,2752.60551745179,0,3.71147529128792,0.372180344406528,2.23851972453771,0,243.981096150126,0,1023.22589681778,1.84758253502194,0,0
"623",2010.20273972603,45.4124020135709,1173.56621827343,0,0,270.924713960271,2752.60551745179,0,3.71147529128792,0.372180344406528,2.23851972453771,0,243.981096150126,0,1023.22589681778,1.84758253502194,0,0
"624",2010.20273972603,45.4124020135709,1173.56621827343,0,0,270.924713960271,2752.60551745179,0,3.71147529128792,0.372180344406528,2.23851972453771,0,243.981096150126,0,1023.22589681778,1.84758253502194,0,0
"625",2010.20273972603,45.4124020135709,1173.56621827343,0,0,270.924713960271,2752.60551745179,0,3.71147529128792,0.372180344406528,2.23851972453771,0,243.981096150126,0,1023.22589681778,1.84758253502194,0,0
"626",2010.20273972603,45.4124020135709,1173.56621827343,0,0,270.924713960271,2752.60551745179,0,3.71147529128792,0.372180344406528,2.23851972453771,0,243.981096150126,0,1023.22589681778,1.84758253502194,0,0
"627",2010.20273972603,45.4124020135709,1173.56621827343,0,0,270.924713960271,2752.60551745179,0,3.71147529128792,0.372180344406528,2.23851972453771,0,243.981096150126,0,1023.22589681778,1.84758253502194,0,0
"628",2010.20273972603,45.4124020135709,1173.56621827343,0,0,270.924713960271,2752.60551745179,0,3.71147529128792,0.372180344406528,2.23851972453771,0,243.981096150126,0,1023.22589681778,1.84758253502194,0,0
"629",2011,47.0830584704021,1170.39434494688,0,0,273.176721926757,2741.47146720998,0,18.743894917999,1.8733972141157,11.120561999863,0,245.482313019835,0,1032.10793909311,7.08261270698341,0,0
"630",2011,47.0830584704021,1170.39434494688,0,0,273.176721926757,2741.47146720998,0,0,0,0,0,245.482313019835,0,1032.10793909311,7.08261270698341,0,0
"631",2011,47.0830584704021,1170.39434494688,0,0,273.176721926757,2741.47146720998,0,0,0,0,0,245.482313019835,0,1032.10793909311,7.08261270698341,0,0
"632",2011.00273972603,47.0728927505298,1170.38510793666,0,0,273.162501586887,2741.43452430535,0,0.338798338887905,0.0194027300946734,0.0511632444992334,0,245.50171574993,0,1032.15910233761,7.08137072045602,0,0
"633",2011.00273972603,47.0728927505298,1170.38510793666,0,0,273.162501586887,2741.43452430535,0,0.338798338887905,0.0194027300946734,0.0511632444992334,0,245.50171574993,0,1032.15910233761,7.08137072045602,0,0
"634",2011.00273972603,47.0728927505298,1170.38510793666,0,0,273.162501586887,2741.43452430535,0,0.338798338887905,0.0194027300946734,0.0511632444992334,0,245.50171574993,0,1032.15910233761,7.08137072045602,0,0
"635",2011.00273972603,47.0728927505298,1170.38510793666,0,0,273.162501586887,2741.43452430535,0,0.338798338887905,0.0194027300946734,0.0511632444992334,0,245.50171574993,0,1032.15910233761,7.08137072045602,0,0
"636",2011.00273972603,47.0728927505298,1170.38510793666,0,0,273.162501586887,2741.43452430535,0,0.338798338887905,0.0194027300946734,0.0511632444992334,0,245.50171574993,0,1032.15910233761,7.08137072045602,0,0
"637",2011.00273972603,47.0728927505298,1170.38510793666,0,0,273.162501586887,2741.43452430535,0,0.338798338887905,0.0194027300946734,0.0511632444992334,0,245.50171574993,0,1032.15910233761,7.08137072045602,0,0
"638",2011.20273972603,46.3909990875567,1169.65933754209,0,0,272.153057045083,2738.7173921407,0,25.0516166680506,1.42706678764439,3.77773995095785,0,246.90937980748,0,1035.88567904407,6.99743725369364,0,0
"639",2011.20273972603,46.3909990875567,1169.65933754209,0,0,272.153057045083,2738.7173921407,0,25.0516166680506,1.42706678764439,3.77773995095785,0,246.90937980748,0,1035.88567904407,6.99743725369364,0,0
"640",2011.20273972603,46.3909990875567,1169.65933754209,0,0,272.153057045083,2738.7173921407,0,25.0516166680506,1.42706678764439,3.77773995095785,0,246.90937980748,0,1035.88567904407,6.99743725369364,0,0
"641",2011.20273972603,46.3909990875567,1169.65933754209,0,0,272.153057045083,2738.7173921407,0,25.0516166680506,1.42706678764439,3.77773995095785,0,246.90937980748,0,1035.88567904407,6.99743725369364,0,0
"642",2011.20273972603,46.3909990875567,1169.65933754209,0,0,272.153057045083,2738.7173921407,0,25.0516166680506,1.42706678764439,3.77773995095785,0,246.90937980748,0,1035.88567904407,6.99743725369364,0,0
"643",2011.20273972603,46.3909990875567,1169.65933754209,0,0,272.153057045083,2738.7173921407,0,25.0516166680506,1.42706678764439,3.77773995095785,0,246.90937980748,0,1035.88567904407,6.99743725369364,0,0
"644",2011.20273972603,46.3909990875567,1169.65933754209,0,0,272.153057045083,2738.7173921407,0,25.0516166680506,1.42706678764439,3.77773995095785,0,246.90937980748,0,1035.88567904407,6.99743725369364,0,0
"645",2012,44.5623908021466,1166.0110315347,0,0,268.620318846403,2727.54070769163,0,123.210302246177,6.90398108043482,18.4871625987095,0,252.38629410027,0,1050.59510169182,6.76484995455443,0,0
"646",2012,44.5623908021466,1166.0110315347,0,0,268.620318846403,2727.54070769163,0,0,0,0,0,252.38629410027,0,1050.59510169182,6.76484995455443,0,0
"647",2012,44.5623908021466,1166.0110315347,0,0,268.620318846403,2727.54070769163,0,0,0,0,0,252.38629410027,0,1050.59510169182,6.76484995455443,0,0
"648",2012.00273972603,44.5579166875539,1165.99697261009,0,0,268.609358555935,2727.50147861641,0,0.335338138598138,0.0185330392119588,0.0501893656894589,0,252.404827139482,0,1050.64529105751,6.76426311064889,0,0
"649",2012.00273972603,44.5579166875539,1165.99697261009,0,0,268.609358555935,2727.50147861641,0,0.335338138598138,0.0185330392119588,0.0501893656894589,0,252.404827139482,0,1050.64529105751,6.76426311064889,0,0
"650",2012.00273972603,44.5579166875539,1165.99697261009,0,0,268.609358555935,2727.50147861641,0,0.335338138598138,0.0185330392119588,0.0501893656894589,0,252.404827139482,0,1050.64529105751,6.76426311064889,0,0
"651",2012.00273972603,44.5579166875539,1165.99697261009,0,0,268.609358555935,2727.50147861641,0,0.335338138598138,0.0185330392119588,0.0501893656894589,0,252.404827139482,0,1050.64529105751,6.76426311064889,0,0
"652",2012.00273972603,44.5579166875539,1165.99697261009,0,0,268.609358555935,2727.50147861641,0,0.335338138598138,0.0185330392119588,0.0501893656894589,0,252.404827139482,0,1050.64529105751,6.76426311064889,0,0
"653",2012.00273972603,44.5579166875539,1165.99697261009,0,0,268.609358555935,2727.50147861641,0,0.335338138598138,0.0185330392119588,0.0501893656894589,0,252.404827139482,0,1050.64529105751,6.76426311064889,0,0
"654",2012.20273972603,44.2557520297188,1164.95037028669,0,0,267.828254608034,2724.62469718454,0,24.7995788314748,1.36730002043968,3.70807474545227,0,253.75359412071,0,1054.30317643727,6.7243510510912,0,0
"655",2012.20273972603,44.2557520297188,1164.95037028669,0,0,267.828254608034,2724.62469718454,0,24.7995788314748,1.36730002043968,3.70807474545227,0,253.75359412071,0,1054.30317643727,6.7243510510912,0,0
"656",2012.20273972603,44.2557520297188,1164.95037028669,0,0,267.828254608034,2724.62469718454,0,24.7995788314748,1.36730002043968,3.70807474545227,0,253.75359412071,0,1054.30317643727,6.7243510510912,0,0
"657",2012.20273972603,44.2557520297188,1164.95037028669,0,0,267.828254608034,2724.62469718454,0,24.7995788314748,1.36730002043968,3.70807474545227,0,253.75359412071,0,1054.30317643727,6.7243510510912,0,0
"658",2012.20273972603,44.2557520297188,1164.95037028669,0,0,267.828254608034,2724.62469718454,0,24.7995788314748,1.36730002043968,3.70807474545227,0,253.75359412071,0,1054.30317643727,6.7243510510912,0,0
"659",2012.20273972603,44.2557520297188,1164.95037028669,0,0,267.828254608034,2724.62469718454,0,24.7995788314748,1.36730002043968,3.70807474545227,0,253.75359412071,0,1054.30317643727,6.7243510510912,0,0
"660",2012.20273972603,44.2557520297188,1164.95037028669,0,0,267.828254608034,2724.62469718454,0,24.7995788314748,1.36730002043968,3.70807474545227,0,253.75359412071,0,1054.30317643727,6.7243510510912,0,0
"661",2013,43.4117766513867,1160.48317075663,0,0,265.041312531936,2712.93584236896,0,122.037610089094,6.67847492883217,18.1838716371309,0,259.064769029102,0,1068.77897332895,6.60898644020962,0,0
"662",2013,43.4117766513867,1160.48317075663,0,0,265.041312531936,2712.93584236896,0,0,0,0,0,259.064769029102,0,1068.77897332895,6.60898644020962,0,0
"663",2013,43.4117766513867,1160.48317075663,0,0,265.041312531936,2712.93584236896,0,0,0,0,0,259.064769029102,0,1068.77897332895,6.60898644020962,0,0
"664",2013.00273972603,43.4096084735161,1160.46723253842,0,0,265.03252319925,2712.89515182731,0,0.332359822819235,0.0181063960814181,0.049479874336737,0,259.082875425184,0,1068.82845320329,6.60868002846036,0,0
"665",2013.00273972603,43.4096084735161,1160.46723253842,0,0,265.03252319925,2712.89515182731,0,0.332359822819235,0.0181063960814181,0.049479874336737,0,259.082875425184,0,1068.82845320329,6.60868002846036,0,0
"666",2013.00273972603,43.4096084735161,1160.46723253842,0,0,265.03252319925,2712.89515182731,0,0.332359822819235,0.0181063960814181,0.049479874336737,0,259.082875425184,0,1068.82845320329,6.60868002846036,0,0
"667",2013.00273972603,43.4096084735161,1160.46723253842,0,0,265.03252319925,2712.89515182731,0,0.332359822819235,0.0181063960814181,0.049479874336737,0,259.082875425184,0,1068.82845320329,6.60868002846036,0,0
"668",2013.00273972603,43.4096084735161,1160.46723253842,0,0,265.03252319925,2712.89515182731,0,0.332359822819235,0.0181063960814181,0.049479874336737,0,259.082875425184,0,1068.82845320329,6.60868002846036,0,0
"669",2013.00273972603,43.4096084735161,1160.46723253842,0,0,265.03252319925,2712.89515182731,0,0.332359822819235,0.0181063960814181,0.049479874336737,0,259.082875425184,0,1068.82845320329,6.60868002846036,0,0
"670",2013.20273972603,43.2612102593945,1159.29604832642,0,0,264.403645512502,2709.91649389244,0,24.5819718299047,1.33768882220173,3.65701549595454,0,260.402457851304,0,1072.4359888249,6.58754390460154,0,0
"671",2013.20273972603,43.2612102593945,1159.29604832642,0,0,264.403645512502,2709.91649389244,0,24.5819718299047,1.33768882220173,3.65701549595454,0,260.402457851304,0,1072.4359888249,6.58754390460154,0,0
"672",2013.20273972603,43.2612102593945,1159.29604832642,0,0,264.403645512502,2709.91649389244,0,24.5819718299047,1.33768882220173,3.65701549595454,0,260.402457851304,0,1072.4359888249,6.58754390460154,0,0
"673",2013.20273972603,43.2612102593945,1159.29604832642,0,0,264.403645512502,2709.91649389244,0,24.5819718299047,1.33768882220173,3.65701549595454,0,260.402457851304,0,1072.4359888249,6.58754390460154,0,0
"674",2013.20273972603,43.2612102593945,1159.29604832642,0,0,264.403645512502,2709.91649389244,0,24.5819718299047,1.33768882220173,3.65701549595454,0,260.402457851304,0,1072.4359888249,6.58754390460154,0,0
"675",2013.20273972603,43.2612102593945,1159.29604832642,0,0,264.403645512502,2709.91649389244,0,24.5819718299047,1.33768882220173,3.65701549595454,0,260.402457851304,0,1072.4359888249,6.58754390460154,0,0
"676",2013.20273972603,43.2612102593945,1159.29604832642,0,0,264.403645512502,2709.91649389244,0,24.5819718299047,1.33768882220173,3.65701549595454,0,260.402457851304,0,1072.4359888249,6.58754390460154,0,0
"677",2014,42.815198161347,1154.51797638081,0,0,262.116852305507,2697.90431982875,0,121.013047637451,6.56177286586502,17.9559827666388,0,265.626541894967,0,1086.73495609559,4.49622383283223,0,0
"678",2014,42.815198161347,1154.51797638081,0,0,262.116852305507,2697.90431982875,0,0,0,0,0,265.626541894967,0,1086.73495609559,4.49622383283223,0,0
"679",2014,42.815198161347,1154.51797638081,0,0,262.116852305507,2697.90431982875,0,0,0,0,0,265.626541894967,0,1086.73495609559,4.49622383283223,0,0
"680",2014.00273972603,42.8195033609955,1154.50135220581,0,0,262.121061657973,2697.86272234539,0,0.0953908461164676,0.0123189753443799,0.0373881308980948,0,265.638860870312,0,1086.77234422649,4.49663161011457,0,0
"681",2014.00273972603,42.8195033609955,1154.50135220581,0,0,262.121061657973,2697.86272234539,0,0.0953908461164676,0.0123189753443799,0.0373881308980948,0,265.638860870312,0,1086.77234422649,4.49663161011457,0,0
"682",2014.00273972603,42.8195033609955,1154.50135220581,0,0,262.121061657973,2697.86272234539,0,0.0953908461164676,0.0123189753443799,0.0373881308980948,0,265.638860870312,0,1086.77234422649,4.49663161011457,0,0
"683",2014.00273972603,42.8195033609955,1154.50135220581,0,0,262.121061657973,2697.86272234539,0,0.0953908461164676,0.0123189753443799,0.0373881308980948,0,265.638860870312,0,1086.77234422649,4.49663161011457,0,0
"684",2014.00273972603,42.8195033609955,1154.50135220581,0,0,262.121061657973,2697.86272234539,0,0.0953908461164676,0.0123189753443799,0.0373881308980948,0,265.638860870312,0,1086.77234422649,4.49663161011457,0,0
"685",2014.00273972603,42.8195033609955,1154.50135220581,0,0,262.121061657973,2697.86272234539,0,0.0953908461164676,0.0123189753443799,0.0373881308980948,0,265.638860870312,0,1086.77234422649,4.49663161011457,0,0
"686",2014.20273972603,43.1043067214944,1153.31443570373,0,0,262.407118429288,2694.84480022306,0,7.06694770466569,0.914432116932765,2.76925348190935,0,266.5409740119,0,1089.5042095775,4.52360024272938,0,0
"687",2014.20273972603,43.1043067214944,1153.31443570373,0,0,262.407118429288,2694.84480022306,0,7.06694770466569,0.914432116932765,2.76925348190935,0,266.5409740119,0,1089.5042095775,4.52360024272938,0,0
"688",2014.20273972603,43.1043067214944,1153.31443570373,0,0,262.407118429288,2694.84480022306,0,7.06694770466569,0.914432116932765,2.76925348190935,0,266.5409740119,0,1089.5042095775,4.52360024272938,0,0
"689",2014.20273972603,43.1043067214944,1153.31443570373,0,0,262.407118429288,2694.84480022306,0,7.06694770466569,0.914432116932765,2.76925348190935,0,266.5409740119,0,1089.5042095775,4.52360024272938,0,0
"690",2014.20273972603,43.1043067214944,1153.31443570373,0,0,262.407118429288,2694.84480022306,0,7.06694770466569,0.914432116932765,2.76925348190935,0,266.5409740119,0,1089.5042095775,4.52360024272938,0,0
"691",2014.20273972603,43.1043067214944,1153.31443570373,0,0,262.407118429288,2694.84480022306,0,7.06694770466569,0.914432116932765,2.76925348190935,0,266.5409740119,0,1089.5042095775,4.52360024272938,0,0
"692",2014.20273972603,43.1043067214944,1153.31443570373,0,0,262.407118429288,2694.84480022306,0,7.06694770466569,0.914432116932765,2.76925348190935,0,266.5409740119,0,1089.5042095775,4.52360024272938,0,0
"693",2015,43.8017995842569,1148.98046046412,0,0,263.183326007743,2683.14121871082,0,34.9701048681361,4.55091449377328,13.6966274157,0,270.17745638874,0,1100.43158351129,1.78288253631033,0,0
"694",2015,43.8017995842569,1148.98046046412,0,0,263.183326007743,2683.14121871082,0,0,0,0,0,270.17745638874,0,1100.43158351129,1.78288253631033,0,0
"695",2015,43.8017995842569,1148.98046046412,0,0,263.183326007743,2683.14121871082,0,0,0,0,0,270.17745638874,0,1100.43158351129,1.78288253631033,0,0
"696",2015.00273972603,43.8109816420574,1148.9663933199,0,0,263.193300220624,2683.10180481098,0,0.0485859140392942,0.00488508642562629,0.02943968695889,0,270.182341475166,0,1100.46102319825,1.78323195332943,0,0
"697",2015.00273972603,43.8109816420574,1148.9663933199,0,0,263.193300220624,2683.10180481098,0,0.0485859140392942,0.00488508642562629,0.02943968695889,0,270.182341475166,0,1100.46102319825,1.78323195332943,0,0
"698",2015.00273972603,43.8109816420574,1148.9663933199,0,0,263.193300220624,2683.10180481098,0,0.0485859140392942,0.00488508642562629,0.02943968695889,0,270.182341475166,0,1100.46102319825,1.78323195332943,0,0
"699",2015.00273972603,43.8109816420574,1148.9663933199,0,0,263.193300220624,2683.10180481098,0,0.0485859140392942,0.00488508642562629,0.02943968695889,0,270.182341475166,0,1100.46102319825,1.78323195332943,0,0
"700",2015.00273972603,43.8109816420574,1148.9663933199,0,0,263.193300220624,2683.10180481098,0,0.0485859140392942,0.00488508642562629,0.02943968695889,0,270.182341475166,0,1100.46102319825,1.78323195332943,0,0
"701",2015.00273972603,43.8109816420574,1148.9663933199,0,0,263.193300220624,2683.10180481098,0,0.0485859140392942,0.00488508642562629,0.02943968695889,0,270.182341475166,0,1100.46102319825,1.78323195332943,0,0
"702",2015.20273972603,44.4268322057215,1147.99148755193,0,0,263.886519776813,2680.25462099227,0,3.62376446849351,0.363940290728109,2.18340394947636,0,270.541396679469,0,1102.61498746077,1.80665127195316,0,0
"703",2015.20273972603,44.4268322057215,1147.99148755193,0,0,263.886519776813,2680.25462099227,0,3.62376446849351,0.363940290728109,2.18340394947636,0,270.541396679469,0,1102.61498746077,1.80665127195316,0,0
"704",2015.20273972603,44.4268322057215,1147.99148755193,0,0,263.886519776813,2680.25462099227,0,3.62376446849351,0.363940290728109,2.18340394947636,0,270.541396679469,0,1102.61498746077,1.80665127195316,0,0
"705",2015.20273972603,44.4268322057215,1147.99148755193,0,0,263.886519776813,2680.25462099227,0,3.62376446849351,0.363940290728109,2.18340394947636,0,270.541396679469,0,1102.61498746077,1.80665127195316,0,0
"706",2015.20273972603,44.4268322057215,1147.99148755193,0,0,263.886519776813,2680.25462099227,0,3.62376446849351,0.363940290728109,2.18340394947636,0,270.541396679469,0,1102.61498746077,1.80665127195316,0,0
"707",2015.20273972603,44.4268322057215,1147.99148755193,0,0,263.886519776813,2680.25462099227,0,3.62376446849351,0.363940290728109,2.18340394947636,0,270.541396679469,0,1102.61498746077,1.80665127195316,0,0
"708",2015.20273972603,44.4268322057215,1147.99148755193,0,0,263.886519776813,2680.25462099227,0,3.62376446849351,0.363940290728109,2.18340394947636,0,270.541396679469,0,1102.61498746077,1.80665127195316,0,0
"709",2016,46.0596972536584,1144.89073073147,0,0,266.050366244453,2669.42843619506,0,18.3013096179334,1.83183206325289,10.8457422790497,0,272.009288451994,0,1111.27732579034,0,0,0
