"","time","P_labile","P_stable","P_labile_placed","P_labile_FYM","K_labile","K_stable","K_labile_FYM","N_up","P_up","K_up","PIN","POUT","KIN","KOUT","P_up_labile","P_up_labile_placed","P_up_labile_FYM"
"1",1968,125.046975131296,2621.29596324629,0,0,357.084118096088,3689.67187108399,0,0,0,0,0,0,0,0,13.5576839667571,0,0
"2",1968,125.046975131296,2621.29596324629,0,0,357.084118096088,3689.67187108399,0,0,0,0,0,0,0,0,13.5576839667571,0,0
"3",1968,125.046975131296,2621.29596324629,0,0,357.084118096088,3689.67187108399,0,0,0,0,0,0,0,0,13.5576839667571,0,0
"4",1968.00273972603,124.989911171063,2621.3158848765,0,0,357.075631934281,3689.61389170529,0,0.283506729670409,0.0371423300229017,0.0664655405078511,0,0.0371423300229017,0,0.0664655405078511,13.5562237309653,0,0
"5",1968.00273972603,124.989911171063,2621.3158848765,0,0,357.075631934281,3689.61389170529,0,0.283506729670409,0.0371423300229017,0.0664655405078511,0,0.0371423300229017,0,0.0664655405078511,13.5562237309653,0,0
"6",1968.00273972603,124.989911171063,2621.3158848765,0,0,357.075631934281,3689.61389170529,0,0.283506729670409,0.0371423300229017,0.0664655405078511,0,0.0371423300229017,0,0.0664655405078511,13.5562237309653,0,0
"7",1968.00273972603,124.989911171063,2621.3158848765,0,0,357.075631934281,3689.61389170529,0,0.283506729670409,0.0371423300229017,0.0664655405078511,0,0.0371423300229017,0,0.0664655405078511,13.5562237309653,0,0
"8",1968.00273972603,124.989911171063,2621.3158848765,0,0,357.075631934281,3689.61389170529,0,0.283506729670409,0.0371423300229017,0.0664655405078511,0,0.0371423300229017,0,0.0664655405078511,13.5562237309653,0,0
"9",1968.00273972603,124.989911171063,2621.3158848765,0,0,357.075631934281,3689.61389170529,0,0.283506729670409,0.0371423300229017,0.0664655405078511,0,0.0371423300229017,0,0.0664655405078511,13.5562237309653,0,0
"10",1968.20273972603,121.142809890807,2622.46261841747,0,0,356.463593608321,3685.37794219613,0,20.9764569925376,2.73751006931528,4.9144533756297,0,2.73751006931528,0,4.9144533756297,13.4467085646112,0,0
"11",1968.20273972603,149.142809890807,2629.46261841747,0,0,356.463593608321,3685.37794219613,0,20.9764569925376,2.73751006931528,4.9144533756297,35,2.73751006931528,0,4.9144533756297,13.6789301756677,0,0
"12",1968.20273972603,149.142809890807,2629.46261841747,0,0,356.463593608321,3685.37794219613,0,20.9764569925376,2.73751006931528,4.9144533756297,35,2.73751006931528,0,4.9144533756297,13.6789301756677,0,0
"13",1968.20273972603,149.142809890807,2629.46261841747,0,0,356.463593608321,3685.37794219613,0,20.9764569925376,2.73751006931528,4.9144533756297,35,2.73751006931528,0,4.9144533756297,13.6789301756677,0,0
"14",1968.20273972603,149.142809890807,2629.46261841747,0,0,356.463593608321,3685.37794219613,0,20.9764569925376,2.73751006931528,4.9144533756297,35,2.73751006931528,0,4.9144533756297,13.6789301756677,0,0
"15",1968.20273972603,149.142809890807,2629.46261841747,0,0,356.463593608321,3685.37794219613,0,20.9764569925376,2.73751006931528,4.9144533756297,35,2.73751006931528,0,4.9144533756297,13.6789301756677,0,0
"16",1968.20273972603,149.142809890807,2629.46261841747,0,0,356.463593608321,3685.37794219613,0,20.9764569925376,2.73751006931528,4.9144533756297,35,2.73751006931528,0,4.9144533756297,13.6789301756677,0,0
"17",1969,126.040065803427,2641.71651013221,0,0,354.153544096518,3668.43786534907,0,103.406955373969,13.5863624419487,24.1645797344944,35,13.5863624419487,0,24.1645797344944,11.6493403180247,0,0
"18",1969,126.040065803427,2641.71651013221,0,0,354.153544096518,3668.43786534907,0,0,0,0,35,13.5863624419487,0,24.1645797344944,11.6493403180247,0,0
"19",1969,126.040065803427,2641.71651013221,0,0,354.153544096518,3668.43786534907,0,0,0,0,35,13.5863624419487,0,24.1645797344944,11.6493403180247,0,0
"20",1969.00273972603,125.988034811626,2641.73663150917,0,0,354.016325672555,3668.3794854118,0,0.253875687446167,0.0319096148467119,0.195598361234423,35,13.6182720567954,0,24.3601780957289,11.6446666893199,0,0
"21",1969.00273972603,125.988034811626,2641.73663150917,0,0,354.016325672555,3668.3794854118,0,0.253875687446167,0.0319096148467119,0.195598361234423,35,13.6182720567954,0,24.3601780957289,11.6446666893199,0,0
"22",1969.00273972603,125.988034811626,2641.73663150917,0,0,354.016325672555,3668.3794854118,0,0.253875687446167,0.0319096148467119,0.195598361234423,35,13.6182720567954,0,24.3601780957289,11.6446666893199,0,0
"23",1969.00273972603,125.988034811626,2641.73663150917,0,0,354.016325672555,3668.3794854118,0,0.253875687446167,0.0319096148467119,0.195598361234423,35,13.6182720567954,0,24.3601780957289,11.6446666893199,0,0
"24",1969.00273972603,125.988034811626,2641.73663150917,0,0,354.016325672555,3668.3794854118,0,0.253875687446167,0.0319096148467119,0.195598361234423,35,13.6182720567954,0,24.3601780957289,11.6446666893199,0,0
"25",1969.00273972603,125.988034811626,2641.73663150917,0,0,354.016325672555,3668.3794854118,0,0.253875687446167,0.0319096148467119,0.195598361234423,35,13.6182720567954,0,24.3601780957289,11.6446666893199,0,0
"26",1969.20273972603,122.502498654649,2642.92574934923,0,0,344.458809630648,3663.85203902798,0,18.7111070225704,2.32832793176156,14.2805607869616,35,15.9146903737103,0,38.4451405214561,11.3271004092468,0,0
"27",1969.20273972603,150.502498654649,2649.92574934923,0,0,344.458809630648,3663.85203902798,0,18.7111070225704,2.32832793176156,14.2805607869616,70,15.9146903737103,0,38.4451405214561,12.659146018826,0,0
"28",1969.20273972603,150.502498654649,2649.92574934923,0,0,344.458809630648,3663.85203902798,0,18.7111070225704,2.32832793176156,14.2805607869616,70,15.9146903737103,0,38.4451405214561,12.659146018826,0,0
"29",1969.20273972603,150.502498654649,2649.92574934923,0,0,344.458809630648,3663.85203902798,0,18.7111070225704,2.32832793176156,14.2805607869616,70,15.9146903737103,0,38.4451405214561,12.659146018826,0,0
"30",1969.20273972603,150.502498654649,2649.92574934923,0,0,344.458809630648,3663.85203902798,0,18.7111070225704,2.32832793176156,14.2805607869616,70,15.9146903737103,0,38.4451405214561,12.659146018826,0,0
"31",1969.20273972603,150.502498654649,2649.92574934923,0,0,344.458809630648,3663.85203902798,0,18.7111070225704,2.32832793176156,14.2805607869616,70,15.9146903737103,0,38.4451405214561,12.659146018826,0,0
"32",1969.20273972603,150.502498654649,2649.92574934923,0,0,344.458809630648,3663.85203902798,0,18.7111070225704,2.32832793176156,14.2805607869616,70,15.9146903737103,0,38.4451405214561,12.659146018826,0,0
"33",1970,128.282797511658,2662.69253220389,0,0,314.044722018102,3641.41225912524,0,90.8883359021686,11.7812462200882,67.134428302239,70,25.3676086620369,0,91.2990080367334,9.1119382749314,0,0
"34",1970,128.282797511658,2662.69253220389,0,0,314.044722018102,3641.41225912524,0,0,0,0,70,25.3676086620369,0,91.2990080367334,9.1119382749314,0,0
"35",1970,128.282797511658,2662.69253220389,0,0,314.044722018102,3641.41225912524,0,0,0,0,70,25.3676086620369,0,91.2990080367334,9.1119382749314,0,0
"36",1970.00273972603,128.23497011931,2662.71539411205,0,0,314.075012016186,3641.32507824234,0,0.272318132106022,0.0249654841946893,0.056890884819628,70,25.3925741462316,0,91.355898921553,9.11286811390011,0,0
"37",1970.00273972603,128.23497011931,2662.71539411205,0,0,314.075012016186,3641.32507824234,0,0.272318132106022,0.0249654841946893,0.056890884819628,70,25.3925741462316,0,91.355898921553,9.11286811390011,0,0
"38",1970.00273972603,128.23497011931,2662.71539411205,0,0,314.075012016186,3641.32507824234,0,0.272318132106022,0.0249654841946893,0.056890884819628,70,25.3925741462316,0,91.355898921553,9.11286811390011,0,0
"39",1970.00273972603,128.23497011931,2662.71539411205,0,0,314.075012016186,3641.32507824234,0,0.272318132106022,0.0249654841946893,0.056890884819628,70,25.3925741462316,0,91.355898921553,9.11286811390011,0,0
"40",1970.00273972603,128.23497011931,2662.71539411205,0,0,314.075012016186,3641.32507824234,0,0.272318132106022,0.0249654841946893,0.056890884819628,70,25.3925741462316,0,91.355898921553,9.11286811390011,0,0
"41",1970.00273972603,128.23497011931,2662.71539411205,0,0,314.075012016186,3641.32507824234,0,0.272318132106022,0.0249654841946893,0.056890884819628,70,25.3925741462316,0,91.355898921553,9.11286811390011,0,0
"42",1970.20273972603,124.996943163138,2664.12426136617,0,0,316.188430913444,3635.04423844836,0,20.1832215339202,1.854125186244,4.2243117815411,70,27.2217338482809,0,95.5233198182745,9.17774561050521,0,0
"43",1970.20273972603,152.996943163138,2671.12426136617,0,0,316.188430913444,3635.04423844836,0,20.1832215339202,1.854125186244,4.2243117815411,105,27.2217338482809,0,95.5233198182745,9.17774561050521,0,0
"44",1970.20273972603,152.996943163138,2671.12426136617,0,0,316.188430913444,3635.04423844836,0,20.1832215339202,1.854125186244,4.2243117815411,105,27.2217338482809,0,95.5233198182745,9.17774561050521,0,0
"45",1970.20273972603,152.996943163138,2671.12426136617,0,0,316.188430913444,3635.04423844836,0,20.1832215339202,1.854125186244,4.2243117815411,105,27.2217338482809,0,95.5233198182745,9.17774561050521,0,0
"46",1970.20273972603,152.996943163138,2671.12426136617,0,0,316.188430913444,3635.04423844836,0,20.1832215339202,1.854125186244,4.2243117815411,105,27.2217338482809,0,95.5233198182745,9.17774561050521,0,0
"47",1970.20273972603,152.996943163138,2671.12426136617,0,0,316.188430913444,3635.04423844836,0,20.1832215339202,1.854125186244,4.2243117815411,105,27.2217338482809,0,95.5233198182745,9.17774561050521,0,0
"48",1970.20273972603,152.996943163138,2671.12426136617,0,0,316.188430913444,3635.04423844836,0,20.1832215339202,1.854125186244,4.2243117815411,105,27.2217338482809,0,95.5233198182745,9.17774561050521,0,0
"49",1971,131.570689637006,2685.14597322113,0,0,322.919307370298,3611.45747794092,0,100.077969913854,9.25866685741771,21.0801958321278,105,34.6262755194546,0,112.379203868861,12.3186338940719,0,0
"50",1971,131.570689637006,2685.14597322113,0,0,322.919307370298,3611.45747794092,0,0,0,0,105,34.6262755194546,0,112.379203868861,12.3186338940719,0,0
"51",1971,131.570689637006,2685.14597322113,0,0,322.919307370298,3611.45747794092,0,0,0,0,105,34.6262755194546,0,112.379203868861,12.3186338940719,0,0
"52",1971.00273972603,131.509321913453,2685.17359031682,0,0,322.93644030948,3611.37996047997,0,0.275953534098647,0.0337506278634249,0.0603845217646192,105,34.660026147318,0,112.439588390626,12.3193286733048,0,0
"53",1971.00273972603,131.509321913453,2685.17359031682,0,0,322.93644030948,3611.37996047997,0,0.275953534098647,0.0337506278634249,0.0603845217646192,105,34.660026147318,0,112.439588390626,12.3193286733048,0,0
"54",1971.00273972603,131.509321913453,2685.17359031682,0,0,322.93644030948,3611.37996047997,0,0.275953534098647,0.0337506278634249,0.0603845217646192,105,34.660026147318,0,112.439588390626,12.3193286733048,0,0
"55",1971.00273972603,131.509321913453,2685.17359031682,0,0,322.93644030948,3611.37996047997,0,0.275953534098647,0.0337506278634249,0.0603845217646192,105,34.660026147318,0,112.439588390626,12.3193286733048,0,0
"56",1971.00273972603,131.509321913453,2685.17359031682,0,0,322.93644030948,3611.37996047997,0,0.275953534098647,0.0337506278634249,0.0603845217646192,105,34.660026147318,0,112.439588390626,12.3193286733048,0,0
"57",1971.00273972603,131.509321913453,2685.17359031682,0,0,322.93644030948,3611.37996047997,0,0.275953534098647,0.0337506278634249,0.0603845217646192,105,34.660026147318,0,112.439588390626,12.3193286733048,0,0
"58",1971.20273972603,127.357621404373,2686.85652210372,0,0,324.125188839209,3605.77515537516,0,20.4279184180828,2.50251935004141,4.47644109685212,105,37.128794869496,0,116.855644965713,12.3675351008695,0,0
"59",1971.20273972603,155.357621404373,2693.85652210372,0,0,324.125188839209,3605.77515537516,0,20.4279184180828,2.50251935004141,4.47644109685212,140,37.128794869496,0,116.855644965713,12.3675351008695,0,0
"60",1971.20273972603,155.357621404373,2693.85652210372,0,0,324.125188839209,3605.77515537516,0,20.4279184180828,2.50251935004141,4.47644109685212,140,37.128794869496,0,116.855644965713,12.3675351008695,0,0
"61",1971.20273972603,155.357621404373,2693.85652210372,0,0,324.125188839209,3605.77515537516,0,20.4279184180828,2.50251935004141,4.47644109685212,140,37.128794869496,0,116.855644965713,12.3675351008695,0,0
"62",1971.20273972603,155.357621404373,2693.85652210372,0,0,324.125188839209,3605.77515537516,0,20.4279184180828,2.50251935004141,4.47644109685212,140,37.128794869496,0,116.855644965713,12.3675351008695,0,0
"63",1971.20273972603,155.357621404373,2693.85652210372,0,0,324.125188839209,3605.77515537516,0,20.4279184180828,2.50251935004141,4.47644109685212,140,37.128794869496,0,116.855644965713,12.3675351008695,0,0
"64",1971.20273972603,155.357621404373,2693.85652210372,0,0,324.125188839209,3605.77515537516,0,20.4279184180828,2.50251935004141,4.47644109685212,140,37.128794869496,0,116.855644965713,12.3675351008695,0,0
"65",1972,131.427999054456,2707.86246661673,0,0,327.79030447724,3584.3740266505,0,100.88018774686,12.4261971869435,22.2124541834786,140,47.052472706398,0,134.59165805234,11.5542175495018,0,0
"66",1972,131.427999054456,2707.86246661673,0,0,327.79030447724,3584.3740266505,0,0,0,0,140,47.052472706398,0,134.59165805234,11.5542175495018,0,0
"67",1972,131.427999054456,2707.86246661673,0,0,327.79030447724,3584.3740266505,0,0,0,0,140,47.052472706398,0,134.59165805234,11.5542175495018,0,0
"68",1972.00273972603,131.371098840684,2707.88771751542,0,0,327.68053435777,3584.30273837749,0,0.23600688163764,0.031649315083246,0.181058392478055,140,47.0841220214813,0,134.772716444818,11.5497706267476,0,0
"69",1972.00273972603,131.371098840684,2707.88771751542,0,0,327.68053435777,3584.30273837749,0,0.23600688163764,0.031649315083246,0.181058392478055,140,47.0841220214813,0,134.772716444818,11.5497706267476,0,0
"70",1972.00273972603,131.371098840684,2707.88771751542,0,0,327.68053435777,3584.30273837749,0,0.23600688163764,0.031649315083246,0.181058392478055,140,47.0841220214813,0,134.772716444818,11.5497706267476,0,0
"71",1972.00273972603,131.371098840684,2707.88771751542,0,0,327.68053435777,3584.30273837749,0,0.23600688163764,0.031649315083246,0.181058392478055,140,47.0841220214813,0,134.772716444818,11.5497706267476,0,0
"72",1972.00273972603,131.371098840684,2707.88771751542,0,0,327.68053435777,3584.30273837749,0,0.23600688163764,0.031649315083246,0.181058392478055,140,47.0841220214813,0,134.772716444818,11.5497706267476,0,0
"73",1972.00273972603,131.371098840684,2707.88771751542,0,0,327.68053435777,3584.30273837749,0,0.23600688163764,0.031649315083246,0.181058392478055,140,47.0841220214813,0,134.772716444818,11.5497706267476,0,0
"74",1972.20273972603,127.555752256017,2709.42411915307,0,0,320.029040376482,3578.89207262375,0,17.4036593773648,2.31059426210732,13.2432181275105,140,49.3630669685054,0,147.83487617985,11.2465868008485,0,0
"75",1972.20273972603,155.555752256017,2716.42411915307,0,0,320.029040376482,3578.89207262375,0,17.4036593773648,2.31059426210732,13.2432181275105,175,49.3630669685054,0,147.83487617985,12.2609896522597,0,0
"76",1972.20273972603,155.555752256017,2716.42411915307,0,0,320.029040376482,3578.89207262375,0,17.4036593773648,2.31059426210732,13.2432181275105,175,49.3630669685054,0,147.83487617985,12.2609896522597,0,0
"77",1972.20273972603,155.555752256017,2716.42411915307,0,0,320.029040376482,3578.89207262375,0,17.4036593773648,2.31059426210732,13.2432181275105,175,49.3630669685054,0,147.83487617985,12.2609896522597,0,0
"78",1972.20273972603,155.555752256017,2716.42411915307,0,0,320.029040376482,3578.89207262375,0,17.4036593773648,2.31059426210732,13.2432181275105,175,49.3630669685054,0,147.83487617985,12.2609896522597,0,0
"79",1972.20273972603,155.555752256017,2716.42411915307,0,0,320.029040376482,3578.89207262375,0,17.4036593773648,2.31059426210732,13.2432181275105,175,49.3630669685054,0,147.83487617985,12.2609896522597,0,0
"80",1972.20273972603,155.555752256017,2716.42411915307,0,0,320.029040376482,3578.89207262375,0,17.4036593773648,2.31059426210732,13.2432181275105,175,49.3630669685054,0,147.83487617985,12.2609896522597,0,0
"81",1973,132.543941936958,2730.20301479868,0,0,295.577009047735,3553.91549435041,0,84.72548821435,11.5435089355513,62.671827729589,175,58.5959816419493,0,197.263485781929,8.54501849055094,0,0
"82",1973,132.543941936958,2730.20301479868,0,0,295.577009047735,3553.91549435041,0,0,0,0,175,58.5959816419493,0,197.263485781929,8.54501849055094,0,0
"83",1973,132.543941936958,2730.20301479868,0,0,295.577009047735,3553.91549435041,0,0,0,0,175,58.5959816419493,0,197.263485781929,8.54501849055094,0,0
"84",1973.00273972603,132.494995662767,2730.22854838253,0,0,295.617077033868,3553.82187995852,0,0.26742079823804,0.0234126903453985,0.0535464057595492,175,58.6193943322947,0,197.317032187688,8.54624849310161,0,0
"85",1973.00273972603,132.494995662767,2730.22854838253,0,0,295.617077033868,3553.82187995852,0,0.26742079823804,0.0234126903453985,0.0535464057595492,175,58.6193943322947,0,197.317032187688,8.54624849310161,0,0
"86",1973.00273972603,132.494995662767,2730.22854838253,0,0,295.617077033868,3553.82187995852,0,0.26742079823804,0.0234126903453985,0.0535464057595492,175,58.6193943322947,0,197.317032187688,8.54624849310161,0,0
"87",1973.00273972603,132.494995662767,2730.22854838253,0,0,295.617077033868,3553.82187995852,0,0.26742079823804,0.0234126903453985,0.0535464057595492,175,58.6193943322947,0,197.317032187688,8.54624849310161,0,0
"88",1973.00273972603,132.494995662767,2730.22854838253,0,0,295.617077033868,3553.82187995852,0,0.26742079823804,0.0234126903453985,0.0535464057595492,175,58.6193943322947,0,197.317032187688,8.54624849310161,0,0
"89",1973.00273972603,132.494995662767,2730.22854838253,0,0,295.617077033868,3553.82187995852,0,0.26742079823804,0.0234126903453985,0.0535464057595492,175,58.6193943322947,0,197.317032187688,8.54624849310161,0,0
"90",1973.20273972603,129.179771471625,2731.82580043131,0,0,298.417960773611,3547.09305621985,0,19.8398307572585,1.74138483270667,3.9814864046918,175,60.337366474656,0,201.244972186621,8.63222970844529,0,0
"91",1973.20273972603,157.179771471625,2738.82580043131,0,0,298.417960773611,3547.09305621985,0,19.8398307572585,1.74138483270667,3.9814864046918,210,60.337366474656,0,201.244972186621,8.63222970844529,0,0
"92",1973.20273972603,157.179771471625,2738.82580043131,0,0,298.417960773611,3547.09305621985,0,19.8398307572585,1.74138483270667,3.9814864046918,210,60.337366474656,0,201.244972186621,8.63222970844529,0,0
"93",1973.20273972603,157.179771471625,2738.82580043131,0,0,298.417960773611,3547.09305621985,0,19.8398307572585,1.74138483270667,3.9814864046918,210,60.337366474656,0,201.244972186621,8.63222970844529,0,0
"94",1973.20273972603,157.179771471625,2738.82580043131,0,0,298.417960773611,3547.09305621985,0,19.8398307572585,1.74138483270667,3.9814864046918,210,60.337366474656,0,201.244972186621,8.63222970844529,0,0
"95",1973.20273972603,157.179771471625,2738.82580043131,0,0,298.417960773611,3547.09305621985,0,19.8398307572585,1.74138483270667,3.9814864046918,210,60.337366474656,0,201.244972186621,8.63222970844529,0,0
"96",1973.20273972603,157.179771471625,2738.82580043131,0,0,298.417960773611,3547.09305621985,0,19.8398307572585,1.74138483270667,3.9814864046918,210,60.337366474656,0,201.244972186621,8.63222970844529,0,0
"97",1974,135.518556138466,2753.48806674686,0,0,307.432755155407,3522.09595600068,0,98.6976398353792,8.74033385030694,19.9637922420639,210,67.3363154922562,0,217.227278023993,11.6906193570156,0,0
"98",1974,135.518556138466,2753.48806674686,0,0,307.432755155407,3522.09595600068,0,0,0,0,210,67.3363154922562,0,217.227278023993,11.6906193570156,0,0
"99",1974,135.518556138466,2753.48806674686,0,0,307.432755155407,3522.09595600068,0,0,0,0,210,67.3363154922562,0,217.227278023993,11.6906193570156,0,0
"100",1974.00273972603,135.456961770473,2753.5176307014,0,0,307.456621248877,3522.01450310008,0,0.270879565377086,0.0320304134585143,0.0575868071291907,210,67.3683459057148,0,217.284864831122,11.6915871808045,0,0
"101",1974.00273972603,135.456961770473,2753.5176307014,0,0,307.456621248877,3522.01450310008,0,0.270879565377086,0.0320304134585143,0.0575868071291907,210,67.3683459057148,0,217.284864831122,11.6915871808045,0,0
"102",1974.00273972603,135.456961770473,2753.5176307014,0,0,307.456621248877,3522.01450310008,0,0.270879565377086,0.0320304134585143,0.0575868071291907,210,67.3683459057148,0,217.284864831122,11.6915871808045,0,0
"103",1974.00273972603,135.456961770473,2753.5176307014,0,0,307.456621248877,3522.01450310008,0,0.270879565377086,0.0320304134585143,0.0575868071291907,210,67.3683459057148,0,217.284864831122,11.6915871808045,0,0
"104",1974.00273972603,135.456961770473,2753.5176307014,0,0,307.456621248877,3522.01450310008,0,0.270879565377086,0.0320304134585143,0.0575868071291907,210,67.3683459057148,0,217.284864831122,11.6915871808045,0,0
"105",1974.00273972603,135.456961770473,2753.5176307014,0,0,307.456621248877,3522.01450310008,0,0.270879565377086,0.0320304134585143,0.0575868071291907,210,67.3683459057148,0,217.284864831122,11.6915871808045,0,0
"106",1974.20273972603,131.288504501204,2755.34092338942,0,0,309.118855041896,3516.13721216956,0,20.0563168136014,2.37719499470878,4.27264394463044,210,69.713510486965,0,221.499921968623,11.7589945011374,0,0
"107",1974.20273972603,159.288504501204,2762.34092338942,0,0,309.118855041896,3516.13721216956,0,20.0563168136014,2.37719499470878,4.27264394463044,245,69.713510486965,0,221.499921968623,11.7589945011374,0,0
"108",1974.20273972603,159.288504501204,2762.34092338942,0,0,309.118855041896,3516.13721216956,0,20.0563168136014,2.37719499470878,4.27264394463044,245,69.713510486965,0,221.499921968623,11.7589945011374,0,0
"109",1974.20273972603,159.288504501204,2762.34092338942,0,0,309.118855041896,3516.13721216956,0,20.0563168136014,2.37719499470878,4.27264394463044,245,69.713510486965,0,221.499921968623,11.7589945011374,0,0
"110",1974.20273972603,159.288504501204,2762.34092338942,0,0,309.118855041896,3516.13721216956,0,20.0563168136014,2.37719499470878,4.27264394463044,245,69.713510486965,0,221.499921968623,11.7589945011374,0,0
"111",1974.20273972603,159.288504501204,2762.34092338942,0,0,309.118855041896,3516.13721216956,0,20.0563168136014,2.37719499470878,4.27264394463044,245,69.713510486965,0,221.499921968623,11.7589945011374,0,0
"112",1974.20273972603,159.288504501204,2762.34092338942,0,0,309.118855041896,3516.13721216956,0,20.0563168136014,2.37719499470878,4.27264394463044,245,69.713510486965,0,221.499921968623,11.7589945011374,0,0
"113",1975,135.291986998539,2776.87222196187,0,0,314.359003348069,3493.90623419467,0,99.1123457464021,11.8424139249197,21.2634736133469,245,79.1787294171758,0,238.49075163734,11.4790643345084,0,0
"114",1975,135.291986998539,2776.87222196187,0,0,314.359003348069,3493.90623419467,0,0,0,0,245,79.1787294171758,0,238.49075163734,11.4790643345084,0,0
"115",1975,135.291986998539,2776.87222196187,0,0,314.359003348069,3493.90623419467,0,0,0,0,245,79.1787294171758,0,238.49075163734,11.4790643345084,0,0
"116",1975.00273972603,135.233581703661,2776.89918354936,0,0,314.259064068968,3493.83271834136,0,0.220721468111893,0.031443707385211,0.173455132411459,245,79.2101731245611,0,238.664206769751,11.4748307971761,0,0
"117",1975.00273972603,135.233581703661,2776.89918354936,0,0,314.259064068968,3493.83271834136,0,0.220721468111893,0.031443707385211,0.173455132411459,245,79.2101731245611,0,238.664206769751,11.4748307971761,0,0
"118",1975.00273972603,135.233581703661,2776.89918354936,0,0,314.259064068968,3493.83271834136,0,0.220721468111893,0.031443707385211,0.173455132411459,245,79.2101731245611,0,238.664206769751,11.4748307971761,0,0
"119",1975.00273972603,135.233581703661,2776.89918354936,0,0,314.259064068968,3493.83271834136,0,0.220721468111893,0.031443707385211,0.173455132411459,245,79.2101731245611,0,238.664206769751,11.4748307971761,0,0
"120",1975.00273972603,135.233581703661,2776.89918354936,0,0,314.259064068968,3493.83271834136,0,0.220721468111893,0.031443707385211,0.173455132411459,245,79.2101731245611,0,238.664206769751,11.4748307971761,0,0
"121",1975.00273972603,135.233581703661,2776.89918354936,0,0,314.259064068968,3493.83271834136,0,0.220721468111893,0.031443707385211,0.173455132411459,245,79.2101731245611,0,238.664206769751,11.4748307971761,0,0
"122",1975.20273972603,131.315393331853,2778.55198694075,0,0,307.289781747449,3488.28000383963,0,16.2825505222959,2.29682868780525,12.6954519556624,245,81.4755581049811,0,251.186203593002,11.1853281481853,0,0
"123",1975.20273972603,159.315393331853,2785.55198694075,0,0,307.289781747449,3488.28000383963,0,16.2825505222959,2.29682868780525,12.6954519556624,280,81.4755581049811,0,251.186203593002,11.9881253988043,0,0
"124",1975.20273972603,159.315393331853,2785.55198694075,0,0,307.289781747449,3488.28000383963,0,16.2825505222959,2.29682868780525,12.6954519556624,280,81.4755581049811,0,251.186203593002,11.9881253988043,0,0
"125",1975.20273972603,159.315393331853,2785.55198694075,0,0,307.289781747449,3488.28000383963,0,16.2825505222959,2.29682868780525,12.6954519556624,280,81.4755581049811,0,251.186203593002,11.9881253988043,0,0
"126",1975.20273972603,159.315393331853,2785.55198694075,0,0,307.289781747449,3488.28000383963,0,16.2825505222959,2.29682868780525,12.6954519556624,280,81.4755581049811,0,251.186203593002,11.9881253988043,0,0
"127",1975.20273972603,159.315393331853,2785.55198694075,0,0,307.289781747449,3488.28000383963,0,16.2825505222959,2.29682868780525,12.6954519556624,280,81.4755581049811,0,251.186203593002,11.9881253988043,0,0
"128",1975.20273972603,159.315393331853,2785.55198694075,0,0,307.289781747449,3488.28000383963,0,16.2825505222959,2.29682868780525,12.6954519556624,280,81.4755581049811,0,251.186203593002,11.9881253988043,0,0
"129",1976,136.095271310718,2799.69365561892,0,0,284.967269408947,3463.07749216799,0,79.3813688124328,11.3752820307697,60.220475965798,280,90.5540114479456,0,298.711227603138,8.21932189141025,0,0
"130",1976,136.095271310718,2799.69365561892,0,0,284.967269408947,3463.07749216799,0,0,0,0,280,90.5540114479456,0,298.711227603138,8.21932189141025,0,0
"131",1976,136.095271310718,2799.69365561892,0,0,284.967269408947,3463.07749216799,0,0,0,0,280,90.5540114479456,0,298.711227603138,8.21932189141025,0,0
"132",1976.00273972603,136.046197581575,2799.72020889649,0,0,285.009251709988,3462.98388520625,0,0.264672542252763,0.0225204515697364,0.051624660704555,280,90.5765318995153,0,298.762852263842,8.22061065938559,0,0
"133",1976.00273972603,136.046197581575,2799.72020889649,0,0,285.009251709988,3462.98388520625,0,0.264672542252763,0.0225204515697364,0.051624660704555,280,90.5765318995153,0,298.762852263842,8.22061065938559,0,0
"134",1976.00273972603,136.046197581575,2799.72020889649,0,0,285.009251709988,3462.98388520625,0,0.264672542252763,0.0225204515697364,0.051624660704555,280,90.5765318995153,0,298.762852263842,8.22061065938559,0,0
"135",1976.00273972603,136.046197581575,2799.72020889649,0,0,285.009251709988,3462.98388520625,0,0.264672542252763,0.0225204515697364,0.051624660704555,280,90.5765318995153,0,298.762852263842,8.22061065938559,0,0
"136",1976.00273972603,136.046197581575,2799.72020889649,0,0,285.009251709988,3462.98388520625,0,0.264672542252763,0.0225204515697364,0.051624660704555,280,90.5765318995153,0,298.762852263842,8.22061065938559,0,0
"137",1976.00273972603,136.046197581575,2799.72020889649,0,0,285.009251709988,3462.98388520625,0,0.264672542252763,0.0225204515697364,0.051624660704555,280,90.5765318995153,0,298.762852263842,8.22061065938559,0,0
"138",1976.20273972603,132.722171832453,2801.39097124726,0,0,287.945031488377,3456.25953810833,0,19.6464594028318,1.67578384992401,3.84019198023745,280,92.2297952978696,0,302.551419583375,8.31073289821526,0,0
"139",1976.20273972603,160.722171832453,2808.39097124726,0,0,287.945031488377,3456.25953810833,0,19.6464594028318,1.67578384992401,3.84019198023745,315,92.2297952978696,0,302.551419583375,8.31073289821526,0,0
"140",1976.20273972603,160.722171832453,2808.39097124726,0,0,287.945031488377,3456.25953810833,0,19.6464594028318,1.67578384992401,3.84019198023745,315,92.2297952978696,0,302.551419583375,8.31073289821526,0,0
"141",1976.20273972603,160.722171832453,2808.39097124726,0,0,287.945031488377,3456.25953810833,0,19.6464594028318,1.67578384992401,3.84019198023745,315,92.2297952978696,0,302.551419583375,8.31073289821526,0,0
"142",1976.20273972603,160.722171832453,2808.39097124726,0,0,287.945031488377,3456.25953810833,0,19.6464594028318,1.67578384992401,3.84019198023745,315,92.2297952978696,0,302.551419583375,8.31073289821526,0,0
"143",1976.20273972603,160.722171832453,2808.39097124726,0,0,287.945031488377,3456.25953810833,0,19.6464594028318,1.67578384992401,3.84019198023745,315,92.2297952978696,0,302.551419583375,8.31073289821526,0,0
"144",1976.20273972603,160.722171832453,2808.39097124726,0,0,287.945031488377,3456.25953810833,0,19.6464594028318,1.67578384992401,3.84019198023745,315,92.2297952978696,0,302.551419583375,8.31073289821526,0,0
"145",1977,139.034320423135,2823.33037761695,0,0,297.413473366027,3431.34835442781,0,97.9079698819231,8.4242288895558,19.282933783103,315,98.9782403375014,0,317.994161386241,11.2843149370722,0,0
"146",1977,139.034320423135,2823.33037761695,0,0,297.413473366027,3431.34835442781,0,0,0,0,315,98.9782403375014,0,317.994161386241,11.2843149370722,0,0
"147",1977,139.034320423135,2823.33037761695,0,0,297.413473366027,3431.34835442781,0,0,0,0,315,98.9782403375014,0,317.994161386241,11.2843149370722,0,0
"148",1977.00273972603,138.972924994909,2823.36085571868,0,0,297.438704547889,3431.26736176915,0,0.266660821213669,0.0309173264920991,0.0557614767955557,315,99.0091576639935,0,318.049922863036,11.2853381182668,0,0
"149",1977.00273972603,138.972924994909,2823.36085571868,0,0,297.438704547889,3431.26736176915,0,0.266660821213669,0.0309173264920991,0.0557614767955557,315,99.0091576639935,0,318.049922863036,11.2853381182668,0,0
"150",1977.00273972603,138.972924994909,2823.36085571868,0,0,297.438704547889,3431.26736176915,0,0.266660821213669,0.0309173264920991,0.0557614767955557,315,99.0091576639935,0,318.049922863036,11.2853381182668,0,0
"151",1977.00273972603,138.972924994909,2823.36085571868,0,0,297.438704547889,3431.26736176915,0,0.266660821213669,0.0309173264920991,0.0557614767955557,315,99.0091576639935,0,318.049922863036,11.2853381182668,0,0
"152",1977.00273972603,138.972924994909,2823.36085571868,0,0,297.438704547889,3431.26736176915,0,0.266660821213669,0.0309173264920991,0.0557614767955557,315,99.0091576639935,0,318.049922863036,11.2853381182668,0,0
"153",1977.00273972603,138.972924994909,2823.36085571868,0,0,297.438704547889,3431.26736176915,0,0.266660821213669,0.0309173264920991,0.0557614767955557,315,99.0091576639935,0,318.049922863036,11.2853381182668,0,0
"154",1977.20273972603,134.817767118857,2825.25170390093,0,0,299.197205416058,3425.42636498804,0,19.7454168109438,2.29522702029337,4.13825738973692,315,101.273467357795,0,322.132418775978,11.356649285098,0,0
"155",1977.20273972603,162.817767118857,2832.25170390093,0,0,299.197205416058,3425.42636498804,0,19.7454168109438,2.29522702029337,4.13825738973692,350,101.273467357795,0,322.132418775978,11.356649285098,0,0
"156",1977.20273972603,162.817767118857,2832.25170390093,0,0,299.197205416058,3425.42636498804,0,19.7454168109438,2.29522702029337,4.13825738973692,350,101.273467357795,0,322.132418775978,11.356649285098,0,0
"157",1977.20273972603,162.817767118857,2832.25170390093,0,0,299.197205416058,3425.42636498804,0,19.7454168109438,2.29522702029337,4.13825738973692,350,101.273467357795,0,322.132418775978,11.356649285098,0,0
"158",1977.20273972603,162.817767118857,2832.25170390093,0,0,299.197205416058,3425.42636498804,0,19.7454168109438,2.29522702029337,4.13825738973692,350,101.273467357795,0,322.132418775978,11.356649285098,0,0
"159",1977.20273972603,162.817767118857,2832.25170390093,0,0,299.197205416058,3425.42636498804,0,19.7454168109438,2.29522702029337,4.13825738973692,350,101.273467357795,0,322.132418775978,11.356649285098,0,0
"160",1977.20273972603,162.817767118857,2832.25170390093,0,0,299.197205416058,3425.42636498804,0,19.7454168109438,2.29522702029337,4.13825738973692,350,101.273467357795,0,322.132418775978,11.356649285098,0,0
"161",1978,138.856270109382,2847.06326403596,0,0,304.762506473639,3403.38662142098,0,97.6002928967771,11.4451638947373,20.6126998992139,350,110.423404232239,0,338.606861285455,11.4077369187328,0,0
"162",1978,138.856270109382,2847.06326403596,0,0,304.762506473639,3403.38662142098,0,0,0,0,350,110.423404232239,0,338.606861285455,11.4077369187328,0,0
"163",1978,138.856270109382,2847.06326403596,0,0,304.762506473639,3403.38662142098,0,0,0,0,350,110.423404232239,0,338.606861285455,11.4077369187328,0,0
"164",1978.00273972603,138.797078059358,2847.09120756543,0,0,304.667425589032,3403.31387664434,0,0.2058662282794,0.0312485205604841,0.167825661249815,350,110.454652752799,0,338.774686946704,11.4036724731848,0,0
"165",1978.00273972603,138.797078059358,2847.09120756543,0,0,304.667425589032,3403.31387664434,0,0.2058662282794,0.0312485205604841,0.167825661249815,350,110.454652752799,0,338.774686946704,11.4036724731848,0,0
"166",1978.00273972603,138.797078059358,2847.09120756543,0,0,304.667425589032,3403.31387664434,0,0.2058662282794,0.0312485205604841,0.167825661249815,350,110.454652752799,0,338.774686946704,11.4036724731848,0,0
"167",1978.00273972603,138.797078059358,2847.09120756543,0,0,304.667425589032,3403.31387664434,0,0.2058662282794,0.0312485205604841,0.167825661249815,350,110.454652752799,0,338.774686946704,11.4036724731848,0,0
"168",1978.00273972603,138.797078059358,2847.09120756543,0,0,304.667425589032,3403.31387664434,0,0.2058662282794,0.0312485205604841,0.167825661249815,350,110.454652752799,0,338.774686946704,11.4036724731848,0,0
"169",1978.00273972603,138.797078059358,2847.09120756543,0,0,304.667425589032,3403.31387664434,0,0.2058662282794,0.0312485205604841,0.167825661249815,350,110.454652752799,0,338.774686946704,11.4036724731848,0,0
"170",1978.20273972603,134.824784688851,2848.81122044681,0,0,298.034828584694,3397.82714389796,0,15.1914889329174,2.2835290096856,12.2871554119654,350,112.706933241924,0,350.89401669742,11.1249432047034,0,0
"171",1978.20273972603,162.824784688851,2855.81122044681,0,0,298.034828584694,3397.82714389796,0,15.1914889329174,2.2835290096856,12.2871554119654,385,112.706933241924,0,350.89401669742,11.7442354261087,0,0
"172",1978.20273972603,162.824784688851,2855.81122044681,0,0,298.034828584694,3397.82714389796,0,15.1914889329174,2.2835290096856,12.2871554119654,385,112.706933241924,0,350.89401669742,11.7442354261087,0,0
"173",1978.20273972603,162.824784688851,2855.81122044681,0,0,298.034828584694,3397.82714389796,0,15.1914889329174,2.2835290096856,12.2871554119654,385,112.706933241924,0,350.89401669742,11.7442354261087,0,0
"174",1978.20273972603,162.824784688851,2855.81122044681,0,0,298.034828584694,3397.82714389796,0,15.1914889329174,2.2835290096856,12.2871554119654,385,112.706933241924,0,350.89401669742,11.7442354261087,0,0
"175",1978.20273972603,162.824784688851,2855.81122044681,0,0,298.034828584694,3397.82714389796,0,15.1914889329174,2.2835290096856,12.2871554119654,385,112.706933241924,0,350.89401669742,11.7442354261087,0,0
"176",1978.20273972603,162.824784688851,2855.81122044681,0,0,298.034828584694,3397.82714389796,0,15.1914889329174,2.2835290096856,12.2871554119654,385,112.706933241924,0,350.89401669742,11.7442354261087,0,0
"177",1979,139.523816178299,2870.17819274418,0,0,276.757468823465,3373.04619255228,0,74.1500203438965,11.2175252228638,58.3454665188794,385,121.640929455102,0,396.952327804334,10.7251966576666,0,0
"178",1979,139.523816178299,2870.17819274418,0,0,276.757468823465,3373.04619255228,0,0,0,0,385,121.640929455102,0,396.952327804334,10.7251966576666,0,0
"179",1979,139.523816178299,2870.17819274418,0,0,276.757468823465,3373.04619255228,0,0,0,0,385,121.640929455102,0,396.952327804334,10.7251966576666,0,0
"180",1979.00273972603,139.467216092784,2870.20541267991,0,0,276.696547247108,3372.9543534084,0,0.196437053725618,0.0293801497878981,0.152760720239046,385,121.67030960489,0,397.105088524573,10.7223050329378,0,0
"181",1979.00273972603,139.467216092784,2870.20541267991,0,0,276.696547247108,3372.9543534084,0,0.196437053725618,0.0293801497878981,0.152760720239046,385,121.67030960489,0,397.105088524573,10.7223050329378,0,0
"182",1979.00273972603,139.467216092784,2870.20541267991,0,0,276.696547247108,3372.9543534084,0,0.196437053725618,0.0293801497878981,0.152760720239046,385,121.67030960489,0,397.105088524573,10.7223050329378,0,0
"183",1979.00273972603,139.467216092784,2870.20541267991,0,0,276.696547247108,3372.9543534084,0,0.196437053725618,0.0293801497878981,0.152760720239046,385,121.67030960489,0,397.105088524573,10.7223050329378,0,0
"184",1979.00273972603,139.467216092784,2870.20541267991,0,0,276.696547247108,3372.9543534084,0,0.196437053725618,0.0293801497878981,0.152760720239046,385,121.67030960489,0,397.105088524573,10.7223050329378,0,0
"185",1979.00273972603,139.467216092784,2870.20541267991,0,0,276.696547247108,3372.9543534084,0,0.196437053725618,0.0293801497878981,0.152760720239046,385,121.67030960489,0,397.105088524573,10.7223050329378,0,0
"186",1979.20273972603,135.662408593924,2871.88613682507,0,0,272.437079926093,3366.14803540323,0,14.5047980832436,2.15346350348995,11.2185460464209,385,123.794392958592,0,408.170873850755,10.5220745077896,0,0
"187",1979.20273972603,163.662408593924,2878.88613682507,0,0,272.437079926093,3366.14803540323,0,14.5047980832436,2.15346350348995,11.2185460464209,420,123.794392958592,0,408.170873850755,10.7973537929095,0,0
"188",1979.20273972603,163.662408593924,2878.88613682507,0,0,272.437079926093,3366.14803540323,0,14.5047980832436,2.15346350348995,11.2185460464209,420,123.794392958592,0,408.170873850755,10.7973537929095,0,0
"189",1979.20273972603,163.662408593924,2878.88613682507,0,0,272.437079926093,3366.14803540323,0,14.5047980832436,2.15346350348995,11.2185460464209,420,123.794392958592,0,408.170873850755,10.7973537929095,0,0
"190",1979.20273972603,163.662408593924,2878.88613682507,0,0,272.437079926093,3366.14803540323,0,14.5047980832436,2.15346350348995,11.2185460464209,420,123.794392958592,0,408.170873850755,10.7973537929095,0,0
"191",1979.20273972603,163.662408593924,2878.88613682507,0,0,272.437079926093,3366.14803540323,0,14.5047980832436,2.15346350348995,11.2185460464209,420,123.794392958592,0,408.170873850755,10.7973537929095,0,0
"192",1979.20273972603,163.662408593924,2878.88613682507,0,0,272.437079926093,3366.14803540323,0,14.5047980832436,2.15346350348995,11.2185460464209,420,123.794392958592,0,408.170873850755,10.7973537929095,0,0
"193",1980,140.859343701823,2893.32671384552,0,0,258.598298512008,3337.34785959587,0,70.9740801507441,10.5159513751407,53.8575032678631,420,132.156880830243,0,450.809831072197,9.71027226259827,0,0
"194",1980,140.859343701823,2893.32671384552,0,0,258.598298512008,3337.34785959587,0,0,0,0,420,132.156880830243,0,450.809831072197,9.71027226259827,0,0
"195",1980,140.859343701823,2893.32671384552,0,0,258.598298512008,3337.34785959587,0,0,0,0,420,132.156880830243,0,450.809831072197,9.71027226259827,0,0
"196",1980.00273972603,140.804859013035,2893.35459205506,0,0,258.652330112233,3337.24513871903,0,0.255824395770593,0.0266064792493514,0.0486892766210161,420,132.183487309492,0,450.858520348818,9.7124633655585,0,0
"197",1980.00273972603,140.804859013035,2893.35459205506,0,0,258.652330112233,3337.24513871903,0,0.255824395770593,0.0266064792493514,0.0486892766210161,420,132.183487309492,0,450.858520348818,9.7124633655585,0,0
"198",1980.00273972603,140.804859013035,2893.35459205506,0,0,258.652330112233,3337.24513871903,0,0.255824395770593,0.0266064792493514,0.0486892766210161,420,132.183487309492,0,450.858520348818,9.7124633655585,0,0
"199",1980.00273972603,140.804859013035,2893.35459205506,0,0,258.652330112233,3337.24513871903,0,0.255824395770593,0.0266064792493514,0.0486892766210161,420,132.183487309492,0,450.858520348818,9.7124633655585,0,0
"200",1980.00273972603,140.804859013035,2893.35459205506,0,0,258.652330112233,3337.24513871903,0,0.255824395770593,0.0266064792493514,0.0486892766210161,420,132.183487309492,0,450.858520348818,9.7124633655585,0,0
"201",1980.00273972603,140.804859013035,2893.35459205506,0,0,258.652330112233,3337.24513871903,0,0.255824395770593,0.0266064792493514,0.0486892766210161,420,132.183487309492,0,450.858520348818,9.7124633655585,0,0
"202",1980.20273972603,137.108750951511,2895.09265473646,0,0,262.434663265784,3329.8824587262,0,18.9671042341555,1.98465185937546,3.62903611590043,420,134.141532689619,0,454.438867188098,9.86584548518458,0,0
"203",1980.20273972603,165.108750951511,2902.09265473646,0,0,262.434663265784,3329.8824587262,0,18.9671042341555,1.98465185937546,3.62903611590043,455,134.141532689619,0,454.438867188098,9.86584548518458,0,0
"204",1980.20273972603,165.108750951511,2902.09265473646,0,0,262.434663265784,3329.8824587262,0,18.9671042341555,1.98465185937546,3.62903611590043,455,134.141532689619,0,454.438867188098,9.86584548518458,0,0
"205",1980.20273972603,165.108750951511,2902.09265473646,0,0,262.434663265784,3329.8824587262,0,18.9671042341555,1.98465185937546,3.62903611590043,455,134.141532689619,0,454.438867188098,9.86584548518458,0,0
"206",1980.20273972603,165.108750951511,2902.09265473646,0,0,262.434663265784,3329.8824587262,0,18.9671042341555,1.98465185937546,3.62903611590043,455,134.141532689619,0,454.438867188098,9.86584548518458,0,0
"207",1980.20273972603,165.108750951511,2902.09265473646,0,0,262.434663265784,3329.8824587262,0,18.9671042341555,1.98465185937546,3.62903611590043,455,134.141532689619,0,454.438867188098,9.86584548518458,0,0
"208",1980.20273972603,165.108750951511,2902.09265473646,0,0,262.434663265784,3329.8824587262,0,18.9671042341555,1.98465185937546,3.62903611590043,455,134.141532689619,0,454.438867188098,9.86584548518458,0,0
"209",1981,142.299237192893,2916.82695239707,0,0,274.706781095043,3302.8938855535,0,94.1442023337694,10.0598679573766,18.3454914593408,455,142.21674878762,0,469.155322531538,0,0,0
"210",1982,135.03925989015,2924.08692249316,0,0,301.9062336967,3275.69441829047,0,94.1442669022394,10.0598751640322,18.3455061207154,455,142.216755994275,0,469.155337192912,11.2159418365808,0,0
"211",1982,135.03925989015,2924.08692249316,0,0,301.9062336967,3275.69441829047,0,0,0,0,455,142.216755994275,0,469.155337192912,11.2159418365808,0,0
"212",1982,135.03925989015,2924.08692249316,0,0,301.9062336967,3275.69441829047,0,0,0,0,455,142.216755994275,0,469.155337192912,11.2159418365808,0,0
"213",1982.00273972603,134.995527415996,2924.09993141881,0,0,301.80429740042,3275.63110028946,0,0.186722355362968,0.0307235485048899,0.165254297281087,455,142.24747954278,0,469.320591490194,11.2122391448901,0,0
"214",1982.00273972603,134.995527415996,2924.09993141881,0,0,301.80429740042,3275.63110028946,0,0.186722355362968,0.0307235485048899,0.165254297281087,455,142.24747954278,0,469.320591490194,11.2122391448901,0,0
"215",1982.00273972603,134.995527415996,2924.09993141881,0,0,301.80429740042,3275.63110028946,0,0.186722355362968,0.0307235485048899,0.165254297281087,455,142.24747954278,0,469.320591490194,11.2122391448901,0,0
"216",1982.00273972603,134.995527415996,2924.09993141881,0,0,301.80429740042,3275.63110028946,0,0.186722355362968,0.0307235485048899,0.165254297281087,455,142.24747954278,0,469.320591490194,11.2122391448901,0,0
"217",1982.00273972603,134.995527415996,2924.09993141881,0,0,301.80429740042,3275.63110028946,0,0.186722355362968,0.0307235485048899,0.165254297281087,455,142.24747954278,0,469.320591490194,11.2122391448901,0,0
"218",1982.00273972603,134.995527415996,2924.09993141881,0,0,301.80429740042,3275.63110028946,0,0.186722355362968,0.0307235485048899,0.165254297281087,455,142.24747954278,0,469.320591490194,11.2122391448901,0,0
"219",1982.20273972603,132.063654932246,2924.81529230339,0,0,294.693357743169,3270.81619217242,0,13.7827613476106,2.2472351476747,12.0911020715748,455,144.46399114195,0,481.246439264487,10.9580713132576,0,0
"220",1982.20273972603,160.063654932246,2931.81529230339,0,0,294.693357743169,3270.81619217242,0,13.7827613476106,2.2472351476747,12.0911020715748,490,144.46399114195,0,481.246439264487,11.6026785995951,0,0
"221",1982.20273972603,160.063654932246,2931.81529230339,0,0,294.693357743169,3270.81619217242,0,13.7827613476106,2.2472351476747,12.0911020715748,490,144.46399114195,0,481.246439264487,11.6026785995951,0,0
"222",1982.20273972603,160.063654932246,2931.81529230339,0,0,294.693357743169,3270.81619217242,0,13.7827613476106,2.2472351476747,12.0911020715748,490,144.46399114195,0,481.246439264487,11.6026785995951,0,0
"223",1982.20273972603,160.063654932246,2931.81529230339,0,0,294.693357743169,3270.81619217242,0,13.7827613476106,2.2472351476747,12.0911020715748,490,144.46399114195,0,481.246439264487,11.6026785995951,0,0
"224",1982.20273972603,160.063654932246,2931.81529230339,0,0,294.693357743169,3270.81619217242,0,13.7827613476106,2.2472351476747,12.0911020715748,490,144.46399114195,0,481.246439264487,11.6026785995951,0,0
"225",1982.20273972603,160.063654932246,2931.81529230339,0,0,294.693357743169,3270.81619217242,0,13.7827613476106,2.2472351476747,12.0911020715748,490,144.46399114195,0,481.246439264487,11.6026785995951,0,0
"226",1983,139.583724212791,2943.47585633335,0,0,271.890705446303,3248.43402957524,0,67.3413549773255,11.0666018371675,57.2759169656289,490,153.283357831443,0,526.431254158541,10.2493092716996,0,0
"227",1983,139.583724212791,2943.47585633335,0,0,271.890705446303,3248.43402957524,0,0,0,0,490,153.283357831443,0,526.431254158541,10.2493092716996,0,0
"228",1983,139.583724212791,2943.47585633335,0,0,271.890705446303,3248.43402957524,0,0,0,0,490,153.283357831443,0,526.431254158541,10.2493092716996,0,0
"229",1983.00273972603,139.534983211958,2943.49651520156,0,0,271.923828938477,3248.34980458281,0,0.25680628327975,0.0280821326275777,0.0511015002572728,490,153.311439964071,0,526.482355658798,10.2506525038351,0,0
"230",1983.00273972603,139.534983211958,2943.49651520156,0,0,271.923828938477,3248.34980458281,0,0.25680628327975,0.0280821326275777,0.0511015002572728,490,153.311439964071,0,526.482355658798,10.2506525038351,0,0
"231",1983.00273972603,139.534983211958,2943.49651520156,0,0,271.923828938477,3248.34980458281,0,0.25680628327975,0.0280821326275777,0.0511015002572728,490,153.311439964071,0,526.482355658798,10.2506525038351,0,0
"232",1983.00273972603,139.534983211958,2943.49651520156,0,0,271.923828938477,3248.34980458281,0,0.25680628327975,0.0280821326275777,0.0511015002572728,490,153.311439964071,0,526.482355658798,10.2506525038351,0,0
"233",1983.00273972603,139.534983211958,2943.49651520156,0,0,271.923828938477,3248.34980458281,0,0.25680628327975,0.0280821326275777,0.0511015002572728,490,153.311439964071,0,526.482355658798,10.2506525038351,0,0
"234",1983.00273972603,139.534983211958,2943.49651520156,0,0,271.923828938477,3248.34980458281,0,0.25680628327975,0.0280821326275777,0.0511015002572728,490,153.311439964071,0,526.482355658798,10.2506525038351,0,0
"235",1983.20273972603,136.231789179574,2944.74005725853,0,0,274.23755307507,3242.28986059207,0,19.0229369695203,2.08773410804085,3.79732135439766,490,155.371091939484,0,530.228575512939,10.3444792234532,0,0
"236",1983.20273972603,164.231789179574,2951.74005725853,0,0,274.23755307507,3242.28986059207,0,19.0229369695203,2.08773410804085,3.79732135439766,525,155.371091939484,0,530.228575512939,10.3444792234532,0,0
"237",1983.20273972603,164.231789179574,2951.74005725853,0,0,274.23755307507,3242.28986059207,0,19.0229369695203,2.08773410804085,3.79732135439766,525,155.371091939484,0,530.228575512939,10.3444792234532,0,0
"238",1983.20273972603,164.231789179574,2951.74005725853,0,0,274.23755307507,3242.28986059207,0,19.0229369695203,2.08773410804085,3.79732135439766,525,155.371091939484,0,530.228575512939,10.3444792234532,0,0
"239",1983.20273972603,164.231789179574,2951.74005725853,0,0,274.23755307507,3242.28986059207,0,19.0229369695203,2.08773410804085,3.79732135439766,525,155.371091939484,0,530.228575512939,10.3444792234532,0,0
"240",1983.20273972603,164.231789179574,2951.74005725853,0,0,274.23755307507,3242.28986059207,0,19.0229369695203,2.08773410804085,3.79732135439766,525,155.371091939484,0,530.228575512939,10.3444792234532,0,0
"241",1983.20273972603,164.231789179574,2951.74005725853,0,0,274.23755307507,3242.28986059207,0,19.0229369695203,2.08773410804085,3.79732135439766,525,155.371091939484,0,530.228575512939,10.3444792234532,0,0
"242",1984,142.574598636777,2965.022931063,0,0,281.654165136156,3219.67176218442,0,94.1481727642698,10.4620508463616,18.9988077009635,525,163.745408677805,0,545.430061859505,0,0,0
"243",1985,136.280978147927,2971.31654985233,0,0,304.78128864802,3196.54463115903,0,94.1481836525737,10.4620525458819,18.9988152144895,525,163.745410377325,0,545.430069373031,11.3206622525534,0,0
"244",1985,136.280978147927,2971.31654985233,0,0,304.78128864802,3196.54463115903,0,0,0,0,525,163.745410377325,0,545.430069373031,11.3206622525534,0,0
"245",1985,136.280978147927,2971.31654985233,0,0,304.78128864802,3196.54463115903,0,0,0,0,525,163.745410377325,0,545.430069373031,11.3206622525534,0,0
"246",1985.00273972603,136.238695076825,2971.32782268141,0,0,304.6697133163,3196.49078343884,0,0.171868077006806,0.0310102420296986,0.165423051905516,525,163.776420619355,0,545.595492424936,11.3168050599577,0,0
"247",1985.00273972603,136.238695076825,2971.32782268141,0,0,304.6697133163,3196.49078343884,0,0.171868077006806,0.0310102420296986,0.165423051905516,525,163.776420619355,0,545.595492424936,11.3168050599577,0,0
"248",1985.00273972603,136.238695076825,2971.32782268141,0,0,304.6697133163,3196.49078343884,0,0.171868077006806,0.0310102420296986,0.165423051905516,525,163.776420619355,0,545.595492424936,11.3168050599577,0,0
"249",1985.00273972603,136.238695076825,2971.32782268141,0,0,304.6697133163,3196.49078343884,0,0.171868077006806,0.0310102420296986,0.165423051905516,525,163.776420619355,0,545.595492424936,11.3168050599577,0,0
"250",1985.00273972603,136.238695076825,2971.32782268141,0,0,304.6697133163,3196.49078343884,0,0.171868077006806,0.0310102420296986,0.165423051905516,525,163.776420619355,0,545.595492424936,11.3168050599577,0,0
"251",1985.00273972603,136.238695076825,2971.32782268141,0,0,304.6697133163,3196.49078343884,0,0.171868077006806,0.0310102420296986,0.165423051905516,525,163.776420619355,0,545.595492424936,11.3168050599577,0,0
"252",1985.20273972603,133.405586329452,2971.92461718392,0,0,296.885590580498,3192.34516478225,0,12.6896008420119,2.26732448689239,12.0951644442962,525,166.012734864217,0,557.525233817327,11.0516091466032,0,0
"253",1985.20273972603,161.405586329452,2978.92461718392,0,0,296.885590580498,3192.34516478225,0,12.6896008420119,2.26732448689239,12.0951644442962,560,166.012734864217,0,557.525233817327,11.6904729871701,0,0
"254",1985.20273972603,161.405586329452,2978.92461718392,0,0,296.885590580498,3192.34516478225,0,12.6896008420119,2.26732448689239,12.0951644442962,560,166.012734864217,0,557.525233817327,11.6904729871701,0,0
"255",1985.20273972603,161.405586329452,2978.92461718392,0,0,296.885590580498,3192.34516478225,0,12.6896008420119,2.26732448689239,12.0951644442962,560,166.012734864217,0,557.525233817327,11.6904729871701,0,0
"256",1985.20273972603,161.405586329452,2978.92461718392,0,0,296.885590580498,3192.34516478225,0,12.6896008420119,2.26732448689239,12.0951644442962,560,166.012734864217,0,557.525233817327,11.6904729871701,0,0
"257",1985.20273972603,161.405586329452,2978.92461718392,0,0,296.885590580498,3192.34516478225,0,12.6896008420119,2.26732448689239,12.0951644442962,560,166.012734864217,0,557.525233817327,11.6904729871701,0,0
"258",1985.20273972603,161.405586329452,2978.92461718392,0,0,296.885590580498,3192.34516478225,0,12.6896008420119,2.26732448689239,12.0951644442962,560,166.012734864217,0,557.525233817327,11.6904729871701,0,0
"259",1986,141.221412023625,2990.244740508,0,0,271.925055453458,3172.25519872554,0,62.0558850553438,11.1313754686357,57.14566562805,560,174.876785845961,0,602.575735001081,10.2507022417772,0,0
"260",1986,141.221412023625,2990.244740508,0,0,271.925055453458,3172.25519872554,0,0,0,0,560,174.876785845961,0,602.575735001081,10.2507022417772,0,0
"261",1986,141.221412023625,2990.244740508,0,0,271.925055453458,3172.25519872554,0,0,0,0,560,174.876785845961,0,602.575735001081,10.2507022417772,0,0
"262",1986.00273972603,141.173540923059,2990.26452605015,0,0,271.951131801877,3172.17795447588,0,0.26554196858244,0.0280855584152076,0.0511679012434748,560,174.904871404376,0,602.626902902325,10.2517596963774,0,0
"263",1986.00273972603,141.173540923059,2990.26452605015,0,0,271.951131801877,3172.17795447588,0,0.26554196858244,0.0280855584152076,0.0511679012434748,560,174.904871404376,0,602.626902902325,10.2517596963774,0,0
"264",1986.00273972603,141.173540923059,2990.26452605015,0,0,271.951131801877,3172.17795447588,0,0.26554196858244,0.0280855584152076,0.0511679012434748,560,174.904871404376,0,602.626902902325,10.2517596963774,0,0
"265",1986.00273972603,141.173540923059,2990.26452605015,0,0,271.951131801877,3172.17795447588,0,0.26554196858244,0.0280855584152076,0.0511679012434748,560,174.904871404376,0,602.626902902325,10.2517596963774,0,0
"266",1986.00273972603,141.173540923059,2990.26452605015,0,0,271.951131801877,3172.17795447588,0,0.26554196858244,0.0280855584152076,0.0511679012434748,560,174.904871404376,0,602.626902902325,10.2517596963774,0,0
"267",1986.00273972603,141.173540923059,2990.26452605015,0,0,271.951131801877,3172.17795447588,0,0.26554196858244,0.0280855584152076,0.0511679012434748,560,174.904871404376,0,602.626902902325,10.2517596963774,0,0
"268",1986.20273972603,137.930995409592,2991.44923101132,0,0,273.769901359461,3166.61142269991,0,19.6668012408162,2.08592611071656,3.79893011963082,560,176.962711956677,0,606.374665120712,10.3255148941689,0,0
"269",1986.20273972603,165.930995409592,2998.44923101132,0,0,273.769901359461,3166.61142269991,0,19.6668012408162,2.08592611071656,3.79893011963082,595,176.962711956677,0,606.374665120712,10.3255148941689,0,0
"270",1986.20273972603,165.930995409592,2998.44923101132,0,0,273.769901359461,3166.61142269991,0,19.6668012408162,2.08592611071656,3.79893011963082,595,176.962711956677,0,606.374665120712,10.3255148941689,0,0
"271",1986.20273972603,165.930995409592,2998.44923101132,0,0,273.769901359461,3166.61142269991,0,19.6668012408162,2.08592611071656,3.79893011963082,595,176.962711956677,0,606.374665120712,10.3255148941689,0,0
"272",1986.20273972603,165.930995409592,2998.44923101132,0,0,273.769901359461,3166.61142269991,0,19.6668012408162,2.08592611071656,3.79893011963082,595,176.962711956677,0,606.374665120712,10.3255148941689,0,0
"273",1986.20273972603,165.930995409592,2998.44923101132,0,0,273.769901359461,3166.61142269991,0,19.6668012408162,2.08592611071656,3.79893011963082,595,176.962711956677,0,606.374665120712,10.3255148941689,0,0
"274",1986.20273972603,165.930995409592,2998.44923101132,0,0,273.769901359461,3166.61142269991,0,19.6668012408162,2.08592611071656,3.79893011963082,595,176.962711956677,0,606.374665120712,10.3255148941689,0,0
"275",1987,144.467795630762,3011.58099155264,0,0,279.551244752197,3145.67944053257,0,97.2816131153214,10.4173653482262,18.9495688942282,595,185.294151194187,0,621.52530389531,10.559961376767,0,0
"276",1987,144.467795630762,3011.58099155264,0,0,279.551244752197,3145.67944053257,0,0,0,0,595,185.294151194187,0,621.52530389531,10.559961376767,0,0
"277",1987,144.467795630762,3011.58099155264,0,0,279.551244752197,3145.67944053257,0,0,0,0,595,185.294151194187,0,621.52530389531,10.559961376767,0,0
"278",1987.00273972603,144.41429866553,3011.60555621577,0,0,279.567553499471,3145.61057718317,0,0.266610229134696,0.0289323021000483,0.0525546021274381,595,185.323083496287,0,621.577858497437,10.5606227331636,0,0
"279",1987.00273972603,144.41429866553,3011.60555621577,0,0,279.567553499471,3145.61057718317,0,0.266610229134696,0.0289323021000483,0.0525546021274381,595,185.323083496287,0,621.577858497437,10.5606227331636,0,0
"280",1987.00273972603,144.41429866553,3011.60555621577,0,0,279.567553499471,3145.61057718317,0,0.266610229134696,0.0289323021000483,0.0525546021274381,595,185.323083496287,0,621.577858497437,10.5606227331636,0,0
"281",1987.00273972603,144.41429866553,3011.60555621577,0,0,279.567553499471,3145.61057718317,0,0.266610229134696,0.0289323021000483,0.0525546021274381,595,185.323083496287,0,621.577858497437,10.5606227331636,0,0
"282",1987.00273972603,144.41429866553,3011.60555621577,0,0,279.567553499471,3145.61057718317,0,0.266610229134696,0.0289323021000483,0.0525546021274381,595,185.323083496287,0,621.577858497437,10.5606227331636,0,0
"283",1987.00273972603,144.41429866553,3011.60555621577,0,0,279.567553499471,3145.61057718317,0,0.266610229134696,0.0289323021000483,0.0525546021274381,595,185.323083496287,0,621.577858497437,10.5606227331636,0,0
"284",1987.20273972603,140.794827526185,3013.10823268993,0,0,280.700142609373,3140.63373462757,0,19.7388632833271,2.1457269672827,3.89680804783115,595,187.43987816147,0,625.422111943141,10.6065517698956,0,0
"285",1987.20273972603,168.794827526185,3020.10823268993,0,0,280.700142609373,3140.63373462757,0,19.7388632833271,2.1457269672827,3.89680804783115,630,187.43987816147,0,625.422111943141,10.6065517698956,0,0
"286",1987.20273972603,168.794827526185,3020.10823268993,0,0,280.700142609373,3140.63373462757,0,19.7388632833271,2.1457269672827,3.89680804783115,630,187.43987816147,0,625.422111943141,10.6065517698956,0,0
"287",1987.20273972603,168.794827526185,3020.10823268993,0,0,280.700142609373,3140.63373462757,0,19.7388632833271,2.1457269672827,3.89680804783115,630,187.43987816147,0,625.422111943141,10.6065517698956,0,0
"288",1987.20273972603,168.794827526185,3020.10823268993,0,0,280.700142609373,3140.63373462757,0,19.7388632833271,2.1457269672827,3.89680804783115,630,187.43987816147,0,625.422111943141,10.6065517698956,0,0
"289",1987.20273972603,168.794827526185,3020.10823268993,0,0,280.700142609373,3140.63373462757,0,19.7388632833271,2.1457269672827,3.89680804783115,630,187.43987816147,0,625.422111943141,10.6065517698956,0,0
"290",1987.20273972603,168.794827526185,3020.10823268993,0,0,280.700142609373,3140.63373462757,0,19.7388632833271,2.1457269672827,3.89680804783115,630,187.43987816147,0,625.422111943141,10.6065517698956,0,0
"291",1988,146.339351113994,3034.04676437096,0,0,284.211277192147,3121.66918703658,0,97.5203950494344,10.6626716984392,19.3502210560433,630,195.956822892626,0,640.875524951353,10.7489361772799,0,0
"292",1988,146.339351113994,3034.04676437096,0,0,284.211277192147,3121.66918703658,0,0,0,0,630,195.956822892626,0,640.875524951353,10.7489361772799,0,0
"293",1988,146.339351113994,3034.04676437096,0,0,284.211277192147,3121.66918703658,0,0,0,0,630,195.956822892626,0,640.875524951353,10.7489361772799,0,0
"294",1988.00273972603,146.283508915406,3034.07315689802,0,0,284.220913589108,3121.6061542628,0,0.266899915141744,0.0294496715342492,0.0533963768180182,630,195.98627256416,0,640.928921328171,10.7493269548586,0,0
"295",1988.00273972603,146.283508915406,3034.07315689802,0,0,284.220913589108,3121.6061542628,0,0.266899915141744,0.0294496715342492,0.0533963768180182,630,195.98627256416,0,640.928921328171,10.7493269548586,0,0
"296",1988.00273972603,146.283508915406,3034.07315689802,0,0,284.220913589108,3121.6061542628,0,0.266899915141744,0.0294496715342492,0.0533963768180182,630,195.98627256416,0,640.928921328171,10.7493269548586,0,0
"297",1988.00273972603,146.283508915406,3034.07315689802,0,0,284.220913589108,3121.6061542628,0,0.266899915141744,0.0294496715342492,0.0533963768180182,630,195.98627256416,0,640.928921328171,10.7493269548586,0,0
"298",1988.00273972603,146.283508915406,3034.07315689802,0,0,284.220913589108,3121.6061542628,0,0.266899915141744,0.0294496715342492,0.0533963768180182,630,195.98627256416,0,640.928921328171,10.7493269548586,0,0
"299",1988.00273972603,146.283508915406,3034.07315689802,0,0,284.220913589108,3121.6061542628,0,0.266899915141744,0.0294496715342492,0.0533963768180182,630,195.98627256416,0,640.928921328171,10.7493269548586,0,0
"300",1988.20273972603,142.507588045776,3035.69646763226,0,0,284.884769634154,3117.03980936729,0,19.7560474285972,2.18205980691797,3.95588522728283,630,198.138882699544,0,644.831410178636,10.7762478111613,0,0
"301",1988.20273972603,170.507588045776,3042.69646763226,0,0,284.884769634154,3117.03980936729,0,19.7560474285972,2.18205980691797,3.95588522728283,665,198.138882699544,0,644.831410178636,10.7762478111613,0,0
"302",1988.20273972603,170.507588045776,3042.69646763226,0,0,284.884769634154,3117.03980936729,0,19.7560474285972,2.18205980691797,3.95588522728283,665,198.138882699544,0,644.831410178636,10.7762478111613,0,0
"303",1988.20273972603,170.507588045776,3042.69646763226,0,0,284.884769634154,3117.03980936729,0,19.7560474285972,2.18205980691797,3.95588522728283,665,198.138882699544,0,644.831410178636,10.7762478111613,0,0
"304",1988.20273972603,170.507588045776,3042.69646763226,0,0,284.884769634154,3117.03980936729,0,19.7560474285972,2.18205980691797,3.95588522728283,665,198.138882699544,0,644.831410178636,10.7762478111613,0,0
"305",1988.20273972603,170.507588045776,3042.69646763226,0,0,284.884769634154,3117.03980936729,0,19.7560474285972,2.18205980691797,3.95588522728283,665,198.138882699544,0,644.831410178636,10.7762478111613,0,0
"306",1988.20273972603,170.507588045776,3042.69646763226,0,0,284.884769634154,3117.03980936729,0,19.7560474285972,2.18205980691797,3.95588522728283,665,198.138882699544,0,644.831410178636,10.7762478111613,0,0
"307",1989,147.650500985969,3056.92765273147,0,0,286.845247653536,3099.44935490348,0,97.5330515775957,10.8079617675231,19.5858616717146,665,206.764784660149,0,660.461386623068,0,0,0
"308",1990,140.818160370494,3063.75995264301,0,0,305.272706416417,3081.02181332231,0,97.5334070123788,10.80800247145,19.585944489996,665,206.764825364076,0,660.461469441349,11.4824771143906,0,0
"309",1990,140.818160370494,3063.75995264301,0,0,305.272706416417,3081.02181332231,0,0,0,0,665,206.764825364076,0,660.461469441349,11.4824771143906,0,0
"310",1990,140.818160370494,3063.75995264301,0,0,305.272706416417,3081.02181332231,0,0,0,0,665,206.764825364076,0,660.461469441349,11.4824771143906,0,0
"311",1990.00273972603,140.774467299802,3063.77219254474,0,0,305.151588147626,3080.9788953379,0,0.15783211187136,0.0314531689669518,0.164036253198754,665,206.796278533043,0,660.625505694548,11.4783267480202,0,0
"312",1990.00273972603,140.774467299802,3063.77219254474,0,0,305.151588147626,3080.9788953379,0,0.15783211187136,0.0314531689669518,0.164036253198754,665,206.796278533043,0,660.625505694548,11.4783267480202,0,0
"313",1990.00273972603,140.774467299802,3063.77219254474,0,0,305.151588147626,3080.9788953379,0,0.15783211187136,0.0314531689669518,0.164036253198754,665,206.796278533043,0,660.625505694548,11.4783267480202,0,0
"314",1990.00273972603,140.774467299802,3063.77219254474,0,0,305.151588147626,3080.9788953379,0,0.15783211187136,0.0314531689669518,0.164036253198754,665,206.796278533043,0,660.625505694548,11.4783267480202,0,0
"315",1990.00273972603,140.774467299802,3063.77219254474,0,0,305.151588147626,3080.9788953379,0,0.15783211187136,0.0314531689669518,0.164036253198754,665,206.796278533043,0,660.625505694548,11.4783267480202,0,0
"316",1990.00273972603,140.774467299802,3063.77219254474,0,0,305.151588147626,3080.9788953379,0,0.15783211187136,0.0314531689669518,0.164036253198754,665,206.796278533043,0,660.625505694548,11.4783267480202,0,0
"317",1990.20273972603,137.848186446704,3064.43196475401,0,0,296.70042830104,3077.60893276733,0,11.6557922556737,2.29796181279253,11.9851586703626,665,209.062787176869,0,672.446628111712,11.1921737224041,0,0
"318",1990.20273972603,165.848186446704,3071.43196475401,0,0,296.70042830104,3077.60893276733,0,11.6557922556737,2.29796181279253,11.9851586703626,700,209.062787176869,0,672.446628111712,11.7253868867416,0,0
"319",1990.20273972603,165.848186446704,3071.43196475401,0,0,296.70042830104,3077.60893276733,0,11.6557922556737,2.29796181279253,11.9851586703626,700,209.062787176869,0,672.446628111712,11.7253868867416,0,0
"320",1990.20273972603,165.848186446704,3071.43196475401,0,0,296.70042830104,3077.60893276733,0,11.6557922556737,2.29796181279253,11.9851586703626,700,209.062787176869,0,672.446628111712,11.7253868867416,0,0
"321",1990.20273972603,165.848186446704,3071.43196475401,0,0,296.70042830104,3077.60893276733,0,11.6557922556737,2.29796181279253,11.9851586703626,700,209.062787176869,0,672.446628111712,11.7253868867416,0,0
"322",1990.20273972603,165.848186446704,3071.43196475401,0,0,296.70042830104,3077.60893276733,0,11.6557922556737,2.29796181279253,11.9851586703626,700,209.062787176869,0,672.446628111712,11.7253868867416,0,0
"323",1990.20273972603,165.848186446704,3071.43196475401,0,0,296.70042830104,3077.60893276733,0,11.6557922556737,2.29796181279253,11.9851586703626,700,209.062787176869,0,672.446628111712,11.7253868867416,0,0
"324",1991,145.492947268797,3082.91395086264,0,0,269.59532054853,3060.23054288666,0,57.0415266089428,11.1712148820711,56.4686563035398,700,217.936040246147,0,716.930125744889,10.1562262494788,0,0
"325",1991,145.492947268797,3082.91395086264,0,0,269.59532054853,3060.23054288666,0,0,0,0,700,217.936040246147,0,716.930125744889,10.1562262494788,0,0
"326",1991,145.492947268797,3082.91395086264,0,0,269.59532054853,3060.23054288666,0,0,0,0,700,217.936040246147,0,716.930125744889,10.1562262494788,0,0
"327",1991.00273972603,145.444938594793,3082.93413325766,0,0,269.613440643141,3060.16170557181,0,0.261321321314801,0.0278262789809776,0.0507172202417718,700,217.963866525128,0,716.980842965131,10.1569610600855,0,0
"328",1991.00273972603,145.444938594793,3082.93413325766,0,0,269.613440643141,3060.16170557181,0,0.261321321314801,0.0278262789809776,0.0507172202417718,700,217.963866525128,0,716.980842965131,10.1569610600855,0,0
"329",1991.00273972603,145.444938594793,3082.93413325766,0,0,269.613440643141,3060.16170557181,0,0.261321321314801,0.0278262789809776,0.0507172202417718,700,217.963866525128,0,716.980842965131,10.1569610600855,0,0
"330",1991.00273972603,145.444938594793,3082.93413325766,0,0,269.613440643141,3060.16170557181,0,0.261321321314801,0.0278262789809776,0.0507172202417718,700,217.963866525128,0,716.980842965131,10.1569610600855,0,0
"331",1991.00273972603,145.444938594793,3082.93413325766,0,0,269.613440643141,3060.16170557181,0,0.261321321314801,0.0278262789809776,0.0507172202417718,700,217.963866525128,0,716.980842965131,10.1569610600855,0,0
"332",1991.00273972603,145.444938594793,3082.93413325766,0,0,269.613440643141,3060.16170557181,0,0.261321321314801,0.0278262789809776,0.0507172202417718,700,217.963866525128,0,716.980842965131,10.1569610600855,0,0
"333",1991.20273972603,142.195397428151,3084.14708832385,0,0,270.873640692764,3055.19048371949,0,19.3491492582209,2.06441237943547,3.76173902294045,700,220.000452625583,0,720.691864767829,10.2080650075479,0,0
"334",1991.20273972603,170.195397428151,3091.14708832385,0,0,270.873640692764,3055.19048371949,0,19.3491492582209,2.06441237943547,3.76173902294045,735,220.000452625583,0,720.691864767829,10.2080650075479,0,0
"335",1991.20273972603,170.195397428151,3091.14708832385,0,0,270.873640692764,3055.19048371949,0,19.3491492582209,2.06441237943547,3.76173902294045,735,220.000452625583,0,720.691864767829,10.2080650075479,0,0
"336",1991.20273972603,170.195397428151,3091.14708832385,0,0,270.873640692764,3055.19048371949,0,19.3491492582209,2.06441237943547,3.76173902294045,735,220.000452625583,0,720.691864767829,10.2080650075479,0,0
"337",1991.20273972603,170.195397428151,3091.14708832385,0,0,270.873640692764,3055.19048371949,0,19.3491492582209,2.06441237943547,3.76173902294045,735,220.000452625583,0,720.691864767829,10.2080650075479,0,0
"338",1991.20273972603,170.195397428151,3091.14708832385,0,0,270.873640692764,3055.19048371949,0,19.3491492582209,2.06441237943547,3.76173902294045,735,220.000452625583,0,720.691864767829,10.2080650075479,0,0
"339",1991.20273972603,170.195397428151,3091.14708832385,0,0,270.873640692764,3055.19048371949,0,19.3491492582209,2.06441237943547,3.76173902294045,735,220.000452625583,0,720.691864767829,10.2080650075479,0,0
"340",1992,148.746507445118,3104.38948120199,0,0,274.813549213298,3036.3126213839,0,95.6261372750187,10.2709094843335,18.6996928379959,735,228.206949730481,0,735.629818582885,10.3678371628497,0,0
"341",1992,148.746507445118,3104.38948120199,0,0,274.813549213298,3036.3126213839,0,0,0,0,735,228.206949730481,0,735.629818582885,10.3678371628497,0,0
"342",1992,148.746507445118,3104.38948120199,0,0,274.813549213298,3036.3126213839,0,0,0,0,735,228.206949730481,0,735.629818582885,10.3678371628497,0,0
"343",1992.00273972603,148.693137845075,3104.41444516644,0,0,274.824464719561,3036.25004208468,0,0.261805172365345,0.0284056355877919,0.0516637929563346,735,228.235355366068,0,735.681482375841,10.3682798111885,0,0
"344",1992.00273972603,148.693137845075,3104.41444516644,0,0,274.824464719561,3036.25004208468,0,0.261805172365345,0.0284056355877919,0.0516637929563346,735,228.235355366068,0,735.681482375841,10.3682798111885,0,0
"345",1992.00273972603,148.693137845075,3104.41444516644,0,0,274.824464719561,3036.25004208468,0,0.261805172365345,0.0284056355877919,0.0516637929563346,735,228.235355366068,0,735.681482375841,10.3682798111885,0,0
"346",1992.00273972603,148.693137845075,3104.41444516644,0,0,274.824464719561,3036.25004208468,0,0.261805172365345,0.0284056355877919,0.0516637929563346,735,228.235355366068,0,735.681482375841,10.3682798111885,0,0
"347",1992.00273972603,148.693137845075,3104.41444516644,0,0,274.824464719561,3036.25004208468,0,0.261805172365345,0.0284056355877919,0.0516637929563346,735,228.235355366068,0,735.681482375841,10.3682798111885,0,0
"348",1992.00273972603,148.693137845075,3104.41444516644,0,0,274.824464719561,3036.25004208468,0,0.261805172365345,0.0284056355877919,0.0516637929563346,735,228.235355366068,0,735.681482375841,10.3682798111885,0,0
"349",1992.20273972603,145.083881631281,3105.9469305236,0,0,275.578545733526,3031.71932279832,0,19.3800622937689,2.10517649222296,3.82830206535148,735,230.312126222704,0,739.458120648236,10.3988594929871,0,0
"350",1992.20273972603,173.083881631281,3112.9469305236,0,0,275.578545733526,3031.71932279832,0,19.3800622937689,2.10517649222296,3.82830206535148,770,230.312126222704,0,739.458120648236,10.3988594929871,0,0
"351",1992.20273972603,173.083881631281,3112.9469305236,0,0,275.578545733526,3031.71932279832,0,19.3800622937689,2.10517649222296,3.82830206535148,770,230.312126222704,0,739.458120648236,10.3988594929871,0,0
"352",1992.20273972603,173.083881631281,3112.9469305236,0,0,275.578545733526,3031.71932279832,0,19.3800622937689,2.10517649222296,3.82830206535148,770,230.312126222704,0,739.458120648236,10.3988594929871,0,0
"353",1992.20273972603,173.083881631281,3112.9469305236,0,0,275.578545733526,3031.71932279832,0,19.3800622937689,2.10517649222296,3.82830206535148,770,230.312126222704,0,739.458120648236,10.3988594929871,0,0
"354",1992.20273972603,173.083881631281,3112.9469305236,0,0,275.578545733526,3031.71932279832,0,19.3800622937689,2.10517649222296,3.82830206535148,770,230.312126222704,0,739.458120648236,10.3988594929871,0,0
"355",1992.20273972603,173.083881631281,3112.9469305236,0,0,275.578545733526,3031.71932279832,0,19.3800622937689,2.10517649222296,3.82830206535148,770,230.312126222704,0,739.458120648236,10.3988594929871,0,0
"356",1993,150.680283078731,3127.02035406431,0,0,277.84416377823,3014.31441293563,0,95.6951349036284,10.4353515040687,18.9675938833328,770,238.642301234549,0,754.597412466218,10.4907354023404,0,0
"357",1993,150.680283078731,3127.02035406431,0,0,277.84416377823,3014.31441293563,0,0,0,0,770,238.642301234549,0,754.597412466218,10.4907354023404,0,0
"358",1993,150.680283078731,3127.02035406431,0,0,277.84416377823,3014.31441293563,0,0,0,0,770,238.642301234549,0,754.597412466218,10.4907354023404,0,0
"359",1993.00273972603,150.62463513151,3127.04725994095,0,0,277.850159029317,3014.25620820519,0,0.261736923486036,0.0287420705736957,0.0522094793543643,770,238.671043305123,0,754.649621945572,10.4909785232613,0,0
"360",1993.00273972603,150.62463513151,3127.04725994095,0,0,277.850159029317,3014.25620820519,0,0.261736923486036,0.0287420705736957,0.0522094793543643,770,238.671043305123,0,754.649621945572,10.4909785232613,0,0
"361",1993.00273972603,150.62463513151,3127.04725994095,0,0,277.850159029317,3014.25620820519,0,0.261736923486036,0.0287420705736957,0.0522094793543643,770,238.671043305123,0,754.649621945572,10.4909785232613,0,0
"362",1993.00273972603,150.62463513151,3127.04725994095,0,0,277.850159029317,3014.25620820519,0,0.261736923486036,0.0287420705736957,0.0522094793543643,770,238.671043305123,0,754.649621945572,10.4909785232613,0,0
"363",1993.00273972603,150.62463513151,3127.04725994095,0,0,277.850159029317,3014.25620820519,0,0.261736923486036,0.0287420705736957,0.0522094793543643,770,238.671043305123,0,754.649621945572,10.4909785232613,0,0
"364",1993.00273972603,150.62463513151,3127.04725994095,0,0,277.850159029317,3014.25620820519,0,0.261736923486036,0.0287420705736957,0.0522094793543643,770,238.671043305123,0,754.649621945572,10.4909785232613,0,0
"365",1993.20273972603,146.862985891396,3128.70901837283,0,0,278.258606923677,3010.03365363101,0,19.3719456601818,2.12863287881106,3.86631615917981,770,240.77093411336,0,758.463728625398,10.5075420043854,0,0
"366",1993.20273972603,174.862985891396,3135.70901837283,0,0,278.258606923677,3010.03365363101,0,19.3719456601818,2.12863287881106,3.86631615917981,805,240.77093411336,0,758.463728625398,10.5075420043854,0,0
"367",1993.20273972603,174.862985891396,3135.70901837283,0,0,278.258606923677,3010.03365363101,0,19.3719456601818,2.12863287881106,3.86631615917981,805,240.77093411336,0,758.463728625398,10.5075420043854,0,0
"368",1993.20273972603,174.862985891396,3135.70901837283,0,0,278.258606923677,3010.03365363101,0,19.3719456601818,2.12863287881106,3.86631615917981,805,240.77093411336,0,758.463728625398,10.5075420043854,0,0
"369",1993.20273972603,174.862985891396,3135.70901837283,0,0,278.258606923677,3010.03365363101,0,19.3719456601818,2.12863287881106,3.86631615917981,805,240.77093411336,0,758.463728625398,10.5075420043854,0,0
"370",1993.20273972603,174.862985891396,3135.70901837283,0,0,278.258606923677,3010.03365363101,0,19.3719456601818,2.12863287881106,3.86631615917981,805,240.77093411336,0,758.463728625398,10.5075420043854,0,0
"371",1993.20273972603,174.862985891396,3135.70901837283,0,0,278.258606923677,3010.03365363101,0,19.3719456601818,2.12863287881106,3.86631615917981,805,240.77093411336,0,758.463728625398,10.5075420043854,0,0
"372",1994,152.062250095465,3150.1123520185,0,0,279.381106365905,2993.66344281942,0,95.6035241096642,10.5260350290689,19.1140275285392,805,249.168336263618,0,773.711439994757,0,0,0
"373",1995,145.068303044956,3157.10628468395,0,0,296.611608829948,2976.43291177583,0,95.6036506393591,10.5260494141368,19.1140561080849,805,249.168350648686,0,773.711468574303,11.3897560033768,0,0
"374",1995,145.068303044956,3157.10628468395,0,0,296.611608829948,2976.43291177583,0,0,0,0,805,249.168350648686,0,773.711468574303,11.3897560033768,0,0
"375",1995,145.068303044956,3157.10628468395,0,0,296.611608829948,2976.43291177583,0,0,0,0,805,249.168350648686,0,773.711468574303,11.3897560033768,0,0
"376",1995.00273972603,145.024573208907,3157.11881529608,0,0,296.496649158023,2976.39278094892,0,0.128561692300392,0.031199223916767,0.155090498840056,805,249.199549872603,0,773.866559073143,11.3856679599425,0,0
"377",1995.00273972603,145.024573208907,3157.11881529608,0,0,296.496649158023,2976.39278094892,0,0.128561692300392,0.031199223916767,0.155090498840056,805,249.199549872603,0,773.866559073143,11.3856679599425,0,0
"378",1995.00273972603,145.024573208907,3157.11881529608,0,0,296.496649158023,2976.39278094892,0,0.128561692300392,0.031199223916767,0.155090498840056,805,249.199549872603,0,773.866559073143,11.3856679599425,0,0
"379",1995.00273972603,145.024573208907,3157.11881529608,0,0,296.496649158023,2976.39278094892,0,0.128561692300392,0.031199223916767,0.155090498840056,805,249.199549872603,0,773.866559073143,11.3856679599425,0,0
"380",1995.00273972603,145.024573208907,3157.11881529608,0,0,296.496649158023,2976.39278094892,0,0.128561692300392,0.031199223916767,0.155090498840056,805,249.199549872603,0,773.866559073143,11.3856679599425,0,0
"381",1995.00273972603,145.024573208907,3157.11881529608,0,0,296.496649158023,2976.39278094892,0,0.128561692300392,0.031199223916767,0.155090498840056,805,249.199549872603,0,773.866559073143,11.3856679599425,0,0
"382",1995.20273972603,142.09552748203,3157.79952349802,0,0,288.46410364539,2973.23796334734,0,9.50097091300752,2.27953674885739,11.3424536130529,805,251.447887397543,0,785.053922187356,11.1026823652083,0,0
"383",1995.20273972603,170.09552748203,3164.79952349802,0,0,288.46410364539,2973.23796334734,0,9.50097091300752,2.27953674885739,11.3424536130529,840,251.447887397543,0,785.053922187356,11.4320736673177,0,0
"384",1995.20273972603,170.09552748203,3164.79952349802,0,0,288.46410364539,2973.23796334734,0,9.50097091300752,2.27953674885739,11.3424536130529,840,251.447887397543,0,785.053922187356,11.4320736673177,0,0
"385",1995.20273972603,170.09552748203,3164.79952349802,0,0,288.46410364539,2973.23796334734,0,9.50097091300752,2.27953674885739,11.3424536130529,840,251.447887397543,0,785.053922187356,11.4320736673177,0,0
"386",1995.20273972603,170.09552748203,3164.79952349802,0,0,288.46410364539,2973.23796334734,0,9.50097091300752,2.27953674885739,11.3424536130529,840,251.447887397543,0,785.053922187356,11.4320736673177,0,0
"387",1995.20273972603,170.09552748203,3164.79952349802,0,0,288.46410364539,2973.23796334734,0,9.50097091300752,2.27953674885739,11.3424536130529,840,251.447887397543,0,785.053922187356,11.4320736673177,0,0
"388",1995.20273972603,170.09552748203,3164.79952349802,0,0,288.46410364539,2973.23796334734,0,9.50097091300752,2.27953674885739,11.3424536130529,840,251.447887397543,0,785.053922187356,11.4320736673177,0,0
"389",1996,149.823758879673,3176.3932419354,0,0,262.538929347563,2956.89451537971,0,46.6207825453858,10.9575869138303,53.6110758785106,840,260.125937562516,0,827.322544452813,9.87007370939942,0,0
"390",1996,149.823758879673,3176.3932419354,0,0,262.538929347563,2956.89451537971,0,0,0,0,840,260.125937562516,0,827.322544452813,9.87007370939942,0,0
"391",1996,149.823758879673,3176.3932419354,0,0,262.538929347563,2956.89451537971,0,0,0,0,840,260.125937562516,0,827.322544452813,9.87007370939942,0,0
"392",1996.00273972603,149.776088057059,3176.41387060309,0,0,262.554441143676,2956.82960103272,0,0.25595180640547,0.027042154923989,0.0494025508753994,840,260.15297971744,0,827.371947003689,9.87070274763335,0,0
"393",1996.00273972603,149.776088057059,3176.41387060309,0,0,262.554441143676,2956.82960103272,0,0.25595180640547,0.027042154923989,0.0494025508753994,840,260.15297971744,0,827.371947003689,9.87070274763335,0,0
"394",1996.00273972603,149.776088057059,3176.41387060309,0,0,262.554441143676,2956.82960103272,0,0.25595180640547,0.027042154923989,0.0494025508753994,840,260.15297971744,0,827.371947003689,9.87070274763335,0,0
"395",1996.00273972603,149.776088057059,3176.41387060309,0,0,262.554441143676,2956.82960103272,0,0.25595180640547,0.027042154923989,0.0494025508753994,840,260.15297971744,0,827.371947003689,9.87070274763335,0,0
"396",1996.00273972603,149.776088057059,3176.41387060309,0,0,262.554441143676,2956.82960103272,0,0.25595180640547,0.027042154923989,0.0494025508753994,840,260.15297971744,0,827.371947003689,9.87070274763335,0,0
"397",1996.00273972603,149.776088057059,3176.41387060309,0,0,262.554441143676,2956.82960103272,0,0.25595180640547,0.027042154923989,0.0494025508753994,840,260.15297971744,0,827.371947003689,9.87070274763335,0,0
"398",1996.20273972603,146.550245892433,3177.6611298883,0,0,263.631792878064,2952.1384427635,0,18.9503742736307,2.00562503433644,3.66320908570896,840,262.131562596853,0,830.985753538522,9.91439178450419,0,0
"399",1996.20273972603,174.550245892433,3184.6611298883,0,0,263.631792878064,2952.1384427635,0,18.9503742736307,2.00562503433644,3.66320908570896,875,262.131562596853,0,830.985753538522,9.91439178450419,0,0
"400",1996.20273972603,174.550245892433,3184.6611298883,0,0,263.631792878064,2952.1384427635,0,18.9503742736307,2.00562503433644,3.66320908570896,875,262.131562596853,0,830.985753538522,9.91439178450419,0,0
"401",1996.20273972603,174.550245892433,3184.6611298883,0,0,263.631792878064,2952.1384427635,0,18.9503742736307,2.00562503433644,3.66320908570896,875,262.131562596853,0,830.985753538522,9.91439178450419,0,0
"402",1996.20273972603,174.550245892433,3184.6611298883,0,0,263.631792878064,2952.1384427635,0,18.9503742736307,2.00562503433644,3.66320908570896,875,262.131562596853,0,830.985753538522,9.91439178450419,0,0
"403",1996.20273972603,174.550245892433,3184.6611298883,0,0,263.631792878064,2952.1384427635,0,18.9503742736307,2.00562503433644,3.66320908570896,875,262.131562596853,0,830.985753538522,9.91439178450419,0,0
"404",1996.20273972603,174.550245892433,3184.6611298883,0,0,263.631792878064,2952.1384427635,0,18.9503742736307,2.00562503433644,3.66320908570896,875,262.131562596853,0,830.985753538522,9.91439178450419,0,0
"405",1997,153.179637506848,3198.06956356054,0,0,266.97376183788,2934.26741871721,0,93.6346864053701,9.96779974768704,18.1922641721816,875,270.093737310203,0,845.514808624995,10.0499161452549,0,0
"406",1997,153.179637506848,3198.06956356054,0,0,266.97376183788,2934.26741871721,0,0,0,0,875,270.093737310203,0,845.514808624995,10.0499161452549,0,0
"407",1997,153.179637506848,3198.06956356054,0,0,266.97376183788,2934.26741871721,0,0,0,0,875,270.093737310203,0,845.514808624995,10.0499161452549,0,0
"408",1997.00273972603,153.12649897355,3198.09516757089,0,0,266.982940125428,2934.20803283484,0,0.25628273755938,0.0275345229447928,0.0502075948190693,875,270.121271833148,0,845.565016219814,10.0502883454661,0,0
"409",1997.00273972603,153.12649897355,3198.09516757089,0,0,266.982940125428,2934.20803283484,0,0.25628273755938,0.0275345229447928,0.0502075948190693,875,270.121271833148,0,845.565016219814,10.0502883454661,0,0
"410",1997.00273972603,153.12649897355,3198.09516757089,0,0,266.982940125428,2934.20803283484,0,0.25628273755938,0.0275345229447928,0.0502075948190693,875,270.121271833148,0,845.565016219814,10.0502883454661,0,0
"411",1997.00273972603,153.12649897355,3198.09516757089,0,0,266.982940125428,2934.20803283484,0,0.25628273755938,0.0275345229447928,0.0502075948190693,875,270.121271833148,0,845.565016219814,10.0502883454661,0,0
"412",1997.00273972603,153.12649897355,3198.09516757089,0,0,266.982940125428,2934.20803283484,0,0.25628273755938,0.0275345229447928,0.0502075948190693,875,270.121271833148,0,845.565016219814,10.0502883454661,0,0
"413",1997.00273972603,153.12649897355,3198.09516757089,0,0,266.982940125428,2934.20803283484,0,0.25628273755938,0.0275345229447928,0.0502075948190693,875,270.121271833148,0,845.565016219814,10.0502883454661,0,0
"414",1997.20273972603,149.533516092356,3199.67547808173,0,0,267.615374218471,2929.90608791922,0,18.9705109593666,2.04020689330499,3.7197184173973,875,272.133944203508,0,849.234527042392,10.0759349709157,0,0
"415",1997.20273972603,177.533516092356,3206.67547808173,0,0,267.615374218471,2929.90608791922,0,18.9705109593666,2.04020689330499,3.7197184173973,910,272.133944203508,0,849.234527042392,10.0759349709157,0,0
"416",1997.20273972603,177.533516092356,3206.67547808173,0,0,267.615374218471,2929.90608791922,0,18.9705109593666,2.04020689330499,3.7197184173973,910,272.133944203508,0,849.234527042392,10.0759349709157,0,0
"417",1997.20273972603,177.533516092356,3206.67547808173,0,0,267.615374218471,2929.90608791922,0,18.9705109593666,2.04020689330499,3.7197184173973,910,272.133944203508,0,849.234527042392,10.0759349709157,0,0
"418",1997.20273972603,177.533516092356,3206.67547808173,0,0,267.615374218471,2929.90608791922,0,18.9705109593666,2.04020689330499,3.7197184173973,910,272.133944203508,0,849.234527042392,10.0759349709157,0,0
"419",1997.20273972603,177.533516092356,3206.67547808173,0,0,267.615374218471,2929.90608791922,0,18.9705109593666,2.04020689330499,3.7197184173973,910,272.133944203508,0,849.234527042392,10.0759349709157,0,0
"420",1997.20273972603,177.533516092356,3206.67547808173,0,0,267.615374218471,2929.90608791922,0,18.9705109593666,2.04020689330499,3.7197184173973,910,272.133944203508,0,849.234527042392,10.0759349709157,0,0
"421",1998,155.184708479692,3220.95831368624,0,0,269.485658334637,2913.33767024926,0,93.6606081346325,10.1061789014494,18.417851971196,910,280.199916211653,0,863.932660596191,10.1517791999655,0,0
"422",1998,155.184708479692,3220.95831368624,0,0,269.485658334637,2913.33767024926,0,0,0,0,910,280.199916211653,0,863.932660596191,10.1517791999655,0,0
"423",1998,155.184708479692,3220.95831368624,0,0,269.485658334637,2913.33767024926,0,0,0,0,910,280.199916211653,0,863.932660596191,10.1517791999655,0,0
"424",1998.00273972603,155.129224939602,3220.98598386601,0,0,269.490512256135,2913.28215635799,0,0.256120596756682,0.0278133603259638,0.050659969769221,910,280.227729571979,0,863.98332056596,10.1519760374035,0,0
"425",1998.00273972603,155.129224939602,3220.98598386601,0,0,269.490512256135,2913.28215635799,0,0.256120596756682,0.0278133603259638,0.050659969769221,910,280.227729571979,0,863.98332056596,10.1519760374035,0,0
"426",1998.00273972603,155.129224939602,3220.98598386601,0,0,269.490512256135,2913.28215635799,0,0.256120596756682,0.0278133603259638,0.050659969769221,910,280.227729571979,0,863.98332056596,10.1519760374035,0,0
"427",1998.00273972603,155.129224939602,3220.98598386601,0,0,269.490512256135,2913.28215635799,0,0.256120596756682,0.0278133603259638,0.050659969769221,910,280.227729571979,0,863.98332056596,10.1519760374035,0,0
"428",1998.00273972603,155.129224939602,3220.98598386601,0,0,269.490512256135,2913.28215635799,0,0.256120596756682,0.0278133603259638,0.050659969769221,910,280.227729571979,0,863.98332056596,10.1519760374035,0,0
"429",1998.00273972603,155.129224939602,3220.98598386601,0,0,269.490512256135,2913.28215635799,0,0.256120596756682,0.0278133603259638,0.050659969769221,910,280.227729571979,0,863.98332056596,10.1519760374035,0,0
"430",1998.20273972603,151.379192972205,3222.70425377465,0,0,269.819181862477,2909.25303503006,0,18.9557619368371,2.05957541908511,3.75111169135032,910,282.259491630738,0,867.683772287542,10.1653043294473,0,0
"431",1998.20273972603,179.379192972205,3229.70425377465,0,0,269.819181862477,2909.25303503006,0,18.9557619368371,2.05957541908511,3.75111169135032,945,282.259491630738,0,867.683772287542,10.1653043294473,0,0
"432",1998.20273972603,179.379192972205,3229.70425377465,0,0,269.819181862477,2909.25303503006,0,18.9557619368371,2.05957541908511,3.75111169135032,945,282.259491630738,0,867.683772287542,10.1653043294473,0,0
"433",1998.20273972603,179.379192972205,3229.70425377465,0,0,269.819181862477,2909.25303503006,0,18.9557619368371,2.05957541908511,3.75111169135032,945,282.259491630738,0,867.683772287542,10.1653043294473,0,0
"434",1998.20273972603,179.379192972205,3229.70425377465,0,0,269.819181862477,2909.25303503006,0,18.9557619368371,2.05957541908511,3.75111169135032,945,282.259491630738,0,867.683772287542,10.1653043294473,0,0
"435",1998.20273972603,179.379192972205,3229.70425377465,0,0,269.819181862477,2909.25303503006,0,18.9557619368371,2.05957541908511,3.75111169135032,945,282.259491630738,0,867.683772287542,10.1653043294473,0,0
"436",1998.20273972603,179.379192972205,3229.70425377465,0,0,269.819181862477,2909.25303503006,0,18.9557619368371,2.05957541908511,3.75111169135032,945,282.259491630738,0,867.683772287542,10.1653043294473,0,0
"437",1999,156.618534780042,3244.34475051945,0,0,270.684964199004,2893.60179898612,0,93.540871677314,10.1797368664473,18.5365653987713,945,290.3796530781,0,882.469225994962,10.0704306291048,0,0
"438",1999,156.618534780042,3244.34475051945,0,0,270.684964199004,2893.60179898612,0,0,0,0,945,290.3796530781,0,882.469225994962,10.0704306291048,0,0
"439",1999,156.618534780042,3244.34475051945,0,0,270.684964199004,2893.60179898612,0,0,0,0,945,290.3796530781,0,882.469225994962,10.0704306291048,0,0
"440",1999.00273972603,156.562436731156,3244.37325797362,0,0,270.697802636187,2893.54902742984,0,0.0997300386381572,0.0275905947160449,0.0399331190897413,945,290.407243672816,0,882.509159114052,10.070714505769,0,0
"441",1999.00273972603,156.562436731156,3244.37325797362,0,0,270.697802636187,2893.54902742984,0,0.0997300386381572,0.0275905947160449,0.0399331190897413,945,290.407243672816,0,882.509159114052,10.070714505769,0,0
"442",1999.00273972603,156.562436731156,3244.37325797362,0,0,270.697802636187,2893.54902742984,0,0.0997300386381572,0.0275905947160449,0.0399331190897413,945,290.407243672816,0,882.509159114052,10.070714505769,0,0
"443",1999.00273972603,156.562436731156,3244.37325797362,0,0,270.697802636187,2893.54902742984,0,0.0997300386381572,0.0275905947160449,0.0399331190897413,945,290.407243672816,0,882.509159114052,10.070714505769,0,0
"444",1999.00273972603,156.562436731156,3244.37325797362,0,0,270.697802636187,2893.54902742984,0,0.0997300386381572,0.0275905947160449,0.0399331190897413,945,290.407243672816,0,882.509159114052,10.070714505769,0,0
"445",1999.00273972603,156.562436731156,3244.37325797362,0,0,270.697802636187,2893.54902742984,0,0.0997300386381572,0.0275905947160449,0.0399331190897413,945,290.407243672816,0,882.509159114052,10.070714505769,0,0
"446",1999.20273972603,152.770791006162,3246.14925733028,0,0,271.591100884084,2889.73588086571,0,7.38239402747959,2.04323696304798,2.9597814353302,945,292.422890041148,0,885.429007430293,10.083236648664,0,0
"447",1999.20273972603,180.770791006162,3253.14925733028,0,0,271.591100884084,2889.73588086571,0,7.38239402747959,2.04323696304798,2.9597814353302,980,292.422890041148,0,885.429007430293,10.1170787926762,0,0
"448",1999.20273972603,180.770791006162,3253.14925733028,0,0,271.591100884084,2889.73588086571,0,7.38239402747959,2.04323696304798,2.9597814353302,980,292.422890041148,0,885.429007430293,10.1170787926762,0,0
"449",1999.20273972603,180.770791006162,3253.14925733028,0,0,271.591100884084,2889.73588086571,0,7.38239402747959,2.04323696304798,2.9597814353302,980,292.422890041148,0,885.429007430293,10.1170787926762,0,0
"450",1999.20273972603,180.770791006162,3253.14925733028,0,0,271.591100884084,2889.73588086571,0,7.38239402747959,2.04323696304798,2.9597814353302,980,292.422890041148,0,885.429007430293,10.1170787926762,0,0
"451",1999.20273972603,180.770791006162,3253.14925733028,0,0,271.591100884084,2889.73588086571,0,7.38239402747959,2.04323696304798,2.9597814353302,980,292.422890041148,0,885.429007430293,10.1170787926762,0,0
"452",1999.20273972603,180.770791006162,3253.14925733028,0,0,271.591100884084,2889.73588086571,0,7.38239402747959,2.04323696304798,2.9597814353302,980,292.422890041148,0,885.429007430293,10.1170787926762,0,0
"453",2000,157.851865051344,3267.95422710391,0,0,274.387939392489,2875.22052780572,0,36.4525222317517,10.1571931442388,14.6782959869065,980,300.536846222339,0,897.147521981869,4.57996020210392,0,0
"454",2000,157.851865051344,3267.95422710391,0,0,274.387939392489,2875.22052780572,0,0,0,0,980,300.536846222339,0,897.147521981869,4.57996020210392,0,0
"455",2000,157.851865051344,3267.95422710391,0,0,274.387939392489,2875.22052780572,0,0,0,0,980,300.536846222339,0,897.147521981869,4.57996020210392,0,0
"456",2000.00273972603,157.810392991429,3267.9831517045,0,0,274.403426587116,2875.17232873079,0,0.0761796965413395,0.0125474593232199,0.0327118803075759,980,300.549393681662,0,897.180233862177,4.57968462997914,0,0
"457",2000.00273972603,157.810392991429,3267.9831517045,0,0,274.403426587116,2875.17232873079,0,0.0761796965413395,0.0125474593232199,0.0327118803075759,980,300.549393681662,0,897.180233862177,4.57968462997914,0,0
"458",2000.00273972603,157.810392991429,3267.9831517045,0,0,274.403426587116,2875.17232873079,0,0.0761796965413395,0.0125474593232199,0.0327118803075759,980,300.549393681662,0,897.180233862177,4.57968462997914,0,0
"459",2000.00273972603,157.810392991429,3267.9831517045,0,0,274.403426587116,2875.17232873079,0,0.0761796965413395,0.0125474593232199,0.0327118803075759,980,300.549393681662,0,897.180233862177,4.57968462997914,0,0
"460",2000.00273972603,157.810392991429,3267.9831517045,0,0,274.403426587116,2875.17232873079,0,0.0761796965413395,0.0125474593232199,0.0327118803075759,980,300.549393681662,0,897.180233862177,4.57968462997914,0,0
"461",2000.00273972603,157.810392991429,3267.9831517045,0,0,274.403426587116,2875.17232873079,0,0.0761796965413395,0.0125474593232199,0.0327118803075759,980,300.549393681662,0,897.180233862177,4.57968462997914,0,0
"462",2000.20273972603,155.012208685542,3269.86737984092,0,0,275.485597864104,2871.69734444792,0,5.6473455507131,0.926503628788702,2.42552488619233,980,301.463349851127,0,899.573046868061,4.56005307281634,0,0
"463",2000.20273972603,183.012208685542,3276.86737984092,0,0,275.485597864104,2871.69734444792,0,5.6473455507131,0.926503628788702,2.42552488619233,1015,301.463349851127,0,899.573046868061,4.80062721371518,0,0
"464",2000.20273972603,183.012208685542,3276.86737984092,0,0,275.485597864104,2871.69734444792,0,5.6473455507131,0.926503628788702,2.42552488619233,1015,301.463349851127,0,899.573046868061,4.80062721371518,0,0
"465",2000.20273972603,183.012208685542,3276.86737984092,0,0,275.485597864104,2871.69734444792,0,5.6473455507131,0.926503628788702,2.42552488619233,1015,301.463349851127,0,899.573046868061,4.80062721371518,0,0
"466",2000.20273972603,183.012208685542,3276.86737984092,0,0,275.485597864104,2871.69734444792,0,5.6473455507131,0.926503628788702,2.42552488619233,1015,301.463349851127,0,899.573046868061,4.80062721371518,0,0
"467",2000.20273972603,183.012208685542,3276.86737984092,0,0,275.485597864104,2871.69734444792,0,5.6473455507131,0.926503628788702,2.42552488619233,1015,301.463349851127,0,899.573046868061,4.80062721371518,0,0
"468",2000.20273972603,183.012208685542,3276.86737984092,0,0,275.485597864104,2871.69734444792,0,5.6473455507131,0.926503628788702,2.42552488619233,1015,301.463349851127,0,899.573046868061,4.80062721371518,0,0
"469",2001,162.822357578175,3293.27233963693,0,0,278.955279041769,2858.60687633823,0,28.0240479972311,4.71139494014523,12.0463118182116,1015,305.248241162484,0,909.193833800081,10.5357936262863,0,0
"470",2001,162.822357578175,3293.27233963693,0,0,278.955279041769,2858.60687633823,0,0,0,0,1015,305.248241162484,0,909.193833800081,10.5357936262863,0,0
"471",2001,162.822357578175,3293.27233963693,0,0,278.955279041769,2858.60687633823,0,0,0,0,1015,305.248241162484,0,909.193833800081,10.5357936262863,0,0
"472",2001.00273972603,162.756595782847,3293.30923670695,0,0,278.946926164269,2858.56375329257,0,0.19308357323547,0.0288647253062321,0.0514759231609019,1015,305.27710588779,0,909.245309723241,10.5354548983097,0,0
"473",2001.00273972603,162.756595782847,3293.30923670695,0,0,278.946926164269,2858.56375329257,0,0.19308357323547,0.0288647253062321,0.0514759231609019,1015,305.27710588779,0,909.245309723241,10.5354548983097,0,0
"474",2001.00273972603,162.756595782847,3293.30923670695,0,0,278.946926164269,2858.56375329257,0,0.19308357323547,0.0288647253062321,0.0514759231609019,1015,305.27710588779,0,909.245309723241,10.5354548983097,0,0
"475",2001.00273972603,162.756595782847,3293.30923670695,0,0,278.946926164269,2858.56375329257,0,0.19308357323547,0.0288647253062321,0.0514759231609019,1015,305.27710588779,0,909.245309723241,10.5354548983097,0,0
"476",2001.00273972603,162.756595782847,3293.30923670695,0,0,278.946926164269,2858.56375329257,0,0.19308357323547,0.0288647253062321,0.0514759231609019,1015,305.27710588779,0,909.245309723241,10.5354548983097,0,0
"477",2001.00273972603,162.756595782847,3293.30923670695,0,0,278.946926164269,2858.56375329257,0,0.19308357323547,0.0288647253062321,0.0514759231609019,1015,305.27710588779,0,909.245309723241,10.5354548983097,0,0
"478",2001.20273972603,158.316747911172,3295.64443742271,0,0,278.347746424833,2855.40899939328,0,14.2860757876729,2.13351188122428,3.80540956188738,1015,307.381753043708,0,912.999243361968,10.5111568117211,0,0
"479",2001.20273972603,186.316747911172,3302.64443742271,0,0,278.347746424833,2855.40899939328,0,14.2860757876729,2.13351188122428,3.80540956188738,1050,307.381753043708,0,912.999243361968,10.5111568117211,0,0
"480",2001.20273972603,186.316747911172,3302.64443742271,0,0,278.347746424833,2855.40899939328,0,14.2860757876729,2.13351188122428,3.80540956188738,1050,307.381753043708,0,912.999243361968,10.5111568117211,0,0
"481",2001.20273972603,186.316747911172,3302.64443742271,0,0,278.347746424833,2855.40899939328,0,14.2860757876729,2.13351188122428,3.80540956188738,1050,307.381753043708,0,912.999243361968,10.5111568117211,0,0
"482",2001.20273972603,186.316747911172,3302.64443742271,0,0,278.347746424833,2855.40899939328,0,14.2860757876729,2.13351188122428,3.80540956188738,1050,307.381753043708,0,912.999243361968,10.5111568117211,0,0
"483",2001.20273972603,186.316747911172,3302.64443742271,0,0,278.347746424833,2855.40899939328,0,14.2860757876729,2.13351188122428,3.80540956188738,1050,307.381753043708,0,912.999243361968,10.5111568117211,0,0
"484",2001.20273972603,186.316747911172,3302.64443742271,0,0,278.347746424833,2855.40899939328,0,14.2860757876729,2.13351188122428,3.80540956188738,1050,307.381753043708,0,912.999243361968,10.5111568117211,0,0
"485",2002,161.722997009928,3318.8944337498,0,0,276.143295309987,2842.71990679699,0,70.4255524658491,10.477266455376,18.6989532730205,1050,315.72550761786,0,927.892787073101,10.4217613589991,0,0
"486",2002,161.722997009928,3318.8944337498,0,0,276.143295309987,2842.71990679699,0,0,0,0,1050,315.72550761786,0,927.892787073101,10.4217613589991,0,0
"487",2002,161.722997009928,3318.8944337498,0,0,276.143295309987,2842.71990679699,0,0,0,0,1050,315.72550761786,0,927.892787073101,10.4217613589991,0,0
"488",2002.00273972603,161.662162526082,3318.92671592175,0,0,276.13500896863,2842.67603776976,0,0.334225373986009,0.0285523118999184,0.0521553685859345,1050,315.75405992976,0,927.944942441687,10.4214253292128,0,0
"489",2002.00273972603,161.662162526082,3318.92671592175,0,0,276.13500896863,2842.67603776976,0,0.334225373986009,0.0285523118999184,0.0521553685859345,1050,315.75405992976,0,927.944942441687,10.4214253292128,0,0
"490",2002.00273972603,161.662162526082,3318.92671592175,0,0,276.13500896863,2842.67603776976,0,0.334225373986009,0.0285523118999184,0.0521553685859345,1050,315.75405992976,0,927.944942441687,10.4214253292128,0,0
"491",2002.00273972603,161.662162526082,3318.92671592175,0,0,276.13500896863,2842.67603776976,0,0.334225373986009,0.0285523118999184,0.0521553685859345,1050,315.75405992976,0,927.944942441687,10.4214253292128,0,0
"492",2002.00273972603,161.662162526082,3318.92671592175,0,0,276.13500896863,2842.67603776976,0,0.334225373986009,0.0285523118999184,0.0521553685859345,1050,315.75405992976,0,927.944942441687,10.4214253292128,0,0
"493",2002.00273972603,161.662162526082,3318.92671592175,0,0,276.13500896863,2842.67603776976,0,0.334225373986009,0.0285523118999184,0.0521553685859345,1050,315.75405992976,0,927.944942441687,10.4214253292128,0,0
"494",2002.20273972603,157.554702999363,3320.95231438122,0,0,275.540731143097,2839.46715178098,0,24.7222111161961,2.11041337914823,3.85531918290781,1050,317.835920997008,0,931.748106256009,10.3973260262624,0,0
"495",2002.20273972603,185.554702999363,3327.95231438122,0,0,275.540731143097,2839.46715178098,0,24.7222111161961,2.11041337914823,3.85531918290781,1085,317.835920997008,0,931.748106256009,10.3973260262624,0,0
"496",2002.20273972603,185.554702999363,3327.95231438122,0,0,275.540731143097,2839.46715178098,0,24.7222111161961,2.11041337914823,3.85531918290781,1085,317.835920997008,0,931.748106256009,10.3973260262624,0,0
"497",2002.20273972603,185.554702999363,3327.95231438122,0,0,275.540731143097,2839.46715178098,0,24.7222111161961,2.11041337914823,3.85531918290781,1085,317.835920997008,0,931.748106256009,10.3973260262624,0,0
"498",2002.20273972603,185.554702999363,3327.95231438122,0,0,275.540731143097,2839.46715178098,0,24.7222111161961,2.11041337914823,3.85531918290781,1085,317.835920997008,0,931.748106256009,10.3973260262624,0,0
"499",2002.20273972603,185.554702999363,3327.95231438122,0,0,275.540731143097,2839.46715178098,0,24.7222111161961,2.11041337914823,3.85531918290781,1085,317.835920997008,0,931.748106256009,10.3973260262624,0,0
"500",2002.20273972603,185.554702999363,3327.95231438122,0,0,275.540731143097,2839.46715178098,0,24.7222111161961,2.11041337914823,3.85531918290781,1085,317.835920997008,0,931.748106256009,10.3973260262624,0,0
"501",2003,161.869007891681,3343.38468473771,0,0,273.356227866414,2826.568619419,0,121.744268956073,10.363738130335,18.9383548215686,1085,326.089245748195,0,946.83114189467,10.3087395032605,0,0
"502",2003,161.869007891681,3343.38468473771,0,0,273.356227866414,2826.568619419,0,0,0,0,1085,326.089245748195,0,946.83114189467,10.3087395032605,0,0
"503",2003,161.869007891681,3343.38468473771,0,0,273.356227866414,2826.568619419,0,0,0,0,1085,326.089245748195,0,946.83114189467,10.3087395032605,0,0
"504",2003.00273972603,161.810414298667,3343.41503559993,0,0,273.349169741434,2826.52404846327,0,0.331754100197344,0.0282427307974942,0.0516290807121641,1085,326.117488478992,0,946.882770975382,10.3084532804118,0,0
"505",2003.00273972603,161.810414298667,3343.41503559993,0,0,273.349169741434,2826.52404846327,0,0.331754100197344,0.0282427307974942,0.0516290807121641,1085,326.117488478992,0,946.882770975382,10.3084532804118,0,0
"506",2003.00273972603,161.810414298667,3343.41503559993,0,0,273.349169741434,2826.52404846327,0,0.331754100197344,0.0282427307974942,0.0516290807121641,1085,326.117488478992,0,946.882770975382,10.3084532804118,0,0
"507",2003.00273972603,161.810414298667,3343.41503559993,0,0,273.349169741434,2826.52404846327,0,0.331754100197344,0.0282427307974942,0.0516290807121641,1085,326.117488478992,0,946.882770975382,10.3084532804118,0,0
"508",2003.00273972603,161.810414298667,3343.41503559993,0,0,273.349169741434,2826.52404846327,0,0.331754100197344,0.0282427307974942,0.0516290807121641,1085,326.117488478992,0,946.882770975382,10.3084532804118,0,0
"509",2003.00273972603,161.810414298667,3343.41503559993,0,0,273.349169741434,2826.52404846327,0,0.331754100197344,0.0282427307974942,0.0516290807121641,1085,326.117488478992,0,946.882770975382,10.3084532804118,0,0
"510",2003.20273972603,157.853825862482,3345.3120028174,0,0,272.841244828149,2823.26661730474,0,24.5407660677432,2.08786394951001,3.81698515252366,1085,328.177109697705,0,950.648127047193,10.287855782347,0,0
"511",2003.20273972603,185.853825862482,3352.3120028174,0,0,272.841244828149,2823.26661730474,0,24.5407660677432,2.08786394951001,3.81698515252366,1120,328.177109697705,0,950.648127047193,10.287855782347,0,0
"512",2003.20273972603,185.853825862482,3352.3120028174,0,0,272.841244828149,2823.26661730474,0,24.5407660677432,2.08786394951001,3.81698515252366,1120,328.177109697705,0,950.648127047193,10.287855782347,0,0
"513",2003.20273972603,185.853825862482,3352.3120028174,0,0,272.841244828149,2823.26661730474,0,24.5407660677432,2.08786394951001,3.81698515252366,1120,328.177109697705,0,950.648127047193,10.287855782347,0,0
"514",2003.20273972603,185.853825862482,3352.3120028174,0,0,272.841244828149,2823.26661730474,0,24.5407660677432,2.08786394951001,3.81698515252366,1120,328.177109697705,0,950.648127047193,10.287855782347,0,0
"515",2003.20273972603,185.853825862482,3352.3120028174,0,0,272.841244828149,2823.26661730474,0,24.5407660677432,2.08786394951001,3.81698515252366,1120,328.177109697705,0,950.648127047193,10.287855782347,0,0
"516",2003.20273972603,185.853825862482,3352.3120028174,0,0,272.841244828149,2823.26661730474,0,24.5407660677432,2.08786394951001,3.81698515252366,1120,328.177109697705,0,950.648127047193,10.287855782347,0,0
"517",2004,162.576318745479,3367.4185956974,0,0,270.943699939857,2810.22122486812,0,120.874482615072,10.2587781865081,18.7599224774295,1120,336.348023934703,0,965.5910643721,8.65624905202356,0,0
"518",2004,162.576318745479,3367.4185956974,0,0,270.943699939857,2810.22122486812,0,0,0,0,1120,336.348023934703,0,965.5910643721,8.65624905202356,0,0
"519",2004,162.576318745479,3367.4185956974,0,0,270.943699939857,2810.22122486812,0,0,0,0,1120,336.348023934703,0,965.5910643721,8.65624905202356,0,0
"520",2004.00273972603,162.522974554838,3367.44822413722,0,0,270.950029345885,2810.17626721513,0,0.0681399239136227,0.0237157508288697,0.0386282469634326,1120,336.371739685532,0,965.629692619063,8.65624905202356,0,0
"521",2004.00273972603,162.522974554838,3367.44822413722,0,0,270.950029345885,2810.17626721513,0,0.0681399239136227,0.0237157508288697,0.0386282469634326,1120,336.371739685532,0,965.629692619063,8.65624905202356,0,0
"522",2004.00273972603,162.522974554838,3367.44822413722,0,0,270.950029345885,2810.17626721513,0,0.0681399239136227,0.0237157508288697,0.0386282469634326,1120,336.371739685532,0,965.629692619063,8.65624905202356,0,0
"523",2004.00273972603,162.522974554838,3367.44822413722,0,0,270.950029345885,2810.17626721513,0,0.0681399239136227,0.0237157508288697,0.0386282469634326,1120,336.371739685532,0,965.629692619063,8.65624905202356,0,0
"524",2004.00273972603,162.522974554838,3367.44822413722,0,0,270.950029345885,2810.17626721513,0,0.0681399239136227,0.0237157508288697,0.0386282469634326,1120,336.371739685532,0,965.629692619063,8.65624905202356,0,0
"525",2004.00273972603,162.522974554838,3367.44822413722,0,0,270.950029345885,2810.17626721513,0,0.0681399239136227,0.0237157508288697,0.0386282469634326,1120,336.371739685532,0,965.629692619063,8.65624905202356,0,0
"526",2004.20273972603,158.919495616587,3369.32045326506,0,0,271.386107671132,2806.91825342433,0,5.0427087230195,1.75496556123462,2.86056371251667,1120,338.102989495937,0,968.451628084616,8.65624905202356,0,0
"527",2004.20273972603,186.919495616587,3376.32045326506,0,0,271.386107671132,2806.91825342433,0,5.0427087230195,1.75496556123462,2.86056371251667,1155,338.102989495937,0,968.451628084616,8.65624905202356,0,0
"528",2004.20273972603,186.919495616587,3376.32045326506,0,0,271.386107671132,2806.91825342433,0,5.0427087230195,1.75496556123462,2.86056371251667,1155,338.102989495937,0,968.451628084616,8.65624905202356,0,0
"529",2004.20273972603,186.919495616587,3376.32045326506,0,0,271.386107671132,2806.91825342433,0,5.0427087230195,1.75496556123462,2.86056371251667,1155,338.102989495937,0,968.451628084616,8.65624905202356,0,0
"530",2004.20273972603,186.919495616587,3376.32045326506,0,0,271.386107671132,2806.91825342433,0,5.0427087230195,1.75496556123462,2.86056371251667,1155,338.102989495937,0,968.451628084616,8.65624905202356,0,0
"531",2004.20273972603,186.919495616587,3376.32045326506,0,0,271.386107671132,2806.91825342433,0,5.0427087230195,1.75496556123462,2.86056371251667,1155,338.102989495937,0,968.451628084616,8.65624905202356,0,0
"532",2004.20273972603,186.919495616587,3376.32045326506,0,0,271.386107671132,2806.91825342433,0,5.0427087230195,1.75496556123462,2.86056371251667,1155,338.102989495937,0,968.451628084616,8.65624905202356,0,0
"533",2005,164.591515505767,3391.7471704972,0,0,272.671926194371,2794.34992502817,0,24.8785303046662,8.65622843991188,14.1430735854456,1155,345.004252374615,0,979.734137957545,4.62673840335411,0,0
"534",2005,164.591515505767,3391.7471704972,0,0,272.671926194371,2794.34992502817,0,0,0,0,1155,345.004252374615,0,979.734137957545,4.62673840335411,0,0
"535",2005,164.591515505767,3391.7471704972,0,0,272.671926194371,2794.34992502817,0,0,0,0,1155,345.004252374615,0,979.734137957545,4.62673840335411,0,0
"536",2005.00273972603,164.547244274437,3391.77876611576,0,0,272.68157608218,2794.30776818086,0,0.0723581552161419,0.0126756127694209,0.0325069595020869,1155,345.016927987384,0,979.766644917047,4.62645851754141,0,0
"537",2005.00273972603,164.547244274437,3391.77876611576,0,0,272.68157608218,2794.30776818086,0,0.0723581552161419,0.0126756127694209,0.0325069595020869,1155,345.016927987384,0,979.766644917047,4.62645851754141,0,0
"538",2005.00273972603,164.547244274437,3391.77876611576,0,0,272.68157608218,2794.30776818086,0,0.0723581552161419,0.0126756127694209,0.0325069595020869,1155,345.016927987384,0,979.766644917047,4.62645851754141,0,0
"539",2005.00273972603,164.547244274437,3391.77876611576,0,0,272.68157608218,2794.30776818086,0,0.0723581552161419,0.0126756127694209,0.0325069595020869,1155,345.016927987384,0,979.766644917047,4.62645851754141,0,0
"540",2005.00273972603,164.547244274437,3391.77876611576,0,0,272.68157608218,2794.30776818086,0,0.0723581552161419,0.0126756127694209,0.0325069595020869,1155,345.016927987384,0,979.766644917047,4.62645851754141,0,0
"541",2005.00273972603,164.547244274437,3391.77876611576,0,0,272.68157608218,2794.30776818086,0,0.0723581552161419,0.0126756127694209,0.0325069595020869,1155,345.016927987384,0,979.766644917047,4.62645851754141,0,0
"542",2005.20273972603,161.560262331545,3393.84247619784,0,0,273.352945044429,2791.26038044847,0,5.3592339529297,0.935947473586005,2.40852572963313,1155,345.940199848201,0,982.142663687178,4.60640191640268,0,0
"543",2005.20273972603,189.560262331545,3400.84247619784,0,0,273.352945044429,2791.26038044847,0,5.3592339529297,0.935947473586005,2.40852572963313,1190,345.940199848201,0,982.142663687178,4.79346757960273,0,0
"544",2005.20273972603,189.560262331545,3400.84247619784,0,0,273.352945044429,2791.26038044847,0,5.3592339529297,0.935947473586005,2.40852572963313,1190,345.940199848201,0,982.142663687178,4.79346757960273,0,0
"545",2005.20273972603,189.560262331545,3400.84247619784,0,0,273.352945044429,2791.26038044847,0,5.3592339529297,0.935947473586005,2.40852572963313,1190,345.940199848201,0,982.142663687178,4.79346757960273,0,0
"546",2005.20273972603,189.560262331545,3400.84247619784,0,0,273.352945044429,2791.26038044847,0,5.3592339529297,0.935947473586005,2.40852572963313,1190,345.940199848201,0,982.142663687178,4.79346757960273,0,0
"547",2005.20273972603,189.560262331545,3400.84247619784,0,0,273.352945044429,2791.26038044847,0,5.3592339529297,0.935947473586005,2.40852572963313,1190,345.940199848201,0,982.142663687178,4.79346757960273,0,0
"548",2005.20273972603,189.560262331545,3400.84247619784,0,0,273.352945044429,2791.26038044847,0,5.3592339529297,0.935947473586005,2.40852572963313,1190,345.940199848201,0,982.142663687178,4.79346757960273,0,0
"549",2006,168.879062943941,3417.73520303221,0,0,275.45236360922,2779.63908152367,0,26.5127625385179,4.72442002681813,11.9304060896494,1190,349.728672401433,0,991.664544047194,10.3937425239367,0,0
"550",2006,168.879062943941,3417.73520303221,0,0,275.45236360922,2779.63908152367,0,0,0,0,1190,349.728672401433,0,991.664544047194,10.3937425239367,0,0
"551",2006,168.879062943941,3417.73520303221,0,0,275.45236360922,2779.63908152367,0,0,0,0,1190,349.728672401433,0,991.664544047194,10.3937425239367,0,0
"552",2006.00273972603,168.812495492534,3417.77329521714,0,0,275.438990162739,2779.6004312841,0,0.329246123046771,0.0284752664728553,0.0520236860531095,1190,349.757147667905,0,991.716567733247,10.3932002005917,0,0
"553",2006.00273972603,168.812495492534,3417.77329521714,0,0,275.438990162739,2779.6004312841,0,0.329246123046771,0.0284752664728553,0.0520236860531095,1190,349.757147667905,0,991.716567733247,10.3932002005917,0,0
"554",2006.00273972603,168.812495492534,3417.77329521714,0,0,275.438990162739,2779.6004312841,0,0.329246123046771,0.0284752664728553,0.0520236860531095,1190,349.757147667905,0,991.716567733247,10.3932002005917,0,0
"555",2006.00273972603,168.812495492534,3417.77329521714,0,0,275.438990162739,2779.6004312841,0,0.329246123046771,0.0284752664728553,0.0520236860531095,1190,349.757147667905,0,991.716567733247,10.3932002005917,0,0
"556",2006.00273972603,168.812495492534,3417.77329521714,0,0,275.438990162739,2779.6004312841,0,0.329246123046771,0.0284752664728553,0.0520236860531095,1190,349.757147667905,0,991.716567733247,10.3932002005917,0,0
"557",2006.00273972603,168.812495492534,3417.77329521714,0,0,275.438990162739,2779.6004312841,0,0.329246123046771,0.0284752664728553,0.0520236860531095,1190,349.757147667905,0,991.716567733247,10.3932002005917,0,0
"558",2006.20273972603,164.319811664106,3420.19123016324,0,0,274.487596754178,2776.76079304417,0,24.3480681724411,2.10322414880853,3.84305533454111,1190,351.831896550241,0,995.507599381735,10.3546190572393,0,0
"559",2006.20273972603,192.319811664106,3427.19123016324,0,0,274.487596754178,2776.76079304417,0,24.3480681724411,2.10322414880853,3.84305533454111,1225,351.831896550241,0,995.507599381735,10.3546190572393,0,0
"560",2006.20273972603,192.319811664106,3427.19123016324,0,0,274.487596754178,2776.76079304417,0,24.3480681724411,2.10322414880853,3.84305533454111,1225,351.831896550241,0,995.507599381735,10.3546190572393,0,0
"561",2006.20273972603,192.319811664106,3427.19123016324,0,0,274.487596754178,2776.76079304417,0,24.3480681724411,2.10322414880853,3.84305533454111,1225,351.831896550241,0,995.507599381735,10.3546190572393,0,0
"562",2006.20273972603,192.319811664106,3427.19123016324,0,0,274.487596754178,2776.76079304417,0,24.3480681724411,2.10322414880853,3.84305533454111,1225,351.831896550241,0,995.507599381735,10.3546190572393,0,0
"563",2006.20273972603,192.319811664106,3427.19123016324,0,0,274.487596754178,2776.76079304417,0,24.3480681724411,2.10322414880853,3.84305533454111,1225,351.831896550241,0,995.507599381735,10.3546190572393,0,0
"564",2006.20273972603,192.319811664106,3427.19123016324,0,0,274.487596754178,2776.76079304417,0,24.3480681724411,2.10322414880853,3.84305533454111,1225,351.831896550241,0,995.507599381735,10.3546190572393,0,0
"565",2007,167.603465914155,3443.70830814431,0,0,271.126244779539,2765.13105156015,0,119.799034635597,10.3024919176823,18.8341487932028,1225,360.031164319115,0,1010.4986928404,10.2183086716257,0,0
"566",2007,167.603465914155,3443.70830814431,0,0,271.126244779539,2765.13105156015,0,0,0,0,1225,360.031164319115,0,1010.4986928404,10.2183086716257,0,0
"567",2007,167.603465914155,3443.70830814431,0,0,271.126244779539,2765.13105156015,0,0,0,0,1225,360.031164319115,0,1010.4986928404,10.2183086716257,0,0
"568",2007.00273972603,167.542390818692,3443.74138845524,0,0,271.115741151923,2765.0903476157,0,0.3419990112385,0.027994784536154,0.0512075720674545,1225,360.059159103651,0,1010.54990041246,10.2178827258928,0,0
"569",2007.00273972603,167.542390818692,3443.74138845524,0,0,271.115741151923,2765.0903476157,0,0.3419990112385,0.027994784536154,0.0512075720674545,1225,360.059159103651,0,1010.54990041246,10.2178827258928,0,0
"570",2007.00273972603,167.542390818692,3443.74138845524,0,0,271.115741151923,2765.0903476157,0,0.3419990112385,0.027994784536154,0.0512075720674545,1225,360.059159103651,0,1010.54990041246,10.2178827258928,0,0
"571",2007.00273972603,167.542390818692,3443.74138845524,0,0,271.115741151923,2765.0903476157,0,0.3419990112385,0.027994784536154,0.0512075720674545,1225,360.059159103651,0,1010.54990041246,10.2178827258928,0,0
"572",2007.00273972603,167.542390818692,3443.74138845524,0,0,271.115741151923,2765.0903476157,0,0.3419990112385,0.027994784536154,0.0512075720674545,1225,360.059159103651,0,1010.54990041246,10.2178827258928,0,0
"573",2007.00273972603,167.542390818692,3443.74138845524,0,0,271.115741151923,2765.0903476157,0,0.3419990112385,0.027994784536154,0.0512075720674545,1225,360.059159103651,0,1010.54990041246,10.2178827258928,0,0
"574",2007.20273972603,163.419467532702,3445.82379810658,0,0,270.366028011072,2762.10718757765,0,25.2925981185733,2.06850841918136,3.78408075096421,1225,362.099672738296,0,1014.28277359136,10.1874801711767,0,0
"575",2007.20273972603,191.419467532702,3452.82379810658,0,0,270.366028011072,2762.10718757765,0,25.2925981185733,2.06850841918136,3.78408075096421,1260,362.099672738296,0,1014.28277359136,10.1874801711767,0,0
"576",2007.20273972603,191.419467532702,3452.82379810658,0,0,270.366028011072,2762.10718757765,0,25.2925981185733,2.06850841918136,3.78408075096421,1260,362.099672738296,0,1014.28277359136,10.1874801711767,0,0
"577",2007.20273972603,191.419467532702,3452.82379810658,0,0,270.366028011072,2762.10718757765,0,25.2925981185733,2.06850841918136,3.78408075096421,1260,362.099672738296,0,1014.28277359136,10.1874801711767,0,0
"578",2007.20273972603,191.419467532702,3452.82379810658,0,0,270.366028011072,2762.10718757765,0,25.2925981185733,2.06850841918136,3.78408075096421,1260,362.099672738296,0,1014.28277359136,10.1874801711767,0,0
"579",2007.20273972603,191.419467532702,3452.82379810658,0,0,270.366028011072,2762.10718757765,0,25.2925981185733,2.06850841918136,3.78408075096421,1260,362.099672738296,0,1014.28277359136,10.1874801711767,0,0
"580",2007.20273972603,191.419467532702,3452.82379810658,0,0,270.366028011072,2762.10718757765,0,25.2925981185733,2.06850841918136,3.78408075096421,1260,362.099672738296,0,1014.28277359136,10.1874801711767,0,0
"581",2008,167.702602285244,3468.46330153967,0,0,267.673191996104,2750.01612494654,0,124.470234302132,10.1458702335562,18.5679793970442,1260,370.177034552671,0,1029.06667223744,10.0782796118887,0,0
"582",2008,167.702602285244,3468.46330153967,0,0,267.673191996104,2750.01612494654,0,0,0,0,1260,370.177034552671,0,1029.06667223744,10.0782796118887,0,0
"583",2008,167.702602285244,3468.46330153967,0,0,267.673191996104,2750.01612494654,0,0,0,0,1260,370.177034552671,0,1029.06667223744,10.0782796118887,0,0
"584",2008.00273972603,167.643963144725,3468.49432942796,0,0,267.664656940937,2749.97410443455,0,0.339048656435317,0.0276112522321929,0.0505555671504633,1260,370.204645804903,0,1029.11722780459,10.0779334961978,0,0
"585",2008.00273972603,167.643963144725,3468.49432942796,0,0,267.664656940937,2749.97410443455,0,0.339048656435317,0.0276112522321929,0.0505555671504633,1260,370.204645804903,0,1029.11722780459,10.0779334961978,0,0
"586",2008.00273972603,167.643963144725,3468.49432942796,0,0,267.664656940937,2749.97410443455,0,0.339048656435317,0.0276112522321929,0.0505555671504633,1260,370.204645804903,0,1029.11722780459,10.0779334961978,0,0
"587",2008.00273972603,167.643963144725,3468.49432942796,0,0,267.664656940937,2749.97410443455,0,0.339048656435317,0.0276112522321929,0.0505555671504633,1260,370.204645804903,0,1029.11722780459,10.0779334961978,0,0
"588",2008.00273972603,167.643963144725,3468.49432942796,0,0,267.664656940937,2749.97410443455,0,0.339048656435317,0.0276112522321929,0.0505555671504633,1260,370.204645804903,0,1029.11722780459,10.0779334961978,0,0
"589",2008.00273972603,167.643963144725,3468.49432942796,0,0,267.664656940937,2749.97410443455,0,0.339048656435317,0.0276112522321929,0.0505555671504633,1260,370.204645804903,0,1029.11722780459,10.0779334961978,0,0
"590",2008.20273972603,163.684854049969,3470.44034649032,0,0,267.053302724064,2746.89920219635,0,25.076890380879,2.04070328462684,3.73681202222134,1260,372.217737837298,0,1032.80348425966,10.0531417071566,0,0
"591",2008.20273972603,191.684854049969,3477.44034649032,0,0,267.053302724064,2746.89920219635,0,25.076890380879,2.04070328462684,3.73681202222134,1295,372.217737837298,0,1032.80348425966,10.0531417071566,0,0
"592",2008.20273972603,191.684854049969,3477.44034649032,0,0,267.053302724064,2746.89920219635,0,25.076890380879,2.04070328462684,3.73681202222134,1295,372.217737837298,0,1032.80348425966,10.0531417071566,0,0
"593",2008.20273972603,191.684854049969,3477.44034649032,0,0,267.053302724064,2746.89920219635,0,25.076890380879,2.04070328462684,3.73681202222134,1295,372.217737837298,0,1032.80348425966,10.0531417071566,0,0
"594",2008.20273972603,191.684854049969,3477.44034649032,0,0,267.053302724064,2746.89920219635,0,25.076890380879,2.04070328462684,3.73681202222134,1295,372.217737837298,0,1032.80348425966,10.0531417071566,0,0
"595",2008.20273972603,191.684854049969,3477.44034649032,0,0,267.053302724064,2746.89920219635,0,25.076890380879,2.04070328462684,3.73681202222134,1295,372.217737837298,0,1032.80348425966,10.0531417071566,0,0
"596",2008.20273972603,191.684854049969,3477.44034649032,0,0,267.053302724064,2746.89920219635,0,25.076890380879,2.04070328462684,3.73681202222134,1295,372.217737837298,0,1032.80348425966,10.0531417071566,0,0
"597",2009,168.408976750338,3492.73817826389,0,0,264.819424384079,2734.51802072909,0,123.452509153776,10.0187488106838,18.35187182947,1295,380.195783363355,0,1047.41854406691,9.83680576825032,0,0
"598",2009,168.408976750338,3492.73817826389,0,0,264.819424384079,2734.51802072909,0,0,0,0,1295,380.195783363355,0,1047.41854406691,9.83680576825032,0,0
"599",2009,168.408976750338,3492.73817826389,0,0,264.819424384079,2734.51802072909,0,0,0,0,1295,380.195783363355,0,1047.41854406691,9.83680576825032,0,0
"600",2009.00273972603,168.351748711715,3492.76845593883,0,0,264.823189513605,2734.47519082989,0,0.0974068361299076,0.0269503636884924,0.0390647696749209,1295,380.222733727043,0,1047.45760883659,9.83696160325507,0,0
"601",2009.00273972603,168.351748711715,3492.76845593883,0,0,264.823189513605,2734.47519082989,0,0.0974068361299076,0.0269503636884924,0.0390647696749209,1295,380.222733727043,0,1047.45760883659,9.83696160325507,0,0
"602",2009.00273972603,168.351748711715,3492.76845593883,0,0,264.823189513605,2734.47519082989,0,0.0974068361299076,0.0269503636884924,0.0390647696749209,1295,380.222733727043,0,1047.45760883659,9.83696160325507,0,0
"603",2009.00273972603,168.351748711715,3492.76845593883,0,0,264.823189513605,2734.47519082989,0,0.0974068361299076,0.0269503636884924,0.0390647696749209,1295,380.222733727043,0,1047.45760883659,9.83696160325507,0,0
"604",2009.00273972603,168.351748711715,3492.76845593883,0,0,264.823189513605,2734.47519082989,0,0.0974068361299076,0.0269503636884924,0.0390647696749209,1295,380.222733727043,0,1047.45760883659,9.83696160325507,0,0
"605",2009.00273972603,168.351748711715,3492.76845593883,0,0,264.823189513605,2734.47519082989,0,0.0974068361299076,0.0269503636884924,0.0390647696749209,1295,380.222733727043,0,1047.45760883659,9.83696160325507,0,0
"606",2009.20273972603,164.484516352841,3494.66721266149,0,0,265.07858283409,2731.36670486193,0,7.20878775649513,1.99542599990027,2.89215741715124,1295,382.191209363255,0,1050.31070148406,9.84753208138565,0,0
"607",2009.20273972603,192.484516352841,3501.66721266149,0,0,265.07858283409,2731.36670486193,0,7.20878775649513,1.99542599990027,2.89215741715124,1330,382.191209363255,0,1050.31070148406,9.84753208138565,0,0
"608",2009.20273972603,192.484516352841,3501.66721266149,0,0,265.07858283409,2731.36670486193,0,7.20878775649513,1.99542599990027,2.89215741715124,1330,382.191209363255,0,1050.31070148406,9.84753208138565,0,0
"609",2009.20273972603,192.484516352841,3501.66721266149,0,0,265.07858283409,2731.36670486193,0,7.20878775649513,1.99542599990027,2.89215741715124,1330,382.191209363255,0,1050.31070148406,9.84753208138565,0,0
"610",2009.20273972603,192.484516352841,3501.66721266149,0,0,265.07858283409,2731.36670486193,0,7.20878775649513,1.99542599990027,2.89215741715124,1330,382.191209363255,0,1050.31070148406,9.84753208138565,0,0
"611",2009.20273972603,192.484516352841,3501.66721266149,0,0,265.07858283409,2731.36670486193,0,7.20878775649513,1.99542599990027,2.89215741715124,1330,382.191209363255,0,1050.31070148406,9.84753208138565,0,0
"612",2009.20273972603,192.484516352841,3501.66721266149,0,0,265.07858283409,2731.36670486193,0,7.20878775649513,1.99542599990027,2.89215741715124,1330,382.191209363255,0,1050.31070148406,9.84753208138565,0,0
"613",2010,169.41064101421,3516.87744802869,0,0,265.758136291214,2719.29313304314,0,35.5672257625431,9.85906597133542,14.2861757788173,1330,390.05484933469,0,1061.70471984573,4.56904738634833,0,0
"614",2010,169.41064101421,3516.87744802869,0,0,265.758136291214,2719.29313304314,0,0,0,0,1330,390.05484933469,0,1061.70471984573,4.56904738634833,0,0
"615",2010,169.41064101421,3516.87744802869,0,0,265.758136291214,2719.29313304314,0,0,0,0,1330,390.05484933469,0,1061.70471984573,4.56904738634833,0,0
"616",2010.00273972603,169.36795774689,3516.90761357362,0,0,265.767157753248,2719.2524288811,0,0.0732893573388448,0.0125177223874317,0.0316827000071451,1330,390.067367057077,0,1061.73640254574,4.5688907059344,0,0
"617",2010.00273972603,169.36795774689,3516.90761357362,0,0,265.767157753248,2719.2524288811,0,0.0732893573388448,0.0125177223874317,0.0316827000071451,1330,390.067367057077,0,1061.73640254574,4.5688907059344,0,0
"618",2010.00273972603,169.36795774689,3516.90761357362,0,0,265.767157753248,2719.2524288811,0,0.0732893573388448,0.0125177223874317,0.0316827000071451,1330,390.067367057077,0,1061.73640254574,4.5688907059344,0,0
"619",2010.00273972603,169.36795774689,3516.90761357362,0,0,265.767157753248,2719.2524288811,0,0.0732893573388448,0.0125177223874317,0.0316827000071451,1330,390.067367057077,0,1061.73640254574,4.5688907059344,0,0
"620",2010.00273972603,169.36795774689,3516.90761357362,0,0,265.767157753248,2719.2524288811,0,0.0732893573388448,0.0125177223874317,0.0316827000071451,1330,390.067367057077,0,1061.73640254574,4.5688907059344,0,0
"621",2010.00273972603,169.36795774689,3516.90761357362,0,0,265.767157753248,2719.2524288811,0,0.0732893573388448,0.0125177223874317,0.0316827000071451,1330,390.067367057077,0,1061.73640254574,4.5688907059344,0,0
"622",2010.20273972603,166.487277446384,3518.87567865695,0,0,266.394494659573,2716.3094411877,0,5.42921214141284,0.925132939566636,2.34733348708549,1330,390.979982274256,0,1064.05205333281,4.55719908125709,0,0
"623",2010.20273972603,194.487277446384,3525.87567865695,0,0,266.394494659573,2716.3094411877,0,5.42921214141284,0.925132939566636,2.34733348708549,1365,390.979982274256,0,1064.05205333281,4.67485959370836,0,0
"624",2010.20273972603,194.487277446384,3525.87567865695,0,0,266.394494659573,2716.3094411877,0,5.42921214141284,0.925132939566636,2.34733348708549,1365,390.979982274256,0,1064.05205333281,4.67485959370836,0,0
"625",2010.20273972603,194.487277446384,3525.87567865695,0,0,266.394494659573,2716.3094411877,0,5.42921214141284,0.925132939566636,2.34733348708549,1365,390.979982274256,0,1064.05205333281,4.67485959370836,0,0
"626",2010.20273972603,194.487277446384,3525.87567865695,0,0,266.394494659573,2716.3094411877,0,5.42921214141284,0.925132939566636,2.34733348708549,1365,390.979982274256,0,1064.05205333281,4.67485959370836,0,0
"627",2010.20273972603,194.487277446384,3525.87567865695,0,0,266.394494659573,2716.3094411877,0,5.42921214141284,0.925132939566636,2.34733348708549,1365,390.979982274256,0,1064.05205333281,4.67485959370836,0,0
"628",2010.20273972603,194.487277446384,3525.87567865695,0,0,266.394494659573,2716.3094411877,0,5.42921214141284,0.925132939566636,2.34733348708549,1365,390.979982274256,0,1064.05205333281,4.67485959370836,0,0
"629",2011,174.116484485459,3542.52820934493,0,0,268.350506294392,2705.07557100199,0,26.8755774431785,4.64339521251217,11.6251920379781,1365,394.698244547202,0,1073.32991188371,10.1057462306414,0,0
"630",2011,174.116484485459,3542.52820934493,0,0,268.350506294392,2705.07557100199,0,0,0,0,1365,394.698244547202,0,1073.32991188371,10.1057462306414,0,0
"631",2011,174.116484485459,3542.52820934493,0,0,268.350506294392,2705.07557100199,0,0,0,0,1365,394.698244547202,0,1073.32991188371,10.1057462306414,0,0
"632",2011.00273972603,174.051238035122,3542.56576955545,0,0,268.337212500905,2705.03818174944,0,0.336263718532341,0.0276862398103007,0.0506830460333562,1365,394.725930787012,0,1073.38059492974,10.1052071374045,0,0
"633",2011.00273972603,174.051238035122,3542.56576955545,0,0,268.337212500905,2705.03818174944,0,0.336263718532341,0.0276862398103007,0.0506830460333562,1365,394.725930787012,0,1073.38059492974,10.1052071374045,0,0
"634",2011.00273972603,174.051238035122,3542.56576955545,0,0,268.337212500905,2705.03818174944,0,0.336263718532341,0.0276862398103007,0.0506830460333562,1365,394.725930787012,0,1073.38059492974,10.1052071374045,0,0
"635",2011.00273972603,174.051238035122,3542.56576955545,0,0,268.337212500905,2705.03818174944,0,0.336263718532341,0.0276862398103007,0.0506830460333562,1365,394.725930787012,0,1073.38059492974,10.1052071374045,0,0
"636",2011.00273972603,174.051238035122,3542.56576955545,0,0,268.337212500905,2705.03818174944,0,0.336263718532341,0.0276862398103007,0.0506830460333562,1365,394.725930787012,0,1073.38059492974,10.1052071374045,0,0
"637",2011.00273972603,174.051238035122,3542.56576955545,0,0,268.337212500905,2705.03818174944,0,0.336263718532341,0.0276862398103007,0.0506830460333562,1365,394.725930787012,0,1073.38059492974,10.1052071374045,0,0
"638",2011.20273972603,169.647822486036,3544.95201099953,0,0,267.391743504257,2702.29045476757,0,24.8645451463646,2.04486034482219,3.74387902455397,1365,396.743104892024,0,1077.07379090826,10.0668662422852,0,0
"639",2011.20273972603,197.647822486036,3551.95201099953,0,0,267.391743504257,2702.29045476757,0,24.8645451463646,2.04486034482219,3.74387902455397,1400,396.743104892024,0,1077.07379090826,10.0668662422852,0,0
"640",2011.20273972603,197.647822486036,3551.95201099953,0,0,267.391743504257,2702.29045476757,0,24.8645451463646,2.04486034482219,3.74387902455397,1400,396.743104892024,0,1077.07379090826,10.0668662422852,0,0
"641",2011.20273972603,197.647822486036,3551.95201099953,0,0,267.391743504257,2702.29045476757,0,24.8645451463646,2.04486034482219,3.74387902455397,1400,396.743104892024,0,1077.07379090826,10.0668662422852,0,0
"642",2011.20273972603,197.647822486036,3551.95201099953,0,0,267.391743504257,2702.29045476757,0,24.8645451463646,2.04486034482219,3.74387902455397,1400,396.743104892024,0,1077.07379090826,10.0668662422852,0,0
"643",2011.20273972603,197.647822486036,3551.95201099953,0,0,267.391743504257,2702.29045476757,0,24.8645451463646,2.04486034482219,3.74387902455397,1400,396.743104892024,0,1077.07379090826,10.0668662422852,0,0
"644",2011.20273972603,197.647822486036,3551.95201099953,0,0,267.391743504257,2702.29045476757,0,24.8645451463646,2.04486034482219,3.74387902455397,1400,396.743104892024,0,1077.07379090826,10.0668662422852,0,0
"645",2012,173.177772759589,3568.45180275008,0,0,264.055820677109,2691.02455547405,0,122.294825591369,10.015118320715,18.3457011452152,1400,404.713362867917,0,1091.67561302892,9.93158706581799,0,0
"646",2012,173.177772759589,3568.45180275008,0,0,264.055820677109,2691.02455547405,0,0,0,0,1400,404.713362867917,0,1091.67561302892,9.93158706581799,0,0
"647",2012,173.177772759589,3568.45180275008,0,0,264.055820677109,2691.02455547405,0,0,0,0,1400,404.713362867917,0,1091.67561302892,9.93158706581799,0,0
"648",2012.00273972603,173.117312608979,3568.48505364971,0,0,264.04540864178,2690.98509534437,0,0.332876704657542,0.0272092509760036,0.0498721650153526,1400,404.740572118893,0,1091.72548519394,9.93116483435835,0,0
"649",2012.00273972603,173.117312608979,3568.48505364971,0,0,264.04540864178,2690.98509534437,0,0.332876704657542,0.0272092509760036,0.0498721650153526,1400,404.740572118893,0,1091.72548519394,9.93116483435835,0,0
"650",2012.00273972603,173.117312608979,3568.48505364971,0,0,264.04540864178,2690.98509534437,0,0.332876704657542,0.0272092509760036,0.0498721650153526,1400,404.740572118893,0,1091.72548519394,9.93116483435835,0,0
"651",2012.00273972603,173.117312608979,3568.48505364971,0,0,264.04540864178,2690.98509534437,0,0.332876704657542,0.0272092509760036,0.0498721650153526,1400,404.740572118893,0,1091.72548519394,9.93116483435835,0,0
"652",2012.00273972603,173.117312608979,3568.48505364971,0,0,264.04540864178,2690.98509534437,0,0.332876704657542,0.0272092509760036,0.0498721650153526,1400,404.740572118893,0,1091.72548519394,9.93116483435835,0,0
"653",2012.00273972603,173.117312608979,3568.48505364971,0,0,264.04540864178,2690.98509534437,0,0.332876704657542,0.0272092509760036,0.0498721650153526,1400,404.740572118893,0,1091.72548519394,9.93116483435835,0,0
"654",2012.20273972603,169.036028837617,3570.58314008754,0,0,263.302446874761,2688.09262164437,0,24.6176073374642,2.01040658451574,3.68530763203255,1400,406.723769452433,0,1095.36092066095,9.90103606304175,0,0
"655",2012.20273972603,197.036028837617,3577.58314008754,0,0,263.302446874761,2688.09262164437,0,24.6176073374642,2.01040658451574,3.68530763203255,1435,406.723769452433,0,1095.36092066095,9.90103606304175,0,0
"656",2012.20273972603,197.036028837617,3577.58314008754,0,0,263.302446874761,2688.09262164437,0,24.6176073374642,2.01040658451574,3.68530763203255,1435,406.723769452433,0,1095.36092066095,9.90103606304175,0,0
"657",2012.20273972603,197.036028837617,3577.58314008754,0,0,263.302446874761,2688.09262164437,0,24.6176073374642,2.01040658451574,3.68530763203255,1435,406.723769452433,0,1095.36092066095,9.90103606304175,0,0
"658",2012.20273972603,197.036028837617,3577.58314008754,0,0,263.302446874761,2688.09262164437,0,24.6176073374642,2.01040658451574,3.68530763203255,1435,406.723769452433,0,1095.36092066095,9.90103606304175,0,0
"659",2012.20273972603,197.036028837617,3577.58314008754,0,0,263.302446874761,2688.09262164437,0,24.6176073374642,2.01040658451574,3.68530763203255,1435,406.723769452433,0,1095.36092066095,9.90103606304175,0,0
"660",2012.20273972603,197.036028837617,3577.58314008754,0,0,263.302446874761,2688.09262164437,0,24.6176073374642,2.01040658451574,3.68530763203255,1435,406.723769452433,0,1095.36092066095,9.90103606304175,0,0
"661",2013,173.435397141062,3593.33433183298,0,0,260.637637456369,2676.36099958423,0,121.14231126397,9.85984653562336,18.0817391105599,1435,414.57320940354,0,1109.75735213948,9.79297204530473,0,0
"662",2013,173.435397141062,3593.33433183298,0,0,260.637637456369,2676.36099958423,0,0,0,0,1435,414.57320940354,0,1109.75735213948,9.79297204530473,0,0
"663",2013,173.435397141062,3593.33433183298,0,0,260.637637456369,2676.36099958423,0,0,0,0,1435,414.57320940354,0,1109.75735213948,9.79297204530473,0,0
"664",2013.00273972603,173.37705233113,3593.36584704975,0,0,260.629201382007,2676.32020891186,0,0.329939581317835,0.0268295931612911,0.0492267467299631,1435,414.600038996701,0,1109.80657888621,9.79262994350818,0,0
"665",2013.00273972603,173.37705233113,3593.36584704975,0,0,260.629201382007,2676.32020891186,0,0.329939581317835,0.0268295931612911,0.0492267467299631,1435,414.600038996701,0,1109.80657888621,9.79262994350818,0,0
"666",2013.00273972603,173.37705233113,3593.36584704975,0,0,260.629201382007,2676.32020891186,0,0.329939581317835,0.0268295931612911,0.0492267467299631,1435,414.600038996701,0,1109.80657888621,9.79262994350818,0,0
"667",2013.00273972603,173.37705233113,3593.36584704975,0,0,260.629201382007,2676.32020891186,0,0.329939581317835,0.0268295931612911,0.0492267467299631,1435,414.600038996701,0,1109.80657888621,9.79262994350818,0,0
"668",2013.00273972603,173.37705233113,3593.36584704975,0,0,260.629201382007,2676.32020891186,0,0.329939581317835,0.0268295931612911,0.0492267467299631,1435,414.600038996701,0,1109.80657888621,9.79262994350818,0,0
"669",2013.00273972603,173.37705233113,3593.36584704975,0,0,260.629201382007,2676.32020891186,0,0.329939581317835,0.0268295931612911,0.0492267467299631,1435,414.600038996701,0,1109.80657888621,9.79262994350818,0,0
"670",2013.20273972603,169.43795322397,3595.34888542305,0,0,260.025115586938,2673.33499145936,0,24.4029020145566,1.98289032702712,3.63852999430132,1435,416.556099730567,0,1113.39588213378,9.76813290532511,0,0
"671",2013.20273972603,197.43795322397,3602.34888542305,0,0,260.025115586938,2673.33499145936,0,24.4029020145566,1.98289032702712,3.63852999430132,1470,416.556099730567,0,1113.39588213378,9.76813290532511,0,0
"672",2013.20273972603,197.43795322397,3602.34888542305,0,0,260.025115586938,2673.33499145936,0,24.4029020145566,1.98289032702712,3.63852999430132,1470,416.556099730567,0,1113.39588213378,9.76813290532511,0,0
"673",2013.20273972603,197.43795322397,3602.34888542305,0,0,260.025115586938,2673.33499145936,0,24.4029020145566,1.98289032702712,3.63852999430132,1470,416.556099730567,0,1113.39588213378,9.76813290532511,0,0
"674",2013.20273972603,197.43795322397,3602.34888542305,0,0,260.025115586938,2673.33499145936,0,24.4029020145566,1.98289032702712,3.63852999430132,1470,416.556099730567,0,1113.39588213378,9.76813290532511,0,0
"675",2013.20273972603,197.43795322397,3602.34888542305,0,0,260.025115586938,2673.33499145936,0,24.4029020145566,1.98289032702712,3.63852999430132,1470,416.556099730567,0,1113.39588213378,9.76813290532511,0,0
"676",2013.20273972603,197.43795322397,3602.34888542305,0,0,260.025115586938,2673.33499145936,0,24.4029020145566,1.98289032702712,3.63852999430132,1470,416.556099730567,0,1113.39588213378,9.76813290532511,0,0
"677",2014,174.219032707583,3617.81650827484,0,0,257.820941710798,2661.30958284781,0,120.129722575542,9.73418799161895,17.8681124819925,1470,424.307397395159,0,1127.62546462147,9.54714545957628,0,0
"678",2014,174.219032707583,3617.81650827484,0,0,257.820941710798,2661.30958284781,0,0,0,0,1470,424.307397395159,0,1127.62546462147,9.54714545957628,0,0
"679",2014,174.219032707583,3617.81650827484,0,0,257.820941710798,2661.30958284781,0,0,0,0,1470,424.307397395159,0,1127.62546462147,9.54714545957628,0,0
"680",2014.00273972603,174.161969747337,3617.84741447714,0,0,257.824425510099,2661.26797081049,0,0.0995820761480843,0.0261567579452326,0.0381282380159049,1470,424.333554153104,0,1127.66359285949,9.54728965059994,0,0
"681",2014.00273972603,174.161969747337,3617.84741447714,0,0,257.824425510099,2661.26797081049,0,0.0995820761480843,0.0261567579452326,0.0381282380159049,1470,424.333554153104,0,1127.66359285949,9.54728965059994,0,0
"682",2014.00273972603,174.161969747337,3617.84741447714,0,0,257.824425510099,2661.26797081049,0,0.0995820761480843,0.0261567579452326,0.0381282380159049,1470,424.333554153104,0,1127.66359285949,9.54728965059994,0,0
"683",2014.00273972603,174.161969747337,3617.84741447714,0,0,257.824425510099,2661.26797081049,0,0.0995820761480843,0.0261567579452326,0.0381282380159049,1470,424.333554153104,0,1127.66359285949,9.54728965059994,0,0
"684",2014.00273972603,174.161969747337,3617.84741447714,0,0,257.824425510099,2661.26797081049,0,0.0995820761480843,0.0261567579452326,0.0381282380159049,1470,424.333554153104,0,1127.66359285949,9.54728965059994,0,0
"685",2014.00273972603,174.161969747337,3617.84741447714,0,0,257.824425510099,2661.26797081049,0,0.0995820761480843,0.0261567579452326,0.0381282380159049,1470,424.333554153104,0,1127.66359285949,9.54728965059994,0,0
"686",2014.20273972603,170.306133755672,3619.79279154852,0,0,258.060246078472,2658.24751502995,0,7.36980606042511,1.93661567823438,2.82276345018359,1470,426.244013073393,0,1130.44822807166,9.55705003178763,0,0
"687",2014.20273972603,198.306133755672,3626.79279154852,0,0,258.060246078472,2658.24751502995,0,7.36980606042511,1.93661567823438,2.82276345018359,1505,426.244013073393,0,1130.44822807166,9.55705003178763,0,0
"688",2014.20273972603,198.306133755672,3626.79279154852,0,0,258.060246078472,2658.24751502995,0,7.36980606042511,1.93661567823438,2.82276345018359,1505,426.244013073393,0,1130.44822807166,9.55705003178763,0,0
"689",2014.20273972603,198.306133755672,3626.79279154852,0,0,258.060246078472,2658.24751502995,0,7.36980606042511,1.93661567823438,2.82276345018359,1505,426.244013073393,0,1130.44822807166,9.55705003178763,0,0
"690",2014.20273972603,198.306133755672,3626.79279154852,0,0,258.060246078472,2658.24751502995,0,7.36980606042511,1.93661567823438,2.82276345018359,1505,426.244013073393,0,1130.44822807166,9.55705003178763,0,0
"691",2014.20273972603,198.306133755672,3626.79279154852,0,0,258.060246078472,2658.24751502995,0,7.36980606042511,1.93661567823438,2.82276345018359,1505,426.244013073393,0,1130.44822807166,9.55705003178763,0,0
"692",2014.20273972603,198.306133755672,3626.79279154852,0,0,258.060246078472,2658.24751502995,0,7.36980606042511,1.93661567823438,2.82276345018359,1505,426.244013073393,0,1130.44822807166,9.55705003178763,0,0
"693",2015,175.267646038174,3642.20031127377,0,0,258.678607349531,2646.50956521929,0,36.362107872063,9.5675836704824,13.9423519897853,1505,433.874981065641,0,1141.56781661126,4.48833888987515,0,0
"694",2015,175.267646038174,3642.20031127377,0,0,258.678607349531,2646.50956521929,0,0,0,0,1505,433.874981065641,0,1141.56781661126,4.48833888987515,0,0
"695",2015,175.267646038174,3642.20031127377,0,0,258.678607349531,2646.50956521929,0,0,0,0,1505,433.874981065641,0,1141.56781661126,4.48833888987515,0,0
"696",2015.00273972603,175.224480750095,3642.23117977788,0,0,258.687357061372,2646.46997680493,0,0.0668533170925643,0.0122967839671423,0.0308387025142626,1505,433.887277849608,0,1141.59865531377,4.48831591344617,0,0
"697",2015.00273972603,175.224480750095,3642.23117977788,0,0,258.687357061372,2646.46997680493,0,0.0668533170925643,0.0122967839671423,0.0308387025142626,1505,433.887277849608,0,1141.59865531377,4.48831591344617,0,0
"698",2015.00273972603,175.224480750095,3642.23117977788,0,0,258.687357061372,2646.46997680493,0,0.0668533170925643,0.0122967839671423,0.0308387025142626,1505,433.887277849608,0,1141.59865531377,4.48831591344617,0,0
"699",2015.00273972603,175.224480750095,3642.23117977788,0,0,258.687357061372,2646.46997680493,0,0.0668533170925643,0.0122967839671423,0.0308387025142626,1505,433.887277849608,0,1141.59865531377,4.48831591344617,0,0
"700",2015.00273972603,175.224480750095,3642.23117977788,0,0,258.687357061372,2646.46997680493,0,0.0668533170925643,0.0122967839671423,0.0308387025142626,1505,433.887277849608,0,1141.59865531377,4.48831591344617,0,0
"701",2015.00273972603,175.224480750095,3642.23117977788,0,0,258.687357061372,2646.46997680493,0,0.0668533170925643,0.0122967839671423,0.0308387025142626,1505,433.887277849608,0,1141.59865531377,4.48831591344617,0,0
"702",2015.20273972603,172.310422829882,3644.24781595175,0,0,259.295772034443,2643.60760789848,0,4.95109484028895,0.90971853031452,2.28479263589913,1505,434.784699595956,0,1143.85260924716,4.48558467201632,0,0
"703",2015.20273972603,200.310422829882,3651.24781595175,0,0,259.295772034443,2643.60760789848,0,4.95109484028895,0.90971853031452,2.28479263589913,1540,434.784699595956,0,1143.85260924716,4.5319696739826,0,0
"704",2015.20273972603,200.310422829882,3651.24781595175,0,0,259.295772034443,2643.60760789848,0,4.95109484028895,0.90971853031452,2.28479263589913,1540,434.784699595956,0,1143.85260924716,4.5319696739826,0,0
"705",2015.20273972603,200.310422829882,3651.24781595175,0,0,259.295772034443,2643.60760789848,0,4.95109484028895,0.90971853031452,2.28479263589913,1540,434.784699595956,0,1143.85260924716,4.5319696739826,0,0
"706",2015.20273972603,200.310422829882,3651.24781595175,0,0,259.295772034443,2643.60760789848,0,4.95109484028895,0.90971853031452,2.28479263589913,1540,434.784699595956,0,1143.85260924716,4.5319696739826,0,0
"707",2015.20273972603,200.310422829882,3651.24781595175,0,0,259.295772034443,2643.60760789848,0,4.95109484028895,0.90971853031452,2.28479263589913,1540,434.784699595956,0,1143.85260924716,4.5319696739826,0,0
"708",2015.20273972603,200.310422829882,3651.24781595175,0,0,259.295772034443,2643.60760789848,0,4.95109484028895,0.90971853031452,2.28479263589913,1540,434.784699595956,0,1143.85260924716,4.5319696739826,0,0
"709",2016,179.872099192324,3668.06090721605,0,0,261.192312518131,2632.68057524088,0,24.4865444940333,4.53495090356468,11.315284809813,1540,438.409931969206,0,1152.88310142107,0,0,0
