"","time","P_labile","P_stable","P_labile_placed","P_labile_FYM","K_labile","K_stable","K_labile_FYM","N_up","P_up","K_up","PIN","POUT","KIN","KOUT","P_up_labile","P_up_labile_placed","P_up_labile_FYM"
"1",1968,167,1670,0,0,1615,16150,0,0,0,0,0,0,0,0,24.5011039214495,0,0
"2",1968,167,1670,0,0,1615,16150,0,0,0,0,0,0,0,0,24.5011039214495,0,0
"3",1968,167,1670,0,0,1615,16150,0,0,0,0,0,0,0,0,24.5011039214495,0,0
"4",1968.00273972603,166.739318297299,1670.19359681715,0,0,1614.95732800356,16149.7868515389,0,0.46417672508854,0.0670848855466589,0.255820457591248,0,0.0670848855466589,0,0.255820457591248,24.4708102058375,0,0
"5",1968.00273972603,166.739318297299,1675.71712181715,0,40.50585,1614.95732800356,16149.7868515389,324.043125,0.46417672508854,0.0670848855466589,0.255820457591248,46.029375,0.0670848855466589,324.043125,0.255820457591248,23.2200617964714,0,5.64083114722583
"6",1968.00273972603,166.739318297299,1675.71712181715,0,40.50585,1614.95732800356,16149.7868515389,324.043125,0.46417672508854,0.0670848855466589,0.255820457591248,46.029375,0.0670848855466589,324.043125,0.255820457591248,23.2200617964714,0,5.64083114722583
"7",1968.00273972603,166.739318297299,1675.71712181715,0,40.50585,1614.95732800356,16149.7868515389,324.043125,0.46417672508854,0.0670848855466589,0.255820457591248,46.029375,0.0670848855466589,324.043125,0.255820457591248,23.2200617964714,0,5.64083114722583
"8",1968.00273972603,166.739318297299,1675.71712181715,0,40.50585,1614.95732800356,16149.7868515389,324.043125,0.46417672508854,0.0670848855466589,0.255820457591248,46.029375,0.0670848855466589,324.043125,0.255820457591248,23.2200617964714,0,5.64083114722583
"9",1968.00273972603,166.739318297299,1675.71712181715,0,40.50585,1614.95732800356,16149.7868515389,324.043125,0.46417672508854,0.0670848855466589,0.255820457591248,46.029375,0.0670848855466589,324.043125,0.255820457591248,23.2200617964714,0,5.64083114722583
"10",1968.20273972603,149.594653669601,1694.0067891517,0,33.8427018977532,1612.94320505327,16152.0275078869,302.752054534253,34.5115941917322,5.58523028094466,21.3203575255682,46.029375,5.58523028094466,324.043125,21.3203575255682,21.4950771015637,0,4.86281741207217
"11",1968.20273972603,177.594653669601,1701.0067891517,0,33.8427018977532,1702.94320505327,16152.0275078869,302.752054534253,34.5115941917322,5.58523028094466,21.3203575255682,81.029375,5.58523028094466,414.043125,21.3203575255682,24.5924300888193,0,4.68637013130824
"12",1968.20273972603,177.594653669601,1701.0067891517,0,33.8427018977532,1702.94320505327,16152.0275078869,302.752054534253,34.5115941917322,5.58523028094466,21.3203575255682,81.029375,5.58523028094466,414.043125,21.3203575255682,24.5924300888193,0,4.68637013130824
"13",1968.20273972603,177.594653669601,1701.0067891517,0,33.8427018977532,1702.94320505327,16152.0275078869,302.752054534253,34.5115941917322,5.58523028094466,21.3203575255682,81.029375,5.58523028094466,414.043125,21.3203575255682,24.5924300888193,0,4.68637013130824
"14",1968.20273972603,177.594653669601,1701.0067891517,0,33.8427018977532,1702.94320505327,16152.0275078869,302.752054534253,34.5115941917322,5.58523028094466,21.3203575255682,81.029375,5.58523028094466,414.043125,21.3203575255682,24.5924300888193,0,4.68637013130824
"15",1968.20273972603,177.594653669601,1701.0067891517,0,33.8427018977532,1702.94320505327,16152.0275078869,302.752054534253,34.5115941917322,5.58523028094466,21.3203575255682,81.029375,5.58523028094466,414.043125,21.3203575255682,24.5924300888193,0,4.68637013130824
"16",1968.20273972603,177.594653669601,1701.0067891517,0,33.8427018977532,1702.94320505327,16152.0275078869,302.752054534253,34.5115941917322,5.58523028094466,21.3203575255682,81.029375,5.58523028094466,414.043125,21.3203575255682,24.5924300888193,0,4.68637013130824
"17",1969,119.283725775429,1757.03463037226,0,16.4694541568963,1675.33036884807,16166.7396549724,230.952513014796,169.503915673937,25.2415646954183,106.020588164757,81.029375,25.2415646954183,414.043125,106.020588164757,12.3672412443643,0,1.70753982906938
"18",1969,119.283725775429,1757.03463037226,0,16.4694541568963,1675.33036884807,16166.7396549724,230.952513014796,0,0,0,81.029375,25.2415646954183,414.043125,106.020588164757,12.3672412443643,0,1.70753982906938
"19",1969,119.283725775429,1757.03463037226,0,16.4694541568963,1675.33036884807,16166.7396549724,230.952513014796,0,0,0,81.029375,25.2415646954183,414.043125,106.020588164757,12.3672412443643,0,1.70753982906938
"20",1969.00273972603,119.163033652311,1757.15557516128,0,16.430660948541,1675.07333694729,16166.7523598629,230.71365403316,0.298576120370459,0.0385405424502519,0.483185991866879,81.029375,25.2801052378686,414.043125,106.503774156624,12.3561011158758,0,1.70370711334191
"21",1969.00273972603,119.163033652311,1762.69823116128,0,57.076804948541,1675.07333694729,16166.7523598629,532.74510403316,0.298576120370459,0.0385405424502519,0.483185991866879,127.218175,25.2801052378686,716.074575,106.503774156624,11.9472077034539,0,5.72248307943708
"22",1969.00273972603,119.163033652311,1762.69823116128,0,57.076804948541,1675.07333694729,16166.7523598629,532.74510403316,0.298576120370459,0.0385405424502519,0.483185991866879,127.218175,25.2801052378686,716.074575,106.503774156624,11.9472077034539,0,5.72248307943708
"23",1969.00273972603,119.163033652311,1762.69823116128,0,57.076804948541,1675.07333694729,16166.7523598629,532.74510403316,0.298576120370459,0.0385405424502519,0.483185991866879,127.218175,25.2801052378686,716.074575,106.503774156624,11.9472077034539,0,5.72248307943708
"24",1969.00273972603,119.163033652311,1762.69823116128,0,57.076804948541,1675.07333694729,16166.7523598629,532.74510403316,0.298576120370459,0.0385405424502519,0.483185991866879,127.218175,25.2801052378686,716.074575,106.503774156624,11.9472077034539,0,5.72248307943708
"25",1969.00273972603,119.163033652311,1762.69823116128,0,57.076804948541,1675.07333694729,16166.7523598629,532.74510403316,0.298576120370459,0.0385405424502519,0.483185991866879,127.218175,25.2801052378686,716.074575,106.503774156624,11.9472077034539,0,5.72248307943708
"26",1969.20273972603,111.212325809794,1776.26490022625,0,48.0754498462619,1654.57822479309,16183.0850352672,493.215102573466,22.8238963361132,3.42393442227738,44.1756242015157,127.218175,28.6654991176957,716.074575,150.196212366273,11.3206738223523,0,4.89376049470641
"27",1969.20273972603,139.212325809794,1783.26490022625,0,48.0754498462619,1744.57822479309,16183.0850352672,493.215102573466,22.8238963361132,3.42393442227738,44.1756242015157,162.218175,28.6654991176957,806.074575,150.196212366273,13.8101758695797,0,4.76919276740741
"28",1969.20273972603,139.212325809794,1783.26490022625,0,48.0754498462619,1744.57822479309,16183.0850352672,493.215102573466,22.8238963361132,3.42393442227738,44.1756242015157,162.218175,28.6654991176957,806.074575,150.196212366273,13.8101758695797,0,4.76919276740741
"29",1969.20273972603,139.212325809794,1783.26490022625,0,48.0754498462619,1744.57822479309,16183.0850352672,493.215102573466,22.8238963361132,3.42393442227738,44.1756242015157,162.218175,28.6654991176957,806.074575,150.196212366273,13.8101758695797,0,4.76919276740741
"30",1969.20273972603,139.212325809794,1783.26490022625,0,48.0754498462619,1744.57822479309,16183.0850352672,493.215102573466,22.8238963361132,3.42393442227738,44.1756242015157,162.218175,28.6654991176957,806.074575,150.196212366273,13.8101758695797,0,4.76919276740741
"31",1969.20273972603,139.212325809794,1783.26490022625,0,48.0754498462619,1744.57822479309,16183.0850352672,493.215102573466,22.8238963361132,3.42393442227738,44.1756242015157,162.218175,28.6654991176957,806.074575,150.196212366273,13.8101758695797,0,4.76919276740741
"32",1969.20273972603,139.212325809794,1783.26490022625,0,48.0754498462619,1744.57822479309,16183.0850352672,493.215102573466,22.8238963361132,3.42393442227738,44.1756242015157,162.218175,28.6654991176957,806.074575,150.196212366273,13.8101758695797,0,4.76919276740741
"33",1970,105.018627288724,1828.70699956975,0,24.2348749002927,1660.9487893357,16234.728945501,364.291916949988,111.460814217877,16.0161085458152,205.084335048537,162.218175,41.2576732412335,806.074575,311.104923213294,14.1794060207115,0,3.27214457038801
"34",1970,105.018627288724,1828.70699956975,0,24.2348749002927,1660.9487893357,16234.728945501,364.291916949988,0,0,0,162.218175,41.2576732412335,806.074575,311.104923213294,14.1794060207115,0,3.27214457038801
"35",1970,105.018627288724,1828.70699956975,0,24.2348749002927,1660.9487893357,16234.728945501,364.291916949988,0,0,0,162.218175,41.2576732412335,806.074575,311.104923213294,14.1794060207115,0,3.27214457038801
"36",1970.00273972603,104.929055650518,1828.80792996685,0,24.1757111765855,1660.92704107847,16234.8284315208,363.962112692883,0.380948346938122,0.0478049648113875,0.252066494552347,162.218175,41.3054782060449,806.074575,311.356989707846,14.1792134986188,0,3.26689845942646
"37",1970.00273972603,104.929055650518,1835.49642996685,0,73.2247111765855,1660.92704107847,16234.8284315208,720.939362692883,0.380948346938122,0.0478049648113875,0.252066494552347,217.955675,41.3054782060449,1163.051825,311.356989707846,10.4991619362268,0,7.32683712447585
"38",1970.00273972603,104.929055650518,1835.49642996685,0,73.2247111765855,1660.92704107847,16234.8284315208,720.939362692883,0.380948346938122,0.0478049648113875,0.252066494552347,217.955675,41.3054782060449,1163.051825,311.356989707846,10.4991619362268,0,7.32683712447585
"39",1970.00273972603,104.929055650518,1835.49642996685,0,73.2247111765855,1660.92704107847,16234.8284315208,720.939362692883,0.380948346938122,0.0478049648113875,0.252066494552347,217.955675,41.3054782060449,1163.051825,311.356989707846,10.4991619362268,0,7.32683712447585
"40",1970.00273972603,104.929055650518,1835.49642996685,0,73.2247111765855,1660.92704107847,16234.8284315208,720.939362692883,0.380948346938122,0.0478049648113875,0.252066494552347,217.955675,41.3054782060449,1163.051825,311.356989707846,10.4991619362268,0,7.32683712447585
"41",1970.00273972603,104.929055650518,1835.49642996685,0,73.2247111765855,1660.92704107847,16234.8284315208,720.939362692883,0.380948346938122,0.0478049648113875,0.252066494552347,217.955675,41.3054782060449,1163.051825,311.356989707846,10.4991619362268,0,7.32683712447585
"42",1970.20273972603,99.5876406119426,1848.87257596085,0,61.6247804090266,1661.08026009786,16261.0457411953,675.486577643383,28.1901776710927,3.61300477695148,19.3343228501435,217.955675,44.870678018185,1163.051825,330.439246063438,11.0118635819952,0,6.81413547870749
"43",1970.20273972603,127.587640611943,1855.87257596085,0,61.6247804090266,1751.08026009786,16261.0457411953,675.486577643383,28.1901776710927,3.61300477695148,19.3343228501435,252.955675,44.870678018185,1253.051825,330.439246063438,12.0202318084271,0,5.80576725227554
"44",1970.20273972603,127.587640611943,1855.87257596085,0,61.6247804090266,1751.08026009786,16261.0457411953,675.486577643383,28.1901776710927,3.61300477695148,19.3343228501435,252.955675,44.870678018185,1253.051825,330.439246063438,12.0202318084271,0,5.80576725227554
"45",1970.20273972603,127.587640611943,1855.87257596085,0,61.6247804090266,1751.08026009786,16261.0457411953,675.486577643383,28.1901776710927,3.61300477695148,19.3343228501435,252.955675,44.870678018185,1253.051825,330.439246063438,12.0202318084271,0,5.80576725227554
"46",1970.20273972603,127.587640611943,1855.87257596085,0,61.6247804090266,1751.08026009786,16261.0457411953,675.486577643383,28.1901776710927,3.61300477695148,19.3343228501435,252.955675,44.870678018185,1253.051825,330.439246063438,12.0202318084271,0,5.80576725227554
"47",1970.20273972603,127.587640611943,1855.87257596085,0,61.6247804090266,1751.08026009786,16261.0457411953,675.486577643383,28.1901776710927,3.61300477695148,19.3343228501435,252.955675,44.870678018185,1253.051825,330.439246063438,12.0202318084271,0,5.80576725227554
"48",1970.20273972603,127.587640611943,1855.87257596085,0,61.6247804090266,1751.08026009786,16261.0457411953,675.486577643383,28.1901776710927,3.61300477695148,19.3343228501435,252.955675,44.870678018185,1253.051825,330.439246063438,12.0202318084271,0,5.80576725227554
"49",1971,99.659324326645,1900.49689390221,0,30.7549086698007,1732.11717680666,16358.6504182508,520.904395667739,139.046203129143,17.7868748601064,95.2749110614719,252.955675,59.0445481013399,1253.051825,406.379834274766,15.303437191424,0,4.72264704117047
"50",1971,99.659324326645,1900.49689390221,0,30.7549086698007,1732.11717680666,16358.6504182508,520.904395667739,0,0,0,252.955675,59.0445481013399,1253.051825,406.379834274766,15.303437191424,0,4.72264704117047
"51",1971,99.659324326645,1900.49689390221,0,30.7549086698007,1732.11717680666,16358.6504182508,520.904395667739,0,0,0,252.955675,59.0445481013399,1253.051825,406.379834274766,15.303437191424,0,4.72264704117047
"52",1971.00273972603,99.584342105388,1900.59367271111,0,30.678273267218,1732.01768848509,16358.9164484536,520.42540208947,0.463330627069146,0.0548388149443018,0.31245169705589,252.955675,59.0993869162842,1253.051825,406.692285971822,15.2945349929783,0,4.71168372547022
"53",1971.00273972603,99.584342105388,1905.62604971111,0,67.582371267218,1732.01768848509,16358.9164484536,863.44832708947,0.463330627069146,0.0548388149443018,0.31245169705589,294.89215,59.0993869162842,1596.07475,406.692285971822,14.6433079014142,0,9.93760113538989
"54",1971.00273972603,99.584342105388,1905.62604971111,0,67.582371267218,1732.01768848509,16358.9164484536,863.44832708947,0.463330627069146,0.0548388149443018,0.31245169705589,294.89215,59.0993869162842,1596.07475,406.692285971822,14.6433079014142,0,9.93760113538989
"55",1971.00273972603,99.584342105388,1905.62604971111,0,67.582371267218,1732.01768848509,16358.9164484536,863.44832708947,0.463330627069146,0.0548388149443018,0.31245169705589,294.89215,59.0993869162842,1596.07475,406.692285971822,14.6433079014142,0,9.93760113538989
"56",1971.00273972603,99.584342105388,1905.62604971111,0,67.582371267218,1732.01768848509,16358.9164484536,863.44832708947,0.463330627069146,0.0548388149443018,0.31245169705589,294.89215,59.0993869162842,1596.07475,406.692285971822,14.6433079014142,0,9.93760113538989
"57",1971.00273972603,99.584342105388,1905.62604971111,0,67.582371267218,1732.01768848509,16358.9164484536,863.44832708947,0.463330627069146,0.0548388149443018,0.31245169705589,294.89215,59.0993869162842,1596.07475,406.692285971822,14.6433079014142,0,9.93760113538989
"58",1971.20273972603,94.7430859623382,1916.94362985701,0,56.3863640580377,1725.8538200755,16395.9728596037,807.720342833789,34.6617258114017,4.77452202127363,25.147893212234,294.89215,63.8190701226136,1596.07475,431.527727487,14.2038092818547,0,8.45339955989995
"59",1971.20273972603,122.743085962338,1923.94362985701,0,56.3863640580377,1815.8538200755,16395.9728596037,807.720342833789,34.6617258114017,4.77452202127363,25.147893212234,329.89215,63.8190701226136,1686.07475,431.527727487,17.7824861983461,0,8.16901198772724
"60",1971.20273972603,122.743085962338,1923.94362985701,0,56.3863640580377,1815.8538200755,16395.9728596037,807.720342833789,34.6617258114017,4.77452202127363,25.147893212234,329.89215,63.8190701226136,1686.07475,431.527727487,17.7824861983461,0,8.16901198772724
"61",1971.20273972603,122.743085962338,1923.94362985701,0,56.3863640580377,1815.8538200755,16395.9728596037,807.720342833789,34.6617258114017,4.77452202127363,25.147893212234,329.89215,63.8190701226136,1686.07475,431.527727487,17.7824861983461,0,8.16901198772724
"62",1971.20273972603,122.743085962338,1923.94362985701,0,56.3863640580377,1815.8538200755,16395.9728596037,807.720342833789,34.6617258114017,4.77452202127363,25.147893212234,329.89215,63.8190701226136,1686.07475,431.527727487,17.7824861983461,0,8.16901198772724
"63",1971.20273972603,122.743085962338,1923.94362985701,0,56.3863640580377,1815.8538200755,16395.9728596037,807.720342833789,34.6617258114017,4.77452202127363,25.147893212234,329.89215,63.8190701226136,1686.07475,431.527727487,17.7824861983461,0,8.16901198772724
"64",1971.20273972603,122.743085962338,1923.94362985701,0,56.3863640580377,1815.8538200755,16395.9728596037,807.720342833789,34.6617258114017,4.77452202127363,25.147893212234,329.89215,63.8190701226136,1686.07475,431.527727487,17.7824861983461,0,8.16901198772724
"65",1972,96.3554889875299,1961.63960580409,0,27.3499186011092,1775.98193726106,16527.6366433983,619.042648186404,170.402973262712,22.5025885059312,122.033686879475,329.89215,81.5471366072712,1686.07475,528.413521154241,10.1334741106171,0,2.87632489839466
"66",1972,96.3554889875299,1961.63960580409,0,27.3499186011092,1775.98193726106,16527.6366433983,619.042648186404,0,0,0,329.89215,81.5471366072712,1686.07475,528.413521154241,10.1334741106171,0,2.87632489839466
"67",1972,96.3554889875299,1961.63960580409,0,27.3499186011092,1775.98193726106,16527.6366433983,619.042648186404,0,0,0,329.89215,81.5471366072712,1686.07475,528.413521154241,10.1334741106171,0,2.87632489839466
"68",1972.00273972603,96.3070734386441,1961.71692631211,0,27.2853858241817,1775.77785548652,16527.9980917584,618.445647994571,0.317170338837822,0.0356278177885128,0.439633606319363,329.89215,81.5827644250597,1686.07475,528.85315476056,10.1288341997579,0,2.86966615453882
"69",1972.00273972603,96.3070734386441,1967.28543331211,0,68.1211038241817,1775.77785548652,16527.9980917584,984.438897994571,0.317170338837822,0.0356278177885128,0.439633606319363,376.296375,81.5827644250597,2052.068,528.85315476056,9.89672467333611,0,7.00027303208604
"70",1972.00273972603,96.3070734386441,1967.28543331211,0,68.1211038241817,1775.77785548652,16527.9980917584,984.438897994571,0.317170338837822,0.0356278177885128,0.439633606319363,376.296375,81.5827644250597,2052.068,528.85315476056,9.89672467333611,0,7.00027303208604
"71",1972.00273972603,96.3070734386441,1967.28543331211,0,68.1211038241817,1775.77785548652,16527.9980917584,984.438897994571,0.317170338837822,0.0356278177885128,0.439633606319363,376.296375,81.5827644250597,2052.068,528.85315476056,9.89672467333611,0,7.00027303208604
"72",1972.00273972603,96.3070734386441,1967.28543331211,0,68.1211038241817,1775.77785548652,16527.9980917584,984.438897994571,0.317170338837822,0.0356278177885128,0.439633606319363,376.296375,81.5827644250597,2052.068,528.85315476056,9.89672467333611,0,7.00027303208604
"73",1972.00273972603,96.3070734386441,1967.28543331211,0,68.1211038241817,1775.77785548652,16527.9980917584,984.438897994571,0.317170338837822,0.0356278177885128,0.439633606319363,376.296375,81.5827644250597,2052.068,528.85315476056,9.89672467333611,0,7.00027303208604
"74",1972.20273972603,93.1665478376945,1977.94655439733,0,57.3527220871224,1758.68796751378,16572.5990779734,915.944777252647,24.7176102253092,3.28341407057779,41.4226561059705,376.296375,84.8305506778489,2052.068,569.836177260211,9.66278800362429,0,5.94834957203839
"75",1972.20273972603,121.166547837694,1984.94655439733,0,57.3527220871224,1848.68796751378,16572.5990779734,915.944777252647,24.7176102253092,3.28341407057779,41.4226561059705,411.296375,84.8305506778489,2142.068,569.836177260211,12.3226733330673,0,5.83278860093051
"76",1972.20273972603,121.166547837694,1984.94655439733,0,57.3527220871224,1848.68796751378,16572.5990779734,915.944777252647,24.7176102253092,3.28341407057779,41.4226561059705,411.296375,84.8305506778489,2142.068,569.836177260211,12.3226733330673,0,5.83278860093051
"77",1972.20273972603,121.166547837694,1984.94655439733,0,57.3527220871224,1848.68796751378,16572.5990779734,915.944777252647,24.7176102253092,3.28341407057779,41.4226561059705,411.296375,84.8305506778489,2142.068,569.836177260211,12.3226733330673,0,5.83278860093051
"78",1972.20273972603,121.166547837694,1984.94655439733,0,57.3527220871224,1848.68796751378,16572.5990779734,915.944777252647,24.7176102253092,3.28341407057779,41.4226561059705,411.296375,84.8305506778489,2142.068,569.836177260211,12.3226733330673,0,5.83278860093051
"79",1972.20273972603,121.166547837694,1984.94655439733,0,57.3527220871224,1848.68796751378,16572.5990779734,915.944777252647,24.7176102253092,3.28341407057779,41.4226561059705,411.296375,84.8305506778489,2142.068,569.836177260211,12.3226733330673,0,5.83278860093051
"80",1972.20273972603,121.166547837694,1984.94655439733,0,57.3527220871224,1848.68796751378,16572.5990779734,915.944777252647,24.7176102253092,3.28341407057779,41.4226561059705,411.296375,84.8305506778489,2142.068,569.836177260211,12.3226733330673,0,5.83278860093051
"81",1973,99.6164816694872,2022.538454781,0,28.8758462921155,1772.17239220273,16721.4954870718,687.205610032302,121.018086299749,15.7184556501292,197.78098953887,411.296375,97.2655922574004,2142.068,726.19451069311,13.634979766833,0,3.95237387774331
"82",1973,99.6164816694872,2022.538454781,0,28.8758462921155,1772.17239220273,16721.4954870718,687.205610032302,0,0,0,411.296375,97.2655922574004,2142.068,726.19451069311,13.634979766833,0,3.95237387774331
"83",1973,99.6164816694872,2022.538454781,0,28.8758462921155,1772.17239220273,16721.4954870718,687.205610032302,0,0,0,411.296375,97.2655922574004,2142.068,726.19451069311,13.634979766833,0,3.95237387774331
"84",1973.00273972603,99.5572733778527,2022.62012536616,0,28.8052067840337,1772.1235280885,16721.8895625588,686.594753956928,0.385942785249447,0.0481772145562818,0.26564470267174,411.296375,97.3137694719566,2142.068,726.460155395782,13.636541221667,0,3.94550168342095
"85",1973.00273972603,99.5572733778527,2026.04934136616,0,53.9527907840337,1772.1235280885,16721.8895625588,1017.57155395693,0.385942785249447,0.0481772145562818,0.26564470267174,439.873175,97.3137694719566,2473.0448,726.460155395782,11.7145514951605,0,6.34843366539793
"86",1973.00273972603,99.5572733778527,2026.04934136616,0,53.9527907840337,1772.1235280885,16721.8895625588,1017.57155395693,0.385942785249447,0.0481772145562818,0.26564470267174,439.873175,97.3137694719566,2473.0448,726.460155395782,11.7145514951605,0,6.34843366539793
"87",1973.00273972603,99.5572733778527,2026.04934136616,0,53.9527907840337,1772.1235280885,16721.8895625588,1017.57155395693,0.385942785249447,0.0481772145562818,0.26564470267174,439.873175,97.3137694719566,2473.0448,726.460155395782,11.7145514951605,0,6.34843366539793
"88",1973.00273972603,99.5572733778527,2026.04934136616,0,53.9527907840337,1772.1235280885,16721.8895625588,1017.57155395693,0.385942785249447,0.0481772145562818,0.26564470267174,439.873175,97.3137694719566,2473.0448,726.460155395782,11.7145514951605,0,6.34843366539793
"89",1973.00273972603,99.5572733778527,2026.04934136616,0,53.9527907840337,1772.1235280885,16721.8895625588,1017.57155395693,0.385942785249447,0.0481772145562818,0.26564470267174,439.873175,97.3137694719566,2473.0448,726.460155395782,11.7145514951605,0,6.34843366539793
"90",1973.20273972603,95.908052166878,2034.79601568797,0,45.2487188266576,1770.26386302415,16767.4860129245,954.413092328811,28.5597661091732,3.65479606109066,19.6873210294185,439.873175,100.920388318491,2473.0448,745.881831722528,12.205284988719,0,5.75836435185679
"91",1973.20273972603,123.908052166878,2041.79601568797,0,45.2487188266576,1860.26386302415,16767.4860129245,954.413092328811,28.5597661091732,3.65479606109066,19.6873210294185,474.873175,100.920388318491,2563.0448,745.881831722528,13.2312132373912,0,4.83177192316725
"92",1973.20273972603,123.908052166878,2041.79601568797,0,45.2487188266576,1860.26386302415,16767.4860129245,954.413092328811,28.5597661091732,3.65479606109066,19.6873210294185,474.873175,100.920388318491,2563.0448,745.881831722528,13.2312132373912,0,4.83177192316725
"93",1973.20273972603,123.908052166878,2041.79601568797,0,45.2487188266576,1860.26386302415,16767.4860129245,954.413092328811,28.5597661091732,3.65479606109066,19.6873210294185,474.873175,100.920388318491,2563.0448,745.881831722528,13.2312132373912,0,4.83177192316725
"94",1973.20273972603,123.908052166878,2041.79601568797,0,45.2487188266576,1860.26386302415,16767.4860129245,954.413092328811,28.5597661091732,3.65479606109066,19.6873210294185,474.873175,100.920388318491,2563.0448,745.881831722528,13.2312132373912,0,4.83177192316725
"95",1973.20273972603,123.908052166878,2041.79601568797,0,45.2487188266576,1860.26386302415,16767.4860129245,954.413092328811,28.5597661091732,3.65479606109066,19.6873210294185,474.873175,100.920388318491,2563.0448,745.881831722528,13.2312132373912,0,4.83177192316725
"96",1973.20273972603,123.908052166878,2041.79601568797,0,45.2487188266576,1860.26386302415,16767.4860129245,954.413092328811,28.5597661091732,3.65479606109066,19.6873210294185,474.873175,100.920388318491,2563.0448,745.881831722528,13.2312132373912,0,4.83177192316725
"97",1974,100.57061053414,2073.74059507812,0,22.3903555146377,1835.01868885551,16930.9875543401,738.736064162635,140.869125785416,17.9060216156973,97.1079819485994,474.873175,115.171613873098,2563.0448,823.302492641709,15.5441255514037,0,3.46063820644646
"98",1974,100.57061053414,2073.74059507812,0,22.3903555146377,1835.01868885551,16930.9875543401,738.736064162635,0,0,0,474.873175,115.171613873098,2563.0448,823.302492641709,15.5441255514037,0,3.46063820644646
"99",1974,100.57061053414,2073.74059507812,0,22.3903555146377,1835.01868885551,16930.9875543401,738.736064162635,0,0,0,474.873175,115.171613873098,2563.0448,823.302492641709,15.5441255514037,0,3.46063820644646
"100",1974.00273972603,100.508883033909,2073.80612978265,0,22.3345018992863,1834.90923887951,16931.4518080809,738.06980620053,0.455806733346368,0.0520464110565133,0.311454197384105,474.873175,115.223660284154,2563.0448,823.613946839093,15.5366352034406,0,3.45246109582866
"101",1974.00273972603,100.508883033909,2078.30298578265,0,55.3114458992863,1834.90923887951,16931.4518080809,1046.06567620053,0.455806733346368,0.0520464110565133,0.311454197384105,512.346975,115.223660284154,2871.04067,823.613946839093,14.9467409593464,0,8.22540086993726
"102",1974.00273972603,100.508883033909,2078.30298578265,0,55.3114458992863,1834.90923887951,16931.4518080809,1046.06567620053,0.455806733346368,0.0520464110565133,0.311454197384105,512.346975,115.223660284154,2871.04067,823.613946839093,14.9467409593464,0,8.22540086993726
"103",1974.00273972603,100.508883033909,2078.30298578265,0,55.3114458992863,1834.90923887951,16931.4518080809,1046.06567620053,0.455806733346368,0.0520464110565133,0.311454197384105,512.346975,115.223660284154,2871.04067,823.613946839093,14.9467409593464,0,8.22540086993726
"104",1974.00273972603,100.508883033909,2078.30298578265,0,55.3114458992863,1834.90923887951,16931.4518080809,1046.06567620053,0.455806733346368,0.0520464110565133,0.311454197384105,512.346975,115.223660284154,2871.04067,823.613946839093,14.9467409593464,0,8.22540086993726
"105",1974.00273972603,100.508883033909,2078.30298578265,0,55.3114458992863,1834.90923887951,16931.4518080809,1046.06567620053,0.455806733346368,0.0520464110565133,0.311454197384105,512.346975,115.223660284154,2871.04067,823.613946839093,14.9467409593464,0,8.22540086993726
"106",1974.20273972603,96.5336432480475,2086.98540831625,0,46.1353198022902,1826.98198047287,16980.5619171783,979.184490646519,34.1248526226973,4.52098976030962,26.0097890606273,512.346975,119.692603633407,2871.04067,849.312281702336,14.5844942287693,0,6.97021559281649
"107",1974.20273972603,124.533643248048,2093.98540831625,0,46.1353198022902,1916.98198047287,16980.5619171783,979.184490646519,34.1248526226973,4.52098976030962,26.0097890606273,547.346975,119.692603633407,2961.04067,849.312281702336,18.181664646079,0,6.73566508701654
"108",1974.20273972603,124.533643248048,2093.98540831625,0,46.1353198022902,1916.98198047287,16980.5619171783,979.184490646519,34.1248526226973,4.52098976030962,26.0097890606273,547.346975,119.692603633407,2961.04067,849.312281702336,18.181664646079,0,6.73566508701654
"109",1974.20273972603,124.533643248048,2093.98540831625,0,46.1353198022902,1916.98198047287,16980.5619171783,979.184490646519,34.1248526226973,4.52098976030962,26.0097890606273,547.346975,119.692603633407,2961.04067,849.312281702336,18.181664646079,0,6.73566508701654
"110",1974.20273972603,124.533643248048,2093.98540831625,0,46.1353198022902,1916.98198047287,16980.5619171783,979.184490646519,34.1248526226973,4.52098976030962,26.0097890606273,547.346975,119.692603633407,2961.04067,849.312281702336,18.181664646079,0,6.73566508701654
"111",1974.20273972603,124.533643248048,2093.98540831625,0,46.1353198022902,1916.98198047287,16980.5619171783,979.184490646519,34.1248526226973,4.52098976030962,26.0097890606273,547.346975,119.692603633407,2961.04067,849.312281702336,18.181664646079,0,6.73566508701654
"112",1974.20273972603,124.533643248048,2093.98540831625,0,46.1353198022902,1916.98198047287,16980.5619171783,979.184490646519,34.1248526226973,4.52098976030962,26.0097890606273,547.346975,119.692603633407,2961.04067,849.312281702336,18.181664646079,0,6.73566508701654
"113",1975,100.333746106841,2124.67902972391,0,22.3701251745473,1872.00880038397,17152.9288118448,752.417308786512,167.996718480404,21.7924601215987,125.383256343035,547.346975,136.964073994696,2961.04067,948.685748984744,10.3646956504706,0,2.31088290922794
"114",1975,100.333746106841,2124.67902972391,0,22.3701251745473,1872.00880038397,17152.9288118448,752.417308786512,0,0,0,547.346975,136.964073994696,2961.04067,948.685748984744,10.3646956504706,0,2.31088290922794
"115",1975,100.333746106841,2124.67902972391,0,22.3701251745473,1872.00880038397,17152.9288118448,752.417308786512,0,0,0,547.346975,136.964073994696,2961.04067,948.685748984744,10.3646956504706,0,2.31088290922794
"116",1975.00273972603,100.29132644312,2124.73940272166,0,22.31745627697,1871.80177987384,17153.4123276449,751.704775085028,0.262453461700654,0.0347155635574723,0.436038411462976,547.346975,136.998789558254,2961.04067,949.121787396207,10.3611483162975,0,2.3056278416989
"117",1975.00273972603,100.29132644312,2129.53077952165,0,57.45421947697,1871.80177987384,17153.4123276449,1020.70917508503,0.262453461700654,0.0347155635574723,0.436038411462976,587.275115,136.998789558254,3230.04507,949.121787396207,10.0081486781021,0,5.73340079449383
"118",1975.00273972603,100.29132644312,2129.53077952165,0,57.45421947697,1871.80177987384,17153.4123276449,1020.70917508503,0.262453461700654,0.0347155635574723,0.436038411462976,587.275115,136.998789558254,3230.04507,949.121787396207,10.0081486781021,0,5.73340079449383
"119",1975.00273972603,100.29132644312,2129.53077952165,0,57.45421947697,1871.80177987384,17153.4123276449,1020.70917508503,0.262453461700654,0.0347155635574723,0.436038411462976,587.275115,136.998789558254,3230.04507,949.121787396207,10.0081486781021,0,5.73340079449383
"120",1975.00273972603,100.29132644312,2129.53077952165,0,57.45421947697,1871.80177987384,17153.4123276449,1020.70917508503,0.262453461700654,0.0347155635574723,0.436038411462976,587.275115,136.998789558254,3230.04507,949.121787396207,10.0081486781021,0,5.73340079449383
"121",1975.00273972603,100.29132644312,2129.53077952165,0,57.45421947697,1871.80177987384,17153.4123276449,1020.70917508503,0.262453461700654,0.0347155635574723,0.436038411462976,587.275115,136.998789558254,3230.04507,949.121787396207,10.0081486781021,0,5.73340079449383
"122",1975.20273972603,97.5594892446042,2138.27062194191,0,48.3992668153828,1854.24505940658,17201.3275147129,950.845398316174,20.0194890530247,3.08166300341162,39.9413485796385,587.275115,140.045736998108,3230.04507,988.627097564383,9.85887197360222,0,4.89098681064964
"123",1975.20273972603,125.559489244604,2145.27062194191,0,48.3992668153828,1944.24505940658,17201.3275147129,950.845398316174,20.0194890530247,3.08166300341162,39.9413485796385,622.275115,140.045736998108,3320.04507,988.627097564383,12.2991463193808,0,4.7409372871332
"124",1975.20273972603,125.559489244604,2145.27062194191,0,48.3992668153828,1944.24505940658,17201.3275147129,950.845398316174,20.0194890530247,3.08166300341162,39.9413485796385,622.275115,140.045736998108,3320.04507,988.627097564383,12.2991463193808,0,4.7409372871332
"125",1975.20273972603,125.559489244604,2145.27062194191,0,48.3992668153828,1944.24505940658,17201.3275147129,950.845398316174,20.0194890530247,3.08166300341162,39.9413485796385,622.275115,140.045736998108,3320.04507,988.627097564383,12.2991463193808,0,4.7409372871332
"126",1975.20273972603,125.559489244604,2145.27062194191,0,48.3992668153828,1944.24505940658,17201.3275147129,950.845398316174,20.0194890530247,3.08166300341162,39.9413485796385,622.275115,140.045736998108,3320.04507,988.627097564383,12.2991463193808,0,4.7409372871332
"127",1975.20273972603,125.559489244604,2145.27062194191,0,48.3992668153828,1944.24505940658,17201.3275147129,950.845398316174,20.0194890530247,3.08166300341162,39.9413485796385,622.275115,140.045736998108,3320.04507,988.627097564383,12.2991463193808,0,4.7409372871332
"128",1975.20273972603,125.559489244604,2145.27062194191,0,48.3992668153828,1944.24505940658,17201.3275147129,950.845398316174,20.0194890530247,3.08166300341162,39.9413485796385,622.275115,140.045736998108,3320.04507,988.627097564383,12.2991463193808,0,4.7409372871332
"129",1976,105.040224745807,2177.80410280153,0,24.4256982733063,1863.9172130724,17361.9169035265,715.749208907814,98.5242822080284,15.0410151846641,194.775995508535,622.275115,152.005089179361,3320.04507,1143.46174449328,14.2685601928022,0,3.31796268436496
"130",1976,105.040224745807,2177.80410280153,0,24.4256982733063,1863.9172130724,17361.9169035265,715.749208907814,0,0,0,622.275115,152.005089179361,3320.04507,1143.46174449328,14.2685601928022,0,3.31796268436496
"131",1976,105.040224745807,2177.80410280153,0,24.4256982733063,1863.9172130724,17361.9169035265,715.749208907814,0,0,0,622.275115,152.005089179361,3320.04507,1143.46174449328,14.2685601928022,0,3.31796268436496
"132",1976.00273972603,104.98220873977,2177.87362642553,0,24.3660146390615,1863.85495804736,17362.3464550236,715.116703413955,0.384740872597265,0.0481760162811533,0.265209021776679,622.275115,152.053265195642,3320.04507,1143.72695351506,14.2699811908722,0,3.31201424288768
"133",1976.00273972603,104.98220873977,2183.11148842553,0,62.7770026390615,1863.85495804736,17362.3464550236,1181.53895341396,0.384740872597265,0.0481760162811533,0.265209021776679,665.923965,152.053265195642,3786.46732,1143.72695351506,11.2679646512133,0,6.73798975214457
"134",1976.00273972603,104.98220873977,2183.11148842553,0,62.7770026390615,1863.85495804736,17362.3464550236,1181.53895341396,0.384740872597265,0.0481760162811533,0.265209021776679,665.923965,152.053265195642,3786.46732,1143.72695351506,11.2679646512133,0,6.73798975214457
"135",1976.00273972603,104.98220873977,2183.11148842553,0,62.7770026390615,1863.85495804736,17362.3464550236,1181.53895341396,0.384740872597265,0.0481760162811533,0.265209021776679,665.923965,152.053265195642,3786.46732,1143.72695351506,11.2679646512133,0,6.73798975214457
"136",1976.00273972603,104.98220873977,2183.11148842553,0,62.7770026390615,1863.85495804736,17362.3464550236,1181.53895341396,0.384740872597265,0.0481760162811533,0.265209021776679,665.923965,152.053265195642,3786.46732,1143.72695351506,11.2679646512133,0,6.73798975214457
"137",1976.00273972603,104.98220873977,2183.11148842553,0,62.7770026390615,1863.85495804736,17362.3464550236,1181.53895341396,0.384740872597265,0.0481760162811533,0.265209021776679,665.923965,152.053265195642,3786.46732,1143.72695351506,11.2679646512133,0,6.73798975214457
"138",1976.20273972603,101.622291796093,2192.88578133883,0,52.7614357887582,1861.56674986388,17417.9363153637,1108.87704266906,28.4708245701003,3.6493668969565,19.6254676100285,665.923965,155.654456076317,3786.46732,1163.08721210331,11.8523265441916,0,6.15362785916627
"139",1976.20273972603,129.622291796093,2199.88578133883,0,52.7614357887582,1951.56674986388,17417.9363153637,1108.87704266906,28.4708245701003,3.6493668969565,19.6254676100285,700.923965,155.654456076317,3876.46732,1163.08721210331,12.7970466808962,0,5.20890772246167
"140",1976.20273972603,129.622291796093,2199.88578133883,0,52.7614357887582,1951.56674986388,17417.9363153637,1108.87704266906,28.4708245701003,3.6493668969565,19.6254676100285,700.923965,155.654456076317,3876.46732,1163.08721210331,12.7970466808962,0,5.20890772246167
"141",1976.20273972603,129.622291796093,2199.88578133883,0,52.7614357887582,1951.56674986388,17417.9363153637,1108.87704266906,28.4708245701003,3.6493668969565,19.6254676100285,700.923965,155.654456076317,3876.46732,1163.08721210331,12.7970466808962,0,5.20890772246167
"142",1976.20273972603,129.622291796093,2199.88578133883,0,52.7614357887582,1951.56674986388,17417.9363153637,1108.87704266906,28.4708245701003,3.6493668969565,19.6254676100285,700.923965,155.654456076317,3876.46732,1163.08721210331,12.7970466808962,0,5.20890772246167
"143",1976.20273972603,129.622291796093,2199.88578133883,0,52.7614357887582,1951.56674986388,17417.9363153637,1108.87704266906,28.4708245701003,3.6493668969565,19.6254676100285,700.923965,155.654456076317,3876.46732,1163.08721210331,12.7970466808962,0,5.20890772246167
"144",1976.20273972603,129.622291796093,2199.88578133883,0,52.7614357887582,1951.56674986388,17417.9363153637,1108.87704266906,28.4708245701003,3.6493668969565,19.6254676100285,700.923965,155.654456076317,3876.46732,1163.08721210331,12.7970466808962,0,5.20890772246167
"145",1977,107.023330572335,2234.6346304408,0,26.2920308183231,1925.36104573524,17615.5425772989,860.300564213346,140.430544483169,17.9688839891835,96.801388259246,700.923965,169.973973168544,3876.46732,1240.26313275253,16.4719404660112,0,4.04660146581068
"146",1977,107.023330572335,2234.6346304408,0,26.2920308183231,1925.36104573524,17615.5425772989,860.300564213346,0,0,0,700.923965,169.973973168544,3876.46732,1240.26313275253,16.4719404660112,0,4.04660146581068
"147",1977,107.023330572335,2234.6346304408,0,26.2920308183231,1925.36104573524,17615.5425772989,860.300564213346,0,0,0,700.923965,169.973973168544,3876.46732,1240.26313275253,16.4719404660112,0,4.04660146581068
"148",1977.00273972603,106.960372065922,2234.70693679123,0,26.2264909673524,1925.23225423003,17616.1098150529,859.524509700654,0.480617476224948,0.0561920069477446,0.337608263944805,700.923965,170.030165175492,3876.46732,1240.60074101647,16.4645300324537,0,4.03707316866583
"149",1977.00273972603,106.960372065922,2240.00571559124,0,65.0842021673524,1925.23225423003,17616.1098150529,1243.35830970065,0.480617476224948,0.0561920069477446,0.337608263944805,745.080455,170.030165175492,4260.30112,1240.60074101647,15.7574539932105,0,9.58823629282808
"150",1977.00273972603,106.960372065922,2240.00571559124,0,65.0842021673524,1925.23225423003,17616.1098150529,1243.35830970065,0.480617476224948,0.0561920069477446,0.337608263944805,745.080455,170.030165175492,4260.30112,1240.60074101647,15.7574539932105,0,9.58823629282808
"151",1977.00273972603,106.960372065922,2240.00571559124,0,65.0842021673524,1925.23225423003,17616.1098150529,1243.35830970065,0.480617476224948,0.0561920069477446,0.337608263944805,745.080455,170.030165175492,4260.30112,1240.60074101647,15.7574539932105,0,9.58823629282808
"152",1977.00273972603,106.960372065922,2240.00571559124,0,65.0842021673524,1925.23225423003,17616.1098150529,1243.35830970065,0.480617476224948,0.0561920069477446,0.337608263944805,745.080455,170.030165175492,4260.30112,1240.60074101647,15.7574539932105,0,9.58823629282808
"153",1977.00273972603,106.960372065922,2240.00571559124,0,65.0842021673524,1925.23225423003,17616.1098150529,1243.35830970065,0.480617476224948,0.0561920069477446,0.337608263944805,745.080455,170.030165175492,4260.30112,1240.60074101647,15.7574539932105,0,9.58823629282808
"154",1977.20273972603,102.929543759564,2249.9328301739,0,54.3008609899525,1916.46189874533,17676.6412850332,1164.16205608221,35.9880325840324,4.94324690804045,27.7727473867818,745.080455,174.917220076584,4260.30112,1268.03588013931,15.4264680057618,0,8.13829017549676
"155",1977.20273972603,130.929543759564,2256.9328301739,0,54.3008609899525,2006.46189874533,17676.6412850332,1164.16205608221,35.9880325840324,4.94324690804045,27.7727473867818,780.080455,174.917220076584,4350.30112,1268.03588013931,18.9877646361619,0,7.87486107727959
"156",1977.20273972603,130.929543759564,2256.9328301739,0,54.3008609899525,2006.46189874533,17676.6412850332,1164.16205608221,35.9880325840324,4.94324690804045,27.7727473867818,780.080455,174.917220076584,4350.30112,1268.03588013931,18.9877646361619,0,7.87486107727959
"157",1977.20273972603,130.929543759564,2256.9328301739,0,54.3008609899525,2006.46189874533,17676.6412850332,1164.16205608221,35.9880325840324,4.94324690804045,27.7727473867818,780.080455,174.917220076584,4350.30112,1268.03588013931,18.9877646361619,0,7.87486107727959
"158",1977.20273972603,130.929543759564,2256.9328301739,0,54.3008609899525,2006.46189874533,17676.6412850332,1164.16205608221,35.9880325840324,4.94324690804045,27.7727473867818,780.080455,174.917220076584,4350.30112,1268.03588013931,18.9877646361619,0,7.87486107727959
"159",1977.20273972603,130.929543759564,2256.9328301739,0,54.3008609899525,2006.46189874533,17676.6412850332,1164.16205608221,35.9880325840324,4.94324690804045,27.7727473867818,780.080455,174.917220076584,4350.30112,1268.03588013931,18.9877646361619,0,7.87486107727959
"160",1977.20273972603,130.929543759564,2256.9328301739,0,54.3008609899525,2006.46189874533,17676.6412850332,1164.16205608221,35.9880325840324,4.94324690804045,27.7727473867818,780.080455,174.917220076584,4350.30112,1268.03588013931,18.9877646361619,0,7.87486107727959
"161",1978,106.601037942568,2290.58476099547,0,26.3459495749245,1958.5095666873,17887.0470495192,895.087138760472,177.075878117631,23.5747333184949,134.39423228049,780.080455,193.548706487039,4350.30112,1374.65736503302,10.9649849689853,0,2.70994491853194
"162",1978,106.601037942568,2290.58476099547,0,26.3459495749245,1958.5095666873,17887.0470495192,895.087138760472,0,0,0,780.080455,193.548706487039,4350.30112,1374.65736503302,10.9649849689853,0,2.70994491853194
"163",1978,106.601037942568,2290.58476099547,0,26.3459495749245,1958.5095666873,17887.0470495192,895.087138760472,0,0,0,780.080455,193.548706487039,4350.30112,1374.65736503302,10.9649849689853,0,2.70994491853194
"164",1978.00273972603,106.559124885882,2290.65121934083,0,26.2839516917806,1958.28832310122,17887.6425024014,894.239806775528,0.275041574310394,0.0374525944725807,0.473122688855276,780.080455,193.586159081512,4350.30112,1375.13048772187,10.9616490575375,0,2.70380837491976
"165",1978.00273972603,106.559124885882,2295.94441214083,0,65.1006988917806,1958.28832310122,17887.6425024014,1265.14460677553,0.275041574310394,0.0374525944725807,0.473122688855276,824.190395,193.586159081512,4721.20592,1375.13048772187,10.5503324706422,0,6.44556736098393
"166",1978.00273972603,106.559124885882,2295.94441214083,0,65.1006988917806,1958.28832310122,17887.6425024014,1265.14460677553,0.275041574310394,0.0374525944725807,0.473122688855276,824.190395,193.586159081512,4721.20592,1375.13048772187,10.5503324706422,0,6.44556736098393
"167",1978.00273972603,106.559124885882,2295.94441214083,0,65.1006988917806,1958.28832310122,17887.6425024014,1265.14460677553,0.275041574310394,0.0374525944725807,0.473122688855276,824.190395,193.586159081512,4721.20592,1375.13048772187,10.5503324706422,0,6.44556736098393
"168",1978.00273972603,106.559124885882,2295.94441214083,0,65.1006988917806,1958.28832310122,17887.6425024014,1265.14460677553,0.275041574310394,0.0374525944725807,0.473122688855276,824.190395,193.586159081512,4721.20592,1375.13048772187,10.5503324706422,0,6.44556736098393
"169",1978.00273972603,106.559124885882,2295.94441214083,0,65.1006988917806,1958.28832310122,17887.6425024014,1265.14460677553,0.275041574310394,0.0374525944725807,0.473122688855276,824.190395,193.586159081512,4721.20592,1375.13048772187,10.5503324706422,0,6.44556736098393
"170",1978.20273972603,103.87593115013,2305.58913903241,0,54.8486247406907,1940.14418721495,17949.0004386273,1178.90261967232,20.941588058711,3.3279935897368,43.5013094524599,824.190395,196.876700076776,4721.20592,1418.15867448548,10.4268364094429,0,5.50558373938952
"171",1978.20273972603,131.87593115013,2312.58913903241,0,54.8486247406907,2030.14418721495,17949.0004386273,1178.90261967232,20.941588058711,3.3279935897368,43.5013094524599,859.190395,196.876700076776,4811.20592,1418.15867448548,12.8370018007449,0,5.33904775817714
"172",1978.20273972603,131.87593115013,2312.58913903241,0,54.8486247406907,2030.14418721495,17949.0004386273,1178.90261967232,20.941588058711,3.3279935897368,43.5013094524599,859.190395,196.876700076776,4811.20592,1418.15867448548,12.8370018007449,0,5.33904775817714
"173",1978.20273972603,131.87593115013,2312.58913903241,0,54.8486247406907,2030.14418721495,17949.0004386273,1178.90261967232,20.941588058711,3.3279935897368,43.5013094524599,859.190395,196.876700076776,4811.20592,1418.15867448548,12.8370018007449,0,5.33904775817714
"174",1978.20273972603,131.87593115013,2312.58913903241,0,54.8486247406907,2030.14418721495,17949.0004386273,1178.90261967232,20.941588058711,3.3279935897368,43.5013094524599,859.190395,196.876700076776,4811.20592,1418.15867448548,12.8370018007449,0,5.33904775817714
"175",1978.20273972603,131.87593115013,2312.58913903241,0,54.8486247406907,2030.14418721495,17949.0004386273,1178.90261967232,20.941588058711,3.3279935897368,43.5013094524599,859.190395,196.876700076776,4811.20592,1418.15867448548,12.8370018007449,0,5.33904775817714
"176",1978.20273972603,131.87593115013,2312.58913903241,0,54.8486247406907,2030.14418721495,17949.0004386273,1178.90261967232,20.941588058711,3.3279935897368,43.5013094524599,859.190395,196.876700076776,4811.20592,1418.15867448548,12.8370018007449,0,5.33904775817714
"177",1979,111.507873910742,2347.33059053222,0,27.6914771672036,1948.99191704801,18153.8031496244,888.738665833469,102.965202126376,16.1117469028026,210.014822461089,859.190395,209.660453389842,4811.20592,1584.67218749411,11.0524412627055,0,2.74472478161547
"178",1979,111.507873910742,2347.33059053222,0,27.6914771672036,1948.99191704801,18153.8031496244,888.738665833469,0,0,0,859.190395,209.660453389842,4811.20592,1584.67218749411,11.0524412627055,0,2.74472478161547
"179",1979,111.507873910742,2347.33059053222,0,27.6914771672036,1948.99191704801,18153.8031496244,888.738665833469,0,0,0,859.190395,209.660453389842,4811.20592,1584.67218749411,11.0524412627055,0,2.74472478161547
"180",1979.00273972603,111.46073123087,2347.40482631766,0,27.6265959731095,1948.78668765318,18154.3618527456,887.889438240536,0.232742409194999,0.0377880885228932,0.495753866632416,859.190395,209.698241478365,4811.20592,1585.16794136074,11.0494279327109,0,2.7387051732032
"181",1979.00273972603,111.46073123087,2350.98089951766,0,53.8511327731095,1948.78668765318,18154.3618527456,1173.11423824054,0.232742409194999,0.0377880885228932,0.495753866632416,888.991005,209.698241478365,5096.43072,1585.16794136074,10.6434053243954,0,5.1422543792113
"182",1979.00273972603,111.46073123087,2350.98089951766,0,53.8511327731095,1948.78668765318,18154.3618527456,1173.11423824054,0.232742409194999,0.0377880885228932,0.495753866632416,888.991005,209.698241478365,5096.43072,1585.16794136074,10.6434053243954,0,5.1422543792113
"183",1979.00273972603,111.46073123087,2350.98089951766,0,53.8511327731095,1948.78668765318,18154.3618527456,1173.11423824054,0.232742409194999,0.0377880885228932,0.495753866632416,888.991005,209.698241478365,5096.43072,1585.16794136074,10.6434053243954,0,5.1422543792113
"184",1979.00273972603,111.46073123087,2350.98089951766,0,53.8511327731095,1948.78668765318,18154.3618527456,1173.11423824054,0.232742409194999,0.0377880885228932,0.495753866632416,888.991005,209.698241478365,5096.43072,1585.16794136074,10.6434053243954,0,5.1422543792113
"185",1979.00273972603,111.46073123087,2350.98089951766,0,53.8511327731095,1948.78668765318,18154.3618527456,1173.11423824054,0.232742409194999,0.0377880885228932,0.495753866632416,888.991005,209.698241478365,5096.43072,1585.16794136074,10.6434053243954,0,5.1422543792113
"186",1979.20273972603,108.407156191112,2359.41349313557,0,45.4013694228176,1933.39080798506,18208.453319975,1093.38738826924,17.4094723090686,3.10853286066576,41.5270162766508,888.991005,212.768986250507,5096.43072,1626.19920377076,10.5288651676605,0,4.40953267178484
"187",1979.20273972603,136.407156191112,2366.41349313557,0,45.4013694228176,2023.39080798506,18208.453319975,1093.38738826924,17.4094723090686,3.10853286066576,41.5270162766508,923.991005,212.768986250507,5186.43072,1626.19920377076,12.6960259949826,0,4.22570913795985
"188",1979.20273972603,136.407156191112,2366.41349313557,0,45.4013694228176,2023.39080798506,18208.453319975,1093.38738826924,17.4094723090686,3.10853286066576,41.5270162766508,923.991005,212.768986250507,5186.43072,1626.19920377076,12.6960259949826,0,4.22570913795985
"189",1979.20273972603,136.407156191112,2366.41349313557,0,45.4013694228176,2023.39080798506,18208.453319975,1093.38738826924,17.4094723090686,3.10853286066576,41.5270162766508,923.991005,212.768986250507,5186.43072,1626.19920377076,12.6960259949826,0,4.22570913795985
"190",1979.20273972603,136.407156191112,2366.41349313557,0,45.4013694228176,2023.39080798506,18208.453319975,1093.38738826924,17.4094723090686,3.10853286066576,41.5270162766508,923.991005,212.768986250507,5186.43072,1626.19920377076,12.6960259949826,0,4.22570913795985
"191",1979.20273972603,136.407156191112,2366.41349313557,0,45.4013694228176,2023.39080798506,18208.453319975,1093.38738826924,17.4094723090686,3.10853286066576,41.5270162766508,923.991005,212.768986250507,5186.43072,1626.19920377076,12.6960259949826,0,4.22570913795985
"192",1979.20273972603,136.407156191112,2366.41349313557,0,45.4013694228176,2023.39080798506,18208.453319975,1093.38738826924,17.4094723090686,3.10853286066576,41.5270162766508,923.991005,212.768986250507,5186.43072,1626.19920377076,12.6960259949826,0,4.22570913795985
"193",1980,115.047372366331,2398.08079602991,0,22.98772029726,1951.62597320736,18389.9298587345,825.360411697253,85.7678287330972,15.2146629166564,199.842288866796,923.991005,224.875116306498,5186.43072,1784.5144763609,17.3590010679275,0,3.46851781993535
"194",1980,115.047372366331,2398.08079602991,0,22.98772029726,1951.62597320736,18389.9298587345,825.360411697253,0,0,0,923.991005,224.875116306498,5186.43072,1784.5144763609,17.3590010679275,0,3.46851781993535
"195",1980,115.047372366331,2398.08079602991,0,22.98772029726,1951.62597320736,18389.9298587345,825.360411697253,0,0,0,923.991005,224.875116306498,5186.43072,1784.5144763609,17.3590010679275,0,3.46851781993535
"196",1980.00273972603,114.980270873213,2398.14797024265,0,22.9306071149272,1951.54183611475,18390.419631607,824.614887480198,0.442086952379531,0.0570404627122384,0.339888437143435,923.991005,224.93215676921,5186.43072,1784.85436479805,17.3515444015186,0,3.46043233753705
"197",1980.00273972603,114.980270873213,2402.33847824265,0,53.6609991149272,1951.54183611475,18390.419631607,1176.8604874802,0.442086952379531,0.0570404627122384,0.339888437143435,958.911905,224.93215676921,5538.67632,1784.85436479805,16.6810428481359,0,7.78500014578081
"198",1980.00273972603,114.980270873213,2402.33847824265,0,53.6609991149272,1951.54183611475,18390.419631607,1176.8604874802,0.442086952379531,0.0570404627122384,0.339888437143435,958.911905,224.93215676921,5538.67632,1784.85436479805,16.6810428481359,0,7.78500014578081
"199",1980.00273972603,114.980270873213,2402.33847824265,0,53.6609991149272,1951.54183611475,18390.419631607,1176.8604874802,0.442086952379531,0.0570404627122384,0.339888437143435,958.911905,224.93215676921,5538.67632,1784.85436479805,16.6810428481359,0,7.78500014578081
"200",1980.00273972603,114.980270873213,2402.33847824265,0,53.6609991149272,1951.54183611475,18390.419631607,1176.8604874802,0.442086952379531,0.0570404627122384,0.339888437143435,958.911905,224.93215676921,5538.67632,1784.85436479805,16.6810428481359,0,7.78500014578081
"201",1980.00273972603,114.980270873213,2402.33847824265,0,53.6609991149272,1951.54183611475,18390.419631607,1176.8604874802,0.442086952379531,0.0570404627122384,0.339888437143435,958.911905,224.93215676921,5538.67632,1784.85436479805,16.6810428481359,0,7.78500014578081
"202",1980.20273972603,110.652336350331,2410.79927824781,0,44.7905220099565,1947.04933833568,18443.7835364541,1102.47331270604,32.9504018354723,4.79465208540646,25.8556561432911,958.911905,229.669768391905,5538.67632,1810.37013250419,16.3324884233067,0,6.61116345420294
"203",1980.20273972603,138.652336350331,2417.79927824781,0,44.7905220099565,2037.04933833568,18443.7835364541,1102.47331270604,32.9504018354723,4.79465208540646,25.8556561432911,993.911905,229.669768391905,5628.67632,1810.37013250419,19.7190891414743,0,6.37009313695127
"204",1980.20273972603,138.652336350331,2417.79927824781,0,44.7905220099565,2037.04933833568,18443.7835364541,1102.47331270604,32.9504018354723,4.79465208540646,25.8556561432911,993.911905,229.669768391905,5628.67632,1810.37013250419,19.7190891414743,0,6.37009313695127
"205",1980.20273972603,138.652336350331,2417.79927824781,0,44.7905220099565,2037.04933833568,18443.7835364541,1102.47331270604,32.9504018354723,4.79465208540646,25.8556561432911,993.911905,229.669768391905,5628.67632,1810.37013250419,19.7190891414743,0,6.37009313695127
"206",1980.20273972603,138.652336350331,2417.79927824781,0,44.7905220099565,2037.04933833568,18443.7835364541,1102.47331270604,32.9504018354723,4.79465208540646,25.8556561432911,993.911905,229.669768391905,5628.67632,1810.37013250419,19.7190891414743,0,6.37009313695127
"207",1980.20273972603,138.652336350331,2417.79927824781,0,44.7905220099565,2037.04933833568,18443.7835364541,1102.47331270604,32.9504018354723,4.79465208540646,25.8556561432911,993.911905,229.669768391905,5628.67632,1810.37013250419,19.7190891414743,0,6.37009313695127
"208",1980.20273972603,138.652336350331,2417.79927824781,0,44.7905220099565,2037.04933833568,18443.7835364541,1102.47331270604,32.9504018354723,4.79465208540646,25.8556561432911,993.911905,229.669768391905,5628.67632,1810.37013250419,19.7190891414743,0,6.37009313695127
"209",1981,113.531433993318,2447.56843123305,0,21.7783185025888,2002.59243020108,18630.6650715274,849.09896010852,162.302458736058,23.1586049645494,126.805381802125,993.911905,248.033721271048,5628.67632,1911.31985816303,0,0,0
"210",1982,110.680514804443,2461.98271992122,0,10.2148634065318,2048.68509910423,18795.2397010398,638.431126275341,162.303130710128,23.1586905613097,126.805917219716,993.911905,248.033806867808,5628.67632,1911.32039358062,11.3062168873938,0,1.04346696754535
"211",1982,110.680514804443,2461.98271992122,0,10.2148634065318,2048.68509910423,18795.2397010398,638.431126275341,0,0,0,993.911905,248.033806867808,5628.67632,1911.32039358062,11.3062168873938,0,1.04346696754535
"212",1982,110.680514804443,2461.98271992122,0,10.2148634065318,2048.68509910423,18795.2397010398,638.431126275341,0,0,0,993.911905,248.033806867808,5628.67632,1911.32039358062,11.3062168873938,0,1.04346696754535
"213",1982.00273972603,110.644849202006,2462.00857608664,0,10.1908453575622,2048.4735641304,18795.6222583603,637.83055172464,0.239033399590437,0.0338274859829119,0.429552204070902,993.911905,248.067634353791,5628.67632,1911.74994578469,11.3032951565788,0,1.0410799400275
"214",1982.00273972603,110.644849202006,2468.91652608664,0,60.8491453575622,2048.4735641304,18795.6222583603,1048.11805172464,0.239033399590437,0.0338274859829119,0.429552204070902,1051.478155,248.067634353791,6038.96382,1911.74994578469,10.6034158349628,0,5.83134954841285
"215",1982.00273972603,110.644849202006,2468.91652608664,0,60.8491453575622,2048.4735641304,18795.6222583603,1048.11805172464,0.239033399590437,0.0338274859829119,0.429552204070902,1051.478155,248.067634353791,6038.96382,1911.74994578469,10.6034158349628,0,5.83134954841285
"216",1982.00273972603,110.644849202006,2468.91652608664,0,60.8491453575622,2048.4735641304,18795.6222583603,1048.11805172464,0.239033399590437,0.0338274859829119,0.429552204070902,1051.478155,248.067634353791,6038.96382,1911.74994578469,10.6034158349628,0,5.83134954841285
"217",1982.00273972603,110.644849202006,2468.91652608664,0,60.8491453575622,2048.4735641304,18795.6222583603,1048.11805172464,0.239033399590437,0.0338274859829119,0.429552204070902,1051.478155,248.067634353791,6038.96382,1911.74994578469,10.6034158349628,0,5.83134954841285
"218",1982.00273972603,110.644849202006,2468.91652608664,0,60.8491453575622,2048.4735641304,18795.6222583603,1048.11805172464,0.239033399590437,0.0338274859829119,0.429552204070902,1051.478155,248.067634353791,6038.96382,1911.74994578469,10.6034158349628,0,5.83134954841285
"219",1982.20273972603,108.436209418654,2477.47856390934,0,51.2980781787737,2028.99679509724,18844.1165068725,976.182232788272,18.2780906481616,3.2314966254321,43.3478916614379,1051.478155,251.26530349324,6038.96382,1954.66828524206,10.5625528141523,0,4.99684250245105
"220",1982.20273972603,136.436209418654,2484.47856390934,0,51.2980781787737,2118.99679509724,18844.1165068725,976.182232788272,18.2780906481616,3.2314966254321,43.3478916614379,1086.478155,251.26530349324,6128.96382,1954.66828524206,12.7689809414913,0,4.80095559229406
"221",1982.20273972603,136.436209418654,2484.47856390934,0,51.2980781787737,2118.99679509724,18844.1165068725,976.182232788272,18.2780906481616,3.2314966254321,43.3478916614379,1086.478155,251.26530349324,6128.96382,1954.66828524206,12.7689809414913,0,4.80095559229406
"222",1982.20273972603,136.436209418654,2484.47856390934,0,51.2980781787737,2118.99679509724,18844.1165068725,976.182232788272,18.2780906481616,3.2314966254321,43.3478916614379,1086.478155,251.26530349324,6128.96382,1954.66828524206,12.7689809414913,0,4.80095559229406
"223",1982.20273972603,136.436209418654,2484.47856390934,0,51.2980781787737,2118.99679509724,18844.1165068725,976.182232788272,18.2780906481616,3.2314966254321,43.3478916614379,1086.478155,251.26530349324,6128.96382,1954.66828524206,12.7689809414913,0,4.80095559229406
"224",1982.20273972603,136.436209418654,2484.47856390934,0,51.2980781787737,2118.99679509724,18844.1165068725,976.182232788272,18.2780906481616,3.2314966254321,43.3478916614379,1086.478155,251.26530349324,6128.96382,1954.66828524206,12.7689809414913,0,4.80095559229406
"225",1982.20273972603,136.436209418654,2484.47856390934,0,51.2980781787737,2118.99679509724,18844.1165068725,976.182232788272,18.2780906481616,3.2314966254321,43.3478916614379,1086.478155,251.26530349324,6128.96382,1954.66828524206,12.7689809414913,0,4.80095559229406
"226",1983,117.314444211616,2516.35159052725,0,25.9657533813237,2033.51298983944,19005.5243463285,734.923330840518,90.0528227150972,15.812560012004,208.682759410917,1086.478155,263.846366879812,6128.96382,2120.00315299154,17.268975177215,0,3.82222286107346
"227",1983,117.314444211616,2516.35159052725,0,25.9657533813237,2033.51298983944,19005.5243463285,734.923330840518,0,0,0,1086.478155,263.846366879812,6128.96382,2120.00315299154,17.268975177215,0,3.82222286107346
"228",1983,117.314444211616,2516.35159052725,0,25.9657533813237,2033.51298983944,19005.5243463285,734.923330840518,0,0,0,1086.478155,263.846366879812,6128.96382,2120.00315299154,17.268975177215,0,3.82222286107346
"229",1983.00273972603,117.253679327889,2516.41884218813,0,25.9015025067771,2033.42727865415,19005.9512570736,734.265348683697,0.404864429592585,0.057764097398347,0.31678259706064,1086.478155,263.90413097721,6128.96382,2120.3199355886,17.2631084447483,0,3.81344491038124
"230",1983.00273972603,117.253679327889,2521.58927318813,0,63.8179965067771,2033.42727865415,19005.9512570736,1083.3056486837,0.404864429592585,0.057764097398347,0.31678259706064,1129.56508,263.90413097721,6478.00412,2120.3199355886,16.3166770085654,0,8.88072461609453
"231",1983.00273972603,117.253679327889,2521.58927318813,0,63.8179965067771,2033.42727865415,19005.9512570736,1083.3056486837,0.404864429592585,0.057764097398347,0.31678259706064,1129.56508,263.90413097721,6478.00412,2120.3199355886,16.3166770085654,0,8.88072461609453
"232",1983.00273972603,117.253679327889,2521.58927318813,0,63.8179965067771,2033.42727865415,19005.9512570736,1083.3056486837,0.404864429592585,0.057764097398347,0.31678259706064,1129.56508,263.90413097721,6478.00412,2120.3199355886,16.3166770085654,0,8.88072461609453
"233",1983.00273972603,117.253679327889,2521.58927318813,0,63.8179965067771,2033.42727865415,19005.9512570736,1083.3056486837,0.404864429592585,0.057764097398347,0.31678259706064,1129.56508,263.90413097721,6478.00412,2120.3199355886,16.3166770085654,0,8.88072461609453
"234",1983.00273972603,117.253679327889,2521.58927318813,0,63.8179965067771,2033.42727865415,19005.9512570736,1083.3056486837,0.404864429592585,0.057764097398347,0.31678259706064,1129.56508,263.90413097721,6478.00412,2120.3199355886,16.3166770085654,0,8.88072461609453
"235",1983.20273972603,113.399128040784,2531.0448917095,0,53.3286011969129,2028.99922658046,19054.7533232352,1015.49431206169,30.1346783734844,4.94609217299676,23.7541051311587,1129.56508,268.792459052808,6478.00412,2143.75725812269,16.1290855334663,0,7.58508098735794
"236",1983.20273972603,141.399128040784,2538.0448917095,0,53.3286011969129,2118.99922658046,19054.7533232352,1015.49431206169,30.1346783734844,4.94609217299676,23.7541051311587,1164.56508,268.792459052808,6568.00412,2143.75725812269,19.2600035328971,0,7.263899443289
"237",1983.20273972603,141.399128040784,2538.0448917095,0,53.3286011969129,2118.99922658046,19054.7533232352,1015.49431206169,30.1346783734844,4.94609217299676,23.7541051311587,1164.56508,268.792459052808,6568.00412,2143.75725812269,19.2600035328971,0,7.263899443289
"238",1983.20273972603,141.399128040784,2538.0448917095,0,53.3286011969129,2118.99922658046,19054.7533232352,1015.49431206169,30.1346783734844,4.94609217299676,23.7541051311587,1164.56508,268.792459052808,6568.00412,2143.75725812269,19.2600035328971,0,7.263899443289
"239",1983.20273972603,141.399128040784,2538.0448917095,0,53.3286011969129,2118.99922658046,19054.7533232352,1015.49431206169,30.1346783734844,4.94609217299676,23.7541051311587,1164.56508,268.792459052808,6568.00412,2143.75725812269,19.2600035328971,0,7.263899443289
"240",1983.20273972603,141.399128040784,2538.0448917095,0,53.3286011969129,2118.99922658046,19054.7533232352,1015.49431206169,30.1346783734844,4.94609217299676,23.7541051311587,1164.56508,268.792459052808,6568.00412,2143.75725812269,19.2600035328971,0,7.263899443289
"241",1983.20273972603,141.399128040784,2538.0448917095,0,53.3286011969129,2118.99922658046,19054.7533232352,1015.49431206169,30.1346783734844,4.94609217299676,23.7541051311587,1164.56508,268.792459052808,6568.00412,2143.75725812269,19.2600035328971,0,7.263899443289
"242",1984,117.529437885779,2570.38938934985,0,26.034120173876,2084.7127929316,19227.1211133728,784.189087525239,148.471609407758,23.7657657106898,116.977973178815,1164.56508,287.612132590501,6568.00412,2236.98112617035,0,0,0
"243",1985,115.448859338968,2586.29307730963,0,12.2110012300442,2127.52476540159,19378.8722007321,589.625913602645,148.471669037961,23.7657752415462,116.978087272128,1164.56508,287.612142121358,6568.00412,2236.98124026366,11.4194046422029,0,1.20782799354385
"244",1985,115.448859338968,2586.29307730963,0,12.2110012300442,2127.52476540159,19378.8722007321,589.625913602645,0,0,0,1164.56508,287.612142121358,6568.00412,2236.98124026366,11.4194046422029,0,1.20782799354385
"245",1985,115.448859338968,2586.29307730963,0,12.2110012300442,2127.52476540159,19378.8722007321,589.625913602645,0,0,0,1164.56508,287.612142121358,6568.00412,2236.98124026366,11.4194046422029,0,1.20782799354385
"246",1985.00273972603,115.41434394476,2586.32160794537,0,12.1823977451731,2127.27692592419,19379.2249266157,589.066980464496,0.21185952411241,0.0345882433450423,0.454046731980616,1164.56508,287.646730364703,6568.00412,2237.43528699565,11.4170674905185,0,1.2051124019693
"247",1985.00273972603,115.41434394476,2591.63927834537,0,51.1786473451731,2127.27692592419,19379.2249266157,968.466980464496,0.21185952411241,0.0345882433450423,0.454046731980616,1208.879,287.646730364703,6947.40412,2237.43528699565,10.7082345518315,0,4.74839557273648
"248",1985.00273972603,115.41434394476,2591.63927834537,0,51.1786473451731,2127.27692592419,19379.2249266157,968.466980464496,0.21185952411241,0.0345882433450423,0.454046731980616,1208.879,287.646730364703,6947.40412,2237.43528699565,10.7082345518315,0,4.74839557273648
"249",1985.00273972603,115.41434394476,2591.63927834537,0,51.1786473451731,2127.27692592419,19379.2249266157,968.466980464496,0.21185952411241,0.0345882433450423,0.454046731980616,1208.879,287.646730364703,6947.40412,2237.43528699565,10.7082345518315,0,4.74839557273648
"250",1985.00273972603,115.41434394476,2591.63927834537,0,51.1786473451731,2127.27692592419,19379.2249266157,968.466980464496,0.21185952411241,0.0345882433450423,0.454046731980616,1208.879,287.646730364703,6947.40412,2237.43528699565,10.7082345518315,0,4.74839557273648
"251",1985.00273972603,115.41434394476,2591.63927834537,0,51.1786473451731,2127.27692592419,19379.2249266157,968.466980464496,0.21185952411241,0.0345882433450423,0.454046731980616,1208.879,287.646730364703,6947.40412,2237.43528699565,10.7082345518315,0,4.74839557273648
"252",1985.20273972603,113.26778751238,2598.77114695691,0,43.1715507925461,2109.89118289083,19424.0679640568,903.659066485007,15.9220358606349,3.0563726168075,37.8046663036983,1208.879,290.668514738165,6947.40412,2274.78590656736,10.696927613735,0,4.07708991181696
"253",1985.20273972603,141.26778751238,2605.77114695691,0,43.1715507925461,2199.89118289083,19424.0679640568,903.659066485007,15.9220358606349,3.0563726168075,37.8046663036983,1243.879,290.668514738165,7037.40412,2274.78590656736,12.6852464950115,0,3.87662164898963
"254",1985.20273972603,141.26778751238,2605.77114695691,0,43.1715507925461,2199.89118289083,19424.0679640568,903.659066485007,15.9220358606349,3.0563726168075,37.8046663036983,1243.879,290.668514738165,7037.40412,2274.78590656736,12.6852464950115,0,3.87662164898963
"255",1985.20273972603,141.26778751238,2605.77114695691,0,43.1715507925461,2199.89118289083,19424.0679640568,903.659066485007,15.9220358606349,3.0563726168075,37.8046663036983,1243.879,290.668514738165,7037.40412,2274.78590656736,12.6852464950115,0,3.87662164898963
"256",1985.20273972603,141.26778751238,2605.77114695691,0,43.1715507925461,2199.89118289083,19424.0679640568,903.659066485007,15.9220358606349,3.0563726168075,37.8046663036983,1243.879,290.668514738165,7037.40412,2274.78590656736,12.6852464950115,0,3.87662164898963
"257",1985.20273972603,141.26778751238,2605.77114695691,0,43.1715507925461,2199.89118289083,19424.0679640568,903.659066485007,15.9220358606349,3.0563726168075,37.8046663036983,1243.879,290.668514738165,7037.40412,2274.78590656736,12.6852464950115,0,3.87662164898963
"258",1985.20273972603,141.26778751238,2605.77114695691,0,43.1715507925461,2199.89118289083,19424.0679640568,903.659066485007,15.9220358606349,3.0563726168075,37.8046663036983,1243.879,290.668514738165,7037.40412,2274.78590656736,12.6852464950115,0,3.87662164898963
"259",1986,122.309154068774,2633.92391234813,0,21.9124962099366,2118.58597065522,19575.7418715293,684.399545896927,78.5228972949533,15.1212952517977,186.695491654892,1243.879,302.733437373155,7037.40412,2423.67673191856,19.1875380074575,0,3.43757470213563
"260",1986,122.309154068774,2633.92391234813,0,21.9124962099366,2118.58597065522,19575.7418715293,684.399545896927,0,0,0,1243.879,302.733437373155,7037.40412,2423.67673191856,19.1875380074575,0,3.43757470213563
"261",1986,122.309154068774,2633.92391234813,0,21.9124962099366,2118.58597065522,19575.7418715293,684.399545896927,0,0,0,1243.879,302.733437373155,7037.40412,2423.67673191856,19.1875380074575,0,3.43757470213563
"262",1986.00273972603,122.243518451256,2633.98238443642,0,21.8576959703468,2118.44677046857,19576.1436937779,683.77731342359,0.595438730151978,0.061963768817675,0.359610411422009,1243.879,302.795401141973,7037.40412,2424.03634232998,19.1791050249939,0,3.4293110336711
"263",1986.00273972603,122.243518451256,2638.34952343642,0,53.8833819703468,2118.44677046857,19576.1436937779,1059.95661342359,0.595438730151978,0.061963768817675,0.359610411422009,1280.271825,302.795401141973,7413.58342,2424.03634232998,18.6693382300234,0,8.22920589759591
"264",1986.00273972603,122.243518451256,2638.34952343642,0,53.8833819703468,2118.44677046857,19576.1436937779,1059.95661342359,0.595438730151978,0.061963768817675,0.359610411422009,1280.271825,302.795401141973,7413.58342,2424.03634232998,18.6693382300234,0,8.22920589759591
"265",1986.00273972603,122.243518451256,2638.34952343642,0,53.8833819703468,2118.44677046857,19576.1436937779,1059.95661342359,0.595438730151978,0.061963768817675,0.359610411422009,1280.271825,302.795401141973,7413.58342,2424.03634232998,18.6693382300234,0,8.22920589759591
"266",1986.00273972603,122.243518451256,2638.34952343642,0,53.8833819703468,2118.44677046857,19576.1436937779,1059.95661342359,0.595438730151978,0.061963768817675,0.359610411422009,1280.271825,302.795401141973,7413.58342,2424.03634232998,18.6693382300234,0,8.22920589759591
"267",1986.00273972603,122.243518451256,2638.34952343642,0,53.8833819703468,2118.44677046857,19576.1436937779,1059.95661342359,0.595438730151978,0.061963768817675,0.359610411422009,1280.271825,302.795401141973,7413.58342,2424.03634232998,18.6693382300234,0,8.22920589759591
"268",1986.20273972603,117.994061713738,2646.36952108975,0,44.9110061073428,2108.14005077412,19624.4680511168,991.549329615445,44.6118086630586,5.26379871601088,30.7492565751325,1280.271825,307.997236089166,7413.58342,2454.42598849369,18.2264374852201,0,6.93736306153884
"269",1986.20273972603,145.994061713738,2653.36952108975,0,44.9110061073428,2198.14005077412,19624.4680511168,991.549329615445,44.6118086630586,5.26379871601088,30.7492565751325,1315.271825,307.997236089166,7503.58342,2454.42598849369,22.006996479546,0,6.76983941466818
"270",1986.20273972603,145.994061713738,2653.36952108975,0,44.9110061073428,2198.14005077412,19624.4680511168,991.549329615445,44.6118086630586,5.26379871601088,30.7492565751325,1315.271825,307.997236089166,7503.58342,2454.42598849369,22.006996479546,0,6.76983941466818
"271",1986.20273972603,145.994061713738,2653.36952108975,0,44.9110061073428,2198.14005077412,19624.4680511168,991.549329615445,44.6118086630586,5.26379871601088,30.7492565751325,1315.271825,307.997236089166,7503.58342,2454.42598849369,22.006996479546,0,6.76983941466818
"272",1986.20273972603,145.994061713738,2653.36952108975,0,44.9110061073428,2198.14005077412,19624.4680511168,991.549329615445,44.6118086630586,5.26379871601088,30.7492565751325,1315.271825,307.997236089166,7503.58342,2454.42598849369,22.006996479546,0,6.76983941466818
"273",1986.20273972603,145.994061713738,2653.36952108975,0,44.9110061073428,2198.14005077412,19624.4680511168,991.549329615445,44.6118086630586,5.26379871601088,30.7492565751325,1315.271825,307.997236089166,7503.58342,2454.42598849369,22.006996479546,0,6.76983941466818
"274",1986.20273972603,145.994061713738,2653.36952108975,0,44.9110061073428,2198.14005077412,19624.4680511168,991.549329615445,44.6118086630586,5.26379871601088,30.7492565751325,1315.271825,307.997236089166,7503.58342,2454.42598849369,22.006996479546,0,6.76983941466818
"275",1987,121.035395090908,2681.37270359717,0,21.7164582686244,2145.65897110859,19791.7177977329,760.224097201235,219.567768022201,25.4138306701379,147.305822038717,1315.271825,328.147268043293,7503.58342,2570.98255395728,18.8324635610707,0,3.37896537382479
"276",1987,121.035395090908,2681.37270359717,0,21.7164582686244,2145.65897110859,19791.7177977329,760.224097201235,0,0,0,1315.271825,328.147268043293,7503.58342,2570.98255395728,18.8324635610707,0,3.37896537382479
"277",1987,121.035395090908,2681.37270359717,0,21.7164582686244,2145.65897110859,19791.7177977329,760.224097201235,0,0,0,1315.271825,328.147268043293,7503.58342,2570.98255395728,18.8324635610707,0,3.37896537382479
"278",1987.00273972603,120.977697104392,2681.42380298521,0,21.6622244125941,2145.52444556328,19792.1802599491,759.53631727017,0.554201021394568,0.0608324545062378,0.359843260248224,1315.271825,328.208100497799,7503.58342,2571.34239721752,18.8253778417459,0,3.37086561589848
"279",1987.00273972603,120.977697104392,2685.64921298521,0,52.6485644125941,2145.52444556328,19792.1802599491,1091.63871727017,0.554201021394568,0.0608324545062378,0.359843260248224,1350.483575,328.208100497799,7835.68582,2571.34239721752,18.2890254797426,0,7.95924338998552
"280",1987.00273972603,120.977697104392,2685.64921298521,0,52.6485644125941,2145.52444556328,19792.1802599491,1091.63871727017,0.554201021394568,0.0608324545062378,0.359843260248224,1350.483575,328.208100497799,7835.68582,2571.34239721752,18.2890254797426,0,7.95924338998552
"281",1987.00273972603,120.977697104392,2685.64921298521,0,52.6485644125941,2145.52444556328,19792.1802599491,1091.63871727017,0.554201021394568,0.0608324545062378,0.359843260248224,1350.483575,328.208100497799,7835.68582,2571.34239721752,18.2890254797426,0,7.95924338998552
"282",1987.00273972603,120.977697104392,2685.64921298521,0,52.6485644125941,2145.52444556328,19792.1802599491,1091.63871727017,0.554201021394568,0.0608324545062378,0.359843260248224,1350.483575,328.208100497799,7835.68582,2571.34239721752,18.2890254797426,0,7.95924338998552
"283",1987.00273972603,120.977697104392,2685.64921298521,0,52.6485644125941,2145.52444556328,19792.1802599491,1091.63871727017,0.554201021394568,0.0608324545062378,0.359843260248224,1350.483575,328.208100497799,7835.68582,2571.34239721752,18.2890254797426,0,7.95924338998552
"284",1987.20273972603,117.258189004552,2693.03596149256,0,43.8950975193386,2135.37696705279,19842.3650947379,1021.43801354412,41.4597825364518,5.14705894025227,30.5231907080125,1350.483575,333.294326983545,7835.68582,2601.50574466529,17.9386036325871,0,6.7152389312665
"285",1987.20273972603,145.258189004552,2700.03596149256,0,43.8950975193386,2225.37696705279,19842.3650947379,1021.43801354412,41.4597825364518,5.14705894025227,30.5231907080125,1385.483575,333.294326983545,7925.68582,2601.50574466529,21.6283189164786,0,6.53579102509969
"286",1987.20273972603,145.258189004552,2700.03596149256,0,43.8950975193386,2225.37696705279,19842.3650947379,1021.43801354412,41.4597825364518,5.14705894025227,30.5231907080125,1385.483575,333.294326983545,7925.68582,2601.50574466529,21.6283189164786,0,6.53579102509969
"287",1987.20273972603,145.258189004552,2700.03596149256,0,43.8950975193386,2225.37696705279,19842.3650947379,1021.43801354412,41.4597825364518,5.14705894025227,30.5231907080125,1385.483575,333.294326983545,7925.68582,2601.50574466529,21.6283189164786,0,6.53579102509969
"288",1987.20273972603,145.258189004552,2700.03596149256,0,43.8950975193386,2225.37696705279,19842.3650947379,1021.43801354412,41.4597825364518,5.14705894025227,30.5231907080125,1385.483575,333.294326983545,7925.68582,2601.50574466529,21.6283189164786,0,6.53579102509969
"289",1987.20273972603,145.258189004552,2700.03596149256,0,43.8950975193386,2225.37696705279,19842.3650947379,1021.43801354412,41.4597825364518,5.14705894025227,30.5231907080125,1385.483575,333.294326983545,7925.68582,2601.50574466529,21.6283189164786,0,6.53579102509969
"290",1987.20273972603,145.258189004552,2700.03596149256,0,43.8950975193386,2225.37696705279,19842.3650947379,1021.43801354412,41.4597825364518,5.14705894025227,30.5231907080125,1385.483575,333.294326983545,7925.68582,2601.50574466529,21.6283189164786,0,6.53579102509969
"291",1988,121.662883769766,2726.42059551484,0,21.2532068492262,2173.49737852489,20016.157651917,783.893209981474,204.194117032224,24.9996208228702,146.155025619365,1385.483575,353.146888866163,7925.68582,2717.13757957664,18.8302135625162,0,3.28943726680524
"292",1988,121.662883769766,2726.42059551484,0,21.2532068492262,2173.49737852489,20016.157651917,783.893209981474,0,0,0,1385.483575,353.146888866163,7925.68582,2717.13757957664,18.8302135625162,0,3.28943726680524
"293",1988,121.662883769766,2726.42059551484,0,21.2532068492262,2173.49737852489,20016.157651917,783.893209981474,0,0,0,1385.483575,353.146888866163,7925.68582,2717.13757957664,18.8302135625162,0,3.28943726680524
"294",1988.00273972603,121.608000595975,2726.46792592833,0,21.2001775801367,2173.36171273988,20016.6398491987,783.18529875018,0.534687588659706,0.0605820293899721,0.361379734635582,1385.483575,353.207470895553,7925.68582,2717.49895931127,18.8236467238244,0,3.28156577934925
"295",1988.00273972603,121.608000595975,2729.86085392833,0,46.0816495801367,2173.36171273988,20016.6398491987,1002.17329875018,0.534687588659706,0.0605820293899721,0.361379734635582,1413.757975,353.207470895553,8144.67382,2717.49895931127,18.3710286268072,0,6.96144414395715
"296",1988.00273972603,121.608000595975,2729.86085392833,0,46.0816495801367,2173.36171273988,20016.6398491987,1002.17329875018,0.534687588659706,0.0605820293899721,0.361379734635582,1413.757975,353.207470895553,8144.67382,2717.49895931127,18.3710286268072,0,6.96144414395715
"297",1988.00273972603,121.608000595975,2729.86085392833,0,46.0816495801367,2173.36171273988,20016.6398491987,1002.17329875018,0.534687588659706,0.0605820293899721,0.361379734635582,1413.757975,353.207470895553,8144.67382,2717.49895931127,18.3710286268072,0,6.96144414395715
"298",1988.00273972603,121.608000595975,2729.86085392833,0,46.0816495801367,2173.36171273988,20016.6398491987,1002.17329875018,0.534687588659706,0.0605820293899721,0.361379734635582,1413.757975,353.207470895553,8144.67382,2717.49895931127,18.3710286268072,0,6.96144414395715
"299",1988.00273972603,121.608000595975,2729.86085392833,0,46.0816495801367,2173.36171273988,20016.6398491987,1002.17329875018,0.534687588659706,0.0605820293899721,0.361379734635582,1413.757975,353.207470895553,8144.67382,2717.49895931127,18.3710286268072,0,6.96144414395715
"300",1988.20273972603,118.053377515444,2736.15586865282,0,38.4213064356245,2163.06083203458,20061.9947200025,937.817710624717,39.8938350584676,4.98053352995076,29.6629777616366,1413.757975,358.127422396114,8144.67382,2746.80055733828,18.033887545502,0,5.86925621438219
"301",1988.20273972603,146.053377515444,2743.15586865282,0,38.4213064356245,2253.06083203458,20061.9947200025,937.817710624717,39.8938350584676,4.98053352995076,29.6629777616366,1448.757975,358.127422396114,8234.67382,2746.80055733828,21.6886023601339,0,5.70547872027814
"302",1988.20273972603,146.053377515444,2743.15586865282,0,38.4213064356245,2253.06083203458,20061.9947200025,937.817710624717,39.8938350584676,4.98053352995076,29.6629777616366,1448.757975,358.127422396114,8234.67382,2746.80055733828,21.6886023601339,0,5.70547872027814
"303",1988.20273972603,146.053377515444,2743.15586865282,0,38.4213064356245,2253.06083203458,20061.9947200025,937.817710624717,39.8938350584676,4.98053352995076,29.6629777616366,1448.757975,358.127422396114,8234.67382,2746.80055733828,21.6886023601339,0,5.70547872027814
"304",1988.20273972603,146.053377515444,2743.15586865282,0,38.4213064356245,2253.06083203458,20061.9947200025,937.817710624717,39.8938350584676,4.98053352995076,29.6629777616366,1448.757975,358.127422396114,8234.67382,2746.80055733828,21.6886023601339,0,5.70547872027814
"305",1988.20273972603,146.053377515444,2743.15586865282,0,38.4213064356245,2253.06083203458,20061.9947200025,937.817710624717,39.8938350584676,4.98053352995076,29.6629777616366,1448.757975,358.127422396114,8234.67382,2746.80055733828,21.6886023601339,0,5.70547872027814
"306",1988.20273972603,146.053377515444,2743.15586865282,0,38.4213064356245,2253.06083203458,20061.9947200025,937.817710624717,39.8938350584676,4.98053352995076,29.6629777616366,1448.757975,358.127422396114,8234.67382,2746.80055733828,21.6886023601339,0,5.70547872027814
"307",1989,122.868094392362,2766.71050589345,0,18.6104893391227,2200.04586267746,20219.7037721034,719.870246123623,196.629731957841,24.4219965089045,142.91635951893,1448.757975,377.568885375068,8234.67382,2860.05393909557,0,0,0
"308",1990,122.460220349312,2776.99980666054,0,8.72902028342245,2242.77624180971,20355.5783982311,541.26494080588,196.630098996842,24.4220388405595,142.916659576703,1448.757975,377.568927706723,8234.67382,2860.05423915334,12.6604804997913,0,0.902444816490762
"309",1990,122.460220349312,2776.99980666054,0,8.72902028342245,2242.77624180971,20355.5783982311,541.26494080588,0,0,0,1448.757975,377.568927706723,8234.67382,2860.05423915334,12.6604804997913,0,0.902444816490762
"310",1990,122.460220349312,2776.99980666054,0,8.72902028342245,2242.77624180971,20355.5783982311,541.26494080588,0,0,0,1448.757975,377.568927706723,8234.67382,2860.05423915334,12.6604804997913,0,0.902444816490762
"311",1990.00273972603,122.425179211331,2777.01824995725,0,8.70846648847219,2242.5070022283,20355.8941975825,540.75153737748,0.282073508739563,0.0371516362195808,0.466843658441393,1448.757975,377.606079342943,8234.67382,2860.52108281178,12.6574042837753,0,0.900358747656212
"312",1990.00273972603,122.425179211331,2782.85571235725,0,51.5165240884722,2242.5070022283,20355.8941975825,960.27833737748,0.282073508739563,0.0371516362195808,0.466843658441393,1497.403495,377.606079342943,8654.20062,2860.52108281178,12.1678254691923,0,5.12022181977702
"313",1990.00273972603,122.425179211331,2782.85571235725,0,51.5165240884722,2242.5070022283,20355.8941975825,960.27833737748,0.282073508739563,0.0371516362195808,0.466843658441393,1497.403495,377.606079342943,8654.20062,2860.52108281178,12.1678254691923,0,5.12022181977702
"314",1990.00273972603,122.425179211331,2782.85571235725,0,51.5165240884722,2242.5070022283,20355.8941975825,960.27833737748,0.282073508739563,0.0371516362195808,0.466843658441393,1497.403495,377.606079342943,8654.20062,2860.52108281178,12.1678254691923,0,5.12022181977702
"315",1990.00273972603,122.425179211331,2782.85571235725,0,51.5165240884722,2242.5070022283,20355.8941975825,960.27833737748,0.282073508739563,0.0371516362195808,0.466843658441393,1497.403495,377.606079342943,8654.20062,2860.52108281178,12.1678254691923,0,5.12022181977702
"316",1990.00273972603,122.425179211331,2782.85571235725,0,51.5165240884722,2242.5070022283,20355.8941975825,960.27833737748,0.282073508739563,0.0371516362195808,0.466843658441393,1497.403495,377.606079342943,8654.20062,2860.52108281178,12.1678254691923,0,5.12022181977702
"317",1990.20273972603,120.213167068847,2789.81228455334,0,43.401839315515,2220.04875922679,20400.1458134776,894.498570508623,21.6226737301123,3.40727635557857,44.4532376336681,1497.403495,380.976204062302,8654.20062,2904.50747678701,12.0738672248643,0,4.35915680443145
"318",1990.20273972603,148.213167068847,2796.81228455334,0,43.401839315515,2310.04875922679,20400.1458134776,894.498570508623,21.6226737301123,3.40727635557857,44.4532376336681,1532.403495,380.976204062302,8744.20062,2904.50747678701,14.452895890595,0,4.23229782814159
"319",1990.20273972603,148.213167068847,2796.81228455334,0,43.401839315515,2310.04875922679,20400.1458134776,894.498570508623,21.6226737301123,3.40727635557857,44.4532376336681,1532.403495,380.976204062302,8744.20062,2904.50747678701,14.452895890595,0,4.23229782814159
"320",1990.20273972603,148.213167068847,2796.81228455334,0,43.401839315515,2310.04875922679,20400.1458134776,894.498570508623,21.6226737301123,3.40727635557857,44.4532376336681,1532.403495,380.976204062302,8744.20062,2904.50747678701,14.452895890595,0,4.23229782814159
"321",1990.20273972603,148.213167068847,2796.81228455334,0,43.401839315515,2310.04875922679,20400.1458134776,894.498570508623,21.6226737301123,3.40727635557857,44.4532376336681,1532.403495,380.976204062302,8744.20062,2904.50747678701,14.452895890595,0,4.23229782814159
"322",1990.20273972603,148.213167068847,2796.81228455334,0,43.401839315515,2310.04875922679,20400.1458134776,894.498570508623,21.6226737301123,3.40727635557857,44.4532376336681,1532.403495,380.976204062302,8744.20062,2904.50747678701,14.452895890595,0,4.23229782814159
"323",1990.20273972603,148.213167068847,2796.81228455334,0,43.401839315515,2310.04875922679,20400.1458134776,894.498570508623,21.6226737301123,3.40727635557857,44.4532376336681,1532.403495,380.976204062302,8744.20062,2904.50747678701,14.452895890595,0,4.23229782814159
"324",1991,129.015334629884,2824.05166300692,0,21.9176440497553,2210.77307147435,20545.6765141126,672.549975057246,106.646000064443,16.8499256067142,220.146820202572,1532.403495,394.418853313437,8744.20062,3080.20105935592,20.0607013161328,0,3.40799263976495
"325",1991,129.015334629884,2824.05166300692,0,21.9176440497553,2210.77307147435,20545.6765141126,672.549975057246,0,0,0,1532.403495,394.418853313437,8744.20062,3080.20105935592,20.0607013161328,0,3.40799263976495
"326",1991,129.015334629884,2824.05166300692,0,21.9176440497553,2210.77307147435,20545.6765141126,672.549975057246,0,0,0,1532.403495,394.418853313437,8744.20062,3080.20105935592,20.0607013161328,0,3.40799263976495
"327",1991.00273972603,128.950758428013,2824.10669360528,0,21.862913968987,2210.63505054698,20546.0525282454,671.937437974762,0.583162106526778,0.0642756842781278,0.374543876992627,1532.403495,394.483128997716,8744.20062,3080.57560323291,20.0527046288342,0,3.39982921768121
"328",1991.00273972603,128.950758428013,2830.96529360528,0,72.159313968987,2210.63505054698,20546.0525282454,1149.90618797476,0.583162106526778,0.0642756842781278,0.374543876992627,1589.558495,394.483128997716,9222.16937,3080.57560323291,19.1620929636998,0,10.7228797978915
"329",1991.00273972603,128.950758428013,2830.96529360528,0,72.159313968987,2210.63505054698,20546.0525282454,1149.90618797476,0.583162106526778,0.0642756842781278,0.374543876992627,1589.558495,394.483128997716,9222.16937,3080.57560323291,19.1620929636998,0,10.7228797978915
"330",1991.00273972603,128.950758428013,2830.96529360528,0,72.159313968987,2210.63505054698,20546.0525282454,1149.90618797476,0.583162106526778,0.0642756842781278,0.374543876992627,1589.558495,394.483128997716,9222.16937,3080.57560323291,19.1620929636998,0,10.7228797978915
"331",1991.00273972603,128.950758428013,2830.96529360528,0,72.159313968987,2210.63505054698,20546.0525282454,1149.90618797476,0.583162106526778,0.0642756842781278,0.374543876992627,1589.558495,394.483128997716,9222.16937,3080.57560323291,19.1620929636998,0,10.7228797978915
"332",1991.00273972603,128.950758428013,2830.96529360528,0,72.159313968987,2210.63505054698,20546.0525282454,1149.90618797476,0.583162106526778,0.0642756842781278,0.374543876992627,1589.558495,394.483128997716,9222.16937,3080.57560323291,19.1620929636998,0,10.7228797978915
"333",1991.20273972603,124.855178102084,2841.25473694294,0,60.1902504425027,2200.84515406524,20598.1434986317,1075.79661724879,43.8285226321606,5.83947619903847,32.1830406983739,1589.558495,400.258329512476,9222.16937,3112.38410005429,18.8338682416577,0,9.07944118536768
"334",1991.20273972603,152.855178102084,2848.25473694294,0,60.1902504425027,2290.84515406524,20598.1434986317,1075.79661724879,43.8285226321606,5.83947619903847,32.1830406983739,1624.558495,400.258329512476,9312.16937,3112.38410005429,22.4566580288281,0,8.84282683543829
"335",1991.20273972603,152.855178102084,2848.25473694294,0,60.1902504425027,2290.84515406524,20598.1434986317,1075.79661724879,43.8285226321606,5.83947619903847,32.1830406983739,1624.558495,400.258329512476,9312.16937,3112.38410005429,22.4566580288281,0,8.84282683543829
"336",1991.20273972603,152.855178102084,2848.25473694294,0,60.1902504425027,2290.84515406524,20598.1434986317,1075.79661724879,43.8285226321606,5.83947619903847,32.1830406983739,1624.558495,400.258329512476,9312.16937,3112.38410005429,22.4566580288281,0,8.84282683543829
"337",1991.20273972603,152.855178102084,2848.25473694294,0,60.1902504425027,2290.84515406524,20598.1434986317,1075.79661724879,43.8285226321606,5.83947619903847,32.1830406983739,1624.558495,400.258329512476,9312.16937,3112.38410005429,22.4566580288281,0,8.84282683543829
"338",1991.20273972603,152.855178102084,2848.25473694294,0,60.1902504425027,2290.84515406524,20598.1434986317,1075.79661724879,43.8285226321606,5.83947619903847,32.1830406983739,1624.558495,400.258329512476,9312.16937,3112.38410005429,22.4566580288281,0,8.84282683543829
"339",1991.20273972603,152.855178102084,2848.25473694294,0,60.1902504425027,2290.84515406524,20598.1434986317,1075.79661724879,43.8285226321606,5.83947619903847,32.1830406983739,1624.558495,400.258329512476,9312.16937,3112.38410005429,22.4566580288281,0,8.84282683543829
"340",1992,128.333106144592,2881.87531099531,0,29.1758535135448,2239.26541350749,20777.5598344774,824.733397972586,215.583775236681,27.7553710331185,155.409664686702,1624.558495,422.174224346556,9312.16937,3235.61072404262,19.2993407869683,0,4.38760314173455
"341",1992,128.333106144592,2881.87531099531,0,29.1758535135448,2239.26541350749,20777.5598344774,824.733397972586,0,0,0,1624.558495,422.174224346556,9312.16937,3235.61072404262,19.2993407869683,0,4.38760314173455
"342",1992,128.333106144592,2881.87531099531,0,29.1758535135448,2239.26541350749,20777.5598344774,824.733397972586,0,0,0,1624.558495,422.174224346556,9312.16937,3235.61072404262,19.2993407869683,0,4.38760314173455
"343",1992.00273972603,128.277299585804,2881.93869119431,0,29.1034058799073,2239.13662807368,20778.0557740664,823.987415836148,0.495121799784942,0.0648739934261803,0.378827981228784,1624.558495,422.239098339982,9312.16937,3235.98955202385,19.2936966159634,0,4.37733165066033
"344",1992.00273972603,128.277299585804,2888.23667519431,0,75.2886218799073,2239.13662807368,20778.0557740664,1214.62941583615,0.495121799784942,0.0648739934261803,0.378827981228784,1677.041695,422.239098339982,9702.81137,3235.98955202385,18.2854455100987,0,10.7321092458343
"345",1992.00273972603,128.277299585804,2888.23667519431,0,75.2886218799073,2239.13662807368,20778.0557740664,1214.62941583615,0.495121799784942,0.0648739934261803,0.378827981228784,1677.041695,422.239098339982,9702.81137,3235.98955202385,18.2854455100987,0,10.7321092458343
"346",1992.00273972603,128.277299585804,2888.23667519431,0,75.2886218799073,2239.13662807368,20778.0557740664,1214.62941583615,0.495121799784942,0.0648739934261803,0.378827981228784,1677.041695,422.239098339982,9702.81137,3235.98955202385,18.2854455100987,0,10.7321092458343
"347",1992.00273972603,128.277299585804,2888.23667519431,0,75.2886218799073,2239.13662807368,20778.0557740664,1214.62941583615,0.495121799784942,0.0648739934261803,0.378827981228784,1677.041695,422.239098339982,9702.81137,3235.98955202385,18.2854455100987,0,10.7321092458343
"348",1992.00273972603,128.277299585804,2888.23667519431,0,75.2886218799073,2239.13662807368,20778.0557740664,1214.62941583615,0.495121799784942,0.0648739934261803,0.378827981228784,1677.041695,422.239098339982,9702.81137,3235.98955202385,18.2854455100987,0,10.7321092458343
"349",1992.20273972603,124.776618422312,2898.5282459208,0,62.8734276507232,2231.67532801184,20833.8924220951,1137.74576858577,36.9606950900673,5.68917865960986,28.8871272647765,1677.041695,427.863403006166,9702.81137,3264.4978513074,18.127842641181,0,9.13440047642919
"350",1992.20273972603,152.776618422312,2905.5282459208,0,62.8734276507232,2321.67532801184,20833.8924220951,1137.74576858577,36.9606950900673,5.68917865960986,28.8871272647765,1712.041695,427.863403006166,9792.81137,3264.4978513074,21.4581954397296,0,8.83086896690919
"351",1992.20273972603,152.776618422312,2905.5282459208,0,62.8734276507232,2321.67532801184,20833.8924220951,1137.74576858577,36.9606950900673,5.68917865960986,28.8871272647765,1712.041695,427.863403006166,9792.81137,3264.4978513074,21.4581954397296,0,8.83086896690919
"352",1992.20273972603,152.776618422312,2905.5282459208,0,62.8734276507232,2321.67532801184,20833.8924220951,1137.74576858577,36.9606950900673,5.68917865960986,28.8871272647765,1712.041695,427.863403006166,9792.81137,3264.4978513074,21.4581954397296,0,8.83086896690919
"353",1992.20273972603,152.776618422312,2905.5282459208,0,62.8734276507232,2321.67532801184,20833.8924220951,1137.74576858577,36.9606950900673,5.68917865960986,28.8871272647765,1712.041695,427.863403006166,9792.81137,3264.4978513074,21.4581954397296,0,8.83086896690919
"354",1992.20273972603,152.776618422312,2905.5282459208,0,62.8734276507232,2321.67532801184,20833.8924220951,1137.74576858577,36.9606950900673,5.68917865960986,28.8871272647765,1712.041695,427.863403006166,9792.81137,3264.4978513074,21.4581954397296,0,8.83086896690919
"355",1992.20273972603,152.776618422312,2905.5282459208,0,62.8734276507232,2321.67532801184,20833.8924220951,1137.74576858577,36.9606950900673,5.68917865960986,28.8871272647765,1712.041695,427.863403006166,9792.81137,3264.4978513074,21.4581954397296,0,8.83086896690919
"356",1993,129.804594644776,2939.32408888276,0,30.6102152921631,2277.01533164482,21027.6719936263,875.928082492444,181.989694951068,27.1285718337498,141.58523819385,1712.041695,449.302796180306,9792.81137,3377.19596223647,19.9837920094272,0,4.71253099658281
"357",1993,129.804594644776,2939.32408888276,0,30.6102152921631,2277.01533164482,21027.6719936263,875.928082492444,0,0,0,1712.041695,449.302796180306,9792.81137,3377.19596223647,19.9837920094272,0,4.71253099658281
"358",1993,129.804594644776,2939.32408888276,0,30.6102152921631,2277.01533164482,21027.6719936263,875.928082492444,0,0,0,1712.041695,449.302796180306,9792.81137,3377.19596223647,19.9837920094272,0,4.71253099658281
"359",1993.00273972603,129.749107811364,2939.38824589461,0,30.5339077567932,2276.86705302466,21028.214552054,875.132648491928,0.579204465947802,0.0676373569330731,0.401154193057122,1712.041695,449.370433537239,9792.81137,3377.59711642953,19.9775924552734,0,4.70133456423427
"360",1993.00273972603,129.749107811364,2945.9610946946,0,78.7347989567932,2276.86705302466,21028.214552054,1303.16584849193,0.579204465947802,0.0676373569330731,0.401154193057122,1766.815435,449.370433537239,10220.84457,3377.59711642953,19.098316415424,0,11.5893059208376
"361",1993.00273972603,129.749107811364,2945.9610946946,0,78.7347989567932,2276.86705302466,21028.214552054,1303.16584849193,0.579204465947802,0.0676373569330731,0.401154193057122,1766.815435,449.370433537239,10220.84457,3377.59711642953,19.098316415424,0,11.5893059208376
"362",1993.00273972603,129.749107811364,2945.9610946946,0,78.7347989567932,2276.86705302466,21028.214552054,1303.16584849193,0.579204465947802,0.0676373569330731,0.401154193057122,1766.815435,449.370433537239,10220.84457,3377.59711642953,19.098316415424,0,11.5893059208376
"363",1993.00273972603,129.749107811364,2945.9610946946,0,78.7347989567932,2276.86705302466,21028.214552054,1303.16584849193,0.579204465947802,0.0676373569330731,0.401154193057122,1766.815435,449.370433537239,10220.84457,3377.59711642953,19.098316415424,0,11.5893059208376
"364",1993.00273972603,129.749107811364,2945.9610946946,0,78.7347989567932,2276.86705302466,21028.214552054,1303.16584849193,0.579204465947802,0.0676373569330731,0.401154193057122,1766.815435,449.370433537239,10220.84457,3377.59711642953,19.098316415424,0,11.5893059208376
"365",1993.20273972603,126.254743791691,2956.56265223368,0,65.6927776781007,2266.85704376992,21089.3026541984,1219.68349708179,43.3961830682265,6.0024651162231,32.8054127134837,1766.815435,455.305261296529,10220.84457,3410.00137494996,18.8816226666831,0,9.82447235480299
"366",1993.20273972603,154.254743791691,2963.56265223368,0,65.6927776781007,2356.85704376992,21089.3026541984,1219.68349708179,43.3961830682265,6.0024651162231,32.8054127134837,1801.815435,455.305261296529,10310.84457,3410.00137494996,22.4510441808867,0,9.56127129553896
"367",1993.20273972603,154.254743791691,2963.56265223368,0,65.6927776781007,2356.85704376992,21089.3026541984,1219.68349708179,43.3961830682265,6.0024651162231,32.8054127134837,1801.815435,455.305261296529,10310.84457,3410.00137494996,22.4510441808867,0,9.56127129553896
"368",1993.20273972603,154.254743791691,2963.56265223368,0,65.6927776781007,2356.85704376992,21089.3026541984,1219.68349708179,43.3961830682265,6.0024651162231,32.8054127134837,1801.815435,455.305261296529,10310.84457,3410.00137494996,22.4510441808867,0,9.56127129553896
"369",1993.20273972603,154.254743791691,2963.56265223368,0,65.6927776781007,2356.85704376992,21089.3026541984,1219.68349708179,43.3961830682265,6.0024651162231,32.8054127134837,1801.815435,455.305261296529,10310.84457,3410.00137494996,22.4510441808867,0,9.56127129553896
"370",1993.20273972603,154.254743791691,2963.56265223368,0,65.6927776781007,2356.85704376992,21089.3026541984,1219.68349708179,43.3961830682265,6.0024651162231,32.8054127134837,1801.815435,455.305261296529,10310.84457,3410.00137494996,22.4510441808867,0,9.56127129553896
"371",1993.20273972603,154.254743791691,2963.56265223368,0,65.6927776781007,2356.85704376992,21089.3026541984,1219.68349708179,43.3961830682265,6.0024651162231,32.8054127134837,1801.815435,455.305261296529,10310.84457,3410.00137494996,22.4510441808867,0,9.56127129553896
"372",1994,131.292159505405,2997.85942524811,0,31.8731970811434,2304.16703035101,21299.0601382535,936.185985406291,213.485539904395,28.48785698503,159.23545375282,1801.815435,477.790653165336,10310.84457,3536.43141598929,0,0,0
"373",1995,131.903395570142,3014.17161727064,0,14.9497444585851,2353.12448432759,21482.3771478063,703.911196534571,213.485685671724,28.4878815203251,159.23577909507,1801.815435,477.790677700631,10310.84457,3536.43174133154,12.9473548966081,0,1.46743490781459
"374",1995,131.903395570142,3014.17161727064,0,14.9497444585851,2353.12448432759,21482.3771478063,703.911196534571,0,0,0,1801.815435,477.790677700631,10310.84457,3536.43174133154,12.9473548966081,0,1.46743490781459
"375",1995,131.903395570142,3014.17161727064,0,14.9497444585851,2353.12448432759,21482.3771478063,703.911196534571,0,0,0,1801.815435,477.790677700631,10310.84457,3536.43174133154,12.9473548966081,0,1.46743490781459
"376",1995.00273972603,131.869639041769,3014.20087653225,0,14.9147565069484,2352.84501862017,21482.80325417,703.241001862968,0.23462577298404,0.0394852184014306,0.523554015373377,1801.815435,477.830162919032,10310.84457,3536.95529534692,12.9452744635366,0,1.46414002451398
"377",1995.00273972603,131.869639041769,3022.18312773225,0,73.4512653069484,2352.84501862017,21482.80325417,1105.50860186297,0.23462577298404,0.0394852184014306,0.523554015373377,1868.334195,477.830162919032,10713.11217,3536.95529534692,11.8199537195085,0,6.58370313952612
"378",1995.00273972603,131.869639041769,3022.18312773225,0,73.4512653069484,2352.84501862017,21482.80325417,1105.50860186297,0.23462577298404,0.0394852184014306,0.523554015373377,1868.334195,477.830162919032,10713.11217,3536.95529534692,11.8199537195085,0,6.58370313952612
"379",1995.00273972603,131.869639041769,3022.18312773225,0,73.4512653069484,2352.84501862017,21482.80325417,1105.50860186297,0.23462577298404,0.0394852184014306,0.523554015373377,1868.334195,477.830162919032,10713.11217,3536.95529534692,11.8199537195085,0,6.58370313952612
"380",1995.00273972603,131.869639041769,3022.18312773225,0,73.4512653069484,2352.84501862017,21482.80325417,1105.50860186297,0.23462577298404,0.0394852184014306,0.523554015373377,1868.334195,477.830162919032,10713.11217,3536.95529534692,11.8199537195085,0,6.58370313952612
"381",1995.00273972603,131.869639041769,3022.18312773225,0,73.4512653069484,2352.84501862017,21482.80325417,1105.50860186297,0.23462577298404,0.0394852184014306,0.523554015373377,1868.334195,477.830162919032,10713.11217,3536.95529534692,11.8199537195085,0,6.58370313952612
"382",1995.20273972603,129.867634832574,3032.04231724399,0,61.9961019224295,2334.11515105696,21533.980956633,1031.61243510812,17.6331840606789,3.63746330037429,41.9718858703595,1868.334195,481.428141001005,10713.11217,3578.4036272019,11.9053547659153,0,5.68336821134772
"383",1995.20273972603,157.867634832574,3039.04231724399,0,61.9961019224295,2424.11515105696,21533.980956633,1031.61243510812,17.6331840606789,3.63746330037429,41.9718858703595,1903.334195,481.428141001005,10803.11217,3578.4036272019,13.7968381309246,0,5.41814782921909
"384",1995.20273972603,157.867634832574,3039.04231724399,0,61.9961019224295,2424.11515105696,21533.980956633,1031.61243510812,17.6331840606789,3.63746330037429,41.9718858703595,1903.334195,481.428141001005,10803.11217,3578.4036272019,13.7968381309246,0,5.41814782921909
"385",1995.20273972603,157.867634832574,3039.04231724399,0,61.9961019224295,2424.11515105696,21533.980956633,1031.61243510812,17.6331840606789,3.63746330037429,41.9718858703595,1903.334195,481.428141001005,10803.11217,3578.4036272019,13.7968381309246,0,5.41814782921909
"386",1995.20273972603,157.867634832574,3039.04231724399,0,61.9961019224295,2424.11515105696,21533.980956633,1031.61243510812,17.6331840606789,3.63746330037429,41.9718858703595,1903.334195,481.428141001005,10803.11217,3578.4036272019,13.7968381309246,0,5.41814782921909
"387",1995.20273972603,157.867634832574,3039.04231724399,0,61.9961019224295,2424.11515105696,21533.980956633,1031.61243510812,17.6331840606789,3.63746330037429,41.9718858703595,1903.334195,481.428141001005,10803.11217,3578.4036272019,13.7968381309246,0,5.41814782921909
"388",1995.20273972603,157.867634832574,3039.04231724399,0,61.9961019224295,2424.11515105696,21533.980956633,1031.61243510812,17.6331840606789,3.63746330037429,41.9718858703595,1903.334195,481.428141001005,10803.11217,3578.4036272019,13.7968381309246,0,5.41814782921909
"389",1996,139.337630424586,3074.01766648899,0,31.5164346448254,2337.91671748905,21705.1371583069,781.429142265545,86.9007769280894,17.6717857409645,207.197410606973,1903.334195,495.462463441595,10803.11217,3743.62915193852,21.1223276742824,0,4.77760715224309
"390",1996,139.337630424586,3074.01766648899,0,31.5164346448254,2337.91671748905,21705.1371583069,781.429142265545,0,0,0,1903.334195,495.462463441595,10803.11217,3743.62915193852,21.1223276742824,0,4.77760715224309
"391",1996,139.337630424586,3074.01766648899,0,31.5164346448254,2337.91671748905,21705.1371583069,781.429142265545,0,0,0,1903.334195,495.462463441595,10803.11217,3743.62915193852,21.1223276742824,0,4.77760715224309
"392",1996.00273972603,139.271564414097,3074.0911622678,0,31.4380711696365,2337.76353684669,21705.5916334449,780.715702894474,0.561294960230449,0.0709337068710665,0.412144875459465,1903.334195,495.533397148466,10803.11217,3744.04129681398,21.1152365520627,0,4.76638797216144
"393",1996.00273972603,139.271564414097,3082.0671302678,0,89.9285031696365,2337.76353684669,21705.5916334449,1178.58450289447,0.561294960230449,0.0709337068710665,0.412144875459465,1969.800595,495.533397148466,11200.98097,3744.04129681398,19.9036558631831,0,12.8519126421075
"394",1996.00273972603,139.271564414097,3082.0671302678,0,89.9285031696365,2337.76353684669,21705.5916334449,1178.58450289447,0.561294960230449,0.0709337068710665,0.412144875459465,1969.800595,495.533397148466,11200.98097,3744.04129681398,19.9036558631831,0,12.8519126421075
"395",1996.00273972603,139.271564414097,3082.0671302678,0,89.9285031696365,2337.76353684669,21705.5916334449,1178.58450289447,0.561294960230449,0.0709337068710665,0.412144875459465,1969.800595,495.533397148466,11200.98097,3744.04129681398,19.9036558631831,0,12.8519126421075
"396",1996.00273972603,139.271564414097,3082.0671302678,0,89.9285031696365,2337.76353684669,21705.5916334449,1178.58450289447,0.561294960230449,0.0709337068710665,0.412144875459465,1969.800595,495.533397148466,11200.98097,3744.04129681398,19.9036558631831,0,12.8519126421075
"397",1996.00273972603,139.271564414097,3082.0671302678,0,89.9285031696365,2337.76353684669,21705.5916334449,1178.58450289447,0.561294960230449,0.0709337068710665,0.412144875459465,1969.800595,495.533397148466,11200.98097,3744.04129681398,19.9036558631831,0,12.8519126421075
"398",1996.20273972603,135.137128528459,3094.70164171585,0,75.0927294328074,2328.47497351905,21758.8132514688,1103.21924621537,41.9942359841575,6.40663188128263,31.8443468582164,1969.800595,501.869095322878,11200.98097,3775.47349879673,19.6988399020444,0,10.9462119775092
"399",1996.20273972603,163.137128528459,3101.70164171585,0,75.0927294328074,2418.47497351905,21758.8132514688,1103.21924621537,41.9942359841575,6.40663188128263,31.8443468582164,2004.800595,501.869095322878,11290.98097,3775.47349879673,23.0911243616235,0,10.628944922763
"400",1996.20273972603,163.137128528459,3101.70164171585,0,75.0927294328074,2418.47497351905,21758.8132514688,1103.21924621537,41.9942359841575,6.40663188128263,31.8443468582164,2004.800595,501.869095322878,11290.98097,3775.47349879673,23.0911243616235,0,10.628944922763
"401",1996.20273972603,163.137128528459,3101.70164171585,0,75.0927294328074,2418.47497351905,21758.8132514688,1103.21924621537,41.9942359841575,6.40663188128263,31.8443468582164,2004.800595,501.869095322878,11290.98097,3775.47349879673,23.0911243616235,0,10.628944922763
"402",1996.20273972603,163.137128528459,3101.70164171585,0,75.0927294328074,2418.47497351905,21758.8132514688,1103.21924621537,41.9942359841575,6.40663188128263,31.8443468582164,2004.800595,501.869095322878,11290.98097,3775.47349879673,23.0911243616235,0,10.628944922763
"403",1996.20273972603,163.137128528459,3101.70164171585,0,75.0927294328074,2418.47497351905,21758.8132514688,1103.21924621537,41.9942359841575,6.40663188128263,31.8443468582164,2004.800595,501.869095322878,11290.98097,3775.47349879673,23.0911243616235,0,10.628944922763
"404",1996.20273972603,163.137128528459,3101.70164171585,0,75.0927294328074,2418.47497351905,21758.8132514688,1103.21924621537,41.9942359841575,6.40663188128263,31.8443468582164,2004.800595,501.869095322878,11290.98097,3775.47349879673,23.0911243616235,0,10.628944922763
"405",1997,138.53907395739,3141.14649018982,0,36.5275226897662,2367.46793757883,21942.2055084072,847.095909390356,206.614254582249,30.125044721419,155.582462685044,2004.800595,525.587508163014,11290.98097,3899.21161462356,21.0715094126252,0,5.5557613905664
"406",1997,138.53907395739,3141.14649018982,0,36.5275226897662,2367.46793757883,21942.2055084072,847.095909390356,0,0,0,2004.800595,525.587508163014,11290.98097,3899.21161462356,21.0715094126252,0,5.5557613905664
"407",1997,138.53907395739,3141.14649018982,0,36.5275226897662,2367.46793757883,21942.2055084072,847.095909390356,0,0,0,2004.800595,525.587508163014,11290.98097,3899.21161462356,21.0715094126252,0,5.5557613905664
"408",1997.00273972603,138.480924436622,3141.22258811852,0,36.4366488999031,2367.30685487494,21942.7126947801,846.321599478396,0.586356313755694,0.0729253819338156,0.42820624294041,2004.800595,525.660433544948,11290.98097,3899.6398208665,21.0655194510219,0,5.54269072981419
"409",1997.00273972603,138.480924436622,3145.75650491852,0,69.6853720999031,2367.30685487494,21942.7126947801,1220.5835994784,0.586356313755694,0.0729253819338156,0.42820624294041,2042.583235,525.660433544948,11665.24297,3899.6398208665,20.4190260128964,0,10.2751150125193
"410",1997.00273972603,138.480924436622,3145.75650491852,0,69.6853720999031,2367.30685487494,21942.7126947801,1220.5835994784,0.586356313755694,0.0729253819338156,0.42820624294041,2042.583235,525.660433544948,11665.24297,3899.6398208665,20.4190260128964,0,10.2751150125193
"411",1997.00273972603,138.480924436622,3145.75650491852,0,69.6853720999031,2367.30685487494,21942.7126947801,1220.5835994784,0.586356313755694,0.0729253819338156,0.42820624294041,2042.583235,525.660433544948,11665.24297,3899.6398208665,20.4190260128964,0,10.2751150125193
"412",1997.00273972603,138.480924436622,3145.75650491852,0,69.6853720999031,2367.30685487494,21942.7126947801,1220.5835994784,0.586356313755694,0.0729253819338156,0.42820624294041,2042.583235,525.660433544948,11665.24297,3899.6398208665,20.4190260128964,0,10.2751150125193
"413",1997.00273972603,138.480924436622,3145.75650491852,0,69.6853720999031,2367.30685487494,21942.7126947801,1220.5835994784,0.586356313755694,0.0729253819338156,0.42820624294041,2042.583235,525.660433544948,11665.24297,3899.6398208665,20.4190260128964,0,10.2751150125193
"414",1997.20273972603,134.750555418835,3155.08074084446,0,58.1405500168064,2357.33044051781,21998.3234504937,1142.36460602152,43.6956578554164,6.02388055688054,33.0128583433833,2042.583235,531.611388719894,11665.24297,3932.22447296694,20.1601172087232,0,8.69844505853975
"415",1997.20273972603,162.750555418835,3162.08074084446,0,58.1405500168064,2447.33044051781,21998.3234504937,1142.36460602152,43.6956578554164,6.02388055688054,33.0128583433833,2077.583235,531.611388719894,11755.24297,3932.22447296694,23.7020307879418,0,8.46724671986426
"416",1997.20273972603,162.750555418835,3162.08074084446,0,58.1405500168064,2447.33044051781,21998.3234504937,1142.36460602152,43.6956578554164,6.02388055688054,33.0128583433833,2077.583235,531.611388719894,11755.24297,3932.22447296694,23.7020307879418,0,8.46724671986426
"417",1997.20273972603,162.750555418835,3162.08074084446,0,58.1405500168064,2447.33044051781,21998.3234504937,1142.36460602152,43.6956578554164,6.02388055688054,33.0128583433833,2077.583235,531.611388719894,11755.24297,3932.22447296694,23.7020307879418,0,8.46724671986426
"418",1997.20273972603,162.750555418835,3162.08074084446,0,58.1405500168064,2447.33044051781,21998.3234504937,1142.36460602152,43.6956578554164,6.02388055688054,33.0128583433833,2077.583235,531.611388719894,11755.24297,3932.22447296694,23.7020307879418,0,8.46724671986426
"419",1997.20273972603,162.750555418835,3162.08074084446,0,58.1405500168064,2447.33044051781,21998.3234504937,1142.36460602152,43.6956578554164,6.02388055688054,33.0128583433833,2077.583235,531.611388719894,11755.24297,3932.22447296694,23.7020307879418,0,8.46724671986426
"420",1997.20273972603,162.750555418835,3162.08074084446,0,58.1405500168064,2447.33044051781,21998.3234504937,1142.36460602152,43.6956578554164,6.02388055688054,33.0128583433833,2077.583235,531.611388719894,11755.24297,3932.22447296694,23.7020307879418,0,8.46724671986426
"421",1998,139.145461541557,3192.82338490967,0,28.2133559567246,2394.34160637517,22189.2912241998,876.738925906631,215.066985955231,28.8135244290253,160.65959889484,2077.583235,554.401032592039,11755.24297,4059.8712135184,21.0533540390991,0,4.26881168100944
"422",1998,139.145461541557,3192.82338490967,0,28.2133559567246,2394.34160637517,22189.2912241998,876.738925906631,0,0,0,2077.583235,554.401032592039,11755.24297,4059.8712135184,21.0533540390991,0,4.26881168100944
"423",1998,139.145461541557,3192.82338490967,0,28.2133559567246,2394.34160637517,22189.2912241998,876.738925906631,0,0,0,2077.583235,554.401032592039,11755.24297,4059.8712135184,21.0533540390991,0,4.26881168100944
"424",1998.00273972603,139.090818321117,3192.87880228179,0,28.1432275083476,2394.19541092697,22189.8199969179,875.943704308442,0.543966173298168,0.0693542966998685,0.412644328303101,2077.583235,554.470386888739,11755.24297,4060.2838578467,21.0476981362322,0,4.25872939943063
"425",1998.00273972603,139.090818321117,3197.37770788179,0,61.1352019083476,2394.19541092697,22189.8199969179,1203.98890430844,0.543966173298168,0.0693542966998685,0.412644328303101,2115.074115,554.470386888739,12083.28817,4060.2838578467,20.3469726206676,0,8.94319477304622
"426",1998.00273972603,139.090818321117,3197.37770788179,0,61.1352019083476,2394.19541092697,22189.8199969179,1203.98890430844,0.543966173298168,0.0693542966998685,0.412644328303101,2115.074115,554.470386888739,12083.28817,4060.2838578467,20.3469726206676,0,8.94319477304622
"427",1998.00273972603,139.090818321117,3197.37770788179,0,61.1352019083476,2394.19541092697,22189.8199969179,1203.98890430844,0.543966173298168,0.0693542966998685,0.412644328303101,2115.074115,554.470386888739,12083.28817,4060.2838578467,20.3469726206676,0,8.94319477304622
"428",1998.00273972603,139.090818321117,3197.37770788179,0,61.1352019083476,2394.19541092697,22189.8199969179,1203.98890430844,0.543966173298168,0.0693542966998685,0.412644328303101,2115.074115,554.470386888739,12083.28817,4060.2838578467,20.3469726206676,0,8.94319477304622
"429",1998.00273972603,139.090818321117,3197.37770788179,0,61.1352019083476,2394.19541092697,22189.8199969179,1203.98890430844,0.543966173298168,0.0693542966998685,0.412644328303101,2115.074115,554.470386888739,12083.28817,4060.2838578467,20.3469726206676,0,8.94319477304622
"430",1998.20273972603,135.599739771068,3205.29056082518,0,51.0191326881996,2385.20027582435,22244.4487759446,1127.37627944501,40.532456649157,5.76364912351145,31.3916252675885,2115.074115,560.164681715551,12083.28817,4091.26283878599,20.1201780229364,0,7.57017700768047
"431",1998.20273972603,163.599739771068,3212.29056082518,0,51.0191326881996,2475.20027582435,22244.4487759446,1127.37627944501,40.532456649157,5.76364912351145,31.3916252675885,2150.074115,560.164681715551,12173.28817,4091.26283878599,23.5668882718616,0,7.34941388948786
"432",1998.20273972603,163.599739771068,3212.29056082518,0,51.0191326881996,2475.20027582435,22244.4487759446,1127.37627944501,40.532456649157,5.76364912351145,31.3916252675885,2150.074115,560.164681715551,12173.28817,4091.26283878599,23.5668882718616,0,7.34941388948786
"433",1998.20273972603,163.599739771068,3212.29056082518,0,51.0191326881996,2475.20027582435,22244.4487759446,1127.37627944501,40.532456649157,5.76364912351145,31.3916252675885,2150.074115,560.164681715551,12173.28817,4091.26283878599,23.5668882718616,0,7.34941388948786
"434",1998.20273972603,163.599739771068,3212.29056082518,0,51.0191326881996,2475.20027582435,22244.4487759446,1127.37627944501,40.532456649157,5.76364912351145,31.3916252675885,2150.074115,560.164681715551,12173.28817,4091.26283878599,23.5668882718616,0,7.34941388948786
"435",1998.20273972603,163.599739771068,3212.29056082518,0,51.0191326881996,2475.20027582435,22244.4487759446,1127.37627944501,40.532456649157,5.76364912351145,31.3916252675885,2150.074115,560.164681715551,12173.28817,4091.26283878599,23.5668882718616,0,7.34941388948786
"436",1998.20273972603,163.599739771068,3212.29056082518,0,51.0191326881996,2475.20027582435,22244.4487759446,1127.37627944501,40.532456649157,5.76364912351145,31.3916252675885,2150.074115,560.164681715551,12173.28817,4091.26283878599,23.5668882718616,0,7.34941388948786
"437",1999,140.598055325476,3239.42641308571,0,24.7887318517705,2425.20209355819,22432.8561778203,866.763979946586,199.657242005327,27.859882144999,153.594705156459,2150.074115,582.260914737038,12173.28817,4213.46591867486,15.2133540522607,0,2.68225441165973
"438",1999,140.598055325476,3239.42641308571,0,24.7887318517705,2425.20209355819,22432.8561778203,866.763979946586,0,0,0,2150.074115,582.260914737038,12173.28817,4213.46591867486,15.2133540522607,0,2.68225441165973
"439",1999,140.598055325476,3239.42641308571,0,24.7887318517705,2425.20209355819,22432.8561778203,866.763979946586,0,0,0,2150.074115,582.260914737038,12173.28817,4213.46591867486,15.2133540522607,0,2.68225441165973
"440",1999.00273972603,140.560634370487,3239.47351398361,0,24.7300365005901,2425.14947871857,22433.3790783191,866.013294529658,0.320437104797777,0.0490154082696376,0.280399757791485,2150.074115,582.309930145308,12173.28817,4213.74631843265,15.2096588630572,0,2.67596557549334
"441",1999.00273972603,140.560634370487,3244.77734118361,0,63.6247693005901,2425.14947871857,22433.3790783191,1227.18809452966,0.320437104797777,0.0490154082696376,0.280399757791485,2194.272675,582.309930145308,12534.46297,4213.74631843265,15.0100768374992,0,6.7943110832355
"442",1999.00273972603,140.560634370487,3244.77734118361,0,63.6247693005901,2425.14947871857,22433.3790783191,1227.18809452966,0.320437104797777,0.0490154082696376,0.280399757791485,2194.272675,582.309930145308,12534.46297,4213.74631843265,15.0100768374992,0,6.7943110832355
"443",1999.00273972603,140.560634370487,3244.77734118361,0,63.6247693005901,2425.14947871857,22433.3790783191,1227.18809452966,0.320437104797777,0.0490154082696376,0.280399757791485,2194.272675,582.309930145308,12534.46297,4213.74631843265,15.0100768374992,0,6.7943110832355
"444",1999.00273972603,140.560634370487,3244.77734118361,0,63.6247693005901,2425.14947871857,22433.3790783191,1227.18809452966,0.320437104797777,0.0490154082696376,0.280399757791485,2194.272675,582.309930145308,12534.46297,4213.74631843265,15.0100768374992,0,6.7943110832355
"445",1999.00273972603,140.560634370487,3244.77734118361,0,63.6247693005901,2425.14947871857,22433.3790783191,1227.18809452966,0.320437104797777,0.0490154082696376,0.280399757791485,2194.272675,582.309930145308,12534.46297,4213.74631843265,15.0100768374992,0,6.7943110832355
"446",1999.20273972603,138.143848099665,3253.05823306093,0,53.526415724082,2420.42809295096,22489.608267309,1151.38635825729,24.7488012016518,4.28326337827481,24.5743328078122,2194.272675,586.544178115313,12534.46297,4238.04025148267,14.8255665605246,0,5.7444428396925
"447",1999.20273972603,166.143848099665,3260.05823306093,0,53.526415724082,2510.42809295096,22489.608267309,1151.38635825729,24.7488012016518,4.28326337827481,24.5743328078122,2229.272675,586.544178115313,12624.46297,4238.04025148267,17.6201296416885,0,5.67666149003287
"448",1999.20273972603,166.143848099665,3260.05823306093,0,53.526415724082,2510.42809295096,22489.608267309,1151.38635825729,24.7488012016518,4.28326337827481,24.5743328078122,2229.272675,586.544178115313,12624.46297,4238.04025148267,17.6201296416885,0,5.67666149003287
"449",1999.20273972603,166.143848099665,3260.05823306093,0,53.526415724082,2510.42809295096,22489.608267309,1151.38635825729,24.7488012016518,4.28326337827481,24.5743328078122,2229.272675,586.544178115313,12624.46297,4238.04025148267,17.6201296416885,0,5.67666149003287
"450",1999.20273972603,166.143848099665,3260.05823306093,0,53.526415724082,2510.42809295096,22489.608267309,1151.38635825729,24.7488012016518,4.28326337827481,24.5743328078122,2229.272675,586.544178115313,12624.46297,4238.04025148267,17.6201296416885,0,5.67666149003287
"451",1999.20273972603,166.143848099665,3260.05823306093,0,53.526415724082,2510.42809295096,22489.608267309,1151.38635825729,24.7488012016518,4.28326337827481,24.5743328078122,2229.272675,586.544178115313,12624.46297,4238.04025148267,17.6201296416885,0,5.67666149003287
"452",1999.20273972603,166.143848099665,3260.05823306093,0,53.526415724082,2510.42809295096,22489.608267309,1151.38635825729,24.7488012016518,4.28326337827481,24.5743328078122,2229.272675,586.544178115313,12624.46297,4238.04025148267,17.6201296416885,0,5.67666149003287
"453",2000,146.378817212648,3289.9212998852,0,26.8731337114247,2477.18484158477,22686.7723246686,892.861910047783,121.597216607626,20.8385094536793,119.177975023972,2229.272675,603.099424190718,12624.46297,4332.64389369883,6.06639342341368,0,1.11370623644728
"454",2000,146.378817212648,3289.9212998852,0,26.8731337114247,2477.18484158477,22686.7723246686,892.861910047783,0,0,0,2229.272675,603.099424190718,12624.46297,4332.64389369883,6.06639342341368,0,1.11370623644728
"455",2000,146.378817212648,3289.9212998852,0,26.8731337114247,2477.18484158477,22686.7723246686,892.861910047783,0,0,0,2229.272675,603.099424190718,12624.46297,4332.64389369883,6.06639342341368,0,1.11370623644728
"456",2000.00273972603,146.359055842995,3289.98012082022,0,26.8144070874502,2477.17678362735,22687.333054459,892.112543729824,0.166438867041985,0.0196670586067565,0.196694484959316,2229.272675,603.119091249325,12624.46297,4332.84058818379,6.06557445079739,0,1.11127242250998
"457",2000.00273972603,146.359055842995,3294.88787122022,0,62.8045766874502,2477.17678362735,22687.333054459,1200.35054372982,0.166438867041985,0.0196670586067565,0.196694484959316,2270.170595,603.119091249325,12932.70097,4332.84058818379,6.04879723479374,0,2.59561765830851
"458",2000.00273972603,146.359055842995,3294.88787122022,0,62.8045766874502,2477.17678362735,22687.333054459,1200.35054372982,0.166438867041985,0.0196670586067565,0.196694484959316,2270.170595,603.119091249325,12932.70097,4332.84058818379,6.04879723479374,0,2.59561765830851
"459",2000.00273972603,146.359055842995,3294.88787122022,0,62.8045766874502,2477.17678362735,22687.333054459,1200.35054372982,0.166438867041985,0.0196670586067565,0.196694484959316,2270.170595,603.119091249325,12932.70097,4332.84058818379,6.04879723479374,0,2.59561765830851
"460",2000.00273972603,146.359055842995,3294.88787122022,0,62.8045766874502,2477.17678362735,22687.333054459,1200.35054372982,0.166438867041985,0.0196670586067565,0.196694484959316,2270.170595,603.119091249325,12932.70097,4332.84058818379,6.04879723479374,0,2.59561765830851
"461",2000.00273972603,146.359055842995,3294.88787122022,0,62.8045766874502,2477.17678362735,22687.333054459,1200.35054372982,0.166438867041985,0.0196670586067565,0.196694484959316,2270.170595,603.119091249325,12932.70097,4332.84058818379,6.04879723479374,0,2.59561765830851
"462",2000.20273972603,145.088789410044,3303.74205970261,0,53.5353431602086,2475.88797518292,22743.5228639994,1128.55950735778,13.0155534601809,1.70497853641064,17.0867297610755,2270.170595,604.804402727129,12932.70097,4349.73062345991,6.00422980905421,0,2.21546064687352
"463",2000.20273972603,173.088789410044,3310.74205970261,0,53.5353431602086,2565.88797518292,22743.5228639994,1128.55950735778,13.0155534601809,1.70497853641064,17.0867297610755,2305.170595,604.804402727129,13022.70097,4349.73062345991,7.13273689623743,0,2.20611351383913
"464",2000.20273972603,173.088789410044,3310.74205970261,0,53.5353431602086,2565.88797518292,22743.5228639994,1128.55950735778,13.0155534601809,1.70497853641064,17.0867297610755,2305.170595,604.804402727129,13022.70097,4349.73062345991,7.13273689623743,0,2.20611351383913
"465",2000.20273972603,173.088789410044,3310.74205970261,0,53.5353431602086,2565.88797518292,22743.5228639994,1128.55950735778,13.0155534601809,1.70497853641064,17.0867297610755,2305.170595,604.804402727129,13022.70097,4349.73062345991,7.13273689623743,0,2.20611351383913
"466",2000.20273972603,173.088789410044,3310.74205970261,0,53.5353431602086,2565.88797518292,22743.5228639994,1128.55950735778,13.0155534601809,1.70497853641064,17.0867297610755,2305.170595,604.804402727129,13022.70097,4349.73062345991,7.13273689623743,0,2.20611351383913
"467",2000.20273972603,173.088789410044,3310.74205970261,0,53.5353431602086,2565.88797518292,22743.5228639994,1128.55950735778,13.0155534601809,1.70497853641064,17.0867297610755,2305.170595,604.804402727129,13022.70097,4349.73062345991,7.13273689623743,0,2.20611351383913
"468",2000.20273972603,173.088789410044,3310.74205970261,0,53.5353431602086,2565.88797518292,22743.5228639994,1128.55950735778,13.0155534601809,1.70497853641064,17.0867297610755,2305.170595,604.804402727129,13022.70097,4349.73062345991,7.13273689623743,0,2.20611351383913
"469",2001,157.085037214104,3345.23775165221,0,28.3263868910924,2544.20011638437,22944.239571305,882.198868045155,64.1838368521006,8.42199505186843,84.4185205666369,2305.170595,611.521419242587,13022.70097,4417.06241426547,21.0290206466729,0,3.79206183696878
"470",2001,157.085037214104,3345.23775165221,0,28.3263868910924,2544.20011638437,22944.239571305,882.198868045155,0,0,0,2305.170595,611.521419242587,13022.70097,4417.06241426547,21.0290206466729,0,3.79206183696878
"471",2001,157.085037214104,3345.23775165221,0,28.3263868910924,2544.20011638437,22944.239571305,882.198868045155,0,0,0,2305.170595,611.521419242587,13022.70097,4417.06241426547,21.0290206466729,0,3.79206183696878
"472",2001.00273972603,157.007193939583,3345.31667026071,0,28.2573264966537,2544.09276353896,22944.8207691938,881.43538286721,0.368822098124475,0.0679850604642002,0.289640134572885,2305.170595,611.589404303051,13022.70097,4417.35205440004,21.0241613587252,0,3.7838176514411
"473",2001.00273972603,157.007193939583,3345.31667026071,0,28.2573264966537,2544.09276353896,22944.8207691938,881.43538286721,0.368822098124475,0.0679850604642002,0.289640134572885,2305.170595,611.589404303051,13022.70097,4417.35205440004,21.0241613587252,0,3.7838176514411
"474",2001.00273972603,157.007193939583,3345.31667026071,0,28.2573264966537,2544.09276353896,22944.8207691938,881.43538286721,0.368822098124475,0.0679850604642002,0.289640134572885,2305.170595,611.589404303051,13022.70097,4417.35205440004,21.0241613587252,0,3.7838176514411
"475",2001.00273972603,157.007193939583,3345.31667026071,0,28.2573264966537,2544.09276353896,22944.8207691938,881.43538286721,0.368822098124475,0.0679850604642002,0.289640134572885,2305.170595,611.589404303051,13022.70097,4417.35205440004,21.0241613587252,0,3.7838176514411
"476",2001.00273972603,157.007193939583,3345.31667026071,0,28.2573264966537,2544.09276353896,22944.8207691938,881.43538286721,0.368822098124475,0.0679850604642002,0.289640134572885,2305.170595,611.589404303051,13022.70097,4417.35205440004,21.0241613587252,0,3.7838176514411
"477",2001.00273972603,157.007193939583,3345.31667026071,0,28.2573264966537,2544.09276353896,22944.8207691938,881.43538286721,0.368822098124475,0.0679850604642002,0.289640134572885,2305.170595,611.589404303051,13022.70097,4417.35205440004,21.0241613587252,0,3.7838176514411
"478",2001.20273972603,151.789435697353,3350.28274881234,0,23.6393859042415,2536.49480429899,22985.3088254462,827.401556031154,27.2869342476665,4.93760534347911,21.4333699581244,2305.170595,616.459024586066,13022.70097,4438.4957842236,20.6848238717899,0,3.22141347729534
"479",2001.20273972603,151.789435697353,3350.28274881234,0,23.6393859042415,2536.49480429899,22985.3088254462,827.401556031154,27.2869342476665,4.93760534347911,21.4333699581244,2305.170595,616.459024586066,13022.70097,4438.4957842236,20.6848238717899,0,3.22141347729534
"480",2001.20273972603,151.789435697353,3350.28274881234,0,23.6393859042415,2536.49480429899,22985.3088254462,827.401556031154,27.2869342476665,4.93760534347911,21.4333699581244,2305.170595,616.459024586066,13022.70097,4438.4957842236,20.6848238717899,0,3.22141347729534
"481",2001.20273972603,151.789435697353,3350.28274881234,0,23.6393859042415,2536.49480429899,22985.3088254462,827.401556031154,27.2869342476665,4.93760534347911,21.4333699581244,2305.170595,616.459024586066,13022.70097,4438.4957842236,20.6848238717899,0,3.22141347729534
"482",2001.20273972603,151.789435697353,3350.28274881234,0,23.6393859042415,2536.49480429899,22985.3088254462,827.401556031154,27.2869342476665,4.93760534347911,21.4333699581244,2305.170595,616.459024586066,13022.70097,4438.4957842236,20.6848238717899,0,3.22141347729534
"483",2001.20273972603,151.789435697353,3350.28274881234,0,23.6393859042415,2536.49480429899,22985.3088254462,827.401556031154,27.2869342476665,4.93760534347911,21.4333699581244,2305.170595,616.459024586066,13022.70097,4438.4957842236,20.6848238717899,0,3.22141347729534
"484",2001.20273972603,151.789435697353,3350.28274881234,0,23.6393859042415,2536.49480429899,22985.3088254462,827.401556031154,27.2869342476665,4.93760534347911,21.4333699581244,2305.170595,616.459024586066,13022.70097,4438.4957842236,20.6848238717899,0,3.22141347729534
"485",2002,137.947662844456,3358.27612040265,0,11.5644032636463,2510.20215122351,23112.4340980163,642.283641999442,134.413278365202,22.8609892466588,105.718664495281,2305.170595,634.382408489246,13022.70097,4522.78107876075,20.2647406945589,0,1.69883003881948
"486",2002,137.947662844456,3358.27612040265,0,11.5644032636463,2510.20215122351,23112.4340980163,642.283641999442,0,0,0,2305.170595,634.382408489246,13022.70097,4522.78107876075,20.2647406945589,0,1.69883003881948
"487",2002,137.947662844456,3358.27612040265,0,11.5644032636463,2510.20215122351,23112.4340980163,642.283641999442,0,0,0,2305.170595,634.382408489246,13022.70097,4522.78107876075,20.2647406945589,0,1.69883003881948
"488",2002.00273972603,137.912748523516,3358.27947647637,0,11.5357974433076,2510.08766900462,23112.7860201949,641.714514749699,0.418361502269232,0.0601640675523498,0.33168728997751,2305.170595,634.442572556798,13022.70097,4523.11276605073,20.26139324573,0,1.6947768129071
"489",2002.00273972603,137.912748523516,3358.27947647637,0,11.5357974433076,2510.08766900462,23112.7860201949,641.714514749699,0.418361502269232,0.0601640675523498,0.33168728997751,2305.170595,634.442572556798,13022.70097,4523.11276605073,20.26139324573,0,1.6947768129071
"490",2002.00273972603,137.912748523516,3358.27947647637,0,11.5357974433076,2510.08766900462,23112.7860201949,641.714514749699,0.418361502269232,0.0601640675523498,0.33168728997751,2305.170595,634.442572556798,13022.70097,4523.11276605073,20.26139324573,0,1.6947768129071
"491",2002.00273972603,137.912748523516,3358.27947647637,0,11.5357974433076,2510.08766900462,23112.7860201949,641.714514749699,0.418361502269232,0.0601640675523498,0.33168728997751,2305.170595,634.442572556798,13022.70097,4523.11276605073,20.26139324573,0,1.6947768129071
"492",2002.00273972603,137.912748523516,3358.27947647637,0,11.5357974433076,2510.08766900462,23112.7860201949,641.714514749699,0.418361502269232,0.0601640675523498,0.33168728997751,2305.170595,634.442572556798,13022.70097,4523.11276605073,20.26139324573,0,1.6947768129071
"493",2002.00273972603,137.912748523516,3358.27947647637,0,11.5357974433076,2510.08766900462,23112.7860201949,641.714514749699,0.418361502269232,0.0601640675523498,0.33168728997751,2305.170595,634.442572556798,13022.70097,4523.11276605073,20.26139324573,0,1.6947768129071
"494",2002.20273972603,135.572530221412,3358.18850111634,0,9.6269846938603,2501.9400984401,23136.9793115345,601.467452234841,30.9403381901548,4.40017047913873,24.5330290298345,2305.170595,638.782578968385,13022.70097,4547.31410779058,20.0345050489633,0,1.42264714791739
"495",2002.20273972603,135.572530221412,3358.18850111634,0,9.6269846938603,2501.9400984401,23136.9793115345,601.467452234841,30.9403381901548,4.40017047913873,24.5330290298345,2305.170595,638.782578968385,13022.70097,4547.31410779058,20.0345050489633,0,1.42264714791739
"496",2002.20273972603,135.572530221412,3358.18850111634,0,9.6269846938603,2501.9400984401,23136.9793115345,601.467452234841,30.9403381901548,4.40017047913873,24.5330290298345,2305.170595,638.782578968385,13022.70097,4547.31410779058,20.0345050489633,0,1.42264714791739
"497",2002.20273972603,135.572530221412,3358.18850111634,0,9.6269846938603,2501.9400984401,23136.9793115345,601.467452234841,30.9403381901548,4.40017047913873,24.5330290298345,2305.170595,638.782578968385,13022.70097,4547.31410779058,20.0345050489633,0,1.42264714791739
"498",2002.20273972603,135.572530221412,3358.18850111634,0,9.6269846938603,2501.9400984401,23136.9793115345,601.467452234841,30.9403381901548,4.40017047913873,24.5330290298345,2305.170595,638.782578968385,13022.70097,4547.31410779058,20.0345050489633,0,1.42264714791739
"499",2002.20273972603,135.572530221412,3358.18850111634,0,9.6269846938603,2501.9400984401,23136.9793115345,601.467452234841,30.9403381901548,4.40017047913873,24.5330290298345,2305.170595,638.782578968385,13022.70097,4547.31410779058,20.0345050489633,0,1.42264714791739
"500",2002.20273972603,135.572530221412,3358.18850111634,0,9.6269846938603,2501.9400984401,23136.9793115345,601.467452234841,30.9403381901548,4.40017047913873,24.5330290298345,2305.170595,638.782578968385,13022.70097,4547.31410779058,20.0345050489633,0,1.42264714791739
"501",2003,129.326901464353,3352.87633442809,0,4.67470878127486,2473.15016880053,23206.9951944633,464.127600938877,152.29736322746,20.9102418370282,120.646927036514,2305.170595,655.292650326274,13022.70097,4643.42800579726,19.3840781590505,0,0.700665672501311
"502",2003,129.326901464353,3352.87633442809,0,4.67470878127486,2473.15016880053,23206.9951944633,464.127600938877,0,0,0,2305.170595,655.292650326274,13022.70097,4643.42800579726,19.3840781590505,0,0.700665672501311
"503",2003,129.326901464353,3352.87633442809,0,4.67470878127486,2473.15016880053,23206.9951944633,464.127600938877,0,0,0,2305.170595,655.292650326274,13022.70097,4643.42800579726,19.3840781590505,0,0.700665672501311
"504",2003.00273972603,129.311763417042,3352.84805174533,0,4.66310729288941,2473.06160762952,23207.1704249784,463.713423501411,0.414152119133876,0.0550222184620451,0.327508093425824,2305.170595,655.347672544736,13022.70097,4643.75551389069,19.382505809725,0,0.698951911314579
"505",2003.00273972603,129.311763417042,3352.84805174533,0,4.66310729288941,2473.06160762952,23207.1704249784,463.713423501411,0.414152119133876,0.0550222184620451,0.327508093425824,2305.170595,655.347672544736,13022.70097,4643.75551389069,19.382505809725,0,0.698951911314579
"506",2003.00273972603,129.311763417042,3352.84805174533,0,4.66310729288941,2473.06160762952,23207.1704249784,463.713423501411,0.414152119133876,0.0550222184620451,0.327508093425824,2305.170595,655.347672544736,13022.70097,4643.75551389069,19.382505809725,0,0.698951911314579
"507",2003.00273972603,129.311763417042,3352.84805174533,0,4.66310729288941,2473.06160762952,23207.1704249784,463.713423501411,0.414152119133876,0.0550222184620451,0.327508093425824,2305.170595,655.347672544736,13022.70097,4643.75551389069,19.382505809725,0,0.698951911314579
"508",2003.00273972603,129.311763417042,3352.84805174533,0,4.66310729288941,2473.06160762952,23207.1704249784,463.713423501411,0.414152119133876,0.0550222184620451,0.327508093425824,2305.170595,655.347672544736,13022.70097,4643.75551389069,19.382505809725,0,0.698951911314579
"509",2003.00273972603,129.311763417042,3352.84805174533,0,4.66310729288941,2473.06160762952,23207.1704249784,463.713423501411,0.414152119133876,0.0550222184620451,0.327508093425824,2305.170595,655.347672544736,13022.70097,4643.75551389069,19.382505809725,0,0.698951911314579
"510",2003.20273972603,128.290964057046,3350.64899261671,0,3.88939585633656,2466.74336559533,23218.881796828,434.437395462537,30.6365229979708,4.04859214362679,24.2104063168517,2305.170595,659.341242469901,13022.70097,4667.63841211412,19.2758276711978,0,0.584385072034205
"511",2003.20273972603,128.290964057046,3350.64899261671,0,3.88939585633656,2466.74336559533,23218.881796828,434.437395462537,30.6365229979708,4.04859214362679,24.2104063168517,2305.170595,659.341242469901,13022.70097,4667.63841211412,19.2758276711978,0,0.584385072034205
"512",2003.20273972603,128.290964057046,3350.64899261671,0,3.88939585633656,2466.74336559533,23218.881796828,434.437395462537,30.6365229979708,4.04859214362679,24.2104063168517,2305.170595,659.341242469901,13022.70097,4667.63841211412,19.2758276711978,0,0.584385072034205
"513",2003.20273972603,128.290964057046,3350.64899261671,0,3.88939585633656,2466.74336559533,23218.881796828,434.437395462537,30.6365229979708,4.04859214362679,24.2104063168517,2305.170595,659.341242469901,13022.70097,4667.63841211412,19.2758276711978,0,0.584385072034205
"514",2003.20273972603,128.290964057046,3350.64899261671,0,3.88939585633656,2466.74336559533,23218.881796828,434.437395462537,30.6365229979708,4.04859214362679,24.2104063168517,2305.170595,659.341242469901,13022.70097,4667.63841211412,19.2758276711978,0,0.584385072034205
"515",2003.20273972603,128.290964057046,3350.64899261671,0,3.88939585633656,2466.74336559533,23218.881796828,434.437395462537,30.6365229979708,4.04859214362679,24.2104063168517,2305.170595,659.341242469901,13022.70097,4667.63841211412,19.2758276711978,0,0.584385072034205
"516",2003.20273972603,128.290964057046,3350.64899261671,0,3.88939585633656,2466.74336559533,23218.881796828,434.437395462537,30.6365229979708,4.04859214362679,24.2104063168517,2305.170595,659.341242469901,13022.70097,4667.63841211412,19.2758276711978,0,0.584385072034205
"517",2004,125.464275154786,3339.91040325726,0,1.88599606908942,2444.13416698697,23246.519730336,334.733580088567,150.940541564484,19.6172701925783,118.885486791209,2305.170595,674.909920518852,13022.70097,4762.31349258847,8.50431827375736,0,0.127838070357511
"518",2004,125.464275154786,3339.91040325726,0,1.88599606908942,2444.13416698697,23246.519730336,334.733580088567,0,0,0,2305.170595,674.909920518852,13022.70097,4762.31349258847,8.50431827375736,0,0.127838070357511
"519",2004,125.464275154786,3339.91040325726,0,1.88599606908942,2444.13416698697,23246.519730336,334.733580088567,0,0,0,2305.170595,674.909920518852,13022.70097,4762.31349258847,8.50431827375736,0,0.127838070357511
"520",2004.00273972603,125.485731341481,3339.86955449314,0,1.8817387428671,2444.26813795029,23246.5677388421,334.461296690487,0.0702482811801763,0.0236499036485269,0.090303928619165,2305.170595,674.9335704225,13022.70097,4762.40379651709,8.50474121336146,0,0.127534030109689
"521",2004.00273972603,125.485731341481,3339.86955449314,0,1.8817387428671,2444.26813795029,23246.5677388421,334.461296690487,0.0702482811801763,0.0236499036485269,0.090303928619165,2305.170595,674.9335704225,13022.70097,4762.40379651709,8.50474121336146,0,0.127534030109689
"522",2004.00273972603,125.485731341481,3339.86955449314,0,1.8817387428671,2444.26813795029,23246.5677388421,334.461296690487,0.0702482811801763,0.0236499036485269,0.090303928619165,2305.170595,674.9335704225,13022.70097,4762.40379651709,8.50474121336146,0,0.127534030109689
"523",2004.00273972603,125.485731341481,3339.86955449314,0,1.8817387428671,2444.26813795029,23246.5677388421,334.461296690487,0.0702482811801763,0.0236499036485269,0.090303928619165,2305.170595,674.9335704225,13022.70097,4762.40379651709,8.50474121336146,0,0.127534030109689
"524",2004.00273972603,125.485731341481,3339.86955449314,0,1.8817387428671,2444.26813795029,23246.5677388421,334.461296690487,0.0702482811801763,0.0236499036485269,0.090303928619165,2305.170595,674.9335704225,13022.70097,4762.40379651709,8.50474121336146,0,0.127534030109689
"525",2004.00273972603,125.485731341481,3339.86955449314,0,1.8817387428671,2444.26813795029,23246.5677388421,334.461296690487,0.0702482811801763,0.0236499036485269,0.090303928619165,2305.170595,674.9335704225,13022.70097,4762.40379651709,8.50474121336146,0,0.127534030109689
"526",2004.20273972603,126.925566427507,3336.98857412173,0,1.59565569034944,2453.7599591736,23249.7750227193,315.170004800979,5.1983728071827,1.75087824155418,6.68249071762493,2305.170595,676.660798760406,13022.70097,4768.99598330609,8.53231499861944,0,0.107264732887184
"527",2004.20273972603,126.925566427507,3336.98857412173,0,1.59565569034944,2453.7599591736,23249.7750227193,315.170004800979,5.1983728071827,1.75087824155418,6.68249071762493,2305.170595,676.660798760406,13022.70097,4768.99598330609,8.53231499861944,0,0.107264732887184
"528",2004.20273972603,126.925566427507,3336.98857412173,0,1.59565569034944,2453.7599591736,23249.7750227193,315.170004800979,5.1983728071827,1.75087824155418,6.68249071762493,2305.170595,676.660798760406,13022.70097,4768.99598330609,8.53231499861944,0,0.107264732887184
"529",2004.20273972603,126.925566427507,3336.98857412173,0,1.59565569034944,2453.7599591736,23249.7750227193,315.170004800979,5.1983728071827,1.75087824155418,6.68249071762493,2305.170595,676.660798760406,13022.70097,4768.99598330609,8.53231499861944,0,0.107264732887184
"530",2004.20273972603,126.925566427507,3336.98857412173,0,1.59565569034944,2453.7599591736,23249.7750227193,315.170004800979,5.1983728071827,1.75087824155418,6.68249071762493,2305.170595,676.660798760406,13022.70097,4768.99598330609,8.53231499861944,0,0.107264732887184
"531",2004.20273972603,126.925566427507,3336.98857412173,0,1.59565569034944,2453.7599591736,23249.7750227193,315.170004800979,5.1983728071827,1.75087824155418,6.68249071762493,2305.170595,676.660798760406,13022.70097,4768.99598330609,8.53231499861944,0,0.107264732887184
"532",2004.20273972603,126.925566427507,3336.98857412173,0,1.59565569034944,2453.7599591736,23249.7750227193,315.170004800979,5.1983728071827,1.75087824155418,6.68249071762493,2305.170595,676.660798760406,13022.70097,4768.99598330609,8.53231499861944,0,0.107264732887184
"533",2005,130.744374638924,3327.04349329515,0,0.827585748768667,2486.42917657269,23257.3059192496,248.691411980672,25.6406382210802,8.64522079830347,32.960969608524,2305.170595,683.555141317155,13022.70097,4795.274462197,5.35948148536999,0,0.0339244461593935
"534",2005,130.744374638924,3327.04349329515,0,0.827585748768667,2486.42917657269,23257.3059192496,248.691411980672,0,0,0,2305.170595,683.555141317155,13022.70097,4795.274462197,5.35948148536999,0,0.0339244461593935
"535",2005,130.744374638924,3327.04349329515,0,0.827585748768667,2486.42917657269,23257.3059192496,248.691411980672,0,0,0,2305.170595,683.555141317155,13022.70097,4795.274462197,5.35948148536999,0,0.0339244461593935
"536",2005.00273972603,130.762323539799,3327.01257462175,0,0.825778219077564,2486.47471512404,23257.3187567332,248.483618384845,0.0960883738579272,0.0147773022145957,0.149417560855173,2305.170595,683.56991861937,13022.70097,4795.42387975785,5.36017715748856,0,0.0338500986157832
"537",2005.00273972603,130.762323539799,3327.01257462175,0,0.825778219077564,2486.47471512404,23257.3187567332,248.483618384845,0.0960883738579272,0.0147773022145957,0.149417560855173,2305.170595,683.56991861937,13022.70097,4795.42387975785,5.36017715748856,0,0.0338500986157832
"538",2005.00273972603,130.762323539799,3327.01257462175,0,0.825778219077564,2486.47471512404,23257.3187567332,248.483618384845,0.0960883738579272,0.0147773022145957,0.149417560855173,2305.170595,683.56991861937,13022.70097,4795.42387975785,5.36017715748856,0,0.0338500986157832
"539",2005.00273972603,130.762323539799,3327.01257462175,0,0.825778219077564,2486.47471512404,23257.3187567332,248.483618384845,0.0960883738579272,0.0147773022145957,0.149417560855173,2305.170595,683.56991861937,13022.70097,4795.42387975785,5.36017715748856,0,0.0338500986157832
"540",2005.00273972603,130.762323539799,3327.01257462175,0,0.825778219077564,2486.47471512404,23257.3187567332,248.483618384845,0.0960883738579272,0.0147773022145957,0.149417560855173,2305.170595,683.56991861937,13022.70097,4795.42387975785,5.36017715748856,0,0.0338500986157832
"541",2005.00273972603,130.762323539799,3327.01257462175,0,0.825778219077564,2486.47471512404,23257.3187567332,248.483618384845,0.0960883738579272,0.0147773022145957,0.149417560855173,2305.170595,683.56991861937,13022.70097,4795.42387975785,5.36017715748856,0,0.0338500986157832
"542",2005.20273972603,131.965272868407,3324.84836312911,0,0.703956484075417,2489.63777219248,23257.9167004626,233.768361533431,7.1171897406937,1.09786120124799,11.1036736144835,2305.170595,684.653002518403,13022.70097,4806.37813581148,5.40675742036198,0,0.0288418449881285
"543",2005.20273972603,131.965272868407,3324.84836312911,0,0.703956484075417,2489.63777219248,23257.9167004626,233.768361533431,7.1171897406937,1.09786120124799,11.1036736144835,2305.170595,684.653002518403,13022.70097,4806.37813581148,5.40675742036198,0,0.0288418449881285
"544",2005.20273972603,131.965272868407,3324.84836312911,0,0.703956484075417,2489.63777219248,23257.9167004626,233.768361533431,7.1171897406937,1.09786120124799,11.1036736144835,2305.170595,684.653002518403,13022.70097,4806.37813581148,5.40675742036198,0,0.0288418449881285
"545",2005.20273972603,131.965272868407,3324.84836312911,0,0.703956484075417,2489.63777219248,23257.9167004626,233.768361533431,7.1171897406937,1.09786120124799,11.1036736144835,2305.170595,684.653002518403,13022.70097,4806.37813581148,5.40675742036198,0,0.0288418449881285
"546",2005.20273972603,131.965272868407,3324.84836312911,0,0.703956484075417,2489.63777219248,23257.9167004626,233.768361533431,7.1171897406937,1.09786120124799,11.1036736144835,2305.170595,684.653002518403,13022.70097,4806.37813581148,5.40675742036198,0,0.0288418449881285
"547",2005.20273972603,131.965272868407,3324.84836312911,0,0.703956484075417,2489.63777219248,23257.9167004626,233.768361533431,7.1171897406937,1.09786120124799,11.1036736144835,2305.170595,684.653002518403,13022.70097,4806.37813581148,5.40675742036198,0,0.0288418449881285
"548",2005.20273972603,131.965272868407,3324.84836312911,0,0.703956484075417,2489.63777219248,23257.9167004626,233.768361533431,7.1171897406937,1.09786120124799,11.1036736144835,2305.170595,684.653002518403,13022.70097,4806.37813581148,5.40675742036198,0,0.0288418449881285
"549",2006,135.138949685762,3317.62397471248,0,0.372595626306138,2499.5213379184,23254.2393914166,183.197499458401,35.2022083322929,5.47993365828677,55.4682790095986,2305.170595,689.035074975442,13022.70097,4850.74274120659,20.1517087490889,0,0.0555608768601875
"550",2006,135.138949685762,3317.62397471248,0,0.372595626306138,2499.5213379184,23254.2393914166,183.197499458401,0,0,0,2305.170595,689.035074975442,13022.70097,4850.74274120659,20.1517087490889,0,0.0555608768601875
"551",2006,135.138949685762,3317.62397471248,0,0.372595626306138,2499.5213379184,23254.2393914166,183.197499458401,0,0,0,2305.170595,689.035074975442,13022.70097,4850.74274120659,20.1517087490889,0,0.0555608768601875
"552",2006.00273972603,135.106455350807,3317.60203609869,0,0.371671714479838,2499.39697444872,23254.2115217231,183.032803835197,0.407882801776315,0.055356860576549,0.31692878640538,2305.170595,689.090431836019,13022.70097,4851.059669993,20.147792585521,0,0.0554256611484703
"553",2006.00273972603,135.106455350807,3317.60203609869,0,0.371671714479838,2499.39697444872,23254.2115217231,183.032803835197,0.407882801776315,0.055356860576549,0.31692878640538,2305.170595,689.090431836019,13022.70097,4851.059669993,20.147792585521,0,0.0554256611484703
"554",2006.00273972603,135.106455350807,3317.60203609869,0,0.371671714479838,2499.39697444872,23254.2115217231,183.032803835197,0.407882801776315,0.055356860576549,0.31692878640538,2305.170595,689.090431836019,13022.70097,4851.059669993,20.147792585521,0,0.0554256611484703
"555",2006.00273972603,135.106455350807,3317.60203609869,0,0.371671714479838,2499.39697444872,23254.2115217231,183.032803835197,0.407882801776315,0.055356860576549,0.31692878640538,2305.170595,689.090431836019,13022.70097,4851.059669993,20.147792585521,0,0.0554256611484703
"556",2006.00273972603,135.106455350807,3317.60203609869,0,0.371671714479838,2499.39697444872,23254.2115217231,183.032803835197,0.407882801776315,0.055356860576549,0.31692878640538,2305.170595,689.090431836019,13022.70097,4851.059669993,20.147792585521,0,0.0554256611484703
"557",2006.00273972603,135.106455350807,3317.60203609869,0,0.371671714479838,2499.39697444872,23254.2115217231,183.032803835197,0.407882801776315,0.055356860576549,0.31692878640538,2305.170595,689.090431836019,13022.70097,4851.059669993,20.147792585521,0,0.0554256611484703
"558",2006.20273972603,132.92812142285,3315.82935879781,0,0.310047574069028,2490.54569862207,23251.58705522,171.397230163245,30.1710122292997,4.06799222981922,23.4282447881247,2305.170595,693.103067205261,13022.70097,4874.17098599472,19.8841557824021,0,0.0463787060010663
"559",2006.20273972603,132.92812142285,3315.82935879781,0,0.310047574069028,2490.54569862207,23251.58705522,171.397230163245,30.1710122292997,4.06799222981922,23.4282447881247,2305.170595,693.103067205261,13022.70097,4874.17098599472,19.8841557824021,0,0.0463787060010663
"560",2006.20273972603,132.92812142285,3315.82935879781,0,0.310047574069028,2490.54569862207,23251.58705522,171.397230163245,30.1710122292997,4.06799222981922,23.4282447881247,2305.170595,693.103067205261,13022.70097,4874.17098599472,19.8841557824021,0,0.0463787060010663
"561",2006.20273972603,132.92812142285,3315.82935879781,0,0.310047574069028,2490.54569862207,23251.58705522,171.397230163245,30.1710122292997,4.06799222981922,23.4282447881247,2305.170595,693.103067205261,13022.70097,4874.17098599472,19.8841557824021,0,0.0463787060010663
"562",2006.20273972603,132.92812142285,3315.82935879781,0,0.310047574069028,2490.54569862207,23251.58705522,171.397230163245,30.1710122292997,4.06799222981922,23.4282447881247,2305.170595,693.103067205261,13022.70097,4874.17098599472,19.8841557824021,0,0.0463787060010663
"563",2006.20273972603,132.92812142285,3315.82935879781,0,0.310047574069028,2490.54569862207,23251.58705522,171.397230163245,30.1710122292997,4.06799222981922,23.4282447881247,2305.170595,693.103067205261,13022.70097,4874.17098599472,19.8841557824021,0,0.0463787060010663
"564",2006.20273972603,132.92812142285,3315.82935879781,0,0.310047574069028,2490.54569862207,23251.58705522,171.397230163245,30.1710122292997,4.06799222981922,23.4282447881247,2305.170595,693.103067205261,13022.70097,4874.17098599472,19.8841557824021,0,0.0463787060010663
"565",2007,127.104979987193,3306.24807031203,0,0.150406886233232,2459.2677938898,23230.7409298739,131.85683151527,148.617490453952,19.6320628390931,115.092673514485,2305.170595,708.667137814535,13022.70097,4965.83541472108,19.3967698473829,0,0.0229527415528601
"566",2007,127.104979987193,3306.24807031203,0,0.150406886233232,2459.2677938898,23230.7409298739,131.85683151527,0,0,0,2305.170595,708.667137814535,13022.70097,4965.83541472108,19.3967698473829,0,0.0229527415528601
"567",2007,127.104979987193,3306.24807031203,0,0.150406886233232,2459.2677938898,23230.7409298739,131.85683151527,0,0,0,2305.170595,708.667137814535,13022.70097,4965.83541472108,19.3967698473829,0,0.0229527415528601
"568",2007.00273972603,127.090157248425,3306.21006539522,0,0.150032496596798,2459.16346324888,23230.6436753573,131.737540797343,0.435120794214719,0.0532020452160151,0.320875875352036,2305.170595,708.720339859751,13022.70097,4966.15629059643,19.394868328273,0,0.0228960336461701
"569",2007.00273972603,127.090157248425,3306.21006539522,0,0.150032496596798,2459.16346324888,23230.6436753573,131.737540797343,0.435120794214719,0.0532020452160151,0.320875875352036,2305.170595,708.720339859751,13022.70097,4966.15629059643,19.394868328273,0,0.0228960336461701
"570",2007.00273972603,127.090157248425,3306.21006539522,0,0.150032496596798,2459.16346324888,23230.6436753573,131.737540797343,0.435120794214719,0.0532020452160151,0.320875875352036,2305.170595,708.720339859751,13022.70097,4966.15629059643,19.394868328273,0,0.0228960336461701
"571",2007.00273972603,127.090157248425,3306.21006539522,0,0.150032496596798,2459.16346324888,23230.6436753573,131.737540797343,0.435120794214719,0.0532020452160151,0.320875875352036,2305.170595,708.720339859751,13022.70097,4966.15629059643,19.394868328273,0,0.0228960336461701
"572",2007.00273972603,127.090157248425,3306.21006539522,0,0.150032496596798,2459.16346324888,23230.6436753573,131.737540797343,0.435120794214719,0.0532020452160151,0.320875875352036,2305.170595,708.720339859751,13022.70097,4966.15629059643,19.394868328273,0,0.0228960336461701
"573",2007.00273972603,127.090157248425,3306.21006539522,0,0.150032496596798,2459.16346324888,23230.6436753573,131.737540797343,0.435120794214719,0.0532020452160151,0.320875875352036,2305.170595,708.720339859751,13022.70097,4966.15629059643,19.394868328273,0,0.0228960336461701
"574",2007.20273972603,126.090718380536,3303.3644761746,0,0.125073070773804,2451.79106657239,23223.1073780082,123.315559356231,32.1905793695451,3.92318955954819,23.6515513420759,2305.170595,712.590327374083,13022.70097,4989.48696606315,19.2664355532462,0,0.0191109408246663
"575",2007.20273972603,126.090718380536,3303.3644761746,0,0.125073070773804,2451.79106657239,23223.1073780082,123.315559356231,32.1905793695451,3.92318955954819,23.6515513420759,2305.170595,712.590327374083,13022.70097,4989.48696606315,19.2664355532462,0,0.0191109408246663
"576",2007.20273972603,126.090718380536,3303.3644761746,0,0.125073070773804,2451.79106657239,23223.1073780082,123.315559356231,32.1905793695451,3.92318955954819,23.6515513420759,2305.170595,712.590327374083,13022.70097,4989.48696606315,19.2664355532462,0,0.0191109408246663
"577",2007.20273972603,126.090718380536,3303.3644761746,0,0.125073070773804,2451.79106657239,23223.1073780082,123.315559356231,32.1905793695451,3.92318955954819,23.6515513420759,2305.170595,712.590327374083,13022.70097,4989.48696606315,19.2664355532462,0,0.0191109408246663
"578",2007.20273972603,126.090718380536,3303.3644761746,0,0.125073070773804,2451.79106657239,23223.1073780082,123.315559356231,32.1905793695451,3.92318955954819,23.6515513420759,2305.170595,712.590327374083,13022.70097,4989.48696606315,19.2664355532462,0,0.0191109408246663
"579",2007.20273972603,126.090718380536,3303.3644761746,0,0.125073070773804,2451.79106657239,23223.1073780082,123.315559356231,32.1905793695451,3.92318955954819,23.6515513420759,2305.170595,712.590327374083,13022.70097,4989.48696606315,19.2664355532462,0,0.0191109408246663
"580",2007.20273972603,126.090718380536,3303.3644761746,0,0.125073070773804,2451.79106657239,23223.1073780082,123.315559356231,32.1905793695451,3.92318955954819,23.6515513420759,2305.170595,712.590327374083,13022.70097,4989.48696606315,19.2664355532462,0,0.0191109408246663
"581",2008,123.323208154832,3290.98162847098,0,0.060537764594345,2426.41943872263,23185.4860795981,94.7706167580134,158.645068205649,19.1380827950542,115.189420200156,2305.170595,727.805220609589,13022.70097,5081.02483492123,18.8937176169818,0,0.00927468111251899
"582",2008,123.323208154832,3290.98162847098,0,0.060537764594345,2426.41943872263,23185.4860795981,94.7706167580134,0,0,0,2305.170595,727.805220609589,13022.70097,5081.02483492123,18.8937176169818,0,0.00927468111251899
"583",2008,123.323208154832,3290.98162847098,0,0.060537764594345,2426.41943872263,23185.4860795981,94.7706167580134,0,0,0,2305.170595,727.805220609589,13022.70097,5081.02483492123,18.8937176169818,0,0.00927468111251899
"584",2008.00273972603,123.31620374318,3290.93699592257,0,0.060386975735625,2426.34154333059,23185.3383462004,94.6849110840942,0.432153788229818,0.051787748913374,0.311334463632743,2305.170595,727.857008358503,13022.70097,5081.33616938486,18.8928091942627,0,0.00925166016923249
"585",2008.00273972603,123.31620374318,3290.93699592257,0,0.060386975735625,2426.34154333059,23185.3383462004,94.6849110840942,0.432153788229818,0.051787748913374,0.311334463632743,2305.170595,727.857008358503,13022.70097,5081.33616938486,18.8928091942627,0,0.00925166016923249
"586",2008.00273972603,123.31620374318,3290.93699592257,0,0.060386975735625,2426.34154333059,23185.3383462004,94.6849110840942,0.432153788229818,0.051787748913374,0.311334463632743,2305.170595,727.857008358503,13022.70097,5081.33616938486,18.8928091942627,0,0.00925166016923249
"587",2008.00273972603,123.31620374318,3290.93699592257,0,0.060386975735625,2426.34154333059,23185.3383462004,94.6849110840942,0.432153788229818,0.051787748913374,0.311334463632743,2305.170595,727.857008358503,13022.70097,5081.33616938486,18.8928091942627,0,0.00925166016923249
"588",2008.00273972603,123.31620374318,3290.93699592257,0,0.060386975735625,2426.34154333059,23185.3383462004,94.6849110840942,0.432153788229818,0.051787748913374,0.311334463632743,2305.170595,727.857008358503,13022.70097,5081.33616938486,18.8928091942627,0,0.00925166016923249
"589",2008.00273972603,123.31620374318,3290.93699592257,0,0.060386975735625,2426.34154333059,23185.3383462004,94.6849110840942,0.432153788229818,0.051787748913374,0.311334463632743,2305.170595,727.857008358503,13022.70097,5081.33616938486,18.8928091942627,0,0.00925166016923249
"590",2008.20273972603,122.83779716935,3287.65154519058,0,0.0503355483803868,2420.79989126894,23174.2524031483,88.6330944890452,31.975134483719,3.82569648209279,22.990746172498,2305.170595,731.630917091682,13022.70097,5104.01558109372,18.8307084329276,0,0.00771630603287218
"591",2008.20273972603,122.83779716935,3287.65154519058,0,0.0503355483803868,2420.79989126894,23174.2524031483,88.6330944890452,31.975134483719,3.82569648209279,22.990746172498,2305.170595,731.630917091682,13022.70097,5104.01558109372,18.8307084329276,0,0.00771630603287218
"592",2008.20273972603,122.83779716935,3287.65154519058,0,0.0503355483803868,2420.79989126894,23174.2524031483,88.6330944890452,31.975134483719,3.82569648209279,22.990746172498,2305.170595,731.630917091682,13022.70097,5104.01558109372,18.8307084329276,0,0.00771630603287218
"593",2008.20273972603,122.83779716935,3287.65154519058,0,0.0503355483803868,2420.79989126894,23174.2524031483,88.6330944890452,31.975134483719,3.82569648209279,22.990746172498,2305.170595,731.630917091682,13022.70097,5104.01558109372,18.8307084329276,0,0.00771630603287218
"594",2008.20273972603,122.83779716935,3287.65154519058,0,0.0503355483803868,2420.79989126894,23174.2524031483,88.6330944890452,31.975134483719,3.82569648209279,22.990746172498,2305.170595,731.630917091682,13022.70097,5104.01558109372,18.8307084329276,0,0.00771630603287218
"595",2008.20273972603,122.83779716935,3287.65154519058,0,0.0503355483803868,2420.79989126894,23174.2524031483,88.6330944890452,31.975134483719,3.82569648209279,22.990746172498,2305.170595,731.630917091682,13022.70097,5104.01558109372,18.8307084329276,0,0.00771630603287218
"596",2008.20273972603,122.83779716935,3287.65154519058,0,0.0503355483803868,2420.79989126894,23174.2524031483,88.6330944890452,31.975134483719,3.82569648209279,22.990746172498,2305.170595,731.630917091682,13022.70097,5104.01558109372,18.8307084329276,0,0.00771630603287218
"597",2009,121.415284084609,3274.16206963819,0,0.0243572805084865,2401.14818915123,23124.8075772727,68.1115742850321,157.645626627503,18.7636633870931,112.608794369796,2305.170595,746.568883996683,13022.70097,5193.63362929102,11.1478939324895,0,0.00223639372620734
"598",2009,121.415284084609,3274.16206963819,0,0.0243572805084865,2401.14818915123,23124.8075772727,68.1115742850321,0,0,0,2305.170595,746.568883996683,13022.70097,5193.63362929102,11.1478939324895,0,0.00223639372620734
"599",2009,121.415284084609,3274.16206963819,0,0.0243572805084865,2401.14818915123,23124.8075772727,68.1115742850321,0,0,0,2305.170595,746.568883996683,13022.70097,5193.63362929102,11.1478939324895,0,0.00223639372620734
"600",2009.00273972603,121.431895447184,3274.11496522939,0,0.0243006976172617,2401.24234226807,23124.6248936749,68.0543649768309,0.107166874412169,0.0305496291209363,0.145739789165921,2305.170595,746.599433625803,13022.70097,5193.77936908019,11.1488771334086,0,0.00223109003605071
"601",2009.00273972603,121.431895447184,3274.11496522939,0,0.0243006976172617,2401.24234226807,23124.6248936749,68.0543649768309,0.107166874412169,0.0305496291209363,0.145739789165921,2305.170595,746.599433625803,13022.70097,5193.77936908019,11.1488771334086,0,0.00223109003605071
"602",2009.00273972603,121.431895447184,3274.11496522939,0,0.0243006976172617,2401.24234226807,23124.6248936749,68.0543649768309,0.107166874412169,0.0305496291209363,0.145739789165921,2305.170595,746.599433625803,13022.70097,5193.77936908019,11.1488771334086,0,0.00223109003605071
"603",2009.00273972603,121.431895447184,3274.11496522939,0,0.0243006976172617,2401.24234226807,23124.6248936749,68.0543649768309,0.107166874412169,0.0305496291209363,0.145739789165921,2305.170595,746.599433625803,13022.70097,5193.77936908019,11.1488771334086,0,0.00223109003605071
"604",2009.00273972603,121.431895447184,3274.11496522939,0,0.0243006976172617,2401.24234226807,23124.6248936749,68.0543649768309,0.107166874412169,0.0305496291209363,0.145739789165921,2305.170595,746.599433625803,13022.70097,5193.77936908019,11.1488771334086,0,0.00223109003605071
"605",2009.00273972603,121.431895447184,3274.11496522939,0,0.0243006976172617,2401.24234226807,23124.6248936749,68.0543649768309,0.107166874412169,0.0305496291209363,0.145739789165921,2305.170595,746.599433625803,13022.70097,5193.77936908019,11.1488771334086,0,0.00223109003605071
"606",2009.20273972603,122.538668449944,3270.77507468312,0,0.0205069024629382,2407.8677073867,23111.4094339203,64.0054550034824,7.93075213738113,2.26746096778374,10.7847443984783,2305.170595,748.836344964466,13022.70097,5204.4183736895,11.2140137004543,0,0.00187667034481616
"607",2009.20273972603,122.538668449944,3270.77507468312,0,0.0205069024629382,2407.8677073867,23111.4094339203,64.0054550034824,7.93075213738113,2.26746096778374,10.7847443984783,2305.170595,748.836344964466,13022.70097,5204.4183736895,11.2140137004543,0,0.00187667034481616
"608",2009.20273972603,122.538668449944,3270.77507468312,0,0.0205069024629382,2407.8677073867,23111.4094339203,64.0054550034824,7.93075213738113,2.26746096778374,10.7847443984783,2305.170595,748.836344964466,13022.70097,5204.4183736895,11.2140137004543,0,0.00187667034481616
"609",2009.20273972603,122.538668449944,3270.77507468312,0,0.0205069024629382,2407.8677073867,23111.4094339203,64.0054550034824,7.93075213738113,2.26746096778374,10.7847443984783,2305.170595,748.836344964466,13022.70097,5204.4183736895,11.2140137004543,0,0.00187667034481616
"610",2009.20273972603,122.538668449944,3270.77507468312,0,0.0205069024629382,2407.8677073867,23111.4094339203,64.0054550034824,7.93075213738113,2.26746096778374,10.7847443984783,2305.170595,748.836344964466,13022.70097,5204.4183736895,11.2140137004543,0,0.00187667034481616
"611",2009.20273972603,122.538668449944,3270.77507468312,0,0.0205069024629382,2407.8677073867,23111.4094339203,64.0054550034824,7.93075213738113,2.26746096778374,10.7847443984783,2305.170595,748.836344964466,13022.70097,5204.4183736895,11.2140137004543,0,0.00187667034481616
"612",2009.20273972603,122.538668449944,3270.77507468312,0,0.0205069024629382,2407.8677073867,23111.4094339203,64.0054550034824,7.93075213738113,2.26746096778374,10.7847443984783,2305.170595,748.836344964466,13022.70097,5204.4183736895,11.2140137004543,0,0.00187667034481616
"613",2010,125.363055505391,3258.94576949695,0,0.0104287562302946,2429.89171751175,23060.8569396897,50.1236604653132,39.1226574732783,11.2824572447422,53.1950230422121,2305.170595,757.851341241425,13022.70097,5246.82865233324,5.17536778215217,0,0.00043053073957554
"614",2010,125.363055505391,3258.94576949695,0,0.0104287562302946,2429.89171751175,23060.8569396897,50.1236604653132,0,0,0,2305.170595,757.851341241425,13022.70097,5246.82865233324,5.17536778215217,0,0.00043053073957554
"615",2010,125.363055505391,3258.94576949695,0,0.0104287562302946,2429.89171751175,23060.8569396897,50.1236604653132,0,0,0,2305.170595,757.851341241425,13022.70097,5246.82865233324,5.17536778215217,0,0.00043053073957554
"616",2010.00273972603,125.386445377729,3258.90822087103,0,0.0104059705061322,2429.95979987977,23060.6884944583,50.0816404744091,0.10252680258449,0.0141815393061546,0.14238285430631,2305.170595,757.865522780731,13022.70097,5246.97103518755,5.17629904349252,0,0.000429587225439207
"617",2010.00273972603,125.386445377729,3258.90822087103,0,0.0104059705061322,2429.95979987977,23060.6884944583,50.0816404744091,0.10252680258449,0.0141815393061546,0.14238285430631,2305.170595,757.865522780731,13022.70097,5246.97103518755,5.17629904349252,0,0.000429587225439207
"618",2010.00273972603,125.386445377729,3258.90822087103,0,0.0104059705061322,2429.95979987977,23060.6884944583,50.0816404744091,0.10252680258449,0.0141815393061546,0.14238285430631,2305.170595,757.865522780731,13022.70097,5246.97103518755,5.17629904349252,0,0.000429587225439207
"619",2010.00273972603,125.386445377729,3258.90822087103,0,0.0104059705061322,2429.95979987977,23060.6884944583,50.0816404744091,0.10252680258449,0.0141815393061546,0.14238285430631,2305.170595,757.865522780731,13022.70097,5246.97103518755,5.17629904349252,0,0.000429587225439207
"620",2010.00273972603,125.386445377729,3258.90822087103,0,0.0104059705061322,2429.95979987977,23060.6884944583,50.0816404744091,0.10252680258449,0.0141815393061546,0.14238285430631,2305.170595,757.865522780731,13022.70097,5246.97103518755,5.17629904349252,0,0.000429587225439207
"621",2010.00273972603,125.386445377729,3258.90822087103,0,0.0104059705061322,2429.95979987977,23060.6884944583,50.0816404744091,0.10252680258449,0.0141815393061546,0.14238285430631,2305.170595,757.865522780731,13022.70097,5246.97103518755,5.17629904349252,0,0.000429587225439207
"622",2010.20273972603,126.954562110023,3256.29988523157,0,0.00887032403536721,2434.67678401784,23048.4852197107,47.1062305827904,7.60049154535289,1.05593609293878,10.6040833553934,2305.170595,758.907277334363,13022.70097,5257.43273568864,5.23865081309123,0,0.000366024894638981
"623",2010.20273972603,126.954562110023,3256.29988523157,0,0.00887032403536721,2434.67678401784,23048.4852197107,47.1062305827904,7.60049154535289,1.05593609293878,10.6040833553934,2305.170595,758.907277334363,13022.70097,5257.43273568864,5.23865081309123,0,0.000366024894638981
"624",2010.20273972603,126.954562110023,3256.29988523157,0,0.00887032403536721,2434.67678401784,23048.4852197107,47.1062305827904,7.60049154535289,1.05593609293878,10.6040833553934,2305.170595,758.907277334363,13022.70097,5257.43273568864,5.23865081309123,0,0.000366024894638981
"625",2010.20273972603,126.954562110023,3256.29988523157,0,0.00887032403536721,2434.67678401784,23048.4852197107,47.1062305827904,7.60049154535289,1.05593609293878,10.6040833553934,2305.170595,758.907277334363,13022.70097,5257.43273568864,5.23865081309123,0,0.000366024894638981
"626",2010.20273972603,126.954562110023,3256.29988523157,0,0.00887032403536721,2434.67678401784,23048.4852197107,47.1062305827904,7.60049154535289,1.05593609293878,10.6040833553934,2305.170595,758.907277334363,13022.70097,5257.43273568864,5.23865081309123,0,0.000366024894638981
"627",2010.20273972603,126.954562110023,3256.29988523157,0,0.00887032403536721,2434.67678401784,23048.4852197107,47.1062305827904,7.60049154535289,1.05593609293878,10.6040833553934,2305.170595,758.907277334363,13022.70097,5257.43273568864,5.23865081309123,0,0.000366024894638981
"628",2010.20273972603,126.954562110023,3256.29988523157,0,0.00887032403536721,2434.67678401784,23048.4852197107,47.1062305827904,7.60049154535289,1.05593609293878,10.6040833553934,2305.170595,758.907277334363,13022.70097,5257.43273568864,5.23865081309123,0,0.000366024894638981
"629",2011,131.102515173221,3247.90635549016,0,0.0046938646429339,2449.27371605499,23001.3897164074,36.887120170209,37.6846954156215,5.3056892305491,53.3217650341694,2305.170595,763.157030471974,13022.70097,5300.15041736741,19.8433954951126,0,0.000710453284494182
"630",2011,131.102515173221,3247.90635549016,0,0.0046938646429339,2449.27371605499,23001.3897164074,36.887120170209,0,0,0,2305.170595,763.157030471974,13022.70097,5300.15041736741,19.8433954951126,0,0.000710453284494182
"631",2011,131.102515173221,3247.90635549016,0,0.0046938646429339,2449.27371605499,23001.3897164074,36.887120170209,0,0,0,2305.170595,763.157030471974,13022.70097,5300.15041736741,19.8433954951126,0,0.000710453284494182
"632",2011.00273972603,131.072867574409,3247.88165244051,0,0.00468219671454816,2449.14604990312,23001.2314297489,36.8535762303422,0.427369675114516,0.0543623163928842,0.3194967502,2305.170595,763.211392788367,13022.70097,5300.46991411761,19.8396567895706,0,0.0007087139967023
"633",2011.00273972603,131.072867574409,3247.88165244051,0,0.00468219671454816,2449.14604990312,23001.2314297489,36.8535762303422,0.427369675114516,0.0543623163928842,0.3194967502,2305.170595,763.211392788367,13022.70097,5300.46991411761,19.8396567895706,0,0.0007087139967023
"634",2011.00273972603,131.072867574409,3247.88165244051,0,0.00468219671454816,2449.14604990312,23001.2314297489,36.8535762303422,0.427369675114516,0.0543623163928842,0.3194967502,2305.170595,763.211392788367,13022.70097,5300.46991411761,19.8396567895706,0,0.0007087139967023
"635",2011.00273972603,131.072867574409,3247.88165244051,0,0.00468219671454816,2449.14604990312,23001.2314297489,36.8535762303422,0.427369675114516,0.0543623163928842,0.3194967502,2305.170595,763.211392788367,13022.70097,5300.46991411761,19.8396567895706,0,0.0007087139967023
"636",2011.00273972603,131.072867574409,3247.88165244051,0,0.00468219671454816,2449.14604990312,23001.2314297489,36.8535762303422,0.427369675114516,0.0543623163928842,0.3194967502,2305.170595,763.211392788367,13022.70097,5300.46991411761,19.8396567895706,0,0.0007087139967023
"637",2011.00273972603,131.072867574409,3247.88165244051,0,0.00468219671454816,2449.14604990312,23001.2314297489,36.8535762303422,0.427369675114516,0.0543623163928842,0.3194967502,2305.170595,763.211392788367,13022.70097,5300.46991411761,19.8396567895706,0,0.0007087139967023
"638",2011.20273972603,129.085374395402,3245.92769764626,0,0.00390415981089925,2440.06323333581,22989.3821083061,34.4850438162992,31.6112158328007,3.99658832654816,23.620167174356,2305.170595,767.153618798522,13022.70097,5323.77058454176,19.5881814934428,0,0.000592440400885755
"639",2011.20273972603,129.085374395402,3245.92769764626,0,0.00390415981089925,2440.06323333581,22989.3821083061,34.4850438162992,31.6112158328007,3.99658832654816,23.620167174356,2305.170595,767.153618798522,13022.70097,5323.77058454176,19.5881814934428,0,0.000592440400885755
"640",2011.20273972603,129.085374395402,3245.92769764626,0,0.00390415981089925,2440.06323333581,22989.3821083061,34.4850438162992,31.6112158328007,3.99658832654816,23.620167174356,2305.170595,767.153618798522,13022.70097,5323.77058454176,19.5881814934428,0,0.000592440400885755
"641",2011.20273972603,129.085374395402,3245.92769764626,0,0.00390415981089925,2440.06323333581,22989.3821083061,34.4850438162992,31.6112158328007,3.99658832654816,23.620167174356,2305.170595,767.153618798522,13022.70097,5323.77058454176,19.5881814934428,0,0.000592440400885755
"642",2011.20273972603,129.085374395402,3245.92769764626,0,0.00390415981089925,2440.06323333581,22989.3821083061,34.4850438162992,31.6112158328007,3.99658832654816,23.620167174356,2305.170595,767.153618798522,13022.70097,5323.77058454176,19.5881814934428,0,0.000592440400885755
"643",2011.20273972603,129.085374395402,3245.92769764626,0,0.00390415981089925,2440.06323333581,22989.3821083061,34.4850438162992,31.6112158328007,3.99658832654816,23.620167174356,2305.170595,767.153618798522,13022.70097,5323.77058454176,19.5881814934428,0,0.000592440400885755
"644",2011.20273972603,129.085374395402,3245.92769764626,0,0.00390415981089925,2440.06323333581,22989.3821083061,34.4850438162992,31.6112158328007,3.99658832654816,23.620167174356,2305.170595,767.153618798522,13022.70097,5323.77058454176,19.5881814934428,0,0.000592440400885755
"645",2012,123.768360862487,3235.92956557452,0,0.0018908296463746,2408.88548225283,22937.0407497263,26.4664424484591,155.693868884673,19.3137472613763,115.157878204989,2305.170595,782.47077773335,13022.70097,5415.3082955724,18.8916507038418,0,0.000288610861215699
"646",2012,123.768360862487,3235.92956557452,0,0.0018908296463746,2408.88548225283,22937.0407497263,26.4664424484591,0,0,0,2305.170595,782.47077773335,13022.70097,5415.3082955724,18.8916507038418,0,0.000288610861215699
"647",2012,123.768360862487,3235.92956557452,0,0.0018908296463746,2408.88548225283,22937.0407497263,26.4664424484591,0,0,0,2305.170595,782.47077773335,13022.70097,5415.3082955724,18.8916507038418,0,0.000288610861215699
"648",2012.00273972603,123.755418646581,3235.89075603782,0,0.00188612286172474,2408.79190335329,22936.8486629439,26.4424102656092,0.423787671237052,0.0517564593882114,0.309697864731967,2305.170595,782.522534192738,13022.70097,5415.61799343713,18.8899823989568,0,0.000287897112303412
"649",2012.00273972603,123.755418646581,3235.89075603782,0,0.00188612286172474,2408.79190335329,22936.8486629439,26.4424102656092,0.423787671237052,0.0517564593882114,0.309697864731967,2305.170595,782.522534192738,13022.70097,5415.61799343713,18.8899823989568,0,0.000287897112303412
"650",2012.00273972603,123.755418646581,3235.89075603782,0,0.00188612286172474,2408.79190335329,22936.8486629439,26.4424102656092,0.423787671237052,0.0517564593882114,0.309697864731967,2305.170595,782.522534192738,13022.70097,5415.61799343713,18.8899823989568,0,0.000287897112303412
"651",2012.00273972603,123.755418646581,3235.89075603782,0,0.00188612286172474,2408.79190335329,22936.8486629439,26.4424102656092,0.423787671237052,0.0517564593882114,0.309697864731967,2305.170595,782.522534192738,13022.70097,5415.61799343713,18.8899823989568,0,0.000287897112303412
"652",2012.00273972603,123.755418646581,3235.89075603782,0,0.00188612286172474,2408.79190335329,22936.8486629439,26.4424102656092,0.423787671237052,0.0517564593882114,0.309697864731967,2305.170595,782.522534192738,13022.70097,5415.61799343713,18.8899823989568,0,0.000287897112303412
"653",2012.00273972603,123.755418646581,3235.89075603782,0,0.00188612286172474,2408.79190335329,22936.8486629439,26.4424102656092,0.423787671237052,0.0517564593882114,0.309697864731967,2305.170595,782.522534192738,13022.70097,5415.61799343713,18.8899823989568,0,0.000287897112303412
"654",2012.20273972603,122.881526029504,3232.99848186087,0,0.00157234118119627,2402.17018793544,22922.631116266,24.7460745142794,31.3531427441572,3.81823703509454,22.8452957118725,2305.170595,786.289014768445,13022.70097,5438.15359128427,18.7771701532824,0,0.000240264902726278
"655",2012.20273972603,122.881526029504,3232.99848186087,0,0.00157234118119627,2402.17018793544,22922.631116266,24.7460745142794,31.3531427441572,3.81823703509454,22.8452957118725,2305.170595,786.289014768445,13022.70097,5438.15359128427,18.7771701532824,0,0.000240264902726278
"656",2012.20273972603,122.881526029504,3232.99848186087,0,0.00157234118119627,2402.17018793544,22922.631116266,24.7460745142794,31.3531427441572,3.81823703509454,22.8452957118725,2305.170595,786.289014768445,13022.70097,5438.15359128427,18.7771701532824,0,0.000240264902726278
"657",2012.20273972603,122.881526029504,3232.99848186087,0,0.00157234118119627,2402.17018793544,22922.631116266,24.7460745142794,31.3531427441572,3.81823703509454,22.8452957118725,2305.170595,786.289014768445,13022.70097,5438.15359128427,18.7771701532824,0,0.000240264902726278
"658",2012.20273972603,122.881526029504,3232.99848186087,0,0.00157234118119627,2402.17018793544,22922.631116266,24.7460745142794,31.3531427441572,3.81823703509454,22.8452957118725,2305.170595,786.289014768445,13022.70097,5438.15359128427,18.7771701532824,0,0.000240264902726278
"659",2012.20273972603,122.881526029504,3232.99848186087,0,0.00157234118119627,2402.17018793544,22922.631116266,24.7460745142794,31.3531427441572,3.81823703509454,22.8452957118725,2305.170595,786.289014768445,13022.70097,5438.15359128427,18.7771701532824,0,0.000240264902726278
"660",2012.20273972603,122.881526029504,3232.99848186087,0,0.00157234118119627,2402.17018793544,22922.631116266,24.7460745142794,31.3531427441572,3.81823703509454,22.8452957118725,2305.170595,786.289014768445,13022.70097,5438.15359128427,18.7771701532824,0,0.000240264902726278
"661",2013,120.441732420148,3220.60666059736,0,0.00076106110401072,2379.24148407682,22862.6136242639,19.002093184448,154.533573620866,18.6506631880363,111.535472902393,2305.170595,801.121440921386,13022.70097,5526.8437684748,18.445636901097,0,0.000116556416966495
"662",2013,120.441732420148,3220.60666059736,0,0.00076106110401072,2379.24148407682,22862.6136242639,19.002093184448,0,0,0,2305.170595,801.121440921386,13022.70097,5526.8437684748,18.445636901097,0,0.000116556416966495
"663",2013,120.441732420148,3220.60666059736,0,0.00076106110401072,2379.24148407682,22862.6136242639,19.002093184448,0,0,0,2305.170595,801.121440921386,13022.70097,5526.8437684748,18.445636901097,0,0.000116556416966495
"664",2013.00273972603,120.435504440765,3220.56235526671,0,0.000759165548624053,2379.17074431558,22862.3993555786,18.9848604970678,0.420941904346012,0.0505352055870846,0.302241133954524,2305.170595,801.171976126973,13022.70097,5527.14600960875,18.4448270536343,0,0.000116267020381313
"665",2013.00273972603,120.435504440765,3220.56235526671,0,0.000759165548624053,2379.17074431558,22862.3993555786,18.9848604970678,0.420941904346012,0.0505352055870846,0.302241133954524,2305.170595,801.171976126973,13022.70097,5527.14600960875,18.4448270536343,0,0.000116267020381313
"666",2013.00273972603,120.435504440765,3220.56235526671,0,0.000759165548624053,2379.17074431558,22862.3993555786,18.9848604970678,0.420941904346012,0.0505352055870846,0.302241133954524,2305.170595,801.171976126973,13022.70097,5527.14600960875,18.4448270536343,0,0.000116267020381313
"667",2013.00273972603,120.435504440765,3220.56235526671,0,0.000759165548624053,2379.17074431558,22862.3993555786,18.9848604970678,0.420941904346012,0.0505352055870846,0.302241133954524,2305.170595,801.171976126973,13022.70097,5527.14600960875,18.4448270536343,0,0.000116267020381313
"668",2013.00273972603,120.435504440765,3220.56235526671,0,0.000759165548624053,2379.17074431558,22862.3993555786,18.9848604970678,0.420941904346012,0.0505352055870846,0.302241133954524,2305.170595,801.171976126973,13022.70097,5527.14600960875,18.4448270536343,0,0.000116267020381313
"669",2013.00273972603,120.435504440765,3220.56235526671,0,0.000759165548624053,2379.17074431558,22862.3993555786,18.9848604970678,0.420941904346012,0.0505352055870846,0.302241133954524,2305.170595,801.171976126973,13022.70097,5527.14600960875,18.4448270536343,0,0.000116267020381313
"670",2013.20273972603,120.009072878054,3217.30559210538,0,0.000632810462891312,2374.13257733471,22846.628455148,17.7682482977226,31.146025531853,3.73385628471567,22.3279207447943,2305.170595,804.855297206102,13022.70097,5549.17168921959,18.3893372750651,0,9.69673771675847e-05
"671",2013.20273972603,120.009072878054,3217.30559210538,0,0.000632810462891312,2374.13257733471,22846.628455148,17.7682482977226,31.146025531853,3.73385628471567,22.3279207447943,2305.170595,804.855297206102,13022.70097,5549.17168921959,18.3893372750651,0,9.69673771675847e-05
"672",2013.20273972603,120.009072878054,3217.30559210538,0,0.000632810462891312,2374.13257733471,22846.628455148,17.7682482977226,31.146025531853,3.73385628471567,22.3279207447943,2305.170595,804.855297206102,13022.70097,5549.17168921959,18.3893372750651,0,9.69673771675847e-05
"673",2013.20273972603,120.009072878054,3217.30559210538,0,0.000632810462891312,2374.13257733471,22846.628455148,17.7682482977226,31.146025531853,3.73385628471567,22.3279207447943,2305.170595,804.855297206102,13022.70097,5549.17168921959,18.3893372750651,0,9.69673771675847e-05
"674",2013.20273972603,120.009072878054,3217.30559210538,0,0.000632810462891312,2374.13257733471,22846.628455148,17.7682482977226,31.146025531853,3.73385628471567,22.3279207447943,2305.170595,804.855297206102,13022.70097,5549.17168921959,18.3893372750651,0,9.69673771675847e-05
"675",2013.20273972603,120.009072878054,3217.30559210538,0,0.000632810462891312,2374.13257733471,22846.628455148,17.7682482977226,31.146025531853,3.73385628471567,22.3279207447943,2305.170595,804.855297206102,13022.70097,5549.17168921959,18.3893372750651,0,9.69673771675847e-05
"676",2013.20273972603,120.009072878054,3217.30559210538,0,0.000632810462891312,2374.13257733471,22846.628455148,17.7682482977226,31.146025531853,3.73385628471567,22.3279207447943,2305.170595,804.855297206102,13022.70097,5549.17168921959,18.3893372750651,0,9.69673771675847e-05
"677",2014,118.724513978066,3204.0008859484,0,0.000306234919677589,2356.17459075592,22781.5344950979,13.6459887990187,153.565152465874,18.3234479172285,109.502126872324,2305.170595,819.444888838615,13022.70097,5636.34589534712,11.1280449592141,0,2.87033893849682e-05
"678",2014,118.724513978066,3204.0008859484,0,0.000306234919677589,2356.17459075592,22781.5344950979,13.6459887990187,0,0,0,2305.170595,819.444888838615,13022.70097,5636.34589534712,11.1280449592141,0,2.87033893849682e-05
"679",2014,118.724513978066,3204.0008859484,0,0.000306234919677589,2356.17459075592,22781.5344950979,13.6459887990187,0,0,0,2305.170595,819.444888838615,13022.70097,5636.34589534712,11.1280449592141,0,2.87033893849682e-05
"680",2014.00273972603,118.740354225269,3203.95455717817,0,0.000305521922228373,2356.26366691269,22781.3054901258,13.6344603991976,0.110860291160172,0.0304892360285249,0.151457215201069,2305.170595,819.475378074643,13022.70097,5636.49735256232,11.1290494545884,0,2.86353245627836e-05
"681",2014.00273972603,118.740354225269,3203.95455717817,0,0.000305521922228373,2356.26366691269,22781.3054901258,13.6344603991976,0.110860291160172,0.0304892360285249,0.151457215201069,2305.170595,819.475378074643,13022.70097,5636.49735256232,11.1290494545884,0,2.86353245627836e-05
"682",2014.00273972603,118.740354225269,3203.95455717817,0,0.000305521922228373,2356.26366691269,22781.3054901258,13.6344603991976,0.110860291160172,0.0304892360285249,0.151457215201069,2305.170595,819.475378074643,13022.70097,5636.49735256232,11.1290494545884,0,2.86353245627836e-05
"683",2014.00273972603,118.740354225269,3203.95455717817,0,0.000305521922228373,2356.26366691269,22781.3054901258,13.6344603991976,0.110860291160172,0.0304892360285249,0.151457215201069,2305.170595,819.475378074643,13022.70097,5636.49735256232,11.1290494545884,0,2.86353245627836e-05
"684",2014.00273972603,118.740354225269,3203.95455717817,0,0.000305521922228373,2356.26366691269,22781.3054901258,13.6344603991976,0.110860291160172,0.0304892360285249,0.151457215201069,2305.170595,819.475378074643,13022.70097,5636.49735256232,11.1290494545884,0,2.86353245627836e-05
"685",2014.00273972603,118.740354225269,3203.95455717817,0,0.000305521922228373,2356.26366691269,22781.3054901258,13.6344603991976,0.110860291160172,0.0304892360285249,0.151457215201069,2305.170595,819.475378074643,13022.70097,5636.49735256232,11.1290494545884,0,2.86353245627836e-05
"686",2014.20273972603,119.794978067957,3200.66729373767,0,0.000257724784564621,2362.5248567821,22764.8036434147,12.8187405316152,8.20449536412317,2.26317663097195,11.2078339244504,2305.170595,821.708065469587,13022.70097,5647.55372927157,11.1956013956445,0,2.40860176636707e-05
"687",2014.20273972603,119.794978067957,3200.66729373767,0,0.000257724784564621,2362.5248567821,22764.8036434147,12.8187405316152,8.20449536412317,2.26317663097195,11.2078339244504,2305.170595,821.708065469587,13022.70097,5647.55372927157,11.1956013956445,0,2.40860176636707e-05
"688",2014.20273972603,119.794978067957,3200.66729373767,0,0.000257724784564621,2362.5248567821,22764.8036434147,12.8187405316152,8.20449536412317,2.26317663097195,11.2078339244504,2305.170595,821.708065469587,13022.70097,5647.55372927157,11.1956013956445,0,2.40860176636707e-05
"689",2014.20273972603,119.794978067957,3200.66729373767,0,0.000257724784564621,2362.5248567821,22764.8036434147,12.8187405316152,8.20449536412317,2.26317663097195,11.2078339244504,2305.170595,821.708065469587,13022.70097,5647.55372927157,11.1956013956445,0,2.40860176636707e-05
"690",2014.20273972603,119.794978067957,3200.66729373767,0,0.000257724784564621,2362.5248567821,22764.8036434147,12.8187405316152,8.20449536412317,2.26317663097195,11.2078339244504,2305.170595,821.708065469587,13022.70097,5647.55372927157,11.1956013956445,0,2.40860176636707e-05
"691",2014.20273972603,119.794978067957,3200.66729373767,0,0.000257724784564621,2362.5248567821,22764.8036434147,12.8187405316152,8.20449536412317,2.26317663097195,11.2078339244504,2305.170595,821.708065469587,13022.70097,5647.55372927157,11.1956013956445,0,2.40860176636707e-05
"692",2014.20273972603,119.794978067957,3200.66729373767,0,0.000257724784564621,2362.5248567821,22764.8036434147,12.8187405316152,8.20449536412317,2.26317663097195,11.2078339244504,2305.170595,821.708065469587,13022.70097,5647.55372927157,11.1956013956445,0,2.40860176636707e-05
"693",2015,122.475457166952,3188.98619101291,0,0.000130858631940522,2383.21760965766,22702.8306473241,10.0249676905622,40.4790418037848,11.2639271228917,55.2818499804869,2305.170595,830.708815961506,13022.70097,5691.6277453276,5.01163588306619,0,5.35467129996582e-06
"694",2015,122.475457166952,3188.98619101291,0,0.000130858631940522,2383.21760965766,22702.8306473241,10.0249676905622,0,0,0,2305.170595,830.708815961506,13022.70097,5691.6277453276,5.01163588306619,0,5.35467129996582e-06
"695",2015,122.475457166952,3188.98619101291,0,0.000130858631940522,2383.21760965766,22702.8306473241,10.0249676905622,0,0,0,2305.170595,830.708815961506,13022.70097,5691.6277453276,5.01163588306619,0,5.35467129996582e-06
"696",2015.00273972603,122.498896006819,3188.94902071229,0,0.000130572849827824,2383.29045361416,22702.6271225042,10.016556421897,0.0872558979338175,0.0137317465396619,0.139092132098755,2305.170595,830.722547708046,13022.70097,5691.7668374597,5.01253152222287,0,5.34290958566689e-06
"697",2015.00273972603,122.498896006819,3188.94902071229,0,0.000130572849827824,2383.29045361416,22702.6271225042,10.016556421897,0.0872558979338175,0.0137317465396619,0.139092132098755,2305.170595,830.722547708046,13022.70097,5691.7668374597,5.01253152222287,0,5.34290958566689e-06
"698",2015.00273972603,122.498896006819,3188.94902071229,0,0.000130572849827824,2383.29045361416,22702.6271225042,10.016556421897,0.0872558979338175,0.0137317465396619,0.139092132098755,2305.170595,830.722547708046,13022.70097,5691.7668374597,5.01253152222287,0,5.34290958566689e-06
"699",2015.00273972603,122.498896006819,3188.94902071229,0,0.000130572849827824,2383.29045361416,22702.6271225042,10.016556421897,0.0872558979338175,0.0137317465396619,0.139092132098755,2305.170595,830.722547708046,13022.70097,5691.7668374597,5.01253152222287,0,5.34290958566689e-06
"700",2015.00273972603,122.498896006819,3188.94902071229,0,0.000130572849827824,2383.29045361416,22702.6271225042,10.016556421897,0.0872558979338175,0.0137317465396619,0.139092132098755,2305.170595,830.722547708046,13022.70097,5691.7668374597,5.01253152222287,0,5.34290958566689e-06
"701",2015.00273972603,122.498896006819,3188.94902071229,0,0.000130572849827824,2383.29045361416,22702.6271225042,10.016556421897,0.0872558979338175,0.0137317465396619,0.139092132098755,2305.170595,830.722547708046,13022.70097,5691.7668374597,5.01253152222287,0,5.34290958566689e-06
"702",2015.20273972603,124.070653227834,3186.36860616282,0,0.000111312029284754,2388.34067509365,22687.9507729775,9.42098914853064,6.46593238027387,1.02240833580626,10.3607874527205,2305.170595,831.731224297313,13022.70097,5701.98853278032,5.07248911940686,0,4.55086712866072e-06
"703",2015.20273972603,124.070653227834,3186.36860616282,0,0.000111312029284754,2388.34067509365,22687.9507729775,9.42098914853064,6.46593238027387,1.02240833580626,10.3607874527205,2305.170595,831.731224297313,13022.70097,5701.98853278032,5.07248911940686,0,4.55086712866072e-06
"704",2015.20273972603,124.070653227834,3186.36860616282,0,0.000111312029284754,2388.34067509365,22687.9507729775,9.42098914853064,6.46593238027387,1.02240833580626,10.3607874527205,2305.170595,831.731224297313,13022.70097,5701.98853278032,5.07248911940686,0,4.55086712866072e-06
"705",2015.20273972603,124.070653227834,3186.36860616282,0,0.000111312029284754,2388.34067509365,22687.9507729775,9.42098914853064,6.46593238027387,1.02240833580626,10.3607874527205,2305.170595,831.731224297313,13022.70097,5701.98853278032,5.07248911940686,0,4.55086712866072e-06
"706",2015.20273972603,124.070653227834,3186.36860616282,0,0.000111312029284754,2388.34067509365,22687.9507729775,9.42098914853064,6.46593238027387,1.02240833580626,10.3607874527205,2305.170595,831.731224297313,13022.70097,5701.98853278032,5.07248911940686,0,4.55086712866072e-06
"707",2015.20273972603,124.070653227834,3186.36860616282,0,0.000111312029284754,2388.34067509365,22687.9507729775,9.42098914853064,6.46593238027387,1.02240833580626,10.3607874527205,2305.170595,831.731224297313,13022.70097,5701.98853278032,5.07248911940686,0,4.55086712866072e-06
"708",2015.20273972603,124.070653227834,3186.36860616282,0,0.000111312029284754,2388.34067509365,22687.9507729775,9.42098914853064,6.46593238027387,1.02240833580626,10.3607874527205,2305.170595,831.731224297313,13022.70097,5701.98853278032,5.07248911940686,0,4.55086712866072e-06
"709",2016,128.233207710586,3178.09186615084,0,5.89216696915279e-05,2404.0246065344,22632.5469805063,7.37597475157615,32.0228387977778,5.13664625539738,52.1256628801412,2305.170595,835.845462216903,13022.70097,5743.75340820774,0,0,0
