"","time","P_labile","P_stable","P_labile_placed","P_labile_FYM","K_labile","K_stable","K_labile_FYM","N_up","P_up","K_up","PIN","POUT","KIN","KOUT","P_up_labile","P_up_labile_placed","P_up_labile_FYM"
"1",1968,143.740428451641,2887.68828573568,0,0,994.523842140319,7027.68726855846,0,0,0,0,0,0,0,0,9.4604709274167,0,0
"2",1968,143.740428451641,2887.68828573568,0,0,994.523842140319,7027.68726855846,0,0,0,0,0,0,0,0,9.4604709274167,0,0
"3",1968,143.740428451641,2887.68828573568,0,0,994.523842140319,7027.68726855846,0,0,0,0,0,0,0,0,9.4604709274167,0,0
"4",1968.00273972603,143.680146147704,2887.72264894119,0,0,994.303830513454,7027.82236646762,0,0.112991462210264,0.0259190984294433,0.0849137177138048,0,0.0259190984294433,0,0.0849137177138048,9.4604709274167,0,0
"5",1968.00273972603,143.680146147704,2887.72264894119,0,0,994.303830513454,7027.82236646762,0,0.112991462210264,0.0259190984294433,0.0849137177138048,0,0.0259190984294433,0,0.0849137177138048,9.4604709274167,0,0
"6",1968.00273972603,143.680146147704,2887.72264894119,0,0,994.303830513454,7027.82236646762,0,0.112991462210264,0.0259190984294433,0.0849137177138048,0,0.0259190984294433,0,0.0849137177138048,9.4604709274167,0,0
"7",1968.00273972603,143.680146147704,2887.72264894119,0,0,994.303830513454,7027.82236646762,0,0.112991462210264,0.0259190984294433,0.0849137177138048,0,0.0259190984294433,0,0.0849137177138048,9.4604709274167,0,0
"8",1968.00273972603,143.680146147704,2887.72264894119,0,0,994.303830513454,7027.82236646762,0,0.112991462210264,0.0259190984294433,0.0849137177138048,0,0.0259190984294433,0,0.0849137177138048,9.4604709274167,0,0
"9",1968.00273972603,143.680146147704,2887.72264894119,0,0,994.303830513454,7027.82236646762,0,0.112991462210264,0.0259190984294433,0.0849137177138048,0,0.0259190984294433,0,0.0849137177138048,9.4604709274167,0,0
"10",1968.20273972603,139.60820463695,2889.90249626646,0,0,978.730166176868,7037.19732941065,0,8.36136820414401,1.91801328391287,6.28361511126078,0,1.91801328391287,0,6.28361511126078,9.4604709274167,0,0
"11",1968.20273972603,167.60820463695,2896.90249626646,0,0,1068.73016617687,7037.19732941065,0,8.36136820414401,1.91801328391287,6.28361511126078,35,1.91801328391287,90,6.28361511126078,9.4604709274167,0,0
"12",1968.20273972603,167.60820463695,2896.90249626646,0,0,1068.73016617687,7037.19732941065,0,8.36136820414401,1.91801328391287,6.28361511126078,35,1.91801328391287,90,6.28361511126078,9.4604709274167,0,0
"13",1968.20273972603,167.60820463695,2896.90249626646,0,0,1068.73016617687,7037.19732941065,0,8.36136820414401,1.91801328391287,6.28361511126078,35,1.91801328391287,90,6.28361511126078,9.4604709274167,0,0
"14",1968.20273972603,167.60820463695,2896.90249626646,0,0,1068.73016617687,7037.19732941065,0,8.36136820414401,1.91801328391287,6.28361511126078,35,1.91801328391287,90,6.28361511126078,9.4604709274167,0,0
"15",1968.20273972603,167.60820463695,2896.90249626646,0,0,1068.73016617687,7037.19732941065,0,8.36136820414401,1.91801328391287,6.28361511126078,35,1.91801328391287,90,6.28361511126078,9.4604709274167,0,0
"16",1968.20273972603,167.60820463695,2896.90249626646,0,0,1068.73016617687,7037.19732941065,0,8.36136820414401,1.91801328391287,6.28361511126078,35,1.91801328391287,90,6.28361511126078,9.4604709274167,0,0
"17",1969,143.992736883181,2912.97550637012,0,0,997.187179731186,7084.03042363266,0,41.2418837191157,9.46047093402481,30.9935073349379,35,9.46047093402481,90,30.9935073349379,10.6460490645834,0,0
"18",1969,143.992736883181,2912.97550637012,0,0,997.187179731186,7084.03042363266,0,0,0,0,35,9.46047093402481,90,30.9935073349379,10.6460490645834,0,0
"19",1969,143.992736883181,2912.97550637012,0,0,997.187179731186,7084.03042363266,0,0,0,0,35,9.46047093402481,90,30.9935073349379,10.6460490645834,0,0
"20",1969.00273972603,143.930995798344,2913.00808218924,0,0,996.789881768902,7084.162388072,0,0.117640258495174,0.0291652657192765,0.265333522949242,35,9.48963619974409,90,31.2588408578872,10.644592560268,0,0
"21",1969.00273972603,143.930995798344,2913.00808218924,0,0,996.789881768902,7084.162388072,0,0.117640258495174,0.0291652657192765,0.265333522949242,35,9.48963619974409,90,31.2588408578872,10.644592560268,0,0
"22",1969.00273972603,143.930995798344,2913.00808218924,0,0,996.789881768902,7084.162388072,0,0.117640258495174,0.0291652657192765,0.265333522949242,35,9.48963619974409,90,31.2588408578872,10.644592560268,0,0
"23",1969.00273972603,143.930995798344,2913.00808218924,0,0,996.789881768902,7084.162388072,0,0.117640258495174,0.0291652657192765,0.265333522949242,35,9.48963619974409,90,31.2588408578872,10.644592560268,0,0
"24",1969.00273972603,143.930995798344,2913.00808218924,0,0,996.789881768902,7084.162388072,0,0.117640258495174,0.0291652657192765,0.265333522949242,35,9.48963619974409,90,31.2588408578872,10.644592560268,0,0
"25",1969.00273972603,143.930995798344,2913.00808218924,0,0,996.789881768902,7084.162388072,0,0.117640258495174,0.0291652657192765,0.265333522949242,35,9.48963619974409,90,31.2588408578872,10.644592560268,0,0
"26",1969.20273972603,139.769952883222,2915.05073580162,0,0,968.639750443577,7092.9431722227,0,8.70537912834306,2.14755456845542,19.6346806975676,35,11.6080255024802,90,50.6281880325056,10.5399557348669,0,0
"27",1969.20273972603,167.769952883222,2922.05073580162,0,0,1058.63975044358,7092.9431722227,0,8.70537912834306,2.14755456845542,19.6346806975676,70,11.6080255024802,180,50.6281880325056,10.998069492492,0,0
"28",1969.20273972603,167.769952883222,2922.05073580162,0,0,1058.63975044358,7092.9431722227,0,8.70537912834306,2.14755456845542,19.6346806975676,70,11.6080255024802,180,50.6281880325056,10.998069492492,0,0
"29",1969.20273972603,167.769952883222,2922.05073580162,0,0,1058.63975044358,7092.9431722227,0,8.70537912834306,2.14755456845542,19.6346806975676,70,11.6080255024802,180,50.6281880325056,10.998069492492,0,0
"30",1969.20273972603,167.769952883222,2922.05073580162,0,0,1058.63975044358,7092.9431722227,0,8.70537912834306,2.14755456845542,19.6346806975676,70,11.6080255024802,180,50.6281880325056,10.998069492492,0,0
"31",1969.20273972603,167.769952883222,2922.05073580162,0,0,1058.63975044358,7092.9431722227,0,8.70537912834306,2.14755456845542,19.6346806975676,70,11.6080255024802,180,50.6281880325056,10.998069492492,0,0
"32",1969.20273972603,167.769952883222,2922.05073580162,0,0,1058.63975044358,7092.9431722227,0,8.70537912834306,2.14755456845542,19.6346806975676,70,11.6080255024802,180,50.6281880325056,10.998069492492,0,0
"33",1970,143.76358689897,2937.41834967228,0,0,943.422380368767,7130.9484906908,0,42.9387011759239,10.786306682052,96.84673230428,70,20.2467776160768,180,127.840239639218,15.6544573838786,0,0
"34",1970,143.76358689897,2937.41834967228,0,0,943.422380368767,7130.9484906908,0,0,0,0,70,20.2467776160768,180,127.840239639218,15.6544573838786,0,0
"35",1970,143.76358689897,2937.41834967228,0,0,943.422380368767,7130.9484906908,0,0,0,0,70,20.2467776160768,180,127.840239639218,15.6544573838786,0,0
"36",1970.00273972603,143.690841410138,2937.44820623677,0,0,943.183760333437,7131.03422928423,0,0.332719722947593,0.0428889243374809,0.152881441897438,70,20.2896665404143,180,127.993121081115,15.6544573838786,0,0
"37",1970.00273972603,143.690841410138,2937.44820623677,0,0,943.183760333437,7131.03422928423,0,0.332719722947593,0.0428889243374809,0.152881441897438,70,20.2896665404143,180,127.993121081115,15.6544573838786,0,0
"38",1970.00273972603,143.690841410138,2937.44820623677,0,0,943.183760333437,7131.03422928423,0,0.332719722947593,0.0428889243374809,0.152881441897438,70,20.2896665404143,180,127.993121081115,15.6544573838786,0,0
"39",1970.00273972603,143.690841410138,2937.44820623677,0,0,943.183760333437,7131.03422928423,0,0.332719722947593,0.0428889243374809,0.152881441897438,70,20.2896665404143,180,127.993121081115,15.6544573838786,0,0
"40",1970.00273972603,143.690841410138,2937.44820623677,0,0,943.183760333437,7131.03422928423,0,0.332719722947593,0.0428889243374809,0.152881441897438,70,20.2896665404143,180,127.993121081115,15.6544573838786,0,0
"41",1970.00273972603,143.690841410138,2937.44820623677,0,0,943.183760333437,7131.03422928423,0,0.332719722947593,0.0428889243374809,0.152881441897438,70,20.2896665404143,180,127.993121081115,15.6544573838786,0,0
"42",1970.20273972603,138.774313596372,2939.23384257375,0,0,926.354137400543,7136.78089232399,0,24.6098264601054,3.1737804011193,11.2358413350413,70,23.4205580171961,180,139.076080974259,15.6544573838786,0,0
"43",1970.20273972603,166.774313596372,2946.23384257375,0,0,1016.35413740054,7136.78089232399,0,24.6098264601054,3.1737804011193,11.2358413350413,105,23.4205580171961,270,139.076080974259,15.6544573838786,0,0
"44",1970.20273972603,166.774313596372,2946.23384257375,0,0,1016.35413740054,7136.78089232399,0,24.6098264601054,3.1737804011193,11.2358413350413,105,23.4205580171961,270,139.076080974259,15.6544573838786,0,0
"45",1970.20273972603,166.774313596372,2946.23384257375,0,0,1016.35413740054,7136.78089232399,0,24.6098264601054,3.1737804011193,11.2358413350413,105,23.4205580171961,270,139.076080974259,15.6544573838786,0,0
"46",1970.20273972603,166.774313596372,2946.23384257375,0,0,1016.35413740054,7136.78089232399,0,24.6098264601054,3.1737804011193,11.2358413350413,105,23.4205580171961,270,139.076080974259,15.6544573838786,0,0
"47",1970.20273972603,166.774313596372,2946.23384257375,0,0,1016.35413740054,7136.78089232399,0,24.6098264601054,3.1737804011193,11.2358413350413,105,23.4205580171961,270,139.076080974259,15.6544573838786,0,0
"48",1970.20273972603,166.774313596372,2946.23384257375,0,0,1016.35413740054,7136.78089232399,0,24.6098264601054,3.1737804011193,11.2358413350413,105,23.4205580171961,270,139.076080974259,15.6544573838786,0,0
"49",1971,140.787745529248,2959.7397368181,0,0,938.981001262272,7168.52720886493,0,121.580779452239,15.654454223899,56.862660932374,105,35.9012318399758,270,184.702900571592,9.48580910953943,0,0
"50",1971,140.787745529248,2959.7397368181,0,0,938.981001262272,7168.52720886493,0,0,0,0,105,35.9012318399758,270,184.702900571592,9.48580910953943,0,0
"51",1971,140.787745529248,2959.7397368181,0,0,938.981001262272,7168.52720886493,0,0,0,0,105,35.9012318399758,270,184.702900571592,9.48580910953943,0,0
"52",1971.00273972603,140.740084666935,2959.7614091623,0,0,938.816998956522,7168.60607530999,0,0.113269140921021,0.0259885181070794,0.0851358606822854,105,35.9272203580829,270,184.788036432274,9.48580910953942,0,0
"53",1971.00273972603,140.740084666935,2959.7614091623,0,0,938.816998956522,7168.60607530999,0,0.113269140921021,0.0259885181070794,0.0851358606822854,105,35.9272203580829,270,184.788036432274,9.48580910953942,0,0
"54",1971.00273972603,140.740084666935,2959.7614091623,0,0,938.816998956522,7168.60607530999,0,0.113269140921021,0.0259885181070794,0.0851358606822854,105,35.9272203580829,270,184.788036432274,9.48580910953942,0,0
"55",1971.00273972603,140.740084666935,2959.7614091623,0,0,938.816998956522,7168.60607530999,0,0.113269140921021,0.0259885181070794,0.0851358606822854,105,35.9272203580829,270,184.788036432274,9.48580910953942,0,0
"56",1971.00273972603,140.740084666935,2959.7614091623,0,0,938.816998956522,7168.60607530999,0,0.113269140921021,0.0259885181070794,0.0851358606822854,105,35.9272203580829,270,184.788036432274,9.48580910953942,0,0
"57",1971.00273972603,140.740084666935,2959.7614091623,0,0,938.816998956522,7168.60607530999,0,0.113269140921021,0.0259885181070794,0.0851358606822854,105,35.9272203580829,270,184.788036432274,9.48580910953942,0,0
"58",1971.20273972603,137.519403310128,2961.0849286972,0,0,927.20271179579,7174.00544464061,0,8.3819164285646,1.92315034001773,6.30005369079656,105,37.8243821799935,270,191.002954262389,9.48580910953943,0,0
"59",1971.20273972603,165.519403310128,2968.0849286972,0,0,1017.20271179579,7174.00544464061,0,8.3819164285646,1.92315034001773,6.30005369079656,140,37.8243821799935,360,191.002954262389,9.48580910953942,0,0
"60",1971.20273972603,165.519403310128,2968.0849286972,0,0,1017.20271179579,7174.00544464061,0,8.3819164285646,1.92315034001773,6.30005369079656,140,37.8243821799935,360,191.002954262389,9.48580910953942,0,0
"61",1971.20273972603,165.519403310128,2968.0849286972,0,0,1017.20271179579,7174.00544464061,0,8.3819164285646,1.92315034001773,6.30005369079656,140,37.8243821799935,360,191.002954262389,9.48580910953942,0,0
"62",1971.20273972603,165.519403310128,2968.0849286972,0,0,1017.20271179579,7174.00544464061,0,8.3819164285646,1.92315034001773,6.30005369079656,140,37.8243821799935,360,191.002954262389,9.48580910953942,0,0
"63",1971.20273972603,165.519403310128,2968.0849286972,0,0,1017.20271179579,7174.00544464061,0,8.3819164285646,1.92315034001773,6.30005369079656,140,37.8243821799935,360,191.002954262389,9.48580910953942,0,0
"64",1971.20273972603,165.519403310128,2968.0849286972,0,0,1017.20271179579,7174.00544464061,0,8.3819164285646,1.92315034001773,6.30005369079656,140,37.8243821799935,360,191.002954262389,9.48580910953942,0,0
"65",1972,144.227437127622,2981.81423568652,0,0,959.158301756678,7207.27528737277,0,41.3432363226527,9.48580953320033,31.0746209977486,140,45.3870413731761,360,215.777521569341,10.3003199526762,0,0
"66",1972,144.227437127622,2981.81423568652,0,0,959.158301756678,7207.27528737277,0,0,0,0,140,45.3870413731761,360,215.777521569341,10.3003199526762,0,0
"67",1972,144.227437127622,2981.81423568652,0,0,959.158301756678,7207.27528737277,0,0,0,0,140,45.3870413731761,360,215.777521569341,10.3003199526762,0,0
"68",1972.00273972603,144.172435269632,2981.84101886285,0,0,958.814395974165,7207.36630855504,0,0.11266068941385,0.0282186816676366,0.252884600245803,140,45.4152600548438,360,216.030406169586,10.2993185229549,0,0
"69",1972.00273972603,144.172435269632,2981.84101886285,0,0,958.814395974165,7207.36630855504,0,0.11266068941385,0.0282186816676366,0.252884600245803,140,45.4152600548438,360,216.030406169586,10.2993185229549,0,0
"70",1972.00273972603,144.172435269632,2981.84101886285,0,0,958.814395974165,7207.36630855504,0,0.11266068941385,0.0282186816676366,0.252884600245803,140,45.4152600548438,360,216.030406169586,10.2993185229549,0,0
"71",1972.00273972603,144.172435269632,2981.84101886285,0,0,958.814395974165,7207.36630855504,0,0.11266068941385,0.0282186816676366,0.252884600245803,140,45.4152600548438,360,216.030406169586,10.2993185229549,0,0
"72",1972.00273972603,144.172435269632,2981.84101886285,0,0,958.814395974165,7207.36630855504,0,0.11266068941385,0.0282186816676366,0.252884600245803,140,45.4152600548438,360,216.030406169586,10.2993185229549,0,0
"73",1972.00273972603,144.172435269632,2981.84101886285,0,0,958.814395974165,7207.36630855504,0,0.11266068941385,0.0282186816676366,0.252884600245803,140,45.4152600548438,360,216.030406169586,10.2993185229549,0,0
"74",1972.20273972603,140.463055470896,2983.49784408318,0,0,934.441699928384,7213.27842878361,0,8.33689101629879,2.08077326006817,18.7134604174574,140,47.4678146332443,360,234.490981986798,10.2263760743749,0,0
"75",1972.20273972603,168.463055470896,2990.49784408318,0,0,1024.44169992838,7213.27842878361,0,8.33689101629879,2.08077326006817,18.7134604174574,175,47.4678146332443,450,234.490981986798,10.5139224576348,0,0
"76",1972.20273972603,168.463055470896,2990.49784408318,0,0,1024.44169992838,7213.27842878361,0,8.33689101629879,2.08077326006817,18.7134604174574,175,47.4678146332443,450,234.490981986798,10.5139224576348,0,0
"77",1972.20273972603,168.463055470896,2990.49784408318,0,0,1024.44169992838,7213.27842878361,0,8.33689101629879,2.08077326006817,18.7134604174574,175,47.4678146332443,450,234.490981986798,10.5139224576348,0,0
"78",1972.20273972603,168.463055470896,2990.49784408318,0,0,1024.44169992838,7213.27842878361,0,8.33689101629879,2.08077326006817,18.7134604174574,175,47.4678146332443,450,234.490981986798,10.5139224576348,0,0
"79",1972.20273972603,168.463055470896,2990.49784408318,0,0,1024.44169992838,7213.27842878361,0,8.33689101629879,2.08077326006817,18.7134604174574,175,47.4678146332443,450,234.490981986798,10.5139224576348,0,0
"80",1972.20273972603,168.463055470896,2990.49784408318,0,0,1024.44169992838,7213.27842878361,0,8.33689101629879,2.08077326006817,18.7134604174574,175,47.4678146332443,450,234.490981986798,10.5139224576348,0,0
"81",1973,145.726435202036,3004.90835705916,0,0,922.159233791429,7241.97151770538,0,41.1212459838711,10.4068805529489,92.3028376326323,175,55.793921926125,450,308.080359201973,16.2205384856173,0,0
"82",1973,145.726435202036,3004.90835705916,0,0,922.159233791429,7241.97151770538,0,0,0,0,175,55.793921926125,450,308.080359201973,16.2205384856173,0,0
"83",1973,145.726435202036,3004.90835705916,0,0,922.159233791429,7241.97151770538,0,0,0,0,175,55.793921926125,450,308.080359201973,16.2205384856173,0,0
"84",1973.00273972603,145.65423033304,3004.93612209669,0,0,921.948765352639,7242.03051723389,0,0.343453549183928,0.0444398314679219,0.151468910284268,175,55.8383617575929,450,308.231828112257,16.2205384856173,0,0
"85",1973.00273972603,145.65423033304,3004.93612209669,0,0,921.948765352639,7242.03051723389,0,0.343453549183928,0.0444398314679219,0.151468910284268,175,55.8383617575929,450,308.231828112257,16.2205384856173,0,0
"86",1973.00273972603,145.65423033304,3004.93612209669,0,0,921.948765352639,7242.03051723389,0,0.343453549183928,0.0444398314679219,0.151468910284268,175,55.8383617575929,450,308.231828112257,16.2205384856173,0,0
"87",1973.00273972603,145.65423033304,3004.93612209669,0,0,921.948765352639,7242.03051723389,0,0.343453549183928,0.0444398314679219,0.151468910284268,175,55.8383617575929,450,308.231828112257,16.2205384856173,0,0
"88",1973.00273972603,145.65423033304,3004.93612209669,0,0,921.948765352639,7242.03051723389,0,0.343453549183928,0.0444398314679219,0.151468910284268,175,55.8383617575929,450,308.231828112257,16.2205384856173,0,0
"89",1973.00273972603,145.65423033304,3004.93612209669,0,0,921.948765352639,7242.03051723389,0,0.343453549183928,0.0444398314679219,0.151468910284268,175,55.8383617575929,450,308.231828112257,16.2205384856173,0,0
"90",1973.20273972603,140.773804958612,3006.57243977399,0,0,907.103382370426,7245.88972915046,0,25.4027520567059,3.2885475285892,11.1376399759208,175,59.0824694547142,450,319.217999177894,16.2205384856173,0,0
"91",1973.20273972603,168.773804958612,3013.57243977399,0,0,997.103382370426,7245.88972915046,0,25.4027520567059,3.2885475285892,11.1376399759208,210,59.0824694547142,540,319.217999177894,16.2205384856173,0,0
"92",1973.20273972603,168.773804958612,3013.57243977399,0,0,997.103382370426,7245.88972915046,0,25.4027520567059,3.2885475285892,11.1376399759208,210,59.0824694547142,540,319.217999177894,16.2205384856173,0,0
"93",1973.20273972603,168.773804958612,3013.57243977399,0,0,997.103382370426,7245.88972915046,0,25.4027520567059,3.2885475285892,11.1376399759208,210,59.0824694547142,540,319.217999177894,16.2205384856173,0,0
"94",1973.20273972603,168.773804958612,3013.57243977399,0,0,997.103382370426,7245.88972915046,0,25.4027520567059,3.2885475285892,11.1376399759208,210,59.0824694547142,540,319.217999177894,16.2205384856173,0,0
"95",1973.20273972603,168.773804958612,3013.57243977399,0,0,997.103382370426,7245.88972915046,0,25.4027520567059,3.2885475285892,11.1376399759208,210,59.0824694547142,540,319.217999177894,16.2205384856173,0,0
"96",1973.20273972603,168.773804958612,3013.57243977399,0,0,997.103382370426,7245.88972915046,0,25.4027520567059,3.2885475285892,11.1376399759208,210,59.0824694547142,540,319.217999177894,16.2205384856173,0,0
"97",1974,142.879879095655,3026.53438588593,0,0,926.301272066093,7271.22942842351,0,125.572519210767,16.2205272796096,56.6000510072108,210,72.0144492057346,540,364.680410209184,9.51114729166212,0,0
"98",1974,142.879879095655,3026.53438588593,0,0,926.301272066093,7271.22942842351,0,0,0,0,210,72.0144492057346,540,364.680410209184,9.51114729166212,0,0
"99",1974,142.879879095655,3026.53438588593,0,0,926.301272066093,7271.22942842351,0,0,0,0,210,72.0144492057346,540,364.680410209184,9.51114729166212,0,0
"100",1974.00273972603,142.833907517496,3026.5542995263,0,0,926.156324769191,7271.28901771676,0,0.113546819631952,0.0260579377847558,0.0853580036508974,210,72.0405071435194,540,364.765768212834,9.51114729166212,0,0
"101",1974.00273972603,142.833907517496,3026.5542995263,0,0,926.156324769191,7271.28901771676,0,0.113546819631952,0.0260579377847558,0.0853580036508974,210,72.0405071435194,540,364.765768212834,9.51114729166212,0,0
"102",1974.00273972603,142.833907517496,3026.5542995263,0,0,926.156324769191,7271.28901771676,0,0.113546819631952,0.0260579377847558,0.0853580036508974,210,72.0405071435194,540,364.765768212834,9.51114729166212,0,0
"103",1974.00273972603,142.833907517496,3026.5542995263,0,0,926.156324769191,7271.28901771676,0,0.113546819631952,0.0260579377847558,0.0853580036508974,210,72.0405071435194,540,364.765768212834,9.51114729166212,0,0
"104",1974.00273972603,142.833907517496,3026.5542995263,0,0,926.156324769191,7271.28901771676,0,0.113546819631952,0.0260579377847558,0.0853580036508974,210,72.0405071435194,540,364.765768212834,9.51114729166212,0,0
"105",1974.00273972603,142.833907517496,3026.5542995263,0,0,926.156324769191,7271.28901771676,0,0.113546819631952,0.0260579377847558,0.0853580036508974,210,72.0405071435194,540,364.765768212834,9.51114729166212,0,0
"106",1974.20273972603,139.727143762244,3027.75883382322,0,0,915.889027192835,7275.32518102644,0,8.40246465297082,1.92828739611929,6.31649227032155,210,73.9427366018539,540,370.996902479505,9.51114729166212,0,0
"107",1974.20273972603,167.727143762244,3034.75883382322,0,0,1005.88902719284,7275.32518102644,0,8.40246465297082,1.92828739611929,6.31649227032155,245,73.9427366018539,630,370.996902479505,9.51114729166212,0,0
"108",1974.20273972603,167.727143762244,3034.75883382322,0,0,1005.88902719284,7275.32518102644,0,8.40246465297082,1.92828739611929,6.31649227032155,245,73.9427366018539,630,370.996902479505,9.51114729166212,0,0
"109",1974.20273972603,167.727143762244,3034.75883382322,0,0,1005.88902719284,7275.32518102644,0,8.40246465297082,1.92828739611929,6.31649227032155,245,73.9427366018539,630,370.996902479505,9.51114729166212,0,0
"110",1974.20273972603,167.727143762244,3034.75883382322,0,0,1005.88902719284,7275.32518102644,0,8.40246465297082,1.92828739611929,6.31649227032155,245,73.9427366018539,630,370.996902479505,9.51114729166212,0,0
"111",1974.20273972603,167.727143762244,3034.75883382322,0,0,1005.88902719284,7275.32518102644,0,8.40246465297082,1.92828739611929,6.31649227032155,245,73.9427366018539,630,370.996902479505,9.51114729166212,0,0
"112",1974.20273972603,167.727143762244,3034.75883382322,0,0,1005.88902719284,7275.32518102644,0,8.40246465297082,1.92828739611929,6.31649227032155,245,73.9427366018539,630,370.996902479505,9.51114729166212,0,0
"113",1975,146.746069800532,3048.15704778886,0,0,952.43645801261,7303.93855784445,0,41.4445886636073,9.51114739219271,31.1556846325427,245,81.5255965979273,630,395.836094841726,9.93902736487982,0,0
"114",1975,146.746069800532,3048.15704778886,0,0,952.43645801261,7303.93855784445,0,0,0,0,245,81.5255965979273,630,395.836094841726,9.93902736487982,0,0
"115",1975,146.746069800532,3048.15704778886,0,0,952.43645801261,7303.93855784445,0,0,0,0,245,81.5255965979273,630,395.836094841726,9.93902736487982,0,0
"116",1975.00273972603,146.692890043569,3048.18299809846,0,0,952.119069575347,7304.01551060417,0,0.10768112033033,0.0272294473576671,0.240435677537448,245,81.552826045285,630,396.076530519264,9.93847463597934,0,0
"117",1975.00273972603,146.692890043569,3048.18299809846,0,0,952.119069575347,7304.01551060417,0,0.10768112033033,0.0272294473576671,0.240435677537448,245,81.552826045285,630,396.076530519264,9.93847463597934,0,0
"118",1975.00273972603,146.692890043569,3048.18299809846,0,0,952.119069575347,7304.01551060417,0,0.10768112033033,0.0272294473576671,0.240435677537448,245,81.552826045285,630,396.076530519264,9.93847463597934,0,0
"119",1975.00273972603,146.692890043569,3048.18299809846,0,0,952.119069575347,7304.01551060417,0,0.10768112033033,0.0272294473576671,0.240435677537448,245,81.552826045285,630,396.076530519264,9.93847463597934,0,0
"120",1975.00273972603,146.692890043569,3048.18299809846,0,0,952.119069575347,7304.01551060417,0,0.10768112033033,0.0272294473576671,0.240435677537448,245,81.552826045285,630,396.076530519264,9.93847463597934,0,0
"121",1975.00273972603,146.692890043569,3048.18299809846,0,0,952.119069575347,7304.01551060417,0,0.10768112033033,0.0272294473576671,0.240435677537448,245,81.552826045285,630,396.076530519264,9.93847463597934,0,0
"122",1975.20273972603,143.103661838517,3049.78873099236,0,0,929.623983853195,7308.95879186649,0,7.96840290426636,2.01072475851614,17.7922401373736,245,83.5363213564435,630,413.6283349791,9.89584102472782,0,0
"123",1975.20273972603,171.103661838517,3056.78873099236,0,0,1019.62398385319,7308.95879186649,0,7.96840290426636,2.01072475851614,17.7922401373736,280,83.5363213564435,720,413.6283349791,10.0050104974899,0,0
"124",1975.20273972603,171.103661838517,3056.78873099236,0,0,1019.62398385319,7308.95879186649,0,7.96840290426636,2.01072475851614,17.7922401373736,280,83.5363213564435,720,413.6283349791,10.0050104974899,0,0
"125",1975.20273972603,171.103661838517,3056.78873099236,0,0,1019.62398385319,7308.95879186649,0,7.96840290426636,2.01072475851614,17.7922401373736,280,83.5363213564435,720,413.6283349791,10.0050104974899,0,0
"126",1975.20273972603,171.103661838517,3056.78873099236,0,0,1019.62398385319,7308.95879186649,0,7.96840290426636,2.01072475851614,17.7922401373736,280,83.5363213564435,720,413.6283349791,10.0050104974899,0,0
"127",1975.20273972603,171.103661838517,3056.78873099236,0,0,1019.62398385319,7308.95879186649,0,7.96840290426636,2.01072475851614,17.7922401373736,280,83.5363213564435,720,413.6283349791,10.0050104974899,0,0
"128",1975.20273972603,171.103661838517,3056.78873099236,0,0,1019.62398385319,7308.95879186649,0,7.96840290426636,2.01072475851614,17.7922401373736,280,83.5363213564435,720,413.6283349791,10.0050104974899,0,0
"129",1976,148.755614770857,3071.16771803949,0,0,923.797531595823,7334.81846369834,0,39.3036138105202,9.9797847790416,87.7590205628943,280,91.505381376969,720,483.595115404621,16.7866195873559,0,0
"130",1976,148.755614770857,3071.16771803949,0,0,923.797531595823,7334.81846369834,0,0,0,0,280,91.505381376969,720,483.595115404621,16.7866195873559,0,0
"131",1976,148.755614770857,3071.16771803949,0,0,923.797531595823,7334.81846369834,0,0,0,0,280,91.505381376969,720,483.595115404621,16.7866195873559,0,0
"132",1976.00273972603,148.681628888589,3071.19571318316,0,0,923.592933271789,7334.8702666152,0,0.35452533550293,0.0459907385952962,0.152795407174242,280,91.5513721155643,720,483.747910811795,16.7866195873559,0,0
"133",1976.00273972603,148.681628888589,3071.19571318316,0,0,923.592933271789,7334.8702666152,0,0.35452533550293,0.0459907385952962,0.152795407174242,280,91.5513721155643,720,483.747910811795,16.7866195873559,0,0
"134",1976.00273972603,148.681628888589,3071.19571318316,0,0,923.592933271789,7334.8702666152,0,0.35452533550293,0.0459907385952962,0.152795407174242,280,91.5513721155643,720,483.747910811795,16.7866195873559,0,0
"135",1976.00273972603,148.681628888589,3071.19571318316,0,0,923.592933271789,7334.8702666152,0,0.35452533550293,0.0459907385952962,0.152795407174242,280,91.5513721155643,720,483.747910811795,16.7866195873559,0,0
"136",1976.00273972603,148.681628888589,3071.19571318316,0,0,923.592933271789,7334.8702666152,0,0.35452533550293,0.0459907385952962,0.152795407174242,280,91.5513721155643,720,483.747910811795,16.7866195873559,0,0
"137",1976.00273972603,148.681628888589,3071.19571318316,0,0,923.592933271789,7334.8702666152,0,0.35452533550293,0.0459907385952962,0.152795407174242,280,91.5513721155643,720,483.747910811795,16.7866195873559,0,0
"138",1976.20273972603,143.680715509747,3072.83930264453,0,0,909.161680708288,7338.21798220398,0,26.2207994890542,3.40331465606942,11.2363323818962,280,94.9086960330384,720,494.831447786517,16.7866195873559,0,0
"139",1976.20273972603,171.680715509747,3079.83930264453,0,0,999.161680708288,7338.21798220398,0,26.2207994890542,3.40331465606942,11.2363323818962,315,94.9086960330384,810,494.831447786517,16.7866195873559,0,0
"140",1976.20273972603,171.680715509747,3079.83930264453,0,0,999.161680708288,7338.21798220398,0,26.2207994890542,3.40331465606942,11.2363323818962,315,94.9086960330384,810,494.831447786517,16.7866195873559,0,0
"141",1976.20273972603,171.680715509747,3079.83930264453,0,0,999.161680708288,7338.21798220398,0,26.2207994890542,3.40331465606942,11.2363323818962,315,94.9086960330384,810,494.831447786517,16.7866195873559,0,0
"142",1976.20273972603,171.680715509747,3079.83930264453,0,0,999.161680708288,7338.21798220398,0,26.2207994890542,3.40331465606942,11.2363323818962,315,94.9086960330384,810,494.831447786517,16.7866195873559,0,0
"143",1976.20273972603,171.680715509747,3079.83930264453,0,0,999.161680708288,7338.21798220398,0,26.2207994890542,3.40331465606942,11.2363323818962,315,94.9086960330384,810,494.831447786517,16.7866195873559,0,0
"144",1976.20273972603,171.680715509747,3079.83930264453,0,0,999.161680708288,7338.21798220398,0,26.2207994890542,3.40331465606942,11.2363323818962,315,94.9086960330384,810,494.831447786517,16.7866195873559,0,0
"145",1977,145.451792479543,3092.68492117185,0,0,929.702809539473,7361.75607666979,0,129.651281062359,16.7866191589569,57.1571090849002,315,108.292000535926,810,540.752224489521,9.53648547378473,0,0
"146",1977,145.451792479543,3092.68492117185,0,0,929.702809539473,7361.75607666979,0,0,0,0,315,108.292000535926,810,540.752224489521,9.53648547378473,0,0
"147",1977,145.451792479543,3092.68492117185,0,0,929.702809539473,7361.75607666979,0,0,0,0,315,108.292000535926,810,540.752224489521,9.53648547378473,0,0
"148",1977.00273972603,145.40645734614,3092.70412894779,0,0,929.563247517833,7361.81005854481,0,0.113824498340567,0.0261273574619008,0.085580146617769,315,108.318127893388,810,540.837804636139,9.53648547378473,0,0
"149",1977.00273972603,145.40645734614,3092.70412894779,0,0,929.563247517833,7361.81005854481,0,0.113824498340567,0.0261273574619008,0.085580146617769,315,108.318127893388,810,540.837804636139,9.53648547378473,0,0
"150",1977.00273972603,145.40645734614,3092.70412894779,0,0,929.563247517833,7361.81005854481,0,0.113824498340567,0.0261273574619008,0.085580146617769,315,108.318127893388,810,540.837804636139,9.53648547378473,0,0
"151",1977.00273972603,145.40645734614,3092.70412894779,0,0,929.563247517833,7361.81005854481,0,0.113824498340567,0.0261273574619008,0.085580146617769,315,108.318127893388,810,540.837804636139,9.53648547378473,0,0
"152",1977.00273972603,145.40645734614,3092.70412894779,0,0,929.563247517833,7361.81005854481,0,0.113824498340567,0.0261273574619008,0.085580146617769,315,108.318127893388,810,540.837804636139,9.53648547378473,0,0
"153",1977.00273972603,145.40645734614,3092.70412894779,0,0,929.563247517833,7361.81005854481,0,0.113824498340567,0.0261273574619008,0.085580146617769,315,108.318127893388,810,540.837804636139,9.53648547378473,0,0
"154",1977.20273972603,142.342601005143,3093.86068819403,0,0,919.676593157193,7365.44936220222,0,8.4230128773762,1.93342445222065,6.3329308498459,315,110.225424988147,810,547.085155339367,9.53648547378473,0,0
"155",1977.20273972603,170.342601005143,3100.86068819403,0,0,1009.67659315719,7365.44936220222,0,8.4230128773762,1.93342445222065,6.3329308498459,350,110.225424988147,900,547.085155339367,9.53648547378473,0,0
"156",1977.20273972603,170.342601005143,3100.86068819403,0,0,1009.67659315719,7365.44936220222,0,8.4230128773762,1.93342445222065,6.3329308498459,350,110.225424988147,900,547.085155339367,9.53648547378473,0,0
"157",1977.20273972603,170.342601005143,3100.86068819403,0,0,1009.67659315719,7365.44936220222,0,8.4230128773762,1.93342445222065,6.3329308498459,350,110.225424988147,900,547.085155339367,9.53648547378473,0,0
"158",1977.20273972603,170.342601005143,3100.86068819403,0,0,1009.67659315719,7365.44936220222,0,8.4230128773762,1.93342445222065,6.3329308498459,350,110.225424988147,900,547.085155339367,9.53648547378473,0,0
"159",1977.20273972603,170.342601005143,3100.86068819403,0,0,1009.67659315719,7365.44936220222,0,8.4230128773762,1.93342445222065,6.3329308498459,350,110.225424988147,900,547.085155339367,9.53648547378473,0,0
"160",1977.20273972603,170.342601005143,3100.86068819403,0,0,1009.67659315719,7365.44936220222,0,8.4230128773762,1.93342445222065,6.3329308498459,350,110.225424988147,900,547.085155339367,9.53648547378473,0,0
"161",1978,149.478487833413,3114.12174034992,0,0,957.520970903994,7392.70115464712,0,41.5459413372842,9.53648546805336,31.2367606581493,350,117.828486003979,900,571.988985147671,9.49479238840535,0,0
"162",1978,149.478487833413,3114.12174034992,0,0,957.520970903994,7392.70115464712,0,0,0,0,350,117.828486003979,900,571.988985147671,9.49479238840535,0,0
"163",1978,149.478487833413,3114.12174034992,0,0,957.520970903994,7392.70115464712,0,0,0,0,350,117.828486003979,900,571.988985147671,9.49479238840535,0,0
"164",1978.00273972603,149.426879682892,3114.1473354895,0,0,957.220158682604,7392.77398011367,0,0.10270155125089,0.0260130109403798,0.227986754838196,350,117.85449901492,900,572.216971902509,9.49471385318517,0,0
"165",1978.00273972603,149.426879682892,3114.1473354895,0,0,957.220158682604,7392.77398011367,0,0.10270155125089,0.0260130109403798,0.227986754838196,350,117.85449901492,900,572.216971902509,9.49471385318517,0,0
"166",1978.00273972603,149.426879682892,3114.1473354895,0,0,957.220158682604,7392.77398011367,0,0.10270155125089,0.0260130109403798,0.227986754838196,350,117.85449901492,900,572.216971902509,9.49471385318517,0,0
"167",1978.00273972603,149.426879682892,3114.1473354895,0,0,957.220158682604,7392.77398011367,0,0.10270155125089,0.0260130109403798,0.227986754838196,350,117.85449901492,900,572.216971902509,9.49471385318517,0,0
"168",1978.00273972603,149.426879682892,3114.1473354895,0,0,957.220158682604,7392.77398011367,0,0.10270155125089,0.0260130109403798,0.227986754838196,350,117.85449901492,900,572.216971902509,9.49471385318517,0,0
"169",1978.00273972603,149.426879682892,3114.1473354895,0,0,957.220158682604,7392.77398011367,0,0.10270155125089,0.0260130109403798,0.227986754838196,350,117.85449901492,900,572.216971902509,9.49471385318517,0,0
"170",1978.20273972603,145.940778330032,3115.73540794341,0,0,935.899905307213,7397.45120038663,0,7.59991479222292,1.92404190989525,16.8710198572652,350,119.752527913875,900,588.860005004936,9.48410085130465,0,0
"171",1978.20273972603,173.940778330032,3122.73540794341,0,0,1025.89990530721,7397.45120038663,0,7.59991479222292,1.92404190989525,16.8710198572652,385,119.752527913875,990,588.860005004936,9.49609853734523,0,0
"172",1978.20273972603,173.940778330032,3122.73540794341,0,0,1025.89990530721,7397.45120038663,0,7.59991479222292,1.92404190989525,16.8710198572652,385,119.752527913875,990,588.860005004936,9.49609853734523,0,0
"173",1978.20273972603,173.940778330032,3122.73540794341,0,0,1025.89990530721,7397.45120038663,0,7.59991479222292,1.92404190989525,16.8710198572652,385,119.752527913875,990,588.860005004936,9.49609853734523,0,0
"174",1978.20273972603,173.940778330032,3122.73540794341,0,0,1025.89990530721,7397.45120038663,0,7.59991479222292,1.92404190989525,16.8710198572652,385,119.752527913875,990,588.860005004936,9.49609853734523,0,0
"175",1978.20273972603,173.940778330032,3122.73540794341,0,0,1025.89990530721,7397.45120038663,0,7.59991479222292,1.92404190989525,16.8710198572652,385,119.752527913875,990,588.860005004936,9.49609853734523,0,0
"176",1978.20273972603,173.940778330032,3122.73540794341,0,0,1025.89990530721,7397.45120038663,0,7.59991479222292,1.92404190989525,16.8710198572652,385,119.752527913875,990,588.860005004936,9.49609853734523,0,0
"177",1979,151.920724632211,3137.18459959976,0,0,934.133486328057,7422.87347442607,0,37.4860659187965,9.4949039513632,83.2151647969862,385,127.323389955342,990,655.204149944657,9.32646121729684,0,0
"178",1979,151.920724632211,3137.18459959976,0,0,934.133486328057,7422.87347442607,0,0,0,0,385,127.323389955342,990,655.204149944657,9.32646121729684,0,0
"179",1979,151.920724632211,3137.18459959976,0,0,934.133486328057,7422.87347442607,0,0,0,0,385,127.323389955342,990,655.204149944657,9.32646121729684,0,0
"180",1979.00273972603,151.866620538891,3137.21315174454,0,0,933.857840076043,7422.92528356417,0,0.101041694879446,0.0255519485390115,0.223837113912664,385,127.348941903881,990,655.42798705857,9.32646121729684,0,0
"181",1979.00273972603,151.866620538891,3137.21315174454,0,0,933.857840076043,7422.92528356417,0,0.101041694879446,0.0255519485390115,0.223837113912664,385,127.348941903881,990,655.42798705857,9.32646121729684,0,0
"182",1979.00273972603,151.866620538891,3137.21315174454,0,0,933.857840076043,7422.92528356417,0,0.101041694879446,0.0255519485390115,0.223837113912664,385,127.348941903881,990,655.42798705857,9.32646121729684,0,0
"183",1979.00273972603,151.866620538891,3137.21315174454,0,0,933.857840076043,7422.92528356417,0,0.101041694879446,0.0255519485390115,0.223837113912664,385,127.348941903881,990,655.42798705857,9.32646121729684,0,0
"184",1979.00273972603,151.866620538891,3137.21315174454,0,0,933.857840076043,7422.92528356417,0,0.101041694879446,0.0255519485390115,0.223837113912664,385,127.348941903881,990,655.42798705857,9.32646121729684,0,0
"185",1979.00273972603,151.866620538891,3137.21315174454,0,0,933.857840076043,7422.92528356417,0,0.101041694879446,0.0255519485390115,0.223837113912664,385,127.348941903881,990,655.42798705857,9.32646121729684,0,0
"186",1979.20273972603,148.211471459908,3139.0030118651,0,0,914.317676167285,7426.12533815634,0,7.47708542151531,1.89084090696161,16.5639464305037,385,129.214230862304,990,671.768096375161,9.32643170044048,0,0
"187",1979.20273972603,176.211471459908,3146.0030118651,0,0,1004.31767616729,7426.12533815634,0,7.47708542151531,1.89084090696161,16.5639464305037,420,129.214230862304,1080,671.768096375161,9.32646121729684,0,0
"188",1979.20273972603,176.211471459908,3146.0030118651,0,0,1004.31767616729,7426.12533815634,0,7.47708542151531,1.89084090696161,16.5639464305037,420,129.214230862304,1080,671.768096375161,9.32646121729684,0,0
"189",1979.20273972603,176.211471459908,3146.0030118651,0,0,1004.31767616729,7426.12533815634,0,7.47708542151531,1.89084090696161,16.5639464305037,420,129.214230862304,1080,671.768096375161,9.32646121729684,0,0
"190",1979.20273972603,176.211471459908,3146.0030118651,0,0,1004.31767616729,7426.12533815634,0,7.47708542151531,1.89084090696161,16.5639464305037,420,129.214230862304,1080,671.768096375161,9.32646121729684,0,0
"191",1979.20273972603,176.211471459908,3146.0030118651,0,0,1004.31767616729,7426.12533815634,0,7.47708542151531,1.89084090696161,16.5639464305037,420,129.214230862304,1080,671.768096375161,9.32646121729684,0,0
"192",1979.20273972603,176.211471459908,3146.0030118651,0,0,1004.31767616729,7426.12533815634,0,7.47708542151531,1.89084090696161,16.5639464305037,420,129.214230862304,1080,671.768096375161,9.32646121729684,0,0
"193",1980,153.735456735612,3161.04340947572,0,0,918.639181670808,7446.66725142144,0,36.8802204234309,9.3264580206428,81.700527661875,420,136.649847975985,1080,736.904677606532,9.56182365590743,0,0
"194",1980,153.735456735612,3161.04340947572,0,0,918.639181670808,7446.66725142144,0,0,0,0,420,136.649847975985,1080,736.904677606532,9.56182365590743,0,0
"195",1980,153.735456735612,3161.04340947572,0,0,918.639181670808,7446.66725142144,0,0,0,0,420,136.649847975985,1080,736.904677606532,9.56182365590743,0,0
"196",1980.00273972603,153.679125012001,3161.07354442219,0,0,918.515788576339,7446.70484222633,0,0.11410217704686,0.0261967771385127,0.0858022895828947,420,136.676044753124,1080,736.990479896115,9.56182365590742,0,0
"197",1980.00273972603,153.679125012001,3161.07354442219,0,0,918.515788576339,7446.70484222633,0,0.11410217704686,0.0261967771385127,0.0858022895828947,420,136.676044753124,1080,736.990479896115,9.56182365590742,0,0
"198",1980.00273972603,153.679125012001,3161.07354442219,0,0,918.515788576339,7446.70484222633,0,0.11410217704686,0.0261967771385127,0.0858022895828947,420,136.676044753124,1080,736.990479896115,9.56182365590742,0,0
"199",1980.00273972603,153.679125012001,3161.07354442219,0,0,918.515788576339,7446.70484222633,0,0.11410217704686,0.0261967771385127,0.0858022895828947,420,136.676044753124,1080,736.990479896115,9.56182365590742,0,0
"200",1980.00273972603,153.679125012001,3161.07354442219,0,0,918.515788576339,7446.70484222633,0,0.11410217704686,0.0261967771385127,0.0858022895828947,420,136.676044753124,1080,736.990479896115,9.56182365590742,0,0
"201",1980.00273972603,153.679125012001,3161.07354442219,0,0,918.515788576339,7446.70484222633,0,0.11410217704686,0.0261967771385127,0.0858022895828947,420,136.676044753124,1080,736.990479896115,9.56182365590742,0,0
"202",1980.20273972603,149.873573567574,3162.96673113544,0,0,909.772107639803,7449.18495602309,0,8.44356110176873,1.93856150831906,6.34936942936058,420,138.588409484304,1080,743.254047035893,9.56182365590743,0,0
"203",1980.20273972603,177.873573567574,3169.96673113544,0,0,999.772107639803,7449.18495602309,0,8.44356110176873,1.93856150831906,6.34936942936058,455,138.588409484304,1170,743.254047035893,9.56182365590742,0,0
"204",1980.20273972603,177.873573567574,3169.96673113544,0,0,999.772107639803,7449.18495602309,0,8.44356110176873,1.93856150831906,6.34936942936058,455,138.588409484304,1170,743.254047035893,9.56182365590742,0,0
"205",1980.20273972603,177.873573567574,3169.96673113544,0,0,999.772107639803,7449.18495602309,0,8.44356110176873,1.93856150831906,6.34936942936058,455,138.588409484304,1170,743.254047035893,9.56182365590742,0,0
"206",1980.20273972603,177.873573567574,3169.96673113544,0,0,999.772107639803,7449.18495602309,0,8.44356110176873,1.93856150831906,6.34936942936058,455,138.588409484304,1170,743.254047035893,9.56182365590742,0,0
"207",1980.20273972603,177.873573567574,3169.96673113544,0,0,999.772107639803,7449.18495602309,0,8.44356110176873,1.93856150831906,6.34936942936058,455,138.588409484304,1170,743.254047035893,9.56182365590742,0,0
"208",1980.20273972603,177.873573567574,3169.96673113544,0,0,999.772107639803,7449.18495602309,0,8.44356110176873,1.93856150831906,6.34936942936058,455,138.588409484304,1170,743.254047035893,9.56182365590742,0,0
"209",1981,154.984231260442,3185.23281203397,0,0,951.512156604036,7472.4764432097,0,41.6472914049247,9.56182291692329,31.3178332785094,455,146.211670892909,1170,768.222510885042,0,0,0
"210",1982,147.270435217511,3192.94659433733,0,0,932.455218163491,7491.53333429254,0,41.6473510855505,9.56183665649193,31.3178806362164,455,146.211684632477,1170,768.222558242749,8.817549257152,0,0
"211",1982,147.270435217511,3192.94659433733,0,0,932.455218163491,7491.53333429254,0,0,0,0,455,146.211684632477,1170,768.222558242749,8.817549257152,0,0
"212",1982,147.270435217511,3192.94659433733,0,0,932.455218163491,7491.53333429254,0,0,0,0,455,146.211684632477,1170,768.222558242749,8.817549257152,0,0
"213",1982.00273972603,147.232446104901,3192.96042578074,0,0,932.199594123705,7491.5775701411,0,0.0960621258049013,0.0241576691979447,0.211388191224263,455,146.235842301675,1170,768.433946433973,8.817549257152,0,0
"214",1982.00273972603,147.232446104901,3192.96042578074,0,0,932.199594123705,7491.5775701411,0,0.0960621258049013,0.0241576691979447,0.211388191224263,455,146.235842301675,1170,768.433946433973,8.817549257152,0,0
"215",1982.00273972603,147.232446104901,3192.96042578074,0,0,932.199594123705,7491.5775701411,0,0.0960621258049013,0.0241576691979447,0.211388191224263,455,146.235842301675,1170,768.433946433973,8.817549257152,0,0
"216",1982.00273972603,147.232446104901,3192.96042578074,0,0,932.199594123705,7491.5775701411,0,0.0960621258049013,0.0241576691979447,0.211388191224263,455,146.235842301675,1170,768.433946433973,8.817549257152,0,0
"217",1982.00273972603,147.232446104901,3192.96042578074,0,0,932.199594123705,7491.5775701411,0,0.0960621258049013,0.0241576691979447,0.211388191224263,455,146.235842301675,1170,768.433946433973,8.817549257152,0,0
"218",1982.00273972603,147.232446104901,3192.96042578074,0,0,932.199594123705,7491.5775701411,0,0.0960621258049013,0.0241576691979447,0.211388191224263,455,146.235842301675,1170,768.433946433973,8.817549257152,0,0
"219",1982.20273972603,144.664501180252,3193.76486085396,0,0,914.077821822154,7494.26800448343,0,7.10859730949229,1.7876675206302,15.6427261504405,455,147.999352153107,1170,783.865284393189,8.817549257152,0,0
"220",1982.20273972603,172.664501180252,3200.76486085396,0,0,1004.07782182215,7494.26800448343,0,7.10859730949229,1.7876675206302,15.6427261504405,490,147.999352153107,1260,783.865284393189,8.817549257152,0,0
"221",1982.20273972603,172.664501180252,3200.76486085396,0,0,1004.07782182215,7494.26800448343,0,7.10859730949229,1.7876675206302,15.6427261504405,490,147.999352153107,1260,783.865284393189,8.817549257152,0,0
"222",1982.20273972603,172.664501180252,3200.76486085396,0,0,1004.07782182215,7494.26800448343,0,7.10859730949229,1.7876675206302,15.6427261504405,490,147.999352153107,1260,783.865284393189,8.817549257152,0,0
"223",1982.20273972603,172.664501180252,3200.76486085396,0,0,1004.07782182215,7494.26800448343,0,7.10859730949229,1.7876675206302,15.6427261504405,490,147.999352153107,1260,783.865284393189,8.817549257152,0,0
"224",1982.20273972603,172.664501180252,3200.76486085396,0,0,1004.07782182215,7494.26800448343,0,7.10859730949229,1.7876675206302,15.6427261504405,490,147.999352153107,1260,783.865284393189,8.817549257152,0,0
"225",1982.20273972603,172.664501180252,3200.76486085396,0,0,1004.07782182215,7494.26800448343,0,7.10859730949229,1.7876675206302,15.6427261504405,490,147.999352153107,1260,783.865284393189,8.817549257152,0,0
"226",1983,153.161675078298,3213.23780393804,0,0,923.29020431474,7513.54173452878,0,35.0626870500842,8.81755053850526,77.1566136125156,490,155.029235170982,1260,845.379171855264,9.58716183803015,0,0
"227",1983,153.161675078298,3213.23780393804,0,0,923.29020431474,7513.54173452878,0,0,0,0,490,155.029235170982,1260,845.379171855264,9.58716183803015,0,0
"228",1983,153.161675078298,3213.23780393804,0,0,923.29020431474,7513.54173452878,0,0,0,0,490,155.029235170982,1260,845.379171855264,9.58716183803015,0,0
"229",1983.00273972603,153.11122435229,3213.26198846723,0,0,923.16906165373,7513.57685275723,0,0.114379855765284,0.0262661968179102,0.0860244325571433,490,155.0555013678,1260,845.465196287821,9.58716183803015,0,0
"230",1983.00273972603,153.11122435229,3213.26198846723,0,0,923.16906165373,7513.57685275723,0,0.114379855765284,0.0262661968179102,0.0860244325571433,490,155.0555013678,1260,845.465196287821,9.58716183803015,0,0
"231",1983.00273972603,153.11122435229,3213.26198846723,0,0,923.16906165373,7513.57685275723,0,0.114379855765284,0.0262661968179102,0.0860244325571433,490,155.0555013678,1260,845.465196287821,9.58716183803015,0,0
"232",1983.00273972603,153.11122435229,3213.26198846723,0,0,923.16906165373,7513.57685275723,0,0.114379855765284,0.0262661968179102,0.0860244325571433,490,155.0555013678,1260,845.465196287821,9.58716183803015,0,0
"233",1983.00273972603,153.11122435229,3213.26198846723,0,0,923.16906165373,7513.57685275723,0,0.114379855765284,0.0262661968179102,0.0860244325571433,490,155.0555013678,1260,845.465196287821,9.58716183803015,0,0
"234",1983.00273972603,153.11122435229,3213.26198846723,0,0,923.16906165373,7513.57685275723,0,0.114379855765284,0.0262661968179102,0.0860244325571433,490,155.0555013678,1260,845.465196287821,9.58716183803015,0,0
"235",1983.20273972603,149.70230737426,3214.75347307765,0,0,914.584412794278,7515.88171804033,0,8.46410932619946,1.94369856442625,6.365808008904,490,156.972933735409,1260,851.744979864168,9.58716183803015,0,0
"236",1983.20273972603,177.70230737426,3221.75347307765,0,0,1004.58441279428,7515.88171804033,0,8.46410932619946,1.94369856442625,6.365808008904,525,156.972933735409,1350,851.744979864168,9.58716183803015,0,0
"237",1983.20273972603,177.70230737426,3221.75347307765,0,0,1004.58441279428,7515.88171804033,0,8.46410932619946,1.94369856442625,6.365808008904,525,156.972933735409,1350,851.744979864168,9.58716183803015,0,0
"238",1983.20273972603,177.70230737426,3221.75347307765,0,0,1004.58441279428,7515.88171804033,0,8.46410932619946,1.94369856442625,6.365808008904,525,156.972933735409,1350,851.744979864168,9.58716183803015,0,0
"239",1983.20273972603,177.70230737426,3221.75347307765,0,0,1004.58441279428,7515.88171804033,0,8.46410932619946,1.94369856442625,6.365808008904,525,156.972933735409,1350,851.744979864168,9.58716183803015,0,0
"240",1983.20273972603,177.70230737426,3221.75347307765,0,0,1004.58441279428,7515.88171804033,0,8.46410932619946,1.94369856442625,6.365808008904,525,156.972933735409,1350,851.744979864168,9.58716183803015,0,0
"241",1983.20273972603,177.70230737426,3221.75347307765,0,0,1004.58441279428,7515.88171804033,0,8.46410932619946,1.94369856442625,6.365808008904,525,156.972933735409,1350,851.744979864168,9.58716183803015,0,0
"242",1984,155.89572748215,3235.91659724037,0,0,956.866028287112,7538.56701738277,0,41.7486144997694,9.58715429381428,31.3988931736318,525,164.616389464797,1350,876.778065028896,0,0,0
"243",1985,148.872692720148,3242.93962816134,0,0,938.388252602624,7557.0447596793,0,41.7486298804549,9.58715813484452,31.3989265615972,525,164.616393305827,1350,876.778098416861,8.30863729700716,0,0
"244",1985,148.872692720148,3242.93962816134,0,0,938.388252602624,7557.0447596793,0,0,0,0,525,164.616393305827,1350,876.778098416861,8.30863729700716,0,0
"245",1985,148.872692720148,3242.93962816134,0,0,938.388252602624,7557.0447596793,0,0,0,0,525,164.616393305827,1350,876.778098416861,8.30863729700716,0,0
"246",1985.00273972603,148.837337341828,3242.95222014981,0,0,938.146419555366,7557.08765345805,0,0.0910825567138451,0.0227633898527303,0.198939268499575,525,164.63915669568,1350,876.977037685361,8.30863729700716,0,0
"247",1985.00273972603,148.837337341828,3242.95222014981,0,0,938.146419555366,7557.08765345805,0,0.0910825567138451,0.0227633898527303,0.198939268499575,525,164.63915669568,1350,876.977037685361,8.30863729700716,0,0
"248",1985.00273972603,148.837337341828,3242.95222014981,0,0,938.146419555366,7557.08765345805,0,0.0910825567138451,0.0227633898527303,0.198939268499575,525,164.63915669568,1350,876.977037685361,8.30863729700716,0,0
"249",1985.00273972603,148.837337341828,3242.95222014981,0,0,938.146419555366,7557.08765345805,0,0.0910825567138451,0.0227633898527303,0.198939268499575,525,164.63915669568,1350,876.977037685361,8.30863729700716,0,0
"250",1985.00273972603,148.837337341828,3242.95222014981,0,0,938.146419555366,7557.08765345805,0,0.0910825567138451,0.0227633898527303,0.198939268499575,525,164.63915669568,1350,876.977037685361,8.30863729700716,0,0
"251",1985.00273972603,148.837337341828,3242.95222014981,0,0,938.146419555366,7557.08765345805,0,0.0910825567138451,0.0227633898527303,0.198939268499575,525,164.63915669568,1350,876.977037685361,8.30863729700716,0,0
"252",1985.20273972603,146.447346189905,3243.68048384233,0,0,921.00256027601,7559.70894613559,0,6.7401091974427,1.68449084925652,14.7215058703187,525,166.300884155083,1350,891.49960428718,8.30863729700716,0,0
"253",1985.20273972603,174.447346189905,3250.68048384233,0,0,1011.00256027601,7559.70894613559,0,6.7401091974427,1.68449084925652,14.7215058703187,560,166.300884155083,1440,891.49960428718,8.30863729700716,0,0
"254",1985.20273972603,174.447346189905,3250.68048384233,0,0,1011.00256027601,7559.70894613559,0,6.7401091974427,1.68449084925652,14.7215058703187,560,166.300884155083,1440,891.49960428718,8.30863729700716,0,0
"255",1985.20273972603,174.447346189905,3250.68048384233,0,0,1011.00256027601,7559.70894613559,0,6.7401091974427,1.68449084925652,14.7215058703187,560,166.300884155083,1440,891.49960428718,8.30863729700716,0,0
"256",1985.20273972603,174.447346189905,3250.68048384233,0,0,1011.00256027601,7559.70894613559,0,6.7401091974427,1.68449084925652,14.7215058703187,560,166.300884155083,1440,891.49960428718,8.30863729700716,0,0
"257",1985.20273972603,174.447346189905,3250.68048384233,0,0,1011.00256027601,7559.70894613559,0,6.7401091974427,1.68449084925652,14.7215058703187,560,166.300884155083,1440,891.49960428718,8.30863729700716,0,0
"258",1985.20273972603,174.447346189905,3250.68048384233,0,0,1011.00256027601,7559.70894613559,0,6.7401091974427,1.68449084925652,14.7215058703187,560,166.300884155083,1440,891.49960428718,8.30863729700716,0,0
"259",1986,155.435667422435,3263.06801678966,0,0,933.603889870265,7579.21630588581,0,33.245131776062,8.30863666939755,72.6128165258475,560,172.925029975225,1440,949.390914942709,6.34425212390678,0,0
"260",1986,155.435667422435,3263.06801678966,0,0,933.603889870265,7579.21630588581,0,0,0,0,560,172.925029975225,1440,949.390914942709,6.34425212390678,0,0
"261",1986,155.435667422435,3263.06801678966,0,0,933.603889870265,7579.21630588581,0,0,0,0,560,172.925029975225,1440,949.390914942709,6.34425212390678,0,0
"262",1986.00273972603,155.3939265047,3263.09237619473,0,0,933.509107992652,7579.25349432013,0,0.0788411191729899,0.0173815126697563,0.0575934432831187,560,172.942411487894,1440,949.448508385992,6.34425212390677,0,0
"263",1986.00273972603,155.3939265047,3263.09237619473,0,0,933.509107992652,7579.25349432013,0,0.0788411191729899,0.0173815126697563,0.0575934432831187,560,172.942411487894,1440,949.448508385992,6.34425212390677,0,0
"264",1986.00273972603,155.3939265047,3263.09237619473,0,0,933.509107992652,7579.25349432013,0,0.0788411191729899,0.0173815126697563,0.0575934432831187,560,172.942411487894,1440,949.448508385992,6.34425212390677,0,0
"265",1986.00273972603,155.3939265047,3263.09237619473,0,0,933.509107992652,7579.25349432013,0,0.0788411191729899,0.0173815126697563,0.0575934432831187,560,172.942411487894,1440,949.448508385992,6.34425212390677,0,0
"266",1986.00273972603,155.3939265047,3263.09237619473,0,0,933.509107992652,7579.25349432013,0,0.0788411191729899,0.0173815126697563,0.0575934432831187,560,172.942411487894,1440,949.448508385992,6.34425212390677,0,0
"267",1986.00273972603,155.3939265047,3263.09237619473,0,0,933.509107992652,7579.25349432013,0,0.0788411191729899,0.0173815126697563,0.0575934432831187,560,172.942411487894,1440,949.448508385992,6.34425212390677,0,0
"268",1986.20273972603,152.574520607803,3264.64293166684,0,0,926.794824993299,7581.76345596018,0,5.83424281830076,1.28623193745163,4.26191480258517,560,174.211261912676,1440,953.652829745294,6.34425212390678,0,0
"269",1986.20273972603,180.574520607803,3271.64293166684,0,0,1016.7948249933,7581.76345596018,0,5.83424281830076,1.28623193745163,4.26191480258517,595,174.211261912676,1530,953.652829745294,6.34425212390677,0,0
"270",1986.20273972603,180.574520607803,3271.64293166684,0,0,1016.7948249933,7581.76345596018,0,5.83424281830076,1.28623193745163,4.26191480258517,595,174.211261912676,1530,953.652829745294,6.34425212390677,0,0
"271",1986.20273972603,180.574520607803,3271.64293166684,0,0,1016.7948249933,7581.76345596018,0,5.83424281830076,1.28623193745163,4.26191480258517,595,174.211261912676,1530,953.652829745294,6.34425212390677,0,0
"272",1986.20273972603,180.574520607803,3271.64293166684,0,0,1016.7948249933,7581.76345596018,0,5.83424281830076,1.28623193745163,4.26191480258517,595,174.211261912676,1530,953.652829745294,6.34425212390677,0,0
"273",1986.20273972603,180.574520607803,3271.64293166684,0,0,1016.7948249933,7581.76345596018,0,5.83424281830076,1.28623193745163,4.26191480258517,595,174.211261912676,1530,953.652829745294,6.34425212390677,0,0
"274",1986.20273972603,180.574520607803,3271.64293166684,0,0,1016.7948249933,7581.76345596018,0,5.83424281830076,1.28623193745163,4.26191480258517,595,174.211261912676,1530,953.652829745294,6.34425212390677,0,0
"275",1987,160.41146403485,3286.74795563964,0,0,975.578594008286,7606.21995522744,0,28.7770581504364,6.34426453760903,21.0216465203489,595,179.269294512834,1530,970.412561463057,6.35269818461435,0,0
"276",1987,160.41146403485,3286.74795563964,0,0,975.578594008286,7606.21995522744,0,0,0,0,595,179.269294512834,1530,970.412561463057,6.35269818461435,0,0
"277",1987,160.41146403485,3286.74795563964,0,0,975.578594008286,7606.21995522744,0,0,0,0,595,179.269294512834,1530,970.412561463057,6.35269818461435,0,0
"278",1987.00273972603,160.361550634717,3286.78046438721,0,0,975.453423964917,7606.28745777987,0,0.078933678736693,0.0174046525608504,0.057667490934477,595,179.286699165394,1530,970.470228953992,6.35269818461435,0,0
"279",1987.00273972603,160.361550634717,3286.78046438721,0,0,975.453423964917,7606.28745777987,0,0.078933678736693,0.0174046525608504,0.057667490934477,595,179.286699165394,1530,970.470228953992,6.35269818461435,0,0
"280",1987.00273972603,160.361550634717,3286.78046438721,0,0,975.453423964917,7606.28745777987,0,0.078933678736693,0.0174046525608504,0.057667490934477,595,179.286699165394,1530,970.470228953992,6.35269818461435,0,0
"281",1987.00273972603,160.361550634717,3286.78046438721,0,0,975.453423964917,7606.28745777987,0,0.078933678736693,0.0174046525608504,0.057667490934477,595,179.286699165394,1530,970.470228953992,6.35269818461435,0,0
"282",1987.00273972603,160.361550634717,3286.78046438721,0,0,975.453423964917,7606.28745777987,0,0.078933678736693,0.0174046525608504,0.057667490934477,595,179.286699165394,1530,970.470228953992,6.35269818461435,0,0
"283",1987.00273972603,160.361550634717,3286.78046438721,0,0,975.453423964917,7606.28745777987,0,0.078933678736693,0.0174046525608504,0.057667490934477,595,179.286699165394,1530,970.470228953992,6.35269818461435,0,0
"284",1987.20273972603,156.990943719302,3288.8805316657,0,0,966.590914654138,7610.94024025248,0,5.84109222644348,1.2879442894871,4.26739432909884,595,180.557238802321,1530,974.679955792156,6.35269818461435,0,0
"285",1987.20273972603,184.990943719302,3295.8805316657,0,0,1056.59091465414,7610.94024025248,0,5.84109222644348,1.2879442894871,4.26739432909884,630,180.557238802321,1620,974.679955792156,6.35269818461435,0,0
"286",1987.20273972603,184.990943719302,3295.8805316657,0,0,1056.59091465414,7610.94024025248,0,5.84109222644348,1.2879442894871,4.26739432909884,630,180.557238802321,1620,974.679955792156,6.35269818461435,0,0
"287",1987.20273972603,184.990943719302,3295.8805316657,0,0,1056.59091465414,7610.94024025248,0,5.84109222644348,1.2879442894871,4.26739432909884,630,180.557238802321,1620,974.679955792156,6.35269818461435,0,0
"288",1987.20273972603,184.990943719302,3295.8805316657,0,0,1056.59091465414,7610.94024025248,0,5.84109222644348,1.2879442894871,4.26739432909884,630,180.557238802321,1620,974.679955792156,6.35269818461435,0,0
"289",1987.20273972603,184.990943719302,3295.8805316657,0,0,1056.59091465414,7610.94024025248,0,5.84109222644348,1.2879442894871,4.26739432909884,630,180.557238802321,1620,974.679955792156,6.35269818461435,0,0
"290",1987.20273972603,184.990943719302,3295.8805316657,0,0,1056.59091465414,7610.94024025248,0,5.84109222644348,1.2879442894871,4.26739432909884,630,180.557238802321,1620,974.679955792156,6.35269818461435,0,0
"291",1988,163.322955959746,3312.48375616739,0,0,1008.04979593207,7642.70008915211,0,28.8108301894265,6.35270754735607,21.0486641515399,630,185.62200206019,1620,991.461225614598,6.3611442453218,0,0
"292",1988,163.322955959746,3312.48375616739,0,0,1008.04979593207,7642.70008915211,0,0,0,0,630,185.62200206019,1620,991.461225614598,6.3611442453218,0,0
"293",1988,163.322955959746,3312.48375616739,0,0,1008.04979593207,7642.70008915211,0,0,0,0,630,185.62200206019,1620,991.461225614598,6.3611442453218,0,0
"294",1988.00273972603,163.269334761891,3312.51994957279,0,0,1007.90252431518,7642.78961923042,0,0.0790262383062077,0.0174277924532256,0.0577415385900808,630,185.639429852643,1620,991.518967153188,6.3611442453218,0,0
"295",1988.00273972603,163.269334761891,3312.51994957279,0,0,1007.90252431518,7642.78961923042,0,0.0790262383062077,0.0174277924532256,0.0577415385900808,630,185.639429852643,1620,991.518967153188,6.3611442453218,0,0
"296",1988.00273972603,163.269334761891,3312.51994957279,0,0,1007.90252431518,7642.78961923042,0,0.0790262383062077,0.0174277924532256,0.0577415385900808,630,185.639429852643,1620,991.518967153188,6.3611442453218,0,0
"297",1988.00273972603,163.269334761891,3312.51994957279,0,0,1007.90252431518,7642.78961923042,0,0.0790262383062077,0.0174277924532256,0.0577415385900808,630,185.639429852643,1620,991.518967153188,6.3611442453218,0,0
"298",1988.00273972603,163.269334761891,3312.51994957279,0,0,1007.90252431518,7642.78961923042,0,0.0790262383062077,0.0174277924532256,0.0577415385900808,630,185.639429852643,1620,991.518967153188,6.3611442453218,0,0
"299",1988.00273972603,163.269334761891,3312.51994957279,0,0,1007.90252431518,7642.78961923042,0,0.0790262383062077,0.0174277924532256,0.0577415385900808,630,185.639429852643,1620,991.518967153188,6.3611442453218,0,0
"300",1988.20273972603,159.648646319462,3314.86840916615,0,0,997.477584501307,7648.99942672728,0,5.84794163455877,1.28965664151651,4.27287385559247,630,186.911658701706,1620,995.73409947019,6.3611442453218,0,0
"301",1988.20273972603,187.648646319462,3321.86840916615,0,0,1087.47758450131,7648.99942672728,0,5.84794163455877,1.28965664151651,4.27287385559247,665,186.911658701706,1710,995.73409947019,6.3611442453218,0,0
"302",1988.20273972603,187.648646319462,3321.86840916615,0,0,1087.47758450131,7648.99942672728,0,5.84794163455877,1.28965664151651,4.27287385559247,665,186.911658701706,1710,995.73409947019,6.3611442453218,0,0
"303",1988.20273972603,187.648646319462,3321.86840916615,0,0,1087.47758450131,7648.99942672728,0,5.84794163455877,1.28965664151651,4.27287385559247,665,186.911658701706,1710,995.73409947019,6.3611442453218,0,0
"304",1988.20273972603,187.648646319462,3321.86840916615,0,0,1087.47758450131,7648.99942672728,0,5.84794163455877,1.28965664151651,4.27287385559247,665,186.911658701706,1710,995.73409947019,6.3611442453218,0,0
"305",1988.20273972603,187.648646319462,3321.86840916615,0,0,1087.47758450131,7648.99942672728,0,5.84794163455877,1.28965664151651,4.27287385559247,665,186.911658701706,1710,995.73409947019,6.3611442453218,0,0
"306",1988.20273972603,187.648646319462,3321.86840916615,0,0,1087.47758450131,7648.99942672728,0,5.84794163455877,1.28965664151651,4.27287385559247,665,186.911658701706,1710,995.73409947019,6.3611442453218,0,0
"307",1989,165.297988860529,3339.14757936969,0,0,1033.60914455702,7686.06508009647,0,28.8445754014252,6.36114389691211,21.0756604306833,665,191.983145957102,1710,1012.53688604528,0,0,0
"308",1990,155.733213213904,3348.71235291189,0,0,1000.60035902001,7719.07385473589,0,28.8445849264031,6.36114600133596,21.0756713282841,665,191.983148061526,1710,1012.53689694288,3.80001305297035,0,0
"309",1990,155.733213213904,3348.71235291189,0,0,1000.60035902001,7719.07385473589,0,0,0,0,665,191.983148061526,1710,1012.53689694288,3.80001305297035,0,0
"310",1990,155.733213213904,3348.71235291189,0,0,1000.60035902001,7719.07385473589,0,0,0,0,665,191.983148061526,1710,1012.53689694288,3.80001305297035,0,0
"311",1990.00273972603,155.70563218142,3348.72952294971,0,0,1000.43498003729,7719.15058369286,0,0.0469668596162103,0.0104109946652522,0.0886500257540153,665,191.993559056191,1710,1012.62554696864,3.80001305297035,0,0
"312",1990.00273972603,155.70563218142,3348.72952294971,0,0,1000.43498003729,7719.15058369286,0,0.0469668596162103,0.0104109946652522,0.0886500257540153,665,191.993559056191,1710,1012.62554696864,3.80001305297035,0,0
"313",1990.00273972603,155.70563218142,3348.72952294971,0,0,1000.43498003729,7719.15058369286,0,0.0469668596162103,0.0104109946652522,0.0886500257540153,665,191.993559056191,1710,1012.62554696864,3.80001305297035,0,0
"314",1990.00273972603,155.70563218142,3348.72952294971,0,0,1000.43498003729,7719.15058369286,0,0.0469668596162103,0.0104109946652522,0.0886500257540153,665,191.993559056191,1710,1012.62554696864,3.80001305297035,0,0
"315",1990.00273972603,155.70563218142,3348.72952294971,0,0,1000.43498003729,7719.15058369286,0,0.0469668596162103,0.0104109946652522,0.0886500257540153,665,191.993559056191,1710,1012.62554696864,3.80001305297035,0,0
"316",1990.00273972603,155.70563218142,3348.72952294971,0,0,1000.43498003729,7719.15058369286,0,0.0469668596162103,0.0104109946652522,0.0886500257540153,665,191.993559056191,1710,1012.62554696864,3.80001305297035,0,0
"317",1990.20273972603,153.842849141986,3349.83230337855,0,0,988.722443994849,7724.39166785498,0,3.47554761174256,0.770413605260357,6.56010190606703,665,192.753561666786,1710,1019.09699884895,3.80001305297035,0,0
"318",1990.20273972603,181.842849141986,3356.83230337855,0,0,1078.72244399485,7724.39166785498,0,3.47554761174256,0.770413605260357,6.56010190606703,700,192.753561666786,1800,1019.09699884895,3.80001305297035,0,0
"319",1990.20273972603,181.842849141986,3356.83230337855,0,0,1078.72244399485,7724.39166785498,0,3.47554761174256,0.770413605260357,6.56010190606703,700,192.753561666786,1800,1019.09699884895,3.80001305297035,0,0
"320",1990.20273972603,181.842849141986,3356.83230337855,0,0,1078.72244399485,7724.39166785498,0,3.47554761174256,0.770413605260357,6.56010190606703,700,192.753561666786,1800,1019.09699884895,3.80001305297035,0,0
"321",1990.20273972603,181.842849141986,3356.83230337855,0,0,1078.72244399485,7724.39166785498,0,3.47554761174256,0.770413605260357,6.56010190606703,700,192.753561666786,1800,1019.09699884895,3.80001305297035,0,0
"322",1990.20273972603,181.842849141986,3356.83230337855,0,0,1078.72244399485,7724.39166785498,0,3.47554761174256,0.770413605260357,6.56010190606703,700,192.753561666786,1800,1019.09699884895,3.80001305297035,0,0
"323",1990.20273972603,181.842849141986,3356.83230337855,0,0,1078.72244399485,7724.39166785498,0,3.47554761174256,0.770413605260357,6.56010190606703,700,192.753561666786,1800,1019.09699884895,3.80001305297035,0,0
"324",1991,164.3182780717,3371.3272736083,0,0,1020.32805453548,7756.98890585043,0,17.1429101165967,3.80001444579699,32.3572533699848,700,195.783162507323,1800,1044.89415031287,6.38648242744453,0,0
"325",1991,164.3182780717,3371.3272736083,0,0,1020.32805453548,7756.98890585043,0,0,0,0,700,195.783162507323,1800,1044.89415031287,6.38648242744453,0,0
"326",1991,164.3182780717,3371.3272736083,0,0,1020.32805453548,7756.98890585043,0,0,0,0,700,195.783162507323,1800,1044.89415031287,6.38648242744453,0,0
"327",1991.00273972603,164.267893342842,3371.36016112503,0,0,1020.18140523786,7757.0775914665,0,0.079303917017401,0.017497212130936,0.0579636815588286,700,195.800659719454,1800,1044.95211399443,6.38648242744453,0,0
"328",1991.00273972603,164.267893342842,3371.36016112503,0,0,1020.18140523786,7757.0775914665,0,0.079303917017401,0.017497212130936,0.0579636815588286,700,195.800659719454,1800,1044.95211399443,6.38648242744453,0,0
"329",1991.00273972603,164.267893342842,3371.36016112503,0,0,1020.18140523786,7757.0775914665,0,0.079303917017401,0.017497212130936,0.0579636815588286,700,195.800659719454,1800,1044.95211399443,6.38648242744453,0,0
"330",1991.00273972603,164.267893342842,3371.36016112503,0,0,1020.18140523786,7757.0775914665,0,0.079303917017401,0.017497212130936,0.0579636815588286,700,195.800659719454,1800,1044.95211399443,6.38648242744453,0,0
"331",1991.00273972603,164.267893342842,3371.36016112503,0,0,1020.18140523786,7757.0775914665,0,0.079303917017401,0.017497212130936,0.0579636815588286,700,195.800659719454,1800,1044.95211399443,6.38648242744453,0,0
"332",1991.00273972603,164.267893342842,3371.36016112503,0,0,1020.18140523786,7757.0775914665,0,0.079303917017401,0.017497212130936,0.0579636815588286,700,195.800659719454,1800,1044.95211399443,6.38648242744453,0,0
"333",1991.20273972603,160.865473299788,3373.4852846826,0,0,1009.8004015376,7763.22724641319,0,5.8684898589695,1.29479369761906,4.28931243512075,700,197.077956204942,1800,1049.18346274799,6.38648242744453,0,0
"334",1991.20273972603,188.865473299788,3380.4852846826,0,0,1099.8004015376,7763.22724641319,0,5.8684898589695,1.29479369761906,4.28931243512075,735,197.077956204942,1890,1049.18346274799,6.38648242744452,0,0
"335",1991.20273972603,188.865473299788,3380.4852846826,0,0,1099.8004015376,7763.22724641319,0,5.8684898589695,1.29479369761906,4.28931243512075,735,197.077956204942,1890,1049.18346274799,6.38648242744452,0,0
"336",1991.20273972603,188.865473299788,3380.4852846826,0,0,1099.8004015376,7763.22724641319,0,5.8684898589695,1.29479369761906,4.28931243512075,735,197.077956204942,1890,1049.18346274799,6.38648242744452,0,0
"337",1991.20273972603,188.865473299788,3380.4852846826,0,0,1099.8004015376,7763.22724641319,0,5.8684898589695,1.29479369761906,4.28931243512075,735,197.077956204942,1890,1049.18346274799,6.38648242744452,0,0
"338",1991.20273972603,188.865473299788,3380.4852846826,0,0,1099.8004015376,7763.22724641319,0,5.8684898589695,1.29479369761906,4.28931243512075,735,197.077956204942,1890,1049.18346274799,6.38648242744452,0,0
"339",1991.20273972603,188.865473299788,3380.4852846826,0,0,1099.8004015376,7763.22724641319,0,5.8684898589695,1.29479369761906,4.28931243512075,735,197.077956204942,1890,1049.18346274799,6.38648242744452,0,0
"340",1992,167.110449448279,3397.14861675705,0,0,1046.08085916001,7800.07934770694,0,28.9459418987063,6.38648547467598,21.1567535189636,735,202.169647981999,1890,1066.05090383183,6.39492848815208,0,0
"341",1992,167.110449448279,3397.14861675705,0,0,1046.08085916001,7800.07934770694,0,0,0,0,735,202.169647981999,1890,1066.05090383183,6.39492848815208,0,0
"342",1992,167.110449448279,3397.14861675705,0,0,1046.08085916001,7800.07934770694,0,0,0,0,735,202.169647981999,1890,1066.05090383183,6.39492848815208,0,0
"343",1992.00273972603,167.056611951335,3397.18493390197,0,0,1045.91795828517,7800.18421085257,0,0.0793964765848787,0.0175203520228619,0.0580377292129436,735,202.187168334021,1890,1066.10894156104,6.39492848815207,0,0
"344",1992.00273972603,167.056611951335,3397.18493390197,0,0,1045.91795828517,7800.18421085257,0,0.0793964765848787,0.0175203520228619,0.0580377292129436,735,202.187168334021,1890,1066.10894156104,6.39492848815207,0,0
"345",1992.00273972603,167.056611951335,3397.18493390197,0,0,1045.91795828517,7800.18421085257,0,0.0793964765848787,0.0175203520228619,0.0580377292129436,735,202.187168334021,1890,1066.10894156104,6.39492848815207,0,0
"346",1992.00273972603,167.056611951335,3397.18493390197,0,0,1045.91795828517,7800.18421085257,0,0.0793964765848787,0.0175203520228619,0.0580377292129436,735,202.187168334021,1890,1066.10894156104,6.39492848815207,0,0
"347",1992.00273972603,167.056611951335,3397.18493390197,0,0,1045.91795828517,7800.18421085257,0,0.0793964765848787,0.0175203520228619,0.0580377292129436,735,202.187168334021,1890,1066.10894156104,6.39492848815207,0,0
"348",1992.00273972603,167.056611951335,3397.18493390197,0,0,1045.91795828517,7800.18421085257,0,0.0793964765848787,0.0175203520228619,0.0580377292129436,735,202.187168334021,1890,1066.10894156104,6.39492848815207,0,0
"349",1992.20273972603,163.421311382521,3399.54124877315,0,0,1034.38807507716,7807.47733982817,0,5.87533926710125,1.29650604965211,4.29479196162641,735,203.466154031651,1890,1070.34569579346,6.39492848815208,0,0
"350",1992.20273972603,191.421311382521,3406.54124877315,0,0,1124.38807507716,7807.47733982817,0,5.87533926710125,1.29650604965211,4.29479196162641,770,203.466154031651,1980,1070.34569579346,6.39492848815207,0,0
"351",1992.20273972603,191.421311382521,3406.54124877315,0,0,1124.38807507716,7807.47733982817,0,5.87533926710125,1.29650604965211,4.29479196162641,770,203.466154031651,1980,1070.34569579346,6.39492848815207,0,0
"352",1992.20273972603,191.421311382521,3406.54124877315,0,0,1124.38807507716,7807.47733982817,0,5.87533926710125,1.29650604965211,4.29479196162641,770,203.466154031651,1980,1070.34569579346,6.39492848815207,0,0
"353",1992.20273972603,191.421311382521,3406.54124877315,0,0,1124.38807507716,7807.47733982817,0,5.87533926710125,1.29650604965211,4.29479196162641,770,203.466154031651,1980,1070.34569579346,6.39492848815207,0,0
"354",1992.20273972603,191.421311382521,3406.54124877315,0,0,1124.38807507716,7807.47733982817,0,5.87533926710125,1.29650604965211,4.29479196162641,770,203.466154031651,1980,1070.34569579346,6.39492848815207,0,0
"355",1992.20273972603,191.421311382521,3406.54124877315,0,0,1124.38807507716,7807.47733982817,0,5.87533926710125,1.29650604965211,4.29479196162641,770,203.466154031651,1980,1070.34569579346,6.39492848815207,0,0
"356",1993,169.030316911787,3423.83381254213,0,0,1066.75087769756,7848.2255315649,0,28.9797470056188,6.39493675140502,21.1837976044958,770,208.564584733404,1980,1087.23470143633,6.40337454885965,0,0
"357",1993,169.030316911787,3423.83381254213,0,0,1066.75087769756,7848.2255315649,0,0,0,0,770,208.564584733404,1980,1087.23470143633,6.40337454885965,0,0
"358",1993,169.030316911787,3423.83381254213,0,0,1066.75087769756,7848.2255315649,0,0,0,0,770,208.564584733404,1980,1087.23470143633,6.40337454885965,0,0
"359",1993.00273972603,168.974912822113,3423.87167313989,0,0,1066.57615603748,7848.34214144811,0,0.0794890361431073,0.0175434919127464,0.0581117768602967,770,208.582128225316,1980,1087.29281321319,6.40337454885965,0,0
"360",1993.00273972603,168.974912822113,3423.87167313989,0,0,1066.57615603748,7848.34214144811,0,0.0794890361431073,0.0175434919127464,0.0581117768602967,770,208.582128225316,1980,1087.29281321319,6.40337454885965,0,0
"361",1993.00273972603,168.974912822113,3423.87167313989,0,0,1066.57615603748,7848.34214144811,0,0.0794890361431073,0.0175434919127464,0.0581117768602967,770,208.582128225316,1980,1087.29281321319,6.40337454885965,0,0
"362",1993.00273972603,168.974912822113,3423.87167313989,0,0,1066.57615603748,7848.34214144811,0,0.0794890361431073,0.0175434919127464,0.0581117768602967,770,208.582128225316,1980,1087.29281321319,6.40337454885965,0,0
"363",1993.00273972603,168.974912822113,3423.87167313989,0,0,1066.57615603748,7848.34214144811,0,0.0794890361431073,0.0175434919127464,0.0581117768602967,770,208.582128225316,1980,1087.29281321319,6.40337454885965,0,0
"364",1993.00273972603,168.974912822113,3423.87167313989,0,0,1066.57615603748,7848.34214144811,0,0.0794890361431073,0.0175434919127464,0.0581117768602967,770,208.582128225316,1980,1087.29281321319,6.40337454885965,0,0
"365",1993.20273972603,165.233945909098,3426.33196514313,0,0,1054.21061529505,7856.46552247927,0,5.88218867524305,1.29821840168737,4.3002714881394,770,209.862803135091,1980,1091.53497292447,6.40337454885965,0,0
"366",1993.20273972603,193.233945909098,3433.33196514313,0,0,1144.21061529505,7856.46552247927,0,5.88218867524305,1.29821840168737,4.3002714881394,805,209.862803135091,2070,1091.53497292447,6.40337454885965,0,0
"367",1993.20273972603,193.233945909098,3433.33196514313,0,0,1144.21061529505,7856.46552247927,0,5.88218867524305,1.29821840168737,4.3002714881394,805,209.862803135091,2070,1091.53497292447,6.40337454885965,0,0
"368",1993.20273972603,193.233945909098,3433.33196514313,0,0,1144.21061529505,7856.46552247927,0,5.88218867524305,1.29821840168737,4.3002714881394,805,209.862803135091,2070,1091.53497292447,6.40337454885965,0,0
"369",1993.20273972603,193.233945909098,3433.33196514313,0,0,1144.21061529505,7856.46552247927,0,5.88218867524305,1.29821840168737,4.3002714881394,805,209.862803135091,2070,1091.53497292447,6.40337454885965,0,0
"370",1993.20273972603,193.233945909098,3433.33196514313,0,0,1144.21061529505,7856.46552247927,0,5.88218867524305,1.29821840168737,4.3002714881394,805,209.862803135091,2070,1091.53497292447,6.40337454885965,0,0
"371",1993.20273972603,193.233945909098,3433.33196514313,0,0,1144.21061529505,7856.46552247927,0,5.88218867524305,1.29821840168737,4.3002714881394,805,209.862803135091,2070,1091.53497292447,6.40337454885965,0,0
"372",1994,170.55441412336,3450.90634272556,0,0,1083.72393136122,7900.04168578381,0,29.0134893878666,6.40337260499951,21.2107921174294,805,214.967957338403,2070,1108.44549355376,0,0,0
"373",1995,160.813916040288,3460.64683535604,0,0,1044.58481291097,7939.18076766495,0,29.0135150048693,6.40337805759433,21.2108286865404,805,214.967962790998,2070,1108.44553012287,2.9518264527289,0,0
"374",1995,160.813916040288,3460.64683535604,0,0,1044.58481291097,7939.18076766495,0,0,0,0,805,214.967962790998,2070,1108.44553012287,2.9518264527289,0,0
"375",1995,160.813916040288,3460.64683535604,0,0,1044.58481291097,7939.18076766495,0,0,0,0,805,214.967962790998,2070,1108.44553012287,2.9518264527289,0,0
"376",1995.00273972603,160.788340846742,3460.66432335382,0,0,1044.42591780217,7939.27176095251,0,0.0386675778112755,0.00808719576004865,0.0679018212435496,805,214.976049986758,2070,1108.51343194411,2.9518264527289,0,0
"377",1995.00273972603,160.788340846742,3460.66432335382,0,0,1044.42591780217,7939.27176095251,0,0.0386675778112755,0.00808719576004865,0.0679018212435496,805,214.976049986758,2070,1108.51343194411,2.9518264527289,0,0
"378",1995.00273972603,160.788340846742,3460.66432335382,0,0,1044.42591780217,7939.27176095251,0,0.0386675778112755,0.00808719576004865,0.0679018212435496,805,214.976049986758,2070,1108.51343194411,2.9518264527289,0,0
"379",1995.00273972603,160.788340846742,3460.66432335382,0,0,1044.42591780217,7939.27176095251,0,0.0386675778112755,0.00808719576004865,0.0679018212435496,805,214.976049986758,2070,1108.51343194411,2.9518264527289,0,0
"380",1995.00273972603,160.788340846742,3460.66432335382,0,0,1044.42591780217,7939.27176095251,0,0.0386675778112755,0.00808719576004865,0.0679018212435496,805,214.976049986758,2070,1108.51343194411,2.9518264527289,0,0
"381",1995.00273972603,160.788340846742,3460.66432335382,0,0,1044.42591780217,7939.27176095251,0,0.0386675778112755,0.00808719576004865,0.0679018212435496,805,214.976049986758,2070,1108.51343194411,2.9518264527289,0,0
"382",1995.20273972603,159.061372730357,3461.80092617966,0,0,1033.17673157168,7945.56411423169,0,2.86140075833411,0.598452486306287,5.02473477254901,805,215.566415277304,2070,1113.47026489542,2.9518264527289,0,0
"383",1995.20273972603,187.061372730357,3468.80092617966,0,0,1123.17673157168,7945.56411423169,0,2.86140075833411,0.598452486306287,5.02473477254901,840,215.566415277304,2160,1113.47026489542,2.9518264527289,0,0
"384",1995.20273972603,187.061372730357,3468.80092617966,0,0,1123.17673157168,7945.56411423169,0,2.86140075833411,0.598452486306287,5.02473477254901,840,215.566415277304,2160,1113.47026489542,2.9518264527289,0,0
"385",1995.20273972603,187.061372730357,3468.80092617966,0,0,1123.17673157168,7945.56411423169,0,2.86140075833411,0.598452486306287,5.02473477254901,840,215.566415277304,2160,1113.47026489542,2.9518264527289,0,0
"386",1995.20273972603,187.061372730357,3468.80092617966,0,0,1123.17673157168,7945.56411423169,0,2.86140075833411,0.598452486306287,5.02473477254901,840,215.566415277304,2160,1113.47026489542,2.9518264527289,0,0
"387",1995.20273972603,187.061372730357,3468.80092617966,0,0,1123.17673157168,7945.56411423169,0,2.86140075833411,0.598452486306287,5.02473477254901,840,215.566415277304,2160,1113.47026489542,2.9518264527289,0,0
"388",1995.20273972603,187.061372730357,3468.80092617966,0,0,1123.17673157168,7945.56411423169,0,2.86140075833411,0.598452486306287,5.02473477254901,840,215.566415277304,2160,1113.47026489542,2.9518264527289,0,0
"389",1996,169.916856822774,3483.59206559479,0,0,1066.45400653272,7982.52741182392,0,14.113676801289,2.95182897876212,24.7841622192851,840,217.91979176976,2160,1133.22969234215,6.42871273098238,0,0
"390",1996,169.916856822774,3483.59206559479,0,0,1066.45400653272,7982.52741182392,0,0,0,0,840,217.91979176976,2160,1133.22969234215,6.42871273098238,0,0
"391",1996,169.916856822774,3483.59206559479,0,0,1066.45400653272,7982.52741182392,0,0,0,0,840,217.91979176976,2160,1133.22969234215,6.42871273098238,0,0
"392",1996.00273972603,169.864998041225,3483.62631146475,0,0,1066.29155433127,7982.63153010554,0,0.0797667148553161,0.0176129115906804,0.0583339198297856,840,217.937404681351,2160,1133.28802626198,6.42871273098238,0,0
"393",1996.00273972603,169.864998041225,3483.62631146475,0,0,1066.29155433127,7982.63153010554,0,0.0797667148553161,0.0176129115906804,0.0583339198297856,840,217.937404681351,2160,1133.28802626198,6.42871273098238,0,0
"394",1996.00273972603,169.864998041225,3483.62631146475,0,0,1066.29155433127,7982.63153010554,0,0.0797667148553161,0.0176129115906804,0.0583339198297856,840,217.937404681351,2160,1133.28802626198,6.42871273098238,0,0
"395",1996.00273972603,169.864998041225,3483.62631146475,0,0,1066.29155433127,7982.63153010554,0,0.0797667148553161,0.0176129115906804,0.0583339198297856,840,217.937404681351,2160,1133.28802626198,6.42871273098238,0,0
"396",1996.00273972603,169.864998041225,3483.62631146475,0,0,1066.29155433127,7982.63153010554,0,0.0797667148553161,0.0176129115906804,0.0583339198297856,840,217.937404681351,2160,1133.28802626198,6.42871273098238,0,0
"397",1996.00273972603,169.864998041225,3483.62631146475,0,0,1066.29155433127,7982.63153010554,0,0.0797667148553161,0.0176129115906804,0.0583339198297856,840,217.937404681351,2160,1133.28802626198,6.42871273098238,0,0
"398",1996.20273972603,166.363129324843,3485.84243763493,0,0,1054.79331419613,7989.87139409284,0,5.90273689964827,1.30335545778871,4.31671006766367,840,219.223147227549,2160,1137.54640240982,6.42871273098238,0,0
"399",1996.20273972603,194.363129324843,3492.84243763493,0,0,1144.79331419613,7989.87139409284,0,5.90273689964827,1.30335545778871,4.31671006766367,875,219.223147227549,2250,1137.54640240982,6.42871273098238,0,0
"400",1996.20273972603,194.363129324843,3492.84243763493,0,0,1144.79331419613,7989.87139409284,0,5.90273689964827,1.30335545778871,4.31671006766367,875,219.223147227549,2250,1137.54640240982,6.42871273098238,0,0
"401",1996.20273972603,194.363129324843,3492.84243763493,0,0,1144.79331419613,7989.87139409284,0,5.90273689964827,1.30335545778871,4.31671006766367,875,219.223147227549,2250,1137.54640240982,6.42871273098238,0,0
"402",1996.20273972603,194.363129324843,3492.84243763493,0,0,1144.79331419613,7989.87139409284,0,5.90273689964827,1.30335545778871,4.31671006766367,875,219.223147227549,2250,1137.54640240982,6.42871273098238,0,0
"403",1996.20273972603,194.363129324843,3492.84243763493,0,0,1144.79331419613,7989.87139409284,0,5.90273689964827,1.30335545778871,4.31671006766367,875,219.223147227549,2250,1137.54640240982,6.42871273098238,0,0
"404",1996.20273972603,194.363129324843,3492.84243763493,0,0,1144.79331419613,7989.87139409284,0,5.90273689964827,1.30335545778871,4.31671006766367,875,219.223147227549,2250,1137.54640240982,6.42871273098238,0,0
"405",1997,172.336190077849,3509.74401277214,0,0,1087.26291467713,8030.42660106328,0,29.1148782702775,6.42871956756896,21.291902616221,875,224.348511337329,2250,1154.52159495837,6.43715879168982,0,0
"406",1997,172.336190077849,3509.74401277214,0,0,1087.26291467713,8030.42660106328,0,0,0,0,875,224.348511337329,2250,1154.52159495837,6.43715879168982,0,0
"407",1997,172.336190077849,3509.74401277214,0,0,1087.26291467713,8030.42660106328,0,0,0,0,875,224.348511337329,2250,1154.52159495837,6.43715879168982,0,0
"408",1997.00273972603,172.281681189447,3509.78088560906,0,0,1087.08851068317,8030.54259708975,0,0.0798592744241096,0.0176360514828962,0.0584079674848614,875,224.366147388812,2250,1154.58000292586,6.43715879168982,0,0
"409",1997.00273972603,172.281681189447,3509.78088560906,0,0,1087.08851068317,8030.54259708975,0,0.0798592744241096,0.0176360514828962,0.0584079674848614,875,224.366147388812,2250,1154.58000292586,6.43715879168982,0,0
"410",1997.00273972603,172.281681189447,3509.78088560906,0,0,1087.08851068317,8030.54259708975,0,0.0798592744241096,0.0176360514828962,0.0584079674848614,875,224.366147388812,2250,1154.58000292586,6.43715879168982,0,0
"411",1997.00273972603,172.281681189447,3509.78088560906,0,0,1087.08851068317,8030.54259708975,0,0.0798592744241096,0.0176360514828962,0.0584079674848614,875,224.366147388812,2250,1154.58000292586,6.43715879168982,0,0
"412",1997.00273972603,172.281681189447,3509.78088560906,0,0,1087.08851068317,8030.54259708975,0,0.0798592744241096,0.0176360514828962,0.0584079674848614,875,224.366147388812,2250,1154.58000292586,6.43715879168982,0,0
"413",1997.00273972603,172.281681189447,3509.78088560906,0,0,1087.08851068317,8030.54259708975,0,0.0798592744241096,0.0176360514828962,0.0584079674848614,875,224.366147388812,2250,1154.58000292586,6.43715879168982,0,0
"414",1997.20273972603,168.601068160618,3512.17406687956,0,0,1074.74535298372,8038.62197316253,0,5.90958630777408,1.30506780982044,4.32218959416496,875,225.653579147149,2250,1158.84378455254,6.43715879168983,0,0
"415",1997.20273972603,196.601068160618,3519.17406687956,0,0,1164.74535298372,8038.62197316253,0,5.90958630777408,1.30506780982044,4.32218959416496,910,225.653579147149,2340,1158.84378455254,6.43715879168982,0,0
"416",1997.20273972603,196.601068160618,3519.17406687956,0,0,1164.74535298372,8038.62197316253,0,5.90958630777408,1.30506780982044,4.32218959416496,910,225.653579147149,2340,1158.84378455254,6.43715879168982,0,0
"417",1997.20273972603,196.601068160618,3519.17406687956,0,0,1164.74535298372,8038.62197316253,0,5.90958630777408,1.30506780982044,4.32218959416496,910,225.653579147149,2340,1158.84378455254,6.43715879168982,0,0
"418",1997.20273972603,196.601068160618,3519.17406687956,0,0,1164.74535298372,8038.62197316253,0,5.90958630777408,1.30506780982044,4.32218959416496,910,225.653579147149,2340,1158.84378455254,6.43715879168982,0,0
"419",1997.20273972603,196.601068160618,3519.17406687956,0,0,1164.74535298372,8038.62197316253,0,5.90958630777408,1.30506780982044,4.32218959416496,910,225.653579147149,2340,1158.84378455254,6.43715879168982,0,0
"420",1997.20273972603,196.601068160618,3519.17406687956,0,0,1164.74535298372,8038.62197316253,0,5.90958630777408,1.30506780982044,4.32218959416496,910,225.653579147149,2340,1158.84378455254,6.43715879168982,0,0
"421",1998,174.086106641051,3536.55693697547,0,0,1104.33389041081,8082.03671578249,0,29.148636933893,6.43715923347292,21.3189095471136,910,230.785670570802,2340,1175.84050450549,6.4456048523975,0,0
"422",1998,174.086106641051,3536.55693697547,0,0,1104.33389041081,8082.03671578249,0,0,0,0,910,230.785670570802,2340,1175.84050450549,6.4456048523975,0,0
"423",1998,174.086106641051,3536.55693697547,0,0,1104.33389041081,8082.03671578249,0,0,0,0,910,230.785670570802,2340,1175.84050450549,6.4456048523975,0,0
"424",1998.00273972603,174.030394941592,3536.59498948355,0,0,1104.15079242344,8082.16133175471,0,0.0799518340025196,0.0176591913772361,0.0584820151469715,910,230.803329762179,2340,1175.89898652064,6.4456048523975,0,0
"425",1998.00273972603,174.030394941592,3536.59498948355,0,0,1104.15079242344,8082.16133175471,0,0.0799518340025196,0.0176591913772361,0.0584820151469715,910,230.803329762179,2340,1175.89898652064,6.4456048523975,0,0
"426",1998.00273972603,174.030394941592,3536.59498948355,0,0,1104.15079242344,8082.16133175471,0,0.0799518340025196,0.0176591913772361,0.0584820151469715,910,230.803329762179,2340,1175.89898652064,6.4456048523975,0,0
"427",1998.00273972603,174.030394941592,3536.59498948355,0,0,1104.15079242344,8082.16133175471,0,0.0799518340025196,0.0176591913772361,0.0584820151469715,910,230.803329762179,2340,1175.89898652064,6.4456048523975,0,0
"428",1998.00273972603,174.030394941592,3536.59498948355,0,0,1104.15079242344,8082.16133175471,0,0.0799518340025196,0.0176591913772361,0.0584820151469715,910,230.803329762179,2340,1175.89898652064,6.4456048523975,0,0
"429",1998.00273972603,174.030394941592,3536.59498948355,0,0,1104.15079242344,8082.16133175471,0,0.0799518340025196,0.0176591913772361,0.0584820151469715,910,230.803329762179,2340,1175.89898652064,6.4456048523975,0,0
"430",1998.20273972603,170.268651262439,3539.06761219223,0,0,1091.19301759652,8090.84991947611,0,5.9164357159055,1.30678016185342,4.32766912067038,910,232.092450732655,2340,1180.16817362616,6.4456048523975,0,0
"431",1998.20273972603,198.268651262439,3546.06761219223,0,0,1181.19301759652,8090.84991947611,0,5.9164357159055,1.30678016185342,4.32766912067038,945,232.092450732655,2430,1180.16817362616,6.4456048523975,0,0
"432",1998.20273972603,198.268651262439,3546.06761219223,0,0,1181.19301759652,8090.84991947611,0,5.9164357159055,1.30678016185342,4.32766912067038,945,232.092450732655,2430,1180.16817362616,6.4456048523975,0,0
"433",1998.20273972603,198.268651262439,3546.06761219223,0,0,1181.19301759652,8090.84991947611,0,5.9164357159055,1.30678016185342,4.32766912067038,945,232.092450732655,2430,1180.16817362616,6.4456048523975,0,0
"434",1998.20273972603,198.268651262439,3546.06761219223,0,0,1181.19301759652,8090.84991947611,0,5.9164357159055,1.30678016185342,4.32766912067038,945,232.092450732655,2430,1180.16817362616,6.4456048523975,0,0
"435",1998.20273972603,198.268651262439,3546.06761219223,0,0,1181.19301759652,8090.84991947611,0,5.9164357159055,1.30678016185342,4.32766912067038,945,232.092450732655,2430,1180.16817362616,6.4456048523975,0,0
"436",1998.20273972603,198.268651262439,3546.06761219223,0,0,1181.19301759652,8090.84991947611,0,5.9164357159055,1.30678016185342,4.32766912067038,945,232.092450732655,2430,1180.16817362616,6.4456048523975,0,0
"437",1999,175.532121452065,3563.66530742625,0,0,1118.68564498831,8136.33898081137,0,29.1824189972972,6.44561473820233,21.345980393605,945,237.231285309004,2430,1197.18648489909,10.0134499558772,0,0
"438",1999,175.532121452065,3563.66530742625,0,0,1118.68564498831,8136.33898081137,0,0,0,0,945,237.231285309004,2430,1197.18648489909,10.0134499558772,0,0
"439",1999,175.532121452065,3563.66530742625,0,0,1118.68564498831,8136.33898081137,0,0,0,0,945,237.231285309004,2430,1197.18648489909,10.0134499558772,0,0
"440",1999.00273972603,175.466121980285,3563.70387278857,0,0,1118.45195320995,8136.46983015051,0,0.0795441777777457,0.0274341094673859,0.102842439225379,945,237.258719418472,2430,1197.28932733832,10.0134499558772,0,0
"441",1999.00273972603,175.466121980285,3563.70387278857,0,0,1118.45195320995,8136.46983015051,0,0.0795441777777457,0.0274341094673859,0.102842439225379,945,237.258719418472,2430,1197.28932733832,10.0134499558772,0,0
"442",1999.00273972603,175.466121980285,3563.70387278857,0,0,1118.45195320995,8136.46983015051,0,0.0795441777777457,0.0274341094673859,0.102842439225379,945,237.258719418472,2430,1197.28932733832,10.0134499558772,0,0
"443",1999.00273972603,175.466121980285,3563.70387278857,0,0,1118.45195320995,8136.46983015051,0,0.0795441777777457,0.0274341094673859,0.102842439225379,945,237.258719418472,2430,1197.28932733832,10.0134499558772,0,0
"444",1999.00273972603,175.466121980285,3563.70387278857,0,0,1118.45195320995,8136.46983015051,0,0.0795441777777457,0.0274341094673859,0.102842439225379,945,237.258719418472,2430,1197.28932733832,10.0134499558772,0,0
"445",1999.00273972603,175.466121980285,3563.70387278857,0,0,1118.45195320995,8136.46983015051,0,0.0795441777777457,0.0274341094673859,0.102842439225379,945,237.258719418472,2430,1197.28932733832,10.0134499558772,0,0
"446",1999.20273972603,171.008228583401,3566.15907619427,0,0,1101.91901088177,8145.50763201592,0,5.8862691557203,2.03012410064419,7.59798290199269,945,239.261409409648,2430,1204.78446780109,10.0134499558772,0,0
"447",1999.20273972603,199.008228583401,3573.15907619427,0,0,1191.91901088177,8145.50763201592,0,5.8862691557203,2.03012410064419,7.59798290199269,980,239.261409409648,2520,1204.78446780109,10.0134499558772,0,0
"448",1999.20273972603,199.008228583401,3573.15907619427,0,0,1191.91901088177,8145.50763201592,0,5.8862691557203,2.03012410064419,7.59798290199269,980,239.261409409648,2520,1204.78446780109,10.0134499558772,0,0
"449",1999.20273972603,199.008228583401,3573.15907619427,0,0,1191.91901088177,8145.50763201592,0,5.8862691557203,2.03012410064419,7.59798290199269,980,239.261409409648,2520,1204.78446780109,10.0134499558772,0,0
"450",1999.20273972603,199.008228583401,3573.15907619427,0,0,1191.91901088177,8145.50763201592,0,5.8862691557203,2.03012410064419,7.59798290199269,980,239.261409409648,2520,1204.78446780109,10.0134499558772,0,0
"451",1999.20273972603,199.008228583401,3573.15907619427,0,0,1191.91901088177,8145.50763201592,0,5.8862691557203,2.03012410064419,7.59798290199269,980,239.261409409648,2520,1204.78446780109,10.0134499558772,0,0
"452",1999.20273972603,199.008228583401,3573.15907619427,0,0,1191.91901088177,8145.50763201592,0,5.8862691557203,2.03012410064419,7.59798290199269,980,239.261409409648,2520,1204.78446780109,10.0134499558772,0,0
"453",2000,174.333615108837,3589.85038060633,0,0,1116.84467591363,8190.49437358688,0,29.0335751367007,10.0134331631561,37.6855762991815,980,247.24471847216,2520,1234.87206119827,5.56728031328562,0,0
"454",2000,174.333615108837,3589.85038060633,0,0,1116.84467591363,8190.49437358688,0,0,0,0,980,247.24471847216,2520,1234.87206119827,5.56728031328562,0,0
"455",2000,174.333615108837,3589.85038060633,0,0,1116.84467591363,8190.49437358688,0,0,0,0,980,247.24471847216,2520,1234.87206119827,5.56728031328562,0,0
"456",2000.00273972603,174.284657579908,3589.88408643412,0,0,1116.6268791919,8190.61884540303,0,0.0434537862629902,0.0152517011363169,0.0933249055726874,980,247.259970173297,2520,1234.96538610385,5.56645553170038,0,0
"457",2000.00273972603,174.284657579908,3589.88408643412,0,0,1116.6268791919,8190.61884540303,0,0.0434537862629902,0.0152517011363169,0.0933249055726874,980,247.259970173297,2520,1234.96538610385,5.56645553170038,0,0
"458",2000.00273972603,174.284657579908,3589.88408643412,0,0,1116.6268791919,8190.61884540303,0,0.0434537862629902,0.0152517011363169,0.0933249055726874,980,247.259970173297,2520,1234.96538610385,5.56645553170038,0,0
"459",2000.00273972603,174.284657579908,3589.88408643412,0,0,1116.6268791919,8190.61884540303,0,0.0434537862629902,0.0152517011363169,0.0933249055726874,980,247.259970173297,2520,1234.96538610385,5.56645553170038,0,0
"460",2000.00273972603,174.284657579908,3589.88408643412,0,0,1116.6268791919,8190.61884540303,0,0.0434537862629902,0.0152517011363169,0.0933249055726874,980,247.259970173297,2520,1234.96538610385,5.56645553170038,0,0
"461",2000.00273972603,174.284657579908,3589.88408643412,0,0,1116.6268791919,8190.61884540303,0,0.0434537862629902,0.0152517011363169,0.0933249055726874,980,247.259970173297,2520,1234.96538610385,5.56645553170038,0,0
"462",2000.20273972603,170.984662061057,3592.0765701353,0,0,1101.2278039595,8199.22559530951,0,3.21558018322799,1.1227635188111,6.88565023150161,980,248.367481990971,2520,1241.75771142978,5.5098521975873,0,0
"463",2000.20273972603,198.984662061057,3599.0765701353,0,0,1191.2278039595,8199.22559530951,0,3.21558018322799,1.1227635188111,6.88565023150161,1015,248.367481990971,2610,1241.75771142978,5.92699906339755,0,0
"464",2000.20273972603,198.984662061057,3599.0765701353,0,0,1191.2278039595,8199.22559530951,0,3.21558018322799,1.1227635188111,6.88565023150161,1015,248.367481990971,2610,1241.75771142978,5.92699906339755,0,0
"465",2000.20273972603,198.984662061057,3599.0765701353,0,0,1191.2278039595,8199.22559530951,0,3.21558018322799,1.1227635188111,6.88565023150161,1015,248.367481990971,2610,1241.75771142978,5.92699906339755,0,0
"466",2000.20273972603,198.984662061057,3599.0765701353,0,0,1191.2278039595,8199.22559530951,0,3.21558018322799,1.1227635188111,6.88565023150161,1015,248.367481990971,2610,1241.75771142978,5.92699906339755,0,0
"467",2000.20273972603,198.984662061057,3599.0765701353,0,0,1191.2278039595,8199.22559530951,0,3.21558018322799,1.1227635188111,6.88565023150161,1015,248.367481990971,2610,1241.75771142978,5.92699906339755,0,0
"468",2000.20273972603,198.984662061057,3599.0765701353,0,0,1191.2278039595,8199.22559530951,0,3.21558018322799,1.1227635188111,6.88565023150161,1015,248.367481990971,2610,1241.75771142978,5.92699906339755,0,0
"469",2001,177.391421942379,3616.07505476645,0,0,1119.86353353631,8243.07656141225,0,15.8606319695632,5.71751900633522,34.3989545519583,1015,252.962237478495,2610,1269.27101575023,3.00566711899065,0,0
"470",2001,177.391421942379,3616.07505476645,0,0,1119.86353353631,8243.07656141225,0,0,0,0,1015,252.962237478495,2610,1269.27101575023,3.00566711899065,0,0
"471",2001,177.391421942379,3616.07505476645,0,0,1119.86353353631,8243.07656141225,0,0,0,0,1015,252.962237478495,2610,1269.27101575023,3.00566711899065,0,0
"472",2001.00273972603,177.345530820596,3616.1127111838,0,0,1119.71315517348,8243.19861611814,0,0.0422538862339654,0.00823470443528904,0.0283236569325785,1015,252.970472182931,2610,1269.29933940717,3.00566711899065,0,0
"473",2001.00273972603,177.345530820596,3616.1127111838,0,0,1119.71315517348,8243.19861611814,0,0.0422538862339654,0.00823470443528904,0.0283236569325785,1015,252.970472182931,2610,1269.29933940717,3.00566711899065,0,0
"474",2001.00273972603,177.345530820596,3616.1127111838,0,0,1119.71315517348,8243.19861611814,0,0.0422538862339654,0.00823470443528904,0.0283236569325785,1015,252.970472182931,2610,1269.29933940717,3.00566711899065,0,0
"475",2001.00273972603,177.345530820596,3616.1127111838,0,0,1119.71315517348,8243.19861611814,0,0.0422538862339654,0.00823470443528904,0.0283236569325785,1015,252.970472182931,2610,1269.29933940717,3.00566711899065,0,0
"476",2001.00273972603,177.345530820596,3616.1127111838,0,0,1119.71315517348,8243.19861611814,0,0.0422538862339654,0.00823470443528904,0.0283236569325785,1015,252.970472182931,2610,1269.29933940717,3.00566711899065,0,0
"477",2001.00273972603,177.345530820596,3616.1127111838,0,0,1119.71315517348,8243.19861611814,0,0.0422538862339654,0.00823470443528904,0.0283236569325785,1015,252.970472182931,2610,1269.29933940717,3.00566711899065,0,0
"478",2001.20273972603,174.248334288412,3618.60877429218,0,0,1109.07567448335,8251.76846985212,0,3.12678758143284,0.609368128234657,2.09595061309085,1015,253.57160560673,2610,1271.36696636333,3.00566711899065,0,0
"479",2001.20273972603,202.248334288412,3625.60877429218,0,0,1199.07567448335,8251.76846985212,0,3.12678758143284,0.609368128234657,2.09595061309085,1050,253.57160560673,2700,1271.36696636333,3.00566711899065,0,0
"480",2001.20273972603,202.248334288412,3625.60877429218,0,0,1199.07567448335,8251.76846985212,0,3.12678758143284,0.609368128234657,2.09595061309085,1050,253.57160560673,2700,1271.36696636333,3.00566711899065,0,0
"481",2001.20273972603,202.248334288412,3625.60877429218,0,0,1199.07567448335,8251.76846985212,0,3.12678758143284,0.609368128234657,2.09595061309085,1050,253.57160560673,2700,1271.36696636333,3.00566711899065,0,0
"482",2001.20273972603,202.248334288412,3625.60877429218,0,0,1199.07567448335,8251.76846985212,0,3.12678758143284,0.609368128234657,2.09595061309085,1050,253.57160560673,2700,1271.36696636333,3.00566711899065,0,0
"483",2001.20273972603,202.248334288412,3625.60877429218,0,0,1199.07567448335,8251.76846985212,0,3.12678758143284,0.609368128234657,2.09595061309085,1050,253.57160560673,2700,1271.36696636333,3.00566711899065,0,0
"484",2001.20273972603,202.248334288412,3625.60877429218,0,0,1199.07567448335,8251.76846985212,0,3.12678758143284,0.609368128234657,2.09595061309085,1050,253.57160560673,2700,1271.36696636333,3.00566711899065,0,0
"485",2002,181.362601879528,3644.09820703592,0,0,1144.6125516353,8297.98940637444,0,15.4226711735261,3.00566779338118,10.33813693882,1050,255.967905271877,2700,1279.60915268906,4.28293509715725,0,0
"486",2002,181.362601879528,3644.09820703592,0,0,1144.6125516353,8297.98940637444,0,0,0,0,1050,255.967905271877,2700,1279.60915268906,4.28293509715725,0,0
"487",2002,181.362601879528,3644.09820703592,0,0,1144.6125516353,8297.98940637444,0,0,0,0,1050,255.967905271877,2700,1279.60915268906,4.28293509715725,0,0
"488",2002.00273972603,181.307543314355,3644.14153153233,0,0,1144.43666516254,8298.12577122443,0,0.0562513435253243,0.0117340687582572,0.039521622765968,1050,255.979639340635,2700,1279.64867431182,4.28293509715725,0,0
"489",2002.00273972603,181.307543314355,3644.14153153233,0,0,1144.43666516254,8298.12577122443,0,0.0562513435253243,0.0117340687582572,0.039521622765968,1050,255.979639340635,2700,1279.64867431182,4.28293509715725,0,0
"490",2002.00273972603,181.307543314355,3644.14153153233,0,0,1144.43666516254,8298.12577122443,0,0.0562513435253243,0.0117340687582572,0.039521622765968,1050,255.979639340635,2700,1279.64867431182,4.28293509715725,0,0
"491",2002.00273972603,181.307543314355,3644.14153153233,0,0,1144.43666516254,8298.12577122443,0,0.0562513435253243,0.0117340687582572,0.039521622765968,1050,255.979639340635,2700,1279.64867431182,4.28293509715725,0,0
"492",2002.00273972603,181.307543314355,3644.14153153233,0,0,1144.43666516254,8298.12577122443,0,0.0562513435253243,0.0117340687582572,0.039521622765968,1050,255.979639340635,2700,1279.64867431182,4.28293509715725,0,0
"493",2002.00273972603,181.307543314355,3644.14153153233,0,0,1144.43666516254,8298.12577122443,0,0.0562513435253243,0.0117340687582572,0.039521622765968,1050,255.979639340635,2700,1279.64867431182,4.28293509715725,0,0
"494",2002.20273972603,177.591231147054,3647.0012566802,0,0,1131.9932635209,8307.68409440389,0,4.16259942124892,0.868321088189247,2.92460008494506,1050,256.836226360066,2700,1282.533752774,4.28293509715725,0,0
"495",2002.20273972603,177.591231147054,3647.0012566802,0,0,1221.9932635209,8307.68409440389,0,4.16259942124892,0.868321088189247,2.92460008494506,1050,256.836226360066,2790,1282.533752774,4.28293509715725,0,0
"496",2002.20273972603,177.591231147054,3647.0012566802,0,0,1221.9932635209,8307.68409440389,0,4.16259942124892,0.868321088189247,2.92460008494506,1050,256.836226360066,2790,1282.533752774,4.28293509715725,0,0
"497",2002.20273972603,177.591231147054,3647.0012566802,0,0,1221.9932635209,8307.68409440389,0,4.16259942124892,0.868321088189247,2.92460008494506,1050,256.836226360066,2790,1282.533752774,4.28293509715725,0,0
"498",2002.20273972603,177.591231147054,3647.0012566802,0,0,1221.9932635209,8307.68409440389,0,4.16259942124892,0.868321088189247,2.92460008494506,1050,256.836226360066,2790,1282.533752774,4.28293509715725,0,0
"499",2002.20273972603,177.591231147054,3647.0012566802,0,0,1221.9932635209,8307.68409440389,0,4.16259942124892,0.868321088189247,2.92460008494506,1050,256.836226360066,2790,1282.533752774,4.28293509715725,0,0
"500",2002.20273972603,177.591231147054,3647.0012566802,0,0,1221.9932635209,8307.68409440389,0,4.16259942124892,0.868321088189247,2.92460008494506,1050,256.836226360066,2790,1282.533752774,4.28293509715725,0,0
"501",2003,167.401318571506,3653.77653668154,0,0,1161.32302640781,8356.85347988225,0,20.5318146496043,4.28295366240174,14.425451719685,1050,260.250858934278,2790,1294.03460440874,4.29138115786482,0,0
"502",2003,167.401318571506,3653.77653668154,0,0,1161.32302640781,8356.85347988225,0,0,0,0,1050,260.250858934278,2790,1294.03460440874,4.29138115786482,0,0
"503",2003,167.401318571506,3653.77653668154,0,0,1161.32302640781,8356.85347988225,0,0,0,0,1050,260.250858934278,2790,1294.03460440874,4.29138115786482,0,0
"504",2003.00273972603,167.376046890618,3653.79005115377,0,0,1161.13938951854,8356.99752110109,0,0.0563439031015543,0.011757208652032,0.0395956704262869,1050,260.26261614293,2790,1294.07420007917,4.29138115786483,0,0
"505",2003.00273972603,167.376046890618,3653.79005115377,0,0,1161.13938951854,8356.99752110109,0,0.0563439031015543,0.011757208652032,0.0395956704262869,1050,260.26261614293,2790,1294.07420007917,4.29138115786483,0,0
"506",2003.00273972603,167.376046890618,3653.79005115377,0,0,1161.13938951854,8356.99752110109,0,0.0563439031015543,0.011757208652032,0.0395956704262869,1050,260.26261614293,2790,1294.07420007917,4.29138115786483,0,0
"507",2003.00273972603,167.376046890618,3653.79005115377,0,0,1161.13938951854,8356.99752110109,0,0.0563439031015543,0.011757208652032,0.0395956704262869,1050,260.26261614293,2790,1294.07420007917,4.29138115786483,0,0
"508",2003.00273972603,167.376046890618,3653.79005115377,0,0,1161.13938951854,8356.99752110109,0,0.0563439031015543,0.011757208652032,0.0395956704262869,1050,260.26261614293,2790,1294.07420007917,4.29138115786483,0,0
"509",2003.00273972603,167.376046890618,3653.79005115377,0,0,1161.13938951854,8356.99752110109,0,0.0563439031015543,0.011757208652032,0.0395956704262869,1050,260.26261614293,2790,1294.07420007917,4.29138115786483,0,0
"510",2003.20273972603,165.668677986353,3654.63914382646,0,0,1148.14794535474,8367.09848132385,0,4.16944882939804,0.870033440225963,2.93007961146303,1050,261.120892374504,2790,1296.9646840202,4.29138115786482,0,0
"511",2003.20273972603,165.668677986353,3654.63914382646,0,0,1238.14794535474,8367.09848132385,0,4.16944882939804,0.870033440225963,2.93007961146303,1050,261.120892374504,2880,1296.9646840202,4.29138115786482,0,0
"512",2003.20273972603,165.668677986353,3654.63914382646,0,0,1238.14794535474,8367.09848132385,0,4.16944882939804,0.870033440225963,2.93007961146303,1050,261.120892374504,2880,1296.9646840202,4.29138115786482,0,0
"513",2003.20273972603,165.668677986353,3654.63914382646,0,0,1238.14794535474,8367.09848132385,0,4.16944882939804,0.870033440225963,2.93007961146303,1050,261.120892374504,2880,1296.9646840202,4.29138115786482,0,0
"514",2003.20273972603,165.668677986353,3654.63914382646,0,0,1238.14794535474,8367.09848132385,0,4.16944882939804,0.870033440225963,2.93007961146303,1050,261.120892374504,2880,1296.9646840202,4.29138115786482,0,0
"515",2003.20273972603,165.668677986353,3654.63914382646,0,0,1238.14794535474,8367.09848132385,0,4.16944882939804,0.870033440225963,2.93007961146303,1050,261.120892374504,2880,1296.9646840202,4.29138115786482,0,0
"516",2003.20273972603,165.668677986353,3654.63914382646,0,0,1238.14794535474,8367.09848132385,0,4.16944882939804,0.870033440225963,2.93007961146303,1050,261.120892374504,2880,1296.9646840202,4.29138115786482,0,0
"517",2004,160.963232078805,3655.92323932814,0,0,1175.61124066415,8418.1128326685,0,20.5655227028946,4.29138384609973,14.4524329574045,1050,264.542242780378,2880,1308.48703736614,6.10559478061376,0,0
"518",2004,160.963232078805,3655.92323932814,0,0,1175.61124066415,8418.1128326685,0,0,0,0,1050,264.542242780378,2880,1308.48703736614,6.10559478061376,0,0
"519",2004,160.963232078805,3655.92323932814,0,0,1175.61124066415,8418.1128326685,0,0,0,0,1050,264.542242780378,2880,1308.48703736614,6.10559478061376,0,0
"520",2004.00273972603,160.946530295046,3655.92321345496,0,0,1175.39754424209,8418.26243051405,0,0.0527780464376448,0.0167276569316306,0.0640985765071858,1050,264.55897043731,2880,1308.55113594265,6.10559478061376,0,0
"521",2004.00273972603,160.946530295046,3655.92321345496,0,0,1175.39754424209,8418.26243051405,0,0.0527780464376448,0.0167276569316306,0.0640985765071858,1050,264.55897043731,2880,1308.55113594265,6.10559478061376,0,0
"522",2004.00273972603,160.946530295046,3655.92321345496,0,0,1175.39754424209,8418.26243051405,0,0.0527780464376448,0.0167276569316306,0.0640985765071858,1050,264.55897043731,2880,1308.55113594265,6.10559478061376,0,0
"523",2004.00273972603,160.946530295046,3655.92321345496,0,0,1175.39754424209,8418.26243051405,0,0.0527780464376448,0.0167276569316306,0.0640985765071858,1050,264.55897043731,2880,1308.55113594265,6.10559478061376,0,0
"524",2004.00273972603,160.946530295046,3655.92321345496,0,0,1175.39754424209,8418.26243051405,0,0.0527780464376448,0.0167276569316306,0.0640985765071858,1050,264.55897043731,2880,1308.55113594265,6.10559478061376,0,0
"525",2004.00273972603,160.946530295046,3655.92321345496,0,0,1175.39754424209,8418.26243051405,0,0.0527780464376448,0.0167276569316306,0.0640985765071858,1050,264.55897043731,2880,1308.55113594265,6.10559478061376,0,0
"526",2004.20273972603,159.815981064379,3655.83264372951,0,0,1160.27502171191,8428.70575695876,0,3.90557543674945,1.23784661305594,4.74329466197349,1050,265.780089393434,2880,1313.23033202812,6.10559478061376,0,0
"527",2004.20273972603,159.815981064379,3655.83264372951,0,0,1250.27502171191,8428.70575695876,0,3.90557543674945,1.23784661305594,4.74329466197349,1050,265.780089393434,2970,1313.23033202812,6.10559478061376,0,0
"528",2004.20273972603,159.815981064379,3655.83264372951,0,0,1250.27502171191,8428.70575695876,0,3.90557543674945,1.23784661305594,4.74329466197349,1050,265.780089393434,2970,1313.23033202812,6.10559478061376,0,0
"529",2004.20273972603,159.815981064379,3655.83264372951,0,0,1250.27502171191,8428.70575695876,0,3.90557543674945,1.23784661305594,4.74329466197349,1050,265.780089393434,2970,1313.23033202812,6.10559478061376,0,0
"530",2004.20273972603,159.815981064379,3655.83264372951,0,0,1250.27502171191,8428.70575695876,0,3.90557543674945,1.23784661305594,4.74329466197349,1050,265.780089393434,2970,1313.23033202812,6.10559478061376,0,0
"531",2004.20273972603,159.815981064379,3655.83264372951,0,0,1250.27502171191,8428.70575695876,0,3.90557543674945,1.23784661305594,4.74329466197349,1050,265.780089393434,2970,1313.23033202812,6.10559478061376,0,0
"532",2004.20273972603,159.815981064379,3655.83264372951,0,0,1250.27502171191,8428.70575695876,0,3.90557543674945,1.23784661305594,4.74329466197349,1050,265.780089393434,2970,1313.23033202812,6.10559478061376,0,0
"533",2005,156.66574291433,3654.11515142564,0,0,1180.36338918867,8479.9647626763,0,19.2639289045587,6.10557706697521,23.3959214676814,1050,270.647819847353,2970,1331.88295883383,0.95735852901126,0,0
"534",2005,156.66574291433,3654.11515142564,0,0,1180.36338918867,8479.9647626763,0,0,0,0,1050,270.647819847353,2970,1331.88295883383,0.95735852901126,0,0
"535",2005,156.66574291433,3654.11515142564,0,0,1180.36338918867,8479.9647626763,0,0,0,0,1050,270.647819847353,2970,1331.88295883383,0.95735852901126,0,0
"536",2005.00273972603,156.671870865178,3654.10640057471,0,0,1180.19855749602,8480.11244329573,0,0.00655725019829068,0.0026229000793163,0.0171510732199744,1050,270.650442747432,2970,1331.90010990705,0.95735852901126,0,0
"537",2005.00273972603,156.671870865178,3654.10640057471,0,0,1180.19855749602,8480.11244329573,0,0.00655725019829068,0.0026229000793163,0.0171510732199744,1050,270.650442747432,2970,1331.90010990705,0.95735852901126,0,0
"538",2005.00273972603,156.671870865178,3654.10640057471,0,0,1180.19855749602,8480.11244329573,0,0.00655725019829068,0.0026229000793163,0.0171510732199744,1050,270.650442747432,2970,1331.90010990705,0.95735852901126,0,0
"539",2005.00273972603,156.671870865178,3654.10640057471,0,0,1180.19855749602,8480.11244329573,0,0.00655725019829068,0.0026229000793163,0.0171510732199744,1050,270.650442747432,2970,1331.90010990705,0.95735852901126,0,0
"540",2005.00273972603,156.671870865178,3654.10640057471,0,0,1180.19855749602,8480.11244329573,0,0.00655725019829068,0.0026229000793163,0.0171510732199744,1050,270.650442747432,2970,1331.90010990705,0.95735852901126,0,0
"541",2005.00273972603,156.671870865178,3654.10640057471,0,0,1180.19855749602,8480.11244329573,0,0.00655725019829068,0.0026229000793163,0.0171510732199744,1050,270.650442747432,2970,1331.90010990705,0.95735852901126,0,0
"542",2005.20273972603,157.08469042308,3653.502109311,0,0,1168.54148816225,8490.51748428436,0,0.485236514703398,0.194094605881359,1.26917941835627,1050,270.841914453234,2970,1333.15213825218,0.95735852901126,0,0
"543",2005.20273972603,157.08469042308,3653.502109311,0,0,1258.54148816225,8490.51748428436,0,0.485236514703398,0.194094605881359,1.26917941835627,1050,270.841914453234,3060,1333.15213825218,0.95735852901126,0,0
"544",2005.20273972603,157.08469042308,3653.502109311,0,0,1258.54148816225,8490.51748428436,0,0.485236514703398,0.194094605881359,1.26917941835627,1050,270.841914453234,3060,1333.15213825218,0.95735852901126,0,0
"545",2005.20273972603,157.08469042308,3653.502109311,0,0,1258.54148816225,8490.51748428436,0,0.485236514703398,0.194094605881359,1.26917941835627,1050,270.841914453234,3060,1333.15213825218,0.95735852901126,0,0
"546",2005.20273972603,157.08469042308,3653.502109311,0,0,1258.54148816225,8490.51748428436,0,0.485236514703398,0.194094605881359,1.26917941835627,1050,270.841914453234,3060,1333.15213825218,0.95735852901126,0,0
"547",2005.20273972603,157.08469042308,3653.502109311,0,0,1258.54148816225,8490.51748428436,0,0.485236514703398,0.194094605881359,1.26917941835627,1050,270.841914453234,3060,1333.15213825218,0.95735852901126,0,0
"548",2005.20273972603,157.08469042308,3653.502109311,0,0,1258.54148816225,8490.51748428436,0,0.485236514703398,0.194094605881359,1.26917941835627,1050,270.841914453234,3060,1333.15213825218,0.95735852901126,0,0
"549",2006,158.200972194706,3651.62256313765,0,0,1200.65449309438,8543.41351586622,0,2.39339892587902,0.957359007605891,6.26014290435865,1050,271.605178854959,3060,1338.14310173819,4.31671933998755,0,0
"550",2006,158.200972194706,3651.62256313765,0,0,1200.65449309438,8543.41351586622,0,0,0,0,1050,271.605178854959,3060,1338.14310173819,4.31671933998755,0,0
"551",2006,158.200972194706,3651.62256313765,0,0,1200.65449309438,8543.41351586622,0,0,0,0,1050,271.605178854959,3060,1338.14310173819,4.31671933998755,0,0
"552",2006.00273972603,158.194497399343,3651.61721130469,0,0,1200.45694883871,8543.5712423085,0,0.0566215818039535,0.0118266283278705,0.0398178133887677,1050,271.617005483286,3060,1338.18291955157,4.31671933998755,0,0
"553",2006.00273972603,158.194497399343,3651.61721130469,0,0,1200.45694883871,8543.5712423085,0,0.0566215818039535,0.0118266283278705,0.0398178133887677,1050,271.617005483286,3060,1338.18291955157,4.31671933998755,0,0
"554",2006.00273972603,158.194497399343,3651.61721130469,0,0,1200.45694883871,8543.5712423085,0,0.0566215818039535,0.0118266283278705,0.0398178133887677,1050,271.617005483286,3060,1338.18291955157,4.31671933998755,0,0
"555",2006.00273972603,158.194497399343,3651.61721130469,0,0,1200.45694883871,8543.5712423085,0,0.0566215818039535,0.0118266283278705,0.0398178133887677,1050,271.617005483286,3060,1338.18291955157,4.31671933998755,0,0
"556",2006.00273972603,158.194497399343,3651.61721130469,0,0,1200.45694883871,8543.5712423085,0,0.0566215818039535,0.0118266283278705,0.0398178133887677,1050,271.617005483286,3060,1338.18291955157,4.31671933998755,0,0
"557",2006.00273972603,158.194497399343,3651.61721130469,0,0,1200.45694883871,8543.5712423085,0,0.0566215818039535,0.0118266283278705,0.0398178133887677,1050,271.617005483286,3060,1338.18291955157,4.31671933998755,0,0
"558",2006.20273972603,157.754910238967,3651.19345459707,0,0,1186.48181519892,8554.6396755707,0,4.18999705379743,0.875170496326099,2.94651819098322,1050,272.480349351285,3060,1341.08961992917,4.31671933998755,0,0
"559",2006.20273972603,157.754910238967,3651.19345459707,0,0,1276.48181519892,8554.6396755707,0,4.18999705379743,0.875170496326099,2.94651819098322,1050,272.480349351285,3150,1341.08961992917,4.31671933998755,0,0
"560",2006.20273972603,157.754910238967,3651.19345459707,0,0,1276.48181519892,8554.6396755707,0,4.18999705379743,0.875170496326099,2.94651819098322,1050,272.480349351285,3150,1341.08961992917,4.31671933998755,0,0
"561",2006.20273972603,157.754910238967,3651.19345459707,0,0,1276.48181519892,8554.6396755707,0,4.18999705379743,0.875170496326099,2.94651819098322,1050,272.480349351285,3150,1341.08961992917,4.31671933998755,0,0
"562",2006.20273972603,157.754910238967,3651.19345459707,0,0,1276.48181519892,8554.6396755707,0,4.18999705379743,0.875170496326099,2.94651819098322,1050,272.480349351285,3150,1341.08961992917,4.31671933998755,0,0
"563",2006.20273972603,157.754910238967,3651.19345459707,0,0,1276.48181519892,8554.6396755707,0,4.18999705379743,0.875170496326099,2.94651819098322,1050,272.480349351285,3150,1341.08961992917,4.31671933998755,0,0
"564",2006.20273972603,157.754910238967,3651.19345459707,0,0,1276.48181519892,8554.6396755707,0,4.18999705379743,0.875170496326099,2.94651819098322,1050,272.480349351285,3150,1341.08961992917,4.31671933998755,0,0
"565",2007,156.509638700542,3648.99717461608,0,0,1210.59185634178,8608.94264216849,0,20.6668880629237,4.31672201573118,14.5335104503396,1050,275.92190087069,3150,1352.67661218853,6.4813757951475,0,0
"566",2007,156.509638700542,3648.99717461608,0,0,1210.59185634178,8608.94264216849,0,0,0,0,1050,275.92190087069,3150,1352.67661218853,6.4813757951475,0,0
"567",2007,156.509638700542,3648.99717461608,0,0,1210.59185634178,8608.94264216849,0,0,0,0,1050,275.92190087069,3150,1352.67661218853,6.4813757951475,0,0
"568",2007.00273972603,156.500504253072,3648.9885518696,0,0,1210.37356311666,8609.1021397702,0,0.0803438443306104,0.0177571939593584,0.0587956234096785,1050,275.939658064649,3150,1352.73540781194,6.4813757951475,0,0
"569",2007.00273972603,156.500504253072,3648.9885518696,0,0,1210.37356311666,8609.1021397702,0,0.0803438443306104,0.0177571939593584,0.0587956234096785,1050,275.939658064649,3150,1352.73540781194,6.4813757951475,0,0
"570",2007.00273972603,156.500504253072,3648.9885518696,0,0,1210.37356311666,8609.1021397702,0,0.0803438443306104,0.0177571939593584,0.0587956234096785,1050,275.939658064649,3150,1352.73540781194,6.4813757951475,0,0
"571",2007.00273972603,156.500504253072,3648.9885518696,0,0,1210.37356311666,8609.1021397702,0,0.0803438443306104,0.0177571939593584,0.0587956234096785,1050,275.939658064649,3150,1352.73540781194,6.4813757951475,0,0
"572",2007.00273972603,156.500504253072,3648.9885518696,0,0,1210.37356311666,8609.1021397702,0,0.0803438443306104,0.0177571939593584,0.0587956234096785,1050,275.939658064649,3150,1352.73540781194,6.4813757951475,0,0
"573",2007.00273972603,156.500504253072,3648.9885518696,0,0,1210.37356311666,8609.1021397702,0,0.0803438443306104,0.0177571939593584,0.0587956234096785,1050,275.939658064649,3150,1352.73540781194,6.4813757951475,0,0
"574",2007.20273972603,155.880110390356,3648.31267057328,0,0,1194.92705288386,8620.2565694941,0,5.94544448044391,1.31403235298782,4.35087613230064,1050,277.235933223678,3150,1357.02748832083,6.4813757951475,0,0
"575",2007.20273972603,155.880110390356,3648.31267057328,0,0,1284.92705288386,8620.2565694941,0,5.94544448044391,1.31403235298782,4.35087613230064,1050,277.235933223678,3240,1357.02748832083,6.4813757951475,0,0
"576",2007.20273972603,155.880110390356,3648.31267057328,0,0,1284.92705288386,8620.2565694941,0,5.94544448044391,1.31403235298782,4.35087613230064,1050,277.235933223678,3240,1357.02748832083,6.4813757951475,0,0
"577",2007.20273972603,155.880110390356,3648.31267057328,0,0,1284.92705288386,8620.2565694941,0,5.94544448044391,1.31403235298782,4.35087613230064,1050,277.235933223678,3240,1357.02748832083,6.4813757951475,0,0
"578",2007.20273972603,155.880110390356,3648.31267057328,0,0,1284.92705288386,8620.2565694941,0,5.94544448044391,1.31403235298782,4.35087613230064,1050,277.235933223678,3240,1357.02748832083,6.4813757951475,0,0
"579",2007.20273972603,155.880110390356,3648.31267057328,0,0,1284.92705288386,8620.2565694941,0,5.94544448044391,1.31403235298782,4.35087613230064,1050,277.235933223678,3240,1357.02748832083,6.4813757951475,0,0
"580",2007.20273972603,155.880110390356,3648.31267057328,0,0,1284.92705288386,8620.2565694941,0,5.94544448044391,1.31403235298782,4.35087613230064,1050,277.235933223678,3240,1357.02748832083,6.4813757951475,0,0
"581",2008,154.118414536231,3644.90699939989,0,0,1213.93519180311,8674.13882868955,0,29.325597521999,6.48139938049951,21.4604780175986,1050,282.403300251189,3240,1374.13709020612,6.48982185585508,0,0
"582",2008,154.118414536231,3644.90699939989,0,0,1213.93519180311,8674.13882868955,0,0,0,0,1050,282.403300251189,3240,1374.13709020612,6.48982185585508,0,0
"583",2008,154.118414536231,3644.90699939989,0,0,1213.93519180311,8674.13882868955,0,0,0,0,1050,282.403300251189,3240,1374.13709020612,6.48982185585508,0,0
"584",2008.00273972603,154.113838386466,3644.89379521581,0,0,1213.72016484316,8674.29498597844,0,0.0804364039028296,0.0177803338523315,0.0588696710672614,1050,282.421080585042,3240,1374.19595987719,6.48982185585508,0,0
"585",2008.00273972603,154.113838386466,3644.89379521581,0,0,1213.72016484316,8674.29498597844,0,0.0804364039028296,0.0177803338523315,0.0588696710672614,1050,282.421080585042,3240,1374.19595987719,6.48982185585508,0,0
"586",2008.00273972603,154.113838386466,3644.89379521581,0,0,1213.72016484316,8674.29498597844,0,0.0804364039028296,0.0177803338523315,0.0588696710672614,1050,282.421080585042,3240,1374.19595987719,6.48982185585508,0,0
"587",2008.00273972603,154.113838386466,3644.89379521581,0,0,1213.72016484316,8674.29498597844,0,0.0804364039028296,0.0177803338523315,0.0588696710672614,1050,282.421080585042,3240,1374.19595987719,6.48982185585508,0,0
"588",2008.00273972603,154.113838386466,3644.89379521581,0,0,1213.72016484316,8674.29498597844,0,0.0804364039028296,0.0177803338523315,0.0588696710672614,1050,282.421080585042,3240,1374.19595987719,6.48982185585508,0,0
"589",2008.00273972603,154.113838386466,3644.89379521581,0,0,1213.72016484316,8674.29498597844,0,0.0804364039028296,0.0177803338523315,0.0588696710672614,1050,282.421080585042,3240,1374.19595987719,6.48982185585508,0,0
"590",2008.20273972603,153.800968578056,3643.90870065305,0,0,1198.50461139245,8685.2130534414,0,5.9522938885867,1.3157447050233,4.35635565881437,1050,283.719044956213,3240,1378.49344586494,6.48982185585508,0,0
"591",2008.20273972603,153.800968578056,3643.90870065305,0,0,1288.50461139245,8685.2130534414,0,5.9522938885867,1.3157447050233,4.35635565881437,1050,283.719044956213,3330,1378.49344586494,6.48982185585508,0,0
"592",2008.20273972603,153.800968578056,3643.90870065305,0,0,1288.50461139245,8685.2130534414,0,5.9522938885867,1.3157447050233,4.35635565881437,1050,283.719044956213,3330,1378.49344586494,6.48982185585508,0,0
"593",2008.20273972603,153.800968578056,3643.90870065305,0,0,1288.50461139245,8685.2130534414,0,5.9522938885867,1.3157447050233,4.35635565881437,1050,283.719044956213,3330,1378.49344586494,6.48982185585508,0,0
"594",2008.20273972603,153.800968578056,3643.90870065305,0,0,1288.50461139245,8685.2130534414,0,5.9522938885867,1.3157447050233,4.35635565881437,1050,283.719044956213,3330,1378.49344586494,6.48982185585508,0,0
"595",2008.20273972603,153.800968578056,3643.90870065305,0,0,1288.50461139245,8685.2130534414,0,5.9522938885867,1.3157447050233,4.35635565881437,1050,283.719044956213,3330,1378.49344586494,6.48982185585508,0,0
"596",2008.20273972603,153.800968578056,3643.90870065305,0,0,1288.50461139245,8685.2130534414,0,5.9522938885867,1.3157447050233,4.35635565881437,1050,283.719044956213,3330,1378.49344586494,6.48982185585508,0,0
"597",2009,152.878406578184,3639.65718548792,0,0,1218.3016779703,8738.28491251276,0,29.3592874104035,6.48982187002035,21.4874300096133,1050,288.89312212121,3330,1395.62452021574,9.16200263338752,0,0
"598",2009,152.878406578184,3639.65718548792,0,0,1218.3016779703,8738.28491251276,0,0,0,0,1050,288.89312212121,3330,1395.62452021574,9.16200263338752,0,0
"599",2009,152.878406578184,3639.65718548792,0,0,1218.3016779703,8738.28491251276,0,0,0,0,1050,288.89312212121,3330,1395.62452021574,9.16200263338752,0,0
"600",2009.00273972603,152.868607157053,3639.64188353197,0,0,1218.05248069726,8738.43860975875,0,0.0737123468006975,0.0251013770766413,0.0955000270510409,1050,288.918223498286,3330,1395.72002024279,9.16200263338752,0,0
"601",2009.00273972603,152.868607157053,3639.64188353197,0,0,1218.05248069726,8738.43860975875,0,0.0737123468006975,0.0251013770766413,0.0955000270510409,1050,288.918223498286,3330,1395.72002024279,9.16200263338752,0,0
"602",2009.00273972603,152.868607157053,3639.64188353197,0,0,1218.05248069726,8738.43860975875,0,0.0737123468006975,0.0251013770766413,0.0955000270510409,1050,288.918223498286,3330,1395.72002024279,9.16200263338752,0,0
"603",2009.00273972603,152.868607157053,3639.64188353197,0,0,1218.05248069726,8738.43860975875,0,0.0737123468006975,0.0251013770766413,0.0955000270510409,1050,288.918223498286,3330,1395.72002024279,9.16200263338752,0,0
"604",2009.00273972603,152.868607157053,3639.64188353197,0,0,1218.05248069726,8738.43860975875,0,0.0737123468006975,0.0251013770766413,0.0955000270510409,1050,288.918223498286,3330,1395.72002024279,9.16200263338752,0,0
"605",2009.00273972603,152.868607157053,3639.64188353197,0,0,1218.05248069726,8738.43860975875,0,0.0737123468006975,0.0251013770766413,0.0955000270510409,1050,288.918223498286,3330,1395.72002024279,9.16200263338752,0,0
"606",2009.20273972603,152.201643172755,3638.47644698959,0,0,1200.41237512856,8749.10721335239,0,5.45471366349952,1.85750190375587,7.06700200209824,1050,290.750624024966,3330,1402.69152221784,9.16200263338752,0,0
"607",2009.20273972603,152.201643172755,3638.47644698959,0,0,1290.41237512856,8749.10721335239,0,5.45471366349952,1.85750190375587,7.06700200209824,1050,290.750624024966,3420,1402.69152221784,9.16200263338752,0,0
"608",2009.20273972603,152.201643172755,3638.47644698959,0,0,1290.41237512856,8749.10721335239,0,5.45471366349952,1.85750190375587,7.06700200209824,1050,290.750624024966,3420,1402.69152221784,9.16200263338752,0,0
"609",2009.20273972603,152.201643172755,3638.47644698959,0,0,1290.41237512856,8749.10721335239,0,5.45471366349952,1.85750190375587,7.06700200209824,1050,290.750624024966,3420,1402.69152221784,9.16200263338752,0,0
"610",2009.20273972603,152.201643172755,3638.47644698959,0,0,1290.41237512856,8749.10721335239,0,5.45471366349952,1.85750190375587,7.06700200209824,1050,290.750624024966,3420,1402.69152221784,9.16200263338752,0,0
"611",2009.20273972603,152.201643172755,3638.47644698959,0,0,1290.41237512856,8749.10721335239,0,5.45471366349952,1.85750190375587,7.06700200209824,1050,290.750624024966,3420,1402.69152221784,9.16200263338752,0,0
"612",2009.20273972603,152.201643172755,3638.47644698959,0,0,1290.41237512856,8749.10721335239,0,5.45471366349952,1.85750190375587,7.06700200209824,1050,290.750624024966,3420,1402.69152221784,9.16200263338752,0,0
"613",2010,150.284567336426,3633.08903266465,0,0,1211.78282203383,8799.94629002849,0,26.904973783845,9.16199206502182,34.8574784207223,1050,298.055114186232,3420,1430.48199863646,2.53472729212663,0,0
"614",2010,150.284567336426,3633.08903266465,0,0,1211.78282203383,8799.94629002849,0,0,0,0,1050,298.055114186232,3420,1430.48199863646,2.53472729212663,0,0
"615",2010,150.284567336426,3633.08903266465,0,0,1211.78282203383,8799.94629002849,0,0,0,0,1050,298.055114186232,3420,1430.48199863646,2.53472729212663,0,0
"616",2010.00273972603,150.297681594051,3633.0689739487,0,0,1211.59836378342,8800.0892884405,0,0.0173611458363768,0.00694445833455071,0.0414598384058058,1050,298.062058644566,3420,1430.52345847487,2.53472729212663,0,0
"617",2010.00273972603,150.297681594051,3633.0689739487,0,0,1211.59836378342,8800.0892884405,0,0.0173611458363768,0.00694445833455071,0.0414598384058058,1050,298.062058644566,3420,1430.52345847487,2.53472729212663,0,0
"618",2010.00273972603,150.297681594051,3633.0689739487,0,0,1211.59836378342,8800.0892884405,0,0.0173611458363768,0.00694445833455071,0.0414598384058058,1050,298.062058644566,3420,1430.52345847487,2.53472729212663,0,0
"619",2010.00273972603,150.297681594051,3633.0689739487,0,0,1211.59836378342,8800.0892884405,0,0.0173611458363768,0.00694445833455071,0.0414598384058058,1050,298.062058644566,3420,1430.52345847487,2.53472729212663,0,0
"620",2010.00273972603,150.297681594051,3633.0689739487,0,0,1211.59836378342,8800.0892884405,0,0.0173611458363768,0.00694445833455071,0.0414598384058058,1050,298.062058644566,3420,1430.52345847487,2.53472729212663,0,0
"621",2010.00273972603,150.297681594051,3633.0689739487,0,0,1211.59836378342,8800.0892884405,0,0.0173611458363768,0.00694445833455071,0.0414598384058058,1050,298.062058644566,3420,1430.52345847487,2.53472729212663,0,0
"622",2010.20273972603,151.180716483732,3631.67899360059,0,0,1198.54821729847,8810.1128667218,0,1.28472479189989,0.513889916759957,3.06802804204874,1050,298.569004102992,3420,1433.55002667851,2.53472729212663,0,0
"623",2010.20273972603,151.180716483732,3631.67899360059,0,0,1288.54821729847,8810.1128667218,0,1.28472479189989,0.513889916759957,3.06802804204874,1050,298.569004102992,3510,1433.55002667851,2.53472729212663,0,0
"624",2010.20273972603,151.180716483732,3631.67899360059,0,0,1288.54821729847,8810.1128667218,0,1.28472479189989,0.513889916759957,3.06802804204874,1050,298.569004102992,3510,1433.55002667851,2.53472729212663,0,0
"625",2010.20273972603,151.180716483732,3631.67899360059,0,0,1288.54821729847,8810.1128667218,0,1.28472479189989,0.513889916759957,3.06802804204874,1050,298.569004102992,3510,1433.55002667851,2.53472729212663,0,0
"626",2010.20273972603,151.180716483732,3631.67899360059,0,0,1288.54821729847,8810.1128667218,0,1.28472479189989,0.513889916759957,3.06802804204874,1050,298.569004102992,3510,1433.55002667851,2.53472729212663,0,0
"627",2010.20273972603,151.180716483732,3631.67899360059,0,0,1288.54821729847,8810.1128667218,0,1.28472479189989,0.513889916759957,3.06802804204874,1050,298.569004102992,3510,1433.55002667851,2.53472729212663,0,0
"628",2010.20273972603,151.180716483732,3631.67899360059,0,0,1288.54821729847,8810.1128667218,0,1.28472479189989,0.513889916759957,3.06802804204874,1050,298.569004102992,3510,1433.55002667851,2.53472729212663,0,0
"629",2011,153.563736887931,3627.27513198434,0,0,1225.80237017457,8860.79389466628,0,6.33684051903092,2.5347311288086,15.1328472214706,1050,300.58984531504,3510,1445.61484585793,6.51516003797778,0,0
"630",2011,153.563736887931,3627.27513198434,0,0,1225.80237017457,8860.79389466628,0,0,0,0,1050,300.58984531504,3510,1445.61484585793,6.51516003797778,0,0
"631",2011,153.563736887931,3627.27513198434,0,0,1225.80237017457,8860.79389466628,0,0,0,0,1050,300.58984531504,3510,1445.61484585793,6.51516003797778,0,0
"632",2011.00273972603,153.5586321511,3627.26238696764,0,0,1225.59489251572,8860.94228051109,0,0.0807140826042754,0.0178497535278879,0.059091814028877,1050,300.607695068568,3510,1445.67393767196,6.51516003797778,0,0
"633",2011.00273972603,153.5586321511,3627.26238696764,0,0,1225.59489251572,8860.94228051109,0,0.0807140826042754,0.0178497535278879,0.059091814028877,1050,300.607695068568,3510,1445.67393767196,6.51516003797778,0,0
"634",2011.00273972603,153.5586321511,3627.26238696764,0,0,1225.59489251572,8860.94228051109,0,0.0807140826042754,0.0178497535278879,0.059091814028877,1050,300.607695068568,3510,1445.67393767196,6.51516003797778,0,0
"635",2011.00273972603,153.5586321511,3627.26238696764,0,0,1225.59489251572,8860.94228051109,0,0.0807140826042754,0.0178497535278879,0.059091814028877,1050,300.607695068568,3510,1445.67393767196,6.51516003797778,0,0
"636",2011.00273972603,153.5586321511,3627.26238696764,0,0,1225.59489251572,8860.94228051109,0,0.0807140826042754,0.0178497535278879,0.059091814028877,1050,300.607695068568,3510,1445.67393767196,6.51516003797778,0,0
"637",2011.00273972603,153.5586321511,3627.26238696764,0,0,1225.59489251572,8860.94228051109,0,0.0807140826042754,0.0178497535278879,0.059091814028877,1050,300.607695068568,3510,1445.67393767196,6.51516003797778,0,0
"638",2011.20273972603,153.210085713664,3626.30790139748,0,0,1210.91297806567,8871.31049253683,0,5.97284211300042,1.32088176112652,4.37279423834485,1050,301.910727076167,3510,1449.98764009628,6.51516003797778,0,0
"639",2011.20273972603,153.210085713664,3626.30790139748,0,0,1300.91297806567,8871.31049253683,0,5.97284211300042,1.32088176112652,4.37279423834485,1050,301.910727076167,3600,1449.98764009628,6.51516003797778,0,0
"640",2011.20273972603,153.210085713664,3626.30790139748,0,0,1300.91297806567,8871.31049253683,0,5.97284211300042,1.32088176112652,4.37279423834485,1050,301.910727076167,3600,1449.98764009628,6.51516003797778,0,0
"641",2011.20273972603,153.210085713664,3626.30790139748,0,0,1300.91297806567,8871.31049253683,0,5.97284211300042,1.32088176112652,4.37279423834485,1050,301.910727076167,3600,1449.98764009628,6.51516003797778,0,0
"642",2011.20273972603,153.210085713664,3626.30790139748,0,0,1300.91297806567,8871.31049253683,0,5.97284211300042,1.32088176112652,4.37279423834485,1050,301.910727076167,3600,1449.98764009628,6.51516003797778,0,0
"643",2011.20273972603,153.210085713664,3626.30790139748,0,0,1300.91297806567,8871.31049253683,0,5.97284211300042,1.32088176112652,4.37279423834485,1050,301.910727076167,3600,1449.98764009628,6.51516003797778,0,0
"644",2011.20273972603,153.210085713664,3626.30790139748,0,0,1300.91297806567,8871.31049253683,0,5.97284211300042,1.32088176112652,4.37279423834485,1050,301.910727076167,3600,1449.98764009628,6.51516003797778,0,0
"645",2012,152.189837870957,3622.13386793146,0,0,1232.52612921912,8922.50161379819,0,29.4606522794134,6.51516306985307,21.5685218235301,1050,307.105008384893,3600,1467.18336768146,6.52360609868535,0,0
"646",2012,152.189837870957,3622.13386793146,0,0,1232.52612921912,8922.50161379819,0,0,0,0,1050,307.105008384893,3600,1467.18336768146,6.52360609868535,0,0
"647",2012,152.189837870957,3622.13386793146,0,0,1232.52612921912,8922.50161379819,0,0,0,0,1050,307.105008384893,3600,1467.18336768146,6.52360609868535,0,0
"648",2012.00273972603,152.18708770083,3622.11874520817,0,0,1232.31895971745,8922.64961743817,0,0.0808066421713711,0.0178728934197282,0.05916586168271,1050,307.122881278313,3600,1467.24253354315,6.52360609868535,0,0
"649",2012.00273972603,152.18708770083,3622.11874520817,0,0,1232.31895971745,8922.64961743817,0,0.0808066421713711,0.0178728934197282,0.05916586168271,1050,307.122881278313,3600,1467.24253354315,6.52360609868535,0,0
"650",2012.00273972603,152.18708770083,3622.11874520817,0,0,1232.31895971745,8922.64961743817,0,0.0808066421713711,0.0178728934197282,0.05916586168271,1050,307.122881278313,3600,1467.24253354315,6.52360609868535,0,0
"651",2012.00273972603,152.18708770083,3622.11874520817,0,0,1232.31895971745,8922.64961743817,0,0.0808066421713711,0.0178728934197282,0.05916586168271,1050,307.122881278313,3600,1467.24253354315,6.52360609868535,0,0
"652",2012.00273972603,152.18708770083,3622.11874520817,0,0,1232.31895971745,8922.64961743817,0,0.0808066421713711,0.0178728934197282,0.05916586168271,1050,307.122881278313,3600,1467.24253354315,6.52360609868535,0,0
"653",2012.00273972603,152.18708770083,3622.11874520817,0,0,1232.31895971745,8922.64961743817,0,0.0808066421713711,0.0178728934197282,0.05916586168271,1050,307.122881278313,3600,1467.24253354315,6.52360609868535,0,0
"654",2012.20273972603,151.99738357759,3621.00372811167,0,0,1217.65886463105,8932.99060462142,0,5.97969152111285,1.32259411315529,4.37827376483636,1050,308.427602498049,3600,1471.5616414463,6.52360609868535,0,0
"655",2012.20273972603,151.99738357759,3621.00372811167,0,0,1307.65886463105,8932.99060462142,0,5.97969152111285,1.32259411315529,4.37827376483636,1050,308.427602498049,3690,1471.5616414463,6.52360609868535,0,0
"656",2012.20273972603,151.99738357759,3621.00372811167,0,0,1307.65886463105,8932.99060462142,0,5.97969152111285,1.32259411315529,4.37827376483636,1050,308.427602498049,3690,1471.5616414463,6.52360609868535,0,0
"657",2012.20273972603,151.99738357759,3621.00372811167,0,0,1307.65886463105,8932.99060462142,0,5.97969152111285,1.32259411315529,4.37827376483636,1050,308.427602498049,3690,1471.5616414463,6.52360609868535,0,0
"658",2012.20273972603,151.99738357759,3621.00372811167,0,0,1307.65886463105,8932.99060462142,0,5.97969152111285,1.32259411315529,4.37827376483636,1050,308.427602498049,3690,1471.5616414463,6.52360609868535,0,0
"659",2012.20273972603,151.99738357759,3621.00372811167,0,0,1307.65886463105,8932.99060462142,0,5.97969152111285,1.32259411315529,4.37827376483636,1050,308.427602498049,3690,1471.5616414463,6.52360609868535,0,0
"660",2012.20273972603,151.99738357759,3621.00372811167,0,0,1307.65886463105,8932.99060462142,0,5.97969152111285,1.32259411315529,4.37827376483636,1050,308.427602498049,3690,1471.5616414463,6.52360609868535,0,0
"661",2013,151.410546827464,3616.38955286986,0,0,1239.3470091718,8984.08519430919,0,29.4944244203825,6.52360610509635,21.5955395363077,1050,313.62861448999,3690,1488.77890721777,6.5320521593928,0,0
"662",2013,151.410546827464,3616.38955286986,0,0,1239.3470091718,8984.08519430919,0,0,0,0,1050,313.62861448999,3690,1488.77890721777,6.5320521593928,0,0
"663",2013,151.410546827464,3616.38955286986,0,0,1239.3470091718,8984.08519430919,0,0,0,0,1050,313.62861448999,3690,1488.77890721777,6.5320521593928,0,0
"664",2013.00273972603,151.408864184954,3616.37333947906,0,0,1239.14006067213,8984.23290289953,0,0.0808992017379988,0.0178960333114647,0.059239909336199,1050,313.646510523301,3690,1488.83814712711,6.5320521593928,0,0
"665",2013.00273972603,151.408864184954,3616.37333947906,0,0,1239.14006067213,8984.23290289953,0,0.0808992017379988,0.0178960333114647,0.059239909336199,1050,313.646510523301,3690,1488.83814712711,6.5320521593928,0,0
"666",2013.00273972603,151.408864184954,3616.37333947906,0,0,1239.14006067213,8984.23290289953,0,0.0808992017379988,0.0178960333114647,0.059239909336199,1050,313.646510523301,3690,1488.83814712711,6.5320521593928,0,0
"667",2013.00273972603,151.408864184954,3616.37333947906,0,0,1239.14006067213,8984.23290289953,0,0.0808992017379988,0.0178960333114647,0.059239909336199,1050,313.646510523301,3690,1488.83814712711,6.5320521593928,0,0
"668",2013.00273972603,151.408864184954,3616.37333947906,0,0,1239.14006067213,8984.23290289953,0,0.0808992017379988,0.0178960333114647,0.059239909336199,1050,313.646510523301,3690,1488.83814712711,6.5320521593928,0,0
"669",2013.00273972603,151.408864184954,3616.37333947906,0,0,1239.14006067213,8984.23290289953,0,0.0808992017379988,0.0178960333114647,0.059239909336199,1050,313.646510523301,3690,1488.83814712711,6.5320521593928,0,0
"670",2013.20273972603,151.291171255816,3615.18462197631,0,0,1224.49557774931,8994.55287244033,0,5.98654092925515,1.32430646519067,4.38375329134973,1050,314.95292095518,3690,1493.16266050912,6.5320521593928,0,0
"671",2013.20273972603,151.291171255816,3615.18462197631,0,0,1314.49557774931,8994.55287244033,0,5.98654092925515,1.32430646519067,4.38375329134973,1050,314.95292095518,3780,1493.16266050912,6.5320521593928,0,0
"672",2013.20273972603,151.291171255816,3615.18462197631,0,0,1314.49557774931,8994.55287244033,0,5.98654092925515,1.32430646519067,4.38375329134973,1050,314.95292095518,3780,1493.16266050912,6.5320521593928,0,0
"673",2013.20273972603,151.291171255816,3615.18462197631,0,0,1314.49557774931,8994.55287244033,0,5.98654092925515,1.32430646519067,4.38375329134973,1050,314.95292095518,3780,1493.16266050912,6.5320521593928,0,0
"674",2013.20273972603,151.291171255816,3615.18462197631,0,0,1314.49557774931,8994.55287244033,0,5.98654092925515,1.32430646519067,4.38375329134973,1050,314.95292095518,3780,1493.16266050912,6.5320521593928,0,0
"675",2013.20273972603,151.291171255816,3615.18462197631,0,0,1314.49557774931,8994.55287244033,0,5.98654092925515,1.32430646519067,4.38375329134973,1050,314.95292095518,3780,1493.16266050912,6.5320521593928,0,0
"676",2013.20273972603,151.291171255816,3615.18462197631,0,0,1314.49557774931,8994.55287244033,0,5.98654092925515,1.32430646519067,4.38375329134973,1050,314.95292095518,3780,1493.16266050912,6.5320521593928,0,0
"677",2014,150.900753618794,3610.36729391906,0,0,1246.23953046159,9045.57010610894,0,29.5282086374221,6.53205215946968,21.6225669104692,1050,320.160666649459,3780,1510.40147412824,8.76847385503688,0,0
"678",2014,150.900753618794,3610.36729391906,0,0,1246.23953046159,9045.57010610894,0,0,0,0,1050,320.160666649459,3780,1510.40147412824,8.76847385503688,0,0
"679",2014,150.900753618794,3610.36729391906,0,0,1246.23953046159,9045.57010610894,0,0,0,0,1050,320.160666649459,3780,1510.40147412824,8.76847385503688,0,0
"680",2014.00273972603,150.893456860503,3610.35056746131,0,0,1246.00060761086,9045.71757203651,0,0.0710169442088298,0.0240232160399279,0.091456923163356,1050,320.184689865499,3780,1510.4929310514,8.76847385503688,0,0
"681",2014.00273972603,150.893456860503,3610.35056746131,0,0,1246.00060761086,9045.71757203651,0,0.0710169442088298,0.0240232160399279,0.091456923163356,1050,320.184689865499,3780,1510.4929310514,8.76847385503688,0,0
"682",2014.00273972603,150.893456860503,3610.35056746131,0,0,1246.00060761086,9045.71757203651,0,0.0710169442088298,0.0240232160399279,0.091456923163356,1050,320.184689865499,3780,1510.4929310514,8.76847385503688,0,0
"683",2014.00273972603,150.893456860503,3610.35056746131,0,0,1246.00060761086,9045.71757203651,0,0.0710169442088298,0.0240232160399279,0.091456923163356,1050,320.184689865499,3780,1510.4929310514,8.76847385503688,0,0
"684",2014.00273972603,150.893456860503,3610.35056746131,0,0,1246.00060761086,9045.71757203651,0,0.0710169442088298,0.0240232160399279,0.091456923163356,1050,320.184689865499,3780,1510.4929310514,8.76847385503688,0,0
"685",2014.00273972603,150.893456860503,3610.35056746131,0,0,1246.00060761086,9045.71757203651,0,0.0710169442088298,0.0240232160399279,0.091456923163356,1050,320.184689865499,3780,1510.4929310514,8.76847385503688,0,0
"686",2014.20273972603,150.395568835779,3609.09476071503,0,0,1229.08773487469,9055.95408938141,0,5.25525387172141,1.77771798704532,6.76781231443348,1050,321.938384636505,3780,1517.16928644267,8.76847385503688,0,0
"687",2014.20273972603,150.395568835779,3609.09476071503,0,0,1319.08773487469,9055.95408938141,0,5.25525387172141,1.77771798704532,6.76781231443348,1050,321.938384636505,3870,1517.16928644267,8.76847385503688,0,0
"688",2014.20273972603,150.395568835779,3609.09476071503,0,0,1319.08773487469,9055.95408938141,0,5.25525387172141,1.77771798704532,6.76781231443348,1050,321.938384636505,3870,1517.16928644267,8.76847385503688,0,0
"689",2014.20273972603,150.395568835779,3609.09476071503,0,0,1319.08773487469,9055.95408938141,0,5.25525387172141,1.77771798704532,6.76781231443348,1050,321.938384636505,3870,1517.16928644267,8.76847385503688,0,0
"690",2014.20273972603,150.395568835779,3609.09476071503,0,0,1319.08773487469,9055.95408938141,0,5.25525387172141,1.77771798704532,6.76781231443348,1050,321.938384636505,3870,1517.16928644267,8.76847385503688,0,0
"691",2014.20273972603,150.395568835779,3609.09476071503,0,0,1319.08773487469,9055.95408938141,0,5.25525387172141,1.77771798704532,6.76781231443348,1050,321.938384636505,3870,1517.16928644267,8.76847385503688,0,0
"692",2014.20273972603,150.395568835779,3609.09476071503,0,0,1319.08773487469,9055.95408938141,0,5.25525387172141,1.77771798704532,6.76781231443348,1050,321.938384636505,3870,1517.16928644267,8.76847385503688,0,0
"693",2015,148.944005562908,3603.55557012023,0,0,1242.95368437475,9105.4741823417,0,25.9211786497434,8.76847185471481,33.3817698540796,1050,328.929138504174,3870,1543.78324398232,0.662159424118004,0,0
"694",2015,148.944005562908,3603.55557012023,0,0,1242.95368437475,9105.4741823417,0,0,0,0,1050,328.929138504174,3870,1543.78324398232,0.662159424118004,0,0
"695",2015,148.944005562908,3603.55557012023,0,0,1242.95368437475,9105.4741823417,0,0,0,0,1050,328.929138504174,3870,1543.78324398232,0.662159424118004,0,0
"696",2015.00273972603,148.962327927997,3603.53543361973,0,0,1242.80162173982,9105.61364320468,0,0.00453533852104127,0.0018141354084165,0.012601771946149,1050,328.930952639583,3870,1543.79584575427,0.662159424118004,0,0
"697",2015.00273972603,148.962327927997,3603.53543361973,0,0,1242.80162173982,9105.61364320468,0,0.00453533852104127,0.0018141354084165,0.012601771946149,1050,328.930952639583,3870,1543.79584575427,0.662159424118004,0,0
"698",2015.00273972603,148.962327927997,3603.53543361973,0,0,1242.80162173982,9105.61364320468,0,0.00453533852104127,0.0018141354084165,0.012601771946149,1050,328.930952639583,3870,1543.79584575427,0.662159424118004,0,0
"699",2015.00273972603,148.962327927997,3603.53543361973,0,0,1242.80162173982,9105.61364320468,0,0.00453533852104127,0.0018141354084165,0.012601771946149,1050,328.930952639583,3870,1543.79584575427,0.662159424118004,0,0
"700",2015.00273972603,148.962327927997,3603.53543361973,0,0,1242.80162173982,9105.61364320468,0,0.00453533852104127,0.0018141354084165,0.012601771946149,1050,328.930952639583,3870,1543.79584575427,0.662159424118004,0,0
"701",2015.00273972603,148.962327927997,3603.53543361973,0,0,1242.80162173982,9105.61364320468,0,0.00453533852104127,0.0018141354084165,0.012601771946149,1050,328.930952639583,3870,1543.79584575427,0.662159424118004,0,0
"702",2015.20273972603,150.197835985049,3602.16749367786,0,0,1232.04866722689,9115.44666836548,0,0.335615050579941,0.134246020231976,0.932531124078619,1050,329.063384524406,3870,1544.7157751064,0.662159424118004,0,0
"703",2015.20273972603,150.197835985049,3602.16749367786,0,0,1322.04866722689,9115.44666836548,0,0.335615050579941,0.134246020231976,0.932531124078619,1050,329.063384524406,3960,1544.7157751064,0.662159424118004,0,0
"704",2015.20273972603,150.197835985049,3602.16749367786,0,0,1322.04866722689,9115.44666836548,0,0.335615050579941,0.134246020231976,0.932531124078619,1050,329.063384524406,3960,1544.7157751064,0.662159424118004,0,0
"705",2015.20273972603,150.197835985049,3602.16749367786,0,0,1322.04866722689,9115.44666836548,0,0.335615050579941,0.134246020231976,0.932531124078619,1050,329.063384524406,3960,1544.7157751064,0.662159424118004,0,0
"706",2015.20273972603,150.197835985049,3602.16749367786,0,0,1322.04866722689,9115.44666836548,0,0.335615050579941,0.134246020231976,0.932531124078619,1050,329.063384524406,3960,1544.7157751064,0.662159424118004,0,0
"707",2015.20273972603,150.197835985049,3602.16749367786,0,0,1322.04866722689,9115.44666836548,0,0.335615050579941,0.134246020231976,0.932531124078619,1050,329.063384524406,3960,1544.7157751064,0.662159424118004,0,0
"708",2015.20273972603,150.197835985049,3602.16749367786,0,0,1322.04866722689,9115.44666836548,0,0.335615050579941,0.134246020231976,0.932531124078619,1050,329.063384524406,3960,1544.7157751064,0.662159424118004,0,0
"709",2016,153.562884931952,3598.27453601366,0,0,1267.26208838328,9166.5661641276,0,1.65538684381628,0.662154737526511,4.59961420556511,1050,329.591293241701,3960,1548.38285818788,0,0,0
