"","time","P_labile","P_stable","P_labile_placed","P_labile_FYM","K_labile","K_stable","K_labile_FYM","N_up","P_up","K_up","PIN","POUT","KIN","KOUT","P_up_labile","P_up_labile_placed","P_up_labile_FYM"
"1",1968,57.5613879379361,1513.39900509517,0,0,389.647469123976,3914.14193015039,0,0,0,0,0,0,0,0,7.56809471880291,0,0
"2",1968,57.5613879379361,1513.39900509517,0,0,389.647469123976,3914.14193015039,0,0,0,0,0,0,0,0,7.56809471880291,0,0
"3",1968,57.5613879379361,1513.39900509517,0,0,389.647469123976,3914.14193015039,0,0,0,0,0,0,0,0,7.56809471880291,0,0
"4",1968.00273972603,57.5594725007932,1513.38018623904,0,0,389.638741252973,3914.08889154195,0,0.112893255492279,0.0207342932665948,0.0617664794420949,0,0.0207342932665948,0,0.0617664794420949,7.56793752546408,0,0
"5",1968.00273972603,57.5594725007932,1513.38018623904,0,0,389.638741252973,3914.08889154195,0,0.112893255492279,0.0207342932665948,0.0617664794420949,0,0.0207342932665948,0,0.0617664794420949,7.56793752546408,0,0
"6",1968.00273972603,57.5594725007932,1513.38018623904,0,0,389.638741252973,3914.08889154195,0,0.112893255492279,0.0207342932665948,0.0617664794420949,0,0.0207342932665948,0,0.0617664794420949,7.56793752546408,0,0
"7",1968.00273972603,57.5594725007932,1513.38018623904,0,0,389.638741252973,3914.08889154195,0,0.112893255492279,0.0207342932665948,0.0617664794420949,0,0.0207342932665948,0,0.0617664794420949,7.56793752546408,0,0
"8",1968.00273972603,57.5594725007932,1513.38018623904,0,0,389.638741252973,3914.08889154195,0,0.112893255492279,0.0207342932665948,0.0617664794420949,0,0.0207342932665948,0,0.0617664794420949,7.56793752546408,0,0
"9",1968.00273972603,57.5594725007932,1513.38018623904,0,0,389.638741252973,3914.08889154195,0,0.112893255492279,0.0207342932665948,0.0617664794420949,0,0.0207342932665948,0,0.0617664794420949,7.56793752546408,0,0
"10",1968.20273972603,57.4264892822136,1512.00069162299,0,0,389.009354423549,3910.21190183552,0,8.35401754820047,1.53321212789374,4.5681430152958,0,1.53321212789374,0,4.5681430152958,7.55700808938481,0,0
"11",1968.20273972603,57.4264892822136,1512.00069162299,0,0,389.009354423549,3910.21190183552,0,8.35401754820047,1.53321212789374,4.5681430152958,0,1.53321212789374,0,4.5681430152958,7.55700808938481,0,0
"12",1968.20273972603,57.4264892822136,1512.00069162299,0,0,389.009354423549,3910.21190183552,0,8.35401754820047,1.53321212789374,4.5681430152958,0,1.53321212789374,0,4.5681430152958,7.55700808938481,0,0
"13",1968.20273972603,57.4264892822136,1512.00069162299,0,0,389.009354423549,3910.21190183552,0,8.35401754820047,1.53321212789374,4.5681430152958,0,1.53321212789374,0,4.5681430152958,7.55700808938481,0,0
"14",1968.20273972603,57.4264892822136,1512.00069162299,0,0,389.009354423549,3910.21190183552,0,8.35401754820047,1.53321212789374,4.5681430152958,0,1.53321212789374,0,4.5681430152958,7.55700808938481,0,0
"15",1968.20273972603,57.4264892822136,1512.00069162299,0,0,389.009354423549,3910.21190183552,0,8.35401754820047,1.53321212789374,4.5681430152958,0,1.53321212789374,0,4.5681430152958,7.55700808938481,0,0
"16",1968.20273972603,57.4264892822136,1512.00069162299,0,0,389.009354423549,3910.21190183552,0,8.35401754820047,1.53321212789374,4.5681430152958,0,1.53321212789374,0,4.5681430152958,7.55700808938481,0,0
"17",1969,56.9987324121065,1506.41838551963,0,0,386.636326166489,3894.66993251511,0,41.2040146724726,7.54327510136452,22.4831405927662,0,7.54327510136452,0,22.4831405927662,5.80671136991749,0,0
"18",1969,56.9987324121065,1506.41838551963,0,0,386.636326166489,3894.66993251511,0,0,0,0,0,7.54327510136452,0,22.4831405927662,5.80671136991749,0,0
"19",1969,56.9987324121065,1506.41838551963,0,0,386.636326166489,3894.66993251511,0,0,0,0,0,7.54327510136452,0,22.4831405927662,5.80671136991749,0,0
"20",1969.00273972603,57.0021660859443,1506.39904263812,0,0,386.512930953732,3894.61627501972,0,0.113303913645597,0.0159092076698114,0.17705270814019,0,7.55918430903433,0,22.6601933009063,5.80701246114601,0,0
"21",1969.00273972603,57.0021660859443,1506.39904263812,0,0,386.512930953732,3894.61627501972,0,0.113303913645597,0.0159092076698114,0.17705270814019,0,7.55918430903433,0,22.6601933009063,5.80701246114601,0,0
"22",1969.00273972603,57.0021660859443,1506.39904263812,0,0,386.512930953732,3894.61627501972,0,0.113303913645597,0.0159092076698114,0.17705270814019,0,7.55918430903433,0,22.6601933009063,5.80701246114601,0,0
"23",1969.00273972603,57.0021660859443,1506.39904263812,0,0,386.512930953732,3894.61627501972,0,0.113303913645597,0.0159092076698114,0.17705270814019,0,7.55918430903433,0,22.6601933009063,5.80701246114601,0,0
"24",1969.00273972603,57.0021660859443,1506.39904263812,0,0,386.512930953732,3894.61627501972,0,0.113303913645597,0.0159092076698114,0.17705270814019,0,7.55918430903433,0,22.6601933009063,5.80701246114601,0,0
"25",1969.00273972603,57.0021660859443,1506.39904263812,0,0,386.512930953732,3894.61627501972,0,0.113303913645597,0.0159092076698114,0.17705270814019,0,7.55918430903433,0,22.6601933009063,5.80701246114601,0,0
"26",1969.20273972603,57.2280615482319,1505.00969573699,0,0,377.812010483804,3890.45855331938,0,8.38677664796707,1.17936064650954,13.0356948784154,0,8.72263574787406,0,35.5188354711815,5.82680164032856,0,0
"27",1969.20273972603,57.2280615482319,1505.00969573699,0,0,377.812010483804,3890.45855331938,0,8.38677664796707,1.17936064650954,13.0356948784154,0,8.72263574787406,0,35.5188354711815,5.82680164032856,0,0
"28",1969.20273972603,57.2280615482319,1505.00969573699,0,0,377.812010483804,3890.45855331938,0,8.38677664796707,1.17936064650954,13.0356948784154,0,8.72263574787406,0,35.5188354711815,5.82680164032856,0,0
"29",1969.20273972603,57.2280615482319,1505.00969573699,0,0,377.812010483804,3890.45855331938,0,8.38677664796707,1.17936064650954,13.0356948784154,0,8.72263574787406,0,35.5188354711815,5.82680164032856,0,0
"30",1969.20273972603,57.2280615482319,1505.00969573699,0,0,377.812010483804,3890.45855331938,0,8.38677664796707,1.17936064650954,13.0356948784154,0,8.72263574787406,0,35.5188354711815,5.82680164032856,0,0
"31",1969.20273972603,57.2280615482319,1505.00969573699,0,0,377.812010483804,3890.45855331938,0,8.38677664796707,1.17936064650954,13.0356948784154,0,8.72263574787406,0,35.5188354711815,5.82680164032856,0,0
"32",1969.20273972603,57.2280615482319,1505.00969573699,0,0,377.812010483804,3890.45855331938,0,8.38677664796707,1.17936064650954,13.0356948784154,0,8.72263574787406,0,35.5188354711815,5.82680164032856,0,0
"33",1970,57.7599979249193,1499.81089285715,0,0,348.598296976798,3869.74806562013,0,41.3988782042218,5.84622714967113,62.9598960846653,0,13.3895022510356,0,85.4430366774315,8.60510446636894,0,0
"34",1970,57.7599979249193,1499.81089285715,0,0,348.598296976798,3869.74806562013,0,0,0,0,0,13.3895022510356,0,85.4430366774315,8.60510446636894,0,0
"35",1970,57.7599979249193,1499.81089285715,0,0,348.598296976798,3869.74806562013,0,0,0,0,0,13.3895022510356,0,85.4430366774315,8.60510446636894,0,0
"36",1970.00273972603,57.7535934857462,1499.79372216805,0,0,348.616204359138,3869.66702256596,0,0.27953895398003,0.0235751282684719,0.0631356718346892,0,13.4130773793041,0,85.5061723492662,8.60473697813453,0,0
"37",1970.00273972603,57.7535934857462,1499.79372216805,0,0,348.616204359138,3869.66702256596,0,0.27953895398003,0.0235751282684719,0.0631356718346892,0,13.4130773793041,0,85.5061723492662,8.60473697813453,0,0
"38",1970.00273972603,57.7535934857462,1499.79372216805,0,0,348.616204359138,3869.66702256596,0,0.27953895398003,0.0235751282684719,0.0631356718346892,0,13.4130773793041,0,85.5061723492662,8.60473697813453,0,0
"39",1970.00273972603,57.7535934857462,1499.79372216805,0,0,348.616204359138,3869.66702256596,0,0.27953895398003,0.0235751282684719,0.0631356718346892,0,13.4130773793041,0,85.5061723492662,8.60473697813453,0,0
"40",1970.00273972603,57.7535934857462,1499.79372216805,0,0,348.616204359138,3869.66702256596,0,0.27953895398003,0.0235751282684719,0.0631356718346892,0,13.4130773793041,0,85.5061723492662,8.60473697813453,0,0
"41",1970.00273972603,57.7535934857462,1499.79372216805,0,0,348.616204359138,3869.66702256596,0,0.27953895398003,0.0235751282684719,0.0631356718346892,0,13.4130773793041,0,85.5061723492662,8.60473697813453,0,0
"42",1970.20273972603,57.3186027126033,1498.51033905728,0,0,349.858626815397,3863.80729766359,0,20.6996574445294,1.74194901218015,4.68043811794785,0,15.1314512632158,0,90.1234747953793,8.5795360759647,0,0
"43",1970.20273972603,57.3186027126033,1498.51033905728,0,0,349.858626815397,3863.80729766359,0,20.6996574445294,1.74194901218015,4.68043811794785,0,15.1314512632158,0,90.1234747953793,8.5795360759647,0,0
"44",1970.20273972603,57.3186027126033,1498.51033905728,0,0,349.858626815397,3863.80729766359,0,20.6996574445294,1.74194901218015,4.68043811794785,0,15.1314512632158,0,90.1234747953793,8.5795360759647,0,0
"45",1970.20273972603,57.3186027126033,1498.51033905728,0,0,349.858626815397,3863.80729766359,0,20.6996574445294,1.74194901218015,4.68043811794785,0,15.1314512632158,0,90.1234747953793,8.5795360759647,0,0
"46",1970.20273972603,57.3186027126033,1498.51033905728,0,0,349.858626815397,3863.80729766359,0,20.6996574445294,1.74194901218015,4.68043811794785,0,15.1314512632158,0,90.1234747953793,8.5795360759647,0,0
"47",1970.20273972603,57.3186027126033,1498.51033905728,0,0,349.858626815397,3863.80729766359,0,20.6996574445294,1.74194901218015,4.68043811794785,0,15.1314512632158,0,90.1234747953793,8.5795360759647,0,0
"48",1970.20273972603,57.3186027126033,1498.51033905728,0,0,349.858626815397,3863.80729766359,0,20.6996574445294,1.74194901218015,4.68043811794785,0,15.1314512632158,0,90.1234747953793,8.5795360759647,0,0
"49",1971,56.0738620737467,1492.94719774498,0,0,353.688240559325,3841.43267986925,0,102.325922827961,8.54983096334216,23.2254421683544,0,21.9393332143778,0,108.668478845786,7.45102088739213,0,0
"50",1971,56.0738620737467,1492.94719774498,0,0,353.688240559325,3841.43267986925,0,0,0,0,0,21.9393332143778,0,108.668478845786,7.45102088739213,0,0
"51",1971,56.0738620737467,1492.94719774498,0,0,353.688240559325,3841.43267986925,0,0,0,0,0,21.9393332143778,0,108.668478845786,7.45102088739213,0,0
"52",1971.00273972603,56.0734832388527,1492.92716286869,0,0,353.705046775277,3841.35819855412,0,0.112983097617406,0.0204137111802228,0.057675099177836,0,21.959746925558,0,108.726153944964,7.45098869462138,0,0
"53",1971.00273972603,56.0734832388527,1492.92716286869,0,0,353.705046775277,3841.35819855412,0,0.112983097617406,0.0204137111802228,0.057675099177836,0,21.959746925558,0,108.726153944964,7.45098869462138,0,0
"54",1971.00273972603,56.0734832388527,1492.92716286869,0,0,353.705046775277,3841.35819855412,0,0.112983097617406,0.0204137111802228,0.057675099177836,0,21.959746925558,0,108.726153944964,7.45098869462138,0,0
"55",1971.00273972603,56.0734832388527,1492.92716286869,0,0,353.705046775277,3841.35819855412,0,0.112983097617406,0.0204137111802228,0.057675099177836,0,21.959746925558,0,108.726153944964,7.45098869462138,0,0
"56",1971.00273972603,56.0734832388527,1492.92716286869,0,0,353.705046775277,3841.35819855412,0,0.112983097617406,0.0204137111802228,0.057675099177836,0,21.959746925558,0,108.726153944964,7.45098869462138,0,0
"57",1971.00273972603,56.0734832388527,1492.92716286869,0,0,353.705046775277,3841.35819855412,0,0.112983097617406,0.0204137111802228,0.057675099177836,0,21.959746925558,0,108.726153944964,7.45098869462138,0,0
"58",1971.20273972603,56.0433902510848,1491.46730707141,0,0,354.874014275321,3835.97368357734,0,8.36104550416146,1.51036249622997,4.27322257591874,0,23.4496957106078,0,112.941701421705,7.44843062807963,0,0
"59",1971.20273972603,56.0433902510848,1491.46730707141,0,0,354.874014275321,3835.97368357734,0,8.36104550416146,1.51036249622997,4.27322257591874,0,23.4496957106078,0,112.941701421705,7.44843062807963,0,0
"60",1971.20273972603,56.0433902510848,1491.46730707141,0,0,354.874014275321,3835.97368357734,0,8.36104550416146,1.51036249622997,4.27322257591874,0,23.4496957106078,0,112.941701421705,7.44843062807963,0,0
"61",1971.20273972603,56.0433902510848,1491.46730707141,0,0,354.874014275321,3835.97368357734,0,8.36104550416146,1.51036249622997,4.27322257591874,0,23.4496957106078,0,112.941701421705,7.44843062807963,0,0
"62",1971.20273972603,56.0433902510848,1491.46730707141,0,0,354.874014275321,3835.97368357734,0,8.36104550416146,1.51036249622997,4.27322257591874,0,23.4496957106078,0,112.941701421705,7.44843062807963,0,0
"63",1971.20273972603,56.0433902510848,1491.46730707141,0,0,354.874014275321,3835.97368357734,0,8.36104550416146,1.51036249622997,4.27322257591874,0,23.4496957106078,0,112.941701421705,7.44843062807963,0,0
"64",1971.20273972603,56.0433902510848,1491.46730707141,0,0,354.874014275321,3835.97368357734,0,8.36104550416146,1.51036249622997,4.27322257591874,0,23.4496957106078,0,112.941701421705,7.44843062807963,0,0
"65",1972,55.8872267560889,1485.69016038697,0,0,358.524431624058,3815.43115034582,0,41.2451348573503,7.44367267566923,21.1653384587027,0,29.383005890047,0,129.833817304489,5.67298331324198,0,0
"66",1972,55.8872267560889,1485.69016038697,0,0,358.524431624058,3815.43115034582,0,0,0,0,0,29.383005890047,0,129.833817304489,5.67298331324198,0,0
"67",1972,55.8872267560889,1485.69016038697,0,0,358.524431624058,3815.43115034582,0,0,0,0,0,29.383005890047,0,129.833817304489,5.67298331324198,0,0
"68",1972.00273972603,55.8914383693288,1485.67040585813,0,0,358.424443119713,3815.36277620563,0,0.108898829273889,0.0155429155929817,0.168362644535287,0,29.39854880564,0,130.002179949024,5.6733479302557,0,0
"69",1972.00273972603,55.8914383693288,1485.67040585813,0,0,358.424443119713,3815.36277620563,0,0.108898829273889,0.0155429155929817,0.168362644535287,0,29.39854880564,0,130.002179949024,5.6733479302557,0,0
"70",1972.00273972603,55.8914383693288,1485.67040585813,0,0,358.424443119713,3815.36277620563,0,0.108898829273889,0.0155429155929817,0.168362644535287,0,29.39854880564,0,130.002179949024,5.6733479302557,0,0
"71",1972.00273972603,55.8914383693288,1485.67040585813,0,0,358.424443119713,3815.36277620563,0,0.108898829273889,0.0155429155929817,0.168362644535287,0,29.39854880564,0,130.002179949024,5.6733479302557,0,0
"72",1972.00273972603,55.8914383693288,1485.67040585813,0,0,358.424443119713,3815.36277620563,0,0.108898829273889,0.0155429155929817,0.168362644535287,0,29.39854880564,0,130.002179949024,5.6733479302557,0,0
"73",1972.00273972603,55.8914383693288,1485.67040585813,0,0,358.424443119713,3815.36277620563,0,0.108898829273889,0.0155429155929817,0.168362644535287,0,29.39854880564,0,130.002179949024,5.6733479302557,0,0
"74",1972.20273972603,56.1694682853099,1484.255219984,0,0,351.371633522236,3810.182483377,0,8.06110905823404,1.15269887373876,12.4014650706365,0,30.5357047637858,0,142.235282375125,5.69738777062758,0,0
"75",1972.20273972603,56.1694682853099,1484.255219984,0,0,351.371633522236,3810.182483377,0,8.06110905823404,1.15269887373876,12.4014650706365,0,30.5357047637858,0,142.235282375125,5.69738777062758,0,0
"76",1972.20273972603,56.1694682853099,1484.255219984,0,0,351.371633522236,3810.182483377,0,8.06110905823404,1.15269887373876,12.4014650706365,0,30.5357047637858,0,142.235282375125,5.69738777062758,0,0
"77",1972.20273972603,56.1694682853099,1484.255219984,0,0,351.371633522236,3810.182483377,0,8.06110905823404,1.15269887373876,12.4014650706365,0,30.5357047637858,0,142.235282375125,5.69738777062758,0,0
"78",1972.20273972603,56.1694682853099,1484.255219984,0,0,351.371633522236,3810.182483377,0,8.06110905823404,1.15269887373876,12.4014650706365,0,30.5357047637858,0,142.235282375125,5.69738777062758,0,0
"79",1972.20273972603,56.1694682853099,1484.255219984,0,0,351.371633522236,3810.182483377,0,8.06110905823404,1.15269887373876,12.4014650706365,0,30.5357047637858,0,142.235282375125,5.69738777062758,0,0
"80",1972.20273972603,56.1694682853099,1484.255219984,0,0,351.371633522236,3810.182483377,0,8.06110905823404,1.15269887373876,12.4014650706365,0,30.5357047637858,0,142.235282375125,5.69738777062758,0,0
"81",1973,56.8398132705594,1479.0161949848,0,0,327.645016103756,3786.29402910333,0,39.7971124251849,5.72137888769841,60.0165367627927,0,35.1043847777454,0,189.850354067281,8.29333957211599,0,0
"82",1973,56.8398132705594,1479.0161949848,0,0,327.645016103756,3786.29402910333,0,0,0,0,0,35.1043847777454,0,189.850354067281,8.29333957211599,0,0
"83",1973,56.8398132705594,1479.0161949848,0,0,327.645016103756,3786.29402910333,0,0,0,0,0,35.1043847777454,0,189.850354067281,8.29333957211599,0,0
"84",1973.00273972603,56.8342712795478,1478.99901560983,0,0,327.675448035844,3786.2042426262,0,0.278591529342512,0.0227213659770901,0.0593545450377057,0,35.1271061437225,0,189.909708612319,8.29325747030998,0,0
"85",1973.00273972603,56.8342712795478,1478.99901560983,0,0,327.675448035844,3786.2042426262,0,0.278591529342512,0.0227213659770901,0.0593545450377057,0,35.1271061437225,0,189.909708612319,8.29325747030998,0,0
"86",1973.00273972603,56.8342712795478,1478.99901560983,0,0,327.675448035844,3786.2042426262,0,0.278591529342512,0.0227213659770901,0.0593545450377057,0,35.1271061437225,0,189.909708612319,8.29325747030998,0,0
"87",1973.00273972603,56.8342712795478,1478.99901560983,0,0,327.675448035844,3786.2042426262,0,0.278591529342512,0.0227213659770901,0.0593545450377057,0,35.1271061437225,0,189.909708612319,8.29325747030998,0,0
"88",1973.00273972603,56.8342712795478,1478.99901560983,0,0,327.675448035844,3786.2042426262,0,0.278591529342512,0.0227213659770901,0.0593545450377057,0,35.1271061437225,0,189.909708612319,8.29325747030998,0,0
"89",1973.00273972603,56.8342712795478,1478.99901560983,0,0,327.675448035844,3786.2042426262,0,0.278591529342512,0.0227213659770901,0.0593545450377057,0,35.1271061437225,0,189.909708612319,8.29325747030998,0,0
"90",1973.20273972603,56.4557282863432,1477.71949719891,0,0,329.798240606763,3779.73411669312,0,20.6450384426153,1.68078277009917,4.40668790719532,0,36.7851675478446,0,194.257041974477,8.28740496608955,0,0
"91",1973.20273972603,56.4557282863432,1477.71949719891,0,0,329.798240606763,3779.73411669312,0,20.6450384426153,1.68078277009917,4.40668790719532,0,36.7851675478446,0,194.257041974477,8.28740496608955,0,0
"92",1973.20273972603,56.4557282863432,1477.71949719891,0,0,329.798240606763,3779.73411669312,0,20.6450384426153,1.68078277009917,4.40668790719532,0,36.7851675478446,0,194.257041974477,8.28740496608955,0,0
"93",1973.20273972603,56.4557282863432,1477.71949719891,0,0,329.798240606763,3779.73411669312,0,20.6450384426153,1.68078277009917,4.40668790719532,0,36.7851675478446,0,194.257041974477,8.28740496608955,0,0
"94",1973.20273972603,56.4557282863432,1477.71949719891,0,0,329.798240606763,3779.73411669312,0,20.6450384426153,1.68078277009917,4.40668790719532,0,36.7851675478446,0,194.257041974477,8.28740496608955,0,0
"95",1973.20273972603,56.4557282863432,1477.71949719891,0,0,329.798240606763,3779.73411669312,0,20.6450384426153,1.68078277009917,4.40668790719532,0,36.7851675478446,0,194.257041974477,8.28740496608955,0,0
"96",1973.20273972603,56.4557282863432,1477.71949719891,0,0,329.798240606763,3779.73411669312,0,20.6450384426153,1.68078277009917,4.40668790719532,0,36.7851675478446,0,194.257041974477,8.28740496608955,0,0
"97",1974,55.3432179349839,1472.23320203334,0,0,336.549214634293,3755.40916269201,0,102.315809646138,8.2795882870301,21.9806678807798,0,43.3839730647755,0,211.831021948061,7.39519513620316,0,0
"98",1974,55.3432179349839,1472.23320203334,0,0,336.549214634293,3755.40916269201,0,0,0,0,0,43.3839730647755,0,211.831021948061,7.39519513620316,0,0
"99",1974,55.3432179349839,1472.23320203334,0,0,336.549214634293,3755.40916269201,0,0,0,0,0,43.3839730647755,0,211.831021948061,7.39519513620316,0,0
"100",1974.00273972603,55.3426161116906,1472.21354311962,0,0,336.573609878172,3755.32915047936,0,0.113120146633478,0.0202607370183555,0.0556169687669682,0,43.4042338017939,0,211.886638916828,7.39514305669018,0,0
"101",1974.00273972603,55.3426161116906,1472.21354311962,0,0,336.573609878172,3755.32915047936,0,0.113120146633478,0.0202607370183555,0.0556169687669682,0,43.4042338017939,0,211.886638916828,7.39514305669018,0,0
"102",1974.00273972603,55.3426161116906,1472.21354311962,0,0,336.573609878172,3755.32915047936,0,0.113120146633478,0.0202607370183555,0.0556169687669682,0,43.4042338017939,0,211.886638916828,7.39514305669018,0,0
"103",1974.00273972603,55.3426161116906,1472.21354311962,0,0,336.573609878172,3755.32915047936,0,0.113120146633478,0.0202607370183555,0.0556169687669682,0,43.4042338017939,0,211.886638916828,7.39514305669018,0,0
"104",1974.00273972603,55.3426161116906,1472.21354311962,0,0,336.573609878172,3755.32915047936,0,0.113120146633478,0.0202607370183555,0.0556169687669682,0,43.4042338017939,0,211.886638916828,7.39514305669018,0,0
"105",1974.00273972603,55.3426161116906,1472.21354311962,0,0,336.573609878172,3755.32915047936,0,0.113120146633478,0.0202607370183555,0.0556169687669682,0,43.4042338017939,0,211.886638916828,7.39514305669018,0,0
"106",1974.20273972603,55.2976524195294,1470.77986449788,0,0,338.27691793824,3749.55784456457,0,8.37144867845442,1.49890305091758,4.12361482348543,0,44.8828761156931,0,215.954636771546,7.39125025604029,0,0
"107",1974.20273972603,55.2976524195294,1470.77986449788,0,0,338.27691793824,3749.55784456457,0,8.37144867845442,1.49890305091758,4.12361482348543,0,44.8828761156931,0,215.954636771546,7.39125025604029,0,0
"108",1974.20273972603,55.2976524195294,1470.77986449788,0,0,338.27691793824,3749.55784456457,0,8.37144867845442,1.49890305091758,4.12361482348543,0,44.8828761156931,0,215.954636771546,7.39125025604029,0,0
"109",1974.20273972603,55.2976524195294,1470.77986449788,0,0,338.27691793824,3749.55784456457,0,8.37144867845442,1.49890305091758,4.12361482348543,0,44.8828761156931,0,215.954636771546,7.39125025604029,0,0
"110",1974.20273972603,55.2976524195294,1470.77986449788,0,0,338.27691793824,3749.55784456457,0,8.37144867845442,1.49890305091758,4.12361482348543,0,44.8828761156931,0,215.954636771546,7.39125025604029,0,0
"111",1974.20273972603,55.2976524195294,1470.77986449788,0,0,338.27691793824,3749.55784456457,0,8.37144867845442,1.49890305091758,4.12361482348543,0,44.8828761156931,0,215.954636771546,7.39125025604029,0,0
"112",1974.20273972603,55.2976524195294,1470.77986449788,0,0,338.27691793824,3749.55784456457,0,8.37144867845442,1.49890305091758,4.12361482348543,0,44.8828761156931,0,215.954636771546,7.39125025604029,0,0
"113",1975,55.1031781794245,1465.08820081448,0,0,343.715346991551,3727.76894441732,0,41.3007639998451,7.38504097442342,20.4740859174266,0,50.769014039199,0,232.305107865488,5.56538785546315,0,0
"114",1975,55.1031781794245,1465.08820081448,0,0,343.715346991551,3727.76894441732,0,0,0,0,0,50.769014039199,0,232.305107865488,5.56538785546315,0,0
"115",1975,55.1031781794245,1465.08820081448,0,0,343.715346991551,3727.76894441732,0,0,0,0,0,50.769014039199,0,232.305107865488,5.56538785546315,0,0
"116",1975.00273972603,55.1074293470682,1465.06870151767,0,0,343.623979354976,3727.69700965668,0,0.104536013934324,0.0152481291652231,0.163302397222262,0,50.7842621683642,0,232.46841026271,5.56574952765404,0,0
"117",1975.00273972603,55.1074293470682,1465.06870151767,0,0,343.623979354976,3727.69700965668,0,0.104536013934324,0.0152481291652231,0.163302397222262,0,50.7842621683642,0,232.46841026271,5.56574952765404,0,0
"118",1975.00273972603,55.1074293470682,1465.06870151767,0,0,343.623979354976,3727.69700965668,0,0.104536013934324,0.0152481291652231,0.163302397222262,0,50.7842621683642,0,232.46841026271,5.56574952765404,0,0
"119",1975.00273972603,55.1074293470682,1465.06870151767,0,0,343.623979354976,3727.69700965668,0,0.104536013934324,0.0152481291652231,0.163302397222262,0,50.7842621683642,0,232.46841026271,5.56574952765404,0,0
"120",1975.00273972603,55.1074293470682,1465.06870151767,0,0,343.623979354976,3727.69700965668,0,0.104536013934324,0.0152481291652231,0.163302397222262,0,50.7842621683642,0,232.46841026271,5.56574952765404,0,0
"121",1975.00273972603,55.1074293470682,1465.06870151767,0,0,343.623979354976,3727.69700965668,0,0.104536013934324,0.0152481291652231,0.163302397222262,0,50.7842621683642,0,232.46841026271,5.56574952765404,0,0
"122",1975.20273972603,55.3882145860898,1463.67229941355,0,0,337.17964430865,3722.27541969191,0,7.73802308999503,1.13086499425945,12.0292274083198,0,51.8998790334584,0,244.334335273807,5.58960498169554,0,0
"123",1975.20273972603,55.3882145860898,1463.67229941355,0,0,337.17964430865,3722.27541969191,0,7.73802308999503,1.13086499425945,12.0292274083198,0,51.8998790334584,0,244.334335273807,5.58960498169554,0,0
"124",1975.20273972603,55.3882145860898,1463.67229941355,0,0,337.17964430865,3722.27541969191,0,7.73802308999503,1.13086499425945,12.0292274083198,0,51.8998790334584,0,244.334335273807,5.58960498169554,0,0
"125",1975.20273972603,55.3882145860898,1463.67229941355,0,0,337.17964430865,3722.27541969191,0,7.73802308999503,1.13086499425945,12.0292274083198,0,51.8998790334584,0,244.334335273807,5.58960498169554,0,0
"126",1975.20273972603,55.3882145860898,1463.67229941355,0,0,337.17964430865,3722.27541969191,0,7.73802308999503,1.13086499425945,12.0292274083198,0,51.8998790334584,0,244.334335273807,5.58960498169554,0,0
"127",1975.20273972603,55.3882145860898,1463.67229941355,0,0,337.17964430865,3722.27541969191,0,7.73802308999503,1.13086499425945,12.0292274083198,0,51.8998790334584,0,244.334335273807,5.58960498169554,0,0
"128",1975.20273972603,55.3882145860898,1463.67229941355,0,0,337.17964430865,3722.27541969191,0,7.73802308999503,1.13086499425945,12.0292274083198,0,51.8998790334584,0,244.334335273807,5.58960498169554,0,0
"129",1976,56.0674186106611,1458.51049892899,0,0,315.499108206487,3697.74991401315,0,38.2002257944941,5.61346145424587,58.2352691892366,0,56.3824754934448,0,290.540377054724,8.08465580344812,0,0
"130",1976,56.0674186106611,1458.51049892899,0,0,315.499108206487,3697.74991401315,0,0,0,0,0,56.3824754934448,0,290.540377054724,8.08465580344812,0,0
"131",1976,56.0674186106611,1458.51049892899,0,0,315.499108206487,3697.74991401315,0,0,0,0,0,56.3824754934448,0,290.540377054724,8.08465580344812,0,0
"132",1976.00273972603,56.062177321735,1458.49359043533,0,0,315.533141493309,3697.65872604547,0,0.278960179301272,0.0221497825928591,0.0571546808578404,0,56.4046252760377,0,290.597531735582,8.08468592159831,0,0
"133",1976.00273972603,56.062177321735,1458.49359043533,0,0,315.533141493309,3697.65872604547,0,0.278960179301272,0.0221497825928591,0.0571546808578404,0,56.4046252760377,0,290.597531735582,8.08468592159831,0,0
"134",1976.00273972603,56.062177321735,1458.49359043533,0,0,315.533141493309,3697.65872604547,0,0.278960179301272,0.0221497825928591,0.0571546808578404,0,56.4046252760377,0,290.597531735582,8.08468592159831,0,0
"135",1976.00273972603,56.062177321735,1458.49359043533,0,0,315.533141493309,3697.65872604547,0,0.278960179301272,0.0221497825928591,0.0571546808578404,0,56.4046252760377,0,290.597531735582,8.08468592159831,0,0
"136",1976.00273972603,56.062177321735,1458.49359043533,0,0,315.533141493309,3697.65872604547,0,0.278960179301272,0.0221497825928591,0.0571546808578404,0,56.4046252760377,0,290.597531735582,8.08468592159831,0,0
"137",1976.00273972603,56.062177321735,1458.49359043533,0,0,315.533141493309,3697.65872604547,0,0.278960179301272,0.0221497825928591,0.0571546808578404,0,56.4046252760377,0,290.597531735582,8.08468592159831,0,0
"138",1976.20273972603,55.7032955014936,1457.23534539726,0,0,317.909369699748,3691.09403513033,0,20.6815161950378,1.63927664090025,4.24561738955519,0,58.0217521343451,0,294.785994444279,8.08644280865165,0,0
"139",1976.20273972603,55.7032955014936,1457.23534539726,0,0,317.909369699748,3691.09403513033,0,20.6815161950378,1.63927664090025,4.24561738955519,0,58.0217521343451,0,294.785994444279,8.08644280865165,0,0
"140",1976.20273972603,55.7032955014936,1457.23534539726,0,0,317.909369699748,3691.09403513033,0,20.6815161950378,1.63927664090025,4.24561738955519,0,58.0217521343451,0,294.785994444279,8.08644280865165,0,0
"141",1976.20273972603,55.7032955014936,1457.23534539726,0,0,317.909369699748,3691.09403513033,0,20.6815161950378,1.63927664090025,4.24561738955519,0,58.0217521343451,0,294.785994444279,8.08644280865165,0,0
"142",1976.20273972603,55.7032955014936,1457.23534539726,0,0,317.909369699748,3691.09403513033,0,20.6815161950378,1.63927664090025,4.24561738955519,0,58.0217521343451,0,294.785994444279,8.08644280865165,0,0
"143",1976.20273972603,55.7032955014936,1457.23534539726,0,0,317.909369699748,3691.09403513033,0,20.6815161950378,1.63927664090025,4.24561738955519,0,58.0217521343451,0,294.785994444279,8.08644280865165,0,0
"144",1976.20273972603,55.7032955014936,1457.23534539726,0,0,317.909369699748,3691.09403513033,0,20.6815161950378,1.63927664090025,4.24561738955519,0,58.0217521343451,0,294.785994444279,8.08644280865165,0,0
"145",1977,54.6367598195065,1451.85391769272,0,0,325.506517983712,3666.5262475067,0,102.64821020249,8.0872400274298,21.2162567292206,0,64.4697155208746,0,311.756633783945,7.34013573099932,0,0
"146",1977,54.6367598195065,1451.85391769272,0,0,325.506517983712,3666.5262475067,0,0,0,0,0,64.4697155208746,0,311.756633783945,7.34013573099932,0,0
"147",1977,54.6367598195065,1451.85391769272,0,0,325.506517983712,3666.5262475067,0,0,0,0,0,64.4697155208746,0,311.756633783945,7.34013573099932,0,0
"148",1977.00273972603,54.6359133368212,1451.83465431651,0,0,325.532782758535,3666.44572592578,0,0.113283237250617,0.020109858896972,0.0542568061035176,0,64.4898253797716,0,311.810890590048,7.34006120431687,0,0
"149",1977.00273972603,54.6359133368212,1451.83465431651,0,0,325.532782758535,3666.44572592578,0,0.113283237250617,0.020109858896972,0.0542568061035176,0,64.4898253797716,0,311.810890590048,7.34006120431687,0,0
"150",1977.00273972603,54.6359133368212,1451.83465431651,0,0,325.532782758535,3666.44572592578,0,0.113283237250617,0.020109858896972,0.0542568061035176,0,64.4898253797716,0,311.810890590048,7.34006120431687,0,0
"151",1977.00273972603,54.6359133368212,1451.83465431651,0,0,325.532782758535,3666.44572592578,0,0.113283237250617,0.020109858896972,0.0542568061035176,0,64.4898253797716,0,311.810890590048,7.34006120431687,0,0
"152",1977.00273972603,54.6359133368212,1451.83465431651,0,0,325.532782758535,3666.44572592578,0,0.113283237250617,0.020109858896972,0.0542568061035176,0,64.4898253797716,0,311.810890590048,7.34006120431687,0,0
"153",1977.00273972603,54.6359133368212,1451.83465431651,0,0,325.532782758535,3666.44572592578,0,0.113283237250617,0.020109858896972,0.0542568061035176,0,64.4898253797716,0,311.810890590048,7.34006120431687,0,0
"154",1977.20273972603,54.5746334242792,1450.42846321669,0,0,327.367771965608,3660.64120519646,0,8.38366456793655,1.48758087125758,4.02378832834721,0,65.9572963921322,0,315.780422112292,7.33466259189842,0,0
"155",1977.20273972603,54.5746334242792,1450.42846321669,0,0,327.367771965608,3660.64120519646,0,8.38366456793655,1.48758087125758,4.02378832834721,0,65.9572963921322,0,315.780422112292,7.33466259189842,0,0
"156",1977.20273972603,54.5746334242792,1450.42846321669,0,0,327.367771965608,3660.64120519646,0,8.38366456793655,1.48758087125758,4.02378832834721,0,65.9572963921322,0,315.780422112292,7.33466259189842,0,0
"157",1977.20273972603,54.5746334242792,1450.42846321669,0,0,327.367771965608,3660.64120519646,0,8.38366456793655,1.48758087125758,4.02378832834721,0,65.9572963921322,0,315.780422112292,7.33466259189842,0,0
"158",1977.20273972603,54.5746334242792,1450.42846321669,0,0,327.367771965608,3660.64120519646,0,8.38366456793655,1.48758087125758,4.02378832834721,0,65.9572963921322,0,315.780422112292,7.33466259189842,0,0
"159",1977.20273972603,54.5746334242792,1450.42846321669,0,0,327.367771965608,3660.64120519646,0,8.38366456793655,1.48758087125758,4.02378832834721,0,65.9572963921322,0,315.780422112292,7.33466259189842,0,0
"160",1977.20273972603,54.5746334242792,1450.42846321669,0,0,327.367771965608,3660.64120519646,0,8.38366456793655,1.48758087125758,4.02378832834721,0,65.9572963921322,0,315.780422112292,7.33466259189842,0,0
"161",1978,54.3380976258783,1444.82575170352,0,0,333.248401157439,3638.788461949,0,41.3634494161138,7.32682818282381,19.995902383979,0,71.7965437036984,0,331.752536167923,5.4563131103548,0,0
"162",1978,54.3380976258783,1444.82575170352,0,0,333.248401157439,3638.788461949,0,0,0,0,0,71.7965437036984,0,331.752536167923,5.4563131103548,0,0
"163",1978,54.3380976258783,1444.82575170352,0,0,333.248401157439,3638.788461949,0,0,0,0,0,71.7965437036984,0,331.752536167923,5.4563131103548,0,0
"164",1978.00273972603,54.3423840683715,1444.8065159727,0,0,333.160992234642,3638.71647734246,0,0.100129614234884,0.0149492883308239,0.159393529331066,0,71.8114929920293,0,331.911929697255,5.45667057293735,0,0
"165",1978.00273972603,54.3423840683715,1444.8065159727,0,0,333.160992234642,3638.71647734246,0,0.100129614234884,0.0149492883308239,0.159393529331066,0,71.8114929920293,0,331.911929697255,5.45667057293735,0,0
"166",1978.00273972603,54.3423840683715,1444.8065159727,0,0,333.160992234642,3638.71647734246,0,0.100129614234884,0.0149492883308239,0.159393529331066,0,71.8114929920293,0,331.911929697255,5.45667057293735,0,0
"167",1978.00273972603,54.3423840683715,1444.8065159727,0,0,333.160992234642,3638.71647734246,0,0.100129614234884,0.0149492883308239,0.159393529331066,0,71.8114929920293,0,331.911929697255,5.45667057293735,0,0
"168",1978.00273972603,54.3423840683715,1444.8065159727,0,0,333.160992234642,3638.71647734246,0,0.100129614234884,0.0149492883308239,0.159393529331066,0,71.8114929920293,0,331.911929697255,5.45667057293735,0,0
"169",1978.00273972603,54.3423840683715,1444.8065159727,0,0,333.160992234642,3638.71647734246,0,0.100129614234884,0.0149492883308239,0.159393529331066,0,71.8114929920293,0,331.911929697255,5.45667057293735,0,0
"170",1978.20273972603,54.6256454621206,1443.42948158453,0,0,326.996688838124,3633.29942455425,0,7.41170421844487,1.10872228275531,11.740749714063,0,72.9052659864537,0,343.493285881986,5.48025775108346,0,0
"171",1978.20273972603,54.6256454621206,1443.42948158453,0,0,326.996688838124,3633.29942455425,0,7.41170421844487,1.10872228275531,11.740749714063,0,72.9052659864537,0,343.493285881986,5.48025775108346,0,0
"172",1978.20273972603,54.6256454621206,1443.42948158453,0,0,326.996688838124,3633.29942455425,0,7.41170421844487,1.10872228275531,11.740749714063,0,72.9052659864537,0,343.493285881986,5.48025775108346,0,0
"173",1978.20273972603,54.6256454621206,1443.42948158453,0,0,326.996688838124,3633.29942455425,0,7.41170421844487,1.10872228275531,11.740749714063,0,72.9052659864537,0,343.493285881986,5.48025775108346,0,0
"174",1978.20273972603,54.6256454621206,1443.42948158453,0,0,326.996688838124,3633.29942455425,0,7.41170421844487,1.10872228275531,11.740749714063,0,72.9052659864537,0,343.493285881986,5.48025775108346,0,0
"175",1978.20273972603,54.6256454621206,1443.42948158453,0,0,326.996688838124,3633.29942455425,0,7.41170421844487,1.10872228275531,11.740749714063,0,72.9052659864537,0,343.493285881986,5.48025775108346,0,0
"176",1978.20273972603,54.6256454621206,1443.42948158453,0,0,326.996688838124,3633.29942455425,0,7.41170421844487,1.10872228275531,11.740749714063,0,72.9052659864537,0,343.493285881986,5.48025775108346,0,0
"177",1979,55.3130231242755,1438.34693059925,0,0,306.406860842475,3608.94352455036,0,36.5872583676879,5.5038956058805,56.686477713599,0,77.3004393095789,0,388.439013881522,5.52033600132083,0,0
"178",1979,55.3130231242755,1438.34693059925,0,0,306.406860842475,3608.94352455036,0,0,0,0,0,77.3004393095789,0,388.439013881522,5.52033600132083,0,0
"179",1979,55.3130231242755,1438.34693059925,0,0,306.406860842475,3608.94352455036,0,0,0,0,0,77.3004393095789,0,388.439013881522,5.52033600132083,0,0
"180",1979.00273972603,55.31452362515,1438.33030572356,0,0,306.346835211873,3608.85330660972,0,0.0988719668950493,0.0151243748084255,0.150243571242212,0,77.3155636843874,0,388.589257452764,5.52045861142279,0,0
"181",1979.00273972603,55.31452362515,1438.33030572356,0,0,306.346835211873,3608.85330660972,0,0.0988719668950493,0.0151243748084255,0.150243571242212,0,77.3155636843874,0,388.589257452764,5.52045861142279,0,0
"182",1979.00273972603,55.31452362515,1438.33030572356,0,0,306.346835211873,3608.85330660972,0,0.0988719668950493,0.0151243748084255,0.150243571242212,0,77.3155636843874,0,388.589257452764,5.52045861142279,0,0
"183",1979.00273972603,55.31452362515,1438.33030572356,0,0,306.346835211873,3608.85330660972,0,0.0988719668950493,0.0151243748084255,0.150243571242212,0,77.3155636843874,0,388.589257452764,5.52045861142279,0,0
"184",1979.00273972603,55.31452362515,1438.33030572356,0,0,306.346835211873,3608.85330660972,0,0.0988719668950493,0.0151243748084255,0.150243571242212,0,77.3155636843874,0,388.589257452764,5.52045861142279,0,0
"185",1979.00273972603,55.31452362515,1438.33030572356,0,0,306.346835211873,3608.85330660972,0,0.0988719668950493,0.0151243748084255,0.150243571242212,0,77.3155636843874,0,388.589257452764,5.52045861142279,0,0
"186",1979.20273972603,55.4113908426214,1437.12852208394,0,0,302.124198369499,3602.1662615613,0,7.31717551634632,1.12004079695626,11.0599254620351,0,78.4204801065352,0,399.498939343557,5.52836972230978,0,0
"187",1979.20273972603,55.4113908426214,1437.12852208394,0,0,302.124198369499,3602.1662615613,0,7.31717551634632,1.12004079695626,11.0599254620351,0,78.4204801065352,0,399.498939343557,5.52836972230978,0,0
"188",1979.20273972603,55.4113908426214,1437.12852208394,0,0,302.124198369499,3602.1662615613,0,7.31717551634632,1.12004079695626,11.0599254620351,0,78.4204801065352,0,399.498939343557,5.52836972230978,0,0
"189",1979.20273972603,55.4113908426214,1437.12852208394,0,0,302.124198369499,3602.1662615613,0,7.31717551634632,1.12004079695626,11.0599254620351,0,78.4204801065352,0,399.498939343557,5.52836972230978,0,0
"190",1979.20273972603,55.4113908426214,1437.12852208394,0,0,302.124198369499,3602.1662615613,0,7.31717551634632,1.12004079695626,11.0599254620351,0,78.4204801065352,0,399.498939343557,5.52836972230978,0,0
"191",1979.20273972603,55.4113908426214,1437.12852208394,0,0,302.124198369499,3602.1662615613,0,7.31717551634632,1.12004079695626,11.0599254620351,0,78.4204801065352,0,399.498939343557,5.52836972230978,0,0
"192",1979.20273972603,55.4113908426214,1437.12852208394,0,0,302.124198369499,3602.1662615613,0,7.31717551634632,1.12004079695626,11.0599254620351,0,78.4204801065352,0,399.498939343557,5.52836972230978,0,0
"193",1980,55.6087010817557,1432.51587241003,0,0,288.013167983753,3573.81623803545,0,36.0998623118773,5.53538023173576,53.5209793736331,0,82.8358195413147,0,441.959993255155,7.43160290406996,0,0
"194",1980,55.6087010817557,1432.51587241003,0,0,288.013167983753,3573.81623803545,0,0,0,0,0,82.8358195413147,0,441.959993255155,7.43160290406996,0,0
"195",1980,55.6087010817557,1432.51587241003,0,0,288.013167983753,3573.81623803545,0,0,0,0,0,82.8358195413147,0,441.959993255155,7.43160290406996,0,0
"196",1980.00273972603,55.6038267878301,1432.50038672261,0,0,288.065189387004,3573.71490183918,0,0.113050282888244,0.0203599813494255,0.0493147930229624,0,82.8561795226641,0,442.009308048178,7.43118083509739,0,0
"197",1980.00273972603,55.6038267878301,1432.50038672261,0,0,288.065189387004,3573.71490183918,0,0.113050282888244,0.0203599813494255,0.0493147930229624,0,82.8561795226641,0,442.009308048178,7.43118083509739,0,0
"198",1980.00273972603,55.6038267878301,1432.50038672261,0,0,288.065189387004,3573.71490183918,0,0.113050282888244,0.0203599813494255,0.0493147930229624,0,82.8561795226641,0,442.009308048178,7.43118083509739,0,0
"199",1980.00273972603,55.6038267878301,1432.50038672261,0,0,288.065189387004,3573.71490183918,0,0.113050282888244,0.0203599813494255,0.0493147930229624,0,82.8561795226641,0,442.009308048178,7.43118083509739,0,0
"200",1980.00273972603,55.6038267878301,1432.50038672261,0,0,288.065189387004,3573.71490183918,0,0.113050282888244,0.0203599813494255,0.0493147930229624,0,82.8561795226641,0,442.009308048178,7.43118083509739,0,0
"201",1980.00273972603,55.6038267878301,1432.50038672261,0,0,288.065189387004,3573.71490183918,0,0.113050282888244,0.0203599813494255,0.0493147930229624,0,82.8561795226641,0,442.009308048178,7.43118083509739,0,0
"202",1980.20273972603,55.2731382327403,1431.34777960777,0,0,291.712379165042,3566.44895918605,0,8.36797414220075,1.50365565127176,3.66806766811596,0,84.3394751925865,0,445.628060923271,7.40244861538665,0,0
"203",1980.20273972603,55.2731382327403,1431.34777960777,0,0,291.712379165042,3566.44895918605,0,8.36797414220075,1.50365565127176,3.66806766811596,0,84.3394751925865,0,445.628060923271,7.40244861538665,0,0
"204",1980.20273972603,55.2731382327403,1431.34777960777,0,0,291.712379165042,3566.44895918605,0,8.36797414220075,1.50365565127176,3.66806766811596,0,84.3394751925865,0,445.628060923271,7.40244861538665,0,0
"205",1980.20273972603,55.2731382327403,1431.34777960777,0,0,291.712379165042,3566.44895918605,0,8.36797414220075,1.50365565127176,3.66806766811596,0,84.3394751925865,0,445.628060923271,7.40244861538665,0,0
"206",1980.20273972603,55.2731382327403,1431.34777960777,0,0,291.712379165042,3566.44895918605,0,8.36797414220075,1.50365565127176,3.66806766811596,0,84.3394751925865,0,445.628060923271,7.40244861538665,0,0
"207",1980.20273972603,55.2731382327403,1431.34777960777,0,0,291.712379165042,3566.44895918605,0,8.36797414220075,1.50365565127176,3.66806766811596,0,84.3394751925865,0,445.628060923271,7.40244861538665,0,0
"208",1980.20273972603,55.2731382327403,1431.34777960777,0,0,291.712379165042,3566.44895918605,0,8.36797414220075,1.50365565127176,3.66806766811596,0,84.3394751925865,0,445.628060923271,7.40244861538665,0,0
"209",1981,54.3295391215314,1426.42563525665,0,0,303.635696563318,3539.78068106946,0,41.3108798798349,7.36939911360325,18.4130283864319,0,90.2052186549179,0,460.373021641587,0,0,0
"210",1982,58.7644261371662,1421.99072264848,0,0,330.53263742946,3512.88366989218,0,41.3110247117625,7.36942470614011,18.4130986975651,0,90.2052442474548,0,460.373091952721,5.73151990677806,0,0
"211",1982,58.7644261371662,1421.99072264848,0,0,330.53263742946,3512.88366989218,0,0,0,0,0,90.2052442474548,0,460.373091952721,5.73151990677806,0,0
"212",1982,58.7644261371662,1421.99072264848,0,0,330.53263742946,3512.88366989218,0,0,0,0,0,90.2052442474548,0,460.373091952721,5.73151990677806,0,0
"213",1982.00273972603,58.7567063989677,1421.98274038996,0,0,330.439062978305,3512.82105884998,0,0.094921986943924,0.0157019967143962,0.156185493357727,0,90.2209462441692,0,460.529277446078,5.73093495243826,0,0
"214",1982.00273972603,58.7567063989677,1421.98274038996,0,0,330.439062978305,3512.82105884998,0,0.094921986943924,0.0157019967143962,0.156185493357727,0,90.2209462441692,0,460.529277446078,5.73093495243826,0,0
"215",1982.00273972603,58.7567063989677,1421.98274038996,0,0,330.439062978305,3512.82105884998,0,0.094921986943924,0.0157019967143962,0.156185493357727,0,90.2209462441692,0,460.529277446078,5.73093495243826,0,0
"216",1982.00273972603,58.7567063989677,1421.98274038996,0,0,330.439062978305,3512.82105884998,0,0.094921986943924,0.0157019967143962,0.156185493357727,0,90.2209462441692,0,460.529277446078,5.73093495243826,0,0
"217",1982.00273972603,58.7567063989677,1421.98274038996,0,0,330.439062978305,3512.82105884998,0,0.094921986943924,0.0157019967143962,0.156185493357727,0,90.2209462441692,0,460.529277446078,5.73093495243826,0,0
"218",1982.00273972603,58.7567063989677,1421.98274038996,0,0,330.439062978305,3512.82105884998,0,0.094921986943924,0.0157019967143962,0.156185493357727,0,90.2209462441692,0,460.529277446078,5.73093495243826,0,0
"219",1982.20273972603,58.2362674495589,1421.36105023038,0,0,323.865755431514,3508.0737686886,0,7.02195583481947,1.15783110570782,11.4767832015235,0,91.3630753531626,0,471.849875154244,5.69137144432382,0,0
"220",1982.20273972603,58.2362674495589,1421.36105023038,0,0,323.865755431514,3508.0737686886,0,7.02195583481947,1.15783110570782,11.4767832015235,0,91.3630753531626,0,471.849875154244,5.69137144432382,0,0
"221",1982.20273972603,58.2362674495589,1421.36105023038,0,0,323.865755431514,3508.0737686886,0,7.02195583481947,1.15783110570782,11.4767832015235,0,91.3630753531626,0,471.849875154244,5.69137144432382,0,0
"222",1982.20273972603,58.2362674495589,1421.36105023038,0,0,323.865755431514,3508.0737686886,0,7.02195583481947,1.15783110570782,11.4767832015235,0,91.3630753531626,0,471.849875154244,5.69137144432382,0,0
"223",1982.20273972603,58.2362674495589,1421.36105023038,0,0,323.865755431514,3508.0737686886,0,7.02195583481947,1.15783110570782,11.4767832015235,0,91.3630753531626,0,471.849875154244,5.69137144432382,0,0
"224",1982.20273972603,58.2362674495589,1421.36105023038,0,0,323.865755431514,3508.0737686886,0,7.02195583481947,1.15783110570782,11.4767832015235,0,91.3630753531626,0,471.849875154244,5.69137144432382,0,0
"225",1982.20273972603,58.2362674495589,1421.36105023038,0,0,323.865755431514,3508.0737686886,0,7.02195583481947,1.15783110570782,11.4767832015235,0,91.3630753531626,0,471.849875154244,5.69137144432382,0,0
"226",1983,56.805812222723,1418.30215503456,0,0,302.096039039623,3486.1588924594,0,34.5987504846105,5.64718152836728,55.1613758226236,0,95.8524257758221,0,515.534467775345,7.54099906719406,0,0
"227",1983,56.805812222723,1418.30215503456,0,0,302.096039039623,3486.1588924594,0,0,0,0,0,95.8524257758221,0,515.534467775345,7.54099906719406,0,0
"228",1983,56.805812222723,1418.30215503456,0,0,302.096039039623,3486.1588924594,0,0,0,0,0,95.8524257758221,0,515.534467775345,7.54099906719406,0,0
"229",1983.00273972603,56.7968619492141,1418.29044606747,0,0,302.127126865242,3486.07655493893,0,0.113530950091881,0.0206592405991805,0.0512496948432137,0,95.8730850164212,0,515.585717470188,7.5402405161355,0,0
"230",1983.00273972603,56.7968619492141,1418.29044606747,0,0,302.127126865242,3486.07655493893,0,0.113530950091881,0.0206592405991805,0.0512496948432137,0,95.8730850164212,0,515.585717470188,7.5402405161355,0,0
"231",1983.00273972603,56.7968619492141,1418.29044606747,0,0,302.127126865242,3486.07655493893,0,0.113530950091881,0.0206592405991805,0.0512496948432137,0,95.8730850164212,0,515.585717470188,7.5402405161355,0,0
"232",1983.00273972603,56.7968619492141,1418.29044606747,0,0,302.127126865242,3486.07655493893,0,0.113530950091881,0.0206592405991805,0.0512496948432137,0,95.8730850164212,0,515.585717470188,7.5402405161355,0,0
"233",1983.00273972603,56.7968619492141,1418.29044606747,0,0,302.127126865242,3486.07655493893,0,0.113530950091881,0.0206592405991805,0.0512496948432137,0,95.8730850164212,0,515.585717470188,7.5402405161355,0,0
"234",1983.00273972603,56.7968619492141,1418.29044606747,0,0,302.127126865242,3486.07655493893,0,0.113530950091881,0.0206592405991805,0.0512496948432137,0,95.8730850164212,0,515.585717470188,7.5402405161355,0,0
"235",1983.20273972603,56.1934397135966,1417.39109333523,0,0,304.301699034313,3480.14982447653,0,8.40243760906478,1.52343420845054,3.80340798818019,0,97.3758599842726,0,519.337875763525,7.48877521472373,0,0
"236",1983.20273972603,56.1934397135966,1417.39109333523,0,0,304.301699034313,3480.14982447653,0,8.40243760906478,1.52343420845054,3.80340798818019,0,97.3758599842726,0,519.337875763525,7.48877521472373,0,0
"237",1983.20273972603,56.1934397135966,1417.39109333523,0,0,304.301699034313,3480.14982447653,0,8.40243760906478,1.52343420845054,3.80340798818019,0,97.3758599842726,0,519.337875763525,7.48877521472373,0,0
"238",1983.20273972603,56.1934397135966,1417.39109333523,0,0,304.301699034313,3480.14982447653,0,8.40243760906478,1.52343420845054,3.80340798818019,0,97.3758599842726,0,519.337875763525,7.48877521472373,0,0
"239",1983.20273972603,56.1934397135966,1417.39109333523,0,0,304.301699034313,3480.14982447653,0,8.40243760906478,1.52343420845054,3.80340798818019,0,97.3758599842726,0,519.337875763525,7.48877521472373,0,0
"240",1983.20273972603,56.1934397135966,1417.39109333523,0,0,304.301699034313,3480.14982447653,0,8.40243760906478,1.52343420845054,3.80340798818019,0,97.3758599842726,0,519.337875763525,7.48877521472373,0,0
"241",1983.20273972603,56.1934397135966,1417.39109333523,0,0,304.301699034313,3480.14982447653,0,8.40243760906478,1.52343420845054,3.80340798818019,0,97.3758599842726,0,519.337875763525,7.48877521472373,0,0
"242",1984,54.5331206098533,1413.14413943791,0,0,311.319391716904,3457.98962493685,0,41.4633227772826,7.43070720951285,18.945914845268,0,103.283132985335,0,534.480382620614,0,0,0
"243",1985,58.5554717461887,1409.12178395372,0,0,334.005110986281,3435.30387278822,0,41.4633479108528,7.43071155736574,18.9459477245202,0,103.283137333188,0,534.480415499866,5.64041955055529,0,0
"244",1985,58.5554717461887,1409.12178395372,0,0,334.005110986281,3435.30387278822,0,0,0,0,0,103.283137333188,0,534.480415499866,5.64041955055529,0,0
"245",1985,58.5554717461887,1409.12178395372,0,0,334.005110986281,3435.30387278822,0,0,0,0,0,103.283137333188,0,534.480415499866,5.64041955055529,0,0
"246",1985.00273972603,58.5472603151754,1409.11454299418,0,0,333.903664507063,3435.25105607257,0,0.0903261078893079,0.0154523905567163,0.154263194863903,0,103.298589723745,0,534.63467869473,5.63982266019732,0,0
"247",1985.00273972603,58.5472603151754,1409.11454299418,0,0,333.903664507063,3435.25105607257,0,0.0903261078893079,0.0154523905567163,0.154263194863903,0,103.298589723745,0,534.63467869473,5.63982266019732,0,0
"248",1985.00273972603,58.5472603151754,1409.11454299418,0,0,333.903664507063,3435.25105607257,0,0.0903261078893079,0.0154523905567163,0.154263194863903,0,103.298589723745,0,534.63467869473,5.63982266019732,0,0
"249",1985.00273972603,58.5472603151754,1409.11454299418,0,0,333.903664507063,3435.25105607257,0,0.0903261078893079,0.0154523905567163,0.154263194863903,0,103.298589723745,0,534.63467869473,5.63982266019732,0,0
"250",1985.00273972603,58.5472603151754,1409.11454299418,0,0,333.903664507063,3435.25105607257,0,0.0903261078893079,0.0154523905567163,0.154263194863903,0,103.298589723745,0,534.63467869473,5.63982266019732,0,0
"251",1985.00273972603,58.5472603151754,1409.11454299418,0,0,333.903664507063,3435.25105607257,0,0.0903261078893079,0.0154523905567163,0.154263194863903,0,103.298589723745,0,534.63467869473,5.63982266019732,0,0
"252",1985.20273972603,57.9937974958814,1408.54418299531,0,0,326.774964931755,3431.200133553,0,6.68222227304163,1.13927520872035,11.3338852897428,0,104.422412541908,0,545.814300789609,5.59943746657679,0,0
"253",1985.20273972603,57.9937974958814,1408.54418299531,0,0,326.774964931755,3431.200133553,0,6.68222227304163,1.13927520872035,11.3338852897428,0,104.422412541908,0,545.814300789609,5.59943746657679,0,0
"254",1985.20273972603,57.9937974958814,1408.54418299531,0,0,326.774964931755,3431.200133553,0,6.68222227304163,1.13927520872035,11.3338852897428,0,104.422412541908,0,545.814300789609,5.59943746657679,0,0
"255",1985.20273972603,57.9937974958814,1408.54418299531,0,0,326.774964931755,3431.200133553,0,6.68222227304163,1.13927520872035,11.3338852897428,0,104.422412541908,0,545.814300789609,5.59943746657679,0,0
"256",1985.20273972603,57.9937974958814,1408.54418299531,0,0,326.774964931755,3431.200133553,0,6.68222227304163,1.13927520872035,11.3338852897428,0,104.422412541908,0,545.814300789609,5.59943746657679,0,0
"257",1985.20273972603,57.9937974958814,1408.54418299531,0,0,326.774964931755,3431.200133553,0,6.68222227304163,1.13927520872035,11.3338852897428,0,104.422412541908,0,545.814300789609,5.59943746657679,0,0
"258",1985.20273972603,57.9937974958814,1408.54418299531,0,0,326.774964931755,3431.200133553,0,6.68222227304163,1.13927520872035,11.3338852897428,0,104.422412541908,0,545.814300789609,5.59943746657679,0,0
"259",1986,56.475249743749,1405.64770030526,0,0,303.141109898866,3411.73392306642,0,32.9285970785074,5.55430565090773,54.4339508092122,0,108.837442984096,0,588.914366309078,6.13647028906746,0,0
"260",1986,56.475249743749,1405.64770030526,0,0,303.141109898866,3411.73392306642,0,0,0,0,0,108.837442984096,0,588.914366309078,6.13647028906746,0,0
"261",1986,56.475249743749,1405.64770030526,0,0,303.141109898866,3411.73392306642,0,0,0,0,0,108.837442984096,0,588.914366309078,6.13647028906746,0,0
"262",1986.00273972603,56.4696732566909,1405.63646479971,0,0,303.16957421715,3411.65919745371,0,0.0788410055841419,0.0168119926008125,0.0462612944284256,0,108.854254976696,0,588.960627603507,6.13628303013029,0,0
"263",1986.00273972603,56.4696732566909,1405.63646479971,0,0,303.16957421715,3411.65919745371,0,0.0788410055841419,0.0168119926008125,0.0462612944284256,0,108.854254976696,0,588.960627603507,6.13628303013029,0,0
"264",1986.00273972603,56.4696732566909,1405.63646479971,0,0,303.16957421715,3411.65919745371,0,0.0788410055841419,0.0168119926008125,0.0462612944284256,0,108.854254976696,0,588.960627603507,6.13628303013029,0,0
"265",1986.00273972603,56.4696732566909,1405.63646479971,0,0,303.16957421715,3411.65919745371,0,0.0788410055841419,0.0168119926008125,0.0462612944284256,0,108.854254976696,0,588.960627603507,6.13628303013029,0,0
"266",1986.00273972603,56.4696732566909,1405.63646479971,0,0,303.16957421715,3411.65919745371,0,0.0788410055841419,0.0168119926008125,0.0462612944284256,0,108.854254976696,0,588.960627603507,6.13628303013029,0,0
"267",1986.00273972603,56.4696732566909,1405.63646479971,0,0,303.16957421715,3411.65919745371,0,0.0788410055841419,0.0168119926008125,0.0462612944284256,0,108.854254976696,0,588.960627603507,6.13628303013029,0,0
"268",1986.20273972603,56.0908979257608,1404.78930011984,0,0,305.163636428678,3406.28095977973,0,5.8342404603863,1.24275200340281,3.43043675687923,0,110.080194987498,0,592.344803065957,6.12336629135051,0,0
"269",1986.20273972603,56.0908979257608,1404.78930011984,0,0,305.163636428678,3406.28095977973,0,5.8342404603863,1.24275200340281,3.43043675687923,0,110.080194987498,0,592.344803065957,6.12336629135051,0,0
"270",1986.20273972603,56.0908979257608,1404.78930011984,0,0,305.163636428678,3406.28095977973,0,5.8342404603863,1.24275200340281,3.43043675687923,0,110.080194987498,0,592.344803065957,6.12336629135051,0,0
"271",1986.20273972603,56.0908979257608,1404.78930011984,0,0,305.163636428678,3406.28095977973,0,5.8342404603863,1.24275200340281,3.43043675687923,0,110.080194987498,0,592.344803065957,6.12336629135051,0,0
"272",1986.20273972603,56.0908979257608,1404.78930011984,0,0,305.163636428678,3406.28095977973,0,5.8342404603863,1.24275200340281,3.43043675687923,0,110.080194987498,0,592.344803065957,6.12336629135051,0,0
"273",1986.20273972603,56.0908979257608,1404.78930011984,0,0,305.163636428678,3406.28095977973,0,5.8342404603863,1.24275200340281,3.43043675687923,0,110.080194987498,0,592.344803065957,6.12336629135051,0,0
"274",1986.20273972603,56.0908979257608,1404.78930011984,0,0,305.163636428678,3406.28095977973,0,5.8342404603863,1.24275200340281,3.43043675687923,0,110.080194987498,0,592.344803065957,6.12336629135051,0,0
"275",1987,55.0094170543158,1401.00559943953,0,0,311.647834948151,3386.1862304886,0,28.7770145075973,6.1079335551575,17.0409675285434,0,114.945376539253,0,605.955333837621,6.08960819185675,0,0
"276",1987,55.0094170543158,1401.00559943953,0,0,311.647834948151,3386.1862304886,0,0,0,0,0,114.945376539253,0,605.955333837621,6.08960819185675,0,0
"277",1987,55.0094170543158,1401.00559943953,0,0,311.647834948151,3386.1862304886,0,0,0,0,0,114.945376539253,0,605.955333837621,6.08960819185675,0,0
"278",1987.00273972603,55.0065823628495,1400.99175041838,0,0,311.666507677162,3386.12047978759,0,0.0789336787354077,0.0166837126237909,0.047077971990011,0,114.962060251877,0,606.002411809611,6.08950116961342,0,0
"279",1987.00273972603,55.0065823628495,1400.99175041838,0,0,311.666507677162,3386.12047978759,0,0.0789336787354077,0.0166837126237909,0.047077971990011,0,114.962060251877,0,606.002411809611,6.08950116961342,0,0
"280",1987.00273972603,55.0065823628495,1400.99175041838,0,0,311.666507677162,3386.12047978759,0,0.0789336787354077,0.0166837126237909,0.047077971990011,0,114.962060251877,0,606.002411809611,6.08950116961342,0,0
"281",1987.00273972603,55.0065823628495,1400.99175041838,0,0,311.666507677162,3386.12047978759,0,0.0789336787354077,0.0166837126237909,0.047077971990011,0,114.962060251877,0,606.002411809611,6.08950116961342,0,0
"282",1987.00273972603,55.0065823628495,1400.99175041838,0,0,311.666507677162,3386.12047978759,0,0.0789336787354077,0.0166837126237909,0.047077971990011,0,114.962060251877,0,606.002411809611,6.08950116961342,0,0
"283",1987.00273972603,55.0065823628495,1400.99175041838,0,0,311.666507677162,3386.12047978759,0,0.0789336787354077,0.0166837126237909,0.047077971990011,0,114.962060251877,0,606.002411809611,6.08950116961342,0,0
"284",1987.20273972603,54.8122155956867,1399.96896990342,0,0,312.970739367007,3381.37506070889,0,5.84109222643004,1.23383099474191,3.48826536084905,0,116.179207533995,0,609.443599198471,6.0821110516176,0,0
"285",1987.20273972603,54.8122155956867,1399.96896990342,0,0,312.970739367007,3381.37506070889,0,5.84109222643004,1.23383099474191,3.48826536084905,0,116.179207533995,0,609.443599198471,6.0821110516176,0,0
"286",1987.20273972603,54.8122155956867,1399.96896990342,0,0,312.970739367007,3381.37506070889,0,5.84109222643004,1.23383099474191,3.48826536084905,0,116.179207533995,0,609.443599198471,6.0821110516176,0,0
"287",1987.20273972603,54.8122155956867,1399.96896990342,0,0,312.970739367007,3381.37506070889,0,5.84109222643004,1.23383099474191,3.48826536084905,0,116.179207533995,0,609.443599198471,6.0821110516176,0,0
"288",1987.20273972603,54.8122155956867,1399.96896990342,0,0,312.970739367007,3381.37506070889,0,5.84109222643004,1.23383099474191,3.48826536084905,0,116.179207533995,0,609.443599198471,6.0821110516176,0,0
"289",1987.20273972603,54.8122155956867,1399.96896990342,0,0,312.970739367007,3381.37506070889,0,5.84109222643004,1.23383099474191,3.48826536084905,0,116.179207533995,0,609.443599198471,6.0821110516176,0,0
"290",1987.20273972603,54.8122155956867,1399.96896990342,0,0,312.970739367007,3381.37506070889,0,5.84109222643004,1.23383099474191,3.48826536084905,0,116.179207533995,0,609.443599198471,6.0821110516176,0,0
"291",1988,54.2272590614073,1395.71461866629,0,0,317.140426181699,3363.41216983885,0,28.8107949766837,6.07313876614897,17.2814694162022,0,121.018515305402,0,623.236803253824,6.06434450397464,0,0
"292",1988,54.2272590614073,1395.71461866629,0,0,317.140426181699,3363.41216983885,0,0,0,0,0,121.018515305402,0,623.236803253824,6.06434450397464,0,0
"293",1988,54.2272590614073,1395.71461866629,0,0,317.140426181699,3363.41216983885,0,0,0,0,0,121.018515305402,0,623.236803253824,6.06434450397464,0,0
"294",1988.00273972603,54.2256313740024,1395.6996317999,0,0,317.152209368571,3363.35278716143,0,0.0790262383103266,0.0166145537942068,0.0475994905405344,0,121.035129859196,0,623.284402744365,6.06427928249236,0,0
"295",1988.00273972603,54.2256313740024,1395.6996317999,0,0,317.152209368571,3363.35278716143,0,0.0790262383103266,0.0166145537942068,0.0475994905405344,0,121.035129859196,0,623.284402744365,6.06427928249236,0,0
"296",1988.00273972603,54.2256313740024,1395.6996317999,0,0,317.152209368571,3363.35278716143,0,0.0790262383103266,0.0166145537942068,0.0475994905405344,0,121.035129859196,0,623.284402744365,6.06427928249236,0,0
"297",1988.00273972603,54.2256313740024,1395.6996317999,0,0,317.152209368571,3363.35278716143,0,0.0790262383103266,0.0166145537942068,0.0475994905405344,0,121.035129859196,0,623.284402744365,6.06427928249236,0,0
"298",1988.00273972603,54.2256313740024,1395.6996317999,0,0,317.152209368571,3363.35278716143,0,0.0790262383103266,0.0166145537942068,0.0475994905405344,0,121.035129859196,0,623.284402744365,6.06427928249236,0,0
"299",1988.00273972603,54.2256313740024,1395.6996317999,0,0,317.152209368571,3363.35278716143,0,0.0790262383103266,0.0166145537942068,0.0475994905405344,0,121.035129859196,0,623.284402744365,6.06427928249236,0,0
"300",1988.20273972603,54.1124053131801,1394.60046421541,0,0,317.970978310988,3359.05648888363,0,5.847941634574,1.22900819910759,3.52512882593111,0,122.24752350451,0,626.761932079755,6.05972472519821,0,0
"301",1988.20273972603,54.1124053131801,1394.60046421541,0,0,317.970978310988,3359.05648888363,0,5.847941634574,1.22900819910759,3.52512882593111,0,122.24752350451,0,626.761932079755,6.05972472519821,0,0
"302",1988.20273972603,54.1124053131801,1394.60046421541,0,0,317.970978310988,3359.05648888363,0,5.847941634574,1.22900819910759,3.52512882593111,0,122.24752350451,0,626.761932079755,6.05972472519821,0,0
"303",1988.20273972603,54.1124053131801,1394.60046421541,0,0,317.970978310988,3359.05648888363,0,5.847941634574,1.22900819910759,3.52512882593111,0,122.24752350451,0,626.761932079755,6.05972472519821,0,0
"304",1988.20273972603,54.1124053131801,1394.60046421541,0,0,317.970978310988,3359.05648888363,0,5.847941634574,1.22900819910759,3.52512882593111,0,122.24752350451,0,626.761932079755,6.05972472519821,0,0
"305",1988.20273972603,54.1124053131801,1394.60046421541,0,0,317.970978310988,3359.05648888363,0,5.847941634574,1.22900819910759,3.52512882593111,0,122.24752350451,0,626.761932079755,6.05972472519821,0,0
"306",1988.20273972603,54.1124053131801,1394.60046421541,0,0,317.970978310988,3359.05648888363,0,5.847941634574,1.22900819910759,3.52512882593111,0,122.24752350451,0,626.761932079755,6.05972472519821,0,0
"307",1989,53.7455732913444,1390.14238455582,0,0,320.510453201816,3342.60871970158,0,28.8445757098231,6.05391988053507,17.433423117146,0,127.072435185937,0,640.67022637097,0,0,0
"308",1990,57.6500648157379,1386.23787193671,0,0,337.657836705445,3325.46124042396,0,28.8446747739564,6.0539409752501,17.4335188911343,0,127.072456280652,0,640.670322144958,3.79823469622719,0,0
"309",1990,57.6500648157379,1386.23787193671,0,0,337.657836705445,3325.46124042396,0,0,0,0,0,127.072456280652,0,640.670322144958,3.79823469622719,0,0
"310",1990,57.6500648157379,1386.23787193671,0,0,337.657836705445,3325.46124042396,0,0,0,0,0,127.072456280652,0,640.670322144958,3.79823469622719,0,0
"311",1990.00273972603,57.6466827466175,1386.23084789678,0,0,337.609098281688,3325.42132882197,0,0.0469668596146262,0.0104061090533566,0.0886500257510252,0,127.082862389705,0,640.758972170709,3.79822500377206,0,0
"312",1990.00273972603,57.6466827466175,1386.23084789678,0,0,337.609098281688,3325.42132882197,0,0.0469668596146262,0.0104061090533566,0.0886500257510252,0,127.082862389705,0,640.758972170709,3.79822500377206,0,0
"313",1990.00273972603,57.6466827466175,1386.23084789678,0,0,337.609098281688,3325.42132882197,0,0.0469668596146262,0.0104061090533566,0.0886500257510252,0,127.082862389705,0,640.758972170709,3.79822500377206,0,0
"314",1990.00273972603,57.6466827466175,1386.23084789678,0,0,337.609098281688,3325.42132882197,0,0.0469668596146262,0.0104061090533566,0.0886500257510252,0,127.082862389705,0,640.758972170709,3.79822500377206,0,0
"315",1990.00273972603,57.6466827466175,1386.23084789678,0,0,337.609098281688,3325.42132882197,0,0.0469668596146262,0.0104061090533566,0.0886500257510252,0,127.082862389705,0,640.758972170709,3.79822500377206,0,0
"316",1990.00273972603,57.6466827466175,1386.23084789678,0,0,337.609098281688,3325.42132882197,0,0.0469668596146262,0.0104061090533566,0.0886500257510252,0,127.082862389705,0,640.758972170709,3.79822500377206,0,0
"317",1990.20273972603,57.4161524154453,1385.70180516341,0,0,334.142129870666,3322.41684535268,0,3.47554761174078,0.769979173597257,6.56010190606366,0,127.842435454249,0,647.230424051022,3.79750225133765,0,0
"318",1990.20273972603,57.4161524154453,1385.70180516341,0,0,334.142129870666,3322.41684535268,0,3.47554761174078,0.769979173597257,6.56010190606366,0,127.842435454249,0,647.230424051022,3.79750225133765,0,0
"319",1990.20273972603,57.4161524154453,1385.70180516341,0,0,334.142129870666,3322.41684535268,0,3.47554761174078,0.769979173597257,6.56010190606366,0,127.842435454249,0,647.230424051022,3.79750225133765,0,0
"320",1990.20273972603,57.4161524154453,1385.70180516341,0,0,334.142129870666,3322.41684535268,0,3.47554761174078,0.769979173597257,6.56010190606366,0,127.842435454249,0,647.230424051022,3.79750225133765,0,0
"321",1990.20273972603,57.4161524154453,1385.70180516341,0,0,334.142129870666,3322.41684535268,0,3.47554761174078,0.769979173597257,6.56010190606366,0,127.842435454249,0,647.230424051022,3.79750225133765,0,0
"322",1990.20273972603,57.4161524154453,1385.70180516341,0,0,334.142129870666,3322.41684535268,0,3.47554761174078,0.769979173597257,6.56010190606366,0,127.842435454249,0,647.230424051022,3.79750225133765,0,0
"323",1990.20273972603,57.4161524154453,1385.70180516341,0,0,334.142129870666,3322.41684535268,0,3.47554761174078,0.769979173597257,6.56010190606366,0,127.842435454249,0,647.230424051022,3.79750225133765,0,0
"324",1991,56.7480017095882,1383.34349463604,0,0,321.931663234297,3308.83016148598,0,17.1429093362338,3.79644040682029,32.3572524091348,0,130.868896687472,0,673.027574554094,6.17347186322215,0,0
"325",1991,56.7480017095882,1383.34349463604,0,0,321.931663234297,3308.83016148598,0,0,0,0,0,130.868896687472,0,673.027574554094,6.17347186322215,0,0
"326",1991,56.7480017095882,1383.34349463604,0,0,321.931663234297,3308.83016148598,0,0,0,0,0,130.868896687472,0,673.027574554094,6.17347186322215,0,0
"327",1991.00273972603,56.7397241736096,1383.334858931,0,0,321.934225835981,3308.77950271712,0,0.0793039170190064,0.0169132410176983,0.0480961671764659,0,130.88580992849,0,673.07567072127,6.17319139249411,0,0
"328",1991.00273972603,56.7397241736096,1383.334858931,0,0,321.934225835981,3308.77950271712,0,0.0793039170190064,0.0169132410176983,0.0480961671764659,0,130.88580992849,0,673.07567072127,6.17319139249411,0,0
"329",1991.00273972603,56.7397241736096,1383.334858931,0,0,321.934225835981,3308.77950271712,0,0.0793039170190064,0.0169132410176983,0.0480961671764659,0,130.88580992849,0,673.07567072127,6.17319139249411,0,0
"330",1991.00273972603,56.7397241736096,1383.334858931,0,0,321.934225835981,3308.77950271712,0,0.0793039170190064,0.0169132410176983,0.0480961671764659,0,130.88580992849,0,673.07567072127,6.17319139249411,0,0
"331",1991.00273972603,56.7397241736096,1383.334858931,0,0,321.934225835981,3308.77950271712,0,0.0793039170190064,0.0169132410176983,0.0480961671764659,0,130.88580992849,0,673.07567072127,6.17319139249411,0,0
"332",1991.00273972603,56.7397241736096,1383.334858931,0,0,321.934225835981,3308.77950271712,0,0.0793039170190064,0.0169132410176983,0.0480961671764659,0,130.88580992849,0,673.07567072127,6.17319139249411,0,0
"333",1991.20273972603,56.179366848785,1382.66255410032,0,0,322.103206263877,3305.09892921567,0,5.86848985897751,1.24957539652259,3.55968924072951,0,132.118472083995,0,676.587263794823,6.15377553731431,0,0
"334",1991.20273972603,56.179366848785,1382.66255410032,0,0,322.103206263877,3305.09892921567,0,5.86848985897751,1.24957539652259,3.55968924072951,0,132.118472083995,0,676.587263794823,6.15377553731431,0,0
"335",1991.20273972603,56.179366848785,1382.66255410032,0,0,322.103206263877,3305.09892921567,0,5.86848985897751,1.24957539652259,3.55968924072951,0,132.118472083995,0,676.587263794823,6.15377553731431,0,0
"336",1991.20273972603,56.179366848785,1382.66255410032,0,0,322.103206263877,3305.09892921567,0,5.86848985897751,1.24957539652259,3.55968924072951,0,132.118472083995,0,676.587263794823,6.15377553731431,0,0
"337",1991.20273972603,56.179366848785,1382.66255410032,0,0,322.103206263877,3305.09892921567,0,5.86848985897751,1.24957539652259,3.55968924072951,0,132.118472083995,0,676.587263794823,6.15377553731431,0,0
"338",1991.20273972603,56.179366848785,1382.66255410032,0,0,322.103206263877,3305.09892921567,0,5.86848985897751,1.24957539652259,3.55968924072951,0,132.118472083995,0,676.587263794823,6.15377553731431,0,0
"339",1991.20273972603,56.179366848785,1382.66255410032,0,0,322.103206263877,3305.09892921567,0,5.86848985897751,1.24957539652259,3.55968924072951,0,132.118472083995,0,676.587263794823,6.15377553731431,0,0
"340",1992,54.6107806172434,1379.35024100769,0,0,322.460324605382,3290.73583615396,0,28.9459544421369,6.13047472069401,17.5656639609382,0,136.999371408166,0,690.593238515032,6.10003822071807,0,0
"341",1992,54.6107806172434,1379.35024100769,0,0,322.460324605382,3290.73583615396,0,0,0,0,0,136.999371408166,0,690.593238515032,6.10003822071807,0,0
"342",1992,54.6107806172434,1379.35024100769,0,0,322.460324605382,3290.73583615396,0,0,0,0,0,136.999371408166,0,690.593238515032,6.10003822071807,0,0
"343",1992.00273972603,54.6067678405091,1379.3375415671,0,0,322.460752418673,3290.68724193532,0,0.0793964765861788,0.016712217328968,0.0481664053451287,0,137.016083625495,0,690.641404920377,6.09987838607679,0,0
"344",1992.00273972603,54.6067678405091,1379.3375415671,0,0,322.460752418673,3290.68724193532,0,0.0793964765861788,0.016712217328968,0.0481664053451287,0,137.016083625495,0,690.641404920377,6.09987838607679,0,0
"345",1992.00273972603,54.6067678405091,1379.3375415671,0,0,322.460752418673,3290.68724193532,0,0.0793964765861788,0.016712217328968,0.0481664053451287,0,137.016083625495,0,690.641404920377,6.09987838607679,0,0
"346",1992.00273972603,54.6067678405091,1379.3375415671,0,0,322.460752418673,3290.68724193532,0,0.0793964765861788,0.016712217328968,0.0481664053451287,0,137.016083625495,0,690.641404920377,6.09987838607679,0,0
"347",1992.00273972603,54.6067678405091,1379.3375415671,0,0,322.460752418673,3290.68724193532,0,0.0793964765861788,0.016712217328968,0.0481664053451287,0,137.016083625495,0,690.641404920377,6.09987838607679,0,0
"348",1992.00273972603,54.6067678405091,1379.3375415671,0,0,322.460752418673,3290.68724193532,0,0.0793964765861788,0.016712217328968,0.0481664053451287,0,137.016083625495,0,690.641404920377,6.09987838607679,0,0
"349",1992.20273972603,54.3332709977045,1378.39218342836,0,0,322.479294238505,3287.15247823864,0,5.87533926710231,1.23556719886972,3.56438828218931,0,138.234938607036,0,694.157626797221,6.08888255803823,0,0
"350",1992.20273972603,54.3332709977045,1378.39218342836,0,0,322.479294238505,3287.15247823864,0,5.87533926710231,1.23556719886972,3.56438828218931,0,138.234938607036,0,694.157626797221,6.08888255803823,0,0
"351",1992.20273972603,54.3332709977045,1378.39218342836,0,0,322.479294238505,3287.15247823864,0,5.87533926710231,1.23556719886972,3.56438828218931,0,138.234938607036,0,694.157626797221,6.08888255803823,0,0
"352",1992.20273972603,54.3332709977045,1378.39218342836,0,0,322.479294238505,3287.15247823864,0,5.87533926710231,1.23556719886972,3.56438828218931,0,138.234938607036,0,694.157626797221,6.08888255803823,0,0
"353",1992.20273972603,54.3332709977045,1378.39218342836,0,0,322.479294238505,3287.15247823864,0,5.87533926710231,1.23556719886972,3.56438828218931,0,138.234938607036,0,694.157626797221,6.08888255803823,0,0
"354",1992.20273972603,54.3332709977045,1378.39218342836,0,0,322.479294238505,3287.15247823864,0,5.87533926710231,1.23556719886972,3.56438828218931,0,138.234938607036,0,694.157626797221,6.08888255803823,0,0
"355",1992.20273972603,54.3332709977045,1378.39218342836,0,0,322.479294238505,3287.15247823864,0,5.87533926710231,1.23556719886972,3.56438828218931,0,138.234938607036,0,694.157626797221,6.08888255803823,0,0
"356",1993,53.5369661228237,1374.34826154644,0,0,322.331200104517,3273.28485034392,0,28.9797606183479,6.07579395567268,17.5801103109035,0,143.075165363839,0,708.173348825935,6.0606070135066,0,0
"357",1993,53.5369661228237,1374.34826154644,0,0,322.331200104517,3273.28485034392,0,0,0,0,0,143.075165363839,0,708.173348825935,6.0606070135066,0,0
"358",1993,53.5369661228237,1374.34826154644,0,0,322.331200104517,3273.28485034392,0,0,0,0,0,143.075165363839,0,708.173348825935,6.0606070135066,0,0
"359",1993.00273972603,53.5348297601661,1374.3337936301,0,0,322.330123715452,3273.23774828805,0,0.079489036143799,0.016604278992758,0.0481784449363116,0,143.091769642832,0,708.221527270872,6.06051534186786,0,0
"360",1993.00273972603,53.5348297601661,1374.3337936301,0,0,322.330123715452,3273.23774828805,0,0.079489036143799,0.016604278992758,0.0481784449363116,0,143.091769642832,0,708.221527270872,6.06051534186786,0,0
"361",1993.00273972603,53.5348297601661,1374.3337936301,0,0,322.330123715452,3273.23774828805,0,0.079489036143799,0.016604278992758,0.0481784449363116,0,143.091769642832,0,708.221527270872,6.06051534186786,0,0
"362",1993.00273972603,53.5348297601661,1374.3337936301,0,0,322.330123715452,3273.23774828805,0,0.079489036143799,0.016604278992758,0.0481784449363116,0,143.091769642832,0,708.221527270872,6.06051534186786,0,0
"363",1993.00273972603,53.5348297601661,1374.3337936301,0,0,322.330123715452,3273.23774828805,0,0.079489036143799,0.016604278992758,0.0481784449363116,0,143.091769642832,0,708.221527270872,6.06051534186786,0,0
"364",1993.00273972603,53.5348297601661,1374.3337936301,0,0,322.330123715452,3273.23774828805,0,0.079489036143799,0.016604278992758,0.0481784449363116,0,143.091769642832,0,708.221527270872,6.06051534186786,0,0
"365",1993.20273972603,53.3874530880522,1373.26971246324,0,0,322.242676807756,3269.80844657907,0,5.88218867522825,1.2280621179657,3.56492706160792,0,144.303227481805,0,711.738275887543,6.05416179936808,0,0
"366",1993.20273972603,53.3874530880522,1373.26971246324,0,0,322.242676807756,3269.80844657907,0,5.88218867522825,1.2280621179657,3.56492706160792,0,144.303227481805,0,711.738275887543,6.05416179936808,0,0
"367",1993.20273972603,53.3874530880522,1373.26971246324,0,0,322.242676807756,3269.80844657907,0,5.88218867522825,1.2280621179657,3.56492706160792,0,144.303227481805,0,711.738275887543,6.05416179936808,0,0
"368",1993.20273972603,53.3874530880522,1373.26971246324,0,0,322.242676807756,3269.80844657907,0,5.88218867522825,1.2280621179657,3.56492706160792,0,144.303227481805,0,711.738275887543,6.05416179936808,0,0
"369",1993.20273972603,53.3874530880522,1373.26971246324,0,0,322.242676807756,3269.80844657907,0,5.88218867522825,1.2280621179657,3.56492706160792,0,144.303227481805,0,711.738275887543,6.05416179936808,0,0
"370",1993.20273972603,53.3874530880522,1373.26971246324,0,0,322.242676807756,3269.80844657907,0,5.88218867522825,1.2280621179657,3.56492706160792,0,144.303227481805,0,711.738275887543,6.05416179936808,0,0
"371",1993.20273972603,53.3874530880522,1373.26971246324,0,0,322.242676807756,3269.80844657907,0,5.88218867522825,1.2280621179657,3.56492706160792,0,144.303227481805,0,711.738275887543,6.05416179936808,0,0
"372",1994,52.9298812934322,1368.90905131556,0,0,321.738857424919,3256.30067801591,0,29.0133994768831,6.04629506027229,17.5765150076035,0,149.121460424111,0,725.74986383354,0,0,0
"373",1995,56.7720131848898,1365.06691899854,0,0,336.122552835093,3241.91698130542,0,29.0134015227782,6.04629548582879,17.5765163079261,0,149.121460849668,0,725.749865133862,2.9518264527289,0,0
"374",1995,56.7720131848898,1365.06691899854,0,0,336.122552835093,3241.91698130542,0,0,0,0,0,149.121460849668,0,725.749865133862,2.9518264527289,0,0
"375",1995,56.7720131848898,1365.06691899854,0,0,336.122552835093,3241.91698130542,0,0,0,0,0,149.121460849668,0,725.749865133862,2.9518264527289,0,0
"376",1995.00273972603,56.7708356043179,1365.06000938336,0,0,336.088127164226,3241.88350515504,0,0.038667577811597,0.00808719576011585,0.0679018212441136,0,149.129548045428,0,725.817766955106,2.9518264527289,0,0
"377",1995.00273972603,56.7708356043179,1365.06000938336,0,0,336.088127164226,3241.88350515504,0,0.038667577811597,0.00808719576011585,0.0679018212441136,0,149.129548045428,0,725.817766955106,2.9518264527289,0,0
"378",1995.00273972603,56.7708356043179,1365.06000938336,0,0,336.088127164226,3241.88350515504,0,0.038667577811597,0.00808719576011585,0.0679018212441136,0,149.129548045428,0,725.817766955106,2.9518264527289,0,0
"379",1995.00273972603,56.7708356043179,1365.06000938336,0,0,336.088127164226,3241.88350515504,0,0.038667577811597,0.00808719576011585,0.0679018212441136,0,149.129548045428,0,725.817766955106,2.9518264527289,0,0
"380",1995.00273972603,56.7708356043179,1365.06000938336,0,0,336.088127164226,3241.88350515504,0,0.038667577811597,0.00808719576011585,0.0679018212441136,0,149.129548045428,0,725.817766955106,2.9518264527289,0,0
"381",1995.00273972603,56.7708356043179,1365.06000938336,0,0,336.088127164226,3241.88350515504,0,0.038667577811597,0.00808719576011585,0.0679018212441136,0,149.129548045428,0,725.817766955106,2.9518264527289,0,0
"382",1995.20273972603,56.6894840246153,1364.55099567251,0,0,333.637900340646,3239.37689902731,0,2.86140075833637,0.59845248630676,5.02473477255298,0,149.719913335974,0,730.774599906415,2.9518264527289,0,0
"383",1995.20273972603,56.6894840246153,1364.55099567251,0,0,333.637900340646,3239.37689902731,0,2.86140075833637,0.59845248630676,5.02473477255298,0,149.719913335974,0,730.774599906415,2.9518264527289,0,0
"384",1995.20273972603,56.6894840246153,1364.55099567251,0,0,333.637900340646,3239.37689902731,0,2.86140075833637,0.59845248630676,5.02473477255298,0,149.719913335974,0,730.774599906415,2.9518264527289,0,0
"385",1995.20273972603,56.6894840246153,1364.55099567251,0,0,333.637900340646,3239.37689902731,0,2.86140075833637,0.59845248630676,5.02473477255298,0,149.719913335974,0,730.774599906415,2.9518264527289,0,0
"386",1995.20273972603,56.6894840246153,1364.55099567251,0,0,333.637900340646,3239.37689902731,0,2.86140075833637,0.59845248630676,5.02473477255298,0,149.719913335974,0,730.774599906415,2.9518264527289,0,0
"387",1995.20273972603,56.6894840246153,1364.55099567251,0,0,333.637900340646,3239.37689902731,0,2.86140075833637,0.59845248630676,5.02473477255298,0,149.719913335974,0,730.774599906415,2.9518264527289,0,0
"388",1995.20273972603,56.6894840246153,1364.55099567251,0,0,333.637900340646,3239.37689902731,0,2.86140075833637,0.59845248630676,5.02473477255298,0,149.719913335974,0,730.774599906415,2.9518264527289,0,0
"389",1996,56.4362632822385,1362.45084244547,0,0,324.985619517106,3228.26974987345,0,14.1136659165002,2.9518264557287,24.7841647499539,0,152.073287305396,0,750.534029883816,6.19001306136736,0,0
"390",1996,56.4362632822385,1362.45084244547,0,0,324.985619517106,3228.26974987345,0,0,0,0,0,152.073287305396,0,750.534029883816,6.19001306136736,0,0
"391",1996,56.4362632822385,1362.45084244547,0,0,324.985619517106,3228.26974987345,0,0,0,0,0,152.073287305396,0,750.534029883816,6.19001306136736,0,0
"392",1996.00273972603,56.4266805049964,1362.4434667479,0,0,324.978056055249,3228.22882979872,0,0.0797667148545309,0.0169584748114544,0.0484835365900477,0,152.090245780208,0,750.582513420406,6.18967053849117,0,0
"393",1996.00273972603,56.4266805049964,1362.4434667479,0,0,324.978056055249,3228.22882979872,0,0.0797667148545309,0.0169584748114544,0.0484835365900477,0,152.090245780208,0,750.582513420406,6.18967053849117,0,0
"394",1996.00273972603,56.4266805049964,1362.4434667479,0,0,324.978056055249,3228.22882979872,0,0.0797667148545309,0.0169584748114544,0.0484835365900477,0,152.090245780208,0,750.582513420406,6.18967053849117,0,0
"395",1996.00273972603,56.4266805049964,1362.4434667479,0,0,324.978056055249,3228.22882979872,0,0.0797667148545309,0.0169584748114544,0.0484835365900477,0,152.090245780208,0,750.582513420406,6.18967053849117,0,0
"396",1996.00273972603,56.4266805049964,1362.4434667479,0,0,324.978056055249,3228.22882979872,0,0.0797667148545309,0.0169584748114544,0.0484835365900477,0,152.090245780208,0,750.582513420406,6.18967053849117,0,0
"397",1996.00273972603,56.4266805049964,1362.4434667479,0,0,324.978056055249,3228.22882979872,0,0.0797667148545309,0.0169584748114544,0.0484835365900477,0,152.090245780208,0,750.582513420406,6.18967053849117,0,0
"398",1996.20273972603,55.77870795362,1361.85592017022,0,0,324.433418552234,3225.23595386181,0,5.90273689964423,1.25247760387014,3.58599697651026,0,153.325764909266,0,754.120026860326,6.16593995147496,0,0
"399",1996.20273972603,55.77870795362,1361.85592017022,0,0,324.433418552234,3225.23595386181,0,5.90273689964423,1.25247760387014,3.58599697651026,0,153.325764909266,0,754.120026860326,6.16593995147496,0,0
"400",1996.20273972603,55.77870795362,1361.85592017022,0,0,324.433418552234,3225.23595386181,0,5.90273689964423,1.25247760387014,3.58599697651026,0,153.325764909266,0,754.120026860326,6.16593995147496,0,0
"401",1996.20273972603,55.77870795362,1361.85592017022,0,0,324.433418552234,3225.23595386181,0,5.90273689964423,1.25247760387014,3.58599697651026,0,153.325764909266,0,754.120026860326,6.16593995147496,0,0
"402",1996.20273972603,55.77870795362,1361.85592017022,0,0,324.433418552234,3225.23595386181,0,5.90273689964423,1.25247760387014,3.58599697651026,0,153.325764909266,0,754.120026860326,6.16593995147496,0,0
"403",1996.20273972603,55.77870795362,1361.85592017022,0,0,324.433418552234,3225.23595386181,0,5.90273689964423,1.25247760387014,3.58599697651026,0,153.325764909266,0,754.120026860326,6.16593995147496,0,0
"404",1996.20273972603,55.77870795362,1361.85592017022,0,0,324.433418552234,3225.23595386181,0,5.90273689964423,1.25247760387014,3.58599697651026,0,153.325764909266,0,754.120026860326,6.16593995147496,0,0
"405",1997,53.9766398390993,1358.77301987974,0,0,322.393889144959,3213.20755423084,0,29.1148509436082,6.13744600886563,17.6539260147611,0,158.210733314262,0,768.187955898577,6.09895381984412,0,0
"406",1997,53.9766398390993,1358.77301987974,0,0,322.393889144959,3213.20755423084,0,0,0,0,0,158.210733314262,0,768.187955898577,6.09895381984412,0,0
"407",1997,53.9766398390993,1358.77301987974,0,0,322.393889144959,3213.20755423084,0,0,0,0,0,158.210733314262,0,768.187955898577,6.09895381984412,0,0
"408",1997.00273972603,53.9720667999956,1358.76088371938,0,0,322.387180914128,3213.1659852311,0,0.0798592744243469,0.0167091994600719,0.0482772305693443,0,158.227442513722,0,768.236233129146,6.09875943166064,0,0
"409",1997.00273972603,53.9720667999956,1358.76088371938,0,0,322.387180914128,3213.1659852311,0,0.0798592744243469,0.0167091994600719,0.0482772305693443,0,158.227442513722,0,768.236233129146,6.09875943166064,0,0
"410",1997.00273972603,53.9720667999956,1358.76088371938,0,0,322.387180914128,3213.1659852311,0,0.0798592744243469,0.0167091994600719,0.0482772305693443,0,158.227442513722,0,768.236233129146,6.09875943166064,0,0
"411",1997.00273972603,53.9720667999956,1358.76088371938,0,0,322.387180914128,3213.1659852311,0,0.0798592744243469,0.0167091994600719,0.0482772305693443,0,158.227442513722,0,768.236233129146,6.09875943166064,0,0
"412",1997.00273972603,53.9720667999956,1358.76088371938,0,0,322.387180914128,3213.1659852311,0,0.0798592744243469,0.0167091994600719,0.0482772305693443,0,158.227442513722,0,768.236233129146,6.09875943166064,0,0
"413",1997.00273972603,53.9720667999956,1358.76088371938,0,0,322.387180914128,3213.1659852311,0,0.0798592744243469,0.0167091994600719,0.0482772305693443,0,158.227442513722,0,768.236233129146,6.09875943166064,0,0
"414",1997.20273972603,53.6610209911702,1357.8535396544,0,0,321.902876105473,3210.12765887647,0,5.90958630777239,1.23509907326712,3.57090839385166,0,159.445832387529,0,771.758864292429,6.08540658590581,0,0
"415",1997.20273972603,53.6610209911702,1357.8535396544,0,0,321.902876105473,3210.12765887647,0,5.90958630777239,1.23509907326712,3.57090839385166,0,159.445832387529,0,771.758864292429,6.08540658590581,0,0
"416",1997.20273972603,53.6610209911702,1357.8535396544,0,0,321.902876105473,3210.12765887647,0,5.90958630777239,1.23509907326712,3.57090839385166,0,159.445832387529,0,771.758864292429,6.08540658590581,0,0
"417",1997.20273972603,53.6610209911702,1357.8535396544,0,0,321.902876105473,3210.12765887647,0,5.90958630777239,1.23509907326712,3.57090839385166,0,159.445832387529,0,771.758864292429,6.08540658590581,0,0
"418",1997.20273972603,53.6610209911702,1357.8535396544,0,0,321.902876105473,3210.12765887647,0,5.90958630777239,1.23509907326712,3.57090839385166,0,159.445832387529,0,771.758864292429,6.08540658590581,0,0
"419",1997.20273972603,53.6610209911702,1357.8535396544,0,0,321.902876105473,3210.12765887647,0,5.90958630777239,1.23509907326712,3.57090839385166,0,159.445832387529,0,771.758864292429,6.08540658590581,0,0
"420",1997.20273972603,53.6610209911702,1357.8535396544,0,0,321.902876105473,3210.12765887647,0,5.90958630777239,1.23509907326712,3.57090839385166,0,159.445832387529,0,771.758864292429,6.08540658590581,0,0
"421",1998,52.765303874433,1353.91473996149,0,0,320.067082985526,3197.95172589761,0,29.1486390533761,6.0696158829185,17.5826344926674,0,164.280349197181,0,785.770590391244,6.05018130566636,0,0
"422",1998,52.765303874433,1353.91473996149,0,0,320.067082985526,3197.95172589761,0,0,0,0,0,164.280349197181,0,785.770590391244,6.05018130566636,0,0
"423",1998,52.765303874433,1353.91473996149,0,0,320.067082985526,3197.95172589761,0,0,0,0,0,164.280349197181,0,785.770590391244,6.05018130566636,0,0
"424",1998.00273972603,52.7629308383732,1353.90053730557,0,0,320.060985038576,3197.90973252731,0,0.0799518339978977,0.016575691978313,0.0480913172493602,0,164.296924889159,0,785.818681708494,6.05007231871471,0,0
"425",1998.00273972603,52.7629308383732,1353.90053730557,0,0,320.060985038576,3197.90973252731,0,0.0799518339978977,0.016575691978313,0.0480913172493602,0,164.296924889159,0,785.818681708494,6.05007231871471,0,0
"426",1998.00273972603,52.7629308383732,1353.90053730557,0,0,320.060985038576,3197.90973252731,0,0.0799518339978977,0.016575691978313,0.0480913172493602,0,164.296924889159,0,785.818681708494,6.05007231871471,0,0
"427",1998.00273972603,52.7629308383732,1353.90053730557,0,0,320.060985038576,3197.90973252731,0,0.0799518339978977,0.016575691978313,0.0480913172493602,0,164.296924889159,0,785.818681708494,6.05007231871471,0,0
"428",1998.00273972603,52.7629308383732,1353.90053730557,0,0,320.060985038576,3197.90973252731,0,0.0799518339978977,0.016575691978313,0.0480913172493602,0,164.296924889159,0,785.818681708494,6.05007231871471,0,0
"429",1998.00273972603,52.7629308383732,1353.90053730557,0,0,320.060985038576,3197.90973252731,0,0.0799518339978977,0.016575691978313,0.0480913172493602,0,164.296924889159,0,785.818681708494,6.05007231871471,0,0
"430",1998.20273972603,52.5997166806334,1352.85450290104,0,0,319.619741555233,3194.84178986345,0,5.9164357159065,1.22582425424647,3.55727746444838,0,165.506173451427,0,789.327867855693,6.04254030952069,0,0
"431",1998.20273972603,52.5997166806334,1352.85450290104,0,0,319.619741555233,3194.84178986345,0,5.9164357159065,1.22582425424647,3.55727746444838,0,165.506173451427,0,789.327867855693,6.04254030952069,0,0
"432",1998.20273972603,52.5997166806334,1352.85450290104,0,0,319.619741555233,3194.84178986345,0,5.9164357159065,1.22582425424647,3.55727746444838,0,165.506173451427,0,789.327867855693,6.04254030952069,0,0
"433",1998.20273972603,52.5997166806334,1352.85450290104,0,0,319.619741555233,3194.84178986345,0,5.9164357159065,1.22582425424647,3.55727746444838,0,165.506173451427,0,789.327867855693,6.04254030952069,0,0
"434",1998.20273972603,52.5997166806334,1352.85450290104,0,0,319.619741555233,3194.84178986345,0,5.9164357159065,1.22582425424647,3.55727746444838,0,165.506173451427,0,789.327867855693,6.04254030952069,0,0
"435",1998.20273972603,52.5997166806334,1352.85450290104,0,0,319.619741555233,3194.84178986345,0,5.9164357159065,1.22582425424647,3.55727746444838,0,165.506173451427,0,789.327867855693,6.04254030952069,0,0
"436",1998.20273972603,52.5997166806334,1352.85450290104,0,0,319.619741555233,3194.84178986345,0,5.9164357159065,1.22582425424647,3.55727746444838,0,165.506173451427,0,789.327867855693,6.04254030952069,0,0
"437",1999,52.1005598701285,1348.54614147631,0,0,317.929588301459,3182.57161909659,0,29.1824188953077,6.03334248948685,17.5176014850833,0,170.313691686668,0,803.288191876327,5.42337197064639,0,0
"438",1999,52.1005598701285,1348.54614147631,0,0,317.929588301459,3182.57161909659,0,0,0,0,0,170.313691686668,0,803.288191876327,5.42337197064639,0,0
"439",1999,52.1005598701285,1348.54614147631,0,0,317.929588301459,3182.57161909659,0,0,0,0,0,170.313691686668,0,803.288191876327,5.42337197064639,0,0
"440",1999.00273972603,52.1007897753851,1348.53105299197,0,0,317.926702931361,3182.52936160692,0,0.0771295341705507,0.01485857908375,0.0451428597607763,0,170.328550265751,0,803.333334736088,5.42339232625282,0,0
"441",1999.00273972603,52.1007897753851,1348.53105299197,0,0,317.926702931361,3182.52936160692,0,0.0771295341705507,0.01485857908375,0.0451428597607763,0,170.328550265751,0,803.333334736088,5.42339232625282,0,0
"442",1999.00273972603,52.1007897753851,1348.53105299197,0,0,317.926702931361,3182.52936160692,0,0.0771295341705507,0.01485857908375,0.0451428597607763,0,170.328550265751,0,803.333334736088,5.42339232625282,0,0
"443",1999.00273972603,52.1007897753851,1348.53105299197,0,0,317.926702931361,3182.52936160692,0,0.0771295341705507,0.01485857908375,0.0451428597607763,0,170.328550265751,0,803.333334736088,5.42339232625282,0,0
"444",1999.00273972603,52.1007897753851,1348.53105299197,0,0,317.926702931361,3182.52936160692,0,0.0771295341705507,0.01485857908375,0.0451428597607763,0,170.328550265751,0,803.333334736088,5.42339232625282,0,0
"445",1999.00273972603,52.1007897753851,1348.53105299197,0,0,317.926702931361,3182.52936160692,0,0.0771295341705507,0.01485857908375,0.0451428597607763,0,170.328550265751,0,803.333334736088,5.42339232625282,0,0
"446",1999.20273972603,52.1127102026372,1347.43433569139,0,0,317.71279434884,3179.44882506968,0,5.70767021258685,1.09965545240776,3.33958797952551,0,171.413347139075,0,806.627779855853,5.4244476884128,0,0
"447",1999.20273972603,52.1127102026372,1347.43433569139,0,0,317.71279434884,3179.44882506968,0,5.70767021258685,1.09965545240776,3.33958797952551,0,171.413347139075,0,806.627779855853,5.4244476884128,0,0
"448",1999.20273972603,52.1127102026372,1347.43433569139,0,0,317.71279434884,3179.44882506968,0,5.70767021258685,1.09965545240776,3.33958797952551,0,171.413347139075,0,806.627779855853,5.4244476884128,0,0
"449",1999.20273972603,52.1127102026372,1347.43433569139,0,0,317.71279434884,3179.44882506968,0,5.70767021258685,1.09965545240776,3.33958797952551,0,171.413347139075,0,806.627779855853,5.4244476884128,0,0
"450",1999.20273972603,52.1127102026372,1347.43433569139,0,0,317.71279434884,3179.44882506968,0,5.70767021258685,1.09965545240776,3.33958797952551,0,171.413347139075,0,806.627779855853,5.4244476884128,0,0
"451",1999.20273972603,52.1127102026372,1347.43433569139,0,0,317.71279434884,3179.44882506968,0,5.70767021258685,1.09965545240776,3.33958797952551,0,171.413347139075,0,806.627779855853,5.4244476884128,0,0
"452",1999.20273972603,52.1127102026372,1347.43433569139,0,0,317.71279434884,3179.44882506968,0,5.70767021258685,1.09965545240776,3.33958797952551,0,171.413347139075,0,806.627779855853,5.4244476884128,0,0
"453",2000,52.0877646279414,1343.13490594202,0,0,316.803183413253,3167.24598677837,0,28.1526998750307,5.42403077647585,16.452037206422,0,175.737722463143,0,819.740229082749,2.12345337565971,0,0
"454",2000,52.0877646279414,1343.13490594202,0,0,316.803183413253,3167.24598677837,0,0,0,0,0,175.737722463143,0,819.740229082749,2.12345337565971,0,0
"455",2000,52.0877646279414,1343.13490594202,0,0,316.803183413253,3167.24598677837,0,0,0,0,0,175.737722463143,0,819.740229082749,2.12345337565971,0,0
"456",2000.00273972603,52.0965585343583,1343.12029389991,0,0,316.809711544817,3167.2042525147,0,0.0387669399263948,0.00581813569015178,0.0352061321085079,0,175.743540598834,0,819.775435214857,2.12378832572303,0,0
"457",2000.00273972603,52.0965585343583,1343.12029389991,0,0,316.809711544817,3167.2042525147,0,0.0387669399263948,0.00581813569015178,0.0352061321085079,0,175.743540598834,0,819.775435214857,2.12378832572303,0,0
"458",2000.00273972603,52.0965585343583,1343.12029389991,0,0,316.809711544817,3167.2042525147,0,0.0387669399263948,0.00581813569015178,0.0352061321085079,0,175.743540598834,0,819.775435214857,2.12378832572303,0,0
"459",2000.00273972603,52.0965585343583,1343.12029389991,0,0,316.809711544817,3167.2042525147,0,0.0387669399263948,0.00581813569015178,0.0352061321085079,0,175.743540598834,0,819.775435214857,2.12378832572303,0,0
"460",2000.00273972603,52.0965585343583,1343.12029389991,0,0,316.809711544817,3167.2042525147,0,0.0387669399263948,0.00581813569015178,0.0352061321085079,0,175.743540598834,0,819.775435214857,2.12378832572303,0,0
"461",2000.00273972603,52.0965585343583,1343.12029389991,0,0,316.809711544817,3167.2042525147,0,0.0387669399263948,0.00581813569015178,0.0352061321085079,0,175.743540598834,0,819.775435214857,2.12378832572303,0,0
"462",2000.20273972603,52.686098530512,1342.10368786334,0,0,317.258708006439,3164.18113982476,0,2.87302489303886,0.432884176107907,2.60932236042579,0,176.170606639251,0,822.349551443175,2.14622287387151,0,0
"463",2000.20273972603,52.686098530512,1342.10368786334,0,0,317.258708006439,3164.18113982476,0,2.87302489303886,0.432884176107907,2.60932236042579,0,176.170606639251,0,822.349551443175,2.14622287387151,0,0
"464",2000.20273972603,52.686098530512,1342.10368786334,0,0,317.258708006439,3164.18113982476,0,2.87302489303886,0.432884176107907,2.60932236042579,0,176.170606639251,0,822.349551443175,2.14622287387151,0,0
"465",2000.20273972603,52.686098530512,1342.10368786334,0,0,317.258708006439,3164.18113982476,0,2.87302489303886,0.432884176107907,2.60932236042579,0,176.170606639251,0,822.349551443175,2.14622287387151,0,0
"466",2000.20273972603,52.686098530512,1342.10368786334,0,0,317.258708006439,3164.18113982476,0,2.87302489303886,0.432884176107907,2.60932236042579,0,176.170606639251,0,822.349551443175,2.14622287387151,0,0
"467",2000.20273972603,52.686098530512,1342.10368786334,0,0,317.258708006439,3164.18113982476,0,2.87302489303886,0.432884176107907,2.60932236042579,0,176.170606639251,0,822.349551443175,2.14622287387151,0,0
"468",2000.20273972603,52.686098530512,1342.10368786334,0,0,317.258708006439,3164.18113982476,0,2.87302489303886,0.432884176107907,2.60932236042579,0,176.170606639251,0,822.349551443175,2.14622287387151,0,0
"469",2001,54.2448406320406,1338.80755529211,0,0,318.577766776801,3152.53930105929,0,14.2329393725727,2.17027464580707,12.9321023555336,0,177.90799710895,0,832.672331438282,3.00566711899065,0,0
"470",2001,54.2448406320406,1338.80755529211,0,0,318.577766776801,3152.53930105929,0,0,0,0,0,177.90799710895,0,832.672331438282,3.00566711899065,0,0
"471",2001,54.2448406320406,1338.80755529211,0,0,318.577766776801,3152.53930105929,0,0,0,0,0,177.90799710895,0,832.672331438282,3.00566711899065,0,0
"472",2001.00273972603,54.2463563819689,1338.79780483775,0,0,318.588446438253,3152.50029774091,0,0.0422538862336195,0.00823470443522162,0.0283236569323467,0,177.916231813386,0,832.700655095215,3.00566711899065,0,0
"473",2001.00273972603,54.2463563819689,1338.79780483775,0,0,318.588446438253,3152.50029774091,0,0.0422538862336195,0.00823470443522162,0.0283236569323467,0,177.916231813386,0,832.700655095215,3.00566711899065,0,0
"474",2001.00273972603,54.2463563819689,1338.79780483775,0,0,318.588446438253,3152.50029774091,0,0.0422538862336195,0.00823470443522162,0.0283236569323467,0,177.916231813386,0,832.700655095215,3.00566711899065,0,0
"475",2001.00273972603,54.2463563819689,1338.79780483775,0,0,318.588446438253,3152.50029774091,0,0.0422538862336195,0.00823470443522162,0.0283236569323467,0,177.916231813386,0,832.700655095215,3.00566711899065,0,0
"476",2001.00273972603,54.2463563819689,1338.79780483775,0,0,318.588446438253,3152.50029774091,0,0.0422538862336195,0.00823470443522162,0.0283236569323467,0,177.916231813386,0,832.700655095215,3.00566711899065,0,0
"477",2001.00273972603,54.2463563819689,1338.79780483775,0,0,318.588446438253,3152.50029774091,0,0.0422538862336195,0.00823470443522162,0.0283236569323467,0,177.916231813386,0,832.700655095215,3.00566711899065,0,0
"478",2001.20273972603,54.3466946013366,1338.09633319458,0,0,319.336620840737,3149.68449638226,0,3.12678758143264,0.609368128234619,2.09595061309072,0,178.517365237185,0,834.768282051373,3.00566711899065,0,0
"479",2001.20273972603,54.3466946013366,1338.09633319458,0,0,319.336620840737,3149.68449638226,0,3.12678758143264,0.609368128234619,2.09595061309072,0,178.517365237185,0,834.768282051373,3.00566711899065,0,0
"480",2001.20273972603,54.3466946013366,1338.09633319458,0,0,319.336620840737,3149.68449638226,0,3.12678758143264,0.609368128234619,2.09595061309072,0,178.517365237185,0,834.768282051373,3.00566711899065,0,0
"481",2001.20273972603,54.3466946013366,1338.09633319458,0,0,319.336620840737,3149.68449638226,0,3.12678758143264,0.609368128234619,2.09595061309072,0,178.517365237185,0,834.768282051373,3.00566711899065,0,0
"482",2001.20273972603,54.3466946013366,1338.09633319458,0,0,319.336620840737,3149.68449638226,0,3.12678758143264,0.609368128234619,2.09595061309072,0,178.517365237185,0,834.768282051373,3.00566711899065,0,0
"483",2001.20273972603,54.3466946013366,1338.09633319458,0,0,319.336620840737,3149.68449638226,0,3.12678758143264,0.609368128234619,2.09595061309072,0,178.517365237185,0,834.768282051373,3.00566711899065,0,0
"484",2001.20273972603,54.3466946013366,1338.09633319458,0,0,319.336620840737,3149.68449638226,0,3.12678758143264,0.609368128234619,2.09595061309072,0,178.517365237185,0,834.768282051373,3.00566711899065,0,0
"485",2002,54.5885690913509,1335.45815967853,0,0,321.762299337514,3139.01663361031,0,15.4226686171019,3.00566715427589,10.3381348882627,0,180.913664263226,0,843.010466326545,4.28293509715725,0,0
"486",2002,54.5885690913509,1335.45815967853,0,0,321.762299337514,3139.01663361031,0,0,0,0,0,180.913664263226,0,843.010466326545,4.28293509715725,0,0
"487",2002,54.5885690913509,1335.45815967853,0,0,321.762299337514,3139.01663361031,0,0,0,0,0,180.913664263226,0,843.010466326545,4.28293509715725,0,0
"488",2002.00273972603,54.5855712495477,1335.44942345157,0,0,321.758601372058,3138.9813474791,0,0.0562513435245233,0.0117340687580902,0.0389840966706922,0,180.925398331984,0,843.049450423216,4.28293509715725,0,0
"489",2002.00273972603,54.5855712495477,1335.44942345157,0,0,321.758601372058,3138.9813474791,0,0.0562513435245233,0.0117340687580902,0.0389840966706922,0,180.925398331984,0,843.049450423216,4.28293509715725,0,0
"490",2002.00273972603,54.5855712495477,1335.44942345157,0,0,321.758601372058,3138.9813474791,0,0.0562513435245233,0.0117340687580902,0.0389840966706922,0,180.925398331984,0,843.049450423216,4.28293509715725,0,0
"491",2002.00273972603,54.5855712495477,1335.44942345157,0,0,321.758601372058,3138.9813474791,0,0.0562513435245233,0.0117340687580902,0.0389840966706922,0,180.925398331984,0,843.049450423216,4.28293509715725,0,0
"492",2002.00273972603,54.5855712495477,1335.44942345157,0,0,321.758601372058,3138.9813474791,0,0.0562513435245233,0.0117340687580902,0.0389840966706922,0,180.925398331984,0,843.049450423216,4.28293509715725,0,0
"493",2002.00273972603,54.5855712495477,1335.44942345157,0,0,321.758601372058,3138.9813474791,0,0.0562513435245233,0.0117340687580902,0.0389840966706922,0,180.925398331984,0,843.049450423216,4.28293509715725,0,0
"494",2002.20273972603,54.3805814666632,1334.79782621502,0,0,321.488021465173,3136.4063454263,0,4.16259942125065,0.868321088189607,2.88456605636061,0,181.781985351416,0,845.895032382906,4.28293509715725,0,0
"495",2002.20273972603,54.3805814666632,1334.79782621502,0,0,321.488021465173,3136.4063454263,0,4.16259942125065,0.868321088189607,2.88456605636061,0,181.781985351416,0,845.895032382906,4.28293509715725,0,0
"496",2002.20273972603,54.3805814666632,1334.79782621502,0,0,321.488021465173,3136.4063454263,0,4.16259942125065,0.868321088189607,2.88456605636061,0,181.781985351416,0,845.895032382906,4.28293509715725,0,0
"497",2002.20273972603,54.3805814666632,1334.79782621502,0,0,321.488021465173,3136.4063454263,0,4.16259942125065,0.868321088189607,2.88456605636061,0,181.781985351416,0,845.895032382906,4.28293509715725,0,0
"498",2002.20273972603,54.3805814666632,1334.79782621502,0,0,321.488021465173,3136.4063454263,0,4.16259942125065,0.868321088189607,2.88456605636061,0,181.781985351416,0,845.895032382906,4.28293509715725,0,0
"499",2002.20273972603,54.3805814666632,1334.79782621502,0,0,321.488021465173,3136.4063454263,0,4.16259942125065,0.868321088189607,2.88456605636061,0,181.781985351416,0,845.895032382906,4.28293509715725,0,0
"500",2002.20273972603,54.3805814666632,1334.79782621502,0,0,321.488021465173,3136.4063454263,0,4.16259942125065,0.868321088189607,2.88456605636061,0,181.781985351416,0,845.895032382906,4.28293509715725,0,0
"501",2003,53.7757957011535,1331.98799700233,0,0,320.398416849819,3126.15773085488,0,20.5317442655787,4.28293606639535,14.2227852431281,0,185.196600329622,0,857.233251569673,4.29138115786483,0,0
"502",2003,53.7757957011535,1331.98799700233,0,0,320.398416849819,3126.15773085488,0,0,0,0,0,185.196600329622,0,857.233251569673,4.29138115786483,0,0
"503",2003,53.7757957011535,1331.98799700233,0,0,320.398416849819,3126.15773085488,0,0,0,0,0,185.196600329622,0,857.233251569673,4.29138115786483,0,0
"504",2003.00273972603,53.7741422119638,1331.97789328287,0,0,320.394589804798,3126.1225534429,0,0.0563439031012765,0.011757208651974,0.0390044570014658,0,185.208357538274,0,857.272256026675,4.29138115786482,0,0
"505",2003.00273972603,53.7741422119638,1331.97789328287,0,0,320.394589804798,3126.1225534429,0,0.0563439031012765,0.011757208651974,0.0390044570014658,0,185.208357538274,0,857.272256026675,4.29138115786482,0,0
"506",2003.00273972603,53.7741422119638,1331.97789328287,0,0,320.394589804798,3126.1225534429,0,0.0563439031012765,0.011757208651974,0.0390044570014658,0,185.208357538274,0,857.272256026675,4.29138115786482,0,0
"507",2003.00273972603,53.7741422119638,1331.97789328287,0,0,320.394589804798,3126.1225534429,0,0.0563439031012765,0.011757208651974,0.0390044570014658,0,185.208357538274,0,857.272256026675,4.29138115786482,0,0
"508",2003.00273972603,53.7741422119638,1331.97789328287,0,0,320.394589804798,3126.1225534429,0,0.0563439031012765,0.011757208651974,0.0390044570014658,0,185.208357538274,0,857.272256026675,4.29138115786482,0,0
"509",2003.00273972603,53.7741422119638,1331.97789328287,0,0,320.394589804798,3126.1225534429,0,0.0563439031012765,0.011757208651974,0.0390044570014658,0,185.208357538274,0,857.272256026675,4.29138115786482,0,0
"510",2003.20273972603,53.6598597871609,1331.2338994761,0,0,320.114900208675,3123.55519613358,0,4.16944882938611,0.870033440223474,2.88605136244898,0,186.066633769845,0,860.119302932122,4.29138115786483,0,0
"511",2003.20273972603,53.6598597871609,1331.2338994761,0,0,320.114900208675,3123.55519613358,0,4.16944882938611,0.870033440223474,2.88605136244898,0,186.066633769845,0,860.119302932122,4.29138115786483,0,0
"512",2003.20273972603,53.6598597871609,1331.2338994761,0,0,320.114900208675,3123.55519613358,0,4.16944882938611,0.870033440223474,2.88605136244898,0,186.066633769845,0,860.119302932122,4.29138115786483,0,0
"513",2003.20273972603,53.6598597871609,1331.2338994761,0,0,320.114900208675,3123.55519613358,0,4.16944882938611,0.870033440223474,2.88605136244898,0,186.066633769845,0,860.119302932122,4.29138115786483,0,0
"514",2003.20273972603,53.6598597871609,1331.2338994761,0,0,320.114900208675,3123.55519613358,0,4.16944882938611,0.870033440223474,2.88605136244898,0,186.066633769845,0,860.119302932122,4.29138115786483,0,0
"515",2003.20273972603,53.6598597871609,1331.2338994761,0,0,320.114900208675,3123.55519613358,0,4.16944882938611,0.870033440223474,2.88605136244898,0,186.066633769845,0,860.119302932122,4.29138115786483,0,0
"516",2003.20273972603,53.6598597871609,1331.2338994761,0,0,320.114900208675,3123.55519613358,0,4.16944882938611,0.870033440223474,2.88605136244898,0,186.066633769845,0,860.119302932122,4.29138115786483,0,0
"517",2004,53.3025145173002,1328.16989443924,0,0,318.994517697251,3113.33192951939,0,20.5655189498533,4.29138374693908,14.2297004880592,0,189.487984076561,0,871.462952057733,4.91666868233831,0,0
"518",2004,53.3025145173002,1328.16989443924,0,0,318.994517697251,3113.33192951939,0,0,0,0,0,189.487984076561,0,871.462952057733,4.91666868233831,0,0
"519",2004,53.3025145173002,1328.16989443924,0,0,318.994517697251,3113.33192951939,0,0,0,0,0,189.487984076561,0,871.462952057733,4.91666868233831,0,0
"520",2004.00273972603,53.2997821996046,1328.15915664788,0,0,318.987677727848,3113.29682542394,0,0.0525845238906049,0.0134701090550483,0.0419440648488933,0,189.501454185616,0,871.504896122582,4.91650885981406,0,0
"521",2004.00273972603,53.2997821996046,1328.15915664788,0,0,318.987677727848,3113.29682542394,0,0.0525845238906049,0.0134701090550483,0.0419440648488933,0,189.501454185616,0,871.504896122582,4.91650885981406,0,0
"522",2004.00273972603,53.2997821996046,1328.15915664788,0,0,318.987677727848,3113.29682542394,0,0.0525845238906049,0.0134701090550483,0.0419440648488933,0,189.501454185616,0,871.504896122582,4.91650885981406,0,0
"523",2004.00273972603,53.2997821996046,1328.15915664788,0,0,318.987677727848,3113.29682542394,0,0.0525845238906049,0.0134701090550483,0.0419440648488933,0,189.501454185616,0,871.504896122582,4.91650885981406,0,0
"524",2004.00273972603,53.2997821996046,1328.15915664788,0,0,318.987677727848,3113.29682542394,0,0.0525845238906049,0.0134701090550483,0.0419440648488933,0,189.501454185616,0,871.504896122582,4.91650885981406,0,0
"525",2004.00273972603,53.2997821996046,1328.15915664788,0,0,318.987677727848,3113.29682542394,0,0.0525845238906049,0.0134701090550483,0.0419440648488933,0,189.501454185616,0,871.504896122582,4.91650885981406,0,0
"526",2004.20273972603,53.1134099051782,1327.36334314216,0,0,318.495793790536,3110.7286084684,0,3.89117865769374,0.995655909200061,3.10204495770694,0,190.483639985761,0,874.56499701544,4.90558195815179,0,0
"527",2004.20273972603,53.1134099051782,1327.36334314216,0,0,318.495793790536,3110.7286084684,0,3.89117865769374,0.995655909200061,3.10204495770694,0,190.483639985761,0,874.56499701544,4.90558195815179,0,0
"528",2004.20273972603,53.1134099051782,1327.36334314216,0,0,318.495793790536,3110.7286084684,0,3.89117865769374,0.995655909200061,3.10204495770694,0,190.483639985761,0,874.56499701544,4.90558195815179,0,0
"529",2004.20273972603,53.1134099051782,1327.36334314216,0,0,318.495793790536,3110.7286084684,0,3.89117865769374,0.995655909200061,3.10204495770694,0,190.483639985761,0,874.56499701544,4.90558195815179,0,0
"530",2004.20273972603,53.1134099051782,1327.36334314216,0,0,318.495793790536,3110.7286084684,0,3.89117865769374,0.995655909200061,3.10204495770694,0,190.483639985761,0,874.56499701544,4.90558195815179,0,0
"531",2004.20273972603,53.1134099051782,1327.36334314216,0,0,318.495793790536,3110.7286084684,0,3.89117865769374,0.995655909200061,3.10204495770694,0,190.483639985761,0,874.56499701544,4.90558195815179,0,0
"532",2004.20273972603,53.1134099051782,1327.36334314216,0,0,318.495793790536,3110.7286084684,0,3.89117865769374,0.995655909200061,3.10204495770694,0,190.483639985761,0,874.56499701544,4.90558195815179,0,0
"533",2005,52.5672057027285,1324.01241839081,0,0,316.665316547185,3100.39464931874,0,19.1915263297188,4.89278486300381,15.2664813507151,0,194.380768939564,0,886.729433408448,0.95735852901126,0,0
"534",2005,52.5672057027285,1324.01241839081,0,0,316.665316547185,3100.39464931874,0,0,0,0,0,194.380768939564,0,886.729433408448,0.95735852901126,0,0
"535",2005,52.5672057027285,1324.01241839081,0,0,316.665316547185,3100.39464931874,0,0,0,0,0,194.380768939564,0,886.729433408448,0.95735852901126,0,0
"536",2005.00273972603,52.576453705646,1324.00054748781,0,0,316.683897846189,3100.35891694652,0,0.00655725019818924,0.0026229000792757,0.017151073219709,0,194.383391839644,0,886.746584481668,0.95735852901126,0,0
"537",2005.00273972603,52.576453705646,1324.00054748781,0,0,316.683897846189,3100.35891694652,0,0.00655725019818924,0.0026229000792757,0.017151073219709,0,194.383391839644,0,886.746584481668,0.95735852901126,0,0
"538",2005.00273972603,52.576453705646,1324.00054748781,0,0,316.683897846189,3100.35891694652,0,0.00655725019818924,0.0026229000792757,0.017151073219709,0,194.383391839644,0,886.746584481668,0.95735852901126,0,0
"539",2005.00273972603,52.576453705646,1324.00054748781,0,0,316.683897846189,3100.35891694652,0,0.00655725019818924,0.0026229000792757,0.017151073219709,0,194.383391839644,0,886.746584481668,0.95735852901126,0,0
"540",2005.00273972603,52.576453705646,1324.00054748781,0,0,316.683897846189,3100.35891694652,0,0.00655725019818924,0.0026229000792757,0.017151073219709,0,194.383391839644,0,886.746584481668,0.95735852901126,0,0
"541",2005.00273972603,52.576453705646,1324.00054748781,0,0,316.683897846189,3100.35891694652,0,0.00655725019818924,0.0026229000792757,0.017151073219709,0,194.383391839644,0,886.746584481668,0.95735852901126,0,0
"542",2005.20273972603,53.1996260031782,1323.18590348448,0,0,317.993328728752,3097.79745771881,0,0.485236514703534,0.194094605881414,1.26917941835663,0,194.574863545446,0,887.998612826805,0.95735852901126,0,0
"543",2005.20273972603,53.1996260031782,1323.18590348448,0,0,317.993328728752,3097.79745771881,0,0.485236514703534,0.194094605881414,1.26917941835663,0,194.574863545446,0,887.998612826805,0.95735852901126,0,0
"544",2005.20273972603,53.1996260031782,1323.18590348448,0,0,317.993328728752,3097.79745771881,0,0.485236514703534,0.194094605881414,1.26917941835663,0,194.574863545446,0,887.998612826805,0.95735852901126,0,0
"545",2005.20273972603,53.1996260031782,1323.18590348448,0,0,317.993328728752,3097.79745771881,0,0.485236514703534,0.194094605881414,1.26917941835663,0,194.574863545446,0,887.998612826805,0.95735852901126,0,0
"546",2005.20273972603,53.1996260031782,1323.18590348448,0,0,317.993328728752,3097.79745771881,0,0.485236514703534,0.194094605881414,1.26917941835663,0,194.574863545446,0,887.998612826805,0.95735852901126,0,0
"547",2005.20273972603,53.1996260031782,1323.18590348448,0,0,317.993328728752,3097.79745771881,0,0.485236514703534,0.194094605881414,1.26917941835663,0,194.574863545446,0,887.998612826805,0.95735852901126,0,0
"548",2005.20273972603,53.1996260031782,1323.18590348448,0,0,317.993328728752,3097.79745771881,0,0.485236514703534,0.194094605881414,1.26917941835663,0,194.574863545446,0,887.998612826805,0.95735852901126,0,0
"549",2006,54.8904477724845,1320.73181678386,0,0,322.382206774633,3088.41761494758,0,2.39340180664081,0.957359537199475,6.26014414370596,0,195.338128476764,0,892.989577552154,4.31671933998755,0,0
"550",2006,54.8904477724845,1320.73181678386,0,0,322.382206774633,3088.41761494758,0,0,0,0,0,195.338128476764,0,892.989577552154,4.31671933998755,0,0
"551",2006,54.8904477724845,1320.73181678386,0,0,322.382206774633,3088.41761494758,0,0,0,0,0,195.338128476764,0,892.989577552154,4.31671933998755,0,0
"552",2006.00273972603,54.8853885461163,1320.7250493819,0,0,322.373164978161,3088.38743174273,0,0.056621581802367,0.0118266283275392,0.0392250013256675,0,195.349955105091,0,893.02880255348,4.31671933998755,0,0
"553",2006.00273972603,54.8853885461163,1320.7250493819,0,0,322.373164978161,3088.38743174273,0,0.056621581802367,0.0118266283275392,0.0392250013256675,0,195.349955105091,0,893.02880255348,4.31671933998755,0,0
"554",2006.00273972603,54.8853885461163,1320.7250493819,0,0,322.373164978161,3088.38743174273,0,0.056621581802367,0.0118266283275392,0.0392250013256675,0,195.349955105091,0,893.02880255348,4.31671933998755,0,0
"555",2006.00273972603,54.8853885461163,1320.7250493819,0,0,322.373164978161,3088.38743174273,0,0.056621581802367,0.0118266283275392,0.0392250013256675,0,195.349955105091,0,893.02880255348,4.31671933998755,0,0
"556",2006.00273972603,54.8853885461163,1320.7250493819,0,0,322.373164978161,3088.38743174273,0,0.056621581802367,0.0118266283275392,0.0392250013256675,0,195.349955105091,0,893.02880255348,4.31671933998755,0,0
"557",2006.00273972603,54.8853885461163,1320.7250493819,0,0,322.373164978161,3088.38743174273,0,0.056621581802367,0.0118266283275392,0.0392250013256675,0,195.349955105091,0,893.02880255348,4.31671933998755,0,0
"558",2006.20273972603,54.5413357160166,1320.205758344,0,0,321.72513249467,3086.17268893931,0,4.18999705379253,0.875170496325074,2.90200028823728,0,196.213298973089,0,895.891577840392,4.31671933998755,0,0
"559",2006.20273972603,54.5413357160166,1320.205758344,0,0,321.72513249467,3086.17268893931,0,4.18999705379253,0.875170496325074,2.90200028823728,0,196.213298973089,0,895.891577840392,4.31671933998755,0,0
"560",2006.20273972603,54.5413357160166,1320.205758344,0,0,321.72513249467,3086.17268893931,0,4.18999705379253,0.875170496325074,2.90200028823728,0,196.213298973089,0,895.891577840392,4.31671933998755,0,0
"561",2006.20273972603,54.5413357160166,1320.205758344,0,0,321.72513249467,3086.17268893931,0,4.18999705379253,0.875170496325074,2.90200028823728,0,196.213298973089,0,895.891577840392,4.31671933998755,0,0
"562",2006.20273972603,54.5413357160166,1320.205758344,0,0,321.72513249467,3086.17268893931,0,4.18999705379253,0.875170496325074,2.90200028823728,0,196.213298973089,0,895.891577840392,4.31671933998755,0,0
"563",2006.20273972603,54.5413357160166,1320.205758344,0,0,321.72513249467,3086.17268893931,0,4.18999705379253,0.875170496325074,2.90200028823728,0,196.213298973089,0,895.891577840392,4.31671933998755,0,0
"564",2006.20273972603,54.5413357160166,1320.205758344,0,0,321.72513249467,3086.17268893931,0,4.18999705379253,0.875170496325074,2.90200028823728,0,196.213298973089,0,895.891577840392,4.31671933998755,0,0
"565",2007,53.5566428289887,1317.74890039074,0,0,319.354234684426,3077.14400442748,0,20.6668870221836,4.31672133660626,14.3015826103151,0,199.65484981337,0,907.29116016247,6.10595118054701,0,0
"566",2007,53.5566428289887,1317.74890039074,0,0,319.354234684426,3077.14400442748,0,0,0,0,0,199.65484981337,0,907.29116016247,6.10595118054701,0,0
"567",2007,53.5566428289887,1317.74890039074,0,0,319.354234684426,3077.14400442748,0,0,0,0,0,199.65484981337,0,907.29116016247,6.10595118054701,0,0
"568",2007.00273972603,53.5491785567569,1317.73963648138,0,0,319.337635033589,3077.11248224532,0,0.0803438443330493,0.0167281815972857,0.0481218329933423,0,199.671577994967,0,907.339281995463,6.10561808173518,0,0
"569",2007.00273972603,53.5491785567569,1317.73963648138,0,0,319.337635033589,3077.11248224532,0,0.0803438443330493,0.0167281815972857,0.0481218329933423,0,199.671577994967,0,907.339281995463,6.10561808173518,0,0
"570",2007.00273972603,53.5491785567569,1317.73963648138,0,0,319.337635033589,3077.11248224532,0,0.0803438443330493,0.0167281815972857,0.0481218329933423,0,199.671577994967,0,907.339281995463,6.10561808173518,0,0
"571",2007.00273972603,53.5491785567569,1317.73963648138,0,0,319.337635033589,3077.11248224532,0,0.0803438443330493,0.0167281815972857,0.0481218329933423,0,199.671577994967,0,907.339281995463,6.10561808173518,0,0
"572",2007.00273972603,53.5491785567569,1317.73963648138,0,0,319.337635033589,3077.11248224532,0,0.0803438443330493,0.0167281815972857,0.0481218329933423,0,199.671577994967,0,907.339281995463,6.10561808173518,0,0
"573",2007.00273972603,53.5491785567569,1317.73963648138,0,0,319.337635033589,3077.11248224532,0,0.0803438443330493,0.0167281815972857,0.0481218329933423,0,199.671577994967,0,907.339281995463,6.10561808173518,0,0
"574",2007.20273972603,53.044076702424,1317.02595007075,0,0,318.156500739778,3074.78475436715,0,5.94544448044435,1.23551644655478,3.55698400497159,0,200.890366259925,0,910.848144167441,6.0827343460411,0,0
"575",2007.20273972603,53.044076702424,1317.02595007075,0,0,318.156500739778,3074.78475436715,0,5.94544448044435,1.23551644655478,3.55698400497159,0,200.890366259925,0,910.848144167441,6.0827343460411,0,0
"576",2007.20273972603,53.044076702424,1317.02595007075,0,0,318.156500739778,3074.78475436715,0,5.94544448044435,1.23551644655478,3.55698400497159,0,200.890366259925,0,910.848144167441,6.0827343460411,0,0
"577",2007.20273972603,53.044076702424,1317.02595007075,0,0,318.156500739778,3074.78475436715,0,5.94544448044435,1.23551644655478,3.55698400497159,0,200.890366259925,0,910.848144167441,6.0827343460411,0,0
"578",2007.20273972603,53.044076702424,1317.02595007075,0,0,318.156500739778,3074.78475436715,0,5.94544448044435,1.23551644655478,3.55698400497159,0,200.890366259925,0,910.848144167441,6.0827343460411,0,0
"579",2007.20273972603,53.044076702424,1317.02595007075,0,0,318.156500739778,3074.78475436715,0,5.94544448044435,1.23551644655478,3.55698400497159,0,200.890366259925,0,910.848144167441,6.0827343460411,0,0
"580",2007.20273972603,53.044076702424,1317.02595007075,0,0,318.156500739778,3074.78475436715,0,5.94544448044435,1.23551644655478,3.55698400497159,0,200.890366259925,0,910.848144167441,6.0827343460411,0,0
"581",2008,51.6311874315928,1313.61848887991,0,0,313.985069374589,3065.04222137597,0,29.3255522109744,6.05586690823014,17.4709483613403,0,205.7107167216,0,924.76210852381,6.01952512655233,0,0
"582",2008,51.6311874315928,1313.61848887991,0,0,313.985069374589,3065.04222137597,0,0,0,0,0,205.7107167216,0,924.76210852381,6.01952512655233,0,0
"583",2008,51.6311874315928,1313.61848887991,0,0,313.985069374589,3065.04222137597,0,0,0,0,0,205.7107167216,0,924.76210852381,6.01952512655233,0,0
"584",2008.00273972603,51.6275721442685,1313.60561256162,0,0,313.972031845119,3065.00761116301,0,0.0804364039038574,0.0164916056190396,0.0476477424355296,0,205.727208327219,0,924.809756266245,6.01934470142855,0,0
"585",2008.00273972603,51.6275721442685,1313.60561256162,0,0,313.972031845119,3065.00761116301,0,0.0804364039038574,0.0164916056190396,0.0476477424355296,0,205.727208327219,0,924.809756266245,6.01934470142855,0,0
"586",2008.00273972603,51.6275721442685,1313.60561256162,0,0,313.972031845119,3065.00761116301,0,0.0804364039038574,0.0164916056190396,0.0476477424355296,0,205.727208327219,0,924.809756266245,6.01934470142855,0,0
"587",2008.00273972603,51.6275721442685,1313.60561256162,0,0,313.972031845119,3065.00761116301,0,0.0804364039038574,0.0164916056190396,0.0476477424355296,0,205.727208327219,0,924.809756266245,6.01934470142855,0,0
"588",2008.00273972603,51.6275721442685,1313.60561256162,0,0,313.972031845119,3065.00761116301,0,0.0804364039038574,0.0164916056190396,0.0476477424355296,0,205.727208327219,0,924.809756266245,6.01934470142855,0,0
"589",2008.00273972603,51.6275721442685,1313.60561256162,0,0,313.972031845119,3065.00761116301,0,0.0804364039038574,0.0164916056190396,0.0476477424355296,0,205.727208327219,0,924.809756266245,6.01934470142855,0,0
"590",2008.20273972603,51.3810800663502,1312.64949898438,0,0,313.042052432128,3062.46255336172,0,5.95229388858438,1.21909726076783,3.52268495671802,0,206.929813982368,0,928.284793480528,6.00696162115562,0,0
"591",2008.20273972603,51.3810800663502,1312.64949898438,0,0,313.042052432128,3062.46255336172,0,5.95229388858438,1.21909726076783,3.52268495671802,0,206.929813982368,0,928.284793480528,6.00696162115562,0,0
"592",2008.20273972603,51.3810800663502,1312.64949898438,0,0,313.042052432128,3062.46255336172,0,5.95229388858438,1.21909726076783,3.52268495671802,0,206.929813982368,0,928.284793480528,6.00696162115562,0,0
"593",2008.20273972603,51.3810800663502,1312.64949898438,0,0,313.042052432128,3062.46255336172,0,5.95229388858438,1.21909726076783,3.52268495671802,0,206.929813982368,0,928.284793480528,6.00696162115562,0,0
"594",2008.20273972603,51.3810800663502,1312.64949898438,0,0,313.042052432128,3062.46255336172,0,5.95229388858438,1.21909726076783,3.52268495671802,0,206.929813982368,0,928.284793480528,6.00696162115562,0,0
"595",2008.20273972603,51.3810800663502,1312.64949898438,0,0,313.042052432128,3062.46255336172,0,5.95229388858438,1.21909726076783,3.52268495671802,0,206.929813982368,0,928.284793480528,6.00696162115562,0,0
"596",2008.20273972603,51.3810800663502,1312.64949898438,0,0,313.042052432128,3062.46255336172,0,5.95229388858438,1.21909726076783,3.52268495671802,0,206.929813982368,0,928.284793480528,6.00696162115562,0,0
"597",2009,50.6611874036574,1308.59619096826,0,0,309.716367566068,3051.99526367021,0,29.3592788377009,5.9922979395847,17.3156595142866,0,211.703014661185,0,942.077768038096,5.22690287816659,0,0
"598",2009,50.6611874036574,1308.59619096826,0,0,309.716367566068,3051.99526367021,0,0,0,0,0,211.703014661185,0,942.077768038096,5.22690287816659,0,0
"599",2009,50.6611874036574,1308.59619096826,0,0,309.716367566068,3051.99526367021,0,0,0,0,0,211.703014661185,0,942.077768038096,5.22690287816659,0,0
"600",2009.00273972603,50.6612928609399,1308.58176521855,0,0,309.709425752354,3051.95851243433,0,0.0719447632292449,0.0143202924278757,0.0436930495954241,0,211.717334953613,0,942.121461087691,5.22691193377716,0,0
"601",2009.00273972603,50.6612928609399,1308.58176521855,0,0,309.709425752354,3051.95851243433,0,0.0719447632292449,0.0143202924278757,0.0436930495954241,0,211.717334953613,0,942.121461087691,5.22691193377716,0,0
"602",2009.00273972603,50.6612928609399,1308.58176521855,0,0,309.709425752354,3051.95851243433,0,0.0719447632292449,0.0143202924278757,0.0436930495954241,0,211.717334953613,0,942.121461087691,5.22691193377716,0,0
"603",2009.00273972603,50.6612928609399,1308.58176521855,0,0,309.709425752354,3051.95851243433,0,0.0719447632292449,0.0143202924278757,0.0436930495954241,0,211.717334953613,0,942.121461087691,5.22691193377716,0,0
"604",2009.00273972603,50.6612928609399,1308.58176521855,0,0,309.709425752354,3051.95851243433,0,0.0719447632292449,0.0143202924278757,0.0436930495954241,0,211.717334953613,0,942.121461087691,5.22691193377716,0,0
"605",2009.00273972603,50.6612928609399,1308.58176521855,0,0,309.709425752354,3051.95851243433,0,0.0719447632292449,0.0143202924278757,0.0436930495954241,0,211.717334953613,0,942.121461087691,5.22691193377716,0,0
"606",2009.20273972603,50.6650203079318,1307.53261345413,0,0,309.210362901525,3049.27025520748,0,5.32359421645651,1.05974460985545,3.23101312727453,0,212.762759271041,0,945.30878116537,5.2272320027358,0,0
"607",2009.20273972603,50.6650203079318,1307.53261345413,0,0,309.210362901525,3049.27025520748,0,5.32359421645651,1.05974460985545,3.23101312727453,0,212.762759271041,0,945.30878116537,5.2272320027358,0,0
"608",2009.20273972603,50.6650203079318,1307.53261345413,0,0,309.210362901525,3049.27025520748,0,5.32359421645651,1.05974460985545,3.23101312727453,0,212.762759271041,0,945.30878116537,5.2272320027358,0,0
"609",2009.20273972603,50.6650203079318,1307.53261345413,0,0,309.210362901525,3049.27025520748,0,5.32359421645651,1.05974460985545,3.23101312727453,0,212.762759271041,0,945.30878116537,5.2272320027358,0,0
"610",2009.20273972603,50.6650203079318,1307.53261345413,0,0,309.210362901525,3049.27025520748,0,5.32359421645651,1.05974460985545,3.23101312727453,0,212.762759271041,0,945.30878116537,5.2272320027358,0,0
"611",2009.20273972603,50.6650203079318,1307.53261345413,0,0,309.210362901525,3049.27025520748,0,5.32359421645651,1.05974460985545,3.23101312727453,0,212.762759271041,0,945.30878116537,5.2272320027358,0,0
"612",2009.20273972603,50.6650203079318,1307.53261345413,0,0,309.210362901525,3049.27025520748,0,5.32359421645651,1.05974460985545,3.23101312727453,0,212.762759271041,0,945.30878116537,5.2272320027358,0,0
"613",2010,50.6206066519155,1303.41063143145,0,0,307.355577627345,3038.46197794117,0,26.2522528289322,5.2261402885573,15.8940756677666,0,216.929154949742,0,957.971843705863,1.84271338697162,0,0
"614",2010,50.6206066519155,1303.41063143145,0,0,307.355577627345,3038.46197794117,0,0,0,0,0,216.929154949742,0,957.971843705863,1.84271338697162,0,0
"615",2010,50.6206066519155,1303.41063143145,0,0,307.355577627345,3038.46197794117,0,0,0,0,0,216.929154949742,0,957.971843705863,1.84271338697162,0,0
"616",2010.00273972603,50.6295850675145,1303.39660417265,0,0,307.361640632475,3038.42462329991,0,0.0173084947990427,0.00504884319541965,0.0312916361270296,0,216.934203792938,0,958.00313534199,1.84294488041116,0,0
"617",2010.00273972603,50.6295850675145,1303.39660417265,0,0,307.361640632475,3038.42462329991,0,0.0173084947990427,0.00504884319541965,0.0312916361270296,0,216.934203792938,0,958.00313534199,1.84294488041116,0,0
"618",2010.00273972603,50.6295850675145,1303.39660417265,0,0,307.361640632475,3038.42462329991,0,0.0173084947990427,0.00504884319541965,0.0312916361270296,0,216.934203792938,0,958.00313534199,1.84294488041116,0,0
"619",2010.00273972603,50.6295850675145,1303.39660417265,0,0,307.361640632475,3038.42462329991,0,0.0173084947990427,0.00504884319541965,0.0312916361270296,0,216.934203792938,0,958.00313534199,1.84294488041116,0,0
"620",2010.00273972603,50.6295850675145,1303.39660417265,0,0,307.361640632475,3038.42462329991,0,0.0173084947990427,0.00504884319541965,0.0312916361270296,0,216.934203792938,0,958.00313534199,1.84294488041116,0,0
"621",2010.00273972603,50.6295850675145,1303.39660417265,0,0,307.361640632475,3038.42462329991,0,0.0173084947990427,0.00504884319541965,0.0312916361270296,0,216.934203792938,0,958.00313534199,1.84294488041116,0,0
"622",2010.20273972603,51.2324387854409,1302.4235696032,0,0,307.781620994331,3035.71926084414,0,1.28107777278086,0.375229694721532,2.31667373003799,0,217.304384644464,0,960.288517435901,1.85839985870145,0,0
"623",2010.20273972603,51.2324387854409,1302.4235696032,0,0,307.781620994331,3035.71926084414,0,1.28107777278086,0.375229694721532,2.31667373003799,0,217.304384644464,0,960.288517435901,1.85839985870145,0,0
"624",2010.20273972603,51.2324387854409,1302.4235696032,0,0,307.781620994331,3035.71926084414,0,1.28107777278086,0.375229694721532,2.31667373003799,0,217.304384644464,0,960.288517435901,1.85839985870145,0,0
"625",2010.20273972603,51.2324387854409,1302.4235696032,0,0,307.781620994331,3035.71926084414,0,1.28107777278086,0.375229694721532,2.31667373003799,0,217.304384644464,0,960.288517435901,1.85839985870145,0,0
"626",2010.20273972603,51.2324387854409,1302.4235696032,0,0,307.781620994331,3035.71926084414,0,1.28107777278086,0.375229694721532,2.31667373003799,0,217.304384644464,0,960.288517435901,1.85839985870145,0,0
"627",2010.20273972603,51.2324387854409,1302.4235696032,0,0,307.781620994331,3035.71926084414,0,1.28107777278086,0.375229694721532,2.31667373003799,0,217.304384644464,0,960.288517435901,1.85839985870145,0,0
"628",2010.20273972603,51.2324387854409,1302.4235696032,0,0,307.781620994331,3035.71926084414,0,1.28107777278086,0.375229694721532,2.31667373003799,0,217.304384644464,0,960.288517435901,1.85839985870145,0,0
"629",2011,52.839313127553,1299.31710460997,0,0,309.059101761295,3025.31361832732,0,6.32222067296241,1.87482034583615,11.4448354798984,0,218.803975295579,0,969.416679185762,6.09164896168344,0,0
"630",2011,52.839313127553,1299.31710460997,0,0,309.059101761295,3025.31361832732,0,0,0,0,0,218.803975295579,0,969.416679185762,6.09164896168344,0,0
"631",2011,52.839313127553,1299.31710460997,0,0,309.059101761295,3025.31361832732,0,0,0,0,0,218.803975295579,0,969.416679185762,6.09164896168344,0,0
"632",2011.00273972603,52.831692843761,1299.30803593314,0,0,309.046687769826,3025.27878805363,0,0.0807135711107718,0.0166889606258845,0.0472442651626781,0,218.820664256205,0,969.463923450925,6.09128878069289,0,0
"633",2011.00273972603,52.831692843761,1299.30803593314,0,0,309.046687769826,3025.27878805363,0,0.0807135711107718,0.0166889606258845,0.0472442651626781,0,218.820664256205,0,969.463923450925,6.09128878069289,0,0
"634",2011.00273972603,52.831692843761,1299.30803593314,0,0,309.046687769826,3025.27878805363,0,0.0807135711107718,0.0166889606258845,0.0472442651626781,0,218.820664256205,0,969.463923450925,6.09128878069289,0,0
"635",2011.00273972603,52.831692843761,1299.30803593314,0,0,309.046687769826,3025.27878805363,0,0.0807135711107718,0.0166889606258845,0.0472442651626781,0,218.820664256205,0,969.463923450925,6.09128878069289,0,0
"636",2011.00273972603,52.831692843761,1299.30803593314,0,0,309.046687769826,3025.27878805363,0,0.0807135711107718,0.0166889606258845,0.0472442651626781,0,218.820664256205,0,969.463923450925,6.09128878069289,0,0
"637",2011.00273972603,52.831692843761,1299.30803593314,0,0,309.046687769826,3025.27878805363,0,0.0807135711107718,0.0166889606258845,0.0472442651626781,0,218.820664256205,0,969.463923450925,6.09128878069289,0,0
"638",2011.20273972603,52.3162617739315,1298.60773279038,0,0,308.160816655848,3022.71900004094,0,5.97279462924505,1.23242317321338,3.49290339182511,0,220.036398468792,0,972.909582577587,6.06657098162535,0,0
"639",2011.20273972603,52.3162617739315,1298.60773279038,0,0,308.160816655848,3022.71900004094,0,5.97279462924505,1.23242317321338,3.49290339182511,0,220.036398468792,0,972.909582577587,6.06657098162535,0,0
"640",2011.20273972603,52.3162617739315,1298.60773279038,0,0,308.160816655848,3022.71900004094,0,5.97279462924505,1.23242317321338,3.49290339182511,0,220.036398468792,0,972.909582577587,6.06657098162535,0,0
"641",2011.20273972603,52.3162617739315,1298.60773279038,0,0,308.160816655848,3022.71900004094,0,5.97279462924505,1.23242317321338,3.49290339182511,0,220.036398468792,0,972.909582577587,6.06657098162535,0,0
"642",2011.20273972603,52.3162617739315,1298.60773279038,0,0,308.160816655848,3022.71900004094,0,5.97279462924505,1.23242317321338,3.49290339182511,0,220.036398468792,0,972.909582577587,6.06657098162535,0,0
"643",2011.20273972603,52.3162617739315,1298.60773279038,0,0,308.160816655848,3022.71900004094,0,5.97279462924505,1.23242317321338,3.49290339182511,0,220.036398468792,0,972.909582577587,6.06657098162535,0,0
"644",2011.20273972603,52.3162617739315,1298.60773279038,0,0,308.160816655848,3022.71900004094,0,5.97279462924505,1.23242317321338,3.49290339182511,0,220.036398468792,0,972.909582577587,6.06657098162535,0,0
"645",2012,50.8776710651186,1295.2410822878,0,0,304.985904895015,3012.21665664687,0,29.4602910619249,6.0376643846069,17.1701585467348,0,224.841639680186,0,986.586837732497,5.99808822051367,0,0
"646",2012,50.8776710651186,1295.2410822878,0,0,304.985904895015,3012.21665664687,0,0,0,0,0,224.841639680186,0,986.586837732497,5.99808822051367,0,0
"647",2012,50.8776710651186,1295.2410822878,0,0,304.985904895015,3012.21665664687,0,0,0,0,0,224.841639680186,0,986.586837732497,5.99808822051367,0,0
"648",2012.00273972603,50.8739992108811,1295.22832128496,0,0,304.975849917172,3012.17984120316,0,0.0808041955376453,0.0164328570772097,0.0468704215473282,0,224.858072537263,0,986.633708154044,5.99789504844866,0,0
"649",2012.00273972603,50.8739992108811,1295.22832128496,0,0,304.975849917172,3012.17984120316,0,0.0808041955376453,0.0164328570772097,0.0468704215473282,0,224.858072537263,0,986.633708154044,5.99789504844866,0,0
"650",2012.00273972603,50.8739992108811,1295.22832128496,0,0,304.975849917172,3012.17984120316,0,0.0808041955376453,0.0164328570772097,0.0468704215473282,0,224.858072537263,0,986.633708154044,5.99789504844866,0,0
"651",2012.00273972603,50.8739992108811,1295.22832128496,0,0,304.975849917172,3012.17984120316,0,0.0808041955376453,0.0164328570772097,0.0468704215473282,0,224.858072537263,0,986.633708154044,5.99789504844866,0,0
"652",2012.00273972603,50.8739992108811,1295.22832128496,0,0,304.975849917172,3012.17984120316,0,0.0808041955376453,0.0164328570772097,0.0468704215473282,0,224.858072537263,0,986.633708154044,5.99789504844866,0,0
"653",2012.00273972603,50.8739992108811,1295.22832128496,0,0,304.975849917172,3012.17984120316,0,0.0808041955376453,0.0164328570772097,0.0468704215473282,0,224.858072537263,0,986.633708154044,5.99789504844866,0,0
"654",2012.20273972603,50.6237929492947,1294.28030043305,0,0,304.256287655431,3009.48048228519,0,5.97949389128207,1.21465997057373,3.4657916012558,0,226.056299650759,0,990.052629333752,5.98464836157291,0,0
"655",2012.20273972603,50.6237929492947,1294.28030043305,0,0,304.256287655431,3009.48048228519,0,5.97949389128207,1.21465997057373,3.4657916012558,0,226.056299650759,0,990.052629333752,5.98464836157291,0,0
"656",2012.20273972603,50.6237929492947,1294.28030043305,0,0,304.256287655431,3009.48048228519,0,5.97949389128207,1.21465997057373,3.4657916012558,0,226.056299650759,0,990.052629333752,5.98464836157291,0,0
"657",2012.20273972603,50.6237929492947,1294.28030043305,0,0,304.256287655431,3009.48048228519,0,5.97949389128207,1.21465997057373,3.4657916012558,0,226.056299650759,0,990.052629333752,5.98464836157291,0,0
"658",2012.20273972603,50.6237929492947,1294.28030043305,0,0,304.256287655431,3009.48048228519,0,5.97949389128207,1.21465997057373,3.4657916012558,0,226.056299650759,0,990.052629333752,5.98464836157291,0,0
"659",2012.20273972603,50.6237929492947,1294.28030043305,0,0,304.256287655431,3009.48048228519,0,5.97949389128207,1.21465997057373,3.4657916012558,0,226.056299650759,0,990.052629333752,5.98464836157291,0,0
"660",2012.20273972603,50.6237929492947,1294.28030043305,0,0,304.256287655431,3009.48048228519,0,5.97949389128207,1.21465997057373,3.4657916012558,0,226.056299650759,0,990.052629333752,5.98464836157291,0,0
"661",2013,49.8950368868977,1290.25469344358,0,0,301.641097947343,2998.5152785116,0,29.4931544012656,5.96902302243986,17.0461850829388,0,230.810662702625,0,1003.63302281544,5.94915522225384,0,0
"662",2013,49.8950368868977,1290.25469344358,0,0,301.641097947343,2998.5152785116,0,0,0,0,0,230.810662702625,0,1003.63302281544,5.94915522225384,0,0
"663",2013,49.8950368868977,1290.25469344358,0,0,301.641097947343,2998.5152785116,0,0,0,0,0,230.810662702625,0,1003.63302281544,5.94915522225384,0,0
"664",2013.00273972603,49.893079927911,1290.24035149356,0,0,301.6327134598,2998.47710186539,0,0.0808939842469352,0.0162989090081548,0.0465611337531927,0,230.826961611634,0,1003.67958394919,5.94904687354711,0,0
"665",2013.00273972603,49.893079927911,1290.24035149356,0,0,301.6327134598,2998.47710186539,0,0.0808939842469352,0.0162989090081548,0.0465611337531927,0,230.826961611634,0,1003.67958394919,5.94904687354711,0,0
"666",2013.00273972603,49.893079927911,1290.24035149356,0,0,301.6327134598,2998.47710186539,0,0.0808939842469352,0.0162989090081548,0.0465611337531927,0,230.826961611634,0,1003.67958394919,5.94904687354711,0,0
"667",2013.00273972603,49.893079927911,1290.24035149356,0,0,301.6327134598,2998.47710186539,0,0.0808939842469352,0.0162989090081548,0.0465611337531927,0,230.826961611634,0,1003.67958394919,5.94904687354711,0,0
"668",2013.00273972603,49.893079927911,1290.24035149356,0,0,301.6327134598,2998.47710186539,0,0.0808939842469352,0.0162989090081548,0.0465611337531927,0,230.826961611634,0,1003.67958394919,5.94904687354711,0,0
"669",2013.00273972603,49.893079927911,1290.24035149356,0,0,301.6327134598,2998.47710186539,0,0.0808939842469352,0.0162989090081548,0.0465611337531927,0,230.826961611634,0,1003.67958394919,5.94904687354711,0,0
"670",2013.20273972603,49.7579935095861,1289.18639097383,0,0,301.030919599159,2995.68215293092,0,5.98613458934176,1.20534584706686,3.44330392886166,0,232.016008549692,0,1007.0763267443,5.9415433618543,0,0
"671",2013.20273972603,49.7579935095861,1289.18639097383,0,0,301.030919599159,2995.68215293092,0,5.98613458934176,1.20534584706686,3.44330392886166,0,232.016008549692,0,1007.0763267443,5.9415433618543,0,0
"672",2013.20273972603,49.7579935095861,1289.18639097383,0,0,301.030919599159,2995.68215293092,0,5.98613458934176,1.20534584706686,3.44330392886166,0,232.016008549692,0,1007.0763267443,5.9415433618543,0,0
"673",2013.20273972603,49.7579935095861,1289.18639097383,0,0,301.030919599159,2995.68215293092,0,5.98613458934176,1.20534584706686,3.44330392886166,0,232.016008549692,0,1007.0763267443,5.9415433618543,0,0
"674",2013.20273972603,49.7579935095861,1289.18639097383,0,0,301.030919599159,2995.68215293092,0,5.98613458934176,1.20534584706686,3.44330392886166,0,232.016008549692,0,1007.0763267443,5.9415433618543,0,0
"675",2013.20273972603,49.7579935095861,1289.18639097383,0,0,301.030919599159,2995.68215293092,0,5.98613458934176,1.20534584706686,3.44330392886166,0,232.016008549692,0,1007.0763267443,5.9415433618543,0,0
"676",2013.20273972603,49.7579935095861,1289.18639097383,0,0,301.030919599159,2995.68215293092,0,5.98613458934176,1.20534584706686,3.44330392886166,0,232.016008549692,0,1007.0763267443,5.9415433618543,0,0
"677",2014,49.3367247893985,1284.88072280657,0,0,298.812302558444,2984.40181260525,0,29.5257886876513,5.93228273451495,16.9422612952448,0,236.74294543714,0,1020.57528411068,5.07726078813944,0,0
"678",2014,49.3367247893985,1284.88072280657,0,0,298.812302558444,2984.40181260525,0,0,0,0,0,236.74294543714,0,1020.57528411068,5.07726078813944,0,0
"679",2014,49.3367247893985,1284.88072280657,0,0,298.812302558444,2984.40181260525,0,0,0,0,0,236.74294543714,0,1020.57528411068,5.07726078813944,0,0
"680",2014.00273972603,49.337820437834,1284.86571673016,0,0,298.809255742948,2984.36271692779,0,0.0693517953773335,0.013910427966996,0.0421424929562715,0,236.756855865107,0,1020.61742660364,5.07735402660856,0,0
"681",2014.00273972603,49.337820437834,1284.86571673016,0,0,298.809255742948,2984.36271692779,0,0.0693517953773335,0.013910427966996,0.0421424929562715,0,236.756855865107,0,1020.61742660364,5.07735402660856,0,0
"682",2014.00273972603,49.337820437834,1284.86571673016,0,0,298.809255742948,2984.36271692779,0,0.0693517953773335,0.013910427966996,0.0421424929562715,0,236.756855865107,0,1020.61742660364,5.07735402660856,0,0
"683",2014.00273972603,49.337820437834,1284.86571673016,0,0,298.809255742948,2984.36271692779,0,0.0693517953773335,0.013910427966996,0.0421424929562715,0,236.756855865107,0,1020.61742660364,5.07735402660856,0,0
"684",2014.00273972603,49.337820437834,1284.86571673016,0,0,298.809255742948,2984.36271692779,0,0.0693517953773335,0.013910427966996,0.0421424929562715,0,236.756855865107,0,1020.61742660364,5.07735402660856,0,0
"685",2014.00273972603,49.337820437834,1284.86571673016,0,0,298.809255742948,2984.36271692779,0,0.0693517953773335,0.013910427966996,0.0421424929562715,0,236.756855865107,0,1020.61742660364,5.07735402660856,0,0
"686",2014.20273972603,49.4078640830122,1283.77957961623,0,0,298.5846853838,2981.5118980051,0,5.13189274095375,1.03000389672338,3.11753177479455,0,237.772949333864,0,1023.69281588548,5.08331221927685,0,0
"687",2014.20273972603,49.4078640830122,1283.77957961623,0,0,298.5846853838,2981.5118980051,0,5.13189274095375,1.03000389672338,3.11753177479455,0,237.772949333864,0,1023.69281588548,5.08331221927685,0,0
"688",2014.20273972603,49.4078640830122,1283.77957961623,0,0,298.5846853838,2981.5118980051,0,5.13189274095375,1.03000389672338,3.11753177479455,0,237.772949333864,0,1023.69281588548,5.08331221927685,0,0
"689",2014.20273972603,49.4078640830122,1283.77957961623,0,0,298.5846853838,2981.5118980051,0,5.13189274095375,1.03000389672338,3.11753177479455,0,237.772949333864,0,1023.69281588548,5.08331221927685,0,0
"690",2014.20273972603,49.4078640830122,1283.77957961623,0,0,298.5846853838,2981.5118980051,0,5.13189274095375,1.03000389672338,3.11753177479455,0,237.772949333864,0,1023.69281588548,5.08331221927685,0,0
"691",2014.20273972603,49.4078640830122,1283.77957961623,0,0,298.5846853838,2981.5118980051,0,5.13189274095375,1.03000389672338,3.11753177479455,0,237.772949333864,0,1023.69281588548,5.08331221927685,0,0
"692",2014.20273972603,49.4078640830122,1283.77957961623,0,0,298.5846853838,2981.5118980051,0,5.13189274095375,1.03000389672338,3.11753177479455,0,237.772949333864,0,1023.69281588548,5.08331221927685,0,0
"693",2015,49.5390179876347,1279.59014123586,0,0,297.652181384705,2970.20542086016,0,25.3098655476896,5.08828837246465,15.3565129188328,0,241.831233809605,0,1035.93179702951,0.662159424118004,0,0
"694",2015,49.5390179876347,1279.59014123586,0,0,297.652181384705,2970.20542086016,0,0,0,0,0,241.831233809605,0,1035.93179702951,0.662159424118004,0,0
"695",2015,49.5390179876347,1279.59014123586,0,0,297.652181384705,2970.20542086016,0,0,0,0,0,241.831233809605,0,1035.93179702951,0.662159424118004,0,0
"696",2015.00273972603,49.5512955733797,1279.57604951471,0,0,297.678273715125,2970.1667267578,0,0.00453533852088742,0.00181413540835496,0.0126017719457215,0,241.833047945013,0,1035.94439880146,0.662159424118004,0,0
"697",2015.00273972603,49.5512955733797,1279.57604951471,0,0,297.678273715125,2970.1667267578,0,0.00453533852088742,0.00181413540835496,0.0126017719457215,0,241.833047945013,0,1035.94439880146,0.662159424118004,0,0
"698",2015.00273972603,49.5512955733797,1279.57604951471,0,0,297.678273715125,2970.1667267578,0,0.00453533852088742,0.00181413540835496,0.0126017719457215,0,241.833047945013,0,1035.94439880146,0.662159424118004,0,0
"699",2015.00273972603,49.5512955733797,1279.57604951471,0,0,297.678273715125,2970.1667267578,0,0.00453533852088742,0.00181413540835496,0.0126017719457215,0,241.833047945013,0,1035.94439880146,0.662159424118004,0,0
"700",2015.00273972603,49.5512955733797,1279.57604951471,0,0,297.678273715125,2970.1667267578,0,0.00453533852088742,0.00181413540835496,0.0126017719457215,0,241.833047945013,0,1035.94439880146,0.662159424118004,0,0
"701",2015.00273972603,49.5512955733797,1279.57604951471,0,0,297.678273715125,2970.1667267578,0,0.00453533852088742,0.00181413540835496,0.0126017719457215,0,241.833047945013,0,1035.94439880146,0.662159424118004,0,0
"702",2015.20273972603,50.3789860388589,1278.61592716441,0,0,299.51977742315,2967.40529369764,0,0.33561505058041,0.134246020232164,0.932531124079923,0,241.965479829837,0,1036.86432815359,0.662159424118004,0,0
"703",2015.20273972603,50.3789860388589,1278.61592716441,0,0,299.51977742315,2967.40529369764,0,0.33561505058041,0.134246020232164,0.932531124079923,0,241.965479829837,0,1036.86432815359,0.662159424118004,0,0
"704",2015.20273972603,50.3789860388589,1278.61592716441,0,0,299.51977742315,2967.40529369764,0,0.33561505058041,0.134246020232164,0.932531124079923,0,241.965479829837,0,1036.86432815359,0.662159424118004,0,0
"705",2015.20273972603,50.3789860388589,1278.61592716441,0,0,299.51977742315,2967.40529369764,0,0.33561505058041,0.134246020232164,0.932531124079923,0,241.965479829837,0,1036.86432815359,0.662159424118004,0,0
"706",2015.20273972603,50.3789860388589,1278.61592716441,0,0,299.51977742315,2967.40529369764,0,0.33561505058041,0.134246020232164,0.932531124079923,0,241.965479829837,0,1036.86432815359,0.662159424118004,0,0
"707",2015.20273972603,50.3789860388589,1278.61592716441,0,0,299.51977742315,2967.40529369764,0,0.33561505058041,0.134246020232164,0.932531124079923,0,241.965479829837,0,1036.86432815359,0.662159424118004,0,0
"708",2015.20273972603,50.3789860388589,1278.61592716441,0,0,299.51977742315,2967.40529369764,0,0.33561505058041,0.134246020232164,0.932531124079923,0,241.965479829837,0,1036.86432815359,0.662159424118004,0,0
"709",2016,52.6313014943356,1275.83570067089,0,0,305.74286997239,2957.51510194597,0,1.65539264569152,0.662157058276608,4.59963032650258,0,242.493390867882,0,1040.53142735602,0,0,0
