"","time","P_labile","P_stable","P_labile_placed","P_labile_FYM","K_labile","K_stable","K_labile_FYM","N_up","P_up","K_up","PIN","POUT","KIN","KOUT","P_up_labile","P_up_labile_placed","P_up_labile_FYM"
"1",1968,131.555377192317,2728.31537157691,0,0,903.325014311824,6583.28681169424,0,0,0,0,0,0,0,0,16.0798150012535,0,0
"2",1968,131.555377192317,2728.31537157691,0,0,903.325014311824,6583.28681169424,0,0,0,0,0,0,0,0,16.0798150012535,0,0
"3",1968,131.555377192317,2728.31537157691,0,0,903.325014311824,6583.28681169424,0,0,0,0,0,0,0,0,16.0798150012535,0,0
"4",1968.00273972603,131.487692489925,2728.3390079606,0,0,903.087528096813,6583.39123795855,0,0.211056072476193,0.0440483187032075,0.133059950700866,0,0.0440483187032075,0,0.133059950700866,16.075442102129,0,0
"5",1968.00273972603,131.487692489925,2728.3390079606,0,0,903.087528096813,6583.39123795855,0,0.211056072476193,0.0440483187032075,0.133059950700866,0,0.0440483187032075,0,0.133059950700866,16.075442102129,0,0
"6",1968.00273972603,131.487692489925,2728.3390079606,0,0,903.087528096813,6583.39123795855,0,0.211056072476193,0.0440483187032075,0.133059950700866,0,0.0440483187032075,0,0.133059950700866,16.075442102129,0,0
"7",1968.00273972603,131.487692489925,2728.3390079606,0,0,903.087528096813,6583.39123795855,0,0.211056072476193,0.0440483187032075,0.133059950700866,0,0.0440483187032075,0,0.133059950700866,16.075442102129,0,0
"8",1968.00273972603,131.487692489925,2728.3390079606,0,0,903.087528096813,6583.39123795855,0,0.211056072476193,0.0440483187032075,0.133059950700866,0,0.0440483187032075,0,0.133059950700866,16.075442102129,0,0
"9",1968.00273972603,131.487692489925,2728.3390079606,0,0,903.087528096813,6583.39123795855,0,0.211056072476193,0.0440483187032075,0.133059950700866,0,0.0440483187032075,0,0.133059950700866,16.075442102129,0,0
"10",1968.20273972603,126.941911494942,2729.70054348126,0,0,886.322373526949,6590.49956898764,0,15.6181493636941,3.22829379302242,9.78988349146978,0,3.22829379302242,0,9.78988349146978,15.7723658225328,0,0
"11",1968.20273972603,154.941911494942,2736.70054348126,0,0,976.322373526949,6590.49956898764,0,15.6181493636941,3.22829379302242,9.78988349146978,35,3.22829379302242,90,9.78988349146978,17.3452201983536,0,0
"12",1968.20273972603,154.941911494942,2736.70054348126,0,0,976.322373526949,6590.49956898764,0,15.6181493636941,3.22829379302242,9.78988349146978,35,3.22829379302242,90,9.78988349146978,17.3452201983536,0,0
"13",1968.20273972603,154.941911494942,2736.70054348126,0,0,976.322373526949,6590.49956898764,0,15.6181493636941,3.22829379302242,9.78988349146978,35,3.22829379302242,90,9.78988349146978,17.3452201983536,0,0
"14",1968.20273972603,154.941911494942,2736.70054348126,0,0,976.322373526949,6590.49956898764,0,15.6181493636941,3.22829379302242,9.78988349146978,35,3.22829379302242,90,9.78988349146978,17.3452201983536,0,0
"15",1968.20273972603,154.941911494942,2736.70054348126,0,0,976.322373526949,6590.49956898764,0,15.6181493636941,3.22829379302242,9.78988349146978,35,3.22829379302242,90,9.78988349146978,17.3452201983536,0,0
"16",1968.20273972603,154.941911494942,2736.70054348126,0,0,976.322373526949,6590.49956898764,0,15.6181493636941,3.22829379302242,9.78988349146978,35,3.22829379302242,90,9.78988349146978,17.3452201983536,0,0
"17",1969,129.585008071674,2748.80773310178,0,0,899.593569547941,6627.67831934436,0,77.0354660609354,16.4780075957689,49.3399371137635,35,16.4780075957689,90,49.3399371137635,12.6535636736147,0,0
"18",1969,129.585008071674,2748.80773310178,0,0,899.593569547941,6627.67831934436,0,0,0,0,35,16.4780075957689,90,49.3399371137635,12.6535636736147,0,0
"19",1969,129.585008071674,2748.80773310178,0,0,899.593569547941,6627.67831934436,0,0,0,0,35,16.4780075957689,90,49.3399371137635,12.6535636736147,0,0
"20",1969.00273972603,129.532652243131,2748.82542712239,0,0,899.096880544941,6627.77567557971,0,0.203139073570247,0.0346618079377076,0.39933276764772,35,16.5126694037066,90,49.7392698814112,12.6495409262942,0,0
"21",1969.00273972603,129.532652243131,2748.82542712239,0,0,899.096880544941,6627.77567557971,0,0.203139073570247,0.0346618079377076,0.39933276764772,35,16.5126694037066,90,49.7392698814112,12.6495409262942,0,0
"22",1969.00273972603,129.532652243131,2748.82542712239,0,0,899.096880544941,6627.77567557971,0,0.203139073570247,0.0346618079377076,0.39933276764772,35,16.5126694037066,90,49.7392698814112,12.6495409262942,0,0
"23",1969.00273972603,129.532652243131,2748.82542712239,0,0,899.096880544941,6627.77567557971,0,0.203139073570247,0.0346618079377076,0.39933276764772,35,16.5126694037066,90,49.7392698814112,12.6495409262942,0,0
"24",1969.00273972603,129.532652243131,2748.82542712239,0,0,899.096880544941,6627.77567557971,0,0.203139073570247,0.0346618079377076,0.39933276764772,35,16.5126694037066,90,49.7392698814112,12.6495409262942,0,0
"25",1969.00273972603,129.532652243131,2748.82542712239,0,0,899.096880544941,6627.77567557971,0,0.203139073570247,0.0346618079377076,0.39933276764772,35,16.5126694037066,90,49.7392698814112,12.6495409262942,0,0
"26",1969.20273972603,126.02014116698,2749.83595398858,0,0,864.238568303696,6633.83978658322,0,15.0152987452893,2.53664601789306,29.193534005387,35,19.014653613662,90,78.5334711191505,12.3771651981568,0,0
"27",1969.20273972603,154.02014116698,2756.83595398858,0,0,954.238568303696,6633.83978658322,0,15.0152987452893,2.53664601789306,29.193534005387,70,19.014653613662,180,78.5334711191505,14.4119111668442,0,0
"28",1969.20273972603,154.02014116698,2756.83595398858,0,0,954.238568303696,6633.83978658322,0,15.0152987452893,2.53664601789306,29.193534005387,70,19.014653613662,180,78.5334711191505,14.4119111668442,0,0
"29",1969.20273972603,154.02014116698,2756.83595398858,0,0,954.238568303696,6633.83978658322,0,15.0152987452893,2.53664601789306,29.193534005387,70,19.014653613662,180,78.5334711191505,14.4119111668442,0,0
"30",1969.20273972603,154.02014116698,2756.83595398858,0,0,954.238568303696,6633.83978658322,0,15.0152987452893,2.53664601789306,29.193534005387,70,19.014653613662,180,78.5334711191505,14.4119111668442,0,0
"31",1969.20273972603,154.02014116698,2756.83595398858,0,0,954.238568303696,6633.83978658322,0,15.0152987452893,2.53664601789306,29.193534005387,70,19.014653613662,180,78.5334711191505,14.4119111668442,0,0
"32",1969.20273972603,154.02014116698,2756.83595398858,0,0,954.238568303696,6633.83978658322,0,15.0152987452893,2.53664601789306,29.193534005387,70,19.014653613662,180,78.5334711191505,14.4119111668442,0,0
"33",1970,131.335644967636,2768.73685354575,0,0,815.834768104775,6657.55127363202,0,74.4680267310048,13.320242660069,143.885847155504,70,29.7982502558379,180,193.225784269268,15.8786004880283,0,0
"34",1970,131.335644967636,2768.73685354575,0,0,815.834768104775,6657.55127363202,0,0,0,0,70,29.7982502558379,180,193.225784269268,15.8786004880283,0,0
"35",1970,131.335644967636,2768.73685354575,0,0,815.834768104775,6657.55127363202,0,0,0,0,70,29.7982502558379,180,193.225784269268,15.8786004880283,0,0
"36",1970.00273972603,131.272648205828,2768.75634766923,0,0,815.668572233316,6657.58059580891,0,0.334022333795461,0.0435026383264957,0.136873694566764,70,29.8417528941644,180,193.362657963834,15.8783434264878,0,0
"37",1970.00273972603,131.272648205828,2768.75634766923,0,0,815.668572233316,6657.58059580891,0,0.334022333795461,0.0435026383264957,0.136873694566764,70,29.8417528941644,180,193.362657963834,15.8783434264878,0,0
"38",1970.00273972603,131.272648205828,2768.75634766923,0,0,815.668572233316,6657.58059580891,0,0.334022333795461,0.0435026383264957,0.136873694566764,70,29.8417528941644,180,193.362657963834,15.8783434264878,0,0
"39",1970.00273972603,131.272648205828,2768.75634766923,0,0,815.668572233316,6657.58059580891,0,0.334022333795461,0.0435026383264957,0.136873694566764,70,29.8417528941644,180,193.362657963834,15.8783434264878,0,0
"40",1970.00273972603,131.272648205828,2768.75634766923,0,0,815.668572233316,6657.58059580891,0,0.334022333795461,0.0435026383264957,0.136873694566764,70,29.8417528941644,180,193.362657963834,15.8783434264878,0,0
"41",1970.00273972603,131.272648205828,2768.75634766923,0,0,815.668572233316,6657.58059580891,0,0.334022333795461,0.0435026383264957,0.136873694566764,70,29.8417528941644,180,193.362657963834,15.8783434264878,0,0
"42",1970.20273972603,127.016355058668,2769.84003156952,0,0,803.945269965562,6659.37182144399,0,24.7030563712783,3.21611188519169,10.0689503272424,70,33.0143621410296,180,203.29473459651,15.8426371269515,0,0
"43",1970.20273972603,155.016355058668,2776.84003156952,0,0,893.945269965562,6659.37182144399,0,24.7030563712783,3.21611188519169,10.0689503272424,105,33.0143621410296,270,203.29473459651,15.8826460889186,0,0
"44",1970.20273972603,155.016355058668,2776.84003156952,0,0,893.945269965562,6659.37182144399,0,24.7030563712783,3.21611188519169,10.0689503272424,105,33.0143621410296,270,203.29473459651,15.8826460889186,0,0
"45",1970.20273972603,155.016355058668,2776.84003156952,0,0,893.945269965562,6659.37182144399,0,24.7030563712783,3.21611188519169,10.0689503272424,105,33.0143621410296,270,203.29473459651,15.8826460889186,0,0
"46",1970.20273972603,155.016355058668,2776.84003156952,0,0,893.945269965562,6659.37182144399,0,24.7030563712783,3.21611188519169,10.0689503272424,105,33.0143621410296,270,203.29473459651,15.8826460889186,0,0
"47",1970.20273972603,155.016355058668,2776.84003156952,0,0,893.945269965562,6659.37182144399,0,24.7030563712783,3.21611188519169,10.0689503272424,105,33.0143621410296,270,203.29473459651,15.8826460889186,0,0
"48",1970.20273972603,155.016355058668,2776.84003156952,0,0,893.945269965562,6659.37182144399,0,24.7030563712783,3.21611188519169,10.0689503272424,105,33.0143621410296,270,203.29473459651,15.8826460889186,0,0
"49",1971,130.818393020699,2788.37566599945,0,0,833.511780144824,6678.16945538741,0,122.301517701373,15.8784394932339,51.7048062045567,105,45.6766897490718,270,244.930590473824,15.9756352634866,0,0
"50",1971,130.818393020699,2788.37566599945,0,0,833.511780144824,6678.16945538741,0,0,0,0,105,45.6766897490718,270,244.930590473824,15.9756352634866,0,0
"51",1971,130.818393020699,2788.37566599945,0,0,833.511780144824,6678.16945538741,0,0,0,0,105,45.6766897490718,270,244.930590473824,15.9756352634866,0,0
"52",1971.00273972603,130.757998827561,2788.39229663382,0,0,833.34435407398,6678.21070405813,0,0.209527784410509,0.0437635587740289,0.126177400122952,105,45.7204533078459,270,245.056767873947,15.9717476218699,0,0
"53",1971.00273972603,130.757998827561,2788.39229663382,0,0,833.34435407398,6678.21070405813,0,0.209527784410509,0.0437635587740289,0.126177400122952,105,45.7204533078459,270,245.056767873947,15.9717476218699,0,0
"54",1971.00273972603,130.757998827561,2788.39229663382,0,0,833.34435407398,6678.21070405813,0,0.209527784410509,0.0437635587740289,0.126177400122952,105,45.7204533078459,270,245.056767873947,15.9717476218699,0,0
"55",1971.00273972603,130.757998827561,2788.39229663382,0,0,833.34435407398,6678.21070405813,0,0.209527784410509,0.0437635587740289,0.126177400122952,105,45.7204533078459,270,245.056767873947,15.9717476218699,0,0
"56",1971.00273972603,130.757998827561,2788.39229663382,0,0,833.34435407398,6678.21070405813,0,0.209527784410509,0.0437635587740289,0.126177400122952,105,45.7204533078459,270,245.056767873947,15.9717476218699,0,0
"57",1971.00273972603,130.757998827561,2788.39229663382,0,0,833.34435407398,6678.21070405813,0,0.209527784410509,0.0437635587740289,0.126177400122952,105,45.7204533078459,270,245.056767873947,15.9717476218699,0,0
"58",1971.20273972603,126.700679219769,2789.2826360841,0,0,821.520779661906,6680.8668180832,0,15.5047335241335,3.21074371627803,9.29363778712871,105,48.8874334653499,270,254.224228260953,15.7030369983155,0,0
"59",1971.20273972603,154.700679219769,2796.2826360841,0,0,911.520779661906,6680.8668180832,0,15.5047335241335,3.21074371627803,9.29363778712871,140,48.8874334653499,360,254.224228260953,17.2550244510883,0,0
"60",1971.20273972603,154.700679219769,2796.2826360841,0,0,911.520779661906,6680.8668180832,0,15.5047335241335,3.21074371627803,9.29363778712871,140,48.8874334653499,360,254.224228260953,17.2550244510883,0,0
"61",1971.20273972603,154.700679219769,2796.2826360841,0,0,911.520779661906,6680.8668180832,0,15.5047335241335,3.21074371627803,9.29363778712871,140,48.8874334653499,360,254.224228260953,17.2550244510883,0,0
"62",1971.20273972603,154.700679219769,2796.2826360841,0,0,911.520779661906,6680.8668180832,0,15.5047335241335,3.21074371627803,9.29363778712871,140,48.8874334653499,360,254.224228260953,17.2550244510883,0,0
"63",1971.20273972603,154.700679219769,2796.2826360841,0,0,911.520779661906,6680.8668180832,0,15.5047335241335,3.21074371627803,9.29363778712871,140,48.8874334653499,360,254.224228260953,17.2550244510883,0,0
"64",1971.20273972603,154.700679219769,2796.2826360841,0,0,911.520779661906,6680.8668180832,0,15.5047335241335,3.21074371627803,9.29363778712871,140,48.8874334653499,360,254.224228260953,17.2550244510883,0,0
"65",1972,130.645471872122,2807.11746343884,0,0,851.309017349487,6703.08125305245,0,76.4795511435476,16.4311237091866,47.2909651302965,140,62.1078134582584,360,292.221555604121,12.5436807949516,0,0
"66",1972,130.645471872122,2807.11746343884,0,0,851.309017349487,6703.08125305245,0,0,0,0,140,62.1078134582584,360,292.221555604121,12.5436807949516,0,0
"67",1972,130.645471872122,2807.11746343884,0,0,851.309017349487,6703.08125305245,0,0,0,0,140,62.1078134582584,360,292.221555604121,12.5436807949516,0,0
"68",1972.00273972603,130.596538290124,2807.13203563406,0,0,850.880214852004,6703.13402860703,0,0.191525209835796,0.0343613867743237,0.376026942902184,140,62.1421748450328,360,292.597582547023,12.5401179573446,0,0
"69",1972.00273972603,130.596538290124,2807.13203563406,0,0,850.880214852004,6703.13402860703,0,0.191525209835796,0.0343613867743237,0.376026942902184,140,62.1421748450328,360,292.597582547023,12.5401179573446,0,0
"70",1972.00273972603,130.596538290124,2807.13203563406,0,0,850.880214852004,6703.13402860703,0,0.191525209835796,0.0343613867743237,0.376026942902184,140,62.1421748450328,360,292.597582547023,12.5401179573446,0,0
"71",1972.00273972603,130.596538290124,2807.13203563406,0,0,850.880214852004,6703.13402860703,0,0.191525209835796,0.0343613867743237,0.376026942902184,140,62.1421748450328,360,292.597582547023,12.5401179573446,0,0
"72",1972.00273972603,130.596538290124,2807.13203563406,0,0,850.880214852004,6703.13402860703,0,0.191525209835796,0.0343613867743237,0.376026942902184,140,62.1421748450328,360,292.597582547023,12.5401179573446,0,0
"73",1972.00273972603,130.596538290124,2807.13203563406,0,0,850.880214852004,6703.13402860703,0,0.191525209835796,0.0343613867743237,0.376026942902184,140,62.1421748450328,360,292.597582547023,12.5401179573446,0,0
"74",1972.20273972603,127.31186631684,2807.93343349595,0,0,820.773035589391,6706.09372844444,0,14.1611425862922,2.51763549817811,27.5235063681044,140,64.6254489564365,360,319.745061972225,12.2986267364479,0,0
"75",1972.20273972603,155.31186631684,2814.93343349595,0,0,910.773035589391,6706.09372844444,0,14.1611425862922,2.51763549817811,27.5235063681044,175,64.6254489564365,450,319.745061972225,14.2096097014591,0,0
"76",1972.20273972603,155.31186631684,2814.93343349595,0,0,910.773035589391,6706.09372844444,0,14.1611425862922,2.51763549817811,27.5235063681044,175,64.6254489564365,450,319.745061972225,14.2096097014591,0,0
"77",1972.20273972603,155.31186631684,2814.93343349595,0,0,910.773035589391,6706.09372844444,0,14.1611425862922,2.51763549817811,27.5235063681044,175,64.6254489564365,450,319.745061972225,14.2096097014591,0,0
"78",1972.20273972603,155.31186631684,2814.93343349595,0,0,910.773035589391,6706.09372844444,0,14.1611425862922,2.51763549817811,27.5235063681044,175,64.6254489564365,450,319.745061972225,14.2096097014591,0,0
"79",1972.20273972603,155.31186631684,2814.93343349595,0,0,910.773035589391,6706.09372844444,0,14.1611425862922,2.51763549817811,27.5235063681044,175,64.6254489564365,450,319.745061972225,14.2096097014591,0,0
"80",1972.20273972603,155.31186631684,2814.93343349595,0,0,910.773035589391,6706.09372844444,0,14.1611425862922,2.51763549817811,27.5235063681044,175,64.6254489564365,450,319.745061972225,14.2096097014591,0,0
"81",1973,133.261885591416,2826.29518432943,0,0,787.893041308408,6720.00863523783,0,70.1457684265055,13.2058653901139,136.488593855702,175,75.3136788483724,450,428.710149459823,16.3408501264344,0,0
"82",1973,133.261885591416,2826.29518432943,0,0,787.893041308408,6720.00863523783,0,0,0,0,175,75.3136788483724,450,428.710149459823,16.3408501264344,0,0
"83",1973,133.261885591416,2826.29518432943,0,0,787.893041308408,6720.00863523783,0,0,0,0,175,75.3136788483724,450,428.710149459823,16.3408501264344,0,0
"84",1973.00273972603,133.198883775111,2826.31341740761,0,0,787.757518641072,6720.01043684279,0,0.34194767134841,0.0447687381306585,0.133721062374156,175,75.358447586503,450,428.843870522197,16.340345485831,0,0
"85",1973.00273972603,133.198883775111,2826.31341740761,0,0,787.757518641072,6720.01043684279,0,0.34194767134841,0.0447687381306585,0.133721062374156,175,75.358447586503,450,428.843870522197,16.340345485831,0,0
"86",1973.00273972603,133.198883775111,2826.31341740761,0,0,787.757518641072,6720.01043684279,0,0.34194767134841,0.0447687381306585,0.133721062374156,175,75.358447586503,450,428.843870522197,16.340345485831,0,0
"87",1973.00273972603,133.198883775111,2826.31341740761,0,0,787.757518641072,6720.01043684279,0,0.34194767134841,0.0447687381306585,0.133721062374156,175,75.358447586503,450,428.843870522197,16.340345485831,0,0
"88",1973.00273972603,133.198883775111,2826.31341740761,0,0,787.757518641072,6720.01043684279,0,0.34194767134841,0.0447687381306585,0.133721062374156,175,75.358447586503,450,428.843870522197,16.340345485831,0,0
"89",1973.00273972603,133.198883775111,2826.31341740761,0,0,787.757518641072,6720.01043684279,0,0.34194767134841,0.0447687381306585,0.133721062374156,175,75.358447586503,450,428.843870522197,16.340345485831,0,0
"90",1973.20273972603,128.943571896894,2827.30539634991,0,0,778.194202660428,6719.86249720796,0,25.2895116978554,3.30810167403984,9.84497667785719,175,78.6217805224122,450,438.55512613768,16.2884758845961,0,0
"91",1973.20273972603,156.943571896894,2834.30539634991,0,0,868.194202660428,6719.86249720796,0,25.2895116978554,3.30810167403984,9.84497667785719,210,78.6217805224122,540,438.55512613768,16.3571715085628,0,0
"92",1973.20273972603,156.943571896894,2834.30539634991,0,0,868.194202660428,6719.86249720796,0,25.2895116978554,3.30810167403984,9.84497667785719,210,78.6217805224122,540,438.55512613768,16.3571715085628,0,0
"93",1973.20273972603,156.943571896894,2834.30539634991,0,0,868.194202660428,6719.86249720796,0,25.2895116978554,3.30810167403984,9.84497667785719,210,78.6217805224122,540,438.55512613768,16.3571715085628,0,0
"94",1973.20273972603,156.943571896894,2834.30539634991,0,0,868.194202660428,6719.86249720796,0,25.2895116978554,3.30810167403984,9.84497667785719,210,78.6217805224122,540,438.55512613768,16.3571715085628,0,0
"95",1973.20273972603,156.943571896894,2834.30539634991,0,0,868.194202660428,6719.86249720796,0,25.2895116978554,3.30810167403984,9.84497667785719,210,78.6217805224122,540,438.55512613768,16.3571715085628,0,0
"96",1973.20273972603,156.943571896894,2834.30539634991,0,0,868.194202660428,6719.86249720796,0,25.2895116978554,3.30810167403984,9.84497667785719,210,78.6217805224122,540,438.55512613768,16.3571715085628,0,0
"97",1974,132.731825338674,2845.47763262705,0,0,814.899358809065,6732.13826460363,0,125.347229155834,16.3476119551223,50.8640531335449,210,91.6612908034947,540,479.574202593368,16.0381124845568,0,0
"98",1974,132.731825338674,2845.47763262705,0,0,814.899358809065,6732.13826460363,0,0,0,0,210,91.6612908034947,540,479.574202593368,16.0381124845568,0,0
"99",1974,132.731825338674,2845.47763262705,0,0,814.899358809065,6732.13826460363,0,0,0,0,210,91.6612908034947,540,479.574202593368,16.0381124845568,0,0
"100",1974.00273972603,132.672504496072,2845.49301843175,0,0,814.75354871549,6732.16005268107,0,0.207997514897288,0.0439350379023293,0.124022016139509,210,91.7052258413971,540,479.698224609508,16.0344509316859,0,0
"101",1974.00273972603,132.672504496072,2845.49301843175,0,0,814.75354871549,6732.16005268107,0,0.207997514897288,0.0439350379023293,0.124022016139509,210,91.7052258413971,540,479.698224609508,16.0344509316859,0,0
"102",1974.00273972603,132.672504496072,2845.49301843175,0,0,814.75354871549,6732.16005268107,0,0.207997514897288,0.0439350379023293,0.124022016139509,210,91.7052258413971,540,479.698224609508,16.0344509316859,0,0
"103",1974.00273972603,132.672504496072,2845.49301843175,0,0,814.75354871549,6732.16005268107,0,0.207997514897288,0.0439350379023293,0.124022016139509,210,91.7052258413971,540,479.698224609508,16.0344509316859,0,0
"104",1974.00273972603,132.672504496072,2845.49301843175,0,0,814.75354871549,6732.16005268107,0,0.207997514897288,0.0439350379023293,0.124022016139509,210,91.7052258413971,540,479.698224609508,16.0344509316859,0,0
"105",1974.00273972603,132.672504496072,2845.49301843175,0,0,814.75354871549,6732.16005268107,0,0.207997514897288,0.0439350379023293,0.124022016139509,210,91.7052258413971,540,479.698224609508,16.0344509316859,0,0
"106",1974.20273972603,128.686030342335,2846.29840176367,0,0,804.453683296925,6733.44480552823,0,15.3914104131354,3.22502585971776,9.13913458753824,210,94.8863166632125,540,488.713337180906,15.7810551315959,0,0
"107",1974.20273972603,156.686030342335,2853.29840176367,0,0,894.453683296925,6733.44480552823,0,15.3914104131354,3.22502585971776,9.13913458753824,245,94.8863166632125,630,488.713337180906,17.2551621887614,0,0
"108",1974.20273972603,156.686030342335,2853.29840176367,0,0,894.453683296925,6733.44480552823,0,15.3914104131354,3.22502585971776,9.13913458753824,245,94.8863166632125,630,488.713337180906,17.2551621887614,0,0
"109",1974.20273972603,156.686030342335,2853.29840176367,0,0,894.453683296925,6733.44480552823,0,15.3914104131354,3.22502585971776,9.13913458753824,245,94.8863166632125,630,488.713337180906,17.2551621887614,0,0
"110",1974.20273972603,156.686030342335,2853.29840176367,0,0,894.453683296925,6733.44480552823,0,15.3914104131354,3.22502585971776,9.13913458753824,245,94.8863166632125,630,488.713337180906,17.2551621887614,0,0
"111",1974.20273972603,156.686030342335,2853.29840176367,0,0,894.453683296925,6733.44480552823,0,15.3914104131354,3.22502585971776,9.13913458753824,245,94.8863166632125,630,488.713337180906,17.2551621887614,0,0
"112",1974.20273972603,156.686030342335,2853.29840176367,0,0,894.453683296925,6733.44480552823,0,15.3914104131354,3.22502585971776,9.13913458753824,245,94.8863166632125,630,488.713337180906,17.2551621887614,0,0
"113",1975,132.837063249267,2863.89166569544,0,0,839.339796168494,6751.05178499868,0,75.9236720327638,16.4807290210189,46.6460422455196,245,108.142019824514,630,526.220244838887,12.4667806158672,0,0
"114",1975,132.837063249267,2863.89166569544,0,0,839.339796168494,6751.05178499868,0,0,0,0,245,108.142019824514,630,526.220244838887,12.4667806158672,0,0
"115",1975,132.837063249267,2863.89166569544,0,0,839.339796168494,6751.05178499868,0,0,0,0,245,108.142019824514,630,526.220244838887,12.4667806158672,0,0
"116",1975.00273972603,132.788978092839,2863.90559972411,0,0,838.939034879871,6751.09084016522,0,0.179666219644632,0.0341511277511423,0.361706122086661,245,108.176170952265,630,526.581950960974,12.4635277844209,0,0
"117",1975.00273972603,132.788978092839,2863.90559972411,0,0,838.939034879871,6751.09084016522,0,0.179666219644632,0.0341511277511423,0.361706122086661,245,108.176170952265,630,526.581950960974,12.4635277844209,0,0
"118",1975.00273972603,132.788978092839,2863.90559972411,0,0,838.939034879871,6751.09084016522,0,0.179666219644632,0.0341511277511423,0.361706122086661,245,108.176170952265,630,526.581950960974,12.4635277844209,0,0
"119",1975.00273972603,132.788978092839,2863.90559972411,0,0,838.939034879871,6751.09084016522,0,0.179666219644632,0.0341511277511423,0.361706122086661,245,108.176170952265,630,526.581950960974,12.4635277844209,0,0
"120",1975.00273972603,132.788978092839,2863.90559972411,0,0,838.939034879871,6751.09084016522,0,0.179666219644632,0.0341511277511423,0.361706122086661,245,108.176170952265,630,526.581950960974,12.4635277844209,0,0
"121",1975.00273972603,132.788978092839,2863.90559972411,0,0,838.939034879871,6751.09084016522,0,0.179666219644632,0.0341511277511423,0.361706122086661,245,108.176170952265,630,526.581950960974,12.4635277844209,0,0
"122",1975.20273972603,129.559535234283,2864.66496186884,0,0,810.774718960631,6753.10936364154,0,13.2878282991405,2.50423184158317,26.5074985650059,245,110.646251666097,630,552.727743403893,12.2426338076248,0,0
"123",1975.20273972603,157.559535234283,2871.66496186884,0,0,900.774718960631,6753.10936364154,0,13.2878282991405,2.50423184158317,26.5074985650059,280,110.646251666097,720,552.727743403893,13.998547955848,0,0
"124",1975.20273972603,157.559535234283,2871.66496186884,0,0,900.774718960631,6753.10936364154,0,13.2878282991405,2.50423184158317,26.5074985650059,280,110.646251666097,720,552.727743403893,13.998547955848,0,0
"125",1975.20273972603,157.559535234283,2871.66496186884,0,0,900.774718960631,6753.10936364154,0,13.2878282991405,2.50423184158317,26.5074985650059,280,110.646251666097,720,552.727743403893,13.998547955848,0,0
"126",1975.20273972603,157.559535234283,2871.66496186884,0,0,900.774718960631,6753.10936364154,0,13.2878282991405,2.50423184158317,26.5074985650059,280,110.646251666097,720,552.727743403893,13.998547955848,0,0
"127",1975.20273972603,157.559535234283,2871.66496186884,0,0,900.774718960631,6753.10936364154,0,13.2878282991405,2.50423184158317,26.5074985650059,280,110.646251666097,720,552.727743403893,13.998547955848,0,0
"128",1975.20273972603,157.559535234283,2871.66496186884,0,0,900.774718960631,6753.10936364154,0,13.2878282991405,2.50423184158317,26.5074985650059,280,110.646251666097,720,552.727743403893,13.998547955848,0,0
"129",1976,135.697811544368,2882.94497111461,0,0,784.341488592702,6764.32842484927,0,65.7199435352073,13.085946285722,131.721667725206,280,121.227966110236,720,657.941912564093,16.8012720582262,0,0
"130",1976,135.697811544368,2882.94497111461,0,0,784.341488592702,6764.32842484927,0,0,0,0,280,121.227966110236,720,657.941912564093,16.8012720582262,0,0
"131",1976,135.697811544368,2882.94497111461,0,0,784.341488592702,6764.32842484927,0,0,0,0,280,121.227966110236,720,657.941912564093,16.8012720582262,0,0
"132",1976.00273972603,135.633670678645,2882.96308206524,0,0,784.212664757983,6764.32340720198,0,0.350602740759791,0.0460299151022378,0.133841482008614,280,121.273996025338,720,658.075754046102,16.8005822013383,0,0
"133",1976.00273972603,135.633670678645,2882.96308206524,0,0,784.212664757983,6764.32340720198,0,0.350602740759791,0.0460299151022378,0.133841482008614,280,121.273996025338,720,658.075754046102,16.8005822013383,0,0
"134",1976.00273972603,135.633670678645,2882.96308206524,0,0,784.212664757983,6764.32340720198,0,0.350602740759791,0.0460299151022378,0.133841482008614,280,121.273996025338,720,658.075754046102,16.8005822013383,0,0
"135",1976.00273972603,135.633670678645,2882.96308206524,0,0,784.212664757983,6764.32340720198,0,0.350602740759791,0.0460299151022378,0.133841482008614,280,121.273996025338,720,658.075754046102,16.8005822013383,0,0
"136",1976.00273972603,135.633670678645,2882.96308206524,0,0,784.212664757983,6764.32340720198,0,0.350602740759791,0.0460299151022378,0.133841482008614,280,121.273996025338,720,658.075754046102,16.8005822013383,0,0
"137",1976.00273972603,135.633670678645,2882.96308206524,0,0,784.212664757983,6764.32340720198,0,0.350602740759791,0.0460299151022378,0.133841482008614,280,121.273996025338,720,658.075754046102,16.8005822013383,0,0
"138",1976.20273972603,131.302481006604,2883.9401817386,0,0,775.121208114942,6763.69311561749,0,25.92924264585,3.40011991377896,9.85558970954009,280,124.628086024015,720,667.797502273633,16.7361060692569,0,0
"139",1976.20273972603,159.302481006604,2890.9401817386,0,0,865.121208114942,6763.69311561749,0,25.92924264585,3.40011991377896,9.85558970954009,315,124.628086024015,810,667.797502273633,16.8316969282069,0,0
"140",1976.20273972603,159.302481006604,2890.9401817386,0,0,865.121208114942,6763.69311561749,0,25.92924264585,3.40011991377896,9.85558970954009,315,124.628086024015,810,667.797502273633,16.8316969282069,0,0
"141",1976.20273972603,159.302481006604,2890.9401817386,0,0,865.121208114942,6763.69311561749,0,25.92924264585,3.40011991377896,9.85558970954009,315,124.628086024015,810,667.797502273633,16.8316969282069,0,0
"142",1976.20273972603,159.302481006604,2890.9401817386,0,0,865.121208114942,6763.69311561749,0,25.92924264585,3.40011991377896,9.85558970954009,315,124.628086024015,810,667.797502273633,16.8316969282069,0,0
"143",1976.20273972603,159.302481006604,2890.9401817386,0,0,865.121208114942,6763.69311561749,0,25.92924264585,3.40011991377896,9.85558970954009,315,124.628086024015,810,667.797502273633,16.8316969282069,0,0
"144",1976.20273972603,159.302481006604,2890.9401817386,0,0,865.121208114942,6763.69311561749,0,25.92924264585,3.40011991377896,9.85558970954009,315,124.628086024015,810,667.797502273633,16.8316969282069,0,0
"145",1977,134.868493323707,2901.95869347121,0,0,813.361229814511,6774.31071284088,0,128.580096463918,16.81559586407,50.9979707865817,315,138.043561974306,810,708.939883350675,16.1059167248793,0,0
"146",1977,134.868493323707,2901.95869347121,0,0,813.361229814511,6774.31071284088,0,0,0,0,315,138.043561974306,810,708.939883350675,16.1059167248793,0,0
"147",1977,134.868493323707,2901.95869347121,0,0,813.361229814511,6774.31071284088,0,0,0,0,315,138.043561974306,810,708.939883350675,16.1059167248793,0,0
"148",1977.00273972603,134.809712107664,2901.97335360684,0,0,813.220940728476,6774.32745025201,0,0.206481190965132,0.044121080406334,0.123551674900672,315,138.087683054712,810,709.063435025575,16.1024585129963,0,0
"149",1977.00273972603,134.809712107664,2901.97335360684,0,0,813.220940728476,6774.32745025201,0,0.206481190965132,0.044121080406334,0.123551674900672,315,138.087683054712,810,709.063435025575,16.1024585129963,0,0
"150",1977.00273972603,134.809712107664,2901.97335360684,0,0,813.220940728476,6774.32745025201,0,0.206481190965132,0.044121080406334,0.123551674900672,315,138.087683054712,810,709.063435025575,16.1024585129963,0,0
"151",1977.00273972603,134.809712107664,2901.97335360684,0,0,813.220940728476,6774.32745025201,0,0.206481190965132,0.044121080406334,0.123551674900672,315,138.087683054712,810,709.063435025575,16.1024585129963,0,0
"152",1977.00273972603,134.809712107664,2901.97335360684,0,0,813.220940728476,6774.32745025201,0,0.206481190965132,0.044121080406334,0.123551674900672,315,138.087683054712,810,709.063435025575,16.1024585129963,0,0
"153",1977.00273972603,134.809712107664,2901.97335360684,0,0,813.220940728476,6774.32745025201,0,0.206481190965132,0.044121080406334,0.123551674900672,315,138.087683054712,810,709.063435025575,16.1024585129963,0,0
"154",1977.20273972603,130.858238821471,2902.72873023324,0,0,803.309824909914,6775.25609787313,0,15.2792665176128,3.24021774020459,9.10601987234352,315,141.28377971451,810,718.045903223018,15.8627247127627,0,0
"155",1977.20273972603,158.858238821471,2909.72873023324,0,0,893.309824909914,6775.25609787313,0,15.2792665176128,3.24021774020459,9.10601987234352,350,141.28377971451,900,718.045903223018,17.2529281414868,0,0
"156",1977.20273972603,158.858238821471,2909.72873023324,0,0,893.309824909914,6775.25609787313,0,15.2792665176128,3.24021774020459,9.10601987234352,350,141.28377971451,900,718.045903223018,17.2529281414868,0,0
"157",1977.20273972603,158.858238821471,2909.72873023324,0,0,893.309824909914,6775.25609787313,0,15.2792665176128,3.24021774020459,9.10601987234352,350,141.28377971451,900,718.045903223018,17.2529281414868,0,0
"158",1977.20273972603,158.858238821471,2909.72873023324,0,0,893.309824909914,6775.25609787313,0,15.2792665176128,3.24021774020459,9.10601987234352,350,141.28377971451,900,718.045903223018,17.2529281414868,0,0
"159",1977.20273972603,158.858238821471,2909.72873023324,0,0,893.309824909914,6775.25609787313,0,15.2792665176128,3.24021774020459,9.10601987234352,350,141.28377971451,900,718.045903223018,17.2529281414868,0,0
"160",1977.20273972603,158.858238821471,2909.72873023324,0,0,893.309824909914,6775.25609787313,0,15.2792665176128,3.24021774020459,9.10601987234352,350,141.28377971451,900,718.045903223018,17.2529281414868,0,0
"161",1978,135.122001066362,2920.1762406612,0,0,839.511400282835,6791.66520926137,0,75.3691034954116,16.5289450673536,46.4953331111856,350,154.572507041659,900,755.43521646186,12.3279394169919,0,0
"162",1978,135.122001066362,2920.1762406612,0,0,839.511400282835,6791.66520926137,0,0,0,0,350,154.572507041659,900,755.43521646186,12.3279394169919,0,0
"163",1978,135.122001066362,2920.1762406612,0,0,839.511400282835,6791.66520926137,0,0,0,0,350,154.572507041659,900,755.43521646186,12.3279394169919,0,0
"164",1978.00273972603,135.074695753036,2920.18977476784,0,0,839.127252762218,6791.70069619988,0,0.167443280429074,0.033771206687735,0.348660582097245,350,154.606278248347,900,755.783877043958,12.3250263767473,0,0
"165",1978.00273972603,135.074695753036,2920.18977476784,0,0,839.127252762218,6791.70069619988,0,0.167443280429074,0.033771206687735,0.348660582097245,350,154.606278248347,900,755.783877043958,12.3250263767473,0,0
"166",1978.00273972603,135.074695753036,2920.18977476784,0,0,839.127252762218,6791.70069619988,0,0.167443280429074,0.033771206687735,0.348660582097245,350,154.606278248347,900,755.783877043958,12.3250263767473,0,0
"167",1978.00273972603,135.074695753036,2920.18977476784,0,0,839.127252762218,6791.70069619988,0,0.167443280429074,0.033771206687735,0.348660582097245,350,154.606278248347,900,755.783877043958,12.3250263767473,0,0
"168",1978.00273972603,135.074695753036,2920.18977476784,0,0,839.127252762218,6791.70069619988,0,0.167443280429074,0.033771206687735,0.348660582097245,350,154.606278248347,900,755.783877043958,12.3250263767473,0,0
"169",1978.00273972603,135.074695753036,2920.18977476784,0,0,839.127252762218,6791.70069619988,0,0.167443280429074,0.033771206687735,0.348660582097245,350,154.606278248347,900,755.783877043958,12.3250263767473,0,0
"170",1978.20273972603,131.895695329837,2920.92406547209,0,0,812.097665855076,6793.49309491792,0,12.386978271268,2.47848092563272,25.5858487712058,350,157.050987967292,900,781.021065233066,12.1267134801464,0,0
"171",1978.20273972603,159.895695329837,2927.92406547209,0,0,902.097665855076,6793.49309491792,0,12.386978271268,2.47848092563272,25.5858487712058,385,157.050987967292,990,781.021065233066,13.7005238892384,0,0
"172",1978.20273972603,159.895695329837,2927.92406547209,0,0,902.097665855076,6793.49309491792,0,12.386978271268,2.47848092563272,25.5858487712058,385,157.050987967292,990,781.021065233066,13.7005238892384,0,0
"173",1978.20273972603,159.895695329837,2927.92406547209,0,0,902.097665855076,6793.49309491792,0,12.386978271268,2.47848092563272,25.5858487712058,385,157.050987967292,990,781.021065233066,13.7005238892384,0,0
"174",1978.20273972603,159.895695329837,2927.92406547209,0,0,902.097665855076,6793.49309491792,0,12.386978271268,2.47848092563272,25.5858487712058,385,157.050987967292,990,781.021065233066,13.7005238892384,0,0
"175",1978.20273972603,159.895695329837,2927.92406547209,0,0,902.097665855076,6793.49309491792,0,12.386978271268,2.47848092563272,25.5858487712058,385,157.050987967292,990,781.021065233066,13.7005238892384,0,0
"176",1978.20273972603,159.895695329837,2927.92406547209,0,0,902.097665855076,6793.49309491792,0,12.386978271268,2.47848092563272,25.5858487712058,385,157.050987967292,990,781.021065233066,13.7005238892384,0,0
"177",1979,138.218486880482,2939.18683954438,0,0,789.550659384868,6804.43093194146,0,61.170719449087,12.8929153026927,127.195018217878,385,167.465422344352,990,882.630234679739,12.4004282300939,0,0
"178",1979,138.218486880482,2939.18683954438,0,0,789.550659384868,6804.43093194146,0,0,0,0,385,167.465422344352,990,882.630234679739,12.4004282300939,0,0
"179",1979,138.218486880482,2939.18683954438,0,0,789.550659384868,6804.43093194146,0,0,0,0,385,167.465422344352,990,882.630234679739,12.4004282300939,0,0
"180",1979.00273972603,138.166301865673,2939.20505491865,0,0,789.221988572847,6804.42624387646,0,0.163332758219641,0.0339696405476038,0.333358877012819,385,167.499391984899,990,882.963593556752,12.3973945725732,0,0
"181",1979.00273972603,138.166301865673,2939.20505491865,0,0,789.221988572847,6804.42624387646,0,0.163332758219641,0.0339696405476038,0.333358877012819,385,167.499391984899,990,882.963593556752,12.3973945725732,0,0
"182",1979.00273972603,138.166301865673,2939.20505491865,0,0,789.221988572847,6804.42624387646,0,0.163332758219641,0.0339696405476038,0.333358877012819,385,167.499391984899,990,882.963593556752,12.3973945725732,0,0
"183",1979.00273972603,138.166301865673,2939.20505491865,0,0,789.221988572847,6804.42624387646,0,0.163332758219641,0.0339696405476038,0.333358877012819,385,167.499391984899,990,882.963593556752,12.3973945725732,0,0
"184",1979.00273972603,138.166301865673,2939.20505491865,0,0,789.221988572847,6804.42624387646,0,0.163332758219641,0.0339696405476038,0.333358877012819,385,167.499391984899,990,882.963593556752,12.3973945725732,0,0
"185",1979.00273972603,138.166301865673,2939.20505491865,0,0,789.221988572847,6804.42624387646,0,0.163332758219641,0.0339696405476038,0.333358877012819,385,167.499391984899,990,882.963593556752,12.3973945725732,0,0
"186",1979.20273972603,134.658984679355,2940.2540687023,0,0,766.099076164915,6803.40981421156,0,12.0841456722039,2.49227304321111,24.4727009498475,385,169.957695387563,990,907.102935629586,12.1903103767548,0,0
"187",1979.20273972603,162.658984679355,2947.2540687023,0,0,856.099076164915,6803.40981421156,0,12.0841456722039,2.49227304321111,24.4727009498475,420,169.957695387563,1080,907.102935629586,13.668058540584,0,0
"188",1979.20273972603,162.658984679355,2947.2540687023,0,0,856.099076164915,6803.40981421156,0,12.0841456722039,2.49227304321111,24.4727009498475,420,169.957695387563,1080,907.102935629586,13.668058540584,0,0
"189",1979.20273972603,162.658984679355,2947.2540687023,0,0,856.099076164915,6803.40981421156,0,12.0841456722039,2.49227304321111,24.4727009498475,420,169.957695387563,1080,907.102935629586,13.668058540584,0,0
"190",1979.20273972603,162.658984679355,2947.2540687023,0,0,856.099076164915,6803.40981421156,0,12.0841456722039,2.49227304321111,24.4727009498475,420,169.957695387563,1080,907.102935629586,13.668058540584,0,0
"191",1979.20273972603,162.658984679355,2947.2540687023,0,0,856.099076164915,6803.40981421156,0,12.0841456722039,2.49227304321111,24.4727009498475,420,169.957695387563,1080,907.102935629586,13.668058540584,0,0
"192",1979.20273972603,162.658984679355,2947.2540687023,0,0,856.099076164915,6803.40981421156,0,12.0841456722039,2.49227304321111,24.4727009498475,420,169.957695387563,1080,907.102935629586,13.668058540584,0,0
"193",1980,140.134006468216,2959.37669539735,0,0,756.369389159953,6805.27972038356,0,59.6351550173921,12.8946245592965,122.332481782806,420,180.360046903648,1080,1004.96271646255,16.3347214777981,0,0
"194",1980,140.134006468216,2959.37669539735,0,0,756.369389159953,6805.27972038356,0,0,0,0,420,180.360046903648,1080,1004.96271646255,16.3347214777981,0,0
"195",1980,140.134006468216,2959.37669539735,0,0,756.369389159953,6805.27972038356,0,0,0,0,420,180.360046903648,1080,1004.96271646255,16.3347214777981,0,0
"196",1980.00273972603,140.068927168269,2959.39702674478,0,0,756.282554746592,6805.24912678354,0,0.204880693430939,0.0447479525239352,0.117428013380532,420,180.404794856172,1080,1005.08014447593,16.3312718649039,0,0
"197",1980.00273972603,140.068927168269,2959.39702674478,0,0,756.282554746592,6805.24912678354,0,0.204880693430939,0.0447479525239352,0.117428013380532,420,180.404794856172,1080,1005.08014447593,16.3312718649039,0,0
"198",1980.00273972603,140.068927168269,2959.39702674478,0,0,756.282554746592,6805.24912678354,0,0.204880693430939,0.0447479525239352,0.117428013380532,420,180.404794856172,1080,1005.08014447593,16.3312718649039,0,0
"199",1980.00273972603,140.068927168269,2959.39702674478,0,0,756.282554746592,6805.24912678354,0,0.204880693430939,0.0447479525239352,0.117428013380532,420,180.404794856172,1080,1005.08014447593,16.3312718649039,0,0
"200",1980.00273972603,140.068927168269,2959.39702674478,0,0,756.282554746592,6805.24912678354,0,0.204880693430939,0.0447479525239352,0.117428013380532,420,180.404794856172,1080,1005.08014447593,16.3312718649039,0,0
"201",1980.00273972603,140.068927168269,2959.39702674478,0,0,756.282554746592,6805.24912678354,0,0.204880693430939,0.0447479525239352,0.117428013380532,420,180.404794856172,1080,1005.08014447593,16.3312718649039,0,0
"202",1980.20273972603,135.692574054734,2960.53158586346,0,0,750.139542386887,6802.8442431676,0,15.1606098391407,3.28654194737328,8.66532398902709,420,183.646588851022,1080,1013.62804045157,16.090320360831,0,0
"203",1980.20273972603,163.692574054734,2967.53158586346,0,0,840.139542386887,6802.8442431676,0,15.1606098391407,3.28654194737328,8.66532398902709,455,183.646588851022,1170,1013.62804045157,17.326433103144,0,0
"204",1980.20273972603,163.692574054734,2967.53158586346,0,0,840.139542386887,6802.8442431676,0,15.1606098391407,3.28654194737328,8.66532398902709,455,183.646588851022,1170,1013.62804045157,17.326433103144,0,0
"205",1980.20273972603,163.692574054734,2967.53158586346,0,0,840.139542386887,6802.8442431676,0,15.1606098391407,3.28654194737328,8.66532398902709,455,183.646588851022,1170,1013.62804045157,17.326433103144,0,0
"206",1980.20273972603,163.692574054734,2967.53158586346,0,0,840.139542386887,6802.8442431676,0,15.1606098391407,3.28654194737328,8.66532398902709,455,183.646588851022,1170,1013.62804045157,17.326433103144,0,0
"207",1980.20273972603,163.692574054734,2967.53158586346,0,0,840.139542386887,6802.8442431676,0,15.1606098391407,3.28654194737328,8.66532398902709,455,183.646588851022,1170,1013.62804045157,17.326433103144,0,0
"208",1980.20273972603,163.692574054734,2967.53158586346,0,0,840.139542386887,6802.8442431676,0,15.1606098391407,3.28654194737328,8.66532398902709,455,183.646588851022,1170,1013.62804045157,17.326433103144,0,0
"209",1981,138.858293271543,2978.98295747663,0,0,798.895977001979,6808.07942368936,0,74.8058815500831,16.6694511173979,44.6737088521751,455,197.029498021046,1170,1049.63642531472,0,0,0
"210",1982,134.831078033425,2983.01016983796,0,0,798.143342453949,6808.83202979149,0,74.805894920994,16.6694539941801,44.6737372980782,455,197.029500897829,1170,1049.63645376062,11.8268403398568,0,0
"211",1982,134.831078033425,2983.01016983796,0,0,798.143342453949,6808.83202979149,0,0,0,0,455,197.029500897829,1170,1049.63645376062,11.8268403398568,0,0
"212",1982,134.831078033425,2983.01016983796,0,0,798.143342453949,6808.83202979149,0,0,0,0,455,197.029500897829,1170,1049.63645376062,11.8268403398568,0,0
"213",1982.00273972603,134.791477934994,2983.01737052444,0,0,797.821348501147,6808.83365532579,0,0.15060163937767,0.0323994119497444,0.320368418505818,455,197.061900309778,1170,1049.95682217913,11.8247182267682,0,0
"214",1982.00273972603,134.791477934994,2983.01737052444,0,0,797.821348501147,6808.83365532579,0,0.15060163937767,0.0323994119497444,0.320368418505818,455,197.061900309778,1170,1049.95682217913,11.8247182267682,0,0
"215",1982.00273972603,134.791477934994,2983.01737052444,0,0,797.821348501147,6808.83365532579,0,0.15060163937767,0.0323994119497444,0.320368418505818,455,197.061900309778,1170,1049.95682217913,11.8247182267682,0,0
"216",1982.00273972603,134.791477934994,2983.01737052444,0,0,797.821348501147,6808.83365532579,0,0.15060163937767,0.0323994119497444,0.320368418505818,455,197.061900309778,1170,1049.95682217913,11.8247182267682,0,0
"217",1982.00273972603,134.791477934994,2983.01737052444,0,0,797.821348501147,6808.83365532579,0,0.15060163937767,0.0323994119497444,0.320368418505818,455,197.061900309778,1170,1049.95682217913,11.8247182267682,0,0
"218",1982.00273972603,134.791477934994,2983.01737052444,0,0,797.821348501147,6808.83365532579,0,0.15060163937767,0.0323994119497444,0.320368418505818,455,197.061900309778,1170,1049.95682217913,11.8247182267682,0,0
"219",1982.20273972603,132.127215173846,2983.33149695582,0,0,775.133688449137,6808.28962047352,0,11.1441682854853,2.38253574171874,23.5520633227897,455,199.412036639547,1170,1073.18851708341,11.6799285065756,0,0
"220",1982.20273972603,160.127215173846,2990.33149695582,0,0,865.133688449137,6808.28962047352,0,11.1441682854853,2.38253574171874,23.5520633227897,490,199.412036639547,1260,1073.18851708341,13.0030985053717,0,0
"221",1982.20273972603,160.127215173846,2990.33149695582,0,0,865.133688449137,6808.28962047352,0,11.1441682854853,2.38253574171874,23.5520633227897,490,199.412036639547,1260,1073.18851708341,13.0030985053717,0,0
"222",1982.20273972603,160.127215173846,2990.33149695582,0,0,865.133688449137,6808.28962047352,0,11.1441682854853,2.38253574171874,23.5520633227897,490,199.412036639547,1260,1073.18851708341,13.0030985053717,0,0
"223",1982.20273972603,160.127215173846,2990.33149695582,0,0,865.133688449137,6808.28962047352,0,11.1441682854853,2.38253574171874,23.5520633227897,490,199.412036639547,1260,1073.18851708341,13.0030985053717,0,0
"224",1982.20273972603,160.127215173846,2990.33149695582,0,0,865.133688449137,6808.28962047352,0,11.1441682854853,2.38253574171874,23.5520633227897,490,199.412036639547,1260,1073.18851708341,13.0030985053717,0,0
"225",1982.20273972603,160.127215173846,2990.33149695582,0,0,865.133688449137,6808.28962047352,0,11.1441682854853,2.38253574171874,23.5520633227897,490,199.412036639547,1260,1073.18851708341,13.0030985053717,0,0
"226",1983,139.89652450659,3000.5832151509,0,0,767.169656152921,6812.29030216625,0,54.9696152581614,12.3615082138944,117.515413926273,490,209.391009111723,1260,1167.1518676869,16.2531197789359,0,0
"227",1983,139.89652450659,3000.5832151509,0,0,767.169656152921,6812.29030216625,0,0,0,0,490,209.391009111723,1260,1167.1518676869,16.2531197789359,0,0
"228",1983,139.89652450659,3000.5832151509,0,0,767.169656152921,6812.29030216625,0,0,0,0,490,209.391009111723,1260,1167.1518676869,16.2531197789359,0,0
"229",1983.00273972603,139.835919306122,3000.59929557431,0,0,767.07418419439,6812.26750249283,0,0.203395657939568,0.0445247770623122,0.118271631949102,490,209.435533888785,1260,1167.27013931885,16.249955811058,0,0
"230",1983.00273972603,139.835919306122,3000.59929557431,0,0,767.07418419439,6812.26750249283,0,0.203395657939568,0.0445247770623122,0.118271631949102,490,209.435533888785,1260,1167.27013931885,16.249955811058,0,0
"231",1983.00273972603,139.835919306122,3000.59929557431,0,0,767.07418419439,6812.26750249283,0,0.203395657939568,0.0445247770623122,0.118271631949102,490,209.435533888785,1260,1167.27013931885,16.249955811058,0,0
"232",1983.00273972603,139.835919306122,3000.59929557431,0,0,767.07418419439,6812.26750249283,0,0.203395657939568,0.0445247770623122,0.118271631949102,490,209.435533888785,1260,1167.27013931885,16.249955811058,0,0
"233",1983.00273972603,139.835919306122,3000.59929557431,0,0,767.07418419439,6812.26750249283,0,0.203395657939568,0.0445247770623122,0.118271631949102,490,209.435533888785,1260,1167.27013931885,16.249955811058,0,0
"234",1983.00273972603,139.835919306122,3000.59929557431,0,0,767.07418419439,6812.26750249283,0,0.203395657939568,0.0445247770623122,0.118271631949102,490,209.435533888785,1260,1167.27013931885,16.249955811058,0,0
"235",1983.20273972603,135.759424762049,3001.44821103959,0,0,760.322176498323,6810.41188058953,0,15.0507980732796,3.27210385585291,8.72590123132155,490,212.663112967576,1260,1175.87776891822,16.0292859247549,0,0
"236",1983.20273972603,163.759424762049,3008.44821103959,0,0,850.322176498323,6810.41188058953,0,15.0507980732796,3.27210385585291,8.72590123132155,525,212.663112967576,1350,1175.87776891822,17.2331323499188,0,0
"237",1983.20273972603,163.759424762049,3008.44821103959,0,0,850.322176498323,6810.41188058953,0,15.0507980732796,3.27210385585291,8.72590123132155,525,212.663112967576,1350,1175.87776891822,17.2331323499188,0,0
"238",1983.20273972603,163.759424762049,3008.44821103959,0,0,850.322176498323,6810.41188058953,0,15.0507980732796,3.27210385585291,8.72590123132155,525,212.663112967576,1350,1175.87776891822,17.2331323499188,0,0
"239",1983.20273972603,163.759424762049,3008.44821103959,0,0,850.322176498323,6810.41188058953,0,15.0507980732796,3.27210385585291,8.72590123132155,525,212.663112967576,1350,1175.87776891822,17.2331323499188,0,0
"240",1983.20273972603,163.759424762049,3008.44821103959,0,0,850.322176498323,6810.41188058953,0,15.0507980732796,3.27210385585291,8.72590123132155,525,212.663112967576,1350,1175.87776891822,17.2331323499188,0,0
"241",1983.20273972603,163.759424762049,3008.44821103959,0,0,850.322176498323,6810.41188058953,0,15.0507980732796,3.27210385585291,8.72590123132155,525,212.663112967576,1350,1175.87776891822,17.2331323499188,0,0
"242",1984,139.733276603807,3019.13626500655,0,0,807.071178347881,6817.49711633604,0,74.255023207295,16.6101980471295,44.8916636352498,525,226.001207158852,1350,1212.04353132215,0,0,0
"243",1985,136.173320506383,3022.69621545583,0,0,804.590892145049,6819.9773478567,0,74.2550480615607,16.6102036952774,44.8917183174171,525,226.001212807,1350,1212.04358600431,11.4293594714759,0,0
"244",1985,136.173320506383,3022.69621545583,0,0,804.590892145049,6819.9773478567,0,0,0,0,525,226.001212807,1350,1212.04358600431,11.4293594714759,0,0
"245",1985,136.173320506383,3022.69621545583,0,0,804.590892145049,6819.9773478567,0,0,0,0,525,226.001212807,1350,1212.04358600431,11.4293594714759,0,0
"246",1985.00273972603,136.135647148093,3022.7025778238,0,0,804.282104239615,6819.98299763144,0,0.137791951614665,0.0313109903189767,0.30313813069857,525,226.032523797319,1350,1212.34672413501,11.4276570322352,0,0
"247",1985.00273972603,136.135647148093,3022.7025778238,0,0,804.282104239615,6819.98299763144,0,0.137791951614665,0.0313109903189767,0.30313813069857,525,226.032523797319,1350,1212.34672413501,11.4276570322352,0,0
"248",1985.00273972603,136.135647148093,3022.7025778238,0,0,804.282104239615,6819.98299763144,0,0.137791951614665,0.0313109903189767,0.30313813069857,525,226.032523797319,1350,1212.34672413501,11.4276570322352,0,0
"249",1985.00273972603,136.135647148093,3022.7025778238,0,0,804.282104239615,6819.98299763144,0,0.137791951614665,0.0313109903189767,0.30313813069857,525,226.032523797319,1350,1212.34672413501,11.4276570322352,0,0
"250",1985.00273972603,136.135647148093,3022.7025778238,0,0,804.282104239615,6819.98299763144,0,0.137791951614665,0.0313109903189767,0.30313813069857,525,226.032523797319,1350,1212.34672413501,11.4276570322352,0,0
"251",1985.00273972603,136.135647148093,3022.7025778238,0,0,804.282104239615,6819.98299763144,0,0.137791951614665,0.0313109903189767,0.30313813069857,525,226.032523797319,1350,1212.34672413501,11.4276570322352,0,0
"252",1985.20273972603,133.598795243345,3022.96581186336,0,0,782.485212731544,6819.75814856134,0,10.1966044200229,2.30492885550815,22.3248787088669,525,228.306141662508,1350,1234.36846471318,11.3110019100419,0,0
"253",1985.20273972603,161.598795243345,3029.96581186336,0,0,872.485212731544,6819.75814856134,0,10.1966044200229,2.30492885550815,22.3248787088669,560,228.306141662508,1440,1234.36846471318,12.3784728540531,0,0
"254",1985.20273972603,161.598795243345,3029.96581186336,0,0,872.485212731544,6819.75814856134,0,10.1966044200229,2.30492885550815,22.3248787088669,560,228.306141662508,1440,1234.36846471318,12.3784728540531,0,0
"255",1985.20273972603,161.598795243345,3029.96581186336,0,0,872.485212731544,6819.75814856134,0,10.1966044200229,2.30492885550815,22.3248787088669,560,228.306141662508,1440,1234.36846471318,12.3784728540531,0,0
"256",1985.20273972603,161.598795243345,3029.96581186336,0,0,872.485212731544,6819.75814856134,0,10.1966044200229,2.30492885550815,22.3248787088669,560,228.306141662508,1440,1234.36846471318,12.3784728540531,0,0
"257",1985.20273972603,161.598795243345,3029.96581186336,0,0,872.485212731544,6819.75814856134,0,10.1966044200229,2.30492885550815,22.3248787088669,560,228.306141662508,1440,1234.36846471318,12.3784728540531,0,0
"258",1985.20273972603,161.598795243345,3029.96581186336,0,0,872.485212731544,6819.75814856134,0,10.1966044200229,2.30492885550815,22.3248787088669,560,228.306141662508,1440,1234.36846471318,12.3784728540531,0,0
"259",1986,141.789642392281,3040.20136940884,0,0,777.908425748711,6825.53342224371,0,50.2940677162957,11.8785241611004,111.126392009327,560,237.879736968101,1440,1323.16997801364,15.7881349520426,0,0
"260",1986,141.789642392281,3040.20136940884,0,0,777.908425748711,6825.53342224371,0,0,0,0,560,237.879736968101,1440,1323.16997801364,15.7881349520426,0,0
"261",1986,141.789642392281,3040.20136940884,0,0,777.908425748711,6825.53342224371,0,0,0,0,560,237.879736968101,1440,1323.16997801364,15.7881349520426,0,0
"262",1986.00273972603,141.730000650761,3040.2177594298,0,0,777.80703952281,6825.5178003741,0,0.192216822877709,0.0432517205539835,0.117008095515709,560,237.922988688655,1440,1323.28698610916,15.7856134555311,0,0
"263",1986.00273972603,141.730000650761,3040.2177594298,0,0,777.80703952281,6825.5178003741,0,0.192216822877709,0.0432517205539835,0.117008095515709,560,237.922988688655,1440,1323.28698610916,15.7856134555311,0,0
"264",1986.00273972603,141.730000650761,3040.2177594298,0,0,777.80703952281,6825.5178003741,0,0.192216822877709,0.0432517205539835,0.117008095515709,560,237.922988688655,1440,1323.28698610916,15.7856134555311,0,0
"265",1986.00273972603,141.730000650761,3040.2177594298,0,0,777.80703952281,6825.5178003741,0,0.192216822877709,0.0432517205539835,0.117008095515709,560,237.922988688655,1440,1323.28698610916,15.7856134555311,0,0
"266",1986.00273972603,141.730000650761,3040.2177594298,0,0,777.80703952281,6825.5178003741,0,0.192216822877709,0.0432517205539835,0.117008095515709,560,237.922988688655,1440,1323.28698610916,15.7856134555311,0,0
"267",1986.00273972603,141.730000650761,3040.2177594298,0,0,777.80703952281,6825.5178003741,0,0.192216822877709,0.0432517205539835,0.117008095515709,560,237.922988688655,1440,1323.28698610916,15.7856134555311,0,0
"268",1986.20273972603,137.714508545529,3041.09412853471,0,0,770.636752156677,6824.17220163612,0,14.2239756558668,3.18237472088367,8.63289419962803,560,241.062111688984,1440,1331.80287221327,15.6077512805417,0,0
"269",1986.20273972603,165.714508545529,3048.09412853471,0,0,860.636752156677,6824.17220163612,0,14.2239756558668,3.18237472088367,8.63289419962803,595,241.062111688984,1530,1331.80287221327,16.515653080707,0,0
"270",1986.20273972603,165.714508545529,3048.09412853471,0,0,860.636752156677,6824.17220163612,0,14.2239756558668,3.18237472088367,8.63289419962803,595,241.062111688984,1530,1331.80287221327,16.515653080707,0,0
"271",1986.20273972603,165.714508545529,3048.09412853471,0,0,860.636752156677,6824.17220163612,0,14.2239756558668,3.18237472088367,8.63289419962803,595,241.062111688984,1530,1331.80287221327,16.515653080707,0,0
"272",1986.20273972603,165.714508545529,3048.09412853471,0,0,860.636752156677,6824.17220163612,0,14.2239756558668,3.18237472088367,8.63289419962803,595,241.062111688984,1530,1331.80287221327,16.515653080707,0,0
"273",1986.20273972603,165.714508545529,3048.09412853471,0,0,860.636752156677,6824.17220163612,0,14.2239756558668,3.18237472088367,8.63289419962803,595,241.062111688984,1530,1331.80287221327,16.515653080707,0,0
"274",1986.20273972603,165.714508545529,3048.09412853471,0,0,860.636752156677,6824.17220163612,0,14.2239756558668,3.18237472088367,8.63289419962803,595,241.062111688984,1530,1331.80287221327,16.515653080707,0,0
"275",1987,141.927359793342,3058.99555170249,0,0,816.119942394015,6833.06312872874,0,70.1589900444132,16.0681003052831,44.2587768696678,595,253.947837273384,1530,1367.42875488331,15.7668389499455,0,0
"276",1987,141.927359793342,3058.99555170249,0,0,816.119942394015,6833.06312872874,0,0,0,0,595,253.947837273384,1530,1367.42875488331,15.7668389499455,0,0
"277",1987,141.927359793342,3058.99555170249,0,0,816.119942394015,6833.06312872874,0,0,0,0,595,253.947837273384,1530,1367.42875488331,15.7668389499455,0,0
"278",1987.00273972603,141.869205417088,3059.01051257586,0,0,815.985989258896,6833.07665855187,0,0.191710664091566,0.0431935028858945,0.120423311994769,595,253.99103077627,1530,1367.5491781953,15.7644111626619,0,0
"279",1987.00273972603,141.869205417088,3059.01051257586,0,0,815.985989258896,6833.07665855187,0,0.191710664091566,0.0431935028858945,0.120423311994769,595,253.99103077627,1530,1367.5491781953,15.7644111626619,0,0
"280",1987.00273972603,141.869205417088,3059.01051257586,0,0,815.985989258896,6833.07665855187,0,0.191710664091566,0.0431935028858945,0.120423311994769,595,253.99103077627,1530,1367.5491781953,15.7644111626619,0,0
"281",1987.00273972603,141.869205417088,3059.01051257586,0,0,815.985989258896,6833.07665855187,0,0.191710664091566,0.0431935028858945,0.120423311994769,595,253.99103077627,1530,1367.5491781953,15.7644111626619,0,0
"282",1987.00273972603,141.869205417088,3059.01051257586,0,0,815.985989258896,6833.07665855187,0,0.191710664091566,0.0431935028858945,0.120423311994769,595,253.99103077627,1530,1367.5491781953,15.7644111626619,0,0
"283",1987.00273972603,141.869205417088,3059.01051257586,0,0,815.985989258896,6833.07665855187,0,0.191710664091566,0.0431935028858945,0.120423311994769,595,253.99103077627,1530,1367.5491781953,15.7644111626619,0,0
"284",1987.20273972603,137.953400760057,3059.79076186214,0,0,806.518718828785,6833.78492731065,0,14.1865891431796,3.17874887364323,8.87942498332658,595,257.126586147027,1530,1376.30817986664,15.5932144167968,0,0
"285",1987.20273972603,165.953400760057,3066.79076186214,0,0,896.518718828785,6833.78492731065,0,14.1865891431796,3.17874887364323,8.87942498332658,630,257.126586147027,1620,1376.30817986664,16.4826970102717,0,0
"286",1987.20273972603,165.953400760057,3066.79076186214,0,0,896.518718828785,6833.78492731065,0,14.1865891431796,3.17874887364323,8.87942498332658,630,257.126586147027,1620,1376.30817986664,16.4826970102717,0,0
"287",1987.20273972603,165.953400760057,3066.79076186214,0,0,896.518718828785,6833.78492731065,0,14.1865891431796,3.17874887364323,8.87942498332658,630,257.126586147027,1620,1376.30817986664,16.4826970102717,0,0
"288",1987.20273972603,165.953400760057,3066.79076186214,0,0,896.518718828785,6833.78492731065,0,14.1865891431796,3.17874887364323,8.87942498332658,630,257.126586147027,1620,1376.30817986664,16.4826970102717,0,0
"289",1987.20273972603,165.953400760057,3066.79076186214,0,0,896.518718828785,6833.78492731065,0,14.1865891431796,3.17874887364323,8.87942498332658,630,257.126586147027,1620,1376.30817986664,16.4826970102717,0,0
"290",1987.20273972603,165.953400760057,3066.79076186214,0,0,896.518718828785,6833.78492731065,0,14.1865891431796,3.17874887364323,8.87942498332658,630,257.126586147027,1620,1376.30817986664,16.4826970102717,0,0
"291",1988,142.43838109171,3077.43506827268,0,0,844.361664117462,6849.5751311856,0,69.9743460073033,16.0494621314429,45.2462758196932,630,269.997299404827,1620,1412.675030703,15.7605644435106,0,0
"292",1988,142.43838109171,3077.43506827268,0,0,844.361664117462,6849.5751311856,0,0,0,0,630,269.997299404827,1620,1412.675030703,15.7605644435106,0,0
"293",1988,142.43838109171,3077.43506827268,0,0,844.361664117462,6849.5751311856,0,0,0,0,630,269.997299404827,1620,1412.675030703,15.7605644435106,0,0
"294",1988.00273972603,142.380867146561,3077.44940579819,0,0,844.204829403103,6849.60920750759,0,0.19120380417255,0.0431764196445507,0.122758392364531,630,270.040475824471,1620,1412.79778909537,15.7582154009296,0,0
"295",1988.00273972603,142.380867146561,3077.44940579819,0,0,844.204829403103,6849.60920750759,0,0.19120380417255,0.0431764196445507,0.122758392364531,630,270.040475824471,1620,1412.79778909537,15.7582154009296,0,0
"296",1988.00273972603,142.380867146561,3077.44940579819,0,0,844.204829403103,6849.60920750759,0,0.19120380417255,0.0431764196445507,0.122758392364531,630,270.040475824471,1620,1412.79778909537,15.7582154009296,0,0
"297",1988.00273972603,142.380867146561,3077.44940579819,0,0,844.204829403103,6849.60920750759,0,0.19120380417255,0.0431764196445507,0.122758392364531,630,270.040475824471,1620,1412.79778909537,15.7582154009296,0,0
"298",1988.00273972603,142.380867146561,3077.44940579819,0,0,844.204829403103,6849.60920750759,0,0.19120380417255,0.0431764196445507,0.122758392364531,630,270.040475824471,1620,1412.79778909537,15.7582154009296,0,0
"299",1988.00273972603,142.380867146561,3077.44940579819,0,0,844.204829403103,6849.60920750759,0,0.19120380417255,0.0431764196445507,0.122758392364531,630,270.040475824471,1620,1412.79778909537,15.7582154009296,0,0
"300",1988.20273972603,138.507728557408,3078.18767470817,0,0,833.122994920307,6851.76520445335,0,14.1490815090961,3.17804609881389,9.04859592941108,630,273.17534550364,1620,1421.72362663241,15.5924480414202,0,0
"301",1988.20273972603,166.507728557408,3085.18767470817,0,0,923.122994920307,6851.76520445335,0,14.1490815090961,3.17804609881389,9.04859592941108,665,273.17534550364,1710,1421.72362663241,16.4546149485102,0,0
"302",1988.20273972603,166.507728557408,3085.18767470817,0,0,923.122994920307,6851.76520445335,0,14.1490815090961,3.17804609881389,9.04859592941108,665,273.17534550364,1710,1421.72362663241,16.4546149485102,0,0
"303",1988.20273972603,166.507728557408,3085.18767470817,0,0,923.122994920307,6851.76520445335,0,14.1490815090961,3.17804609881389,9.04859592941108,665,273.17534550364,1710,1421.72362663241,16.4546149485102,0,0
"304",1988.20273972603,166.507728557408,3085.18767470817,0,0,923.122994920307,6851.76520445335,0,14.1490815090961,3.17804609881389,9.04859592941108,665,273.17534550364,1710,1421.72362663241,16.4546149485102,0,0
"305",1988.20273972603,166.507728557408,3085.18767470817,0,0,923.122994920307,6851.76520445335,0,14.1490815090961,3.17804609881389,9.04859592941108,665,273.17534550364,1710,1421.72362663241,16.4546149485102,0,0
"306",1988.20273972603,166.507728557408,3085.18767470817,0,0,923.122994920307,6851.76520445335,0,14.1490815090961,3.17804609881389,9.04859592941108,665,273.17534550364,1710,1421.72362663241,16.4546149485102,0,0
"307",1989,143.114249922209,3095.72072779924,0,0,865.591912334746,6872.42052664437,0,69.7893866425017,16.0384716429396,45.9243563239468,665,286.035771047766,1710,1458.59938702695,0,0,0
"308",1990,139.54954067922,3099.28542494826,0,0,850.388096571784,6887.62429074432,0,69.7894388912494,16.0384837369115,45.9244079869639,665,286.035783141738,1710,1458.59943868997,9.76887217541333,0,0
"309",1990,139.54954067922,3099.28542494826,0,0,850.388096571784,6887.62429074432,0,0,0,0,665,286.035783141738,1710,1458.59943868997,9.76887217541333,0,0
"310",1990,139.54954067922,3099.28542494826,0,0,850.388096571784,6887.62429074432,0,0,0,0,665,286.035783141738,1710,1458.59943868997,9.76887217541333,0,0
"311",1990.00273972603,139.516401502867,3099.29180077569,0,0,850.114785790775,6887.65955542473,0,0.106725289555733,0.0267633489242722,0.238046100603125,665,286.062546490662,1710,1458.83748479057,9.76837128039505,0,0
"312",1990.00273972603,139.516401502867,3099.29180077569,0,0,850.114785790775,6887.65955542473,0,0.106725289555733,0.0267633489242722,0.238046100603125,665,286.062546490662,1710,1458.83748479057,9.76837128039505,0,0
"313",1990.00273972603,139.516401502867,3099.29180077569,0,0,850.114785790775,6887.65955542473,0,0.106725289555733,0.0267633489242722,0.238046100603125,665,286.062546490662,1710,1458.83748479057,9.76837128039505,0,0
"314",1990.00273972603,139.516401502867,3099.29180077569,0,0,850.114785790775,6887.65955542473,0,0.106725289555733,0.0267633489242722,0.238046100603125,665,286.062546490662,1710,1458.83748479057,9.76837128039505,0,0
"315",1990.00273972603,139.516401502867,3099.29180077569,0,0,850.114785790775,6887.65955542473,0,0.106725289555733,0.0267633489242722,0.238046100603125,665,286.062546490662,1710,1458.83748479057,9.76837128039505,0,0
"316",1990.00273972603,139.516401502867,3099.29180077569,0,0,850.114785790775,6887.65955542473,0,0.106725289555733,0.0267633489242722,0.238046100603125,665,286.062546490662,1710,1458.83748479057,9.76837128039505,0,0
"317",1990.20273972603,137.278423266514,3099.57972085294,0,0,830.736221313096,6889.66075455746,0,7.89767142753474,1.97682150802963,17.6154114455468,665,288.012604649768,1710,1476.21485013551,9.73245152729352,0,0
"318",1990.20273972603,165.278423266514,3106.57972085294,0,0,920.736221313096,6889.66075455746,0,7.89767142753474,1.97682150802963,17.6154114455468,700,288.012604649768,1800,1476.21485013551,9.90732459315062,0,0
"319",1990.20273972603,165.278423266514,3106.57972085294,0,0,920.736221313096,6889.66075455746,0,7.89767142753474,1.97682150802963,17.6154114455468,700,288.012604649768,1800,1476.21485013551,9.90732459315062,0,0
"320",1990.20273972603,165.278423266514,3106.57972085294,0,0,920.736221313096,6889.66075455746,0,7.89767142753474,1.97682150802963,17.6154114455468,700,288.012604649768,1800,1476.21485013551,9.90732459315062,0,0
"321",1990.20273972603,165.278423266514,3106.57972085294,0,0,920.736221313096,6889.66075455746,0,7.89767142753474,1.97682150802963,17.6154114455468,700,288.012604649768,1800,1476.21485013551,9.90732459315062,0,0
"322",1990.20273972603,165.278423266514,3106.57972085294,0,0,920.736221313096,6889.66075455746,0,7.89767142753474,1.97682150802963,17.6154114455468,700,288.012604649768,1800,1476.21485013551,9.90732459315062,0,0
"323",1990.20273972603,165.278423266514,3106.57972085294,0,0,920.736221313096,6889.66075455746,0,7.89767142753474,1.97682150802963,17.6154114455468,700,288.012604649768,1800,1476.21485013551,9.90732459315062,0,0
"324",1991,146.581367837122,3117.38851533341,0,0,835.54595905133,6905.57962082187,0,38.9547444269154,9.86508245694968,86.8868074429048,700,295.900865598688,1800,1545.48624613287,15.8327006978471,0,0
"325",1991,146.581367837122,3117.38851533341,0,0,835.54595905133,6905.57962082187,0,0,0,0,700,295.900865598688,1800,1545.48624613287,15.8327006978471,0,0
"326",1991,146.581367837122,3117.38851533341,0,0,835.54595905133,6905.57962082187,0,0,0,0,700,295.900865598688,1800,1545.48624613287,15.8327006978471,0,0
"327",1991.00273972603,146.518717042499,3117.40779190646,0,0,835.402280938234,6905.60170084254,0,0.189683224421353,0.0433742215734001,0.121598092418298,700,295.944239820261,1800,1545.60784422529,15.8304777103382,0,0
"328",1991.00273972603,146.518717042499,3117.40779190646,0,0,835.402280938234,6905.60170084254,0,0.189683224421353,0.0433742215734001,0.121598092418298,700,295.944239820261,1800,1545.60784422529,15.8304777103382,0,0
"329",1991.00273972603,146.518717042499,3117.40779190646,0,0,835.402280938234,6905.60170084254,0,0.189683224421353,0.0433742215734001,0.121598092418298,700,295.944239820261,1800,1545.60784422529,15.8304777103382,0,0
"330",1991.00273972603,146.518717042499,3117.40779190646,0,0,835.402280938234,6905.60170084254,0,0.189683224421353,0.0433742215734001,0.121598092418298,700,295.944239820261,1800,1545.60784422529,15.8304777103382,0,0
"331",1991.00273972603,146.518717042499,3117.40779190646,0,0,835.402280938234,6905.60170084254,0,0.189683224421353,0.0433742215734001,0.121598092418298,700,295.944239820261,1800,1545.60784422529,15.8304777103382,0,0
"332",1991.00273972603,146.518717042499,3117.40779190646,0,0,835.402280938234,6905.60170084254,0,0.189683224421353,0.0433742215734001,0.121598092418298,700,295.944239820261,1800,1545.60784422529,15.8304777103382,0,0
"333",1991.20273972603,142.298306267453,3118.47811629055,0,0,825.247959890846,6906.91199700649,0,14.0365586068164,3.19346061253463,8.96562297586412,700,299.094326211223,1800,1554.45186910873,15.671654276031,0,0
"334",1991.20273972603,170.298306267453,3125.47811629055,0,0,915.247959890846,6906.91199700649,0,14.0365586068164,3.19346061253463,8.96562297586412,735,299.094326211223,1890,1554.45186910873,16.3911209777724,0,0
"335",1991.20273972603,170.298306267453,3125.47811629055,0,0,915.247959890846,6906.91199700649,0,14.0365586068164,3.19346061253463,8.96562297586412,735,299.094326211223,1890,1554.45186910873,16.3911209777724,0,0
"336",1991.20273972603,170.298306267453,3125.47811629055,0,0,915.247959890846,6906.91199700649,0,14.0365586068164,3.19346061253463,8.96562297586412,735,299.094326211223,1890,1554.45186910873,16.3911209777724,0,0
"337",1991.20273972603,170.298306267453,3125.47811629055,0,0,915.247959890846,6906.91199700649,0,14.0365586068164,3.19346061253463,8.96562297586412,735,299.094326211223,1890,1554.45186910873,16.3911209777724,0,0
"338",1991.20273972603,170.298306267453,3125.47811629055,0,0,915.247959890846,6906.91199700649,0,14.0365586068164,3.19346061253463,8.96562297586412,735,299.094326211223,1890,1554.45186910873,16.3911209777724,0,0
"339",1991.20273972603,170.298306267453,3125.47811629055,0,0,915.247959890846,6906.91199700649,0,14.0365586068164,3.19346061253463,8.96562297586412,735,299.094326211223,1890,1554.45186910873,16.3911209777724,0,0
"340",1992,146.005752024088,3136.91894663176,0,0,860.837498923536,6924.72211374925,0,69.2343761021078,16.0451845146811,45.5659672004133,735,311.946050113369,1890,1591.05221333328,15.7825527468716,0,0
"341",1992,146.005752024088,3136.91894663176,0,0,860.837498923536,6924.72211374925,0,0,0,0,735,311.946050113369,1890,1591.05221333328,15.7825527468716,0,0
"342",1992,146.005752024088,3136.91894663176,0,0,860.837498923536,6924.72211374925,0,0,0,0,735,311.946050113369,1890,1591.05221333328,15.7825527468716,0,0
"343",1992.00273972603,145.946212674331,3136.93524901274,0,0,860.673851427812,6924.76219641714,0,0.189176364493489,0.0432369687767847,0.123564827832471,735,311.989287082145,1890,1591.17577816112,15.7804306317328,0,0
"344",1992.00273972603,145.946212674331,3136.93524901274,0,0,860.673851427812,6924.76219641714,0,0.189176364493489,0.0432369687767847,0.123564827832471,735,311.989287082145,1890,1591.17577816112,15.7804306317328,0,0
"345",1992.00273972603,145.946212674331,3136.93524901274,0,0,860.673851427812,6924.76219641714,0,0.189176364493489,0.0432369687767847,0.123564827832471,735,311.989287082145,1890,1591.17577816112,15.7804306317328,0,0
"346",1992.00273972603,145.946212674331,3136.93524901274,0,0,860.673851427812,6924.76219641714,0,0.189176364493489,0.0432369687767847,0.123564827832471,735,311.989287082145,1890,1591.17577816112,15.7804306317328,0,0
"347",1992.00273972603,145.946212674331,3136.93524901274,0,0,860.673851427812,6924.76219641714,0,0.189176364493489,0.0432369687767847,0.123564827832471,735,311.989287082145,1890,1591.17577816112,15.7804306317328,0,0
"348",1992.00273972603,145.946212674331,3136.93524901274,0,0,860.673851427812,6924.76219641714,0,0.189176364493489,0.0432369687767847,0.123564827832471,735,311.989287082145,1890,1591.17577816112,15.7804306317328,0,0
"349",1992.20273972603,141.934972246761,3137.80565619839,0,0,849.110110176792,6927.34113347313,0,13.9990509726771,3.18407021070273,9.10836902286343,735,315.130120324071,1890,1600.16058235615,15.6292405646428,0,0
"350",1992.20273972603,169.934972246761,3144.80565619839,0,0,939.110110176792,6927.34113347313,0,13.9990509726771,3.18407021070273,9.10836902286343,770,315.130120324071,1980,1600.16058235615,16.346455914231,0,0
"351",1992.20273972603,169.934972246761,3144.80565619839,0,0,939.110110176792,6927.34113347313,0,13.9990509726771,3.18407021070273,9.10836902286343,770,315.130120324071,1980,1600.16058235615,16.346455914231,0,0
"352",1992.20273972603,169.934972246761,3144.80565619839,0,0,939.110110176792,6927.34113347313,0,13.9990509726771,3.18407021070273,9.10836902286343,770,315.130120324071,1980,1600.16058235615,16.346455914231,0,0
"353",1992.20273972603,169.934972246761,3144.80565619839,0,0,939.110110176792,6927.34113347313,0,13.9990509726771,3.18407021070273,9.10836902286343,770,315.130120324071,1980,1600.16058235615,16.346455914231,0,0
"354",1992.20273972603,169.934972246761,3144.80565619839,0,0,939.110110176792,6927.34113347313,0,13.9990509726771,3.18407021070273,9.10836902286343,770,315.130120324071,1980,1600.16058235615,16.346455914231,0,0
"355",1992.20273972603,169.934972246761,3144.80565619839,0,0,939.110110176792,6927.34113347313,0,13.9990509726771,3.18407021070273,9.10836902286343,770,315.130120324071,1980,1600.16058235615,16.346455914231,0,0
"356",1993,146.206168933844,3155.71021793245,0,0,880.006803162362,6949.41741272035,0,69.0493366141575,16.0083117895579,46.1353967900663,770,327.954361902926,1980,1637.18761012335,15.7598370179412,0,0
"357",1993,146.206168933844,3155.71021793245,0,0,880.006803162362,6949.41741272035,0,0,0,0,770,327.954361902926,1980,1637.18761012335,15.7598370179412,0,0
"358",1993,146.206168933844,3155.71021793245,0,0,880.006803162362,6949.41741272035,0,0,0,0,770,327.954361902926,1980,1637.18761012335,15.7598370179412,0,0
"359",1993.00273972603,146.147990638392,3155.72522137814,0,0,879.829062785965,6949.47021036785,0,0.18866950457945,0.0431748497632629,0.124942728902874,770,327.99753675269,1980,1637.31255285225,15.7577995878146,0,0
"360",1993.00273972603,146.147990638392,3155.72522137814,0,0,879.829062785965,6949.47021036785,0,0.18866950457945,0.0431748497632629,0.124942728902874,770,327.99753675269,1980,1637.31255285225,15.7577995878146,0,0
"361",1993.00273972603,146.147990638392,3155.72522137814,0,0,879.829062785965,6949.47021036785,0,0.18866950457945,0.0431748497632629,0.124942728902874,770,327.99753675269,1980,1637.31255285225,15.7577995878146,0,0
"362",1993.00273972603,146.147990638392,3155.72522137814,0,0,879.829062785965,6949.47021036785,0,0.18866950457945,0.0431748497632629,0.124942728902874,770,327.99753675269,1980,1637.31255285225,15.7577995878146,0,0
"363",1993.00273972603,146.147990638392,3155.72522137814,0,0,879.829062785965,6949.47021036785,0,0.18866950457945,0.0431748497632629,0.124942728902874,770,327.99753675269,1980,1637.31255285225,15.7577995878146,0,0
"364",1993.00273972603,146.147990638392,3155.72522137814,0,0,879.829062785965,6949.47021036785,0,0.18866950457945,0.0431748497632629,0.124942728902874,770,327.99753675269,1980,1637.31255285225,15.7577995878146,0,0
"365",1993.20273972603,142.227980081216,3156.50831597227,0,0,867.270265031985,6952.94518401229,0,13.9615433385789,3.18009081281124,9.20876683844481,770,331.134452715738,1980,1646.3963769618,15.6126454807828,0,0
"366",1993.20273972603,170.227980081216,3163.50831597227,0,0,957.270265031985,6952.94518401229,0,13.9615433385789,3.18009081281124,9.20876683844481,805,331.134452715738,2070,1646.3963769618,16.3090390306596,0,0
"367",1993.20273972603,170.227980081216,3163.50831597227,0,0,957.270265031985,6952.94518401229,0,13.9615433385789,3.18009081281124,9.20876683844481,805,331.134452715738,2070,1646.3963769618,16.3090390306596,0,0
"368",1993.20273972603,170.227980081216,3163.50831597227,0,0,957.270265031985,6952.94518401229,0,13.9615433385789,3.18009081281124,9.20876683844481,805,331.134452715738,2070,1646.3963769618,16.3090390306596,0,0
"369",1993.20273972603,170.227980081216,3163.50831597227,0,0,957.270265031985,6952.94518401229,0,13.9615433385789,3.18009081281124,9.20876683844481,805,331.134452715738,2070,1646.3963769618,16.3090390306596,0,0
"370",1993.20273972603,170.227980081216,3163.50831597227,0,0,957.270265031985,6952.94518401229,0,13.9615433385789,3.18009081281124,9.20876683844481,805,331.134452715738,2070,1646.3963769618,16.3090390306596,0,0
"371",1993.20273972603,170.227980081216,3163.50831597227,0,0,957.270265031985,6952.94518401229,0,13.9615433385789,3.18009081281124,9.20876683844481,805,331.134452715738,2070,1646.3963769618,16.3090390306596,0,0
"372",1994,146.750224060883,3174.18065013185,0,0,894.854395235147,6978.03489632962,0,68.8643635726567,15.9855126735616,46.5349243179483,805,343.939874576488,2070,1683.7225344413,0,0,0
"373",1995,143.090591652432,3177.84028070129,0,0,875.519346321037,6997.36993500468,0,68.8643713212711,15.9855145125682,46.5349345569909,805,343.939876415495,2070,1683.72254468034,7.7251918741639,0,0
"374",1995,143.090591652432,3177.84028070129,0,0,875.519346321037,6997.36993500468,0,0,0,0,805,343.939876415495,2070,1683.72254468034,7.7251918741639,0,0
"375",1995,143.090591652432,3177.84028070129,0,0,875.519346321037,6997.36993500468,0,0,0,0,805,343.939876415495,2070,1683.72254468034,7.7251918741639,0,0
"376",1995.00273972603,143.062874575515,3177.84683286897,0,0,875.289786177904,6997.4148280276,0,0.0853736974048722,0.0211649092457741,0.184667120222485,805,343.96104132474,2070,1683.90721180056,7.7251918741639,0,0
"377",1995.00273972603,143.062874575515,3177.84683286897,0,0,875.289786177904,6997.4148280276,0,0.0853736974048722,0.0211649092457741,0.184667120222485,805,343.96104132474,2070,1683.90721180056,7.7251918741639,0,0
"378",1995.00273972603,143.062874575515,3177.84683286897,0,0,875.289786177904,6997.4148280276,0,0.0853736974048722,0.0211649092457741,0.184667120222485,805,343.96104132474,2070,1683.90721180056,7.7251918741639,0,0
"379",1995.00273972603,143.062874575515,3177.84683286897,0,0,875.289786177904,6997.4148280276,0,0.0853736974048722,0.0211649092457741,0.184667120222485,805,343.96104132474,2070,1683.90721180056,7.7251918741639,0,0
"380",1995.00273972603,143.062874575515,3177.84683286897,0,0,875.289786177904,6997.4148280276,0,0.0853736974048722,0.0211649092457741,0.184667120222485,805,343.96104132474,2070,1683.90721180056,7.7251918741639,0,0
"381",1995.00273972603,143.062874575515,3177.84683286897,0,0,875.289786177904,6997.4148280276,0,0.0853736974048722,0.0211649092457741,0.184667120222485,805,343.96104132474,2070,1683.90721180056,7.7251918741639,0,0
"382",1995.20273972603,141.188415119945,3178.1762539497,0,0,859.016932883524,7000.20698154667,0,6.31765360752941,1.56620328408041,13.6653668955313,805,345.506079699575,2070,1697.38791157587,7.7251918741639,0,0
"383",1995.20273972603,169.188415119945,3185.1762539497,0,0,949.016932883524,7000.20698154667,0,6.31765360752941,1.56620328408041,13.6653668955313,840,345.506079699575,2160,1697.38791157587,7.7251918741639,0,0
"384",1995.20273972603,169.188415119945,3185.1762539497,0,0,949.016932883524,7000.20698154667,0,6.31765360752941,1.56620328408041,13.6653668955313,840,345.506079699575,2160,1697.38791157587,7.7251918741639,0,0
"385",1995.20273972603,169.188415119945,3185.1762539497,0,0,949.016932883524,7000.20698154667,0,6.31765360752941,1.56620328408041,13.6653668955313,840,345.506079699575,2160,1697.38791157587,7.7251918741639,0,0
"386",1995.20273972603,169.188415119945,3185.1762539497,0,0,949.016932883524,7000.20698154667,0,6.31765360752941,1.56620328408041,13.6653668955313,840,345.506079699575,2160,1697.38791157587,7.7251918741639,0,0
"387",1995.20273972603,169.188415119945,3185.1762539497,0,0,949.016932883524,7000.20698154667,0,6.31765360752941,1.56620328408041,13.6653668955313,840,345.506079699575,2160,1697.38791157587,7.7251918741639,0,0
"388",1995.20273972603,169.188415119945,3185.1762539497,0,0,949.016932883524,7000.20698154667,0,6.31765360752941,1.56620328408041,13.6653668955313,840,345.506079699575,2160,1697.38791157587,7.7251918741639,0,0
"389",1996,151.590468699869,3196.6151983289,0,0,874.651382154596,7020.83443697403,0,31.1614611554898,7.72520532495876,67.4034621970959,840,351.665081740453,2160,1751.12600687744,15.8360647964867,0,0
"390",1996,151.590468699869,3196.6151983289,0,0,874.651382154596,7020.83443697403,0,0,0,0,840,351.665081740453,2160,1751.12600687744,15.8360647964867,0,0
"391",1996,151.590468699869,3196.6151983289,0,0,874.651382154596,7020.83443697403,0,0,0,0,840,351.665081740453,2160,1751.12600687744,15.8360647964867,0,0
"392",1996.00273972603,151.524657162456,3196.63762593745,0,0,874.485221649611,7020.87653351084,0,0.187148924818734,0.0433839288581442,0.124063968174293,840,351.708465669312,2160,1751.25007084561,15.83420449619,0,0
"393",1996.00273972603,151.524657162456,3196.63762593745,0,0,874.485221649611,7020.87653351084,0,0.187148924818734,0.0433839288581442,0.124063968174293,840,351.708465669312,2160,1751.25007084561,15.83420449619,0,0
"394",1996.00273972603,151.524657162456,3196.63762593745,0,0,874.485221649611,7020.87653351084,0,0.187148924818734,0.0433839288581442,0.124063968174293,840,351.708465669312,2160,1751.25007084561,15.83420449619,0,0
"395",1996.00273972603,151.524657162456,3196.63762593745,0,0,874.485221649611,7020.87653351084,0,0.187148924818734,0.0433839288581442,0.124063968174293,840,351.708465669312,2160,1751.25007084561,15.83420449619,0,0
"396",1996.00273972603,151.524657162456,3196.63762593745,0,0,874.485221649611,7020.87653351084,0,0.187148924818734,0.0433839288581442,0.124063968174293,840,351.708465669312,2160,1751.25007084561,15.83420449619,0,0
"397",1996.00273972603,151.524657162456,3196.63762593745,0,0,874.485221649611,7020.87653351084,0,0.187148924818734,0.0433839288581442,0.124063968174293,840,351.708465669312,2160,1751.25007084561,15.83420449619,0,0
"398",1996.20273972603,147.088704694371,3197.92031945301,0,0,862.74273094973,7023.59679228036,0,13.8490204363066,3.19664288138707,9.14629589852744,840,354.86172462184,2160,1760.27230277597,15.6986421514876,0,0
"399",1996.20273972603,175.088704694371,3204.92031945301,0,0,952.74273094973,7023.59679228036,0,13.8490204363066,3.19664288138707,9.14629589852744,875,354.86172462184,2250,1760.27230277597,16.2182746302983,0,0
"400",1996.20273972603,175.088704694371,3204.92031945301,0,0,952.74273094973,7023.59679228036,0,13.8490204363066,3.19664288138707,9.14629589852744,875,354.86172462184,2250,1760.27230277597,16.2182746302983,0,0
"401",1996.20273972603,175.088704694371,3204.92031945301,0,0,952.74273094973,7023.59679228036,0,13.8490204363066,3.19664288138707,9.14629589852744,875,354.86172462184,2250,1760.27230277597,16.2182746302983,0,0
"402",1996.20273972603,175.088704694371,3204.92031945301,0,0,952.74273094973,7023.59679228036,0,13.8490204363066,3.19664288138707,9.14629589852744,875,354.86172462184,2250,1760.27230277597,16.2182746302983,0,0
"403",1996.20273972603,175.088704694371,3204.92031945301,0,0,952.74273094973,7023.59679228036,0,13.8490204363066,3.19664288138707,9.14629589852744,875,354.86172462184,2250,1760.27230277597,16.2182746302983,0,0
"404",1996.20273972603,175.088704694371,3204.92031945301,0,0,952.74273094973,7023.59679228036,0,13.8490204363066,3.19664288138707,9.14629589852744,875,354.86172462184,2250,1760.27230277597,16.2182746302983,0,0
"405",1997,150.262537310822,3216.96039165144,0,0,893.083788388088,7046.14252895528,0,68.3090255512719,15.9827380665057,46.2595017852536,875,367.647819806959,2250,1797.38550866269,15.765365795052,0,0
"406",1997,150.262537310822,3216.96039165144,0,0,893.083788388088,7046.14252895528,0,0,0,0,875,367.647819806959,2250,1797.38550866269,15.765365795052,0,0
"407",1997,150.262537310822,3216.96039165144,0,0,893.083788388088,7046.14252895528,0,0,0,0,875,367.647819806959,2250,1797.38550866269,15.765365795052,0,0
"408",1997.00273972603,150.201526567911,3216.97821204934,0,0,892.904297817189,7046.19670912309,0,0.186642064898368,0.043190345006299,0.12531040308569,875,367.691010151965,2250,1797.51081906578,15.7635857430995,0,0
"409",1997.00273972603,150.201526567911,3216.97821204934,0,0,892.904297817189,7046.19670912309,0,0.186642064898368,0.043190345006299,0.12531040308569,875,367.691010151965,2250,1797.51081906578,15.7635857430995,0,0
"410",1997.00273972603,150.201526567911,3216.97821204934,0,0,892.904297817189,7046.19670912309,0,0.186642064898368,0.043190345006299,0.12531040308569,875,367.691010151965,2250,1797.51081906578,15.7635857430995,0,0
"411",1997.00273972603,150.201526567911,3216.97821204934,0,0,892.904297817189,7046.19670912309,0,0.186642064898368,0.043190345006299,0.12531040308569,875,367.691010151965,2250,1797.51081906578,15.7635857430995,0,0
"412",1997.00273972603,150.201526567911,3216.97821204934,0,0,892.904297817189,7046.19670912309,0,0.186642064898368,0.043190345006299,0.12531040308569,875,367.691010151965,2250,1797.51081906578,15.7635857430995,0,0
"413",1997.00273972603,150.201526567911,3216.97821204934,0,0,892.904297817189,7046.19670912309,0,0.186642064898368,0.043190345006299,0.12531040308569,875,367.691010151965,2250,1797.51081906578,15.7635857430995,0,0
"414",1997.20273972603,146.088803640019,3217.9511472439,0,0,880.220440645861,7049.76863781714,0,13.8115128021819,3.18297807834196,9.23723888036504,875,370.830797885301,2250,1806.62274754306,15.6348244780931,0,0
"415",1997.20273972603,174.088803640019,3224.9511472439,0,0,970.220440645861,7049.76863781714,0,13.8115128021819,3.18297807834196,9.23723888036504,910,370.830797885301,2340,1806.62274754306,16.1697962299091,0,0
"416",1997.20273972603,174.088803640019,3224.9511472439,0,0,970.220440645861,7049.76863781714,0,13.8115128021819,3.18297807834196,9.23723888036504,910,370.830797885301,2340,1806.62274754306,16.1697962299091,0,0
"417",1997.20273972603,174.088803640019,3224.9511472439,0,0,970.220440645861,7049.76863781714,0,13.8115128021819,3.18297807834196,9.23723888036504,910,370.830797885301,2340,1806.62274754306,16.1697962299091,0,0
"418",1997.20273972603,174.088803640019,3224.9511472439,0,0,970.220440645861,7049.76863781714,0,13.8115128021819,3.18297807834196,9.23723888036504,910,370.830797885301,2340,1806.62274754306,16.1697962299091,0,0
"419",1997.20273972603,174.088803640019,3224.9511472439,0,0,970.220440645861,7049.76863781714,0,13.8115128021819,3.18297807834196,9.23723888036504,910,370.830797885301,2340,1806.62274754306,16.1697962299091,0,0
"420",1997.20273972603,174.088803640019,3224.9511472439,0,0,970.220440645861,7049.76863781714,0,13.8115128021819,3.18297807834196,9.23723888036504,910,370.830797885301,2340,1806.62274754306,16.1697962299091,0,0
"421",1998,150.131575041361,3236.15813091324,0,0,907.426538207639,7075.18133022516,0,68.1243534791087,15.9332230076586,46.6184489105658,910,383.581042814617,2340,1844.00395757326,15.7290978365859,0,0
"422",1998,150.131575041361,3236.15813091324,0,0,907.426538207639,7075.18133022516,0,0,0,0,910,383.581042814617,2340,1844.00395757326,15.7290978365859,0,0
"423",1998,150.131575041361,3236.15813091324,0,0,907.426538207639,7075.18133022516,0,0,0,0,910,383.581042814617,2340,1844.00395757326,15.7290978365859,0,0
"424",1998.00273972603,150.072686125473,3236.17392873816,0,0,907.237611306372,7075.24405988954,0,0.186135204961112,0.0430910909670282,0.126197236892614,910,383.624133905584,2340,1844.13015481015,15.7273979922465,0,0
"425",1998.00273972603,150.072686125473,3236.17392873816,0,0,907.237611306372,7075.24405988954,0,0.186135204961112,0.0430910909670282,0.126197236892614,910,383.624133905584,2340,1844.13015481015,15.7273979922465,0,0
"426",1998.00273972603,150.072686125473,3236.17392873816,0,0,907.237611306372,7075.24405988954,0,0.186135204961112,0.0430910909670282,0.126197236892614,910,383.624133905584,2340,1844.13015481015,15.7273979922465,0,0
"427",1998.00273972603,150.072686125473,3236.17392873816,0,0,907.237611306372,7075.24405988954,0,0.186135204961112,0.0430910909670282,0.126197236892614,910,383.624133905584,2340,1844.13015481015,15.7273979922465,0,0
"428",1998.00273972603,150.072686125473,3236.17392873816,0,0,907.237611306372,7075.24405988954,0,0.186135204961112,0.0430910909670282,0.126197236892614,910,383.624133905584,2340,1844.13015481015,15.7273979922465,0,0
"429",1998.00273972603,150.072686125473,3236.17392873816,0,0,907.237611306372,7075.24405988954,0,0.186135204961112,0.0430910909670282,0.126197236892614,910,383.624133905584,2340,1844.13015481015,15.7273979922465,0,0
"430",1998.20273972603,146.102530110328,3237.01094039075,0,0,893.887075442859,7079.41855308685,0,13.7740051680705,3.17623545352239,9.30223990309288,910,386.75727826814,2340,1853.30619747635,15.6046034466354,0,0
"431",1998.20273972603,174.102530110328,3244.01094039075,0,0,983.887075442859,7079.41855308685,0,13.7740051680705,3.17623545352239,9.30223990309288,945,386.75727826814,2430,1853.30619747635,16.1259241464123,0,0
"432",1998.20273972603,174.102530110328,3244.01094039075,0,0,983.887075442859,7079.41855308685,0,13.7740051680705,3.17623545352239,9.30223990309288,945,386.75727826814,2430,1853.30619747635,16.1259241464123,0,0
"433",1998.20273972603,174.102530110328,3244.01094039075,0,0,983.887075442859,7079.41855308685,0,13.7740051680705,3.17623545352239,9.30223990309288,945,386.75727826814,2430,1853.30619747635,16.1259241464123,0,0
"434",1998.20273972603,174.102530110328,3244.01094039075,0,0,983.887075442859,7079.41855308685,0,13.7740051680705,3.17623545352239,9.30223990309288,945,386.75727826814,2430,1853.30619747635,16.1259241464123,0,0
"435",1998.20273972603,174.102530110328,3244.01094039075,0,0,983.887075442859,7079.41855308685,0,13.7740051680705,3.17623545352239,9.30223990309288,945,386.75727826814,2430,1853.30619747635,16.1259241464123,0,0
"436",1998.20273972603,174.102530110328,3244.01094039075,0,0,983.887075442859,7079.41855308685,0,13.7740051680705,3.17623545352239,9.30223990309288,945,386.75727826814,2430,1853.30619747635,16.1259241464123,0,0
"437",1999,150.533748758539,3254.85546588478,0,0,918.875224684504,7106.85959676379,0,67.9392530703178,15.9004913112817,46.8730469844998,945,399.481534125899,2430,1890.87700455776,11.6631350447792,0,0
"438",1999,150.533748758539,3254.85546588478,0,0,918.875224684504,7106.85959676379,0,0,0,0,945,399.481534125899,2430,1890.87700455776,11.6631350447792,0,0
"439",1999,150.533748758539,3254.85546588478,0,0,918.875224684504,7106.85959676379,0,0,0,0,945,399.481534125899,2430,1890.87700455776,11.6631350447792,0,0
"440",1999.00273972603,150.486859912795,3254.87040272535,0,0,918.700628236762,7106.92838318601,0,0.0946947741015324,0.0319520051771104,0.105810025520693,945,399.513486131076,2430,1890.98281458328,11.6618241619677,0,0
"441",1999.00273972603,150.486859912795,3254.87040272535,0,0,918.700628236762,7106.92838318601,0,0.0946947741015324,0.0319520051771104,0.105810025520693,945,399.513486131076,2430,1890.98281458328,11.6618241619677,0,0
"442",1999.00273972603,150.486859912795,3254.87040272535,0,0,918.700628236762,7106.92838318601,0,0.0946947741015324,0.0319520051771104,0.105810025520693,945,399.513486131076,2430,1890.98281458328,11.6618241619677,0,0
"443",1999.00273972603,150.486859912795,3254.87040272535,0,0,918.700628236762,7106.92838318601,0,0.0946947741015324,0.0319520051771104,0.105810025520693,945,399.513486131076,2430,1890.98281458328,11.6618241619677,0,0
"444",1999.00273972603,150.486859912795,3254.87040272535,0,0,918.700628236762,7106.92838318601,0,0.0946947741015324,0.0319520051771104,0.105810025520693,945,399.513486131076,2430,1890.98281458328,11.6618241619677,0,0
"445",1999.00273972603,150.486859912795,3254.87040272535,0,0,918.700628236762,7106.92838318601,0,0.0946947741015324,0.0319520051771104,0.105810025520693,945,399.513486131076,2430,1890.98281458328,11.6618241619677,0,0
"446",1999.20273972603,147.32584132211,3255.70837433905,0,0,906.363144132312,7111.573039884,0,7.00741328335208,2.35499898215866,7.79863743198526,945,401.836533108057,2430,1898.67564198974,11.5699311283947,0,0
"447",1999.20273972603,175.32584132211,3262.70837433905,0,0,996.363144132312,7111.573039884,0,7.00741328335208,2.35499898215866,7.79863743198526,980,401.836533108057,2520,1898.67564198974,12.1425064773329,0,0
"448",1999.20273972603,175.32584132211,3262.70837433905,0,0,996.363144132312,7111.573039884,0,7.00741328335208,2.35499898215866,7.79863743198526,980,401.836533108057,2520,1898.67564198974,12.1425064773329,0,0
"449",1999.20273972603,175.32584132211,3262.70837433905,0,0,996.363144132312,7111.573039884,0,7.00741328335208,2.35499898215866,7.79863743198526,980,401.836533108057,2520,1898.67564198974,12.1425064773329,0,0
"450",1999.20273972603,175.32584132211,3262.70837433905,0,0,996.363144132312,7111.573039884,0,7.00741328335208,2.35499898215866,7.79863743198526,980,401.836533108057,2520,1898.67564198974,12.1425064773329,0,0
"451",1999.20273972603,175.32584132211,3262.70837433905,0,0,996.363144132312,7111.573039884,0,7.00741328335208,2.35499898215866,7.79863743198526,980,401.836533108057,2520,1898.67564198974,12.1425064773329,0,0
"452",1999.20273972603,175.32584132211,3262.70837433905,0,0,996.363144132312,7111.573039884,0,7.00741328335208,2.35499898215866,7.79863743198526,980,401.836533108057,2520,1898.67564198974,12.1425064773329,0,0
"453",2000,153.981548059081,3274.52172136581,0,0,934.904021503913,7141.38616839479,0,34.5635888538159,11.8859452184314,39.4446315495881,980,411.36747934433,2520,1930.32163610734,6.06686157777489,0,0
"454",2000,153.981548059081,3274.52172136581,0,0,934.904021503913,7141.38616839479,0,0,0,0,980,411.36747934433,2520,1930.32163610734,6.06686157777489,0,0
"455",2000,153.981548059081,3274.52172136581,0,0,934.904021503913,7141.38616839479,0,0,0,0,980,411.36747934433,2520,1930.32163610734,6.06686157777489,0,0
"456",2000.00273972603,153.944626106694,3274.54202347674,0,0,934.723971236923,7141.46432185764,0,0.0802059986158121,0.0166198414510261,0.101896804141489,980,411.384099185781,2520,1930.42353291148,6.06561548225979,0,0
"457",2000.00273972603,153.944626106694,3274.54202347674,0,0,934.723971236923,7141.46432185764,0,0.0802059986158121,0.0166198414510261,0.101896804141489,980,411.384099185781,2520,1930.42353291148,6.06561548225979,0,0
"458",2000.00273972603,153.944626106694,3274.54202347674,0,0,934.723971236923,7141.46432185764,0,0.0802059986158121,0.0166198414510261,0.101896804141489,980,411.384099185781,2520,1930.42353291148,6.06561548225979,0,0
"459",2000.00273972603,153.944626106694,3274.54202347674,0,0,934.723971236923,7141.46432185764,0,0.0802059986158121,0.0166198414510261,0.101896804141489,980,411.384099185781,2520,1930.42353291148,6.06561548225979,0,0
"460",2000.00273972603,153.944626106694,3274.54202347674,0,0,934.723971236923,7141.46432185764,0,0.0802059986158121,0.0166198414510261,0.101896804141489,980,411.384099185781,2520,1930.42353291148,6.06561548225979,0,0
"461",2000.00273972603,153.944626106694,3274.54202347674,0,0,934.723971236923,7141.46432185764,0,0.0802059986158121,0.0166198414510261,0.101896804141489,980,411.384099185781,2520,1930.42353291148,6.06561548225979,0,0
"462",2000.20273972603,151.458756585912,3275.82340762116,0,0,922.013057285377,7146.77947601586,0,5.92957519372094,1.22110521781941,7.49765659746825,980,412.588584562149,2520,1937.81929270481,5.98142364663997,0,0
"463",2000.20273972603,179.458756585912,3282.82340762116,0,0,1012.01305728538,7146.77947601586,0,5.92957519372094,1.22110521781941,7.49765659746825,1015,412.588584562149,2610,1937.81929270481,6.89611476344599,0,0
"464",2000.20273972603,179.458756585912,3282.82340762116,0,0,1012.01305728538,7146.77947601586,0,5.92957519372094,1.22110521781941,7.49765659746825,1015,412.588584562149,2610,1937.81929270481,6.89611476344599,0,0
"465",2000.20273972603,179.458756585912,3282.82340762116,0,0,1012.01305728538,7146.77947601586,0,5.92957519372094,1.22110521781941,7.49765659746825,1015,412.588584562149,2610,1937.81929270481,6.89611476344599,0,0
"466",2000.20273972603,179.458756585912,3282.82340762116,0,0,1012.01305728538,7146.77947601586,0,5.92957519372094,1.22110521781941,7.49765659746825,1015,412.588584562149,2610,1937.81929270481,6.89611476344599,0,0
"467",2000.20273972603,179.458756585912,3282.82340762116,0,0,1012.01305728538,7146.77947601586,0,5.92957519372094,1.22110521781941,7.49765659746825,1015,412.588584562149,2610,1937.81929270481,6.89611476344599,0,0
"468",2000.20273972603,179.458756585912,3282.82340762116,0,0,1012.01305728538,7146.77947601586,0,5.92957519372094,1.22110521781941,7.49765659746825,1015,412.588584562149,2610,1937.81929270481,6.89611476344599,0,0
"469",2001,159.910776701648,3297.14949363997,0,0,949.011244564738,7178.98983843692,0,29.4869668370547,6.44299908327596,38.2891068970499,1015,417.810478427606,2610,1968.61074300439,10.4572698015706,0,0
"470",2001,159.910776701648,3297.14949363997,0,0,949.011244564738,7178.98983843692,0,0,0,0,1015,417.810478427606,2610,1968.61074300439,10.4572698015706,0,0
"471",2001,159.910776701648,3297.14949363997,0,0,949.011244564738,7178.98983843692,0,0,0,0,1015,417.810478427606,2610,1968.61074300439,10.4572698015706,0,0
"472",2001.00273972603,159.851615718561,3297.1800045688,0,0,948.831850850907,7179.0755793744,0,0.123915285506116,0.0286500542530638,0.0936527763496806,1015,417.839128481859,2610,1968.70439578074,10.4572698015706,0,0
"473",2001.00273972603,159.851615718561,3297.1800045688,0,0,948.831850850907,7179.0755793744,0,0.123915285506116,0.0286500542530638,0.0936527763496806,1015,417.839128481859,2610,1968.70439578074,10.4572698015706,0,0
"474",2001.00273972603,159.851615718561,3297.1800045688,0,0,948.831850850907,7179.0755793744,0,0.123915285506116,0.0286500542530638,0.0936527763496806,1015,417.839128481859,2610,1968.70439578074,10.4572698015706,0,0
"475",2001.00273972603,159.851615718561,3297.1800045688,0,0,948.831850850907,7179.0755793744,0,0.123915285506116,0.0286500542530638,0.0936527763496806,1015,417.839128481859,2610,1968.70439578074,10.4572698015706,0,0
"476",2001.00273972603,159.851615718561,3297.1800045688,0,0,948.831850850907,7179.0755793744,0,0.123915285506116,0.0286500542530638,0.0936527763496806,1015,417.839128481859,2610,1968.70439578074,10.4572698015706,0,0
"477",2001.00273972603,159.851615718561,3297.1800045688,0,0,948.831850850907,7179.0755793744,0,0.123915285506116,0.0286500542530638,0.0936527763496806,1015,417.839128481859,2610,1968.70439578074,10.4572698015706,0,0
"478",2001.20273972603,155.854664791866,3299.08550153518,0,0,936.127453916754,7184.94332363556,0,9.16973112675549,2.12010401456554,6.9303054493495,1015,419.930582442171,2610,1975.54104845374,10.4572698015706,0,0
"479",2001.20273972603,183.854664791866,3306.08550153518,0,0,1026.12745391675,7184.94332363556,0,9.16973112675549,2.12010401456554,6.9303054493495,1050,419.930582442171,2700,1975.54104845374,10.4572698015706,0,0
"480",2001.20273972603,183.854664791866,3306.08550153518,0,0,1026.12745391675,7184.94332363556,0,9.16973112675549,2.12010401456554,6.9303054493495,1050,419.930582442171,2700,1975.54104845374,10.4572698015706,0,0
"481",2001.20273972603,183.854664791866,3306.08550153518,0,0,1026.12745391675,7184.94332363556,0,9.16973112675549,2.12010401456554,6.9303054493495,1050,419.930582442171,2700,1975.54104845374,10.4572698015706,0,0
"482",2001.20273972603,183.854664791866,3306.08550153518,0,0,1026.12745391675,7184.94332363556,0,9.16973112675549,2.12010401456554,6.9303054493495,1050,419.930582442171,2700,1975.54104845374,10.4572698015706,0,0
"483",2001.20273972603,183.854664791866,3306.08550153518,0,0,1026.12745391675,7184.94332363556,0,9.16973112675549,2.12010401456554,6.9303054493495,1050,419.930582442171,2700,1975.54104845374,10.4572698015706,0,0
"484",2001.20273972603,183.854664791866,3306.08550153518,0,0,1026.12745391675,7184.94332363556,0,9.16973112675549,2.12010401456554,6.9303054493495,1050,419.930582442171,2700,1975.54104845374,10.4572698015706,0,0
"485",2002,160.433640326986,3321.16935648605,0,0,964.329132756207,7219.48867580494,0,45.229094114317,10.4572735285797,34.183274440511,1050,428.267751956185,2700,2002.7940174449,12.6209860082193,0,0
"486",2002,160.433640326986,3321.16935648605,0,0,964.329132756207,7219.48867580494,0,0,0,0,1050,428.267751956185,2700,2002.7940174449,12.6209860082193,0,0
"487",2002,160.433640326986,3321.16935648605,0,0,964.329132756207,7219.48867580494,0,0,0,0,1050,428.267751956185,2700,2002.7940174449,12.6209860082193,0,0
"488",2002.00273972603,160.369665559635,3321.19875320954,0,0,964.123867016504,7219.58267501849,0,0.147627243917173,0.03457804385614,0.111266526155513,1050,428.302330000041,2700,2002.90528397106,12.6209860082193,0,0
"489",2002.00273972603,160.369665559635,3321.19875320954,0,0,964.123867016504,7219.58267501849,0,0.147627243917173,0.03457804385614,0.111266526155513,1050,428.302330000041,2700,2002.90528397106,12.6209860082193,0,0
"490",2002.00273972603,160.369665559635,3321.19875320954,0,0,964.123867016504,7219.58267501849,0,0.147627243917173,0.03457804385614,0.111266526155513,1050,428.302330000041,2700,2002.90528397106,12.6209860082193,0,0
"491",2002.00273972603,160.369665559635,3321.19875320954,0,0,964.123867016504,7219.58267501849,0,0.147627243917173,0.03457804385614,0.111266526155513,1050,428.302330000041,2700,2002.90528397106,12.6209860082193,0,0
"492",2002.00273972603,160.369665559635,3321.19875320954,0,0,964.123867016504,7219.58267501849,0,0.147627243917173,0.03457804385614,0.111266526155513,1050,428.302330000041,2700,2002.90528397106,12.6209860082193,0,0
"493",2002.00273972603,160.369665559635,3321.19875320954,0,0,964.123867016504,7219.58267501849,0,0.147627243917173,0.03457804385614,0.111266526155513,1050,428.302330000041,2700,2002.90528397106,12.6209860082193,0,0
"494",2002.20273972603,156.046651346023,3322.99757022151,0,0,949.599003648488,7225.99806243875,0,10.9244160504824,2.55877524549762,8.22074247390892,1050,430.826527201683,2700,2011.01475991881,12.6209860082193,0,0
"495",2002.20273972603,156.046651346023,3322.99757022151,0,0,1039.59900364849,7225.99806243875,0,10.9244160504824,2.55877524549762,8.22074247390892,1050,430.826527201683,2790,2011.01475991881,12.6209860082193,0,0
"496",2002.20273972603,156.046651346023,3322.99757022151,0,0,1039.59900364849,7225.99806243875,0,10.9244160504824,2.55877524549762,8.22074247390892,1050,430.826527201683,2790,2011.01475991881,12.6209860082193,0,0
"497",2002.20273972603,156.046651346023,3322.99757022151,0,0,1039.59900364849,7225.99806243875,0,10.9244160504824,2.55877524549762,8.22074247390892,1050,430.826527201683,2790,2011.01475991881,12.6209860082193,0,0
"498",2002.20273972603,156.046651346023,3322.99757022151,0,0,1039.59900364849,7225.99806243875,0,10.9244160504824,2.55877524549762,8.22074247390892,1050,430.826527201683,2790,2011.01475991881,12.6209860082193,0,0
"499",2002.20273972603,156.046651346023,3322.99757022151,0,0,1039.59900364849,7225.99806243875,0,10.9244160504824,2.55877524549762,8.22074247390892,1050,430.826527201683,2790,2011.01475991881,12.6209860082193,0,0
"500",2002.20273972603,156.046651346023,3322.99757022151,0,0,1039.59900364849,7225.99806243875,0,10.9244160504824,2.55877524549762,8.22074247390892,1050,430.826527201683,2790,2011.01475991881,12.6209860082193,0,0
"501",2003,144.11214263207,3324.86991261699,0,0,971.286758656786,7261.72169535638,0,53.8837662559006,12.620941563976,40.8093545479822,1050,440.888693520162,2790,2043.60337199289,12.5747350404892,0,0
"502",2003,144.11214263207,3324.86991261699,0,0,971.286758656786,7261.72169535638,0,0,0,0,1050,440.888693520162,2790,2043.60337199289,12.5747350404892,0,0
"503",2003,144.11214263207,3324.86991261699,0,0,971.286758656786,7261.72169535638,0,0,0,0,1050,440.888693520162,2790,2043.60337199289,12.5747350404892,0,0
"504",2003.00273972603,144.082449366578,3324.8651545536,0,0,971.080084876594,7261.81727279488,0,0.147120384001436,0.0344513288771334,0.111096341695869,1050,440.923144849039,2790,2043.71446833458,12.5747350404892,0,0
"505",2003.00273972603,144.082449366578,3324.8651545536,0,0,971.080084876594,7261.81727279488,0,0.147120384001436,0.0344513288771334,0.111096341695869,1050,440.923144849039,2790,2043.71446833458,12.5747350404892,0,0
"506",2003.00273972603,144.082449366578,3324.8651545536,0,0,971.080084876594,7261.81727279488,0,0.147120384001436,0.0344513288771334,0.111096341695869,1050,440.923144849039,2790,2043.71446833458,12.5747350404892,0,0
"507",2003.00273972603,144.082449366578,3324.8651545536,0,0,971.080084876594,7261.81727279488,0,0.147120384001436,0.0344513288771334,0.111096341695869,1050,440.923144849039,2790,2043.71446833458,12.5747350404892,0,0
"508",2003.00273972603,144.082449366578,3324.8651545536,0,0,971.080084876594,7261.81727279488,0,0.147120384001436,0.0344513288771334,0.111096341695869,1050,440.923144849039,2790,2043.71446833458,12.5747350404892,0,0
"509",2003.00273972603,144.082449366578,3324.8651545536,0,0,971.080084876594,7261.81727279488,0,0.147120384001436,0.0344513288771334,0.111096341695869,1050,440.923144849039,2790,2043.71446833458,12.5747350404892,0,0
"510",2003.20273972603,142.071653337675,3324.36100357441,0,0,956.454718141856,7268.34456264386,0,10.8869084164054,2.54939833697792,8.20917322744899,1050,443.43809185714,2790,2051.81254522034,12.5747350404892,0,0
"511",2003.20273972603,142.071653337675,3324.36100357441,0,0,1046.45471814186,7268.34456264386,0,10.8869084164054,2.54939833697792,8.20917322744899,1050,443.43809185714,2880,2051.81254522034,12.5747350404892,0,0
"512",2003.20273972603,142.071653337675,3324.36100357441,0,0,1046.45471814186,7268.34456264386,0,10.8869084164054,2.54939833697792,8.20917322744899,1050,443.43809185714,2880,2051.81254522034,12.5747350404892,0,0
"513",2003.20273972603,142.071653337675,3324.36100357441,0,0,1046.45471814186,7268.34456264386,0,10.8869084164054,2.54939833697792,8.20917322744899,1050,443.43809185714,2880,2051.81254522034,12.5747350404892,0,0
"514",2003.20273972603,142.071653337675,3324.36100357441,0,0,1046.45471814186,7268.34456264386,0,10.8869084164054,2.54939833697792,8.20917322744899,1050,443.43809185714,2880,2051.81254522034,12.5747350404892,0,0
"515",2003.20273972603,142.071653337675,3324.36100357441,0,0,1046.45471814186,7268.34456264386,0,10.8869084164054,2.54939833697792,8.20917322744899,1050,443.43809185714,2880,2051.81254522034,12.5747350404892,0,0
"516",2003.20273972603,142.071653337675,3324.36100357441,0,0,1046.45471814186,7268.34456264386,0,10.8869084164054,2.54939833697792,8.20917322744899,1050,443.43809185714,2880,2051.81254522034,12.5747350404892,0,0
"517",2004,136.449977597882,3319.95768143957,0,0,977.827276714788,7304.45786911392,0,53.6989381687748,12.5743962116075,40.7233081844595,1050,453.46308973177,2880,2084.32668017735,6.74325834846621,0,0
"518",2004,136.449977597882,3319.95768143957,0,0,977.827276714788,7304.45786911392,0,0,0,0,1050,453.46308973177,2880,2084.32668017735,6.74325834846621,0,0
"519",2004,136.449977597882,3319.95768143957,0,0,977.827276714788,7304.45786911392,0,0,0,0,1050,453.46308973177,2880,2084.32668017735,6.74325834846621,0,0
"520",2004.00273972603,136.451672124466,3319.93751223258,0,0,977.65982650397,7304.5546694102,0,0.0571456051273973,0.018474680407053,0.0706499145401693,1050,453.481564412177,2880,2084.39733009189,6.74325834846621,0,0
"521",2004.00273972603,136.451672124466,3319.93751223258,0,0,977.65982650397,7304.5546694102,0,0.0571456051273973,0.018474680407053,0.0706499145401693,1050,453.481564412177,2880,2084.39733009189,6.74325834846621,0,0
"522",2004.00273972603,136.451672124466,3319.93751223258,0,0,977.65982650397,7304.5546694102,0,0.0571456051273973,0.018474680407053,0.0706499145401693,1050,453.481564412177,2880,2084.39733009189,6.74325834846621,0,0
"523",2004.00273972603,136.451672124466,3319.93751223258,0,0,977.65982650397,7304.5546694102,0,0.0571456051273973,0.018474680407053,0.0706499145401693,1050,453.481564412177,2880,2084.39733009189,6.74325834846621,0,0
"524",2004.00273972603,136.451672124466,3319.93751223258,0,0,977.65982650397,7304.5546694102,0,0.0571456051273973,0.018474680407053,0.0706499145401693,1050,453.481564412177,2880,2084.39733009189,6.74325834846621,0,0
"525",2004.00273972603,136.451672124466,3319.93751223258,0,0,977.65982650397,7304.5546694102,0,0.0571456051273973,0.018474680407053,0.0706499145401693,1050,453.481564412177,2880,2084.39733009189,6.74325834846621,0,0
"526",2004.20273972603,136.561671118598,3318.47886156875,0,0,965.804908463912,7311.2521436889,0,4.22877477936144,1.3671263501006,5.22809367589099,1050,454.83021608187,2880,2089.55477385324,6.74325834846621,0,0
"527",2004.20273972603,136.561671118598,3318.47886156875,0,0,1055.80490846391,7311.2521436889,0,4.22877477936144,1.3671263501006,5.22809367589099,1050,454.83021608187,2970,2089.55477385324,6.74325834846621,0,0
"528",2004.20273972603,136.561671118598,3318.47886156875,0,0,1055.80490846391,7311.2521436889,0,4.22877477936144,1.3671263501006,5.22809367589099,1050,454.83021608187,2970,2089.55477385324,6.74325834846621,0,0
"529",2004.20273972603,136.561671118598,3318.47886156875,0,0,1055.80490846391,7311.2521436889,0,4.22877477936144,1.3671263501006,5.22809367589099,1050,454.83021608187,2970,2089.55477385324,6.74325834846621,0,0
"530",2004.20273972603,136.561671118598,3318.47886156875,0,0,1055.80490846391,7311.2521436889,0,4.22877477936144,1.3671263501006,5.22809367589099,1050,454.83021608187,2970,2089.55477385324,6.74325834846621,0,0
"531",2004.20273972603,136.561671118598,3318.47886156875,0,0,1055.80490846391,7311.2521436889,0,4.22877477936144,1.3671263501006,5.22809367589099,1050,454.83021608187,2970,2089.55477385324,6.74325834846621,0,0
"532",2004.20273972603,136.561671118598,3318.47886156875,0,0,1055.80490846391,7311.2521436889,0,4.22877477936144,1.3671263501006,5.22809367589099,1050,454.83021608187,2970,2089.55477385324,6.74325834846621,0,0
"533",2005,136.790270236182,3312.87413212737,0,0,997.007908777053,7349.49001777107,0,20.8581396878913,6.74325667389439,25.7872192805786,1050,460.206346405664,2970,2110.11389945793,4.20394828513015,0,0
"534",2005,136.790270236182,3312.87413212737,0,0,997.007908777053,7349.49001777107,0,0,0,0,1050,460.206346405664,2970,2110.11389945793,4.20394828513015,0,0
"535",2005,136.790270236182,3312.87413212737,0,0,997.007908777053,7349.49001777107,0,0,0,0,1050,460.206346405664,2970,2110.11389945793,4.20394828513015,0,0
"536",2005.00273972603,136.797563182183,3312.85532137589,0,0,996.827624522569,7349.59768466588,0,0.0314571809977824,0.011517805482497,0.072617359678292,1050,460.217864211146,2970,2110.1865168176,4.20405104068737,0,0
"537",2005.00273972603,136.797563182183,3312.85532137589,0,0,996.827624522569,7349.59768466588,0,0.0314571809977824,0.011517805482497,0.072617359678292,1050,460.217864211146,2970,2110.1865168176,4.20405104068737,0,0
"538",2005.00273972603,136.797563182183,3312.85532137589,0,0,996.827624522569,7349.59768466588,0,0.0314571809977824,0.011517805482497,0.072617359678292,1050,460.217864211146,2970,2110.1865168176,4.20405104068737,0,0
"539",2005.00273972603,136.797563182183,3312.85532137589,0,0,996.827624522569,7349.59768466588,0,0.0314571809977824,0.011517805482497,0.072617359678292,1050,460.217864211146,2970,2110.1865168176,4.20405104068737,0,0
"540",2005.00273972603,136.797563182183,3312.85532137589,0,0,996.827624522569,7349.59768466588,0,0.0314571809977824,0.011517805482497,0.072617359678292,1050,460.217864211146,2970,2110.1865168176,4.20405104068737,0,0
"541",2005.00273972603,136.797563182183,3312.85532137589,0,0,996.827624522569,7349.59768466588,0,0.0314571809977824,0.011517805482497,0.072617359678292,1050,460.217864211146,2970,2110.1865168176,4.20405104068737,0,0
"542",2005.20273972603,137.286067972489,3311.5253001624,0,0,984.071146732241,7357.0589812762,0,2.32783139395816,0.85303422866194,5.36779853967692,1050,461.059380634326,2970,2115.4816979976,4.21090301506061,0,0
"543",2005.20273972603,137.286067972489,3311.5253001624,0,0,1074.07114673224,7357.0589812762,0,2.32783139395816,0.85303422866194,5.36779853967692,1050,461.059380634326,3060,2115.4816979976,4.21090301506061,0,0
"544",2005.20273972603,137.286067972489,3311.5253001624,0,0,1074.07114673224,7357.0589812762,0,2.32783139395816,0.85303422866194,5.36779853967692,1050,461.059380634326,3060,2115.4816979976,4.21090301506061,0,0
"545",2005.20273972603,137.286067972489,3311.5253001624,0,0,1074.07114673224,7357.0589812762,0,2.32783139395816,0.85303422866194,5.36779853967692,1050,461.059380634326,3060,2115.4816979976,4.21090301506061,0,0
"546",2005.20273972603,137.286067972489,3311.5253001624,0,0,1074.07114673224,7357.0589812762,0,2.32783139395816,0.85303422866194,5.36779853967692,1050,461.059380634326,3060,2115.4816979976,4.21090301506061,0,0
"547",2005.20273972603,137.286067972489,3311.5253001624,0,0,1074.07114673224,7357.0589812762,0,2.32783139395816,0.85303422866194,5.36779853967692,1050,461.059380634326,3060,2115.4816979976,4.21090301506061,0,0
"548",2005.20273972603,137.286067972489,3311.5253001624,0,0,1074.07114673224,7357.0589812762,0,2.32783139395816,0.85303422866194,5.36779853967692,1050,461.059380634326,3060,2115.4816979976,4.21090301506061,0,0
"549",2006,138.566570916964,3306.87970959023,0,0,1012.06848315101,7397.81817194837,0,11.481873303285,4.21812185636668,26.6112714487403,1050,464.42446826203,3060,2136.72517090667,12.435982137299,0,0
"550",2006,138.566570916964,3306.87970959023,0,0,1012.06848315101,7397.81817194837,0,0,0,0,1050,464.42446826203,3060,2136.72517090667,12.435982137299,0,0
"551",2006,138.566570916964,3306.87970959023,0,0,1012.06848315101,7397.81817194837,0,0,0,0,1050,464.42446826203,3060,2136.72517090667,12.435982137299,0,0
"552",2006.00273972603,138.547106397818,3306.86510292543,0,0,1011.84277382467,7397.9331734928,0,0.145599804246675,0.0340711839383443,0.110707781910037,1050,464.458539445969,3060,2136.83587868858,12.435982137299,0,0
"553",2006.00273972603,138.547106397818,3306.86510292543,0,0,1011.84277382467,7397.9331734928,0,0.145599804246675,0.0340711839383443,0.110707781910037,1050,464.458539445969,3060,2136.83587868858,12.435982137299,0,0
"554",2006.00273972603,138.547106397818,3306.86510292543,0,0,1011.84277382467,7397.9331734928,0,0.145599804246675,0.0340711839383443,0.110707781910037,1050,464.458539445969,3060,2136.83587868858,12.435982137299,0,0
"555",2006.00273972603,138.547106397818,3306.86510292543,0,0,1011.84277382467,7397.9331734928,0,0.145599804246675,0.0340711839383443,0.110707781910037,1050,464.458539445969,3060,2136.83587868858,12.435982137299,0,0
"556",2006.00273972603,138.547106397818,3306.86510292543,0,0,1011.84277382467,7397.9331734928,0,0.145599804246675,0.0340711839383443,0.110707781910037,1050,464.458539445969,3060,2136.83587868858,12.435982137299,0,0
"557",2006.00273972603,138.547106397818,3306.86510292543,0,0,1011.84277382467,7397.9331734928,0,0.145599804246675,0.0340711839383443,0.110707781910037,1050,464.458539445969,3060,2136.83587868858,12.435982137299,0,0
"558",2006.20273972603,137.226293308584,3305.6987195872,0,0,995.867006404789,7405.83432217777,0,10.7743855141002,2.52126761140151,8.1853265168223,1050,466.945735873432,3060,2144.91049742349,12.435982137299,0,0
"559",2006.20273972603,137.226293308584,3305.6987195872,0,0,1085.86700640479,7405.83432217777,0,10.7743855141002,2.52126761140151,8.1853265168223,1050,466.945735873432,3150,2144.91049742349,12.435982137299,0,0
"560",2006.20273972603,137.226293308584,3305.6987195872,0,0,1085.86700640479,7405.83432217777,0,10.7743855141002,2.52126761140151,8.1853265168223,1050,466.945735873432,3150,2144.91049742349,12.435982137299,0,0
"561",2006.20273972603,137.226293308584,3305.6987195872,0,0,1085.86700640479,7405.83432217777,0,10.7743855141002,2.52126761140151,8.1853265168223,1050,466.945735873432,3150,2144.91049742349,12.435982137299,0,0
"562",2006.20273972603,137.226293308584,3305.6987195872,0,0,1085.86700640479,7405.83432217777,0,10.7743855141002,2.52126761140151,8.1853265168223,1050,466.945735873432,3150,2144.91049742349,12.435982137299,0,0
"563",2006.20273972603,137.226293308584,3305.6987195872,0,0,1085.86700640479,7405.83432217777,0,10.7743855141002,2.52126761140151,8.1853265168223,1050,466.945735873432,3150,2144.91049742349,12.435982137299,0,0
"564",2006.20273972603,137.226293308584,3305.6987195872,0,0,1085.86700640479,7405.83432217777,0,10.7743855141002,2.52126761140151,8.1853265168223,1050,466.945735873432,3150,2144.91049742349,12.435982137299,0,0
"565",2007,133.491076510876,3299.52146959837,0,0,1012.76019558433,7446.66186945024,0,53.1439419930586,12.4337343979425,40.4645900648073,1050,476.858202659973,3150,2177.18976097148,14.2762196215023,0,0
"566",2007,133.491076510876,3299.52146959837,0,0,1012.76019558433,7446.66186945024,0,0,0,0,1050,476.858202659973,3150,2177.18976097148,14.2762196215023,0,0
"567",2007,133.491076510876,3299.52146959837,0,0,1012.76019558433,7446.66186945024,0,0,0,0,1050,476.858202659973,3150,2177.18976097148,14.2762196215023,0,0
"568",2007.00273972603,133.476420889788,3299.4970129471,0,0,1012.52306373223,7446.77294674349,0,0.171101627284872,0.0391122723635625,0.126054558839972,1050,476.897314932336,3150,2177.31581553032,14.2757350083361,0,0
"569",2007.00273972603,133.476420889788,3299.4970129471,0,0,1012.52306373223,7446.77294674349,0,0.171101627284872,0.0391122723635625,0.126054558839972,1050,476.897314932336,3150,2177.31581553032,14.2757350083361,0,0
"570",2007.00273972603,133.476420889788,3299.4970129471,0,0,1012.52306373223,7446.77294674349,0,0.171101627284872,0.0391122723635625,0.126054558839972,1050,476.897314932336,3150,2177.31581553032,14.2757350083361,0,0
"571",2007.00273972603,133.476420889788,3299.4970129471,0,0,1012.52306373223,7446.77294674349,0,0.171101627284872,0.0391122723635625,0.126054558839972,1050,476.897314932336,3150,2177.31581553032,14.2757350083361,0,0
"572",2007.00273972603,133.476420889788,3299.4970129471,0,0,1012.52306373223,7446.77294674349,0,0.171101627284872,0.0391122723635625,0.126054558839972,1050,476.897314932336,3150,2177.31581553032,14.2757350083361,0,0
"573",2007.00273972603,133.476420889788,3299.4970129471,0,0,1012.52306373223,7446.77294674349,0,0.171101627284872,0.0391122723635625,0.126054558839972,1050,476.897314932336,3150,2177.31581553032,14.2757350083361,0,0
"574",2007.20273972603,132.482071938323,3297.63962250294,0,0,995.755649776326,7454.36533138658,0,12.6615204196846,2.89085166798784,9.30108387165908,1050,479.749054327961,3150,2186.49084484313,14.2422920625537,0,0
"575",2007.20273972603,132.482071938323,3297.63962250294,0,0,1085.75564977633,7454.36533138658,0,12.6615204196846,2.89085166798784,9.30108387165908,1050,479.749054327961,3240,2186.49084484313,14.2422920625537,0,0
"576",2007.20273972603,132.482071938323,3297.63962250294,0,0,1085.75564977633,7454.36533138658,0,12.6615204196846,2.89085166798784,9.30108387165908,1050,479.749054327961,3240,2186.49084484313,14.2422920625537,0,0
"577",2007.20273972603,132.482071938323,3297.63962250294,0,0,1085.75564977633,7454.36533138658,0,12.6615204196846,2.89085166798784,9.30108387165908,1050,479.749054327961,3240,2186.49084484313,14.2422920625537,0,0
"578",2007.20273972603,132.482071938323,3297.63962250294,0,0,1085.75564977633,7454.36533138658,0,12.6615204196846,2.89085166798784,9.30108387165908,1050,479.749054327961,3240,2186.49084484313,14.2422920625537,0,0
"579",2007.20273972603,132.482071938323,3297.63962250294,0,0,1085.75564977633,7454.36533138658,0,12.6615204196846,2.89085166798784,9.30108387165908,1050,479.749054327961,3240,2186.49084484313,14.2422920625537,0,0
"580",2007.20273972603,132.482071938323,3297.63962250294,0,0,1085.75564977633,7454.36533138658,0,12.6615204196846,2.89085166798784,9.30108387165908,1050,479.749054327961,3240,2186.49084484313,14.2422920625537,0,0
"581",2008,129.661872428899,3289.14835428116,0,0,1009.548023058,7493.52083341665,0,62.4518578789146,14.2023193991855,46.3532085599158,1050,491.060522059159,3240,2223.54296953139,14.112365168733,0,0
"582",2008,129.661872428899,3289.14835428116,0,0,1009.548023058,7493.52083341665,0,0,0,0,1050,491.060522059159,3240,2223.54296953139,14.112365168733,0,0
"583",2008,129.661872428899,3289.14835428116,0,0,1009.548023058,7493.52083341665,0,0,0,0,1050,491.060522059159,3240,2223.54296953139,14.112365168733,0,0
"584",2008.00273972603,129.654652591755,3289.11691046512,0,0,1009.3180669139,7493.6251250008,0,0.170594767379167,0.0386636531884601,0.125664559954802,1050,491.099185712347,3240,2223.66863409135,14.1120987612504,0,0
"585",2008.00273972603,129.654652591755,3289.11691046512,0,0,1009.3180669139,7493.6251250008,0,0.170594767379167,0.0386636531884601,0.125664559954802,1050,491.099185712347,3240,2223.66863409135,14.1120987612504,0,0
"586",2008.00273972603,129.654652591755,3289.11691046512,0,0,1009.3180669139,7493.6251250008,0,0.170594767379167,0.0386636531884601,0.125664559954802,1050,491.099185712347,3240,2223.66863409135,14.1120987612504,0,0
"587",2008.00273972603,129.654652591755,3289.11691046512,0,0,1009.3180669139,7493.6251250008,0,0.170594767379167,0.0386636531884601,0.125664559954802,1050,491.099185712347,3240,2223.66863409135,14.1120987612504,0,0
"588",2008.00273972603,129.654652591755,3289.11691046512,0,0,1009.3180669139,7493.6251250008,0,0.170594767379167,0.0386636531884601,0.125664559954802,1050,491.099185712347,3240,2223.66863409135,14.1120987612504,0,0
"589",2008.00273972603,129.654652591755,3289.11691046512,0,0,1009.3180669139,7493.6251250008,0,0.170594767379167,0.0386636531884601,0.125664559954802,1050,491.099185712347,3240,2223.66863409135,14.1120987612504,0,0
"590",2008.20273972603,129.160439100725,3286.79057613901,0,0,993.057143677672,7500.73866325562,0,12.6240127855861,2.85921147032462,9.27304954136008,1050,493.919733529483,3240,2232.81601907275,14.0937230578949,0,0
"591",2008.20273972603,129.160439100725,3286.79057613901,0,0,1083.05714367767,7500.73866325562,0,12.6240127855861,2.85921147032462,9.27304954136008,1050,493.919733529483,3330,2232.81601907275,14.0937230578949,0,0
"592",2008.20273972603,129.160439100725,3286.79057613901,0,0,1083.05714367767,7500.73866325562,0,12.6240127855861,2.85921147032462,9.27304954136008,1050,493.919733529483,3330,2232.81601907275,14.0937230578949,0,0
"593",2008.20273972603,129.160439100725,3286.79057613901,0,0,1083.05714367767,7500.73866325562,0,12.6240127855861,2.85921147032462,9.27304954136008,1050,493.919733529483,3330,2232.81601907275,14.0937230578949,0,0
"594",2008.20273972603,129.160439100725,3286.79057613901,0,0,1083.05714367767,7500.73866325562,0,12.6240127855861,2.85921147032462,9.27304954136008,1050,493.919733529483,3330,2232.81601907275,14.0937230578949,0,0
"595",2008.20273972603,129.160439100725,3286.79057613901,0,0,1083.05714367767,7500.73866325562,0,12.6240127855861,2.85921147032462,9.27304954136008,1050,493.919733529483,3330,2232.81601907275,14.0937230578949,0,0
"596",2008.20273972603,129.160439100725,3286.79057613901,0,0,1083.05714367767,7500.73866325562,0,12.6240127855861,2.85921147032462,9.27304954136008,1050,493.919733529483,3330,2232.81601907275,14.0937230578949,0,0
"597",2009,127.68696776659,3277.05172108348,0,0,1008.56737658166,7538.27434944079,0,62.2670753884249,14.0715378599959,46.2271304522022,1050,505.132059919155,3330,2269.7700999836,9.91014176311671,0,0
"598",2009,127.68696776659,3277.05172108348,0,0,1008.56737658166,7538.27434944079,0,0,0,0,1050,505.132059919155,3330,2269.7700999836,9.91014176311671,0,0
"599",2009,127.68696776659,3277.05172108348,0,0,1008.56737658166,7538.27434944079,0,0,0,0,1050,505.132059919155,3330,2269.7700999836,9.91014176311671,0,0
"600",2009.00273972603,127.694236870621,3277.0173006328,0,0,1008.36571530921,7538.37379892632,0,0.0820856404842116,0.0271513466440095,0.102211786916079,1050,505.159211265799,3330,2269.87231177051,9.91034476087213,0,0
"601",2009.00273972603,127.694236870621,3277.0173006328,0,0,1008.36571530921,7538.37379892632,0,0.0820856404842116,0.0271513466440095,0.102211786916079,1050,505.159211265799,3330,2269.87231177051,9.91034476087213,0,0
"602",2009.00273972603,127.694236870621,3277.0173006328,0,0,1008.36571530921,7538.37379892632,0,0.0820856404842116,0.0271513466440095,0.102211786916079,1050,505.159211265799,3330,2269.87231177051,9.91034476087213,0,0
"603",2009.00273972603,127.694236870621,3277.0173006328,0,0,1008.36571530921,7538.37379892632,0,0.0820856404842116,0.0271513466440095,0.102211786916079,1050,505.159211265799,3330,2269.87231177051,9.91034476087213,0,0
"604",2009.00273972603,127.694236870621,3277.0173006328,0,0,1008.36571530921,7538.37379892632,0,0.0820856404842116,0.0271513466440095,0.102211786916079,1050,505.159211265799,3330,2269.87231177051,9.91034476087213,0,0
"605",2009.00273972603,127.694236870621,3277.0173006328,0,0,1008.36571530921,7538.37379892632,0,0.0820856404842116,0.0271513466440095,0.102211786916079,1050,505.159211265799,3330,2269.87231177051,9.91034476087213,0,0
"606",2009.20273972603,128.176819973804,3274.55126427002,0,0,994.105602913145,7545.19333382188,0,6.07433739622918,2.01060460624779,7.54278928742488,1050,507.142664525403,3330,2277.31288927102,9.92372424585976,0,0
"607",2009.20273972603,128.176819973804,3274.55126427002,0,0,1084.10560291314,7545.19333382188,0,6.07433739622918,2.01060460624779,7.54278928742488,1050,507.142664525403,3420,2277.31288927102,9.92372424585976,0,0
"608",2009.20273972603,128.176819973804,3274.55126427002,0,0,1084.10560291314,7545.19333382188,0,6.07433739622918,2.01060460624779,7.54278928742488,1050,507.142664525403,3420,2277.31288927102,9.92372424585976,0,0
"609",2009.20273972603,128.176819973804,3274.55126427002,0,0,1084.10560291314,7545.19333382188,0,6.07433739622918,2.01060460624779,7.54278928742488,1050,507.142664525403,3420,2277.31288927102,9.92372424585976,0,0
"610",2009.20273972603,128.176819973804,3274.55126427002,0,0,1084.10560291314,7545.19333382188,0,6.07433739622918,2.01060460624779,7.54278928742488,1050,507.142664525403,3420,2277.31288927102,9.92372424585976,0,0
"611",2009.20273972603,128.176819973804,3274.55126427002,0,0,1084.10560291314,7545.19333382188,0,6.07433739622918,2.01060460624779,7.54278928742488,1050,507.142664525403,3420,2277.31288927102,9.92372424585976,0,0
"612",2009.20273972603,128.176819973804,3274.55126427002,0,0,1084.10560291314,7545.19333382188,0,6.07433739622918,2.01060460624779,7.54278928742488,1050,507.142664525403,3420,2277.31288927102,9.92372424585976,0,0
"613",2010,129.373203631523,3265.42835157611,0,0,1016.52975251818,7582.60928127142,0,29.961258456328,9.9371336424273,37.7026922328497,1050,515.069193561582,3420,2307.47279221644,4.59215634213077,0,0
"614",2010,129.373203631523,3265.42835157611,0,0,1016.52975251818,7582.60928127142,0,0,0,0,1050,515.069193561582,3420,2307.47279221644,4.59215634213077,0,0
"615",2010,129.373203631523,3265.42835157611,0,0,1016.52975251818,7582.60928127142,0,0,0,0,1050,515.069193561582,3420,2307.47279221644,4.59215634213077,0,0
"616",2010.00273972603,129.390473126092,3265.39850025872,0,0,1016.33980938316,7582.71090696763,0,0.042337020507736,0.0125818228220155,0.0883174388039633,1050,515.081775384404,3420,2307.56110965525,4.59257889430159,0,0
"617",2010.00273972603,129.390473126092,3265.39850025872,0,0,1016.33980938316,7582.71090696763,0,0.042337020507736,0.0125818228220155,0.0883174388039633,1050,515.081775384404,3420,2307.56110965525,4.59257889430159,0,0
"618",2010.00273972603,129.390473126092,3265.39850025872,0,0,1016.33980938316,7582.71090696763,0,0.042337020507736,0.0125818228220155,0.0883174388039633,1050,515.081775384404,3420,2307.56110965525,4.59257889430159,0,0
"619",2010.00273972603,129.390473126092,3265.39850025872,0,0,1016.33980938316,7582.71090696763,0,0.042337020507736,0.0125818228220155,0.0883174388039633,1050,515.081775384404,3420,2307.56110965525,4.59257889430159,0,0
"620",2010.00273972603,129.390473126092,3265.39850025872,0,0,1016.33980938316,7582.71090696763,0,0.042337020507736,0.0125818228220155,0.0883174388039633,1050,515.081775384404,3420,2307.56110965525,4.59257889430159,0,0
"621",2010.00273972603,129.390473126092,3265.39850025872,0,0,1016.33980938316,7582.71090696763,0,0.042337020507736,0.0125818228220155,0.0883174388039633,1050,515.081775384404,3420,2307.56110965525,4.59257889430159,0,0
"622",2010.20273972603,130.5495026969,3263.31804754979,0,0,1002.91168387616,7589.71300314184,0,3.13326431467381,0.934004960945565,6.51434677159241,1050,516.003198522528,3420,2313.98713898803,4.62081056275811,0,0
"623",2010.20273972603,130.5495026969,3263.31804754979,0,0,1092.91168387616,7589.71300314184,0,3.13326431467381,0.934004960945565,6.51434677159241,1050,516.003198522528,3510,2313.98713898803,4.62081056275811,0,0
"624",2010.20273972603,130.5495026969,3263.31804754979,0,0,1092.91168387616,7589.71300314184,0,3.13326431467381,0.934004960945565,6.51434677159241,1050,516.003198522528,3510,2313.98713898803,4.62081056275811,0,0
"625",2010.20273972603,130.5495026969,3263.31804754979,0,0,1092.91168387616,7589.71300314184,0,3.13326431467381,0.934004960945565,6.51434677159241,1050,516.003198522528,3510,2313.98713898803,4.62081056275811,0,0
"626",2010.20273972603,130.5495026969,3263.31804754979,0,0,1092.91168387616,7589.71300314184,0,3.13326431467381,0.934004960945565,6.51434677159241,1050,516.003198522528,3510,2313.98713898803,4.62081056275811,0,0
"627",2010.20273972603,130.5495026969,3263.31804754979,0,0,1092.91168387616,7589.71300314184,0,3.13326431467381,0.934004960945565,6.51434677159241,1050,516.003198522528,3510,2313.98713898803,4.62081056275811,0,0
"628",2010.20273972603,130.5495026969,3263.31804754979,0,0,1092.91168387616,7589.71300314184,0,3.13326431467381,0.934004960945565,6.51434677159241,1050,516.003198522528,3510,2313.98713898803,4.62081056275811,0,0
"629",2011,133.629641534855,3256.5210633072,0,0,1028.1677803084,7628.26714462276,0,15.459061362162,4.65085036558503,32.7041088584365,1050,519.720043927167,3510,2340.17690107488,14.1559809751197,0,0
"630",2011,133.629641534855,3256.5210633072,0,0,1028.1677803084,7628.26714462276,0,0,0,0,1050,519.720043927167,3510,2340.17690107488,14.1559809751197,0,0
"631",2011,133.629641534855,3256.5210633072,0,0,1028.1677803084,7628.26714462276,0,0,0,0,1050,519.720043927167,3510,2340.17690107488,14.1559809751197,0,0
"632",2011.00273972603,133.611105241743,3256.50081687169,0,0,1027.93563231445,7628.3736765058,0,0.1690741876235,0.0387827286210763,0.125616110911965,1050,519.758826655788,3510,2340.30251718579,14.1554065045486,0,0
"633",2011.00273972603,133.611105241743,3256.50081687169,0,0,1027.93563231445,7628.3736765058,0,0.1690741876235,0.0387827286210763,0.125616110911965,1050,519.758826655788,3510,2340.30251718579,14.1554065045486,0,0
"634",2011.00273972603,133.611105241743,3256.50081687169,0,0,1027.93563231445,7628.3736765058,0,0.1690741876235,0.0387827286210763,0.125616110911965,1050,519.758826655788,3510,2340.30251718579,14.1554065045486,0,0
"635",2011.00273972603,133.611105241743,3256.50081687169,0,0,1027.93563231445,7628.3736765058,0,0.1690741876235,0.0387827286210763,0.125616110911965,1050,519.758826655788,3510,2340.30251718579,14.1554065045486,0,0
"636",2011.00273972603,133.611105241743,3256.50081687169,0,0,1027.93563231445,7628.3736765058,0,0.1690741876235,0.0387827286210763,0.125616110911965,1050,519.758826655788,3510,2340.30251718579,14.1554065045486,0,0
"637",2011.00273972603,133.611105241743,3256.50081687169,0,0,1027.93563231445,7628.3736765058,0,0.1690741876235,0.0387827286210763,0.125616110911965,1050,519.758826655788,3510,2340.30251718579,14.1554065045486,0,0
"638",2011.20273972603,132.355715485154,3254.9291768405,0,0,1011.51725642796,7635.64557450294,0,12.5114898832859,2.86581251640012,9.27209400025882,1050,522.585856443567,3510,2349.44899507513,14.1155905914929,0,0
"639",2011.20273972603,132.355715485154,3254.9291768405,0,0,1101.51725642796,7635.64557450294,0,12.5114898832859,2.86581251640012,9.27209400025882,1050,522.585856443567,3600,2349.44899507513,14.1155905914929,0,0
"640",2011.20273972603,132.355715485154,3254.9291768405,0,0,1101.51725642796,7635.64557450294,0,12.5114898832859,2.86581251640012,9.27209400025882,1050,522.585856443567,3600,2349.44899507513,14.1155905914929,0,0
"641",2011.20273972603,132.355715485154,3254.9291768405,0,0,1101.51725642796,7635.64557450294,0,12.5114898832859,2.86581251640012,9.27209400025882,1050,522.585856443567,3600,2349.44899507513,14.1155905914929,0,0
"642",2011.20273972603,132.355715485154,3254.9291768405,0,0,1101.51725642796,7635.64557450294,0,12.5114898832859,2.86581251640012,9.27209400025882,1050,522.585856443567,3600,2349.44899507513,14.1155905914929,0,0
"643",2011.20273972603,132.355715485154,3254.9291768405,0,0,1101.51725642796,7635.64557450294,0,12.5114898832859,2.86581251640012,9.27209400025882,1050,522.585856443567,3600,2349.44899507513,14.1155905914929,0,0
"644",2011.20273972603,132.355715485154,3254.9291768405,0,0,1101.51725642796,7635.64557450294,0,12.5114898832859,2.86581251640012,9.27209400025882,1050,522.585856443567,3600,2349.44899507513,14.1155905914929,0,0
"645",2012,128.833213505493,3247.24989855998,0,0,1026.5443991524,7673.73038996933,0,61.7120240457216,14.0675927765833,46.1601358094354,1050,533.78763670375,3600,2386.33703688431,13.9648833424297,0,0
"646",2012,128.833213505493,3247.24989855998,0,0,1026.5443991524,7673.73038996933,0,0,0,0,1050,533.78763670375,3600,2386.33703688431,13.9648833424297,0,0
"647",2012,128.833213505493,3247.24989855998,0,0,1026.5443991524,7673.73038996933,0,0,0,0,1050,533.78763670375,3600,2386.33703688431,13.9648833424297,0,0
"648",2012.00273972603,128.824292080944,3247.22056046524,0,0,1026.31799972758,7673.83150422504,0,0.168567327677261,0.0382595192906485,0.125285169110278,1050,533.825896223041,3600,2386.46232205342,13.9645624393698,0,0
"649",2012.00273972603,128.824292080944,3247.22056046524,0,0,1026.31799972758,7673.83150422504,0,0.168567327677261,0.0382595192906485,0.125285169110278,1050,533.825896223041,3600,2386.46232205342,13.9645624393698,0,0
"650",2012.00273972603,128.824292080944,3247.22056046524,0,0,1026.31799972758,7673.83150422504,0,0.168567327677261,0.0382595192906485,0.125285169110278,1050,533.825896223041,3600,2386.46232205342,13.9645624393698,0,0
"651",2012.00273972603,128.824292080944,3247.22056046524,0,0,1026.31799972758,7673.83150422504,0,0.168567327677261,0.0382595192906485,0.125285169110278,1050,533.825896223041,3600,2386.46232205342,13.9645624393698,0,0
"652",2012.00273972603,128.824292080944,3247.22056046524,0,0,1026.31799972758,7673.83150422504,0,0.168567327677261,0.0382595192906485,0.125285169110278,1050,533.825896223041,3600,2386.46232205342,13.9645624393698,0,0
"653",2012.00273972603,128.824292080944,3247.22056046524,0,0,1026.31799972758,7673.83150422504,0,0.168567327677261,0.0382595192906485,0.125285169110278,1050,533.825896223041,3600,2386.46232205342,13.9645624393698,0,0
"654",2012.20273972603,128.215777642677,3245.03841545251,0,0,1010.30531038223,7680.72111692695,0,12.4739822491545,2.82891897027996,9.24836181254996,1050,536.61655567403,3600,2395.58539869686,13.9424598940459,0,0
"655",2012.20273972603,128.215777642677,3245.03841545251,0,0,1100.30531038223,7680.72111692695,0,12.4739822491545,2.82891897027996,9.24836181254996,1050,536.61655567403,3690,2395.58539869686,13.9424598940459,0,0
"656",2012.20273972603,128.215777642677,3245.03841545251,0,0,1100.30531038223,7680.72111692695,0,12.4739822491545,2.82891897027996,9.24836181254996,1050,536.61655567403,3690,2395.58539869686,13.9424598940459,0,0
"657",2012.20273972603,128.215777642677,3245.03841545251,0,0,1100.30531038223,7680.72111692695,0,12.4739822491545,2.82891897027996,9.24836181254996,1050,536.61655567403,3690,2395.58539869686,13.9424598940459,0,0
"658",2012.20273972603,128.215777642677,3245.03841545251,0,0,1100.30531038223,7680.72111692695,0,12.4739822491545,2.82891897027996,9.24836181254996,1050,536.61655567403,3690,2395.58539869686,13.9424598940459,0,0
"659",2012.20273972603,128.215777642677,3245.03841545251,0,0,1100.30531038223,7680.72111692695,0,12.4739822491545,2.82891897027996,9.24836181254996,1050,536.61655567403,3690,2395.58539869686,13.9424598940459,0,0
"660",2012.20273972603,128.215777642677,3245.03841545251,0,0,1100.30531038223,7680.72111692695,0,12.4739822491545,2.82891897027996,9.24836181254996,1050,536.61655567403,3690,2395.58539869686,13.9424598940459,0,0
"661",2013,126.436782498566,3235.73034934978,0,0,1026.71281850975,7717.51417346563,0,61.5268699375845,13.9159802171268,46.0477971463411,1050,547.703616920877,3690,2432.38483403065,13.8469303844115,0,0
"662",2013,126.436782498566,3235.73034934978,0,0,1026.71281850975,7717.51417346563,0,0,0,0,1050,547.703616920877,3690,2432.38483403065,13.8469303844115,0,0
"663",2013,126.436782498566,3235.73034934978,0,0,1026.71281850975,7717.51417346563,0,0,0,0,1050,547.703616920877,3690,2432.38483403065,13.8469303844115,0,0
"664",2013.00273972603,126.432098130009,3235.6970971659,0,0,1026.49055001265,7717.61142256624,0,0.168060467780681,0.037936552433151,0.125019396488649,1050,547.741553473311,3690,2432.50985342714,13.8467512685277,0,0
"665",2013.00273972603,126.432098130009,3235.6970971659,0,0,1026.49055001265,7717.61142256624,0,0.168060467780681,0.037936552433151,0.125019396488649,1050,547.741553473311,3690,2432.50985342714,13.8467512685277,0,0
"666",2013.00273972603,126.432098130009,3235.6970971659,0,0,1026.49055001265,7717.61142256624,0,0.168060467780681,0.037936552433151,0.125019396488649,1050,547.741553473311,3690,2432.50985342714,13.8467512685277,0,0
"667",2013.00273972603,126.432098130009,3235.6970971659,0,0,1026.49055001265,7717.61142256624,0,0.168060467780681,0.037936552433151,0.125019396488649,1050,547.741553473311,3690,2432.50985342714,13.8467512685277,0,0
"668",2013.00273972603,126.432098130009,3235.6970971659,0,0,1026.49055001265,7717.61142256624,0,0.168060467780681,0.037936552433151,0.125019396488649,1050,547.741553473311,3690,2432.50985342714,13.8467512685277,0,0
"669",2013.00273972603,126.432098130009,3235.6970971659,0,0,1026.49055001265,7717.61142256624,0,0.168060467780681,0.037936552433151,0.125019396488649,1050,547.741553473311,3690,2432.50985342714,13.8467512685277,0,0
"670",2013.20273972603,126.108483476042,3233.25262561796,0,0,1010.7691878142,7724.22834712243,0,12.4364746150663,2.80602275433545,9.22945703874754,1050,550.509639675213,3690,2441.6142910694,13.8343164342002,0,0
"671",2013.20273972603,126.108483476042,3233.25262561796,0,0,1100.7691878142,7724.22834712243,0,12.4364746150663,2.80602275433545,9.22945703874754,1050,550.509639675213,3780,2441.6142910694,13.8343164342002,0,0
"672",2013.20273972603,126.108483476042,3233.25262561796,0,0,1100.7691878142,7724.22834712243,0,12.4364746150663,2.80602275433545,9.22945703874754,1050,550.509639675213,3780,2441.6142910694,13.8343164342002,0,0
"673",2013.20273972603,126.108483476042,3233.25262561796,0,0,1100.7691878142,7724.22834712243,0,12.4364746150663,2.80602275433545,9.22945703874754,1050,550.509639675213,3780,2441.6142910694,13.8343164342002,0,0
"674",2013.20273972603,126.108483476042,3233.25262561796,0,0,1100.7691878142,7724.22834712243,0,12.4364746150663,2.80602275433545,9.22945703874754,1050,550.509639675213,3780,2441.6142910694,13.8343164342002,0,0
"675",2013.20273972603,126.108483476042,3233.25262561796,0,0,1100.7691878142,7724.22834712243,0,12.4364746150663,2.80602275433545,9.22945703874754,1050,550.509639675213,3780,2441.6142910694,13.8343164342002,0,0
"676",2013.20273972603,126.108483476042,3233.25262561796,0,0,1100.7691878142,7724.22834712243,0,12.4364746150663,2.80602275433545,9.22945703874754,1050,550.509639675213,3780,2441.6142910694,13.8343164342002,0,0
"677",2014,125.095788003634,3223.2525044939,0,0,1028.17259759042,7760.10139979056,0,61.3419608395448,13.8188393508107,45.9529945944025,1050,561.522456271688,3780,2478.33782862505,9.74310400088399,0,0
"678",2014,125.095788003634,3223.2525044939,0,0,1028.17259759042,7760.10139979056,0,0,0,0,1050,561.522456271688,3780,2478.33782862505,9.74310400088399,0,0
"679",2014,125.095788003634,3223.2525044939,0,0,1028.17259759042,7760.10139979056,0,0,0,0,1050,561.522456271688,3780,2478.33782862505,9.74310400088399,0,0
"680",2014.00273972603,125.103975119686,3223.21762362809,0,0,1027.97612406719,7760.19591020345,0,0.0810169928873161,0.0266937497553297,0.101963110340775,1050,561.549150021443,3780,2478.43979173539,9.74333709987956,0,0
"681",2014.00273972603,125.103975119686,3223.21762362809,0,0,1027.97612406719,7760.19591020345,0,0.0810169928873161,0.0266937497553297,0.101963110340775,1050,561.549150021443,3780,2478.43979173539,9.74333709987956,0,0
"682",2014.00273972603,125.103975119686,3223.21762362809,0,0,1027.97612406719,7760.19591020345,0,0.0810169928873161,0.0266937497553297,0.101963110340775,1050,561.549150021443,3780,2478.43979173539,9.74333709987956,0,0
"683",2014.00273972603,125.103975119686,3223.21762362809,0,0,1027.97612406719,7760.19591020345,0,0.0810169928873161,0.0266937497553297,0.101963110340775,1050,561.549150021443,3780,2478.43979173539,9.74333709987956,0,0
"684",2014.00273972603,125.103975119686,3223.21762362809,0,0,1027.97612406719,7760.19591020345,0,0.0810169928873161,0.0266937497553297,0.101963110340775,1050,561.549150021443,3780,2478.43979173539,9.74333709987956,0,0
"685",2014.00273972603,125.103975119686,3223.21762362809,0,0,1027.97612406719,7760.19591020345,0,0.0810169928873161,0.0266937497553297,0.101963110340775,1050,561.549150021443,3780,2478.43979173539,9.74333709987956,0,0
"686",2014.20273972603,125.64838219373,3220.72295876601,0,0,1014.07999508997,7766.6667441545,0,5.9952574734011,1.97695153779029,7.52725813651712,1050,563.499407809478,3780,2485.86508676157,9.75871151801874,0,0
"687",2014.20273972603,125.64838219373,3220.72295876601,0,0,1104.07999508997,7766.6667441545,0,5.9952574734011,1.97695153779029,7.52725813651712,1050,563.499407809478,3870,2485.86508676157,9.75871151801874,0,0
"688",2014.20273972603,125.64838219373,3220.72295876601,0,0,1104.07999508997,7766.6667441545,0,5.9952574734011,1.97695153779029,7.52725813651712,1050,563.499407809478,3870,2485.86508676157,9.75871151801874,0,0
"689",2014.20273972603,125.64838219373,3220.72295876601,0,0,1104.07999508997,7766.6667441545,0,5.9952574734011,1.97695153779029,7.52725813651712,1050,563.499407809478,3870,2485.86508676157,9.75871151801874,0,0
"690",2014.20273972603,125.64838219373,3220.72295876601,0,0,1104.07999508997,7766.6667441545,0,5.9952574734011,1.97695153779029,7.52725813651712,1050,563.499407809478,3870,2485.86508676157,9.75871151801874,0,0
"691",2014.20273972603,125.64838219373,3220.72295876601,0,0,1104.07999508997,7766.6667441545,0,5.9952574734011,1.97695153779029,7.52725813651712,1050,563.499407809478,3870,2485.86508676157,9.75871151801874,0,0
"692",2014.20273972603,125.64838219373,3220.72295876601,0,0,1104.07999508997,7766.6667441545,0,5.9952574734011,1.97695153779029,7.52725813651712,1050,563.499407809478,3870,2485.86508676157,9.75871151801874,0,0
"693",2015,127.012864938268,3211.56122983294,0,0,1037.79442158797,7802.9091603085,0,29.5711907313538,9.77419772632551,37.5704154845174,1050,571.296653998014,3870,2515.90824410957,3.76323114900192,0,0
"694",2015,127.012864938268,3211.56122983294,0,0,1037.79442158797,7802.9091603085,0,0,0,0,1050,571.296653998014,3870,2515.90824410957,3.76323114900192,0,0
"695",2015,127.012864938268,3211.56122983294,0,0,1037.79442158797,7802.9091603085,0,0,0,0,1050,571.296653998014,3870,2515.90824410957,3.76323114900192,0,0
"696",2015.00273972603,127.032379851244,3211.53140439105,0,0,1037.63236021627,7803.00729171091,0,0.0273478706687036,0.0103105289080657,0.0639299692785849,1050,571.306964526922,3870,2515.97217407885,3.76345848168292,0,0
"697",2015.00273972603,127.032379851244,3211.53140439105,0,0,1037.63236021627,7803.00729171091,0,0.0273478706687036,0.0103105289080657,0.0639299692785849,1050,571.306964526922,3870,2515.97217407885,3.76345848168292,0,0
"698",2015.00273972603,127.032379851244,3211.53140439105,0,0,1037.63236021627,7803.00729171091,0,0.0273478706687036,0.0103105289080657,0.0639299692785849,1050,571.306964526922,3870,2515.97217407885,3.76345848168292,0,0
"699",2015.00273972603,127.032379851244,3211.53140439105,0,0,1037.63236021627,7803.00729171091,0,0.0273478706687036,0.0103105289080657,0.0639299692785849,1050,571.306964526922,3870,2515.97217407885,3.76345848168292,0,0
"700",2015.00273972603,127.032379851244,3211.53140439105,0,0,1037.63236021627,7803.00729171091,0,0.0273478706687036,0.0103105289080657,0.0639299692785849,1050,571.306964526922,3870,2515.97217407885,3.76345848168292,0,0
"701",2015.00273972603,127.032379851244,3211.53140439105,0,0,1037.63236021627,7803.00729171091,0,0.0273478706687036,0.0103105289080657,0.0639299692785849,1050,571.306964526922,3870,2515.97217407885,3.76345848168292,0,0
"702",2015.20273972603,128.344695674473,3209.46484391381,0,0,1026.16040250099,7809.81236166892,0,2.02374242945782,0.764555182924338,4.73081772655392,1050,572.061209180938,3870,2520.63906183613,3.77848745271042,0,0
"703",2015.20273972603,128.344695674473,3209.46484391381,0,0,1116.16040250099,7809.81236166892,0,2.02374242945782,0.764555182924338,4.73081772655392,1050,572.061209180938,3960,2520.63906183613,3.77848745271042,0,0
"704",2015.20273972603,128.344695674473,3209.46484391381,0,0,1116.16040250099,7809.81236166892,0,2.02374242945782,0.764555182924338,4.73081772655392,1050,572.061209180938,3960,2520.63906183613,3.77848745271042,0,0
"705",2015.20273972603,128.344695674473,3209.46484391381,0,0,1116.16040250099,7809.81236166892,0,2.02374242945782,0.764555182924338,4.73081772655392,1050,572.061209180938,3960,2520.63906183613,3.77848745271042,0,0
"706",2015.20273972603,128.344695674473,3209.46484391381,0,0,1116.16040250099,7809.81236166892,0,2.02374242945782,0.764555182924338,4.73081772655392,1050,572.061209180938,3960,2520.63906183613,3.77848745271042,0,0
"707",2015.20273972603,128.344695674473,3209.46484391381,0,0,1116.16040250099,7809.81236166892,0,2.02374242945782,0.764555182924338,4.73081772655392,1050,572.061209180938,3960,2520.63906183613,3.77848745271042,0,0
"708",2015.20273972603,128.344695674473,3209.46484391381,0,0,1116.16040250099,7809.81236166892,0,2.02374242945782,0.764555182924338,4.73081772655392,1050,572.061209180938,3960,2520.63906183613,3.77848745271042,0,0
"709",2016,131.868781830847,3202.91136746222,0,0,1058.69539909329,7848.67390811129,0,9.98190259783844,3.7939454781404,23.3342746918836,1050,575.090599476154,3960,2539.24251880146,0,0,0
