"","time","P_labile","P_stable","P_labile_placed","P_labile_FYM","K_labile","K_stable","K_labile_FYM","N_up","P_up","K_up","PIN","POUT","KIN","KOUT","P_up_labile","P_up_labile_placed","P_up_labile_FYM"
"1",1961,948.452039052899,4627.92391364088,0,108.262694089209,965.237869189233,9469.45411441191,188.247803231306,0,0,0,0,0,0,0,9.15895739648542,0,1.04546499133679
"2",1961,948.452039052899,4627.92391364088,0,108.262694089209,965.237869189233,9469.45411441191,188.247803231306,0,0,0,0,0,0,0,9.15895739648542,0,1.04546499133679
"3",1961,948.452039052899,4627.92391364088,0,108.262694089209,965.237869189233,9469.45411441191,188.247803231306,0,0,0,0,0,0,0,9.15895739648542,0,1.04546499133679
"4",1961.16438356164,948.60239865784,4627.05728909598,0,107.302059339403,946.998017761906,9473.68105020862,182.785093910239,11.0472675942102,1.67689968976814,19.4756249516874,0,1.67689968976814,0,19.4756249516874,9.16153992303448,0,1.03631627102425
"5",1961.16438356164,948.60239865784,4635.92768909598,0,172.351659339403,946.998017761906,9473.68105020862,332.185093910239,11.0472675942102,1.67689968976814,19.4756249516874,73.92,1.67689968976814,149.4,19.4756249516874,9.06888695250914,0,1.6477269263054
"6",1961.16438356164,948.60239865784,4635.92768909598,0,172.351659339403,946.998017761906,9473.68105020862,332.185093910239,11.0472675942102,1.67689968976814,19.4756249516874,73.92,1.67689968976814,149.4,19.4756249516874,9.06888695250914,0,1.6477269263054
"7",1961.16438356164,948.60239865784,4635.92768909598,0,172.351659339403,946.998017761906,9473.68105020862,332.185093910239,11.0472675942102,1.67689968976814,19.4756249516874,73.92,1.67689968976814,149.4,19.4756249516874,9.06888695250914,0,1.6477269263054
"8",1961.16438356164,948.60239865784,4635.92768909598,0,172.351659339403,946.998017761906,9473.68105020862,332.185093910239,11.0472675942102,1.67689968976814,19.4756249516874,73.92,1.67689968976814,149.4,19.4756249516874,9.06888695250914,0,1.6477269263054
"9",1961.16438356164,948.60239865784,4635.92768909598,0,172.351659339403,946.998017761906,9473.68105020862,332.185093910239,11.0472675942102,1.67689968976814,19.4756249516874,73.92,1.67689968976814,149.4,19.4756249516874,9.06888695250914,0,1.6477269263054
"10",1961.20273972603,948.651115962385,4635.82539017199,0,171.994239189702,943.033353625294,9474.94025504717,329.945231700248,13.6415900770466,2.0879014589076,24.4209464597391,73.92,2.0879014589076,149.4,24.4209464597391,9.06980095733954,0,1.6443911665851
"11",1961.20273972603,948.651115962385,4635.82539017199,0,171.994239189702,1075.83335362529,9474.94025504717,329.945231700248,13.6415900770466,2.0879014589076,24.4209464597391,73.92,2.0879014589076,282.2,24.4209464597391,9.06980095733954,0,1.6443911665851
"12",1961.20273972603,948.651115962385,4635.82539017199,0,171.994239189702,1075.83335362529,9474.94025504717,329.945231700248,13.6415900770466,2.0879014589076,24.4209464597391,73.92,2.0879014589076,282.2,24.4209464597391,9.06980095733954,0,1.6443911665851
"13",1961.20273972603,948.651115962385,4635.82539017199,0,171.994239189702,1075.83335362529,9474.94025504717,329.945231700248,13.6415900770466,2.0879014589076,24.4209464597391,73.92,2.0879014589076,282.2,24.4209464597391,9.06980095733954,0,1.6443911665851
"14",1961.20273972603,948.651115962385,4635.82539017199,0,171.994239189702,1075.83335362529,9474.94025504717,329.945231700248,13.6415900770466,2.0879014589076,24.4209464597391,73.92,2.0879014589076,282.2,24.4209464597391,9.06980095733954,0,1.6443911665851
"15",1961.20273972603,948.651115962385,4635.82539017199,0,171.994239189702,1075.83335362529,9474.94025504717,329.945231700248,13.6415900770466,2.0879014589076,24.4209464597391,73.92,2.0879014589076,282.2,24.4209464597391,9.06980095733954,0,1.6443911665851
"16",1961.20273972603,948.651115962385,4635.82539017199,0,171.994239189702,1075.83335362529,9474.94025504717,329.945231700248,13.6415900770466,2.0879014589076,24.4209464597391,73.92,2.0879014589076,282.2,24.4209464597391,9.06980095733954,0,1.6443911665851
"17",1962,949.56581917526,4633.65296718923,0,164.729904256412,969.657212778725,9519.52229017428,287.225045368503,67.5500461301638,10.6099561620909,128.735238510943,73.92,10.6099561620909,282.2,128.735238510943,11.3524657115174,0,1.96941649748589
"18",1962,949.56581917526,4633.65296718923,0,164.729904256412,969.657212778725,9519.52229017428,287.225045368503,0,0,0,73.92,10.6099561620909,282.2,128.735238510943,11.3524657115174,0,1.96941649748589
"19",1962,949.56581917526,4633.65296718923,0,164.729904256412,969.657212778725,9519.52229017428,287.225045368503,0,0,0,73.92,10.6099561620909,282.2,128.735238510943,11.3524657115174,0,1.96941649748589
"20",1962.16438356164,949.363923548857,4633.18882665961,0,163.206353813971,961.687266981479,9525.24067878529,281.997096938466,7.97265630120089,2.18958659846347,7.4795056162692,73.92,12.7995427605544,282.2,136.214744127212,11.3644143070503,0,1.95367084874228
"21",1962.16438356164,949.363923548857,4633.18882665961,0,163.206353813971,961.687266981479,9525.24067878529,281.997096938466,7.97265630120089,2.18958659846347,7.4795056162692,73.92,12.7995427605544,282.2,136.214744127212,11.3644143070503,0,1.95367084874228
"22",1962.16438356164,949.363923548857,4633.18882665961,0,163.206353813971,961.687266981479,9525.24067878529,281.997096938466,7.97265630120089,2.18958659846347,7.4795056162692,73.92,12.7995427605544,282.2,136.214744127212,11.3644143070503,0,1.95367084874228
"23",1962.16438356164,949.363923548857,4633.18882665961,0,163.206353813971,961.687266981479,9525.24067878529,281.997096938466,7.97265630120089,2.18958659846347,7.4795056162692,73.92,12.7995427605544,282.2,136.214744127212,11.3644143070503,0,1.95367084874228
"24",1962.16438356164,949.363923548857,4633.18882665961,0,163.206353813971,961.687266981479,9525.24067878529,281.997096938466,7.97265630120089,2.18958659846347,7.4795056162692,73.92,12.7995427605544,282.2,136.214744127212,11.3644143070503,0,1.95367084874228
"25",1962.16438356164,949.363923548857,4633.18882665961,0,163.206353813971,961.687266981479,9525.24067878529,281.997096938466,7.97265630120089,2.18958659846347,7.4795056162692,73.92,12.7995427605544,282.2,136.214744127212,11.3644143070503,0,1.95367084874228
"26",1962.20273972603,949.316889498797,4633.07856797763,0,162.852832955093,959.893750373068,9526.49761460224,280.788459752798,9.83294277147914,2.7004001893862,9.22472359339685,73.92,13.3103563514771,282.2,137.95996210434,11.3671848840746,0,1.95001087789896
"27",1962.20273972603,949.316889498797,4633.07856797763,0,162.852832955093,1059.49375037307,9526.49761460224,280.788459752798,9.83294277147914,2.7004001893862,9.22472359339685,73.92,13.3103563514771,381.8,137.95996210434,11.3671848840746,0,1.95001087789896
"28",1962.20273972603,949.316889498797,4633.07856797763,0,162.852832955093,1059.49375037307,9526.49761460224,280.788459752798,9.83294277147914,2.7004001893862,9.22472359339685,73.92,13.3103563514771,381.8,137.95996210434,11.3671848840746,0,1.95001087789896
"29",1962.20273972603,949.316889498797,4633.07856797763,0,162.852832955093,1059.49375037307,9526.49761460224,280.788459752798,9.83294277147914,2.7004001893862,9.22472359339685,73.92,13.3103563514771,381.8,137.95996210434,11.3671848840746,0,1.95001087789896
"30",1962.20273972603,949.316889498797,4633.07856797763,0,162.852832955093,1059.49375037307,9526.49761460224,280.788459752798,9.83294277147914,2.7004001893862,9.22472359339685,73.92,13.3103563514771,381.8,137.95996210434,11.3671848840746,0,1.95001087789896
"31",1962.20273972603,949.316889498797,4633.07856797763,0,162.852832955093,1059.49375037307,9526.49761460224,280.788459752798,9.83294277147914,2.7004001893862,9.22472359339685,73.92,13.3103563514771,381.8,137.95996210434,11.3671848840746,0,1.95001087789896
"32",1962.20273972603,949.316889498797,4633.07856797763,0,162.852832955093,1059.49375037307,9526.49761460224,280.788459752798,9.83294277147914,2.7004001893862,9.22472359339685,73.92,13.3103563514771,381.8,137.95996210434,11.3671848840746,0,1.95001087789896
"33",1963,948.344063731448,4630.62347903774,0,155.67091756178,1003.24053415044,9570.13199763018,257.131605831153,48.5003297265249,13.3102302899354,45.5004107097383,73.92,23.9201864520263,381.8,174.235649220681,12.2003138735904,0,2.00268460348728
"34",1963,948.344063731448,4630.62347903774,0,155.67091756178,1003.24053415044,9570.13199763018,257.131605831153,0,0,0,73.92,23.9201864520263,381.8,174.235649220681,12.2003138735904,0,2.00268460348728
"35",1963,948.344063731448,4630.62347903774,0,155.67091756178,1003.24053415044,9570.13199763018,257.131605831153,0,0,0,73.92,23.9201864520263,381.8,174.235649220681,12.2003138735904,0,2.00268460348728
"36",1963.16438356164,948.018824353032,4630.0779427802,0,154.208200632611,990.695912340819,9576.95602936851,251.716061478838,8.14113618734724,2.33349256513329,11.1361344236017,73.92,26.2536790171596,381.8,185.371783644283,12.2028835304887,0,1.98496555492999
"37",1963.16438356164,948.018824353032,4630.0779427802,0,154.208200632611,990.695912340819,9576.95602936851,251.716061478838,8.14113618734724,2.33349256513329,11.1361344236017,73.92,26.2536790171596,381.8,185.371783644283,12.2028835304887,0,1.98496555492999
"38",1963.16438356164,948.018824353032,4630.0779427802,0,154.208200632611,990.695912340819,9576.95602936851,251.716061478838,8.14113618734724,2.33349256513329,11.1361344236017,73.92,26.2536790171596,381.8,185.371783644283,12.2028835304887,0,1.98496555492999
"39",1963.16438356164,948.018824353032,4630.0779427802,0,154.208200632611,990.695912340819,9576.95602936851,251.716061478838,8.14113618734724,2.33349256513329,11.1361344236017,73.92,26.2536790171596,381.8,185.371783644283,12.2028835304887,0,1.98496555492999
"40",1963.16438356164,948.018824353032,4630.0779427802,0,154.208200632611,990.695912340819,9576.95602936851,251.716061478838,8.14113618734724,2.33349256513329,11.1361344236017,73.92,26.2536790171596,381.8,185.371783644283,12.2028835304887,0,1.98496555492999
"41",1963.16438356164,948.018824353032,4630.0779427802,0,154.208200632611,990.695912340819,9576.95602936851,251.716061478838,8.14113618734724,2.33349256513329,11.1361344236017,73.92,26.2536790171596,381.8,185.371783644283,12.2028835304887,0,1.98496555492999
"42",1963.20273972603,947.943606031207,4629.94838142272,0,153.868856263446,987.875980020977,9578.43343078674,250.465411215883,10.0407031840663,2.8776166135976,13.7293155881657,73.92,26.7978030656239,381.8,187.964964808847,12.2034807948063,0,1.98085162490981
"43",1963.20273972603,947.943606031207,4629.94838142272,0,153.868856263446,1087.47598002098,9578.43343078674,250.465411215883,10.0407031840663,2.8776166135976,13.7293155881657,73.92,26.7978030656239,481.4,187.964964808847,12.2034807948063,0,1.98085162490981
"44",1963.20273972603,947.943606031207,4629.94838142272,0,153.868856263446,1087.47598002098,9578.43343078674,250.465411215883,10.0407031840663,2.8776166135976,13.7293155881657,73.92,26.7978030656239,481.4,187.964964808847,12.2034807948063,0,1.98085162490981
"45",1963.20273972603,947.943606031207,4629.94838142272,0,153.868856263446,1087.47598002098,9578.43343078674,250.465411215883,10.0407031840663,2.8776166135976,13.7293155881657,73.92,26.7978030656239,481.4,187.964964808847,12.2034807948063,0,1.98085162490981
"46",1963.20273972603,947.943606031207,4629.94838142272,0,153.868856263446,1087.47598002098,9578.43343078674,250.465411215883,10.0407031840663,2.8776166135976,13.7293155881657,73.92,26.7978030656239,481.4,187.964964808847,12.2034807948063,0,1.98085162490981
"47",1963.20273972603,947.943606031207,4629.94838142272,0,153.868856263446,1087.47598002098,9578.43343078674,250.465411215883,10.0407031840663,2.8776166135976,13.7293155881657,73.92,26.7978030656239,481.4,187.964964808847,12.2034807948063,0,1.98085162490981
"48",1963.20273972603,947.943606031207,4629.94838142272,0,153.868856263446,1087.47598002098,9578.43343078674,250.465411215883,10.0407031840663,2.8776166135976,13.7293155881657,73.92,26.7978030656239,481.4,187.964964808847,12.2034807948063,0,1.98085162490981
"49",1964,946.43288317477,4627.06813729992,0,146.979950001619,1012.24539136406,9623.72658235856,226.108294544366,49.5218272426503,14.1574898546662,68.0238693447898,73.92,38.0776763066925,481.4,242.259518565471,9.17469793171288,0,1.42482015075347
"50",1964,946.43288317477,4627.06813729992,0,146.979950001619,1012.24539136406,9623.72658235856,226.108294544366,0,0,0,73.92,38.0776763066925,481.4,242.259518565471,9.17469793171288,0,1.42482015075347
"51",1964,946.43288317477,4627.06813729992,0,146.979950001619,1012.24539136406,9623.72658235856,226.108294544366,0,0,0,73.92,38.0776763066925,481.4,242.259518565471,9.17469793171288,0,1.42482015075347
"52",1964.16438356164,946.626468393492,4626.43799206629,0,145.674873689888,991.803257453238,9630.14943578087,219.615753952616,11.6614947038123,1.7416363266369,20.5118210802566,73.92,39.8193126333294,481.4,262.771339645728,9.17800448409396,0,1.41238882345496
"53",1964.16438356164,946.626468393492,4635.30839206629,0,210.724473689888,991.803257453238,9630.14943578087,369.015753952616,11.6614947038123,1.7416363266369,20.5118210802566,147.84,39.8193126333294,630.8,262.771339645728,9.09252478592218,0,2.02404809499713
"54",1964.16438356164,946.626468393492,4635.30839206629,0,210.724473689888,991.803257453238,9630.14943578087,369.015753952616,11.6614947038123,1.7416363266369,20.5118210802566,147.84,39.8193126333294,630.8,262.771339645728,9.09252478592218,0,2.02404809499713
"55",1964.16438356164,946.626468393492,4635.30839206629,0,210.724473689888,991.803257453238,9630.14943578087,369.015753952616,11.6614947038123,1.7416363266369,20.5118210802566,147.84,39.8193126333294,630.8,262.771339645728,9.09252478592218,0,2.02404809499713
"56",1964.16438356164,946.626468393492,4635.30839206629,0,210.724473689888,991.803257453238,9630.14943578087,369.015753952616,11.6614947038123,1.7416363266369,20.5118210802566,147.84,39.8193126333294,630.8,262.771339645728,9.09252478592218,0,2.02404809499713
"57",1964.16438356164,946.626468393492,4635.30839206629,0,210.724473689888,991.803257453238,9630.14943578087,369.015753952616,11.6614947038123,1.7416363266369,20.5118210802566,147.84,39.8193126333294,630.8,262.771339645728,9.09252478592218,0,2.02404809499713
"58",1964.20273972603,946.685010326816,4635.26087853609,0,210.287114057063,987.343869019628,9631.89977118527,366.550871540846,14.4005268438714,2.16796755633942,25.6857565212338,147.84,40.2456438630319,630.8,267.945275086705,9.09359489677641,0,2.01995997231116
"59",1964.20273972603,946.685010326816,4635.26087853609,0,210.287114057063,1120.14386901963,9631.89977118527,366.550871540846,14.4005268438714,2.16796755633942,25.6857565212338,147.84,40.2456438630319,763.6,267.945275086705,9.09359489677641,0,2.01995997231116
"60",1964.20273972603,946.685010326816,4635.26087853609,0,210.287114057063,1120.14386901963,9631.89977118527,366.550871540846,14.4005268438714,2.16796755633942,25.6857565212338,147.84,40.2456438630319,763.6,267.945275086705,9.09359489677641,0,2.01995997231116
"61",1964.20273972603,946.685010326816,4635.26087853609,0,210.287114057063,1120.14386901963,9631.89977118527,366.550871540846,14.4005268438714,2.16796755633942,25.6857565212338,147.84,40.2456438630319,763.6,267.945275086705,9.09359489677641,0,2.01995997231116
"62",1964.20273972603,946.685010326816,4635.26087853609,0,210.287114057063,1120.14386901963,9631.89977118527,366.550871540846,14.4005268438714,2.16796755633942,25.6857565212338,147.84,40.2456438630319,763.6,267.945275086705,9.09359489677641,0,2.01995997231116
"63",1964.20273972603,946.685010326816,4635.26087853609,0,210.287114057063,1120.14386901963,9631.89977118527,366.550871540846,14.4005268438714,2.16796755633942,25.6857565212338,147.84,40.2456438630319,763.6,267.945275086705,9.09359489677641,0,2.01995997231116
"64",1964.20273972603,946.685010326816,4635.26087853609,0,210.287114057063,1120.14386901963,9631.89977118527,366.550871540846,14.4005268438714,2.16796755633942,25.6857565212338,147.84,40.2456438630319,763.6,267.945275086705,9.09359489677641,0,2.01995997231116
"65",1965,947.805122931758,4634.19418029186,0,201.398117844531,1005.39695294347,9685.12421508995,319.43100861165,71.3113301840329,11.0035494081598,134.328091621902,147.84,49.0812257148523,763.6,376.587610187373,11.2781429607544,0,2.39648078504956
"66",1965,947.805122931758,4634.19418029186,0,201.398117844531,1005.39695294347,9685.12421508995,319.43100861165,0,0,0,147.84,49.0812257148523,763.6,376.587610187373,11.2781429607544,0,2.39648078504956
"67",1965,947.805122931758,4634.19418029186,0,201.398117844531,1005.39695294347,9685.12421508995,319.43100861165,0,0,0,147.84,49.0812257148523,763.6,376.587610187373,11.2781429607544,0,2.39648078504956
"68",1965.16438356164,947.662060435777,4633.95057608018,0,199.537244922125,996.310396250659,9692.30666530958,313.66772925851,8.16053651125303,2.24753963006466,7.66738582632088,147.84,51.328765344917,763.6,384.254996013694,11.2926786184532,0,2.37775687493595
"69",1965.16438356164,947.662060435777,4633.95057608018,0,199.537244922125,996.310396250659,9692.30666530958,313.66772925851,8.16053651125303,2.24753963006466,7.66738582632088,147.84,51.328765344917,763.6,384.254996013694,11.2926786184532,0,2.37775687493595
"70",1965.16438356164,947.662060435777,4633.95057608018,0,199.537244922125,996.310396250659,9692.30666530958,313.66772925851,8.16053651125303,2.24753963006466,7.66738582632088,147.84,51.328765344917,763.6,384.254996013694,11.2926786184532,0,2.37775687493595
"71",1965.16438356164,947.662060435777,4633.95057608018,0,199.537244922125,996.310396250659,9692.30666530958,313.66772925851,8.16053651125303,2.24753963006466,7.66738582632088,147.84,51.328765344917,763.6,384.254996013694,11.2926786184532,0,2.37775687493595
"72",1965.16438356164,947.662060435777,4633.95057608018,0,199.537244922125,996.310396250659,9692.30666530958,313.66772925851,8.16053651125303,2.24753963006466,7.66738582632088,147.84,51.328765344917,763.6,384.254996013694,11.2926786184532,0,2.37775687493595
"73",1965.16438356164,947.662060435777,4633.95057608018,0,199.537244922125,996.310396250659,9692.30666530958,313.66772925851,8.16053651125303,2.24753963006466,7.66738582632088,147.84,51.328765344917,763.6,384.254996013694,11.2926786184532,0,2.37775687493595
"74",1965.20273972603,947.628655307211,4633.89145952431,0,199.105440005329,994.266292931834,9693.89438180995,312.335059384159,10.0646616972114,2.77186623130075,9.45644251912842,147.84,51.8530919461531,763.6,386.044052706502,11.2960495484228,0,2.37340323455245
"75",1965.20273972603,947.628655307211,4633.89145952431,0,199.105440005329,1093.86629293183,9693.89438180995,312.335059384159,10.0646616972114,2.77186623130075,9.45644251912842,147.84,51.8530919461531,863.2,386.044052706502,11.2960495484228,0,2.37340323455245
"76",1965.20273972603,947.628655307211,4633.89145952431,0,199.105440005329,1093.86629293183,9693.89438180995,312.335059384159,10.0646616972114,2.77186623130075,9.45644251912842,147.84,51.8530919461531,863.2,386.044052706502,11.2960495484228,0,2.37340323455245
"77",1965.20273972603,947.628655307211,4633.89145952431,0,199.105440005329,1093.86629293183,9693.89438180995,312.335059384159,10.0646616972114,2.77186623130075,9.45644251912842,147.84,51.8530919461531,863.2,386.044052706502,11.2960495484228,0,2.37340323455245
"78",1965.20273972603,947.628655307211,4633.89145952431,0,199.105440005329,1093.86629293183,9693.89438180995,312.335059384159,10.0646616972114,2.77186623130075,9.45644251912842,147.84,51.8530919461531,863.2,386.044052706502,11.2960495484228,0,2.37340323455245
"79",1965.20273972603,947.628655307211,4633.89145952431,0,199.105440005329,1093.86629293183,9693.89438180995,312.335059384159,10.0646616972114,2.77186623130075,9.45644251912842,147.84,51.8530919461531,863.2,386.044052706502,11.2960495484228,0,2.37340323455245
"80",1965.20273972603,947.628655307211,4633.89145952431,0,199.105440005329,1093.86629293183,9693.89438180995,312.335059384159,10.0646616972114,2.77186623130075,9.45644251912842,147.84,51.8530919461531,863.2,386.044052706502,11.2960495484228,0,2.37340323455245
"81",1966,946.93089191228,4632.47259439504,0,190.332221103068,1033.15327276705,9743.56093799145,286.194701438076,49.6432638254485,13.6617136577662,46.6432644484932,147.84,62.7429393726186,863.2,423.230874635867,12.2235108123098,0,2.45691420826497
"82",1966,946.93089191228,4632.47259439504,0,190.332221103068,1033.15327276705,9743.56093799145,286.194701438076,0,0,0,147.84,62.7429393726186,863.2,423.230874635867,12.2235108123098,0,2.45691420826497
"83",1966,946.93089191228,4632.47259439504,0,190.332221103068,1033.15327276705,9743.56093799145,286.194701438076,0,0,0,147.84,62.7429393726186,863.2,423.230874635867,12.2235108123098,0,2.45691420826497
"84",1966.16438356164,946.647226660035,4632.13427113744,0,188.542452679043,1019.68204863697,9751.4458813333,280.177988939693,8.44692293949091,2.41175693386996,11.6029932866114,147.84,65.1546963064885,863.2,434.833867922478,12.2273394322207,0,2.43530272034272
"85",1966.16438356164,946.647226660035,4632.13427113744,0,188.542452679043,1019.68204863697,9751.4458813333,280.177988939693,8.44692293949091,2.41175693386996,11.6029932866114,147.84,65.1546963064885,863.2,434.833867922478,12.2273394322207,0,2.43530272034272
"86",1966.16438356164,946.647226660035,4632.13427113744,0,188.542452679043,1019.68204863697,9751.4458813333,280.177988939693,8.44692293949091,2.41175693386996,11.6029932866114,147.84,65.1546963064885,863.2,434.833867922478,12.2273394322207,0,2.43530272034272
"87",1966.16438356164,946.647226660035,4632.13427113744,0,188.542452679043,1019.68204863697,9751.4458813333,280.177988939693,8.44692293949091,2.41175693386996,11.6029932866114,147.84,65.1546963064885,863.2,434.833867922478,12.2273394322207,0,2.43530272034272
"88",1966.16438356164,946.647226660035,4632.13427113744,0,188.542452679043,1019.68204863697,9751.4458813333,280.177988939693,8.44692293949091,2.41175693386996,11.6029932866114,147.84,65.1546963064885,863.2,434.833867922478,12.2273394322207,0,2.43530272034272
"89",1966.16438356164,946.647226660035,4632.13427113744,0,188.542452679043,1019.68204863697,9751.4458813333,280.177988939693,8.44692293949091,2.41175693386996,11.6029932866114,147.84,65.1546963064885,863.2,434.833867922478,12.2273394322207,0,2.43530272034272
"90",1966.20273972603,946.581692793862,4632.05270201274,0,188.127232115736,1016.65421557147,9753.16154211713,278.788302559118,10.4178303690036,2.97408048804823,14.304851948861,147.84,65.7170198606668,863.2,437.535726584728,12.2282291127994,0,2.43028458524075
"91",1966.20273972603,946.581692793862,4632.05270201274,0,188.127232115736,1116.25421557147,9753.16154211713,278.788302559118,10.4178303690036,2.97408048804823,14.304851948861,147.84,65.7170198606668,962.8,437.535726584728,12.2282291127994,0,2.43028458524075
"92",1966.20273972603,946.581692793862,4632.05270201274,0,188.127232115736,1116.25421557147,9753.16154211713,278.788302559118,10.4178303690036,2.97408048804823,14.304851948861,147.84,65.7170198606668,962.8,437.535726584728,12.2282291127994,0,2.43028458524075
"93",1966.20273972603,946.581692793862,4632.05270201274,0,188.127232115736,1116.25421557147,9753.16154211713,278.788302559118,10.4178303690036,2.97408048804823,14.304851948861,147.84,65.7170198606668,962.8,437.535726584728,12.2282291127994,0,2.43028458524075
"94",1966.20273972603,946.581692793862,4632.05270201274,0,188.127232115736,1116.25421557147,9753.16154211713,278.788302559118,10.4178303690036,2.97408048804823,14.304851948861,147.84,65.7170198606668,962.8,437.535726584728,12.2282291127994,0,2.43028458524075
"95",1966.20273972603,946.581692793862,4632.05270201274,0,188.127232115736,1116.25421557147,9753.16154211713,278.788302559118,10.4178303690036,2.97408048804823,14.304851948861,147.84,65.7170198606668,962.8,437.535726584728,12.2282291127994,0,2.43028458524075
"96",1966.20273972603,946.581692793862,4632.05270201274,0,188.127232115736,1116.25421557147,9753.16154211713,278.788302559118,10.4178303690036,2.97408048804823,14.304851948861,147.84,65.7170198606668,962.8,437.535726584728,12.2282291127994,0,2.43028458524075
"97",1967,945.270651852187,4630.1402231245,0,179.697832798729,1037.30800755634,9802.69765713176,251.686226582184,51.3809479273162,14.6269996349639,70.8170209262931,147.84,77.3699390075825,962.8,494.04789556216,9.20027773752555,0,1.74899111417484
"98",1967,945.270651852187,4630.1402231245,0,179.697832798729,1037.30800755634,9802.69765713176,251.686226582184,0,0,0,147.84,77.3699390075825,962.8,494.04789556216,9.20027773752555,0,1.74899111417484
"99",1967,945.270651852187,4630.1402231245,0,179.697832798729,1037.30800755634,9802.69765713176,251.686226582184,0,0,0,147.84,77.3699390075825,962.8,494.04789556216,9.20027773752555,0,1.74899111417484
"100",1967.16438356164,945.505864186562,4629.70279429557,0,178.101101190236,1016.14714425733,9809.84089847105,244.483734743353,12.2659685324182,1.79894810304892,21.2201137985517,147.84,79.1688871106314,962.8,515.268009360711,9.20418404569771,0,1.73375478269156
"101",1967.16438356164,945.505864186562,4638.57319429557,0,243.150701190236,1016.14714425733,9809.84089847105,393.883734743353,12.2659685324182,1.79894810304892,21.2201137985517,221.76,79.1688871106314,1112.2,515.268009360711,9.12520272480809,0,2.34667972466677
"102",1967.16438356164,945.505864186562,4638.57319429557,0,243.150701190236,1016.14714425733,9809.84089847105,393.883734743353,12.2659685324182,1.79894810304892,21.2201137985517,221.76,79.1688871106314,1112.2,515.268009360711,9.12520272480809,0,2.34667972466677
"103",1967.16438356164,945.505864186562,4638.57319429557,0,243.150701190236,1016.14714425733,9809.84089847105,393.883734743353,12.2659685324182,1.79894810304892,21.2201137985517,221.76,79.1688871106314,1112.2,515.268009360711,9.12520272480809,0,2.34667972466677
"104",1967.16438356164,945.505864186562,4638.57319429557,0,243.150701190236,1016.14714425733,9809.84089847105,393.883734743353,12.2659685324182,1.79894810304892,21.2201137985517,221.76,79.1688871106314,1112.2,515.268009360711,9.12520272480809,0,2.34667972466677
"105",1967.16438356164,945.505864186562,4638.57319429557,0,243.150701190236,1016.14714425733,9809.84089847105,393.883734743353,12.2659685324182,1.79894810304892,21.2201137985517,221.76,79.1688871106314,1112.2,515.268009360711,9.12520272480809,0,2.34667972466677
"106",1967.20273972603,945.573858588298,4638.57033847765,0,242.64561302592,1011.52526320605,9811.75177862431,391.260034154668,15.1476371750591,2.23889768354993,26.5548152852593,221.76,79.6088366911324,1112.2,520.602710847419,9.12640083107162,0,2.34194410543642
"107",1967.20273972603,945.573858588298,4638.57033847765,0,242.64561302592,1144.32526320605,9811.75177862431,391.260034154668,15.1476371750591,2.23889768354993,26.5548152852593,221.76,79.6088366911324,1245,520.602710847419,9.12640083107162,0,2.34194410543642
"108",1967.20273972603,945.573858588298,4638.57033847765,0,242.64561302592,1144.32526320605,9811.75177862431,391.260034154668,15.1476371750591,2.23889768354993,26.5548152852593,221.76,79.6088366911324,1245,520.602710847419,9.12640083107162,0,2.34194410543642
"109",1967.20273972603,945.573858588298,4638.57033847765,0,242.64561302592,1144.32526320605,9811.75177862431,391.260034154668,15.1476371750591,2.23889768354993,26.5548152852593,221.76,79.6088366911324,1245,520.602710847419,9.12640083107162,0,2.34194410543642
"110",1967.20273972603,945.573858588298,4638.57033847765,0,242.64561302592,1144.32526320605,9811.75177862431,391.260034154668,15.1476371750591,2.23889768354993,26.5548152852593,221.76,79.6088366911324,1245,520.602710847419,9.12640083107162,0,2.34194410543642
"111",1967.20273972603,945.573858588298,4638.57033847765,0,242.64561302592,1144.32526320605,9811.75177862431,391.260034154668,15.1476371750591,2.23889768354993,26.5548152852593,221.76,79.6088366911324,1245,520.602710847419,9.12640083107162,0,2.34194410543642
"112",1967.20273972603,945.573858588298,4638.57033847765,0,242.64561302592,1144.32526320605,9811.75177862431,391.260034154668,15.1476371750591,2.23889768354993,26.5548152852593,221.76,79.6088366911324,1245,520.602710847419,9.12640083107162,0,2.34194410543642
"113",1968,946.889594215979,4638.40580453812,0,232.380210998328,1026.73084292351,9867.74184943178,341.053553071682,75.0174247815998,11.3530980229934,138.365645843323,221.76,88.7230370305759,1245,632.413541405482,11.254874439299,0,2.76210670487888
"114",1968,946.889594215979,4638.40580453812,0,232.380210998328,1026.73084292351,9867.74184943178,341.053553071682,0,0,0,221.76,88.7230370305759,1245,632.413541405482,11.254874439299,0,2.76210670487888
"115",1968,946.889594215979,4638.40580453812,0,232.380210998328,1026.73084292351,9867.74184943178,341.053553071682,0,0,0,221.76,88.7230370305759,1245,632.413541405482,11.254874439299,0,2.76210670487888
"116",1968.16438356164,946.796016272684,4638.34227694285,0,230.233535754132,1017.37454532007,9875.38144445879,334.914989611743,8.34841672130232,2.30378078276034,7.85526603636989,221.76,91.0268178133363,1245,640.268807441852,11.2714510572446,0,2.74089242602144
"117",1968.16438356164,946.796016272684,4638.34227694285,0,230.233535754132,1017.37454532007,9875.38144445879,334.914989611743,8.34841672130232,2.30378078276034,7.85526603636989,221.76,91.0268178133363,1245,640.268807441852,11.2714510572446,0,2.74089242602144
"118",1968.16438356164,946.796016272684,4638.34227694285,0,230.233535754132,1017.37454532007,9875.38144445879,334.914989611743,8.34841672130232,2.30378078276034,7.85526603636989,221.76,91.0268178133363,1245,640.268807441852,11.2714510572446,0,2.74089242602144
"119",1968.16438356164,946.796016272684,4638.34227694285,0,230.233535754132,1017.37454532007,9875.38144445879,334.914989611743,8.34841672130232,2.30378078276034,7.85526603636989,221.76,91.0268178133363,1245,640.268807441852,11.2714510572446,0,2.74089242602144
"120",1968.16438356164,946.796016272684,4638.34227694285,0,230.233535754132,1017.37454532007,9875.38144445879,334.914989611743,8.34841672130232,2.30378078276034,7.85526603636989,221.76,91.0268178133363,1245,640.268807441852,11.2714510572446,0,2.74089242602144
"121",1968.16438356164,946.796016272684,4638.34227694285,0,230.233535754132,1017.37454532007,9875.38144445879,334.914989611743,8.34841672130232,2.30378078276034,7.85526603636989,221.76,91.0268178133363,1245,640.268807441852,11.2714510572446,0,2.74089242602144
"122",1968.20273972603,946.774073636694,4638.3249134668,0,229.735403037654,1015.2699451991,9877.07265409552,333.495484687502,10.296380622927,2.84121961128044,9.68816144484441,221.76,91.5642566418564,1245,642.101702850327,11.2752956423292,0,2.73595851522354
"123",1968.20273972603,946.774073636694,4638.3249134668,0,229.735403037654,1114.8699451991,9877.07265409552,333.495484687502,10.296380622927,2.84121961128044,9.68816144484441,221.76,91.5642566418564,1344.6,642.101702850327,11.2752956423292,0,2.73595851522354
"124",1968.20273972603,946.774073636694,4638.3249134668,0,229.735403037654,1114.8699451991,9877.07265409552,333.495484687502,10.296380622927,2.84121961128044,9.68816144484441,221.76,91.5642566418564,1344.6,642.101702850327,11.2752956423292,0,2.73595851522354
"125",1968.20273972603,946.774073636694,4638.3249134668,0,229.735403037654,1114.8699451991,9877.07265409552,333.495484687502,10.296380622927,2.84121961128044,9.68816144484441,221.76,91.5642566418564,1344.6,642.101702850327,11.2752956423292,0,2.73595851522354
"126",1968.20273972603,946.774073636694,4638.3249134668,0,229.735403037654,1114.8699451991,9877.07265409552,333.495484687502,10.296380622927,2.84121961128044,9.68816144484441,221.76,91.5642566418564,1344.6,642.101702850327,11.2752956423292,0,2.73595851522354
"127",1968.20273972603,946.774073636694,4638.3249134668,0,229.735403037654,1114.8699451991,9877.07265409552,333.495484687502,10.296380622927,2.84121961128044,9.68816144484441,221.76,91.5642566418564,1344.6,642.101702850327,11.2752956423292,0,2.73595851522354
"128",1968.20273972603,946.774073636694,4638.3249134668,0,229.735403037654,1114.8699451991,9877.07265409552,333.495484687502,10.296380622927,2.84121961128044,9.68816144484441,221.76,91.5642566418564,1344.6,642.101702850327,11.2752956423292,0,2.73595851522354
"129",1969,946.307553880413,4637.75156600412,0,219.613840228861,1053.06897209896,9928.64305471119,305.628005435753,50.7862028231654,14.0026496390318,47.7862131810761,221.76,102.725686669608,1344.6,680.199754586558,12.2694449892207,0,2.84742515317597
"130",1969,946.307553880413,4637.75156600412,0,219.613840228861,1053.06897209896,9928.64305471119,305.628005435753,0,0,0,221.76,102.725686669608,1344.6,680.199754586558,12.2694449892207,0,2.84742515317597
"131",1969,946.307553880413,4637.75156600412,0,219.613840228861,1053.06897209896,9928.64305471119,305.628005435753,0,0,0,221.76,102.725686669608,1344.6,680.199754586558,12.2694449892207,0,2.84742515317597
"132",1969.16438356164,946.060760800676,4637.58221760055,0,217.546675456242,1039.2614538171,9936.86276224575,299.184256958328,8.75181470329449,2.48330625592599,12.0315592247208,221.76,105.208992925534,1344.6,692.231313811279,12.274252243345,0,2.82246434889779
"133",1969.16438356164,946.060760800676,4637.58221760055,0,217.546675456242,1039.2614538171,9936.86276224575,299.184256958328,8.75181470329449,2.48330625592599,12.0315592247208,221.76,105.208992925534,1344.6,692.231313811279,12.274252243345,0,2.82246434889779
"134",1969.16438356164,946.060760800676,4637.58221760055,0,217.546675456242,1039.2614538171,9936.86276224575,299.184256958328,8.75181470329449,2.48330625592599,12.0315592247208,221.76,105.208992925534,1344.6,692.231313811279,12.274252243345,0,2.82246434889779
"135",1969.16438356164,946.060760800676,4637.58221760055,0,217.546675456242,1039.2614538171,9936.86276224575,299.184256958328,8.75181470329449,2.48330625592599,12.0315592247208,221.76,105.208992925534,1344.6,692.231313811279,12.274252243345,0,2.82246434889779
"136",1969.16438356164,946.060760800676,4637.58221760055,0,217.546675456242,1039.2614538171,9936.86276224575,299.184256958328,8.75181470329449,2.48330625592599,12.0315592247208,221.76,105.208992925534,1344.6,692.231313811279,12.274252243345,0,2.82246434889779
"137",1969.16438356164,946.060760800676,4637.58221760055,0,217.546675456242,1039.2614538171,9936.86276224575,299.184256958328,8.75181470329449,2.48330625592599,12.0315592247208,221.76,105.208992925534,1344.6,692.231313811279,12.274252243345,0,2.82246434889779
"138",1969.20273972603,946.003807716492,4637.53978389217,0,217.067099822832,1036.15835703525,9938.65284452491,297.696012043351,10.7938516404699,3.06226868190148,14.8328186423877,221.76,105.787955351509,1344.6,695.032573228946,12.2753692271002,0,2.81666815254471
"139",1969.20273972603,946.003807716492,4637.53978389217,0,217.067099822832,1135.75835703525,9938.65284452491,297.696012043351,10.7938516404699,3.06226868190148,14.8328186423877,221.76,105.787955351509,1444.2,695.032573228946,12.2753692271002,0,2.81666815254471
"140",1969.20273972603,946.003807716492,4637.53978389217,0,217.067099822832,1135.75835703525,9938.65284452491,297.696012043351,10.7938516404699,3.06226868190148,14.8328186423877,221.76,105.787955351509,1444.2,695.032573228946,12.2753692271002,0,2.81666815254471
"141",1969.20273972603,946.003807716492,4637.53978389217,0,217.067099822832,1135.75835703525,9938.65284452491,297.696012043351,10.7938516404699,3.06226868190148,14.8328186423877,221.76,105.787955351509,1444.2,695.032573228946,12.2753692271002,0,2.81666815254471
"142",1969.20273972603,946.003807716492,4637.53978389217,0,217.067099822832,1135.75835703525,9938.65284452491,297.696012043351,10.7938516404699,3.06226868190148,14.8328186423877,221.76,105.787955351509,1444.2,695.032573228946,12.2753692271002,0,2.81666815254471
"143",1969.20273972603,946.003807716492,4637.53978389217,0,217.067099822832,1135.75835703525,9938.65284452491,297.696012043351,10.7938516404699,3.06226868190148,14.8328186423877,221.76,105.787955351509,1444.2,695.032573228946,12.2753692271002,0,2.81666815254471
"144",1969.20273972603,946.003807716492,4637.53978389217,0,217.067099822832,1135.75835703525,9938.65284452491,297.696012043351,10.7938516404699,3.06226868190148,14.8328186423877,221.76,105.787955351509,1444.2,695.032573228946,12.2753692271002,0,2.81666815254471
"145",1970,944.869047720325,4636.41633104032,0,207.331277284793,1055.42215844601,9989.44163553292,268.652322762644,53.2344134073297,15.056304067954,73.4239155043315,221.76,117.781990737562,1444.2,753.62367009089,9.23338188581135,0,2.02606791349798
"146",1970,944.869047720325,4636.41633104032,0,207.331277284793,1055.42215844601,9989.44163553292,268.652322762644,0,0,0,221.76,117.781990737562,1444.2,753.62367009089,9.23338188581135,0,2.02606791349798
"147",1970,944.869047720325,4636.41633104032,0,207.331277284793,1055.42215844601,9989.44163553292,268.652322762644,0,0,0,221.76,117.781990737562,1444.2,753.62367009089,9.23338188581135,0,2.02606791349798
"148",1970.16438356164,945.143146810622,4636.13605021505,0,205.487679508648,1033.99812654019,9996.78069488349,260.970512835705,12.8605261520455,1.84977951111789,21.7667824821778,221.76,119.63177024868,1444.2,775.390452573068,9.23778264005329,0,2.00842647477841
"149",1970.16438356164,945.143146810622,4645.00645021505,0,270.537279508648,1033.99812654019,9996.78069488349,410.370512835705,12.8605261520455,1.84977951111789,21.7667824821778,295.68,119.63177024868,1593.6,775.390452573068,9.16472161844141,0,2.62330511782681
"150",1970.16438356164,945.143146810622,4645.00645021505,0,270.537279508648,1033.99812654019,9996.78069488349,410.370512835705,12.8605261520455,1.84977951111789,21.7667824821778,295.68,119.63177024868,1593.6,775.390452573068,9.16472161844141,0,2.62330511782681
"151",1970.16438356164,945.143146810622,4645.00645021505,0,270.537279508648,1033.99812654019,9996.78069488349,410.370512835705,12.8605261520455,1.84977951111789,21.7667824821778,295.68,119.63177024868,1593.6,775.390452573068,9.16472161844141,0,2.62330511782681
"152",1970.16438356164,945.143146810622,4645.00645021505,0,270.537279508648,1033.99812654019,9996.78069488349,410.370512835705,12.8605261520455,1.84977951111789,21.7667824821778,295.68,119.63177024868,1593.6,775.390452573068,9.16472161844141,0,2.62330511782681
"153",1970.16438356164,945.143146810622,4645.00645021505,0,270.537279508648,1033.99812654019,9996.78069488349,410.370512835705,12.8605261520455,1.84977951111789,21.7667824821778,295.68,119.63177024868,1593.6,775.390452573068,9.16472161844141,0,2.62330511782681
"154",1970.20273972603,945.219960835429,4645.04001798901,0,269.974830762459,1029.31636352108,9998.73416895395,407.638104856094,15.8826994251312,2.30184645854251,27.2274794104391,295.68,120.083837196104,1593.6,780.851149501329,9.16602405392252,0,2.61801051105099
"155",1970.20273972603,945.219960835429,4645.04001798901,0,269.974830762459,1162.11636352108,9998.73416895395,407.638104856094,15.8826994251312,2.30184645854251,27.2274794104391,295.68,120.083837196104,1726.4,780.851149501329,9.16602405392252,0,2.61801051105099
"156",1970.20273972603,945.219960835429,4645.04001798901,0,269.974830762459,1162.11636352108,9998.73416895395,407.638104856094,15.8826994251312,2.30184645854251,27.2274794104391,295.68,120.083837196104,1726.4,780.851149501329,9.16602405392252,0,2.61801051105099
"157",1970.20273972603,945.219960835429,4645.04001798901,0,269.974830762459,1162.11636352108,9998.73416895395,407.638104856094,15.8826994251312,2.30184645854251,27.2274794104391,295.68,120.083837196104,1726.4,780.851149501329,9.16602405392252,0,2.61801051105099
"158",1970.20273972603,945.219960835429,4645.04001798901,0,269.974830762459,1162.11636352108,9998.73416895395,407.638104856094,15.8826994251312,2.30184645854251,27.2274794104391,295.68,120.083837196104,1726.4,780.851149501329,9.16602405392252,0,2.61801051105099
"159",1970.20273972603,945.219960835429,4645.04001798901,0,269.974830762459,1162.11636352108,9998.73416895395,407.638104856094,15.8826994251312,2.30184645854251,27.2274794104391,295.68,120.083837196104,1726.4,780.851149501329,9.16602405392252,0,2.61801051105099
"160",1970.20273972603,945.219960835429,4645.04001798901,0,269.974830762459,1162.11636352108,9998.73416895395,407.638104856094,15.8826994251312,2.30184645854251,27.2274794104391,295.68,120.083837196104,1726.4,780.851149501329,9.16602405392252,0,2.61801051105099
"161",1971,946.716925034283,4645.61190234874,0,258.543807062273,1043.44952832654,10055.3692744937,355.324732899521,78.6668781285734,11.664021600143,141.572581021798,295.68,129.446012337705,1726.4,895.196251112688,11.2724466942194,0,3.07845059717769
"162",1971,946.716925034283,4645.61190234874,0,258.543807062273,1043.44952832654,10055.3692744937,355.324732899521,0,0,0,295.68,129.446012337705,1726.4,895.196251112688,11.2724466942194,0,3.07845059717769
"163",1971,946.716925034283,4645.61190234874,0,258.543807062273,1043.44952832654,10055.3692744937,355.324732899521,0,0,0,295.68,129.446012337705,1726.4,895.196251112688,11.2724466942194,0,3.07845059717769
"164",1971.16438356164,946.664020964172,4645.69544611193,0,256.154540742254,1034.07695093174,10063.0965618707,348.926876670929,8.53629693135131,2.3586266269424,8.04314624641864,295.68,131.804638964647,1726.4,903.239397359107,11.2906255196352,0,3.05509127908896
"165",1971.16438356164,946.664020964172,4645.69544611193,0,256.154540742254,1034.07695093174,10063.0965618707,348.926876670929,8.53629693135131,2.3586266269424,8.04314624641864,295.68,131.804638964647,1726.4,903.239397359107,11.2906255196352,0,3.05509127908896
"166",1971.16438356164,946.664020964172,4645.69544611193,0,256.154540742254,1034.07695093174,10063.0965618707,348.926876670929,8.53629693135131,2.3586266269424,8.04314624641864,295.68,131.804638964647,1726.4,903.239397359107,11.2906255196352,0,3.05509127908896
"167",1971.16438356164,946.664020964172,4645.69544611193,0,256.154540742254,1034.07695093174,10063.0965618707,348.926876670929,8.53629693135131,2.3586266269424,8.04314624641864,295.68,131.804638964647,1726.4,903.239397359107,11.2906255196352,0,3.05509127908896
"168",1971.16438356164,946.664020964172,4645.69544611193,0,256.154540742254,1034.07695093174,10063.0965618707,348.926876670929,8.53629693135131,2.3586266269424,8.04314624641864,295.68,131.804638964647,1726.4,903.239397359107,11.2906255196352,0,3.05509127908896
"169",1971.16438356164,946.664020964172,4645.69544611193,0,256.154540742254,1034.07695093174,10063.0965618707,348.926876670929,8.53629693135131,2.3586266269424,8.04314624641864,295.68,131.804638964647,1726.4,903.239397359107,11.2906255196352,0,3.05509127908896
"170",1971.20273972603,946.651500937518,4645.71217438542,0,255.600109206916,1031.96864477915,10064.8075796863,347.44743088374,10.5280995486636,2.90884991544494,9.91988037058016,295.68,132.35486225315,1726.4,905.116131483269,11.2948419446232,0,3.04965748394361
"171",1971.20273972603,946.651500937518,4645.71217438542,0,255.600109206916,1131.56864477915,10064.8075796863,347.44743088374,10.5280995486636,2.90884991544494,9.91988037058016,295.68,132.35486225315,1826,905.116131483269,11.2948419446232,0,3.04965748394361
"172",1971.20273972603,946.651500937518,4645.71217438542,0,255.600109206916,1131.56864477915,10064.8075796863,347.44743088374,10.5280995486636,2.90884991544494,9.91988037058016,295.68,132.35486225315,1826,905.116131483269,11.2948419446232,0,3.04965748394361
"173",1971.20273972603,946.651500937518,4645.71217438542,0,255.600109206916,1131.56864477915,10064.8075796863,347.44743088374,10.5280995486636,2.90884991544494,9.91988037058016,295.68,132.35486225315,1826,905.116131483269,11.2948419446232,0,3.04965748394361
"174",1971.20273972603,946.651500937518,4645.71217438542,0,255.600109206916,1131.56864477915,10064.8075796863,347.44743088374,10.5280995486636,2.90884991544494,9.91988037058016,295.68,132.35486225315,1826,905.116131483269,11.2948419446232,0,3.04965748394361
"175",1971.20273972603,946.651500937518,4645.71217438542,0,255.600109206916,1131.56864477915,10064.8075796863,347.44743088374,10.5280995486636,2.90884991544494,9.91988037058016,295.68,132.35486225315,1826,905.116131483269,11.2948419446232,0,3.04965748394361
"176",1971.20273972603,946.651500937518,4645.71217438542,0,255.600109206916,1131.56864477915,10064.8075796863,347.44743088374,10.5280995486636,2.90884991544494,9.91988037058016,295.68,132.35486225315,1826,905.116131483269,11.2948419446232,0,3.04965748394361
"177",1972,946.375148514622,4645.82849122654,0,244.334122641521,1069.68631259187,10116.7352938776,318.392780915348,51.9291406855101,14.3348720626211,48.9291483349162,295.68,143.780884400326,1826,944.125399447605,12.3330119939694,0,3.18412383271423
"178",1972,946.375148514622,4645.82849122654,0,244.334122641521,1069.68631259187,10116.7352938776,318.392780915348,0,0,0,295.68,143.780884400326,1826,944.125399447605,12.3330119939694,0,3.18412383271423
"179",1972,946.375148514622,4645.82849122654,0,244.334122641521,1069.68631259187,10116.7352938776,318.392780915348,0,0,0,295.68,143.780884400326,1826,944.125399447605,12.3330119939694,0,3.18412383271423
"180",1972.16438356164,946.160389938083,4645.79681685362,0,242.031629755589,1055.7191731802,10125.011522423,311.64711668041,9.05567731661479,2.5489258353902,12.436575101228,295.68,146.329810235716,1826,956.561974548833,12.3385694364998,0,3.1562556426231
"181",1972.16438356164,946.160389938083,4645.79681685362,0,242.031629755589,1055.7191731802,10125.011522423,311.64711668041,9.05567731661479,2.5489258353902,12.436575101228,295.68,146.329810235716,1826,956.561974548833,12.3385694364998,0,3.1562556426231
"182",1972.16438356164,946.160389938083,4645.79681685362,0,242.031629755589,1055.7191731802,10125.011522423,311.64711668041,9.05567731661479,2.5489258353902,12.436575101228,295.68,146.329810235716,1826,956.561974548833,12.3385694364998,0,3.1562556426231
"183",1972.16438356164,946.160389938083,4645.79681685362,0,242.031629755589,1055.7191731802,10125.011522423,311.64711668041,9.05567731661479,2.5489258353902,12.436575101228,295.68,146.329810235716,1826,956.561974548833,12.3385694364998,0,3.1562556426231
"184",1972.16438356164,946.160389938083,4645.79681685362,0,242.031629755589,1055.7191731802,10125.011522423,311.64711668041,9.05567731661479,2.5489258353902,12.436575101228,295.68,146.329810235716,1826,956.561974548833,12.3385694364998,0,3.1562556426231
"185",1972.16438356164,946.160389938083,4645.79681685362,0,242.031629755589,1055.7191731802,10125.011522423,311.64711668041,9.05567731661479,2.5489258353902,12.436575101228,295.68,146.329810235716,1826,956.561974548833,12.3385694364998,0,3.1562556426231
"186",1972.20273972603,946.110887007995,4645.78626652947,0,241.49746027203,1052.58053963464,10126.8129587094,310.089335874498,11.1686015067514,3.14314857318742,15.3315531663595,295.68,146.924032973513,1826,959.456952613964,12.3398606680352,0,3.14978408172152
"187",1972.20273972603,946.110887007995,4645.78626652947,0,241.49746027203,1152.18053963464,10126.8129587094,310.089335874498,11.1686015067514,3.14314857318742,15.3315531663595,295.68,146.924032973513,1925.6,959.456952613964,12.3398606680352,0,3.14978408172152
"188",1972.20273972603,946.110887007995,4645.78626652947,0,241.49746027203,1152.18053963464,10126.8129587094,310.089335874498,11.1686015067514,3.14314857318742,15.3315531663595,295.68,146.924032973513,1925.6,959.456952613964,12.3398606680352,0,3.14978408172152
"189",1972.20273972603,946.110887007995,4645.78626652947,0,241.49746027203,1152.18053963464,10126.8129587094,310.089335874498,11.1686015067514,3.14314857318742,15.3315531663595,295.68,146.924032973513,1925.6,959.456952613964,12.3398606680352,0,3.14978408172152
"190",1972.20273972603,946.110887007995,4645.78626652947,0,241.49746027203,1152.18053963464,10126.8129587094,310.089335874498,11.1686015067514,3.14314857318742,15.3315531663595,295.68,146.924032973513,1925.6,959.456952613964,12.3398606680352,0,3.14978408172152
"191",1972.20273972603,946.110887007995,4645.78626652947,0,241.49746027203,1152.18053963464,10126.8129587094,310.089335874498,11.1686015067514,3.14314857318742,15.3315531663595,295.68,146.924032973513,1925.6,959.456952613964,12.3398606680352,0,3.14978408172152
"192",1972.20273972603,946.110887007995,4645.78626652947,0,241.49746027203,1152.18053963464,10126.8129587094,310.089335874498,11.1686015067514,3.14314857318742,15.3315531663595,295.68,146.924032973513,1925.6,959.456952613964,12.3398606680352,0,3.14978408172152
"193",1973,945.128795811474,4645.30544978602,0,230.653443315219,1071.14645042424,10177.6866704642,279.677023281991,55.0814686330573,15.4500734699696,75.9042432143949,295.68,159.230957870295,1925.6,1020.029642662,9.27214451798729,0,2.26281546966716
"194",1973,945.128795811474,4645.30544978602,0,230.653443315219,1071.14645042424,10177.6866704642,279.677023281991,0,0,0,295.68,159.230957870295,1925.6,1020.029642662,9.27214451798729,0,2.26281546966716
"195",1973,945.128795811474,4645.30544978602,0,230.653443315219,1071.14645042424,10177.6866704642,279.677023281991,0,0,0,295.68,159.230957870295,1925.6,1020.029642662,9.27214451798729,0,2.26281546966716
"196",1973.16438356164,945.43861097971,4645.15312266733,0,228.601023047095,1049.60685410622,10185.0107873673,271.678775729853,13.4449839760243,1.8949322185729,22.2137269671383,295.68,161.125890088868,1925.6,1042.24336962914,9.27695147305208,0,2.24310766756222
"197",1973.16438356164,945.43861097971,4654.02352266733,0,293.650623047095,1049.60685410622,10185.0107873673,421.078775729853,13.4449839760243,1.8949322185729,22.2137269671383,369.6,161.125890088868,2075,1042.24336962914,9.2093168708339,0,2.86038840126928
"198",1973.16438356164,945.43861097971,4654.02352266733,0,293.650623047095,1049.60685410622,10185.0107873673,421.078775729853,13.4449839760243,1.8949322185729,22.2137269671383,369.6,161.125890088868,2075,1042.24336962914,9.2093168708339,0,2.86038840126928
"199",1973.16438356164,945.43861097971,4654.02352266733,0,293.650623047095,1049.60685410622,10185.0107873673,421.078775729853,13.4449839760243,1.8949322185729,22.2137269671383,369.6,161.125890088868,2075,1042.24336962914,9.2093168708339,0,2.86038840126928
"200",1973.16438356164,945.43861097971,4654.02352266733,0,293.650623047095,1049.60685410622,10185.0107873673,421.078775729853,13.4449839760243,1.8949322185729,22.2137269671383,369.6,161.125890088868,2075,1042.24336962914,9.2093168708339,0,2.86038840126928
"201",1973.16438356164,945.43861097971,4654.02352266733,0,293.650623047095,1049.60685410622,10185.0107873673,421.078775729853,13.4449839760243,1.8949322185729,22.2137269671383,369.6,161.125890088868,2075,1042.24336962914,9.2093168708339,0,2.86038840126928
"202",1973.20273972603,945.523514387381,4654.08675354511,0,293.039625349211,1044.89866238599,10186.9593566962,418.2738439747,16.6054732467195,2.35779563100807,27.7782811136317,369.6,161.588753501304,2075,1047.80792377563,9.21070389619186,0,2.85461035909971
"203",1973.20273972603,945.523514387381,4654.08675354511,0,293.039625349211,1177.69866238599,10186.9593566962,418.2738439747,16.6054732467195,2.35779563100807,27.7782811136317,369.6,161.588753501304,2207.8,1047.80792377563,9.21070389619186,0,2.85461035909971
"204",1973.20273972603,945.523514387381,4654.08675354511,0,293.039625349211,1177.69866238599,10186.9593566962,418.2738439747,16.6054732467195,2.35779563100807,27.7782811136317,369.6,161.588753501304,2207.8,1047.80792377563,9.21070389619186,0,2.85461035909971
"205",1973.20273972603,945.523514387381,4654.08675354511,0,293.039625349211,1177.69866238599,10186.9593566962,418.2738439747,16.6054732467195,2.35779563100807,27.7782811136317,369.6,161.588753501304,2207.8,1047.80792377563,9.21070389619186,0,2.85461035909971
"206",1973.20273972603,945.523514387381,4654.08675354511,0,293.039625349211,1177.69866238599,10186.9593566962,418.2738439747,16.6054732467195,2.35779563100807,27.7782811136317,369.6,161.588753501304,2207.8,1047.80792377563,9.21070389619186,0,2.85461035909971
"207",1973.20273972603,945.523514387381,4654.08675354511,0,293.039625349211,1177.69866238599,10186.9593566962,418.2738439747,16.6054732467195,2.35779563100807,27.7782811136317,369.6,161.588753501304,2207.8,1047.80792377563,9.21070389619186,0,2.85461035909971
"208",1973.20273972603,945.523514387381,4654.08675354511,0,293.039625349211,1177.69866238599,10186.9593566962,418.2738439747,16.6054732467195,2.35779563100807,27.7782811136317,369.6,161.588753501304,2207.8,1047.80792377563,9.21070389619186,0,2.85461035909971
"209",1974,947.185782864366,4655.25882337053,0,280.622118701635,1058.54218121847,10243.3759679915,364.556334236087,82.2583122158176,11.9409639761815,144.235660724466,369.6,171.171921846477,2207.8,1164.26530338647,11.3226315188747,0,3.35454871007024
"210",1974,947.185782864366,4655.25882337053,0,280.622118701635,1058.54218121847,10243.3759679915,364.556334236087,0,0,0,369.6,171.171921846477,2207.8,1164.26530338647,11.3226315188747,0,3.35454871007024
"211",1974,947.185782864366,4655.25882337053,0,280.622118701635,1058.54218121847,10243.3759679915,364.556334236087,0,0,0,369.6,171.171921846477,2207.8,1164.26530338647,11.3226315188747,0,3.35454871007024
"212",1974.16438356164,947.165591240349,4655.46227569933,0,278.026648847604,1049.22537567339,10251.0378571647,357.980224151467,8.72417714138837,2.41220914924358,8.23102645645614,369.6,173.584130995721,2207.8,1172.49632984292,11.3420576547627,0,3.32929564793469
"213",1974.16438356164,947.165591240349,4655.46227569933,0,278.026648847604,1049.22537567339,10251.0378571647,357.980224151467,8.72417714138837,2.41220914924358,8.23102645645614,369.6,173.584130995721,2207.8,1172.49632984292,11.3420576547627,0,3.32929564793469
"214",1974.16438356164,947.165591240349,4655.46227569933,0,278.026648847604,1049.22537567339,10251.0378571647,357.980224151467,8.72417714138837,2.41220914924358,8.23102645645614,369.6,173.584130995721,2207.8,1172.49632984292,11.3420576547627,0,3.32929564793469
"215",1974.16438356164,947.165591240349,4655.46227569933,0,278.026648847604,1049.22537567339,10251.0378571647,357.980224151467,8.72417714138837,2.41220914924358,8.23102645645614,369.6,173.584130995721,2207.8,1172.49632984292,11.3420576547627,0,3.32929564793469
"216",1974.16438356164,947.165591240349,4655.46227569933,0,278.026648847604,1049.22537567339,10251.0378571647,357.980224151467,8.72417714138837,2.41220914924358,8.23102645645614,369.6,173.584130995721,2207.8,1172.49632984292,11.3420576547627,0,3.32929564793469
"217",1974.16438356164,947.165591240349,4655.46227569933,0,278.026648847604,1049.22537567339,10251.0378571647,357.980224151467,8.72417714138837,2.41220914924358,8.23102645645614,369.6,173.584130995721,2207.8,1172.49632984292,11.3420576547627,0,3.32929564793469
"218",1974.20273972603,947.160651675902,4655.50678888011,0,277.424364691909,1047.12947396851,10252.7338013764,356.459608804793,10.7598184743845,2.97491968860008,10.1515992963011,369.6,174.146841535077,2207.8,1174.41690268277,11.3465635475239,0,3.32342056021697
"219",1974.20273972603,947.160651675902,4655.50678888011,0,277.424364691909,1146.72947396851,10252.7338013764,356.459608804793,10.7598184743845,2.97491968860008,10.1515992963011,369.6,174.146841535077,2307.4,1174.41690268277,11.3465635475239,0,3.32342056021697
"220",1974.20273972603,947.160651675902,4655.50678888011,0,277.424364691909,1146.72947396851,10252.7338013764,356.459608804793,10.7598184743845,2.97491968860008,10.1515992963011,369.6,174.146841535077,2307.4,1174.41690268277,11.3465635475239,0,3.32342056021697
"221",1974.20273972603,947.160651675902,4655.50678888011,0,277.424364691909,1146.72947396851,10252.7338013764,356.459608804793,10.7598184743845,2.97491968860008,10.1515992963011,369.6,174.146841535077,2307.4,1174.41690268277,11.3465635475239,0,3.32342056021697
"222",1974.20273972603,947.160651675902,4655.50678888011,0,277.424364691909,1146.72947396851,10252.7338013764,356.459608804793,10.7598184743845,2.97491968860008,10.1515992963011,369.6,174.146841535077,2307.4,1174.41690268277,11.3465635475239,0,3.32342056021697
"223",1974.20273972603,947.160651675902,4655.50678888011,0,277.424364691909,1146.72947396851,10252.7338013764,356.459608804793,10.7598184743845,2.97491968860008,10.1515992963011,369.6,174.146841535077,2307.4,1174.41690268277,11.3465635475239,0,3.32342056021697
"224",1974.20273972603,947.160651675902,4655.50678888011,0,277.424364691909,1146.72947396851,10252.7338013764,356.459608804793,10.7598184743845,2.97491968860008,10.1515992963011,369.6,174.146841535077,2307.4,1174.41690268277,11.3465635475239,0,3.32342056021697
"225",1975,947.037457487849,4656.18430912567,0,265.185800520819,1085.05167727164,10304.3578862548,326.592836077669,53.0720784662171,14.6591578021899,50.0720838418659,369.6,185.831079648667,2307.4,1214.33738722833,12.4101248192992,0,3.47503560577104
"226",1975,947.037457487849,4656.18430912567,0,265.185800520819,1085.05167727164,10304.3578862548,326.592836077669,0,0,0,369.6,185.831079648667,2307.4,1214.33738722833,12.4101248192992,0,3.47503560577104
"227",1975,947.037457487849,4656.18430912567,0,265.185800520819,1085.05167727164,10304.3578862548,326.592836077669,0,0,0,369.6,185.831079648667,2307.4,1214.33738722833,12.4101248192992,0,3.47503560577104
"228",1975.16438356164,946.850136100323,4656.26448705104,0,262.683683594453,1070.97767963975,10312.5685580982,319.633575354476,9.35837149872018,2.60926038851452,12.8225865117092,369.6,188.440340037181,2307.4,1227.15997374004,12.4162465500474,0,3.44462682723615
"229",1975.16438356164,946.850136100323,4656.26448705104,0,262.683683594453,1070.97767963975,10312.5685580982,319.633575354476,9.35837149872018,2.60926038851452,12.8225865117092,369.6,188.440340037181,2307.4,1227.15997374004,12.4162465500474,0,3.44462682723615
"230",1975.16438356164,946.850136100323,4656.26448705104,0,262.683683594453,1070.97767963975,10312.5685580982,319.633575354476,9.35837149872018,2.60926038851452,12.8225865117092,369.6,188.440340037181,2307.4,1227.15997374004,12.4162465500474,0,3.44462682723615
"231",1975.16438356164,946.850136100323,4656.26448705104,0,262.683683594453,1070.97767963975,10312.5685580982,319.633575354476,9.35837149872018,2.60926038851452,12.8225865117092,369.6,188.440340037181,2307.4,1227.15997374004,12.4162465500474,0,3.44462682723615
"232",1975.16438356164,946.850136100323,4656.26448705104,0,262.683683594453,1070.97767963975,10312.5685580982,319.633575354476,9.35837149872018,2.60926038851452,12.8225865117092,369.6,188.440340037181,2307.4,1227.15997374004,12.4162465500474,0,3.44462682723615
"233",1975.16438356164,946.850136100323,4656.26448705104,0,262.683683594453,1070.97767963975,10312.5685580982,319.633575354476,9.35837149872018,2.60926038851452,12.8225865117092,369.6,188.440340037181,2307.4,1227.15997374004,12.4162465500474,0,3.44462682723615
"234",1975.20273972603,946.807011204528,4656.27983641337,0,262.103204972467,1067.81538364362,10314.353543227,318.026717084174,11.5419082641295,3.21751454396625,15.8067556493214,369.6,189.048594192633,2307.4,1230.14414287765,12.4176688574432,0,3.4375651714725
"235",1975.20273972603,946.807011204528,4656.27983641337,0,262.103204972467,1167.41538364362,10314.353543227,318.026717084174,11.5419082641295,3.21751454396625,15.8067556493214,369.6,189.048594192633,2407,1230.14414287765,12.4176688574432,0,3.4375651714725
"236",1975.20273972603,946.807011204528,4656.27983641337,0,262.103204972467,1167.41538364362,10314.353543227,318.026717084174,11.5419082641295,3.21751454396625,15.8067556493214,369.6,189.048594192633,2407,1230.14414287765,12.4176688574432,0,3.4375651714725
"237",1975.20273972603,946.807011204528,4656.27983641337,0,262.103204972467,1167.41538364362,10314.353543227,318.026717084174,11.5419082641295,3.21751454396625,15.8067556493214,369.6,189.048594192633,2407,1230.14414287765,12.4176688574432,0,3.4375651714725
"238",1975.20273972603,946.807011204528,4656.27983641337,0,262.103204972467,1167.41538364362,10314.353543227,318.026717084174,11.5419082641295,3.21751454396625,15.8067556493214,369.6,189.048594192633,2407,1230.14414287765,12.4176688574432,0,3.4375651714725
"239",1975.20273972603,946.807011204528,4656.27983641337,0,262.103204972467,1167.41538364362,10314.353543227,318.026717084174,11.5419082641295,3.21751454396625,15.8067556493214,369.6,189.048594192633,2407,1230.14414287765,12.4176688574432,0,3.4375651714725
"240",1975.20273972603,946.807011204528,4656.27983641337,0,262.103204972467,1167.41538364362,10314.353543227,318.026717084174,11.5419082641295,3.21751454396625,15.8067556493214,369.6,189.048594192633,2407,1230.14414287765,12.4176688574432,0,3.4375651714725
"241",1976,945.955375057237,4656.32069641189,0,250.319332175141,1085.89366300496,10364.7843866801,286.649481635739,56.9210582734075,15.8121634900662,78.2748682833054,369.6,201.643243138733,2407,1292.61225551164,9.31506473796814,0,2.4649585444084
"242",1976,945.955375057237,4656.32069641189,0,250.319332175141,1085.89366300496,10364.7843866801,286.649481635739,0,0,0,369.6,201.643243138733,2407,1292.61225551164,9.31506473796814,0,2.4649585444084
"243",1976,945.955375057237,4656.32069641189,0,250.319332175141,1085.89366300496,10364.7843866801,286.649481635739,0,0,0,369.6,201.643243138733,2407,1292.61225551164,9.31506473796814,0,2.4649585444084
"244",1976.16438356164,946.29769050343,4656.2721971137,0,248.09041827958,1064.29105823631,10371.9973411089,278.448059321114,14.0191660524593,1.93509774755239,22.5910726545517,369.6,203.578340886285,2407,1315.20332816619,9.32020445722301,0,2.4434735976303
"245",1976.16438356164,946.29769050343,4665.1425971137,0,313.14001827958,1064.29105823631,10371.9973411089,427.848059321114,14.0191660524593,1.93509774755239,22.5910726545517,443.52,203.578340886285,2556.4,1315.20332816619,9.2575738156376,0,3.06343010549999
"246",1976.16438356164,946.29769050343,4665.1425971137,0,313.14001827958,1064.29105823631,10371.9973411089,427.848059321114,14.0191660524593,1.93509774755239,22.5910726545517,443.52,203.578340886285,2556.4,1315.20332816619,9.2575738156376,0,3.06343010549999
"247",1976.16438356164,946.29769050343,4665.1425971137,0,313.14001827958,1064.29105823631,10371.9973411089,427.848059321114,14.0191660524593,1.93509774755239,22.5910726545517,443.52,203.578340886285,2556.4,1315.20332816619,9.2575738156376,0,3.06343010549999
"248",1976.16438356164,946.29769050343,4665.1425971137,0,313.14001827958,1064.29105823631,10371.9973411089,427.848059321114,14.0191660524593,1.93509774755239,22.5910726545517,443.52,203.578340886285,2556.4,1315.20332816619,9.2575738156376,0,3.06343010549999
"249",1976.16438356164,946.29769050343,4665.1425971137,0,313.14001827958,1064.29105823631,10371.9973411089,427.848059321114,14.0191660524593,1.93509774755239,22.5910726545517,443.52,203.578340886285,2556.4,1315.20332816619,9.2575738156376,0,3.06343010549999
"250",1976.20273972603,946.389943329293,4665.22990317589,0,312.487963836446,1059.56854840026,10373.9191999041,424.99609416029,17.3157317995601,2.40759330263808,28.2436888562241,443.52,204.050836441371,2556.4,1320.85594436786,9.25902905920284,0,3.0572336046116
"251",1976.20273972603,946.389943329293,4665.22990317589,0,312.487963836446,1192.36854840026,10373.9191999041,424.99609416029,17.3157317995601,2.40759330263808,28.2436888562241,443.52,204.050836441371,2689.2,1320.85594436786,9.25902905920284,0,3.0572336046116
"252",1976.20273972603,946.389943329293,4665.22990317589,0,312.487963836446,1192.36854840026,10373.9191999041,424.99609416029,17.3157317995601,2.40759330263808,28.2436888562241,443.52,204.050836441371,2689.2,1320.85594436786,9.25902905920284,0,3.0572336046116
"253",1976.20273972603,946.389943329293,4665.22990317589,0,312.487963836446,1192.36854840026,10373.9191999041,424.99609416029,17.3157317995601,2.40759330263808,28.2436888562241,443.52,204.050836441371,2689.2,1320.85594436786,9.25902905920284,0,3.0572336046116
"254",1976.20273972603,946.389943329293,4665.22990317589,0,312.487963836446,1192.36854840026,10373.9191999041,424.99609416029,17.3157317995601,2.40759330263808,28.2436888562241,443.52,204.050836441371,2689.2,1320.85594436786,9.25902905920284,0,3.0572336046116
"255",1976.20273972603,946.389943329293,4665.22990317589,0,312.487963836446,1192.36854840026,10373.9191999041,424.99609416029,17.3157317995601,2.40759330263808,28.2436888562241,443.52,204.050836441371,2689.2,1320.85594436786,9.25902905920284,0,3.0572336046116
"256",1976.20273972603,946.389943329293,4665.22990317589,0,312.487963836446,1192.36854840026,10373.9191999041,424.99609416029,17.3157317995601,2.40759330263808,28.2436888562241,443.52,204.050836441371,2689.2,1320.85594436786,9.25902905920284,0,3.0572336046116
"257",1977,948.201665768842,4666.88943408457,0,299.236334309179,1072.94014677837,10429.7156956421,370.368580457924,85.7903261852641,12.1879694816792,146.503108442432,443.52,213.831212620412,2689.2,1439.11536395407,11.398775723085,0,3.59725993544074
"258",1977,948.201665768842,4666.88943408457,0,299.236334309179,1072.94014677837,10429.7156956421,370.368580457924,0,0,0,443.52,213.831212620412,2689.2,1439.11536395407,11.398775723085,0,3.59725993544074
"259",1977,948.201665768842,4666.88943408457,0,299.236334309179,1072.94014677837,10429.7156956421,370.368580457924,0,0,0,443.52,213.831212620412,2689.2,1439.11536395407,11.398775723085,0,3.59725993544074
"260",1977.16438356164,948.207169882007,4667.19031008208,0,296.465391999409,1063.69415697461,10437.2416012737,363.669757963638,8.91205735142611,2.46456219909441,8.41890666649426,443.52,216.295774819507,2689.2,1447.53427062056,11.4191603445073,0,3.57030188693864
"261",1977.16438356164,948.207169882007,4667.19031008208,0,296.465391999409,1063.69415697461,10437.2416012737,363.669757963638,8.91205735142611,2.46456219909441,8.41890666649426,443.52,216.295774819507,2689.2,1447.53427062056,11.4191603445073,0,3.57030188693864
"262",1977.16438356164,948.207169882007,4667.19031008208,0,296.465391999409,1063.69415697461,10437.2416012737,363.669757963638,8.91205735142611,2.46456219909441,8.41890666649426,443.52,216.295774819507,2689.2,1447.53427062056,11.4191603445073,0,3.57030188693864
"263",1977.16438356164,948.207169882007,4667.19031008208,0,296.465391999409,1063.69415697461,10437.2416012737,363.669757963638,8.91205735142611,2.46456219909441,8.41890666649426,443.52,216.295774819507,2689.2,1447.53427062056,11.4191603445073,0,3.57030188693864
"264",1977.16438356164,948.207169882007,4667.19031008208,0,296.465391999409,1063.69415697461,10437.2416012737,363.669757963638,8.91205735142611,2.46456219909441,8.41890666649426,443.52,216.295774819507,2689.2,1447.53427062056,11.4191603445073,0,3.57030188693864
"265",1977.16438356164,948.207169882007,4667.19031008208,0,296.465391999409,1063.69415697461,10437.2416012737,363.669757963638,8.91205735142611,2.46456219909441,8.41890666649426,443.52,216.295774819507,2689.2,1447.53427062056,11.4191603445073,0,3.57030188693864
"266",1977.20273972603,948.208188013151,4667.25738527537,0,295.822390052612,1061.61417628329,10438.9060941031,362.120834270009,10.9915374000752,3.03947082145309,10.3833182219936,443.52,216.870683441865,2689.2,1449.49868217606,11.423888652918,0,3.56402959573919
"267",1977.20273972603,948.208188013151,4667.25738527537,0,295.822390052612,1161.21417628329,10438.9060941031,362.120834270009,10.9915374000752,3.03947082145309,10.3833182219936,443.52,216.870683441865,2788.8,1449.49868217606,11.423888652918,0,3.56402959573919
"268",1977.20273972603,948.208188013151,4667.25738527537,0,295.822390052612,1161.21417628329,10438.9060941031,362.120834270009,10.9915374000752,3.03947082145309,10.3833182219936,443.52,216.870683441865,2788.8,1449.49868217606,11.423888652918,0,3.56402959573919
"269",1977.20273972603,948.208188013151,4667.25738527537,0,295.822390052612,1161.21417628329,10438.9060941031,362.120834270009,10.9915374000752,3.03947082145309,10.3833182219936,443.52,216.870683441865,2788.8,1449.49868217606,11.423888652918,0,3.56402959573919
"270",1977.20273972603,948.208188013151,4667.25738527537,0,295.822390052612,1161.21417628329,10438.9060941031,362.120834270009,10.9915374000752,3.03947082145309,10.3833182219936,443.52,216.870683441865,2788.8,1449.49868217606,11.423888652918,0,3.56402959573919
"271",1977.20273972603,948.208188013151,4667.25738527537,0,295.822390052612,1161.21417628329,10438.9060941031,362.120834270009,10.9915374000752,3.03947082145309,10.3833182219936,443.52,216.870683441865,2788.8,1449.49868217606,11.423888652918,0,3.56402959573919
"272",1977.20273972603,948.208188013151,4667.25738527537,0,295.822390052612,1161.21417628329,10438.9060941031,362.120834270009,10.9915374000752,3.03947082145309,10.3833182219936,443.52,216.870683441865,2788.8,1449.49868217606,11.423888652918,0,3.56402959573919
"273",1978,948.205598387026,4668.38969032589,0,282.756420363422,1099.80217761876,10489.9090507712,331.698164406667,54.2150178172001,14.97572508625,51.215030081784,443.52,228.806937706662,2788.8,1490.33039403585,12.49750861512,0,3.72677698326561
"274",1978,948.205598387026,4668.38969032589,0,282.756420363422,1099.80217761876,10489.9090507712,331.698164406667,0,0,0,443.52,228.806937706662,2788.8,1490.33039403585,12.49750861512,0,3.72677698326561
"275",1978,948.205598387026,4668.38969032589,0,282.756420363422,1099.80217761876,10489.9090507712,331.698164406667,0,0,0,443.52,228.806937706662,2788.8,1490.33039403585,12.49750861512,0,3.72677698326561
"276",1978.16438356164,948.041527664244,4668.56030775292,0,280.085016301053,1085.63703543478,10497.9935583225,324.587031945426,9.65976522206281,2.66485735812439,13.1917670939082,443.52,231.471795064787,2788.8,1503.52216112976,12.5040434803513,0,3.69413693369726
"277",1978.16438356164,948.041527664244,4668.56030775292,0,280.085016301053,1085.63703543478,10497.9935583225,324.587031945426,9.65976522206281,2.66485735812439,13.1917670939082,443.52,231.471795064787,2788.8,1503.52216112976,12.5040434803513,0,3.69413693369726
"278",1978.16438356164,948.041527664244,4668.56030775292,0,280.085016301053,1085.63703543478,10497.9935583225,324.587031945426,9.65976522206281,2.66485735812439,13.1917670939082,443.52,231.471795064787,2788.8,1503.52216112976,12.5040434803513,0,3.69413693369726
"279",1978.16438356164,948.041527664244,4668.56030775292,0,280.085016301053,1085.63703543478,10497.9935583225,324.587031945426,9.65976522206281,2.66485735812439,13.1917670939082,443.52,231.471795064787,2788.8,1503.52216112976,12.5040434803513,0,3.69413693369726
"280",1978.16438356164,948.041527664244,4668.56030775292,0,280.085016301053,1085.63703543478,10497.9935583225,324.587031945426,9.65976522206281,2.66485735812439,13.1917670939082,443.52,231.471795064787,2788.8,1503.52216112976,12.5040434803513,0,3.69413693369726
"281",1978.16438356164,948.041527664244,4668.56030775292,0,280.085016301053,1085.63703543478,10497.9935583225,324.587031945426,9.65976522206281,2.66485735812439,13.1917670939082,443.52,231.471795064787,2788.8,1503.52216112976,12.5040434803513,0,3.69413693369726
"282",1978.20273972603,948.00380568699,4668.59659424759,0,279.465267902634,1082.45461184576,10499.7482412017,322.945379082743,11.9136092010901,3.28604123912868,16.2611606663834,443.52,232.092978945791,2788.8,1506.59155470224,12.5055617614964,0,3.68655710766572
"283",1978.20273972603,948.00380568699,4668.59659424759,0,279.465267902634,1182.05461184576,10499.7482412017,322.945379082743,11.9136092010901,3.28604123912868,16.2611606663834,443.52,232.092978945791,2888.4,1506.59155470224,12.5055617614964,0,3.68655710766572
"284",1978.20273972603,948.00380568699,4668.59659424759,0,279.465267902634,1182.05461184576,10499.7482412017,322.945379082743,11.9136092010901,3.28604123912868,16.2611606663834,443.52,232.092978945791,2888.4,1506.59155470224,12.5055617614964,0,3.68655710766572
"285",1978.20273972603,948.00380568699,4668.59659424759,0,279.465267902634,1182.05461184576,10499.7482412017,322.945379082743,11.9136092010901,3.28604123912868,16.2611606663834,443.52,232.092978945791,2888.4,1506.59155470224,12.5055617614964,0,3.68655710766572
"286",1978.20273972603,948.00380568699,4668.59659424759,0,279.465267902634,1182.05461184576,10499.7482412017,322.945379082743,11.9136092010901,3.28604123912868,16.2611606663834,443.52,232.092978945791,2888.4,1506.59155470224,12.5055617614964,0,3.68655710766572
"287",1978.20273972603,948.00380568699,4668.59659424759,0,279.465267902634,1182.05461184576,10499.7482412017,322.945379082743,11.9136092010901,3.28604123912868,16.2611606663834,443.52,232.092978945791,2888.4,1506.59155470224,12.5055617614964,0,3.68655710766572
"288",1978.20273972603,948.00380568699,4668.59659424759,0,279.465267902634,1182.05461184576,10499.7482412017,322.945379082743,11.9136092010901,3.28604123912868,16.2611606663834,443.52,232.092978945791,2888.4,1506.59155470224,12.5055617614964,0,3.68655710766572
"289",1979,947.262540005877,4669.0588189934,0,266.884533659765,1100.10755468017,10549.4715481315,290.884550753779,58.7527317771056,16.145816417295,80.5457392311508,443.52,244.952754123957,2888.4,1570.876133267,9.52229487592675,0,2.68283936079296
"290",1979,947.262540005877,4669.0588189934,0,266.884533659765,1100.10755468017,10549.4715481315,290.884550753779,0,0,0,443.52,244.952754123957,2888.4,1570.876133267,9.52229487592675,0,2.68283936079296
"291",1979,947.262540005877,4669.0588189934,0,266.884533659765,1100.10755468017,10549.4715481315,290.884550753779,0,0,0,443.52,244.952754123957,2888.4,1570.876133267,9.52229487592675,0,2.68283936079296
"292",1979.16438356164,947.608167276037,4669.0937647362,0,264.499213439595,1078.46521924458,10556.5240421884,282.557898605245,16.9727480748473,2.00474720720659,22.9164935272201,443.52,246.957501331164,2888.4,1593.79262679422,9.52681857936993,0,2.65915397085328
"293",1979.16438356164,947.608167276037,4677.9641647362,0,329.548813439595,1078.46521924458,10556.5240421884,431.957898605246,16.9727480748473,2.00474720720659,22.9164935272201,517.44,246.957501331164,3037.8,1593.79262679422,9.49139216554106,0,3.30081265027002
"294",1979.16438356164,947.608167276037,4677.9641647362,0,329.548813439595,1078.46521924458,10556.5240421884,431.957898605246,16.9727480748473,2.00474720720659,22.9164935272201,517.44,246.957501331164,3037.8,1593.79262679422,9.49139216554106,0,3.30081265027002
"295",1979.16438356164,947.608167276037,4677.9641647362,0,329.548813439595,1078.46521924458,10556.5240421884,431.957898605246,16.9727480748473,2.00474720720659,22.9164935272201,517.44,246.957501331164,3037.8,1593.79262679422,9.49139216554106,0,3.30081265027002
"296",1979.16438356164,947.608167276037,4677.9641647362,0,329.548813439595,1078.46521924458,10556.5240421884,431.957898605246,16.9727480748473,2.00474720720659,22.9164935272201,517.44,246.957501331164,3037.8,1593.79262679422,9.49139216554106,0,3.30081265027002
"297",1979.16438356164,947.608167276037,4677.9641647362,0,329.548813439595,1078.46521924458,10556.5240421884,431.957898605246,16.9727480748473,2.00474720720659,22.9164935272201,517.44,246.957501331164,3037.8,1593.79262679422,9.49139216554106,0,3.30081265027002
"298",1979.20273972603,947.700220941496,4678.0707200082,0,328.859650390424,1073.73385893058,10558.4080131859,429.076640283442,20.9787876587172,2.49530131892255,28.6451411655074,517.44,247.44805544288,3037.8,1599.52127443251,9.49265693398921,0,3.29402882009103
"299",1979.20273972603,947.700220941496,4678.0707200082,0,328.859650390424,1206.53385893058,10558.4080131859,429.076640283442,20.9787876587172,2.49530131892255,28.6451411655074,517.44,247.44805544288,3170.6,1599.52127443251,9.49265693398921,0,3.29402882009103
"300",1979.20273972603,947.700220941496,4678.0707200082,0,328.859650390424,1206.53385893058,10558.4080131859,429.076640283442,20.9787876587172,2.49530131892255,28.6451411655074,517.44,247.44805544288,3170.6,1599.52127443251,9.49265693398921,0,3.29402882009103
"301",1979.20273972603,947.700220941496,4678.0707200082,0,328.859650390424,1206.53385893058,10558.4080131859,429.076640283442,20.9787876587172,2.49530131892255,28.6451411655074,517.44,247.44805544288,3170.6,1599.52127443251,9.49265693398921,0,3.29402882009103
"302",1979.20273972603,947.700220941496,4678.0707200082,0,328.859650390424,1206.53385893058,10558.4080131859,429.076640283442,20.9787876587172,2.49530131892255,28.6451411655074,517.44,247.44805544288,3170.6,1599.52127443251,9.49265693398921,0,3.29402882009103
"303",1979.20273972603,947.700220941496,4678.0707200082,0,328.859650390424,1206.53385893058,10558.4080131859,429.076640283442,20.9787876587172,2.49530131892255,28.6451411655074,517.44,247.44805544288,3170.6,1599.52127443251,9.49265693398921,0,3.29402882009103
"304",1979.20273972603,947.700220941496,4678.0707200082,0,328.859650390424,1206.53385893058,10558.4080131859,429.076640283442,20.9787876587172,2.49530131892255,28.6451411655074,517.44,247.44805544288,3170.6,1599.52127443251,9.49265693398921,0,3.29402882009103
"305",1980,949.514805925677,4680.11087436149,0,314.855817014448,1086.93435676533,10613.3844641512,373.882868635615,104.156453500769,12.6443953574325,148.461964013353,517.44,257.59714948139,3170.6,1719.33809728036,15.0583988150471,0,4.99331282909154
"306",1980,949.514805925677,4680.11087436149,0,314.855817014448,1086.93435676533,10613.3844641512,373.882868635615,0,0,0,517.44,257.59714948139,3170.6,1719.33809728036,15.0583988150471,0,4.99331282909154
"307",1980,949.514805925677,4680.11087436149,0,314.855817014448,1086.93435676533,10613.3844641512,373.882868635615,0,0,0,517.44,257.59714948139,3170.6,1719.33809728036,15.0583988150471,0,4.99331282909154
"308",1980.16438356164,948.966787513039,4680.4781327854,0,311.743705738997,1073.68128922526,10620.6119241434,365.672368288863,15.0625763666738,3.29287126417395,14.236107894575,517.44,260.890020745564,3170.6,1733.57420517493,15.0632207031737,0,4.94839682922752
"309",1980.16438356164,948.966787513039,4680.4781327854,0,311.743705738997,1073.68128922526,10620.6119241434,365.672368288863,15.0625763666738,3.29287126417395,14.236107894575,517.44,260.890020745564,3170.6,1733.57420517493,15.0632207031737,0,4.94839682922752
"310",1980.16438356164,948.966787513039,4680.4781327854,0,311.743705738997,1073.68128922526,10620.6119241434,365.672368288863,15.0625763666738,3.29287126417395,14.236107894575,517.44,260.890020745564,3170.6,1733.57420517493,15.0632207031737,0,4.94839682922752
"311",1980.16438356164,948.966787513039,4680.4781327854,0,311.743705738997,1073.68128922526,10620.6119241434,365.672368288863,15.0625763666738,3.29287126417395,14.236107894575,517.44,260.890020745564,3170.6,1733.57420517493,15.0632207031737,0,4.94839682922752
"312",1980.16438356164,948.966787513039,4680.4781327854,0,311.743705738997,1073.68128922526,10620.6119241434,365.672368288863,15.0625763666738,3.29287126417395,14.236107894575,517.44,260.890020745564,3170.6,1733.57420517493,15.0632207031737,0,4.94839682922752
"313",1980.16438356164,948.966787513039,4680.4781327854,0,311.743705738997,1073.68128922526,10620.6119241434,365.672368288863,15.0625763666738,3.29287126417395,14.236107894575,517.44,260.890020745564,3170.6,1733.57420517493,15.0632207031737,0,4.94839682922752
"314",1980.20273972603,948.841040117865,4680.55831662963,0,311.021878724924,1070.70254856529,10622.172570948,363.77725648739,18.5769313547539,4.06026182919566,17.5493135514025,517.44,261.657411310585,3170.6,1736.88741083176,15.0643512411423,0,4.93796392302994
"315",1980.20273972603,948.841040117865,4680.55831662963,0,311.021878724924,1170.30254856529,10622.172570948,363.77725648739,18.5769313547539,4.06026182919566,17.5493135514025,517.44,261.657411310585,3270.2,1736.88741083176,15.0643512411423,0,4.93796392302994
"316",1980.20273972603,948.841040117865,4680.55831662963,0,311.021878724924,1170.30254856529,10622.172570948,363.77725648739,18.5769313547539,4.06026182919566,17.5493135514025,517.44,261.657411310585,3270.2,1736.88741083176,15.0643512411423,0,4.93796392302994
"317",1980.20273972603,948.841040117865,4680.55831662963,0,311.021878724924,1170.30254856529,10622.172570948,363.77725648739,18.5769313547539,4.06026182919566,17.5493135514025,517.44,261.657411310585,3270.2,1736.88741083176,15.0643512411423,0,4.93796392302994
"318",1980.20273972603,948.841040117865,4680.55831662963,0,311.021878724924,1170.30254856529,10622.172570948,363.77725648739,18.5769313547539,4.06026182919566,17.5493135514025,517.44,261.657411310585,3270.2,1736.88741083176,15.0643512411423,0,4.93796392302994
"319",1980.20273972603,948.841040117865,4680.55831662963,0,311.021878724924,1170.30254856529,10622.172570948,363.77725648739,18.5769313547539,4.06026182919566,17.5493135514025,517.44,261.657411310585,3270.2,1736.88741083176,15.0643512411423,0,4.93796392302994
"320",1980.20273972603,948.841040117865,4680.55831662963,0,311.021878724924,1170.30254856529,10622.172570948,363.77725648739,18.5769313547539,4.06026182919566,17.5493135514025,517.44,261.657411310585,3270.2,1736.88741083176,15.0643512411423,0,4.93796392302994
"321",1981,946.395396228614,4681.7720442984,0,296.382620301506,1091.81551734176,10668.2861509697,326.823658887827,91.6038128225014,19.9314364730869,86.8763623527776,517.44,277.528585954476,3270.2,1806.21445963313,12.8966863729201,0,4.03885491798128
"322",1981,946.395396228614,4681.7720442984,0,296.382620301506,1091.81551734176,10668.2861509697,326.823658887827,0,0,0,517.44,277.528585954476,3270.2,1806.21445963313,12.8966863729201,0,4.03885491798128
"323",1981,946.395396228614,4681.7720442984,0,296.382620301506,1091.81551734176,10668.2861509697,326.823658887827,0,0,0,517.44,277.528585954476,3270.2,1806.21445963313,12.8966863729201,0,4.03885491798128
"324",1981.16438356164,946.283599294103,4681.92407498156,0,293.560937112004,1078.21413961765,10674.9021115485,319.547459280818,10.8810361858003,2.78144944085031,14.2616167523981,517.44,280.310035395327,3270.2,1820.47607638553,12.9027203461093,0,4.00274788543679
"325",1981.16438356164,946.283599294103,4681.92407498156,0,293.560937112004,1078.21413961765,10674.9021115485,319.547459280818,10.8810361858003,2.78144944085031,14.2616167523981,517.44,280.310035395327,3270.2,1820.47607638553,12.9027203461093,0,4.00274788543679
"326",1981.16438356164,946.283599294103,4681.92407498156,0,293.560937112004,1078.21413961765,10674.9021115485,319.547459280818,10.8810361858003,2.78144944085031,14.2616167523981,517.44,280.310035395327,3270.2,1820.47607638553,12.9027203461093,0,4.00274788543679
"327",1981.16438356164,946.283599294103,4681.92407498156,0,293.560937112004,1078.21413961765,10674.9021115485,319.547459280818,10.8810361858003,2.78144944085031,14.2616167523981,517.44,280.310035395327,3270.2,1820.47607638553,12.9027203461093,0,4.00274788543679
"328",1981.16438356164,946.283599294103,4681.92407498156,0,293.560937112004,1078.21413961765,10674.9021115485,319.547459280818,10.8810361858003,2.78144944085031,14.2616167523981,517.44,280.310035395327,3270.2,1820.47607638553,12.9027203461093,0,4.00274788543679
"329",1981.16438356164,946.283599294103,4681.92407498156,0,293.560937112004,1078.21413961765,10674.9021115485,319.547459280818,10.8810361858003,2.78144944085031,14.2616167523981,517.44,280.310035395327,3270.2,1820.47607638553,12.9027203461093,0,4.00274788543679
"330",1981.20273972603,946.257885075526,4681.95606802359,0,292.906363192241,1075.1607103331,10676.3195436489,317.869383529859,13.4197369966701,3.42974453716718,17.5756896874792,517.44,280.958330491644,3270.2,1823.79014932061,12.9041213640615,0,3.99436487510684
"331",1981.20273972603,946.257885075526,4681.95606802359,0,292.906363192241,1174.7607103331,10676.3195436489,317.869383529859,13.4197369966701,3.42974453716718,17.5756896874792,517.44,280.958330491644,3369.8,1823.79014932061,12.9041213640615,0,3.99436487510684
"332",1981.20273972603,946.257885075526,4681.95606802359,0,292.906363192241,1174.7607103331,10676.3195436489,317.869383529859,13.4197369966701,3.42974453716718,17.5756896874792,517.44,280.958330491644,3369.8,1823.79014932061,12.9041213640615,0,3.99436487510684
"333",1981.20273972603,946.257885075526,4681.95606802359,0,292.906363192241,1174.7607103331,10676.3195436489,317.869383529859,13.4197369966701,3.42974453716718,17.5756896874792,517.44,280.958330491644,3369.8,1823.79014932061,12.9041213640615,0,3.99436487510684
"334",1981.20273972603,946.257885075526,4681.95606802359,0,292.906363192241,1174.7607103331,10676.3195436489,317.869383529859,13.4197369966701,3.42974453716718,17.5756896874792,517.44,280.958330491644,3369.8,1823.79014932061,12.9041213640615,0,3.99436487510684
"335",1981.20273972603,946.257885075526,4681.95606802359,0,292.906363192241,1174.7607103331,10676.3195436489,317.869383529859,13.4197369966701,3.42974453716718,17.5756896874792,517.44,280.958330491644,3369.8,1823.79014932061,12.9041213640615,0,3.99436487510684
"336",1981.20273972603,946.257885075526,4681.95606802359,0,292.906363192241,1174.7607103331,10676.3195436489,317.869383529859,13.4197369966701,3.42974453716718,17.5756896874792,517.44,280.958330491644,3369.8,1823.79014932061,12.9041213640615,0,3.99436487510684
"337",1982,945.750810501397,4682.33220481981,0,279.621869535288,1094.73132065183,10719.3830427462,285.128623884457,66.170667488817,16.845175972027,87.282339916845,517.44,294.373761926504,3369.8,1893.49679954998,9.52338576071043,0,2.81569616557221
"338",1982,945.750810501397,4682.33220481981,0,279.621869535288,1094.73132065183,10719.3830427462,285.128623884457,0,0,0,517.44,294.373761926504,3369.8,1893.49679954998,9.52338576071043,0,2.81569616557221
"339",1982,945.750810501397,4682.33220481981,0,279.621869535288,1094.73132065183,10719.3830427462,285.128623884457,0,0,0,517.44,294.373761926504,3369.8,1893.49679954998,9.52338576071043,0,2.81569616557221
"340",1982.16438356164,946.205266312474,4682.35094294881,0,277.121927115366,1074.20272351458,10725.1657105416,276.924411512911,17.4816958968936,2.02674847984537,22.9501417134434,517.44,296.400510406349,3369.8,1916.44694126342,9.52890663062139,0,2.7907992724151
"341",1982.16438356164,946.205266312474,4691.22134294881,0,342.171527115366,1074.20272351458,10725.1657105416,426.324411512911,17.4816958968936,2.02674847984537,22.9501417134434,591.36,296.400510406349,3519.2,1916.44694126342,9.49689142908364,0,3.43431384164929
"342",1982.16438356164,946.205266312474,4691.22134294881,0,342.171527115366,1074.20272351458,10725.1657105416,426.324411512911,17.4816958968936,2.02674847984537,22.9501417134434,591.36,296.400510406349,3519.2,1916.44694126342,9.49689142908364,0,3.43431384164929
"343",1982.16438356164,946.205266312474,4691.22134294881,0,342.171527115366,1074.20272351458,10725.1657105416,426.324411512911,17.4816958968936,2.02674847984537,22.9501417134434,591.36,296.400510406349,3519.2,1916.44694126342,9.49689142908364,0,3.43431384164929
"344",1982.16438356164,946.205266312474,4691.22134294881,0,342.171527115366,1074.20272351458,10725.1657105416,426.324411512911,17.4816958968936,2.02674847984537,22.9501417134434,591.36,296.400510406349,3519.2,1916.44694126342,9.49689142908364,0,3.43431384164929
"345",1982.16438356164,946.205266312474,4691.22134294881,0,342.171527115366,1074.20272351458,10725.1657105416,426.324411512911,17.4816958968936,2.02674847984537,22.9501417134434,591.36,296.400510406349,3519.2,1916.44694126342,9.49689142908364,0,3.43431384164929
"346",1982.20273972603,946.322159186763,4691.32439623085,0,341.455696613272,1069.72056972888,10726.7636354837,423.466378869663,21.6097097545447,2.52263282561033,28.6924032002198,591.36,296.896394752114,3519.2,1922.1892027502,9.49837716609015,0,3.42724193918281
"347",1982.20273972603,946.322159186763,4691.32439623085,0,341.455696613272,1202.52056972888,10726.7636354837,423.466378869663,21.6097097545447,2.52263282561033,28.6924032002198,591.36,296.896394752114,3652,1922.1892027502,9.49837716609015,0,3.42724193918281
"348",1982.20273972603,946.322159186763,4691.32439623085,0,341.455696613272,1202.52056972888,10726.7636354837,423.466378869663,21.6097097545447,2.52263282561033,28.6924032002198,591.36,296.896394752114,3652,1922.1892027502,9.49837716609015,0,3.42724193918281
"349",1982.20273972603,946.322159186763,4691.32439623085,0,341.455696613272,1202.52056972888,10726.7636354837,423.466378869663,21.6097097545447,2.52263282561033,28.6924032002198,591.36,296.896394752114,3652,1922.1892027502,9.49837716609015,0,3.42724193918281
"350",1982.20273972603,946.322159186763,4691.32439623085,0,341.455696613272,1202.52056972888,10726.7636354837,423.466378869663,21.6097097545447,2.52263282561033,28.6924032002198,591.36,296.896394752114,3652,1922.1892027502,9.49837716609015,0,3.42724193918281
"351",1982.20273972603,946.322159186763,4691.32439623085,0,341.455696613272,1202.52056972888,10726.7636354837,423.466378869663,21.6097097545447,2.52263282561033,28.6924032002198,591.36,296.896394752114,3652,1922.1892027502,9.49837716609015,0,3.42724193918281
"352",1982.20273972603,946.322159186763,4691.32439623085,0,341.455696613272,1202.52056972888,10726.7636354837,423.466378869663,21.6097097545447,2.52263282561033,28.6924032002198,591.36,296.896394752114,3652,1922.1892027502,9.49837716609015,0,3.42724193918281
"353",1983,948.619032719499,4693.31377311809,0,326.910192032694,1087.2012492793,10776.5338146315,368.756406955656,107.315780774892,12.7818869862044,148.951516416033,591.36,307.155648912708,3652,2042.44831596601,15.1242656203364,0,5.21207819763367
"354",1983,948.619032719499,4693.31377311809,0,326.910192032694,1087.2012492793,10776.5338146315,368.756406955656,0,0,0,591.36,307.155648912708,3652,2042.44831596601,15.1242656203364,0,5.21207819763367
"355",1983,948.619032719499,4693.31377311809,0,326.910192032694,1087.2012492793,10776.5338146315,368.756406955656,0,0,0,591.36,307.155648912708,3652,2042.44831596601,15.1242656203364,0,5.21207819763367
"356",1983.16438356164,948.153778898594,4693.6752082146,0,323.674449699692,1074.58080071681,10782.8395952475,360.585070353906,15.4384323501152,3.33956105739609,14.4860045482172,591.36,310.495209970104,3652,2056.93432051423,15.1300487130649,0,5.16499570019071
"357",1983.16438356164,948.153778898594,4693.6752082146,0,323.674449699692,1074.58080071681,10782.8395952475,360.585070353906,15.4384323501152,3.33956105739609,14.4860045482172,591.36,310.495209970104,3652,2056.93432051423,15.1300487130649,0,5.16499570019071
"358",1983.16438356164,948.153778898594,4693.6752082146,0,323.674449699692,1074.58080071681,10782.8395952475,360.585070353906,15.4384323501152,3.33956105739609,14.4860045482172,591.36,310.495209970104,3652,2056.93432051423,15.1300487130649,0,5.16499570019071
"359",1983.16438356164,948.153778898594,4693.6752082146,0,323.674449699692,1074.58080071681,10782.8395952475,360.585070353906,15.4384323501152,3.33956105739609,14.4860045482172,591.36,310.495209970104,3652,2056.93432051423,15.1300487130649,0,5.16499570019071
"360",1983.16438356164,948.153778898594,4693.6752082146,0,323.674449699692,1074.58080071681,10782.8395952475,360.585070353906,15.4384323501152,3.33956105739609,14.4860045482172,591.36,310.495209970104,3652,2056.93432051423,15.1300487130649,0,5.16499570019071
"361",1983.16438356164,948.153778898594,4693.6752082146,0,323.674449699692,1074.58080071681,10782.8395952475,360.585070353906,15.4384323501152,3.33956105739609,14.4860045482172,591.36,310.495209970104,3652,2056.93432051423,15.1300487130649,0,5.16499570019071
"362",1983.20273972603,948.047020453185,4693.75420370073,0,322.923956277047,1071.74426743796,10784.1910573502,358.699593459836,19.0404510441659,4.11781743932421,17.8565526184692,591.36,311.273466352032,3652,2060.30486858448,15.1314002092657,0,5.15406041490609
"363",1983.20273972603,948.047020453185,4693.75420370073,0,322.923956277047,1171.34426743796,10784.1910573502,358.699593459836,19.0404510441659,4.11781743932421,17.8565526184692,591.36,311.273466352032,3751.6,2060.30486858448,15.1314002092657,0,5.15406041490609
"364",1983.20273972603,948.047020453185,4693.75420370073,0,322.923956277047,1171.34426743796,10784.1910573502,358.699593459836,19.0404510441659,4.11781743932421,17.8565526184692,591.36,311.273466352032,3751.6,2060.30486858448,15.1314002092657,0,5.15406041490609
"365",1983.20273972603,948.047020453185,4693.75420370073,0,322.923956277047,1171.34426743796,10784.1910573502,358.699593459836,19.0404510441659,4.11781743932421,17.8565526184692,591.36,311.273466352032,3751.6,2060.30486858448,15.1314002092657,0,5.15406041490609
"366",1983.20273972603,948.047020453185,4693.75420370073,0,322.923956277047,1171.34426743796,10784.1910573502,358.699593459836,19.0404510441659,4.11781743932421,17.8565526184692,591.36,311.273466352032,3751.6,2060.30486858448,15.1314002092657,0,5.15406041490609
"367",1983.20273972603,948.047020453185,4693.75420370073,0,322.923956277047,1171.34426743796,10784.1910573502,358.699593459836,19.0404510441659,4.11781743932421,17.8565526184692,591.36,311.273466352032,3751.6,2060.30486858448,15.1314002092657,0,5.15406041490609
"368",1983.20273972603,948.047020453185,4693.75420370073,0,322.923956277047,1171.34426743796,10784.1910573502,358.699593459836,19.0404510441659,4.11781743932421,17.8565526184692,591.36,311.273466352032,3751.6,2060.30486858448,15.1314002092657,0,5.15406041490609
"369",1984,945.970060304918,4694.95644971311,0,307.704106263419,1095.28338242084,10826.3823293329,321.952624649425,93.8863634286077,20.2123815888391,88.4731344632511,591.36,327.368030501547,3751.6,2130.92145042926,12.9547510734171,0,4.21390725582368
"370",1984,945.970060304918,4694.95644971311,0,307.704106263419,1095.28338242084,10826.3823293329,321.952624649425,0,0,0,591.36,327.368030501547,3751.6,2130.92145042926,12.9547510734171,0,4.21390725582368
"371",1984,945.970060304918,4694.95644971311,0,307.704106263419,1095.28338242084,10826.3823293329,321.952624649425,0,0,0,591.36,327.368030501547,3751.6,2130.92145042926,12.9547510734171,0,4.21390725582368
"372",1984.16438356164,945.930616236095,4695.10904158709,0,304.771260646515,1082.12295312776,10832.2817742783,314.733349123745,11.1726144123481,2.81969781174596,14.48025987339,591.36,330.187728313293,3751.6,2145.40171030265,12.9615866299691,0,4.17611929394272
"373",1984.16438356164,945.930616236095,4695.10904158709,0,304.771260646515,1082.12295312776,10832.2817742783,314.733349123745,11.1726144123481,2.81969781174596,14.48025987339,591.36,330.187728313293,3751.6,2145.40171030265,12.9615866299691,0,4.17611929394272
"374",1984.16438356164,945.930616236095,4695.10904158709,0,304.771260646515,1082.12295312776,10832.2817742783,314.733349123745,11.1726144123481,2.81969781174596,14.48025987339,591.36,330.187728313293,3751.6,2145.40171030265,12.9615866299691,0,4.17611929394272
"375",1984.16438356164,945.930616236095,4695.10904158709,0,304.771260646515,1082.12295312776,10832.2817742783,314.733349123745,11.1726144123481,2.81969781174596,14.48025987339,591.36,330.187728313293,3751.6,2145.40171030265,12.9615866299691,0,4.17611929394272
"376",1984.16438356164,945.930616236095,4695.10904158709,0,304.771260646515,1082.12295312776,10832.2817742783,314.733349123745,11.1726144123481,2.81969781174596,14.48025987339,591.36,330.187728313293,3751.6,2145.40171030265,12.9615866299691,0,4.17611929394272
"377",1984.16438356164,945.930616236095,4695.10904158709,0,304.771260646515,1082.12295312776,10832.2817742783,314.733349123745,11.1726144123481,2.81969781174596,14.48025987339,591.36,330.187728313293,3751.6,2145.40171030265,12.9615866299691,0,4.17611929394272
"378",1984.20273972603,945.921507965186,4695.14130617658,0,304.090905452605,1079.16866469291,10833.536174276,313.068793245386,13.7793272781681,3.47689668708065,17.8447041889259,591.36,330.844927188628,3751.6,2148.76615461819,12.963171758871,0,4.16734644946649
"379",1984.20273972603,945.921507965186,4695.14130617658,0,304.090905452605,1178.76866469291,10833.536174276,313.068793245386,13.7793272781681,3.47689668708065,17.8447041889259,591.36,330.844927188628,3851.2,2148.76615461819,12.963171758871,0,4.16734644946649
"380",1984.20273972603,945.921507965186,4695.14130617658,0,304.090905452605,1178.76866469291,10833.536174276,313.068793245386,13.7793272781681,3.47689668708065,17.8447041889259,591.36,330.844927188628,3851.2,2148.76615461819,12.963171758871,0,4.16734644946649
"381",1984.20273972603,945.921507965186,4695.14130617658,0,304.090905452605,1178.76866469291,10833.536174276,313.068793245386,13.7793272781681,3.47689668708065,17.8447041889259,591.36,330.844927188628,3851.2,2148.76615461819,12.963171758871,0,4.16734644946649
"382",1984.20273972603,945.921507965186,4695.14130617658,0,304.090905452605,1178.76866469291,10833.536174276,313.068793245386,13.7793272781681,3.47689668708065,17.8447041889259,591.36,330.844927188628,3851.2,2148.76615461819,12.963171758871,0,4.16734644946649
"383",1984.20273972603,945.921507965186,4695.14130617658,0,304.090905452605,1178.76866469291,10833.536174276,313.068793245386,13.7793272781681,3.47689668708065,17.8447041889259,591.36,330.844927188628,3851.2,2148.76615461819,12.963171758871,0,4.16734644946649
"384",1984.20273972603,945.921507965186,4695.14130617658,0,304.090905452605,1178.76866469291,10833.536174276,313.068793245386,13.7793272781681,3.47689668708065,17.8447041889259,591.36,330.844927188628,3851.2,2148.76615461819,12.963171758871,0,4.16734644946649
"385",1985,945.737255834713,4695.53409352304,0,290.283663643467,1100.41189813248,10873.5171095447,280.602506290145,67.9419923344371,17.0756032802317,88.6868224358657,591.36,344.443633781779,3851.2,2219.60827286513,9.53757924506777,0,2.9274551980133
"386",1985,945.737255834713,4695.53409352304,0,290.283663643467,1100.41189813248,10873.5171095447,280.602506290145,0,0,0,591.36,344.443633781779,3851.2,2219.60827286513,9.53757924506777,0,2.9274551980133
"387",1985,945.737255834713,4695.53409352304,0,290.283663643467,1100.41189813248,10873.5171095447,280.602506290145,0,0,0,591.36,344.443633781779,3851.2,2219.60827286513,9.53757924506777,0,2.9274551980133
"388",1985.16438356164,946.26114970405,4695.55875768617,0,287.687685784781,1080.2235529935,10878.7309263901,272.509820151858,17.9809638606641,2.04741982621791,23.067214431928,591.36,346.491053607997,3851.2,2242.67548729706,9.54371808704766,0,2.90153534370909
"389",1985.16438356164,946.26114970405,4704.42915768617,0,352.737285784781,1080.2235529935,10878.7309263901,421.909820151859,17.9809638606641,2.04741982621791,23.067214431928,665.28,346.491053607997,4000.6,2242.67548729706,9.51487313683115,0,3.5468544026372
"390",1985.16438356164,946.26114970405,4704.42915768617,0,352.737285784781,1080.2235529935,10878.7309263901,421.909820151859,17.9809638606641,2.04741982621791,23.067214431928,665.28,346.491053607997,4000.6,2242.67548729706,9.51487313683115,0,3.5468544026372
"391",1985.16438356164,946.26114970405,4704.42915768617,0,352.737285784781,1080.2235529935,10878.7309263901,421.909820151859,17.9809638606641,2.04741982621791,23.067214431928,665.28,346.491053607997,4000.6,2242.67548729706,9.51487313683115,0,3.5468544026372
"392",1985.16438356164,946.26114970405,4704.42915768617,0,352.737285784781,1080.2235529935,10878.7309263901,421.909820151859,17.9809638606641,2.04741982621791,23.067214431928,665.28,346.491053607997,4000.6,2242.67548729706,9.51487313683115,0,3.5468544026372
"393",1985.16438356164,946.26114970405,4704.42915768617,0,352.737285784781,1080.2235529935,10878.7309263901,421.909820151859,17.9809638606641,2.04741982621791,23.067214431928,665.28,346.491053607997,4000.6,2242.67548729706,9.51487313683115,0,3.5468544026372
"394",1985.20273972603,946.393866136053,4704.53373535572,0,351.99910309208,1075.81788714638,10880.1994722291,419.074803799942,22.2287726723609,2.54830841736534,28.8393507919329,665.28,346.991942199144,4000.6,2248.44762365706,9.51649418581447,0,3.53953838655387
"395",1985.20273972603,946.393866136053,4704.53373535572,0,351.99910309208,1208.61788714638,10880.1994722291,419.074803799942,22.2287726723609,2.54830841736534,28.8393507919329,665.28,346.991942199144,4133.4,2248.44762365706,9.51649418581447,0,3.53953838655387
"396",1985.20273972603,946.393866136053,4704.53373535572,0,351.99910309208,1208.61788714638,10880.1994722291,419.074803799942,22.2287726723609,2.54830841736534,28.8393507919329,665.28,346.991942199144,4133.4,2248.44762365706,9.51649418581447,0,3.53953838655387
"397",1985.20273972603,946.393866136053,4704.53373535572,0,351.99910309208,1208.61788714638,10880.1994722291,419.074803799942,22.2287726723609,2.54830841736534,28.8393507919329,665.28,346.991942199144,4133.4,2248.44762365706,9.51649418581447,0,3.53953838655387
"398",1985.20273972603,946.393866136053,4704.53373535572,0,351.99910309208,1208.61788714638,10880.1994722291,419.074803799942,22.2287726723609,2.54830841736534,28.8393507919329,665.28,346.991942199144,4133.4,2248.44762365706,9.51649418581447,0,3.53953838655387
"399",1985.20273972603,946.393866136053,4704.53373535572,0,351.99910309208,1208.61788714638,10880.1994722291,419.074803799942,22.2287726723609,2.54830841736534,28.8393507919329,665.28,346.991942199144,4133.4,2248.44762365706,9.51649418581447,0,3.53953838655387
"400",1985.20273972603,946.393866136053,4704.53373535572,0,351.99910309208,1208.61788714638,10880.1994722291,419.074803799942,22.2287726723609,2.54830841736534,28.8393507919329,665.28,346.991942199144,4133.4,2248.44762365706,9.51649418581447,0,3.53953838655387
"401",1986,948.99903153465,4706.56575802562,0,336.999610509488,1094.60131925837,10927.5267319376,364.818676663435,110.416932373135,12.9106129314536,149.784786107969,665.28,357.354246713232,4133.4,2369.3930589731,15.2081806603656,0,5.40058607943271
"402",1986,948.99903153465,4706.56575802562,0,336.999610509488,1094.60131925837,10927.5267319376,364.818676663435,0,0,0,665.28,357.354246713232,4133.4,2369.3930589731,15.2081806603656,0,5.40058607943271
"403",1986,948.99903153465,4706.56575802562,0,336.999610509488,1094.60131925837,10927.5267319376,364.818676663435,0,0,0,665.28,357.354246713232,4133.4,2369.3930589731,15.2081806603656,0,5.40058607943271
"404",1986.16438356164,948.582479308651,4706.93818012613,0,333.659510717622,1082.14147130896,10933.3790359504,356.679100997855,15.812502085196,3.38422991736182,14.7471196021375,665.28,360.738476630594,4133.4,2384.14017857523,15.2144730706861,0,5.3516207091358
"405",1986.16438356164,948.582479308651,4706.93818012613,0,333.659510717622,1082.14147130896,10933.3790359504,356.679100997855,15.812502085196,3.38422991736182,14.7471196021375,665.28,360.738476630594,4133.4,2384.14017857523,15.2144730706861,0,5.3516207091358
"406",1986.16438356164,948.582479308651,4706.93818012613,0,333.659510717622,1082.14147130896,10933.3790359504,356.679100997855,15.812502085196,3.38422991736182,14.7471196021375,665.28,360.738476630594,4133.4,2384.14017857523,15.2144730706861,0,5.3516207091358
"407",1986.16438356164,948.582479308651,4706.93818012613,0,333.659510717622,1082.14147130896,10933.3790359504,356.679100997855,15.812502085196,3.38422991736182,14.7471196021375,665.28,360.738476630594,4133.4,2384.14017857523,15.2144730706861,0,5.3516207091358
"408",1986.16438356164,948.582479308651,4706.93818012613,0,333.659510717622,1082.14147130896,10933.3790359504,356.679100997855,15.812502085196,3.38422991736182,14.7471196021375,665.28,360.738476630594,4133.4,2384.14017857523,15.2144730706861,0,5.3516207091358
"409",1986.16438356164,948.582479308651,4706.93818012613,0,333.659510717622,1082.14147130896,10933.3790359504,356.679100997855,15.812502085196,3.38422991736182,14.7471196021375,665.28,360.738476630594,4133.4,2384.14017857523,15.2144730706861,0,5.3516207091358
"410",1986.20273972603,948.486906968308,4707.01979541813,0,332.88482103733,1079.34120917053,10934.6264297507,354.801344884036,19.5017646081764,4.17287664599532,18.1777440541402,665.28,361.527123359228,4133.4,2387.57080302724,15.2159416696098,0,5.3402487502885
"411",1986.20273972603,948.486906968308,4707.01979541813,0,332.88482103733,1178.94120917053,10934.6264297507,354.801344884036,19.5017646081764,4.17287664599532,18.1777440541402,665.28,361.527123359228,4233,2387.57080302724,15.2159416696098,0,5.3402487502885
"412",1986.20273972603,948.486906968308,4707.01979541813,0,332.88482103733,1178.94120917053,10934.6264297507,354.801344884036,19.5017646081764,4.17287664599532,18.1777440541402,665.28,361.527123359228,4233,2387.57080302724,15.2159416696098,0,5.3402487502885
"413",1986.20273972603,948.486906968308,4707.01979541813,0,332.88482103733,1178.94120917053,10934.6264297507,354.801344884036,19.5017646081764,4.17287664599532,18.1777440541402,665.28,361.527123359228,4233,2387.57080302724,15.2159416696098,0,5.3402487502885
"414",1986.20273972603,948.486906968308,4707.01979541813,0,332.88482103733,1178.94120917053,10934.6264297507,354.801344884036,19.5017646081764,4.17287664599532,18.1777440541402,665.28,361.527123359228,4233,2387.57080302724,15.2159416696098,0,5.3402487502885
"415",1986.20273972603,948.486906968308,4707.01979541813,0,332.88482103733,1178.94120917053,10934.6264297507,354.801344884036,19.5017646081764,4.17287664599532,18.1777440541402,665.28,361.527123359228,4233,2387.57080302724,15.2159416696098,0,5.3402487502885
"416",1986.20273972603,948.486906968308,4707.01979541813,0,332.88482103733,1178.94120917053,10934.6264297507,354.801344884036,19.5017646081764,4.17287664599532,18.1777440541402,665.28,361.527123359228,4233,2387.57080302724,15.2159416696098,0,5.3402487502885
"417",1987,946.628095128989,4708.28071789409,0,317.174913799704,1103.44953003021,10974.7745536741,318.211793836175,96.1577887596666,20.4806732469799,90.1108503188538,665.28,377.834919960212,4233,2459.50390929195,13.0254320267424,0,4.36426966571594
"418",1987,946.628095128989,4708.28071789409,0,317.174913799704,1103.44953003021,10974.7745536741,318.211793836175,0,0,0,665.28,377.834919960212,4233,2459.50390929195,13.0254320267424,0,4.36426966571594
"419",1987,946.628095128989,4708.28071789409,0,317.174913799704,1103.44953003021,10974.7745536741,318.211793836175,0,0,0,665.28,377.834919960212,4233,2459.50390929195,13.0254320267424,0,4.36426966571594
"420",1987.16438356164,946.633040264628,4708.44629599891,0,314.148438129489,1090.40731073261,10980.2790424359,311.034994383186,11.4625526512619,2.85595242974909,14.7145299887976,665.28,380.690872389961,4233,2474.21843928075,13.0327342459683,0,4.32502662994218
"421",1987.16438356164,946.633040264628,4708.44629599891,0,314.148438129489,1090.40731073261,10980.2790424359,311.034994383186,11.4625526512619,2.85595242974909,14.7145299887976,665.28,380.690872389961,4233,2474.21843928075,13.0327342459683,0,4.32502662994218
"422",1987.16438356164,946.633040264628,4708.44629599891,0,314.148438129489,1090.40731073261,10980.2790424359,311.034994383186,11.4625526512619,2.85595242974909,14.7145299887976,665.28,380.690872389961,4233,2474.21843928075,13.0327342459683,0,4.32502662994218
"423",1987.16438356164,946.633040264628,4708.44629599891,0,314.148438129489,1090.40731073261,10980.2790424359,311.034994383186,11.4625526512619,2.85595242974909,14.7145299887976,665.28,380.690872389961,4233,2474.21843928075,13.0327342459683,0,4.32502662994218
"424",1987.16438356164,946.633040264628,4708.44629599891,0,314.148438129489,1090.40731073261,10980.2790424359,311.034994383186,11.4625526512619,2.85595242974909,14.7145299887976,665.28,380.690872389961,4233,2474.21843928075,13.0327342459683,0,4.32502662994218
"425",1987.16438356164,946.633040264628,4708.44629599891,0,314.148438129489,1090.40731073261,10980.2790424359,311.034994383186,11.4625526512619,2.85595242974909,14.7145299887976,665.28,380.690872389961,4233,2474.21843928075,13.0327342459683,0,4.32502662994218
"426",1987.20273972603,946.634130318361,4708.48164041382,0,313.446368749686,1087.47979222874,10981.4426047539,309.380516184383,14.1368928034341,3.52158734091432,18.1329643734461,665.28,381.356507301127,4233,2477.6368736654,13.0344265606999,0,4.31591630106534
"427",1987.20273972603,946.634130318361,4708.48164041382,0,313.446368749686,1187.07979222874,10981.4426047539,309.380516184383,14.1368928034341,3.52158734091432,18.1329643734461,665.28,381.356507301127,4332.6,2477.6368736654,13.0344265606999,0,4.31591630106534
"428",1987.20273972603,946.634130318361,4708.48164041382,0,313.446368749686,1187.07979222874,10981.4426047539,309.380516184383,14.1368928034341,3.52158734091432,18.1329643734461,665.28,381.356507301127,4332.6,2477.6368736654,13.0344265606999,0,4.31591630106534
"429",1987.20273972603,946.634130318361,4708.48164041382,0,313.446368749686,1187.07979222874,10981.4426047539,309.380516184383,14.1368928034341,3.52158734091432,18.1329643734461,665.28,381.356507301127,4332.6,2477.6368736654,13.0344265606999,0,4.31591630106534
"430",1987.20273972603,946.634130318361,4708.48164041382,0,313.446368749686,1187.07979222874,10981.4426047539,309.380516184383,14.1368928034341,3.52158734091432,18.1329643734461,665.28,381.356507301127,4332.6,2477.6368736654,13.0344265606999,0,4.31591630106534
"431",1987.20273972603,946.634130318361,4708.48164041382,0,313.446368749686,1187.07979222874,10981.4426047539,309.380516184383,14.1368928034341,3.52158734091432,18.1329643734461,665.28,381.356507301127,4332.6,2477.6368736654,13.0344265606999,0,4.31591630106534
"432",1987.20273972603,946.634130318361,4708.48164041382,0,313.446368749686,1187.07979222874,10981.4426047539,309.380516184383,14.1368928034341,3.52158734091432,18.1329643734461,665.28,381.356507301127,4332.6,2477.6368736654,13.0344265606999,0,4.31591630106534
"433",1988,946.64896247389,4708.94215259324,0,299.198962670877,1109.13381945856,11019.6273576039,277.115899455966,69.7030731645472,17.293649084775,90.1588010220499,665.28,395.128569044988,4332.6,2549.662710314,9.55942380944434,0,3.02136251229021
"434",1988,946.64896247389,4708.94215259324,0,299.198962670877,1109.13381945856,11019.6273576039,277.115899455966,0,0,0,665.28,395.128569044988,4332.6,2549.662710314,9.55942380944434,0,3.02136251229021
"435",1988,946.64896247389,4708.94215259324,0,299.198962670877,1109.13381945856,11019.6273576039,277.115899455966,0,0,0,665.28,395.128569044988,4332.6,2549.662710314,9.55942380944434,0,3.02136251229021
"436",1988.16438356164,947.219378746769,4708.98168318098,0,296.522606999188,1089.06266562014,11024.493325926,269.11401739769,18.4694044848631,2.06640881107366,23.2070675746274,665.28,397.194977856061,4332.6,2572.86977788863,9.56595581454349,0,2.99457783509495
"437",1988.16438356164,947.219378746769,4717.85208318098,0,361.572206999188,1089.06266562014,11024.493325926,418.51401739769,18.4694044848631,2.06640881107366,23.2070675746274,739.2,397.194977856061,4482,2572.86977788863,9.54010668008256,0,3.64164575252775
"438",1988.16438356164,947.219378746769,4717.85208318098,0,361.572206999188,1089.06266562014,11024.493325926,418.51401739769,18.4694044848631,2.06640881107366,23.2070675746274,739.2,397.194977856061,4482,2572.86977788863,9.54010668008256,0,3.64164575252775
"439",1988.16438356164,947.219378746769,4717.85208318098,0,361.572206999188,1089.06266562014,11024.493325926,418.51401739769,18.4694044848631,2.06640881107366,23.2070675746274,739.2,397.194977856061,4482,2572.86977788863,9.54010668008256,0,3.64164575252775
"440",1988.16438356164,947.219378746769,4717.85208318098,0,361.572206999188,1089.06266562014,11024.493325926,418.51401739769,18.4694044848631,2.06640881107366,23.2070675746274,739.2,397.194977856061,4482,2572.86977788863,9.54010668008256,0,3.64164575252775
"441",1988.16438356164,947.219378746769,4717.85208318098,0,361.572206999188,1089.06266562014,11024.493325926,418.51401739769,18.4694044848631,2.06640881107366,23.2070675746274,739.2,397.194977856061,4482,2572.86977788863,9.54010668008256,0,3.64164575252775
"442",1988.20273972603,947.362672381237,4717.96019911394,0,360.815307502176,1084.68358215547,11025.8820753555,415.698250862826,22.8345955453715,2.57189874066005,29.0131681446219,739.2,397.700467785648,4482,2578.67587845863,9.54181222780749,0,3.63412240472878
"443",1988.20273972603,947.362672381237,4717.96019911394,0,360.815307502176,1217.48358215547,11025.8820753555,415.698250862826,22.8345955453715,2.57189874066005,29.0131681446219,739.2,397.700467785648,4614.8,2578.67587845863,9.54181222780749,0,3.63412240472878
"444",1988.20273972603,947.362672381237,4717.96019911394,0,360.815307502176,1217.48358215547,11025.8820753555,415.698250862826,22.8345955453715,2.57189874066005,29.0131681446219,739.2,397.700467785648,4614.8,2578.67587845863,9.54181222780749,0,3.63412240472878
"445",1988.20273972603,947.362672381237,4717.96019911394,0,360.815307502176,1217.48358215547,11025.8820753555,415.698250862826,22.8345955453715,2.57189874066005,29.0131681446219,739.2,397.700467785648,4614.8,2578.67587845863,9.54181222780749,0,3.63412240472878
"446",1988.20273972603,947.362672381237,4717.96019911394,0,360.815307502176,1217.48358215547,11025.8820753555,415.698250862826,22.8345955453715,2.57189874066005,29.0131681446219,739.2,397.700467785648,4614.8,2578.67587845863,9.54181222780749,0,3.63412240472878
"447",1988.20273972603,947.362672381237,4717.96019911394,0,360.815307502176,1217.48358215547,11025.8820753555,415.698250862826,22.8345955453715,2.57189874066005,29.0131681446219,739.2,397.700467785648,4614.8,2578.67587845863,9.54181222780749,0,3.63412240472878
"448",1988.20273972603,947.362672381237,4717.96019911394,0,360.815307502176,1217.48358215547,11025.8820753555,415.698250862826,22.8345955453715,2.57189874066005,29.0131681446219,739.2,397.700467785648,4614.8,2578.67587845863,9.54181222780749,0,3.63412240472878
"449",1989,950.17464299986,4720.07097767594,0,345.435679979324,1103.91292710623,11071.652367993,361.815655616142,113.45401525203,13.028777082883,150.696125803083,739.2,408.157346127871,4614.8,2700.35883611709,15.3034196142378,0,5.56355318403708
"450",1989,950.17464299986,4720.07097767594,0,345.435679979324,1103.91292710623,11071.652367993,361.815655616142,0,0,0,739.2,408.157346127871,4614.8,2700.35883611709,15.3034196142378,0,5.56355318403708
"451",1989,950.17464299986,4720.07097767594,0,345.435679979324,1103.91292710623,11071.652367993,361.815655616142,0,0,0,739.2,408.157346127871,4614.8,2700.35883611709,15.3034196142378,0,5.56355318403708
"452",1989.16438356164,949.786731567944,4720.46055814185,0,342.007453851177,1091.47383738691,11077.2035810393,353.695265230871,16.1845790447591,3.42655709415795,15.0082670582959,739.2,411.583903222029,4614.8,2715.36710317538,15.3099354001957,0,5.51293448393722
"453",1989.16438356164,949.786731567944,4720.46055814185,0,342.007453851177,1091.47383738691,11077.2035810393,353.695265230871,16.1845790447591,3.42655709415795,15.0082670582959,739.2,411.583903222029,4614.8,2715.36710317538,15.3099354001957,0,5.51293448393722
"454",1989.16438356164,949.786731567944,4720.46055814185,0,342.007453851177,1091.47383738691,11077.2035810393,353.695265230871,16.1845790447591,3.42655709415795,15.0082670582959,739.2,411.583903222029,4614.8,2715.36710317538,15.3099354001957,0,5.51293448393722
"455",1989.16438356164,949.786731567944,4720.46055814185,0,342.007453851177,1091.47383738691,11077.2035810393,353.695265230871,16.1845790447591,3.42655709415795,15.0082670582959,739.2,411.583903222029,4614.8,2715.36710317538,15.3099354001957,0,5.51293448393722
"456",1989.16438356164,949.786731567944,4720.46055814185,0,342.007453851177,1091.47383738691,11077.2035810393,353.695265230871,16.1845790447591,3.42655709415795,15.0082670582959,739.2,411.583903222029,4614.8,2715.36710317538,15.3099354001957,0,5.51293448393722
"457",1989.16438356164,949.786731567944,4720.46055814185,0,342.007453851177,1091.47383738691,11077.2035810393,353.695265230871,16.1845790447591,3.42655709415795,15.0082670582959,739.2,411.583903222029,4614.8,2715.36710317538,15.3099354001957,0,5.51293448393722
"458",1989.20273972603,949.697748076101,4720.54617316182,0,341.212333010959,1088.6785097606,11078.3811572012,351.822252547578,19.9606175899747,4.22504640624469,18.4990312060041,739.2,412.382392534116,4614.8,2718.85786732309,15.3114553425819,0,5.50117909600102
"459",1989.20273972603,949.697748076101,4720.54617316182,0,341.212333010959,1188.2785097606,11078.3811572012,351.822252547578,19.9606175899747,4.22504640624469,18.4990312060041,739.2,412.382392534116,4714.4,2718.85786732309,15.3114553425819,0,5.50117909600102
"460",1989.20273972603,949.697748076101,4720.54617316182,0,341.212333010959,1188.2785097606,11078.3811572012,351.822252547578,19.9606175899747,4.22504640624469,18.4990312060041,739.2,412.382392534116,4714.4,2718.85786732309,15.3114553425819,0,5.50117909600102
"461",1989.20273972603,949.697748076101,4720.54617316182,0,341.212333010959,1188.2785097606,11078.3811572012,351.822252547578,19.9606175899747,4.22504640624469,18.4990312060041,739.2,412.382392534116,4714.4,2718.85786732309,15.3114553425819,0,5.50117909600102
"462",1989.20273972603,949.697748076101,4720.54617316182,0,341.212333010959,1188.2785097606,11078.3811572012,351.822252547578,19.9606175899747,4.22504640624469,18.4990312060041,739.2,412.382392534116,4714.4,2718.85786732309,15.3114553425819,0,5.50117909600102
"463",1989.20273972603,949.697748076101,4720.54617316182,0,341.212333010959,1188.2785097606,11078.3811572012,351.822252547578,19.9606175899747,4.22504640624469,18.4990312060041,739.2,412.382392534116,4714.4,2718.85786732309,15.3114553425819,0,5.50117909600102
"464",1989.20273972603,949.697748076101,4720.54617316182,0,341.212333010959,1188.2785097606,11078.3811572012,351.822252547578,19.9606175899747,4.22504640624469,18.4990312060041,739.2,412.382392534116,4714.4,2718.85786732309,15.3114553425819,0,5.50117909600102
"465",1990,947.968250923334,4721.88962491345,0,325.088858437801,1112.81260961301,11117.1022252674,315.329086224536,98.4167526144698,20.7345663805462,91.7370296104175,739.2,428.891912508417,4714.4,2792.09586572751,13.103795053638,0,4.4937135511035
"466",1990,947.968250923334,4721.88962491345,0,325.088858437801,1112.81260961301,11117.1022252674,315.329086224536,0,0,0,739.2,428.891912508417,4714.4,2792.09586572751,13.103795053638,0,4.4937135511035
"467",1990,947.968250923334,4721.88962491345,0,325.088858437801,1112.81260961301,11117.1022252674,315.329086224536,0,0,0,739.2,428.891912508417,4714.4,2792.09586572751,13.103795053638,0,4.4937135511035
"468",1990.16438356164,948.001074053958,4722.07210469322,0,321.983526280373,1099.79297334827,11122.3199051963,308.180815439591,11.7507030003515,2.8900292470298,14.9502271208275,739.2,431.781941755447,4714.4,2807.04609284833,13.1113544116599,0,4.45320184050518
"469",1990.16438356164,948.001074053958,4722.07210469322,0,321.983526280373,1099.79297334827,11122.3199051963,308.180815439591,11.7507030003515,2.8900292470298,14.9502271208275,739.2,431.781941755447,4714.4,2807.04609284833,13.1113544116599,0,4.45320184050518
"470",1990.16438356164,948.001074053958,4722.07210469322,0,321.983526280373,1099.79297334827,11122.3199051963,308.180815439591,11.7507030003515,2.8900292470298,14.9502271208275,739.2,431.781941755447,4714.4,2807.04609284833,13.1113544116599,0,4.45320184050518
"471",1990.16438356164,948.001074053958,4722.07210469322,0,321.983526280373,1099.79297334827,11122.3199051963,308.180815439591,11.7507030003515,2.8900292470298,14.9502271208275,739.2,431.781941755447,4714.4,2807.04609284833,13.1113544116599,0,4.45320184050518
"472",1990.16438356164,948.001074053958,4722.07210469322,0,321.983526280373,1099.79297334827,11122.3199051963,308.180815439591,11.7507030003515,2.8900292470298,14.9502271208275,739.2,431.781941755447,4714.4,2807.04609284833,13.1113544116599,0,4.45320184050518
"473",1990.16438356164,948.001074053958,4722.07210469322,0,321.983526280373,1099.79297334827,11122.3199051963,308.180815439591,11.7507030003515,2.8900292470298,14.9502271208275,739.2,431.781941755447,4714.4,2807.04609284833,13.1113544116599,0,4.45320184050518
"474",1990.20273972603,948.008576660804,4722.11139616622,0,321.263169930437,1096.87077232546,11123.4169979509,306.533153591403,14.4922515600797,3.56359151711824,18.4229972371956,739.2,432.455504025535,4714.4,2810.5188629647,13.1131057480416,0,4.44379726509182
"475",1990.20273972603,948.008576660804,4722.11139616622,0,321.263169930437,1196.47077232546,11123.4169979509,306.533153591403,14.4922515600797,3.56359151711824,18.4229972371956,739.2,432.455504025535,4814,2810.5188629647,13.1131057480416,0,4.44379726509182
"476",1990.20273972603,948.008576660804,4722.11139616622,0,321.263169930437,1196.47077232546,11123.4169979509,306.533153591403,14.4922515600797,3.56359151711824,18.4229972371956,739.2,432.455504025535,4814,2810.5188629647,13.1131057480416,0,4.44379726509182
"477",1990.20273972603,948.008576660804,4722.11139616622,0,321.263169930437,1196.47077232546,11123.4169979509,306.533153591403,14.4922515600797,3.56359151711824,18.4229972371956,739.2,432.455504025535,4814,2810.5188629647,13.1131057480416,0,4.44379726509182
"478",1990.20273972603,948.008576660804,4722.11139616622,0,321.263169930437,1196.47077232546,11123.4169979509,306.533153591403,14.4922515600797,3.56359151711824,18.4229972371956,739.2,432.455504025535,4814,2810.5188629647,13.1131057480416,0,4.44379726509182
"479",1990.20273972603,948.008576660804,4722.11139616622,0,321.263169930437,1196.47077232546,11123.4169979509,306.533153591403,14.4922515600797,3.56359151711824,18.4229972371956,739.2,432.455504025535,4814,2810.5188629647,13.1131057480416,0,4.44379726509182
"480",1990.20273972603,948.008576660804,4722.11139616622,0,321.263169930437,1196.47077232546,11123.4169979509,306.533153591403,14.4922515600797,3.56359151711824,18.4229972371956,739.2,432.455504025535,4814,2810.5188629647,13.1131057480416,0,4.44379726509182
"481",1991,948.149197348079,4722.65400853477,0,306.645119111754,1118.56212677193,11160.2485441451,274.404482053695,71.4531123612145,17.4984092799795,91.6287681342161,739.2,446.390321788397,4814,2883.72463386172,9.5856837544845,0,3.1001483151416
"482",1991,948.149197348079,4722.65400853477,0,306.645119111754,1118.56212677193,11160.2485441451,274.404482053695,0,0,0,739.2,446.390321788397,4814,2883.72463386172,9.5856837544845,0,3.1001483151416
"483",1991,948.149197348079,4722.65400853477,0,306.645119111754,1118.56212677193,11160.2485441451,274.404482053695,0,0,0,739.2,446.390321788397,4814,2883.72463386172,9.5856837544845,0,3.1001483151416
"484",1991.16438356164,948.752557498465,4722.71055596612,0,303.901573869805,1098.54588081554,11164.8440209679,266.475483264382,18.9463768810089,2.08363766020717,23.349767922937,739.2,448.473959448604,4814,2907.07440178466,9.59247317309451,0,3.07263223858242
"485",1991.16438356164,948.752557498465,4731.58095596612,0,368.951173869805,1098.54588081554,11164.8440209679,415.875483264382,18.9463768810089,2.08363766020717,23.349767922937,813.12,448.473959448604,4963.4,2907.07440178466,9.56948486002895,0,3.72138408959464
"486",1991.16438356164,948.752557498465,4731.58095596612,0,368.951173869805,1098.54588081554,11164.8440209679,415.875483264382,18.9463768810089,2.08363766020717,23.349767922937,813.12,448.473959448604,4963.4,2907.07440178466,9.56948486002895,0,3.72138408959464
"487",1991.16438356164,948.752557498465,4731.58095596612,0,368.951173869805,1098.54588081554,11164.8440209679,415.875483264382,18.9463768810089,2.08363766020717,23.349767922937,813.12,448.473959448604,4963.4,2907.07440178466,9.56948486002895,0,3.72138408959464
"488",1991.16438356164,948.752557498465,4731.58095596612,0,368.951173869805,1098.54588081554,11164.8440209679,415.875483264382,18.9463768810089,2.08363766020717,23.349767922937,813.12,448.473959448604,4963.4,2907.07440178466,9.56948486002895,0,3.72138408959464
"489",1991.16438356164,948.752557498465,4731.58095596612,0,368.951173869805,1098.54588081554,11164.8440209679,415.875483264382,18.9463768810089,2.08363766020717,23.349767922937,813.12,448.473959448604,4963.4,2907.07440178466,9.56948486002895,0,3.72138408959464
"490",1991.20273972603,948.903318456906,4731.6930757085,0,368.178620297288,1094.17939506557,11166.1704358982,413.075396620769,23.4264055421076,2.59331053190971,29.1899253861888,813.12,448.983632320306,4963.4,2912.91455924791,9.57124421241618,0,3.7136844398293
"491",1991.20273972603,948.903318456906,4731.6930757085,0,368.178620297288,1226.97939506557,11166.1704358982,413.075396620769,23.4264055421076,2.59331053190971,29.1899253861888,813.12,448.983632320306,5096.2,2912.91455924791,9.57124421241618,0,3.7136844398293
"492",1991.20273972603,948.903318456906,4731.6930757085,0,368.178620297288,1226.97939506557,11166.1704358982,413.075396620769,23.4264055421076,2.59331053190971,29.1899253861888,813.12,448.983632320306,5096.2,2912.91455924791,9.57124421241618,0,3.7136844398293
"493",1991.20273972603,948.903318456906,4731.6930757085,0,368.178620297288,1226.97939506557,11166.1704358982,413.075396620769,23.4264055421076,2.59331053190971,29.1899253861888,813.12,448.983632320306,5096.2,2912.91455924791,9.57124421241618,0,3.7136844398293
"494",1991.20273972603,948.903318456906,4731.6930757085,0,368.178620297288,1226.97939506557,11166.1704358982,413.075396620769,23.4264055421076,2.59331053190971,29.1899253861888,813.12,448.983632320306,5096.2,2912.91455924791,9.57124421241618,0,3.7136844398293
"495",1991.20273972603,948.903318456906,4731.6930757085,0,368.178620297288,1226.97939506557,11166.1704358982,413.075396620769,23.4264055421076,2.59331053190971,29.1899253861888,813.12,448.983632320306,5096.2,2912.91455924791,9.57124421241618,0,3.7136844398293
"496",1991.20273972603,948.903318456906,4731.6930757085,0,368.178620297288,1226.97939506557,11166.1704358982,413.075396620769,23.4264055421076,2.59331053190971,29.1899253861888,813.12,448.983632320306,5096.2,2912.91455924791,9.57124421241618,0,3.7136844398293
"497",1992,951.86175990509,4733.88942769151,0,352.481068636761,1113.61663381795,11210.7049257788,359.49493379884,116.423751995833,13.1360687612375,151.598659575142,813.12,459.526390549634,5096.2,3035.32329343686,15.4057039797746,0,5.7048399574682
"498",1992,951.86175990509,4733.88942769151,0,352.481068636761,1113.61663381795,11210.7049257788,359.49493379884,0,0,0,813.12,459.526390549634,5096.2,3035.32329343686,15.4057039797746,0,5.7048399574682
"499",1992,951.86175990509,4733.88942769151,0,352.481068636761,1113.61663381795,11210.7049257788,359.49493379884,0,0,0,813.12,459.526390549634,5096.2,3035.32329343686,15.4057039797746,0,5.7048399574682
"500",1992.16438356164,951.49043455525,4734.29694210614,0,348.97840052681,1101.15580501364,11216.0120759309,351.383102133638,16.5545107997487,3.46647904516178,15.2655103174464,813.12,462.992869594796,5096.2,3050.58880375431,15.4122577701068,0,5.65275789412727
"501",1992.16438356164,951.49043455525,4734.29694210614,0,348.97840052681,1101.15580501364,11216.0120759309,351.383102133638,16.5545107997487,3.46647904516178,15.2655103174464,813.12,462.992869594796,5096.2,3050.58880375431,15.4122577701068,0,5.65275789412727
"502",1992.16438356164,951.49043455525,4734.29694210614,0,348.97840052681,1101.15580501364,11216.0120759309,351.383102133638,16.5545107997487,3.46647904516178,15.2655103174464,813.12,462.992869594796,5096.2,3050.58880375431,15.4122577701068,0,5.65275789412727
"503",1992.16438356164,951.49043455525,4734.29694210614,0,348.97840052681,1101.15580501364,11216.0120759309,351.383102133638,16.5545107997487,3.46647904516178,15.2655103174464,813.12,462.992869594796,5096.2,3050.58880375431,15.4122577701068,0,5.65275789412727
"504",1992.16438356164,951.49043455525,4734.29694210614,0,348.97840052681,1101.15580501364,11216.0120759309,351.383102133638,16.5545107997487,3.46647904516178,15.2655103174464,813.12,462.992869594796,5096.2,3050.58880375431,15.4122577701068,0,5.65275789412727
"505",1992.16438356164,951.49043455525,4734.29694210614,0,348.97840052681,1101.15580501364,11216.0120759309,351.383102133638,16.5545107997487,3.46647904516178,15.2655103174464,813.12,462.992869594796,5096.2,3050.58880375431,15.4122577701068,0,5.65275789412727
"506",1992.20273972603,951.405275366051,4734.38670819447,0,348.166022866877,1098.35589708359,11217.132707861,349.512345625171,20.4168222469995,4.27424980596446,18.8155428258551,813.12,463.800640355599,5096.2,3054.13883626272,15.4137863875892,0,5.64066317776277
"507",1992.20273972603,951.405275366051,4734.38670819447,0,348.166022866877,1197.95589708359,11217.132707861,349.512345625171,20.4168222469995,4.27424980596446,18.8155428258551,813.12,463.800640355599,5195.8,3054.13883626272,15.4137863875892,0,5.64066317776277
"508",1992.20273972603,951.405275366051,4734.38670819447,0,348.166022866877,1197.95589708359,11217.132707861,349.512345625171,20.4168222469995,4.27424980596446,18.8155428258551,813.12,463.800640355599,5195.8,3054.13883626272,15.4137863875892,0,5.64066317776277
"509",1992.20273972603,951.405275366051,4734.38670819447,0,348.166022866877,1197.95589708359,11217.132707861,349.512345625171,20.4168222469995,4.27424980596446,18.8155428258551,813.12,463.800640355599,5195.8,3054.13883626272,15.4137863875892,0,5.64066317776277
"510",1992.20273972603,951.405275366051,4734.38670819447,0,348.166022866877,1197.95589708359,11217.132707861,349.512345625171,20.4168222469995,4.27424980596446,18.8155428258551,813.12,463.800640355599,5195.8,3054.13883626272,15.4137863875892,0,5.64066317776277
"511",1992.20273972603,951.405275366051,4734.38670819447,0,348.166022866877,1197.95589708359,11217.132707861,349.512345625171,20.4168222469995,4.27424980596446,18.8155428258551,813.12,463.800640355599,5195.8,3054.13883626272,15.4137863875892,0,5.64066317776277
"512",1992.20273972603,951.405275366051,4734.38670819447,0,348.166022866877,1197.95589708359,11217.132707861,349.512345625171,20.4168222469995,4.27424980596446,18.8155428258551,813.12,463.800640355599,5195.8,3054.13883626272,15.4137863875892,0,5.64066317776277
"513",1993,949.751471468221,4735.81361757976,0,331.693291729658,1122.35031805732,11254.6665674623,313.065515059822,100.66247265076,20.9738754557217,93.3340928161705,813.12,480.500266005356,5195.8,3128.65738625303,13.1867358106885,0,4.60536460286284
"514",1993,949.751471468221,4735.81361757976,0,331.693291729658,1122.35031805732,11254.6665674623,313.065515059822,0,0,0,813.12,480.500266005356,5195.8,3128.65738625303,13.1867358106885,0,4.60536460286284
"515",1993,949.751471468221,4735.81361757976,0,331.693291729658,1122.35031805732,11254.6665674623,313.065515059822,0,0,0,813.12,480.500266005356,5195.8,3128.65738625303,13.1867358106885,0,4.60536460286284
"516",1993.16438356164,949.802211429845,4736.01267194348,0,328.521561905334,1109.32460774138,11259.6400402151,305.935152705863,12.0369687288011,2.92193549898349,15.1825999170345,813.12,483.422201504339,5195.8,3143.83998617007,13.194417996078,0,4.56374048864124
"517",1993.16438356164,949.802211429845,4736.01267194348,0,328.521561905334,1109.32460774138,11259.6400402151,305.935152705863,12.0369687288011,2.92193549898349,15.1825999170345,813.12,483.422201504339,5195.8,3143.83998617007,13.194417996078,0,4.56374048864124
"518",1993.16438356164,949.802211429845,4736.01267194348,0,328.521561905334,1109.32460774138,11259.6400402151,305.935152705863,12.0369687288011,2.92193549898349,15.1825999170345,813.12,483.422201504339,5195.8,3143.83998617007,13.194417996078,0,4.56374048864124
"519",1993.16438356164,949.802211429845,4736.01267194348,0,328.521561905334,1109.32460774138,11259.6400402151,305.935152705863,12.0369687288011,2.92193549898349,15.1825999170345,813.12,483.422201504339,5195.8,3143.83998617007,13.194417996078,0,4.56374048864124
"520",1993.16438356164,949.802211429845,4736.01267194348,0,328.521561905334,1109.32460774138,11259.6400402151,305.935152705863,12.0369687288011,2.92193549898349,15.1825999170345,813.12,483.422201504339,5195.8,3143.83998617007,13.194417996078,0,4.56374048864124
"521",1993.16438356164,949.802211429845,4736.01267194348,0,328.521561905334,1109.32460774138,11259.6400402151,305.935152705863,12.0369687288011,2.92193549898349,15.1825999170345,813.12,483.422201504339,5195.8,3143.83998617007,13.194417996078,0,4.56374048864124
"522",1993.20273972603,949.813840737404,4736.05581200225,0,327.785808843574,1106.40128470067,11260.6803260995,304.291834383985,14.8452845301589,3.60291919441112,18.7089553952955,813.12,484.103185199767,5195.8,3147.36634164833,13.1961974486988,0,4.55407793491727
"523",1993.20273972603,949.813840737404,4736.05581200225,0,327.785808843574,1206.00128470067,11260.6803260995,304.291834383985,14.8452845301589,3.60291919441112,18.7089553952955,813.12,484.103185199767,5295.4,3147.36634164833,13.1961974486988,0,4.55407793491727
"524",1993.20273972603,949.813840737404,4736.05581200225,0,327.785808843574,1206.00128470067,11260.6803260995,304.291834383985,14.8452845301589,3.60291919441112,18.7089553952955,813.12,484.103185199767,5295.4,3147.36634164833,13.1961974486988,0,4.55407793491727
"525",1993.20273972603,949.813840737404,4736.05581200225,0,327.785808843574,1206.00128470067,11260.6803260995,304.291834383985,14.8452845301589,3.60291919441112,18.7089553952955,813.12,484.103185199767,5295.4,3147.36634164833,13.1961974486988,0,4.55407793491727
"526",1993.20273972603,949.813840737404,4736.05581200225,0,327.785808843574,1206.00128470067,11260.6803260995,304.291834383985,14.8452845301589,3.60291919441112,18.7089553952955,813.12,484.103185199767,5295.4,3147.36634164833,13.1961974486988,0,4.55407793491727
"527",1993.20273972603,949.813840737404,4736.05581200225,0,327.785808843574,1206.00128470067,11260.6803260995,304.291834383985,14.8452845301589,3.60291919441112,18.7089553952955,813.12,484.103185199767,5295.4,3147.36634164833,13.1961974486988,0,4.55407793491727
"528",1993.20273972603,949.813840737404,4736.05581200225,0,327.785808843574,1206.00128470067,11260.6803260995,304.291834383985,14.8452845301589,3.60291919441112,18.7089553952955,813.12,484.103185199767,5295.4,3147.36634164833,13.1961974486988,0,4.55407793491727
"529",1994,950.03584384647,4736.67671433764,0,312.855806935589,1128.02102190908,11296.3378544762,272.250276990269,73.1916078071465,17.6900156579317,93.0732472038527,813.12,498.190281663288,5295.4,3221.73063345689,9.61440835392803,0,3.16611578737708
"530",1994,950.03584384647,4736.67671433764,0,312.855806935589,1128.02102190908,11296.3378544762,272.250276990269,0,0,0,813.12,498.190281663288,5295.4,3221.73063345689,9.61440835392803,0,3.16611578737708
"531",1994,950.03584384647,4736.67671433764,0,312.855806935589,1128.02102190908,11296.3378544762,272.250276990269,0,0,0,813.12,498.190281663288,5295.4,3221.73063345689,9.61440835392803,0,3.16611578737708
"532",1994.16438356164,950.663898437923,4736.74912042434,0,310.056179346313,1108.0438864395,11300.695674704,264.380754646304,19.4115466711671,2.09916691112171,23.4888375857467,813.12,500.289448574409,5295.4,3245.21947104263,9.62137121874532,0,3.13798136760902
"533",1994.16438356164,950.663898437923,4745.61952042434,0,375.105779346313,1108.0438864395,11300.695674704,413.780754646304,19.4115466711671,2.09916691112171,23.4888375857467,887.04,500.289448574409,5444.8,3245.21947104263,9.60113325933263,0,3.7883426306263
"534",1994.16438356164,950.663898437923,4745.61952042434,0,375.105779346313,1108.0438864395,11300.695674704,413.780754646304,19.4115466711671,2.09916691112171,23.4888375857467,887.04,500.289448574409,5444.8,3245.21947104263,9.60113325933263,0,3.7883426306263
"535",1994.16438356164,950.663898437923,4745.61952042434,0,375.105779346313,1108.0438864395,11300.695674704,413.780754646304,19.4115466711671,2.09916691112171,23.4888375857467,887.04,500.289448574409,5444.8,3245.21947104263,9.60113325933263,0,3.7883426306263
"536",1994.16438356164,950.663898437923,4745.61952042434,0,375.105779346313,1108.0438864395,11300.695674704,413.780754646304,19.4115466711671,2.09916691112171,23.4888375857467,887.04,500.289448574409,5444.8,3245.21947104263,9.60113325933263,0,3.7883426306263
"537",1994.16438356164,950.663898437923,4745.61952042434,0,375.105779346313,1108.0438864395,11300.695674704,413.780754646304,19.4115466711671,2.09916691112171,23.4888375857467,887.04,500.289448574409,5444.8,3245.21947104263,9.60113325933263,0,3.7883426306263
"538",1994.20273972603,950.82023656002,4745.7353569097,0,374.320151890889,1103.68641044275,11301.9672411497,410.993630196777,24.0037982645731,2.61261975908896,29.3618715862948,887.04,500.802901422377,5444.8,3251.09250504318,9.60292743269894,0,3.78049300697456
"539",1994.20273972603,950.82023656002,4745.7353569097,0,374.320151890889,1236.48641044275,11301.9672411497,410.993630196777,24.0037982645731,2.61261975908896,29.3618715862948,887.04,500.802901422377,5577.6,3251.09250504318,9.60292743269894,0,3.78049300697456
"540",1994.20273972603,950.82023656002,4745.7353569097,0,374.320151890889,1236.48641044275,11301.9672411497,410.993630196777,24.0037982645731,2.61261975908896,29.3618715862948,887.04,500.802901422377,5577.6,3251.09250504318,9.60292743269894,0,3.78049300697456
"541",1994.20273972603,950.82023656002,4745.7353569097,0,374.320151890889,1236.48641044275,11301.9672411497,410.993630196777,24.0037982645731,2.61261975908896,29.3618715862948,887.04,500.802901422377,5577.6,3251.09250504318,9.60292743269894,0,3.78049300697456
"542",1994.20273972603,950.82023656002,4745.7353569097,0,374.320151890889,1236.48641044275,11301.9672411497,410.993630196777,24.0037982645731,2.61261975908896,29.3618715862948,887.04,500.802901422377,5577.6,3251.09250504318,9.60292743269894,0,3.78049300697456
"543",1994.20273972603,950.82023656002,4745.7353569097,0,374.320151890889,1236.48641044275,11301.9672411497,410.993630196777,24.0037982645731,2.61261975908896,29.3618715862948,887.04,500.802901422377,5577.6,3251.09250504318,9.60292743269894,0,3.78049300697456
"544",1994.20273972603,950.82023656002,4745.7353569097,0,374.320151890889,1236.48641044275,11301.9672411497,410.993630196777,24.0037982645731,2.61261975908896,29.3618715862948,887.04,500.802901422377,5577.6,3251.09250504318,9.60292743269894,0,3.78049300697456
"545",1995,953.888299762567,4748.00999049881,0,358.357125675188,1123.27450846041,11345.4077507144,357.662292841347,119.324362679724,13.2329491831434,152.464601359419,887.04,511.423230846431,5577.6,3374.19523481631,15.5122418155832,0,5.82764500958292
"546",1995,953.888299762567,4748.00999049881,0,358.357125675188,1123.27450846041,11345.4077507144,357.662292841347,0,0,0,887.04,511.423230846431,5577.6,3374.19523481631,15.5122418155832,0,5.82764500958292
"547",1995,953.888299762567,4748.00999049881,0,358.357125675188,1123.27450846041,11345.4077507144,357.662292841347,0,0,0,887.04,511.423230846431,5577.6,3374.19523481631,15.5122418155832,0,5.82764500958292
"548",1995.16438356164,953.52613088716,4748.4336581274,0,354.791561284687,1110.77772514504,11350.4979922966,349.551255961665,16.9221861441004,3.50406563731398,15.517578612866,887.04,514.927296483745,5577.6,3389.71281342917,15.5187102111024,0,5.77425961027301
"549",1995.16438356164,953.52613088716,4748.4336581274,0,354.791561284687,1110.77772514504,11350.4979922966,349.551255961665,16.9221861441004,3.50406563731398,15.517578612866,887.04,514.927296483745,5577.6,3389.71281342917,15.5187102111024,0,5.77425961027301
"550",1995.16438356164,953.52613088716,4748.4336581274,0,354.791561284687,1110.77772514504,11350.4979922966,349.551255961665,16.9221861441004,3.50406563731398,15.517578612866,887.04,514.927296483745,5577.6,3389.71281342917,15.5187102111024,0,5.77425961027301
"551",1995.16438356164,953.52613088716,4748.4336581274,0,354.791561284687,1110.77772514504,11350.4979922966,349.551255961665,16.9221861441004,3.50406563731398,15.517578612866,887.04,514.927296483745,5577.6,3389.71281342917,15.5187102111024,0,5.77425961027301
"552",1995.16438356164,953.52613088716,4748.4336581274,0,354.791561284687,1110.77772514504,11350.4979922966,349.551255961665,16.9221861441004,3.50406563731398,15.517578612866,887.04,514.927296483745,5577.6,3389.71281342917,15.5187102111024,0,5.77425961027301
"553",1995.16438356164,953.52613088716,4748.4336581274,0,354.791561284687,1110.77772514504,11350.4979922966,349.551255961665,16.9221861441004,3.50406563731398,15.517578612866,887.04,514.927296483745,5577.6,3389.71281342917,15.5187102111024,0,5.77425961027301
"554",1995.20273972603,953.443091249826,4748.52714552738,0,353.964605480347,1107.97012542243,11351.5677790196,347.680944140067,20.8702416798521,4.32057367900724,19.1257034340547,887.04,515.743804525438,5577.6,3393.32093825036,15.5202190801793,0,5.76186274157473
"555",1995.20273972603,953.443091249826,4748.52714552738,0,353.964605480347,1207.57012542243,11351.5677790196,347.680944140067,20.8702416798521,4.32057367900724,19.1257034340547,887.04,515.743804525438,5677.2,3393.32093825036,15.5202190801793,0,5.76186274157473
"556",1995.20273972603,953.443091249826,4748.52714552738,0,353.964605480347,1207.57012542243,11351.5677790196,347.680944140067,20.8702416798521,4.32057367900724,19.1257034340547,887.04,515.743804525438,5677.2,3393.32093825036,15.5202190801793,0,5.76186274157473
"557",1995.20273972603,953.443091249826,4748.52714552738,0,353.964605480347,1207.57012542243,11351.5677790196,347.680944140067,20.8702416798521,4.32057367900724,19.1257034340547,887.04,515.743804525438,5677.2,3393.32093825036,15.5202190801793,0,5.76186274157473
"558",1995.20273972603,953.443091249826,4748.52714552738,0,353.964605480347,1207.57012542243,11351.5677790196,347.680944140067,20.8702416798521,4.32057367900724,19.1257034340547,887.04,515.743804525438,5677.2,3393.32093825036,15.5202190801793,0,5.76186274157473
"559",1995.20273972603,953.443091249826,4748.52714552738,0,353.964605480347,1207.57012542243,11351.5677790196,347.680944140067,20.8702416798521,4.32057367900724,19.1257034340547,887.04,515.743804525438,5677.2,3393.32093825036,15.5202190801793,0,5.76186274157473
"560",1995.20273972603,953.443091249826,4748.52714552738,0,353.964605480347,1207.57012542243,11351.5677790196,347.680944140067,20.8702416798521,4.32057367900724,19.1257034340547,887.04,515.743804525438,5677.2,3393.32093825036,15.5202190801793,0,5.76186274157473
"561",1996,951.831818412426,4750.0275563634,0,337.196978764167,1131.77360730288,11388.0300515627,311.244760748229,102.8941519715,21.1990623965725,94.8961324022732,887.04,532.622293243004,5677.2,3469.09136721858,13.2722548798864,0,4.70184349830856
"562",1996,951.831818412426,4750.0275563634,0,337.196978764167,1131.77360730288,11388.0300515627,311.244760748229,0,0,0,887.04,532.622293243004,5677.2,3469.09136721858,13.2722548798864,0,4.70184349830856
"563",1996,951.831818412426,4750.0275563634,0,337.196978764167,1131.77360730288,11388.0300515627,311.244760748229,0,0,0,887.04,532.622293243004,5677.2,3469.09136721858,13.2722548798864,0,4.70184349830856
"564",1996.16438356164,951.894294792907,4750.24092446053,0,333.969359149967,1118.73255268646,11392.7810052024,304.124763397205,12.3212879536845,2.95177513659031,15.4100983277777,887.04,535.574068379594,5677.2,3484.50146554636,13.2799713730161,0,4.65923953241151
"565",1996.16438356164,951.894294792907,4750.24092446053,0,333.969359149967,1118.73255268646,11392.7810052024,304.124763397205,12.3212879536845,2.95177513659031,15.4100983277777,887.04,535.574068379594,5677.2,3484.50146554636,13.2799713730161,0,4.65923953241151
"566",1996.16438356164,951.894294792907,4750.24092446053,0,333.969359149967,1118.73255268646,11392.7810052024,304.124763397205,12.3212879536845,2.95177513659031,15.4100983277777,887.04,535.574068379594,5677.2,3484.50146554636,13.2799713730161,0,4.65923953241151
"567",1996.16438356164,951.894294792907,4750.24092446053,0,333.969359149967,1118.73255268646,11392.7810052024,304.124763397205,12.3212879536845,2.95177513659031,15.4100983277777,887.04,535.574068379594,5677.2,3484.50146554636,13.2799713730161,0,4.65923953241151
"568",1996.16438356164,951.894294792907,4750.24092446053,0,333.969359149967,1118.73255268646,11392.7810052024,304.124763397205,12.3212879536845,2.95177513659031,15.4100983277777,887.04,535.574068379594,5677.2,3484.50146554636,13.2799713730161,0,4.65923953241151
"569",1996.16438356164,951.894294792907,4750.24092446053,0,333.969359149967,1118.73255268646,11392.7810052024,304.124763397205,12.3212879536845,2.95177513659031,15.4100983277777,887.04,535.574068379594,5677.2,3484.50146554636,13.2799713730161,0,4.65923953241151
"570",1996.20273972603,951.908631060122,4750.28737635715,0,333.220647027782,1115.80601507322,11393.7694426209,302.484033127897,15.1959155925779,3.63969909494304,18.9889287918044,887.04,536.261992337947,5677.2,3488.08029601039,13.2817585513965,0,4.64934977344856
"571",1996.20273972603,951.908631060122,4750.28737635715,0,333.220647027782,1215.40601507322,11393.7694426209,302.484033127897,15.1959155925779,3.63969909494304,18.9889287918044,887.04,536.261992337947,5776.8,3488.08029601039,13.2817585513965,0,4.64934977344856
"572",1996.20273972603,951.908631060122,4750.28737635715,0,333.220647027782,1215.40601507322,11393.7694426209,302.484033127897,15.1959155925779,3.63969909494304,18.9889287918044,887.04,536.261992337947,5776.8,3488.08029601039,13.2817585513965,0,4.64934977344856
"573",1996.20273972603,951.908631060122,4750.28737635715,0,333.220647027782,1215.40601507322,11393.7694426209,302.484033127897,15.1959155925779,3.63969909494304,18.9889287918044,887.04,536.261992337947,5776.8,3488.08029601039,13.2817585513965,0,4.64934977344856
"574",1996.20273972603,951.908631060122,4750.28737635715,0,333.220647027782,1215.40601507322,11393.7694426209,302.484033127897,15.1959155925779,3.63969909494304,18.9889287918044,887.04,536.261992337947,5776.8,3488.08029601039,13.2817585513965,0,4.64934977344856
"575",1996.20273972603,951.908631060122,4750.28737635715,0,333.220647027782,1215.40601507322,11393.7694426209,302.484033127897,15.1959155925779,3.63969909494304,18.9889287918044,887.04,536.261992337947,5776.8,3488.08029601039,13.2817585513965,0,4.64934977344856
"576",1996.20273972603,951.908631060122,4750.28737635715,0,333.220647027782,1215.40601507322,11393.7694426209,302.484033127897,15.1959155925779,3.63969909494304,18.9889287918044,887.04,536.261992337947,5776.8,3488.08029601039,13.2817585513965,0,4.64934977344856
"577",1997,952.184318182113,4750.97472456791,0,318.028143153469,1137.3192183853,11428.3492977812,270.494911577536,74.9181634968388,17.8691676365012,94.4849918698025,887.04,550.491460879505,5776.8,3563.57635908839,9.64439962280302,0,3.2212151001666
"578",1997,952.184318182113,4750.97472456791,0,318.028143153469,1137.3192183853,11428.3492977812,270.494911577536,0,0,0,887.04,550.491460879505,5776.8,3563.57635908839,9.64439962280302,0,3.2212151001666
"579",1997,952.184318182113,4750.97472456791,0,318.028143153469,1137.3192183853,11428.3492977812,270.494911577536,0,0,0,887.04,550.491460879505,5776.8,3563.57635908839,9.64439962280302,0,3.2212151001666
"580",1997.16438356164,952.831887763953,4751.06039304348,0,315.181783770314,1117.37842507143,11432.4875110619,262.675206312119,19.8647655115616,2.11312132575232,23.6222852986156,887.04,552.604582205257,5776.8,3587.198644387,9.65148241266311,0,3.19255839557352
"581",1997.16438356164,952.831887763953,4759.93079304348,0,380.231383770314,1117.37842507143,11432.4875110619,412.075206312119,19.8647655115616,2.11312132575232,23.6222852986156,960.96,552.604582205257,5926.2,3587.198644387,9.6339004559472,0,3.84444658969865
"582",1997.16438356164,952.831887763953,4759.93079304348,0,380.231383770314,1117.37842507143,11432.4875110619,412.075206312119,19.8647655115616,2.11312132575232,23.6222852986156,960.96,552.604582205257,5926.2,3587.198644387,9.6339004559472,0,3.84444658969865
"583",1997.16438356164,952.831887763953,4759.93079304348,0,380.231383770314,1117.37842507143,11432.4875110619,412.075206312119,19.8647655115616,2.11312132575232,23.6222852986156,960.96,552.604582205257,5926.2,3587.198644387,9.6339004559472,0,3.84444658969865
"584",1997.16438356164,952.831887763953,4759.93079304348,0,380.231383770314,1117.37842507143,11432.4875110619,412.075206312119,19.8647655115616,2.11312132575232,23.6222852986156,960.96,552.604582205257,5926.2,3587.198644387,9.6339004559472,0,3.84444658969865
"585",1997.16438356164,952.831887763953,4759.93079304348,0,380.231383770314,1117.37842507143,11432.4875110619,412.075206312119,19.8647655115616,2.11312132575232,23.6222852986156,960.96,552.604582205257,5926.2,3587.198644387,9.6339004559472,0,3.84444658969865
"586",1997.20273972603,952.992615819783,4760.04973387548,0,379.434855287342,1113.02929399803,11433.7083870332,409.299090062004,24.5665932983743,2.62998092088732,29.5266566508357,960.96,553.121441800392,5926.2,3593.10301573922,9.63571735935871,0,3.83646941345178
"587",1997.20273972603,952.992615819783,4760.04973387548,0,379.434855287342,1245.82929399803,11433.7083870332,409.299090062004,24.5665932983743,2.62998092088732,29.5266566508357,960.96,553.121441800392,6059,3593.10301573922,9.63571735935871,0,3.83646941345178
"588",1997.20273972603,952.992615819783,4760.04973387548,0,379.434855287342,1245.82929399803,11433.7083870332,409.299090062004,24.5665932983743,2.62998092088732,29.5266566508357,960.96,553.121441800392,6059,3593.10301573922,9.63571735935871,0,3.83646941345178
"589",1997.20273972603,952.992615819783,4760.04973387548,0,379.434855287342,1245.82929399803,11433.7083870332,409.299090062004,24.5665932983743,2.62998092088732,29.5266566508357,960.96,553.121441800392,6059,3593.10301573922,9.63571735935871,0,3.83646941345178
"590",1997.20273972603,952.992615819783,4760.04973387548,0,379.434855287342,1245.82929399803,11433.7083870332,409.299090062004,24.5665932983743,2.62998092088732,29.5266566508357,960.96,553.121441800392,6059,3593.10301573922,9.63571735935871,0,3.83646941345178
"591",1997.20273972603,952.992615819783,4760.04973387548,0,379.434855287342,1245.82929399803,11433.7083870332,409.299090062004,24.5665932983743,2.62998092088732,29.5266566508357,960.96,553.121441800392,6059,3593.10301573922,9.63571735935871,0,3.83646941345178
"592",1997.20273972603,952.992615819783,4760.04973387548,0,379.434855287342,1245.82929399803,11433.7083870332,409.299090062004,24.5665932983743,2.62998092088732,29.5266566508357,960.96,553.121441800392,6059,3593.10301573922,9.63571735935871,0,3.83646941345178
"593",1998,956.147054983073,4762.38942635822,0,363.250488969015,1132.75914721579,11476.1382452224,356.178722533028,122.155097684786,13.3202155931853,153.287312772828,960.96,563.81167647269,6059,3716.86367186122,15.6211628472401,0,5.93464678152989
"594",1998,956.147054983073,4762.38942635822,0,363.250488969015,1132.75914721579,11476.1382452224,356.178722533028,0,0,0,960.96,563.81167647269,6059,3716.86367186122,15.6211628472401,0,5.93464678152989
"595",1998,956.147054983073,4762.38942635822,0,363.250488969015,1132.75914721579,11476.1382452224,356.178722533028,0,0,0,960.96,563.81167647269,6059,3716.86367186122,15.6211628472401,0,5.93464678152989
"596",1998.16438356164,955.789336055558,4762.82640031318,0,359.631785008239,1120.22233518804,11481.0265710734,348.063125100451,17.2875256047192,3.53944893333551,15.7640836092942,960.96,567.351125406025,6059,3732.62775547051,15.6274616551867,0,5.88009482654022
"597",1998.16438356164,955.789336055558,4762.82640031318,0,359.631785008239,1120.22233518804,11481.0265710734,348.063125100451,17.2875256047192,3.53944893333551,15.7640836092942,960.96,567.351125406025,6059,3732.62775547051,15.6274616551867,0,5.88009482654022
"598",1998.16438356164,955.789336055558,4762.82640031318,0,359.631785008239,1120.22233518804,11481.0265710734,348.063125100451,17.2875256047192,3.53944893333551,15.7640836092942,960.96,567.351125406025,6059,3732.62775547051,15.6274616551867,0,5.88009482654022
"599",1998.16438356164,955.789336055558,4762.82640031318,0,359.631785008239,1120.22233518804,11481.0265710734,348.063125100451,17.2875256047192,3.53944893333551,15.7640836092942,960.96,567.351125406025,6059,3732.62775547051,15.6274616551867,0,5.88009482654022
"600",1998.16438356164,955.789336055558,4762.82640031318,0,359.631785008239,1120.22233518804,11481.0265710734,348.063125100451,17.2875256047192,3.53944893333551,15.7640836092942,960.96,567.351125406025,6059,3732.62775547051,15.6274616551867,0,5.88009482654022
"601",1998.16438356164,955.789336055558,4762.82640031318,0,359.631785008239,1120.22233518804,11481.0265710734,348.063125100451,17.2875256047192,3.53944893333551,15.7640836092942,960.96,567.351125406025,6059,3732.62775547051,15.6274616551867,0,5.88009482654022
"602",1998.20273972603,955.707331833311,4762.92294430861,0,358.792512402021,1117.40585536156,11482.0492241674,346.192003126348,21.3207779952922,4.36418176637003,19.4290323158991,960.96,568.17585823906,6059,3736.29270417711,15.6289313309067,0,5.86742756029491
"603",1998.20273972603,955.707331833311,4762.92294430861,0,358.792512402021,1217.00585536156,11482.0492241674,346.192003126348,21.3207779952922,4.36418176637003,19.4290323158991,960.96,568.17585823906,6158.6,3736.29270417711,15.6289313309067,0,5.86742756029491
"604",1998.20273972603,955.707331833311,4762.92294430861,0,358.792512402021,1217.00585536156,11482.0492241674,346.192003126348,21.3207779952922,4.36418176637003,19.4290323158991,960.96,568.17585823906,6158.6,3736.29270417711,15.6289313309067,0,5.86742756029491
"605",1998.20273972603,955.707331833311,4762.92294430861,0,358.792512402021,1217.00585536156,11482.0492241674,346.192003126348,21.3207779952922,4.36418176637003,19.4290323158991,960.96,568.17585823906,6158.6,3736.29270417711,15.6289313309067,0,5.86742756029491
"606",1998.20273972603,955.707331833311,4762.92294430861,0,358.792512402021,1217.00585536156,11482.0492241674,346.192003126348,21.3207779952922,4.36418176637003,19.4290323158991,960.96,568.17585823906,6158.6,3736.29270417711,15.6289313309067,0,5.86742756029491
"607",1998.20273972603,955.707331833311,4762.92294430861,0,358.792512402021,1217.00585536156,11482.0492241674,346.192003126348,21.3207779952922,4.36418176637003,19.4290323158991,960.96,568.17585823906,6158.6,3736.29270417711,15.6289313309067,0,5.86742756029491
"608",1998.20273972603,955.707331833311,4762.92294430861,0,358.792512402021,1217.00585536156,11482.0492241674,346.192003126348,21.3207779952922,4.36418176637003,19.4290323158991,960.96,568.17585823906,6158.6,3736.29270417711,15.6289313309067,0,5.86742756029491
"609",1999,954.117398975292,4764.48272181457,0,341.775859246334,1141.00002294874,11517.5124864135,309.741804657639,105.111398005638,21.4109902741158,96.4218009513278,960.96,585.222666746806,6158.6,3813.28547281254,13.3590322634109,0,4.78535946984131
"610",1999,954.117398975292,4764.48272181457,0,341.775859246334,1141.00002294874,11517.5124864135,309.741804657639,0,0,0,960.96,585.222666746806,6158.6,3813.28547281254,13.3590322634109,0,4.78535946984131
"611",1999,954.117398975292,4764.48272181457,0,341.775859246334,1141.00002294874,11517.5124864135,309.741804657639,0,0,0,960.96,585.222666746806,6158.6,3813.28547281254,13.3590322634109,0,4.78535946984131
"612",1999.16438356164,954.187645300868,4764.70742626227,0,338.501213363221,1127.94027810609,11522.0548682205,302.626962899103,12.6036222863361,2.97969510984279,15.632204794172,960.96,588.202361856648,6158.6,3828.91767760672,13.3667230273958,0,4.74188906736149
"613",1999.16438356164,954.187645300868,4764.70742626227,0,338.501213363221,1127.94027810609,11522.0548682205,302.626962899103,12.6036222863361,2.97969510984279,15.632204794172,960.96,588.202361856648,6158.6,3828.91767760672,13.3667230273958,0,4.74188906736149
"614",1999.16438356164,954.187645300868,4764.70742626227,0,338.501213363221,1127.94027810609,11522.0548682205,302.626962899103,12.6036222863361,2.97969510984279,15.632204794172,960.96,588.202361856648,6158.6,3828.91767760672,13.3667230273958,0,4.74188906736149
"615",1999.16438356164,954.187645300868,4764.70742626227,0,338.501213363221,1127.94027810609,11522.0548682205,302.626962899103,12.6036222863361,2.97969510984279,15.632204794172,960.96,588.202361856648,6158.6,3828.91767760672,13.3667230273958,0,4.74188906736149
"616",1999.16438356164,954.187645300868,4764.70742626227,0,338.501213363221,1127.94027810609,11522.0548682205,302.626962899103,12.6036222863361,2.97969510984279,15.632204794172,960.96,588.202361856648,6158.6,3828.91767760672,13.3667230273958,0,4.74188906736149
"617",1999.16438356164,954.187645300868,4764.70742626227,0,338.501213363221,1127.94027810609,11522.0548682205,302.626962899103,12.6036222863361,2.97969510984279,15.632204794172,960.96,588.202361856648,6158.6,3828.91767760672,13.3667230273958,0,4.74188906736149
"618",1999.20273972603,954.203776249533,4764.75649278159,0,337.74159833027,1125.00976255865,11522.9946666845,300.987607040033,15.544097546254,3.67411267480225,19.2622777367171,960.96,588.896779421608,6158.6,3832.54775054926,13.3685040871908,0,4.731798437687
"619",1999.20273972603,954.203776249533,4764.75649278159,0,337.74159833027,1224.60976255865,11522.9946666845,300.987607040033,15.544097546254,3.67411267480225,19.2622777367171,960.96,588.896779421608,6258.2,3832.54775054926,13.3685040871908,0,4.731798437687
"620",1999.20273972603,954.203776249533,4764.75649278159,0,337.74159833027,1224.60976255865,11522.9946666845,300.987607040033,15.544097546254,3.67411267480225,19.2622777367171,960.96,588.896779421608,6258.2,3832.54775054926,13.3685040871908,0,4.731798437687
"621",1999.20273972603,954.203776249533,4764.75649278159,0,337.74159833027,1224.60976255865,11522.9946666845,300.987607040033,15.544097546254,3.67411267480225,19.2622777367171,960.96,588.896779421608,6258.2,3832.54775054926,13.3685040871908,0,4.731798437687
"622",1999.20273972603,954.203776249533,4764.75649278159,0,337.74159833027,1224.60976255865,11522.9946666845,300.987607040033,15.544097546254,3.67411267480225,19.2622777367171,960.96,588.896779421608,6258.2,3832.54775054926,13.3685040871908,0,4.731798437687
"623",1999.20273972603,954.203776249533,4764.75649278159,0,337.74159833027,1224.60976255865,11522.9946666845,300.987607040033,15.544097546254,3.67411267480225,19.2622777367171,960.96,588.896779421608,6258.2,3832.54775054926,13.3685040871908,0,4.731798437687
"624",1999.20273972603,954.203776249533,4764.75649278159,0,337.74159833027,1224.60976255865,11522.9946666845,300.987607040033,15.544097546254,3.67411267480225,19.2622777367171,960.96,588.896779421608,6258.2,3832.54775054926,13.3685040871908,0,4.731798437687
"625",2000,954.515249617256,4765.49561222447,0,322.328332607048,1146.40586433378,11556.5598548784,269.027166693395,76.6324396257972,18.0367855874211,95.8614281143379,960.96,603.259452334227,6258.2,3909.14690092688,9.67490603987161,0,3.26709953896717
"626",2000,954.515249617256,4765.49561222447,0,322.328332607048,1146.40586433378,11556.5598548784,269.027166693395,0,0,0,960.96,603.259452334227,6258.2,3909.14690092688,9.67490603987161,0,3.26709953896717
"627",2000,954.515249617256,4765.49561222447,0,322.328332607048,1146.40586433378,11556.5598548784,269.027166693395,0,0,0,960.96,603.259452334227,6258.2,3909.14690092688,9.67490603987161,0,3.26709953896717
"628",2000.16438356164,955.178948865993,4765.59148678821,0,319.443109329558,1126.501989908,11560.490879688,261.250344876782,20.3059966440177,2.1256494650172,23.7496714327494,960.96,605.385101799244,6258.2,3932.89657235963,9.68207343470483,0,3.23800230984063
"629",2000.16438356164,955.178948865993,4774.46188678821,0,384.492709329558,1126.501989908,11560.490879688,410.650344876782,20.3059966440177,2.1256494650172,23.7496714327494,1034.88,605.385101799244,6407.6,3932.89657235963,9.66706438639652,0,3.89132924422348
"630",2000.16438356164,955.178948865993,4774.46188678821,0,384.492709329558,1126.501989908,11560.490879688,410.650344876782,20.3059966440177,2.1256494650172,23.7496714327494,1034.88,605.385101799244,6407.6,3932.89657235963,9.66706438639652,0,3.89132924422348
"631",2000.16438356164,955.178948865993,4774.46188678821,0,384.492709329558,1126.501989908,11560.490879688,410.650344876782,20.3059966440177,2.1256494650172,23.7496714327494,1034.88,605.385101799244,6407.6,3932.89657235963,9.66706438639652,0,3.89132924422348
"632",2000.16438356164,955.178948865993,4774.46188678821,0,384.492709329558,1126.501989908,11560.490879688,410.650344876782,20.3059966440177,2.1256494650172,23.7496714327494,1034.88,605.385101799244,6407.6,3932.89657235963,9.66706438639652,0,3.89132924422348
"633",2000.16438356164,955.178948865993,4774.46188678821,0,384.492709329558,1126.501989908,11560.490879688,410.650344876782,20.3059966440177,2.1256494650172,23.7496714327494,1034.88,605.385101799244,6407.6,3932.89657235963,9.66706438639652,0,3.89132924422348
"634",2000.20273972603,955.343290641166,4774.58321742629,0,383.687108836352,1122.16129650186,11561.6639451459,407.88384614434,25.1147448278283,2.64557754497228,29.6837981134469,1034.88,605.9050298792,6407.6,3938.83069904033,9.66889605405727,0,3.88324365593298
"635",2000.20273972603,955.343290641166,4774.58321742629,0,383.687108836352,1254.96129650186,11561.6639451459,407.88384614434,25.1147448278283,2.64557754497228,29.6837981134469,1034.88,605.9050298792,6540.4,3938.83069904033,9.66889605405727,0,3.88324365593298
"636",2000.20273972603,955.343290641166,4774.58321742629,0,383.687108836352,1254.96129650186,11561.6639451459,407.88384614434,25.1147448278283,2.64557754497228,29.6837981134469,1034.88,605.9050298792,6540.4,3938.83069904033,9.66889605405727,0,3.88324365593298
"637",2000.20273972603,955.343290641166,4774.58321742629,0,383.687108836352,1254.96129650186,11561.6639451459,407.88384614434,25.1147448278283,2.64557754497228,29.6837981134469,1034.88,605.9050298792,6540.4,3938.83069904033,9.66889605405727,0,3.88324365593298
"638",2000.20273972603,955.343290641166,4774.58321742629,0,383.687108836352,1254.96129650186,11561.6639451459,407.88384614434,25.1147448278283,2.64557754497228,29.6837981134469,1034.88,605.9050298792,6540.4,3938.83069904033,9.66889605405727,0,3.88324365593298
"639",2000.20273972603,955.343290641166,4774.58321742629,0,383.687108836352,1254.96129650186,11561.6639451459,407.88384614434,25.1147448278283,2.64557754497228,29.6837981134469,1034.88,605.9050298792,6540.4,3938.83069904033,9.66889605405727,0,3.88324365593298
"640",2000.20273972603,955.343290641166,4774.58321742629,0,383.687108836352,1254.96129650186,11561.6639451459,407.88384614434,25.1147448278283,2.64557754497228,29.6837981134469,1034.88,605.9050298792,6540.4,3938.83069904033,9.66889605405727,0,3.88324365593298
"641",2001,958.568810453636,4776.9730285613,0,367.31856701711,1142.03725399755,11603.1415880127,354.9474912703,124.915746719726,13.3987884167306,154.066552625041,1034.88,616.658240750958,6540.4,4063.21345355192,15.7311798108391,0,6.02810602910324
"642",2001,958.568810453636,4776.9730285613,0,367.31856701711,1142.03725399755,11603.1415880127,354.9474912703,0,0,0,1034.88,616.658240750958,6540.4,4063.21345355192,15.7311798108391,0,6.02810602910324
"643",2001,958.568810453636,4776.9730285613,0,367.31856701711,1142.03725399755,11603.1415880127,354.9474912703,0,0,0,1034.88,616.658240750958,6540.4,4063.21345355192,15.7311798108391,0,6.02810602910324
"644",2001.16438356164,958.212437792966,4777.42022464556,0,363.654951848821,1129.45736734101,11607.8402969385,346.823698744464,17.6504724374738,3.57279174469948,16.0049702565677,1034.88,620.231032495657,6540.4,4079.21842380849,15.7372499900305,0,5.97250532516454
"645",2001.16438356164,958.212437792966,4777.42022464556,0,363.654951848821,1129.45736734101,11607.8402969385,346.823698744464,17.6504724374738,3.57279174469948,16.0049702565677,1034.88,620.231032495657,6540.4,4079.21842380849,15.7372499900305,0,5.97250532516454
"646",2001.16438356164,958.212437792966,4777.42022464556,0,363.654951848821,1129.45736734101,11607.8402969385,346.823698744464,17.6504724374738,3.57279174469948,16.0049702565677,1034.88,620.231032495657,6540.4,4079.21842380849,15.7372499900305,0,5.97250532516454
"647",2001.16438356164,958.212437792966,4777.42022464556,0,363.654951848821,1129.45736734101,11607.8402969385,346.823698744464,17.6504724374738,3.57279174469948,16.0049702565677,1034.88,620.231032495657,6540.4,4079.21842380849,15.7372499900305,0,5.97250532516454
"648",2001.16438356164,958.212437792966,4777.42022464556,0,363.654951848821,1129.45736734101,11607.8402969385,346.823698744464,17.6504724374738,3.57279174469948,16.0049702565677,1034.88,620.231032495657,6540.4,4079.21842380849,15.7372499900305,0,5.97250532516454
"649",2001.16438356164,958.212437792966,4777.42022464556,0,363.654951848821,1129.45736734101,11607.8402969385,346.823698744464,17.6504724374738,3.57279174469948,16.0049702565677,1034.88,620.231032495657,6540.4,4079.21842380849,15.7372499900305,0,5.97250532516454
"650",2001.20273972603,958.130756186186,4777.51910349143,0,362.8052719052,1126.63145836705,11608.8185021367,344.950917333804,21.7683614925028,4.40527444923014,19.7254554429644,1034.88,621.063515200188,6540.4,4082.93890899489,15.7386668585139,0,5.95959504708655
"651",2001.20273972603,958.130756186186,4777.51910349143,0,362.8052719052,1226.23145836705,11608.8185021367,344.950917333804,21.7683614925028,4.40527444923014,19.7254554429644,1034.88,621.063515200188,6640,4082.93890899489,15.7386668585139,0,5.95959504708655
"652",2001.20273972603,958.130756186186,4777.51910349143,0,362.8052719052,1226.23145836705,11608.8185021367,344.950917333804,21.7683614925028,4.40527444923014,19.7254554429644,1034.88,621.063515200188,6640,4082.93890899489,15.7386668585139,0,5.95959504708655
"653",2001.20273972603,958.130756186186,4777.51910349143,0,362.8052719052,1226.23145836705,11608.8185021367,344.950917333804,21.7683614925028,4.40527444923014,19.7254554429644,1034.88,621.063515200188,6640,4082.93890899489,15.7386668585139,0,5.95959504708655
"654",2001.20273972603,958.130756186186,4777.51910349143,0,362.8052719052,1226.23145836705,11608.8185021367,344.950917333804,21.7683614925028,4.40527444923014,19.7254554429644,1034.88,621.063515200188,6640,4082.93890899489,15.7386668585139,0,5.95959504708655
"655",2001.20273972603,958.130756186186,4777.51910349143,0,362.8052719052,1226.23145836705,11608.8185021367,344.950917333804,21.7683614925028,4.40527444923014,19.7254554429644,1034.88,621.063515200188,6640,4082.93890899489,15.7386668585139,0,5.95959504708655
"656",2001.20273972603,958.130756186186,4777.51910349143,0,362.8052719052,1226.23145836705,11608.8185021367,344.950917333804,21.7683614925028,4.40527444923014,19.7254554429644,1034.88,621.063515200188,6640,4082.93890899489,15.7386668585139,0,5.95959504708655
"657",2002,956.54815748566,4779.12327932021,0,345.578317755727,1150.00859140304,11643.3365120089,308.470053127128,107.313881453502,21.6106514704532,97.9111767414563,1034.88,638.268892221411,6640,4161.12463029338,13.446173931198,0,4.85778591598402
"658",2002,956.54815748566,4779.12327932021,0,345.578317755727,1150.00859140304,11643.3365120089,308.470053127128,0,0,0,1034.88,638.268892221411,6640,4161.12463029338,13.446173931198,0,4.85778591598402
"659",2002,956.54815748566,4779.12327932021,0,345.578317755727,1150.00859140304,11643.3365120089,308.470053127128,0,0,0,1034.88,638.268892221411,6640,4161.12463029338,13.446173931198,0,4.85778591598402
"660",2002.16438356164,956.623530475844,4779.35624686113,0,342.264120611646,1136.92870168502,11647.680865888,301.356805687691,12.883949491375,3.00585661297381,15.8487832782954,1034.88,641.274748834385,6640,4176.97341357168,13.4537971410775,0,4.81354670952728
"661",2002.16438356164,956.623530475844,4779.35624686113,0,342.264120611646,1136.92870168502,11647.680865888,301.356805687691,12.883949491375,3.00585661297381,15.8487832782954,1034.88,641.274748834385,6640,4176.97341357168,13.4537971410775,0,4.81354670952728
"662",2002.16438356164,956.623530475844,4779.35624686113,0,342.264120611646,1136.92870168502,11647.680865888,301.356805687691,12.883949491375,3.00585661297381,15.8487832782954,1034.88,641.274748834385,6640,4176.97341357168,13.4537971410775,0,4.81354670952728
"663",2002.16438356164,956.623530475844,4779.35624686113,0,342.264120611646,1136.92870168502,11647.680865888,301.356805687691,12.883949491375,3.00585661297381,15.8487832782954,1034.88,641.274748834385,6640,4176.97341357168,13.4537971410775,0,4.81354670952728
"664",2002.16438356164,956.623530475844,4779.35624686113,0,342.264120611646,1136.92870168502,11647.680865888,301.356805687691,12.883949491375,3.00585661297381,15.8487832782954,1034.88,641.274748834385,6640,4176.97341357168,13.4537971410775,0,4.81354670952728
"665",2002.16438356164,956.623530475844,4779.35624686113,0,342.264120611646,1136.92870168502,11647.680865888,301.356805687691,12.883949491375,3.00585661297381,15.8487832782954,1034.88,641.274748834385,6640,4176.97341357168,13.4537971410775,0,4.81354670952728
"666",2002.20273972603,956.640847350907,4779.40721175163,0,341.495336662946,1133.99386944416,11648.5744619308,299.717992686331,15.8898030740828,3.70635879611346,19.5288324777735,1034.88,641.975251017524,6640,4180.65346277115,13.4555624279855,0,4.80327788015589
"667",2002.20273972603,956.640847350907,4779.40721175163,0,341.495336662946,1233.59386944416,11648.5744619308,299.717992686331,15.8898030740828,3.70635879611346,19.5288324777735,1034.88,641.975251017524,6739.6,4180.65346277115,13.4555624279855,0,4.80327788015589
"668",2002.20273972603,956.640847350907,4779.40721175163,0,341.495336662946,1233.59386944416,11648.5744619308,299.717992686331,15.8898030740828,3.70635879611346,19.5288324777735,1034.88,641.975251017524,6739.6,4180.65346277115,13.4555624279855,0,4.80327788015589
"669",2002.20273972603,956.640847350907,4779.40721175163,0,341.495336662946,1233.59386944416,11648.5744619308,299.717992686331,15.8898030740828,3.70635879611346,19.5288324777735,1034.88,641.975251017524,6739.6,4180.65346277115,13.4555624279855,0,4.80327788015589
"670",2002.20273972603,956.640847350907,4779.40721175163,0,341.495336662946,1233.59386944416,11648.5744619308,299.717992686331,15.8898030740828,3.70635879611346,19.5288324777735,1034.88,641.975251017524,6739.6,4180.65346277115,13.4555624279855,0,4.80327788015589
"671",2002.20273972603,956.640847350907,4779.40721175163,0,341.495336662946,1233.59386944416,11648.5744619308,299.717992686331,15.8898030740828,3.70635879611346,19.5288324777735,1034.88,641.975251017524,6739.6,4180.65346277115,13.4555624279855,0,4.80327788015589
"672",2002.20273972603,956.640847350907,4779.40721175163,0,341.495336662946,1233.59386944416,11648.5744619308,299.717992686331,15.8898030740828,3.70635879611346,19.5288324777735,1034.88,641.975251017524,6739.6,4180.65346277115,13.4555624279855,0,4.80327788015589
"673",2003,956.976097496767,4780.18333271101,0,325.896455656702,1155.26806189796,11681.1749447365,267.769784624441,78.334277608197,18.1938686971208,97.2023652801909,1034.88,656.462760918532,6739.6,4258.32699557357,9.70544531739073,0,3.30517161064021
"674",2003,956.976097496767,4780.18333271101,0,325.896455656702,1155.26806189796,11681.1749447365,267.769784624441,0,0,0,1034.88,656.462760918532,6739.6,4258.32699557357,9.70544531739073,0,3.30517161064021
"675",2003,956.976097496767,4780.18333271101,0,325.896455656702,1155.26806189796,11681.1749447365,267.769784624441,0,0,0,1034.88,656.462760918532,6739.6,4258.32699557357,9.70544531739073,0,3.30517161064021
"676",2003.16438356164,957.653611775472,4780.28638627517,0,322.97898529238,1135.4024505758,11684.9084317372,260.030804480449,20.7352695809066,2.13690252145397,23.8711044653559,1034.88,658.599663439986,6739.6,4282.19810003893,9.71267313071954,0,3.2757035254328
"677",2003.16438356164,957.653611775472,4789.15678627517,0,388.02858529238,1135.4024505758,11684.9084317372,409.430804480449,20.7352695809066,2.13690252145397,23.8711044653559,1108.8,658.599663439986,6889,4282.19810003893,9.70016224591774,0,3.93037752597387
"678",2003.16438356164,957.653611775472,4789.15678627517,0,388.02858529238,1135.4024505758,11684.9084317372,409.430804480449,20.7352695809066,2.13690252145397,23.8711044653559,1108.8,658.599663439986,6889,4282.19810003893,9.70016224591774,0,3.93037752597387
"679",2003.16438356164,957.653611775472,4789.15678627517,0,388.02858529238,1135.4024505758,11684.9084317372,409.430804480449,20.7352695809066,2.13690252145397,23.8711044653559,1108.8,658.599663439986,6889,4282.19810003893,9.70016224591774,0,3.93037752597387
"680",2003.16438356164,957.653611775472,4789.15678627517,0,388.02858529238,1135.4024505758,11684.9084317372,409.430804480449,20.7352695809066,2.13690252145397,23.8711044653559,1108.8,658.599663439986,6889,4282.19810003893,9.70016224591774,0,3.93037752597387
"681",2003.16438356164,957.653611775472,4789.15678627517,0,388.02858529238,1135.4024505758,11684.9084317372,409.430804480449,20.7352695809066,2.13690252145397,23.8711044653559,1108.8,658.599663439986,6889,4282.19810003893,9.70016224591774,0,3.93037752597387
"682",2003.20273972603,957.821036506667,4789.2798014742,0,387.215451618597,1131.07046681593,11686.0359324891,406.672921131069,25.648287154505,2.65959626501533,29.8334708227852,1108.8,659.122357183547,6889,4288.16046639636,9.70200323818425,0,3.92219989151643
"683",2003.20273972603,957.821036506667,4789.2798014742,0,387.215451618597,1263.87046681593,11686.0359324891,406.672921131069,25.648287154505,2.65959626501533,29.8334708227852,1108.8,659.122357183547,7021.8,4288.16046639636,9.70200323818425,0,3.92219989151643
"684",2003.20273972603,957.821036506667,4789.2798014742,0,387.215451618597,1263.87046681593,11686.0359324891,406.672921131069,25.648287154505,2.65959626501533,29.8334708227852,1108.8,659.122357183547,7021.8,4288.16046639636,9.70200323818425,0,3.92219989151643
"685",2003.20273972603,957.821036506667,4789.2798014742,0,387.215451618597,1263.87046681593,11686.0359324891,406.672921131069,25.648287154505,2.65959626501533,29.8334708227852,1108.8,659.122357183547,7021.8,4288.16046639636,9.70200323818425,0,3.92219989151643
"686",2003.20273972603,957.821036506667,4789.2798014742,0,387.215451618597,1263.87046681593,11686.0359324891,406.672921131069,25.648287154505,2.65959626501533,29.8334708227852,1108.8,659.122357183547,7021.8,4288.16046639636,9.70200323818425,0,3.92219989151643
"687",2003.20273972603,957.821036506667,4789.2798014742,0,387.215451618597,1263.87046681593,11686.0359324891,406.672921131069,25.648287154505,2.65959626501533,29.8334708227852,1108.8,659.122357183547,7021.8,4288.16046639636,9.70200323818425,0,3.92219989151643
"688",2003.20273972603,957.821036506667,4789.2798014742,0,387.215451618597,1263.87046681593,11686.0359324891,406.672921131069,25.648287154505,2.65959626501533,29.8334708227852,1108.8,659.122357183547,7021.8,4288.16046639636,9.70200323818425,0,3.92219989151643
"689",2004,961.107139681754,4791.70519083175,0,370.69397413323,1151.09812029934,11726.6087194138,353.900923652381,127.606507940507,13.4695812177419,154.80502789337,1108.8,669.932342136274,7021.8,4413.13202346694,15.8413862527253,0,6.10993944727821
"690",2004,961.107139681754,4791.70519083175,0,370.69397413323,1151.09812029934,11726.6087194138,353.900923652381,0,0,0,1108.8,669.932342136274,7021.8,4413.13202346694,15.8413862527253,0,6.10993944727821
"691",2004,961.107139681754,4791.70519083175,0,370.69397413323,1151.09812029934,11726.6087194138,353.900923652381,0,0,0,1108.8,669.932342136274,7021.8,4413.13202346694,15.8413862527253,0,6.10993944727821
"692",2004.16438356164,960.750004614698,4792.15964185914,0,366.992398523138,1138.47372186947,11731.1272286332,345.766537723861,18.0109882109525,3.60425964975246,16.2402751389264,1108.8,673.536601786026,7021.8,4429.37229860587,15.8471857438171,0,6.0533923268598
"693",2004.16438356164,960.750004614698,4792.15964185914,0,366.992398523138,1138.47372186947,11731.1272286332,345.766537723861,18.0109882109525,3.60425964975246,16.2402751389264,1108.8,673.536601786026,7021.8,4429.37229860587,15.8471857438171,0,6.0533923268598
"694",2004.16438356164,960.750004614698,4792.15964185914,0,366.992398523138,1138.47372186947,11731.1272286332,345.766537723861,18.0109882109525,3.60425964975246,16.2402751389264,1108.8,673.536601786026,7021.8,4429.37229860587,15.8471857438171,0,6.0533923268598
"695",2004.16438356164,960.750004614698,4792.15964185914,0,366.992398523138,1138.47372186947,11731.1272286332,345.766537723861,18.0109882109525,3.60425964975246,16.2402751389264,1108.8,673.536601786026,7021.8,4429.37229860587,15.8471857438171,0,6.0533923268598
"696",2004.16438356164,960.750004614698,4792.15964185914,0,366.992398523138,1138.47372186947,11731.1272286332,345.766537723861,18.0109882109525,3.60425964975246,16.2402751389264,1108.8,673.536601786026,7021.8,4429.37229860587,15.8471857438171,0,6.0533923268598
"697",2004.16438356164,960.750004614698,4792.15964185914,0,366.992398523138,1138.47372186947,11731.1272286332,345.766537723861,18.0109882109525,3.60425964975246,16.2402751389264,1108.8,673.536601786026,7021.8,4429.37229860587,15.8471857438171,0,6.0533923268598
"698",2004.20273972603,960.668159926534,4792.26016510966,0,366.133923458421,1135.63806894724,11732.0631454922,343.891532919521,22.2129448905822,4.44405615211357,20.0150160064774,1108.8,674.376398288387,7021.8,4433.14703947342,15.8485400904232,0,6.04026281545384
"699",2004.20273972603,960.668159926534,4792.26016510966,0,366.133923458421,1235.23806894724,11732.0631454922,343.891532919521,22.2129448905822,4.44405615211357,20.0150160064774,1108.8,674.376398288387,7121.4,4433.14703947342,15.8485400904232,0,6.04026281545384
"700",2004.20273972603,960.668159926534,4792.26016510966,0,366.133923458421,1235.23806894724,11732.0631454922,343.891532919521,22.2129448905822,4.44405615211357,20.0150160064774,1108.8,674.376398288387,7121.4,4433.14703947342,15.8485400904232,0,6.04026281545384
"701",2004.20273972603,960.668159926534,4792.26016510966,0,366.133923458421,1235.23806894724,11732.0631454922,343.891532919521,22.2129448905822,4.44405615211357,20.0150160064774,1108.8,674.376398288387,7121.4,4433.14703947342,15.8485400904232,0,6.04026281545384
"702",2004.20273972603,960.668159926534,4792.26016510966,0,366.133923458421,1235.23806894724,11732.0631454922,343.891532919521,22.2129448905822,4.44405615211357,20.0150160064774,1108.8,674.376398288387,7121.4,4433.14703947342,15.8485400904232,0,6.04026281545384
"703",2004.20273972603,960.668159926534,4792.26016510966,0,366.133923458421,1235.23806894724,11732.0631454922,343.891532919521,22.2129448905822,4.44405615211357,20.0150160064774,1108.8,674.376398288387,7121.4,4433.14703947342,15.8485400904232,0,6.04026281545384
"704",2004.20273972603,960.668159926534,4792.26016510966,0,366.133923458421,1235.23806894724,11732.0631454922,343.891532919521,22.2129448905822,4.44405615211357,20.0150160064774,1108.8,674.376398288387,7121.4,4433.14703947342,15.8485400904232,0,6.04026281545384
"705",2005,959.083321475003,4793.89461801279,0,348.729332545932,1158.79375562697,11765.6802800203,307.368815970838,109.501063287288,21.7990326130041,99.3649117473937,1108.8,691.731374749278,7121.4,4512.49693521434,13.5330619250911,0,4.92071496476626
"706",2005,959.083321475003,4793.89461801279,0,348.729332545932,1158.79375562697,11765.6802800203,307.368815970838,0,0,0,1108.8,691.731374749278,7121.4,4512.49693521434,13.5330619250911,0,4.92071496476626
"707",2005,959.083321475003,4793.89461801279,0,348.729332545932,1158.79375562697,11765.6802800203,307.368815970838,0,0,0,1108.8,691.731374749278,7121.4,4512.49693521434,13.5330619250911,0,4.92071496476626
"708",2005.16438356164,959.161988240454,4794.13297700188,0,345.381887065607,1145.69304696153,11769.8352172878,300.254754539236,13.1622584748009,3.03041972578905,16.0598328294717,1108.8,694.761794475067,7121.4,4528.55676804381,13.5405877522319,0,4.87579137536765
"709",2005.16438356164,959.161988240454,4794.13297700188,0,345.381887065607,1145.69304696153,11769.8352172878,300.254754539236,13.1622584748009,3.03041972578905,16.0598328294717,1108.8,694.761794475067,7121.4,4528.55676804381,13.5405877522319,0,4.87579137536765
"710",2005.16438356164,959.161988240454,4794.13297700188,0,345.381887065607,1145.69304696153,11769.8352172878,300.254754539236,13.1622584748009,3.03041972578905,16.0598328294717,1108.8,694.761794475067,7121.4,4528.55676804381,13.5405877522319,0,4.87579137536765
"711",2005.16438356164,959.161988240454,4794.13297700188,0,345.381887065607,1145.69304696153,11769.8352172878,300.254754539236,13.1622584748009,3.03041972578905,16.0598328294717,1108.8,694.761794475067,7121.4,4528.55676804381,13.5405877522319,0,4.87579137536765
"712",2005.16438356164,959.161988240454,4794.13297700188,0,345.381887065607,1145.69304696153,11769.8352172878,300.254754539236,13.1622584748009,3.03041972578905,16.0598328294717,1108.8,694.761794475067,7121.4,4528.55676804381,13.5405877522319,0,4.87579137536765
"713",2005.16438356164,959.161988240454,4794.13297700188,0,345.381887065607,1145.69304696153,11769.8352172878,300.254754539236,13.1622584748009,3.03041972578905,16.0598328294717,1108.8,694.761794475067,7121.4,4528.55676804381,13.5405877522319,0,4.87579137536765
"714",2005.20273972603,959.180068383318,4794.18517248535,0,344.60539631354,1142.75375307874,11770.6845890704,298.615920103797,16.2330185729856,3.73663485151355,19.7885893651867,1108.8,695.468009600791,7121.4,4532.28552457952,13.5423303753593,0,4.86536394972773
"715",2005.20273972603,959.180068383318,4794.18517248535,0,344.60539631354,1242.35375307874,11770.6845890704,298.615920103797,16.2330185729856,3.73663485151355,19.7885893651867,1108.8,695.468009600791,7221,4532.28552457952,13.5423303753593,0,4.86536394972773
"716",2005.20273972603,959.180068383318,4794.18517248535,0,344.60539631354,1242.35375307874,11770.6845890704,298.615920103797,16.2330185729856,3.73663485151355,19.7885893651867,1108.8,695.468009600791,7221,4532.28552457952,13.5423303753593,0,4.86536394972773
"717",2005.20273972603,959.180068383318,4794.18517248535,0,344.60539631354,1242.35375307874,11770.6845890704,298.615920103797,16.2330185729856,3.73663485151355,19.7885893651867,1108.8,695.468009600791,7221,4532.28552457952,13.5423303753593,0,4.86536394972773
"718",2005.20273972603,959.180068383318,4794.18517248535,0,344.60539631354,1242.35375307874,11770.6845890704,298.615920103797,16.2330185729856,3.73663485151355,19.7885893651867,1108.8,695.468009600791,7221,4532.28552457952,13.5423303753593,0,4.86536394972773
"719",2005.20273972603,959.180068383318,4794.18517248535,0,344.60539631354,1242.35375307874,11770.6845890704,298.615920103797,16.2330185729856,3.73663485151355,19.7885893651867,1108.8,695.468009600791,7221,4532.28552457952,13.5423303753593,0,4.86536394972773
"720",2005.20273972603,959.180068383318,4794.18517248535,0,344.60539631354,1242.35375307874,11770.6845890704,298.615920103797,16.2330185729856,3.73663485151355,19.7885893651867,1108.8,695.468009600791,7221,4532.28552457952,13.5423303753593,0,4.86536394972773
"721",2006,959.530727016729,4794.98456875708,0,328.850645043899,1163.90997263654,11802.3589670846,266.669901382878,80.0239297742728,18.3413312160214,98.5040105140821,1108.8,710.072705965299,7221,4611.00094572842,9.7357020389945,0,3.33662258574314
"722",2006,959.530727016729,4794.98456875708,0,328.850645043899,1163.90997263654,11802.3589670846,266.669901382878,0,0,0,1108.8,710.072705965299,7221,4611.00094572842,9.7357020389945,0,3.33662258574314
"723",2006,959.530727016729,4794.98456875708,0,328.850645043899,1163.90997263654,11802.3589670846,266.669901382878,0,0,0,1108.8,710.072705965299,7221,4611.00094572842,9.7357020389945,0,3.33662258574314
"724",2006.16438356164,960.220396171241,4795.09203250376,0,325.906487940777,1144.08363213231,11805.9032473405,258.96500284699,21.1526537076037,2.14702420192417,23.9869587841896,1108.8,712.219730167223,7221,4634.9879045126,9.74297306907499,0,3.30684304114442
"725",2006.16438356164,960.220396171241,4803.96243250376,0,390.956087940777,1144.08363213231,11805.9032473405,408.36500284699,21.1526537076037,2.14702420192417,23.9869587841896,1182.72,712.219730167223,7370.4,4634.9879045126,9.73289212122141,0,3.96277088388752
"726",2006.16438356164,960.220396171241,4803.96243250376,0,390.956087940777,1144.08363213231,11805.9032473405,408.36500284699,21.1526537076037,2.14702420192417,23.9869587841896,1182.72,712.219730167223,7370.4,4634.9879045126,9.73289212122141,0,3.96277088388752
"727",2006.16438356164,960.220396171241,4803.96243250376,0,390.956087940777,1144.08363213231,11805.9032473405,408.36500284699,21.1526537076037,2.14702420192417,23.9869587841896,1182.72,712.219730167223,7370.4,4634.9879045126,9.73289212122141,0,3.96277088388752
"728",2006.16438356164,960.220396171241,4803.96243250376,0,390.956087940777,1144.08363213231,11805.9032473405,408.36500284699,21.1526537076037,2.14702420192417,23.9869587841896,1182.72,712.219730167223,7370.4,4634.9879045126,9.73289212122141,0,3.96277088388752
"729",2006.16438356164,960.220396171241,4803.96243250376,0,390.956087940777,1144.08363213231,11805.9032473405,408.36500284699,21.1526537076037,2.14702420192417,23.9869587841896,1182.72,712.219730167223,7370.4,4634.9879045126,9.73289212122141,0,3.96277088388752
"730",2006.20273972603,960.390523262249,4804.08648830244,0,390.136714821092,1139.76056057018,11806.9871219709,405.614992873353,26.1673029158216,2.67221443191849,29.976165689588,1182.72,712.744920397217,7370.4,4640.977111418,9.73473858497941,0,3.95451520938106
"731",2006.20273972603,960.390523262249,4804.08648830244,0,390.136714821092,1272.56056057018,11806.9871219709,405.614992873353,26.1673029158216,2.67221443191849,29.976165689588,1182.72,712.744920397217,7503.2,4640.977111418,9.73473858497941,0,3.95451520938106
"732",2006.20273972603,960.390523262249,4804.08648830244,0,390.136714821092,1272.56056057018,11806.9871219709,405.614992873353,26.1673029158216,2.67221443191849,29.976165689588,1182.72,712.744920397217,7503.2,4640.977111418,9.73473858497941,0,3.95451520938106
"733",2006.20273972603,960.390523262249,4804.08648830244,0,390.136714821092,1272.56056057018,11806.9871219709,405.614992873353,26.1673029158216,2.67221443191849,29.976165689588,1182.72,712.744920397217,7503.2,4640.977111418,9.73473858497941,0,3.95451520938106
"734",2006.20273972603,960.390523262249,4804.08648830244,0,390.136714821092,1272.56056057018,11806.9871219709,405.614992873353,26.1673029158216,2.67221443191849,29.976165689588,1182.72,712.744920397217,7503.2,4640.977111418,9.73473858497941,0,3.95451520938106
"735",2006.20273972603,960.390523262249,4804.08648830244,0,390.136714821092,1272.56056057018,11806.9871219709,405.614992873353,26.1673029158216,2.67221443191849,29.976165689588,1182.72,712.744920397217,7503.2,4640.977111418,9.73473858497941,0,3.95451520938106
"736",2006.20273972603,960.390523262249,4804.08648830244,0,390.136714821092,1272.56056057018,11806.9871219709,405.614992873353,26.1673029158216,2.67221443191849,29.976165689588,1182.72,712.744920397217,7503.2,4640.977111418,9.73473858497941,0,3.95451520938106
"737",2007,963.729637029259,4806.53426034427,0,373.48857987222,1159.94481397532,11846.6951537591,352.992921359439,130.22774289105,13.5334635719567,155.505952010136,1182.72,723.606169537255,7503.2,4766.50689773855,15.9511312077971,0,6.18178077465796
"738",2007,963.729637029259,4806.53426034427,0,373.48857987222,1159.94481397532,11846.6951537591,352.992921359439,0,0,0,1182.72,723.606169537255,7503.2,4766.50689773855,15.9511312077971,0,6.18178077465796
"739",2007,963.729637029259,4806.53426034427,0,373.48857987222,1159.94481397532,11846.6951537591,352.992921359439,0,0,0,1182.72,723.606169537255,7503.2,4766.50689773855,15.9511312077971,0,6.18178077465796
"740",2007.16438356164,963.370256991609,4806.99329431685,0,369.754911908918,1147.27479830228,11851.0415978351,344.846378143616,18.369048019439,3.63401402837282,16.4701148128967,1182.72,727.240183565628,7503.2,4782.97701255145,15.9566296727267,0,6.12437653766355
"741",2007.16438356164,963.370256991609,4806.99329431685,0,369.754911908918,1147.27479830228,11851.0415978351,344.846378143616,18.369048019439,3.63401402837282,16.4701148128967,1182.72,727.240183565628,7503.2,4782.97701255145,15.9566296727267,0,6.12437653766355
"742",2007.16438356164,963.370256991609,4806.99329431685,0,369.754911908918,1147.27479830228,11851.0415978351,344.846378143616,18.369048019439,3.63401402837282,16.4701148128967,1182.72,727.240183565628,7503.2,4782.97701255145,15.9566296727267,0,6.12437653766355
"743",2007.16438356164,963.370256991609,4806.99329431685,0,369.754911908918,1147.27479830228,11851.0415978351,344.846378143616,18.369048019439,3.63401402837282,16.4701148128967,1182.72,727.240183565628,7503.2,4782.97701255145,15.9566296727267,0,6.12437653766355
"744",2007.16438356164,963.370256991609,4806.99329431685,0,369.754911908918,1147.27479830228,11851.0415978351,344.846378143616,18.369048019439,3.63401402837282,16.4701148128967,1182.72,727.240183565628,7503.2,4782.97701255145,15.9566296727267,0,6.12437653766355
"745",2007.16438356164,963.370256991609,4806.99329431685,0,369.754911908918,1147.27479830228,11851.0415978351,344.846378143616,18.369048019439,3.63401402837282,16.4701148128967,1182.72,727.240183565628,7503.2,4782.97701255145,15.9566296727267,0,6.12437653766355
"746",2007.20273972603,963.287907182888,4807.0948415119,0,368.88900264857,1144.42914497996,11851.9371087611,342.968779476012,22.6544975959331,4.48072590238987,20.2978558768555,1182.72,728.086895439645,7503.2,4786.80475361541,15.9579144843445,0,6.11104853967962
"747",2007.20273972603,963.287907182888,4807.0948415119,0,368.88900264857,1244.02914497996,11851.9371087611,342.968779476012,22.6544975959331,4.48072590238987,20.2978558768555,1182.72,728.086895439645,7602.8,4786.80475361541,15.9579144843445,0,6.11104853967962
"748",2007.20273972603,963.287907182888,4807.0948415119,0,368.88900264857,1244.02914497996,11851.9371087611,342.968779476012,22.6544975959331,4.48072590238987,20.2978558768555,1182.72,728.086895439645,7602.8,4786.80475361541,15.9579144843445,0,6.11104853967962
"749",2007.20273972603,963.287907182888,4807.0948415119,0,368.88900264857,1244.02914497996,11851.9371087611,342.968779476012,22.6544975959331,4.48072590238987,20.2978558768555,1182.72,728.086895439645,7602.8,4786.80475361541,15.9579144843445,0,6.11104853967962
"750",2007.20273972603,963.287907182888,4807.0948415119,0,368.88900264857,1244.02914497996,11851.9371087611,342.968779476012,22.6544975959331,4.48072590238987,20.2978558768555,1182.72,728.086895439645,7602.8,4786.80475361541,15.9579144843445,0,6.11104853967962
"751",2007.20273972603,963.287907182888,4807.0948415119,0,368.88900264857,1244.02914497996,11851.9371087611,342.968779476012,22.6544975959331,4.48072590238987,20.2978558768555,1182.72,728.086895439645,7602.8,4786.80475361541,15.9579144843445,0,6.11104853967962
"752",2007.20273972603,963.287907182888,4807.0948415119,0,368.88900264857,1244.02914497996,11851.9371087611,342.968779476012,22.6544975959331,4.48072590238987,20.2978558768555,1182.72,728.086895439645,7602.8,4786.80475361541,15.9579144843445,0,6.11104853967962
"753",2008,961.694019303494,4808.74681460589,0,351.334464432391,1167.36372723481,11884.6882806737,306.397454079757,111.673726230573,21.9771789039722,100.783427105634,1182.72,745.583348441227,7602.8,4867.29032484419,13.6192602982638,0,4.97550720583799
"754",2008,961.694019303494,4808.74681460589,0,351.334464432391,1167.36372723481,11884.6882806737,306.397454079757,0,0,0,1182.72,745.583348441227,7602.8,4867.29032484419,13.6192602982638,0,4.97550720583799
"755",2008,961.694019303494,4808.74681460589,0,351.334464432391,1167.36372723481,11884.6882806737,306.397454079757,0,0,0,1182.72,745.583348441227,7602.8,4867.29032484419,13.6192602982638,0,4.97550720583799
"756",2008.16438356164,961.774660353129,4808.9880203051,0,347.959081544635,1154.27986555629,11888.6626138034,299.29113995597,13.4385461636384,3.05353613891518,16.2158426726287,1182.72,748.636884580142,7602.8,4883.50616751681,13.6266671002336,0,4.92997243966778
"757",2008.16438356164,961.774660353129,4808.9880203051,0,347.959081544635,1154.27986555629,11888.6626138034,299.29113995597,13.4385461636384,3.05353613891518,16.2158426726287,1182.72,748.636884580142,7602.8,4883.50616751681,13.6266671002336,0,4.92997243966778
"758",2008.16438356164,961.774660353129,4808.9880203051,0,347.959081544635,1154.27986555629,11888.6626138034,299.29113995597,13.4385461636384,3.05353613891518,16.2158426726287,1182.72,748.636884580142,7602.8,4883.50616751681,13.6266671002336,0,4.92997243966778
"759",2008.16438356164,961.774660353129,4808.9880203051,0,347.959081544635,1154.27986555629,11888.6626138034,299.29113995597,13.4385461636384,3.05353613891518,16.2158426726287,1182.72,748.636884580142,7602.8,4883.50616751681,13.6266671002336,0,4.92997243966778
"760",2008.16438356164,961.774660353129,4808.9880203051,0,347.959081544635,1154.27986555629,11888.6626138034,299.29113995597,13.4385461636384,3.05353613891518,16.2158426726287,1182.72,748.636884580142,7602.8,4883.50616751681,13.6266671002336,0,4.92997243966778
"761",2008.16438356164,961.774660353129,4808.9880203051,0,347.959081544635,1154.27986555629,11888.6626138034,299.29113995597,13.4385461636384,3.05353613891518,16.2158426726287,1182.72,748.636884580142,7602.8,4883.50616751681,13.6266671002336,0,4.92997243966778
"762",2008.20273972603,961.793199103559,4809.04085550437,0,347.176115867796,1151.3451187117,11889.4701425658,297.654381559776,16.573740313541,3.76512786605153,19.9798191509882,1182.72,749.348476307279,7602.8,4887.27014399517,13.6283820564875,0,4.91940341472956
"763",2008.20273972603,961.793199103559,4809.04085550437,0,347.176115867796,1250.9451187117,11889.4701425658,297.654381559776,16.573740313541,3.76512786605153,19.9798191509882,1182.72,749.348476307279,7702.40000000001,4887.27014399517,13.6283820564875,0,4.91940341472956
"764",2008.20273972603,961.793199103559,4809.04085550437,0,347.176115867796,1250.9451187117,11889.4701425658,297.654381559776,16.573740313541,3.76512786605153,19.9798191509882,1182.72,749.348476307279,7702.40000000001,4887.27014399517,13.6283820564875,0,4.91940341472956
"765",2008.20273972603,961.793199103559,4809.04085550437,0,347.176115867796,1250.9451187117,11889.4701425658,297.654381559776,16.573740313541,3.76512786605153,19.9798191509882,1182.72,749.348476307279,7702.40000000001,4887.27014399517,13.6283820564875,0,4.91940341472956
"766",2008.20273972603,961.793199103559,4809.04085550437,0,347.176115867796,1250.9451187117,11889.4701425658,297.654381559776,16.573740313541,3.76512786605153,19.9798191509882,1182.72,749.348476307279,7702.40000000001,4887.27014399517,13.6283820564875,0,4.91940341472956
"767",2008.20273972603,961.793199103559,4809.04085550437,0,347.176115867796,1250.9451187117,11889.4701425658,297.654381559776,16.573740313541,3.76512786605153,19.9798191509882,1182.72,749.348476307279,7702.40000000001,4887.27014399517,13.6283820564875,0,4.91940341472956
"768",2008.20273972603,961.793199103559,4809.04085550437,0,347.176115867796,1250.9451187117,11889.4701425658,297.654381559776,16.573740313541,3.76512786605153,19.9798191509882,1182.72,749.348476307279,7702.40000000001,4887.27014399517,13.6283820564875,0,4.91940341472956
"769",2009,962.15326786599,4809.85150809964,0,331.290485516996,1172.80829769174,11920.3323553954,265.814426959399,81.7006325514026,18.4800368591578,99.0943819416972,1182.72,764.063385300384,7702.40000000001,4966.38470678588,0,0,0
"770",2009,962.15326786599,4809.85150809964,0,331.290485516996,1172.80829769174,11920.3323553954,265.814426959399,81.7006325514026,18.4800368591578,99.0943819416972,1182.72,764.063385300384,7702.40000000001,4966.38470678588,0,0,0
