"","time","P_labile","P_stable","P_labile_placed","P_labile_FYM","K_labile","K_stable","K_labile_FYM","N_up","P_up","K_up","PIN","POUT","KIN","KOUT","P_up_labile","P_up_labile_placed","P_up_labile_FYM"
"1",1961,1058.0245042832,4714.11737309019,0,108.415255186568,729.560629174468,9173.04944670162,182.680344111318,0,0,0,0,0,0,0,10.0404301733854,0,1.02883798534324
"2",1961,1058.0245042832,4714.11737309019,0,108.415255186568,729.560629174468,9173.04944670162,182.680344111318,0,0,0,0,0,0,0,10.0404301733854,0,1.02883798534324
"3",1961,1058.0245042832,4714.11737309019,0,108.415255186568,729.560629174468,9173.04944670162,182.680344111318,0,0,0,0,0,0,0,10.0404301733854,0,1.02883798534324
"4",1961.16438356164,1055.80194366238,4715.48141363813,0,107.456182148038,725.1888904051,9165.98697985176,177.074020416734,11.1599638432642,1.8175931114167,17.0405293138048,0,1.8175931114167,0,17.0405293138048,10.0245987343415,0,1.02027194970088
"5",1961.16438356164,1055.80194366238,4724.35181363813,0,172.505782148038,725.1888904051,9165.98697985176,326.474020416734,11.1599638432642,1.8175931114167,17.0405293138048,73.92,1.8175931114167,149.4,17.0405293138048,9.91553024772421,0,1.62008254584457
"6",1961.16438356164,1055.80194366238,4724.35181363813,0,172.505782148038,725.1888904051,9165.98697985176,326.474020416734,11.1599638432642,1.8175931114167,17.0405293138048,73.92,1.8175931114167,149.4,17.0405293138048,9.91553024772421,0,1.62008254584457
"7",1961.16438356164,1055.80194366238,4724.35181363813,0,172.505782148038,725.1888904051,9165.98697985176,326.474020416734,11.1599638432642,1.8175931114167,17.0405293138048,73.92,1.8175931114167,149.4,17.0405293138048,9.91553024772421,0,1.62008254584457
"8",1961.16438356164,1055.80194366238,4724.35181363813,0,172.505782148038,725.1888904051,9165.98697985176,326.474020416734,11.1599638432642,1.8175931114167,17.0405293138048,73.92,1.8175931114167,149.4,17.0405293138048,9.91553024772421,0,1.62008254584457
"9",1961.16438356164,1055.80194366238,4724.35181363813,0,172.505782148038,725.1888904051,9165.98697985176,326.474020416734,11.1599638432642,1.8175931114167,17.0405293138048,73.92,1.8175931114167,149.4,17.0405293138048,9.91553024772421,0,1.62008254584457
"10",1961.20273972603,1055.30824401741,4724.75980030537,0,172.149154157706,724.32644321909,9164.73072391759,324.160726945128,13.7757586389467,2.25993407947138,21.4725259055955,73.92,2.25993407947138,149.4,21.4725259055955,9.91233836840905,0,1.6169689524556
"11",1961.20273972603,1086.98824401741,4732.67980030537,0,172.149154157706,724.32644321909,9164.73072391759,324.160726945128,13.7757586389467,2.25993407947138,21.4725259055955,113.52,2.25993407947138,149.4,21.4725259055955,10.154130307346,0,1.60813601548826
"12",1961.20273972603,1086.98824401741,4732.67980030537,0,172.149154157706,724.32644321909,9164.73072391759,324.160726945128,13.7757586389467,2.25993407947138,21.4725259055955,113.52,2.25993407947138,149.4,21.4725259055955,10.154130307346,0,1.60813601548826
"13",1961.20273972603,1086.98824401741,4732.67980030537,0,172.149154157706,724.32644321909,9164.73072391759,324.160726945128,13.7757586389467,2.25993407947138,21.4725259055955,113.52,2.25993407947138,149.4,21.4725259055955,10.154130307346,0,1.60813601548826
"14",1961.20273972603,1086.98824401741,4732.67980030537,0,172.149154157706,724.32644321909,9164.73072391759,324.160726945128,13.7757586389467,2.25993407947138,21.4725259055955,113.52,2.25993407947138,149.4,21.4725259055955,10.154130307346,0,1.60813601548826
"15",1961.20273972603,1086.98824401741,4732.67980030537,0,172.149154157706,724.32644321909,9164.73072391759,324.160726945128,13.7757586389467,2.25993407947138,21.4725259055955,113.52,2.25993407947138,149.4,21.4725259055955,10.154130307346,0,1.60813601548826
"16",1961.20273972603,1086.98824401741,4732.67980030537,0,172.149154157706,724.32644321909,9164.73072391759,324.160726945128,13.7757586389467,2.25993407947138,21.4725259055955,113.52,2.25993407947138,149.4,21.4725259055955,10.154130307346,0,1.60813601548826
"17",1962,1073.93796734885,4743.65641014002,0,164.905523367035,708.564487986221,9135.21017678565,279.403269986215,68.2182781286454,11.5772317040557,111.512485229314,113.52,11.5772317040557,149.4,111.512485229314,11.6597219472772,0,1.79037580240916
"18",1962,1073.93796734885,4743.65641014002,0,164.905523367035,708.564487986221,9135.21017678565,279.403269986215,0,0,0,113.52,11.5772317040557,149.4,111.512485229314,11.6597219472772,0,1.79037580240916
"19",1962,1073.93796734885,4743.65641014002,0,164.905523367035,708.564487986221,9135.21017678565,279.403269986215,0,0,0,113.52,11.5772317040557,149.4,111.512485229314,11.6597219472772,0,1.79037580240916
"20",1962.16438356164,1071.21924699428,4745.66012124315,0,163.409557645917,713.190846397964,9128.62613348877,273.881449255079,7.97265630121326,2.21097497255541,7.47950561628081,113.52,13.7882066766111,149.4,118.991990845595,11.6699072055243,0,1.78019054416208
"21",1962.16438356164,1071.21924699428,4745.66012124315,0,163.409557645917,713.190846397964,9128.62613348877,273.881449255079,7.97265630121326,2.21097497255541,7.47950561628081,113.52,13.7882066766111,149.4,118.991990845595,11.6699072055243,0,1.78019054416208
"22",1962.16438356164,1071.21924699428,4745.66012124315,0,163.409557645917,713.190846397964,9128.62613348877,273.881449255079,7.97265630121326,2.21097497255541,7.47950561628081,113.52,13.7882066766111,149.4,118.991990845595,11.6699072055243,0,1.78019054416208
"23",1962.16438356164,1071.21924699428,4745.66012124315,0,163.409557645917,713.190846397964,9128.62613348877,273.881449255079,7.97265630121326,2.21097497255541,7.47950561628081,113.52,13.7882066766111,149.4,118.991990845595,11.6699072055243,0,1.78019054416208
"24",1962.16438356164,1071.21924699428,4745.66012124315,0,163.409557645917,713.190846397964,9128.62613348877,273.881449255079,7.97265630121326,2.21097497255541,7.47950561628081,113.52,13.7882066766111,149.4,118.991990845595,11.6699072055243,0,1.78019054416208
"25",1962.16438356164,1071.21924699428,4745.66012124315,0,163.409557645917,713.190846397964,9128.62613348877,273.881449255079,7.97265630121326,2.21097497255541,7.47950561628081,113.52,13.7882066766111,149.4,118.991990845595,11.6699072055243,0,1.78019054416208
"26",1962.20273972603,1070.59590793426,4746.11480997182,0,163.062313817009,714.222650854768,9127.12203875995,272.608521549966,9.83294277149438,2.72686913281779,9.22472359341115,113.52,14.3041008368735,149.4,120.737208822725,11.6722925022854,0,1.77780524740101
"27",1962.20273972603,1102.27590793426,4754.03480997182,0,163.062313817009,714.222650854768,9127.12203875995,272.608521549966,9.83294277149438,2.72686913281779,9.22472359341115,153.12,14.3041008368735,149.4,120.737208822725,11.716803028617,0,1.73329472106939
"28",1962.20273972603,1102.27590793426,4754.03480997182,0,163.062313817009,714.222650854768,9127.12203875995,272.608521549966,9.83294277149438,2.72686913281779,9.22472359341115,153.12,14.3041008368735,149.4,120.737208822725,11.716803028617,0,1.73329472106939
"29",1962.20273972603,1102.27590793426,4754.03480997182,0,163.062313817009,714.222650854768,9127.12203875995,272.608521549966,9.83294277149438,2.72686913281779,9.22472359341115,153.12,14.3041008368735,149.4,120.737208822725,11.716803028617,0,1.73329472106939
"30",1962.20273972603,1102.27590793426,4754.03480997182,0,163.062313817009,714.222650854768,9127.12203875995,272.608521549966,9.83294277149438,2.72686913281779,9.22472359341115,153.12,14.3041008368735,149.4,120.737208822725,11.716803028617,0,1.73329472106939
"31",1962.20273972603,1102.27590793426,4754.03480997182,0,163.062313817009,714.222650854768,9127.12203875995,272.608521549966,9.83294277149438,2.72686913281779,9.22472359341115,153.12,14.3041008368735,149.4,120.737208822725,11.716803028617,0,1.73329472106939
"32",1962.20273972603,1102.27590793426,4754.03480997182,0,163.062313817009,714.222650854768,9127.12203875995,272.608521549966,9.83294277149438,2.72686913281779,9.22472359341115,153.12,14.3041008368735,149.4,120.737208822725,11.716803028617,0,1.73329472106939
"33",1963,1086.80222820321,4765.8168649462,0,156.030704941789,732.067200396844,9098.19259927863,247.417764543171,48.5003287218374,13.4501027646945,45.5003705394483,153.12,25.0273344687502,149.4,157.012855768763,13.3724042404335,0,1.91985773147612
"34",1963,1086.80222820321,4765.8168649462,0,156.030704941789,732.067200396844,9098.19259927863,247.417764543171,0,0,0,153.12,25.0273344687502,149.4,157.012855768763,13.3724042404335,0,1.91985773147612
"35",1963,1086.80222820321,4765.8168649462,0,156.030704941789,732.067200396844,9098.19259927863,247.417764543171,0,0,0,153.12,25.0273344687502,149.4,157.012855768763,13.3724042404335,0,1.91985773147612
"36",1963.16438356164,1083.61069898352,4767.94937942717,0,154.578697529821,733.035985641425,9092.63167001922,241.842493522481,8.14713609259539,2.51102215069367,10.1674150355202,153.12,27.5383566194439,149.4,167.180270804283,13.3536784664933,0,1.90492233651704
"37",1963.16438356164,1083.61069898352,4767.94937942717,0,154.578697529821,733.035985641425,9092.63167001922,241.842493522481,8.14713609259539,2.51102215069367,10.1674150355202,153.12,27.5383566194439,149.4,167.180270804283,13.3536784664933,0,1.90492233651704
"38",1963.16438356164,1083.61069898352,4767.94937942717,0,154.578697529821,733.035985641425,9092.63167001922,241.842493522481,8.14713609259539,2.51102215069367,10.1674150355202,153.12,27.5383566194439,149.4,167.180270804283,13.3536784664933,0,1.90492233651704
"39",1963.16438356164,1083.61069898352,4767.94937942717,0,154.578697529821,733.035985641425,9092.63167001922,241.842493522481,8.14713609259539,2.51102215069367,10.1674150355202,153.12,27.5383566194439,149.4,167.180270804283,13.3536784664933,0,1.90492233651704
"40",1963.16438356164,1083.61069898352,4767.94937942717,0,154.578697529821,733.035985641425,9092.63167001922,241.842493522481,8.14713609259539,2.51102215069367,10.1674150355202,153.12,27.5383566194439,149.4,167.180270804283,13.3536784664933,0,1.90492233651704
"41",1963.16438356164,1083.61069898352,4767.94937942717,0,154.578697529821,733.035985641425,9092.63167001922,241.842493522481,8.14713609259539,2.51102215069367,10.1674150355202,153.12,27.5383566194439,149.4,167.180270804283,13.3536784664933,0,1.90492233651704
"42",1963.20273972603,1082.87948940636,4768.43239823639,0,154.241775524949,733.24599523162,9091.33622279083,240.558897779536,10.0481345141988,3.09613492351492,12.536448416658,153.12,28.1234693922651,149.4,169.549304185421,13.3493879960507,0,1.90144270606795
"43",1963.20273972603,1114.55948940636,4776.35239823639,0,154.241775524949,733.24599523162,9091.33622279083,240.558897779536,10.0481345141988,3.09613492351492,12.536448416658,192.72,28.1234693922651,149.4,169.549304185421,13.5955095796158,0,1.88145680572269
"44",1963.20273972603,1114.55948940636,4776.35239823639,0,154.241775524949,733.24599523162,9091.33622279083,240.558897779536,10.0481345141988,3.09613492351492,12.536448416658,192.72,28.1234693922651,149.4,169.549304185421,13.5955095796158,0,1.88145680572269
"45",1963.20273972603,1114.55948940636,4776.35239823639,0,154.241775524949,733.24599523162,9091.33622279083,240.558897779536,10.0481345141988,3.09613492351492,12.536448416658,192.72,28.1234693922651,149.4,169.549304185421,13.5955095796158,0,1.88145680572269
"46",1963.20273972603,1114.55948940636,4776.35239823639,0,154.241775524949,733.24599523162,9091.33622279083,240.558897779536,10.0481345141988,3.09613492351492,12.536448416658,192.72,28.1234693922651,149.4,169.549304185421,13.5955095796158,0,1.88145680572269
"47",1963.20273972603,1114.55948940636,4776.35239823639,0,154.241775524949,733.24599523162,9091.33622279083,240.558897779536,10.0481345141988,3.09613492351492,12.536448416658,192.72,28.1234693922651,149.4,169.549304185421,13.5955095796158,0,1.88145680572269
"48",1963.20273972603,1114.55948940636,4776.35239823639,0,154.241775524949,733.24599523162,9091.33622279083,240.558897779536,10.0481345141988,3.09613492351492,12.536448416658,192.72,28.1234693922651,149.4,169.549304185421,13.5955095796158,0,1.88145680572269
"49",1964,1096.8963192176,4788.57704777753,0,147.411507001413,736.405723796748,9064.48302342478,215.302352266625,49.5617454283204,15.3649240946688,61.4864647304959,192.72,40.392258563419,149.4,218.499320499259,10.3976866722397,0,1.39734142127183
"50",1964,1096.8963192176,4788.57704777753,0,147.411507001413,736.405723796748,9064.48302342478,215.302352266625,0,0,0,192.72,40.392258563419,149.4,218.499320499259,10.3976866722397,0,1.39734142127183
"51",1964,1096.8963192176,4788.57704777753,0,147.411507001413,736.405723796748,9064.48302342478,215.302352266625,0,0,0,192.72,40.392258563419,149.4,218.499320499259,10.3976866722397,0,1.39734142127183
"52",1964.16438356164,1094.06212534926,4790.7787472308,0,146.107702635077,730.913029555971,9058.76291636291,208.678258556887,11.8218728176118,1.93629878139369,17.8368950123919,192.72,42.3285573448127,149.4,236.33621551165,10.3775128502067,0,1.38587610929833
"53",1964.16438356164,1094.06212534926,4799.6491472308,0,211.157302635077,730.913029555971,9058.76291636291,358.078258556887,11.8218728176118,1.93629878139369,17.8368950123919,266.64,42.3285573448127,298.8,236.33621551165,10.2709588867203,0,1.98232616205709
"54",1964.16438356164,1094.06212534926,4799.6491472308,0,211.157302635077,730.913029555971,9058.76291636291,358.078258556887,11.8218728176118,1.93629878139369,17.8368950123919,266.64,42.3285573448127,298.8,236.33621551165,10.2709588867203,0,1.98232616205709
"55",1964.16438356164,1094.06212534926,4799.6491472308,0,211.157302635077,730.913029555971,9058.76291636291,358.078258556887,11.8218728176118,1.93629878139369,17.8368950123919,266.64,42.3285573448127,298.8,236.33621551165,10.2709588867203,0,1.98232616205709
"56",1964.16438356164,1094.06212534926,4799.6491472308,0,211.157302635077,730.913029555971,9058.76291636291,358.078258556887,11.8218728176118,1.93629878139369,17.8368950123919,266.64,42.3285573448127,298.8,236.33621551165,10.2709588867203,0,1.98232616205709
"57",1964.16438356164,1094.06212534926,4799.6491472308,0,211.157302635077,730.913029555971,9058.76291636291,358.078258556887,11.8218728176118,1.93629878139369,17.8368950123919,266.64,42.3285573448127,298.8,236.33621551165,10.2709588867203,0,1.98232616205709
"58",1964.20273972603,1093.42855344307,4800.24938822923,0,210.720796585764,729.794388830583,9057.80807972794,355.530241803526,14.5918828203528,2.40613573847695,22.4583891261077,266.64,42.798394301896,298.8,240.957709625366,10.2667851079372,0,1.9785701859596
"59",1964.20273972603,1125.10855344307,4808.16938822923,0,210.720796585764,729.794388830583,9057.80807972794,355.530241803526,14.5918828203528,2.40613573847695,22.4583891261077,306.24,42.798394301896,298.8,240.957709625366,10.5098978189979,0,1.96839143536586
"60",1964.20273972603,1125.10855344307,4808.16938822923,0,210.720796585764,729.794388830583,9057.80807972794,355.530241803526,14.5918828203528,2.40613573847695,22.4583891261077,306.24,42.798394301896,298.8,240.957709625366,10.5098978189979,0,1.96839143536586
"61",1964.20273972603,1125.10855344307,4808.16938822923,0,210.720796585764,729.794388830583,9057.80807972794,355.530241803526,14.5918828203528,2.40613573847695,22.4583891261077,306.24,42.798394301896,298.8,240.957709625366,10.5098978189979,0,1.96839143536586
"62",1964.20273972603,1125.10855344307,4808.16938822923,0,210.720796585764,729.794388830583,9057.80807972794,355.530241803526,14.5918828203528,2.40613573847695,22.4583891261077,306.24,42.798394301896,298.8,240.957709625366,10.5098978189979,0,1.96839143536586
"63",1964.20273972603,1125.10855344307,4808.16938822923,0,210.720796585764,729.794388830583,9057.80807972794,355.530241803526,14.5918828203528,2.40613573847695,22.4583891261077,306.24,42.798394301896,298.8,240.957709625366,10.5098978189979,0,1.96839143536586
"64",1964.20273972603,1125.10855344307,4808.16938822923,0,210.720796585764,729.794388830583,9057.80807972794,355.530241803526,14.5918828203528,2.40613573847695,22.4583891261077,306.24,42.798394301896,298.8,240.957709625366,10.5098978189979,0,1.96839143536586
"65",1965,1109.38591440485,4822.88369406493,0,201.853817477614,709.637530775532,9033.65475597805,306.22992394461,72.2320678701814,12.2814480491429,116.068888789966,306.24,52.673706612562,298.8,334.568209289225,11.6696713772407,0,2.12330775577673
"66",1965,1109.38591440485,4822.88369406493,0,201.853817477614,709.637530775532,9033.65475597805,306.22992394461,0,0,0,306.24,52.673706612562,298.8,334.568209289225,11.6696713772407,0,2.12330775577673
"67",1965,1109.38591440485,4822.88369406493,0,201.853817477614,709.637530775532,9033.65475597805,306.22992394461,0,0,0,306.24,52.673706612562,298.8,334.568209289225,11.6696713772407,0,2.12330775577673
"68",1965.16438356164,1106.22144558008,4825.60091042887,0,200.033730902882,713.673912160242,9027.99730992626,300.183602785388,8.16053651124073,2.26733903556404,7.66738582630933,306.24,54.941045648126,298.8,342.235595115534,11.6807876363516,0,2.11219149666585
"69",1965.16438356164,1106.22144558008,4825.60091042887,0,200.033730902882,713.673912160242,9027.99730992626,300.183602785388,8.16053651124073,2.26733903556404,7.66738582630933,306.24,54.941045648126,298.8,342.235595115534,11.6807876363516,0,2.11219149666585
"70",1965.16438356164,1106.22144558008,4825.60091042887,0,200.033730902882,713.673912160242,9027.99730992626,300.183602785388,8.16053651124073,2.26733903556404,7.66738582630933,306.24,54.941045648126,298.8,342.235595115534,11.6807876363516,0,2.11219149666585
"71",1965.16438356164,1106.22144558008,4825.60091042887,0,200.033730902882,713.673912160242,9027.99730992626,300.183602785388,8.16053651124073,2.26733903556404,7.66738582630933,306.24,54.941045648126,298.8,342.235595115534,11.6807876363516,0,2.11219149666585
"72",1965.16438356164,1106.22144558008,4825.60091042887,0,200.033730902882,713.673912160242,9027.99730992626,300.183602785388,8.16053651124073,2.26733903556404,7.66738582630933,306.24,54.941045648126,298.8,342.235595115534,11.6807876363516,0,2.11219149666585
"73",1965.16438356164,1106.22144558008,4825.60091042887,0,200.033730902882,713.673912160242,9027.99730992626,300.183602785388,8.16053651124073,2.26733903556404,7.66738582630933,306.24,54.941045648126,298.8,342.235595115534,11.6807876363516,0,2.11219149666585
"74",1965.20273972603,1105.49622602146,4826.21959299538,0,199.611222120035,714.573300795301,9026.70306424745,298.789403136334,10.0646616971916,2.7963848105275,9.45644251910984,306.24,55.4700914230895,298.8,344.024651808335,11.683395416107,0,2.10958371691037
"75",1965.20273972603,1137.17622602146,4834.13959299538,0,199.611222120035,714.573300795301,9026.70306424745,298.789403136334,10.0646616971916,2.7963848105275,9.45644251910984,345.84,55.4700914230895,298.8,344.024651808335,11.7333896109543,0,2.05958952206313
"76",1965.20273972603,1137.17622602146,4834.13959299538,0,199.611222120035,714.573300795301,9026.70306424745,298.789403136334,10.0646616971916,2.7963848105275,9.45644251910984,345.84,55.4700914230895,298.8,344.024651808335,11.7333896109543,0,2.05958952206313
"77",1965.20273972603,1137.17622602146,4834.13959299538,0,199.611222120035,714.573300795301,9026.70306424745,298.789403136334,10.0646616971916,2.7963848105275,9.45644251910984,345.84,55.4700914230895,298.8,344.024651808335,11.7333896109543,0,2.05958952206313
"78",1965.20273972603,1137.17622602146,4834.13959299538,0,199.611222120035,714.573300795301,9026.70306424745,298.789403136334,10.0646616971916,2.7963848105275,9.45644251910984,345.84,55.4700914230895,298.8,344.024651808335,11.7333896109543,0,2.05958952206313
"79",1965.20273972603,1137.17622602146,4834.13959299538,0,199.611222120035,714.573300795301,9026.70306424745,298.789403136334,10.0646616971916,2.7963848105275,9.45644251910984,345.84,55.4700914230895,298.8,344.024651808335,11.7333896109543,0,2.05958952206313
"80",1965.20273972603,1137.17622602146,4834.13959299538,0,199.611222120035,714.573300795301,9026.70306424745,298.789403136334,10.0646616971916,2.7963848105275,9.45644251910984,345.84,55.4700914230895,298.8,344.024651808335,11.7333896109543,0,2.05958952206313
"81",1966,1119.7519696057,4849.12839209424,0,191.05008416951,730.060480958596,9001.64551283689,271.172945879622,49.6432645298697,13.792980077957,46.6432710230856,345.84,66.466686690519,298.8,381.21148031231,13.7008864519678,0,2.33762081326552
"82",1966,1119.7519696057,4849.12839209424,0,191.05008416951,730.060480958596,9001.64551283689,271.172945879622,0,0,0,345.84,66.466686690519,298.8,381.21148031231,13.7008864519678,0,2.33762081326552
"83",1966,1119.7519696057,4849.12839209424,0,191.05008416951,730.060480958596,9001.64551283689,271.172945879622,0,0,0,345.84,66.466686690519,298.8,381.21148031231,13.7008864519678,0,2.33762081326552
"84",1966.16438356164,1116.14667753663,4851.87615953677,0,189.27429277892,730.581744555385,8996.77671987516,265.037176864693,8.45474739293316,2.6333160171286,10.4832983798718,345.84,69.1000027076476,298.8,391.694778692182,13.6803698596482,0,2.31989431340128
"85",1966.16438356164,1116.14667753663,4851.87615953677,0,189.27429277892,730.581744555385,8996.77671987516,265.037176864693,8.45474739293316,2.6333160171286,10.4832983798718,345.84,69.1000027076476,298.8,391.694778692182,13.6803698596482,0,2.31989431340128
"86",1966.16438356164,1116.14667753663,4851.87615953677,0,189.27429277892,730.581744555385,8996.77671987516,265.037176864693,8.45474739293316,2.6333160171286,10.4832983798718,345.84,69.1000027076476,298.8,391.694778692182,13.6803698596482,0,2.31989431340128
"87",1966.16438356164,1116.14667753663,4851.87615953677,0,189.27429277892,730.581744555385,8996.77671987516,265.037176864693,8.45474739293316,2.6333160171286,10.4832983798718,345.84,69.1000027076476,298.8,391.694778692182,13.6803698596482,0,2.31989431340128
"88",1966.16438356164,1116.14667753663,4851.87615953677,0,189.27429277892,730.581744555385,8996.77671987516,265.037176864693,8.45474739293316,2.6333160171286,10.4832983798718,345.84,69.1000027076476,298.8,391.694778692182,13.6803698596482,0,2.31989431340128
"89",1966.16438356164,1116.14667753663,4851.87615953677,0,189.27429277892,730.581744555385,8996.77671987516,265.037176864693,8.45474739293316,2.6333160171286,10.4832983798718,345.84,69.1000027076476,298.8,391.694778692182,13.6803698596482,0,2.31989431340128
"90",1966.20273972603,1115.32092608041,4852.50043606328,0,188.862227920033,730.691638919479,8995.63768561915,263.624469509222,10.4275217846132,3.24685580571969,12.9251456272657,345.84,69.7135424962387,298.8,394.136625939576,13.6756702834826,0,2.3157617665394
"91",1966.20273972603,1147.00092608041,4860.42043606328,0,188.862227920033,730.691638919479,8995.63768561915,263.624469509222,10.4275217846132,3.24685580571969,12.9251456272657,385.44,69.7135424962387,298.8,394.136625939576,13.9211354532218,0,2.29221842553918
"92",1966.20273972603,1147.00092608041,4860.42043606328,0,188.862227920033,730.691638919479,8995.63768561915,263.624469509222,10.4275217846132,3.24685580571969,12.9251456272657,385.44,69.7135424962387,298.8,394.136625939576,13.9211354532218,0,2.29221842553918
"93",1966.20273972603,1147.00092608041,4860.42043606328,0,188.862227920033,730.691638919479,8995.63768561915,263.624469509222,10.4275217846132,3.24685580571969,12.9251456272657,385.44,69.7135424962387,298.8,394.136625939576,13.9211354532218,0,2.29221842553918
"94",1966.20273972603,1147.00092608041,4860.42043606328,0,188.862227920033,730.691638919479,8995.63768561915,263.624469509222,10.4275217846132,3.24685580571969,12.9251456272657,385.44,69.7135424962387,298.8,394.136625939576,13.9211354532218,0,2.29221842553918
"95",1966.20273972603,1147.00092608041,4860.42043606328,0,188.862227920033,730.691638919479,8995.63768561915,263.624469509222,10.4275217846132,3.24685580571969,12.9251456272657,385.44,69.7135424962387,298.8,394.136625939576,13.9211354532218,0,2.29221842553918
"96",1966.20273972603,1147.00092608041,4860.42043606328,0,188.862227920033,730.691638919479,8995.63768561915,263.624469509222,10.4275217846132,3.24685580571969,12.9251456272657,385.44,69.7135424962387,298.8,394.136625939576,13.9211354532218,0,2.29221842553918
"97",1967,1127.53384942988,4875.39504678143,0,180.507017335018,732.094898419231,8971.64520089408,235.823801879572,51.4330520980623,16.0945323231198,63.3150384822237,385.44,82.5612190136388,298.8,444.526518794534,10.6997131354185,0,1.71291824665953
"98",1967,1127.53384942988,4875.39504678143,0,180.507017335018,732.094898419231,8971.64520089408,235.823801879572,0,0,0,385.44,82.5612190136388,298.8,444.526518794534,10.6997131354185,0,1.71291824665953
"99",1967,1127.53384942988,4875.39504678143,0,180.507017335018,732.094898419231,8971.64520089408,235.823801879572,0,0,0,385.44,82.5612190136388,298.8,444.526518794534,10.6997131354185,0,1.71291824665953
"100",1967.16438356164,1124.36605088982,4878.12226276995,0,178.910184142413,726.309476042341,8966.43133933359,228.530525920362,12.4715579769343,2.03741574414687,18.2925598965975,385.44,84.5986347577857,298.8,462.819078691132,10.6771067489388,0,1.69895127396374
"101",1967.16438356164,1124.36605088982,4886.99266276995,0,243.959784142413,726.309476042341,8966.43133933359,377.930525920362,12.4715579769343,2.03741574414687,18.2925598965975,459.36,84.5986347577857,448.2,462.819078691132,10.5740838502217,0,2.29431617182174
"102",1967.16438356164,1124.36605088982,4886.99266276995,0,243.959784142413,726.309476042341,8966.43133933359,377.930525920362,12.4715579769343,2.03741574414687,18.2925598965975,459.36,84.5986347577857,448.2,462.819078691132,10.5740838502217,0,2.29431617182174
"103",1967.16438356164,1124.36605088982,4886.99266276995,0,243.959784142413,726.309476042341,8966.43133933359,377.930525920362,12.4715579769343,2.03741574414687,18.2925598965975,459.36,84.5986347577857,448.2,462.819078691132,10.5740838502217,0,2.29431617182174
"104",1967.16438356164,1124.36605088982,4886.99266276995,0,243.959784142413,726.309476042341,8966.43133933359,377.930525920362,12.4715579769343,2.03741574414687,18.2925598965975,459.36,84.5986347577857,448.2,462.819078691132,10.5740838502217,0,2.29431617182174
"105",1967.16438356164,1124.36605088982,4886.99266276995,0,243.959784142413,726.309476042341,8966.43133933359,377.930525920362,12.4715579769343,2.03741574414687,18.2925598965975,459.36,84.5986347577857,448.2,462.819078691132,10.5740838502217,0,2.29431617182174
"106",1967.20273972603,1123.65616079688,4887.71361486243,0,243.455313293244,725.11798739847,8965.59066423564,375.222859683092,15.3934155706662,2.5308245937724,23.0323898756806,459.36,85.0920436074112,448.2,467.558908670215,10.5693533899772,0,2.28999344340271
"107",1967.20273972603,1155.33616079688,4895.63361486243,0,243.455313293244,725.11798739847,8965.59066423564,375.222859683092,15.3934155706662,2.5308245937724,23.0323898756806,498.96,85.0920436074112,448.2,467.558908670215,10.8148704021965,0,2.27893642675958
"108",1967.20273972603,1155.33616079688,4895.63361486243,0,243.455313293244,725.11798739847,8965.59066423564,375.222859683092,15.3934155706662,2.5308245937724,23.0323898756806,498.96,85.0920436074112,448.2,467.558908670215,10.8148704021965,0,2.27893642675958
"109",1967.20273972603,1155.33616079688,4895.63361486243,0,243.455313293244,725.11798739847,8965.59066423564,375.222859683092,15.3934155706662,2.5308245937724,23.0323898756806,498.96,85.0920436074112,448.2,467.558908670215,10.8148704021965,0,2.27893642675958
"110",1967.20273972603,1155.33616079688,4895.63361486243,0,243.455313293244,725.11798739847,8965.59066423564,375.222859683092,15.3934155706662,2.5308245937724,23.0323898756806,498.96,85.0920436074112,448.2,467.558908670215,10.8148704021965,0,2.27893642675958
"111",1967.20273972603,1155.33616079688,4895.63361486243,0,243.455313293244,725.11798739847,8965.59066423564,375.222859683092,15.3934155706662,2.5308245937724,23.0323898756806,498.96,85.0920436074112,448.2,467.558908670215,10.8148704021965,0,2.27893642675958
"112",1967.20273972603,1155.33616079688,4895.63361486243,0,243.455313293244,725.11798739847,8965.59066423564,375.222859683092,15.3934155706662,2.5308245937724,23.0323898756806,498.96,85.0920436074112,448.2,467.558908670215,10.8148704021965,0,2.27893642675958
"113",1968,1138.15902443862,4912.70193682854,0,233.2071273346,703.747140617084,8943.49214978661,322.865521004844,76.1868552195688,12.8878249445765,118.85908978434,498.96,95.4490439582153,448.2,563.385608578874,11.7319923596511,0,2.40386815669734
"114",1968,1138.15902443862,4912.70193682854,0,233.2071273346,703.747140617084,8943.49214978661,322.865521004844,0,0,0,498.96,95.4490439582153,448.2,563.385608578874,11.7319923596511,0,2.40386815669734
"115",1968,1138.15902443862,4912.70193682854,0,233.2071273346,703.747140617084,8943.49214978661,322.865521004844,0,0,0,498.96,95.4490439582153,448.2,563.385608578874,11.7319923596511,0,2.40386815669734
"116",1968.16438356164,1134.76162598372,4915.8704294128,0,231.112330106655,707.597745277024,8938.19463516908,316.457164926084,8.34841672127982,2.32370309857588,7.85526603634873,498.96,97.7727470567912,448.2,571.240874615223,11.7440060941826,0,2.39185442216586
"117",1968.16438356164,1134.76162598372,4915.8704294128,0,231.112330106655,707.597745277024,8938.19463516908,316.457164926084,8.34841672127982,2.32370309857588,7.85526603634873,498.96,97.7727470567912,448.2,571.240874615223,11.7440060941826,0,2.39185442216586
"118",1968.16438356164,1134.76162598372,4915.8704294128,0,231.112330106655,707.597745277024,8938.19463516908,316.457164926084,8.34841672127982,2.32370309857588,7.85526603634873,498.96,97.7727470567912,448.2,571.240874615223,11.7440060941826,0,2.39185442216586
"119",1968.16438356164,1134.76162598372,4915.8704294128,0,231.112330106655,707.597745277024,8938.19463516908,316.457164926084,8.34841672127982,2.32370309857588,7.85526603634873,498.96,97.7727470567912,448.2,571.240874615223,11.7440060941826,0,2.39185442216586
"120",1968.16438356164,1134.76162598372,4915.8704294128,0,231.112330106655,707.597745277024,8938.19463516908,316.457164926084,8.34841672127982,2.32370309857588,7.85526603634873,498.96,97.7727470567912,448.2,571.240874615223,11.7440060941826,0,2.39185442216586
"121",1968.16438356164,1134.76162598372,4915.8704294128,0,231.112330106655,707.597745277024,8938.19463516908,316.457164926084,8.34841672127982,2.32370309857588,7.85526603634873,498.96,97.7727470567912,448.2,571.240874615223,11.7440060941826,0,2.39185442216586
"122",1968.20273972603,1133.98321929179,4916.59293626711,0,230.626032554608,708.455284891347,8936.98196651249,314.97939855987,10.2963806229131,2.86590048824396,9.68816144483138,498.96,98.3149444464593,448.2,573.073770023705,11.746826862048,0,2.38903365430042
"123",1968.20273972603,1165.66321929179,4924.51293626711,0,230.626032554608,708.455284891347,8936.98196651249,314.97939855987,10.2963806229131,2.86590048824396,9.68816144483138,538.56,98.3149444464593,448.2,573.073770023705,11.8010309505405,0,2.3348295658079
"124",1968.20273972603,1165.66321929179,4924.51293626711,0,230.626032554608,708.455284891347,8936.98196651249,314.97939855987,10.2963806229131,2.86590048824396,9.68816144483138,538.56,98.3149444464593,448.2,573.073770023705,11.8010309505405,0,2.3348295658079
"125",1968.20273972603,1165.66321929179,4924.51293626711,0,230.626032554608,708.455284891347,8936.98196651249,314.97939855987,10.2963806229131,2.86590048824396,9.68816144483138,538.56,98.3149444464593,448.2,573.073770023705,11.8010309505405,0,2.3348295658079
"126",1968.20273972603,1165.66321929179,4924.51293626711,0,230.626032554608,708.455284891347,8936.98196651249,314.97939855987,10.2963806229131,2.86590048824396,9.68816144483138,538.56,98.3149444464593,448.2,573.073770023705,11.8010309505405,0,2.3348295658079
"127",1968.20273972603,1165.66321929179,4924.51293626711,0,230.626032554608,708.455284891347,8936.98196651249,314.97939855987,10.2963806229131,2.86590048824396,9.68816144483138,538.56,98.3149444464593,448.2,573.073770023705,11.8010309505405,0,2.3348295658079
"128",1968.20273972603,1165.66321929179,4924.51293626711,0,230.626032554608,708.455284891347,8936.98196651249,314.97939855987,10.2963806229131,2.86590048824396,9.68816144483138,538.56,98.3149444464593,448.2,573.073770023705,11.8010309505405,0,2.3348295658079
"129",1969,1147.22396742826,4941.53979257772,0,220.768463774996,723.185061375606,8913.43141001719,285.702108953728,50.7862059366953,14.1358648207794,47.786231062018,538.56,109.584908778995,448.2,611.171839640892,14.010889828892,0,2.69621513450348
"130",1969,1147.22396742826,4941.53979257772,0,220.768463774996,723.185061375606,8913.43141001719,285.702108953728,0,0,0,538.56,109.584908778995,448.2,611.171839640892,14.010889828892,0,2.69621513450348
"131",1969,1147.22396742826,4941.53979257772,0,220.768463774996,723.185061375606,8913.43141001719,285.702108953728,0,0,0,538.56,109.584908778995,448.2,611.171839640892,14.010889828892,0,2.69621513450348
"132",1969.16438356164,1143.39166623988,4944.68036567739,0,218.717242268102,723.573670759809,8908.83199700761,279.193659420588,8.76235869330737,2.74294959560868,10.7192531585082,538.56,112.327858374603,448.2,621.891092799401,13.9895181261201,0,2.67602862216656
"133",1969.16438356164,1143.39166623988,4944.68036567739,0,218.717242268102,723.573670759809,8908.83199700761,279.193659420588,8.76235869330737,2.74294959560868,10.7192531585082,538.56,112.327858374603,448.2,621.891092799401,13.9895181261201,0,2.67602862216656
"134",1969.16438356164,1143.39166623988,4944.68036567739,0,218.717242268102,723.573670759809,8908.83199700761,279.193659420588,8.76235869330737,2.74294959560868,10.7192531585082,538.56,112.327858374603,448.2,621.891092799401,13.9895181261201,0,2.67602862216656
"135",1969.16438356164,1143.39166623988,4944.68036567739,0,218.717242268102,723.573670759809,8908.83199700761,279.193659420588,8.76235869330737,2.74294959560868,10.7192531585082,538.56,112.327858374603,448.2,621.891092799401,13.9895181261201,0,2.67602862216656
"136",1969.16438356164,1143.39166623988,4944.68036567739,0,218.717242268102,723.573670759809,8908.83199700761,279.193659420588,8.76235869330737,2.74294959560868,10.7192531585082,538.56,112.327858374603,448.2,621.891092799401,13.9895181261201,0,2.67602862216656
"137",1969.16438356164,1143.39166623988,4944.68036567739,0,218.717242268102,723.573670759809,8908.83199700761,279.193659420588,8.76235869330737,2.74294959560868,10.7192531585082,538.56,112.327858374603,448.2,621.891092799401,13.9895181261201,0,2.67602862216656
"138",1969.20273972603,1142.51408213184,4945.39489106606,0,218.241258244543,723.653954330071,8907.75389345854,277.695245342659,10.806909055074,3.38199233853246,13.2154872152466,538.56,112.966901117527,448.2,624.387326856139,13.9846244272052,0,2.67132114938647
"139",1969.20273972603,1174.19408213184,4953.31489106606,0,218.241258244543,723.653954330071,8907.75389345854,277.695245342659,10.806909055074,3.38199233853246,13.2154872152466,578.16,112.966901117527,448.2,624.387326856139,14.2315652448407,0,2.64514593718981
"140",1969.20273972603,1174.19408213184,4953.31489106606,0,218.241258244543,723.653954330071,8907.75389345854,277.695245342659,10.806909055074,3.38199233853246,13.2154872152466,578.16,112.966901117527,448.2,624.387326856139,14.2315652448407,0,2.64514593718981
"141",1969.20273972603,1174.19408213184,4953.31489106606,0,218.241258244543,723.653954330071,8907.75389345854,277.695245342659,10.806909055074,3.38199233853246,13.2154872152466,578.16,112.966901117527,448.2,624.387326856139,14.2315652448407,0,2.64514593718981
"142",1969.20273972603,1174.19408213184,4953.31489106606,0,218.241258244543,723.653954330071,8907.75389345854,277.695245342659,10.806909055074,3.38199233853246,13.2154872152466,578.16,112.966901117527,448.2,624.387326856139,14.2315652448407,0,2.64514593718981
"143",1969.20273972603,1174.19408213184,4953.31489106606,0,218.241258244543,723.653954330071,8907.75389345854,277.695245342659,10.806909055074,3.38199233853246,13.2154872152466,578.16,112.966901117527,448.2,624.387326856139,14.2315652448407,0,2.64514593718981
"144",1969.20273972603,1174.19408213184,4953.31489106606,0,218.241258244543,723.653954330071,8907.75389345854,277.695245342659,10.806909055074,3.38199233853246,13.2154872152466,578.16,112.966901117527,448.2,624.387326856139,14.2315652448407,0,2.64514593718981
"145",1970,1153.73978040507,4970.05127430075,0,208.588722577906,724.542634243427,8884.87914770171,248.216538335031,53.3043605792402,16.7524464972528,64.6802600663483,578.16,126.337355276248,448.2,675.852099707241,10.9732966215019,0,1.98390136460746
"146",1970,1153.73978040507,4970.05127430075,0,208.588722577906,724.542634243427,8884.87914770171,248.216538335031,0,0,0,578.16,126.337355276248,448.2,675.852099707241,10.9732966215019,0,1.98390136460746
"147",1970,1153.73978040507,4970.05127430075,0,208.588722577906,724.542634243427,8884.87914770171,248.216538335031,0,0,0,578.16,126.337355276248,448.2,675.852099707241,10.9732966215019,0,1.98390136460746
"148",1970.16438356164,1150.39417042168,4973.11623683003,0,206.74273161742,718.715974991808,8879.86457699421,240.494367277581,13.1125507742849,2.12663841459499,18.5634010165674,578.16,128.463993690842,448.2,694.415500723808,10.9492953322317,0,1.96774921542038
"149",1970.16438356164,1150.39417042168,4981.98663683003,0,271.79233161742,718.715974991808,8879.86457699421,389.894367277581,13.1125507742849,2.12663841459499,18.5634010165674,652.08,128.463993690842,597.6,694.415500723808,10.8501416187873,0,2.56345639153268
"150",1970.16438356164,1150.39417042168,4981.98663683003,0,271.79233161742,718.715974991808,8879.86457699421,389.894367277581,13.1125507742849,2.12663841459499,18.5634010165674,652.08,128.463993690842,597.6,694.415500723808,10.8501416187873,0,2.56345639153268
"151",1970.16438356164,1150.39417042168,4981.98663683003,0,271.79233161742,718.715974991808,8879.86457699421,389.894367277581,13.1125507742849,2.12663841459499,18.5634010165674,652.08,128.463993690842,597.6,694.415500723808,10.8501416187873,0,2.56345639153268
"152",1970.16438356164,1150.39417042168,4981.98663683003,0,271.79233161742,718.715974991808,8879.86457699421,389.894367277581,13.1125507742849,2.12663841459499,18.5634010165674,652.08,128.463993690842,597.6,694.415500723808,10.8501416187873,0,2.56345639153268
"153",1970.16438356164,1150.39417042168,4981.98663683003,0,271.79233161742,718.715974991808,8879.86457699421,389.894367277581,13.1125507742849,2.12663841459499,18.5634010165674,652.08,128.463993690842,597.6,694.415500723808,10.8501416187873,0,2.56345639153268
"154",1970.20273972603,1149.64357422167,4982.78523556904,0,271.230024414165,717.507872351323,8879.06910253872,387.080220416171,16.1845049936657,2.64094307884463,23.3811249739545,652.08,128.978298355092,597.6,699.233224681195,10.845086525765,0,2.55863047392617
"155",1970.20273972603,1181.32357422167,4990.70523556904,0,271.230024414165,717.507872351323,8879.06910253872,387.080220416171,16.1845049936657,2.64094307884463,23.3811249739545,691.68,128.978298355092,597.6,699.233224681195,11.0934773950563,0,2.54704486590944
"156",1970.20273972603,1181.32357422167,4990.70523556904,0,271.230024414165,717.507872351323,8879.06910253872,387.080220416171,16.1845049936657,2.64094307884463,23.3811249739545,691.68,128.978298355092,597.6,699.233224681195,11.0934773950563,0,2.54704486590944
"157",1970.20273972603,1181.32357422167,4990.70523556904,0,271.230024414165,717.507872351323,8879.06910253872,387.080220416171,16.1845049936657,2.64094307884463,23.3811249739545,691.68,128.978298355092,597.6,699.233224681195,11.0934773950563,0,2.54704486590944
"158",1970.20273972603,1181.32357422167,4990.70523556904,0,271.230024414165,717.507872351323,8879.06910253872,387.080220416171,16.1845049936657,2.64094307884463,23.3811249739545,691.68,128.978298355092,597.6,699.233224681195,11.0934773950563,0,2.54704486590944
"159",1970.20273972603,1181.32357422167,4990.70523556904,0,271.230024414165,717.507872351323,8879.06910253872,387.080220416171,16.1845049936657,2.64094307884463,23.3811249739545,691.68,128.978298355092,597.6,699.233224681195,11.0934773950563,0,2.54704486590944
"160",1970.20273972603,1181.32357422167,4990.70523556904,0,271.230024414165,717.507872351323,8879.06910253872,387.080220416171,16.1845049936657,2.64094307884463,23.3811249739545,691.68,128.978298355092,597.6,699.233224681195,11.0934773950563,0,2.54704486590944
"161",1971,1163.3729932897,5009.29329077989,0,259.806412031278,695.895901976449,8857.79381562533,332.706462240827,80.0973635200357,13.4270811828512,120.642140437551,691.68,139.764436459099,597.6,796.494240144792,11.8355965803904,0,2.64314531928899
"162",1971,1163.3729932897,5009.29329077989,0,259.806412031278,695.895901976449,8857.79381562533,332.706462240827,0,0,0,691.68,139.764436459099,597.6,796.494240144792,11.8355965803904,0,2.64314531928899
"163",1971,1163.3729932897,5009.29329077989,0,259.806412031278,695.895901976449,8857.79381562533,332.706462240827,0,0,0,691.68,139.764436459099,597.6,796.494240144792,11.8355965803904,0,2.64314531928899
"164",1971.16438356164,1159.86001604061,5012.75425155196,0,257.478361346704,699.664040706026,8852.64142418415,326.047568706029,8.53629693133917,2.38006716159336,8.0431462464072,691.68,142.144503620692,597.6,804.537386391199,11.8484859225829,0,2.63025597709655
"165",1971.16438356164,1159.86001604061,5012.75425155196,0,257.478361346704,699.664040706026,8852.64142418415,326.047568706029,8.53629693133917,2.38006716159336,8.0431462464072,691.68,142.144503620692,597.6,804.537386391199,11.8484859225829,0,2.63025597709655
"166",1971.16438356164,1159.86001604061,5012.75425155196,0,257.478361346704,699.664040706026,8852.64142418415,326.047568706029,8.53629693133917,2.38006716159336,8.0431462464072,691.68,142.144503620692,597.6,804.537386391199,11.8484859225829,0,2.63025597709655
"167",1971.16438356164,1159.86001604061,5012.75425155196,0,257.478361346704,699.664040706026,8852.64142418415,326.047568706029,8.53629693133917,2.38006716159336,8.0431462464072,691.68,142.144503620692,597.6,804.537386391199,11.8484859225829,0,2.63025597709655
"168",1971.16438356164,1159.86001604061,5012.75425155196,0,257.478361346704,699.664040706026,8852.64142418415,326.047568706029,8.53629693133917,2.38006716159336,8.0431462464072,691.68,142.144503620692,597.6,804.537386391199,11.8484859225829,0,2.63025597709655
"169",1971.16438356164,1159.86001604061,5012.75425155196,0,257.478361346704,699.664040706026,8852.64142418415,326.047568706029,8.53629693133917,2.38006716159336,8.0431462464072,691.68,142.144503620692,597.6,804.537386391199,11.8484859225829,0,2.63025597709655
"170",1971.20273972603,1159.0552613905,5013.54411436167,0,256.937904182734,700.502840094266,8851.46139907206,324.512060305728,10.5280995486469,2.93541616596382,9.91988037056441,691.68,142.699852625062,597.6,806.414120515356,11.8515134007337,0,2.62722849894572
"171",1971.20273972603,1190.7352613905,5021.46411436167,0,256.937904182734,700.502840094266,8851.46139907206,324.512060305728,10.5280995486469,2.93541616596382,9.91988037056441,731.28,142.699852625062,597.6,806.414120515356,11.9090060729928,0,2.56973582668662
"172",1971.20273972603,1190.7352613905,5021.46411436167,0,256.937904182734,700.502840094266,8851.46139907206,324.512060305728,10.5280995486469,2.93541616596382,9.91988037056441,731.28,142.699852625062,597.6,806.414120515356,11.9090060729928,0,2.56973582668662
"173",1971.20273972603,1190.7352613905,5021.46411436167,0,256.937904182734,700.502840094266,8851.46139907206,324.512060305728,10.5280995486469,2.93541616596382,9.91988037056441,731.28,142.699852625062,597.6,806.414120515356,11.9090060729928,0,2.56973582668662
"174",1971.20273972603,1190.7352613905,5021.46411436167,0,256.937904182734,700.502840094266,8851.46139907206,324.512060305728,10.5280995486469,2.93541616596382,9.91988037056441,731.28,142.699852625062,597.6,806.414120515356,11.9090060729928,0,2.56973582668662
"175",1971.20273972603,1190.7352613905,5021.46411436167,0,256.937904182734,700.502840094266,8851.46139907206,324.512060305728,10.5280995486469,2.93541616596382,9.91988037056441,731.28,142.699852625062,597.6,806.414120515356,11.9090060729928,0,2.56973582668662
"176",1971.20273972603,1190.7352613905,5021.46411436167,0,256.937904182734,700.502840094266,8851.46139907206,324.512060305728,10.5280995486469,2.93541616596382,9.91988037056441,731.28,142.699852625062,597.6,806.414120515356,11.9090060729928,0,2.56973582668662
"177",1972,1171.79571825303,5039.81865551955,0,245.97957272648,714.880965337063,8828.4920495065,294.093977942398,51.9291484557333,14.4787496018114,48.9291870566538,731.28,154.24318606091,597.6,845.423427201446,14.3178636876858,0,3.00555970412963
"178",1972,1171.79571825303,5039.81865551955,0,245.97957272648,714.880965337063,8828.4920495065,294.093977942398,0,0,0,731.28,154.24318606091,597.6,845.423427201446,14.3178636876858,0,3.00555970412963
"179",1972,1171.79571825303,5039.81865551955,0,245.97957272648,714.880965337063,8828.4920495065,294.093977942398,0,0,0,731.28,154.24318606091,597.6,845.423427201446,14.3178636876858,0,3.00555970412963
"180",1972.16438356164,1167.83981578267,5043.21622288122,0,243.693863008541,715.231940363907,8823.99158410784,287.342184612393,9.06996999363682,2.84404482662434,10.9012837018247,731.28,157.087230887534,597.6,856.32471090327,14.2960573716702,0,2.98316721147173
"181",1972.16438356164,1167.83981578267,5043.21622288122,0,243.693863008541,715.231940363907,8823.99158410784,287.342184612393,9.06996999363682,2.84404482662434,10.9012837018247,731.28,157.087230887534,597.6,856.32471090327,14.2960573716702,0,2.98316721147173
"182",1972.16438356164,1167.83981578267,5043.21622288122,0,243.693863008541,715.231940363907,8823.99158410784,287.342184612393,9.06996999363682,2.84404482662434,10.9012837018247,731.28,157.087230887534,597.6,856.32471090327,14.2960573716702,0,2.98316721147173
"183",1972.16438356164,1167.83981578267,5043.21622288122,0,243.693863008541,715.231940363907,8823.99158410784,287.342184612393,9.06996999363682,2.84404482662434,10.9012837018247,731.28,157.087230887534,597.6,856.32471090327,14.2960573716702,0,2.98316721147173
"184",1972.16438356164,1167.83981578267,5043.21622288122,0,243.693863008541,715.231940363907,8823.99158410784,287.342184612393,9.06996999363682,2.84404482662434,10.9012837018247,731.28,157.087230887534,597.6,856.32471090327,14.2960573716702,0,2.98316721147173
"185",1972.16438356164,1167.83981578267,5043.21622288122,0,243.693863008541,715.231940363907,8823.99158410784,287.342184612393,9.06996999363682,2.84404482662434,10.9012837018247,731.28,157.087230887534,597.6,856.32471090327,14.2960573716702,0,2.98316721147173
"186",1972.20273972603,1166.93404267866,5043.98982582492,0,243.163463830006,715.30388628539,8822.93576242216,285.787924146728,11.1862963254773,3.50661416547501,13.4394199316872,731.28,157.749800226385,597.6,858.862847133132,14.291066184131,0,2.9779447921326
"187",1972.20273972603,1198.61404267866,5051.90982582492,0,243.163463830006,715.30388628539,8822.93576242216,285.787924146728,11.1862963254773,3.50661416547501,13.4394199316872,770.88,157.749800226385,597.6,858.862847133132,14.5406495757156,0,2.94986925838748
"188",1972.20273972603,1198.61404267866,5051.90982582492,0,243.163463830006,715.30388628539,8822.93576242216,285.787924146728,11.1862963254773,3.50661416547501,13.4394199316872,770.88,157.749800226385,597.6,858.862847133132,14.5406495757156,0,2.94986925838748
"189",1972.20273972603,1198.61404267866,5051.90982582492,0,243.163463830006,715.30388628539,8822.93576242216,285.787924146728,11.1862963254773,3.50661416547501,13.4394199316872,770.88,157.749800226385,597.6,858.862847133132,14.5406495757156,0,2.94986925838748
"190",1972.20273972603,1198.61404267866,5051.90982582492,0,243.163463830006,715.30388628539,8822.93576242216,285.787924146728,11.1862963254773,3.50661416547501,13.4394199316872,770.88,157.749800226385,597.6,858.862847133132,14.5406495757156,0,2.94986925838748
"191",1972.20273972603,1198.61404267866,5051.90982582492,0,243.163463830006,715.30388628539,8822.93576242216,285.787924146728,11.1862963254773,3.50661416547501,13.4394199316872,770.88,157.749800226385,597.6,858.862847133132,14.5406495757156,0,2.94986925838748
"192",1972.20273972603,1198.61404267866,5051.90982582492,0,243.163463830006,715.30388628539,8822.93576242216,285.787924146728,11.1862963254773,3.50661416547501,13.4394199316872,770.88,157.749800226385,597.6,858.862847133132,14.5406495757156,0,2.94986925838748
"193",1973,1177.62402524964,5069.80201243197,0,232.406439724711,716.05275780365,8800.46173167882,255.224723783288,55.1756559158209,17.3614690927336,65.7277795202135,770.88,171.604655153644,597.6,911.151206721659,11.2327667581306,0,2.21680882398931
"194",1973,1177.62402524964,5069.80201243197,0,232.406439724711,716.05275780365,8800.46173167882,255.224723783288,0,0,0,770.88,171.604655153644,597.6,911.151206721659,11.2327667581306,0,2.21680882398931
"195",1973,1177.62402524964,5069.80201243197,0,232.406439724711,716.05275780365,8800.46173167882,255.224723783288,0,0,0,770.88,171.604655153644,597.6,911.151206721659,11.2327667581306,0,2.21680882398931
"196",1973.16438356164,1174.1873933535,5073.0891071988,0,230.348625885162,710.267423992375,8795.51782182259,247.237392433588,13.7466044216179,2.20735096885757,18.7165750171957,770.88,173.812006122501,597.6,929.867781738854,11.2079372029697,0,2.19874012302056
"197",1973.16438356164,1174.1873933535,5081.9595071988,0,295.398225885162,710.267423992375,8795.51782182259,396.637392433588,13.7466044216179,2.20735096885757,18.7165750171957,844.8,173.812006122501,747,929.867781738854,11.112670760829,0,2.79568938158965
"198",1973.16438356164,1174.1873933535,5081.9595071988,0,295.398225885162,710.267423992375,8795.51782182259,396.637392433588,13.7466044216179,2.20735096885757,18.7165750171957,844.8,173.812006122501,747,929.867781738854,11.112670760829,0,2.79568938158965
"199",1973.16438356164,1174.1873933535,5081.9595071988,0,295.398225885162,710.267423992375,8795.51782182259,396.637392433588,13.7466044216179,2.20735096885757,18.7165750171957,844.8,173.812006122501,747,929.867781738854,11.112670760829,0,2.79568938158965
"200",1973.16438356164,1174.1873933535,5081.9595071988,0,295.398225885162,710.267423992375,8795.51782182259,396.637392433588,13.7466044216179,2.20735096885757,18.7165750171957,844.8,173.812006122501,747,929.867781738854,11.112670760829,0,2.79568938158965
"201",1973.16438356164,1174.1873933535,5081.9595071988,0,295.398225885162,710.267423992375,8795.51782182259,396.637392433588,13.7466044216179,2.20735096885757,18.7165750171957,844.8,173.812006122501,747,929.867781738854,11.112670760829,0,2.79568938158965
"202",1973.20273972603,1173.41592802004,5082.80921512297,0,294.786713817521,709.061600429911,8794.73858305072,393.753685952656,16.9672092034781,2.74062044579047,23.5853438324643,844.8,174.345275599434,747,934.736550554123,11.1074183580052,0,2.79041666178649
"203",1973.20273972603,1205.09592802004,5090.72921512297,0,294.786713817521,709.061600429911,8794.73858305072,393.753685952656,16.9672092034781,2.74062044579047,23.5853438324643,884.4,174.345275599434,747,934.736550554123,11.3588373846839,0,2.77856249246483
"204",1973.20273972603,1205.09592802004,5090.72921512297,0,294.786713817521,709.061600429911,8794.73858305072,393.753685952656,16.9672092034781,2.74062044579047,23.5853438324643,884.4,174.345275599434,747,934.736550554123,11.3588373846839,0,2.77856249246483
"205",1973.20273972603,1205.09592802004,5090.72921512297,0,294.786713817521,709.061600429911,8794.73858305072,393.753685952656,16.9672092034781,2.74062044579047,23.5853438324643,884.4,174.345275599434,747,934.736550554123,11.3588373846839,0,2.77856249246483
"206",1973.20273972603,1205.09592802004,5090.72921512297,0,294.786713817521,709.061600429911,8794.73858305072,393.753685952656,16.9672092034781,2.74062044579047,23.5853438324643,884.4,174.345275599434,747,934.736550554123,11.3588373846839,0,2.77856249246483
"207",1973.20273972603,1205.09592802004,5090.72921512297,0,294.786713817521,709.061600429911,8794.73858305072,393.753685952656,16.9672092034781,2.74062044579047,23.5853438324643,884.4,174.345275599434,747,934.736550554123,11.3588373846839,0,2.77856249246483
"208",1973.20273972603,1205.09592802004,5090.72921512297,0,294.786713817521,709.061600429911,8794.73858305072,393.753685952656,16.9672092034781,2.74062044579047,23.5853438324643,884.4,174.345275599434,747,934.736550554123,11.3588373846839,0,2.77856249246483
"209",1974,1186.75099785188,5110.32076995288,0,282.363125125082,687.534075196253,8773.76479487071,338.082366023045,83.9708869287517,13.9175844764833,121.757977175739,884.4,185.522239630127,747,1032.9091838974,11.9729134352438,0,2.84870984776662
"210",1974,1186.75099785188,5110.32076995288,0,282.363125125082,687.534075196253,8773.76479487071,338.082366023045,0,0,0,884.4,185.522239630127,747,1032.9091838974,11.9729134352438,0,2.84870984776662
"211",1974,1186.75099785188,5110.32076995288,0,282.363125125082,687.534075196253,8773.76479487071,338.082366023045,0,0,0,884.4,185.522239630127,747,1032.9091838974,11.9729134352438,0,2.84870984776662
"212",1974.16438356164,1183.18601584975,5113.97560107808,0,279.836844777404,691.237440064968,8768.66554201323,331.247227555374,8.72417714137868,2.43643122460532,8.231026456447,884.4,187.958670854732,747,1041.14021035385,11.9866461916621,0,2.83497709134837
"213",1974.16438356164,1183.18601584975,5113.97560107808,0,279.836844777404,691.237440064968,8768.66554201323,331.247227555374,8.72417714137868,2.43643122460532,8.231026456447,884.4,187.958670854732,747,1041.14021035385,11.9866461916621,0,2.83497709134837
"214",1974.16438356164,1183.18601584975,5113.97560107808,0,279.836844777404,691.237440064968,8768.66554201323,331.247227555374,8.72417714137868,2.43643122460532,8.231026456447,884.4,187.958670854732,747,1041.14021035385,11.9866461916621,0,2.83497709134837
"215",1974.16438356164,1183.18601584975,5113.97560107808,0,279.836844777404,691.237440064968,8768.66554201323,331.247227555374,8.72417714137868,2.43643122460532,8.231026456447,884.4,187.958670854732,747,1041.14021035385,11.9866461916621,0,2.83497709134837
"216",1974.16438356164,1183.18601584975,5113.97560107808,0,279.836844777404,691.237440064968,8768.66554201323,331.247227555374,8.72417714137868,2.43643122460532,8.231026456447,884.4,187.958670854732,747,1041.14021035385,11.9866461916621,0,2.83497709134837
"217",1974.16438356164,1183.18601584975,5113.97560107808,0,279.836844777404,691.237440064968,8768.66554201323,331.247227555374,8.72417714137868,2.43643122460532,8.231026456447,884.4,187.958670854732,747,1041.14021035385,11.9866461916621,0,2.83497709134837
"218",1974.20273972603,1182.36944390179,5114.81015460951,0,279.250362574863,692.061425069325,8767.49704182207,329.671169902325,10.7598184743758,3.00493184368235,10.1515992962929,884.4,188.527171473809,747,1043.06078319369,11.9898720592049,0,2.83175122380556
"219",1974.20273972603,1214.04944390179,5122.73015460951,0,279.250362574863,692.061425069325,8767.49704182207,329.671169902325,10.7598184743758,3.00493184368235,10.1515992962929,924,188.527171473809,747,1043.06078319369,12.0499469874819,0,2.77167629552855
"220",1974.20273972603,1214.04944390179,5122.73015460951,0,279.250362574863,692.061425069325,8767.49704182207,329.671169902325,10.7598184743758,3.00493184368235,10.1515992962929,924,188.527171473809,747,1043.06078319369,12.0499469874819,0,2.77167629552855
"221",1974.20273972603,1214.04944390179,5122.73015460951,0,279.250362574863,692.061425069325,8767.49704182207,329.671169902325,10.7598184743758,3.00493184368235,10.1515992962929,924,188.527171473809,747,1043.06078319369,12.0499469874819,0,2.77167629552855
"222",1974.20273972603,1214.04944390179,5122.73015460951,0,279.250362574863,692.061425069325,8767.49704182207,329.671169902325,10.7598184743758,3.00493184368235,10.1515992962929,924,188.527171473809,747,1043.06078319369,12.0499469874819,0,2.77167629552855
"223",1974.20273972603,1214.04944390179,5122.73015460951,0,279.250362574863,692.061425069325,8767.49704182207,329.671169902325,10.7598184743758,3.00493184368235,10.1515992962929,924,188.527171473809,747,1043.06078319369,12.0499469874819,0,2.77167629552855
"224",1974.20273972603,1214.04944390179,5122.73015460951,0,279.250362574863,692.061425069325,8767.49704182207,329.671169902325,10.7598184743758,3.00493184368235,10.1515992962929,924,188.527171473809,747,1043.06078319369,12.0499469874819,0,2.77167629552855
"225",1975,1194.88775574976,5141.96888772973,0,267.356620247067,706.154443887002,8744.69704690715,298.457634575435,53.072085249457,14.8216292032858,50.0721107204319,924,200.343868833413,747,1082.98129461783,14.6288134210226,0,3.27320293948065
"226",1975,1194.88775574976,5141.96888772973,0,267.356620247067,706.154443887002,8744.69704690715,298.457634575435,0,0,0,924,200.343868833413,747,1082.98129461783,14.6288134210226,0,3.27320293948065
"227",1975,1194.88775574976,5141.96888772973,0,267.356620247067,706.154443887002,8744.69704690715,298.457634575435,0,0,0,924,200.343868833413,747,1082.98129461783,14.6288134210226,0,3.27320293948065
"228",1975.16438356164,1190.8648251177,5145.53825086867,0,264.87121766266,706.49916297281,8740.2172327772,291.55063001301,9.3775812940115,2.938970077525,11.0420996065675,924,203.282838910938,747,1094.0233942244,14.606740023171,0,3.2488196262215
"229",1975.16438356164,1190.8648251177,5145.53825086867,0,264.87121766266,706.49916297281,8740.2172327772,291.55063001301,9.3775812940115,2.938970077525,11.0420996065675,924,203.282838910938,747,1094.0233942244,14.606740023171,0,3.2488196262215
"230",1975.16438356164,1190.8648251177,5145.53825086867,0,264.87121766266,706.49916297281,8740.2172327772,291.55063001301,9.3775812940115,2.938970077525,11.0420996065675,924,203.282838910938,747,1094.0233942244,14.606740023171,0,3.2488196262215
"231",1975.16438356164,1190.8648251177,5145.53825086867,0,264.87121766266,706.49916297281,8740.2172327772,291.55063001301,9.3775812940115,2.938970077525,11.0420996065675,924,203.282838910938,747,1094.0233942244,14.606740023171,0,3.2488196262215
"232",1975.16438356164,1190.8648251177,5145.53825086867,0,264.87121766266,706.49916297281,8740.2172327772,291.55063001301,9.3775812940115,2.938970077525,11.0420996065675,924,203.282838910938,747,1094.0233942244,14.606740023171,0,3.2488196262215
"233",1975.16438356164,1190.8648251177,5145.53825086867,0,264.87121766266,706.49916297281,8740.2172327772,291.55063001301,9.3775812940115,2.938970077525,11.0420996065675,924,203.282838910938,747,1094.0233942244,14.606740023171,0,3.2488196262215
"234",1975.20273972603,1189.9437911696,5146.35135662658,0,264.294480534077,706.569795325027,8739.16589098945,289.96085311144,11.5656835959421,3.62363539629611,13.61258594367,924,203.967504229709,747,1096.5938805615,14.601689749314,0,3.2431330251503
"235",1975.20273972603,1221.6237911696,5154.27135662658,0,264.294480534077,706.569795325027,8739.16589098945,289.96085311144,11.5656835959421,3.62363539629611,13.61258594367,963.6,203.967504229709,747,1096.5938805615,14.8545426219515,0,3.2137337650253
"236",1975.20273972603,1221.6237911696,5154.27135662658,0,264.294480534077,706.569795325027,8739.16589098945,289.96085311144,11.5656835959421,3.62363539629611,13.61258594367,963.6,203.967504229709,747,1096.5938805615,14.8545426219515,0,3.2137337650253
"237",1975.20273972603,1221.6237911696,5154.27135662658,0,264.294480534077,706.569795325027,8739.16589098945,289.96085311144,11.5656835959421,3.62363539629611,13.61258594367,963.6,203.967504229709,747,1096.5938805615,14.8545426219515,0,3.2137337650253
"238",1975.20273972603,1221.6237911696,5154.27135662658,0,264.294480534077,706.569795325027,8739.16589098945,289.96085311144,11.5656835959421,3.62363539629611,13.61258594367,963.6,203.967504229709,747,1096.5938805615,14.8545426219515,0,3.2137337650253
"239",1975.20273972603,1221.6237911696,5154.27135662658,0,264.294480534077,706.569795325027,8739.16589098945,289.96085311144,11.5656835959421,3.62363539629611,13.61258594367,963.6,203.967504229709,747,1096.5938805615,14.8545426219515,0,3.2137337650253
"240",1975.20273972603,1221.6237911696,5154.27135662658,0,264.294480534077,706.569795325027,8739.16589098945,289.96085311144,11.5656835959421,3.62363539629611,13.61258594367,963.6,203.967504229709,747,1096.5938805615,14.8545426219515,0,3.2137337650253
"241",1976,1200.34459064703,5172.93696800293,0,252.596928276376,707.302458577416,8716.75899546601,258.716181286289,57.0469583034968,17.9347768002213,66.531490039866,963.6,218.278645633634,747,1149.5127846577,11.485706098743,0,2.41701766495557
"242",1976,1200.34459064703,5172.93696800293,0,252.596928276376,707.302458577416,8716.75899546601,258.716181286289,0,0,0,963.6,218.278645633634,747,1149.5127846577,11.485706098743,0,2.41701766495557
"243",1976,1200.34459064703,5172.93696800293,0,252.596928276376,707.302458577416,8716.75899546601,258.716181286289,0,0,0,963.6,218.278645633634,747,1149.5127846577,11.485706098743,0,2.41701766495557
"244",1976.16438356164,1196.86480142526,5176.37292483076,0,250.359101189574,701.590196104132,8711.82536604339,250.574030247029,14.3746745219754,2.28165948074894,18.7880429351629,963.6,220.560305114383,747,1168.30082759286,11.4603551341051,0,2.39726676502738
"245",1976.16438356164,1196.86480142526,5185.24332483076,0,315.408701189574,701.590196104132,8711.82536604339,399.974030247029,14.3746745219754,2.28165948074894,18.7880429351629,1037.52,220.560305114383,896.4,1168.30082759286,11.368849805301,0,2.99602273108812
"246",1976.16438356164,1196.86480142526,5185.24332483076,0,315.408701189574,701.590196104132,8711.82536604339,399.974030247029,14.3746745219754,2.28165948074894,18.7880429351629,1037.52,220.560305114383,896.4,1168.30082759286,11.368849805301,0,2.99602273108812
"247",1976.16438356164,1196.86480142526,5185.24332483076,0,315.408701189574,701.590196104132,8711.82536604339,399.974030247029,14.3746745219754,2.28165948074894,18.7880429351629,1037.52,220.560305114383,896.4,1168.30082759286,11.368849805301,0,2.99602273108812
"248",1976.16438356164,1196.86480142526,5185.24332483076,0,315.408701189574,701.590196104132,8711.82536604339,399.974030247029,14.3746745219754,2.28165948074894,18.7880429351629,1037.52,220.560305114383,896.4,1168.30082759286,11.368849805301,0,2.99602273108812
"249",1976.16438356164,1196.86480142526,5185.24332483076,0,315.408701189574,701.590196104132,8711.82536604339,399.974030247029,14.3746745219754,2.28165948074894,18.7880429351629,1037.52,220.560305114383,896.4,1168.30082759286,11.368849805301,0,2.99602273108812
"250",1976.20273972603,1196.0834049532,5186.12730706884,0,314.755345941682,700.394243434913,8711.04877240686,397.04608223626,17.742649742261,2.83242896261561,23.6885372516918,1037.52,221.11107459625,896.4,1173.20132190939,11.3634694532992,0,2.99035397034949
"251",1976.20273972603,1227.7634049532,5194.04730706884,0,314.755345941682,700.394243434913,8711.04877240686,397.04608223626,17.742649742261,2.83242896261561,23.6885372516918,1077.12,221.11107459625,896.4,1173.20132190939,11.6179108043823,0,2.9784236275493
"252",1976.20273972603,1227.7634049532,5194.04730706884,0,314.755345941682,700.394243434913,8711.04877240686,397.04608223626,17.742649742261,2.83242896261561,23.6885372516918,1077.12,221.11107459625,896.4,1173.20132190939,11.6179108043823,0,2.9784236275493
"253",1976.20273972603,1227.7634049532,5194.04730706884,0,314.755345941682,700.394243434913,8711.04877240686,397.04608223626,17.742649742261,2.83242896261561,23.6885372516918,1077.12,221.11107459625,896.4,1173.20132190939,11.6179108043823,0,2.9784236275493
"254",1976.20273972603,1227.7634049532,5194.04730706884,0,314.755345941682,700.394243434913,8711.04877240686,397.04608223626,17.742649742261,2.83242896261561,23.6885372516918,1077.12,221.11107459625,896.4,1173.20132190939,11.6179108043823,0,2.9784236275493
"255",1976.20273972603,1227.7634049532,5194.04730706884,0,314.755345941682,700.394243434913,8711.04877240686,397.04608223626,17.742649742261,2.83242896261561,23.6885372516918,1077.12,221.11107459625,896.4,1173.20132190939,11.6179108043823,0,2.9784236275493
"256",1976.20273972603,1227.7634049532,5194.04730706884,0,314.755345941682,700.394243434913,8711.04877240686,397.04608223626,17.742649742261,2.83242896261561,23.6885372516918,1077.12,221.11107459625,896.4,1173.20132190939,11.6179108043823,0,2.9784236275493
"257",1977,1209.23274419426,5214.31341704162,0,301.481427322698,679.080322706177,8690.13260532981,340.567313836525,87.8116029723201,14.3708983677591,122.397393457213,1077.12,232.649544001393,896.4,1271.91017811491,12.1382429169996,0,3.02626174934179
"258",1977,1209.23274419426,5214.31341704162,0,301.481427322698,679.080322706177,8690.13260532981,340.567313836525,0,0,0,1077.12,232.649544001393,896.4,1271.91017811491,12.1382429169996,0,3.02626174934179
"259",1977,1209.23274419426,5214.31341704162,0,301.481427322698,679.080322706177,8690.13260532981,340.567313836525,0,0,0,1077.12,232.649544001393,896.4,1271.91017811491,12.1382429169996,0,3.02626174934179
"260",1977.16438356164,1205.64920455018,5218.09899149232,0,298.786597228462,682.713369992164,8685.04359292623,333.604372287614,8.91205735143701,2.49279528762254,8.41890666650456,1077.12,235.142339289016,896.4,1280.32908478141,12.1527771186757,0,3.01172754766572
"261",1977.16438356164,1205.64920455018,5218.09899149232,0,298.786597228462,682.713369992164,8685.04359292623,333.604372287614,8.91205735143701,2.49279528762254,8.41890666650456,1077.12,235.142339289016,896.4,1280.32908478141,12.1527771186757,0,3.01172754766572
"262",1977.16438356164,1205.64920455018,5218.09899149232,0,298.786597228462,682.713369992164,8685.04359292623,333.604372287614,8.91205735143701,2.49279528762254,8.41890666650456,1077.12,235.142339289016,896.4,1280.32908478141,12.1527771186757,0,3.01172754766572
"263",1977.16438356164,1205.64920455018,5218.09899149232,0,298.786597228462,682.713369992164,8685.04359292623,333.604372287614,8.91205735143701,2.49279528762254,8.41890666650456,1077.12,235.142339289016,896.4,1280.32908478141,12.1527771186757,0,3.01172754766572
"264",1977.16438356164,1205.64920455018,5218.09899149232,0,298.786597228462,682.713369992164,8685.04359292623,333.604372287614,8.91205735143701,2.49279528762254,8.41890666650456,1077.12,235.142339289016,896.4,1280.32908478141,12.1527771186757,0,3.01172754766572
"265",1977.16438356164,1205.64920455018,5218.09899149232,0,298.786597228462,682.713369992164,8685.04359292623,333.604372287614,8.91205735143701,2.49279528762254,8.41890666650456,1077.12,235.142339289016,896.4,1280.32908478141,12.1527771186757,0,3.01172754766572
"266",1977.20273972603,1204.82845189158,5218.9637060863,0,298.160983059297,683.521268834751,8683.87668324742,331.998971568331,10.9915374000955,3.0744475213983,10.3833182220127,1077.12,235.723991522791,896.4,1282.29349633692,12.156191025686,0,3.00831364065538
"267",1977.20273972603,1236.50845189158,5226.8837060863,0,298.160983059297,683.521268834751,8683.87668324742,331.998971568331,10.9915374000955,3.0744475213983,10.3833182220127,1116.72,235.723991522791,896.4,1282.29349633692,12.2182912890819,0,2.94621337725956
"268",1977.20273972603,1236.50845189158,5226.8837060863,0,298.160983059297,683.521268834751,8683.87668324742,331.998971568331,10.9915374000955,3.0744475213983,10.3833182220127,1116.72,235.723991522791,896.4,1282.29349633692,12.2182912890819,0,2.94621337725956
"269",1977.20273972603,1236.50845189158,5226.8837060863,0,298.160983059297,683.521268834751,8683.87668324742,331.998971568331,10.9915374000955,3.0744475213983,10.3833182220127,1116.72,235.723991522791,896.4,1282.29349633692,12.2182912890819,0,2.94621337725956
"270",1977.20273972603,1236.50845189158,5226.8837060863,0,298.160983059297,683.521268834751,8683.87668324742,331.998971568331,10.9915374000955,3.0744475213983,10.3833182220127,1116.72,235.723991522791,896.4,1282.29349633692,12.2182912890819,0,2.94621337725956
"271",1977.20273972603,1236.50845189158,5226.8837060863,0,298.160983059297,683.521268834751,8683.87668324742,331.998971568331,10.9915374000955,3.0744475213983,10.3833182220127,1116.72,235.723991522791,896.4,1282.29349633692,12.2182912890819,0,2.94621337725956
"272",1977.20273972603,1236.50845189158,5226.8837060863,0,298.160983059297,683.521268834751,8683.87668324742,331.998971568331,10.9915374000955,3.0744475213983,10.3833182220127,1116.72,235.723991522791,896.4,1282.29349633692,12.2182912890819,0,2.94621337725956
"273",1978,1217.27026933193,5246.72086000979,0,285.471952183079,697.304501477156,8661.04591686596,300.214795912105,54.2150189417458,15.1645070337772,51.2150276172953,1116.72,247.81405103517,896.4,1323.1252057322,14.9464820307311,0,3.50522107627244
"274",1978,1217.27026933193,5246.72086000979,0,285.471952183079,697.304501477156,8661.04591686596,300.214795912105,0,0,0,1116.72,247.81405103517,896.4,1323.1252057322,14.9464820307311,0,3.50522107627244
"275",1978,1217.27026933193,5246.72086000979,0,285.471952183079,697.304501477156,8661.04591686596,300.214795912105,0,0,0,1116.72,247.81405103517,896.4,1323.1252057322,14.9464820307311,0,3.50522107627244
"276",1978.16438356164,1213.2106652032,5250.40677178613,0,282.8164821319,697.655723749754,8656.54757657239,293.212168919549,9.68519259432689,3.02916240357834,11.1497450135362,1116.72,250.843213438749,896.4,1334.27495074574,14.9241840020301,0,3.47903735039816
"277",1978.16438356164,1213.2106652032,5250.40677178613,0,282.8164821319,697.655723749754,8656.54757657239,293.212168919549,9.68519259432689,3.02916240357834,11.1497450135362,1116.72,250.843213438749,896.4,1334.27495074574,14.9241840020301,0,3.47903735039816
"278",1978.16438356164,1213.2106652032,5250.40677178613,0,282.8164821319,697.655723749754,8656.54757657239,293.212168919549,9.68519259432689,3.02916240357834,11.1497450135362,1116.72,250.843213438749,896.4,1334.27495074574,14.9241840020301,0,3.47903735039816
"279",1978.16438356164,1213.2106652032,5250.40677178613,0,282.8164821319,697.655723749754,8656.54757657239,293.212168919549,9.68519259432689,3.02916240357834,11.1497450135362,1116.72,250.843213438749,896.4,1334.27495074574,14.9241840020301,0,3.47903735039816
"280",1978.16438356164,1213.2106652032,5250.40677178613,0,282.8164821319,697.655723749754,8656.54757657239,293.212168919549,9.68519259432689,3.02916240357834,11.1497450135362,1116.72,250.843213438749,896.4,1334.27495074574,14.9241840020301,0,3.47903735039816
"281",1978.16438356164,1213.2106652032,5250.40677178613,0,282.8164821319,697.655723749754,8656.54757657239,293.212168919549,9.68519259432689,3.02916240357834,11.1497450135362,1116.72,250.843213438749,896.4,1334.27495074574,14.9241840020301,0,3.47903735039816
"282",1978.20273972603,1212.28129811546,5251.24667461285,0,282.200283851225,697.727900644961,8655.49180985651,291.600607585123,11.9450708663152,3.73482494526193,13.7448961686281,1116.72,251.548875980432,896.4,1336.87010190083,14.9190842070917,0,3.47293141005019
"283",1978.20273972603,1243.96129811546,5259.16667461285,0,282.200283851225,697.727900644961,8655.49180985651,291.600607585123,11.9450708663152,3.73482494526193,13.7448961686281,1156.32,251.548875980432,896.4,1336.87010190083,15.1755271945805,0,3.44266183231781
"284",1978.20273972603,1243.96129811546,5259.16667461285,0,282.200283851225,697.727900644961,8655.49180985651,291.600607585123,11.9450708663152,3.73482494526193,13.7448961686281,1156.32,251.548875980432,896.4,1336.87010190083,15.1755271945805,0,3.44266183231781
"285",1978.20273972603,1243.96129811546,5259.16667461285,0,282.200283851225,697.727900644961,8655.49180985651,291.600607585123,11.9450708663152,3.73482494526193,13.7448961686281,1156.32,251.548875980432,896.4,1336.87010190083,15.1755271945805,0,3.44266183231781
"286",1978.20273972603,1243.96129811546,5259.16667461285,0,282.200283851225,697.727900644961,8655.49180985651,291.600607585123,11.9450708663152,3.73482494526193,13.7448961686281,1156.32,251.548875980432,896.4,1336.87010190083,15.1755271945805,0,3.44266183231781
"287",1978.20273972603,1243.96129811546,5259.16667461285,0,282.200283851225,697.727900644961,8655.49180985651,291.600607585123,11.9450708663152,3.73482494526193,13.7448961686281,1156.32,251.548875980432,896.4,1336.87010190083,15.1755271945805,0,3.44266183231781
"288",1978.20273972603,1243.96129811546,5259.16667461285,0,282.200283851225,697.727900644961,8655.49180985651,291.600607585123,11.9450708663152,3.73482494526193,13.7448961686281,1156.32,251.548875980432,896.4,1336.87010190083,15.1755271945805,0,3.44266183231781
"289",1979,1222.52456120505,5278.356273555,0,269.701814126016,698.494510767349,8632.98564745665,259.945800777548,58.9183167674887,18.4804326387366,67.1392552536816,1156.32,266.294483673907,896.4,1390.26446098588,12.0235573919633,0,2.65252359238029
"290",1979,1222.52456120505,5278.356273555,0,269.701814126016,698.494510767349,8632.98564745665,259.945800777548,0,0,0,1156.32,266.294483673907,896.4,1390.26446098588,12.0235573919633,0,2.65252359238029
"291",1979,1222.52456120505,5278.356273555,0,269.701814126016,698.494510767349,8632.98564745665,259.945800777548,0,0,0,1156.32,266.294483673907,896.4,1390.26446098588,12.0235573919633,0,2.65252359238029
"292",1979.16438356164,1218.98334918755,5281.89242273634,0,267.301265203778,692.593571447765,8628.0238348597,251.618257705128,17.6733764809123,2.40561175839828,19.1902949889472,1156.32,268.700095432305,896.4,1409.45475597483,11.9681035817589,0,2.6243912450701
"293",1979.16438356164,1218.98334918755,5290.76282273634,0,332.350865203778,692.593571447765,8628.0238348597,401.018257705128,17.6733764809123,2.40561175839828,19.1902949889472,1230.24,268.700095432305,1045.8,1409.45475597483,11.9726243198695,0,3.26428745242542
"294",1979.16438356164,1218.98334918755,5290.76282273634,0,332.350865203778,692.593571447765,8628.0238348597,401.018257705128,17.6733764809123,2.40561175839828,19.1902949889472,1230.24,268.700095432305,1045.8,1409.45475597483,11.9726243198695,0,3.26428745242542
"295",1979.16438356164,1218.98334918755,5290.76282273634,0,332.350865203778,692.593571447765,8628.0238348597,401.018257705128,17.6733764809123,2.40561175839828,19.1902949889472,1230.24,268.700095432305,1045.8,1409.45475597483,11.9726243198695,0,3.26428745242542
"296",1979.16438356164,1218.98334918755,5290.76282273634,0,332.350865203778,692.593571447765,8628.0238348597,401.018257705128,17.6733764809123,2.40561175839828,19.1902949889472,1230.24,268.700095432305,1045.8,1409.45475597483,11.9726243198695,0,3.26428745242542
"297",1979.16438356164,1218.98334918755,5290.76282273634,0,332.350865203778,692.593571447765,8628.0238348597,401.018257705128,17.6733764809123,2.40561175839828,19.1902949889472,1230.24,268.700095432305,1045.8,1409.45475597483,11.9726243198695,0,3.26428745242542
"298",1979.20273972603,1218.18483682821,5291.66970655612,0,331.658310020315,691.336768870393,8627.23870368974,398.017930809804,21.823469812383,2.98979548141644,24.2325556316031,1230.24,269.284279155323,1045.8,1414.49701661749,11.9662221531281,0,3.25787753767107
"299",1979.20273972603,1249.86483682821,5299.58970655612,0,331.658310020315,691.336768870393,8627.23870368974,398.017930809804,21.823469812383,2.98979548141644,24.2325556316031,1269.84,269.284279155323,1045.8,1414.49701661749,12.2457108549519,0,3.24946478009367
"300",1979.20273972603,1249.86483682821,5299.58970655612,0,331.658310020315,691.336768870393,8627.23870368974,398.017930809804,21.823469812383,2.98979548141644,24.2325556316031,1269.84,269.284279155323,1045.8,1414.49701661749,12.2457108549519,0,3.24946478009367
"301",1979.20273972603,1249.86483682821,5299.58970655612,0,331.658310020315,691.336768870393,8627.23870368974,398.017930809804,21.823469812383,2.98979548141644,24.2325556316031,1269.84,269.284279155323,1045.8,1414.49701661749,12.2457108549519,0,3.24946478009367
"302",1979.20273972603,1249.86483682821,5299.58970655612,0,331.658310020315,691.336768870393,8627.23870368974,398.017930809804,21.823469812383,2.98979548141644,24.2325556316031,1269.84,269.284279155323,1045.8,1414.49701661749,12.2457108549519,0,3.24946478009367
"303",1979.20273972603,1249.86483682821,5299.58970655612,0,331.658310020315,691.336768870393,8627.23870368974,398.017930809804,21.823469812383,2.98979548141644,24.2325556316031,1269.84,269.284279155323,1045.8,1414.49701661749,12.2457108549519,0,3.24946478009367
"304",1979.20273972603,1249.86483682821,5299.58970655612,0,331.658310020315,691.336768870393,8627.23870368974,398.017930809804,21.823469812383,2.98979548141644,24.2325556316031,1269.84,269.284279155323,1045.8,1414.49701661749,12.2457108549519,0,3.24946478009367
"305",1980,1230.99664565245,5320.28851464443,0,317.588229266065,668.867918550031,8605.92174627435,340.159762814816,108.203472280756,15.2292593231231,125.876531362343,1269.84,281.52374299703,1045.8,1516.14099234823,18.1113950734556,0,4.67260890696275
"306",1980,1230.99664565245,5320.28851464443,0,317.588229266065,668.867918550031,8605.92174627435,340.159762814816,0,0,0,1269.84,281.52374299703,1045.8,1516.14099234823,18.1113950734556,0,4.67260890696275
"307",1980,1230.99664565245,5320.28851464443,0,317.588229266065,668.867918550031,8605.92174627435,340.159762814816,0,0,0,1269.84,281.52374299703,1045.8,1516.14099234823,18.1113950734556,0,4.67260890696275
"308",1980.16438356164,1226.48353898397,5324.14182477879,0,314.507916907609,670.295695088742,8600.6445865565,331.976174584042,15.10828991576,3.74010889257212,12.0329714099089,1269.84,285.263851889602,1045.8,1528.17396375814,18.0835995016986,0,4.63718837529792
"309",1980.16438356164,1226.48353898397,5324.14182477879,0,314.507916907609,670.295695088742,8600.6445865565,331.976174584042,15.10828991576,3.74010889257212,12.0329714099089,1269.84,285.263851889602,1045.8,1528.17396375814,18.0835995016986,0,4.63718837529792
"310",1980.16438356164,1226.48353898397,5324.14182477879,0,314.507916907609,670.295695088742,8600.6445865565,331.976174584042,15.10828991576,3.74010889257212,12.0329714099089,1269.84,285.263851889602,1045.8,1528.17396375814,18.0835995016986,0,4.63718837529792
"311",1980.16438356164,1226.48353898397,5324.14182477879,0,314.507916907609,670.295695088742,8600.6445865565,331.976174584042,15.10828991576,3.74010889257212,12.0329714099089,1269.84,285.263851889602,1045.8,1528.17396375814,18.0835995016986,0,4.63718837529792
"312",1980.16438356164,1226.48353898397,5324.14182477879,0,314.507916907609,670.295695088742,8600.6445865565,331.976174584042,15.10828991576,3.74010889257212,12.0329714099089,1269.84,285.263851889602,1045.8,1528.17396375814,18.0835995016986,0,4.63718837529792
"313",1980.16438356164,1226.48353898397,5324.14182477879,0,314.507916907609,670.295695088742,8600.6445865565,331.976174584042,15.10828991576,3.74010889257212,12.0329714099089,1269.84,285.263851889602,1045.8,1528.17396375814,18.0835995016986,0,4.63718837529792
"314",1980.20273972603,1225.45022899357,5325.01859556237,0,313.793253839532,670.607946023079,8599.41415981182,330.093633250321,18.6335575627623,4.61131116745879,14.8336885539731,1269.84,286.135054164488,1045.8,1530.9746809022,18.0772366230186,0,4.62892312242074
"315",1980.20273972603,1257.13022899357,5332.93859556237,0,313.793253839532,670.607946023079,8599.41415981182,330.093633250321,18.6335575627623,4.61131116745879,14.8336885539731,1309.44,286.135054164488,1045.8,1530.9746809022,18.3792119066771,0,4.5876493733029
"316",1980.20273972603,1257.13022899357,5332.93859556237,0,313.793253839532,670.607946023079,8599.41415981182,330.093633250321,18.6335575627623,4.61131116745879,14.8336885539731,1309.44,286.135054164488,1045.8,1530.9746809022,18.3792119066771,0,4.5876493733029
"317",1980.20273972603,1257.13022899357,5332.93859556237,0,313.793253839532,670.607946023079,8599.41415981182,330.093633250321,18.6335575627623,4.61131116745879,14.8336885539731,1309.44,286.135054164488,1045.8,1530.9746809022,18.3792119066771,0,4.5876493733029
"318",1980.20273972603,1257.13022899357,5332.93859556237,0,313.793253839532,670.607946023079,8599.41415981182,330.093633250321,18.6335575627623,4.61131116745879,14.8336885539731,1309.44,286.135054164488,1045.8,1530.9746809022,18.3792119066771,0,4.5876493733029
"319",1980.20273972603,1257.13022899357,5332.93859556237,0,313.793253839532,670.607946023079,8599.41415981182,330.093633250321,18.6335575627623,4.61131116745879,14.8336885539731,1309.44,286.135054164488,1045.8,1530.9746809022,18.3792119066771,0,4.5876493733029
"320",1980.20273972603,1257.13022899357,5332.93859556237,0,313.793253839532,670.607946023079,8599.41415981182,330.093633250321,18.6335575627623,4.61131116745879,14.8336885539731,1309.44,286.135054164488,1045.8,1530.9746809022,18.3792119066771,0,4.5876493733029
"321",1981,1233.65012680261,5352.71563978013,0,299.312094924216,675.533112007736,8573.78874301685,293.178702845387,91.9087632593203,22.7955280559793,72.4488697692194,1309.44,304.319271053009,1045.8,1588.58986211745,15.8027755730079,0,3.83411938248115
"322",1981,1233.65012680261,5352.71563978013,0,299.312094924216,675.533112007736,8573.78874301685,293.178702845387,0,0,0,1309.44,304.319271053009,1045.8,1588.58986211745,15.8027755730079,0,3.83411938248115
"323",1981,1233.65012680261,5352.71563978013,0,299.312094924216,675.533112007736,8573.78874301685,293.178702845387,0,0,0,1309.44,304.319271053009,1045.8,1588.58986211745,15.8027755730079,0,3.83411938248115
"324",1981.16438356164,1229.62112387204,5356.33141876951,0,296.502068910426,676.415360972628,8568.47274496169,286.153665232636,10.9620307634671,3.22324995498181,11.4587867030201,1309.44,307.542521007991,1045.8,1600.04864882047,15.7754754331656,0,3.8039856449847
"325",1981.16438356164,1229.62112387204,5356.33141876951,0,296.502068910426,676.415360972628,8568.47274496169,286.153665232636,10.9620307634671,3.22324995498181,11.4587867030201,1309.44,307.542521007991,1045.8,1600.04864882047,15.7754754331656,0,3.8039856449847
"326",1981.16438356164,1229.62112387204,5356.33141876951,0,296.502068910426,676.415360972628,8568.47274496169,286.153665232636,10.9620307634671,3.22324995498181,11.4587867030201,1309.44,307.542521007991,1045.8,1600.04864882047,15.7754754331656,0,3.8039856449847
"327",1981.16438356164,1229.62112387204,5356.33141876951,0,296.502068910426,676.415360972628,8568.47274496169,286.153665232636,10.9620307634671,3.22324995498181,11.4587867030201,1309.44,307.542521007991,1045.8,1600.04864882047,15.7754754331656,0,3.8039856449847
"328",1981.16438356164,1229.62112387204,5356.33141876951,0,296.502068910426,676.415360972628,8568.47274496169,286.153665232636,10.9620307634671,3.22324995498181,11.4587867030201,1309.44,307.542521007991,1045.8,1600.04864882047,15.7754754331656,0,3.8039856449847
"329",1981.16438356164,1229.62112387204,5356.33141876951,0,296.502068910426,676.415360972628,8568.47274496169,286.153665232636,10.9620307634671,3.22324995498181,11.4587867030201,1309.44,307.542521007991,1045.8,1600.04864882047,15.7754754331656,0,3.8039856449847
"330",1981.20273972603,1228.69885164241,5357.15495756856,0,295.850063153705,676.606326471862,8567.23101869571,284.537875930278,13.5197279964006,3.97398914228907,14.1253367721226,1309.44,308.293260195298,1045.8,1602.71519888957,15.7692314715334,0,3.7969662952825
"331",1981.20273972603,1260.37885164241,5365.07495756856,0,295.850063153705,676.606326471862,8567.23101869571,284.537875930278,13.5197279964006,3.97398914228907,14.1253367721226,1349.04,308.293260195298,1045.8,1602.71519888957,16.0602060427202,0,3.76982917938418
"332",1981.20273972603,1260.37885164241,5365.07495756856,0,295.850063153705,676.606326471862,8567.23101869571,284.537875930278,13.5197279964006,3.97398914228907,14.1253367721226,1349.04,308.293260195298,1045.8,1602.71519888957,16.0602060427202,0,3.76982917938418
"333",1981.20273972603,1260.37885164241,5365.07495756856,0,295.850063153705,676.606326471862,8567.23101869571,284.537875930278,13.5197279964006,3.97398914228907,14.1253367721226,1349.04,308.293260195298,1045.8,1602.71519888957,16.0602060427202,0,3.76982917938418
"334",1981.20273972603,1260.37885164241,5365.07495756856,0,295.850063153705,676.606326471862,8567.23101869571,284.537875930278,13.5197279964006,3.97398914228907,14.1253367721226,1349.04,308.293260195298,1045.8,1602.71519888957,16.0602060427202,0,3.76982917938418
"335",1981.20273972603,1260.37885164241,5365.07495756856,0,295.850063153705,676.606326471862,8567.23101869571,284.537875930278,13.5197279964006,3.97398914228907,14.1253367721226,1349.04,308.293260195298,1045.8,1602.71519888957,16.0602060427202,0,3.76982917938418
"336",1981.20273972603,1260.37885164241,5365.07495756856,0,295.850063153705,676.606326471862,8567.23101869571,284.537875930278,13.5197279964006,3.97398914228907,14.1253367721226,1349.04,308.293260195298,1045.8,1602.71519888957,16.0602060427202,0,3.76982917938418
"337",1982,1239.06066025968,5383.92359664309,0,282.62632210563,679.460340329084,8541.22594356391,252.871097031776,66.6811799469815,19.6672824985585,68.9431769451952,1349.04,323.986553551568,1045.8,1657.53303906264,12.0906979760166,0,2.75785488979642
"338",1982,1239.06066025968,5383.92359664309,0,282.62632210563,679.460340329084,8541.22594356391,252.871097031776,0,0,0,1349.04,323.986553551568,1045.8,1657.53303906264,12.0906979760166,0,2.75785488979642
"339",1982,1239.06066025968,5383.92359664309,0,282.62632210563,679.460340329084,8541.22594356391,252.871097031776,0,0,0,1349.04,323.986553551568,1045.8,1657.53303906264,12.0906979760166,0,2.75785488979642
"340",1982.16438356164,1235.67157636937,5387.39083270651,0,280.114308281461,674.374688743179,8535.63373288733,244.732482872223,18.1862844416354,2.43386165106688,18.8164764220452,1349.04,326.420415202635,1045.8,1676.34951548469,12.0354307224914,0,2.72831099798023
"341",1982.16438356164,1235.67157636937,5396.26123270651,0,345.163908281461,674.374688743179,8535.63373288733,394.132482872223,18.1862844416354,2.43386165106688,18.8164764220452,1422.96,326.420415202635,1195.2,1676.34951548469,12.1632699841017,0,3.39760328349591
"342",1982.16438356164,1235.67157636937,5396.26123270651,0,345.163908281461,674.374688743179,8535.63373288733,394.132482872223,18.1862844416354,2.43386165106688,18.8164764220452,1422.96,326.420415202635,1195.2,1676.34951548469,12.1632699841017,0,3.39760328349591
"343",1982.16438356164,1235.67157636937,5396.26123270651,0,345.163908281461,674.374688743179,8535.63373288733,394.132482872223,18.1862844416354,2.43386165106688,18.8164764220452,1422.96,326.420415202635,1195.2,1676.34951548469,12.1632699841017,0,3.39760328349591
"344",1982.16438356164,1235.67157636937,5396.26123270651,0,345.163908281461,674.374688743179,8535.63373288733,394.132482872223,18.1862844416354,2.43386165106688,18.8164764220452,1422.96,326.420415202635,1195.2,1676.34951548469,12.1632699841017,0,3.39760328349591
"345",1982.16438356164,1235.67157636937,5396.26123270651,0,345.163908281461,674.374688743179,8535.63373288733,394.132482872223,18.1862844416354,2.43386165106688,18.8164764220452,1422.96,326.420415202635,1195.2,1676.34951548469,12.1632699841017,0,3.39760328349591
"346",1982.20273972603,1234.90323958322,5397.15250173834,0,344.444367754462,673.294463375454,8534.70876964744,391.167905516763,22.4774329187899,3.03046993238182,23.7862423851139,1422.96,327.01702348395,1195.2,1681.31928144776,12.1570851313178,0,3.39090494507666
"347",1982.20273972603,1266.58323958322,5405.07250173834,0,344.444367754462,673.294463375454,8534.70876964744,391.167905516763,22.4774329187899,3.03046993238182,23.7862423851139,1462.56,327.01702348395,1195.2,1681.31928144776,12.4385666619923,0,3.38263928951995
"348",1982.20273972603,1266.58323958322,5405.07250173834,0,344.444367754462,673.294463375454,8534.70876964744,391.167905516763,22.4774329187899,3.03046993238182,23.7862423851139,1462.56,327.01702348395,1195.2,1681.31928144776,12.4385666619923,0,3.38263928951995
"349",1982.20273972603,1266.58323958322,5405.07250173834,0,344.444367754462,673.294463375454,8534.70876964744,391.167905516763,22.4774329187899,3.03046993238182,23.7862423851139,1462.56,327.01702348395,1195.2,1681.31928144776,12.4385666619923,0,3.38263928951995
"350",1982.20273972603,1266.58323958322,5405.07250173834,0,344.444367754462,673.294463375454,8534.70876964744,391.167905516763,22.4774329187899,3.03046993238182,23.7862423851139,1462.56,327.01702348395,1195.2,1681.31928144776,12.4385666619923,0,3.38263928951995
"351",1982.20273972603,1266.58323958322,5405.07250173834,0,344.444367754462,673.294463375454,8534.70876964744,391.167905516763,22.4774329187899,3.03046993238182,23.7862423851139,1462.56,327.01702348395,1195.2,1681.31928144776,12.4385666619923,0,3.38263928951995
"352",1982.20273972603,1266.58323958322,5405.07250173834,0,344.444367754462,673.294463375454,8534.70876964744,391.167905516763,22.4774329187899,3.03046993238182,23.7862423851139,1462.56,327.01702348395,1195.2,1681.31928144776,12.4385666619923,0,3.38263928951995
"353",1983,1248.30951930809,5425.47882553506,0,329.829427848128,653.918949002179,8511.01599344156,334.061419438599,111.782368580787,15.5128063171209,123.961019042433,1462.56,339.499359868689,1195.2,1781.49405810508,18.4246821675056,0,4.86818556103001
"354",1983,1248.30951930809,5425.47882553506,0,329.829427848128,653.918949002179,8511.01599344156,334.061419438599,0,0,0,1462.56,339.499359868689,1195.2,1781.49405810508,18.4246821675056,0,4.86818556103001
"355",1983,1248.30951930809,5425.47882553506,0,329.829427848128,653.918949002179,8511.01599344156,334.061419438599,0,0,0,1462.56,339.499359868689,1195.2,1781.49405810508,18.4246821675056,0,4.86818556103001
"356",1983.16438356164,1243.88738253999,5429.27883175139,0,326.627889280415,655.691117094718,8505.35297931566,325.953284071151,15.496563262805,3.82366911948424,11.9989814008043,1462.56,343.323028988173,1195.2,1793.49303950588,18.3976171107006,0,4.83096374238219
"357",1983.16438356164,1243.88738253999,5429.27883175139,0,326.627889280415,655.691117094718,8505.35297931566,325.953284071151,15.496563262805,3.82366911948424,11.9989814008043,1462.56,343.323028988173,1195.2,1793.49303950588,18.3976171107006,0,4.83096374238219
"358",1983.16438356164,1243.88738253999,5429.27883175139,0,326.627889280415,655.691117094718,8505.35297931566,325.953284071151,15.496563262805,3.82366911948424,11.9989814008043,1462.56,343.323028988173,1195.2,1793.49303950588,18.3976171107006,0,4.83096374238219
"359",1983.16438356164,1243.88738253999,5429.27883175139,0,326.627889280415,655.691117094718,8505.35297931566,325.953284071151,15.496563262805,3.82366911948424,11.9989814008043,1462.56,343.323028988173,1195.2,1793.49303950588,18.3976171107006,0,4.83096374238219
"360",1983.16438356164,1243.88738253999,5429.27883175139,0,326.627889280415,655.691117094718,8505.35297931566,325.953284071151,15.496563262805,3.82366911948424,11.9989814008043,1462.56,343.323028988173,1195.2,1793.49303950588,18.3976171107006,0,4.83096374238219
"361",1983.16438356164,1243.88738253999,5429.27883175139,0,326.627889280415,655.691117094718,8505.35297931566,325.953284071151,15.496563262805,3.82366911948424,11.9989814008043,1462.56,343.323028988173,1195.2,1793.49303950588,18.3976171107006,0,4.83096374238219
"362",1983.20273972603,1242.87491253178,5430.14340661744,0,325.885109898023,656.080399998377,8504.03568803732,324.088497133533,19.1124127949054,4.71434364403639,14.7917767131084,1462.56,344.213703512726,1195.2,1796.28583481819,18.3914245491123,0,4.82228046437888
"363",1983.20273972603,1274.55491253179,5438.06340661744,0,325.885109898023,656.080399998377,8504.03568803732,324.088497133533,19.1124127949054,4.71434364403639,14.7917767131084,1502.16,344.213703512726,1195.2,1796.28583481819,18.6972754776271,0,4.7806207593807
"364",1983.20273972603,1274.55491253179,5438.06340661744,0,325.885109898023,656.080399998377,8504.03568803732,324.088497133533,19.1124127949054,4.71434364403639,14.7917767131084,1502.16,344.213703512726,1195.2,1796.28583481819,18.6972754776271,0,4.7806207593807
"365",1983.20273972603,1274.55491253179,5438.06340661744,0,325.885109898023,656.080399998377,8504.03568803732,324.088497133533,19.1124127949054,4.71434364403639,14.7917767131084,1502.16,344.213703512726,1195.2,1796.28583481819,18.6972754776271,0,4.7806207593807
"366",1983.20273972603,1274.55491253179,5438.06340661744,0,325.885109898023,656.080399998377,8504.03568803732,324.088497133533,19.1124127949054,4.71434364403639,14.7917767131084,1502.16,344.213703512726,1195.2,1796.28583481819,18.6972754776271,0,4.7806207593807
"367",1983.20273972603,1274.55491253179,5438.06340661744,0,325.885109898023,656.080399998377,8504.03568803732,324.088497133533,19.1124127949054,4.71434364403639,14.7917767131084,1502.16,344.213703512726,1195.2,1796.28583481819,18.6972754776271,0,4.7806207593807
"368",1983.20273972603,1274.55491253179,5438.06340661744,0,325.885109898023,656.080399998377,8504.03568803732,324.088497133533,19.1124127949054,4.71434364403639,14.7917767131084,1502.16,344.213703512726,1195.2,1796.28583481819,18.6972754776271,0,4.7806207593807
"369",1984,1251.47427884243,5457.60567807915,0,310.834092221078,662.358108366631,8476.84488774663,287.552081978147,94.2672029660328,23.3037235486221,72.2412837909198,1502.16,362.803083417311,1195.2,1853.735341896,16.0869301088511,0,3.9955805736845
"370",1984,1251.47427884243,5457.60567807915,0,310.834092221078,662.358108366631,8476.84488774663,287.552081978147,0,0,0,1502.16,362.803083417311,1195.2,1853.735341896,16.0869301088511,0,3.9955805736845
"371",1984,1251.47427884243,5457.60567807915,0,310.834092221078,662.358108366631,8476.84488774663,287.552081978147,0,0,0,1502.16,362.803083417311,1195.2,1853.735341896,16.0869301088511,0,3.9955805736845
"372",1984.16438356164,1247.52676156316,5461.17721291479,0,307.913650129117,663.481614243715,8471.25671953267,280.612488792745,11.2644998126677,3.29642453559317,11.4042555222837,1502.16,366.099507952905,1195.2,1865.13959741828,16.0601767157998,0,3.96396116431544
"373",1984.16438356164,1247.52676156316,5461.17721291479,0,307.913650129117,663.481614243715,8471.25671953267,280.612488792745,11.2644998126677,3.29642453559317,11.4042555222837,1502.16,366.099507952905,1195.2,1865.13959741828,16.0601767157998,0,3.96396116431544
"374",1984.16438356164,1247.52676156316,5461.17721291479,0,307.913650129117,663.481614243715,8471.25671953267,280.612488792745,11.2644998126677,3.29642453559317,11.4042555222837,1502.16,366.099507952905,1195.2,1865.13959741828,16.0601767157998,0,3.96396116431544
"375",1984.16438356164,1247.52676156316,5461.17721291479,0,307.913650129117,663.481614243715,8471.25671953267,280.612488792745,11.2644998126677,3.29642453559317,11.4042555222837,1502.16,366.099507952905,1195.2,1865.13959741828,16.0601767157998,0,3.96396116431544
"376",1984.16438356164,1247.52676156316,5461.17721291479,0,307.913650129117,663.481614243715,8471.25671953267,280.612488792745,11.2644998126677,3.29642453559317,11.4042555222837,1502.16,366.099507952905,1195.2,1865.13959741828,16.0601767157998,0,3.96396116431544
"377",1984.16438356164,1247.52676156316,5461.17721291479,0,307.913650129117,663.481614243715,8471.25671953267,280.612488792745,11.2644998126677,3.29642453559317,11.4042555222837,1502.16,366.099507952905,1195.2,1865.13959741828,16.0601767157998,0,3.96396116431544
"378",1984.20273972603,1246.62316430284,5461.99063742974,0,307.236031756097,663.726544662355,8469.95376979583,279.016612280484,13.8927460037277,4.06421565398294,14.0581513527381,1502.16,366.867299071294,1195.2,1867.79349324874,16.0540598347922,0,3.95659713252231
"379",1984.20273972603,1278.30316430284,5469.91063742974,0,307.236031756097,663.726544662355,8469.95376979583,279.016612280484,13.8927460037277,4.06421565398294,14.0581513527381,1541.76,366.867299071294,1195.2,1867.79349324874,16.3484716852309,0,3.92930230176394
"380",1984.20273972603,1278.30316430284,5469.91063742974,0,307.236031756097,663.726544662355,8469.95376979583,279.016612280484,13.8927460037277,4.06421565398294,14.0581513527381,1541.76,366.867299071294,1195.2,1867.79349324874,16.3484716852309,0,3.92930230176394
"381",1984.20273972603,1278.30316430284,5469.91063742974,0,307.236031756097,663.726544662355,8469.95376979583,279.016612280484,13.8927460037277,4.06421565398294,14.0581513527381,1541.76,366.867299071294,1195.2,1867.79349324874,16.3484716852309,0,3.92930230176394
"382",1984.20273972603,1278.30316430284,5469.91063742974,0,307.236031756097,663.726544662355,8469.95376979583,279.016612280484,13.8927460037277,4.06421565398294,14.0581513527381,1541.76,366.867299071294,1195.2,1867.79349324874,16.3484716852309,0,3.92930230176394
"383",1984.20273972603,1278.30316430284,5469.91063742974,0,307.236031756097,663.726544662355,8469.95376979583,279.016612280484,13.8927460037277,4.06421565398294,14.0581513527381,1541.76,366.867299071294,1195.2,1867.79349324874,16.3484716852309,0,3.92930230176394
"384",1984.20273972603,1278.30316430284,5469.91063742974,0,307.236031756097,663.726544662355,8469.95376979583,279.016612280484,13.8927460037277,4.06421565398294,14.0581513527381,1541.76,366.867299071294,1195.2,1867.79349324874,16.3484716852309,0,3.92930230176394
"385",1985,1257.34368850898,5488.56510448571,0,293.492793008323,667.528577635309,8442.84913014683,247.760317391135,68.5102042916296,20.1124631396475,68.6170529181425,1541.76,382.915546556959,1195.2,1922.35239481414,12.1841408745418,0,2.84405733162479
"386",1985,1257.34368850898,5488.56510448571,0,293.492793008323,667.528577635309,8442.84913014683,247.760317391135,0,0,0,1541.76,382.915546556959,1195.2,1922.35239481414,12.1841408745418,0,2.84405733162479
"387",1985,1257.34368850898,5488.56510448571,0,293.492793008323,667.528577635309,8442.84913014683,247.760317391135,0,0,0,1541.76,382.915546556959,1195.2,1922.35239481414,12.1841408745418,0,2.84405733162479
"388",1985.16438356164,1254.05451437261,5491.99639343476,0,290.887459717466,662.733257005238,8437.07049215372,239.759802626123,18.6681410750697,2.46321847817804,18.5744733881886,1541.76,385.378765035137,1195.2,1940.92686820233,12.1280821477068,0,2.81320067569483
"389",1985.16438356164,1254.05451437261,5500.86679343476,0,355.937059717466,662.733257005238,8437.07049215372,389.159802626123,18.6681410750697,2.46321847817804,18.5744733881886,1615.68,385.378765035137,1344.6,1940.92686820233,12.363582885142,0,3.50914357332564
"390",1985.16438356164,1254.05451437261,5500.86679343476,0,355.937059717466,662.733257005238,8437.07049215372,389.159802626123,18.6681410750697,2.46321847817804,18.5744733881886,1615.68,385.378765035137,1344.6,1940.92686820233,12.363582885142,0,3.50914357332564
"391",1985.16438356164,1254.05451437261,5500.86679343476,0,355.937059717466,662.733257005238,8437.07049215372,389.159802626123,18.6681410750697,2.46321847817804,18.5744733881886,1615.68,385.378765035137,1344.6,1940.92686820233,12.363582885142,0,3.50914357332564
"392",1985.16438356164,1254.05451437261,5500.86679343476,0,355.937059717466,662.733257005238,8437.07049215372,389.159802626123,18.6681410750697,2.46321847817804,18.5744733881886,1615.68,385.378765035137,1344.6,1940.92686820233,12.363582885142,0,3.50914357332564
"393",1985.16438356164,1254.05451437261,5500.86679343476,0,355.937059717466,662.733257005238,8437.07049215372,389.159802626123,18.6681410750697,2.46321847817804,18.5744733881886,1615.68,385.378765035137,1344.6,1940.92686820233,12.363582885142,0,3.50914357332564
"394",1985.20273972603,1253.30512568623,5501.74994894702,0,355.194886764188,661.713756560542,8436.10469252952,386.221032005602,23.0996186362658,3.07162460557968,23.4985440776079,1615.68,385.987171162539,1344.6,1945.85093889175,12.3509666435832,0,3.50034489485849
"395",1985.20273972603,1284.98512568623,5509.66994894702,0,355.194886764188,661.713756560542,8436.10469252952,386.221032005602,23.0996186362658,3.07162460557968,23.4985440776079,1655.28,385.987171162539,1344.6,1945.85093889175,12.6245662763199,0,3.48967571633927
"396",1985.20273972603,1284.98512568623,5509.66994894702,0,355.194886764188,661.713756560542,8436.10469252952,386.221032005602,23.0996186362658,3.07162460557968,23.4985440776079,1655.28,385.987171162539,1344.6,1945.85093889175,12.6245662763199,0,3.48967571633927
"397",1985.20273972603,1284.98512568623,5509.66994894702,0,355.194886764188,661.713756560542,8436.10469252952,386.221032005602,23.0996186362658,3.07162460557968,23.4985440776079,1655.28,385.987171162539,1344.6,1945.85093889175,12.6245662763199,0,3.48967571633927
"398",1985.20273972603,1284.98512568623,5509.66994894702,0,355.194886764188,661.713756560542,8436.10469252952,386.221032005602,23.0996186362658,3.07162460557968,23.4985440776079,1655.28,385.987171162539,1344.6,1945.85093889175,12.6245662763199,0,3.48967571633927
"399",1985.20273972603,1284.98512568623,5509.66994894702,0,355.194886764188,661.713756560542,8436.10469252952,386.221032005602,23.0996186362658,3.07162460557968,23.4985440776079,1655.28,385.987171162539,1344.6,1945.85093889175,12.6245662763199,0,3.48967571633927
"400",1985.20273972603,1284.98512568623,5509.66994894702,0,355.194886764188,661.713756560542,8436.10469252952,386.221032005602,23.0996186362658,3.07162460557968,23.4985440776079,1655.28,385.987171162539,1344.6,1945.85093889175,12.6245662763199,0,3.48967571633927
"401",1986,1267.12880428267,5529.9278359982,0,340.134668649525,643.429791925082,8411.75583069987,329.654947459689,115.111193285613,15.730277072629,122.697455088642,1655.28,398.645823629588,1344.6,2045.04984990278,18.760881714741,0,5.0359728735145
"402",1986,1267.12880428267,5529.9278359982,0,340.134668649525,643.429791925082,8411.75583069987,329.654947459689,0,0,0,1655.28,398.645823629588,1344.6,2045.04984990278,18.760881714741,0,5.0359728735145
"403",1986,1267.12880428267,5529.9278359982,0,340.134668649525,643.429791925082,8411.75583069987,329.654947459689,0,0,0,1655.28,398.645823629588,1344.6,2045.04984990278,18.760881714741,0,5.0359728735145
"404",1986.16438356164,1262.75283092206,5533.70150318399,0,336.830564674362,645.258494734007,8405.99371731736,321.595992131851,15.8827488892805,3.90641014997569,11.9923659014205,1655.28,402.552233779564,1344.6,2057.0422158042,18.7340907974843,0,4.9971888618691
"405",1986.16438356164,1262.75283092206,5533.70150318399,0,336.830564674362,645.258494734007,8405.99371731736,321.595992131851,15.8827488892805,3.90641014997569,11.9923659014205,1655.28,402.552233779564,1344.6,2057.0422158042,18.7340907974843,0,4.9971888618691
"406",1986.16438356164,1262.75283092206,5533.70150318399,0,336.830564674362,645.258494734007,8405.99371731736,321.595992131851,15.8827488892805,3.90641014997569,11.9923659014205,1655.28,402.552233779564,1344.6,2057.0422158042,18.7340907974843,0,4.9971888618691
"407",1986.16438356164,1262.75283092206,5533.70150318399,0,336.830564674362,645.258494734007,8405.99371731736,321.595992131851,15.8827488892805,3.90641014997569,11.9923659014205,1655.28,402.552233779564,1344.6,2057.0422158042,18.7340907974843,0,4.9971888618691
"408",1986.16438356164,1262.75283092206,5533.70150318399,0,336.830564674362,645.258494734007,8405.99371731736,321.595992131851,15.8827488892805,3.90641014997569,11.9923659014205,1655.28,402.552233779564,1344.6,2057.0422158042,18.7340907974843,0,4.9971888618691
"409",1986.16438356164,1262.75283092206,5533.70150318399,0,336.830564674362,645.258494734007,8405.99371731736,321.595992131851,15.8827488892805,3.90641014997569,11.9923659014205,1655.28,402.552233779564,1344.6,2057.0422158042,18.7340907974843,0,4.9971888618691
"410",1986.20273972603,1261.75094074634,5534.56000955909,0,336.063998049389,645.66046571273,8404.65391862605,319.742793099322,19.5886358621316,4.81636057557068,14.783392646546,1655.28,403.462184205159,1344.6,2059.83324254933,18.7279631621073,0,4.98814304180871
"411",1986.20273972603,1293.43094074634,5542.48000955909,0,336.063998049389,645.66046571273,8404.65391862605,319.742793099322,19.5886358621316,4.81636057557068,14.783392646546,1694.88,403.462184205159,1344.6,2059.83324254933,19.0373753147576,0,4.94636107665129
"412",1986.20273972603,1293.43094074634,5542.48000955909,0,336.063998049389,645.66046571273,8404.65391862605,319.742793099322,19.5886358621316,4.81636057557068,14.783392646546,1694.88,403.462184205159,1344.6,2059.83324254933,19.0373753147576,0,4.94636107665129
"413",1986.20273972603,1293.43094074634,5542.48000955909,0,336.063998049389,645.66046571273,8404.65391862605,319.742793099322,19.5886358621316,4.81636057557068,14.783392646546,1694.88,403.462184205159,1344.6,2059.83324254933,19.0373753147576,0,4.94636107665129
"414",1986.20273972603,1293.43094074634,5542.48000955909,0,336.063998049389,645.66046571273,8404.65391862605,319.742793099322,19.5886358621316,4.81636057557068,14.783392646546,1694.88,403.462184205159,1344.6,2059.83324254933,19.0373753147576,0,4.94636107665129
"415",1986.20273972603,1293.43094074634,5542.48000955909,0,336.063998049389,645.66046571273,8404.65391862605,319.742793099322,19.5886358621316,4.81636057557068,14.783392646546,1694.88,403.462184205159,1344.6,2059.83324254933,19.0373753147576,0,4.94636107665129
"416",1986.20273972603,1293.43094074634,5542.48000955909,0,336.063998049389,645.66046571273,8404.65391862605,319.742793099322,19.5886358621316,4.81636057557068,14.783392646546,1694.88,403.462184205159,1344.6,2059.83324254933,19.0373753147576,0,4.94636107665129
"417",1987,1270.5522155931,5561.90191006992,0,320.53080069008,652.165081377893,8377.04331568712,283.455008909647,96.6086276856743,23.8063825772863,72.1771641099815,1694.88,422.452206206875,1344.6,2117.22701401276,16.3874774566809,0,4.13417977318513
"418",1987,1270.5522155931,5561.90191006992,0,320.53080069008,652.165081377893,8377.04331568712,283.455008909647,0,0,0,1694.88,422.452206206875,1344.6,2117.22701401276,16.3874774566809,0,4.13417977318513
"419",1987,1270.5522155931,5561.90191006992,0,320.53080069008,652.165081377893,8377.04331568712,283.455008909647,0,0,0,1694.88,422.452206206875,1344.6,2117.22701401276,16.3874774566809,0,4.13417977318513
"420",1987.16438356164,1266.64945587078,5565.44995503743,0,317.516992934177,653.338982097933,8371.37933570018,276.572992049401,11.563929665305,3.36852251071553,11.3720961271524,1694.88,425.82072871759,1344.6,2128.59911013991,16.3609176852457,0,4.10126839828113
"421",1987.16438356164,1266.64945587078,5565.44995503743,0,317.516992934177,653.338982097933,8371.37933570018,276.572992049401,11.563929665305,3.36852251071553,11.3720961271524,1694.88,425.82072871759,1344.6,2128.59911013991,16.3609176852457,0,4.10126839828113
"422",1987.16438356164,1266.64945587078,5565.44995503743,0,317.516992934177,653.338982097933,8371.37933570018,276.572992049401,11.563929665305,3.36852251071553,11.3720961271524,1694.88,425.82072871759,1344.6,2128.59911013991,16.3609176852457,0,4.10126839828113
"423",1987.16438356164,1266.64945587078,5565.44995503743,0,317.516992934177,653.338982097933,8371.37933570018,276.572992049401,11.563929665305,3.36852251071553,11.3720961271524,1694.88,425.82072871759,1344.6,2128.59911013991,16.3609176852457,0,4.10126839828113
"424",1987.16438356164,1266.64945587078,5565.44995503743,0,317.516992934177,653.338982097933,8371.37933570018,276.572992049401,11.563929665305,3.36852251071553,11.3720961271524,1694.88,425.82072871759,1344.6,2128.59911013991,16.3609176852457,0,4.10126839828113
"425",1987.16438356164,1266.64945587078,5565.44995503743,0,317.516992934177,653.338982097933,8371.37933570018,276.572992049401,11.563929665305,3.36852251071553,11.3720961271524,1694.88,425.82072871759,1344.6,2128.59911013991,16.3609176852457,0,4.10126839828113
"426",1987.20273972603,1265.75611919907,5566.25797866399,0,316.817717874977,653.595234340899,8370.05925964947,274.990550238786,14.2620004131688,4.15311061506725,14.0183617455094,1694.88,426.605316821942,1344.6,2131.24537575827,16.354846490704,0,4.09360465478856
"427",1987.20273972603,1297.43611919907,5574.17797866399,0,316.817717874977,653.595234340899,8370.05925964947,274.990550238786,14.2620004131688,4.15311061506725,14.0183617455094,1734.48,426.605316821942,1344.6,2131.24537575827,16.6524532833004,0,4.06632139198632
"428",1987.20273972603,1297.43611919907,5574.17797866399,0,316.817717874977,653.595234340899,8370.05925964947,274.990550238786,14.2620004131688,4.15311061506725,14.0183617455094,1734.48,426.605316821942,1344.6,2131.24537575827,16.6524532833004,0,4.06632139198632
"429",1987.20273972603,1297.43611919907,5574.17797866399,0,316.817717874977,653.595234340899,8370.05925964947,274.990550238786,14.2620004131688,4.15311061506725,14.0183617455094,1734.48,426.605316821942,1344.6,2131.24537575827,16.6524532833004,0,4.06632139198632
"430",1987.20273972603,1297.43611919907,5574.17797866399,0,316.817717874977,653.595234340899,8370.05925964947,274.990550238786,14.2620004131688,4.15311061506725,14.0183617455094,1734.48,426.605316821942,1344.6,2131.24537575827,16.6524532833004,0,4.06632139198632
"431",1987.20273972603,1297.43611919907,5574.17797866399,0,316.817717874977,653.595234340899,8370.05925964947,274.990550238786,14.2620004131688,4.15311061506725,14.0183617455094,1734.48,426.605316821942,1344.6,2131.24537575827,16.6524532833004,0,4.06632139198632
"432",1987.20273972603,1297.43611919907,5574.17797866399,0,316.817717874977,653.595234340899,8370.05925964947,274.990550238786,14.2620004131688,4.15311061506725,14.0183617455094,1734.48,426.605316821942,1344.6,2131.24537575827,16.6524532833004,0,4.06632139198632
"433",1988,1276.67285790816,5592.72624448353,0,302.635131788311,657.600427927104,8342.64256580545,244.012465522632,70.3271054376591,20.5506921731032,68.4079467194679,1734.48,443.002898379978,1344.6,2185.63496073223,12.2886321910156,0,2.9130186324472
"434",1988,1276.67285790816,5592.72624448353,0,302.635131788311,657.600427927104,8342.64256580545,244.012465522632,0,0,0,1734.48,443.002898379978,1344.6,2185.63496073223,12.2886321910156,0,2.9130186324472
"435",1988,1276.67285790816,5592.72624448353,0,302.635131788311,657.600427927104,8342.64256580545,244.012465522632,0,0,0,1734.48,443.002898379978,1344.6,2185.63496073223,12.2886321910156,0,2.9130186324472
"436",1988.16438356164,1273.45346777259,5596.13736230229,0,299.951875199986,652.953985644971,8336.81257854798,236.11205992528,19.1409454782277,2.49152890513396,18.3768351369594,1734.48,445.494427285112,1344.6,2204.01179586919,12.2313002335739,0,2.8809858656333
"437",1988.16438356164,1273.45346777259,5605.00776230229,0,365.001475199986,652.953985644971,8336.81257854798,385.51205992528,19.1409454782277,2.49152890513396,18.3768351369594,1808.4,445.494427285112,1494,2204.01179586919,12.4952411882999,0,3.58142765490004
"438",1988.16438356164,1273.45346777259,5605.00776230229,0,365.001475199986,652.953985644971,8336.81257854798,385.51205992528,19.1409454782277,2.49152890513396,18.3768351369594,1808.4,445.494427285112,1494,2204.01179586919,12.4952411882999,0,3.58142765490004
"439",1988.16438356164,1273.45346777259,5605.00776230229,0,365.001475199986,652.953985644971,8336.81257854798,385.51205992528,19.1409454782277,2.49152890513396,18.3768351369594,1808.4,445.494427285112,1494,2204.01179586919,12.4952411882999,0,3.58142765490004
"440",1988.16438356164,1273.45346777259,5605.00776230229,0,365.001475199986,652.953985644971,8336.81257854798,385.51205992528,19.1409454782277,2.49152890513396,18.3768351369594,1808.4,445.494427285112,1494,2204.01179586919,12.4952411882999,0,3.58142765490004
"441",1988.16438356164,1273.45346777259,5605.00776230229,0,365.001475199986,652.953985644971,8336.81257854798,385.51205992528,19.1409454782277,2.49152890513396,18.3768351369594,1808.4,445.494427285112,1494,2204.01179586919,12.4952411882999,0,3.58142765490004
"442",1988.20273972603,1272.71904054613,5605.88639097125,0,364.241058151806,651.964080100542,8335.8361680816,382.591280716386,23.7118758487906,3.10774451082134,23.2639303566619,1808.4,446.110642890799,1494,2208.89889108889,12.4822633739308,0,3.57231460723583
"443",1988.20273972603,1304.39904054613,5613.80639097125,0,364.241058151806,651.964080100542,8335.8361680816,382.591280716386,23.7118758487906,3.10774451082134,23.2639303566619,1848,446.110642890799,1494,2208.89889108889,12.7514686334374,0,3.5607266516297
"444",1988.20273972603,1304.39904054613,5613.80639097125,0,364.241058151806,651.964080100542,8335.8361680816,382.591280716386,23.7118758487906,3.10774451082134,23.2639303566619,1848,446.110642890799,1494,2208.89889108889,12.7514686334374,0,3.5607266516297
"445",1988.20273972603,1304.39904054613,5613.80639097125,0,364.241058151806,651.964080100542,8335.8361680816,382.591280716386,23.7118758487906,3.10774451082134,23.2639303566619,1848,446.110642890799,1494,2208.89889108889,12.7514686334374,0,3.5607266516297
"446",1988.20273972603,1304.39904054613,5613.80639097125,0,364.241058151806,651.964080100542,8335.8361680816,382.591280716386,23.7118758487906,3.10774451082134,23.2639303566619,1848,446.110642890799,1494,2208.89889108889,12.7514686334374,0,3.5607266516297
"447",1988.20273972603,1304.39904054613,5613.80639097125,0,364.241058151806,651.964080100542,8335.8361680816,382.591280716386,23.7118758487906,3.10774451082134,23.2639303566619,1848,446.110642890799,1494,2208.89889108889,12.7514686334374,0,3.5607266516297
"448",1988.20273972603,1304.39904054613,5613.80639097125,0,364.241058151806,651.964080100542,8335.8361680816,382.591280716386,23.7118758487906,3.10774451082134,23.2639303566619,1848,446.110642890799,1494,2208.89889108889,12.7514686334374,0,3.5607266516297
"449",1989,1286.83985550597,5633.98357529269,0,348.811902293453,634.232374932818,8311.36364159084,326.407428702857,118.223200415047,15.918901087893,121.652014028681,1848,458.921799467871,1494,2307.28697476091,19.1126064751747,0,5.18067931597486
"450",1989,1286.83985550597,5633.98357529269,0,348.811902293453,634.232374932818,8311.36364159084,326.407428702857,0,0,0,1848,458.921799467871,1494,2307.28697476091,19.1126064751747,0,5.18067931597486
"451",1989,1286.83985550597,5633.98357529269,0,348.811902293453,634.232374932818,8311.36364159084,326.407428702857,0,0,0,1848,458.921799467871,1494,2307.28697476091,19.1126064751747,0,5.18067931597486
"452",1989.16438356164,1282.48344565625,5637.74310787607,0,345.420879778145,636.041928160985,8305.59317878764,318.377084284822,16.2660642193243,3.98789978164483,11.9912539930713,1848,462.909699249516,1494,2319.27822875398,19.0857892224128,0,5.14051867631914
"453",1989.16438356164,1282.48344565625,5637.74310787607,0,345.420879778145,636.041928160985,8305.59317878764,318.377084284822,16.2660642193243,3.98789978164483,11.9912539930713,1848,462.909699249516,1494,2319.27822875398,19.0857892224128,0,5.14051867631914
"454",1989.16438356164,1282.48344565625,5637.74310787607,0,345.420879778145,636.041928160985,8305.59317878764,318.377084284822,16.2660642193243,3.98789978164483,11.9912539930713,1848,462.909699249516,1494,2319.27822875398,19.0857892224128,0,5.14051867631914
"455",1989.16438356164,1282.48344565625,5637.74310787607,0,345.420879778145,636.041928160985,8305.59317878764,318.377084284822,16.2660642193243,3.98789978164483,11.9912539930713,1848,462.909699249516,1494,2319.27822875398,19.0857892224128,0,5.14051867631914
"456",1989.16438356164,1282.48344565625,5637.74310787607,0,345.420879778145,636.041928160985,8305.59317878764,318.377084284822,16.2660642193243,3.98789978164483,11.9912539930713,1848,462.909699249516,1494,2319.27822875398,19.0857892224128,0,5.14051867631914
"457",1989.16438356164,1282.48344565625,5637.74310787607,0,345.420879778145,636.041928160985,8305.59317878764,318.377084284822,16.2660642193243,3.98789978164483,11.9912539930713,1848,462.909699249516,1494,2319.27822875398,19.0857892224128,0,5.14051867631914
"458",1989.20273972603,1281.48604096703,5638.59830467207,0,344.634156060999,636.439680178631,8304.25134080219,316.530694373377,20.061318460028,4.91683139200726,14.7817298723201,1848,463.838630859878,1494,2322.06870463323,19.0796571124092,0,5.13115345517648
"459",1989.20273972603,1313.16604096703,5646.51830467207,0,344.634156060999,636.439680178631,8304.25134080219,316.530694373377,20.061318460028,4.91683139200726,14.7817298723201,1887.6,463.838630859878,1494,2322.06870463323,19.3924543735523,0,5.08945703626251
"460",1989.20273972603,1313.16604096703,5646.51830467207,0,344.634156060999,636.439680178631,8304.25134080219,316.530694373377,20.061318460028,4.91683139200726,14.7817298723201,1887.6,463.838630859878,1494,2322.06870463323,19.3924543735523,0,5.08945703626251
"461",1989.20273972603,1313.16604096703,5646.51830467207,0,344.634156060999,636.439680178631,8304.25134080219,316.530694373377,20.061318460028,4.91683139200726,14.7817298723201,1887.6,463.838630859878,1494,2322.06870463323,19.3924543735523,0,5.08945703626251
"462",1989.20273972603,1313.16604096703,5646.51830467207,0,344.634156060999,636.439680178631,8304.25134080219,316.530694373377,20.061318460028,4.91683139200726,14.7817298723201,1887.6,463.838630859878,1494,2322.06870463323,19.3924543735523,0,5.08945703626251
"463",1989.20273972603,1313.16604096703,5646.51830467207,0,344.634156060999,636.439680178631,8304.25134080219,316.530694373377,20.061318460028,4.91683139200726,14.7817298723201,1887.6,463.838630859878,1494,2322.06870463323,19.3924543735523,0,5.08945703626251
"464",1989.20273972603,1313.16604096703,5646.51830467207,0,344.634156060999,636.439680178631,8304.25134080219,316.530694373377,20.061318460028,4.91683139200726,14.7817298723201,1887.6,463.838630859878,1494,2322.06870463323,19.3924543735523,0,5.08945703626251
"465",1990,1290.37161376772,5665.87020994272,0,328.692322158964,642.876198397084,8276.59295133508,280.394224494916,98.9324854149808,24.3011872226957,72.1400709994428,1887.6,483.222986690567,1494,2379.42704576035,16.6987546974813,0,4.25362151500802
"466",1990,1290.37161376772,5665.87020994272,0,328.692322158964,642.876198397084,8276.59295133508,280.394224494916,0,0,0,1887.6,483.222986690567,1494,2379.42704576035,16.6987546974813,0,4.25362151500802
"467",1990,1290.37161376772,5665.87020994272,0,328.692322158964,642.876198397084,8276.59295133508,280.394224494916,0,0,0,1887.6,483.222986690567,1494,2379.42704576035,16.6987546974813,0,4.25362151500802
"468",1990.16438356164,1286.49184091824,5669.40359732295,0,325.599478190983,644.049809548771,8270.91871189533,273.549907465971,11.8615983235542,3.43922943723985,11.3449453170045,1887.6,486.662216127806,1494,2390.77199107736,16.6721637531923,0,4.21957422946379
"469",1990.16438356164,1286.49184091824,5669.40359732295,0,325.599478190983,644.049809548771,8270.91871189533,273.549907465971,11.8615983235542,3.43922943723985,11.3449453170045,1887.6,486.662216127806,1494,2390.77199107736,16.6721637531923,0,4.21957422946379
"470",1990.16438356164,1286.49184091824,5669.40359732295,0,325.599478190983,644.049809548771,8270.91871189533,273.549907465971,11.8615983235542,3.43922943723985,11.3449453170045,1887.6,486.662216127806,1494,2390.77199107736,16.6721637531923,0,4.21957422946379
"471",1990.16438356164,1286.49184091824,5669.40359732295,0,325.599478190983,644.049809548771,8270.91871189533,273.549907465971,11.8615983235542,3.43922943723985,11.3449453170045,1887.6,486.662216127806,1494,2390.77199107736,16.6721637531923,0,4.21957422946379
"472",1990.16438356164,1286.49184091824,5669.40359732295,0,325.599478190983,644.049809548771,8270.91871189533,273.549907465971,11.8615983235542,3.43922943723985,11.3449453170045,1887.6,486.662216127806,1494,2390.77199107736,16.6721637531923,0,4.21957422946379
"473",1990.16438356164,1286.49184091824,5669.40359732295,0,325.599478190983,644.049809548771,8270.91871189533,273.549907465971,11.8615983235542,3.43922943723985,11.3449453170045,1887.6,486.662216127806,1494,2390.77199107736,16.6721637531923,0,4.21957422946379
"474",1990.20273972603,1285.60377484644,5670.20821144677,0,324.881871232375,644.30606591299,8269.59631582858,271.976299176195,14.6290805390348,4.24028834382818,13.9846933093138,1887.6,487.463275034395,1494,2393.41173906967,16.6660864042107,0,4.21164704324796
"475",1990.20273972603,1317.28377484644,5678.12821144677,0,324.881871232375,644.30606591299,8269.59631582858,271.976299176195,14.6290805390348,4.24028834382818,13.9846933093138,1927.2,487.463275034395,1494,2393.41173906967,16.9667286837904,0,4.18450653438317
"476",1990.20273972603,1317.28377484644,5678.12821144677,0,324.881871232375,644.30606591299,8269.59631582858,271.976299176195,14.6290805390348,4.24028834382818,13.9846933093138,1927.2,487.463275034395,1494,2393.41173906967,16.9667286837904,0,4.18450653438317
"477",1990.20273972603,1317.28377484644,5678.12821144677,0,324.881871232375,644.30606591299,8269.59631582858,271.976299176195,14.6290805390348,4.24028834382818,13.9846933093138,1927.2,487.463275034395,1494,2393.41173906967,16.9667286837904,0,4.18450653438317
"478",1990.20273972603,1317.28377484644,5678.12821144677,0,324.881871232375,644.30606591299,8269.59631582858,271.976299176195,14.6290805390348,4.24028834382818,13.9846933093138,1927.2,487.463275034395,1494,2393.41173906967,16.9667286837904,0,4.18450653438317
"479",1990.20273972603,1317.28377484644,5678.12821144677,0,324.881871232375,644.30606591299,8269.59631582858,271.976299176195,14.6290805390348,4.24028834382818,13.9846933093138,1927.2,487.463275034395,1494,2393.41173906967,16.9667286837904,0,4.18450653438317
"480",1990.20273972603,1317.28377484644,5678.12821144677,0,324.881871232375,644.30606591299,8269.59631582858,271.976299176195,14.6290805390348,4.24028834382818,13.9846933093138,1927.2,487.463275034395,1494,2393.41173906967,16.9667286837904,0,4.18450653438317
"481",1991,1296.62036896458,5696.60612479152,0,310.327373156165,648.317080372756,8242.13838707813,241.184032804756,72.1330931676664,20.9802789571442,68.2238739714424,1927.2,504.203265647711,1494,2447.6509197318,12.3971739739921,0,2.96708468106292
"482",1991,1296.62036896458,5696.60612479152,0,310.327373156165,648.317080372756,8242.13838707813,241.184032804756,0,0,0,1927.2,504.203265647711,1494,2447.6509197318,12.3971739739921,0,2.96708468106292
"483",1991,1296.62036896458,5696.60612479152,0,310.327373156165,648.317080372756,8242.13838707813,241.184032804756,0,0,0,1927.2,504.203265647711,1494,2447.6509197318,12.3971739739921,0,2.96708468106292
"484",1991.16438356164,1293.4533627627,5700.00325234543,0,307.579205212155,643.780779155452,8236.30497759958,233.357822556796,19.6004870081715,2.51804659197983,18.1959209438101,1927.2,506.721312239691,1494,2465.84684067561,12.3383105991101,0,2.93401206181041
"485",1991.16438356164,1293.4533627627,5708.87365234543,0,372.628805212155,643.780779155452,8236.30497759958,382.757822556796,19.6004870081715,2.51804659197983,18.1959209438101,2001.12,506.721312239691,1643.4,2465.84684067561,12.6308883769026,0,3.63881140221427
"486",1991.16438356164,1293.4533627627,5708.87365234543,0,372.628805212155,643.780779155452,8236.30497759958,382.757822556796,19.6004870081715,2.51804659197983,18.1959209438101,2001.12,506.721312239691,1643.4,2465.84684067561,12.6308883769026,0,3.63881140221427
"487",1991.16438356164,1293.4533627627,5708.87365234543,0,372.628805212155,643.780779155452,8236.30497759958,382.757822556796,19.6004870081715,2.51804659197983,18.1959209438101,2001.12,506.721312239691,1643.4,2465.84684067561,12.6308883769026,0,3.63881140221427
"488",1991.16438356164,1293.4533627627,5708.87365234543,0,372.628805212155,643.780779155452,8236.30497759958,382.757822556796,19.6004870081715,2.51804659197983,18.1959209438101,2001.12,506.721312239691,1643.4,2465.84684067561,12.6308883769026,0,3.63881140221427
"489",1991.16438356164,1293.4533627627,5708.87365234543,0,372.628805212155,643.780779155452,8236.30497759958,382.757822556796,19.6004870081715,2.51804659197983,18.1959209438101,2001.12,506.721312239691,1643.4,2465.84684067561,12.6308883769026,0,3.63881140221427
"490",1991.20273972603,1292.72990230324,5709.74914314334,0,371.853168678704,642.812017920752,8235.32875017641,379.849683965555,24.2946432568812,3.14165278698207,23.0490481929152,2001.12,507.344918434693,1643.4,2470.69996792471,12.6174966410407,0,3.62941717245379
"491",1991.20273972603,1324.40990230324,5717.66914314334,0,371.853168678704,642.812017920752,8235.32875017641,379.849683965555,24.2946432568812,3.14165278698207,23.0490481929152,2040.72,507.344918434693,1643.4,2470.69996792471,12.8824442916317,0,3.61699027003598
"492",1991.20273972603,1324.40990230324,5717.66914314334,0,371.853168678704,642.812017920752,8235.32875017641,379.849683965555,24.2946432568812,3.14165278698207,23.0490481929152,2040.72,507.344918434693,1643.4,2470.69996792471,12.8824442916317,0,3.61699027003598
"493",1991.20273972603,1324.40990230324,5717.66914314334,0,371.853168678704,642.812017920752,8235.32875017641,379.849683965555,24.2946432568812,3.14165278698207,23.0490481929152,2040.72,507.344918434693,1643.4,2470.69996792471,12.8824442916317,0,3.61699027003598
"494",1991.20273972603,1324.40990230324,5717.66914314334,0,371.853168678704,642.812017920752,8235.32875017641,379.849683965555,24.2946432568812,3.14165278698207,23.0490481929152,2040.72,507.344918434693,1643.4,2470.69996792471,12.8824442916317,0,3.61699027003598
"495",1991.20273972603,1324.40990230324,5717.66914314334,0,371.853168678704,642.812017920752,8235.32875017641,379.849683965555,24.2946432568812,3.14165278698207,23.0490481929152,2040.72,507.344918434693,1643.4,2470.69996792471,12.8824442916317,0,3.61699027003598
"496",1991.20273972603,1324.40990230324,5717.66914314334,0,371.853168678704,642.812017920752,8235.32875017641,379.849683965555,24.2946432568812,3.14165278698207,23.0490481929152,2040.72,507.344918434693,1643.4,2470.69996792471,12.8824442916317,0,3.61699027003598
"497",1992,1307.07049362325,5737.79035205438,0,356.11643718251,625.483860316126,8210.92827364126,323.940192295841,121.238426520834,16.0965840521252,120.687174002398,2040.72,520.299849699836,1643.4,2568.3380937342,19.4749736296927,0,5.3060322737486
"498",1992,1307.07049362325,5737.79035205438,0,356.11643718251,625.483860316126,8210.92827364126,323.940192295841,0,0,0,2040.72,520.299849699836,1643.4,2568.3380937342,19.4749736296927,0,5.3060322737486
"499",1992,1307.07049362325,5737.79035205438,0,356.11643718251,625.483860316126,8210.92827364126,323.940192295841,0,0,0,2040.72,520.299849699836,1643.4,2568.3380937342,19.4749736296927,0,5.3060322737486
"500",1992.16438356164,1302.71777551516,5741.53988197319,0,352.6516722075,627.255240514627,8205.18390978397,315.9244321823,16.6466707495528,4.06795316428812,11.9887437723399,2040.72,524.367802864124,1643.4,2580.32683750653,19.4479285180699,0,5.26464337999621
"501",1992.16438356164,1302.71777551516,5741.53988197319,0,352.6516722075,627.255240514627,8205.18390978397,315.9244321823,16.6466707495528,4.06795316428812,11.9887437723399,2040.72,524.367802864124,1643.4,2580.32683750653,19.4479285180699,0,5.26464337999621
"502",1992.16438356164,1302.71777551516,5741.53988197319,0,352.6516722075,627.255240514627,8205.18390978397,315.9244321823,16.6466707495528,4.06795316428812,11.9887437723399,2040.72,524.367802864124,1643.4,2580.32683750653,19.4479285180699,0,5.26464337999621
"503",1992.16438356164,1302.71777551516,5741.53988197319,0,352.6516722075,627.255240514627,8205.18390978397,315.9244321823,16.6466707495528,4.06795316428812,11.9887437723399,2040.72,524.367802864124,1643.4,2580.32683750653,19.4479285180699,0,5.26464337999621
"504",1992.16438356164,1302.71777551516,5741.53988197319,0,352.6516722075,627.255240514627,8205.18390978397,315.9244321823,16.6466707495528,4.06795316428812,11.9887437723399,2040.72,524.367802864124,1643.4,2580.32683750653,19.4479285180699,0,5.26464337999621
"505",1992.16438356164,1302.71777551516,5741.53988197319,0,352.6516722075,627.255240514627,8205.18390978397,315.9244321823,16.6466707495528,4.06795316428812,11.9887437723399,2040.72,524.367802864124,1643.4,2580.32683750653,19.4479285180699,0,5.26464337999621
"506",1992.20273972603,1301.72121817682,5742.39268661462,0,351.847848501764,627.644529068688,8203.84786878228,314.081601140107,20.530657074173,5.01552956693831,14.7783272621587,2040.72,525.315379266774,1643.4,2583.11642099635,19.4417453760351,0,5.25499330129831
"507",1992.20273972603,1333.40121817682,5750.31268661462,0,351.847848501764,627.644529068688,8203.84786878228,314.081601140107,20.530657074173,5.01552956693831,14.7783272621587,2080.32,525.315379266774,1643.4,2583.11642099635,19.7578228001406,0,5.21354514195944
"508",1992.20273972603,1333.40121817682,5750.31268661462,0,351.847848501764,627.644529068688,8203.84786878228,314.081601140107,20.530657074173,5.01552956693831,14.7783272621587,2080.32,525.315379266774,1643.4,2583.11642099635,19.7578228001406,0,5.21354514195944
"509",1992.20273972603,1333.40121817682,5750.31268661462,0,351.847848501764,627.644529068688,8203.84786878228,314.081601140107,20.530657074173,5.01552956693831,14.7783272621587,2080.32,525.315379266774,1643.4,2583.11642099635,19.7578228001406,0,5.21354514195944
"510",1992.20273972603,1333.40121817682,5750.31268661462,0,351.847848501764,627.644529068688,8203.84786878228,314.081601140107,20.530657074173,5.01552956693831,14.7783272621587,2080.32,525.315379266774,1643.4,2583.11642099635,19.7578228001406,0,5.21354514195944
"511",1992.20273972603,1333.40121817682,5750.31268661462,0,351.847848501764,627.644529068688,8203.84786878228,314.081601140107,20.530657074173,5.01552956693831,14.7783272621587,2080.32,525.315379266774,1643.4,2583.11642099635,19.7578228001406,0,5.21354514195944
"512",1992.20273972603,1333.40121817682,5750.31268661462,0,351.847848501764,627.644529068688,8203.84786878228,314.081601140107,20.530657074173,5.01552956693831,14.7783272621587,2080.32,525.315379266774,1643.4,2583.11642099635,19.7578228001406,0,5.21354514195944
"513",1993,1310.62070706071,5769.61005856585,0,335.559332882381,633.939328051207,8176.28912964748,278.030796592296,101.239540777007,24.7871843512039,72.0930719622537,2080.32,545.08703405104,1643.4,2640.43116569645,17.017055446335,0,4.35689116037304
"514",1993,1310.62070706071,5769.61005856585,0,335.559332882381,633.939328051207,8176.28912964748,278.030796592296,0,0,0,2080.32,545.08703405104,1643.4,2640.43116569645,17.017055446335,0,4.35689116037304
"515",1993,1310.62070706071,5769.61005856585,0,335.559332882381,633.939328051207,8176.28912964748,278.030796592296,0,0,0,2080.32,545.08703405104,1643.4,2640.43116569645,17.017055446335,0,4.35689116037304
"516",1993.16438356164,1306.75095965904,5773.13116884781,0,332.399538880962,635.099378700217,8170.63175100309,271.210909308529,12.1574517698313,3.50843112113372,11.3172152791511,2080.32,548.595465172174,1643.4,2651.7483809756,16.9902884934188,0,4.32183655112104
"517",1993.16438356164,1306.75095965904,5773.13116884781,0,332.399538880962,635.099378700217,8170.63175100309,271.210909308529,12.1574517698313,3.50843112113372,11.3172152791511,2080.32,548.595465172174,1643.4,2651.7483809756,16.9902884934188,0,4.32183655112104
"518",1993.16438356164,1306.75095965904,5773.13116884781,0,332.399538880962,635.099378700217,8170.63175100309,271.210909308529,12.1574517698313,3.50843112113372,11.3172152791511,2080.32,548.595465172174,1643.4,2651.7483809756,16.9902884934188,0,4.32183655112104
"519",1993.16438356164,1306.75095965904,5773.13116884781,0,332.399538880962,635.099378700217,8170.63175100309,271.210909308529,12.1574517698313,3.50843112113372,11.3172152791511,2080.32,548.595465172174,1643.4,2651.7483809756,16.9902884934188,0,4.32183655112104
"520",1993.16438356164,1306.75095965904,5773.13116884781,0,332.399538880962,635.099378700217,8170.63175100309,271.210909308529,12.1574517698313,3.50843112113372,11.3172152791511,2080.32,548.595465172174,1643.4,2651.7483809756,16.9902884934188,0,4.32183655112104
"521",1993.16438356164,1306.75095965904,5773.13116884781,0,332.399538880962,635.099378700217,8170.63175100309,271.210909308529,12.1574517698313,3.50843112113372,11.3172152791511,2080.32,548.595465172174,1643.4,2651.7483809756,16.9902884934188,0,4.32183655112104
"522",1993.20273972603,1305.86519133918,5773.93289355046,0,331.666404384631,635.352679504403,8169.31321279026,269.643065414507,14.9939194335564,4.3256092346651,13.9502965818183,2080.32,549.412643285705,1643.4,2654.38146227827,16.9841715605387,0,4.31367582986017
"523",1993.20273972603,1337.54519133918,5781.85289355046,0,331.666404384631,635.352679504403,8169.31321279026,269.643065414507,14.9939194335564,4.3256092346651,13.9502965818183,2119.92,549.412643285705,1643.4,2654.38146227827,17.2877339397766,0,4.28677893867874
"524",1993.20273972603,1337.54519133918,5781.85289355046,0,331.666404384631,635.352679504403,8169.31321279026,269.643065414507,14.9939194335564,4.3256092346651,13.9502965818183,2119.92,549.412643285705,1643.4,2654.38146227827,17.2877339397766,0,4.28677893867874
"525",1993.20273972603,1337.54519133918,5781.85289355046,0,331.666404384631,635.352679504403,8169.31321279026,269.643065414507,14.9939194335564,4.3256092346651,13.9502965818183,2119.92,549.412643285705,1643.4,2654.38146227827,17.2877339397766,0,4.28677893867874
"526",1993.20273972603,1337.54519133918,5781.85289355046,0,331.666404384631,635.352679504403,8169.31321279026,269.643065414507,14.9939194335564,4.3256092346651,13.9502965818183,2119.92,549.412643285705,1643.4,2654.38146227827,17.2877339397766,0,4.28677893867874
"527",1993.20273972603,1337.54519133918,5781.85289355046,0,331.666404384631,635.352679504403,8169.31321279026,269.643065414507,14.9939194335564,4.3256092346651,13.9502965818183,2119.92,549.412643285705,1643.4,2654.38146227827,17.2877339397766,0,4.28677893867874
"528",1993.20273972603,1337.54519133918,5781.85289355046,0,331.666404384631,635.352679504403,8169.31321279026,269.643065414507,14.9939194335564,4.3256092346651,13.9502965818183,2119.92,549.412643285705,1643.4,2654.38146227827,17.2877339397766,0,4.28677893867874
"529",1994,1316.92408546717,5800.26846059769,0,316.796885882279,639.318148503035,8141.93098285557,238.975162954331,73.9277837245092,21.4006665618034,68.0349599780487,2119.92,566.487700612843,1643.4,2708.4661256745,12.5062257390281,0,3.00847513686367
"530",1994,1316.92408546717,5800.26846059769,0,316.796885882279,639.318148503035,8141.93098285557,238.975162954331,0,0,0,2119.92,566.487700612843,1643.4,2708.4661256745,12.5062257390281,0,3.00847513686367
"531",1994,1316.92408546717,5800.26846059769,0,316.796885882279,639.318148503035,8141.93098285557,238.975162954331,0,0,0,2119.92,566.487700612843,1643.4,2708.4661256745,12.5062257390281,0,3.00847513686367
"532",1994.16438356164,1313.79942911206,5803.65264465986,0,313.994796688029,634.880531079643,8136.11572045959,231.205923315736,20.0449663453149,2.5425614871851,18.0221194579646,2119.92,569.030262100028,1643.4,2726.48824513246,12.4456725955748,0,2.97448480315936
"533",1994.16438356164,1313.79942911206,5812.52304465986,0,379.044396688029,634.880531079643,8136.11572045959,380.605923315736,20.0449663453149,2.5425614871851,18.0221194579646,2193.84,569.030262100028,1792.8,2726.48824513246,12.7674479832682,0,3.68353761679928
"534",1994.16438356164,1313.79942911206,5812.52304465986,0,379.044396688029,634.880531079643,8136.11572045959,380.605923315736,20.0449663453149,2.5425614871851,18.0221194579646,2193.84,569.030262100028,1792.8,2726.48824513246,12.7674479832682,0,3.68353761679928
"535",1994.16438356164,1313.79942911206,5812.52304465986,0,379.044396688029,634.880531079643,8136.11572045959,380.605923315736,20.0449663453149,2.5425614871851,18.0221194579646,2193.84,569.030262100028,1792.8,2726.48824513246,12.7674479832682,0,3.68353761679928
"536",1994.16438356164,1313.79942911206,5812.52304465986,0,379.044396688029,634.880531079643,8136.11572045959,380.605923315736,20.0449663453149,2.5425614871851,18.0221194579646,2193.84,569.030262100028,1792.8,2726.48824513246,12.7674479832682,0,3.68353761679928
"537",1994.16438356164,1313.79942911206,5812.52304465986,0,379.044396688029,634.880531079643,8136.11572045959,380.605923315736,20.0449663453149,2.5425614871851,18.0221194579646,2193.84,569.030262100028,1792.8,2726.48824513246,12.7674479832682,0,3.68353761679928
"538",1994.20273972603,1313.08461297887,5813.39561672621,0,378.256094565543,633.930480641805,8135.14457188784,377.706920544371,24.8561855761144,3.17310767652007,22.8423212389183,2193.84,569.660808289363,1792.8,2731.30844691341,12.7536082184742,0,3.67389122426394
"539",1994.20273972603,1344.76461297887,5821.31561672621,0,378.256094565543,633.930480641805,8135.14457188784,377.706920544371,24.8561855761144,3.17310767652007,22.8423212389183,2233.44,569.660808289363,1792.8,2731.30844691341,13.0143705280402,0,3.6606889574977
"540",1994.20273972603,1344.76461297887,5821.31561672621,0,378.256094565543,633.930480641805,8135.14457188784,377.706920544371,24.8561855761144,3.17310767652007,22.8423212389183,2233.44,569.660808289363,1792.8,2731.30844691341,13.0143705280402,0,3.6606889574977
"541",1994.20273972603,1344.76461297887,5821.31561672621,0,378.256094565543,633.930480641805,8135.14457188784,377.706920544371,24.8561855761144,3.17310767652007,22.8423212389183,2233.44,569.660808289363,1792.8,2731.30844691341,13.0143705280402,0,3.6606889574977
"542",1994.20273972603,1344.76461297887,5821.31561672621,0,378.256094565543,633.930480641805,8135.14457188784,377.706920544371,24.8561855761144,3.17310767652007,22.8423212389183,2233.44,569.660808289363,1792.8,2731.30844691341,13.0143705280402,0,3.6606889574977
"543",1994.20273972603,1344.76461297887,5821.31561672621,0,378.256094565543,633.930480641805,8135.14457188784,377.706920544371,24.8561855761144,3.17310767652007,22.8423212389183,2233.44,569.660808289363,1792.8,2731.30844691341,13.0143705280402,0,3.6606889574977
"544",1994.20273972603,1344.76461297887,5821.31561672621,0,378.256094565543,633.930480641805,8135.14457188784,377.706920544371,24.8561855761144,3.17310767652007,22.8423212389183,2233.44,569.660808289363,1792.8,2731.30844691341,13.0143705280402,0,3.6606889574977
"545",1995,1327.59987235216,5841.38348199071,0,362.26359285426,616.961183241109,8110.90778915317,322.000881721064,124.169824203971,16.2624847500042,119.754440197593,2233.44,582.750185362847,1792.8,2828.22056587209,19.8447365368112,0,5.41505442022553
"546",1995,1327.59987235216,5841.38348199071,0,362.26359285426,616.961183241109,8110.90778915317,322.000881721064,0,0,0,2233.44,582.750185362847,1792.8,2828.22056587209,19.8447365368112,0,5.41505442022553
"547",1995,1327.59987235216,5841.38348199071,0,362.26359285426,616.961183241109,8110.90778915317,322.000881721064,0,0,0,2233.44,582.750185362847,1792.8,2828.22056587209,19.8447365368112,0,5.41505442022553
"548",1995.16438356164,1323.24112919943,5845.12308441122,0,358.736197256661,618.690352500175,8105.2062896887,313.990607352792,17.0246081848679,4.14653632981189,11.9826045736789,2233.44,586.896721692659,1792.8,2840.20317044577,19.8173241771992,0,5.37255936069038
"549",1995.16438356164,1323.24112919943,5845.12308441122,0,358.736197256661,618.690352500175,8105.2062896887,313.990607352792,17.0246081848679,4.14653632981189,11.9826045736789,2233.44,586.896721692659,1792.8,2840.20317044577,19.8173241771992,0,5.37255936069038
"550",1995.16438356164,1323.24112919943,5845.12308441122,0,358.736197256661,618.690352500175,8105.2062896887,313.990607352792,17.0246081848679,4.14653632981189,11.9826045736789,2233.44,586.896721692659,1792.8,2840.20317044577,19.8173241771992,0,5.37255936069038
"551",1995.16438356164,1323.24112919943,5845.12308441122,0,358.736197256661,618.690352500175,8105.2062896887,313.990607352792,17.0246081848679,4.14653632981189,11.9826045736789,2233.44,586.896721692659,1792.8,2840.20317044577,19.8173241771992,0,5.37255936069038
"552",1995.16438356164,1323.24112919943,5845.12308441122,0,358.736197256661,618.690352500175,8105.2062896887,313.990607352792,17.0246081848679,4.14653632981189,11.9826045736789,2233.44,586.896721692659,1792.8,2840.20317044577,19.8173241771992,0,5.37255936069038
"553",1995.16438356164,1323.24112919943,5845.12308441122,0,358.736197256661,618.690352500175,8105.2062896887,313.990607352792,17.0246081848679,4.14653632981189,11.9826045736789,2233.44,586.896721692659,1792.8,2840.20317044577,19.8173241771992,0,5.37255936069038
"554",1995.20273972603,1322.24318989435,5845.97349147004,0,357.917851758236,619.070282536912,8103.87989599797,312.1492262275,20.9966997013574,5.1124140745059,14.7704493529667,2233.44,587.862599437353,1792.8,2842.99101522505,19.8110577799015,0,5.36265287341522
"555",1995.20273972603,1353.92318989435,5853.89349147004,0,357.917851758236,619.070282536912,8103.87989599797,312.1492262275,20.9966997013574,5.1124140745059,14.7704493529667,2273.04,587.862599437353,1792.8,2842.99101522505,20.1303431279344,0,5.32157896495495
"556",1995.20273972603,1353.92318989435,5853.89349147004,0,357.917851758236,619.070282536912,8103.87989599797,312.1492262275,20.9966997013574,5.1124140745059,14.7704493529667,2273.04,587.862599437353,1792.8,2842.99101522505,20.1303431279344,0,5.32157896495495
"557",1995.20273972603,1353.92318989435,5853.89349147004,0,357.917851758236,619.070282536912,8103.87989599797,312.1492262275,20.9966997013574,5.1124140745059,14.7704493529667,2273.04,587.862599437353,1792.8,2842.99101522505,20.1303431279344,0,5.32157896495495
"558",1995.20273972603,1353.92318989435,5853.89349147004,0,357.917851758236,619.070282536912,8103.87989599797,312.1492262275,20.9966997013574,5.1124140745059,14.7704493529667,2273.04,587.862599437353,1792.8,2842.99101522505,20.1303431279344,0,5.32157896495495
"559",1995.20273972603,1353.92318989435,5853.89349147004,0,357.917851758236,619.070282536912,8103.87989599797,312.1492262275,20.9966997013574,5.1124140745059,14.7704493529667,2273.04,587.862599437353,1792.8,2842.99101522505,20.1303431279344,0,5.32157896495495
"560",1995.20273972603,1353.92318989435,5853.89349147004,0,357.917851758236,619.070282536912,8103.87989599797,312.1492262275,20.9966997013574,5.1124140745059,14.7704493529667,2273.04,587.862599437353,1792.8,2842.99101522505,20.1303431279344,0,5.32157896495495
"561",1996,1331.1134334823,5873.1343364127,0,341.334938673276,625.208106845592,8076.49607768361,276.141560206434,103.529911501476,25.2642386288562,72.0241093797138,2273.04,608.014423991704,1792.8,2900.2446752518,17.3399501251718,0,4.44645111655834
"562",1996,1331.1134334823,5873.1343364127,0,341.334938673276,625.208106845592,8076.49607768361,276.141560206434,0,0,0,2273.04,608.014423991704,1792.8,2900.2446752518,17.3399501251718,0,4.44645111655834
"563",1996,1331.1134334823,5873.1343364127,0,341.334938673276,625.208106845592,8076.49607768361,276.141560206434,0,0,0,2273.04,608.014423991704,1792.8,2900.2446752518,17.3399501251718,0,4.44645111655834
"564",1996.16438356164,1327.24579275583,5876.64238367338,0,338.118396823926,626.351273799448,8070.87002541163,269.337434066826,12.4514500385927,3.5761353151377,11.28701145773,2273.04,611.590559306841,1792.8,2911.53168670953,17.3129113468268,0,4.41049718213026
"565",1996.16438356164,1327.24579275583,5876.64238367338,0,338.118396823926,626.351273799448,8070.87002541163,269.337434066826,12.4514500385927,3.5761353151377,11.28701145773,2273.04,611.590559306841,1792.8,2911.53168670953,17.3129113468268,0,4.41049718213026
"566",1996.16438356164,1327.24579275583,5876.64238367338,0,338.118396823926,626.351273799448,8070.87002541163,269.337434066826,12.4514500385927,3.5761353151377,11.28701145773,2273.04,611.590559306841,1792.8,2911.53168670953,17.3129113468268,0,4.41049718213026
"567",1996.16438356164,1327.24579275583,5876.64238367338,0,338.118396823926,626.351273799448,8070.87002541163,269.337434066826,12.4514500385927,3.5761353151377,11.28701145773,2273.04,611.590559306841,1792.8,2911.53168670953,17.3129113468268,0,4.41049718213026
"568",1996.16438356164,1327.24579275583,5876.64238367338,0,338.118396823926,626.351273799448,8070.87002541163,269.337434066826,12.4514500385927,3.5761353151377,11.28701145773,2273.04,611.590559306841,1792.8,2911.53168670953,17.3129113468268,0,4.41049718213026
"569",1996.16438356164,1327.24579275583,5876.64238367338,0,338.118396823926,626.351273799448,8070.87002541163,269.337434066826,12.4514500385927,3.5761353151377,11.28701145773,2273.04,611.590559306841,1792.8,2911.53168670953,17.3129113468268,0,4.41049718213026
"570",1996.20273972603,1326.36050438909,5877.44101864209,0,337.372102022399,626.600880443921,8069.5586673108,267.773348789944,15.3564676144838,4.40908351469961,13.9128481909705,2273.04,612.423507506403,1792.8,2914.15752344277,17.30673269038,0,4.40212805460654
"571",1996.20273972603,1358.04050438909,5885.36101864209,0,337.372102022399,626.600880443921,8069.5586673108,267.773348789944,15.3564676144838,4.40908351469961,13.9128481909705,2312.64,612.423507506403,1792.8,2914.15752344277,17.6131215997825,0,4.37555127265357
"572",1996.20273972603,1358.04050438909,5885.36101864209,0,337.372102022399,626.600880443921,8069.5586673108,267.773348789944,15.3564676144838,4.40908351469961,13.9128481909705,2312.64,612.423507506403,1792.8,2914.15752344277,17.6131215997825,0,4.37555127265357
"573",1996.20273972603,1358.04050438909,5885.36101864209,0,337.372102022399,626.600880443921,8069.5586673108,267.773348789944,15.3564676144838,4.40908351469961,13.9128481909705,2312.64,612.423507506403,1792.8,2914.15752344277,17.6131215997825,0,4.37555127265357
"574",1996.20273972603,1358.04050438909,5885.36101864209,0,337.372102022399,626.600880443921,8069.5586673108,267.773348789944,15.3564676144838,4.40908351469961,13.9128481909705,2312.64,612.423507506403,1792.8,2914.15752344277,17.6131215997825,0,4.37555127265357
"575",1996.20273972603,1358.04050438909,5885.36101864209,0,337.372102022399,626.600880443921,8069.5586673108,267.773348789944,15.3564676144838,4.40908351469961,13.9128481909705,2312.64,612.423507506403,1792.8,2914.15752344277,17.6131215997825,0,4.37555127265357
"576",1996.20273972603,1358.04050438909,5885.36101864209,0,337.372102022399,626.600880443921,8069.5586673108,267.773348789944,15.3564676144838,4.40908351469961,13.9128481909705,2312.64,612.423507506403,1792.8,2914.15752344277,17.6131215997825,0,4.37555127265357
"577",1997,1337.4263925087,5903.70875106513,0,322.235593139256,630.508171632971,8042.31704665888,237.189572449821,75.7108764168752,21.811971855196,67.8309539939646,2312.64,629.826395846899,1792.8,2968.07562924576,12.6138335812708,0,3.0391400742409
"578",1997,1337.4263925087,5903.70875106513,0,322.235593139256,630.508171632971,8042.31704665888,237.189572449821,0,0,0,2312.64,629.826395846899,1792.8,2968.07562924576,12.6138335812708,0,3.0391400742409
"579",1997,1337.4263925087,5903.70875106513,0,322.235593139256,630.508171632971,8042.31704665888,237.189572449821,0,0,0,2312.64,629.826395846899,1792.8,2968.07562924576,12.6138335812708,0,3.0391400742409
"580",1997.16438356164,1334.33822367899,5907.07858363868,0,319.388854035252,626.164945881877,8036.53233432475,229.46586061586,20.4734051358486,2.56507536016292,17.8516499191783,2312.64,632.391471207062,1792.8,2985.92727916494,12.5514781502448,0,3.00433739490898
"581",1997.16438356164,1334.33822367899,5915.94898363868,0,384.438454035252,626.164945881877,8036.53233432475,378.86586061586,20.4734051358486,2.56507536016292,17.8516499191783,2386.56,632.391471207062,1942.2,2985.92727916494,12.9031817323969,0,3.71755762467908
"582",1997.16438356164,1334.33822367899,5915.94898363868,0,384.438454035252,626.164945881877,8036.53233432475,378.86586061586,20.4734051358486,2.56507536016292,17.8516499191783,2386.56,632.391471207062,1942.2,2985.92727916494,12.9031817323969,0,3.71755762467908
"583",1997.16438356164,1334.33822367899,5915.94898363868,0,384.438454035252,626.164945881877,8036.53233432475,378.86586061586,20.4734051358486,2.56507536016292,17.8516499191783,2386.56,632.391471207062,1942.2,2985.92727916494,12.9031817323969,0,3.71755762467908
"584",1997.16438356164,1334.33822367899,5915.94898363868,0,384.438454035252,626.164945881877,8036.53233432475,378.86586061586,20.4734051358486,2.56507536016292,17.8516499191783,2386.56,632.391471207062,1942.2,2985.92727916494,12.9031817323969,0,3.71755762467908
"585",1997.16438356164,1334.33822367899,5915.94898363868,0,384.438454035252,626.164945881877,8036.53233432475,378.86586061586,20.4734051358486,2.56507536016292,17.8516499191783,2386.56,632.391471207062,1942.2,2985.92727916494,12.9031817323969,0,3.71755762467908
"586",1997.20273972603,1333.63067850063,5916.8182983069,0,383.639640692974,625.232747013488,8035.56909564993,375.973726771277,25.3986715080547,3.2021192125835,22.6392213069711,2386.56,633.028515059483,1942.2,2990.71485055274,12.8888688067519,0,3.70768390205327
"587",1997.20273972603,1365.31067850063,5924.7382983069,0,383.639640692974,625.232747013488,8035.56909564993,375.973726771277,25.3986715080547,3.2021192125835,22.6392213069711,2426.16,633.028515059483,1942.2,2990.71485055274,13.1454880079641,0,3.6937602375215
"588",1997.20273972603,1365.31067850063,5924.7382983069,0,383.639640692974,625.232747013488,8035.56909564993,375.973726771277,25.3986715080547,3.2021192125835,22.6392213069711,2426.16,633.028515059483,1942.2,2990.71485055274,13.1454880079641,0,3.6937602375215
"589",1997.20273972603,1365.31067850063,5924.7382983069,0,383.639640692974,625.232747013488,8035.56909564993,375.973726771277,25.3986715080547,3.2021192125835,22.6392213069711,2426.16,633.028515059483,1942.2,2990.71485055274,13.1454880079641,0,3.6937602375215
"590",1997.20273972603,1365.31067850063,5924.7382983069,0,383.639640692974,625.232747013488,8035.56909564993,375.973726771277,25.3986715080547,3.2021192125835,22.6392213069711,2426.16,633.028515059483,1942.2,2990.71485055274,13.1454880079641,0,3.6937602375215
"591",1997.20273972603,1365.31067850063,5924.7382983069,0,383.639640692974,625.232747013488,8035.56909564993,375.973726771277,25.3986715080547,3.2021192125835,22.6392213069711,2426.16,633.028515059483,1942.2,2990.71485055274,13.1454880079641,0,3.6937602375215
"592",1997.20273972603,1365.31067850063,5924.7382983069,0,383.639640692974,625.232747013488,8035.56909564993,375.973726771277,25.3986715080547,3.2021192125835,22.6392213069711,2426.16,633.028515059483,1942.2,2990.71485055274,13.1454880079641,0,3.6937602375215
"593",1998,1348.29393187717,5944.74488507393,0,367.435087339613,608.605520682148,8011.54984658693,320.425312128311,127.016205166353,16.4168324223715,118.834111344271,2426.16,646.24322826927,1942.2,3086.90974059004,20.219657631316,0,5.51023148001268
"594",1998,1348.29393187717,5944.74488507393,0,367.435087339613,608.605520682148,8011.54984658693,320.425312128311,0,0,0,2426.16,646.24322826927,1942.2,3086.90974059004,20.219657631316,0,5.51023148001268
"595",1998,1348.29393187717,5944.74488507393,0,367.435087339613,608.605520682148,8011.54984658693,320.425312128311,0,0,0,2426.16,646.24322826927,1942.2,3086.90974059004,20.219657631316,0,5.51023148001268
"596",1998.16438356164,1343.9230195664,5948.47275163016,0,363.854441598718,610.29233278453,8005.90143612175,312.414753541725,17.3998784700158,4.22369149543713,11.972156949382,2426.16,650.466919764708,1942.2,3098.88189753942,20.1917786799401,0,5.46673302675096
"597",1998.16438356164,1343.9230195664,5948.47275163016,0,363.854441598718,610.29233278453,8005.90143612175,312.414753541725,17.3998784700158,4.22369149543713,11.972156949382,2426.16,650.466919764708,1942.2,3098.88189753942,20.1917786799401,0,5.46673302675096
"598",1998.16438356164,1343.9230195664,5948.47275163016,0,363.854441598718,610.29233278453,8005.90143612175,312.414753541725,17.3998784700158,4.22369149543713,11.972156949382,2426.16,650.466919764708,1942.2,3098.88189753942,20.1917786799401,0,5.46673302675096
"599",1998.16438356164,1343.9230195664,5948.47275163016,0,363.854441598718,610.29233278453,8005.90143612175,312.414753541725,17.3998784700158,4.22369149543713,11.972156949382,2426.16,650.466919764708,1942.2,3098.88189753942,20.1917786799401,0,5.46673302675096
"600",1998.16438356164,1343.9230195664,5948.47275163016,0,363.854441598718,610.29233278453,8005.90143612175,312.414753541725,17.3998784700158,4.22369149543713,11.972156949382,2426.16,650.466919764708,1942.2,3098.88189753942,20.1917786799401,0,5.46673302675096
"601",1998.16438356164,1343.9230195664,5948.47275163016,0,363.854441598718,610.29233278453,8005.90143612175,312.414753541725,17.3998784700158,4.22369149543713,11.972156949382,2426.16,650.466919764708,1942.2,3098.88189753942,20.1917786799401,0,5.46673302675096
"602",1998.20273972603,1342.92228566714,5949.32033039622,0,363.023750691257,610.662882278188,8004.58705291293,310.573480957388,21.4594482048262,5.20753753608957,14.757263248882,2426.16,651.45076580536,1942.2,3101.66700383892,20.1854060293359,0,5.45659408902809
"603",1998.20273972603,1374.60228566714,5957.24033039622,0,363.023750691257,610.662882278188,8004.58705291293,310.573480957388,21.4594482048262,5.20753753608957,14.757263248882,2465.76,651.45076580536,1942.2,3101.66700383892,20.5078403935387,0,5.41599065843751
"604",1998.20273972603,1374.60228566714,5957.24033039622,0,363.023750691257,610.662882278188,8004.58705291293,310.573480957388,21.4594482048262,5.20753753608957,14.757263248882,2465.76,651.45076580536,1942.2,3101.66700383892,20.5078403935387,0,5.41599065843751
"605",1998.20273972603,1374.60228566714,5957.24033039622,0,363.023750691257,610.662882278188,8004.58705291293,310.573480957388,21.4594482048262,5.20753753608957,14.757263248882,2465.76,651.45076580536,1942.2,3101.66700383892,20.5078403935387,0,5.41599065843751
"606",1998.20273972603,1374.60228566714,5957.24033039622,0,363.023750691257,610.662882278188,8004.58705291293,310.573480957388,21.4594482048262,5.20753753608957,14.757263248882,2465.76,651.45076580536,1942.2,3101.66700383892,20.5078403935387,0,5.41599065843751
"607",1998.20273972603,1374.60228566714,5957.24033039622,0,363.023750691257,610.662882278188,8004.58705291293,310.573480957388,21.4594482048262,5.20753753608957,14.757263248882,2465.76,651.45076580536,1942.2,3101.66700383892,20.5078403935387,0,5.41599065843751
"608",1998.20273972603,1374.60228566714,5957.24033039622,0,363.023750691257,610.662882278188,8004.58705291293,310.573480957388,21.4594482048262,5.20753753608957,14.757263248882,2465.76,651.45076580536,1942.2,3101.66700383892,20.5078403935387,0,5.41599065843751
"609",1999,1351.73579319032,5976.41489171384,0,346.190567885077,616.64371432179,7977.42571765146,274.581659594564,105.803560808559,25.7326515014809,71.9295878295778,2465.76,671.975879770751,1942.2,3158.83932841961,17.6657890251458,0,4.52435273635761
"610",1999,1351.73579319032,5976.41489171384,0,346.190567885077,616.64371432179,7977.42571765146,274.581659594564,0,0,0,2465.76,671.975879770751,1942.2,3158.83932841961,17.6657890251458,0,4.52435273635761
"611",1999,1351.73579319032,5976.41489171384,0,346.190567885077,616.64371432179,7977.42571765146,274.581659594564,0,0,0,2465.76,671.975879770751,1942.2,3158.83932841961,17.6657890251458,0,4.52435273635761
"612",1999.16438356164,1347.86526725408,5979.90768165719,0,342.925894820522,617.769291909303,7971.84042922905,267.787659677492,12.7435587694685,3.64240905743999,11.2537107519662,2465.76,675.618288828191,1942.2,3170.09303917158,17.6384134078337,0,4.4875914885901
"613",1999.16438356164,1347.86526725408,5979.90768165719,0,342.925894820522,617.769291909303,7971.84042922905,267.787659677492,12.7435587694685,3.64240905743999,11.2537107519662,2465.76,675.618288828191,1942.2,3170.09303917158,17.6384134078337,0,4.4875914885901
"614",1999.16438356164,1347.86526725408,5979.90768165719,0,342.925894820522,617.769291909303,7971.84042922905,267.787659677492,12.7435587694685,3.64240905743999,11.2537107519662,2465.76,675.618288828191,1942.2,3170.09303917158,17.6384134078337,0,4.4875914885901
"615",1999.16438356164,1347.86526725408,5979.90768165719,0,342.925894820522,617.769291909303,7971.84042922905,267.787659677492,12.7435587694685,3.64240905743999,11.2537107519662,2465.76,675.618288828191,1942.2,3170.09303917158,17.6384134078337,0,4.4875914885901
"616",1999.16438356164,1347.86526725408,5979.90768165719,0,342.925894820522,617.769291909303,7971.84042922905,267.787659677492,12.7435587694685,3.64240905743999,11.2537107519662,2465.76,675.618288828191,1942.2,3170.09303917158,17.6384134078337,0,4.4875914885901
"617",1999.16438356164,1347.86526725408,5979.90768165719,0,342.925894820522,617.769291909303,7971.84042922905,267.787659677492,12.7435587694685,3.64240905743999,11.2537107519662,2465.76,675.618288828191,1942.2,3170.09303917158,17.6384134078337,0,4.4875914885901
"618",1999.20273972603,1346.97931061971,5980.70270894714,0,342.168438961932,618.015052005398,7970.53842899375,266.226026357413,15.716682527425,4.49079426046095,13.8715842112534,2465.76,676.466674031212,1942.2,3172.71091263087,17.6321579745261,0,4.4790353661023
"619",1999.20273972603,1378.65931061971,5988.62270894714,0,342.168438961932,618.015052005398,7970.53842899375,266.226026357413,15.716682527425,4.49079426046095,13.8715842112534,2505.36,676.466674031212,1942.2,3172.71091263087,17.9412904875514,0,4.45283567288902
"620",1999.20273972603,1378.65931061971,5988.62270894714,0,342.168438961932,618.015052005398,7970.53842899375,266.226026357413,15.716682527425,4.49079426046095,13.8715842112534,2505.36,676.466674031212,1942.2,3172.71091263087,17.9412904875514,0,4.45283567288902
"621",1999.20273972603,1378.65931061971,5988.62270894714,0,342.168438961932,618.015052005398,7970.53842899375,266.226026357413,15.716682527425,4.49079426046095,13.8715842112534,2505.36,676.466674031212,1942.2,3172.71091263087,17.9412904875514,0,4.45283567288902
"622",1999.20273972603,1378.65931061971,5988.62270894714,0,342.168438961932,618.015052005398,7970.53842899375,266.226026357413,15.716682527425,4.49079426046095,13.8715842112534,2505.36,676.466674031212,1942.2,3172.71091263087,17.9412904875514,0,4.45283567288902
"623",1999.20273972603,1378.65931061971,5988.62270894714,0,342.168438961932,618.015052005398,7970.53842899375,266.226026357413,15.716682527425,4.49079426046095,13.8715842112534,2505.36,676.466674031212,1942.2,3172.71091263087,17.9412904875514,0,4.45283567288902
"624",1999.20273972603,1378.65931061971,5988.62270894714,0,342.168438961932,618.015052005398,7970.53842899375,266.226026357413,15.716682527425,4.49079426046095,13.8715842112534,2505.36,676.466674031212,1942.2,3172.71091263087,17.9412904875514,0,4.45283567288902
"625",2000,1358.02981544975,6006.89130403235,0,326.805508529226,621.861669196202,7943.48084503915,235.700010141667,77.4822020503284,22.2146247779019,67.6085671907937,2505.36,694.190504548653,1942.2,3226.44789561041,12.7188172655336,0,3.06074247933683
"626",2000,1358.02981544975,6006.89130403235,0,326.805508529226,621.861669196202,7943.48084503915,235.700010141667,0,0,0,2505.36,694.190504548653,1942.2,3226.44789561041,12.7188172655336,0,3.06074247933683
"627",2000,1358.02981544975,6006.89130403235,0,326.805508529226,621.861669196202,7943.48084503915,235.700010141667,0,0,0,2505.36,694.190504548653,1942.2,3226.44789561041,12.7188172655336,0,3.06074247933683
"628",2000.16438356164,1354.97467098898,6010.2443516051,0,323.921937320076,617.610381805437,7937.7351517209,228.014129947486,20.8851331099509,2.58566809718175,17.6828609031957,2505.36,696.776172645835,1942.2,3244.1307565136,12.6545691566923,0,3.02521710918386
"629",2000.16438356164,1354.97467098898,6019.1147516051,0,388.971537320076,617.610381805437,7937.7351517209,377.414129947486,20.8851331099509,2.58566809718175,17.6828609031957,2579.28,696.776172645835,2091.6,3244.1307565136,13.0370344005368,0,3.74253144464334
"630",2000.16438356164,1354.97467098898,6019.1147516051,0,388.971537320076,617.610381805437,7937.7351517209,377.414129947486,20.8851331099509,2.58566809718175,17.6828609031957,2579.28,696.776172645835,2091.6,3244.1307565136,13.0370344005368,0,3.74253144464334
"631",2000.16438356164,1354.97467098898,6019.1147516051,0,388.971537320076,617.610381805437,7937.7351517209,377.414129947486,20.8851331099509,2.58566809718175,17.6828609031957,2579.28,696.776172645835,2091.6,3244.1307565136,13.0370344005368,0,3.74253144464334
"632",2000.16438356164,1354.97467098898,6019.1147516051,0,388.971537320076,617.610381805437,7937.7351517209,377.414129947486,20.8851331099509,2.58566809718175,17.6828609031957,2579.28,696.776172645835,2091.6,3244.1307565136,13.0370344005368,0,3.74253144464334
"633",2000.16438356164,1354.97467098898,6019.1147516051,0,388.971537320076,617.610381805437,7937.7351517209,377.414129947486,20.8851331099509,2.58566809718175,17.6828609031957,2579.28,696.776172645835,2091.6,3244.1307565136,13.0370344005368,0,3.74253144464334
"634",2000.20273972603,1354.27356939492,6019.98023874154,0,388.164029381857,616.69557346396,7936.78176020804,374.527397230863,25.9213275251764,3.22879049301689,22.4377934741534,2579.28,697.41929504167,2091.6,3248.88568908456,13.0222276726298,0,3.73245146266448
"635",2000.20273972603,1385.95356939492,6027.90023874154,0,388.164029381857,616.69557346396,7936.78176020804,374.527397230863,25.9213275251764,3.22879049301689,22.4377934741534,2618.88,697.41929504167,2091.6,3248.88568908456,13.2747284481789,0,3.71785332292531
"636",2000.20273972603,1385.95356939492,6027.90023874154,0,388.164029381857,616.69557346396,7936.78176020804,374.527397230863,25.9213275251764,3.22879049301689,22.4377934741534,2618.88,697.41929504167,2091.6,3248.88568908456,13.2747284481789,0,3.71785332292531
"637",2000.20273972603,1385.95356939492,6027.90023874154,0,388.164029381857,616.69557346396,7936.78176020804,374.527397230863,25.9213275251764,3.22879049301689,22.4377934741534,2618.88,697.41929504167,2091.6,3248.88568908456,13.2747284481789,0,3.71785332292531
"638",2000.20273972603,1385.95356939492,6027.90023874154,0,388.164029381857,616.69557346396,7936.78176020804,374.527397230863,25.9213275251764,3.22879049301689,22.4377934741534,2618.88,697.41929504167,2091.6,3248.88568908456,13.2747284481789,0,3.71785332292531
"639",2000.20273972603,1385.95356939492,6027.90023874154,0,388.164029381857,616.69557346396,7936.78176020804,374.527397230863,25.9213275251764,3.22879049301689,22.4377934741534,2618.88,697.41929504167,2091.6,3248.88568908456,13.2747284481789,0,3.71785332292531
"640",2000.20273972603,1385.95356939492,6027.90023874154,0,388.164029381857,616.69557346396,7936.78176020804,374.527397230863,25.9213275251764,3.22879049301689,22.4377934741534,2618.88,697.41929504167,2091.6,3248.88568908456,13.2747284481789,0,3.71785332292531
"641",2001,1369.06866425192,6047.83350549458,0,371.784277807013,600.400504415262,7913.01734959133,319.106323627574,129.774664788956,16.560180457822,117.918346742854,2618.88,710.750685006475,2091.6,3344.36624235326,20.5981359837255,0,5.5936296774892
"642",2001,1369.06866425192,6047.83350549458,0,371.784277807013,600.400504415262,7913.01734959133,319.106323627574,0,0,0,2618.88,710.750685006475,2091.6,3344.36624235326,20.5981359837255,0,5.5936296774892
"643",2001,1369.06866425192,6047.83350549458,0,371.784277807013,600.400504415262,7913.01734959133,319.106323627574,0,0,0,2618.88,710.750685006475,2091.6,3344.36624235326,20.5981359837255,0,5.5936296774892
"644",2001.16438356164,1364.68153752081,6051.54710814632,0,368.158305489429,602.045867922084,7907.42914932566,311.0918754178,17.7724665578742,4.29949639694848,11.9572849686186,2618.88,715.050181403424,2091.6,3356.32352732188,20.5697176266594,0,5.54921582626853
"645",2001.16438356164,1364.68153752081,6051.54710814632,0,368.158305489429,602.045867922084,7907.42914932566,311.0918754178,17.7724665578742,4.29949639694848,11.9572849686186,2618.88,715.050181403424,2091.6,3356.32352732188,20.5697176266594,0,5.54921582626853
"646",2001.16438356164,1364.68153752081,6051.54710814632,0,368.158305489429,602.045867922084,7907.42914932566,311.0918754178,17.7724665578742,4.29949639694848,11.9572849686186,2618.88,715.050181403424,2091.6,3356.32352732188,20.5697176266594,0,5.54921582626853
"647",2001.16438356164,1364.68153752081,6051.54710814632,0,368.158305489429,602.045867922084,7907.42914932566,311.0918754178,17.7724665578742,4.29949639694848,11.9572849686186,2618.88,715.050181403424,2091.6,3356.32352732188,20.5697176266594,0,5.54921582626853
"648",2001.16438356164,1364.68153752081,6051.54710814632,0,368.158305489429,602.045867922084,7907.42914932566,311.0918754178,17.7724665578742,4.29949639694848,11.9572849686186,2618.88,715.050181403424,2091.6,3356.32352732188,20.5697176266594,0,5.54921582626853
"649",2001.16438356164,1364.68153752081,6051.54710814632,0,368.158305489429,602.045867922084,7907.42914932566,311.0918754178,17.7724665578742,4.29949639694848,11.9572849686186,2618.88,715.050181403424,2091.6,3356.32352732188,20.5697176266594,0,5.54921582626853
"650",2001.20273972603,1363.6770792846,6052.39126463966,0,367.317107592376,602.407244397469,7906.12843346764,309.249871792936,21.9188837392073,5.30099603686866,14.7386279761235,2618.88,716.051681043344,2091.6,3359.10487032938,20.5632218671641,0,5.53886495107001
"651",2001.20273972603,1395.3570792846,6060.31126463966,0,367.317107592376,602.407244397469,7906.12843346764,309.249871792936,21.9188837392073,5.30099603686866,14.7386279761235,2658.48,716.051681043344,2091.6,3359.10487032938,20.8887504098091,0,5.49880420980412
"652",2001.20273972603,1395.3570792846,6060.31126463966,0,367.317107592376,602.407244397469,7906.12843346764,309.249871792936,21.9188837392073,5.30099603686866,14.7386279761235,2658.48,716.051681043344,2091.6,3359.10487032938,20.8887504098091,0,5.49880420980412
"653",2001.20273972603,1395.3570792846,6060.31126463966,0,367.317107592376,602.407244397469,7906.12843346764,309.249871792936,21.9188837392073,5.30099603686866,14.7386279761235,2658.48,716.051681043344,2091.6,3359.10487032938,20.8887504098091,0,5.49880420980412
"654",2001.20273972603,1395.3570792846,6060.31126463966,0,367.317107592376,602.407244397469,7906.12843346764,309.249871792936,21.9188837392073,5.30099603686866,14.7386279761235,2658.48,716.051681043344,2091.6,3359.10487032938,20.8887504098091,0,5.49880420980412
"655",2001.20273972603,1395.3570792846,6060.31126463966,0,367.317107592376,602.407244397469,7906.12843346764,309.249871792936,21.9188837392073,5.30099603686866,14.7386279761235,2658.48,716.051681043344,2091.6,3359.10487032938,20.8887504098091,0,5.49880420980412
"656",2001.20273972603,1395.3570792846,6060.31126463966,0,367.317107592376,602.407244397469,7906.12843346764,309.249871792936,21.9188837392073,5.30099603686866,14.7386279761235,2658.48,716.051681043344,2091.6,3359.10487032938,20.8887504098091,0,5.49880420980412
"657",2002,1372.41574157702,6079.40687298739,0,350.270945696227,608.234986461241,7879.22357888279,273.256646734978,108.060222537387,26.1928872928719,71.8089655551524,2658.48,736.943572299347,2091.6,3416.17520790841,17.9934121915847,0,4.59231799353031
"658",2002,1372.41574157702,6079.40687298739,0,350.270945696227,608.234986461241,7879.22357888279,273.256646734978,0,0,0,2658.48,736.943572299347,2091.6,3416.17520790841,17.9934121915847,0,4.59231799353031
"659",2002,1372.41574157702,6079.40687298739,0,350.270945696227,608.234986461241,7879.22357888279,273.256646734978,0,0,0,2658.48,736.943572299347,2091.6,3416.17520790841,17.9934121915847,0,4.59231799353031
"660",2002.16438356164,1368.5390543616,6082.8817398698,0,346.965420510964,609.34300393422,7873.68592981682,266.469097140423,13.0337449143944,3.70734551826503,11.2171811875425,2658.48,740.650917817612,2091.6,3427.39238909596,17.9656545207842,0,4.55482863692652
"661",2002.16438356164,1368.5390543616,6082.8817398698,0,346.965420510964,609.34300393422,7873.68592981682,266.469097140423,13.0337449143944,3.70734551826503,11.2171811875425,2658.48,740.650917817612,2091.6,3427.39238909596,17.9656545207842,0,4.55482863692652
"662",2002.16438356164,1368.5390543616,6082.8817398698,0,346.965420510964,609.34300393422,7873.68592981682,266.469097140423,13.0337449143944,3.70734551826503,11.2171811875425,2658.48,740.650917817612,2091.6,3427.39238909596,17.9656545207842,0,4.55482863692652
"663",2002.16438356164,1368.5390543616,6082.8817398698,0,346.965420510964,609.34300393422,7873.68592981682,266.469097140423,13.0337449143944,3.70734551826503,11.2171811875425,2658.48,740.650917817612,2091.6,3427.39238909596,17.9656545207842,0,4.55482863692652
"664",2002.16438356164,1368.5390543616,6082.8817398698,0,346.965420510964,609.34300393422,7873.68592981682,266.469097140423,13.0337449143944,3.70734551826503,11.2171811875425,2658.48,740.650917817612,2091.6,3427.39238909596,17.9656545207842,0,4.55482863692652
"665",2002.16438356164,1368.5390543616,6082.8817398698,0,346.965420510964,609.34300393422,7873.68592981682,266.469097140423,13.0337449143944,3.70734551826503,11.2171811875425,2658.48,740.650917817612,2091.6,3427.39238909596,17.9656545207842,0,4.55482863692652
"666",2002.20273972603,1367.6516757424,6083.6725354949,0,346.198492525619,609.584926114318,7872.39488015035,264.909062215599,16.0745232804626,4.57085649771887,13.8263435987379,2658.48,741.514428797066,2091.6,3430.00155150715,17.9593118321309,0,4.54610394836552
"667",2002.20273972603,1399.3316757424,6091.5925354949,0,346.198492525619,609.584926114318,7872.39488015035,264.909062215599,16.0745232804626,4.57085649771887,13.8263435987379,2698.08,741.514428797066,2091.6,3430.00155150715,18.2711102393702,0,4.52032275927971
"668",2002.20273972603,1399.3316757424,6091.5925354949,0,346.198492525619,609.584926114318,7872.39488015035,264.909062215599,16.0745232804626,4.57085649771887,13.8263435987379,2698.08,741.514428797066,2091.6,3430.00155150715,18.2711102393702,0,4.52032275927971
"669",2002.20273972603,1399.3316757424,6091.5925354949,0,346.198492525619,609.584926114318,7872.39488015035,264.909062215599,16.0745232804626,4.57085649771887,13.8263435987379,2698.08,741.514428797066,2091.6,3430.00155150715,18.2711102393702,0,4.52032275927971
"670",2002.20273972603,1399.3316757424,6091.5925354949,0,346.198492525619,609.584926114318,7872.39488015035,264.909062215599,16.0745232804626,4.57085649771887,13.8263435987379,2698.08,741.514428797066,2091.6,3430.00155150715,18.2711102393702,0,4.52032275927971
"671",2002.20273972603,1399.3316757424,6091.5925354949,0,346.198492525619,609.584926114318,7872.39488015035,264.909062215599,16.0745232804626,4.57085649771887,13.8263435987379,2698.08,741.514428797066,2091.6,3430.00155150715,18.2711102393702,0,4.52032275927971
"672",2002.20273972603,1399.3316757424,6091.5925354949,0,346.198492525619,609.584926114318,7872.39488015035,264.909062215599,16.0745232804626,4.57085649771887,13.8263435987379,2698.08,741.514428797066,2091.6,3430.00155150715,18.2711102393702,0,4.52032275927971
"673",2003,1378.67205547073,6109.76889194117,0,330.643414874426,613.371132895382,7845.55347197427,234.42343162733,79.2415530582249,22.6091979743027,67.3671755820203,2698.08,759.552770273649,2091.6,3483.54238349043,12.8204096146741,0,3.07468625208147
"674",2003,1378.67205547073,6109.76889194117,0,330.643414874426,613.371132895382,7845.55347197427,234.42343162733,0,0,0,2698.08,759.552770273649,2091.6,3483.54238349043,12.8204096146741,0,3.07468625208147
"675",2003,1378.67205547073,6109.76889194117,0,330.643414874426,613.371132895382,7845.55347197427,234.42343162733,0,0,0,2698.08,759.552770273649,2091.6,3483.54238349043,12.8204096146741,0,3.07468625208147
"676",2003.16438356164,1375.64787682517,6113.10243906662,0,327.729602248873,609.2098042216,7839.85313132755,226.770110214462,21.279613135279,2.60444414567261,17.5149907333723,2698.08,762.157214419322,2091.6,3501.05737422381,12.7541895300274,0,3.03851409368608
"677",2003.16438356164,1375.64787682517,6121.97283906662,0,392.779202248873,609.2098042216,7839.85313132755,376.170110214462,21.279613135279,2.60444414567261,17.5149907333723,2772,762.157214419322,2241,3501.05737422381,13.1683252895867,0,3.75986063681823
"678",2003.16438356164,1375.64787682517,6121.97283906662,0,392.779202248873,609.2098042216,7839.85313132755,376.170110214462,21.279613135279,2.60444414567261,17.5149907333723,2772,762.157214419322,2241,3501.05737422381,13.1683252895867,0,3.75986063681823
"679",2003.16438356164,1375.64787682517,6121.97283906662,0,392.779202248873,609.2098042216,7839.85313132755,376.170110214462,21.279613135279,2.60444414567261,17.5149907333723,2772,762.157214419322,2241,3501.05737422381,13.1683252895867,0,3.75986063681823
"680",2003.16438356164,1375.64787682517,6121.97283906662,0,392.779202248873,609.2098042216,7839.85313132755,376.170110214462,21.279613135279,2.60444414567261,17.5149907333723,2772,762.157214419322,2241,3501.05737422381,13.1683252895867,0,3.75986063681823
"681",2003.16438356164,1375.64787682517,6121.97283906662,0,392.779202248873,609.2098042216,7839.85313132755,376.170110214462,21.279613135279,2.60444414567261,17.5149907333723,2772,762.157214419322,2241,3501.05737422381,13.1683252895867,0,3.75986063681823
"682",2003.20273972603,1374.95271081541,6122.83386668511,0,391.964531190127,608.312022657857,7838.91103561682,373.287822553275,26.4235342650222,3.25325359567614,22.2371556690357,2772,762.806023869325,2241,3505.77953915947,13.1530063754389,0,3.74959221298032
"683",2003.20273972603,1406.63271081541,6130.75386668511,0,391.964531190127,608.312022657857,7838.91103561682,373.287822553275,26.4235342650222,3.25325359567614,22.2371556690357,2811.6,762.806023869325,2241,3505.77953915947,13.4014014992072,0,3.73436080046964
"684",2003.20273972603,1406.63271081541,6130.75386668511,0,391.964531190127,608.312022657857,7838.91103561682,373.287822553275,26.4235342650222,3.25325359567614,22.2371556690357,2811.6,762.806023869325,2241,3505.77953915947,13.4014014992072,0,3.73436080046964
"685",2003.20273972603,1406.63271081541,6130.75386668511,0,391.964531190127,608.312022657857,7838.91103561682,373.287822553275,26.4235342650222,3.25325359567614,22.2371556690357,2811.6,762.806023869325,2241,3505.77953915947,13.4014014992072,0,3.73436080046964
"686",2003.20273972603,1406.63271081541,6130.75386668511,0,391.964531190127,608.312022657857,7838.91103561682,373.287822553275,26.4235342650222,3.25325359567614,22.2371556690357,2811.6,762.806023869325,2241,3505.77953915947,13.4014014992072,0,3.73436080046964
"687",2003.20273972603,1406.63271081541,6130.75386668511,0,391.964531190127,608.312022657857,7838.91103561682,373.287822553275,26.4235342650222,3.25325359567614,22.2371556690357,2811.6,762.806023869325,2241,3505.77953915947,13.4014014992072,0,3.73436080046964
"688",2003.20273972603,1406.63271081541,6130.75386668511,0,391.964531190127,608.312022657857,7838.91103561682,373.287822553275,26.4235342650222,3.25325359567614,22.2371556690357,2811.6,762.806023869325,2241,3505.77953915947,13.4014014992072,0,3.73436080046964
"689",2004,1389.86970078505,6150.60078683865,0,375.44064776589,592.341160203189,7815.42933940776,317.974018679426,132.442748842686,16.6932268967305,117.003518206613,2811.6,776.245997170379,2241,3600.54590169705,20.9789888595057,0,5.66698098565451
"690",2004,1389.86970078505,6150.60078683865,0,375.44064776589,592.341160203189,7815.42933940776,317.974018679426,0,0,0,2811.6,776.245997170379,2241,3600.54590169705,20.9789888595057,0,5.66698098565451
"691",2004,1389.86970078505,6150.60078683865,0,375.44064776589,592.341160203189,7815.42933940776,317.974018679426,0,0,0,2811.6,776.245997170379,2241,3600.54590169705,20.9789888595057,0,5.66698098565451
"692",2004.16438356164,1385.46358330509,6154.29746552824,0,371.776044688978,593.946237883312,7809.90669302965,309.953466241636,18.1423496353271,4.37404186728183,11.9381211357734,2811.6,780.620039037661,2241,3612.48402283282,20.9499765781191,0,5.62172800670769
"693",2004.16438356164,1385.46358330509,6154.29746552824,0,371.776044688978,593.946237883312,7809.90669302965,309.953466241636,18.1423496353271,4.37404186728183,11.9381211357734,2811.6,780.620039037661,2241,3612.48402283282,20.9499765781191,0,5.62172800670769
"694",2004.16438356164,1385.46358330509,6154.29746552824,0,371.776044688978,593.946237883312,7809.90669302965,309.953466241636,18.1423496353271,4.37404186728183,11.9381211357734,2811.6,780.620039037661,2241,3612.48402283282,20.9499765781191,0,5.62172800670769
"695",2004.16438356164,1385.46358330509,6154.29746552824,0,371.776044688978,593.946237883312,7809.90669302965,309.953466241636,18.1423496353271,4.37404186728183,11.9381211357734,2811.6,780.620039037661,2241,3612.48402283282,20.9499765781191,0,5.62172800670769
"696",2004.16438356164,1385.46358330509,6154.29746552824,0,371.776044688978,593.946237883312,7809.90669302965,309.953466241636,18.1423496353271,4.37404186728183,11.9381211357734,2811.6,780.620039037661,2241,3612.48402283282,20.9499765781191,0,5.62172800670769
"697",2004.16438356164,1385.46358330509,6154.29746552824,0,371.776044688978,593.946237883312,7809.90669302965,309.953466241636,18.1423496353271,4.37404186728183,11.9381211357734,2811.6,780.620039037661,2241,3612.48402283282,20.9499765781191,0,5.62172800670769
"698",2004.20273972603,1384.4547620321,6155.13757828423,0,370.925893316395,594.298704794631,7808.62089253544,308.110213244576,22.3749779192338,5.39290175686208,14.7147077157243,2811.6,781.638898927241,2241,3615.26060941277,20.9433450790413,0,5.61118296929717
"699",2004.20273972603,1416.1347620321,6163.05757828423,0,370.925893316395,594.298704794631,7808.62089253544,308.110213244576,22.3749779192338,5.39290175686208,14.7147077157243,2851.2,781.638898927241,2241,3615.26060941277,21.2719128877489,0,5.57171782091874
"700",2004.20273972603,1416.1347620321,6163.05757828423,0,370.925893316395,594.298704794631,7808.62089253544,308.110213244576,22.3749779192338,5.39290175686208,14.7147077157243,2851.2,781.638898927241,2241,3615.26060941277,21.2719128877489,0,5.57171782091874
"701",2004.20273972603,1416.1347620321,6163.05757828423,0,370.925893316395,594.298704794631,7808.62089253544,308.110213244576,22.3749779192338,5.39290175686208,14.7147077157243,2851.2,781.638898927241,2241,3615.26060941277,21.2719128877489,0,5.57171782091874
"702",2004.20273972603,1416.1347620321,6163.05757828423,0,370.925893316395,594.298704794631,7808.62089253544,308.110213244576,22.3749779192338,5.39290175686208,14.7147077157243,2851.2,781.638898927241,2241,3615.26060941277,21.2719128877489,0,5.57171782091874
"703",2004.20273972603,1416.1347620321,6163.05757828423,0,370.925893316395,594.298704794631,7808.62089253544,308.110213244576,22.3749779192338,5.39290175686208,14.7147077157243,2851.2,781.638898927241,2241,3615.26060941277,21.2719128877489,0,5.57171782091874
"704",2004.20273972603,1416.1347620321,6163.05757828423,0,370.925893316395,594.298704794631,7808.62089253544,308.110213244576,22.3749779192338,5.39290175686208,14.7147077157243,2851.2,781.638898927241,2241,3615.26060941277,21.2719128877489,0,5.57171782091874
"705",2005,1393.10603745815,6182.06129777851,0,353.698248946509,599.978186788229,7781.99848085057,272.104681729593,110.300140458258,26.6455512064188,71.6631689219798,2851.2,802.891548376798,2241,3672.20907061903,18.3219764250985,0,4.65180022521526
"706",2005,1393.10603745815,6182.06129777851,0,353.698248946509,599.978186788229,7781.99848085057,272.104681729593,0,0,0,2851.2,802.891548376798,2241,3672.20907061903,18.3219764250985,0,4.65180022521526
"707",2005,1393.10603745815,6182.06129777851,0,353.698248946509,599.978186788229,7781.99848085057,272.104681729593,0,0,0,2851.2,802.891548376798,2241,3672.20907061903,18.3219764250985,0,4.65180022521526
"708",2005.16438356164,1389.22094831536,6185.51556881127,0,350.358021789483,601.068876576389,7776.5137905946,265.321165349964,13.3219764600132,3.77104526707046,11.1775168474391,2851.2,806.662593643868,2241,3683.38658746647,18.2938046999453,0,4.61365143784245
"709",2005.16438356164,1389.22094831536,6185.51556881127,0,350.358021789483,601.068876576389,7776.5137905946,265.321165349964,13.3219764600132,3.77104526707046,11.1775168474391,2851.2,806.662593643868,2241,3683.38658746647,18.2938046999453,0,4.61365143784245
"710",2005.16438356164,1389.22094831536,6185.51556881127,0,350.358021789483,601.068876576389,7776.5137905946,265.321165349964,13.3219764600132,3.77104526707046,11.1775168474391,2851.2,806.662593643868,2241,3683.38658746647,18.2938046999453,0,4.61365143784245
"711",2005.16438356164,1389.22094831536,6185.51556881127,0,350.358021789483,601.068876576389,7776.5137905946,265.321165349964,13.3219764600132,3.77104526707046,11.1775168474391,2851.2,806.662593643868,2241,3683.38658746647,18.2938046999453,0,4.61365143784245
"712",2005.16438356164,1389.22094831536,6185.51556881127,0,350.358021789483,601.068876576389,7776.5137905946,265.321165349964,13.3219764600132,3.77104526707046,11.1775168474391,2851.2,806.662593643868,2241,3683.38658746647,18.2938046999453,0,4.61365143784245
"713",2005.16438356164,1389.22094831536,6185.51556881127,0,350.358021789483,601.068876576389,7776.5137905946,265.321165349964,13.3219764600132,3.77104526707046,11.1775168474391,2851.2,806.662593643868,2241,3683.38658746647,18.2938046999453,0,4.61365143784245
"714",2005.20273972603,1388.33163182667,6186.30150940485,0,349.583048638688,601.30701379759,7775.23492647933,263.762166022496,16.4299502635573,4.64939431297031,13.7772430689728,2851.2,807.540942689768,2241,3685.986313688,18.2873673283535,0,4.60477415890178
"715",2005.20273972603,1420.01163182667,6194.22150940485,0,349.583048638688,601.30701379759,7775.23492647933,263.762166022496,16.4299502635573,4.64939431297031,13.7772430689728,2890.8,807.540942689768,2241,3685.986313688,18.6017566757124,0,4.57944052216354
"716",2005.20273972603,1420.01163182667,6194.22150940485,0,349.583048638688,601.30701379759,7775.23492647933,263.762166022496,16.4299502635573,4.64939431297031,13.7772430689728,2890.8,807.540942689768,2241,3685.986313688,18.6017566757124,0,4.57944052216354
"717",2005.20273972603,1420.01163182667,6194.22150940485,0,349.583048638688,601.30701379759,7775.23492647933,263.762166022496,16.4299502635573,4.64939431297031,13.7772430689728,2890.8,807.540942689768,2241,3685.986313688,18.6017566757124,0,4.57944052216354
"718",2005.20273972603,1420.01163182667,6194.22150940485,0,349.583048638688,601.30701379759,7775.23492647933,263.762166022496,16.4299502635573,4.64939431297031,13.7772430689728,2890.8,807.540942689768,2241,3685.986313688,18.6017566757124,0,4.57944052216354
"719",2005.20273972603,1420.01163182667,6194.22150940485,0,349.583048638688,601.30701379759,7775.23492647933,263.762166022496,16.4299502635573,4.64939431297031,13.7772430689728,2890.8,807.540942689768,2241,3685.986313688,18.6017566757124,0,4.57944052216354
"720",2005.20273972603,1420.01163182667,6194.22150940485,0,349.583048638688,601.30701379759,7775.23492647933,263.762166022496,16.4299502635573,4.64939431297031,13.7772430689728,2890.8,807.540942689768,2241,3685.986313688,18.6017566757124,0,4.57944052216354
"721",2006,1399.31175585852,6212.29273751776,0,333.864781392822,605.03384768617,7748.63479655887,233.305336394808,80.9886593311971,22.9963094140709,67.107368728553,2890.8,825.887857790868,2241,3739.31643934758,12.9180856629397,0,3.08215365719201
"722",2006,1399.31175585852,6212.29273751776,0,333.864781392822,605.03384768617,7748.63479655887,233.305336394808,0,0,0,2890.8,825.887857790868,2241,3739.31643934758,12.9180856629397,0,3.08215365719201
"723",2006,1399.31175585852,6212.29273751776,0,333.864781392822,605.03384768617,7748.63479655887,233.305336394808,0,0,0,2890.8,825.887857790868,2241,3739.31643934758,12.9180856629397,0,3.08215365719201
"724",2006.16438356164,1396.31732604894,6215.60415505617,0,330.926282620809,600.960613819058,7742.9847837981,225.68086658898,21.656382933822,2.62151104317955,17.347716433712,2890.8,828.509368834048,2241,3756.66415578129,12.8498199016901,0,3.04539881664703
"725",2006.16438356164,1396.31732604894,6224.47455505617,0,395.975882620809,600.960613819058,7742.9847837981,375.08086658898,21.656382933822,2.62151104317955,17.347716433712,2964.72,828.509368834048,2390.4,3756.66415578129,13.296594437557,0,3.77072648175248
"726",2006.16438356164,1396.31732604894,6224.47455505617,0,395.975882620809,600.960613819058,7742.9847837981,375.08086658898,21.656382933822,2.62151104317955,17.347716433712,2964.72,828.509368834048,2390.4,3756.66415578129,13.296594437557,0,3.77072648175248
"727",2006.16438356164,1396.31732604894,6224.47455505617,0,395.975882620809,600.960613819058,7742.9847837981,375.08086658898,21.656382933822,2.62151104317955,17.347716433712,2964.72,828.509368834048,2390.4,3756.66415578129,13.296594437557,0,3.77072648175248
"728",2006.16438356164,1396.31732604894,6224.47455505617,0,395.975882620809,600.960613819058,7742.9847837981,375.08086658898,21.656382933822,2.62151104317955,17.347716433712,2964.72,828.509368834048,2390.4,3756.66415578129,13.296594437557,0,3.77072648175248
"729",2006.16438356164,1396.31732604894,6224.47455505617,0,395.975882620809,600.960613819058,7742.9847837981,375.08086658898,21.656382933822,2.62151104317955,17.347716433712,2964.72,828.509368834048,2390.4,3756.66415578129,13.296594437557,0,3.77072648175248
"730",2006.20273972603,1395.62777865503,6225.3305131481,0,395.155339272782,600.079514410072,7742.05512022908,372.202393570028,26.9047592914299,3.2756436931893,22.0369524306624,2964.72,829.163501484058,2390.4,3761.35339177825,13.2807460704622,0,3.76028465435579
"731",2006.20273972603,1427.30777865503,6233.2505131481,0,395.155339272782,600.079514410072,7742.05512022908,372.202393570028,26.9047592914299,3.2756436931893,22.0369524306624,3004.32,829.163501484058,2390.4,3761.35339177825,13.5250398059225,0,3.74445636260973
"732",2006.20273972603,1427.30777865503,6233.2505131481,0,395.155339272782,600.079514410072,7742.05512022908,372.202393570028,26.9047592914299,3.2756436931893,22.0369524306624,3004.32,829.163501484058,2390.4,3761.35339177825,13.5250398059225,0,3.74445636260973
"733",2006.20273972603,1427.30777865503,6233.2505131481,0,395.155339272782,600.079514410072,7742.05512022908,372.202393570028,26.9047592914299,3.2756436931893,22.0369524306624,3004.32,829.163501484058,2390.4,3761.35339177825,13.5250398059225,0,3.74445636260973
"734",2006.20273972603,1427.30777865503,6233.2505131481,0,395.155339272782,600.079514410072,7742.05512022908,372.202393570028,26.9047592914299,3.2756436931893,22.0369524306624,3004.32,829.163501484058,2390.4,3761.35339177825,13.5250398059225,0,3.74445636260973
"735",2006.20273972603,1427.30777865503,6233.2505131481,0,395.155339272782,600.079514410072,7742.05512022908,372.202393570028,26.9047592914299,3.2756436931893,22.0369524306624,3004.32,829.163501484058,2390.4,3761.35339177825,13.5250398059225,0,3.74445636260973
"736",2006.20273972603,1427.30777865503,6233.2505131481,0,395.155339272782,600.079514410072,7742.05512022908,372.202393570028,26.9047592914299,3.2756436931893,22.0369524306624,3004.32,829.163501484058,2390.4,3761.35339177825,13.5250398059225,0,3.74445636260973
"737",2007,1410.66046627377,6252.99868040156,0,378.513511594999,584.425285331829,7718.8779369345,316.982172473437,135.01848406724,16.8166164987696,116.088585900073,3004.32,842.704474289637,2390.4,3855.40502524766,21.3613170445096,0,5.73174574613919
"738",2007,1410.66046627377,6252.99868040156,0,378.513511594999,584.425285331829,7718.8779369345,316.982172473437,0,0,0,3004.32,842.704474289637,2390.4,3855.40502524766,21.3613170445096,0,5.73174574613919
"739",2007,1410.66046627377,6252.99868040156,0,378.513511594999,584.425285331829,7718.8779369345,316.982172473437,0,0,0,3004.32,842.704474289637,2390.4,3855.40502524766,21.3613170445096,0,5.73174574613919
"740",2007.16438356164,1406.23336949347,6256.67593099609,0,374.815937344066,585.991297573858,7713.42499707181,308.954188604033,18.5095009522293,4.44742043670967,11.9149114900673,3004.32,847.151894726347,2390.4,3867.31993673772,21.3316693554528,0,5.68572032070163
"741",2007.16438356164,1406.23336949347,6256.67593099609,0,374.815937344066,585.991297573858,7713.42499707181,308.954188604033,18.5095009522293,4.44742043670967,11.9149114900673,3004.32,847.151894726347,2390.4,3867.31993673772,21.3316693554528,0,5.68572032070163
"742",2007.16438356164,1406.23336949347,6256.67593099609,0,374.815937344066,585.991297573858,7713.42499707181,308.954188604033,18.5095009522293,4.44742043670967,11.9149114900673,3004.32,847.151894726347,2390.4,3867.31993673772,21.3316693554528,0,5.68572032070163
"743",2007.16438356164,1406.23336949347,6256.67593099609,0,374.815937344066,585.991297573858,7713.42499707181,308.954188604033,18.5095009522293,4.44742043670967,11.9149114900673,3004.32,847.151894726347,2390.4,3867.31993673772,21.3316693554528,0,5.68572032070163
"744",2007.16438356164,1406.23336949347,6256.67593099609,0,374.815937344066,585.991297573858,7713.42499707181,308.954188604033,18.5095009522293,4.44742043670967,11.9149114900673,3004.32,847.151894726347,2390.4,3867.31993673772,21.3316693554528,0,5.68572032070163
"745",2007.16438356164,1406.23336949347,6256.67593099609,0,374.815937344066,585.991297573858,7713.42499707181,308.954188604033,18.5095009522293,4.44742043670967,11.9149114900673,3004.32,847.151894726347,2390.4,3867.31993673772,21.3316693554528,0,5.68572032070163
"746",2007.20273972603,1405.21972732429,6257.51141650973,0,373.958145540352,586.33513051869,7712.15508502591,307.109372983566,22.8276975481142,5.48336889596744,14.6858062116025,3004.32,848.187843185605,2390.4,3870.09083145926,21.3248924975376,0,5.67499665508624
"747",2007.20273972603,1436.89972732429,6265.43141650973,0,373.958145540352,586.33513051869,7712.15508502591,307.109372983566,22.8276975481142,5.48336889596744,14.6858062116025,3043.92,848.187843185605,2390.4,3870.09083145926,21.6564430795991,0,5.63616454164677
"748",2007.20273972603,1436.89972732429,6265.43141650973,0,373.958145540352,586.33513051869,7712.15508502591,307.109372983566,22.8276975481142,5.48336889596744,14.6858062116025,3043.92,848.187843185605,2390.4,3870.09083145926,21.6564430795991,0,5.63616454164677
"749",2007.20273972603,1436.89972732429,6265.43141650973,0,373.958145540352,586.33513051869,7712.15508502591,307.109372983566,22.8276975481142,5.48336889596744,14.6858062116025,3043.92,848.187843185605,2390.4,3870.09083145926,21.6564430795991,0,5.63616454164677
"750",2007.20273972603,1436.89972732429,6265.43141650973,0,373.958145540352,586.33513051869,7712.15508502591,307.109372983566,22.8276975481142,5.48336889596744,14.6858062116025,3043.92,848.187843185605,2390.4,3870.09083145926,21.6564430795991,0,5.63616454164677
"751",2007.20273972603,1436.89972732429,6265.43141650973,0,373.958145540352,586.33513051869,7712.15508502591,307.109372983566,22.8276975481142,5.48336889596744,14.6858062116025,3043.92,848.187843185605,2390.4,3870.09083145926,21.6564430795991,0,5.63616454164677
"752",2007.20273972603,1436.89972732429,6265.43141650973,0,373.958145540352,586.33513051869,7712.15508502591,307.109372983566,22.8276975481142,5.48336889596744,14.6858062116025,3043.92,848.187843185605,2390.4,3870.09083145926,21.6564430795991,0,5.63616454164677
"753",2008,1413.77464430293,6284.33120512808,0,356.575652217951,591.871353450816,7685.8355992948,271.084758046647,112.522771182184,27.091156621367,71.4936839475025,3043.92,869.795630911005,2390.4,3926.89870919516,18.6508525703441,0,4.70403111732869
"754",2008,1413.77464430293,6284.33120512808,0,356.575652217951,591.871353450816,7685.8355992948,271.084758046647,0,0,0,3043.92,869.795630911005,2390.4,3926.89870919516,18.6508525703441,0,4.70403111732869
"755",2008,1413.77464430293,6284.33120512808,0,356.575652217951,591.871353450816,7685.8355992948,271.084758046647,0,0,0,3043.92,869.795630911005,2390.4,3926.89870919516,18.6508525703441,0,4.70403111732869
"756",2008.16438356164,1409.87955136897,6287.76242369056,0,353.205919231324,592.945012388145,7680.40811254831,264.303665545148,13.6082223948568,3.83360735811074,11.13492031066,3043.92,873.629238269115,2390.4,3938.03362950582,18.6222438693467,0,4.66528275953491
"757",2008.16438356164,1409.87955136897,6287.76242369056,0,353.205919231324,592.945012388145,7680.40811254831,264.303665545148,13.6082223948568,3.83360735811074,11.13492031066,3043.92,873.629238269115,2390.4,3938.03362950582,18.6222438693467,0,4.66528275953491
"758",2008.16438356164,1409.87955136897,6287.76242369056,0,353.205919231324,592.945012388145,7680.40811254831,264.303665545148,13.6082223948568,3.83360735811074,11.13492031066,3043.92,873.629238269115,2390.4,3938.03362950582,18.6222438693467,0,4.66528275953491
"759",2008.16438356164,1409.87955136897,6287.76242369056,0,353.205919231324,592.945012388145,7680.40811254831,264.303665545148,13.6082223948568,3.83360735811074,11.13492031066,3043.92,873.629238269115,2390.4,3938.03362950582,18.6222438693467,0,4.66528275953491
"760",2008.16438356164,1409.87955136897,6287.76242369056,0,353.205919231324,592.945012388145,7680.40811254831,264.303665545148,13.6082223948568,3.83360735811074,11.13492031066,3043.92,873.629238269115,2390.4,3938.03362950582,18.6222438693467,0,4.66528275953491
"761",2008.16438356164,1409.87955136897,6287.76242369056,0,353.205919231324,592.945012388145,7680.40811254831,264.303665545148,13.6082223948568,3.83360735811074,11.13492031066,3043.92,873.629238269115,2390.4,3938.03362950582,18.6222438693467,0,4.66528275953491
"762",2008.20273972603,1408.98792776221,6288.54293752316,0,352.424106481599,593.179431778969,7679.1424208462,262.745325465783,16.7829251089586,4.72652988199118,13.7245327013133,3043.92,874.522160792995,2390.4,3940.62324189647,18.6157064829526,0,4.65626681003435
"763",2008.20273972603,1440.66792776221,6296.46293752316,0,352.424106481599,593.179431778969,7679.1424208462,262.745325465783,16.7829251089586,4.72652988199118,13.7245327013133,3083.52,874.522160792995,2390.4,3940.62324189647,18.9326135614194,0,4.63139998410927
"764",2008.20273972603,1440.66792776221,6296.46293752316,0,352.424106481599,593.179431778969,7679.1424208462,262.745325465783,16.7829251089586,4.72652988199118,13.7245327013133,3083.52,874.522160792995,2390.4,3940.62324189647,18.9326135614194,0,4.63139998410927
"765",2008.20273972603,1440.66792776221,6296.46293752316,0,352.424106481599,593.179431778969,7679.1424208462,262.745325465783,16.7829251089586,4.72652988199118,13.7245327013133,3083.52,874.522160792995,2390.4,3940.62324189647,18.9326135614194,0,4.63139998410927
"766",2008.20273972603,1440.66792776221,6296.46293752316,0,352.424106481599,593.179431778969,7679.1424208462,262.745325465783,16.7829251089586,4.72652988199118,13.7245327013133,3083.52,874.522160792995,2390.4,3940.62324189647,18.9326135614194,0,4.63139998410927
"767",2008.20273972603,1440.66792776221,6296.46293752316,0,352.424106481599,593.179431778969,7679.1424208462,262.745325465783,16.7829251089586,4.72652988199118,13.7245327013133,3083.52,874.522160792995,2390.4,3940.62324189647,18.9326135614194,0,4.63139998410927
"768",2008.20273972603,1440.66792776221,6296.46293752316,0,352.424106481599,593.179431778969,7679.1424208462,262.745325465783,16.7829251089586,4.72652988199118,13.7245327013133,3083.52,874.522160792995,2390.4,3940.62324189647,18.9326135614194,0,4.63139998410927
"769",2009,1419.92070112913,6314.4171299739,0,336.56715713572,596.84816587371,7652.80372380008,232.309653326789,82.7231060288547,23.3765134102117,66.8301677916883,3083.52,893.172144321216,2390.4,3993.72887698685,0,0,0
"770",2009,1419.92070112913,6314.4171299739,0,336.56715713572,596.84816587371,7652.80372380008,232.309653326789,82.7231060288547,23.3765134102117,66.8301677916883,3083.52,893.172144321216,2390.4,3993.72887698685,0,0,0
