"","time","P_labile","P_stable","P_labile_placed","P_labile_FYM","K_labile","K_stable","K_labile_FYM","N_up","P_up","K_up","PIN","POUT","KIN","KOUT","P_up_labile","P_up_labile_placed","P_up_labile_FYM"
"1",1961,1058.02419540005,4714.11765632871,0,108.415228523841,962.603246032004,9467.25953070837,187.383178323083,0,0,0,0,0,0,0,10.0404277985008,0,1.02883778932864
"2",1961,1058.02419540005,4714.11765632871,0,108.415228523841,962.603246032004,9467.25953070837,187.383178323083,0,0,0,0,0,0,0,10.0404277985008,0,1.02883778932864
"3",1961,1058.02419540005,4714.11765632871,0,108.415228523841,962.603246032004,9467.25953070837,187.383178323083,0,0,0,0,0,0,0,10.0404277985008,0,1.02883778932864
"4",1961.16438356164,1055.80164330649,4715.48168853099,0,107.456155680409,943.994747979602,9471.32851785724,181.838029041825,11.1599635692642,1.81759273470567,20.0846601847896,0,1.81759273470567,0,20.0846601847896,10.0245964224526,0,1.02027175334831
"5",1961.16438356164,1055.80164330649,4724.35208853099,0,172.505755680409,943.994747979602,9471.32851785724,331.238029041825,11.1599635692642,1.81759273470567,20.0846601847896,73.92,1.81759273470567,149.4,20.0846601847896,9.91552798256055,0,1.6200823880564
"6",1961.16438356164,1055.80164330649,4724.35208853099,0,172.505755680409,943.994747979602,9471.32851785724,331.238029041825,11.1599635692642,1.81759273470567,20.0846601847896,73.92,1.81759273470567,149.4,20.0846601847896,9.91552798256055,0,1.6200823880564
"7",1961.16438356164,1055.80164330649,4724.35208853099,0,172.505755680409,943.994747979602,9471.32851785724,331.238029041825,11.1599635692642,1.81759273470567,20.0846601847896,73.92,1.81759273470567,149.4,20.0846601847896,9.91552798256055,0,1.6200823880564
"8",1961.16438356164,1055.80164330649,4724.35208853099,0,172.505755680409,943.994747979602,9471.32851785724,331.238029041825,11.1599635692642,1.81759273470567,20.0846601847896,73.92,1.81759273470567,149.4,20.0846601847896,9.91552798256055,0,1.6200823880564
"9",1961.16438356164,1055.80164330649,4724.35208853099,0,172.505755680409,943.994747979602,9471.32851785724,331.238029041825,11.1599635692642,1.81759273470567,20.0846601847896,73.92,1.81759273470567,149.4,20.0846601847896,9.91552798256055,0,1.6200823880564
"10",1961.20273972603,1055.30794665363,4724.76007223707,0,172.149127785373,939.998020048406,9472.54817899316,328.976422760816,13.775758298929,2.25993357653125,25.1233332610737,73.92,2.25993357653125,149.4,25.1233332610737,9.91233612524507,0,1.61696879445224
"11",1961.20273972603,1086.98794665363,4732.68007223707,0,172.149127785373,1072.79802004841,9472.54817899316,328.976422760816,13.775758298929,2.25993357653125,25.1233332610737,113.52,2.25993357653125,282.2,25.1233332610737,10.1541281028764,0,1.60813585993528
"12",1961.20273972603,1086.98794665363,4732.68007223707,0,172.149127785373,1072.79802004841,9472.54817899316,328.976422760816,13.775758298929,2.25993357653125,25.1233332610737,113.52,2.25993357653125,282.2,25.1233332610737,10.1541281028764,0,1.60813585993528
"13",1961.20273972603,1086.98794665363,4732.68007223707,0,172.149127785373,1072.79802004841,9472.54817899316,328.976422760816,13.775758298929,2.25993357653125,25.1233332610737,113.52,2.25993357653125,282.2,25.1233332610737,10.1541281028764,0,1.60813585993528
"14",1961.20273972603,1086.98794665363,4732.68007223707,0,172.149127785373,1072.79802004841,9472.54817899316,328.976422760816,13.775758298929,2.25993357653125,25.1233332610737,113.52,2.25993357653125,282.2,25.1233332610737,10.1541281028764,0,1.60813585993528
"15",1961.20273972603,1086.98794665363,4732.68007223707,0,172.149127785373,1072.79802004841,9472.54817899316,328.976422760816,13.775758298929,2.25993357653125,25.1233332610737,113.52,2.25993357653125,282.2,25.1233332610737,10.1541281028764,0,1.60813585993528
"16",1961.20273972603,1086.98794665363,4732.68007223707,0,172.149127785373,1072.79802004841,9472.54817899316,328.976422760816,13.775758298929,2.25993357653125,25.1233332610737,113.52,2.25993357653125,282.2,25.1233332610737,10.1541281028764,0,1.60813585993528
"17",1962,1073.93768483578,4743.65666959119,0,164.905494138983,965.356973830711,9516.0819256858,285.67082178154,68.2182692738785,11.5772316866447,132.336233765395,113.52,11.5772316866447,282.2,132.336233765395,11.6597218140775,0,1.7903759356089
"18",1962,1073.93768483578,4743.65666959119,0,164.905494138983,965.356973830711,9516.0819256858,285.67082178154,0,0,0,113.52,11.5772316866447,282.2,132.336233765395,11.6597218140775,0,1.7903759356089
"19",1962,1073.93768483578,4743.65666959119,0,164.905494138983,965.356973830711,9516.0819256858,285.67082178154,0,0,0,113.52,11.5772316866447,282.2,132.336233765395,11.6597218140775,0,1.7903759356089
"20",1962.16438356164,1071.21897244675,4745.66037255029,0,163.409528596365,957.602103794952,9521.56468233534,280.463429551487,7.97265630120495,2.21097497255311,7.47950561627301,113.52,13.7882066591978,282.2,139.815739381668,11.6699070842398,0,1.7801906654466
"21",1962.16438356164,1071.21897244675,4745.66037255029,0,163.409528596365,957.602103794952,9521.56468233534,280.463429551487,7.97265630120495,2.21097497255311,7.47950561627301,113.52,13.7882066591978,282.2,139.815739381668,11.6699070842398,0,1.7801906654466
"22",1962.16438356164,1071.21897244675,4745.66037255029,0,163.409528596365,957.602103794952,9521.56468233534,280.463429551487,7.97265630120495,2.21097497255311,7.47950561627301,113.52,13.7882066591978,282.2,139.815739381668,11.6699070842398,0,1.7801906654466
"23",1962.16438356164,1071.21897244675,4745.66037255029,0,163.409528596365,957.602103794952,9521.56468233534,280.463429551487,7.97265630120495,2.21097497255311,7.47950561627301,113.52,13.7882066591978,282.2,139.815739381668,11.6699070842398,0,1.7801906654466
"24",1962.16438356164,1071.21897244675,4745.66037255029,0,163.409528596365,957.602103794952,9521.56468233534,280.463429551487,7.97265630120495,2.21097497255311,7.47950561627301,113.52,13.7882066591978,282.2,139.815739381668,11.6699070842398,0,1.7801906654466
"25",1962.16438356164,1071.21897244675,4745.66037255029,0,163.409528596365,957.602103794952,9521.56468233534,280.463429551487,7.97265630120495,2.21097497255311,7.47950561627301,113.52,13.7882066591978,282.2,139.815739381668,11.6699070842398,0,1.7801906654466
"26",1962.20273972603,1070.59563535038,4746.11505926874,0,163.06228481401,955.85683509087,9522.76857140971,279.259591204068,9.83294277148877,2.72686913281624,9.22472359340588,113.52,14.3041008194609,282.2,141.560957358801,11.6722923838818,0,1.77780536580463
"27",1962.20273972603,1102.27563535038,4754.03505926874,0,163.06228481401,1055.45683509087,9522.76857140971,279.259591204068,9.83294277148877,2.72686913281624,9.22472359340588,153.12,14.3041008194609,381.8,141.560957358801,11.7168029237867,0,1.73329482589971
"28",1962.20273972603,1102.27563535038,4754.03505926874,0,163.06228481401,1055.45683509087,9522.76857140971,279.259591204068,9.83294277148877,2.72686913281624,9.22472359340588,153.12,14.3041008194609,381.8,141.560957358801,11.7168029237867,0,1.73329482589971
"29",1962.20273972603,1102.27563535038,4754.03505926874,0,163.06228481401,1055.45683509087,9522.76857140971,279.259591204068,9.83294277148877,2.72686913281624,9.22472359340588,153.12,14.3041008194609,381.8,141.560957358801,11.7168029237867,0,1.73329482589971
"30",1962.20273972603,1102.27563535038,4754.03505926874,0,163.06228481401,1055.45683509087,9522.76857140971,279.259591204068,9.83294277148877,2.72686913281624,9.22472359340588,153.12,14.3041008194609,381.8,141.560957358801,11.7168029237867,0,1.73329482589971
"31",1962.20273972603,1102.27563535038,4754.03505926874,0,163.06228481401,1055.45683509087,9522.76857140971,279.259591204068,9.83294277148877,2.72686913281624,9.22472359340588,153.12,14.3041008194609,381.8,141.560957358801,11.7168029237867,0,1.73329482589971
"32",1962.20273972603,1102.27563535038,4754.03505926874,0,163.06228481401,1055.45683509087,9522.76857140971,279.259591204068,9.83294277148877,2.72686913281624,9.22472359340588,153.12,14.3041008194609,381.8,141.560957358801,11.7168029237867,0,1.73329482589971
"33",1963,1086.80174682309,4765.81735279008,0,156.0306500507,1000.05886831666,9565.44688789733,255.70362530236,48.5003264962863,13.4500989020803,45.500339781706,153.12,25.027330588725,381.8,177.836573547101,13.3724006977281,0,1.9198573978227
"34",1963,1086.80174682309,4765.81735279008,0,156.0306500507,1000.05886831666,9565.44688789733,255.70362530236,0,0,0,153.12,25.027330588725,381.8,177.836573547101,13.3724006977281,0,1.9198573978227
"35",1963,1086.80174682309,4765.81735279008,0,156.0306500507,1000.05886831666,9565.44688789733,255.70362530236,0,0,0,153.12,25.027330588725,381.8,177.836573547101,13.3724006977281,0,1.9198573978227
"36",1963.16438356164,1083.61024693984,4767.94983807487,0,154.578643584333,987.665827044573,9572.10467695963,250.311921281675,8.14713609263521,2.51102106482834,11.1269562304693,153.12,27.5383516535534,381.8,188.96352977757,13.353675133649,0,1.90492199096
"37",1963.16438356164,1083.61024693984,4767.94983807487,0,154.578643584333,987.665827044573,9572.10467695963,250.311921281675,8.14713609263521,2.51102106482834,11.1269562304693,153.12,27.5383516535534,381.8,188.96352977757,13.353675133649,0,1.90492199096
"38",1963.16438356164,1083.61024693984,4767.94983807487,0,154.578643584333,987.665827044573,9572.10467695963,250.311921281675,8.14713609263521,2.51102106482834,11.1269562304693,153.12,27.5383516535534,381.8,188.96352977757,13.353675133649,0,1.90492199096
"39",1963.16438356164,1083.61024693984,4767.94983807487,0,154.578643584333,987.665827044573,9572.10467695963,250.311921281675,8.14713609263521,2.51102106482834,11.1269562304693,153.12,27.5383516535534,381.8,188.96352977757,13.353675133649,0,1.90492199096
"40",1963.16438356164,1083.61024693984,4767.94983807487,0,154.578643584333,987.665827044573,9572.10467695963,250.311921281675,8.14713609263521,2.51102106482834,11.1269562304693,153.12,27.5383516535534,381.8,188.96352977757,13.353675133649,0,1.90492199096
"41",1963.16438356164,1083.61024693984,4767.94983807487,0,154.578643584333,987.665827044573,9572.10467695963,250.311921281675,8.14713609263521,2.51102106482834,11.1269562304693,153.12,27.5383516535534,381.8,188.96352977757,13.353675133649,0,1.90492199096
"42",1963.20273972603,1082.87904937725,4768.43284488513,0,154.241721986097,984.879954068581,9573.5446723868,249.066834360889,10.0481345142466,3.09613341539922,13.7179207000794,153.12,28.1234640041242,381.8,191.554494247181,13.3493847525951,0,1.90144235672428
"43",1963.20273972603,1114.55904937725,4776.35284488513,0,154.241721986097,1084.47995406858,9573.5446723868,249.066834360889,10.0481345142466,3.09613341539922,13.7179207000794,192.72,28.1234640041242,481.4,191.554494247181,13.5955064671207,0,1.88145646471894
"44",1963.20273972603,1114.55904937725,4776.35284488513,0,154.241721986097,1084.47995406858,9573.5446723868,249.066834360889,10.0481345142466,3.09613341539922,13.7179207000794,192.72,28.1234640041242,481.4,191.554494247181,13.5955064671207,0,1.88145646471894
"45",1963.20273972603,1114.55904937725,4776.35284488513,0,154.241721986097,1084.47995406858,9573.5446723868,249.066834360889,10.0481345142466,3.09613341539922,13.7179207000794,192.72,28.1234640041242,481.4,191.554494247181,13.5955064671207,0,1.88145646471894
"46",1963.20273972603,1114.55904937725,4776.35284488513,0,154.241721986097,1084.47995406858,9573.5446723868,249.066834360889,10.0481345142466,3.09613341539922,13.7179207000794,192.72,28.1234640041242,481.4,191.554494247181,13.5955064671207,0,1.88145646471894
"47",1963.20273972603,1114.55904937725,4776.35284488513,0,154.241721986097,1084.47995406858,9573.5446723868,249.066834360889,10.0481345142466,3.09613341539922,13.7179207000794,192.72,28.1234640041242,481.4,191.554494247181,13.5955064671207,0,1.88145646471894
"48",1963.20273972603,1114.55904937725,4776.35284488513,0,154.241721986097,1084.47995406858,9573.5446723868,249.066834360889,10.0481345142466,3.09613341539922,13.7179207000794,192.72,28.1234640041242,481.4,191.554494247181,13.5955064671207,0,1.88145646471894
"49",1964,1096.89586779185,4788.57750364305,0,147.411457742898,1009.84317927958,9618.16396987537,224.821461590348,49.5617465204405,15.3649204860858,67.9807707710491,192.72,40.3922510748108,481.4,245.81734431815,10.3976832056465,0,1.39734106354029
"50",1964,1096.89586779185,4788.57750364305,0,147.411457742898,1009.84317927958,9618.16396987537,224.821461590348,0,0,0,192.72,40.3922510748108,481.4,245.81734431815,10.3976832056465,0,1.39734106354029
"51",1964,1096.89586779185,4788.57750364305,0,147.411457742898,1009.84317927958,9618.16396987537,224.821461590348,0,0,0,192.72,40.3922510748108,481.4,245.81734431815,10.3976832056465,0,1.39734106354029
"52",1964.16438356164,1094.06168678893,4790.77919042325,0,146.107653754118,988.725042715989,9624.44523066918,218.180897485594,11.821872407999,1.93629821149245,21.4774398745333,192.72,42.3285492863032,481.4,267.294784192684,10.3775094778997,0,1.38587575082461
"53",1964.16438356164,1094.06168678893,4799.64959042325,0,211.157253754118,988.725042715989,9624.44523066918,367.580897485594,11.821872407999,1.93629821149245,21.4774398745333,266.64,42.3285492863032,630.8,267.294784192684,10.2709555783385,0,1.98232585926475
"54",1964.16438356164,1094.06168678893,4799.64959042325,0,211.157253754118,988.725042715989,9624.44523066918,367.580897485594,11.821872407999,1.93629821149245,21.4774398745333,266.64,42.3285492863032,630.8,267.294784192684,10.2709555783385,0,1.98232585926475
"55",1964.16438356164,1094.06168678893,4799.64959042325,0,211.157253754118,988.725042715989,9624.44523066918,367.580897485594,11.821872407999,1.93629821149245,21.4774398745333,266.64,42.3285492863032,630.8,267.294784192684,10.2709555783385,0,1.98232585926475
"56",1964.16438356164,1094.06168678893,4799.64959042325,0,211.157253754118,988.725042715989,9624.44523066918,367.580897485594,11.821872407999,1.93629821149245,21.4774398745333,266.64,42.3285492863032,630.8,267.294784192684,10.2709555783385,0,1.98232585926475
"57",1964.16438356164,1094.06168678893,4799.64959042325,0,211.157253754118,988.725042715989,9624.44523066918,367.580897485594,11.821872407999,1.93629821149245,21.4774398745333,266.64,42.3285492863032,630.8,267.294784192684,10.2709555783385,0,1.98232585926475
"58",1964.20273972603,1093.42811858224,4800.24982776039,0,210.720747823337,984.165980477395,9626.15745904896,365.071747314798,14.5918823234108,2.40613501182161,26.8334239041418,266.64,42.7983860866324,630.8,272.650768222292,10.26678182646,0,1.97856988259625
"59",1964.20273972603,1125.10811858224,4808.16982776039,0,210.720747823337,1116.9659804774,9626.15745904896,365.071747314798,14.5918823234108,2.40613501182161,26.8334239041418,306.24,42.7983860866324,763.6,272.650768222292,10.5098945911913,0,1.96839113612564
"60",1964.20273972603,1125.10811858224,4808.16982776039,0,210.720747823337,1116.9659804774,9626.15745904896,365.071747314798,14.5918823234108,2.40613501182161,26.8334239041418,306.24,42.7983860866324,763.6,272.650768222292,10.5098945911913,0,1.96839113612564
"61",1964.20273972603,1125.10811858224,4808.16982776039,0,210.720747823337,1116.9659804774,9626.15745904896,365.071747314798,14.5918823234108,2.40613501182161,26.8334239041418,306.24,42.7983860866324,763.6,272.650768222292,10.5098945911913,0,1.96839113612564
"62",1964.20273972603,1125.10811858224,4808.16982776039,0,210.720747823337,1116.9659804774,9626.15745904896,365.071747314798,14.5918823234108,2.40613501182161,26.8334239041418,306.24,42.7983860866324,763.6,272.650768222292,10.5098945911913,0,1.96839113612564
"63",1964.20273972603,1125.10811858224,4808.16982776039,0,210.720747823337,1116.9659804774,9626.15745904896,365.071747314798,14.5918823234108,2.40613501182161,26.8334239041418,306.24,42.7983860866324,763.6,272.650768222292,10.5098945911913,0,1.96839113612564
"64",1964.20273972603,1125.10811858224,4808.16982776039,0,210.720747823337,1116.9659804774,9626.15745904896,365.071747314798,14.5918823234108,2.40613501182161,26.8334239041418,306.24,42.7983860866324,763.6,272.650768222292,10.5098945911913,0,1.96839113612564
"65",1965,1109.38563402713,4822.88396990057,0,201.853783169823,999.691433964051,9678.15006509396,316.942298166115,72.2320204222865,12.2814420802723,140.244813521174,306.24,52.6736931550831,763.6,386.062157839324,11.6696712285512,0,2.12330790446624
"66",1965,1109.38563402713,4822.88396990057,0,201.853783169823,999.691433964051,9678.15006509396,316.942298166115,0,0,0,306.24,52.6736931550831,763.6,386.062157839324,11.6696712285512,0,2.12330790446624
"67",1965,1109.38563402713,4822.88396990057,0,201.853783169823,999.691433964051,9678.15006509396,316.942298166115,0,0,0,306.24,52.6736931550831,763.6,386.062157839324,11.6696712285512,0,2.12330790446624
"68",1965.16438356164,1106.22118606518,4825.60116476105,0,200.033697235728,990.875546528888,9685.02807505007,311.212789818855,8.16053651124762,2.26733903556595,7.6673858263158,306.24,54.9410321906491,763.6,393.72954366564,11.6807875177788,0,2.11219161523865
"69",1965.16438356164,1106.22118606518,4825.60116476105,0,200.033697235728,990.875546528888,9685.02807505007,311.212789818855,8.16053651124762,2.26733903556595,7.6673858263158,306.24,54.9410321906491,763.6,393.72954366564,11.6807875177788,0,2.11219161523865
"70",1965.16438356164,1106.22118606518,4825.60116476105,0,200.033697235728,990.875546528888,9685.02807505007,311.212789818855,8.16053651124762,2.26733903556595,7.6673858263158,306.24,54.9410321906491,763.6,393.72954366564,11.6807875177788,0,2.11219161523865
"71",1965.16438356164,1106.22118606518,4825.60116476105,0,200.033697235728,990.875546528888,9685.02807505007,311.212789818855,8.16053651124762,2.26733903556595,7.6673858263158,306.24,54.9410321906491,763.6,393.72954366564,11.6807875177788,0,2.11219161523865
"72",1965.16438356164,1106.22118606518,4825.60116476105,0,200.033697235728,990.875546528888,9685.02807505007,311.212789818855,8.16053651124762,2.26733903556595,7.6673858263158,306.24,54.9410321906491,763.6,393.72954366564,11.6807875177788,0,2.11219161523865
"73",1965.16438356164,1106.22118606518,4825.60116476105,0,200.033697235728,990.875546528888,9685.02807505007,311.212789818855,8.16053651124762,2.26733903556595,7.6673858263158,306.24,54.9410321906491,763.6,393.72954366564,11.6807875177788,0,2.11219161523865
"74",1965.20273972603,1105.49596990632,4826.21984382198,0,199.611188558687,988.892311187482,9686.54705326794,309.887990249581,10.0646616972001,2.79638481052988,9.45644251911787,306.24,55.470077965613,763.6,395.518600358442,11.683395302564,0,2.1095838304534
"75",1965.20273972603,1137.17596990633,4834.13984382198,0,199.611188558687,1088.49231118748,9686.54705326794,309.887990249581,10.0646616972001,2.79638481052988,9.45644251911787,345.84,55.470077965613,863.2,395.518600358442,11.7333895109356,0,2.05958962208181
"76",1965.20273972603,1137.17596990633,4834.13984382198,0,199.611188558687,1088.49231118748,9686.54705326794,309.887990249581,10.0646616972001,2.79638481052988,9.45644251911787,345.84,55.470077965613,863.2,395.518600358442,11.7333895109356,0,2.05958962208181
"77",1965.20273972603,1137.17596990633,4834.13984382198,0,199.611188558687,1088.49231118748,9686.54705326794,309.887990249581,10.0646616972001,2.79638481052988,9.45644251911787,345.84,55.470077965613,863.2,395.518600358442,11.7333895109356,0,2.05958962208181
"78",1965.20273972603,1137.17596990633,4834.13984382198,0,199.611188558687,1088.49231118748,9686.54705326794,309.887990249581,10.0646616972001,2.79638481052988,9.45644251911787,345.84,55.470077965613,863.2,395.518600358442,11.7333895109356,0,2.05958962208181
"79",1965.20273972603,1137.17596990633,4834.13984382198,0,199.611188558687,1088.49231118748,9686.54705326794,309.887990249581,10.0646616972001,2.79638481052988,9.45644251911787,345.84,55.470077965613,863.2,395.518600358442,11.7333895109356,0,2.05958962208181
"80",1965.20273972603,1137.17596990633,4834.13984382198,0,199.611188558687,1088.49231118748,9686.54705326794,309.887990249581,10.0646616972001,2.79638481052988,9.45644251911787,345.84,55.470077965613,863.2,395.518600358442,11.7333895109356,0,2.05958962208181
"81",1966,1119.75155267525,4849.12882263866,0,191.050032627503,1028.85718799308,9734.97203086521,283.911314342595,49.6432637951802,13.7929791561126,46.6432640232396,345.84,66.4666723111957,863.2,432.705421862564,13.7008834122243,0,2.3376205343742
"82",1966,1119.75155267525,4849.12882263866,0,191.050032627503,1028.85718799308,9734.97203086521,283.911314342595,0,0,0,345.84,66.4666723111957,863.2,432.705421862564,13.7008834122243,0,2.3376205343742
"83",1966,1119.75155267525,4849.12882263866,0,191.050032627503,1028.85718799308,9734.97203086521,283.911314342595,0,0,0,345.84,66.4666723111957,863.2,432.705421862564,13.7008834122243,0,2.3376205343742
"84",1966.16438356164,1116.14631076851,4851.87653984899,0,189.274242959825,1015.57702787777,9742.64013197066,277.933104889693,8.45474739294041,2.63331436409301,11.5902684627639,345.84,69.0999866752887,863.2,444.295690325327,13.6803671903541,0,2.31989401244703
"85",1966.16438356164,1116.14631076851,4851.87653984899,0,189.274242959825,1015.57702787777,9742.64013197066,277.933104889693,8.45474739294041,2.63331436409301,11.5902684627639,345.84,69.0999866752887,863.2,444.295690325327,13.6803671903541,0,2.31989401244703
"86",1966.16438356164,1116.14631076851,4851.87653984899,0,189.274242959825,1015.57702787777,9742.64013197066,277.933104889693,8.45474739294041,2.63331436409301,11.5902684627639,345.84,69.0999866752887,863.2,444.295690325327,13.6803671903541,0,2.31989401244703
"87",1966.16438356164,1116.14631076851,4851.87653984899,0,189.274242959825,1015.57702787777,9742.64013197066,277.933104889693,8.45474739294041,2.63331436409301,11.5902684627639,345.84,69.0999866752887,863.2,444.295690325327,13.6803671903541,0,2.31989401244703
"88",1966.16438356164,1116.14631076851,4851.87653984899,0,189.274242959825,1015.57702787777,9742.64013197066,277.933104889693,8.45474739294041,2.63331436409301,11.5902684627639,345.84,69.0999866752887,863.2,444.295690325327,13.6803671903541,0,2.31989401244703
"89",1966.16438356164,1116.14631076851,4851.87653984899,0,189.274242959825,1015.57702787777,9742.64013197066,277.933104889693,8.45474739294041,2.63331436409301,11.5902684627639,345.84,69.0999866752887,863.2,444.295690325327,13.6803671903541,0,2.31989401244703
"90",1966.20273972603,1115.32057231802,4852.50080333358,0,188.862178566063,1012.59214111894,9744.30696168976,276.552395446284,10.4275217846187,3.2468537237496,14.2890349459008,345.84,69.7135260349453,863.2,446.994456808464,13.6756677112241,0,2.31576146033007
"91",1966.20273972603,1147.00057231802,4860.42080333358,0,188.862178566063,1112.19214111894,9744.30696168976,276.552395446284,10.4275217846187,3.2468537237496,14.2890349459008,385.44,69.7135260349453,962.8,446.994456808464,13.9211329827553,0,2.29221812672476
"92",1966.20273972603,1147.00057231802,4860.42080333358,0,188.862178566063,1112.19214111894,9744.30696168976,276.552395446284,10.4275217846187,3.2468537237496,14.2890349459008,385.44,69.7135260349453,962.8,446.994456808464,13.9211329827553,0,2.29221812672476
"93",1966.20273972603,1147.00057231802,4860.42080333358,0,188.862178566063,1112.19214111894,9744.30696168976,276.552395446284,10.4275217846187,3.2468537237496,14.2890349459008,385.44,69.7135260349453,962.8,446.994456808464,13.9211329827553,0,2.29221812672476
"94",1966.20273972603,1147.00057231802,4860.42080333358,0,188.862178566063,1112.19214111894,9744.30696168976,276.552395446284,10.4275217846187,3.2468537237496,14.2890349459008,385.44,69.7135260349453,962.8,446.994456808464,13.9211329827553,0,2.29221812672476
"95",1966.20273972603,1147.00057231802,4860.42080333358,0,188.862178566063,1112.19214111894,9744.30696168976,276.552395446284,10.4275217846187,3.2468537237496,14.2890349459008,385.44,69.7135260349453,962.8,446.994456808464,13.9211329827553,0,2.29221812672476
"96",1966.20273972603,1147.00057231802,4860.42080333358,0,188.862178566063,1112.19214111894,9744.30696168976,276.552395446284,10.4275217846187,3.2468537237496,14.2890349459008,385.44,69.7135260349453,962.8,446.994456808464,13.9211329827553,0,2.29221812672476
"97",1967,1127.53320978494,4875.39571827151,0,180.506935996722,1033.99637041458,9792.95830783343,249.630545930753,51.4330516241022,16.0945438882436,70.7553090221196,385.44,82.5612161994393,962.8,503.460730884683,10.6997081978417,0,1.71291765607489
"98",1967,1127.53320978494,4875.39571827151,0,180.506935996722,1033.99637041458,9792.95830783343,249.630545930753,0,0,0,385.44,82.5612161994393,962.8,503.460730884683,10.6997081978417,0,1.71291765607489
"99",1967,1127.53320978494,4875.39571827151,0,180.506935996722,1033.99637041458,9792.95830783343,249.630545930753,0,0,0,385.44,82.5612161994393,962.8,503.460730884683,10.6997081978417,0,1.71291765607489
"100",1967.16438356164,1124.36543025746,4878.12291544742,0,178.910103455025,1011.98071739559,9799.91684614951,242.232125800399,12.4715573625318,2.03741489327078,22.4555348332578,385.44,84.5986310927101,962.8,525.916265717941,10.6771019514558,0,1.69895068216158
"101",1967.16438356164,1124.36543025746,4886.99331544742,0,243.959703455025,1011.98071739559,9799.91684614951,391.632125800399,12.4715573625318,2.03741489327078,22.4555348332578,459.36,84.5986310927101,1112.2,525.916265717941,10.5740791381291,0,2.29431565701665
"102",1967.16438356164,1124.36543025746,4886.99331544742,0,243.959703455025,1011.98071739559,9799.91684614951,391.632125800399,12.4715573625318,2.03741489327078,22.4555348332578,459.36,84.5986310927101,1112.2,525.916265717941,10.5740791381291,0,2.29431565701665
"103",1967.16438356164,1124.36543025746,4886.99331544742,0,243.959703455025,1011.98071739559,9799.91684614951,391.632125800399,12.4715573625318,2.03741489327078,22.4555348332578,459.36,84.5986310927101,1112.2,525.916265717941,10.5740791381291,0,2.29431565701665
"104",1967.16438356164,1124.36543025746,4886.99331544742,0,243.959703455025,1011.98071739559,9799.91684614951,391.632125800399,12.4715573625318,2.03741489327078,22.4555348332578,459.36,84.5986310927101,1112.2,525.916265717941,10.5740791381291,0,2.29431565701665
"105",1967.16438356164,1124.36543025746,4886.99331544742,0,243.959703455025,1011.98071739559,9799.91684614951,391.632125800399,12.4715573625318,2.03741489327078,22.4555348332578,459.36,84.5986310927101,1112.2,525.916265717941,10.5740791381291,0,2.29431565701665
"106",1967.20273972603,1123.65554519526,4887.7142625468,0,243.455232784902,1007.21613065935,9801.77806107997,388.945651394289,15.3934148294907,2.53082352620635,28.0453810451506,459.36,85.0920397256457,1112.2,531.506111929834,10.5693487145795,0,2.28999292772202
"107",1967.20273972603,1155.33554519526,4895.6342625468,0,243.455232784902,1140.01613065935,9801.77806107997,388.945651394289,15.3934148294907,2.53082352620635,28.0453810451506,498.96,85.0920397256457,1245,531.506111929834,10.8148657989517,0,2.27893591742327
"108",1967.20273972603,1155.33554519526,4895.6342625468,0,243.455232784902,1140.01613065935,9801.77806107997,388.945651394289,15.3934148294907,2.53082352620635,28.0453810451506,498.96,85.0920397256457,1245,531.506111929834,10.8148657989517,0,2.27893591742327
"109",1967.20273972603,1155.33554519526,4895.6342625468,0,243.455232784902,1140.01613065935,9801.77806107997,388.945651394289,15.3934148294907,2.53082352620635,28.0453810451506,498.96,85.0920397256457,1245,531.506111929834,10.8148657989517,0,2.27893591742327
"110",1967.20273972603,1155.33554519526,4895.6342625468,0,243.455232784902,1140.01613065935,9801.77806107997,388.945651394289,15.3934148294907,2.53082352620635,28.0453810451506,498.96,85.0920397256457,1245,531.506111929834,10.8148657989517,0,2.27893591742327
"111",1967.20273972603,1155.33554519526,4895.6342625468,0,243.455232784902,1140.01613065935,9801.77806107997,388.945651394289,15.3934148294907,2.53082352620635,28.0453810451506,498.96,85.0920397256457,1245,531.506111929834,10.8148657989517,0,2.27893591742327
"112",1967.20273972603,1155.33554519526,4895.6342625468,0,243.455232784902,1140.01613065935,9801.77806107997,388.945651394289,15.3934148294907,2.53082352620635,28.0453810451506,498.96,85.0920397256457,1245,531.506111929834,10.8148657989517,0,2.27893591742327
"113",1968,1138.15820431458,4912.70281695621,0,233.207003333398,1019.05847270092,9856.15747749588,337.382874355159,76.1868243532855,12.8878394489848,146.186399626807,498.96,95.449055648424,1245,649.64713051149,11.7319919828813,0,2.40386853346708
"114",1968,1138.15820431458,4912.70281695621,0,233.207003333398,1019.05847270092,9856.15747749588,337.382874355159,0,0,0,498.96,95.449055648424,1245,649.64713051149,11.7319919828813,0,2.40386853346708
"115",1968,1138.15820431458,4912.70281695621,0,233.207003333398,1019.05847270092,9856.15747749588,337.382874355159,0,0,0,498.96,95.449055648424,1245,649.64713051149,11.7319919828813,0,2.40386853346708
"116",1968.16438356164,1134.7609109231,4915.87120089307,0,231.112209689437,1010.05449329919,9863.39448945018,331.294575766232,8.34841672128039,2.32370309857604,7.85526603634927,498.96,97.7727587470001,1245,657.502396547839,11.7440058773686,0,2.39185463897982
"117",1968.16438356164,1134.7609109231,4915.87120089307,0,231.112209689437,1010.05449329919,9863.39448945018,331.294575766232,8.34841672128039,2.32370309857604,7.85526603634927,498.96,97.7727587470001,1245,657.502396547839,11.7440058773686,0,2.39185463897982
"118",1968.16438356164,1134.7609109231,4915.87120089307,0,231.112209689437,1010.05449329919,9863.39448945018,331.294575766232,8.34841672128039,2.32370309857604,7.85526603634927,498.96,97.7727587470001,1245,657.502396547839,11.7440058773686,0,2.39185463897982
"119",1968.16438356164,1134.7609109231,4915.87120089307,0,231.112209689437,1010.05449329919,9863.39448945018,331.294575766232,8.34841672128039,2.32370309857604,7.85526603634927,498.96,97.7727587470001,1245,657.502396547839,11.7440058773686,0,2.39185463897982
"120",1968.16438356164,1134.7609109231,4915.87120089307,0,231.112209689437,1010.05449329919,9863.39448945018,331.294575766232,8.34841672128039,2.32370309857604,7.85526603634927,498.96,97.7727587470001,1245,657.502396547839,11.7440058773686,0,2.39185463897982
"121",1968.16438356164,1134.7609109231,4915.87120089307,0,231.112209689437,1010.05449329919,9863.39448945018,331.294575766232,8.34841672128039,2.32370309857604,7.85526603634927,498.96,97.7727587470001,1245,657.502396547839,11.7440058773686,0,2.39185463897982
"122",1968.20273972603,1133.98251133422,4916.59370037872,0,230.625912403003,1008.02890598999,9864.99498286326,329.886774253872,10.2963806229072,2.86590048824231,9.68816144482581,498.96,98.3149561366664,1245,659.335291956316,11.746826656909,0,2.38903385943939
"123",1968.20273972603,1165.66251133422,4924.51370037872,0,230.625912403003,1107.62890598999,9864.99498286326,329.886774253872,10.2963806229072,2.86590048824231,9.68816144482581,538.56,98.3149561366664,1344.6,659.335291956316,11.8010307822032,0,2.33482973414523
"124",1968.20273972603,1165.66251133422,4924.51370037872,0,230.625912403003,1107.62890598999,9864.99498286326,329.886774253872,10.2963806229072,2.86590048824231,9.68816144482581,538.56,98.3149561366664,1344.6,659.335291956316,11.8010307822032,0,2.33482973414523
"125",1968.20273972603,1165.66251133422,4924.51370037872,0,230.625912403003,1107.62890598999,9864.99498286326,329.886774253872,10.2963806229072,2.86590048824231,9.68816144482581,538.56,98.3149561366664,1344.6,659.335291956316,11.8010307822032,0,2.33482973414523
"126",1968.20273972603,1165.66251133422,4924.51370037872,0,230.625912403003,1107.62890598999,9864.99498286326,329.886774253872,10.2963806229072,2.86590048824231,9.68816144482581,538.56,98.3149561366664,1344.6,659.335291956316,11.8010307822032,0,2.33482973414523
"127",1968.20273972603,1165.66251133422,4924.51370037872,0,230.625912403003,1107.62890598999,9864.99498286326,329.886774253872,10.2963806229072,2.86590048824231,9.68816144482581,538.56,98.3149561366664,1344.6,659.335291956316,11.8010307822032,0,2.33482973414523
"128",1968.20273972603,1165.66251133422,4924.51370037872,0,230.625912403003,1107.62890598999,9864.99498286326,329.886774253872,10.2963806229072,2.86590048824231,9.68816144482581,538.56,98.3149561366664,1344.6,659.335291956316,11.8010307822032,0,2.33482973414523
"129",1969,1147.22297827271,4941.54087556838,0,220.768299016123,1047.22676803219,9914.92392389513,302.261819877137,50.7862127198994,14.1358717469709,47.7863127474929,538.56,109.584927395395,1344.6,697.433443258983,14.0108827548784,0,2.69621408574467
"130",1969,1147.22297827271,4941.54087556838,0,220.768299016123,1047.22676803219,9914.92392389513,302.261819877137,0,0,0,538.56,109.584927395395,1344.6,697.433443258983,14.0108827548784,0,2.69621408574467
"131",1969,1147.22297827271,4941.54087556838,0,220.768299016123,1047.22676803219,9914.92392389513,302.261819877137,0,0,0,538.56,109.584927395395,1344.6,697.433443258983,14.0108827548784,0,2.69621408574467
"132",1969.16438356164,1143.39074689077,4944.68137850468,0,218.717080313253,1033.66826832424,9922.85639229465,295.875425773923,8.76235869332123,2.74294714851426,12.0124254116422,538.56,112.327874543909,1344.6,709.445868670625,13.9895115499887,0,2.67602753436866
"133",1969.16438356164,1143.39074689077,4944.68137850468,0,218.717080313253,1033.66826832424,9922.85639229465,295.875425773923,8.76235869332123,2.74294714851426,12.0124254116422,538.56,112.327874543909,1344.6,709.445868670625,13.9895115499887,0,2.67602753436866
"134",1969.16438356164,1143.39074689077,4944.68137850468,0,218.717080313253,1033.66826832424,9922.85639229465,295.875425773923,8.76235869332123,2.74294714851426,12.0124254116422,538.56,112.327874543909,1344.6,709.445868670625,13.9895115499887,0,2.67602753436866
"135",1969.16438356164,1143.39074689077,4944.68137850468,0,218.717080313253,1033.66826832424,9922.85639229465,295.875425773923,8.76235869332123,2.74294714851426,12.0124254116422,538.56,112.327874543909,1344.6,709.445868670625,13.9895115499887,0,2.67602753436866
"136",1969.16438356164,1143.39074689077,4944.68137850468,0,218.717080313253,1033.66826832424,9922.85639229465,295.875425773923,8.76235869332123,2.74294714851426,12.0124254116422,538.56,112.327874543909,1344.6,709.445868670625,13.9895115499887,0,2.67602753436866
"137",1969.16438356164,1143.39074689077,4944.68137850468,0,218.717080313253,1033.66826832424,9922.85639229465,295.875425773923,8.76235869332123,2.74294714851426,12.0124254116422,538.56,112.327874543909,1344.6,709.445868670625,13.9895115499887,0,2.67602753436866
"138",1969.20273972603,1142.51318019796,4945.3958863687,0,218.241097007588,1030.6211468061,9924.58177004624,294.400544471941,10.8069090550923,3.38198928296704,14.8090504801698,538.56,112.966916678362,1344.6,712.242493739153,13.9846179768622,0,2.67132005249482
"139",1969.20273972603,1174.19318019796,4953.3158863687,0,218.241097007588,1130.2211468061,9924.58177004624,294.400544471941,10.8069090550923,3.38198928296704,14.8090504801698,578.16,112.966916678362,1444.2,712.242493739153,14.2315590485169,0,2.64514486309055
"140",1969.20273972603,1174.19318019796,4953.3158863687,0,218.241097007588,1130.2211468061,9924.58177004624,294.400544471941,10.8069090550923,3.38198928296704,14.8090504801698,578.16,112.966916678362,1444.2,712.242493739153,14.2315590485169,0,2.64514486309055
"141",1969.20273972603,1174.19318019796,4953.3158863687,0,218.241097007588,1130.2211468061,9924.58177004624,294.400544471941,10.8069090550923,3.38198928296704,14.8090504801698,578.16,112.966916678362,1444.2,712.242493739153,14.2315590485169,0,2.64514486309055
"142",1969.20273972603,1174.19318019796,4953.3158863687,0,218.241097007588,1130.2211468061,9924.58177004624,294.400544471941,10.8069090550923,3.38198928296704,14.8090504801698,578.16,112.966916678362,1444.2,712.242493739153,14.2315590485169,0,2.64514486309055
"143",1969.20273972603,1174.19318019796,4953.3158863687,0,218.241097007588,1130.2211468061,9924.58177004624,294.400544471941,10.8069090550923,3.38198928296704,14.8090504801698,578.16,112.966916678362,1444.2,712.242493739153,14.2315590485169,0,2.64514486309055
"144",1969.20273972603,1174.19318019796,4953.3158863687,0,218.241097007588,1130.2211468061,9924.58177004624,294.400544471941,10.8069090550923,3.38198928296704,14.8090504801698,578.16,112.966916678362,1444.2,712.242493739153,14.2315590485169,0,2.64514486309055
"145",1970,1153.73868042882,4970.0524848121,0,208.588533005729,1050.8604185736,9974.19898083202,265.624653637933,53.304348876024,16.752454610564,73.3284587608875,578.16,126.337382005959,1444.2,770.76190201987,10.9732881095087,0,1.98389991411304
"146",1970,1153.73868042882,4970.0524848121,0,208.588533005729,1050.8604185736,9974.19898083202,265.624653637933,0,0,0,578.16,126.337382005959,1444.2,770.76190201987,10.9732881095087,0,1.98389991411304
"147",1970,1153.73868042882,4970.0524848121,0,208.588533005729,1050.8604185736,9974.19898083202,265.624653637933,0,0,0,578.16,126.337382005959,1444.2,770.76190201987,10.9732881095087,0,1.98389991411304
"148",1970.16438356164,1150.39310467495,4973.11741310529,0,206.742543638127,1028.44111654041,9981.29692394441,257.711472110316,13.1125496087546,2.12663682828217,23.2345404484234,578.16,128.464018834241,1444.2,793.996442468294,10.9492870747523,0,1.96774776522844
"149",1970.16438356164,1150.39310467495,4981.98781310529,0,271.792143638127,1028.44111654041,9981.29692394441,407.111472110316,13.1125496087546,2.12663682828217,23.2345404484234,652.08,128.464018834241,1593.6,793.996442468294,10.850133501773,0,2.56345507568039
"150",1970.16438356164,1150.39310467495,4981.98781310529,0,271.792143638127,1028.44111654041,9981.29692394441,407.111472110316,13.1125496087546,2.12663682828217,23.2345404484234,652.08,128.464018834241,1593.6,793.996442468294,10.850133501773,0,2.56345507568039
"151",1970.16438356164,1150.39310467495,4981.98781310529,0,271.792143638127,1028.44111654041,9981.29692394441,407.111472110316,13.1125496087546,2.12663682828217,23.2345404484234,652.08,128.464018834241,1593.6,793.996442468294,10.850133501773,0,2.56345507568039
"152",1970.16438356164,1150.39310467495,4981.98781310529,0,271.792143638127,1028.44111654041,9981.29692394441,407.111472110316,13.1125496087546,2.12663682828217,23.2345404484234,652.08,128.464018834241,1593.6,793.996442468294,10.850133501773,0,2.56345507568039
"153",1970.16438356164,1150.39310467495,4981.98781310529,0,271.792143638127,1028.44111654041,9981.29692394441,407.111472110316,13.1125496087546,2.12663682828217,23.2345404484234,652.08,128.464018834241,1593.6,793.996442468294,10.850133501773,0,2.56345507568039
"154",1970.20273972603,1149.6425169248,4982.78640337781,0,271.229836830764,1023.58086262641,9983.18639479322,404.300516252009,16.1845035923758,2.64094111326962,29.0162793719137,652.08,128.978323119229,1593.6,799.778181391784,10.8450784707726,0,2.55862915709899
"155",1970.20273972603,1181.3225169248,4990.70640337781,0,271.229836830764,1156.38086262641,9983.18639479322,404.300516252009,16.1845035923758,2.64094111326962,29.0162793719137,691.68,128.978323119229,1726.4,799.778181391784,11.0934694599296,0,2.54704356210566
"156",1970.20273972603,1181.3225169248,4990.70640337781,0,271.229836830764,1156.38086262641,9983.18639479322,404.300516252009,16.1845035923758,2.64094111326962,29.0162793719137,691.68,128.978323119229,1726.4,799.778181391784,11.0934694599296,0,2.54704356210566
"157",1970.20273972603,1181.3225169248,4990.70640337781,0,271.229836830764,1156.38086262641,9983.18639479322,404.300516252009,16.1845035923758,2.64094111326962,29.0162793719137,691.68,128.978323119229,1726.4,799.778181391784,11.0934694599296,0,2.54704356210566
"158",1970.20273972603,1181.3225169248,4990.70640337781,0,271.229836830764,1156.38086262641,9983.18639479322,404.300516252009,16.1845035923758,2.64094111326962,29.0162793719137,691.68,128.978323119229,1726.4,799.778181391784,11.0934694599296,0,2.54704356210566
"159",1970.20273972603,1181.3225169248,4990.70640337781,0,271.229836830764,1156.38086262641,9983.18639479322,404.300516252009,16.1845035923758,2.64094111326962,29.0162793719137,691.68,128.978323119229,1726.4,799.778181391784,11.0934694599296,0,2.54704356210566
"160",1970.20273972603,1181.3225169248,4990.70640337781,0,271.229836830764,1156.38086262641,9983.18639479322,404.300516252009,16.1845035923758,2.64094111326962,29.0162793719137,691.68,128.978323119229,1726.4,799.778181391784,11.0934694599296,0,2.54704356210566
"161",1971,1163.37207271157,5009.2943214034,0,259.806230471919,1033.64609722692,10037.7937207006,350.339006649852,80.0973412469764,13.4270736597594,151.105228466161,691.68,139.764455665718,1726.4,921.867130486031,11.8355963805852,0,2.64314551909421
"162",1971,1163.37207271157,5009.2943214034,0,259.806230471919,1033.64609722692,10037.7937207006,350.339006649852,0,0,0,691.68,139.764455665718,1726.4,921.867130486031,11.8355963805852,0,2.64314551909421
"163",1971,1163.37207271157,5009.2943214034,0,259.806230471919,1033.64609722692,10037.7937207006,350.339006649852,0,0,0,691.68,139.764455665718,1726.4,921.867130486031,11.8355963805852,0,2.64314551909421
"164",1971.16438356164,1159.85913866635,5012.75523713598,0,257.478181622969,1024.70734952024,10045.0184268368,344.009901973953,8.53629693133088,2.38006716159105,8.0431462463994,691.68,142.144522827309,1726.4,929.91027673243,11.8484857968085,0,2.63025610287097
"165",1971.16438356164,1159.85913866635,5012.75523713598,0,257.478181622969,1024.70734952024,10045.0184268368,344.009901973953,8.53629693133088,2.38006716159105,8.0431462463994,691.68,142.144522827309,1726.4,929.91027673243,11.8484857968085,0,2.63025610287097
"166",1971.16438356164,1159.85913866635,5012.75523713598,0,257.478181622969,1024.70734952024,10045.0184268368,344.009901973953,8.53629693133088,2.38006716159105,8.0431462463994,691.68,142.144522827309,1726.4,929.91027673243,11.8484857968085,0,2.63025610287097
"167",1971.16438356164,1159.85913866635,5012.75523713598,0,257.478181622969,1024.70734952024,10045.0184268368,344.009901973953,8.53629693133088,2.38006716159105,8.0431462463994,691.68,142.144522827309,1726.4,929.91027673243,11.8484857968085,0,2.63025610287097
"168",1971.16438356164,1159.85913866635,5012.75523713598,0,257.478181622969,1024.70734952024,10045.0184268368,344.009901973953,8.53629693133088,2.38006716159105,8.0431462463994,691.68,142.144522827309,1726.4,929.91027673243,11.8484857968085,0,2.63025610287097
"169",1971.16438356164,1159.85913866635,5012.75523713598,0,257.478181622969,1024.70734952024,10045.0184268368,344.009901973953,8.53629693133088,2.38006716159105,8.0431462463994,691.68,142.144522827309,1726.4,929.91027673243,11.8484857968085,0,2.63025610287097
"170",1971.20273972603,1159.05439227013,5013.54509131999,0,256.937724830804,1022.69650188698,10046.6159835091,342.546458810735,10.5280995486437,2.93541616596293,9.9198803705614,691.68,142.699871831681,1726.4,931.787010856592,11.8515132893023,0,2.62722861037713
"171",1971.20273972603,1190.73439227013,5021.46509131999,0,256.937724830804,1122.29650188698,10046.6159835091,342.546458810735,10.5280995486437,2.93541616596293,9.9198803705614,731.28,142.699871831681,1826,931.787010856592,11.9090060056388,0,2.56973589404063
"172",1971.20273972603,1190.73439227013,5021.46509131999,0,256.937724830804,1122.29650188698,10046.6159835091,342.546458810735,10.5280995486437,2.93541616596293,9.9198803705614,731.28,142.699871831681,1826,931.787010856592,11.9090060056388,0,2.56973589404063
"173",1971.20273972603,1190.73439227013,5021.46509131999,0,256.937724830804,1122.29650188698,10046.6159835091,342.546458810735,10.5280995486437,2.93541616596293,9.9198803705614,731.28,142.699871831681,1826,931.787010856592,11.9090060056388,0,2.56973589404063
"174",1971.20273972603,1190.73439227013,5021.46509131999,0,256.937724830804,1122.29650188698,10046.6159835091,342.546458810735,10.5280995486437,2.93541616596293,9.9198803705614,731.28,142.699871831681,1826,931.787010856592,11.9090060056388,0,2.56973589404063
"175",1971.20273972603,1190.73439227013,5021.46509131999,0,256.937724830804,1122.29650188698,10046.6159835091,342.546458810735,10.5280995486437,2.93541616596293,9.9198803705614,731.28,142.699871831681,1826,931.787010856592,11.9090060056388,0,2.56973589404063
"176",1971.20273972603,1190.73439227013,5021.46509131999,0,256.937724830804,1122.29650188698,10046.6159835091,342.546458810735,10.5280995486437,2.93541616596293,9.9198803705614,731.28,142.699871831681,1826,931.787010856592,11.9090060056388,0,2.56973589404063
"177",1972,1171.79459817453,5039.81993477631,0,245.979349715605,1062.13991285134,10096.4870178472,313.822754018362,51.92913968929,14.4787419204392,48.9291398604817,731.28,154.243197586157,1826,970.796270346513,14.317855732033,0,3.0055581821028
"178",1972,1171.79459817453,5039.81993477631,0,245.979349715605,1062.13991285134,10096.4870178472,313.822754018362,0,0,0,731.28,154.243197586157,1826,970.796270346513,14.317855732033,0,3.0055581821028
"179",1972,1171.79459817453,5039.81993477631,0,245.979349715605,1062.13991285134,10096.4870178472,313.822754018362,0,0,0,731.28,154.243197586157,1826,970.796270346513,14.317855732033,0,3.0055581821028
"180",1972.16438356164,1167.83877033723,5043.21742676591,0,243.693643412815,1048.4821057426,10104.4029670559,307.156000133785,9.06996999364739,2.844042150495,12.4086117846512,731.28,157.087239736652,1826,983.204882131164,14.2960499488513,0,2.98316564489562
"181",1972.16438356164,1167.83877033723,5043.21742676591,0,243.693643412815,1048.4821057426,10104.4029670559,307.156000133785,9.06996999364739,2.844042150495,12.4086117846512,731.28,157.087239736652,1826,983.204882131164,14.2960499488513,0,2.98316564489562
"182",1972.16438356164,1167.83877033723,5043.21742676591,0,243.693643412815,1048.4821057426,10104.4029670559,307.156000133785,9.06996999364739,2.844042150495,12.4086117846512,731.28,157.087239736652,1826,983.204882131164,14.2960499488513,0,2.98316564489562
"183",1972.16438356164,1167.83877033723,5043.21742676591,0,243.693643412815,1048.4821057426,10104.4029670559,307.156000133785,9.06996999364739,2.844042150495,12.4086117846512,731.28,157.087239736652,1826,983.204882131164,14.2960499488513,0,2.98316564489562
"184",1972.16438356164,1167.83877033723,5043.21742676591,0,243.693643412815,1048.4821057426,10104.4029670559,307.156000133785,9.06996999364739,2.844042150495,12.4086117846512,731.28,157.087239736652,1826,983.204882131164,14.2960499488513,0,2.98316564489562
"185",1972.16438356164,1167.83877033723,5043.21742676591,0,243.693643412815,1048.4821057426,10104.4029670559,307.156000133785,9.06996999364739,2.844042150495,12.4086117846512,731.28,157.087239736652,1826,983.204882131164,14.2960499488513,0,2.98316564489562
"186",1972.20273972603,1166.93301502391,5043.99101172331,0,243.163245069566,1045.41300096031,10106.1232352138,305.616593001782,11.1862963255018,3.50661084965816,15.2968555409903,731.28,157.749808435816,1826,986.093125887503,14.2910588895388,0,2.97794321552322
"187",1972.20273972603,1198.61301502391,5051.91101172331,0,243.163245069566,1145.01300096031,10106.1232352138,305.616593001782,11.1862963255018,3.50661084965816,15.2968555409903,770.88,157.749808435816,1925.6,986.093125887503,14.5406425640891,0,2.94986771123124
"188",1972.20273972603,1198.61301502391,5051.91101172331,0,243.163245069566,1145.01300096031,10106.1232352138,305.616593001782,11.1862963255018,3.50661084965816,15.2968555409903,770.88,157.749808435816,1925.6,986.093125887503,14.5406425640891,0,2.94986771123124
"189",1972.20273972603,1198.61301502391,5051.91101172331,0,243.163245069566,1145.01300096031,10106.1232352138,305.616593001782,11.1862963255018,3.50661084965816,15.2968555409903,770.88,157.749808435816,1925.6,986.093125887503,14.5406425640891,0,2.94986771123124
"190",1972.20273972603,1198.61301502391,5051.91101172331,0,243.163245069566,1145.01300096031,10106.1232352138,305.616593001782,11.1862963255018,3.50661084965816,15.2968555409903,770.88,157.749808435816,1925.6,986.093125887503,14.5406425640891,0,2.94986771123124
"191",1972.20273972603,1198.61301502391,5051.91101172331,0,243.163245069566,1145.01300096031,10106.1232352138,305.616593001782,11.1862963255018,3.50661084965816,15.2968555409903,770.88,157.749808435816,1925.6,986.093125887503,14.5406425640891,0,2.94986771123124
"192",1972.20273972603,1198.61301502391,5051.91101172331,0,243.163245069566,1145.01300096031,10106.1232352138,305.616593001782,11.1862963255018,3.50661084965816,15.2968555409903,770.88,157.749808435816,1925.6,986.093125887503,14.5406425640891,0,2.94986771123124
"193",1973,1177.62290403124,5069.80330414143,0,232.406206068414,1065.19101010702,10155.5253488397,275.572197518204,55.17566547211,17.3614684253614,75.7611282519479,770.88,171.604666011519,1925.6,1046.55739859846,11.2327580319833,0,2.21680698376472
"194",1973,1177.62290403124,5069.80330414143,0,232.406206068414,1065.19101010702,10155.5253488397,275.572197518204,0,0,0,770.88,171.604666011519,1925.6,1046.55739859846,11.2327580319833,0,2.21680698376472
"195",1973,1177.62290403124,5069.80330414143,0,232.406206068414,1065.19101010702,10155.5253488397,275.572197518204,0,0,0,770.88,171.604666011519,1925.6,1046.55739859846,11.2327580319833,0,2.21680698376472
"196",1973.16438356164,1174.18630737594,5073.09036337541,0,230.348394205652,1042.52742837609,10162.5508896834,267.315969243896,13.7466031279238,2.20734928407751,23.8942691615898,770.88,173.812015295596,1925.6,1070.45166776005,11.207928741516,0,2.19873828519531
"197",1973.16438356164,1174.18630737594,5081.96076337541,0,295.397994205652,1042.52742837609,10162.5508896834,416.715969243896,13.7466031279238,2.20734928407751,23.8942691615898,844.8,173.812015295596,2075,1070.45166776005,11.1126624368403,0,2.79568768048673
"198",1973.16438356164,1174.18630737594,5081.96076337541,0,295.397994205652,1042.52742837609,10162.5508896834,416.715969243896,13.7466031279238,2.20734928407751,23.8942691615898,844.8,173.812015295596,2075,1070.45166776005,11.1126624368403,0,2.79568768048673
"199",1973.16438356164,1174.18630737594,5081.96076337541,0,295.397994205652,1042.52742837609,10162.5508896834,416.715969243896,13.7466031279238,2.20734928407751,23.8942691615898,844.8,173.812015295596,2075,1070.45166776005,11.1126624368403,0,2.79568768048673
"200",1973.16438356164,1174.18630737594,5081.96076337541,0,295.397994205652,1042.52742837609,10162.5508896834,416.715969243896,13.7466031279238,2.20734928407751,23.8942691615898,844.8,173.812015295596,2075,1070.45166776005,11.1126624368403,0,2.79568768048673
"201",1973.16438356164,1174.18630737594,5081.96076337541,0,295.397994205652,1042.52742837609,10162.5508896834,416.715969243896,13.7466031279238,2.20734928407751,23.8942691615898,844.8,173.812015295596,2075,1070.45166776005,11.1126624368403,0,2.79568768048673
"202",1973.20273972603,1173.41485074058,5082.81046251689,0,294.786482625768,1037.60734201315,10164.4209301181,413.818750299692,16.9672076457982,2.74061835785285,29.8415340340366,844.8,174.345284369372,2075,1076.3989326325,11.1074100985857,0,2.7904149602142
"203",1973.20273972603,1205.09485074058,5090.73046251689,0,294.786482625768,1170.40734201315,10164.4209301181,413.818750299692,16.9672076457982,2.74061835785285,29.8415340340366,884.4,174.345284369372,2207.8,1076.3989326325,11.3588292431326,0,2.77856080562624
"204",1973.20273972603,1205.09485074058,5090.73046251689,0,294.786482625768,1170.40734201315,10164.4209301181,413.818750299692,16.9672076457982,2.74061835785285,29.8415340340366,884.4,174.345284369372,2207.8,1076.3989326325,11.3588292431326,0,2.77856080562624
"205",1973.20273972603,1205.09485074058,5090.73046251689,0,294.786482625768,1170.40734201315,10164.4209301181,413.818750299692,16.9672076457982,2.74061835785285,29.8415340340366,884.4,174.345284369372,2207.8,1076.3989326325,11.3588292431326,0,2.77856080562624
"206",1973.20273972603,1205.09485074058,5090.73046251689,0,294.786482625768,1170.40734201315,10164.4209301181,413.818750299692,16.9672076457982,2.74061835785285,29.8415340340366,884.4,174.345284369372,2207.8,1076.3989326325,11.3588292431326,0,2.77856080562624
"207",1973.20273972603,1205.09485074058,5090.73046251689,0,294.786482625768,1170.40734201315,10164.4209301181,413.818750299692,16.9672076457982,2.74061835785285,29.8415340340366,884.4,174.345284369372,2207.8,1076.3989326325,11.3588292431326,0,2.77856080562624
"208",1973.20273972603,1205.09485074058,5090.73046251689,0,294.786482625768,1170.40734201315,10164.4209301181,413.818750299692,16.9672076457982,2.74061835785285,29.8415340340366,884.4,174.345284369372,2207.8,1076.3989326325,11.3588292431326,0,2.77856080562624
"209",1974,1186.75011583792,5110.32181866819,0,282.362908001251,1046.52027875774,10218.3990015287,358.201922565058,83.9709217399813,13.9175717337212,155.367353613498,884.4,185.52223774524,2207.8,1201.92475221196,11.9729134944652,0,2.84870978854519
"210",1974,1186.75011583792,5110.32181866819,0,282.362908001251,1046.52027875774,10218.3990015287,358.201922565058,0,0,0,884.4,185.52223774524,2207.8,1201.92475221196,11.9729134944652,0,2.84870978854519
"211",1974,1186.75011583792,5110.32181866819,0,282.362908001251,1046.52027875774,10218.3990015287,358.201922565058,0,0,0,884.4,185.52223774524,2207.8,1201.92475221196,11.9729134944652,0,2.84870978854519
"212",1974.16438356164,1183.18517417357,5113.97660736159,0,279.836629747595,1037.7165290847,10225.4596860703,351.713961240045,8.7241771413785,2.43643122460527,8.23102645644682,884.4,187.958668969845,2207.8,1210.15577866841,11.9866463224554,0,2.834976960555
"213",1974.16438356164,1183.18517417357,5113.97660736159,0,279.836629747595,1037.7165290847,10225.4596860703,351.713961240045,8.7241771413785,2.43643122460527,8.23102645644682,884.4,187.958668969845,2207.8,1210.15577866841,11.9866463224554,0,2.834976960555
"214",1974.16438356164,1183.18517417357,5113.97660736159,0,279.836629747595,1037.7165290847,10225.4596860703,351.713961240045,8.7241771413785,2.43643122460527,8.23102645644682,884.4,187.958668969845,2207.8,1210.15577866841,11.9866463224554,0,2.834976960555
"215",1974.16438356164,1183.18517417357,5113.97660736159,0,279.836629747595,1037.7165290847,10225.4596860703,351.713961240045,8.7241771413785,2.43643122460527,8.23102645644682,884.4,187.958668969845,2207.8,1210.15577866841,11.9866463224554,0,2.834976960555
"216",1974.16438356164,1183.18517417357,5113.97660736159,0,279.836629747595,1037.7165290847,10225.4596860703,351.713961240045,8.7241771413785,2.43643122460527,8.23102645644682,884.4,187.958668969845,2207.8,1210.15577866841,11.9866463224554,0,2.834976960555
"217",1974.16438356164,1183.18517417357,5113.97660736159,0,279.836629747595,1037.7165290847,10225.4596860703,351.713961240045,8.7241771413785,2.43643122460527,8.23102645644682,884.4,187.958668969845,2207.8,1210.15577866841,11.9866463224554,0,2.834976960555
"218",1974.20273972603,1182.36861006862,5114.81115261254,0,279.250147982525,1035.73585703134,10227.0198902427,350.213856281186,10.7598184743688,3.00493184368039,10.1515992962863,884.4,188.52716958892,2207.8,1212.07635150825,11.9898722040625,0,2.83175107894797
"219",1974.20273972603,1214.04861006862,5122.73115261254,0,279.250147982525,1135.33585703134,10227.0198902427,350.213856281186,10.7598184743688,3.00493184368039,10.1515992962863,924,188.52716958892,2307.4,1212.07635150825,12.0499471714442,0,2.77167611156625
"220",1974.20273972603,1214.04861006862,5122.73115261254,0,279.250147982525,1135.33585703134,10227.0198902427,350.213856281186,10.7598184743688,3.00493184368039,10.1515992962863,924,188.52716958892,2307.4,1212.07635150825,12.0499471714442,0,2.77167611156625
"221",1974.20273972603,1214.04861006862,5122.73115261254,0,279.250147982525,1135.33585703134,10227.0198902427,350.213856281186,10.7598184743688,3.00493184368039,10.1515992962863,924,188.52716958892,2307.4,1212.07635150825,12.0499471714442,0,2.77167611156625
"222",1974.20273972603,1214.04861006862,5122.73115261254,0,279.250147982525,1135.33585703134,10227.0198902427,350.213856281186,10.7598184743688,3.00493184368039,10.1515992962863,924,188.52716958892,2307.4,1212.07635150825,12.0499471714442,0,2.77167611156625
"223",1974.20273972603,1214.04861006862,5122.73115261254,0,279.250147982525,1135.33585703134,10227.0198902427,350.213856281186,10.7598184743688,3.00493184368039,10.1515992962863,924,188.52716958892,2307.4,1212.07635150825,12.0499471714442,0,2.77167611156625
"224",1974.20273972603,1214.04861006862,5122.73115261254,0,279.250147982525,1135.33585703134,10227.0198902427,350.213856281186,10.7598184743688,3.00493184368039,10.1515992962863,924,188.52716958892,2307.4,1212.07635150825,12.0499471714442,0,2.77167611156625
"225",1975,1194.88655963448,5141.9703130845,0,267.35634081755,1075.6973219795,10276.1813389673,320.770412849336,53.0720849495066,14.8216289708282,50.0721290553336,924,200.343866716068,2307.4,1251.99688126729,14.6288049622473,0,3.27320090238228
"226",1975,1194.88655963448,5141.9703130845,0,267.35634081755,1075.6973219795,10276.1813389673,320.770412849336,0,0,0,924,200.343866716068,2307.4,1251.99688126729,14.6288049622473,0,3.27320090238228
"227",1975,1194.88655963448,5141.9703130845,0,267.35634081755,1075.6973219795,10276.1813389673,320.770412849336,0,0,0,924,200.343866716068,2307.4,1251.99688126729,14.6288049622473,0,3.27320090238228
"228",1975.16438356164,1190.86370632976,5145.53959774468,0,264.87094223812,1061.99256583305,10283.9599084314,313.913110706391,9.377581293978,2.93896722396813,12.7834888252948,924,203.282833940036,2307.4,1264.78037009259,14.6067321204209,0,3.24881754242022
"229",1975.16438356164,1190.86370632976,5145.53959774468,0,264.87094223812,1061.99256583305,10283.9599084314,313.913110706391,9.377581293978,2.93896722396813,12.7834888252948,924,203.282833940036,2307.4,1264.78037009259,14.6067321204209,0,3.24881754242022
"230",1975.16438356164,1190.86370632976,5145.53959774468,0,264.87094223812,1061.99256583305,10283.9599084314,313.913110706391,9.377581293978,2.93896722396813,12.7834888252948,924,203.282833940036,2307.4,1264.78037009259,14.6067321204209,0,3.24881754242022
"231",1975.16438356164,1190.86370632976,5145.53959774468,0,264.87094223812,1061.99256583305,10283.9599084314,313.913110706391,9.377581293978,2.93896722396813,12.7834888252948,924,203.282833940036,2307.4,1264.78037009259,14.6067321204209,0,3.24881754242022
"232",1975.16438356164,1190.86370632976,5145.53959774468,0,264.87094223812,1061.99256583305,10283.9599084314,313.913110706391,9.377581293978,2.93896722396813,12.7834888252948,924,203.282833940036,2307.4,1264.78037009259,14.6067321204209,0,3.24881754242022
"233",1975.16438356164,1190.86370632976,5145.53959774468,0,264.87094223812,1061.99256583305,10283.9599084314,313.913110706391,9.377581293978,2.93896722396813,12.7834888252948,924,203.282833940036,2307.4,1264.78037009259,14.6067321204209,0,3.24881754242022
"234",1975.20273972603,1189.94268935887,5146.35268624934,0,264.294206023447,1058.91325524129,10285.6475461939,312.329977157832,11.565683595889,3.62363190488064,15.7582952031489,924,203.967498620949,2307.4,1267.75517647044,14.601681968848,0,3.24313093149289
"235",1975.20273972603,1221.62268935887,5154.27268624934,0,264.294206023447,1158.51325524129,10285.6475461939,312.329977157832,11.565683595889,3.62363190488064,15.7582952031489,963.6,203.967498620949,2407,1267.75517647044,14.8545351387832,0,3.2137317066471
"236",1975.20273972603,1221.62268935887,5154.27268624934,0,264.294206023447,1158.51325524129,10285.6475461939,312.329977157832,11.565683595889,3.62363190488064,15.7582952031489,963.6,203.967498620949,2407,1267.75517647044,14.8545351387832,0,3.2137317066471
"237",1975.20273972603,1221.62268935887,5154.27268624934,0,264.294206023447,1158.51325524129,10285.6475461939,312.329977157832,11.565683595889,3.62363190488064,15.7582952031489,963.6,203.967498620949,2407,1267.75517647044,14.8545351387832,0,3.2137317066471
"238",1975.20273972603,1221.62268935887,5154.27268624934,0,264.294206023447,1158.51325524129,10285.6475461939,312.329977157832,11.565683595889,3.62363190488064,15.7582952031489,963.6,203.967498620949,2407,1267.75517647044,14.8545351387832,0,3.2137317066471
"239",1975.20273972603,1221.62268935887,5154.27268624934,0,264.294206023447,1158.51325524129,10285.6475461939,312.329977157832,11.565683595889,3.62363190488064,15.7582952031489,963.6,203.967498620949,2407,1267.75517647044,14.8545351387832,0,3.2137317066471
"240",1975.20273972603,1221.62268935887,5154.27268624934,0,264.294206023447,1158.51325524129,10285.6475461939,312.329977157832,11.565683595889,3.62363190488064,15.7582952031489,963.6,203.967498620949,2407,1267.75517647044,14.8545351387832,0,3.2137317066471
"241",1976,1200.34335349983,5172.93845229618,0,252.596631000084,1078.43665855901,10334.3140379382,281.427135899526,57.0469836852599,17.9347767404376,78.0712413993464,963.6,218.278643456506,2407,1330.06812266664,11.4856964021504,0,2.41701527101711
"242",1976,1200.34335349983,5172.93845229618,0,252.596631000084,1078.43665855901,10334.3140379382,281.427135899526,0,0,0,963.6,218.278643456506,2407,1330.06812266664,11.4856964021504,0,2.41701527101711
"243",1976,1200.34335349983,5172.93845229618,0,252.596631000084,1078.43665855901,10334.3140379382,281.427135899526,0,0,0,963.6,218.278643456506,2407,1330.06812266664,11.4856964021504,0,2.41701527101711
"244",1976.16438356164,1196.86360357729,5176.37436922696,0,250.358806443388,1055.58687812116,10341.1719610675,272.947439222322,14.3746729655877,2.28165754845846,24.4715539858268,963.6,220.560301004964,2407,1354.53967665247,11.4603457361028,0,2.39726437611066
"245",1976.16438356164,1196.86360357729,5185.24476922696,0,315.408406443388,1055.58687812116,10341.1719610675,422.347439222322,14.3746729655877,2.28165754845846,24.4715539858268,1037.52,220.560301004964,2556.4,1354.53967665247,11.3688405534083,0,2.99602049167662
"246",1976.16438356164,1196.86360357729,5185.24476922696,0,315.408406443388,1055.58687812116,10341.1719610675,422.347439222322,14.3746729655877,2.28165754845846,24.4715539858268,1037.52,220.560301004964,2556.4,1354.53967665247,11.3688405534083,0,2.99602049167662
"247",1976.16438356164,1196.86360357729,5185.24476922696,0,315.408406443388,1055.58687812116,10341.1719610675,422.347439222322,14.3746729655877,2.28165754845846,24.4715539858268,1037.52,220.560301004964,2556.4,1354.53967665247,11.3688405534083,0,2.99602049167662
"248",1976.16438356164,1196.86360357729,5185.24476922696,0,315.408406443388,1055.58687812116,10341.1719610675,422.347439222322,14.3746729655877,2.28165754845846,24.4715539858268,1037.52,220.560301004964,2556.4,1354.53967665247,11.3688405534083,0,2.99602049167662
"249",1976.16438356164,1196.86360357729,5185.24476922696,0,315.408406443388,1055.58687812116,10341.1719610675,422.347439222322,14.3746729655877,2.28165754845846,24.4715539858268,1037.52,220.560301004964,2556.4,1354.53967665247,11.3688405534083,0,2.99602049167662
"250",1976.20273972603,1196.08221673764,5186.12874167465,0,314.75505181354,1050.62030071406,10343.0011057462,419.391033268503,17.742647866527,2.8324265702686,30.5653926679663,1037.52,221.111070026774,2556.4,1360.63351533461,11.3634602737749,0,2.99035173101121
"251",1976.20273972603,1227.76221673764,5194.04874167465,0,314.75505181354,1183.42030071406,10343.0011057462,419.391033268503,17.742647866527,2.8324265702686,30.5653926679663,1077.12,221.111070026774,2689.2,1360.63351533461,11.6179017503781,0,2.97842140567051
"252",1976.20273972603,1227.76221673764,5194.04874167465,0,314.75505181354,1183.42030071406,10343.0011057462,419.391033268503,17.742647866527,2.8324265702686,30.5653926679663,1077.12,221.111070026774,2689.2,1360.63351533461,11.6179017503781,0,2.97842140567051
"253",1976.20273972603,1227.76221673764,5194.04874167465,0,314.75505181354,1183.42030071406,10343.0011057462,419.391033268503,17.742647866527,2.8324265702686,30.5653926679663,1077.12,221.111070026774,2689.2,1360.63351533461,11.6179017503781,0,2.97842140567051
"254",1976.20273972603,1227.76221673764,5194.04874167465,0,314.75505181354,1183.42030071406,10343.0011057462,419.391033268503,17.742647866527,2.8324265702686,30.5653926679663,1077.12,221.111070026774,2689.2,1360.63351533461,11.6179017503781,0,2.97842140567051
"255",1976.20273972603,1227.76221673764,5194.04874167465,0,314.75505181354,1183.42030071406,10343.0011057462,419.391033268503,17.742647866527,2.8324265702686,30.5653926679663,1077.12,221.111070026774,2689.2,1360.63351533461,11.6179017503781,0,2.97842140567051
"256",1976.20273972603,1227.76221673764,5194.04874167465,0,314.75505181354,1183.42030071406,10343.0011057462,419.391033268503,17.742647866527,2.8324265702686,30.5653926679663,1077.12,221.111070026774,2689.2,1360.63351533461,11.6179017503781,0,2.97842140567051
"257",1977,1209.23172627305,5214.31467440892,0,301.48114825057,1058.6209284234,10395.9620838715,362.644269208334,87.811559708006,14.3708878635453,159.150550893538,1077.12,232.649531320051,2689.2,1489.21867356018,12.1382431201814,0,3.02626154616004
"258",1977,1209.23172627305,5214.31467440892,0,301.48114825057,1058.6209284234,10395.9620838715,362.644269208334,0,0,0,1077.12,232.649531320051,2689.2,1489.21867356018,12.1382431201814,0,3.02626154616004
"259",1977,1209.23172627305,5214.31467440892,0,301.48114825057,1058.6209284234,10395.9620838715,362.644269208334,0,0,0,1077.12,232.649531320051,2689.2,1489.21867356018,12.1382431201814,0,3.02626154616004
"260",1977.16438356164,1205.64822912075,5218.10020386157,0,298.786320662603,1049.96488157696,10402.7903877335,356.053105526297,8.91205735144393,2.49279528762447,8.4189066665111,1077.12,235.142326607676,2689.2,1497.63758022669,12.1527774000542,0,3.01172726628719
"261",1977.16438356164,1205.64822912075,5218.10020386157,0,298.786320662603,1049.96488157696,10402.7903877335,356.053105526297,8.91205735144393,2.49279528762447,8.4189066665111,1077.12,235.142326607676,2689.2,1497.63758022669,12.1527774000542,0,3.01172726628719
"262",1977.16438356164,1205.64822912075,5218.10020386157,0,298.786320662603,1049.96488157696,10402.7903877335,356.053105526297,8.91205735144393,2.49279528762447,8.4189066665111,1077.12,235.142326607676,2689.2,1497.63758022669,12.1527774000542,0,3.01172726628719
"263",1977.16438356164,1205.64822912075,5218.10020386157,0,298.786320662603,1049.96488157696,10402.7903877335,356.053105526297,8.91205735144393,2.49279528762447,8.4189066665111,1077.12,235.142326607676,2689.2,1497.63758022669,12.1527774000542,0,3.01172726628719
"264",1977.16438356164,1205.64822912075,5218.10020386157,0,298.786320662603,1049.96488157696,10402.7903877335,356.053105526297,8.91205735144393,2.49279528762447,8.4189066665111,1077.12,235.142326607676,2689.2,1497.63758022669,12.1527774000542,0,3.01172726628719
"265",1977.16438356164,1205.64822912075,5218.10020386157,0,298.786320662603,1049.96488157696,10402.7903877335,356.053105526297,8.91205735144393,2.49279528762447,8.4189066665111,1077.12,235.142326607676,2689.2,1497.63758022669,12.1527774000542,0,3.01172726628719
"266",1977.20273972603,1204.82748507585,5218.96490930059,0,298.16070703471,1048.01719783865,10404.2975422715,354.529223171103,10.9915374000969,3.07444752139869,10.3833182220141,1077.12,235.72397884145,2689.2,1499.60199178219,12.1561913230421,0,3.00831334329932
"267",1977.20273972603,1236.50748507585,5226.88490930059,0,298.16070703471,1147.61719783865,10404.2975422715,354.529223171103,10.9915374000969,3.07444752139869,10.3833182220141,1116.72,235.72397884145,2788.8,1499.60199178219,12.2182916305911,0,2.94621303575033
"268",1977.20273972603,1236.50748507585,5226.88490930059,0,298.16070703471,1147.61719783865,10404.2975422715,354.529223171103,10.9915374000969,3.07444752139869,10.3833182220141,1116.72,235.72397884145,2788.8,1499.60199178219,12.2182916305911,0,2.94621303575033
"269",1977.20273972603,1236.50748507585,5226.88490930059,0,298.16070703471,1147.61719783865,10404.2975422715,354.529223171103,10.9915374000969,3.07444752139869,10.3833182220141,1116.72,235.72397884145,2788.8,1499.60199178219,12.2182916305911,0,2.94621303575033
"270",1977.20273972603,1236.50748507585,5226.88490930059,0,298.16070703471,1147.61719783865,10404.2975422715,354.529223171103,10.9915374000969,3.07444752139869,10.3833182220141,1116.72,235.72397884145,2788.8,1499.60199178219,12.2182916305911,0,2.94621303575033
"271",1977.20273972603,1236.50748507585,5226.88490930059,0,298.16070703471,1147.61719783865,10404.2975422715,354.529223171103,10.9915374000969,3.07444752139869,10.3833182220141,1116.72,235.72397884145,2788.8,1499.60199178219,12.2182916305911,0,2.94621303575033
"272",1977.20273972603,1236.50748507585,5226.88490930059,0,298.16070703471,1147.61719783865,10404.2975422715,354.529223171103,10.9915374000969,3.07444752139869,10.3833182220141,1116.72,235.72397884145,2788.8,1499.60199178219,12.2182916305911,0,2.94621303575033
"273",1978,1217.26885801887,5246.7225956772,0,285.471590214585,1088.54614971751,10452.4433145489,324.622798555995,54.2150160632004,15.1645050218964,51.2150186807926,1116.72,247.814036341948,2788.8,1540.43369224097,14.9464720037702,0,3.50521834425172
"274",1978,1217.26885801887,5246.7225956772,0,285.471590214585,1088.54614971751,10452.4433145489,324.622798555995,0,0,0,1116.72,247.814036341948,2788.8,1540.43369224097,14.9464720037702,0,3.50521834425172
"275",1978,1217.26885801887,5246.7225956772,0,285.471590214585,1088.54614971751,10452.4433145489,324.622798555995,0,0,0,1116.72,247.814036341948,2788.8,1540.43369224097,14.9464720037702,0,3.50521834425172
"276",1978.16438356164,1213.20932687371,5250.40843306447,0,282.816124465289,1074.80959652793,10460.026051946,317.637268205453,9.68519259433175,3.02915950717816,13.1393461430268,1116.72,250.843195849126,2788.8,1553.573038384,14.9241744937539,0,3.47903457191814
"277",1978.16438356164,1213.20932687371,5250.40843306447,0,282.816124465289,1074.80959652793,10460.026051946,317.637268205453,9.68519259433175,3.02915950717816,13.1393461430268,1116.72,250.843195849126,2788.8,1553.573038384,14.9241744937539,0,3.47903457191814
"278",1978.16438356164,1213.20932687371,5250.40843306447,0,282.816124465289,1074.80959652793,10460.026051946,317.637268205453,9.68519259433175,3.02915950717816,13.1393461430268,1116.72,250.843195849126,2788.8,1553.573038384,14.9241744937539,0,3.47903457191814
"279",1978.16438356164,1213.20932687371,5250.40843306447,0,282.816124465289,1074.80959652793,10460.026051946,317.637268205453,9.68519259433175,3.02915950717816,13.1393461430268,1116.72,250.843195849126,2788.8,1553.573038384,14.9241744937539,0,3.47903457191814
"280",1978.16438356164,1213.20932687371,5250.40843306447,0,282.816124465289,1074.80959652793,10460.026051946,317.637268205453,9.68519259433175,3.02915950717816,13.1393461430268,1116.72,250.843195849126,2788.8,1553.573038384,14.9241744937539,0,3.47903457191814
"281",1978.16438356164,1213.20932687371,5250.40843306447,0,282.816124465289,1074.80959652793,10460.026051946,317.637268205453,9.68519259433175,3.02915950717816,13.1393461430268,1116.72,250.843195849126,2788.8,1553.573038384,14.9241744937539,0,3.47903457191814
"282",1978.20273972603,1212.27997596163,5251.24831938179,0,282.199927171169,1071.72348022124,10461.6677106279,316.024824192144,11.9450708663266,3.73482139606522,16.1962477811323,1116.72,251.548857738013,2788.8,1556.6299400221,14.9190748139695,0,3.47292862164429
"283",1978.20273972603,1243.95997596163,5259.16831938179,0,282.199927171169,1171.32348022124,10461.6677106279,316.024824192144,11.9450708663266,3.73482139606522,16.1962477811323,1156.32,251.548857738013,2888.4,1556.6299400221,15.1755181489209,0,3.44265908804636
"284",1978.20273972603,1243.95997596163,5259.16831938179,0,282.199927171169,1171.32348022124,10461.6677106279,316.024824192144,11.9450708663266,3.73482139606522,16.1962477811323,1156.32,251.548857738013,2888.4,1556.6299400221,15.1755181489209,0,3.44265908804636
"285",1978.20273972603,1243.95997596163,5259.16831938179,0,282.199927171169,1171.32348022124,10461.6677106279,316.024824192144,11.9450708663266,3.73482139606522,16.1962477811323,1156.32,251.548857738013,2888.4,1556.6299400221,15.1755181489209,0,3.44265908804636
"286",1978.20273972603,1243.95997596163,5259.16831938179,0,282.199927171169,1171.32348022124,10461.6677106279,316.024824192144,11.9450708663266,3.73482139606522,16.1962477811323,1156.32,251.548857738013,2888.4,1556.6299400221,15.1755181489209,0,3.44265908804636
"287",1978.20273972603,1243.95997596163,5259.16831938179,0,282.199927171169,1171.32348022124,10461.6677106279,316.024824192144,11.9450708663266,3.73482139606522,16.1962477811323,1156.32,251.548857738013,2888.4,1556.6299400221,15.1755181489209,0,3.44265908804636
"288",1978.20273972603,1243.95997596163,5259.16831938179,0,282.199927171169,1171.32348022124,10461.6677106279,316.024824192144,11.9450708663266,3.73482139606522,16.1962477811323,1156.32,251.548857738013,2888.4,1556.6299400221,15.1755181489209,0,3.44265908804636
"289",1979,1222.52325245477,5278.35790389883,0,269.701456077639,1091.05562417729,10509.3405501111,284.547778146576,58.9182587422345,18.4804314794227,80.2683103875079,1156.32,266.29446782137,2888.4,1620.70200262848,12.0636057704812,0,2.66135800305833
"290",1979,1222.52325245477,5278.35790389883,0,269.701456077639,1091.05562417729,10509.3405501111,284.547778146576,0,0,0,1156.32,266.29446782137,2888.4,1620.70200262848,12.0636057704812,0,2.66135800305833
"291",1979,1222.52325245477,5278.35790389883,0,269.701456077639,1091.05562417729,10509.3405501111,284.547778146576,0,0,0,1156.32,266.29446782137,2888.4,1620.70200262848,12.0636057704812,0,2.66135800305833
"292",1979.16438356164,1218.97345786273,5281.89390427761,0,267.29899833644,1068.04429955421,10515.9837444708,275.926558161763,17.6733638675683,2.41625195445198,24.989350248184,1156.32,268.710719775822,2888.4,1645.69135287666,12.0340910244405,0,2.63886014578401
"293",1979.16438356164,1218.97345786273,5290.76430427761,0,332.34859833644,1068.04429955421,10515.9837444708,425.326558161763,17.6733638675683,2.41625195445198,24.989350248184,1230.24,268.710719775822,3037.8,1645.69135287666,11.9725389295859,0,3.26426839412315
"294",1979.16438356164,1218.97345786273,5290.76430427761,0,332.34859833644,1068.04429955421,10515.9837444708,425.326558161763,17.6733638675683,2.41625195445198,24.989350248184,1230.24,268.710719775822,3037.8,1645.69135287666,11.9725389295859,0,3.26426839412315
"295",1979.16438356164,1218.97345786273,5290.76430427761,0,332.34859833644,1068.04429955421,10515.9837444708,425.326558161763,17.6733638675683,2.41625195445198,24.989350248184,1230.24,268.710719775822,3037.8,1645.69135287666,11.9725389295859,0,3.26426839412315
"296",1979.16438356164,1218.97345786273,5290.76430427761,0,332.34859833644,1068.04429955421,10515.9837444708,425.326558161763,17.6733638675683,2.41625195445198,24.989350248184,1230.24,268.710719775822,3037.8,1645.69135287666,11.9725389295859,0,3.26426839412315
"297",1979.16438356164,1218.97345786273,5290.76430427761,0,332.34859833644,1068.04429955421,10515.9837444708,425.326558161763,17.6733638675683,2.41625195445198,24.989350248184,1230.24,268.710719775822,3037.8,1645.69135287666,11.9725389295859,0,3.26426839412315
"298",1979.20273972603,1218.175007871,5291.67112512631,0,331.656047741073,1063.00894361642,10517.76117287,422.31851290786,21.8234522863868,3.0004316928482,31.2553230406232,1230.24,269.294899514218,3037.8,1651.9573256691,11.9661372801706,0,3.25785849440833
"299",1979.20273972603,1249.855007871,5299.59112512631,0,331.656047741073,1195.80894361642,10517.76117287,422.31851290786,21.8234522863868,3.0004316928482,31.2553230406232,1269.84,269.294899514218,3170.6,1651.9573256691,12.2456267719062,0,3.24944585708443
"300",1979.20273972603,1249.855007871,5299.59112512631,0,331.656047741073,1195.80894361642,10517.76117287,422.31851290786,21.8234522863868,3.0004316928482,31.2553230406232,1269.84,269.294899514218,3170.6,1651.9573256691,12.2456267719062,0,3.24944585708443
"301",1979.20273972603,1249.855007871,5299.59112512631,0,331.656047741073,1195.80894361642,10517.76117287,422.31851290786,21.8234522863868,3.0004316928482,31.2553230406232,1269.84,269.294899514218,3170.6,1651.9573256691,12.2456267719062,0,3.24944585708443
"302",1979.20273972603,1249.855007871,5299.59112512631,0,331.656047741073,1195.80894361642,10517.76117287,422.31851290786,21.8234522863868,3.0004316928482,31.2553230406232,1269.84,269.294899514218,3170.6,1651.9573256691,12.2456267719062,0,3.24944585708443
"303",1979.20273972603,1249.855007871,5299.59112512631,0,331.656047741073,1195.80894361642,10517.76117287,422.31851290786,21.8234522863868,3.0004316928482,31.2553230406232,1269.84,269.294899514218,3170.6,1651.9573256691,12.2456267719062,0,3.24944585708443
"304",1979.20273972603,1249.855007871,5299.59112512631,0,331.656047741073,1195.80894361642,10517.76117287,422.31851290786,21.8234522863868,3.0004316928482,31.2553230406232,1269.84,269.294899514218,3170.6,1651.9573256691,12.2456267719062,0,3.24944585708443
"305",1980,1230.98803100674,5320.28866778675,0,317.586064204655,1069.54967456165,10569.412208267,364.553497866831,108.203279613327,15.2398494330822,163.628571739407,1269.84,281.534317254453,3170.6,1784.33057436788,18.1113233664085,0,4.67259125238721
"306",1980,1230.98803100674,5320.28866778675,0,317.586064204655,1069.54967456165,10569.412208267,364.553497866831,0,0,0,1269.84,281.534317254453,3170.6,1784.33057436788,18.1113233664085,0,4.67259125238721
"307",1980,1230.98803100674,5320.28866778675,0,317.586064204655,1069.54967456165,10569.412208267,364.553497866831,0,0,0,1269.84,281.534317254453,3170.6,1784.33057436788,18.1113233664085,0,4.67259125238721
"308",1980.16438356164,1226.47517429034,5324.14172343653,0,314.505771756646,1057.04189661404,10575.8106770396,356.502232566929,15.1082899157763,3.74009351463329,14.1605744749778,1269.84,285.274410769086,3170.6,1798.49114884286,18.0835295693545,0,4.63717043973988
"309",1980.16438356164,1226.47517429034,5324.14172343653,0,314.505771756646,1057.04189661404,10575.8106770396,356.502232566929,15.1082899157763,3.74009351463329,14.1605744749778,1269.84,285.274410769086,3170.6,1798.49114884286,18.0835295693545,0,4.63717043973988
"310",1980.16438356164,1226.47517429034,5324.14172343653,0,314.505771756646,1057.04189661404,10575.8106770396,356.502232566929,15.1082899157763,3.74009351463329,14.1605744749778,1269.84,285.274410769086,3170.6,1798.49114884286,18.0835295693545,0,4.63717043973988
"311",1980.16438356164,1226.47517429034,5324.14172343653,0,314.505771756646,1057.04189661404,10575.8106770396,356.502232566929,15.1082899157763,3.74009351463329,14.1605744749778,1269.84,285.274410769086,3170.6,1798.49114884286,18.0835295693545,0,4.63717043973988
"312",1980.16438356164,1226.47517429034,5324.14172343653,0,314.505771756646,1057.04189661404,10575.8106770396,356.502232566929,15.1082899157763,3.74009351463329,14.1605744749778,1269.84,285.274410769086,3170.6,1798.49114884286,18.0835295693545,0,4.63717043973988
"313",1980.16438356164,1226.47517429034,5324.14172343653,0,314.505771756646,1057.04189661404,10575.8106770396,356.502232566929,15.1082899157763,3.74009351463329,14.1605744749778,1269.84,285.274410769086,3170.6,1798.49114884286,18.0835295693545,0,4.63717043973988
"314",1980.20273972603,1225.44192458144,5325.01843280617,0,313.791113478753,1054.23056053955,10577.1847850993,354.644277887306,18.6335575627915,4.61129213178277,17.455757169385,1269.84,286.145609386235,3170.6,1801.78633153727,18.0771671290512,0,4.62890512245527
"315",1980.20273972603,1257.12192458144,5332.93843280617,0,313.791113478753,1153.83056053955,10577.1847850993,354.644277887306,18.6335575627915,4.61129213178277,17.455757169385,1309.44,286.145609386235,3270.2,1801.78633153727,18.3791451459339,0,4.58763172239671
"316",1980.20273972603,1257.12192458144,5332.93843280617,0,313.791113478753,1153.83056053955,10577.1847850993,354.644277887306,18.6335575627915,4.61129213178277,17.455757169385,1309.44,286.145609386235,3270.2,1801.78633153727,18.3791451459339,0,4.58763172239671
"317",1980.20273972603,1257.12192458144,5332.93843280617,0,313.791113478753,1153.83056053955,10577.1847850993,354.644277887306,18.6335575627915,4.61129213178277,17.455757169385,1309.44,286.145609386235,3270.2,1801.78633153727,18.3791451459339,0,4.58763172239671
"318",1980.20273972603,1257.12192458144,5332.93843280617,0,313.791113478753,1153.83056053955,10577.1847850993,354.644277887306,18.6335575627915,4.61129213178277,17.455757169385,1309.44,286.145609386235,3270.2,1801.78633153727,18.3791451459339,0,4.58763172239671
"319",1980.20273972603,1257.12192458144,5332.93843280617,0,313.791113478753,1153.83056053955,10577.1847850993,354.644277887306,18.6335575627915,4.61129213178277,17.455757169385,1309.44,286.145609386235,3270.2,1801.78633153727,18.3791451459339,0,4.58763172239671
"320",1980.20273972603,1257.12192458144,5332.93843280617,0,313.791113478753,1153.83056053955,10577.1847850993,354.644277887306,18.6335575627915,4.61129213178277,17.455757169385,1309.44,286.145609386235,3270.2,1801.78633153727,18.3791451459339,0,4.58763172239671
"321",1981,1233.64306219984,5352.7141806814,0,299.310104865333,1078.26077388022,10619.9318285851,318.440022021949,91.9087101084782,22.7954152515722,86.4827562082883,1309.44,304.329732506025,3270.2,1870.81333057617,15.802717384806,0,3.83410172888184
"322",1981,1233.64306219984,5352.7141806814,0,299.310104865333,1078.26077388022,10619.9318285851,318.440022021949,0,0,0,1309.44,304.329732506025,3270.2,1870.81333057617,15.802717384806,0,3.83410172888184
"323",1981,1233.64306219984,5352.7141806814,0,299.310104865333,1078.26077388022,10619.9318285851,318.440022021949,0,0,0,1309.44,304.329732506025,3270.2,1870.81333057617,15.802717384806,0,3.83410172888184
"324",1981.16438356164,1229.61426634265,5356.32974720931,0,296.500097837272,1065.18411595494,10625.9632201049,311.323861887084,10.9620300022663,3.22323635734128,14.1614265402993,1309.44,307.552968863366,3270.2,1884.97475711647,15.7754188209453,0,3.80396792056314
"325",1981.16438356164,1229.61426634265,5356.32974720931,0,296.500097837272,1065.18411595494,10625.9632201049,311.323861887084,10.9620300022663,3.22323635734128,14.1614265402993,1309.44,307.552968863366,3270.2,1884.97475711647,15.7754188209453,0,3.80396792056314
"326",1981.16438356164,1229.61426634265,5356.32974720931,0,296.500097837272,1065.18411595494,10625.9632201049,311.323861887084,10.9620300022663,3.22323635734128,14.1614265402993,1309.44,307.552968863366,3270.2,1884.97475711647,15.7754188209453,0,3.80396792056314
"327",1981.16438356164,1229.61426634265,5356.32974720931,0,296.500097837272,1065.18411595494,10625.9632201049,311.323861887084,10.9620300022663,3.22323635734128,14.1614265402993,1309.44,307.552968863366,3270.2,1884.97475711647,15.7754188209453,0,3.80396792056314
"328",1981.16438356164,1229.61426634265,5356.32974720931,0,296.500097837272,1065.18411595494,10625.9632201049,311.323861887084,10.9620300022663,3.22323635734128,14.1614265402993,1309.44,307.552968863366,3270.2,1884.97475711647,15.7754188209453,0,3.80396792056314
"329",1981.16438356164,1229.61426634265,5356.32974720931,0,296.500097837272,1065.18411595494,10625.9632201049,311.323861887084,10.9620300022663,3.22323635734128,14.1614265402993,1309.44,307.552968863366,3270.2,1884.97475711647,15.7754188209453,0,3.80396792056314
"330",1981.20273972603,1228.69204032047,5357.15323852984,0,295.848096448614,1062.24847468358,10627.2491592268,309.682916858972,13.5197270426671,3.97397244765862,17.4520737179179,1309.44,308.303704953684,3270.2,1888.26540429409,15.7691752108052,0,3.79694855634012
"331",1981.20273972603,1260.37204032047,5365.07323852984,0,295.848096448614,1161.84847468358,10627.2491592268,309.682916858972,13.5197270426671,3.97397244765862,17.4520737179179,1349.04,308.303704953684,3369.8,1888.26540429409,16.0601513558512,0,3.76981165505473
"332",1981.20273972603,1260.37204032047,5365.07323852984,0,295.848096448614,1161.84847468358,10627.2491592268,309.682916858972,13.5197270426671,3.97397244765862,17.4520737179179,1349.04,308.303704953684,3369.8,1888.26540429409,16.0601513558512,0,3.76981165505473
"333",1981.20273972603,1260.37204032047,5365.07323852984,0,295.848096448614,1161.84847468358,10627.2491592268,309.682916858972,13.5197270426671,3.97397244765862,17.4520737179179,1349.04,308.303704953684,3369.8,1888.26540429409,16.0601513558512,0,3.76981165505473
"334",1981.20273972603,1260.37204032047,5365.07323852984,0,295.848096448614,1161.84847468358,10627.2491592268,309.682916858972,13.5197270426671,3.97397244765862,17.4520737179179,1349.04,308.303704953684,3369.8,1888.26540429409,16.0601513558512,0,3.76981165505473
"335",1981.20273972603,1260.37204032047,5365.07323852984,0,295.848096448614,1161.84847468358,10627.2491592268,309.682916858972,13.5197270426671,3.97397244765862,17.4520737179179,1349.04,308.303704953684,3369.8,1888.26540429409,16.0601513558512,0,3.76981165505473
"336",1981.20273972603,1260.37204032047,5365.07323852984,0,295.848096448614,1161.84847468358,10627.2491592268,309.682916858972,13.5197270426671,3.97397244765862,17.4520737179179,1349.04,308.303704953684,3369.8,1888.26540429409,16.0601513558512,0,3.76981165505473
"337",1982,1239.05459399816,5383.92108167756,0,282.624456102894,1083.86617933231,10667.9478930174,277.680458998259,66.6900941891534,19.6672159679644,86.7380931392788,1349.04,323.996948473989,3369.8,1957.55142371545,12.2504581191907,0,2.79429096967836
"338",1982,1239.05459399816,5383.92108167756,0,282.624456102894,1083.86617933231,10667.9478930174,277.680458998259,0,0,0,1349.04,323.996948473989,3369.8,1957.55142371545,12.2504581191907,0,2.79429096967836
"339",1982,1239.05459399816,5383.92108167756,0,282.624456102894,1083.86617933231,10667.9478930174,277.680458998259,0,0,0,1349.04,323.996948473989,3369.8,1957.55142371545,12.2504581191907,0,2.79429096967836
"340",1982.16438356164,1235.6375205397,5387.3878025395,0,280.106006815554,1062.00562608243,10673.2695148421,269.215073815309,18.2722670324975,2.46880188385549,25.0043166080978,1349.04,326.465750357845,3369.8,1982.55574032355,12.2219369752147,0,2.77058433785943
"341",1982.16438356164,1235.6375205397,5396.2582025395,0,345.155606815554,1062.00562608243,10673.2695148421,418.615073815309,18.2722670324975,2.46880188385549,25.0043166080978,1422.96,326.465750357845,3519.2,1982.55574032355,12.1629740353131,0,3.3975325401309
"342",1982.16438356164,1235.6375205397,5396.2582025395,0,345.155606815554,1062.00562608243,10673.2695148421,418.615073815309,18.2722670324975,2.46880188385549,25.0043166080978,1422.96,326.465750357845,3519.2,1982.55574032355,12.1629740353131,0,3.3975325401309
"343",1982.16438356164,1235.6375205397,5396.2582025395,0,345.155606815554,1062.00562608243,10673.2695148421,418.615073815309,18.2722670324975,2.46880188385549,25.0043166080978,1422.96,326.465750357845,3519.2,1982.55574032355,12.1629740353131,0,3.3975325401309
"344",1982.16438356164,1235.6375205397,5396.2582025395,0,345.155606815554,1062.00562608243,10673.2695148421,418.615073815309,18.2722670324975,2.46880188385549,25.0043166080978,1422.96,326.465750357845,3519.2,1982.55574032355,12.1629740353131,0,3.3975325401309
"345",1982.16438356164,1235.6375205397,5396.2582025395,0,345.155606815554,1062.00562608243,10673.2695148421,418.615073815309,18.2722670324975,2.46880188385549,25.0043166080978,1422.96,326.465750357845,3519.2,1982.55574032355,12.1629740353131,0,3.3975325401309
"346",1982.20273972603,1234.86938897864,5397.14926348959,0,344.436083174425,1057.22574367025,10674.7490209705,415.635681199605,22.5633974954943,3.06539613595202,31.284085507584,1422.96,327.062344609941,3519.2,1988.83550922303,12.1567908960415,0,3.39083426763561
"347",1982.20273972603,1266.54938897864,5405.06926348959,0,344.436083174425,1190.02574367025,10674.7490209705,415.635681199605,22.5633974954943,3.06539613595202,31.284085507584,1462.56,327.062344609941,3652,1988.83550922303,12.4382750587962,0,3.38256903361085
"348",1982.20273972603,1266.54938897864,5405.06926348959,0,344.436083174425,1190.02574367025,10674.7490209705,415.635681199605,22.5633974954943,3.06539613595202,31.284085507584,1462.56,327.062344609941,3652,1988.83550922303,12.4382750587962,0,3.38256903361085
"349",1982.20273972603,1266.54938897864,5405.06926348959,0,344.436083174425,1190.02574367025,10674.7490209705,415.635681199605,22.5633974954943,3.06539613595202,31.284085507584,1462.56,327.062344609941,3652,1988.83550922303,12.4382750587962,0,3.38256903361085
"350",1982.20273972603,1266.54938897864,5405.06926348959,0,344.436083174425,1190.02574367025,10674.7490209705,415.635681199605,22.5633974954943,3.06539613595202,31.284085507584,1462.56,327.062344609941,3652,1988.83550922303,12.4382750587962,0,3.38256903361085
"351",1982.20273972603,1266.54938897864,5405.06926348959,0,344.436083174425,1190.02574367025,10674.7490209705,415.635681199605,22.5633974954943,3.06539613595202,31.284085507584,1462.56,327.062344609941,3652,1988.83550922303,12.4382750587962,0,3.38256903361085
"352",1982.20273972603,1266.54938897864,5405.06926348959,0,344.436083174425,1190.02574367025,10674.7490209705,415.635681199605,22.5633974954943,3.06539613595202,31.284085507584,1462.56,327.062344609941,3652,1988.83550922303,12.4382750587962,0,3.38256903361085
"353",1983,1248.26694681544,5425.4713491209,0,329.818080189335,1068.12105084304,10720.9665002838,358.467411234055,111.881236305319,15.5637556529427,164.139568987125,1462.56,339.560704126932,3652,2121.69099270258,18.424325133674,0,4.86808976227017
"354",1983,1248.26694681544,5425.4713491209,0,329.818080189335,1068.12105084304,10720.9665002838,358.467411234055,0,0,0,1462.56,339.560704126932,3652,2121.69099270258,18.424325133674,0,4.86808976227017
"355",1983,1248.26694681544,5425.4713491209,0,329.818080189335,1068.12105084304,10720.9665002838,358.467411234055,0,0,0,1462.56,339.560704126932,3652,2121.69099270258,18.424325133674,0,4.86808976227017
"356",1983.16438356164,1243.84588813678,5429.27025232381,0,326.616640918056,1056.28745455139,10726.4009015884,350.476083992581,15.4966128279261,3.82359474702633,14.3905222284414,1462.56,343.384298873958,3652,2136.08151493102,18.3972675289482,0,4.83086673331924
"357",1983.16438356164,1243.84588813678,5429.27025232381,0,326.616640918056,1056.28745455139,10726.4009015884,350.476083992581,15.4966128279261,3.82359474702633,14.3905222284414,1462.56,343.384298873958,3652,2136.08151493102,18.3972675289482,0,4.83086673331924
"358",1983.16438356164,1243.84588813678,5429.27025232381,0,326.616640918056,1056.28745455139,10726.4009015884,350.476083992581,15.4966128279261,3.82359474702633,14.3905222284414,1462.56,343.384298873958,3652,2136.08151493102,18.3972675289482,0,4.83086673331924
"359",1983.16438356164,1243.84588813678,5429.27025232381,0,326.616640918056,1056.28745455139,10726.4009015884,350.476083992581,15.4966128279261,3.82359474702633,14.3905222284414,1462.56,343.384298873958,3652,2136.08151493102,18.3972675289482,0,4.83086673331924
"360",1983.16438356164,1243.84588813678,5429.27025232381,0,326.616640918056,1056.28745455139,10726.4009015884,350.476083992581,15.4966128279261,3.82359474702633,14.3905222284414,1462.56,343.384298873958,3652,2136.08151493102,18.3972675289482,0,4.83086673331924
"361",1983.16438356164,1243.84588813678,5429.27025232381,0,326.616640918056,1056.28745455139,10726.4009015884,350.476083992581,15.4966128279261,3.82359474702633,14.3905222284414,1462.56,343.384298873958,3652,2136.08151493102,18.3972675289482,0,4.83086673331924
"362",1983.20273972603,1242.8336652267,5430.13457419506,0,325.873884655409,1053.6276006451,10727.5563525504,348.632559121328,19.1124891544381,4.71425204849834,17.7384500439814,1462.56,344.27495617543,3652,2139.42944274656,18.3910766892949,0,4.8221831862294
"363",1983.20273972603,1274.5136652267,5438.05457419506,0,325.873884655409,1153.2276006451,10727.5563525504,348.632559121328,19.1124891544381,4.71425204849834,17.7384500439814,1502.16,344.27495617543,3751.6,2139.42944274656,18.6969409165757,0,4.78052525750943
"364",1983.20273972603,1274.5136652267,5438.05457419506,0,325.873884655409,1153.2276006451,10727.5563525504,348.632559121328,19.1124891544381,4.71425204849834,17.7384500439814,1502.16,344.27495617543,3751.6,2139.42944274656,18.6969409165757,0,4.78052525750943
"365",1983.20273972603,1274.5136652267,5438.05457419506,0,325.873884655409,1153.2276006451,10727.5563525504,348.632559121328,19.1124891544381,4.71425204849834,17.7384500439814,1502.16,344.27495617543,3751.6,2139.42944274656,18.6969409165757,0,4.78052525750943
"366",1983.20273972603,1274.5136652267,5438.05457419506,0,325.873884655409,1153.2276006451,10727.5563525504,348.632559121328,19.1124891544381,4.71425204849834,17.7384500439814,1502.16,344.27495617543,3751.6,2139.42944274656,18.6969409165757,0,4.78052525750943
"367",1983.20273972603,1274.5136652267,5438.05457419506,0,325.873884655409,1153.2276006451,10727.5563525504,348.632559121328,19.1124891544381,4.71425204849834,17.7384500439814,1502.16,344.27495617543,3751.6,2139.42944274656,18.6969409165757,0,4.78052525750943
"368",1983.20273972603,1274.5136652267,5438.05457419506,0,325.873884655409,1153.2276006451,10727.5563525504,348.632559121328,19.1124891544381,4.71425204849834,17.7384500439814,1502.16,344.27495617543,3751.6,2139.42944274656,18.6969409165757,0,4.78052525750943
"369",1984,1251.43767063326,5457.59206892727,0,310.823336588079,1080.23844875315,10766.2169330772,312.728403139367,94.2710599190743,23.303299977062,87.9711773911701,1502.16,362.864004103994,3751.6,2209.66217009374,16.0866255746481,0,3.99548355694382
"370",1984,1251.43767063326,5457.59206892727,0,310.823336588079,1080.23844875315,10766.2169330772,312.728403139367,0,0,0,1502.16,362.864004103994,3751.6,2209.66217009374,16.0866255746481,0,3.99548355694382
"371",1984,1251.43767063326,5457.59206892727,0,310.823336588079,1080.23844875315,10766.2169330772,312.728403139367,0,0,0,1502.16,362.864004103994,3751.6,2209.66217009374,16.0866255746481,0,3.99548355694382
"372",1984.16438356164,1247.49106167252,5461.1626661209,0,307.902990592504,1067.63147473009,10771.5032316461,305.687926150442,11.2675056406835,3.29635776269192,14.3611524430752,1502.16,366.160361866686,3751.6,2224.02332253682,16.0598789736537,0,3.96386388365141
"373",1984.16438356164,1247.49106167252,5461.1626661209,0,307.902990592504,1067.63147473009,10771.5032316461,305.687926150442,11.2675056406835,3.29635776269192,14.3611524430752,1502.16,366.160361866686,3751.6,2224.02332253682,16.0598789736537,0,3.96386388365141
"374",1984.16438356164,1247.49106167252,5461.1626661209,0,307.902990592504,1067.63147473009,10771.5032316461,305.687926150442,11.2675056406835,3.29635776269192,14.3611524430752,1502.16,366.160361866686,3751.6,2224.02332253682,16.0598789736537,0,3.96386388365141
"375",1984.16438356164,1247.49106167252,5461.1626661209,0,307.902990592504,1067.63147473009,10771.5032316461,305.687926150442,11.2675056406835,3.29635776269192,14.3611524430752,1502.16,366.160361866686,3751.6,2224.02332253682,16.0598789736537,0,3.96386388365141
"376",1984.16438356164,1247.49106167252,5461.1626661209,0,307.902990592504,1067.63147473009,10771.5032316461,305.687926150442,11.2675056406835,3.29635776269192,14.3611524430752,1502.16,366.160361866686,3751.6,2224.02332253682,16.0598789736537,0,3.96386388365141
"377",1984.16438356164,1247.49106167252,5461.1626661209,0,307.902990592504,1067.63147473009,10771.5032316461,305.687926150442,11.2675056406835,3.29635776269192,14.3611524430752,1502.16,366.160361866686,3751.6,2224.02332253682,16.0598789736537,0,3.96386388365141
"378",1984.20273972603,1246.58767256712,5461.97587556394,0,307.225394583796,1064.80139963561,10772.6197599472,304.064825139585,13.8964648063903,4.06413343374997,17.6978002473242,1502.16,366.928137537744,3751.6,2227.35997034107,16.0537636561714,0,3.95649979729498
"379",1984.20273972603,1278.26767256712,5469.89587556394,0,307.225394583796,1164.40139963561,10772.6197599472,304.064825139585,13.8964648063903,4.06413343374997,17.6978002473242,1541.76,366.928137537744,3851.2,2227.35997034107,16.3481835023438,0,3.92920609276546
"380",1984.20273972603,1278.26767256712,5469.89587556394,0,307.225394583796,1164.40139963561,10772.6197599472,304.064825139585,13.8964648063903,4.06413343374997,17.6978002473242,1541.76,366.928137537744,3851.2,2227.35997034107,16.3481835023438,0,3.92920609276546
"381",1984.20273972603,1278.26767256712,5469.89587556394,0,307.225394583796,1164.40139963561,10772.6197599472,304.064825139585,13.8964648063903,4.06413343374997,17.6978002473242,1541.76,366.928137537744,3851.2,2227.35997034107,16.3481835023438,0,3.92920609276546
"382",1984.20273972603,1278.26767256712,5469.89587556394,0,307.225394583796,1164.40139963561,10772.6197599472,304.064825139585,13.8964648063903,4.06413343374997,17.6978002473242,1541.76,366.928137537744,3851.2,2227.35997034107,16.3481835023438,0,3.92920609276546
"383",1984.20273972603,1278.26767256712,5469.89587556394,0,307.225394583796,1164.40139963561,10772.6197599472,304.064825139585,13.8964648063903,4.06413343374997,17.6978002473242,1541.76,366.928137537744,3851.2,2227.35997034107,16.3481835023438,0,3.92920609276546
"384",1984.20273972603,1278.26767256712,5469.89587556394,0,307.225394583796,1164.40139963561,10772.6197599472,304.064825139585,13.8964648063903,4.06413343374997,17.6978002473242,1541.76,366.928137537744,3851.2,2227.35997034107,16.3481835023438,0,3.92920609276546
"385",1985,1257.31181253539,5488.54658231389,0,293.482574745031,1088.20241901994,10810.1231157058,272.421596958932,68.5489680976047,20.1121065542929,88.0366532850149,1541.76,382.976110658287,3851.2,2297.69882337876,12.4531854842023,0,2.90683098913322
"386",1985,1257.31181253539,5488.54658231389,0,293.482574745031,1088.20241901994,10810.1231157058,272.421596958932,0,0,0,1541.76,382.976110658287,3851.2,2297.69882337876,12.4531854842023,0,2.90683098913322
"387",1985,1257.31181253539,5488.54658231389,0,293.482574745031,1088.20241901994,10810.1231157058,272.421596958932,0,0,0,1541.76,382.976110658287,3851.2,2297.69882337876,12.4531854842023,0,2.90683098913322
"388",1985.16438356164,1253.97734433573,5491.97650762365,0,290.866529791572,1066.64949712416,10814.8558740236,264.083819805207,18.8680822471323,2.52058784336876,25.1579407316366,1541.76,385.496698501656,3851.2,2322.8567641104,12.4252214939939,0,2.88209438087109
"389",1985.16438356164,1253.97734433573,5500.84690762365,0,355.916129791572,1066.64949712416,10814.8558740236,413.483819805207,18.8680822471323,2.52058784336876,25.1579407316366,1615.68,385.496698501656,4000.6,2322.8567641104,12.3686076234362,0,3.51057933871677
"390",1985.16438356164,1253.97734433573,5500.84690762365,0,355.916129791572,1066.64949712416,10814.8558740236,413.483819805207,18.8680822471323,2.52058784336876,25.1579407316366,1615.68,385.496698501656,4000.6,2322.8567641104,12.3686076234362,0,3.51057933871677
"391",1985.16438356164,1253.97734433573,5500.84690762365,0,355.916129791572,1066.64949712416,10814.8558740236,413.483819805207,18.8680822471323,2.52058784336876,25.1579407316366,1615.68,385.496698501656,4000.6,2322.8567641104,12.3686076234362,0,3.51057933871677
"392",1985.16438356164,1253.97734433573,5500.84690762365,0,355.916129791572,1066.64949712416,10814.8558740236,413.483819805207,18.8680822471323,2.52058784336876,25.1579407316366,1615.68,385.496698501656,4000.6,2322.8567641104,12.3686076234362,0,3.51057933871677
"393",1985.16438356164,1253.97734433573,5500.84690762365,0,355.916129791572,1066.64949712416,10814.8558740236,413.483819805207,18.8680822471323,2.52058784336876,25.1579407316366,1615.68,385.496698501656,4000.6,2322.8567641104,12.3686076234362,0,3.51057933871677
"394",1985.20273972603,1253.22806109922,5501.72960344571,0,355.173902025529,1061.93752528637,10816.2011012415,410.528727274123,23.2995159750153,3.12940302386279,31.4797778826447,1615.68,386.10551368215,4000.6,2329.1786012614,12.3625445692217,0,3.50363459765155
"395",1985.20273972603,1284.90806109922,5509.64960344571,0,355.173902025529,1194.73752528637,10816.2011012415,410.528727274123,23.2995159750153,3.12940302386279,31.4797778826447,1655.28,386.10551368215,4133.4,2329.1786012614,12.6458505475303,0,3.49556222688464
"396",1985.20273972603,1284.90806109922,5509.64960344571,0,355.173902025529,1194.73752528637,10816.2011012415,410.528727274123,23.2995159750153,3.12940302386279,31.4797778826447,1655.28,386.10551368215,4133.4,2329.1786012614,12.6458505475303,0,3.49556222688464
"397",1985.20273972603,1284.90806109922,5509.64960344571,0,355.173902025529,1194.73752528637,10816.2011012415,410.528727274123,23.2995159750153,3.12940302386279,31.4797778826447,1655.28,386.10551368215,4133.4,2329.1786012614,12.6458505475303,0,3.49556222688464
"398",1985.20273972603,1284.90806109922,5509.64960344571,0,355.173902025529,1194.73752528637,10816.2011012415,410.528727274123,23.2995159750153,3.12940302386279,31.4797778826447,1655.28,386.10551368215,4133.4,2329.1786012614,12.6458505475303,0,3.49556222688464
"399",1985.20273972603,1284.90806109922,5509.64960344571,0,355.173902025529,1194.73752528637,10816.2011012415,410.528727274123,23.2995159750153,3.12940302386279,31.4797778826447,1655.28,386.10551368215,4133.4,2329.1786012614,12.6458505475303,0,3.49556222688464
"400",1985.20273972603,1284.90806109922,5509.64960344571,0,355.173902025529,1194.73752528637,10816.2011012415,410.528727274123,23.2995159750153,3.12940302386279,31.4797778826447,1655.28,386.10551368215,4133.4,2329.1786012614,12.6458505475303,0,3.49556222688464
"401",1986,1266.98912067187,5529.89508750449,0,340.094597553448,1073.95775351011,10859.8490287159,353.848427212139,115.539238313497,15.8821638645119,165.291922246497,1655.28,398.858274522799,4133.4,2462.99074562526,18.7597064765542,0,5.03561926481359
"402",1986,1266.98912067187,5529.89508750449,0,340.094597553448,1073.95775351011,10859.8490287159,353.848427212139,0,0,0,1655.28,398.858274522799,4133.4,2462.99074562526,18.7597064765542,0,5.03561926481359
"403",1986,1266.98912067187,5529.89508750449,0,340.094597553448,1073.95775351011,10859.8490287159,353.848427212139,0,0,0,1655.28,398.858274522799,4133.4,2462.99074562526,18.7597064765542,0,5.03561926481359
"404",1986.16438356164,1262.61660695717,5533.665193796,0,336.790844826875,1062.31621788278,10864.8009589931,345.903973250853,15.8849357401222,3.90616014976785,14.6340593113775,1655.28,402.764434672567,4133.4,2477.62480493663,18.7329396747145,0,4.99683161489732
"405",1986.16438356164,1262.61660695717,5533.665193796,0,336.790844826875,1062.31621788278,10864.8009589931,345.903973250853,15.8849357401222,3.90616014976785,14.6340593113775,1655.28,402.764434672567,4133.4,2477.62480493663,18.7329396747145,0,4.99683161489732
"406",1986.16438356164,1262.61660695717,5533.665193796,0,336.790844826875,1062.31621788278,10864.8009589931,345.903973250853,15.8849357401222,3.90616014976785,14.6340593113775,1655.28,402.764434672567,4133.4,2477.62480493663,18.7329396747145,0,4.99683161489732
"407",1986.16438356164,1262.61660695717,5533.665193796,0,336.790844826875,1062.31621788278,10864.8009589931,345.903973250853,15.8849357401222,3.90616014976785,14.6340593113775,1655.28,402.764434672567,4133.4,2477.62480493663,18.7329396747145,0,4.99683161489732
"408",1986.16438356164,1262.61660695717,5533.665193796,0,336.790844826875,1062.31621788278,10864.8009589931,345.903973250853,15.8849357401222,3.90616014976785,14.6340593113775,1655.28,402.764434672567,4133.4,2477.62480493663,18.7329396747145,0,4.99683161489732
"409",1986.16438356164,1262.61660695717,5533.665193796,0,336.790844826875,1062.31621788278,10864.8009589931,345.903973250853,15.8849357401222,3.90616014976785,14.6340593113775,1655.28,402.764434672567,4133.4,2477.62480493663,18.7329396747145,0,4.99683161489732
"410",1986.20273972603,1261.6155088473,5534.52288427042,0,336.024359905947,1059.6997269027,10865.8458256767,344.071655102761,19.5914207461302,4.81605270613874,18.0380017560042,1655.28,403.674327228938,4133.4,2481.02874738126,18.7268176009809,0,4.98778498941762
"411",1986.20273972603,1293.2955088473,5542.44288427042,0,336.024359905947,1159.2997269027,10865.8458256767,344.071655102761,19.5914207461302,4.81605270613874,18.0380017560042,1694.88,403.674327228938,4233,2481.02874738126,19.0362726865212,0,4.94600909129005
"412",1986.20273972603,1293.2955088473,5542.44288427042,0,336.024359905947,1159.2997269027,10865.8458256767,344.071655102761,19.5914207461302,4.81605270613874,18.0380017560042,1694.88,403.674327228938,4233,2481.02874738126,19.0362726865212,0,4.94600909129005
"413",1986.20273972603,1293.2955088473,5542.44288427042,0,336.024359905947,1159.2997269027,10865.8458256767,344.071655102761,19.5914207461302,4.81605270613874,18.0380017560042,1694.88,403.674327228938,4233,2481.02874738126,19.0362726865212,0,4.94600909129005
"414",1986.20273972603,1293.2955088473,5542.44288427042,0,336.024359905947,1159.2997269027,10865.8458256767,344.071655102761,19.5914207461302,4.81605270613874,18.0380017560042,1694.88,403.674327228938,4233,2481.02874738126,19.0362726865212,0,4.94600909129005
"415",1986.20273972603,1293.2955088473,5542.44288427042,0,336.024359905947,1159.2997269027,10865.8458256767,344.071655102761,19.5914207461302,4.81605270613874,18.0380017560042,1694.88,403.674327228938,4233,2481.02874738126,19.0362726865212,0,4.94600909129005
"416",1986.20273972603,1293.2955088473,5542.44288427042,0,336.024359905947,1159.2997269027,10865.8458256767,344.071655102761,19.5914207461302,4.81605270613874,18.0380017560042,1694.88,403.674327228938,4233,2481.02874738126,19.0362726865212,0,4.94600909129005
"417",1987,1270.43198515252,5561.84902530165,0,320.49285657863,1087.00243742963,10902.348149429,308.393700002093,96.6333506707056,23.8049386970164,89.5109225774175,1694.88,422.663213219815,4233,2552.50166820267,16.3864724002489,0,4.13382802871747
"418",1987,1270.43198515252,5561.84902530165,0,320.49285657863,1087.00243742963,10902.348149429,308.393700002093,0,0,0,1694.88,422.663213219815,4233,2552.50166820267,16.3864724002489,0,4.13382802871747
"419",1987,1270.43198515252,5561.84902530165,0,320.49285657863,1087.00243742963,10902.348149429,308.393700002093,0,0,0,1694.88,422.663213219815,4233,2552.50166820267,16.3864724002489,0,4.13382802871747
"420",1987.16438356164,1266.53209163582,5565.3940903479,0,317.479385177622,1074.53555828254,10907.2211278681,301.40927768499,11.5726501899384,3.36829987144967,14.5783230251233,1694.88,426.031513091265,4233,2567.0799912278,16.359934161108,0,4.10091609467754
"421",1987.16438356164,1266.53209163582,5565.3940903479,0,317.479385177622,1074.53555828254,10907.2211278681,301.40927768499,11.5726501899384,3.36829987144967,14.5783230251233,1694.88,426.031513091265,4233,2567.0799912278,16.359934161108,0,4.10091609467754
"422",1987.16438356164,1266.53209163582,5565.3940903479,0,317.479385177622,1074.53555828254,10907.2211278681,301.40927768499,11.5726501899384,3.36829987144967,14.5783230251233,1694.88,426.031513091265,4233,2567.0799912278,16.359934161108,0,4.10091609467754
"423",1987.16438356164,1266.53209163582,5565.3940903479,0,317.479385177622,1074.53555828254,10907.2211278681,301.40927768499,11.5726501899384,3.36829987144967,14.5783230251233,1694.88,426.031513091265,4233,2567.0799912278,16.359934161108,0,4.10091609467754
"424",1987.16438356164,1266.53209163582,5565.3940903479,0,317.479385177622,1074.53555828254,10907.2211278681,301.40927768499,11.5726501899384,3.36829987144967,14.5783230251233,1694.88,426.031513091265,4233,2567.0799912278,16.359934161108,0,4.10091609467754
"425",1987.16438356164,1266.53209163582,5565.3940903479,0,317.479385177622,1074.53555828254,10907.2211278681,301.40927768499,11.5726501899384,3.36829987144967,14.5783230251233,1694.88,426.031513091265,4233,2567.0799912278,16.359934161108,0,4.10091609467754
"426",1987.20273972603,1265.63941193092,5566.20143028977,0,316.780188350787,1071.73715138516,10908.2427493749,299.799381920222,14.272793517783,4.15283646131465,17.9650041804759,1694.88,426.81604968113,4233,2570.46667238315,16.3538679234188,0,4.09325224246986
"427",1987.20273972603,1297.31941193092,5574.12143028977,0,316.780188350787,1171.33715138516,10908.2427493749,299.799381920222,14.272793517783,4.15283646131465,17.9650041804759,1734.48,426.81604968113,4332.6,2570.46667238315,16.6515005052241,0,4.06597281891978
"428",1987.20273972603,1297.31941193092,5574.12143028977,0,316.780188350787,1171.33715138516,10908.2427493749,299.799381920222,14.272793517783,4.15283646131465,17.9650041804759,1734.48,426.81604968113,4332.6,2570.46667238315,16.6515005052241,0,4.06597281891978
"429",1987.20273972603,1297.31941193092,5574.12143028977,0,316.780188350787,1171.33715138516,10908.2427493749,299.799381920222,14.272793517783,4.15283646131465,17.9650041804759,1734.48,426.81604968113,4332.6,2570.46667238315,16.6515005052241,0,4.06597281891978
"430",1987.20273972603,1297.31941193092,5574.12143028977,0,316.780188350787,1171.33715138516,10908.2427493749,299.799381920222,14.272793517783,4.15283646131465,17.9650041804759,1734.48,426.81604968113,4332.6,2570.46667238315,16.6515005052241,0,4.06597281891978
"431",1987.20273972603,1297.31941193092,5574.12143028977,0,316.780188350787,1171.33715138516,10908.2427493749,299.799381920222,14.272793517783,4.15283646131465,17.9650041804759,1734.48,426.81604968113,4332.6,2570.46667238315,16.6515005052241,0,4.06597281891978
"432",1987.20273972603,1297.31941193092,5574.12143028977,0,316.780188350787,1171.33715138516,10908.2427493749,299.799381920222,14.272793517783,4.15283646131465,17.9650041804759,1734.48,426.81604968113,4332.6,2570.46667238315,16.6515005052241,0,4.06597281891978
"433",1988,1276.56830000283,5592.65698596536,0,302.599144018962,1095.63110246238,10943.8824359499,268.418782077364,70.4058313664559,20.5494370456409,89.4119663711094,1734.48,443.212650265456,4332.6,2641.91363457378,12.6651235512605,0,3.00215471862909
"434",1988,1276.56830000283,5592.65698596536,0,302.599144018962,1095.63110246238,10943.8824359499,268.418782077364,0,0,0,1734.48,443.212650265456,4332.6,2641.91363457378,12.6651235512605,0,3.00215471862909
"435",1988,1276.56830000283,5592.65698596536,0,302.599144018962,1095.63110246238,10943.8824359499,268.418782077364,0,0,0,1734.48,443.212650265456,4332.6,2641.91363457378,12.6651235512605,0,3.00215471862909
"436",1988.16438356164,1273.28755698338,5596.06480239415,0,299.901021630448,1074.14603976011,10948.2544757649,260.178488985576,19.459975522666,2.57104897917856,25.3533159790663,1734.48,445.783699244635,4332.6,2667.26695055285,12.6374612286244,0,2.97653700650208
"437",1988.16438356164,1273.28755698338,5604.93520239415,0,364.950621630448,1074.14603976011,10948.2544757649,409.578488985576,19.459975522666,2.57104897917856,25.3533159790663,1808.4,445.783699244635,4482,2667.26695055285,12.5830324077465,0,3.60655805832485
"438",1988.16438356164,1273.28755698338,5604.93520239415,0,364.950621630448,1074.14603976011,10948.2544757649,409.578488985576,19.459975522666,2.57104897917856,25.3533159790663,1808.4,445.783699244635,4482,2667.26695055285,12.5830324077465,0,3.60655805832485
"439",1988.16438356164,1273.28755698338,5604.93520239415,0,364.950621630448,1074.14603976011,10948.2544757649,409.578488985576,19.459975522666,2.57104897917856,25.3533159790663,1808.4,445.783699244635,4482,2667.26695055285,12.5830324077465,0,3.60655805832485
"440",1988.16438356164,1273.28755698338,5604.93520239415,0,364.950621630448,1074.14603976011,10948.2544757649,409.578488985576,19.459975522666,2.57104897917856,25.3533159790663,1808.4,445.783699244635,4482,2667.26695055285,12.5830324077465,0,3.60655805832485
"441",1988.16438356164,1273.28755698338,5604.93520239415,0,364.950621630448,1074.14603976011,10948.2544757649,409.578488985576,19.459975522666,2.57104897917856,25.3533159790663,1808.4,445.783699244635,4482,2667.26695055285,12.5830324077465,0,3.60655805832485
"442",1988.20273972603,1272.55051012654,5605.81286183283,0,364.189290846679,1069.44863430693,10949.5165223481,406.641738297197,24.0308037002747,3.19176718110163,31.7254255373448,1808.4,446.404417446557,4482,2673.63906011113,12.5770318465748,0,3.59940157401273
"443",1988.20273972603,1304.23051012654,5613.73286183283,0,364.189290846679,1202.24863430693,10949.5165223481,406.641738297197,24.0308037002747,3.19176718110163,31.7254255373448,1848,446.404417446557,4614.8,2673.63906011113,12.8620376520933,0,3.59155558391642
"444",1988.20273972603,1304.23051012654,5613.73286183283,0,364.189290846679,1202.24863430693,10949.5165223481,406.641738297197,24.0308037002747,3.19176718110163,31.7254255373448,1848,446.404417446557,4614.8,2673.63906011113,12.8620376520933,0,3.59155558391642
"445",1988.20273972603,1304.23051012654,5613.73286183283,0,364.189290846679,1202.24863430693,10949.5165223481,406.641738297197,24.0308037002747,3.19176718110163,31.7254255373448,1848,446.404417446557,4614.8,2673.63906011113,12.8620376520933,0,3.59155558391642
"446",1988.20273972603,1304.23051012654,5613.73286183283,0,364.189290846679,1202.24863430693,10949.5165223481,406.641738297197,24.0308037002747,3.19176718110163,31.7254255373448,1848,446.404417446557,4614.8,2673.63906011113,12.8620376520933,0,3.59155558391642
"447",1988.20273972603,1304.23051012654,5613.73286183283,0,364.189290846679,1202.24863430693,10949.5165223481,406.641738297197,24.0308037002747,3.19176718110163,31.7254255373448,1848,446.404417446557,4614.8,2673.63906011113,12.8620376520933,0,3.59155558391642
"448",1988.20273972603,1304.23051012654,5613.73286183283,0,364.189290846679,1202.24863430693,10949.5165223481,406.641738297197,24.0308037002747,3.19176718110163,31.7254255373448,1848,446.404417446557,4614.8,2673.63906011113,12.8620376520933,0,3.59155558391642
"449",1989,1286.54736198727,5633.88310271428,0,348.72183132616,1081.6782218133,10991.5011601629,350.326886250907,119.173096194833,16.1921339594346,166.62605226248,1848,459.40478422489,4614.8,2808.53968683626,19.1101400564827,0,5.17985053197133
"450",1989,1286.54736198727,5633.88310271428,0,348.72183132616,1081.6782218133,10991.5011601629,350.326886250907,0,0,0,1848,459.40478422489,4614.8,2808.53968683626,19.1101400564827,0,5.17985053197133
"451",1989,1286.54736198727,5633.88310271428,0,348.72183132616,1081.6782218133,10991.5011601629,350.326886250907,0,0,0,1848,459.40478422489,4614.8,2808.53968683626,19.1101400564827,0,5.17985053197133
"452",1989.16438356164,1282.19798275468,5637.63534956498,0,345.331601421252,1070.08914804963,10996.1257413766,342.413266926433,16.2732586523092,3.98736228679694,14.878111874426,1848,463.392146511687,4614.8,2823.41779871069,19.0833719229234,0,5.1396831653894
"453",1989.16438356164,1282.19798275468,5637.63534956498,0,345.331601421252,1070.08914804963,10996.1257413766,342.413266926433,16.2732586523092,3.98736228679694,14.878111874426,1848,463.392146511687,4614.8,2823.41779871069,19.0833719229234,0,5.1396831653894
"454",1989.16438356164,1282.19798275468,5637.63534956498,0,345.331601421252,1070.08914804963,10996.1257413766,342.413266926433,16.2732586523092,3.98736228679694,14.878111874426,1848,463.392146511687,4614.8,2823.41779871069,19.0833719229234,0,5.1396831653894
"455",1989.16438356164,1282.19798275468,5637.63534956498,0,345.331601421252,1070.08914804963,10996.1257413766,342.413266926433,16.2732586523092,3.98736228679694,14.878111874426,1848,463.392146511687,4614.8,2823.41779871069,19.0833719229234,0,5.1396831653894
"456",1989.16438356164,1282.19798275468,5637.63534956498,0,345.331601421252,1070.08914804963,10996.1257413766,342.413266926433,16.2732586523092,3.98736228679694,14.878111874426,1848,463.392146511687,4614.8,2823.41779871069,19.0833719229234,0,5.1396831653894
"457",1989.16438356164,1282.19798275468,5637.63534956498,0,345.331601421252,1070.08914804963,10996.1257413766,342.413266926433,16.2732586523092,3.98736228679694,14.878111874426,1848,463.392146511687,4614.8,2823.41779871069,19.0833719229234,0,5.1396831653894
"458",1989.20273972603,1281.20219421733,5638.48887020924,0,344.545062382427,1067.48477497135,10997.0948738046,340.588379732498,20.0703523378477,4.91616921871035,18.3382397186454,1848,464.320953443601,4614.8,2826.87792655491,19.0772512011239,0,5.13031645968403
"459",1989.20273972603,1312.88219421733,5646.40887020924,0,344.545062382427,1167.08477497135,10997.0948738046,340.588379732498,20.0703523378477,4.91616921871035,18.3382397186454,1887.6,464.320953443601,4714.4,2826.87792655491,19.3901370236072,0,5.08863323748959
"460",1989.20273972603,1312.88219421733,5646.40887020924,0,344.545062382427,1167.08477497135,10997.0948738046,340.588379732498,20.0703523378477,4.91616921871035,18.3382397186454,1887.6,464.320953443601,4714.4,2826.87792655491,19.3901370236072,0,5.08863323748959
"461",1989.20273972603,1312.88219421733,5646.40887020924,0,344.545062382427,1167.08477497135,10997.0948738046,340.588379732498,20.0703523378477,4.91616921871035,18.3382397186454,1887.6,464.320953443601,4714.4,2826.87792655491,19.3901370236072,0,5.08863323748959
"462",1989.20273972603,1312.88219421733,5646.40887020924,0,344.545062382427,1167.08477497135,10997.0948738046,340.588379732498,20.0703523378477,4.91616921871035,18.3382397186454,1887.6,464.320953443601,4714.4,2826.87792655491,19.3901370236072,0,5.08863323748959
"463",1989.20273972603,1312.88219421733,5646.40887020924,0,344.545062382427,1167.08477497135,10997.0948738046,340.588379732498,20.0703523378477,4.91616921871035,18.3382397186454,1887.6,464.320953443601,4714.4,2826.87792655491,19.3901370236072,0,5.08863323748959
"464",1989.20273972603,1312.88219421733,5646.40887020924,0,344.545062382427,1167.08477497135,10997.0948738046,340.588379732498,20.0703523378477,4.91616921871035,18.3382397186454,1887.6,464.320953443601,4714.4,2826.87792655491,19.3901370236072,0,5.08863323748959
"465",1990,1290.11857846044,5665.72864254463,0,328.606986495507,1094.93411019045,11032.0715106376,305.059144261801,98.9955724280758,24.2980885271362,91.0415031372786,1887.6,483.702872752026,4714.4,2899.58118997354,16.6966300671044,0,4.25281007698448
"466",1990,1290.11857846044,5665.72864254463,0,328.606986495507,1094.93411019045,11032.0715106376,305.059144261801,0,0,0,1887.6,483.702872752026,4714.4,2899.58118997354,16.6966300671044,0,4.25281007698448
"467",1990,1290.11857846044,5665.72864254463,0,328.606986495507,1094.93411019045,11032.0715106376,305.059144261801,0,0,0,1887.6,483.702872752026,4714.4,2899.58118997354,16.6966300671044,0,4.25281007698448
"468",1990.16438356164,1286.24464049671,5669.25591786252,0,325.514900117116,1082.51242181215,11036.6413037949,298.113754887064,11.8774136694254,3.43874902422953,14.797284595712,1887.6,487.141621776256,4714.4,2914.37847456925,16.6700831457664,0,4.21876234060938
"469",1990.16438356164,1286.24464049671,5669.25591786252,0,325.514900117116,1082.51242181215,11036.6413037949,298.113754887064,11.8774136694254,3.43874902422953,14.797284595712,1887.6,487.141621776256,4714.4,2914.37847456925,16.6700831457664,0,4.21876234060938
"470",1990.16438356164,1286.24464049671,5669.25591786252,0,325.514900117116,1082.51242181215,11036.6413037949,298.113754887064,11.8774136694254,3.43874902422953,14.797284595712,1887.6,487.141621776256,4714.4,2914.37847456925,16.6700831457664,0,4.21876234060938
"471",1990.16438356164,1286.24464049671,5669.25591786252,0,325.514900117116,1082.51242181215,11036.6413037949,298.113754887064,11.8774136694254,3.43874902422953,14.797284595712,1887.6,487.141621776256,4714.4,2914.37847456925,16.6700831457664,0,4.21876234060938
"472",1990.16438356164,1286.24464049671,5669.25591786252,0,325.514900117116,1082.51242181215,11036.6413037949,298.113754887064,11.8774136694254,3.43874902422953,14.797284595712,1887.6,487.141621776256,4714.4,2914.37847456925,16.6700831457664,0,4.21876234060938
"473",1990.16438356164,1286.24464049671,5669.25591786252,0,325.514900117116,1082.51242181215,11036.6413037949,298.113754887064,11.8774136694254,3.43874902422953,14.797284595712,1887.6,487.141621776256,4714.4,2914.37847456925,16.6700831457664,0,4.21876234060938
"474",1990.20273972603,1285.35791112048,5670.05913033361,0,324.797469273023,1079.72439445873,11037.5928484082,296.513093961826,14.6486514628531,4.23969677346227,18.234428261125,1887.6,487.942569525489,4714.4,2917.81561823467,16.6640159221746,0,4.21083509318393
"475",1990.20273972603,1317.03791112048,5677.97913033361,0,324.797469273023,1179.32439445873,11037.5928484082,296.513093961826,14.6486514628531,4.23969677346227,18.234428261125,1927.2,487.942569525489,4814,2917.81561823467,16.9647115324349,0,4.18370293380088
"476",1990.20273972603,1317.03791112048,5677.97913033361,0,324.797469273023,1179.32439445873,11037.5928484082,296.513093961826,14.6486514628531,4.23969677346227,18.234428261125,1927.2,487.942569525489,4814,2917.81561823467,16.9647115324349,0,4.18370293380088
"477",1990.20273972603,1317.03791112048,5677.97913033361,0,324.797469273023,1179.32439445873,11037.5928484082,296.513093961826,14.6486514628531,4.23969677346227,18.234428261125,1927.2,487.942569525489,4814,2917.81561823467,16.9647115324349,0,4.18370293380088
"478",1990.20273972603,1317.03791112048,5677.97913033361,0,324.797469273023,1179.32439445873,11037.5928484082,296.513093961826,14.6486514628531,4.23969677346227,18.234428261125,1927.2,487.942569525489,4814,2917.81561823467,16.9647115324349,0,4.18370293380088
"479",1990.20273972603,1317.03791112048,5677.97913033361,0,324.797469273023,1179.32439445873,11037.5928484082,296.513093961826,14.6486514628531,4.23969677346227,18.234428261125,1927.2,487.942569525489,4814,2917.81561823467,16.9647115324349,0,4.18370293380088
"480",1990.20273972603,1317.03791112048,5677.97913033361,0,324.797469273023,1179.32439445873,11037.5928484082,296.513093961826,14.6486514628531,4.23969677346227,18.234428261125,1927.2,487.942569525489,4814,2917.81561823467,16.9647115324349,0,4.18370293380088
"481",1991,1296.39962611746,5696.430552047,0,310.246493067577,1103.74256128983,11071.8198084003,265.31578232772,72.2603613559853,20.9775362685389,90.7866130719828,1927.2,504.680409020565,4814,2990.36780304552,12.8822869161925,0,3.08291074597775
"482",1991,1296.39962611746,5696.430552047,0,310.246493067577,1103.74256128983,11071.8198084003,265.31578232772,0,0,0,1927.2,504.680409020565,4814,2990.36780304552,12.8822869161925,0,3.08291074597775
"483",1991,1296.39962611746,5696.430552047,0,310.246493067577,1103.74256128983,11071.8198084003,265.31578232772,0,0,0,1927.2,504.680409020565,4814,2990.36780304552,12.8822869161925,0,3.08291074597775
"484",1991.16438356164,1293.15577898752,5699.82152797021,0,307.479392033041,1082.25908631647,11075.910369801,257.149700529165,20.0475303068722,2.61997224126135,25.5589953712355,1927.2,507.300381261827,4814,3015.92679841676,12.8547755820561,0,3.0565370738137
"485",1991.16438356164,1293.15577898752,5708.69192797021,0,372.528992033041,1082.25908631647,11075.910369801,406.549700529165,20.0475303068722,2.61997224126135,25.5589953712355,2001.12,507.300381261827,4963.4,3015.92679841676,12.8024112503714,0,3.68808571727333
"486",1991.16438356164,1293.15577898752,5708.69192797021,0,372.528992033041,1082.25908631647,11075.910369801,406.549700529165,20.0475303068722,2.61997224126135,25.5589953712355,2001.12,507.300381261827,4963.4,3015.92679841676,12.8024112503714,0,3.68808571727333
"487",1991.16438356164,1293.15577898752,5708.69192797021,0,372.528992033041,1082.25908631647,11075.910369801,406.549700529165,20.0475303068722,2.61997224126135,25.5589953712355,2001.12,507.300381261827,4963.4,3015.92679841676,12.8024112503714,0,3.68808571727333
"488",1991.16438356164,1293.15577898752,5708.69192797021,0,372.528992033041,1082.25908631647,11075.910369801,406.549700529165,20.0475303068722,2.61997224126135,25.5589953712355,2001.12,507.300381261827,4963.4,3015.92679841676,12.8024112503714,0,3.68808571727333
"489",1991.16438356164,1293.15577898752,5708.69192797021,0,372.528992033041,1082.25908631647,11075.910369801,406.549700529165,20.0475303068722,2.61997224126135,25.5589953712355,2001.12,507.300381261827,4963.4,3015.92679841676,12.8024112503714,0,3.68808571727333
"490",1991.20273972603,1292.42711395971,5709.5657299584,0,371.751598209105,1077.56148991973,11077.1070960087,403.62650201508,24.7567585809285,3.25222910482432,31.9830640743661,2001.12,507.93263812539,4963.4,3022.35086711989,12.7964392543467,0,3.68074662997005
"491",1991.20273972603,1324.10711395971,5717.4857299584,0,371.751598209105,1210.36148991973,11077.1070960087,403.62650201508,24.7567585809285,3.25222910482432,31.9830640743661,2040.72,507.93263812539,5096.2,3022.35086711989,13.083050735053,0,3.67315073601721
"492",1991.20273972603,1324.10711395971,5717.4857299584,0,371.751598209105,1210.36148991973,11077.1070960087,403.62650201508,24.7567585809285,3.25222910482432,31.9830640743661,2040.72,507.93263812539,5096.2,3022.35086711989,13.083050735053,0,3.67315073601721
"493",1991.20273972603,1324.10711395971,5717.4857299584,0,371.751598209105,1210.36148991973,11077.1070960087,403.62650201508,24.7567585809285,3.25222910482432,31.9830640743661,2040.72,507.93263812539,5096.2,3022.35086711989,13.083050735053,0,3.67315073601721
"494",1991.20273972603,1324.10711395971,5717.4857299584,0,371.751598209105,1210.36148991973,11077.1070960087,403.62650201508,24.7567585809285,3.25222910482432,31.9830640743661,2040.72,507.93263812539,5096.2,3022.35086711989,13.083050735053,0,3.67315073601721
"495",1991.20273972603,1324.10711395971,5717.4857299584,0,371.751598209105,1210.36148991973,11077.1070960087,403.62650201508,24.7567585809285,3.25222910482432,31.9830640743661,2040.72,507.93263812539,5096.2,3022.35086711989,13.083050735053,0,3.67315073601721
"496",1991.20273972603,1324.10711395971,5717.4857299584,0,371.751598209105,1210.36148991973,11077.1070960087,403.62650201508,24.7567585809285,3.25222910482432,31.9830640743661,2040.72,507.93263812539,5096.2,3022.35086711989,13.083050735053,0,3.67315073601721
"497",1992,1306.58522647829,5737.56123934757,0,355.957763567744,1089.74900885025,11117.7535345096,347.581542598676,122.781156954244,16.4924418384349,167.994066059379,2040.72,521.172850859,5096.2,3158.3618691049,19.4708687167114,0,5.30451955422972
"498",1992,1306.58522647829,5737.56123934757,0,355.957763567744,1089.74900885025,11117.7535345096,347.581542598676,0,0,0,2040.72,521.172850859,5096.2,3158.3618691049,19.4708687167114,0,5.30451955422972
"499",1992,1306.58522647829,5737.56123934757,0,355.957763567744,1089.74900885025,11117.7535345096,347.581542598676,0,0,0,2040.72,521.172850859,5096.2,3158.3618691049,19.4708687167114,0,5.30451955422972
"500",1992.16438356164,1302.24387015908,5741.29891853182,0,352.494405204847,1078.17204417873,11122.1077993512,339.68612097326,16.6615815645402,4.06703549785155,15.1181214553555,2040.72,525.239886356851,5096.2,3173.47999056026,19.4439032063908,0,5.26312102721595
"501",1992.16438356164,1302.24387015908,5741.29891853182,0,352.494405204847,1078.17204417873,11122.1077993512,339.68612097326,16.6615815645402,4.06703549785155,15.1181214553555,2040.72,525.239886356851,5096.2,3173.47999056026,19.4439032063908,0,5.26312102721595
"502",1992.16438356164,1302.24387015908,5741.29891853182,0,352.494405204847,1078.17204417873,11122.1077993512,339.68612097326,16.6615815645402,4.06703549785155,15.1181214553555,2040.72,525.239886356851,5096.2,3173.47999056026,19.4439032063908,0,5.26312102721595
"503",1992.16438356164,1302.24387015908,5741.29891853182,0,352.494405204847,1078.17204417873,11122.1077993512,339.68612097326,16.6615815645402,4.06703549785155,15.1181214553555,2040.72,525.239886356851,5096.2,3173.47999056026,19.4439032063908,0,5.26312102721595
"504",1992.16438356164,1302.24387015908,5741.29891853182,0,352.494405204847,1078.17204417873,11122.1077993512,339.68612097326,16.6615815645402,4.06703549785155,15.1181214553555,2040.72,525.239886356851,5096.2,3173.47999056026,19.4439032063908,0,5.26312102721595
"505",1992.16438356164,1302.24387015908,5741.29891853182,0,352.494405204847,1078.17204417873,11122.1077993512,339.68612097326,16.6615815645402,4.06703549785155,15.1181214553555,2040.72,525.239886356851,5096.2,3173.47999056026,19.4439032063908,0,5.26312102721595
"506",1992.20273972603,1301.24991517359,5742.14900627868,0,351.690908617262,1075.5706080406,11123.0142348624,337.865712141565,20.5492839295688,5.01439932407212,18.6335309139528,2040.72,526.187250183072,5096.2,3176.99540001886,19.4377384224505,0,5.25346884371885
"507",1992.20273972603,1332.92991517359,5750.06900627868,0,351.690908617262,1175.1706080406,11123.0142348624,337.865712141565,20.5492839295688,5.01439932407212,18.6335309139528,2080.32,526.187250183072,5195.8,3176.99540001886,19.7539605270891,0,5.21204321958421
"508",1992.20273972603,1332.92991517359,5750.06900627868,0,351.690908617262,1175.1706080406,11123.0142348624,337.865712141565,20.5492839295688,5.01439932407212,18.6335309139528,2080.32,526.187250183072,5195.8,3176.99540001886,19.7539605270891,0,5.21204321958421
"509",1992.20273972603,1332.92991517359,5750.06900627868,0,351.690908617262,1175.1706080406,11123.0142348624,337.865712141565,20.5492839295688,5.01439932407212,18.6335309139528,2080.32,526.187250183072,5195.8,3176.99540001886,19.7539605270891,0,5.21204321958421
"510",1992.20273972603,1332.92991517359,5750.06900627868,0,351.690908617262,1175.1706080406,11123.0142348624,337.865712141565,20.5492839295688,5.01439932407212,18.6335309139528,2080.32,526.187250183072,5195.8,3176.99540001886,19.7539605270891,0,5.21204321958421
"511",1992.20273972603,1332.92991517359,5750.06900627868,0,351.690908617262,1175.1706080406,11123.0142348624,337.865712141565,20.5492839295688,5.01439932407212,18.6335309139528,2080.32,526.187250183072,5195.8,3176.99540001886,19.7539605270891,0,5.21204321958421
"512",1992.20273972603,1332.92991517359,5750.06900627868,0,351.690908617262,1175.1706080406,11123.0142348624,337.865712141565,20.5492839295688,5.01439932407212,18.6335309139528,2080.32,526.187250183072,5195.8,3176.99540001886,19.7539605270891,0,5.21204321958421
"513",1993,1310.19929523716,5769.31396535364,0,335.409100810278,1103.0110674877,11156.704939543,302.426787436862,101.357817327372,24.7818679925264,92.5412914909656,2080.32,545.954718851526,5195.8,3250.90316059587,17.0134990179376,0,4.35543083253609
"514",1993,1310.19929523716,5769.31396535364,0,335.409100810278,1103.0110674877,11156.704939543,302.426787436862,0,0,0,2080.32,545.954718851526,5195.8,3250.90316059587,17.0134990179376,0,4.35543083253609
"515",1993,1310.19929523716,5769.31396535364,0,335.409100810278,1103.0110674877,11156.704939543,302.426787436862,0,0,0,2080.32,545.954718851526,5195.8,3250.90316059587,17.0134990179376,0,4.35543083253609
"516",1993.16438356164,1306.33892159018,5772.8251845685,0,332.250644306801,1090.60660603458,11161.0153189499,295.508003228001,12.1817596247796,3.50761093559547,15.0128662550295,2080.32,549.462329787121,5195.8,3265.9160268509,16.9868029913073,0,4.32037669956612
"517",1993.16438356164,1306.33892159018,5772.8251845685,0,332.250644306801,1090.60660603458,11161.0153189499,295.508003228001,12.1817596247796,3.50761093559547,15.0128662550295,2080.32,549.462329787121,5195.8,3265.9160268509,16.9868029913073,0,4.32037669956612
"518",1993.16438356164,1306.33892159018,5772.8251845685,0,332.250644306801,1090.60660603458,11161.0153189499,295.508003228001,12.1817596247796,3.50761093559547,15.0128662550295,2080.32,549.462329787121,5195.8,3265.9160268509,16.9868029913073,0,4.32037669956612
"519",1993.16438356164,1306.33892159018,5772.8251845685,0,332.250644306801,1090.60660603458,11161.0153189499,295.508003228001,12.1817596247796,3.50761093559547,15.0128662550295,2080.32,549.462329787121,5195.8,3265.9160268509,16.9868029913073,0,4.32037669956612
"520",1993.16438356164,1306.33892159018,5772.8251845685,0,332.250644306801,1090.60660603458,11161.0153189499,295.508003228001,12.1817596247796,3.50761093559547,15.0128662550295,2080.32,549.462329787121,5195.8,3265.9160268509,16.9868029913073,0,4.32037669956612
"521",1993.16438356164,1306.33892159018,5772.8251845685,0,332.250644306801,1090.60660603458,11161.0153189499,295.508003228001,12.1817596247796,3.50761093559547,15.0128662550295,2080.32,549.462329787121,5195.8,3265.9160268509,16.9868029913073,0,4.32037669956612
"522",1993.20273972603,1305.4552999077,5773.62464161199,0,331.517820635587,1087.82267389168,11161.9067235745,293.91368745418,15.0239937129498,4.32459924580395,18.4997095471709,2080.32,550.27931809733,5195.8,3269.40287014304,16.9807023611799,0,4.31221615940274
"523",1993.20273972603,1337.1352999077,5781.54464161199,0,331.517820635587,1187.42267389168,11161.9067235745,293.91368745418,15.0239937129498,4.32459924580395,18.4997095471709,2119.92,550.27931809733,5295.4,3269.40287014304,17.2843519844133,0,4.28533350466975
"524",1993.20273972603,1337.1352999077,5781.54464161199,0,331.517820635587,1187.42267389168,11161.9067235745,293.91368745418,15.0239937129498,4.32459924580395,18.4997095471709,2119.92,550.27931809733,5295.4,3269.40287014304,17.2843519844133,0,4.28533350466975
"525",1993.20273972603,1337.1352999077,5781.54464161199,0,331.517820635587,1187.42267389168,11161.9067235745,293.91368745418,15.0239937129498,4.32459924580395,18.4997095471709,2119.92,550.27931809733,5295.4,3269.40287014304,17.2843519844133,0,4.28533350466975
"526",1993.20273972603,1337.1352999077,5781.54464161199,0,331.517820635587,1187.42267389168,11161.9067235745,293.91368745418,15.0239937129498,4.32459924580395,18.4997095471709,2119.92,550.27931809733,5295.4,3269.40287014304,17.2843519844133,0,4.28533350466975
"527",1993.20273972603,1337.1352999077,5781.54464161199,0,331.517820635587,1187.42267389168,11161.9067235745,293.91368745418,15.0239937129498,4.32459924580395,18.4997095471709,2119.92,550.27931809733,5295.4,3269.40287014304,17.2843519844133,0,4.28533350466975
"528",1993.20273972603,1337.1352999077,5781.54464161199,0,331.517820635587,1187.42267389168,11161.9067235745,293.91368745418,15.0239937129498,4.32459924580395,18.4997095471709,2119.92,550.27931809733,5295.4,3269.40287014304,17.2843519844133,0,4.28533350466975
"529",1994,1316.55477610213,5799.91707754325,0,316.654553232684,1111.85812173991,11194.906883023,262.842585079714,74.112375943507,21.3959545230064,92.1352046249548,2119.92,567.350673374533,5295.4,3343.03836522082,13.102257317117,0,3.1513230686647
"530",1994,1316.55477610213,5799.91707754325,0,316.654553232684,1111.85812173991,11194.906883023,262.842585079714,0,0,0,2119.92,567.350673374533,5295.4,3343.03836522082,13.102257317117,0,3.1513230686647
"531",1994,1316.55477610213,5799.91707754325,0,316.654553232684,1111.85812173991,11194.906883023,262.842585079714,0,0,0,2119.92,567.350673374533,5295.4,3343.03836522082,13.102257317117,0,3.1513230686647
"532",1994.16438356164,1313.33783370392,5803.29171253568,0,313.829531504372,1090.35906358678,11198.7498934595,254.734157031444,20.6305762812314,2.66732913410443,25.764475764815,2119.92,570.018002508637,5295.4,3368.80284098564,13.0748070341185,0,3.12429936968718
"533",1994.16438356164,1313.33783370392,5812.16211253568,0,378.879131504372,1090.35906358678,11198.7498934595,404.134157031444,20.6305762812314,2.66732913410443,25.764475764815,2193.84,570.018002508637,5444.8,3368.80284098564,13.0244122344761,0,3.75735615704931
"534",1994.16438356164,1313.33783370392,5812.16211253568,0,378.879131504372,1090.35906358678,11198.7498934595,404.134157031444,20.6305762812314,2.66732913410443,25.764475764815,2193.84,570.018002508637,5444.8,3368.80284098564,13.0244122344761,0,3.75735615704931
"535",1994.16438356164,1313.33783370392,5812.16211253568,0,378.879131504372,1090.35906358678,11198.7498934595,404.134157031444,20.6305762812314,2.66732913410443,25.764475764815,2193.84,570.018002508637,5444.8,3368.80284098564,13.0244122344761,0,3.75735615704931
"536",1994.16438356164,1313.33783370392,5812.16211253568,0,378.879131504372,1090.35906358678,11198.7498934595,404.134157031444,20.6305762812314,2.66732913410443,25.764475764815,2193.84,570.018002508637,5444.8,3368.80284098564,13.0244122344761,0,3.75735615704931
"537",1994.16438356164,1313.33783370392,5812.16211253568,0,378.879131504372,1090.35906358678,11198.7498934595,404.134157031444,20.6305762812314,2.66732913410443,25.764475764815,2193.84,570.018002508637,5444.8,3368.80284098564,13.0244122344761,0,3.75735615704931
"538",1994.20273972603,1312.61526101958,5813.03214923447,0,378.088241443177,1085.65744489983,11199.8890231319,401.221091463032,25.4771750766181,3.31075518084729,32.2400303478477,2193.84,570.66142855538,5444.8,3375.27839556867,13.0184485973263,0,3.7498591420141
"539",1994.20273972603,1344.29526101958,5820.95214923447,0,378.088241443177,1218.45744489983,11199.8890231319,401.221091463032,25.4771750766181,3.31075518084729,32.2400303478477,2233.44,570.66142855538,5577.6,3375.27839556867,13.3065873188906,0,3.74252914883716
"540",1994.20273972603,1344.29526101958,5820.95214923447,0,378.088241443177,1218.45744489983,11199.8890231319,401.221091463032,25.4771750766181,3.31075518084729,32.2400303478477,2233.44,570.66142855538,5577.6,3375.27839556867,13.3065873188906,0,3.74252914883716
"541",1994.20273972603,1344.29526101958,5820.95214923447,0,378.088241443177,1218.45744489983,11199.8890231319,401.221091463032,25.4771750766181,3.31075518084729,32.2400303478477,2233.44,570.66142855538,5577.6,3375.27839556867,13.3065873188906,0,3.74252914883716
"542",1994.20273972603,1344.29526101958,5820.95214923447,0,378.088241443177,1218.45744489983,11199.8890231319,401.221091463032,25.4771750766181,3.31075518084729,32.2400303478477,2233.44,570.66142855538,5577.6,3375.27839556867,13.3065873188906,0,3.74252914883716
"543",1994.20273972603,1344.29526101958,5820.95214923447,0,378.088241443177,1218.45744489983,11199.8890231319,401.221091463032,25.4771750766181,3.31075518084729,32.2400303478477,2233.44,570.66142855538,5577.6,3375.27839556867,13.3065873188906,0,3.74252914883716
"544",1994.20273972603,1344.29526101958,5820.95214923447,0,378.088241443177,1218.45744489983,11199.8890231319,401.221091463032,25.4771750766181,3.31075518084729,32.2400303478477,2233.44,570.66142855538,5577.6,3375.27839556867,13.3065873188906,0,3.74252914883716
"545",1995,1326.8901643964,5840.95289009081,0,362.020182054309,1097.73988219578,11239.3439836717,345.378874737335,126.362236949312,16.783170336552,169.344849237764,2233.44,584.133843711085,5577.6,3512.38321445859,19.838704457165,0,5.41266458371223
"546",1995,1326.8901643964,5840.95289009081,0,362.020182054309,1097.73988219578,11239.3439836717,345.378874737335,0,0,0,2233.44,584.133843711085,5577.6,3512.38321445859,19.838704457165,0,5.41266458371223
"547",1995,1326.8901643964,5840.95289009081,0,362.020182054309,1097.73988219578,11239.3439836717,345.378874737335,0,0,0,2233.44,584.133843711085,5577.6,3512.38321445859,19.838704457165,0,5.41266458371223
"548",1995.16438356164,1322.54755690856,5844.67556339627,0,358.494957047157,1086.16234011265,11243.4550904103,337.492725947505,17.0499044766788,4.14515918953999,15.3525841344118,2233.44,588.279002900625,5577.6,3527.735798593,19.8114053273224,0,5.37015766636308
"549",1995.16438356164,1322.54755690856,5844.67556339627,0,358.494957047157,1086.16234011265,11243.4550904103,337.492725947505,17.0499044766788,4.14515918953999,15.3525841344118,2233.44,588.279002900625,5577.6,3527.735798593,19.8114053273224,0,5.37015766636308
"550",1995.16438356164,1322.54755690856,5844.67556339627,0,358.494957047157,1086.16234011265,11243.4550904103,337.492725947505,17.0499044766788,4.14515918953999,15.3525841344118,2233.44,588.279002900625,5577.6,3527.735798593,19.8114053273224,0,5.37015766636308
"551",1995.16438356164,1322.54755690856,5844.67556339627,0,358.494957047157,1086.16234011265,11243.4550904103,337.492725947505,17.0499044766788,4.14515918953999,15.3525841344118,2233.44,588.279002900625,5577.6,3527.735798593,19.8114053273224,0,5.37015766636308
"552",1995.16438356164,1322.54755690856,5844.67556339627,0,358.494957047157,1086.16234011265,11243.4550904103,337.492725947505,17.0499044766788,4.14515918953999,15.3525841344118,2233.44,588.279002900625,5577.6,3527.735798593,19.8114053273224,0,5.37015766636308
"553",1995.16438356164,1322.54755690856,5844.67556339627,0,358.494957047157,1086.16234011265,11243.4550904103,337.492725947505,17.0499044766788,4.14515918953999,15.3525841344118,2233.44,588.279002900625,5577.6,3527.735798593,19.8114053273224,0,5.37015766636308
"554",1995.20273972603,1321.55330597549,5845.52209662527,0,357.677115836119,1083.56096589236,11244.3050447898,335.674714389893,21.0282155212163,5.11071810465178,18.9220155327989,2233.44,589.244561815736,5577.6,3531.30522999139,19.8051649631925,0,5.36024861854847
"555",1995.20273972603,1353.23330597549,5853.44209662527,0,357.677115836119,1183.16096589236,11244.3050447898,335.674714389893,21.0282155212163,5.11071810465178,18.9220155327989,2273.04,589.244561815736,5677.2,3531.30522999139,20.1246585072171,0,5.31920828453111
"556",1995.20273972603,1353.23330597549,5853.44209662527,0,357.677115836119,1183.16096589236,11244.3050447898,335.674714389893,21.0282155212163,5.11071810465178,18.9220155327989,2273.04,589.244561815736,5677.2,3531.30522999139,20.1246585072171,0,5.31920828453111
"557",1995.20273972603,1353.23330597549,5853.44209662527,0,357.677115836119,1183.16096589236,11244.3050447898,335.674714389893,21.0282155212163,5.11071810465178,18.9220155327989,2273.04,589.244561815736,5677.2,3531.30522999139,20.1246585072171,0,5.31920828453111
"558",1995.20273972603,1353.23330597549,5853.44209662527,0,357.677115836119,1183.16096589236,11244.3050447898,335.674714389893,21.0282155212163,5.11071810465178,18.9220155327989,2273.04,589.244561815736,5677.2,3531.30522999139,20.1246585072171,0,5.31920828453111
"559",1995.20273972603,1353.23330597549,5853.44209662527,0,357.677115836119,1183.16096589236,11244.3050447898,335.674714389893,21.0282155212163,5.11071810465178,18.9220155327989,2273.04,589.244561815736,5677.2,3531.30522999139,20.1246585072171,0,5.31920828453111
"560",1995.20273972603,1353.23330597549,5853.44209662527,0,357.677115836119,1183.16096589236,11244.3050447898,335.674714389893,21.0282155212163,5.11071810465178,18.9220155327989,2273.04,589.244561815736,5677.2,3531.30522999139,20.1246585072171,0,5.31920828453111
"561",1996,1330.49417567655,5872.60826870851,0,341.104511738217,1110.94396089799,11276.830018059,300.284913094992,103.720245751082,25.2562804182414,94.0038485527969,2273.04,609.390124129326,5677.2,3606.38706301139,17.3346912888119,0,4.44416932918642
"562",1996,1330.49417567655,5872.60826870851,0,341.104511738217,1110.94396089799,11276.830018059,300.284913094992,0,0,0,2273.04,609.390124129326,5677.2,3606.38706301139,17.3346912888119,0,4.44416932918642
"563",1996,1330.49417567655,5872.60826870851,0,341.104511738217,1110.94396089799,11276.830018059,300.284913094992,0,0,0,2273.04,609.390124129326,5677.2,3606.38706301139,17.3346912888119,0,4.44416932918642
"564",1996.16438356164,1326.63980947288,5876.10221669746,0,337.890027147626,1098.54815970983,11280.9032869303,293.384147490477,12.485661960196,3.57490280531688,15.2232979213904,2273.04,612.965026934643,5677.2,3621.61036093278,17.3077532098357,0,4.40821778464454
"565",1996.16438356164,1326.63980947288,5876.10221669746,0,337.890027147626,1098.54815970983,11280.9032869303,293.384147490477,12.485661960196,3.57490280531688,15.2232979213904,2273.04,612.965026934643,5677.2,3621.61036093278,17.3077532098357,0,4.40821778464454
"566",1996.16438356164,1326.63980947288,5876.10221669746,0,337.890027147626,1098.54815970983,11280.9032869303,293.384147490477,12.485661960196,3.57490280531688,15.2232979213904,2273.04,612.965026934643,5677.2,3621.61036093278,17.3077532098357,0,4.40821778464454
"567",1996.16438356164,1326.63980947288,5876.10221669746,0,337.890027147626,1098.54815970983,11280.9032869303,293.384147490477,12.485661960196,3.57490280531688,15.2232979213904,2273.04,612.965026934643,5677.2,3621.61036093278,17.3077532098357,0,4.40821778464454
"568",1996.16438356164,1326.63980947288,5876.10221669746,0,337.890027147626,1098.54815970983,11280.9032869303,293.384147490477,12.485661960196,3.57490280531688,15.2232979213904,2273.04,612.965026934643,5677.2,3621.61036093278,17.3077532098357,0,4.40821778464454
"569",1996.16438356164,1326.63980947288,5876.10221669746,0,337.890027147626,1098.54815970983,11280.9032869303,293.384147490477,12.485661960196,3.57490280531688,15.2232979213904,2273.04,612.965026934643,5677.2,3621.61036093278,17.3077532098357,0,4.40821778464454
"570",1996.20273972603,1325.75756022856,5876.89761983612,0,337.144210333079,1095.76638683788,11281.7396571328,291.794180887498,15.3987881566484,4.40756572551514,18.7586671938306,2273.04,613.797689854841,5677.2,3625.14573020522,17.3015976875606,0,4.39984931246976
"571",1996.20273972603,1357.43756022856,5884.81761983612,0,337.144210333079,1195.36638683788,11281.7396571328,291.794180887498,15.3987881566484,4.40756572551514,18.7586671938306,2312.64,613.797689854841,5776.8,3625.14573020522,17.6081124074468,0,4.37329371677706
"572",1996.20273972603,1357.43756022856,5884.81761983612,0,337.144210333079,1195.36638683788,11281.7396571328,291.794180887498,15.3987881566484,4.40756572551514,18.7586671938306,2312.64,613.797689854841,5776.8,3625.14573020522,17.6081124074468,0,4.37329371677706
"573",1996.20273972603,1357.43756022856,5884.81761983612,0,337.144210333079,1195.36638683788,11281.7396571328,291.794180887498,15.3987881566484,4.40756572551514,18.7586671938306,2312.64,613.797689854841,5776.8,3625.14573020522,17.6081124074468,0,4.37329371677706
"574",1996.20273972603,1357.43756022856,5884.81761983612,0,337.144210333079,1195.36638683788,11281.7396571328,291.794180887498,15.3987881566484,4.40756572551514,18.7586671938306,2312.64,613.797689854841,5776.8,3625.14573020522,17.6081124074468,0,4.37329371677706
"575",1996.20273972603,1357.43756022856,5884.81761983612,0,337.144210333079,1195.36638683788,11281.7396571328,291.794180887498,15.3987881566484,4.40756572551514,18.7586671938306,2312.64,613.797689854841,5776.8,3625.14573020522,17.6081124074468,0,4.37329371677706
"576",1996.20273972603,1357.43756022856,5884.81761983612,0,337.144210333079,1195.36638683788,11281.7396571328,291.794180887498,15.3987881566484,4.40756572551514,18.7586671938306,2312.64,613.797689854841,5776.8,3625.14573020522,17.6081124074468,0,4.37329371677706
"577",1997,1336.8811228224,5903.10361732562,0,322.017353508737,1119.78841448038,11313.6113803125,260.810122280907,75.9616137147398,21.8048624665177,93.4489749782903,2312.64,631.194986595844,5776.8,3699.83603798968,13.3235247055839,0,3.20926527561594
"578",1997,1336.8811228224,5903.10361732562,0,322.017353508737,1119.78841448038,11313.6113803125,260.810122280907,0,0,0,2312.64,631.194986595844,5776.8,3699.83603798968,13.3235247055839,0,3.20926527561594
"579",1997,1336.8811228224,5903.10361732562,0,322.017353508737,1119.78841448038,11313.6113803125,260.810122280907,0,0,0,2312.64,631.194986595844,5776.8,3699.83603798968,13.3235247055839,0,3.20926527561594
"580",1997.16438356164,1333.68502631211,5906.46013892524,0,319.143747355493,1098.27042387111,11317.2256645169,252.747826323591,21.2090807083923,2.71318106391894,25.9660023621943,2312.64,633.908167659763,5776.8,3725.80204035187,13.2960812765021,0,3.18168167146616
"581",1997.16438356164,1333.68502631211,5915.33053892524,0,384.193347355493,1098.27042387111,11317.2256645169,402.147826323591,21.2090807083923,2.71318106391894,25.9660023621943,2386.56,633.908167659763,5926.2,3725.80204035187,13.247576920958,0,3.81621658877435
"582",1997.16438356164,1333.68502631211,5915.33053892524,0,384.193347355493,1098.27042387111,11317.2256645169,402.147826323591,21.2090807083923,2.71318106391894,25.9660023621943,2386.56,633.908167659763,5926.2,3725.80204035187,13.247576920958,0,3.81621658877435
"583",1997.16438356164,1333.68502631211,5915.33053892524,0,384.193347355493,1098.27042387111,11317.2256645169,402.147826323591,21.2090807083923,2.71318106391894,25.9660023621943,2386.56,633.908167659763,5926.2,3725.80204035187,13.247576920958,0,3.81621658877435
"584",1997.16438356164,1333.68502631211,5915.33053892524,0,384.193347355493,1098.27042387111,11317.2256645169,402.147826323591,21.2090807083923,2.71318106391894,25.9660023621943,2386.56,633.908167659763,5926.2,3725.80204035187,13.247576920958,0,3.81621658877435
"585",1997.16438356164,1333.68502631211,5915.33053892524,0,384.193347355493,1098.27042387111,11317.2256645169,402.147826323591,21.2090807083923,2.71318106391894,25.9660023621943,2386.56,633.908167659763,5926.2,3725.80204035187,13.247576920958,0,3.81621658877435
"586",1997.20273972603,1332.9671567648,5916.19638635835,0,383.391128721595,1093.56403065096,11318.3115284679,399.242537871106,26.1920136275386,3.36742181201231,32.4918200837348,2386.56,634.562408407856,5926.2,3732.32785807341,13.2416095127683,0,3.80858267319382
"587",1997.20273972603,1364.6471567648,5924.11638635835,0,383.391128721595,1226.36403065096,11318.3115284679,399.242537871106,26.1920136275386,3.36742181201231,32.4918200837348,2426.16,634.562408407856,6059,3732.32785807341,13.5312065114753,0,3.80152811786029
"588",1997.20273972603,1364.6471567648,5924.11638635835,0,383.391128721595,1226.36403065096,11318.3115284679,399.242537871106,26.1920136275386,3.36742181201231,32.4918200837348,2426.16,634.562408407856,6059,3732.32785807341,13.5312065114753,0,3.80152811786029
"589",1997.20273972603,1364.6471567648,5924.11638635835,0,383.391128721595,1226.36403065096,11318.3115284679,399.242537871106,26.1920136275386,3.36742181201231,32.4918200837348,2426.16,634.562408407856,6059,3732.32785807341,13.5312065114753,0,3.80152811786029
"590",1997.20273972603,1364.6471567648,5924.11638635835,0,383.391128721595,1226.36403065096,11318.3115284679,399.242537871106,26.1920136275386,3.36742181201231,32.4918200837348,2426.16,634.562408407856,6059,3732.32785807341,13.5312065114753,0,3.80152811786029
"591",1997.20273972603,1364.6471567648,5924.11638635835,0,383.391128721595,1226.36403065096,11318.3115284679,399.242537871106,26.1920136275386,3.36742181201231,32.4918200837348,2426.16,634.562408407856,6059,3732.32785807341,13.5312065114753,0,3.80152811786029
"592",1997.20273972603,1364.6471567648,5924.11638635835,0,383.391128721595,1226.36403065096,11318.3115284679,399.242537871106,26.1920136275386,3.36742181201231,32.4918200837348,2426.16,634.562408407856,6059,3732.32785807341,13.5312065114753,0,3.80152811786029
"593",1998,1347.331735443,5944.03277774505,0,367.09287970252,1105.53068269232,11356.6605943584,343.556564832659,129.916348696018,17.0647007661902,170.662075190408,2426.16,648.259687362034,6059,3870.49811318009,20.2114264374218,0,5.50678837188475
"594",1998,1347.331735443,5944.03277774505,0,367.09287970252,1105.53068269232,11356.6605943584,343.556564832659,0,0,0,2426.16,648.259687362034,6059,3870.49811318009,20.2114264374218,0,5.50678837188475
"595",1998,1347.331735443,5944.03277774505,0,367.09287970252,1105.53068269232,11356.6605943584,343.556564832659,0,0,0,2426.16,648.259687362034,6059,3870.49811318009,20.2114264374218,0,5.50678837188475
"596",1998.16438356164,1342.98200685306,5947.73830521384,0,363.515298379836,1093.94775469926,11360.545409656,335.673653891422,17.4382209129952,4.22178244382959,15.5810236366373,2426.16,652.481469805863,6059,3886.07913681672,20.1836962731094,0,5.46327674956712
"597",1998.16438356164,1342.98200685306,5947.73830521384,0,363.515298379836,1093.94775469926,11360.545409656,335.673653891422,17.4382209129952,4.22178244382959,15.5810236366373,2426.16,652.481469805863,6059,3886.07913681672,20.1836962731094,0,5.46327674956712
"598",1998.16438356164,1342.98200685306,5947.73830521384,0,363.515298379836,1093.94775469926,11360.545409656,335.673653891422,17.4382209129952,4.22178244382959,15.5810236366373,2426.16,652.481469805863,6059,3886.07913681672,20.1836962731094,0,5.46327674956712
"599",1998.16438356164,1342.98200685306,5947.73830521384,0,363.515298379836,1093.94775469926,11360.545409656,335.673653891422,17.4382209129952,4.22178244382959,15.5810236366373,2426.16,652.481469805863,6059,3886.07913681672,20.1836962731094,0,5.46327674956712
"600",1998.16438356164,1342.98200685306,5947.73830521384,0,363.515298379836,1093.94775469926,11360.545409656,335.673653891422,17.4382209129952,4.22178244382959,15.5810236366373,2426.16,652.481469805863,6059,3886.07913681672,20.1836962731094,0,5.46327674956712
"601",1998.16438356164,1342.98200685306,5947.73830521384,0,363.515298379836,1093.94775469926,11360.545409656,335.673653891422,17.4382209129952,4.22178244382959,15.5810236366373,2426.16,652.481469805863,6059,3886.07913681672,20.1836962731094,0,5.46327674956712
"602",1998.20273972603,1341.9861181786,5948.58076891018,0,362.685319526862,1091.3454205935,11361.3426882237,333.856632545584,21.5071321443369,5.20518627492899,19.203100520532,2426.16,653.464873636963,6059,3889.70121370062,20.1773578510796,0,5.45313500661168
"603",1998.20273972603,1373.6661181786,5956.50076891018,0,362.685319526862,1190.9454205935,11361.3426882237,333.856632545584,21.5071321443369,5.20518627492899,19.203100520532,2465.76,653.464873636963,6158.6,3889.70121370062,20.5000696865317,0,5.41257750059464
"604",1998.20273972603,1373.6661181786,5956.50076891018,0,362.685319526862,1190.9454205935,11361.3426882237,333.856632545584,21.5071321443369,5.20518627492899,19.203100520532,2465.76,653.464873636963,6158.6,3889.70121370062,20.5000696865317,0,5.41257750059464
"605",1998.20273972603,1373.6661181786,5956.50076891018,0,362.685319526862,1190.9454205935,11361.3426882237,333.856632545584,21.5071321443369,5.20518627492899,19.203100520532,2465.76,653.464873636963,6158.6,3889.70121370062,20.5000696865317,0,5.41257750059464
"606",1998.20273972603,1373.6661181786,5956.50076891018,0,362.685319526862,1190.9454205935,11361.3426882237,333.856632545584,21.5071321443369,5.20518627492899,19.203100520532,2465.76,653.464873636963,6158.6,3889.70121370062,20.5000696865317,0,5.41257750059464
"607",1998.20273972603,1373.6661181786,5956.50076891018,0,362.685319526862,1190.9454205935,11361.3426882237,333.856632545584,21.5071321443369,5.20518627492899,19.203100520532,2465.76,653.464873636963,6158.6,3889.70121370062,20.5000696865317,0,5.41257750059464
"608",1998.20273972603,1373.6661181786,5956.50076891018,0,362.685319526862,1190.9454205935,11361.3426882237,333.856632545584,21.5071321443369,5.20518627492899,19.203100520532,2465.76,653.464873636963,6158.6,3889.70121370062,20.5000696865317,0,5.41257750059464
"609",1999,1350.89218672395,5975.57695520097,0,345.866636380526,1118.65439805078,11392.7780156325,298.488152353275,106.082398452257,25.7216145851293,95.4272758468235,2465.76,673.981301947163,6158.6,3965.92538902691,17.6585717632848,0,4.52109419173027
"610",1999,1350.89218672395,5975.57695520097,0,345.866636380526,1118.65439805078,11392.7780156325,298.488152353275,0,0,0,2465.76,673.981301947163,6158.6,3965.92538902691,17.6585717632848,0,4.52109419173027
"611",1999,1350.89218672395,5975.57695520097,0,345.866636380526,1118.65439805078,11392.7780156325,298.488152353275,0,0,0,2465.76,673.981301947163,6158.6,3965.92538902691,17.6585717632848,0,4.52109419173027
"612",1999.16438356164,1347.03907993495,5979.05113878471,0,342.604862395908,1106.26429586919,11396.6287009817,291.59960042436,12.7891026182917,3.64069718988071,15.4279687612412,2465.76,677.621999137044,6158.6,3981.35335778815,17.6313286309299,0,4.48433828642037
"613",1999.16438356164,1347.03907993495,5979.05113878471,0,342.604862395908,1106.26429586919,11396.6287009817,291.59960042436,12.7891026182917,3.64069718988071,15.4279687612412,2465.76,677.621999137044,6158.6,3981.35335778815,17.6313286309299,0,4.48433828642037
"614",1999.16438356164,1347.03907993495,5979.05113878471,0,342.604862395908,1106.26429586919,11396.6287009817,291.59960042436,12.7891026182917,3.64069718988071,15.4279687612412,2465.76,677.621999137044,6158.6,3981.35335778815,17.6313286309299,0,4.48433828642037
"615",1999.16438356164,1347.03907993495,5979.05113878471,0,342.604862395908,1106.26429586919,11396.6287009817,291.59960042436,12.7891026182917,3.64069718988071,15.4279687612412,2465.76,677.621999137044,6158.6,3981.35335778815,17.6313286309299,0,4.48433828642037
"616",1999.16438356164,1347.03907993495,5979.05113878471,0,342.604862395908,1106.26429586919,11396.6287009817,291.59960042436,12.7891026182917,3.64069718988071,15.4279687612412,2465.76,677.621999137044,6158.6,3981.35335778815,17.6313286309299,0,4.48433828642037
"617",1999.16438356164,1347.03907993495,5979.05113878471,0,342.604862395908,1106.26429586919,11396.6287009817,291.59960042436,12.7891026182917,3.64069718988071,15.4279687612412,2465.76,677.621999137044,6158.6,3981.35335778815,17.6313286309299,0,4.48433828642037
"618",1999.20273972603,1346.15711236567,5979.84189983615,0,341.848080109198,1103.4840175724,11397.4133703754,290.012632073245,15.7730126146816,4.48868599442291,19.0105460154498,2465.76,678.469987941586,6158.6,3984.93593504236,17.6251036388655,0,4.47578353620519
"619",1999.20273972603,1377.83711236567,5987.76189983615,0,341.848080109198,1203.0840175724,11397.4133703754,290.012632073245,15.7730126146816,4.48868599442291,19.0105460154498,2505.36,678.469987941586,6258.2,3984.93593504236,17.9344041711078,0,4.44961278715252
"620",1999.20273972603,1377.83711236567,5987.76189983615,0,341.848080109198,1203.0840175724,11397.4133703754,290.012632073245,15.7730126146816,4.48868599442291,19.0105460154498,2505.36,678.469987941586,6258.2,3984.93593504236,17.9344041711078,0,4.44961278715252
"621",1999.20273972603,1377.83711236567,5987.76189983615,0,341.848080109198,1203.0840175724,11397.4133703754,290.012632073245,15.7730126146816,4.48868599442291,19.0105460154498,2505.36,678.469987941586,6258.2,3984.93593504236,17.9344041711078,0,4.44961278715252
"622",1999.20273972603,1377.83711236567,5987.76189983615,0,341.848080109198,1203.0840175724,11397.4133703754,290.012632073245,15.7730126146816,4.48868599442291,19.0105460154498,2505.36,678.469987941586,6258.2,3984.93593504236,17.9344041711078,0,4.44961278715252
"623",1999.20273972603,1377.83711236567,5987.76189983615,0,341.848080109198,1203.0840175724,11397.4133703754,290.012632073245,15.7730126146816,4.48868599442291,19.0105460154498,2505.36,678.469987941586,6258.2,3984.93593504236,17.9344041711078,0,4.44961278715252
"624",1999.20273972603,1377.83711236567,5987.76189983615,0,341.848080109198,1203.0840175724,11397.4133703754,290.012632073245,15.7730126146816,4.48868599442291,19.0105460154498,2505.36,678.469987941586,6258.2,3984.93593504236,17.9344041711078,0,4.44961278715252
"625",2000,1357.28346453833,6005.94880657706,0,326.498788830548,1127.48266497383,11428.2234325106,259.089133577265,77.8080790175522,22.2047183595109,94.7253349747989,2505.36,696.186020306674,6258.2,4060.6507240017,13.5451218552183,0,3.25832148982617
"626",2000,1357.28346453833,6005.94880657706,0,326.498788830548,1127.48266497383,11428.2234325106,259.089133577265,0,0,0,2505.36,696.186020306674,6258.2,4060.6507240017,13.5451218552183,0,3.25832148982617
"627",2000,1357.28346453833,6005.94880657706,0,326.498788830548,1127.48266497383,11428.2234325106,259.089133577265,0,0,0,2505.36,696.186020306674,6258.2,4060.6507240017,13.5451218552183,0,3.25832148982617
"628",2000.16438356164,1354.10443326277,6009.28451661413,0,323.584479965186,1105.94620871832,11431.6219103762,251.064956299508,21.7830882738374,2.75763010385522,26.1621556676579,2505.36,698.943650410529,6258.2,4086.81287966936,13.5176523245365,0,3.23025491264787
"629",2000.16438356164,1354.10443326277,6018.15491661412,0,388.634079965186,1105.94620871832,11431.6219103762,400.464956299508,21.7830882738374,2.75763010385522,26.1621556676579,2579.28,698.943650410529,6407.6,4086.81287966936,13.4709697105726,0,3.86622906705406
"630",2000.16438356164,1354.10443326277,6018.15491661412,0,388.634079965186,1105.94620871832,11431.6219103762,400.464956299508,21.7830882738374,2.75763010385522,26.1621556676579,2579.28,698.943650410529,6407.6,4086.81287966936,13.4709697105726,0,3.86622906705406
"631",2000.16438356164,1354.10443326277,6018.15491661412,0,388.634079965186,1105.94620871832,11431.6219103762,400.464956299508,21.7830882738374,2.75763010385522,26.1621556676579,2579.28,698.943650410529,6407.6,4086.81287966936,13.4709697105726,0,3.86622906705406
"632",2000.16438356164,1354.10443326277,6018.15491661412,0,388.634079965186,1105.94620871832,11431.6219103762,400.464956299508,21.7830882738374,2.75763010385522,26.1621556676579,2579.28,698.943650410529,6407.6,4086.81287966936,13.4709697105726,0,3.86622906705406
"633",2000.16438356164,1354.10443326277,6018.15491661412,0,388.634079965186,1105.94620871832,11431.6219103762,400.464956299508,21.7830882738374,2.75763010385522,26.1621556676579,2579.28,698.943650410529,6407.6,4086.81287966936,13.4709697105726,0,3.86622906705406
"634",2000.20273972603,1353.39039946802,6019.01594213716,0,387.82236320698,1101.23514102491,11432.6575031244,397.56583410631,26.9013282741697,3.42235513377579,32.7367528060913,2579.28,699.608375440449,6407.6,4093.3874768078,13.4649912022376,0,3.85847624651811
"635",2000.20273972603,1385.07039946802,6026.93594213716,0,387.82236320698,1234.03514102491,11432.6575031244,397.56583410631,26.9013282741697,3.42235513377579,32.7367528060913,2618.88,699.608375440449,6540.4,4093.3874768078,13.755983707476,0,3.85170177033535
"636",2000.20273972603,1385.07039946802,6026.93594213716,0,387.82236320698,1234.03514102491,11432.6575031244,397.56583410631,26.9013282741697,3.42235513377579,32.7367528060913,2618.88,699.608375440449,6540.4,4093.3874768078,13.755983707476,0,3.85170177033535
"637",2000.20273972603,1385.07039946802,6026.93594213716,0,387.82236320698,1234.03514102491,11432.6575031244,397.56583410631,26.9013282741697,3.42235513377579,32.7367528060913,2618.88,699.608375440449,6540.4,4093.3874768078,13.755983707476,0,3.85170177033535
"638",2000.20273972603,1385.07039946802,6026.93594213716,0,387.82236320698,1234.03514102491,11432.6575031244,397.56583410631,26.9013282741697,3.42235513377579,32.7367528060913,2618.88,699.608375440449,6540.4,4093.3874768078,13.755983707476,0,3.85170177033535
"639",2000.20273972603,1385.07039946802,6026.93594213716,0,387.82236320698,1234.03514102491,11432.6575031244,397.56583410631,26.9013282741697,3.42235513377579,32.7367528060913,2618.88,699.608375440449,6540.4,4093.3874768078,13.755983707476,0,3.85170177033535
"640",2000.20273972603,1385.07039946802,6026.93594213716,0,387.82236320698,1234.03514102491,11432.6575031244,397.56583410631,26.9013282741697,3.42235513377579,32.7367528060913,2618.88,699.608375440449,6540.4,4093.3874768078,13.755983707476,0,3.85170177033535
"641",2001,1367.82763507216,6046.7545985444,0,371.331114298043,1113.08960402754,11469.9618484725,342.004535482603,133.443640650565,17.3377120313302,171.939243079088,2618.88,713.523732338004,6540.4,4232.58996708079,20.5874336339634,0,5.58897515726338
"642",2001,1367.82763507216,6046.7545985444,0,371.331114298043,1113.08960402754,11469.9618484725,342.004535482603,0,0,0,2618.88,713.523732338004,6540.4,4232.58996708079,20.5874336339634,0,5.58897515726338
"643",2001,1367.82763507216,6046.7545985444,0,371.331114298043,1113.08960402754,11469.9618484725,342.004535482603,0,0,0,2618.88,713.523732338004,6540.4,4232.58996708079,20.5874336339634,0,5.58897515726338
"644",2001.16438356164,1363.46697255984,6050.44017562129,0,367.709214801793,1101.4992591704,11473.6325390087,334.120865877611,17.8263409569792,4.29698493166894,15.8033239258776,2618.88,717.820717269673,6540.4,4248.39329100667,20.5592014411489,0,5.5445478115862
"645",2001.16438356164,1363.46697255984,6050.44017562129,0,367.709214801793,1101.4992591704,11473.6325390087,334.120865877611,17.8263409569792,4.29698493166894,15.8033239258776,2618.88,717.820717269673,6540.4,4248.39329100667,20.5592014411489,0,5.5445478115862
"646",2001.16438356164,1363.46697255984,6050.44017562129,0,367.709214801793,1101.4992591704,11473.6325390087,334.120865877611,17.8263409569792,4.29698493166894,15.8033239258776,2618.88,717.820717269673,6540.4,4248.39329100667,20.5592014411489,0,5.5445478115862
"647",2001.16438356164,1363.46697255984,6050.44017562129,0,367.709214801793,1101.4992591704,11473.6325390087,334.120865877611,17.8263409569792,4.29698493166894,15.8033239258776,2618.88,717.820717269673,6540.4,4248.39329100667,20.5592014411489,0,5.5445478115862
"648",2001.16438356164,1363.46697255984,6050.44017562129,0,367.709214801793,1101.4992591704,11473.6325390087,334.120865877611,17.8263409569792,4.29698493166894,15.8033239258776,2618.88,717.820717269673,6540.4,4248.39329100667,20.5592014411489,0,5.5445478115862
"649",2001.16438356164,1363.46697255984,6050.44017562129,0,367.709214801793,1101.4992591704,11473.6325390087,334.120865877611,17.8263409569792,4.29698493166894,15.8033239258776,2618.88,717.820717269673,6540.4,4248.39329100667,20.5592014411489,0,5.5445478115862
"650",2001.20273972603,1362.46856852614,6051.277913493,0,366.868963264019,1098.89548885594,11474.3799593809,332.303899735576,21.9857887616079,5.2979026314513,19.4766400102211,2618.88,718.821634969455,6540.4,4252.06660709101,20.5527485103094,0,5.53419411822467
"651",2001.20273972603,1394.14856852614,6059.197913493,0,366.868963264019,1198.49548885594,11474.3799593809,332.303899735576,21.9857887616079,5.2979026314513,19.4766400102211,2658.48,718.821634969455,6640,4252.06660709101,20.8786285255883,0,5.49419263805926
"652",2001.20273972603,1394.14856852614,6059.197913493,0,366.868963264019,1198.49548885594,11474.3799593809,332.303899735576,21.9857887616079,5.2979026314513,19.4766400102211,2658.48,718.821634969455,6640,4252.06660709101,20.8786285255883,0,5.49419263805926
"653",2001.20273972603,1394.14856852614,6059.197913493,0,366.868963264019,1198.49548885594,11474.3799593809,332.303899735576,21.9857887616079,5.2979026314513,19.4766400102211,2658.48,718.821634969455,6640,4252.06660709101,20.8786285255883,0,5.49419263805926
"654",2001.20273972603,1394.14856852614,6059.197913493,0,366.868963264019,1198.49548885594,11474.3799593809,332.303899735576,21.9857887616079,5.2979026314513,19.4766400102211,2658.48,718.821634969455,6640,4252.06660709101,20.8786285255883,0,5.49419263805926
"655",2001.20273972603,1394.14856852614,6059.197913493,0,366.868963264019,1198.49548885594,11474.3799593809,332.303899735576,21.9857887616079,5.2979026314513,19.4766400102211,2658.48,718.821634969455,6640,4252.06660709101,20.8786285255883,0,5.49419263805926
"656",2001.20273972603,1394.14856852614,6059.197913493,0,366.868963264019,1198.49548885594,11474.3799593809,332.303899735576,21.9857887616079,5.2979026314513,19.4766400102211,2658.48,718.821634969455,6640,4252.06660709101,20.8786285255883,0,5.49419263805926
"657",2002,1371.32309384629,6078.16979784231,0,349.842114876917,1126.12687239085,11504.7793229849,296.93881911731,108.443661781839,26.1783413490813,96.8109734896098,2658.48,739.702073687085,6640,4329.40094057041,17.9839856467398,0,4.58794546726766
"658",2002,1371.32309384629,6078.16979784231,0,349.842114876917,1126.12687239085,11504.7793229849,296.93881911731,0,0,0,2658.48,739.702073687085,6640,4329.40094057041,17.9839856467398,0,4.58794546726766
"659",2002,1371.32309384629,6078.16979784231,0,349.842114876917,1126.12687239085,11504.7793229849,296.93881911731,0,0,0,2658.48,739.702073687085,6640,4329.40094057041,17.9839856467398,0,4.58794546726766
"660",2002.16438356164,1367.46815033148,6081.62132935269,0,346.5404362758,1113.74114860645,11508.418579832,290.058573712181,13.0920698550747,3.70509060554362,15.6267123423418,2658.48,743.407164292629,6640,4345.02765291275,17.9563938408939,0,4.55046543793731
"661",2002.16438356164,1367.46815033148,6081.62132935269,0,346.5404362758,1113.74114860645,11508.418579832,290.058573712181,13.0920698550747,3.70509060554362,15.6267123423418,2658.48,743.407164292629,6640,4345.02765291275,17.9563938408939,0,4.55046543793731
"662",2002.16438356164,1367.46815033148,6081.62132935269,0,346.5404362758,1113.74114860645,11508.418579832,290.058573712181,13.0920698550747,3.70509060554362,15.6267123423418,2658.48,743.407164292629,6640,4345.02765291275,17.9563938408939,0,4.55046543793731
"663",2002.16438356164,1367.46815033148,6081.62132935269,0,346.5404362758,1113.74114860645,11508.418579832,290.058573712181,13.0920698550747,3.70509060554362,15.6267123423418,2658.48,743.407164292629,6640,4345.02765291275,17.9563938408939,0,4.55046543793731
"664",2002.16438356164,1367.46815033148,6081.62132935269,0,346.5404362758,1113.74114860645,11508.418579832,290.058573712181,13.0920698550747,3.70509060554362,15.6267123423418,2658.48,743.407164292629,6640,4345.02765291275,17.9563938408939,0,4.55046543793731
"665",2002.16438356164,1367.46815033148,6081.62132935269,0,346.5404362758,1113.74114860645,11508.418579832,290.058573712181,13.0920698550747,3.70509060554362,15.6267123423418,2658.48,743.407164292629,6640,4345.02765291275,17.9563938408939,0,4.55046543793731
"666",2002.20273972603,1366.58575112421,6082.4067742083,0,345.774401936785,1110.96204692951,11509.1541359129,288.473692214783,16.1466526788623,4.56807929622313,19.2551394358435,2658.48,744.270152983309,6640,4348.65608000625,17.9500892569746,0,4.54174307937605
"667",2002.20273972603,1398.26575112421,6090.3267742083,0,345.774401936785,1210.56204692951,11509.1541359129,288.473692214783,16.1466526788623,4.56807929622313,19.2551394358435,2698.08,744.270152983309,6739.6,4348.65608000625,18.2621008114109,0,4.51599918048337
"668",2002.20273972603,1398.26575112421,6090.3267742083,0,345.774401936785,1210.56204692951,11509.1541359129,288.473692214783,16.1466526788623,4.56807929622313,19.2551394358435,2698.08,744.270152983309,6739.6,4348.65608000625,18.2621008114109,0,4.51599918048337
"669",2002.20273972603,1398.26575112421,6090.3267742083,0,345.774401936785,1210.56204692951,11509.1541359129,288.473692214783,16.1466526788623,4.56807929622313,19.2551394358435,2698.08,744.270152983309,6739.6,4348.65608000625,18.2621008114109,0,4.51599918048337
"670",2002.20273972603,1398.26575112421,6090.3267742083,0,345.774401936785,1210.56204692951,11509.1541359129,288.473692214783,16.1466526788623,4.56807929622313,19.2551394358435,2698.08,744.270152983309,6739.6,4348.65608000625,18.2621008114109,0,4.51599918048337
"671",2002.20273972603,1398.26575112421,6090.3267742083,0,345.774401936785,1210.56204692951,11509.1541359129,288.473692214783,16.1466526788623,4.56807929622313,19.2551394358435,2698.08,744.270152983309,6739.6,4348.65608000625,18.2621008114109,0,4.51599918048337
"672",2002.20273972603,1398.26575112421,6090.3267742083,0,345.774401936785,1210.56204692951,11509.1541359129,288.473692214783,16.1466526788623,4.56807929622313,19.2551394358435,2698.08,744.270152983309,6739.6,4348.65608000625,18.2621008114109,0,4.51599918048337
"673",2003,1377.70112038281,6108.40030805962,0,330.237477017361,1134.9359844731,11538.9524167968,257.592983635499,79.6517494477062,22.5961011057362,95.9636295875903,2698.08,762.298174792822,6739.6,4425.364570158,13.7664166227015,0,3.2998352297105
"674",2003,1377.70112038281,6108.40030805962,0,330.237477017361,1134.9359844731,11538.9524167968,257.592983635499,0,0,0,2698.08,762.298174792822,6739.6,4425.364570158,13.7664166227015,0,3.2998352297105
"675",2003,1377.70112038281,6108.40030805962,0,330.237477017361,1134.9359844731,11538.9524167968,257.592983635499,0,0,0,2698.08,762.298174792822,6739.6,4425.364570158,13.7664166227015,0,3.2998352297105
"676",2003.16438356164,1374.53668887285,6111.71230695174,0,327.289116315094,1113.38205164737,11542.1455490997,249.601265132671,22.3526871899292,2.80079332009847,26.3525190256572,2698.08,765.09896811292,6739.6,4451.71708918365,13.7389006585618,0,3.2713514976227
"677",2003.16438356164,1374.53668887285,6120.58270695174,0,392.338716315094,1113.38205164737,11542.1455490997,399.001265132671,22.3526871899292,2.80079332009847,26.3525190256572,2772,765.09896811292,6889,4451.71708918365,13.6939782707433,0,3.90871913386025
"678",2003.16438356164,1374.53668887285,6120.58270695174,0,392.338716315094,1113.38205164737,11542.1455490997,399.001265132671,22.3526871899292,2.80079332009847,26.3525190256572,2772,765.09896811292,6889,4451.71708918365,13.6939782707433,0,3.90871913386025
"679",2003.16438356164,1374.53668887285,6120.58270695174,0,392.338716315094,1113.38205164737,11542.1455490997,399.001265132671,22.3526871899292,2.80079332009847,26.3525190256572,2772,765.09896811292,6889,4451.71708918365,13.6939782707433,0,3.90871913386025
"680",2003.16438356164,1374.53668887285,6120.58270695174,0,392.338716315094,1113.38205164737,11542.1455490997,399.001265132671,22.3526871899292,2.80079332009847,26.3525190256572,2772,765.09896811292,6889,4451.71708918365,13.6939782707433,0,3.90871913386025
"681",2003.16438356164,1374.53668887285,6120.58270695174,0,392.338716315094,1113.38205164737,11542.1455490997,399.001265132671,22.3526871899292,2.80079332009847,26.3525190256572,2772,765.09896811292,6889,4451.71708918365,13.6939782707433,0,3.90871913386025
"682",2003.20273972603,1373.82592490641,6121.43823447428,0,391.519046505075,1108.66652830894,11543.1333014758,396.107196079218,27.6052258191452,3.47569957401893,32.9743590414713,2772,765.77387436684,6889,4458.33892919947,13.6879841858582,0,3.90086285304948
"683",2003.20273972603,1405.50592490641,6129.35823447428,0,391.519046505075,1241.46652830894,11543.1333014758,396.107196079218,27.6052258191452,3.47569957401893,32.9743590414713,2811.6,765.77387436684,7021.8,4458.33892919947,13.9803138675934,0,3.8943693215995
"684",2003.20273972603,1405.50592490641,6129.35823447428,0,391.519046505075,1241.46652830894,11543.1333014758,396.107196079218,27.6052258191452,3.47569957401893,32.9743590414713,2811.6,765.77387436684,7021.8,4458.33892919947,13.9803138675934,0,3.8943693215995
"685",2003.20273972603,1405.50592490641,6129.35823447428,0,391.519046505075,1241.46652830894,11543.1333014758,396.107196079218,27.6052258191452,3.47569957401893,32.9743590414713,2811.6,765.77387436684,7021.8,4458.33892919947,13.9803138675934,0,3.8943693215995
"686",2003.20273972603,1405.50592490641,6129.35823447428,0,391.519046505075,1241.46652830894,11543.1333014758,396.107196079218,27.6052258191452,3.47569957401893,32.9743590414713,2811.6,765.77387436684,7021.8,4458.33892919947,13.9803138675934,0,3.8943693215995
"687",2003.20273972603,1405.50592490641,6129.35823447428,0,391.519046505075,1241.46652830894,11543.1333014758,396.107196079218,27.6052258191452,3.47569957401893,32.9743590414713,2811.6,765.77387436684,7021.8,4458.33892919947,13.9803138675934,0,3.8943693215995
"688",2003.20273972603,1405.50592490641,6129.35823447428,0,391.519046505075,1241.46652830894,11543.1333014758,396.107196079218,27.6052258191452,3.47569957401893,32.9743590414713,2811.6,765.77387436684,7021.8,4458.33892919947,13.9803138675934,0,3.8943693215995
"689",2004,1388.32462734861,6149.06517694841,0,374.866182082249,1120.4141729384,11579.4430552454,340.648612525213,136.944616150187,17.6029190805172,173.175544196464,2811.6,779.901093873338,7021.8,4598.54011435446,20.9655390791811,0,5.66097541964539
"690",2004,1388.32462734861,6149.06517694841,0,374.866182082249,1120.4141729384,11579.4430552454,340.648612525213,0,0,0,2811.6,779.901093873338,7021.8,4598.54011435446,20.9655390791811,0,5.66097541964539
"691",2004,1388.32462734861,6149.06517694841,0,374.866182082249,1120.4141729384,11579.4430552454,340.648612525213,0,0,0,2811.6,779.901093873338,7021.8,4598.54011435446,20.9655390791811,0,5.66097541964539
"692",2004.16438356164,1383.95043190096,6152.7279361685,0,371.206758392437,1108.81500479662,11582.9097324382,332.761571212903,18.2141194715088,4.37085991737499,16.0195322612133,2811.6,784.271953790713,7021.8,4614.55964661567,20.9367518521863,0,5.61570964333002
"693",2004.16438356164,1383.95043190096,6152.7279361685,0,371.206758392437,1108.81500479662,11582.9097324382,332.761571212903,18.2141194715088,4.37085991737499,16.0195322612133,2811.6,784.271953790713,7021.8,4614.55964661567,20.9367518521863,0,5.61570964333002
"694",2004.16438356164,1383.95043190096,6152.7279361685,0,371.206758392437,1108.81500479662,11582.9097324382,332.761571212903,18.2141194715088,4.37085991737499,16.0195322612133,2811.6,784.271953790713,7021.8,4614.55964661567,20.9367518521863,0,5.61570964333002
"695",2004.16438356164,1383.95043190096,6152.7279361685,0,371.206758392437,1108.81500479662,11582.9097324382,332.761571212903,18.2141194715088,4.37085991737499,16.0195322612133,2811.6,784.271953790713,7021.8,4614.55964661567,20.9367518521863,0,5.61570964333002
"696",2004.16438356164,1383.95043190096,6152.7279361685,0,371.206758392437,1108.81500479662,11582.9097324382,332.761571212903,18.2141194715088,4.37085991737499,16.0195322612133,2811.6,784.271953790713,7021.8,4614.55964661567,20.9367518521863,0,5.61570964333002
"697",2004.16438356164,1383.95043190096,6152.7279361685,0,371.206758392437,1108.81500479662,11582.9097324382,332.761571212903,18.2141194715088,4.37085991737499,16.0195322612133,2811.6,784.271953790713,7021.8,4614.55964661567,20.9367518521863,0,5.61570964333002
"698",2004.20273972603,1382.94891447397,6153.56027913164,0,370.357810466225,1106.20947697798,11583.6096279345,330.944046286592,22.4640230941572,5.38898230744049,19.7426895098594,2811.6,785.290076180779,7021.8,4618.28280386432,20.9301721273747,0,5.60516201332297
"699",2004.20273972603,1414.62891447397,6161.48027913164,0,370.357810466225,1205.80947697798,11583.6096279345,330.944046286592,22.4640230941572,5.38898230744049,19.7426895098594,2851.2,785.290076180779,7121.4,4618.28280386432,21.2591693423466,0,5.56577016728799
"700",2004.20273972603,1414.62891447397,6161.48027913164,0,370.357810466225,1205.80947697798,11583.6096279345,330.944046286592,22.4640230941572,5.38898230744049,19.7426895098594,2851.2,785.290076180779,7121.4,4618.28280386432,21.2591693423466,0,5.56577016728799
"701",2004.20273972603,1414.62891447397,6161.48027913164,0,370.357810466225,1205.80947697798,11583.6096279345,330.944046286592,22.4640230941572,5.38898230744049,19.7426895098594,2851.2,785.290076180779,7121.4,4618.28280386432,21.2591693423466,0,5.56577016728799
"702",2004.20273972603,1414.62891447397,6161.48027913164,0,370.357810466225,1205.80947697798,11583.6096279345,330.944046286592,22.4640230941572,5.38898230744049,19.7426895098594,2851.2,785.290076180779,7121.4,4618.28280386432,21.2591693423466,0,5.56577016728799
"703",2004.20273972603,1414.62891447397,6161.48027913164,0,370.357810466225,1205.80947697798,11583.6096279345,330.944046286592,22.4640230941572,5.38898230744049,19.7426895098594,2851.2,785.290076180779,7121.4,4618.28280386432,21.2591693423466,0,5.56577016728799
"704",2004.20273972603,1414.62891447397,6161.48027913164,0,370.357810466225,1205.80947697798,11583.6096279345,330.944046286592,22.4640230941572,5.38898230744049,19.7426895098594,2851.2,785.290076180779,7121.4,4618.28280386432,21.2591693423466,0,5.56577016728799
"705",2005,1391.73992625746,6180.33429447772,0,353.154706953779,1133.35812453296,11613.0216310302,295.57006917244,110.80298615594,26.6270586903006,98.1560159733821,2851.2,806.528152563639,7121.4,4696.69613032784,18.3100818923687,0,4.6461924983267
"706",2005,1391.73992625746,6180.33429447772,0,353.154706953779,1133.35812453296,11613.0216310302,295.57006917244,0,0,0,2851.2,806.528152563639,7121.4,4696.69613032784,18.3100818923687,0,4.6461924983267
"707",2005,1391.73992625746,6180.33429447772,0,353.154706953779,1133.35812453296,11613.0216310302,295.57006917244,0,0,0,2851.2,806.528152563639,7121.4,4696.69613032784,18.3100818923687,0,4.6461924983267
"708",2005.16438356164,1387.88105776752,6183.76031959018,0,349.819365258227,1120.97612205045,11616.4586761816,288.695514568504,13.3945562938788,3.76818507304042,15.8195119350662,2851.2,810.29633763668,7121.4,4712.51564226291,18.2821108625352,0,4.60805800448061
"709",2005.16438356164,1387.88105776752,6183.76031959018,0,349.819365258227,1120.97612205045,11616.4586761816,288.695514568504,13.3945562938788,3.76818507304042,15.8195119350662,2851.2,810.29633763668,7121.4,4712.51564226291,18.2821108625352,0,4.60805800448061
"710",2005.16438356164,1387.88105776752,6183.76031959018,0,349.819365258227,1120.97612205045,11616.4586761816,288.695514568504,13.3945562938788,3.76818507304042,15.8195119350662,2851.2,810.29633763668,7121.4,4712.51564226291,18.2821108625352,0,4.60805800448061
"711",2005.16438356164,1387.88105776752,6183.76031959018,0,349.819365258227,1120.97612205045,11616.4586761816,288.695514568504,13.3945562938788,3.76818507304042,15.8195119350662,2851.2,810.29633763668,7121.4,4712.51564226291,18.2821108625352,0,4.60805800448061
"712",2005.16438356164,1387.88105776752,6183.76031959018,0,349.819365258227,1120.97612205045,11616.4586761816,288.695514568504,13.3945562938788,3.76818507304042,15.8195119350662,2851.2,810.29633763668,7121.4,4712.51564226291,18.2821108625352,0,4.60805800448061
"713",2005.16438356164,1387.88105776752,6183.76031959018,0,349.819365258227,1120.97612205045,11616.4586761816,288.695514568504,13.3945562938788,3.76818507304042,15.8195119350662,2851.2,810.29633763668,7121.4,4712.51564226291,18.2821108625352,0,4.60805800448061
"714",2005.20273972603,1386.99774591826,6184.53978326907,0,349.045527028672,1118.19804565205,11617.147247052,287.11210773886,16.5196993353679,4.64587147296286,19.4924242926911,2851.2,811.174024036602,7121.4,4716.18855462053,18.2757195900253,0,4.59918424157595
"715",2005.20273972603,1418.67774591826,6192.45978326907,0,349.045527028672,1217.79804565205,11617.147247052,287.11210773886,16.5196993353679,4.64587147296286,19.4924242926911,2890.8,811.174024036602,7221,4716.18855462053,18.5903697470424,0,4.57389666165115
"716",2005.20273972603,1418.67774591826,6192.45978326907,0,349.045527028672,1217.79804565205,11617.147247052,287.11210773886,16.5196993353679,4.64587147296286,19.4924242926911,2890.8,811.174024036602,7221,4716.18855462053,18.5903697470424,0,4.57389666165115
"717",2005.20273972603,1418.67774591826,6192.45978326907,0,349.045527028672,1217.79804565205,11617.147247052,287.11210773886,16.5196993353679,4.64587147296286,19.4924242926911,2890.8,811.174024036602,7221,4716.18855462053,18.5903697470424,0,4.57389666165115
"718",2005.20273972603,1418.67774591826,6192.45978326907,0,349.045527028672,1217.79804565205,11617.147247052,287.11210773886,16.5196993353679,4.64587147296286,19.4924242926911,2890.8,811.174024036602,7221,4716.18855462053,18.5903697470424,0,4.57389666165115
"719",2005.20273972603,1418.67774591826,6192.45978326907,0,349.045527028672,1217.79804565205,11617.147247052,287.11210773886,16.5196993353679,4.64587147296286,19.4924242926911,2890.8,811.174024036602,7221,4716.18855462053,18.5903697470424,0,4.57389666165115
"720",2005.20273972603,1418.67774591826,6192.45978326907,0,349.045527028672,1217.79804565205,11617.147247052,287.11210773886,16.5196993353679,4.64587147296286,19.4924242926911,2890.8,811.174024036602,7221,4716.18855462053,18.5903697470424,0,4.57389666165115
"721",2006,1398.09242929758,6210.40651302208,0,333.350305622181,1142.14490391292,11645.9786978252,256.261993323254,81.4923756348452,22.9796797471271,97.1642296742305,2890.8,829.507832310767,7221,4793.86036000207,13.9869687409375,0,3.3349442474715
"722",2006,1398.09242929758,6210.40651302208,0,333.350305622181,1142.14490391292,11645.9786978252,256.261993323254,0,0,0,2890.8,829.507832310767,7221,4793.86036000207,13.9869687409375,0,3.3349442474715
"723",2006,1398.09242929758,6210.40651302208,0,333.350305622181,1142.14490391292,11645.9786978252,256.261993323254,0,0,0,2890.8,829.507832310767,7221,4793.86036000207,13.9869687409375,0,3.3349442474715
"724",2006.16438356164,1394.94095193334,6213.69200546804,0,330.373505280757,1120.57495454453,11648.9750511765,248.298675574368,22.9179818575492,2.84278525969689,26.5369137659567,2890.8,832.350617570464,7221,4820.39727376803,13.9593940851654,0,3.30609976653114
"725",2006.16438356164,1394.94095193334,6222.56240546804,0,395.423105280757,1120.57495454453,11648.9750511765,397.698675574368,22.9179818575492,2.84278525969689,26.5369137659567,2964.72,832.350617570464,7370.4,4820.39727376803,13.9161758473108,0,3.94481032301047
"726",2006.16438356164,1394.94095193334,6222.56240546804,0,395.423105280757,1120.57495454453,11648.9750511765,397.698675574368,22.9179818575492,2.84278525969689,26.5369137659567,2964.72,832.350617570464,7370.4,4820.39727376803,13.9161758473108,0,3.94481032301047
"727",2006.16438356164,1394.94095193334,6222.56240546804,0,395.423105280757,1120.57495454453,11648.9750511765,397.698675574368,22.9179818575492,2.84278525969689,26.5369137659567,2964.72,832.350617570464,7370.4,4820.39727376803,13.9161758473108,0,3.94481032301047
"728",2006.16438356164,1394.94095193334,6222.56240546804,0,395.423105280757,1120.57495454453,11648.9750511765,397.698675574368,22.9179818575492,2.84278525969689,26.5369137659567,2964.72,832.350617570464,7370.4,4820.39727376803,13.9161758473108,0,3.94481032301047
"729",2006.16438356164,1394.94095193334,6222.56240546804,0,395.423105280757,1120.57495454453,11648.9750511765,397.698675574368,22.9179818575492,2.84278525969689,26.5369137659567,2964.72,832.350617570464,7370.4,4820.39727376803,13.9161758473108,0,3.94481032301047
"730",2006.20273972603,1394.23307993076,6223.41178498019,0,394.596786631813,1115.85530018673,11649.9169600156,394.808881297176,28.3038328122026,3.52759639907698,33.2044535618489,2964.72,833.035428709844,7370.4,4827.06481356392,13.9101635332931,0,3.93686386499528
"731",2006.20273972603,1425.91307993076,6231.33178498019,0,394.596786631813,1248.65530018673,11649.9169600156,394.808881297176,28.3038328122026,3.52759639907698,33.2044535618489,3004.32,833.035428709844,7503.2,4827.06481356392,14.203775673516,0,3.93064929250855
"732",2006.20273972603,1425.91307993076,6231.33178498019,0,394.596786631813,1248.65530018673,11649.9169600156,394.808881297176,28.3038328122026,3.52759639907698,33.2044535618489,3004.32,833.035428709844,7503.2,4827.06481356392,14.203775673516,0,3.93064929250855
"733",2006.20273972603,1425.91307993076,6231.33178498019,0,394.596786631813,1248.65530018673,11649.9169600156,394.808881297176,28.3038328122026,3.52759639907698,33.2044535618489,3004.32,833.035428709844,7503.2,4827.06481356392,14.203775673516,0,3.93064929250855
"734",2006.20273972603,1425.91307993076,6231.33178498019,0,394.596786631813,1248.65530018673,11649.9169600156,394.808881297176,28.3038328122026,3.52759639907698,33.2044535618489,3004.32,833.035428709844,7503.2,4827.06481356392,14.203775673516,0,3.93064929250855
"735",2006.20273972603,1425.91307993076,6231.33178498019,0,394.596786631813,1248.65530018673,11649.9169600156,394.808881297176,28.3038328122026,3.52759639907698,33.2044535618489,3004.32,833.035428709844,7503.2,4827.06481356392,14.203775673516,0,3.93064929250855
"736",2006.20273972603,1425.91307993076,6231.33178498019,0,394.596786631813,1248.65530018673,11649.9169600156,394.808881297176,28.3038328122026,3.52759639907698,33.2044535618489,3004.32,833.035428709844,7503.2,4827.06481356392,14.203775673516,0,3.93064929250855
"737",2007,1408.78585673821,6250.91370305301,0,377.808833663051,1127.50228016906,11685.2736766561,339.437349703649,140.420324182207,17.8608544875654,174.37228853252,3004.32,847.368686798332,7503.2,4968.23264853459,21.344827325514,0,5.72426552837704
"738",2007,1408.78585673821,6250.91370305301,0,377.808833663051,1127.50228016906,11685.2736766561,339.437349703649,0,0,0,3004.32,847.368686798332,7503.2,4968.23264853459,21.344827325514,0,5.72426552837704
"739",2007,1408.78585673821,6250.91370305301,0,377.808833663051,1127.50228016906,11685.2736766561,339.437349703649,0,0,0,3004.32,847.368686798332,7503.2,4968.23264853459,21.344827325514,0,5.72426552837704
"740",2007.16438356164,1404.3963141117,6254.55094897385,0,374.117630547841,1115.89354900951,11688.5447696597,331.545268393334,18.6015285193198,4.44349982087713,16.2297194662753,3004.32,851.812186619209,7503.2,4984.46236800087,21.3154452120601,0,5.67822898470948
"741",2007.16438356164,1404.3963141117,6254.55094897385,0,374.117630547841,1115.89354900951,11688.5447696597,331.545268393334,18.6015285193198,4.44349982087713,16.2297194662753,3004.32,851.812186619209,7503.2,4984.46236800087,21.3154452120601,0,5.67822898470948
"742",2007.16438356164,1404.3963141117,6254.55094897385,0,374.117630547841,1115.89354900951,11688.5447696597,331.545268393334,18.6015285193198,4.44349982087713,16.2297194662753,3004.32,851.812186619209,7503.2,4984.46236800087,21.3154452120601,0,5.67822898470948
"743",2007.16438356164,1404.3963141117,6254.55094897385,0,374.117630547841,1115.89354900951,11688.5447696597,331.545268393334,18.6015285193198,4.44349982087713,16.2297194662753,3004.32,851.812186619209,7503.2,4984.46236800087,21.3154452120601,0,5.67822898470948
"744",2007.16438356164,1404.3963141117,6254.55094897385,0,374.117630547841,1115.89354900951,11688.5447696597,331.545268393334,18.6015285193198,4.44349982087713,16.2297194662753,3004.32,851.812186619209,7503.2,4984.46236800087,21.3154452120601,0,5.67822898470948
"745",2007.16438356164,1404.3963141117,6254.55094897385,0,374.117630547841,1115.89354900951,11688.5447696597,331.545268393334,18.6015285193198,4.44349982087713,16.2297194662753,3004.32,851.812186619209,7503.2,4984.46236800087,21.3154452120601,0,5.67822898470948
"746",2007.20273972603,1403.39126504848,6255.37726999719,0,373.261319027073,1113.2860883333,11689.1990937926,329.726789995401,22.941800861627,5.4785393815385,20.0013344075039,3004.32,852.84722617987,7503.2,4988.2339829421,21.3087294430129,0,5.66750318088611
"747",2007.20273972603,1435.07126504848,6263.29726999719,0,373.261319027073,1212.8860883333,11689.1990937926,329.726789995401,22.941800861627,5.4785393815385,20.0013344075039,3043.92,852.84722617987,7602.8,4988.2339829421,21.6407909311644,0,5.6287589086962
"748",2007.20273972603,1435.07126504848,6263.29726999719,0,373.261319027073,1212.8860883333,11689.1990937926,329.726789995401,22.941800861627,5.4785393815385,20.0013344075039,3043.92,852.84722617987,7602.8,4988.2339829421,21.6407909311644,0,5.6287589086962
"749",2007.20273972603,1435.07126504848,6263.29726999719,0,373.261319027073,1212.8860883333,11689.1990937926,329.726789995401,22.941800861627,5.4785393815385,20.0013344075039,3043.92,852.84722617987,7602.8,4988.2339829421,21.6407909311644,0,5.6287589086962
"750",2007.20273972603,1435.07126504848,6263.29726999719,0,373.261319027073,1212.8860883333,11689.1990937926,329.726789995401,22.941800861627,5.4785393815385,20.0013344075039,3043.92,852.84722617987,7602.8,4988.2339829421,21.6407909311644,0,5.6287589086962
"751",2007.20273972603,1435.07126504848,6263.29726999719,0,373.261319027073,1212.8860883333,11689.1990937926,329.726789995401,22.941800861627,5.4785393815385,20.0013344075039,3043.92,852.84722617987,7602.8,4988.2339829421,21.6407909311644,0,5.6287589086962
"752",2007.20273972603,1435.07126504848,6263.29726999719,0,373.261319027073,1212.8860883333,11689.1990937926,329.726789995401,22.941800861627,5.4785393815385,20.0013344075039,3043.92,852.84722617987,7602.8,4988.2339829421,21.6407909311644,0,5.6287589086962
"753",2008,1412.11041914441,6282.02063753757,0,355.908961277931,1140.35034697782,11717.6638948581,294.33610762136,113.160430466675,27.0683754943685,99.4629570716068,3043.92,874.437062292701,7602.8,5067.69560560619,18.6362198219657,0,4.69708143857601
"754",2008,1412.11041914441,6282.02063753757,0,355.908961277931,1140.35034697782,11717.6638948581,294.33610762136,0,0,0,3043.92,874.437062292701,7602.8,5067.69560560619,18.6362198219657,0,4.69708143857601
"755",2008,1412.11041914441,6282.02063753757,0,355.908961277931,1140.35034697782,11717.6638948581,294.33610762136,0,0,0,3043.92,874.437062292701,7602.8,5067.69560560619,18.6362198219657,0,4.69708143857601
"756",2008.16438356164,1408.24616945691,6285.41853675854,0,352.545231662813,1127.97178834185,11720.9066258547,287.46550063991,13.6965580454436,3.83008008164793,16.0064346207922,3043.92,878.267142374349,7602.8,5083.70204022699,18.6078481218945,0,4.65835325467964
"757",2008.16438356164,1408.24616945691,6285.41853675854,0,352.545231662813,1127.97178834185,11720.9066258547,287.46550063991,13.6965580454436,3.83008008164793,16.0064346207922,3043.92,878.267142374349,7602.8,5083.70204022699,18.6078481218945,0,4.65835325467964
"758",2008.16438356164,1408.24616945691,6285.41853675854,0,352.545231662813,1127.97178834185,11720.9066258547,287.46550063991,13.6965580454436,3.83008008164793,16.0064346207922,3043.92,878.267142374349,7602.8,5083.70204022699,18.6078481218945,0,4.65835325467964
"759",2008.16438356164,1408.24616945691,6285.41853675854,0,352.545231662813,1127.97178834185,11720.9066258547,287.46550063991,13.6965580454436,3.83008008164793,16.0064346207922,3043.92,878.267142374349,7602.8,5083.70204022699,18.6078481218945,0,4.65835325467964
"760",2008.16438356164,1408.24616945691,6285.41853675854,0,352.545231662813,1127.97178834185,11720.9066258547,287.46550063991,13.6965580454436,3.83008008164793,16.0064346207922,3043.92,878.267142374349,7602.8,5083.70204022699,18.6078481218945,0,4.65835325467964
"761",2008.16438356164,1408.24616945691,6285.41853675854,0,352.545231662813,1127.97178834185,11720.9066258547,287.46550063991,13.6965580454436,3.83008008164793,16.0064346207922,3043.92,878.267142374349,7602.8,5083.70204022699,18.6078481218945,0,4.65835325467964
"762",2008.20273972603,1407.36160880964,6286.19141047082,0,351.764813433187,1125.19466613829,11721.5500429317,285.883158452263,16.8921478534117,4.72218524626199,19.7224819349558,3043.92,879.159247538963,7602.8,5087.41808754115,18.6013651631509,0,4.64934221969632
"763",2008.20273972603,1439.04160880964,6294.11141047082,0,351.764813433187,1224.79466613829,11721.5500429317,285.883158452263,16.8921478534117,4.72218524626199,19.7224819349558,3083.52,879.159247538963,7702.40000000001,5087.41808754115,18.9185829913311,0,4.62453050393082
"764",2008.20273972603,1439.04160880964,6294.11141047082,0,351.764813433187,1224.79466613829,11721.5500429317,285.883158452263,16.8921478534117,4.72218524626199,19.7224819349558,3083.52,879.159247538963,7702.40000000001,5087.41808754115,18.9185829913311,0,4.62453050393082
"765",2008.20273972603,1439.04160880964,6294.11141047082,0,351.764813433187,1224.79466613829,11721.5500429317,285.883158452263,16.8921478534117,4.72218524626199,19.7224819349558,3083.52,879.159247538963,7702.40000000001,5087.41808754115,18.9185829913311,0,4.62453050393082
"766",2008.20273972603,1439.04160880964,6294.11141047082,0,351.764813433187,1224.79466613829,11721.5500429317,285.883158452263,16.8921478534117,4.72218524626199,19.7224819349558,3083.52,879.159247538963,7702.40000000001,5087.41808754115,18.9185829913311,0,4.62453050393082
"767",2008.20273972603,1439.04160880964,6294.11141047082,0,351.764813433187,1224.79466613829,11721.5500429317,285.883158452263,16.8921478534117,4.72218524626199,19.7224819349558,3083.52,879.159247538963,7702.40000000001,5087.41808754115,18.9185829913311,0,4.62453050393082
"768",2008.20273972603,1439.04160880964,6294.11141047082,0,351.764813433187,1224.79466613829,11721.5500429317,285.883158452263,16.8921478534117,4.72218524626199,19.7224819349558,3083.52,879.159247538963,7702.40000000001,5087.41808754115,18.9185829913311,0,4.62453050393082
"769",2009,1418.42908817871,6311.91890025866,0,335.936161559935,1149.11541813147,11749.4521300283,255.055699936579,83.3295382631272,23.3558679626019,98.3271013609334,3083.52,897.792930255303,7702.40000000001,5166.02270696712,0,0,0
"770",2009,1418.42908817871,6311.91890025866,0,335.936161559935,1149.11541813147,11749.4521300283,255.055699936579,83.3295382631272,23.3558679626019,98.3271013609334,3083.52,897.792930255303,7702.40000000001,5166.02270696712,0,0,0
