"","time","P_labile","P_stable","P_labile_placed","P_labile_FYM","K_labile","K_stable","K_labile_FYM","N_up","P_up","K_up","PIN","POUT","KIN","KOUT","P_up_labile","P_up_labile_placed","P_up_labile_FYM"
"1",1961,1054.38272230715,4681.04056635993,0,0,716.819117811793,9112.97545171374,0,0,0,0,0,0,0,0,10.0616070556838,0,0
"2",1961,1054.38272230715,4681.04056635993,0,0,716.819117811793,9112.97545171374,0,0,0,0,0,0,0,0,10.0616070556838,0,0
"3",1961,1054.38272230715,4681.04056635993,0,0,716.819117811793,9112.97545171374,0,0,0,0,0,0,0,0,10.0616070556838,0,0
"4",1961.16438356164,1052.065869816,4681.70494784754,0,0,712.599220650901,9103.30830653127,0,10.3844710267616,1.65247100355068,13.8870423433661,0,1.65247100355068,0,13.8870423433661,10.0435378778697,0,0
"5",1961.16438356164,1052.065869816,4681.70494784754,0,0,712.599220650901,9103.30830653127,0,10.3844710267616,1.65247100355068,13.8870423433661,0,1.65247100355068,0,13.8870423433661,10.0435378778697,0,0
"6",1961.16438356164,1052.065869816,4681.70494784754,0,0,712.599220650901,9103.30830653127,0,10.3844710267616,1.65247100355068,13.8870423433661,0,1.65247100355068,0,13.8870423433661,10.0435378778697,0,0
"7",1961.16438356164,1052.065869816,4681.70494784754,0,0,712.599220650901,9103.30830653127,0,10.3844710267616,1.65247100355068,13.8870423433661,0,1.65247100355068,0,13.8870423433661,10.0435378778697,0,0
"8",1961.16438356164,1052.065869816,4681.70494784754,0,0,712.599220650901,9103.30830653127,0,10.3844710267616,1.65247100355068,13.8870423433661,0,1.65247100355068,0,13.8870423433661,10.0435378778697,0,0
"9",1961.16438356164,1052.065869816,4681.70494784754,0,0,712.599220650901,9103.30830653127,0,10.3844710267616,1.65247100355068,13.8870423433661,0,1.65247100355068,0,13.8870423433661,10.0435378778697,0,0
"10",1961.20273972603,1051.53447730529,4681.85118828674,0,0,711.650123629848,9101.02662828796,0,12.8071925314904,2.03762307505999,17.1178176077193,0,2.03762307505999,0,17.1178176077193,10.0393902646733,0,0
"11",1961.20273972603,1083.21447730529,4689.77118828674,0,0,711.650123629848,9101.02662828796,0,12.8071925314904,2.03762307505999,17.1178176077193,39.6,2.03762307505999,0,17.1178176077193,10.2845246339399,0,0
"12",1961.20273972603,1083.21447730529,4689.77118828674,0,0,711.650123629848,9101.02662828796,0,12.8071925314904,2.03762307505999,17.1178176077193,39.6,2.03762307505999,0,17.1178176077193,10.2845246339399,0,0
"13",1961.20273972603,1083.21447730529,4689.77118828674,0,0,711.650123629848,9101.02662828796,0,12.8071925314904,2.03762307505999,17.1178176077193,39.6,2.03762307505999,0,17.1178176077193,10.2845246339399,0,0
"14",1961.20273972603,1083.21447730529,4689.77118828674,0,0,711.650123629848,9101.02662828796,0,12.8071925314904,2.03762307505999,17.1178176077193,39.6,2.03762307505999,0,17.1178176077193,10.2845246339399,0,0
"15",1961.20273972603,1083.21447730529,4689.77118828674,0,0,711.650123629848,9101.02662828796,0,12.8071925314904,2.03762307505999,17.1178176077193,39.6,2.03762307505999,0,17.1178176077193,10.2845246339399,0,0
"16",1961.20273972603,1083.21447730529,4689.77118828674,0,0,711.650123629848,9101.02662828796,0,12.8071925314904,2.03762307505999,17.1178176077193,39.6,2.03762307505999,0,17.1178176077193,10.2845246339399,0,0
"17",1962,1069.36292792945,4695.46674144309,0,0,694.548394106649,9051.70670478421,0,63.2741940911939,10.1936192945494,83.5394706346611,39.6,10.1936192945494,0,83.5394706346611,13.2049366238875,0,0
"18",1962,1069.36292792945,4695.46674144309,0,0,694.548394106649,9051.70670478421,0,0,0,0,39.6,10.1936192945494,0,83.5394706346611,13.2049366238875,0,0
"19",1962,1069.36292792945,4695.46674144309,0,0,694.548394106649,9051.70670478421,0,0,0,0,39.6,10.1936192945494,0,83.5394706346611,13.2049366238875,0,0
"20",1962.16438356164,1066.24425690142,4696.4155207861,0,0,697.75759450141,9041.33499610813,0,7.97265630119416,2.16989168500878,7.16250828131701,39.6,12.3635109795582,0,90.7019789159781,13.1954252695743,0,0
"21",1962.16438356164,1066.24425690142,4696.4155207861,0,0,697.75759450141,9041.33499610813,0,7.97265630119416,2.16989168500878,7.16250828131701,39.6,12.3635109795582,0,90.7019789159781,13.1954252695743,0,0
"22",1962.16438356164,1066.24425690142,4696.4155207861,0,0,697.75759450141,9041.33499610813,0,7.97265630119416,2.16989168500878,7.16250828131701,39.6,12.3635109795582,0,90.7019789159781,13.1954252695743,0,0
"23",1962.16438356164,1066.24425690142,4696.4155207861,0,0,697.75759450141,9041.33499610813,0,7.97265630119416,2.16989168500878,7.16250828131701,39.6,12.3635109795582,0,90.7019789159781,13.1954252695743,0,0
"24",1962.16438356164,1066.24425690142,4696.4155207861,0,0,697.75759450141,9041.33499610813,0,7.97265630119416,2.16989168500878,7.16250828131701,39.6,12.3635109795582,0,90.7019789159781,13.1954252695743,0,0
"25",1962.16438356164,1066.24425690142,4696.4155207861,0,0,697.75759450141,9041.33499610813,0,7.97265630119416,2.16989168500878,7.16250828131701,39.6,12.3635109795582,0,90.7019789159781,13.1954252695743,0,0
"26",1962.20273972603,1065.52865492703,4696.62503919002,0,0,698.471207113769,9038.94853242865,0,9.83294277147483,2.6759752554818,8.83535934843764,39.6,12.8695945500312,0,92.3748299830988,13.1932172875128,0,0
"27",1962.20273972603,1097.20865492703,4704.54503919002,0,0,698.471207113769,9038.94853242865,0,9.83294277147483,2.6759752554818,8.83535934843764,79.2,12.8695945500312,0,92.3748299830988,13.2818375462951,0,0
"28",1962.20273972603,1097.20865492703,4704.54503919002,0,0,698.471207113769,9038.94853242865,0,9.83294277147483,2.6759752554818,8.83535934843764,79.2,12.8695945500312,0,92.3748299830988,13.2818375462951,0,0
"29",1962.20273972603,1097.20865492703,4704.54503919002,0,0,698.471207113769,9038.94853242865,0,9.83294277147483,2.6759752554818,8.83535934843764,79.2,12.8695945500312,0,92.3748299830988,13.2818375462951,0,0
"30",1962.20273972603,1097.20865492703,4704.54503919002,0,0,698.471207113769,9038.94853242865,0,9.83294277147483,2.6759752554818,8.83535934843764,79.2,12.8695945500312,0,92.3748299830988,13.2818375462951,0,0
"31",1962.20273972603,1097.20865492703,4704.54503919002,0,0,698.471207113769,9038.94853242865,0,9.83294277147483,2.6759752554818,8.83535934843764,79.2,12.8695945500312,0,92.3748299830988,13.2818375462951,0,0
"32",1962.20273972603,1097.20865492703,4704.54503919002,0,0,698.471207113769,9038.94853242865,0,9.83294277147483,2.6759752554818,8.83535934843764,79.2,12.8695945500312,0,92.3748299830988,13.2818375462951,0,0
"33",1963,1079.87002103499,4711.31304317977,0,0,710.652658244192,8991.8817968082,0,48.5003344299478,13.2466051577726,43.7206438384665,79.2,23.440224452322,0,127.260114473128,13.9960131870952,0,0
"34",1963,1079.87002103499,4711.31304317977,0,0,710.652658244192,8991.8817968082,0,0,0,0,79.2,23.440224452322,0,127.260114473128,13.9960131870952,0,0
"35",1963,1079.87002103499,4711.31304317977,0,0,710.652658244192,8991.8817968082,0,0,0,0,79.2,23.440224452322,0,127.260114473128,13.9960131870952,0,0
"36",1963.16438356164,1076.45152412824,4712.43327905272,0,0,711.436911721901,8982.6724187183,0,8.13765915830676,2.29826103379945,8.42512461218953,79.2,25.7384854861215,0,135.685239085317,13.9662880322699,0,0
"37",1963.16438356164,1076.45152412824,4712.43327905272,0,0,711.436911721901,8982.6724187183,0,8.13765915830676,2.29826103379945,8.42512461218953,79.2,25.7384854861215,0,135.685239085317,13.9662880322699,0,0
"38",1963.16438356164,1076.45152412824,4712.43327905272,0,0,711.436911721901,8982.6724187183,0,8.13765915830676,2.29826103379945,8.42512461218953,79.2,25.7384854861215,0,135.685239085317,13.9662880322699,0,0
"39",1963.16438356164,1076.45152412824,4712.43327905272,0,0,711.436911721901,8982.6724187183,0,8.13765915830676,2.29826103379945,8.42512461218953,79.2,25.7384854861215,0,135.685239085317,13.9662880322699,0,0
"40",1963.16438356164,1076.45152412824,4712.43327905272,0,0,711.436911721901,8982.6724187183,0,8.13765915830676,2.29826103379945,8.42512461218953,79.2,25.7384854861215,0,135.685239085317,13.9662880322699,0,0
"41",1963.16438356164,1076.45152412824,4712.43327905272,0,0,711.436911721901,8982.6724187183,0,8.13765915830676,2.29826103379945,8.42512461218953,79.2,25.7384854861215,0,135.685239085317,13.9662880322699,0,0
"42",1963.20273972603,1075.66763507834,4712.68160564956,0,0,711.605651681074,8980.53694135945,0,10.0363690192726,2.83382348685839,10.3918620118677,79.2,26.2740479391804,0,137.651976484995,13.9594571395904,0,0
"43",1963.20273972603,1107.34763507834,4720.60160564956,0,0,711.605651681074,8980.53694135945,0,10.0363690192726,2.83382348685839,10.3918620118677,118.8,26.2740479391804,0,137.651976484995,14.2311601076908,0,0
"44",1963.20273972603,1107.34763507834,4720.60160564956,0,0,711.605651681074,8980.53694135945,0,10.0363690192726,2.83382348685839,10.3918620118677,118.8,26.2740479391804,0,137.651976484995,14.2311601076908,0,0
"45",1963.20273972603,1107.34763507834,4720.60160564956,0,0,711.605651681074,8980.53694135945,0,10.0363690192726,2.83382348685839,10.3918620118677,118.8,26.2740479391804,0,137.651976484995,14.2311601076908,0,0
"46",1963.20273972603,1107.34763507834,4720.60160564956,0,0,711.605651681074,8980.53694135945,0,10.0363690192726,2.83382348685839,10.3918620118677,118.8,26.2740479391804,0,137.651976484995,14.2311601076908,0,0
"47",1963.20273972603,1107.34763507834,4720.60160564956,0,0,711.605651681074,8980.53694135945,0,10.0363690192726,2.83382348685839,10.3918620118677,118.8,26.2740479391804,0,137.651976484995,14.2311601076908,0,0
"48",1963.20273972603,1107.34763507834,4720.60160564956,0,0,711.605651681074,8980.53694135945,0,10.0363690192726,2.83382348685839,10.3918620118677,118.8,26.2740479391804,0,137.651976484995,14.2311601076908,0,0
"49",1964,1088.59464248719,4728.07360867679,0,0,714.047009838961,8937.15855385591,0,49.5175209322664,14.114813050782,51.3288913575234,118.8,37.555037503104,0,178.589005830651,10.3136620979906,0,0
"50",1964,1088.59464248719,4728.07360867679,0,0,714.047009838961,8937.15855385591,0,0,0,0,118.8,37.555037503104,0,178.589005830651,10.3136620979906,0,0
"51",1964,1088.59464248719,4728.07360867679,0,0,714.047009838961,8937.15855385591,0,0,0,0,118.8,37.555037503104,0,178.589005830651,10.3136620979906,0,0
"52",1964.16438356164,1085.64912681883,4729.3255818868,0,0,709.107711751531,8928.27601932179,0,10.3609715556179,1.69354245835415,13.8218326215509,118.8,39.2485799614581,0,192.410838452202,10.2912061822848,0,0
"53",1964.16438356164,1085.64912681883,4729.3255818868,0,0,709.107711751531,8928.27601932179,0,10.3609715556179,1.69354245835415,13.8218326215509,118.8,39.2485799614581,0,192.410838452202,10.2912061822848,0,0
"54",1964.16438356164,1085.64912681883,4729.3255818868,0,0,709.107711751531,8928.27601932179,0,10.3609715556179,1.69354245835415,13.8218326215509,118.8,39.2485799614581,0,192.410838452202,10.2912061822848,0,0
"55",1964.16438356164,1085.64912681883,4729.3255818868,0,0,709.107711751531,8928.27601932179,0,10.3609715556179,1.69354245835415,13.8218326215509,118.8,39.2485799614581,0,192.410838452202,10.2912061822848,0,0
"56",1964.16438356164,1085.64912681883,4729.3255818868,0,0,709.107711751531,8928.27601932179,0,10.3609715556179,1.69354245835415,13.8218326215509,118.8,39.2485799614581,0,192.410838452202,10.2912061822848,0,0
"57",1964.16438356164,1085.64912681883,4729.3255818868,0,0,709.107711751531,8928.27601932179,0,10.3609715556179,1.69354245835415,13.8218326215509,118.8,39.2485799614581,0,192.410838452202,10.2912061822848,0,0
"58",1964.20273972603,1084.97385160805,4729.60622472529,0,0,707.99869225293,8926.17108938976,0,12.7780527952889,2.08817483063935,17.0357820521782,118.8,39.6432123337433,0,195.624787882829,10.2860527233881,0,0
"59",1964.20273972603,1116.65385160805,4737.52622472529,0,0,707.99869225293,8926.17108938976,0,12.7780527952889,2.08817483063935,17.0357820521782,158.4,39.6432123337433,0,195.624787882829,10.5256858983597,0,0
"60",1964.20273972603,1116.65385160805,4737.52622472529,0,0,707.99869225293,8926.17108938976,0,12.7780527952889,2.08817483063935,17.0357820521782,158.4,39.6432123337433,0,195.624787882829,10.5256858983597,0,0
"61",1964.20273972603,1116.65385160805,4737.52622472529,0,0,707.99869225293,8926.17108938976,0,12.7780527952889,2.08817483063935,17.0357820521782,158.4,39.6432123337433,0,195.624787882829,10.5256858983597,0,0
"62",1964.20273972603,1116.65385160805,4737.52622472529,0,0,707.99869225293,8926.17108938976,0,12.7780527952889,2.08817483063935,17.0357820521782,158.4,39.6432123337433,0,195.624787882829,10.5256858983597,0,0
"63",1964.20273972603,1116.65385160805,4737.52622472529,0,0,707.99869225293,8926.17108938976,0,12.7780527952889,2.08817483063935,17.0357820521782,158.4,39.6432123337433,0,195.624787882829,10.5256858983597,0,0
"64",1964.20273972603,1116.65385160805,4737.52622472529,0,0,707.99869225293,8926.17108938976,0,12.7780527952889,2.08817483063935,17.0357820521782,158.4,39.6432123337433,0,195.624787882829,10.5256858983597,0,0
"65",1965,1100.04106992013,4745.79826736963,0,0,688.158675923884,8880.05874241765,0,62.9571588963923,10.428913874217,82.9881453533335,158.4,47.983951377321,0,261.577151183985,13.5508530757793,0,0
"66",1965,1100.04106992013,4745.79826736963,0,0,688.158675923884,8880.05874241765,0,0,0,0,158.4,47.983951377321,0,261.577151183985,13.5508530757793,0,0
"67",1965,1100.04106992013,4745.79826736963,0,0,688.158675923884,8880.05874241765,0,0,0,0,158.4,47.983951377321,0,261.577151183985,13.5508530757793,0,0
"68",1965.16438356164,1096.38302208529,4747.22967948156,0,0,690.720108779599,8870.24781178317,0,8.16053651125466,2.22663572291224,7.2494977787678,158.4,50.2105871002332,0,268.826648962752,13.5398916499938,0,0
"69",1965.16438356164,1096.38302208529,4747.22967948156,0,0,690.720108779599,8870.24781178317,0,8.16053651125466,2.22663572291224,7.2494977787678,158.4,50.2105871002332,0,268.826648962752,13.5398916499938,0,0
"70",1965.16438356164,1096.38302208529,4747.22967948156,0,0,690.720108779599,8870.24781178317,0,8.16053651125466,2.22663572291224,7.2494977787678,158.4,50.2105871002332,0,268.826648962752,13.5398916499938,0,0
"71",1965.16438356164,1096.38302208529,4747.22967948156,0,0,690.720108779599,8870.24781178317,0,8.16053651125466,2.22663572291224,7.2494977787678,158.4,50.2105871002332,0,268.826648962752,13.5398916499938,0,0
"72",1965.16438356164,1096.38302208529,4747.22967948156,0,0,690.720108779599,8870.24781178317,0,8.16053651125466,2.22663572291224,7.2494977787678,158.4,50.2105871002332,0,268.826648962752,13.5398916499938,0,0
"73",1965.16438356164,1096.38302208529,4747.22967948156,0,0,690.720108779599,8870.24781178317,0,8.16053651125466,2.22663572291224,7.2494977787678,158.4,50.2105871002332,0,268.826648962752,13.5398916499938,0,0
"74",1965.20273972603,1095.54390026729,4747.54951185471,0,0,691.288326353713,8867.98659768256,0,10.0646616972096,2.74592516775996,8.94249430525939,158.4,50.7298765450809,0,270.519645489244,13.5373429857799,0,0
"75",1965.20273972603,1127.22390026729,4755.46951185471,0,0,691.288326353713,8867.98659768256,0,10.0646616972096,2.74592516775996,8.94249430525939,198,50.7298765450809,0,270.519645489244,13.6247057693853,0,0
"76",1965.20273972603,1127.22390026729,4755.46951185471,0,0,691.288326353713,8867.98659768256,0,10.0646616972096,2.74592516775996,8.94249430525939,198,50.7298765450809,0,270.519645489244,13.6247057693853,0,0
"77",1965.20273972603,1127.22390026729,4755.46951185471,0,0,691.288326353713,8867.98659768256,0,10.0646616972096,2.74592516775996,8.94249430525939,198,50.7298765450809,0,270.519645489244,13.6247057693853,0,0
"78",1965.20273972603,1127.22390026729,4755.46951185471,0,0,691.288326353713,8867.98659768256,0,10.0646616972096,2.74592516775996,8.94249430525939,198,50.7298765450809,0,270.519645489244,13.6247057693853,0,0
"79",1965.20273972603,1127.22390026729,4755.46951185471,0,0,691.288326353713,8867.98659768256,0,10.0646616972096,2.74592516775996,8.94249430525939,198,50.7298765450809,0,270.519645489244,13.6247057693853,0,0
"80",1965.20273972603,1127.22390026729,4755.46951185471,0,0,691.288326353713,8867.98659768256,0,10.0646616972096,2.74592516775996,8.94249430525939,198,50.7298765450809,0,270.519645489244,13.6247057693853,0,0
"81",1966,1107.50724907875,4764.34456454509,0,0,700.881020371276,8823.10052482603,0,49.6432638837948,13.5875236659145,44.2358731442226,198,61.5714750432354,0,305.813024328207,14.4217016425155,0,0
"82",1966,1107.50724907875,4764.34456454509,0,0,700.881020371276,8823.10052482603,0,0,0,0,198,61.5714750432354,0,305.813024328207,14.4217016425155,0,0
"83",1966,1107.50724907875,4764.34456454509,0,0,700.881020371276,8823.10052482603,0,0,0,0,198,61.5714750432354,0,305.813024328207,14.4217016425155,0,0
"84",1966.16438356164,1103.62608568733,4765.85786867078,0,0,701.282776784697,8814.25388012661,0,8.44204269765768,2.36785926572846,8.4448882859921,198,63.9393343089639,0,314.257912614199,14.3873973395516,0,0
"85",1966.16438356164,1103.62608568733,4765.85786867078,0,0,701.282776784697,8814.25388012661,0,8.44204269765768,2.36785926572846,8.4448882859921,198,63.9393343089639,0,314.257912614199,14.3873973395516,0,0
"86",1966.16438356164,1103.62608568733,4765.85786867078,0,0,701.282776784697,8814.25388012661,0,8.44204269765768,2.36785926572846,8.4448882859921,198,63.9393343089639,0,314.257912614199,14.3873973395516,0,0
"87",1966.16438356164,1103.62608568733,4765.85786867078,0,0,701.282776784697,8814.25388012661,0,8.44204269765768,2.36785926572846,8.4448882859921,198,63.9393343089639,0,314.257912614199,14.3873973395516,0,0
"88",1966.16438356164,1103.62608568733,4765.85786867078,0,0,701.282776784697,8814.25388012661,0,8.44204269765768,2.36785926572846,8.4448882859921,198,63.9393343089639,0,314.257912614199,14.3873973395516,0,0
"89",1966.16438356164,1103.62608568733,4765.85786867078,0,0,701.282776784697,8814.25388012661,0,8.44204269765768,2.36785926572846,8.4448882859921,198,63.9393343089639,0,314.257912614199,14.3873973395516,0,0
"90",1966.20273972603,1102.736304028,4766.19595581263,0,0,701.366002990215,8812.1997160345,0,10.4117515701412,2.91955378321638,10.4158261725855,198,64.4910288264518,0,316.228850500792,14.3795147102134,0,0
"91",1966.20273972603,1134.416304028,4774.11595581263,0,0,701.366002990215,8812.1997160345,0,10.4117515701412,2.91955378321638,10.4158261725855,237.6,64.4910288264518,0,316.228850500792,14.6559998634798,0,0
"92",1966.20273972603,1134.416304028,4774.11595581263,0,0,701.366002990215,8812.1997160345,0,10.4117515701412,2.91955378321638,10.4158261725855,237.6,64.4910288264518,0,316.228850500792,14.6559998634798,0,0
"93",1966.20273972603,1134.416304028,4774.11595581263,0,0,701.366002990215,8812.1997160345,0,10.4117515701412,2.91955378321638,10.4158261725855,237.6,64.4910288264518,0,316.228850500792,14.6559998634798,0,0
"94",1966.20273972603,1134.416304028,4774.11595581263,0,0,701.366002990215,8812.1997160345,0,10.4117515701412,2.91955378321638,10.4158261725855,237.6,64.4910288264518,0,316.228850500792,14.6559998634798,0,0
"95",1966.20273972603,1134.416304028,4774.11595581263,0,0,701.366002990215,8812.1997160345,0,10.4117515701412,2.91955378321638,10.4158261725855,237.6,64.4910288264518,0,316.228850500792,14.6559998634798,0,0
"96",1966.20273972603,1134.416304028,4774.11595581263,0,0,701.366002990215,8812.1997160345,0,10.4117515701412,2.91955378321638,10.4158261725855,237.6,64.4910288264518,0,316.228850500792,14.6559998634798,0,0
"97",1967,1113.62519889974,4783.29581298374,0,0,702.309772282284,8770.26271141452,0,51.3703443726648,14.5308017403686,51.4090615004917,237.6,76.1022767836039,0,357.222085828699,10.4899751072668,0,0
"98",1967,1113.62519889974,4783.29581298374,0,0,702.309772282284,8770.26271141452,0,0,0,0,237.6,76.1022767836039,0,357.222085828699,10.4899751072668,0,0
"99",1967,1113.62519889974,4783.29581298374,0,0,702.309772282284,8770.26271141452,0,0,0,0,237.6,76.1022767836039,0,357.222085828699,10.4899751072668,0,0
"100",1967.16438356164,1110.33327912628,4784.86538791258,0,0,697.321763283208,8761.63171942797,0,10.2936010779478,1.72234484461574,13.6190009856277,237.6,77.8246216282197,0,370.841086814326,10.4653322288115,0,0
"101",1967.16438356164,1110.33327912628,4784.86538791258,0,0,697.321763283208,8761.63171942797,0,10.2936010779478,1.72234484461574,13.6190009856277,237.6,77.8246216282197,0,370.841086814326,10.4653322288115,0,0
"102",1967.16438356164,1110.33327912628,4784.86538791258,0,0,697.321763283208,8761.63171942797,0,10.2936010779478,1.72234484461574,13.6190009856277,237.6,77.8246216282197,0,370.841086814326,10.4653322288115,0,0
"103",1967.16438356164,1110.33327912628,4784.86538791258,0,0,697.321763283208,8761.63171942797,0,10.2936010779478,1.72234484461574,13.6190009856277,237.6,77.8246216282197,0,370.841086814326,10.4653322288115,0,0
"104",1967.16438356164,1110.33327912628,4784.86538791258,0,0,697.321763283208,8761.63171942797,0,10.2936010779478,1.72234484461574,13.6190009856277,237.6,77.8246216282197,0,370.841086814326,10.4653322288115,0,0
"105",1967.16438356164,1110.33327912628,4784.86538791258,0,0,697.321763283208,8761.63171942797,0,10.2936010779478,1.72234484461574,13.6190009856277,237.6,77.8246216282197,0,370.841086814326,10.4653322288115,0,0
"106",1967.20273972603,1109.57871169481,4785.21865379168,0,0,696.202129572714,8759.58490107452,0,12.6946266426026,2.12364639699199,16.7854530495781,237.6,78.2259231805959,0,374.007538878277,10.459676950117,0,0
"107",1967.20273972603,1141.25871169481,4793.13865379168,0,0,696.202129572714,8759.58490107452,0,12.6946266426026,2.12364639699199,16.7854530495781,277.2,78.2259231805959,0,374.007538878277,10.6949646144776,0,0
"108",1967.20273972603,1141.25871169481,4793.13865379168,0,0,696.202129572714,8759.58490107452,0,12.6946266426026,2.12364639699199,16.7854530495781,277.2,78.2259231805959,0,374.007538878277,10.6949646144776,0,0
"109",1967.20273972603,1141.25871169481,4793.13865379168,0,0,696.202129572714,8759.58490107452,0,12.6946266426026,2.12364639699199,16.7854530495781,277.2,78.2259231805959,0,374.007538878277,10.6949646144776,0,0
"110",1967.20273972603,1141.25871169481,4793.13865379168,0,0,696.202129572714,8759.58490107452,0,12.6946266426026,2.12364639699199,16.7854530495781,277.2,78.2259231805959,0,374.007538878277,10.6949646144776,0,0
"111",1967.20273972603,1141.25871169481,4793.13865379168,0,0,696.202129572714,8759.58490107452,0,12.6946266426026,2.12364639699199,16.7854530495781,277.2,78.2259231805959,0,374.007538878277,10.6949646144776,0,0
"112",1967.20273972603,1141.25871169481,4793.13865379168,0,0,696.202129572714,8759.58490107452,0,12.6946266426026,2.12364639699199,16.7854530495781,277.2,78.2259231805959,0,374.007538878277,10.6949646144776,0,0
"113",1968,1123.12428524023,4802.80105145022,0,0,676.196249169601,8714.63787187374,0,62.5373200784868,10.5956751930188,81.738362653468,277.2,86.6979519766227,0,438.960448482166,13.8739947080126,0,0
"114",1968,1123.12428524023,4802.80105145022,0,0,676.196249169601,8714.63787187374,0,0,0,0,277.2,86.6979519766227,0,438.960448482166,13.8739947080126,0,0
"115",1968,1123.12428524023,4802.80105145022,0,0,676.196249169601,8714.63787187374,0,0,0,0,277.2,86.6979519766227,0,438.960448482166,13.8739947080126,0,0
"116",1968.16438356164,1119.15345174293,4804.4922337539,0,0,678.481661984308,8705.05133869774,0,8.3484167212763,2.27965119362441,7.30112036128425,277.2,88.9776031702471,0,446.261568843451,13.8617717562022,0,0
"117",1968.16438356164,1119.15345174293,4804.4922337539,0,0,678.481661984308,8705.05133869774,0,8.3484167212763,2.27965119362441,7.30112036128425,277.2,88.9776031702471,0,446.261568843451,13.8617717562022,0,0
"118",1968.16438356164,1119.15345174293,4804.4922337539,0,0,678.481661984308,8705.05133869774,0,8.3484167212763,2.27965119362441,7.30112036128425,277.2,88.9776031702471,0,446.261568843451,13.8617717562022,0,0
"119",1968.16438356164,1119.15345174293,4804.4922337539,0,0,678.481661984308,8705.05133869774,0,8.3484167212763,2.27965119362441,7.30112036128425,277.2,88.9776031702471,0,446.261568843451,13.8617717562022,0,0
"120",1968.16438356164,1119.15345174293,4804.4922337539,0,0,678.481661984308,8705.05133869774,0,8.3484167212763,2.27965119362441,7.30112036128425,277.2,88.9776031702471,0,446.261568843451,13.8617717562022,0,0
"121",1968.16438356164,1119.15345174293,4804.4922337539,0,0,678.481661984308,8705.05133869774,0,8.3484167212763,2.27965119362441,7.30112036128425,277.2,88.9776031702471,0,446.261568843451,13.8617717562022,0,0
"122",1968.20273972603,1118.24269491516,4804.87136069092,0,0,678.987828058681,8702.84010967307,0,10.2963806229057,2.8112810843725,9.00618331158494,277.2,89.5092330609952,0,447.966631793752,13.8589289747993,0,0
"123",1968.20273972603,1149.92269491516,4812.79136069092,0,0,678.987828058681,8702.84010967307,0,10.2963806229057,2.8112810843725,9.00618331158494,316.8,89.5092330609952,0,447.966631793752,13.9491953553705,0,0
"124",1968.20273972603,1149.92269491516,4812.79136069092,0,0,678.987828058681,8702.84010967307,0,10.2963806229057,2.8112810843725,9.00618331158494,316.8,89.5092330609952,0,447.966631793752,13.9491953553705,0,0
"125",1968.20273972603,1149.92269491516,4812.79136069092,0,0,678.987828058681,8702.84010967307,0,10.2963806229057,2.8112810843725,9.00618331158494,316.8,89.5092330609952,0,447.966631793752,13.9491953553705,0,0
"126",1968.20273972603,1149.92269491516,4812.79136069092,0,0,678.987828058681,8702.84010967307,0,10.2963806229057,2.8112810843725,9.00618331158494,316.8,89.5092330609952,0,447.966631793752,13.9491953553705,0,0
"127",1968.20273972603,1149.92269491516,4812.79136069092,0,0,678.987828058681,8702.84010967307,0,10.2963806229057,2.8112810843725,9.00618331158494,316.8,89.5092330609952,0,447.966631793752,13.9491953553705,0,0
"128",1968.20273972603,1149.92269491516,4812.79136069092,0,0,678.987828058681,8702.84010967307,0,10.2963806229057,2.8112810843725,9.00618331158494,316.8,89.5092330609952,0,447.966631793752,13.9491953553705,0,0
"129",1969,1128.82367836712,4822.79242108338,0,0,687.469540697481,8658.81263586016,0,50.7862433297304,13.9092372399609,44.5519444856905,316.8,100.607189216584,0,483.512392967857,14.7884628237094,0,0
"130",1969,1128.82367836712,4822.79242108338,0,0,687.469540697481,8658.81263586016,0,0,0,0,316.8,100.607189216584,0,483.512392967857,14.7884628237094,0,0
"131",1969,1128.82367836712,4822.79242108338,0,0,687.469540697481,8658.81263586016,0,0,0,0,316.8,100.607189216584,0,483.512392967857,14.7884628237094,0,0
"132",1969.16438356164,1124.67407862045,4824.51413072573,0,0,687.756063328789,8650.10738956591,0,8.74475012784349,2.42789010431471,8.41872366294767,316.8,103.035079320898,0,491.931116630805,14.7510251710541,0,0
"133",1969.16438356164,1124.67407862045,4824.51413072573,0,0,687.756063328789,8650.10738956591,0,8.74475012784349,2.42789010431471,8.41872366294767,316.8,103.035079320898,0,491.931116630805,14.7510251710541,0,0
"134",1969.16438356164,1124.67407862045,4824.51413072573,0,0,687.756063328789,8650.10738956591,0,8.74475012784349,2.42789010431471,8.41872366294767,316.8,103.035079320898,0,491.931116630805,14.7510251710541,0,0
"135",1969.16438356164,1124.67407862045,4824.51413072573,0,0,687.756063328789,8650.10738956591,0,8.74475012784349,2.42789010431471,8.41872366294767,316.8,103.035079320898,0,491.931116630805,14.7510251710541,0,0
"136",1969.16438356164,1124.67407862045,4824.51413072573,0,0,687.756063328789,8650.10738956591,0,8.74475012784349,2.42789010431471,8.41872366294767,316.8,103.035079320898,0,491.931116630805,14.7510251710541,0,0
"137",1969.16438356164,1124.67407862045,4824.51413072573,0,0,687.756063328789,8650.10738956591,0,8.74475012784349,2.42789010431471,8.41872366294767,316.8,103.035079320898,0,491.931116630805,14.7510251710541,0,0
"138",1969.20273972603,1123.72285474005,4824.89972646464,0,0,687.81354904292,8648.08519223357,0,10.7850645351408,2.99351824581138,10.3834352811544,316.8,103.600707462395,0,493.895828249011,14.7424232991687,0,0
"139",1969.20273972603,1155.40285474005,4832.81972646464,0,0,687.81354904292,8648.08519223357,0,10.7850645351408,2.99351824581138,10.3834352811544,356.4,103.600707462395,0,493.895828249011,15.0249036814922,0,0
"140",1969.20273972603,1155.40285474005,4832.81972646464,0,0,687.81354904292,8648.08519223357,0,10.7850645351408,2.99351824581138,10.3834352811544,356.4,103.600707462395,0,493.895828249011,15.0249036814922,0,0
"141",1969.20273972603,1155.40285474005,4832.81972646464,0,0,687.81354904292,8648.08519223357,0,10.7850645351408,2.99351824581138,10.3834352811544,356.4,103.600707462395,0,493.895828249011,15.0249036814922,0,0
"142",1969.20273972603,1155.40285474005,4832.81972646464,0,0,687.81354904292,8648.08519223357,0,10.7850645351408,2.99351824581138,10.3834352811544,356.4,103.600707462395,0,493.895828249011,15.0249036814922,0,0
"143",1969.20273972603,1155.40285474005,4832.81972646464,0,0,687.81354904292,8648.08519223357,0,10.7850645351408,2.99351824581138,10.3834352811544,356.4,103.600707462395,0,493.895828249011,15.0249036814922,0,0
"144",1969.20273972603,1155.40285474005,4832.81972646464,0,0,687.81354904292,8648.08519223357,0,10.7850645351408,2.99351824581138,10.3834352811544,356.4,103.600707462395,0,493.895828249011,15.0249036814922,0,0
"145",1970,1133.42665961026,4842.89651735747,0,0,688.308500201866,8606.73588347559,0,53.2034660963482,14.8929224827656,51.2377928801883,356.4,115.500111699349,0,534.750185848045,10.6234072010774,0,0
"146",1970,1133.42665961026,4842.89651735747,0,0,688.308500201866,8606.73588347559,0,0,0,0,356.4,115.500111699349,0,534.750185848045,10.6234072010774,0,0
"147",1970,1133.42665961026,4842.89651735747,0,0,688.308500201866,8606.73588347559,0,0,0,0,356.4,115.500111699349,0,534.750185848045,10.6234072010774,0,0
"148",1970.16438356164,1129.94751381264,4844.631466368,0,0,683.447970542959,8598.21591190973,0,10.2220623928808,1.74419678709782,13.3805012247758,356.4,117.244308486447,0,548.13068707282,10.597769713349,0,0
"149",1970.16438356164,1129.94751381264,4844.631466368,0,0,683.447970542959,8598.21591190973,0,10.2220623928808,1.74419678709782,13.3805012247758,356.4,117.244308486447,0,548.13068707282,10.597769713349,0,0
"150",1970.16438356164,1129.94751381264,4844.631466368,0,0,683.447970542959,8598.21591190973,0,10.2220623928808,1.74419678709782,13.3805012247758,356.4,117.244308486447,0,548.13068707282,10.597769713349,0,0
"151",1970.16438356164,1129.94751381264,4844.631466368,0,0,683.447970542959,8598.21591190973,0,10.2220623928808,1.74419678709782,13.3805012247758,356.4,117.244308486447,0,548.13068707282,10.597769713349,0,0
"152",1970.16438356164,1129.94751381264,4844.631466368,0,0,683.447970542959,8598.21591190973,0,10.2220623928808,1.74419678709782,13.3805012247758,356.4,117.244308486447,0,548.13068707282,10.597769713349,0,0
"153",1970.16438356164,1129.94751381264,4844.631466368,0,0,683.447970542959,8598.21591190973,0,10.2220623928808,1.74419678709782,13.3805012247758,356.4,117.244308486447,0,548.13068707282,10.597769713349,0,0
"154",1970.20273972603,1129.15008084132,4845.02252237375,0,0,682.356943166275,8596.19592586286,0,12.6063812779342,2.15057375266129,16.4915146483181,356.4,117.650685452011,0,551.241700496363,10.591885991562,0,0
"155",1970.20273972603,1160.83008084132,4852.94252237375,0,0,682.356943166275,8596.19592586286,0,12.6063812779342,2.15057375266129,16.4915146483181,396,117.650685452011,0,551.241700496363,10.823475296405,0,0
"156",1970.20273972603,1160.83008084132,4852.94252237375,0,0,682.356943166275,8596.19592586286,0,12.6063812779342,2.15057375266129,16.4915146483181,396,117.650685452011,0,551.241700496363,10.823475296405,0,0
"157",1970.20273972603,1160.83008084132,4852.94252237375,0,0,682.356943166275,8596.19592586286,0,12.6063812779342,2.15057375266129,16.4915146483181,396,117.650685452011,0,551.241700496363,10.823475296405,0,0
"158",1970.20273972603,1160.83008084132,4852.94252237375,0,0,682.356943166275,8596.19592586286,0,12.6063812779342,2.15057375266129,16.4915146483181,396,117.650685452011,0,551.241700496363,10.823475296405,0,0
"159",1970.20273972603,1160.83008084132,4852.94252237375,0,0,682.356943166275,8596.19592586286,0,12.6063812779342,2.15057375266129,16.4915146483181,396,117.650685452011,0,551.241700496363,10.823475296405,0,0
"160",1970.20273972603,1160.83008084132,4852.94252237375,0,0,682.356943166275,8596.19592586286,0,12.6063812779342,2.15057375266129,16.4915146483181,396,117.650685452011,0,551.241700496363,10.823475296405,0,0
"161",1971,1141.87330044279,4863.32639962687,0,0,662.860877691534,8551.87519875545,0,62.1007263307803,10.7234768980675,80.3083072304724,396,126.223588597417,0,615.058493078517,14.1831143552113,0,0
"162",1971,1141.87330044279,4863.32639962687,0,0,662.860877691534,8551.87519875545,0,0,0,0,396,126.223588597417,0,615.058493078517,14.1831143552113,0,0
"163",1971,1141.87330044279,4863.32639962687,0,0,662.860877691534,8551.87519875545,0,0,0,0,396,126.223588597417,0,615.058493078517,14.1831143552113,0,0
"164",1971.16438356164,1137.71762469353,4865.15170867038,0,0,664.980808109867,8542.42458452792,0,8.53629693131874,2.33036670575475,7.33068380920028,396,128.553955303171,0,622.389176887717,14.1696934766333,0,0
"165",1971.16438356164,1137.71762469353,4865.15170867038,0,0,664.980808109867,8542.42458452792,0,8.53629693131874,2.33036670575475,7.33068380920028,396,128.553955303171,0,622.389176887717,14.1696934766333,0,0
"166",1971.16438356164,1137.71762469353,4865.15170867038,0,0,664.980808109867,8542.42458452792,0,8.53629693131874,2.33036670575475,7.33068380920028,396,128.553955303171,0,622.389176887717,14.1696934766333,0,0
"167",1971.16438356164,1137.71762469353,4865.15170867038,0,0,664.980808109867,8542.42458452792,0,8.53629693131874,2.33036670575475,7.33068380920028,396,128.553955303171,0,622.389176887717,14.1696934766333,0,0
"168",1971.16438356164,1137.71762469353,4865.15170867038,0,0,664.980808109867,8542.42458452792,0,8.53629693131874,2.33036670575475,7.33068380920028,396,128.553955303171,0,622.389176887717,14.1696934766333,0,0
"169",1971.16438356164,1137.71762469353,4865.15170867038,0,0,664.980808109867,8542.42458452792,0,8.53629693131874,2.33036670575475,7.33068380920028,396,128.553955303171,0,622.389176887717,14.1696934766333,0,0
"170",1971.20273972603,1136.76453034483,4865.56136774694,0,0,665.449729266631,8540.24364522982,0,10.5280995486228,2.87380197789742,9.04270195053802,396,129.097390575314,0,624.101195029055,14.166573431761,0,0
"171",1971.20273972603,1168.44453034483,4873.48136774694,0,0,665.449729266631,8540.24364522982,0,10.5280995486228,2.87380197789742,9.04270195053802,435.6,129.097390575314,0,624.101195029055,14.2618847089592,0,0
"172",1971.20273972603,1168.44453034483,4873.48136774694,0,0,665.449729266631,8540.24364522982,0,10.5280995486228,2.87380197789742,9.04270195053802,435.6,129.097390575314,0,624.101195029055,14.2618847089592,0,0
"173",1971.20273972603,1168.44453034483,4873.48136774694,0,0,665.449729266631,8540.24364522982,0,10.5280995486228,2.87380197789742,9.04270195053802,435.6,129.097390575314,0,624.101195029055,14.2618847089592,0,0
"174",1971.20273972603,1168.44453034483,4873.48136774694,0,0,665.449729266631,8540.24364522982,0,10.5280995486228,2.87380197789742,9.04270195053802,435.6,129.097390575314,0,624.101195029055,14.2618847089592,0,0
"175",1971.20273972603,1168.44453034483,4873.48136774694,0,0,665.449729266631,8540.24364522982,0,10.5280995486228,2.87380197789742,9.04270195053802,435.6,129.097390575314,0,624.101195029055,14.2618847089592,0,0
"176",1971.20273972603,1168.44453034483,4873.48136774694,0,0,665.449729266631,8540.24364522982,0,10.5280995486228,2.87380197789742,9.04270195053802,435.6,129.097390575314,0,624.101195029055,14.2618847089592,0,0
"177",1972,1146.52579732136,4884.05526899803,0,0,673.262096886741,8496.73712443238,0,51.9291397947402,14.2186337502763,44.7368551278641,435.6,140.442222347693,0,659.795348206381,15.1182487096591,0,0
"178",1972,1146.52579732136,4884.05526899803,0,0,673.262096886741,8496.73712443238,0,0,0,0,435.6,140.442222347693,0,659.795348206381,15.1182487096591,0,0
"179",1972,1146.52579732136,4884.05526899803,0,0,673.262096886741,8496.73712443238,0,0,0,0,435.6,140.442222347693,0,659.795348206381,15.1182487096591,0,0
"180",1972.16438356164,1142.21783236806,4885.88132082743,0,0,673.510828466851,8488.118695049,0,9.04212787383002,2.48191312389538,8.36969780326593,435.6,142.924135471588,0,668.165046009647,15.0785301154071,0,0
"181",1972.16438356164,1142.21783236806,4885.88132082743,0,0,673.510828466851,8488.118695049,0,9.04212787383002,2.48191312389538,8.36969780326593,435.6,142.924135471588,0,668.165046009647,15.0785301154071,0,0
"182",1972.16438356164,1142.21783236806,4885.88132082743,0,0,673.510828466851,8488.118695049,0,9.04212787383002,2.48191312389538,8.36969780326593,435.6,142.924135471588,0,668.165046009647,15.0785301154071,0,0
"183",1972.16438356164,1142.21783236806,4885.88132082743,0,0,673.510828466851,8488.118695049,0,9.04212787383002,2.48191312389538,8.36969780326593,435.6,142.924135471588,0,668.165046009647,15.0785301154071,0,0
"184",1972.16438356164,1142.21783236806,4885.88132082743,0,0,673.510828466851,8488.118695049,0,9.04212787383002,2.48191312389538,8.36969780326593,435.6,142.924135471588,0,668.165046009647,15.0785301154071,0,0
"185",1972.16438356164,1142.21783236806,4885.88132082743,0,0,673.510828466851,8488.118695049,0,9.04212787383002,2.48191312389538,8.36969780326593,435.6,142.924135471588,0,668.165046009647,15.0785301154071,0,0
"186",1972.20273972603,1141.23035609442,4886.29061713585,0,0,673.559898142273,8486.11638714918,0,11.1519681183513,3.06009308911616,10.3229360276584,435.6,143.502315436809,0,670.11828423404,15.0694050907553,0,0
"187",1972.20273972603,1172.91035609442,4894.21061713585,0,0,673.559898142273,8486.11638714918,0,11.1519681183513,3.06009308911616,10.3229360276584,475.2,143.502315436809,0,670.11828423404,15.3583055550945,0,0
"188",1972.20273972603,1172.91035609442,4894.21061713585,0,0,673.559898142273,8486.11638714918,0,11.1519681183513,3.06009308911616,10.3229360276584,475.2,143.502315436809,0,670.11828423404,15.3583055550945,0,0
"189",1972.20273972603,1172.91035609442,4894.21061713585,0,0,673.559898142273,8486.11638714918,0,11.1519681183513,3.06009308911616,10.3229360276584,475.2,143.502315436809,0,670.11828423404,15.3583055550945,0,0
"190",1972.20273972603,1172.91035609442,4894.21061713585,0,0,673.559898142273,8486.11638714918,0,11.1519681183513,3.06009308911616,10.3229360276584,475.2,143.502315436809,0,670.11828423404,15.3583055550945,0,0
"191",1972.20273972603,1172.91035609442,4894.21061713585,0,0,673.559898142273,8486.11638714918,0,11.1519681183513,3.06009308911616,10.3229360276584,475.2,143.502315436809,0,670.11828423404,15.3583055550945,0,0
"192",1972.20273972603,1172.91035609442,4894.21061713585,0,0,673.559898142273,8486.11638714918,0,11.1519681183513,3.06009308911616,10.3229360276584,475.2,143.502315436809,0,670.11828423404,15.3583055550945,0,0
"193",1973,1150.23234925692,4904.72786789946,0,0,673.910457404561,8445.15284608988,0,55.0069655102913,15.2208491630174,50.9359178246797,475.2,155.66307151071,0,710.731266031061,10.7319544461491,0,0
"194",1973,1150.23234925692,4904.72786789946,0,0,673.910457404561,8445.15284608988,0,0,0,0,475.2,155.66307151071,0,710.731266031061,10.7319544461491,0,0
"195",1973,1150.23234925692,4904.72786789946,0,0,673.910457404561,8445.15284608988,0,0,0,0,475.2,155.66307151071,0,710.731266031061,10.7319544461491,0,0
"196",1973.16438356164,1146.65572610439,4906.54247904291,0,0,669.216418411312,8436.71210442454,0,10.1495466879953,1.76201200907273,13.1347806585912,475.2,157.425083519783,0,723.866046689652,10.7059755757962,0,0
"197",1973.16438356164,1146.65572610439,4906.54247904291,0,0,669.216418411312,8436.71210442454,0,10.1495466879953,1.76201200907273,13.1347806585912,475.2,157.425083519783,0,723.866046689652,10.7059755757962,0,0
"198",1973.16438356164,1146.65572610439,4906.54247904291,0,0,669.216418411312,8436.71210442454,0,10.1495466879953,1.76201200907273,13.1347806585912,475.2,157.425083519783,0,723.866046689652,10.7059755757962,0,0
"199",1973.16438356164,1146.65572610439,4906.54247904291,0,0,669.216418411312,8436.71210442454,0,10.1495466879953,1.76201200907273,13.1347806585912,475.2,157.425083519783,0,723.866046689652,10.7059755757962,0,0
"200",1973.16438356164,1146.65572610439,4906.54247904291,0,0,669.216418411312,8436.71210442454,0,10.1495466879953,1.76201200907273,13.1347806585912,475.2,157.425083519783,0,723.866046689652,10.7059755757962,0,0
"201",1973.16438356164,1146.65572610439,4906.54247904291,0,0,669.216418411312,8436.71210442454,0,10.1495466879953,1.76201200907273,13.1347806585912,475.2,157.425083519783,0,723.866046689652,10.7059755757962,0,0
"202",1973.20273972603,1145.83596642881,4906.95171289738,0,0,668.162675617905,8434.71186761608,0,12.5169363232193,2.17253783017573,16.188760260456,475.2,157.835609340886,0,726.920026291517,10.7000132420905,0,0
"203",1973.20273972603,1177.51596642881,4914.87171289738,0,0,668.162675617905,8434.71186761608,0,12.5169363232193,2.17253783017573,16.188760260456,514.8,157.835609340886,0,726.920026291517,10.9282619918445,0,0
"204",1973.20273972603,1177.51596642881,4914.87171289738,0,0,668.162675617905,8434.71186761608,0,12.5169363232193,2.17253783017573,16.188760260456,514.8,157.835609340886,0,726.920026291517,10.9282619918445,0,0
"205",1973.20273972603,1177.51596642881,4914.87171289738,0,0,668.162675617905,8434.71186761608,0,12.5169363232193,2.17253783017573,16.188760260456,514.8,157.835609340886,0,726.920026291517,10.9282619918445,0,0
"206",1973.20273972603,1177.51596642881,4914.87171289738,0,0,668.162675617905,8434.71186761608,0,12.5169363232193,2.17253783017573,16.188760260456,514.8,157.835609340886,0,726.920026291517,10.9282619918445,0,0
"207",1973.20273972603,1177.51596642881,4914.87171289738,0,0,668.162675617905,8434.71186761608,0,12.5169363232193,2.17253783017573,16.188760260456,514.8,157.835609340886,0,726.920026291517,10.9282619918445,0,0
"208",1973.20273972603,1177.51596642881,4914.87171289738,0,0,668.162675617905,8434.71186761608,0,12.5169363232193,2.17253783017573,16.188760260456,514.8,157.835609340886,0,726.920026291517,10.9282619918445,0,0
"209",1974,1158.13113312082,4925.60054625237,0,0,649.325427294304,8390.89484075062,0,61.6587606640022,10.8285377831743,78.843035449508,514.8,166.491609293885,0,789.574301480569,14.4826159931813,0,0
"210",1974,1158.13113312082,4925.60054625237,0,0,649.325427294304,8390.89484075062,0,0,0,0,514.8,166.491609293885,0,789.574301480569,14.4826159931813,0,0
"211",1974,1158.13113312082,4925.60054625237,0,0,649.325427294304,8390.89484075062,0,0,0,0,514.8,166.491609293885,0,789.574301480569,14.4826159931813,0,0
"212",1974.16438356164,1153.86291722182,4927.48925758357,0,0,651.316416936194,8381.56020842925,0,8.72417714136633,2.37950456780232,7.34364267948105,514.8,168.871113861687,0,796.91794416005,14.4680399321874,0,0
"213",1974.16438356164,1153.86291722182,4927.48925758357,0,0,651.316416936194,8381.56020842925,0,8.72417714136633,2.37950456780232,7.34364267948105,514.8,168.871113861687,0,796.91794416005,14.4680399321874,0,0
"214",1974.16438356164,1153.86291722182,4927.48925758357,0,0,651.316416936194,8381.56020842925,0,8.72417714136633,2.37950456780232,7.34364267948105,514.8,168.871113861687,0,796.91794416005,14.4680399321874,0,0
"215",1974.16438356164,1153.86291722182,4927.48925758357,0,0,651.316416936194,8381.56020842925,0,8.72417714136633,2.37950456780232,7.34364267948105,514.8,168.871113861687,0,796.91794416005,14.4680399321874,0,0
"216",1974.16438356164,1153.86291722182,4927.48925758357,0,0,651.316416936194,8381.56020842925,0,8.72417714136633,2.37950456780232,7.34364267948105,514.8,168.871113861687,0,796.91794416005,14.4680399321874,0,0
"217",1974.16438356164,1153.86291722182,4927.48925758357,0,0,651.316416936194,8381.56020842925,0,8.72417714136633,2.37950456780232,7.34364267948105,514.8,168.871113861687,0,796.91794416005,14.4680399321874,0,0
"218",1974.20273972603,1152.88404164249,4927.9132595641,0,0,651.75631570523,8379.40521364473,0,10.7598184743581,2.93437816660692,9.05873869496947,514.8,169.425987460492,0,798.633040175539,14.4646537993874,0,0
"219",1974.20273972603,1184.56404164249,4935.8332595641,0,0,651.75631570523,8379.40521364473,0,10.7598184743581,2.93437816660692,9.05873869496947,554.4,169.425987460492,0,798.633040175539,14.5660517521938,0,0
"220",1974.20273972603,1184.56404164249,4935.8332595641,0,0,651.75631570523,8379.40521364473,0,10.7598184743581,2.93437816660692,9.05873869496947,554.4,169.425987460492,0,798.633040175539,14.5660517521938,0,0
"221",1974.20273972603,1184.56404164249,4935.8332595641,0,0,651.75631570523,8379.40521364473,0,10.7598184743581,2.93437816660692,9.05873869496947,554.4,169.425987460492,0,798.633040175539,14.5660517521938,0,0
"222",1974.20273972603,1184.56404164249,4935.8332595641,0,0,651.75631570523,8379.40521364473,0,10.7598184743581,2.93437816660692,9.05873869496947,554.4,169.425987460492,0,798.633040175539,14.5660517521938,0,0
"223",1974.20273972603,1184.56404164249,4935.8332595641,0,0,651.75631570523,8379.40521364473,0,10.7598184743581,2.93437816660692,9.05873869496947,554.4,169.425987460492,0,798.633040175539,14.5660517521938,0,0
"224",1974.20273972603,1184.56404164249,4935.8332595641,0,0,651.75631570523,8379.40521364473,0,10.7598184743581,2.93437816660692,9.05873869496947,554.4,169.425987460492,0,798.633040175539,14.5660517521938,0,0
"225",1975,1162.14365190624,4946.66871952789,0,0,659.047089918192,8336.35264433164,0,53.072079948825,14.5193079390655,44.8205337950938,554.4,181.01091723295,0,834.394835275663,15.4238639431239,0,0
"226",1975,1162.14365190624,4946.66871952789,0,0,659.047089918192,8336.35264433164,0,0,0,0,554.4,181.01091723295,0,834.394835275663,15.4238639431239,0,0
"227",1975,1162.14365190624,4946.66871952789,0,0,659.047089918192,8336.35264433164,0,0,0,0,554.4,181.01091723295,0,834.394835275663,15.4238639431239,0,0
"228",1975.16438356164,1157.73978464803,4948.5405810583,0,0,659.281676338015,8327.81203877724,0,9.33496397762525,2.53200572780107,8.30601913457692,554.4,183.542922960751,0,842.70085441024,15.3823836847295,0,0
"229",1975.16438356164,1157.73978464803,4948.5405810583,0,0,659.281676338015,8327.81203877724,0,9.33496397762525,2.53200572780107,8.30601913457692,554.4,183.542922960751,0,842.70085441024,15.3823836847295,0,0
"230",1975.16438356164,1157.73978464803,4948.5405810583,0,0,659.281676338015,8327.81203877724,0,9.33496397762525,2.53200572780107,8.30601913457692,554.4,183.542922960751,0,842.70085441024,15.3823836847295,0,0
"231",1975.16438356164,1157.73978464803,4948.5405810583,0,0,659.281676338015,8327.81203877724,0,9.33496397762525,2.53200572780107,8.30601913457692,554.4,183.542922960751,0,842.70085441024,15.3823836847295,0,0
"232",1975.16438356164,1157.73978464803,4948.5405810583,0,0,659.281676338015,8327.81203877724,0,9.33496397762525,2.53200572780107,8.30601913457692,554.4,183.542922960751,0,842.70085441024,15.3823836847295,0,0
"233",1975.16438356164,1157.73978464803,4948.5405810583,0,0,659.281676338015,8327.81203877724,0,9.33496397762525,2.53200572780107,8.30601913457692,554.4,183.542922960751,0,842.70085441024,15.3823836847295,0,0
"234",1975.20273972603,1156.73035015206,4948.96018866242,0,0,659.327625136088,8325.82771696543,0,11.5131349050845,3.12183261965712,10.244392148312,554.4,184.132749852607,0,844.639227423976,15.3728549278899,0,0
"235",1975.20273972603,1188.41035015206,4956.88018866242,0,0,659.327625136088,8325.82771696543,0,11.5131349050845,3.12183261965712,10.244392148312,594,184.132749852607,0,844.639227423976,15.6681989153706,0,0
"236",1975.20273972603,1188.41035015206,4956.88018866242,0,0,659.327625136088,8325.82771696543,0,11.5131349050845,3.12183261965712,10.244392148312,594,184.132749852607,0,844.639227423976,15.6681989153706,0,0
"237",1975.20273972603,1188.41035015206,4956.88018866242,0,0,659.327625136088,8325.82771696543,0,11.5131349050845,3.12183261965712,10.244392148312,594,184.132749852607,0,844.639227423976,15.6681989153706,0,0
"238",1975.20273972603,1188.41035015206,4956.88018866242,0,0,659.327625136088,8325.82771696543,0,11.5131349050845,3.12183261965712,10.244392148312,594,184.132749852607,0,844.639227423976,15.6681989153706,0,0
"239",1975.20273972603,1188.41035015206,4956.88018866242,0,0,659.327625136088,8325.82771696543,0,11.5131349050845,3.12183261965712,10.244392148312,594,184.132749852607,0,844.639227423976,15.6681989153706,0,0
"240",1975.20273972603,1188.41035015206,4956.88018866242,0,0,659.327625136088,8325.82771696543,0,11.5131349050845,3.12183261965712,10.244392148312,594,184.132749852607,0,844.639227423976,15.6681989153706,0,0
"241",1976,1165.30485849958,4967.58137544909,0,0,659.627295694591,8285.22490269819,0,56.7885046773154,15.5261374854634,50.5475358570475,594,196.537054718414,0,884.942371132711,10.8255563979256,0,0
"242",1976,1165.30485849958,4967.58137544909,0,0,659.627295694591,8285.22490269819,0,0,0,0,594,196.537054718414,0,884.942371132711,10.8255563979256,0,0
"243",1976,1165.30485849958,4967.58137544909,0,0,659.627295694591,8285.22490269819,0,0,0,0,594,196.537054718414,0,884.942371132711,10.8255563979256,0,0
"244",1976.16438356164,1161.68132357472,4969.42751019318,0,0,655.10160451521,8276.8608504876,0,10.0766015140519,1.77740018076577,12.8897433899743,594,198.314454899179,0,897.832114522685,10.7995959715529,0,0
"245",1976.16438356164,1161.68132357472,4969.42751019318,0,0,655.10160451521,8276.8608504876,0,10.0766015140519,1.77740018076577,12.8897433899743,594,198.314454899179,0,897.832114522685,10.7995959715529,0,0
"246",1976.16438356164,1161.68132357472,4969.42751019318,0,0,655.10160451521,8276.8608504876,0,10.0766015140519,1.77740018076577,12.8897433899743,594,198.314454899179,0,897.832114522685,10.7995959715529,0,0
"247",1976.16438356164,1161.68132357472,4969.42751019318,0,0,655.10160451521,8276.8608504876,0,10.0766015140519,1.77740018076577,12.8897433899743,594,198.314454899179,0,897.832114522685,10.7995959715529,0,0
"248",1976.16438356164,1161.68132357472,4969.42751019318,0,0,655.10160451521,8276.8608504876,0,10.0766015140519,1.77740018076577,12.8897433899743,594,198.314454899179,0,897.832114522685,10.7995959715529,0,0
"249",1976.16438356164,1161.68132357472,4969.42751019318,0,0,655.10160451521,8276.8608504876,0,10.0766015140519,1.77740018076577,12.8897433899743,594,198.314454899179,0,897.832114522685,10.7995959715529,0,0
"250",1976.20273972603,1160.8508093679,4969.84390758249,0,0,654.085553196594,8274.87978681283,0,12.426962944118,2.19151699827542,15.8868583833592,594,198.728571716689,0,900.82922951607,10.7936375837606,0,0
"251",1976.20273972603,1192.5308093679,4977.76390758249,0,0,654.085553196594,8274.87978681283,0,12.426962944118,2.19151699827542,15.8868583833592,633.6,198.728571716689,0,900.82922951607,11.0187387726927,0,0
"252",1976.20273972603,1192.5308093679,4977.76390758249,0,0,654.085553196594,8274.87978681283,0,12.426962944118,2.19151699827542,15.8868583833592,633.6,198.728571716689,0,900.82922951607,11.0187387726927,0,0
"253",1976.20273972603,1192.5308093679,4977.76390758249,0,0,654.085553196594,8274.87978681283,0,12.426962944118,2.19151699827542,15.8868583833592,633.6,198.728571716689,0,900.82922951607,11.0187387726927,0,0
"254",1976.20273972603,1192.5308093679,4977.76390758249,0,0,654.085553196594,8274.87978681283,0,12.426962944118,2.19151699827542,15.8868583833592,633.6,198.728571716689,0,900.82922951607,11.0187387726927,0,0
"255",1976.20273972603,1192.5308093679,4977.76390758249,0,0,654.085553196594,8274.87978681283,0,12.426962944118,2.19151699827542,15.8868583833592,633.6,198.728571716689,0,900.82922951607,11.0187387726927,0,0
"256",1976.20273972603,1192.5308093679,4977.76390758249,0,0,654.085553196594,8274.87978681283,0,12.426962944118,2.19151699827542,15.8868583833592,633.6,198.728571716689,0,900.82922951607,11.0187387726927,0,0
"257",1977,1172.94005771736,4988.6262933335,0,0,635.914067882705,8231.55567201155,0,61.2142179085948,10.9198828978172,77.382458498528,633.6,207.456937616231,0,962.324829631239,14.775001970789,0,0
"258",1977,1172.94005771736,4988.6262933335,0,0,635.914067882705,8231.55567201155,0,0,0,0,633.6,207.456937616231,0,962.324829631239,14.775001970789,0,0
"259",1977,1172.94005771736,4988.6262933335,0,0,635.914067882705,8231.55567201155,0,0,0,0,633.6,207.456937616231,0,962.324829631239,14.775001970789,0,0
"260",1977.16438356164,1168.60016635903,4990.53870866892,0,0,637.791543291884,8222.33545839425,0,8.91205735144067,2.42747602290015,7.34273820811497,633.6,209.884413639131,0,969.667567839354,14.7593115232212,0,0
"261",1977.16438356164,1168.60016635903,4990.53870866892,0,0,637.791543291884,8222.33545839425,0,8.91205735144067,2.42747602290015,7.34273820811497,633.6,209.884413639131,0,969.667567839354,14.7593115232212,0,0
"262",1977.16438356164,1168.60016635903,4990.53870866892,0,0,637.791543291884,8222.33545839425,0,8.91205735144067,2.42747602290015,7.34273820811497,633.6,209.884413639131,0,969.667567839354,14.7593115232212,0,0
"263",1977.16438356164,1168.60016635903,4990.53870866892,0,0,637.791543291884,8222.33545839425,0,8.91205735144067,2.42747602290015,7.34273820811497,633.6,209.884413639131,0,969.667567839354,14.7593115232212,0,0
"264",1977.16438356164,1168.60016635903,4990.53870866892,0,0,637.791543291884,8222.33545839425,0,8.91205735144067,2.42747602290015,7.34273820811497,633.6,209.884413639131,0,969.667567839354,14.7593115232212,0,0
"265",1977.16438356164,1168.60016635903,4990.53870866892,0,0,637.791543291884,8222.33545839425,0,8.91205735144067,2.42747602290015,7.34273820811497,633.6,209.884413639131,0,969.667567839354,14.7593115232212,0,0
"266",1977.20273972603,1167.6048668542,4990.96796741794,0,0,638.205907780051,8220.20616763667,0,10.9915374000908,2.99351677871014,9.05766447752846,633.6,210.450454394941,0,971.382494108767,14.7556694418783,0,0
"267",1977.20273972603,1199.2848668542,4998.88796741794,0,0,638.205907780051,8220.20616763667,0,10.9915374000908,2.99351677871014,9.05766447752846,673.2,210.450454394941,0,971.382494108767,14.8636002504616,0,0
"268",1977.20273972603,1199.2848668542,4998.88796741794,0,0,638.205907780051,8220.20616763667,0,10.9915374000908,2.99351677871014,9.05766447752846,673.2,210.450454394941,0,971.382494108767,14.8636002504616,0,0
"269",1977.20273972603,1199.2848668542,4998.88796741794,0,0,638.205907780051,8220.20616763667,0,10.9915374000908,2.99351677871014,9.05766447752846,673.2,210.450454394941,0,971.382494108767,14.8636002504616,0,0
"270",1977.20273972603,1199.2848668542,4998.88796741794,0,0,638.205907780051,8220.20616763667,0,10.9915374000908,2.99351677871014,9.05766447752846,673.2,210.450454394941,0,971.382494108767,14.8636002504616,0,0
"271",1977.20273972603,1199.2848668542,4998.88796741794,0,0,638.205907780051,8220.20616763667,0,10.9915374000908,2.99351677871014,9.05766447752846,673.2,210.450454394941,0,971.382494108767,14.8636002504616,0,0
"272",1977.20273972603,1199.2848668542,4998.88796741794,0,0,638.205907780051,8220.20616763667,0,10.9915374000908,2.99351677871014,9.05766447752846,673.2,210.450454394941,0,971.382494108767,14.8636002504616,0,0
"273",1978,1176.54224648383,5009.81078760217,0,0,645.039413168504,8177.61171872127,0,54.2150245351319,14.8133169648532,44.8186080044805,673.2,222.270254581084,0,1007.14343763572,15.7129280310676,0,0
"274",1978,1176.54224648383,5009.81078760217,0,0,645.039413168504,8177.61171872127,0,0,0,0,673.2,222.270254581084,0,1007.14343763572,15.7129280310676,0,0
"275",1978,1176.54224648383,5009.81078760217,0,0,645.039413168504,8177.61171872127,0,0,0,0,673.2,222.270254581084,0,1007.14343763572,15.7129280310676,0,0
"276",1978.16438356164,1172.0779952865,5011.69563432822,0,0,645.268015596136,8169.15182945962,0,9.62431996402059,2.57940447127585,8.23128683401758,673.2,224.84965905236,0,1015.37472446974,15.6700117673176,0,0
"277",1978.16438356164,1172.0779952865,5011.69563432822,0,0,645.268015596136,8169.15182945962,0,9.62431996402059,2.57940447127585,8.23128683401758,673.2,224.84965905236,0,1015.37472446974,15.6700117673176,0,0
"278",1978.16438356164,1172.0779952865,5011.69563432822,0,0,645.268015596136,8169.15182945962,0,9.62431996402059,2.57940447127585,8.23128683401758,673.2,224.84965905236,0,1015.37472446974,15.6700117673176,0,0
"279",1978.16438356164,1172.0779952865,5011.69563432822,0,0,645.268015596136,8169.15182945962,0,9.62431996402059,2.57940447127585,8.23128683401758,673.2,224.84965905236,0,1015.37472446974,15.6700117673176,0,0
"280",1978.16438356164,1172.0779952865,5011.69563432822,0,0,645.268015596136,8169.15182945962,0,9.62431996402059,2.57940447127585,8.23128683401758,673.2,224.84965905236,0,1015.37472446974,15.6700117673176,0,0
"281",1978.16438356164,1172.0779952865,5011.69563432822,0,0,645.268015596136,8169.15182945962,0,9.62431996402059,2.57940447127585,8.23128683401758,673.2,224.84965905236,0,1015.37472446974,15.6700117673176,0,0
"282",1978.20273972603,1171.05473030568,5012.11804640788,0,0,645.3126758792,8167.18623130462,0,11.8700100399845,3.18025737244786,10.1522247059524,673.2,225.450511953532,0,1017.29566234167,15.6601541243615,0,0
"283",1978.20273972603,1202.73473030568,5020.03804640788,0,0,645.3126758792,8167.18623130462,0,11.8700100399845,3.18025737244786,10.1522247059524,712.8,225.450511953532,0,1017.29566234167,15.9617685918259,0,0
"284",1978.20273972603,1202.73473030568,5020.03804640788,0,0,645.3126758792,8167.18623130462,0,11.8700100399845,3.18025737244786,10.1522247059524,712.8,225.450511953532,0,1017.29566234167,15.9617685918259,0,0
"285",1978.20273972603,1202.73473030568,5020.03804640788,0,0,645.3126758792,8167.18623130462,0,11.8700100399845,3.18025737244786,10.1522247059524,712.8,225.450511953532,0,1017.29566234167,15.9617685918259,0,0
"286",1978.20273972603,1202.73473030568,5020.03804640788,0,0,645.3126758792,8167.18623130462,0,11.8700100399845,3.18025737244786,10.1522247059524,712.8,225.450511953532,0,1017.29566234167,15.9617685918259,0,0
"287",1978.20273972603,1202.73473030568,5020.03804640788,0,0,645.3126758792,8167.18623130462,0,11.8700100399845,3.18025737244786,10.1522247059524,712.8,225.450511953532,0,1017.29566234167,15.9617685918259,0,0
"288",1978.20273972603,1202.73473030568,5020.03804640788,0,0,645.3126758792,8167.18623130462,0,11.8700100399845,3.18025737244786,10.1522247059524,712.8,225.450511953532,0,1017.29566234167,15.9617685918259,0,0
"289",1979,1179.35831593095,5030.77905572166,0,0,645.593972733265,8126.96427361576,0,58.5489256152713,15.8156624333924,50.0928855407527,712.8,238.085917014476,0,1057.23632317647,11.260693295096,0,0
"290",1979,1179.35831593095,5030.77905572166,0,0,645.593972733265,8126.96427361576,0,0,0,0,712.8,238.085917014476,0,1057.23632317647,11.260693295096,0,0
"291",1979,1179.35831593095,5030.77905572166,0,0,645.593972733265,8126.96427361576,0,0,0,0,712.8,238.085917014476,0,1057.23632317647,11.260693295096,0,0
"292",1979.16438356164,1175.66103076359,5032.62909884573,0,0,640.770780146793,8118.66853700261,0,12.7533742477162,1.84724204329113,13.1189291996194,712.8,239.933159057767,0,1070.35525237609,11.2144077554843,0,0
"293",1979.16438356164,1175.66103076359,5032.62909884573,0,0,640.770780146793,8118.66853700261,0,12.7533742477162,1.84724204329113,13.1189291996194,712.8,239.933159057767,0,1070.35525237609,11.2144077554843,0,0
"294",1979.16438356164,1175.66103076359,5032.62909884573,0,0,640.770780146793,8118.66853700261,0,12.7533742477162,1.84724204329113,13.1189291996194,712.8,239.933159057767,0,1070.35525237609,11.2144077554843,0,0
"295",1979.16438356164,1175.66103076359,5032.62909884573,0,0,640.770780146793,8118.66853700261,0,12.7533742477162,1.84724204329113,13.1189291996194,712.8,239.933159057767,0,1070.35525237609,11.2144077554843,0,0
"296",1979.16438356164,1175.66103076359,5032.62909884573,0,0,640.770780146793,8118.66853700261,0,12.7533742477162,1.84724204329113,13.1189291996194,712.8,239.933159057767,0,1070.35525237609,11.2144077554843,0,0
"297",1979.16438356164,1175.66103076359,5032.62909884573,0,0,640.770780146793,8118.66853700261,0,12.7533742477162,1.84724204329113,13.1189291996194,712.8,239.933159057767,0,1070.35525237609,11.2144077554843,0,0
"298",1979.20273972603,1174.81404573426,5033.04614413854,0,0,639.689813240725,8116.701012975,0,15.7270971476249,2.27718177980854,16.167420133301,712.8,240.363098794285,0,1073.40374330977,11.2038806020594,0,0
"299",1979.20273972603,1206.49404573426,5040.96614413854,0,0,639.689813240725,8116.701012975,0,15.7270971476249,2.27718177980854,16.167420133301,752.4,240.363098794285,0,1073.40374330977,11.4326166055439,0,0
"300",1979.20273972603,1206.49404573426,5040.96614413854,0,0,639.689813240725,8116.701012975,0,15.7270971476249,2.27718177980854,16.167420133301,752.4,240.363098794285,0,1073.40374330977,11.4326166055439,0,0
"301",1979.20273972603,1206.49404573426,5040.96614413854,0,0,639.689813240725,8116.701012975,0,15.7270971476249,2.27718177980854,16.167420133301,752.4,240.363098794285,0,1073.40374330977,11.4326166055439,0,0
"302",1979.20273972603,1206.49404573426,5040.96614413854,0,0,639.689813240725,8116.701012975,0,15.7270971476249,2.27718177980854,16.167420133301,752.4,240.363098794285,0,1073.40374330977,11.4326166055439,0,0
"303",1979.20273972603,1206.49404573426,5040.96614413854,0,0,639.689813240725,8116.701012975,0,15.7270971476249,2.27718177980854,16.167420133301,752.4,240.363098794285,0,1073.40374330977,11.4326166055439,0,0
"304",1979.20273972603,1206.49404573426,5040.96614413854,0,0,639.689813240725,8116.701012975,0,15.7270971476249,2.27718177980854,16.167420133301,752.4,240.363098794285,0,1073.40374330977,11.4326166055439,0,0
"305",1980,1186.61594402797,5051.82249520539,0,0,620.486834559849,8073.49366966739,0,77.3769571691795,11.2989324192588,78.5777421217848,752.4,249.384849433735,0,1135.81406529826,19.1731314401867,0,0
"306",1980,1186.61594402797,5051.82249520539,0,0,620.486834559849,8073.49366966739,0,0,0,0,752.4,249.384849433735,0,1135.81406529826,19.1731314401867,0,0
"307",1980,1186.61594402797,5051.82249520539,0,0,620.486834559849,8073.49366966739,0,0,0,0,752.4,249.384849433735,0,1135.81406529826,19.1731314401867,0,0
"308",1980.16438356164,1181.57006685328,5053.72149153287,0,0,621.205571170401,8064.23803258709,0,14.9255002222551,3.14688084720002,8.53690046974915,752.4,252.531730280935,0,1144.350965768,19.1141701865116,0,0
"309",1980.16438356164,1181.57006685328,5053.72149153287,0,0,621.205571170401,8064.23803258709,0,14.9255002222551,3.14688084720002,8.53690046974915,752.4,252.531730280935,0,1144.350965768,19.1141701865116,0,0
"310",1980.16438356164,1181.57006685328,5053.72149153287,0,0,621.205571170401,8064.23803258709,0,14.9255002222551,3.14688084720002,8.53690046974915,752.4,252.531730280935,0,1144.350965768,19.1141701865116,0,0
"311",1980.16438356164,1181.57006685328,5053.72149153287,0,0,621.205571170401,8064.23803258709,0,14.9255002222551,3.14688084720002,8.53690046974915,752.4,252.531730280935,0,1144.350965768,19.1141701865116,0,0
"312",1980.16438356164,1181.57006685328,5053.72149153287,0,0,621.205571170401,8064.23803258709,0,14.9255002222551,3.14688084720002,8.53690046974915,752.4,252.531730280935,0,1144.350965768,19.1141701865116,0,0
"313",1980.16438356164,1181.57006685328,5053.72149153287,0,0,621.205571170401,8064.23803258709,0,14.9255002222551,3.14688084720002,8.53690046974915,752.4,252.531730280935,0,1144.350965768,19.1141701865116,0,0
"314",1980.20273972603,1180.41355212985,5054.14511948383,0,0,621.359289819478,8062.09127423858,0,18.4082527475539,3.87976761967053,10.5299401691856,752.4,253.264617053406,0,1146.34400546744,19.1006228615598,0,0
"315",1980.20273972603,1212.09355212985,5062.06511948383,0,0,621.359289819478,8062.09127423858,0,18.4082527475539,3.87976761967053,10.5299401691856,792,253.264617053406,0,1146.34400546744,19.4672161713524,0,0
"316",1980.20273972603,1212.09355212985,5062.06511948383,0,0,621.359289819478,8062.09127423858,0,18.4082527475539,3.87976761967053,10.5299401691856,792,253.264617053406,0,1146.34400546744,19.4672161713524,0,0
"317",1980.20273972603,1212.09355212985,5062.06511948383,0,0,621.359289819478,8062.09127423858,0,18.4082527475539,3.87976761967053,10.5299401691856,792,253.264617053406,0,1146.34400546744,19.4672161713524,0,0
"318",1980.20273972603,1212.09355212985,5062.06511948383,0,0,621.359289819478,8062.09127423858,0,18.4082527475539,3.87976761967053,10.5299401691856,792,253.264617053406,0,1146.34400546744,19.4672161713524,0,0
"319",1980.20273972603,1212.09355212985,5062.06511948383,0,0,621.359289819478,8062.09127423858,0,18.4082527475539,3.87976761967053,10.5299401691856,792,253.264617053406,0,1146.34400546744,19.4672161713524,0,0
"320",1980.20273972603,1212.09355212985,5062.06511948383,0,0,621.359289819478,8062.09127423858,0,18.4082527475539,3.87976761967053,10.5299401691856,792,253.264617053406,0,1146.34400546744,19.4672161713524,0,0
"321",1981,1186.09799602313,5072.66230362294,0,0,623.514203124228,8018.43976977947,0,90.8083366689462,19.2781395872785,52.0265313235395,792,268.662989021014,0,1187.8405966218,16.3446805932983,0,0
"322",1981,1186.09799602313,5072.66230362294,0,0,623.514203124228,8018.43976977947,0,0,0,0,792,268.662989021014,0,1187.8405966218,16.3446805932983,0,0
"323",1981,1186.09799602313,5072.66230362294,0,0,623.514203124228,8018.43976977947,0,0,0,0,792,268.662989021014,0,1187.8405966218,16.3446805932983,0,0
"324",1981.16438356164,1181.63558755527,5074.44182826481,0,0,624.088908918611,8009.65085587377,0,10.8237210776916,2.68288382599698,8.21420811131711,792,271.345872847011,0,1196.05480473311,16.2972848614917,0,0
"325",1981.16438356164,1181.63558755527,5074.44182826481,0,0,624.088908918611,8009.65085587377,0,10.8237210776916,2.68288382599698,8.21420811131711,792,271.345872847011,0,1196.05480473311,16.2972848614917,0,0
"326",1981.16438356164,1181.63558755527,5074.44182826481,0,0,624.088908918611,8009.65085587377,0,10.8237210776916,2.68288382599698,8.21420811131711,792,271.345872847011,0,1196.05480473311,16.2972848614917,0,0
"327",1981.16438356164,1181.63558755527,5074.44182826481,0,0,624.088908918611,8009.65085587377,0,10.8237210776916,2.68288382599698,8.21420811131711,792,271.345872847011,0,1196.05480473311,16.2972848614917,0,0
"328",1981.16438356164,1181.63558755527,5074.44182826481,0,0,624.088908918611,8009.65085587377,0,10.8237210776916,2.68288382599698,8.21420811131711,792,271.345872847011,0,1196.05480473311,16.2972848614917,0,0
"329",1981.16438356164,1181.63558755527,5074.44182826481,0,0,624.088908918611,8009.65085587377,0,10.8237210776916,2.68288382599698,8.21420811131711,792,271.345872847011,0,1196.05480473311,16.2972848614917,0,0
"330",1981.20273972603,1180.61277029046,5074.83975256556,0,0,624.210761073803,8007.61149238788,0,13.3493259983165,3.30777679005893,10.1317194420163,792,271.970765811073,0,1197.97231606381,16.2864033655894,0,0
"331",1981.20273972603,1212.29277029046,5082.75975256556,0,0,624.210761073803,8007.61149238788,0,13.3493259983165,3.30777679005893,10.1317194420163,831.6,271.970765811073,0,1197.97231606381,16.6203158145929,0,0
"332",1981.20273972603,1212.29277029046,5082.75975256556,0,0,624.210761073803,8007.61149238788,0,13.3493259983165,3.30777679005893,10.1317194420163,831.6,271.970765811073,0,1197.97231606381,16.6203158145929,0,0
"333",1981.20273972603,1212.29277029046,5082.75975256556,0,0,624.210761073803,8007.61149238788,0,13.3493259983165,3.30777679005893,10.1317194420163,831.6,271.970765811073,0,1197.97231606381,16.6203158145929,0,0
"334",1981.20273972603,1212.29277029046,5082.75975256556,0,0,624.210761073803,8007.61149238788,0,13.3493259983165,3.30777679005893,10.1317194420163,831.6,271.970765811073,0,1197.97231606381,16.6203158145929,0,0
"335",1981.20273972603,1212.29277029046,5082.75975256556,0,0,624.210761073803,8007.61149238788,0,13.3493259983165,3.30777679005893,10.1317194420163,831.6,271.970765811073,0,1197.97231606381,16.6203158145929,0,0
"336",1981.20273972603,1212.29277029046,5082.75975256556,0,0,624.210761073803,8007.61149238788,0,13.3493259983165,3.30777679005893,10.1317194420163,831.6,271.970765811073,0,1197.97231606381,16.6203158145929,0,0
"337",1982,1188.90383535444,5092.99810021363,0,0,625.832405468091,7966.07987810677,0,65.8501244340943,16.4583640779993,50.0416893288385,831.6,285.121353099013,0,1237.88228595063,11.2468044015296,0,0
"338",1982,1188.90383535444,5092.99810021363,0,0,625.832405468091,7966.07987810677,0,0,0,0,831.6,285.121353099013,0,1237.88228595063,11.2468044015296,0,0
"339",1982,1188.90383535444,5092.99810021363,0,0,625.832405468091,7966.07987810677,0,0,0,0,831.6,285.121353099013,0,1237.88228595063,11.2468044015296,0,0
"340",1982.16438356164,1185.30952123798,5094.74729293226,0,0,621.589285390491,7957.57016197795,0,12.6440013678756,1.84512139783006,12.7528362064212,831.6,286.966474496843,0,1250.63512215706,11.2024843400685,0,0
"341",1982.16438356164,1185.30952123798,5094.74729293226,0,0,621.589285390491,7957.57016197795,0,12.6440013678756,1.84512139783006,12.7528362064212,831.6,286.966474496843,0,1250.63512215706,11.2024843400685,0,0
"342",1982.16438356164,1185.30952123798,5094.74729293226,0,0,621.589285390491,7957.57016197795,0,12.6440013678756,1.84512139783006,12.7528362064212,831.6,286.966474496843,0,1250.63512215706,11.2024843400685,0,0
"343",1982.16438356164,1185.30952123798,5094.74729293226,0,0,621.589285390491,7957.57016197795,0,12.6440013678756,1.84512139783006,12.7528362064212,831.6,286.966474496843,0,1250.63512215706,11.2024843400685,0,0
"344",1982.16438356164,1185.30952123798,5094.74729293226,0,0,621.589285390491,7957.57016197795,0,12.6440013678756,1.84512139783006,12.7528362064212,831.6,286.966474496843,0,1250.63512215706,11.2024843400685,0,0
"345",1982.16438356164,1185.30952123798,5094.74729293226,0,0,621.589285390491,7957.57016197795,0,12.6440013678756,1.84512139783006,12.7528362064212,831.6,286.966474496843,0,1250.63512215706,11.2024843400685,0,0
"346",1982.20273972603,1184.48607027221,5095.141252858,0,0,620.637470797718,7955.55748405162,0,15.5923327555124,2.27461243785572,15.7173287255237,831.6,287.395965536869,0,1253.59961467616,11.1924059105007,0,0
"347",1982.20273972603,1216.16607027221,5103.061252858,0,0,620.637470797718,7955.55748405162,0,15.5923327555124,2.27461243785572,15.7173287255237,871.2,287.395965536869,0,1253.59961467616,11.4129567003903,0,0
"348",1982.20273972603,1216.16607027221,5103.061252858,0,0,620.637470797718,7955.55748405162,0,15.5923327555124,2.27461243785572,15.7173287255237,871.2,287.395965536869,0,1253.59961467616,11.4129567003903,0,0
"349",1982.20273972603,1216.16607027221,5103.061252858,0,0,620.637470797718,7955.55748405162,0,15.5923327555124,2.27461243785572,15.7173287255237,871.2,287.395965536869,0,1253.59961467616,11.4129567003903,0,0
"350",1982.20273972603,1216.16607027221,5103.061252858,0,0,620.637470797718,7955.55748405162,0,15.5923327555124,2.27461243785572,15.7173287255237,871.2,287.395965536869,0,1253.59961467616,11.4129567003903,0,0
"351",1982.20273972603,1216.16607027221,5103.061252858,0,0,620.637470797718,7955.55748405162,0,15.5923327555124,2.27461243785572,15.7173287255237,871.2,287.395965536869,0,1253.59961467616,11.4129567003903,0,0
"352",1982.20273972603,1216.16607027221,5103.061252858,0,0,620.637470797718,7955.55748405162,0,15.5923327555124,2.27461243785572,15.7173287255237,871.2,287.395965536869,0,1253.59961467616,11.4129567003903,0,0
"353",1983,1196.74337999388,5113.47385493896,0,0,603.663120838144,7911.76176906947,0,76.724499055398,11.2847006352258,76.4873936672515,871.2,296.406053734239,0,1314.36967961789,19.4303495447602,0,0
"354",1983,1196.74337999388,5113.47385493896,0,0,603.663120838144,7911.76176906947,0,0,0,0,871.2,296.406053734239,0,1314.36967961789,19.4303495447602,0,0
"355",1983,1196.74337999388,5113.47385493896,0,0,603.663120838144,7911.76176906947,0,0,0,0,871.2,296.406053734239,0,1314.36967961789,19.4303495447602,0,0
"356",1983.16438356164,1191.73927552952,5115.28883623058,0,0,604.5823341795,7902.45094135169,0,15.2595623508892,3.18912317273896,8.39161437642152,871.2,299.595176906978,0,1322.76129399431,19.3709038631488,0,0
"357",1983.16438356164,1191.73927552952,5115.28883623058,0,0,604.5823341795,7902.45094135169,0,15.2595623508892,3.18912317273896,8.39161437642152,871.2,299.595176906978,0,1322.76129399431,19.3709038631488,0,0
"358",1983.16438356164,1191.73927552952,5115.28883623058,0,0,604.5823341795,7902.45094135169,0,15.2595623508892,3.18912317273896,8.39161437642152,871.2,299.595176906978,0,1322.76129399431,19.3709038631488,0,0
"359",1983.16438356164,1191.73927552952,5115.28883623058,0,0,604.5823341795,7902.45094135169,0,15.2595623508892,3.18912317273896,8.39161437642152,871.2,299.595176906978,0,1322.76129399431,19.3709038631488,0,0
"360",1983.16438356164,1191.73927552952,5115.28883623058,0,0,604.5823341795,7902.45094135169,0,15.2595623508892,3.18912317273896,8.39161437642152,871.2,299.595176906978,0,1322.76129399431,19.3709038631488,0,0
"361",1983.16438356164,1191.73927552952,5115.28883623058,0,0,604.5823341795,7902.45094135169,0,15.2595623508892,3.18912317273896,8.39161437642152,871.2,299.595176906978,0,1322.76129399431,19.3709038631488,0,0
"362",1983.20273972603,1190.59230559497,5115.69307424094,0,0,604.78084090083,7900.29294236161,0,18.8203353071716,3.93185509692344,10.3511066451738,871.2,300.337908831163,0,1324.72078626306,19.3572465761452,0,0
"363",1983.20273972603,1222.27230559497,5123.61307424095,0,0,604.78084090083,7900.29294236161,0,18.8203353071716,3.93185509692344,10.3511066451738,910.8,300.337908831163,0,1324.72078626306,19.730083087048,0,0
"364",1983.20273972603,1222.27230559497,5123.61307424095,0,0,604.78084090083,7900.29294236161,0,18.8203353071716,3.93185509692344,10.3511066451738,910.8,300.337908831163,0,1324.72078626306,19.730083087048,0,0
"365",1983.20273972603,1222.27230559497,5123.61307424095,0,0,604.78084090083,7900.29294236161,0,18.8203353071716,3.93185509692344,10.3511066451738,910.8,300.337908831163,0,1324.72078626306,19.730083087048,0,0
"366",1983.20273972603,1222.27230559497,5123.61307424095,0,0,604.78084090083,7900.29294236161,0,18.8203353071716,3.93185509692344,10.3511066451738,910.8,300.337908831163,0,1324.72078626306,19.730083087048,0,0
"367",1983.20273972603,1222.27230559497,5123.61307424095,0,0,604.78084090083,7900.29294236161,0,18.8203353071716,3.93185509692344,10.3511066451738,910.8,300.337908831163,0,1324.72078626306,19.730083087048,0,0
"368",1983.20273972603,1222.27230559497,5123.61307424095,0,0,604.78084090083,7900.29294236161,0,18.8203353071716,3.93185509692344,10.3511066451738,910.8,300.337908831163,0,1324.72078626306,19.730083087048,0,0
"369",1984,1196.4538937132,5133.82476390613,0,0,607.719838210508,7856.52876249948,0,92.8472058440145,19.5385773135068,51.1762891976202,910.8,315.944631047746,0,1365.54596881551,16.5630980485253,0,0
"370",1984,1196.4538937132,5133.82476390613,0,0,607.719838210508,7856.52876249948,0,0,0,0,910.8,315.944631047746,0,1365.54596881551,16.5630980485253,0,0
"371",1984,1196.4538937132,5133.82476390613,0,0,607.719838210508,7856.52876249948,0,0,0,0,910.8,315.944631047746,0,1365.54596881551,16.5630980485253,0,0
"372",1984.16438356164,1192.03127840243,5135.52861264296,0,0,608.427278928947,7847.74150869127,0,11.0944024087174,2.71876657393925,8.07981308976987,910.8,318.663397621685,0,1373.62578190528,16.5154427871994,0,0
"373",1984.16438356164,1192.03127840243,5135.52861264296,0,0,608.427278928947,7847.74150869127,0,11.0944024087174,2.71876657393925,8.07981308976987,910.8,318.663397621685,0,1373.62578190528,16.5154427871994,0,0
"374",1984.16438356164,1192.03127840243,5135.52861264296,0,0,608.427278928947,7847.74150869127,0,11.0944024087174,2.71876657393925,8.07981308976987,910.8,318.663397621685,0,1373.62578190528,16.5154427871994,0,0
"375",1984.16438356164,1192.03127840243,5135.52861264296,0,0,608.427278928947,7847.74150869127,0,11.0944024087174,2.71876657393925,8.07981308976987,910.8,318.663397621685,0,1373.62578190528,16.5154427871994,0,0
"376",1984.16438356164,1192.03127840243,5135.52861264296,0,0,608.427278928947,7847.74150869127,0,11.0944024087174,2.71876657393925,8.07981308976987,910.8,318.663397621685,0,1373.62578190528,16.5154427871994,0,0
"377",1984.16438356164,1192.03127840243,5135.52861264296,0,0,608.427278928947,7847.74150869127,0,11.0944024087174,2.71876657393925,8.07981308976987,910.8,318.663397621685,0,1373.62578190528,16.5154427871994,0,0
"378",1984.20273972603,1191.01755197392,5135.9090795775,0,0,608.578818300923,7845.70358680643,0,13.6831981460834,3.35202606791124,9.96619560263722,910.8,319.296657115657,0,1375.51216441814,16.504502322503,0,0
"379",1984.20273972603,1222.69755197392,5143.8290795775,0,0,608.578818300923,7845.70358680643,0,13.6831981460834,3.35202606791124,9.96619560263722,950.4,319.296657115657,0,1375.51216441814,16.8433710484632,0,0
"380",1984.20273972603,1222.69755197392,5143.8290795775,0,0,608.578818300923,7845.70358680643,0,13.6831981460834,3.35202606791124,9.96619560263722,950.4,319.296657115657,0,1375.51216441814,16.8433710484632,0,0
"381",1984.20273972603,1222.69755197392,5143.8290795775,0,0,608.578818300923,7845.70358680643,0,13.6831981460834,3.35202606791124,9.96619560263722,950.4,319.296657115657,0,1375.51216441814,16.8433710484632,0,0
"382",1984.20273972603,1222.69755197392,5143.8290795775,0,0,608.578818300923,7845.70358680643,0,13.6831981460834,3.35202606791124,9.96619560263722,950.4,319.296657115657,0,1375.51216441814,16.8433710484632,0,0
"383",1984.20273972603,1222.69755197392,5143.8290795775,0,0,608.578818300923,7845.70358680643,0,13.6831981460834,3.35202606791124,9.96619560263722,950.4,319.296657115657,0,1375.51216441814,16.8433710484632,0,0
"384",1984.20273972603,1222.69755197392,5143.8290795775,0,0,608.578818300923,7845.70358680643,0,13.6831981460834,3.35202606791124,9.96619560263722,950.4,319.296657115657,0,1375.51216441814,16.8433710484632,0,0
"385",1985,1199.47834266991,5153.7206313166,0,0,610.722540740482,7804.27999237791,0,67.4996686597289,16.6796836328119,49.2460675915912,950.4,332.624314680558,0,1414.7920364071,11.2502947001124,0,0
"386",1985,1199.47834266991,5153.7206313166,0,0,610.722540740482,7804.27999237791,0,0,0,0,950.4,332.624314680558,0,1414.7920364071,11.2502947001124,0,0
"387",1985,1199.47834266991,5153.7206313166,0,0,610.722540740482,7804.27999237791,0,0,0,0,950.4,332.624314680558,0,1414.7920364071,11.2502947001124,0,0
"388",1985.16438356164,1195.95089102886,5155.40233843257,0,0,606.721518149169,7795.81287606913,0,12.5464177874277,1.84574452508208,12.4681389000978,950.4,334.47005920564,0,1427.2601753072,11.2065752851491,0,0
"389",1985.16438356164,1195.95089102886,5155.40233843257,0,0,606.721518149169,7795.81287606913,0,12.5464177874277,1.84574452508208,12.4681389000978,950.4,334.47005920564,0,1427.2601753072,11.2065752851491,0,0
"390",1985.16438356164,1195.95089102886,5155.40233843257,0,0,606.721518149169,7795.81287606913,0,12.5464177874277,1.84574452508208,12.4681389000978,950.4,334.47005920564,0,1427.2601753072,11.2065752851491,0,0
"391",1985.16438356164,1195.95089102886,5155.40233843257,0,0,606.721518149169,7795.81287606913,0,12.5464177874277,1.84574452508208,12.4681389000978,950.4,334.47005920564,0,1427.2601753072,11.2065752851491,0,0
"392",1985.16438356164,1195.95089102886,5155.40233843257,0,0,606.721518149169,7795.81287606913,0,12.5464177874277,1.84574452508208,12.4681389000978,950.4,334.47005920564,0,1427.2601753072,11.2065752851491,0,0
"393",1985.16438356164,1195.95089102886,5155.40233843257,0,0,606.721518149169,7795.81287606913,0,12.5464177874277,1.84574452508208,12.4681389000978,950.4,334.47005920564,0,1427.2601753072,11.2065752851491,0,0
"394",1985.20273972603,1195.14273570082,5155.7808431144,0,0,605.82372759175,7793.81202844094,0,15.4720012000506,2.2753951712942,15.3667770857025,950.4,334.899709851852,0,1430.1588134928,11.1966366654804,0,0
"395",1985.20273972603,1226.82273570082,5163.7008431144,0,0,605.82372759175,7793.81202844094,0,15.4720012000506,2.2753951712942,15.3667770857025,990,334.899709851852,0,1430.1588134928,11.4098708711962,0,0
"396",1985.20273972603,1226.82273570082,5163.7008431144,0,0,605.82372759175,7793.81202844094,0,15.4720012000506,2.2753951712942,15.3667770857025,990,334.899709851852,0,1430.1588134928,11.4098708711962,0,0
"397",1985.20273972603,1226.82273570082,5163.7008431144,0,0,605.82372759175,7793.81202844094,0,15.4720012000506,2.2753951712942,15.3667770857025,990,334.899709851852,0,1430.1588134928,11.4098708711962,0,0
"398",1985.20273972603,1226.82273570082,5163.7008431144,0,0,605.82372759175,7793.81202844094,0,15.4720012000506,2.2753951712942,15.3667770857025,990,334.899709851852,0,1430.1588134928,11.4098708711962,0,0
"399",1985.20273972603,1226.82273570082,5163.7008431144,0,0,605.82372759175,7793.81202844094,0,15.4720012000506,2.2753951712942,15.3667770857025,990,334.899709851852,0,1430.1588134928,11.4098708711962,0,0
"400",1985.20273972603,1226.82273570082,5163.7008431144,0,0,605.82372759175,7793.81202844094,0,15.4720012000506,2.2753951712942,15.3667770857025,990,334.899709851852,0,1430.1588134928,11.4098708711962,0,0
"401",1986,1207.69843243643,5173.81601621279,0,0,589.790627609161,7750.400860156,0,76.1330432532323,11.2845253372942,74.8110453532351,990,343.908840017852,0,1489.60308176033,19.6935472231438,0,0
"402",1986,1207.69843243643,5173.81601621279,0,0,589.790627609161,7750.400860156,0,0,0,0,990,343.908840017852,0,1489.60308176033,19.6935472231438,0,0
"403",1986,1207.69843243643,5173.81601621279,0,0,589.790627609161,7750.400860156,0,0,0,0,990,343.908840017852,0,1489.60308176033,19.6935472231438,0,0
"404",1986.16438356164,1202.70771726379,5175.57440279292,0,0,590.728615954929,7741.19335981425,0,15.5900503053876,3.2323285925042,8.26951199597719,990,347.141168610356,0,1497.87259375631,19.633376532333,0,0
"405",1986.16438356164,1202.70771726379,5175.57440279292,0,0,590.728615954929,7741.19335981425,0,15.5900503053876,3.2323285925042,8.26951199597719,990,347.141168610356,0,1497.87259375631,19.633376532333,0,0
"406",1986.16438356164,1202.70771726379,5175.57440279292,0,0,590.728615954929,7741.19335981425,0,15.5900503053876,3.2323285925042,8.26951199597719,990,347.141168610356,0,1497.87259375631,19.633376532333,0,0
"407",1986.16438356164,1202.70771726379,5175.57440279292,0,0,590.728615954929,7741.19335981425,0,15.5900503053876,3.2323285925042,8.26951199597719,990,347.141168610356,0,1497.87259375631,19.633376532333,0,0
"408",1986.16438356164,1202.70771726379,5175.57440279292,0,0,590.728615954929,7741.19335981425,0,15.5900503053876,3.2323285925042,8.26951199597719,990,347.141168610356,0,1497.87259375631,19.633376532333,0,0
"409",1986.16438356164,1202.70771726379,5175.57440279292,0,0,590.728615954929,7741.19335981425,0,15.5900503053876,3.2323285925042,8.26951199597719,990,347.141168610356,0,1497.87259375631,19.633376532333,0,0
"410",1986.20273972603,1201.5637966769,5175.96552719427,0,0,590.931368119787,7739.05953955005,0,19.2279766156888,3.98512477804261,10.2005800953256,990,347.893964795895,0,1499.80366185566,19.6195538238352,0,0
"411",1986.20273972603,1233.2437966769,5183.88552719427,0,0,590.931368119787,7739.05953955005,0,19.2279766156888,3.98512477804261,10.2005800953256,1029.6,347.893964795895,0,1499.80366185566,19.998089760435,0,0
"412",1986.20273972603,1233.2437966769,5183.88552719427,0,0,590.931368119787,7739.05953955005,0,19.2279766156888,3.98512477804261,10.2005800953256,1029.6,347.893964795895,0,1499.80366185566,19.998089760435,0,0
"413",1986.20273972603,1233.2437966769,5183.88552719427,0,0,590.931368119787,7739.05953955005,0,19.2279766156888,3.98512477804261,10.2005800953256,1029.6,347.893964795895,0,1499.80366185566,19.998089760435,0,0
"414",1986.20273972603,1233.2437966769,5183.88552719427,0,0,590.931368119787,7739.05953955005,0,19.2279766156888,3.98512477804261,10.2005800953256,1029.6,347.893964795895,0,1499.80366185566,19.998089760435,0,0
"415",1986.20273972603,1233.2437966769,5183.88552719427,0,0,590.931368119787,7739.05953955005,0,19.2279766156888,3.98512477804261,10.2005800953256,1029.6,347.893964795895,0,1499.80366185566,19.998089760435,0,0
"416",1986.20273972603,1233.2437966769,5183.88552719427,0,0,590.931368119787,7739.05953955005,0,19.2279766156888,3.98512477804261,10.2005800953256,1029.6,347.893964795895,0,1499.80366185566,19.998089760435,0,0
"417",1987,1207.47886276356,5193.83172858289,0,0,593.949099664947,7695.80268510359,0,94.8612037119684,19.8038573027692,50.4397029966209,1029.6,363.712697320621,0,1540.04278475695,16.7851928365852,0,0
"418",1987,1207.47886276356,5193.83172858289,0,0,593.949099664947,7695.80268510359,0,0,0,0,1029.6,363.712697320621,0,1540.04278475695,16.7851928365852,0,0
"419",1987,1207.47886276356,5193.83172858289,0,0,593.949099664947,7695.80268510359,0,0,0,0,1029.6,363.712697320621,0,1540.04278475695,16.7851928365852,0,0
"420",1987.16438356164,1203.07275737832,5195.48259547953,0,0,594.671616458221,7687.12089783281,0,11.3620236165678,2.75523848859416,7.95927047750681,1029.6,366.467935809216,0,1548.00205523446,16.7370922607062,0,0
"421",1987.16438356164,1203.07275737832,5195.48259547953,0,0,594.671616458221,7687.12089783281,0,11.3620236165678,2.75523848859416,7.95927047750681,1029.6,366.467935809216,0,1548.00205523446,16.7370922607062,0,0
"422",1987.16438356164,1203.07275737832,5195.48259547953,0,0,594.671616458221,7687.12089783281,0,11.3620236165678,2.75523848859416,7.95927047750681,1029.6,366.467935809216,0,1548.00205523446,16.7370922607062,0,0
"423",1987.16438356164,1203.07275737832,5195.48259547953,0,0,594.671616458221,7687.12089783281,0,11.3620236165678,2.75523848859416,7.95927047750681,1029.6,366.467935809216,0,1548.00205523446,16.7370922607062,0,0
"424",1987.16438356164,1203.07275737832,5195.48259547953,0,0,594.671616458221,7687.12089783281,0,11.3620236165678,2.75523848859416,7.95927047750681,1029.6,366.467935809216,0,1548.00205523446,16.7370922607062,0,0
"425",1987.16438356164,1203.07275737832,5195.48259547953,0,0,594.671616458221,7687.12089783281,0,11.3620236165678,2.75523848859416,7.95927047750681,1029.6,366.467935809216,0,1548.00205523446,16.7370922607062,0,0
"426",1987.20273972603,1202.06279356358,5195.8508001359,0,0,594.826588023441,7685.10762280899,0,14.0132828636945,3.3969976469691,9.81757393610927,1029.6,367.10969496759,0,1549.86035869306,16.7260501024221,0,0
"427",1987.20273972603,1233.74279356358,5203.7708001359,0,0,594.826588023441,7685.10762280899,0,14.0132828636945,3.3969976469691,9.81757393610927,1069.2,367.10969496759,0,1549.86035869306,17.0694687509688,0,0
"428",1987.20273972603,1233.74279356358,5203.7708001359,0,0,594.826588023441,7685.10762280899,0,14.0132828636945,3.3969976469691,9.81757393610927,1069.2,367.10969496759,0,1549.86035869306,17.0694687509688,0,0
"429",1987.20273972603,1233.74279356358,5203.7708001359,0,0,594.826588023441,7685.10762280899,0,14.0132828636945,3.3969976469691,9.81757393610927,1069.2,367.10969496759,0,1549.86035869306,17.0694687509688,0,0
"430",1987.20273972603,1233.74279356358,5203.7708001359,0,0,594.826588023441,7685.10762280899,0,14.0132828636945,3.3969976469691,9.81757393610927,1069.2,367.10969496759,0,1549.86035869306,17.0694687509688,0,0
"431",1987.20273972603,1233.74279356358,5203.7708001359,0,0,594.826588023441,7685.10762280899,0,14.0132828636945,3.3969976469691,9.81757393610927,1069.2,367.10969496759,0,1549.86035869306,17.0694687509688,0,0
"432",1987.20273972603,1233.74279356358,5203.7708001359,0,0,594.826588023441,7685.10762280899,0,14.0132828636945,3.3969976469691,9.81757393610927,1069.2,367.10969496759,0,1549.86035869306,17.0694687509688,0,0
"433",1988,1210.59149671729,5213.41526577041,0,0,597.035664055828,7644.19887829942,0,69.1293292927196,16.9038288587436,48.5172424132965,1069.2,380.616526179365,0,1588.56002717025,11.2555427158366,0,0
"434",1988,1210.59149671729,5213.41526577041,0,0,597.035664055828,7644.19887829942,0,0,0,0,1069.2,380.616526179365,0,1588.56002717025,11.2555427158366,0,0
"435",1988,1210.59149671729,5213.41526577041,0,0,597.035664055828,7644.19887829942,0,0,0,0,1069.2,380.616526179365,0,1588.56002717025,11.2555427158366,0,0
"436",1988.16438356164,1207.11185912375,5215.04828716458,0,0,593.18430877455,7635.84224072053,0,12.4517276479566,1.84661619937642,12.2079928601627,1069.2,382.463142378742,0,1600.76802003041,11.2119366339042,0,0
"437",1988.16438356164,1207.11185912375,5215.04828716458,0,0,593.18430877455,7635.84224072053,0,12.4517276479566,1.84661619937642,12.2079928601627,1069.2,382.463142378742,0,1600.76802003041,11.2119366339042,0,0
"438",1988.16438356164,1207.11185912375,5215.04828716458,0,0,593.18430877455,7635.84224072053,0,12.4517276479566,1.84661619937642,12.2079928601627,1069.2,382.463142378742,0,1600.76802003041,11.2119366339042,0,0
"439",1988.16438356164,1207.11185912375,5215.04828716458,0,0,593.18430877455,7635.84224072053,0,12.4517276479566,1.84661619937642,12.2079928601627,1069.2,382.463142378742,0,1600.76802003041,11.2119366339042,0,0
"440",1988.16438356164,1207.11185912375,5215.04828716458,0,0,593.18430877455,7635.84224072053,0,12.4517276479566,1.84661619937642,12.2079928601627,1069.2,382.463142378742,0,1600.76802003041,11.2119366339042,0,0
"441",1988.16438356164,1207.11185912375,5215.04828716458,0,0,593.18430877455,7635.84224072053,0,12.4517276479566,1.84661619937642,12.2079928601627,1069.2,382.463142378742,0,1600.76802003041,11.2119366339042,0,0
"442",1988.20273972603,1206.31464886749,5215.41564055985,0,0,592.319994106138,7633.86827478333,0,15.355207185878,2.2764730603548,15.0462734657823,1069.2,382.89299923972,0,1603.60630063603,11.2020276782526,0,0
"443",1988.20273972603,1237.99464886749,5223.33564055985,0,0,592.319994106138,7633.86827478333,0,15.355207185878,2.2764730603548,15.0462734657823,1108.8,382.89299923972,0,1603.60630063603,11.4079855312127,0,0
"444",1988.20273972603,1237.99464886749,5223.33564055985,0,0,592.319994106138,7633.86827478333,0,15.355207185878,2.2764730603548,15.0462734657823,1108.8,382.89299923972,0,1603.60630063603,11.4079855312127,0,0
"445",1988.20273972603,1237.99464886749,5223.33564055985,0,0,592.319994106138,7633.86827478333,0,15.355207185878,2.2764730603548,15.0462734657823,1108.8,382.89299923972,0,1603.60630063603,11.4079855312127,0,0
"446",1988.20273972603,1237.99464886749,5223.33564055985,0,0,592.319994106138,7633.86827478333,0,15.355207185878,2.2764730603548,15.0462734657823,1108.8,382.89299923972,0,1603.60630063603,11.4079855312127,0,0
"447",1988.20273972603,1237.99464886749,5223.33564055985,0,0,592.319994106138,7633.86827478333,0,15.355207185878,2.2764730603548,15.0462734657823,1108.8,382.89299923972,0,1603.60630063603,11.4079855312127,0,0
"448",1988.20273972603,1237.99464886749,5223.33564055985,0,0,592.319994106138,7633.86827478333,0,15.355207185878,2.2764730603548,15.0462734657823,1108.8,382.89299923972,0,1603.60630063603,11.4079855312127,0,0
"449",1989,1219.08580185155,5233.2362353178,0,0,576.875914807254,7591.09675437331,0,75.5560943190203,11.2847253183593,73.2618731746769,1108.8,391.901251497724,0,1661.82190034493,19.9586219817438,0,0
"450",1989,1219.08580185155,5233.2362353178,0,0,576.875914807254,7591.09675437331,0,0,0,0,1108.8,391.901251497724,0,1661.82190034493,19.9586219817438,0,0
"451",1989,1219.08580185155,5233.2362353178,0,0,576.875914807254,7591.09675437331,0,0,0,0,1108.8,391.901251497724,0,1661.82190034493,19.9586219817438,0,0
"452",1989.16438356164,1214.09256719142,5234.95363789622,0,0,577.788006213528,7582.03385155093,0,15.9145192229332,3.27583208169854,8.15081141610965,1108.8,395.177083579423,0,1669.97271176104,19.8975991117198,0,0
"453",1989.16438356164,1214.09256719142,5234.95363789622,0,0,577.788006213528,7582.03385155093,0,15.9145192229332,3.27583208169854,8.15081141610965,1108.8,395.177083579423,0,1669.97271176104,19.8975991117198,0,0
"454",1989.16438356164,1214.09256719142,5234.95363789622,0,0,577.788006213528,7582.03385155093,0,15.9145192229332,3.27583208169854,8.15081141610965,1108.8,395.177083579423,0,1669.97271176104,19.8975991117198,0,0
"455",1989.16438356164,1214.09256719142,5234.95363789622,0,0,577.788006213528,7582.03385155093,0,15.9145192229332,3.27583208169854,8.15081141610965,1108.8,395.177083579423,0,1669.97271176104,19.8975991117198,0,0
"456",1989.16438356164,1214.09256719142,5234.95363789622,0,0,577.788006213528,7582.03385155093,0,15.9145192229332,3.27583208169854,8.15081141610965,1108.8,395.177083579423,0,1669.97271176104,19.8975991117198,0,0
"457",1989.16438356164,1214.09256719142,5234.95363789622,0,0,577.788006213528,7582.03385155093,0,15.9145192229332,3.27583208169854,8.15081141610965,1108.8,395.177083579423,0,1669.97271176104,19.8975991117198,0,0
"458",1989.20273972603,1212.94805559818,5235.33522247385,0,0,577.985043959296,7579.93345240354,0,19.6281844535331,4.03875909731544,10.05417281773,1108.8,395.940010595039,0,1671.87607316266,19.8835816583965,0,0
"459",1989.20273972603,1244.62805559818,5243.25522247385,0,0,577.985043959296,7579.93345240354,0,19.6281844535331,4.03875909731544,10.05417281773,1148.4,395.940010595039,0,1671.87607316266,20.2674179197934,0,0
"460",1989.20273972603,1244.62805559818,5243.25522247385,0,0,577.985043959296,7579.93345240354,0,19.6281844535331,4.03875909731544,10.05417281773,1148.4,395.940010595039,0,1671.87607316266,20.2674179197934,0,0
"461",1989.20273972603,1244.62805559818,5243.25522247385,0,0,577.985043959296,7579.93345240354,0,19.6281844535331,4.03875909731544,10.05417281773,1148.4,395.940010595039,0,1671.87607316266,20.2674179197934,0,0
"462",1989.20273972603,1244.62805559818,5243.25522247385,0,0,577.985043959296,7579.93345240354,0,19.6281844535331,4.03875909731544,10.05417281773,1148.4,395.940010595039,0,1671.87607316266,20.2674179197934,0,0
"463",1989.20273972603,1244.62805559818,5243.25522247385,0,0,577.985043959296,7579.93345240354,0,19.6281844535331,4.03875909731544,10.05417281773,1148.4,395.940010595039,0,1671.87607316266,20.2674179197934,0,0
"464",1989.20273972603,1244.62805559818,5243.25522247385,0,0,577.985043959296,7579.93345240354,0,19.6281844535331,4.03875909731544,10.05417281773,1148.4,395.940010595039,0,1671.87607316266,20.2674179197934,0,0
"465",1990,1218.84699895136,5253.00469049218,0,0,580.908847609109,7537.34728855114,0,96.8375962078802,20.0703477258025,49.7165330203212,1148.4,411.971599223526,0,1711.53843336525,17.0079393507056,0,0
"466",1990,1218.84699895136,5253.00469049218,0,0,580.908847609109,7537.34728855114,0,0,0,0,1148.4,411.971599223526,0,1711.53843336525,17.0079393507056,0,0
"467",1990,1218.84699895136,5253.00469049218,0,0,580.908847609109,7537.34728855114,0,0,0,0,1148.4,411.971599223526,0,1711.53843336525,17.0079393507056,0,0
"468",1990.16438356164,1214.44435953042,5254.61552031713,0,0,581.617250524165,7528.79874681039,0,11.6254749213932,2.79180959599008,7.8401388256983,1148.4,414.763408819516,0,1719.37857219095,16.9592972334431,0,0
"469",1990.16438356164,1214.44435953042,5254.61552031713,0,0,581.617250524165,7528.79874681039,0,11.6254749213932,2.79180959599008,7.8401388256983,1148.4,414.763408819516,0,1719.37857219095,16.9592972334431,0,0
"470",1990.16438356164,1214.44435953042,5254.61552031713,0,0,581.617250524165,7528.79874681039,0,11.6254749213932,2.79180959599008,7.8401388256983,1148.4,414.763408819516,0,1719.37857219095,16.9592972334431,0,0
"471",1990.16438356164,1214.44435953042,5254.61552031713,0,0,581.617250524165,7528.79874681039,0,11.6254749213932,2.79180959599008,7.8401388256983,1148.4,414.763408819516,0,1719.37857219095,16.9592972334431,0,0
"472",1990.16438356164,1214.44435953042,5254.61552031713,0,0,581.617250524165,7528.79874681039,0,11.6254749213932,2.79180959599008,7.8401388256983,1148.4,414.763408819516,0,1719.37857219095,16.9592972334431,0,0
"473",1990.16438356164,1214.44435953042,5254.61552031713,0,0,581.617250524165,7528.79874681039,0,11.6254749213932,2.79180959599008,7.8401388256983,1148.4,414.763408819516,0,1719.37857219095,16.9592972334431,0,0
"474",1990.20273972603,1213.43517348281,5254.97442665191,0,0,581.769145596882,7526.81634673029,0,14.3382210302555,3.44208930881616,9.6706438330797,1148.4,415.413688532342,0,1721.20907719833,16.9481312448881,0,0
"475",1990.20273972603,1245.11517348281,5262.89442665191,0,0,581.769145596882,7526.81634673029,0,14.3382210302555,3.44208930881616,9.6706438330797,1188,415.413688532342,0,1721.20907719833,17.2957858527596,0,0
"476",1990.20273972603,1245.11517348281,5262.89442665191,0,0,581.769145596882,7526.81634673029,0,14.3382210302555,3.44208930881616,9.6706438330797,1188,415.413688532342,0,1721.20907719833,17.2957858527596,0,0
"477",1990.20273972603,1245.11517348281,5262.89442665191,0,0,581.769145596882,7526.81634673029,0,14.3382210302555,3.44208930881616,9.6706438330797,1188,415.413688532342,0,1721.20907719833,17.2957858527596,0,0
"478",1990.20273972603,1245.11517348281,5262.89442665191,0,0,581.769145596882,7526.81634673029,0,14.3382210302555,3.44208930881616,9.6706438330797,1188,415.413688532342,0,1721.20907719833,17.2957858527596,0,0
"479",1990.20273972603,1245.11517348281,5262.89442665191,0,0,581.769145596882,7526.81634673029,0,14.3382210302555,3.44208930881616,9.6706438330797,1188,415.413688532342,0,1721.20907719833,17.2957858527596,0,0
"480",1990.20273972603,1245.11517348281,5262.89442665191,0,0,581.769145596882,7526.81634673029,0,14.3382210302555,3.44208930881616,9.6706438330797,1188,415.413688532342,0,1721.20907719833,17.2957858527596,0,0
"481",1991,1221.97454577545,5272.34902044264,0,0,583.93078522645,7486.532984622,0,70.7332646294277,17.1281232254518,47.7923663117979,1188,429.099722448978,0,1759.33079967705,11.2569093049296,0,0
"482",1991,1221.97454577545,5272.34902044264,0,0,583.93078522645,7486.532984622,0,0,0,0,1188,429.099722448978,0,1759.33079967705,11.2569093049296,0,0
"483",1991,1221.97454577545,5272.34902044264,0,0,583.93078522645,7486.532984622,0,0,0,0,1188,429.099722448978,0,1759.33079967705,11.2569093049296,0,0
"484",1991.16438356164,1218.53262002869,5273.94411240122,0,0,580.200748897616,7478.30550080546,0,12.3574746249584,1.84683378818398,11.9575201453777,1188,430.946556237162,0,1771.28831982243,11.2132230276862,0,0
"485",1991.16438356164,1218.53262002869,5273.94411240122,0,0,580.200748897616,7478.30550080546,0,12.3574746249584,1.84683378818398,11.9575201453777,1188,430.946556237162,0,1771.28831982243,11.2132230276862,0,0
"486",1991.16438356164,1218.53262002869,5273.94411240122,0,0,580.200748897616,7478.30550080546,0,12.3574746249584,1.84683378818398,11.9575201453777,1188,430.946556237162,0,1771.28831982243,11.2132230276862,0,0
"487",1991.16438356164,1218.53262002869,5273.94411240122,0,0,580.200748897616,7478.30550080546,0,12.3574746249584,1.84683378818398,11.9575201453777,1188,430.946556237162,0,1771.28831982243,11.2132230276862,0,0
"488",1991.16438356164,1218.53262002869,5273.94411240122,0,0,580.200748897616,7478.30550080546,0,12.3574746249584,1.84683378818398,11.9575201453777,1188,430.946556237162,0,1771.28831982243,11.2132230276862,0,0
"489",1991.16438356164,1218.53262002869,5273.94411240122,0,0,580.200748897616,7478.30550080546,0,12.3574746249584,1.84683378818398,11.9575201453777,1188,430.946556237162,0,1771.28831982243,11.2132230276862,0,0
"490",1991.20273972603,1217.74404663786,5274.30277985673,0,0,579.363604559405,7476.36253433597,0,15.2389430643768,2.27673972350401,14.7376309530795,1188,431.376462172482,0,1774.06843063013,11.2032999972055,0,0
"491",1991.20273972603,1249.42404663786,5282.22277985673,0,0,579.363604559405,7476.36253433597,0,15.2389430643768,2.27673972350401,14.7376309530795,1227.6,431.376462172482,0,1774.06843063013,11.4018094916519,0,0
"492",1991.20273972603,1249.42404663786,5282.22277985673,0,0,579.363604559405,7476.36253433597,0,15.2389430643768,2.27673972350401,14.7376309530795,1227.6,431.376462172482,0,1774.06843063013,11.4018094916519,0,0
"493",1991.20273972603,1249.42404663786,5282.22277985673,0,0,579.363604559405,7476.36253433597,0,15.2389430643768,2.27673972350401,14.7376309530795,1227.6,431.376462172482,0,1774.06843063013,11.4018094916519,0,0
"494",1991.20273972603,1249.42404663786,5282.22277985673,0,0,579.363604559405,7476.36253433597,0,15.2389430643768,2.27673972350401,14.7376309530795,1227.6,431.376462172482,0,1774.06843063013,11.4018094916519,0,0
"495",1991.20273972603,1249.42404663786,5282.22277985673,0,0,579.363604559405,7476.36253433597,0,15.2389430643768,2.27673972350401,14.7376309530795,1227.6,431.376462172482,0,1774.06843063013,11.4018094916519,0,0
"496",1991.20273972603,1249.42404663786,5282.22277985673,0,0,579.363604559405,7476.36253433597,0,15.2389430643768,2.27673972350401,14.7376309530795,1227.6,431.376462172482,0,1774.06843063013,11.4018094916519,0,0
"497",1992,1230.68681491446,5291.95640398854,0,0,564.400326931572,7434.29856487436,0,74.9808648562241,11.280347315088,71.7648780425196,1227.6,440.380069764066,0,1831.09567771957,20.2233258496208,0,0
"498",1992,1230.68681491446,5291.95640398854,0,0,564.400326931572,7434.29856487436,0,0,0,0,1227.6,440.380069764066,0,1831.09567771957,20.2233258496208,0,0
"499",1992,1230.68681491446,5291.95640398854,0,0,564.400326931572,7434.29856487436,0,0,0,0,1227.6,440.380069764066,0,1831.09567771957,20.2233258496208,0,0
"500",1992.16438356164,1225.68209049281,5293.64185898174,0,0,565.277230268489,7425.39095891512,0,16.2319869528774,3.31926942844809,8.03070262232856,1227.6,443.699339192514,0,1839.1263803419,20.161388049796,0,0
"501",1992.16438356164,1225.68209049281,5293.64185898174,0,0,565.277230268489,7425.39095891512,0,16.2319869528774,3.31926942844809,8.03070262232856,1227.6,443.699339192514,0,1839.1263803419,20.161388049796,0,0
"502",1992.16438356164,1225.68209049281,5293.64185898174,0,0,565.277230268489,7425.39095891512,0,16.2319869528774,3.31926942844809,8.03070262232856,1227.6,443.699339192514,0,1839.1263803419,20.161388049796,0,0
"503",1992.16438356164,1225.68209049281,5293.64185898174,0,0,565.277230268489,7425.39095891512,0,16.2319869528774,3.31926942844809,8.03070262232856,1227.6,443.699339192514,0,1839.1263803419,20.161388049796,0,0
"504",1992.16438356164,1225.68209049281,5293.64185898174,0,0,565.277230268489,7425.39095891512,0,16.2319869528774,3.31926942844809,8.03070262232856,1227.6,443.699339192514,0,1839.1263803419,20.161388049796,0,0
"505",1992.16438356164,1225.68209049281,5293.64185898174,0,0,565.277230268489,7425.39095891512,0,16.2319869528774,3.31926942844809,8.03070262232856,1227.6,443.699339192514,0,1839.1263803419,20.161388049796,0,0
"506",1992.20273972603,1224.53493529775,5294.01597323867,0,0,565.46648754199,7423.32639523546,0,20.0197549916128,4.09231036657738,9.90600902848141,1227.6,444.472380130644,0,1841.00168674805,20.1471613647041,0,0
"507",1992.20273972603,1256.21493529775,5301.93597323867,0,0,565.46648754199,7423.32639523546,0,20.0197549916128,4.09231036657738,9.90600902848141,1267.2,444.472380130644,0,1841.00168674805,20.5359841365131,0,0
"508",1992.20273972603,1256.21493529775,5301.93597323867,0,0,565.46648754199,7423.32639523546,0,20.0197549916128,4.09231036657738,9.90600902848141,1267.2,444.472380130644,0,1841.00168674805,20.5359841365131,0,0
"509",1992.20273972603,1256.21493529775,5301.93597323867,0,0,565.46648754199,7423.32639523546,0,20.0197549916128,4.09231036657738,9.90600902848141,1267.2,444.472380130644,0,1841.00168674805,20.5359841365131,0,0
"510",1992.20273972603,1256.21493529775,5301.93597323867,0,0,565.46648754199,7423.32639523546,0,20.0197549916128,4.09231036657738,9.90600902848141,1267.2,444.472380130644,0,1841.00168674805,20.5359841365131,0,0
"511",1992.20273972603,1256.21493529775,5301.93597323867,0,0,565.46648754199,7423.32639523546,0,20.0197549916128,4.09231036657738,9.90600902848141,1267.2,444.472380130644,0,1841.00168674805,20.5359841365131,0,0
"512",1992.20273972603,1256.21493529775,5301.93597323867,0,0,565.46648754199,7423.32639523546,0,20.0197549916128,4.09231036657738,9.90600902848141,1267.2,444.472380130644,0,1841.00168674805,20.5359841365131,0,0
"513",1993,1230.37839924778,5311.52875437875,0,0,568.261008131564,7381.45495118644,0,98.7711426247373,20.3360652764664,48.9829324879275,1267.2,460.716135040533,0,1880.07861020749,17.2297129152307,0,0
"514",1993,1230.37839924778,5311.52875437875,0,0,568.261008131564,7381.45495118644,0,0,0,0,1267.2,460.716135040533,0,1880.07861020749,17.2297129152307,0,0
"515",1993,1230.37839924778,5311.52875437875,0,0,568.261008131564,7381.45495118644,0,0,0,0,1267.2,460.716135040533,0,1880.07861020749,17.2297129152307,0,0
"516",1993.16438356164,1225.97186772926,5313.10706892212,0,0,568.948890226905,7373.04750120755,0,11.8842698394626,2.8282169751626,7.71956788354853,1267.2,463.544352015695,0,1887.79817809104,17.1804832959593,0,0
"517",1993.16438356164,1225.97186772926,5313.10706892212,0,0,568.948890226905,7373.04750120755,0,11.8842698394626,2.8282169751626,7.71956788354853,1267.2,463.544352015695,0,1887.79817809104,17.1804832959593,0,0
"518",1993.16438356164,1225.97186772926,5313.10706892212,0,0,568.948890226905,7373.04750120755,0,11.8842698394626,2.8282169751626,7.71956788354853,1267.2,463.544352015695,0,1887.79817809104,17.1804832959593,0,0
"519",1993.16438356164,1225.97186772926,5313.10706892212,0,0,568.948890226905,7373.04750120755,0,11.8842698394626,2.8282169751626,7.71956788354853,1267.2,463.544352015695,0,1887.79817809104,17.1804832959593,0,0
"520",1993.16438356164,1225.97186772926,5313.10706892212,0,0,568.948890226905,7373.04750120755,0,11.8842698394626,2.8282169751626,7.71956788354853,1267.2,463.544352015695,0,1887.79817809104,17.1804832959593,0,0
"521",1993.16438356164,1225.97186772926,5313.10706892212,0,0,568.948890226905,7373.04750120755,0,11.8842698394626,2.8282169751626,7.71956788354853,1267.2,463.544352015695,0,1887.79817809104,17.1804832959593,0,0
"522",1993.20273972603,1224.96177572543,5313.45839994097,0,0,569.09628378634,7371.09774983758,0,14.657415678358,3.48697796013732,9.52192569408853,1267.2,464.20311300067,0,1889.60053590158,17.1691828915899,0,0
"523",1993.20273972603,1256.64177572543,5321.37839994097,0,0,569.09628378634,7371.09774983758,0,14.657415678358,3.48697796013732,9.52192569408853,1306.8,464.20311300067,0,1889.60053590158,17.5208163817273,0,0
"524",1993.20273972603,1256.64177572543,5321.37839994097,0,0,569.09628378634,7371.09774983758,0,14.657415678358,3.48697796013732,9.52192569408853,1306.8,464.20311300067,0,1889.60053590158,17.5208163817273,0,0
"525",1993.20273972603,1256.64177572543,5321.37839994097,0,0,569.09628378634,7371.09774983758,0,14.657415678358,3.48697796013732,9.52192569408853,1306.8,464.20311300067,0,1889.60053590158,17.5208163817273,0,0
"526",1993.20273972603,1256.64177572543,5321.37839994097,0,0,569.09628378634,7371.09774983758,0,14.657415678358,3.48697796013732,9.52192569408853,1306.8,464.20311300067,0,1889.60053590158,17.5208163817273,0,0
"527",1993.20273972603,1256.64177572543,5321.37839994097,0,0,569.09628378634,7371.09774983758,0,14.657415678358,3.48697796013732,9.52192569408853,1306.8,464.20311300067,0,1889.60053590158,17.5208163817273,0,0
"528",1993.20273972603,1256.64177572543,5321.37839994097,0,0,569.09628378634,7371.09774983758,0,14.657415678358,3.48697796013732,9.52192569408853,1306.8,464.20311300067,0,1889.60053590158,17.5208163817273,0,0
"529",1994,1233.47983558349,5330.67620197516,0,0,571.185961019707,7331.472496527,0,72.3087985274658,17.3511160678829,47.0575017712967,1306.8,478.067251108416,0,1927.13611197879,11.2521231614377,0,0
"530",1994,1233.47983558349,5330.67620197516,0,0,571.185961019707,7331.472496527,0,0,0,0,1306.8,478.067251108416,0,1927.13611197879,11.2521231614377,0,0
"531",1994,1233.47983558349,5330.67620197516,0,0,571.185961019707,7331.472496527,0,0,0,0,1306.8,478.067251108416,0,1927.13611197879,11.2521231614377,0,0
"532",1994.16438356164,1230.07034636659,5332.23965889613,0,0,567.565818980496,7323.37982169918,0,12.262995375785,1.8460322959261,11.7128168670312,1306.8,479.913283404342,0,1938.84892884582,11.2082641502651,0,0
"533",1994.16438356164,1230.07034636659,5332.23965889613,0,0,567.565818980496,7323.37982169918,0,12.262995375785,1.8460322959261,11.7128168670312,1306.8,479.913283404342,0,1938.84892884582,11.2082641502651,0,0
"534",1994.16438356164,1230.07034636659,5332.23965889613,0,0,567.565818980496,7323.37982169918,0,12.262995375785,1.8460322959261,11.7128168670312,1306.8,479.913283404342,0,1938.84892884582,11.2082641502651,0,0
"535",1994.16438356164,1230.07034636659,5332.23965889613,0,0,567.565818980496,7323.37982169918,0,12.262995375785,1.8460322959261,11.7128168670312,1306.8,479.913283404342,0,1938.84892884582,11.2082641502651,0,0
"536",1994.16438356164,1230.07034636659,5332.23965889613,0,0,567.565818980496,7323.37982169918,0,12.262995375785,1.8460322959261,11.7128168670312,1306.8,479.913283404342,0,1938.84892884582,11.2082641502651,0,0
"537",1994.16438356164,1230.07034636659,5332.23965889613,0,0,567.565818980496,7323.37982169918,0,12.262995375785,1.8460322959261,11.7128168670312,1306.8,479.913283404342,0,1938.84892884582,11.2082641502651,0,0
"538",1994.20273972603,1229.28920483424,5332.59108536491,0,0,566.753300671638,7321.46907907179,0,15.1223967231236,2.27574735949787,14.4360778032786,1306.8,480.342998467914,0,1941.57218978207,11.1983061445905,0,0
"539",1994.20273972603,1260.96920483424,5340.51108536491,0,0,566.753300671638,7321.46907907179,0,15.1223967231236,2.27574735949787,14.4360778032786,1346.4,480.342998467914,0,1941.57218978207,11.3891454882233,0,0
"540",1994.20273972603,1260.96920483424,5340.51108536491,0,0,566.753300671638,7321.46907907179,0,15.1223967231236,2.27574735949787,14.4360778032786,1346.4,480.342998467914,0,1941.57218978207,11.3891454882233,0,0
"541",1994.20273972603,1260.96920483424,5340.51108536491,0,0,566.753300671638,7321.46907907179,0,15.1223967231236,2.27574735949787,14.4360778032786,1346.4,480.342998467914,0,1941.57218978207,11.3891454882233,0,0
"542",1994.20273972603,1260.96920483424,5340.51108536491,0,0,566.753300671638,7321.46907907179,0,15.1223967231236,2.27574735949787,14.4360778032786,1346.4,480.342998467914,0,1941.57218978207,11.3891454882233,0,0
"543",1994.20273972603,1260.96920483424,5340.51108536491,0,0,566.753300671638,7321.46907907179,0,15.1223967231236,2.27574735949787,14.4360778032786,1346.4,480.342998467914,0,1941.57218978207,11.3891454882233,0,0
"544",1994.20273972603,1260.96920483424,5340.51108536491,0,0,566.753300671638,7321.46907907179,0,15.1223967231236,2.27574735949787,14.4360778032786,1346.4,480.342998467914,0,1941.57218978207,11.3891454882233,0,0
"545",1995,1242.38076950169,5350.10587730239,0,0,552.226906987103,7280.13111059181,0,74.4039552053013,11.2693907545605,70.3004399677963,1346.4,489.336641862976,0,1997.43655194659,20.4864607268792,0,0
"546",1995,1242.38076950169,5350.10587730239,0,0,552.226906987103,7280.13111059181,0,0,0,0,1346.4,489.336641862976,0,1997.43655194659,20.4864607268792,0,0
"547",1995,1242.38076950169,5350.10587730239,0,0,552.226906987103,7280.13111059181,0,0,0,0,1346.4,489.336641862976,0,1997.43655194659,20.4864607268792,0,0
"548",1995.16438356164,1237.35944507359,5351.76475506879,0,0,553.068305548837,7271.3813837998,0,16.5419304807165,3.36244666170074,7.90832823028623,1346.4,492.699088524677,0,2005.34488017687,20.4235813182763,0,0
"549",1995.16438356164,1237.35944507359,5351.76475506879,0,0,553.068305548837,7271.3813837998,0,16.5419304807165,3.36244666170074,7.90832823028623,1346.4,492.699088524677,0,2005.34488017687,20.4235813182763,0,0
"550",1995.16438356164,1237.35944507359,5351.76475506879,0,0,553.068305548837,7271.3813837998,0,16.5419304807165,3.36244666170074,7.90832823028623,1346.4,492.699088524677,0,2005.34488017687,20.4235813182763,0,0
"551",1995.16438356164,1237.35944507359,5351.76475506879,0,0,553.068305548837,7271.3813837998,0,16.5419304807165,3.36244666170074,7.90832823028623,1346.4,492.699088524677,0,2005.34488017687,20.4235813182763,0,0
"552",1995.16438356164,1237.35944507359,5351.76475506879,0,0,553.068305548837,7271.3813837998,0,16.5419304807165,3.36244666170074,7.90832823028623,1346.4,492.699088524677,0,2005.34488017687,20.4235813182763,0,0
"553",1995.16438356164,1237.35944507359,5351.76475506879,0,0,553.068305548837,7271.3813837998,0,16.5419304807165,3.36244666170074,7.90832823028623,1346.4,492.699088524677,0,2005.34488017687,20.4235813182763,0,0
"554",1995.20273972603,1236.20847692123,5352.13262968196,0,0,553.249717470523,7269.35325363885,0,20.4020455509438,4.14554020088978,9.75504646954228,1346.4,493.482182063866,0,2007.19159841613,20.4091392195986,0,0
"555",1995.20273972603,1267.88847692123,5360.05262968196,0,0,553.249717470523,7269.35325363885,0,20.4020455509438,4.14554020088978,9.75504646954228,1386,493.482182063866,0,2007.19159841613,20.8026873409638,0,0
"556",1995.20273972603,1267.88847692123,5360.05262968196,0,0,553.249717470523,7269.35325363885,0,20.4020455509438,4.14554020088978,9.75504646954228,1386,493.482182063866,0,2007.19159841613,20.8026873409638,0,0
"557",1995.20273972603,1267.88847692123,5360.05262968196,0,0,553.249717470523,7269.35325363885,0,20.4020455509438,4.14554020088978,9.75504646954228,1386,493.482182063866,0,2007.19159841613,20.8026873409638,0,0
"558",1995.20273972603,1267.88847692123,5360.05262968196,0,0,553.249717470523,7269.35325363885,0,20.4020455509438,4.14554020088978,9.75504646954228,1386,493.482182063866,0,2007.19159841613,20.8026873409638,0,0
"559",1995.20273972603,1267.88847692123,5360.05262968196,0,0,553.249717470523,7269.35325363885,0,20.4020455509438,4.14554020088978,9.75504646954228,1386,493.482182063866,0,2007.19159841613,20.8026873409638,0,0
"560",1995.20273972603,1267.88847692123,5360.05262968196,0,0,553.249717470523,7269.35325363885,0,20.4020455509438,4.14554020088978,9.75504646954228,1386,493.482182063866,0,2007.19159841613,20.8026873409638,0,0
"561",1996,1241.97418677007,5369.51250960478,0,0,555.914212156896,7228.20865697747,0,100.658948786067,20.5999504292312,48.2351484445547,1386,509.936592292207,0,2045.67170039114,17.4496768050361,0,0
"562",1996,1241.97418677007,5369.51250960478,0,0,555.914212156896,7228.20865697747,0,0,0,0,1386,509.936592292207,0,2045.67170039114,17.4496768050361,0,0
"563",1996,1241.97418677007,5369.51250960478,0,0,555.914212156896,7228.20865697747,0,0,0,0,1386,509.936592292207,0,2045.67170039114,17.4496768050361,0,0
"564",1996.16438356164,1237.55955797716,5371.0628130242,0,0,556.580945546977,7219.94472548025,0,12.1381097125488,2.86432537348892,7.59719810714026,1386,512.800917665696,0,2053.26889849828,17.3998414784584,0,0
"565",1996.16438356164,1237.55955797716,5371.0628130242,0,0,556.580945546977,7219.94472548025,0,12.1381097125488,2.86432537348892,7.59719810714026,1386,512.800917665696,0,2053.26889849828,17.3998414784584,0,0
"566",1996.16438356164,1237.55955797716,5371.0628130242,0,0,556.580945546977,7219.94472548025,0,12.1381097125488,2.86432537348892,7.59719810714026,1386,512.800917665696,0,2053.26889849828,17.3998414784584,0,0
"567",1996.16438356164,1237.55955797716,5371.0628130242,0,0,556.580945546977,7219.94472548025,0,12.1381097125488,2.86432537348892,7.59719810714026,1386,512.800917665696,0,2053.26889849828,17.3998414784584,0,0
"568",1996.16438356164,1237.55955797716,5371.0628130242,0,0,556.580945546977,7219.94472548025,0,12.1381097125488,2.86432537348892,7.59719810714026,1386,512.800917665696,0,2053.26889849828,17.3998414784584,0,0
"569",1996.16438356164,1237.55955797716,5371.0628130242,0,0,556.580945546977,7219.94472548025,0,12.1381097125488,2.86432537348892,7.59719810714026,1386,512.800917665696,0,2053.26889849828,17.3998414784584,0,0
"570",1996.20273972603,1236.54759774279,5371.40760119195,0,0,556.723701342015,7218.02818219792,0,14.9704994138036,3.5314974401122,9.37098559443007,1386,513.46808973232,0,2055.04268598557,17.388402449956,0,0
"571",1996.20273972603,1268.22759774279,5379.32760119195,0,0,556.723701342015,7218.02818219792,0,14.9704994138036,3.5314974401122,9.37098559443007,1425.6,513.46808973232,0,2055.04268598557,17.7437948564368,0,0
"572",1996.20273972603,1268.22759774279,5379.32760119195,0,0,556.723701342015,7218.02818219792,0,14.9704994138036,3.5314974401122,9.37098559443007,1425.6,513.46808973232,0,2055.04268598557,17.7437948564368,0,0
"573",1996.20273972603,1268.22759774279,5379.32760119195,0,0,556.723701342015,7218.02818219792,0,14.9704994138036,3.5314974401122,9.37098559443007,1425.6,513.46808973232,0,2055.04268598557,17.7437948564368,0,0
"574",1996.20273972603,1268.22759774279,5379.32760119195,0,0,556.723701342015,7218.02818219792,0,14.9704994138036,3.5314974401122,9.37098559443007,1425.6,513.46808973232,0,2055.04268598557,17.7437948564368,0,0
"575",1996.20273972603,1268.22759774279,5379.32760119195,0,0,556.723701342015,7218.02818219792,0,14.9704994138036,3.5314974401122,9.37098559443007,1425.6,513.46808973232,0,2055.04268598557,17.7437948564368,0,0
"576",1996.20273972603,1268.22759774279,5379.32760119195,0,0,556.723701342015,7218.02818219792,0,14.9704994138036,3.5314974401122,9.37098559443007,1425.6,513.46808973232,0,2055.04268598557,17.7437948564368,0,0
"577",1997,1245.02585461971,5388.48874403183,0,0,558.739399254149,7179.07209482551,0,73.8542091415842,17.5720977233124,46.3113750547063,1425.6,527.50869001552,0,2091.98307544585,11.2401132712472,0,0
"578",1997,1245.02585461971,5388.48874403183,0,0,558.739399254149,7179.07209482551,0,0,0,0,1425.6,527.50869001552,0,2091.98307544585,11.2401132712472,0,0
"579",1997,1245.02585461971,5388.48874403183,0,0,558.739399254149,7179.07209482551,0,0,0,0,1425.6,527.50869001552,0,2091.98307544585,11.2401132712472,0,0
"580",1997.16438356164,1241.64619953557,5390.02436037519,0,0,555.222411793407,7171.11624908833,0,12.1681138667962,1.84403874077812,11.4728331979172,1425.6,529.352728756298,0,2103.45590864377,11.1960261063487,0,0
"581",1997.16438356164,1241.64619953557,5390.02436037519,0,0,555.222411793407,7171.11624908833,0,12.1681138667962,1.84403874077812,11.4728331979172,1425.6,529.352728756298,0,2103.45590864377,11.1960261063487,0,0
"582",1997.16438356164,1241.64619953557,5390.02436037519,0,0,555.222411793407,7171.11624908833,0,12.1681138667962,1.84403874077812,11.4728331979172,1425.6,529.352728756298,0,2103.45590864377,11.1960261063487,0,0
"583",1997.16438356164,1241.64619953557,5390.02436037519,0,0,555.222411793407,7171.11624908833,0,12.1681138667962,1.84403874077812,11.4728331979172,1425.6,529.352728756298,0,2103.45590864377,11.1960261063487,0,0
"584",1997.16438356164,1241.64619953557,5390.02436037519,0,0,555.222411793407,7171.11624908833,0,12.1681138667962,1.84403874077812,11.4728331979172,1425.6,529.352728756298,0,2103.45590864377,11.1960261063487,0,0
"585",1997.16438356164,1241.64619953557,5390.02436037519,0,0,555.222411793407,7171.11624908833,0,12.1681138667962,1.84403874077812,11.4728331979172,1425.6,529.352728756298,0,2103.45590864377,11.1960261063487,0,0
"586",1997.20273972603,1240.8718961773,5390.3694189824,0,0,554.433016513337,7169.23814652306,0,15.0053527041072,2.27328349183841,14.1403310432614,1425.6,529.781973507358,0,2106.12340648911,11.1860206312361,0,0
"587",1997.20273972603,1272.5518961773,5398.2894189824,0,0,554.433016513337,7169.23814652306,0,15.0053527041072,2.27328349183841,14.1403310432614,1465.2,529.781973507358,0,2106.12340648911,11.3689573039063,0,0
"588",1997.20273972603,1272.5518961773,5398.2894189824,0,0,554.433016513337,7169.23814652306,0,15.0053527041072,2.27328349183841,14.1403310432614,1465.2,529.781973507358,0,2106.12340648911,11.3689573039063,0,0
"589",1997.20273972603,1272.5518961773,5398.2894189824,0,0,554.433016513337,7169.23814652306,0,15.0053527041072,2.27328349183841,14.1403310432614,1465.2,529.781973507358,0,2106.12340648911,11.3689573039063,0,0
"590",1997.20273972603,1272.5518961773,5398.2894189824,0,0,554.433016513337,7169.23814652306,0,15.0053527041072,2.27328349183841,14.1403310432614,1465.2,529.781973507358,0,2106.12340648911,11.3689573039063,0,0
"591",1997.20273972603,1272.5518961773,5398.2894189824,0,0,554.433016513337,7169.23814652306,0,15.0053527041072,2.27328349183841,14.1403310432614,1465.2,529.781973507358,0,2106.12340648911,11.3689573039063,0,0
"592",1997.20273972603,1272.5518961773,5398.2894189824,0,0,554.433016513337,7169.23814652306,0,15.0053527041072,2.27328349183841,14.1403310432614,1465.2,529.781973507358,0,2106.12340648911,11.3689573039063,0,0
"593",1998,1254.10116280418,5407.76255662584,0,0,540.317408526853,7128.63077123121,0,73.8244505184369,11.250879221515,68.8633143215925,1465.2,538.759569237034,0,2160.84638976744,20.7474164618244,0,0
"594",1998,1254.10116280418,5407.76255662584,0,0,540.317408526853,7128.63077123121,0,0,0,0,1465.2,538.759569237034,0,2160.84638976744,20.7474164618244,0,0
"595",1998,1254.10116280418,5407.76255662584,0,0,540.317408526853,7128.63077123121,0,0,0,0,1465.2,538.759569237034,0,2160.84638976744,20.7474164618244,0,0
"596",1998.16438356164,1249.06028254887,5409.39817175539,0,0,541.125123922665,7120.03922039213,0,16.8439590844967,3.40526512575902,7.78383544326926,1465.2,542.164834362793,0,2168.63022521071,20.683588679757,0,0
"597",1998.16438356164,1249.06028254887,5409.39817175539,0,0,541.125123922665,7120.03922039213,0,16.8439590844967,3.40526512575902,7.78383544326926,1465.2,542.164834362793,0,2168.63022521071,20.683588679757,0,0
"598",1998.16438356164,1249.06028254887,5409.39817175539,0,0,541.125123922665,7120.03922039213,0,16.8439590844967,3.40526512575902,7.78383544326926,1465.2,542.164834362793,0,2168.63022521071,20.683588679757,0,0
"599",1998.16438356164,1249.06028254887,5409.39817175539,0,0,541.125123922665,7120.03922039213,0,16.8439590844967,3.40526512575902,7.78383544326926,1465.2,542.164834362793,0,2168.63022521071,20.683588679757,0,0
"600",1998.16438356164,1249.06028254887,5409.39817175539,0,0,541.125123922665,7120.03922039213,0,16.8439590844967,3.40526512575902,7.78383544326926,1465.2,542.164834362793,0,2168.63022521071,20.683588679757,0,0
"601",1998.16438356164,1249.06028254887,5409.39817175539,0,0,541.125123922665,7120.03922039213,0,16.8439590844967,3.40526512575902,7.78383544326926,1465.2,542.164834362793,0,2168.63022521071,20.683588679757,0,0
"602",1998.20273972603,1247.90482503754,5409.76056699987,0,0,541.299101671344,7118.04760728865,0,20.7745750346915,4.19832739259952,9.60147079807189,1465.2,542.957896629634,0,2170.44786056551,20.6689295704555,0,0
"603",1998.20273972603,1279.58482503754,5417.68056699987,0,0,541.299101671344,7118.04760728865,0,20.7745750346915,4.19832739259952,9.60147079807189,1504.8,542.957896629634,0,2170.44786056551,21.06697639213,0,0
"604",1998.20273972603,1279.58482503754,5417.68056699987,0,0,541.299101671344,7118.04760728865,0,20.7745750346915,4.19832739259952,9.60147079807189,1504.8,542.957896629634,0,2170.44786056551,21.06697639213,0,0
"605",1998.20273972603,1279.58482503754,5417.68056699987,0,0,541.299101671344,7118.04760728865,0,20.7745750346915,4.19832739259952,9.60147079807189,1504.8,542.957896629634,0,2170.44786056551,21.06697639213,0,0
"606",1998.20273972603,1279.58482503754,5417.68056699987,0,0,541.299101671344,7118.04760728865,0,20.7745750346915,4.19832739259952,9.60147079807189,1504.8,542.957896629634,0,2170.44786056551,21.06697639213,0,0
"607",1998.20273972603,1279.58482503754,5417.68056699987,0,0,541.299101671344,7118.04760728865,0,20.7745750346915,4.19832739259952,9.60147079807189,1504.8,542.957896629634,0,2170.44786056551,21.06697639213,0,0
"608",1998.20273972603,1279.58482503754,5417.68056699987,0,0,541.299101671344,7118.04760728865,0,20.7745750346915,4.19832739259952,9.60147079807189,1504.8,542.957896629634,0,2170.44786056551,21.06697639213,0,0
"609",1999,1253.57999562525,5427.02230109391,0,0,543.841069873891,7077.63268038038,0,102.498238105266,20.8614227108595,47.4744295037929,1504.8,559.620991947894,0,2208.32081927123,17.6674285140139,0,0
"610",1999,1253.57999562525,5427.02230109391,0,0,543.841069873891,7077.63268038038,0,0,0,0,1504.8,559.620991947894,0,2208.32081927123,17.6674285140139,0,0
"611",1999,1253.57999562525,5427.02230109391,0,0,543.841069873891,7077.63268038038,0,0,0,0,1504.8,559.620991947894,0,2208.32081927123,17.6674285140139,0,0
"612",1999.16438356164,1249.1548244409,5428.54740240336,0,0,544.487404676728,7069.51306269344,0,12.3867469781333,2.90006987490002,7.4732828841088,1504.8,562.521061822794,0,2215.79410215534,17.6169844093411,0,0
"613",1999.16438356164,1249.1548244409,5428.54740240336,0,0,544.487404676728,7069.51306269344,0,12.3867469781333,2.90006987490002,7.4732828841088,1504.8,562.521061822794,0,2215.79410215534,17.6169844093411,0,0
"614",1999.16438356164,1249.1548244409,5428.54740240336,0,0,544.487404676728,7069.51306269344,0,12.3867469781333,2.90006987490002,7.4732828841088,1504.8,562.521061822794,0,2215.79410215534,17.6169844093411,0,0
"615",1999.16438356164,1249.1548244409,5428.54740240336,0,0,544.487404676728,7069.51306269344,0,12.3867469781333,2.90006987490002,7.4732828841088,1504.8,562.521061822794,0,2215.79410215534,17.6169844093411,0,0
"616",1999.16438356164,1249.1548244409,5428.54740240336,0,0,544.487404676728,7069.51306269344,0,12.3867469781333,2.90006987490002,7.4732828841088,1504.8,562.521061822794,0,2215.79410215534,17.6169844093411,0,0
"617",1999.16438356164,1249.1548244409,5428.54740240336,0,0,544.487404676728,7069.51306269344,0,12.3867469781333,2.90006987490002,7.4732828841088,1504.8,562.521061822794,0,2215.79410215534,17.6169844093411,0,0
"618",1999.20273972603,1248.14043643376,5428.88629224457,0,0,544.62569323666,7067.62991844055,0,15.2771672242538,3.57556804083266,9.21813857706584,1504.8,563.196559988726,0,2217.5389578483,17.6054060258936,0,0
"619",1999.20273972603,1279.82043643376,5436.80629224457,0,0,544.62569323666,7067.62991844055,0,15.2771672242538,3.57556804083266,9.21813857706584,1544.4,563.196559988726,0,2217.5389578483,17.9643633082387,0,0
"620",1999.20273972603,1279.82043643376,5436.80629224457,0,0,544.62569323666,7067.62991844055,0,15.2771672242538,3.57556804083266,9.21813857706584,1544.4,563.196559988726,0,2217.5389578483,17.9643633082387,0,0
"621",1999.20273972603,1279.82043643376,5436.80629224457,0,0,544.62569323666,7067.62991844055,0,15.2771672242538,3.57556804083266,9.21813857706584,1544.4,563.196559988726,0,2217.5389578483,17.9643633082387,0,0
"622",1999.20273972603,1279.82043643376,5436.80629224457,0,0,544.62569323666,7067.62991844055,0,15.2771672242538,3.57556804083266,9.21813857706584,1544.4,563.196559988726,0,2217.5389578483,17.9643633082387,0,0
"623",1999.20273972603,1279.82043643376,5436.80629224457,0,0,544.62569323666,7067.62991844055,0,15.2771672242538,3.57556804083266,9.21813857706584,1544.4,563.196559988726,0,2217.5389578483,17.9643633082387,0,0
"624",1999.20273972603,1279.82043643376,5436.80629224457,0,0,544.62569323666,7067.62991844055,0,15.2771672242538,3.57556804083266,9.21813857706584,1544.4,563.196559988726,0,2217.5389578483,17.9643633082387,0,0
"625",2000,1256.56828437251,5445.8433021303,0,0,546.570567654388,7029.34737903495,0,75.3680213302747,17.7907102163505,45.5558035649377,1544.4,577.411702164243,0,2253.87662283617,11.2202799758892,0,0
"626",2000,1256.56828437251,5445.8433021303,0,0,546.570567654388,7029.34737903495,0,0,0,0,1544.4,577.411702164243,0,2253.87662283617,11.2202799758892,0,0
"627",2000,1256.56828437251,5445.8433021303,0,0,546.570567654388,7029.34737903495,0,0,0,0,1544.4,577.411702164243,0,2253.87662283617,11.2202799758892,0,0
"628",2000.16438356164,1253.21735360776,5447.35347715954,0,0,543.151503288634,7021.52918727206,0,12.0727848291305,1.84075573551585,11.2372561286443,1544.4,579.252457899759,0,2265.11387896482,11.1759235681709,0,0
"629",2000.16438356164,1253.21735360776,5447.35347715954,0,0,543.151503288634,7021.52918727206,0,12.0727848291305,1.84075573551585,11.2372561286443,1544.4,579.252457899759,0,2265.11387896482,11.1759235681709,0,0
"630",2000.16438356164,1253.21735360776,5447.35347715954,0,0,543.151503288634,7021.52918727206,0,12.0727848291305,1.84075573551585,11.2372561286443,1544.4,579.252457899759,0,2265.11387896482,11.1759235681709,0,0
"631",2000.16438356164,1253.21735360776,5447.35347715954,0,0,543.151503288634,7021.52918727206,0,12.0727848291305,1.84075573551585,11.2372561286443,1544.4,579.252457899759,0,2265.11387896482,11.1759235681709,0,0
"632",2000.16438356164,1253.21735360776,5447.35347715954,0,0,543.151503288634,7021.52918727206,0,12.0727848291305,1.84075573551585,11.2372561286443,1544.4,579.252457899759,0,2265.11387896482,11.1759235681709,0,0
"633",2000.16438356164,1253.21735360776,5447.35347715954,0,0,543.151503288634,7021.52918727206,0,12.0727848291305,1.84075573551585,11.2372561286443,1544.4,579.252457899759,0,2265.11387896482,11.1759235681709,0,0
"634",2000.20273972603,1252.44963625775,5447.69272190023,0,0,542.384063372166,7019.68387501612,0,14.8877556470692,2.26922834483494,13.85000830105,1544.4,579.680930509078,0,2267.72663113722,11.1658613805393,0,0
"635",2000.20273972603,1284.12963625775,5455.61272190023,0,0,542.384063372166,7019.68387501612,0,14.8877556470692,2.26922834483494,13.85000830105,1584,579.680930509078,0,2267.72663113722,11.3406593645466,0,0
"636",2000.20273972603,1284.12963625775,5455.61272190023,0,0,542.384063372166,7019.68387501612,0,14.8877556470692,2.26922834483494,13.85000830105,1584,579.680930509078,0,2267.72663113722,11.3406593645466,0,0
"637",2000.20273972603,1284.12963625775,5455.61272190023,0,0,542.384063372166,7019.68387501612,0,14.8877556470692,2.26922834483494,13.85000830105,1584,579.680930509078,0,2267.72663113722,11.3406593645466,0,0
"638",2000.20273972603,1284.12963625775,5455.61272190023,0,0,542.384063372166,7019.68387501612,0,14.8877556470692,2.26922834483494,13.85000830105,1584,579.680930509078,0,2267.72663113722,11.3406593645466,0,0
"639",2000.20273972603,1284.12963625775,5455.61272190023,0,0,542.384063372166,7019.68387501612,0,14.8877556470692,2.26922834483494,13.85000830105,1584,579.680930509078,0,2267.72663113722,11.3406593645466,0,0
"640",2000.20273972603,1284.12963625775,5455.61272190023,0,0,542.384063372166,7019.68387501612,0,14.8877556470692,2.26922834483494,13.85000830105,1584,579.680930509078,0,2267.72663113722,11.3406593645466,0,0
"641",2001,1265.81206494641,5464.97526532372,0,0,528.658903028278,6979.80710465818,0,73.2421393285239,11.224256232678,67.4519390028771,1584,588.635958396921,0,2321.32856183905,21.0059168205552,0,0
"642",2001,1265.81206494641,5464.97526532372,0,0,528.658903028278,6979.80710465818,0,0,0,0,1584,588.635958396921,0,2321.32856183905,21.0059168205552,0,0
"643",2001,1265.81206494641,5464.97526532372,0,0,528.658903028278,6979.80710465818,0,0,0,0,1584,588.635958396921,0,2321.32856183905,21.0059168205552,0,0
"644",2001.16438356164,1260.74986472273,5466.58978526267,0,0,529.435153444789,6971.37325969104,0,17.1377121892125,3.44768028473584,7.65759455062257,1584,592.083638681657,0,2328.98615638967,20.941144477918,0,0
"645",2001.16438356164,1260.74986472273,5466.58978526267,0,0,529.435153444789,6971.37325969104,0,17.1377121892125,3.44768028473584,7.65759455062257,1584,592.083638681657,0,2328.98615638967,20.941144477918,0,0
"646",2001.16438356164,1260.74986472273,5466.58978526267,0,0,529.435153444789,6971.37325969104,0,17.1377121892125,3.44768028473584,7.65759455062257,1584,592.083638681657,0,2328.98615638967,20.941144477918,0,0
"647",2001.16438356164,1260.74986472273,5466.58978526267,0,0,529.435153444789,6971.37325969104,0,17.1377121892125,3.44768028473584,7.65759455062257,1584,592.083638681657,0,2328.98615638967,20.941144477918,0,0
"648",2001.16438356164,1260.74986472273,5466.58978526267,0,0,529.435153444789,6971.37325969104,0,17.1377121892125,3.44768028473584,7.65759455062257,1584,592.083638681657,0,2328.98615638967,20.941144477918,0,0
"649",2001.16438356164,1260.74986472273,5466.58978526267,0,0,529.435153444789,6971.37325969104,0,17.1377121892125,3.44768028473584,7.65759455062257,1584,592.083638681657,0,2328.98615638967,20.941144477918,0,0
"650",2001.20273972603,1259.58951411742,5466.94719888993,0,0,529.602195830944,6969.41807199134,0,21.1368990582806,4.25061726278037,9.44573986417291,1584,592.886575659701,0,2330.77430170322,20.9262691968047,0,0
"651",2001.20273972603,1291.26951411742,5474.86719888993,0,0,529.602195830944,6969.41807199134,0,21.1368990582806,4.25061726278037,9.44573986417291,1623.6,592.886575659701,0,2330.77430170322,21.3286121420561,0,0
"652",2001.20273972603,1291.26951411742,5474.86719888993,0,0,529.602195830944,6969.41807199134,0,21.1368990582806,4.25061726278037,9.44573986417291,1623.6,592.886575659701,0,2330.77430170322,21.3286121420561,0,0
"653",2001.20273972603,1291.26951411742,5474.86719888993,0,0,529.602195830944,6969.41807199134,0,21.1368990582806,4.25061726278037,9.44573986417291,1623.6,592.886575659701,0,2330.77430170322,21.3286121420561,0,0
"654",2001.20273972603,1291.26951411742,5474.86719888993,0,0,529.602195830944,6969.41807199134,0,21.1368990582806,4.25061726278037,9.44573986417291,1623.6,592.886575659701,0,2330.77430170322,21.3286121420561,0,0
"655",2001.20273972603,1291.26951411742,5474.86719888993,0,0,529.602195830944,6969.41807199134,0,21.1368990582806,4.25061726278037,9.44573986417291,1623.6,592.886575659701,0,2330.77430170322,21.3286121420561,0,0
"656",2001.20273972603,1291.26951411742,5474.86719888993,0,0,529.602195830944,6969.41807199134,0,21.1368990582806,4.25061726278037,9.44573986417291,1623.6,592.886575659701,0,2330.77430170322,21.3286121420561,0,0
"657",2002,1265.16644673469,5484.10049817221,0,0,532.030508221591,6929.7322704727,0,104.288006724809,21.120385363226,46.7032289921635,1623.6,609.756343760147,0,2368.03179083121,17.8828080952271,0,0
"658",2002,1265.16644673469,5484.10049817221,0,0,532.030508221591,6929.7322704727,0,0,0,0,1623.6,609.756343760147,0,2368.03179083121,17.8828080952271,0,0
"659",2002,1265.16644673469,5484.10049817221,0,0,532.030508221591,6929.7322704727,0,0,0,0,1623.6,609.756343760147,0,2368.03179083121,17.8828080952271,0,0
"660",2002.16438356164,1260.72926501614,5485.60225504965,0,0,532.65746712426,6921.75711925166,0,12.629942444724,2.93542484112022,7.34819231837006,1623.6,612.691768601268,0,2375.37998314958,17.831760070556,0,0
"661",2002.16438356164,1260.72926501614,5485.60225504965,0,0,532.65746712426,6921.75711925166,0,12.629942444724,2.93542484112022,7.34819231837006,1623.6,612.691768601268,0,2375.37998314958,17.831760070556,0,0
"662",2002.16438356164,1260.72926501614,5485.60225504965,0,0,532.65746712426,6921.75711925166,0,12.629942444724,2.93542484112022,7.34819231837006,1623.6,612.691768601268,0,2375.37998314958,17.831760070556,0,0
"663",2002.16438356164,1260.72926501614,5485.60225504965,0,0,532.65746712426,6921.75711925166,0,12.629942444724,2.93542484112022,7.34819231837006,1623.6,612.691768601268,0,2375.37998314958,17.831760070556,0,0
"664",2002.16438356164,1260.72926501614,5485.60225504965,0,0,532.65746712426,6921.75711925166,0,12.629942444724,2.93542484112022,7.34819231837006,1623.6,612.691768601268,0,2375.37998314958,17.831760070556,0,0
"665",2002.16438356164,1260.72926501614,5485.60225504965,0,0,532.65746712426,6921.75711925166,0,12.629942444724,2.93542484112022,7.34819231837006,1623.6,612.691768601268,0,2375.37998314958,17.831760070556,0,0
"666",2002.20273972603,1259.71211324336,5485.93567333555,0,0,532.791519203125,6919.90741767666,0,15.5771242363654,3.61915832800084,9.06384181450879,1623.6,613.375502088148,0,2377.09563264572,17.8200434237492,0,0
"667",2002.20273972603,1291.39211324336,5493.85567333555,0,0,532.791519203125,6919.90741767666,0,15.5771242363654,3.61915832800084,9.06384181450879,1663.2,613.375502088148,0,2377.09563264572,18.1823908355388,0,0
"668",2002.20273972603,1291.39211324336,5493.85567333555,0,0,532.791519203125,6919.90741767666,0,15.5771242363654,3.61915832800084,9.06384181450879,1663.2,613.375502088148,0,2377.09563264572,18.1823908355388,0,0
"669",2002.20273972603,1291.39211324336,5493.85567333555,0,0,532.791519203125,6919.90741767666,0,15.5771242363654,3.61915832800084,9.06384181450879,1663.2,613.375502088148,0,2377.09563264572,18.1823908355388,0,0
"670",2002.20273972603,1291.39211324336,5493.85567333555,0,0,532.791519203125,6919.90741767666,0,15.5771242363654,3.61915832800084,9.06384181450879,1663.2,613.375502088148,0,2377.09563264572,18.1823908355388,0,0
"671",2002.20273972603,1291.39211324336,5493.85567333555,0,0,532.791519203125,6919.90741767666,0,15.5771242363654,3.61915832800084,9.06384181450879,1663.2,613.375502088148,0,2377.09563264572,18.1823908355388,0,0
"672",2002.20273972603,1291.39211324336,5493.85567333555,0,0,532.791519203125,6919.90741767666,0,15.5771242363654,3.61915832800084,9.06384181450879,1663.2,613.375502088148,0,2377.09563264572,18.1823908355388,0,0
"673",2003,1268.08322178838,5502.77688822667,0,0,534.669747257541,6882.29994373475,0,76.8487898082127,18.0068348918593,44.7930877019977,1663.2,627.763178652007,0,2412.82487853321,11.1922238303094,0,0
"674",2003,1268.08322178838,5502.77688822667,0,0,534.669747257541,6882.29994373475,0,0,0,0,1663.2,627.763178652007,0,2412.82487853321,11.1922238303094,0,0
"675",2003,1268.08322178838,5502.77688822667,0,0,534.669747257541,6882.29994373475,0,0,0,0,1663.2,627.763178652007,0,2412.82487853321,11.1922238303094,0,0
"676",2003.16438356164,1264.76075792449,5504.26323403031,0,0,531.344031419995,6874.61969508282,0,11.9769984006119,1.83611806024775,11.0059644894719,1663.2,629.599296712255,0,2423.83084302268,11.147562434519,0,0
"677",2003.16438356164,1264.76075792449,5504.26323403031,0,0,531.344031419995,6874.61969508282,0,11.9769984006119,1.83611806024775,11.0059644894719,1663.2,629.599296712255,0,2423.83084302268,11.147562434519,0,0
"678",2003.16438356164,1264.76075792449,5504.26323403031,0,0,531.344031419995,6874.61969508282,0,11.9769984006119,1.83611806024775,11.0059644894719,1663.2,629.599296712255,0,2423.83084302268,11.147562434519,0,0
"679",2003.16438356164,1264.76075792449,5504.26323403031,0,0,531.344031419995,6874.61969508282,0,11.9769984006119,1.83611806024775,11.0059644894719,1663.2,629.599296712255,0,2423.83084302268,11.147562434519,0,0
"680",2003.16438356164,1264.76075792449,5504.26323403031,0,0,531.344031419995,6874.61969508282,0,11.9769984006119,1.83611806024775,11.0059644894719,1663.2,629.599296712255,0,2423.83084302268,11.147562434519,0,0
"681",2003.16438356164,1264.76075792449,5504.26323403031,0,0,531.344031419995,6874.61969508282,0,11.9769984006119,1.83611806024775,11.0059644894719,1663.2,629.599296712255,0,2423.83084302268,11.147562434519,0,0
"682",2003.20273972603,1263.99956952746,5504.59703888188,0,0,530.597525350648,6872.80720401268,0,14.7695935387162,2.2635016057112,13.5649616289617,1663.2,630.026680257718,0,2426.38984016217,11.1374355063506,0,0
"683",2003.20273972603,1295.67956952746,5512.51703888188,0,0,530.597525350648,6872.80720401268,0,14.7695935387162,2.2635016057112,13.5649616289617,1702.8,630.026680257718,0,2426.38984016217,11.3038553767641,0,0
"684",2003.20273972603,1295.67956952746,5512.51703888188,0,0,530.597525350648,6872.80720401268,0,14.7695935387162,2.2635016057112,13.5649616289617,1702.8,630.026680257718,0,2426.38984016217,11.3038553767641,0,0
"685",2003.20273972603,1295.67956952746,5512.51703888188,0,0,530.597525350648,6872.80720401268,0,14.7695935387162,2.2635016057112,13.5649616289617,1702.8,630.026680257718,0,2426.38984016217,11.3038553767641,0,0
"686",2003.20273972603,1295.67956952746,5512.51703888188,0,0,530.597525350648,6872.80720401268,0,14.7695935387162,2.2635016057112,13.5649616289617,1702.8,630.026680257718,0,2426.38984016217,11.3038553767641,0,0
"687",2003.20273972603,1295.67956952746,5512.51703888188,0,0,530.597525350648,6872.80720401268,0,14.7695935387162,2.2635016057112,13.5649616289617,1702.8,630.026680257718,0,2426.38984016217,11.3038553767641,0,0
"688",2003.20273972603,1295.67956952746,5512.51703888188,0,0,530.597525350648,6872.80720401268,0,14.7695935387162,2.2635016057112,13.5649616289617,1702.8,630.026680257718,0,2426.38984016217,11.3038553767641,0,0
"689",2004,1277.49440024794,5521.77659954451,0,0,517.244939330194,6833.65898289668,0,72.6568986930489,11.1891102225973,66.0657687654154,1702.8,638.952288874604,0,2478.89064729862,21.2131972332796,0,0
"690",2004,1277.49440024794,5521.77659954451,0,0,517.244939330194,6833.65898289668,0,0,0,0,1702.8,638.952288874604,0,2478.89064729862,21.2131972332796,0,0
"691",2004,1277.49440024794,5521.77659954451,0,0,517.244939330194,6833.65898289668,0,0,0,0,1702.8,638.952288874604,0,2478.89064729862,21.2131972332796,0,0
"692",2004.16438356164,1272.4173594503,5523.37164289019,0,0,517.991907746135,6825.38201666216,0,17.4228282240636,3.48199745196692,7.52999781857398,1702.8,642.434286326571,0,2486.4206451172,21.1512526269006,0,0
"693",2004.16438356164,1272.4173594503,5523.37164289019,0,0,517.991907746135,6825.38201666216,0,17.4228282240636,3.48199745196692,7.52999781857398,1702.8,642.434286326571,0,2486.4206451172,21.1512526269006,0,0
"694",2004.16438356164,1272.4173594503,5523.37164289019,0,0,517.991907746135,6825.38201666216,0,17.4228282240636,3.48199745196692,7.52999781857398,1702.8,642.434286326571,0,2486.4206451172,21.1512526269006,0,0
"695",2004.16438356164,1272.4173594503,5523.37164289019,0,0,517.991907746135,6825.38201666216,0,17.4228282240636,3.48199745196692,7.52999781857398,1702.8,642.434286326571,0,2486.4206451172,21.1512526269006,0,0
"696",2004.16438356164,1272.4173594503,5523.37164289019,0,0,517.991907746135,6825.38201666216,0,17.4228282240636,3.48199745196692,7.52999781857398,1702.8,642.434286326571,0,2486.4206451172,21.1512526269006,0,0
"697",2004.16438356164,1272.4173594503,5523.37164289019,0,0,517.991907746135,6825.38201666216,0,17.4228282240636,3.48199745196692,7.52999781857398,1702.8,642.434286326571,0,2486.4206451172,21.1512526269006,0,0
"698",2004.20273972603,1271.25352218632,5523.72447384427,0,0,518.152505006774,6823.46307939264,0,21.4885718747777,4.29300376186528,9.28833782746236,1702.8,643.245292636469,0,2488.17898512608,21.1369258352659,0,0
"699",2004.20273972603,1302.93352218632,5531.64447384427,0,0,518.152505006774,6823.46307939264,0,21.4885718747777,4.29300376186528,9.28833782746236,1742.4,643.245292636469,0,2488.17898512608,21.5590418915314,0,0
"700",2004.20273972603,1302.93352218632,5531.64447384427,0,0,518.152505006774,6823.46307939264,0,21.4885718747777,4.29300376186528,9.28833782746236,1742.4,643.245292636469,0,2488.17898512608,21.5590418915314,0,0
"701",2004.20273972603,1302.93352218632,5531.64447384427,0,0,518.152505006774,6823.46307939264,0,21.4885718747777,4.29300376186528,9.28833782746236,1742.4,643.245292636469,0,2488.17898512608,21.5590418915314,0,0
"702",2004.20273972603,1302.93352218632,5531.64447384427,0,0,518.152505006774,6823.46307939264,0,21.4885718747777,4.29300376186528,9.28833782746236,1742.4,643.245292636469,0,2488.17898512608,21.5590418915314,0,0
"703",2004.20273972603,1302.93352218632,5531.64447384427,0,0,518.152505006774,6823.46307939264,0,21.4885718747777,4.29300376186528,9.28833782746236,1742.4,643.245292636469,0,2488.17898512608,21.5590418915314,0,0
"704",2004.20273972603,1302.93352218632,5531.64447384427,0,0,518.152505006774,6823.46307939264,0,21.4885718747777,4.29300376186528,9.28833782746236,1742.4,643.245292636469,0,2488.17898512608,21.5590418915314,0,0
"705",2005,1276.74476019232,5540.77841348262,0,0,520.475922573484,6784.50412249131,0,106.024950284378,21.3478261175106,45.9238771620814,1742.4,660.300114992115,0,2524.8145244607,18.057840104932,0,0
"706",2005,1276.74476019232,5540.77841348262,0,0,520.475922573484,6784.50412249131,0,0,0,0,1742.4,660.300114992115,0,2524.8145244607,18.057840104932,0,0
"707",2005,1276.74476019232,5540.77841348262,0,0,520.475922573484,6784.50412249131,0,0,0,0,1742.4,660.300114992115,0,2524.8145244607,18.057840104932,0,0
"708",2005.16438356164,1272.29993152553,5542.25886606741,0,0,521.084514969827,6776.67323723557,0,12.8674530206859,2.96437608200184,7.22229285940145,1742.4,663.264491074117,0,2532.03681732011,18.0088802877111,0,0
"709",2005.16438356164,1272.29993152553,5542.25886606741,0,0,521.084514969827,6776.67323723557,0,12.8674530206859,2.96437608200184,7.22229285940145,1742.4,663.264491074117,0,2532.03681732011,18.0088802877111,0,0
"710",2005.16438356164,1272.29993152553,5542.25886606741,0,0,521.084514969827,6776.67323723557,0,12.8674530206859,2.96437608200184,7.22229285940145,1742.4,663.264491074117,0,2532.03681732011,18.0088802877111,0,0
"711",2005.16438356164,1272.29993152553,5542.25886606741,0,0,521.084514969827,6776.67323723557,0,12.8674530206859,2.96437608200184,7.22229285940145,1742.4,663.264491074117,0,2532.03681732011,18.0088802877111,0,0
"712",2005.16438356164,1272.29993152553,5542.25886606741,0,0,521.084514969827,6776.67323723557,0,12.8674530206859,2.96437608200184,7.22229285940145,1742.4,663.264491074117,0,2532.03681732011,18.0088802877111,0,0
"713",2005.16438356164,1272.29993152553,5542.25886606741,0,0,521.084514969827,6776.67323723557,0,12.8674530206859,2.96437608200184,7.22229285940145,1742.4,663.264491074117,0,2532.03681732011,18.0088802877111,0,0
"714",2005.20273972603,1271.2809601913,5542.58730238876,0,0,521.214557850538,6774.85693974931,0,15.8700707088162,3.6549110948877,8.90854746494909,1742.4,663.955026087003,0,2533.72307192565,17.9975793993064,0,0
"715",2005.20273972603,1302.9609601913,5550.50730238876,0,0,521.214557850538,6774.85693974931,0,15.8700707088162,3.6549110948877,8.90854746494909,1782,663.955026087003,0,2533.72307192565,18.3701158484529,0,0
"716",2005.20273972603,1302.9609601913,5550.50730238876,0,0,521.214557850538,6774.85693974931,0,15.8700707088162,3.6549110948877,8.90854746494909,1782,663.955026087003,0,2533.72307192565,18.3701158484529,0,0
"717",2005.20273972603,1302.9609601913,5550.50730238876,0,0,521.214557850538,6774.85693974931,0,15.8700707088162,3.6549110948877,8.90854746494909,1782,663.955026087003,0,2533.72307192565,18.3701158484529,0,0
"718",2005.20273972603,1302.9609601913,5550.50730238876,0,0,521.214557850538,6774.85693974931,0,15.8700707088162,3.6549110948877,8.90854746494909,1782,663.955026087003,0,2533.72307192565,18.3701158484529,0,0
"719",2005.20273972603,1302.9609601913,5550.50730238876,0,0,521.214557850538,6774.85693974931,0,15.8700707088162,3.6549110948877,8.90854746494909,1782,663.955026087003,0,2533.72307192565,18.3701158484529,0,0
"720",2005.20273972603,1302.9609601913,5550.50730238876,0,0,521.214557850538,6774.85693974931,0,15.8700707088162,3.6549110948877,8.90854746494909,1782,663.955026087003,0,2533.72307192565,18.3701158484529,0,0
"721",2006,1279.60584948503,5559.32349642202,0,0,523.030226148016,6737.92435224528,0,78.2950438445055,18.1938277678852,44.0254666715007,1782,678.493942760001,0,2568.83999113221,11.1558813832729,0,0
"722",2006,1279.60584948503,5559.32349642202,0,0,523.030226148016,6737.92435224528,0,0,0,0,1782,678.493942760001,0,2568.83999113221,11.1558813832729,0,0
"723",2006,1279.60584948503,5559.32349642202,0,0,523.030226148016,6737.92435224528,0,0,0,0,1782,678.493942760001,0,2568.83999113221,11.1558813832729,0,0
"724",2006.16438356164,1276.31092355422,5560.78830757921,0,0,519.793689513638,6730.38200019983,0,11.8807547332797,1.83011477363513,10.7788886798273,1782,680.324057533636,0,2579.61887981203,11.110873093445,0,0
"725",2006.16438356164,1276.31092355422,5560.78830757921,0,0,519.793689513638,6730.38200019983,0,11.8807547332797,1.83011477363513,10.7788886798273,1782,680.324057533636,0,2579.61887981203,11.110873093445,0,0
"726",2006.16438356164,1276.31092355422,5560.78830757921,0,0,519.793689513638,6730.38200019983,0,11.8807547332797,1.83011477363513,10.7788886798273,1782,680.324057533636,0,2579.61887981203,11.110873093445,0,0
"727",2006.16438356164,1276.31092355422,5560.78830757921,0,0,519.793689513638,6730.38200019983,0,11.8807547332797,1.83011477363513,10.7788886798273,1782,680.324057533636,0,2579.61887981203,11.110873093445,0,0
"728",2006.16438356164,1276.31092355422,5560.78830757921,0,0,519.793689513638,6730.38200019983,0,11.8807547332797,1.83011477363513,10.7788886798273,1782,680.324057533636,0,2579.61887981203,11.110873093445,0,0
"729",2006.16438356164,1276.31092355422,5560.78830757921,0,0,519.793689513638,6730.38200019983,0,11.8807547332797,1.83011477363513,10.7788886798273,1782,680.324057533636,0,2579.61887981203,11.110873093445,0,0
"730",2006.20273972603,1275.55605343227,5561.11720283836,0,0,519.067185987592,6728.60228635775,0,14.650866625717,2.2560896364279,13.2851060479443,1782,680.750032396429,0,2582.12509718015,11.1006720058949,0,0
"731",2006.20273972603,1307.23605343227,5569.03720283836,0,0,519.067185987592,6728.60228635775,0,14.650866625717,2.2560896364279,13.2851060479443,1821.6,680.750032396429,0,2582.12509718015,11.2584596890934,0,0
"732",2006.20273972603,1307.23605343227,5569.03720283836,0,0,519.067185987592,6728.60228635775,0,14.650866625717,2.2560896364279,13.2851060479443,1821.6,680.750032396429,0,2582.12509718015,11.2584596890934,0,0
"733",2006.20273972603,1307.23605343227,5569.03720283836,0,0,519.067185987592,6728.60228635775,0,14.650866625717,2.2560896364279,13.2851060479443,1821.6,680.750032396429,0,2582.12509718015,11.2584596890934,0,0
"734",2006.20273972603,1307.23605343227,5569.03720283836,0,0,519.067185987592,6728.60228635775,0,14.650866625717,2.2560896364279,13.2851060479443,1821.6,680.750032396429,0,2582.12509718015,11.2584596890934,0,0
"735",2006.20273972603,1307.23605343227,5569.03720283836,0,0,519.067185987592,6728.60228635775,0,14.650866625717,2.2560896364279,13.2851060479443,1821.6,680.750032396429,0,2582.12509718015,11.2584596890934,0,0
"736",2006.20273972603,1307.23605343227,5569.03720283836,0,0,519.067185987592,6728.60228635775,0,14.650866625717,2.2560896364279,13.2851060479443,1821.6,680.750032396429,0,2582.12509718015,11.2584596890934,0,0
"737",2007,1289.17955531494,5578.20440712295,0,0,506.070921527943,6690.17926074482,0,72.0688461938701,11.145383469165,64.7043961205225,1821.6,689.639326229166,0,2633.54438725273,21.2734737569777,0,0
"738",2007,1289.17955531494,5578.20440712295,0,0,506.070921527943,6690.17926074482,0,0,0,0,1821.6,689.639326229166,0,2633.54438725273,21.2734737569777,0,0
"739",2007,1289.17955531494,5578.20440712295,0,0,506.070921527943,6690.17926074482,0,0,0,0,1821.6,689.639326229166,0,2633.54438725273,21.2734737569777,0,0
"740",2007.16438356164,1284.10956449517,5579.78235893379,0,0,506.790645917042,6682.05812297912,0,17.6989358572515,3.49203900892994,7.40141337660256,1821.6,693.131365238096,0,2640.94580062933,21.2131332396131,0,0
"741",2007.16438356164,1284.10956449517,5579.78235893379,0,0,506.790645917042,6682.05812297912,0,17.6989358572515,3.49203900892994,7.40141337660256,1821.6,693.131365238096,0,2640.94580062933,21.2131332396131,0,0
"742",2007.16438356164,1284.10956449517,5579.78235893379,0,0,506.790645917042,6682.05812297912,0,17.6989358572515,3.49203900892994,7.40141337660256,1821.6,693.131365238096,0,2640.94580062933,21.2131332396131,0,0
"743",2007.16438356164,1284.10956449517,5579.78235893379,0,0,506.790645917042,6682.05812297912,0,17.6989358572515,3.49203900892994,7.40141337660256,1821.6,693.131365238096,0,2640.94580062933,21.2131332396131,0,0
"744",2007.16438356164,1284.10956449517,5579.78235893379,0,0,506.790645917042,6682.05812297912,0,17.6989358572515,3.49203900892994,7.40141337660256,1821.6,693.131365238096,0,2640.94580062933,21.2131332396131,0,0
"745",2007.16438356164,1284.10956449517,5579.78235893379,0,0,506.790645917042,6682.05812297912,0,17.6989358572515,3.49203900892994,7.40141337660256,1821.6,693.131365238096,0,2640.94580062933,21.2131332396131,0,0
"746",2007.20273972603,1282.9472965752,5580.13124011752,0,0,506.945255324123,6680.17520811991,0,21.8291356563067,4.30542574516689,9.12971882873408,1821.6,693.944751974333,0,2642.67410608146,21.1991682269461,0,0
"747",2007.20273972603,1314.62729657521,5588.05124011752,0,0,506.945255324123,6680.17520811991,0,21.8291356563067,4.30542574516689,9.12971882873408,1861.2,693.944751974333,0,2642.67410608146,21.6133113723559,0,0
"748",2007.20273972603,1314.62729657521,5588.05124011752,0,0,506.945255324123,6680.17520811991,0,21.8291356563067,4.30542574516689,9.12971882873408,1861.2,693.944751974333,0,2642.67410608146,21.6133113723559,0,0
"749",2007.20273972603,1314.62729657521,5588.05124011752,0,0,506.945255324123,6680.17520811991,0,21.8291356563067,4.30542574516689,9.12971882873408,1861.2,693.944751974333,0,2642.67410608146,21.6133113723559,0,0
"750",2007.20273972603,1314.62729657521,5588.05124011752,0,0,506.945255324123,6680.17520811991,0,21.8291356563067,4.30542574516689,9.12971882873408,1861.2,693.944751974333,0,2642.67410608146,21.6133113723559,0,0
"751",2007.20273972603,1314.62729657521,5588.05124011752,0,0,506.945255324123,6680.17520811991,0,21.8291356563067,4.30542574516689,9.12971882873408,1861.2,693.944751974333,0,2642.67410608146,21.6133113723559,0,0
"752",2007.20273972603,1314.62729657521,5588.05124011752,0,0,506.945255324123,6680.17520811991,0,21.8291356563067,4.30542574516689,9.12971882873408,1861.2,693.944751974333,0,2642.67410608146,21.6133113723559,0,0
"753",2008,1288.4708947903,5597.10636471702,0,0,509.171885417028,6641.93964370195,0,107.707205920567,21.4067029305694,45.1386531537923,1861.2,711.046029159736,0,2678.68304040652,18.1264591570762,0,0
"754",2008,1288.4708947903,5597.10636471702,0,0,509.171885417028,6641.93964370195,0,0,0,0,1861.2,711.046029159736,0,2678.68304040652,18.1264591570762,0,0
"755",2008,1288.4708947903,5597.10636471702,0,0,509.171885417028,6641.93964370195,0,0,0,0,1861.2,711.046029159736,0,2678.68304040652,18.1264591570762,0,0
"756",2008.16438356164,1284.03026126704,5598.57125659344,0,0,509.763047646685,6634.25256404156,0,13.0990274264841,2.97574164684059,7.09591743072717,1861.2,714.021770806577,0,2685.77895783725,18.0785322233612,0,0
"757",2008.16438356164,1284.03026126704,5598.57125659344,0,0,509.763047646685,6634.25256404156,0,13.0990274264841,2.97574164684059,7.09591743072717,1861.2,714.021770806577,0,2685.77895783725,18.0785322233612,0,0
"758",2008.16438356164,1284.03026126704,5598.57125659344,0,0,509.763047646685,6634.25256404156,0,13.0990274264841,2.97574164684059,7.09591743072717,1861.2,714.021770806577,0,2685.77895783725,18.0785322233612,0,0
"759",2008.16438356164,1284.03026126704,5598.57125659344,0,0,509.763047646685,6634.25256404156,0,13.0990274264841,2.97574164684059,7.09591743072717,1861.2,714.021770806577,0,2685.77895783725,18.0785322233612,0,0
"760",2008.16438356164,1284.03026126704,5598.57125659344,0,0,509.763047646685,6634.25256404156,0,13.0990274264841,2.97574164684059,7.09591743072717,1861.2,714.021770806577,0,2685.77895783725,18.0785322233612,0,0
"761",2008.16438356164,1284.03026126704,5598.57125659344,0,0,509.763047646685,6634.25256404156,0,13.0990274264841,2.97574164684059,7.09591743072717,1861.2,714.021770806577,0,2685.77895783725,18.0785322233612,0,0
"762",2008.20273972603,1283.01221779292,5598.89608902275,0,0,509.889291875117,6632.46957103757,0,16.1556967868261,3.66895269164873,8.75266620628527,1861.2,714.714981851385,0,2687.43570661281,18.0674640532595,0,0
"763",2008.20273972603,1314.69221779292,5606.81608902275,0,0,509.889291875117,6632.46957103757,0,16.1556967868261,3.66895269164873,8.75266620628527,1900.8,714.714981851385,0,2687.43570661281,18.4341846480525,0,0
"764",2008.20273972603,1314.69221779292,5606.81608902275,0,0,509.889291875117,6632.46957103757,0,16.1556967868261,3.66895269164873,8.75266620628527,1900.8,714.714981851385,0,2687.43570661281,18.4341846480525,0,0
"765",2008.20273972603,1314.69221779292,5606.81608902275,0,0,509.889291875117,6632.46957103757,0,16.1556967868261,3.66895269164873,8.75266620628527,1900.8,714.714981851385,0,2687.43570661281,18.4341846480525,0,0
"766",2008.20273972603,1314.69221779292,5606.81608902275,0,0,509.889291875117,6632.46957103757,0,16.1556967868261,3.66895269164873,8.75266620628527,1900.8,714.714981851385,0,2687.43570661281,18.4341846480525,0,0
"767",2008.20273972603,1314.69221779292,5606.81608902275,0,0,509.889291875117,6632.46957103757,0,16.1556967868261,3.66895269164873,8.75266620628527,1900.8,714.714981851385,0,2687.43570661281,18.4341846480525,0,0
"768",2008.20273972603,1314.69221779292,5606.81608902275,0,0,509.889291875117,6632.46957103757,0,16.1556967868261,3.66895269164873,8.75266620628527,1900.8,714.714981851385,0,2687.43570661281,18.4341846480525,0,0
"769",2009,1291.35628925177,5615.55998717208,0,0,511.646444414271,6596.21027123389,0,79.7049696182811,18.2609830834716,43.2548134708184,1900.8,729.307012243207,0,2721.93785387734,0,0,0
"770",2009,1291.35628925177,5615.55998717208,0,0,511.646444414271,6596.21027123389,0,79.7049696182811,18.2609830834716,43.2548134708184,1900.8,729.307012243207,0,2721.93785387734,0,0,0
