"","time","P_labile","P_stable","P_labile_placed","P_labile_FYM","K_labile","K_stable","K_labile_FYM","N_up","P_up","K_up","PIN","POUT","KIN","KOUT","P_up_labile","P_up_labile_placed","P_up_labile_FYM"
"1",1961,958.416274927727,4599.97103554478,0,0,763.336668547655,9160.31578864267,0,0,0,0,0,0,0,0,7.07757482926206,0,0
"2",1961,958.416274927727,4599.97103554478,0,0,763.336668547655,9160.31578864267,0,0,0,0,0,0,0,0,7.07757482926206,0,0
"3",1961,958.416274927727,4599.97103554478,0,0,763.336668547655,9160.31578864267,0,0,0,0,0,0,0,0,7.07757482926206,0,0
"4",1961.16438356164,958.506526053652,4598.7173264456,0,0,760.165306041925,9153.031947559,0,4.9653138705244,1.16345797325394,10.4552035893974,0,1.16345797325394,0,10.4552035893974,7.07782636375255,0,0
"5",1961.16438356164,958.506526053652,4598.7173264456,0,0,760.165306041925,9153.031947559,0,4.9653138705244,1.16345797325394,10.4552035893974,0,1.16345797325394,0,10.4552035893974,7.07782636375255,0,0
"6",1961.16438356164,958.506526053652,4598.7173264456,0,0,760.165306041925,9153.031947559,0,4.9653138705244,1.16345797325394,10.4552035893974,0,1.16345797325394,0,10.4552035893974,7.07782636375255,0,0
"7",1961.16438356164,958.506526053652,4598.7173264456,0,0,760.165306041925,9153.031947559,0,4.9653138705244,1.16345797325394,10.4552035893974,0,1.16345797325394,0,10.4552035893974,7.07782636375255,0,0
"8",1961.16438356164,958.506526053652,4598.7173264456,0,0,760.165306041925,9153.031947559,0,4.9653138705244,1.16345797325394,10.4552035893974,0,1.16345797325394,0,10.4552035893974,7.07782636375255,0,0
"9",1961.16438356164,958.506526053652,4598.7173264456,0,0,760.165306041925,9153.031947559,0,4.9653138705244,1.16345797325394,10.4552035893974,0,1.16345797325394,0,10.4552035893974,7.07782636375255,0,0
"10",1961.20273972603,958.526277080185,4598.42609611086,0,0,759.446524029325,9151.31280020636,0,6.12388710698312,1.43493728145746,12.8931329546371,0,1.43493728145746,0,12.8931329546371,7.07788139976443,0,0
"11",1961.20273972603,958.526277080185,4598.42609611086,0,0,759.446524029325,9151.31280020636,0,6.12388710698312,1.43493728145746,12.8931329546371,0,1.43493728145746,0,12.8931329546371,7.07788139976443,0,0
"12",1961.20273972603,958.526277080185,4598.42609611086,0,0,759.446524029325,9151.31280020636,0,6.12388710698312,1.43493728145746,12.8931329546371,0,1.43493728145746,0,12.8931329546371,7.07788139976443,0,0
"13",1961.20273972603,958.526277080185,4598.42609611086,0,0,759.446524029325,9151.31280020636,0,6.12388710698312,1.43493728145746,12.8931329546371,0,1.43493728145746,0,12.8931329546371,7.07788139976443,0,0
"14",1961.20273972603,958.526277080185,4598.42609611086,0,0,759.446524029325,9151.31280020636,0,6.12388710698312,1.43493728145746,12.8931329546371,0,1.43493728145746,0,12.8931329546371,7.07788139976443,0,0
"15",1961.20273972603,958.526277080185,4598.42609611086,0,0,759.446524029325,9151.31280020636,0,6.12388710698312,1.43493728145746,12.8931329546371,0,1.43493728145746,0,12.8931329546371,7.07788139976443,0,0
"16",1961.20273972603,958.526277080185,4598.42609611086,0,0,759.446524029325,9151.31280020636,0,6.12388710698312,1.43493728145746,12.8931329546371,0,1.43493728145746,0,12.8931329546371,7.07788139976443,0,0
"17",1962,958.831337603799,4592.47774605074,0,0,746.113277269355,9114.104226909,0,30.2056600639253,7.0782268179719,63.4349530119554,0,7.0782268179719,0,63.4349530119554,8.28531618380233,0,0
"18",1962,958.831337603799,4592.47774605074,0,0,746.113277269355,9114.104226909,0,0,0,0,0,7.0782268179719,0,63.4349530119554,8.28531618380233,0,0
"19",1962,958.831337603799,4592.47774605074,0,0,746.113277269355,9114.104226909,0,0,0,0,0,7.0782268179719,0,63.4349530119554,8.28531618380233,0,0
"20",1962.16438356164,958.674879602315,4591.27223426858,0,0,749.28275748488,9106.28525837358,0,5.14263900482911,1.36196978364031,4.64948831989704,0,8.44019660161221,0,68.0844413318525,8.28531618380233,0,0
"21",1962.16438356164,958.674879602315,4591.27223426858,0,0,749.28275748488,9106.28525837358,0,5.14263900482911,1.36196978364031,4.64948831989704,0,8.44019660161221,0,68.0844413318525,8.28531618380233,0,0
"22",1962.16438356164,958.674879602315,4591.27223426858,0,0,749.28275748488,9106.28525837358,0,5.14263900482911,1.36196978364031,4.64948831989704,0,8.44019660161221,0,68.0844413318525,8.28531618380233,0,0
"23",1962.16438356164,958.674879602315,4591.27223426858,0,0,749.28275748488,9106.28525837358,0,5.14263900482911,1.36196978364031,4.64948831989704,0,8.44019660161221,0,68.0844413318525,8.28531618380233,0,0
"24",1962.16438356164,958.674879602315,4591.27223426858,0,0,749.28275748488,9106.28525837358,0,5.14263900482911,1.36196978364031,4.64948831989704,0,8.44019660161221,0,68.0844413318525,8.28531618380233,0,0
"25",1962.16438356164,958.674879602315,4591.27223426858,0,0,749.28275748488,9106.28525837358,0,5.14263900482911,1.36196978364031,4.64948831989704,0,8.44019660161221,0,68.0844413318525,8.28531618380233,0,0
"26",1962.20273972603,958.637987535347,4590.99133338603,0,0,749.990917290387,9104.49221796009,0,6.34258810595984,1.67976273315742,5.73436892787657,0,8.75798955112932,0,69.169321939832,8.28531618380233,0,0
"27",1962.20273972603,958.637987535347,4590.99133338603,0,0,749.990917290387,9104.49221796009,0,6.34258810595984,1.67976273315742,5.73436892787657,0,8.75798955112932,0,69.169321939832,8.28531618380233,0,0
"28",1962.20273972603,958.637987535347,4590.99133338603,0,0,749.990917290387,9104.49221796009,0,6.34258810595984,1.67976273315742,5.73436892787657,0,8.75798955112932,0,69.169321939832,8.28531618380233,0,0
"29",1962.20273972603,958.637987535347,4590.99133338603,0,0,749.990917290387,9104.49221796009,0,6.34258810595984,1.67976273315742,5.73436892787657,0,8.75798955112932,0,69.169321939832,8.28531618380233,0,0
"30",1962.20273972603,958.637987535347,4590.99133338603,0,0,749.990917290387,9104.49221796009,0,6.34258810595984,1.67976273315742,5.73436892787657,0,8.75798955112932,0,69.169321939832,8.28531618380233,0,0
"31",1962.20273972603,958.637987535347,4590.99133338603,0,0,749.990917290387,9104.49221796009,0,6.34258810595984,1.67976273315742,5.73436892787657,0,8.75798955112932,0,69.169321939832,8.28531618380233,0,0
"32",1962.20273972603,958.637987535347,4590.99133338603,0,0,749.990917290387,9104.49221796009,0,6.34258810595984,1.67976273315742,5.73436892787657,0,8.75798955112932,0,69.169321939832,8.28531618380233,0,0
"33",1963,957.840120946008,4585.18364778895,0,0,762.332873339868,9069.60024254742,0,31.2843726136155,8.28531491957467,28.2843882910676,0,15.3635417375466,0,91.719341303023,7.5632573959428,0,0
"34",1963,957.840120946008,4585.18364778895,0,0,762.332873339868,9069.60024254742,0,0,0,0,0,15.3635417375466,0,91.719341303023,7.5632573959428,0,0
"35",1963,957.840120946008,4585.18364778895,0,0,762.332873339868,9069.60024254742,0,0,0,0,0,15.3635417375466,0,91.719341303023,7.5632573959428,0,0
"36",1963.16438356164,957.785921387789,4583.9945721588,0,0,764.287830856228,9062.90081129384,0,3.76572221750514,1.24327518837231,4.74447373721796,0,16.6068169259189,0,96.4638150402409,7.5632573959428,0,0
"37",1963.16438356164,957.785921387789,4583.9945721588,0,0,764.287830856228,9062.90081129384,0,3.76572221750514,1.24327518837231,4.74447373721796,0,16.6068169259189,0,96.4638150402409,7.5632573959428,0,0
"38",1963.16438356164,957.785921387789,4583.9945721588,0,0,764.287830856228,9062.90081129384,0,3.76572221750514,1.24327518837231,4.74447373721796,0,16.6068169259189,0,96.4638150402409,7.5632573959428,0,0
"39",1963.16438356164,957.785921387789,4583.9945721588,0,0,764.287830856228,9062.90081129384,0,3.76572221750514,1.24327518837231,4.74447373721796,0,16.6068169259189,0,96.4638150402409,7.5632573959428,0,0
"40",1963.16438356164,957.785921387789,4583.9945721588,0,0,764.287830856228,9062.90081129384,0,3.76572221750514,1.24327518837231,4.74447373721796,0,16.6068169259189,0,96.4638150402409,7.5632573959428,0,0
"41",1963.16438356164,957.785921387789,4583.9945721588,0,0,764.287830856228,9062.90081129384,0,3.76572221750514,1.24327518837231,4.74447373721796,0,16.6068169259189,0,96.4638150402409,7.5632573959428,0,0
"42",1963.20273972603,957.772537373957,4583.71785862868,0,0,764.723164657253,9061.35843362081,0,4.64439073491965,1.53337273232474,5.85151760923125,0,16.8969144698713,0,97.5708589122542,7.5632573959428,0,0
"43",1963.20273972603,957.772537373957,4583.71785862868,0,0,764.723164657253,9061.35843362081,0,4.64439073491965,1.53337273232474,5.85151760923125,0,16.8969144698713,0,97.5708589122542,7.5632573959428,0,0
"44",1963.20273972603,957.772537373957,4583.71785862868,0,0,764.723164657253,9061.35843362081,0,4.64439073491965,1.53337273232474,5.85151760923125,0,16.8969144698713,0,97.5708589122542,7.5632573959428,0,0
"45",1963.20273972603,957.772537373957,4583.71785862868,0,0,764.723164657253,9061.35843362081,0,4.64439073491965,1.53337273232474,5.85151760923125,0,16.8969144698713,0,97.5708589122542,7.5632573959428,0,0
"46",1963.20273972603,957.772537373957,4583.71785862868,0,0,764.723164657253,9061.35843362081,0,4.64439073491965,1.53337273232474,5.85151760923125,0,16.8969144698713,0,97.5708589122542,7.5632573959428,0,0
"47",1963.20273972603,957.772537373957,4583.71785862868,0,0,764.723164657253,9061.35843362081,0,4.64439073491965,1.53337273232474,5.85151760923125,0,16.8969144698713,0,97.5708589122542,7.5632573959428,0,0
"48",1963.20273972603,957.772537373957,4583.71785862868,0,0,764.723164657253,9061.35843362081,0,4.64439073491965,1.53337273232474,5.85151760923125,0,16.8969144698713,0,97.5708589122542,7.5632573959428,0,0
"49",1964,957.434914326234,4578.02559739598,0,0,772.194295890154,9030.87658082886,0,22.9081483313477,7.56325701274127,28.8622391682752,0,22.9267987502879,0,120.581580471298,7.01452890619189,0,0
"50",1964,957.434914326234,4578.02559739598,0,0,772.194295890154,9030.87658082886,0,0,0,0,0,22.9267987502879,0,120.581580471298,7.01452890619189,0,0
"51",1964,957.434914326234,4578.02559739598,0,0,772.194295890154,9030.87658082886,0,0,0,0,0,22.9267987502879,0,120.581580471298,7.01452890619189,0,0
"52",1964.16438356164,957.44113592551,4576.86630097582,0,0,767.93251962332,9024.7665357492,0,4.90539038584338,1.15307482088484,10.3718213464983,0,24.0798735711727,0,130.953401817796,7.01454545428207,0,0
"53",1964.16438356164,957.44113592551,4576.86630097582,0,0,767.93251962332,9024.7665357492,0,4.90539038584338,1.15307482088484,10.3718213464983,0,24.0798735711727,0,130.953401817796,7.01454545428207,0,0
"54",1964.16438356164,957.44113592551,4576.86630097582,0,0,767.93251962332,9024.7665357492,0,4.90539038584338,1.15307482088484,10.3718213464983,0,24.0798735711727,0,130.953401817796,7.01454545428207,0,0
"55",1964.16438356164,957.44113592551,4576.86630097582,0,0,767.93251962332,9024.7665357492,0,4.90539038584338,1.15307482088484,10.3718213464983,0,24.0798735711727,0,130.953401817796,7.01454545428207,0,0
"56",1964.16438356164,957.44113592551,4576.86630097582,0,0,767.93251962332,9024.7665357492,0,4.90539038584338,1.15307482088484,10.3718213464983,0,24.0798735711727,0,130.953401817796,7.01454545428207,0,0
"57",1964.16438356164,957.44113592551,4576.86630097582,0,0,767.93251962332,9024.7665357492,0,4.90539038584338,1.15307482088484,10.3718213464983,0,24.0798735711727,0,130.953401817796,7.01454545428207,0,0
"58",1964.20273972603,957.441658793469,4576.59672703747,0,0,766.969141625993,9023.3116776998,0,6.04998147586465,1.42212589127367,12.7900573932165,0,24.3489246415615,0,133.371637864515,7.01454684497793,0,0
"59",1964.20273972603,957.441658793469,4576.59672703747,0,0,766.969141625993,9023.3116776998,0,6.04998147586465,1.42212589127367,12.7900573932165,0,24.3489246415615,0,133.371637864515,7.01454684497793,0,0
"60",1964.20273972603,957.441658793469,4576.59672703747,0,0,766.969141625993,9023.3116776998,0,6.04998147586465,1.42212589127367,12.7900573932165,0,24.3489246415615,0,133.371637864515,7.01454684497793,0,0
"61",1964.20273972603,957.441658793469,4576.59672703747,0,0,766.969141625993,9023.3116776998,0,6.04998147586465,1.42212589127367,12.7900573932165,0,24.3489246415615,0,133.371637864515,7.01454684497793,0,0
"62",1964.20273972603,957.441658793469,4576.59672703747,0,0,766.969141625993,9023.3116776998,0,6.04998147586465,1.42212589127367,12.7900573932165,0,24.3489246415615,0,133.371637864515,7.01454684497793,0,0
"63",1964.20273972603,957.441658793469,4576.59672703747,0,0,766.969141625993,9023.3116776998,0,6.04998147586465,1.42212589127367,12.7900573932165,0,24.3489246415615,0,133.371637864515,7.01454684497793,0,0
"64",1964.20273972603,957.441658793469,4576.59672703747,0,0,766.969141625993,9023.3116776998,0,6.04998147586465,1.42212589127367,12.7900573932165,0,24.3489246415615,0,133.371637864515,7.01454684497793,0,0
"65",1965,957.377647799786,4571.06836137975,0,0,749.298978651915,8990.87099968854,0,29.8411254845827,7.01450254267872,62.9008983785639,0,29.9413012929666,0,183.482478849862,8.35384161857272,0,0
"66",1965,957.377647799786,4571.06836137975,0,0,749.298978651915,8990.87099968854,0,0,0,0,0,29.9413012929666,0,183.482478849862,8.35384161857272,0,0
"67",1965,957.377647799786,4571.06836137975,0,0,749.298978651915,8990.87099968854,0,0,0,0,0,29.9413012929666,0,183.482478849862,8.35384161857272,0,0
"68",1965.16438356164,957.130293542877,4569.94248139799,0,0,751.603137569578,8983.87980426754,0,5.1801871882595,1.37323423866961,4.68703650332794,0,31.3145355316362,0,188.16951535319,8.35384161857272,0,0
"69",1965.16438356164,957.130293542877,4569.94248139799,0,0,751.603137569578,8983.87980426754,0,5.1801871882595,1.37323423866961,4.68703650332794,0,31.3145355316362,0,188.16951535319,8.35384161857272,0,0
"70",1965.16438356164,957.130293542877,4569.94248139799,0,0,751.603137569578,8983.87980426754,0,5.1801871882595,1.37323423866961,4.68703650332794,0,31.3145355316362,0,188.16951535319,8.35384161857272,0,0
"71",1965.16438356164,957.130293542877,4569.94248139799,0,0,751.603137569578,8983.87980426754,0,5.1801871882595,1.37323423866961,4.68703650332794,0,31.3145355316362,0,188.16951535319,8.35384161857272,0,0
"72",1965.16438356164,957.130293542877,4569.94248139799,0,0,751.603137569578,8983.87980426754,0,5.1801871882595,1.37323423866961,4.68703650332794,0,31.3145355316362,0,188.16951535319,8.35384161857272,0,0
"73",1965.16438356164,957.130293542877,4569.94248139799,0,0,751.603137569578,8983.87980426754,0,5.1801871882595,1.37323423866961,4.68703650332794,0,31.3145355316362,0,188.16951535319,8.35384161857272,0,0
"74",1965.20273972603,957.072579149487,4569.67977446902,0,0,752.116938116499,8982.27236186985,0,6.3888975321854,1.69365556102551,5.78067835410327,0,31.6349568539921,0,189.263157203965,8.35384161857272,0,0
"75",1965.20273972603,957.072579149487,4569.67977446902,0,0,752.116938116499,8982.27236186985,0,6.3888975321854,1.69365556102551,5.78067835410327,0,31.6349568539921,0,189.263157203965,8.35384161857272,0,0
"76",1965.20273972603,957.072579149487,4569.67977446902,0,0,752.116938116499,8982.27236186985,0,6.3888975321854,1.69365556102551,5.78067835410327,0,31.6349568539921,0,189.263157203965,8.35384161857272,0,0
"77",1965.20273972603,957.072579149487,4569.67977446902,0,0,752.116938116499,8982.27236186985,0,6.3888975321854,1.69365556102551,5.78067835410327,0,31.6349568539921,0,189.263157203965,8.35384161857272,0,0
"78",1965.20273972603,957.072579149487,4569.67977446902,0,0,752.116938116499,8982.27236186985,0,6.3888975321854,1.69365556102551,5.78067835410327,0,31.6349568539921,0,189.263157203965,8.35384161857272,0,0
"79",1965.20273972603,957.072579149487,4569.67977446902,0,0,752.116938116499,8982.27236186985,0,6.3888975321854,1.69365556102551,5.78067835410327,0,31.6349568539921,0,189.263157203965,8.35384161857272,0,0
"80",1965.20273972603,957.072579149487,4569.67977446902,0,0,752.116938116499,8982.27236186985,0,6.3888975321854,1.69365556102551,5.78067835410327,0,31.6349568539921,0,189.263157203965,8.35384161857272,0,0
"81",1966,955.87307471389,4564.2190943141,0,0,760.990049674933,8950.66712228732,0,31.5127887591229,8.35384015155147,28.5128063781957,0,38.2951414445181,0,211.995285228058,7.60405099804372,0,0
"82",1966,955.87307471389,4564.2190943141,0,0,760.990049674933,8950.66712228732,0,0,0,0,0,38.2951414445181,0,211.995285228058,7.60405099804372,0,0
"83",1966,955.87307471389,4564.2190943141,0,0,760.990049674933,8950.66712228732,0,0,0,0,0,38.2951414445181,0,211.995285228058,7.60405099804372,0,0
"84",1966.16438356164,955.747515797732,4563.09467224427,0,0,762.361864331185,8944.52568715282,0,3.78248671152554,1.24998098598003,4.76962047824704,0,39.5451224304981,0,216.764905706305,7.60405099804372,0,0
"85",1966.16438356164,955.747515797732,4563.09467224427,0,0,762.361864331185,8944.52568715282,0,3.78248671152554,1.24998098598003,4.76962047824704,0,39.5451224304981,0,216.764905706305,7.60405099804372,0,0
"86",1966.16438356164,955.747515797732,4563.09467224427,0,0,762.361864331185,8944.52568715282,0,3.78248671152554,1.24998098598003,4.76962047824704,0,39.5451224304981,0,216.764905706305,7.60405099804372,0,0
"87",1966.16438356164,955.747515797732,4563.09467224427,0,0,762.361864331185,8944.52568715282,0,3.78248671152554,1.24998098598003,4.76962047824704,0,39.5451224304981,0,216.764905706305,7.60405099804372,0,0
"88",1966.16438356164,955.747515797732,4563.09467224427,0,0,762.361864331185,8944.52568715282,0,3.78248671152554,1.24998098598003,4.76962047824704,0,39.5451224304981,0,216.764905706305,7.60405099804372,0,0
"89",1966.16438356164,955.747515797732,4563.09467224427,0,0,762.361864331185,8944.52568715282,0,3.78248671152554,1.24998098598003,4.76962047824704,0,39.5451224304981,0,216.764905706305,7.60405099804372,0,0
"90",1966.20273972603,955.717786590795,4562.83273922115,0,0,762.666219084004,8943.10842095508,0,4.66506694421131,1.54164321604087,5.88253192316691,0,39.8367846605589,0,217.877817151225,7.60405099804372,0,0
"91",1966.20273972603,955.717786590795,4562.83273922115,0,0,762.666219084004,8943.10842095508,0,4.66506694421131,1.54164321604087,5.88253192316691,0,39.8367846605589,0,217.877817151225,7.60405099804372,0,0
"92",1966.20273972603,955.717786590795,4562.83273922115,0,0,762.666219084004,8943.10842095508,0,4.66506694421131,1.54164321604087,5.88253192316691,0,39.8367846605589,0,217.877817151225,7.60405099804372,0,0
"93",1966.20273972603,955.717786590795,4562.83273922115,0,0,762.666219084004,8943.10842095508,0,4.66506694421131,1.54164321604087,5.88253192316691,0,39.8367846605589,0,217.877817151225,7.60405099804372,0,0
"94",1966.20273972603,955.717786590795,4562.83273922115,0,0,762.666219084004,8943.10842095508,0,4.66506694421131,1.54164321604087,5.88253192316691,0,39.8367846605589,0,217.877817151225,7.60405099804372,0,0
"95",1966.20273972603,955.717786590795,4562.83273922115,0,0,762.666219084004,8943.10842095508,0,4.66506694421131,1.54164321604087,5.88253192316691,0,39.8367846605589,0,217.877817151225,7.60405099804372,0,0
"96",1966.20273972603,955.717786590795,4562.83273922115,0,0,762.666219084004,8943.10842095508,0,4.66506694421131,1.54164321604087,5.88253192316691,0,39.8367846605589,0,217.877817151225,7.60405099804372,0,0
"97",1967,955.065023572848,4557.4230947094,0,0,767.800474603317,8914.84149332659,0,23.0101299757388,7.60405074574097,29.0152040323393,0,45.899192190259,0,241.010489260397,6.9463434164327,0,0
"98",1967,955.065023572848,4557.4230947094,0,0,767.800474603317,8914.84149332659,0,0,0,0,0,45.899192190259,0,241.010489260397,6.9463434164327,0,0
"99",1967,955.065023572848,4557.4230947094,0,0,767.800474603317,8914.84149332659,0,0,0,0,0,45.899192190259,0,241.010489260397,6.9463434164327,0,0
"100",1967.16438356164,955.029457462339,4556.31680342889,0,0,763.28653329921,8909.11171089077,0,4.84546690115728,1.14185739101807,10.2437237399296,0,47.0410495812771,0,251.254213000327,6.94625296768572,0,0
"101",1967.16438356164,955.029457462339,4556.31680342889,0,0,763.28653329921,8909.11171089077,0,4.84546690115728,1.14185739101807,10.2437237399296,0,47.0410495812771,0,251.254213000327,6.94625296768572,0,0
"102",1967.16438356164,955.029457462339,4556.31680342889,0,0,763.28653329921,8909.11171089077,0,4.84546690115728,1.14185739101807,10.2437237399296,0,47.0410495812771,0,251.254213000327,6.94625296768572,0,0
"103",1967.16438356164,955.029457462339,4556.31680342889,0,0,763.28653329921,8909.11171089077,0,4.84546690115728,1.14185739101807,10.2437237399296,0,47.0410495812771,0,251.254213000327,6.94625296768572,0,0
"104",1967.16438356164,955.029457462339,4556.31680342889,0,0,763.28653329921,8909.11171089077,0,4.84546690115728,1.14185739101807,10.2437237399296,0,47.0410495812771,0,251.254213000327,6.94625296768572,0,0
"105",1967.16438356164,955.029457462339,4556.31680342889,0,0,763.28653329921,8909.11171089077,0,4.84546690115728,1.14185739101807,10.2437237399296,0,47.0410495812771,0,251.254213000327,6.94625296768572,0,0
"106",1967.20273972603,955.020422572702,4556.05940714937,0,0,762.266630598036,8907.74325950227,0,5.97607584475789,1.40828856017947,12.6320778296049,0,47.3074807504385,0,253.642567090002,6.94622998879149,0,0
"107",1967.20273972603,955.020422572702,4556.05940714937,0,0,762.266630598036,8907.74325950227,0,5.97607584475789,1.40828856017947,12.6320778296049,0,47.3074807504385,0,253.642567090002,6.94622998879149,0,0
"108",1967.20273972603,955.020422572702,4556.05940714937,0,0,762.266630598036,8907.74325950227,0,5.97607584475789,1.40828856017947,12.6320778296049,0,47.3074807504385,0,253.642567090002,6.94622998879149,0,0
"109",1967.20273972603,955.020422572702,4556.05940714937,0,0,762.266630598036,8907.74325950227,0,5.97607584475789,1.40828856017947,12.6320778296049,0,47.3074807504385,0,253.642567090002,6.94622998879149,0,0
"110",1967.20273972603,955.020422572702,4556.05940714937,0,0,762.266630598036,8907.74325950227,0,5.97607584475789,1.40828856017947,12.6320778296049,0,47.3074807504385,0,253.642567090002,6.94622998879149,0,0
"111",1967.20273972603,955.020422572702,4556.05940714937,0,0,762.266630598036,8907.74325950227,0,5.97607584475789,1.40828856017947,12.6320778296049,0,47.3074807504385,0,253.642567090002,6.94622998879149,0,0
"112",1967.20273972603,955.020422572702,4556.05940714937,0,0,762.266630598036,8907.74325950227,0,5.97607584475789,1.40828856017947,12.6320778296049,0,47.3074807504385,0,253.642567090002,6.94622998879149,0,0
"113",1968,954.773293005861,4550.76881550038,0,0,743.597422561176,8876.92326326077,0,29.4765903155246,6.9460097760055,62.121282107965,0,52.8452019662645,0,303.131771368362,8.42236705334314,0,0
"114",1968,954.773293005861,4550.76881550038,0,0,743.597422561176,8876.92326326077,0,0,0,0,0,52.8452019662645,0,303.131771368362,8.42236705334314,0,0
"115",1968,954.773293005861,4550.76881550038,0,0,743.597422561176,8876.92326326077,0,0,0,0,0,52.8452019662645,0,303.131771368362,8.42236705334314,0,0
"116",1968.16438356164,954.469349775153,4549.68826003739,0,0,745.570880438878,8870.22522069631,0,5.21773537169636,1.38449869370064,4.72458468676471,0,54.2297006599652,0,307.856356055127,8.42236705334314,0,0
"117",1968.16438356164,954.469349775153,4549.68826003739,0,0,745.570880438878,8870.22522069631,0,5.21773537169636,1.38449869370064,4.72458468676471,0,54.2297006599652,0,307.856356055127,8.42236705334314,0,0
"118",1968.16438356164,954.469349775153,4549.68826003739,0,0,745.570880438878,8870.22522069631,0,5.21773537169636,1.38449869370064,4.72458468676471,0,54.2297006599652,0,307.856356055127,8.42236705334314,0,0
"119",1968.16438356164,954.469349775153,4549.68826003739,0,0,745.570880438878,8870.22522069631,0,5.21773537169636,1.38449869370064,4.72458468676471,0,54.2297006599652,0,307.856356055127,8.42236705334314,0,0
"120",1968.16438356164,954.469349775153,4549.68826003739,0,0,745.570880438878,8870.22522069631,0,5.21773537169636,1.38449869370064,4.72458468676471,0,54.2297006599652,0,307.856356055127,8.42236705334314,0,0
"121",1968.16438356164,954.469349775153,4549.68826003739,0,0,745.570880438878,8870.22522069631,0,5.21773537169636,1.38449869370064,4.72458468676471,0,54.2297006599652,0,307.856356055127,8.42236705334314,0,0
"122",1968.20273972603,954.398668796138,4549.43589132121,0,0,746.010384844932,8868.68331319668,0,6.43520695841642,1.70754838889504,5.82698778033492,0,54.5527503551596,0,308.958759148697,8.42236705334314,0,0
"123",1968.20273972603,954.398668796138,4549.43589132121,0,0,746.010384844932,8868.68331319668,0,6.43520695841642,1.70754838889504,5.82698778033492,0,54.5527503551596,0,308.958759148697,8.42236705334314,0,0
"124",1968.20273972603,954.398668796138,4549.43589132121,0,0,746.010384844932,8868.68331319668,0,6.43520695841642,1.70754838889504,5.82698778033492,0,54.5527503551596,0,308.958759148697,8.42236705334314,0,0
"125",1968.20273972603,954.398668796138,4549.43589132121,0,0,746.010384844932,8868.68331319668,0,6.43520695841642,1.70754838889504,5.82698778033492,0,54.5527503551596,0,308.958759148697,8.42236705334314,0,0
"126",1968.20273972603,954.398668796138,4549.43589132121,0,0,746.010384844932,8868.68331319668,0,6.43520695841642,1.70754838889504,5.82698778033492,0,54.5527503551596,0,308.958759148697,8.42236705334314,0,0
"127",1968.20273972603,954.398668796138,4549.43589132121,0,0,746.010384844932,8868.68331319668,0,6.43520695841642,1.70754838889504,5.82698778033492,0,54.5527503551596,0,308.958759148697,8.42236705334314,0,0
"128",1968.20273972603,954.398668796138,4549.43589132121,0,0,746.010384844932,8868.68331319668,0,6.43520695841642,1.70754838889504,5.82698778033492,0,54.5527503551596,0,308.958759148697,8.42236705334314,0,0
"129",1969,952.948787555135,4544.17095447398,0,0,753.556927853901,8838.22253414048,0,31.7412171161807,8.42236647713101,28.7412238275662,0,61.2675684433956,0,331.872995195928,7.64484460014468,0,0
"130",1969,952.948787555135,4544.17095447398,0,0,753.556927853901,8838.22253414048,0,0,0,0,0,61.2675684433956,0,331.872995195928,7.64484460014468,0,0
"131",1969,952.948787555135,4544.17095447398,0,0,753.556927853901,8838.22253414048,0,0,0,0,0,61.2675684433956,0,331.872995195928,7.64484460014468,0,0
"132",1969.16438356164,952.780372417065,4543.08268282847,0,0,754.712640445842,8832.27205432927,0,3.7992512055355,1.2566867835843,4.79476721926297,0,62.5242552269799,0,336.667762415191,7.64484460014468,0,0
"133",1969.16438356164,952.780372417065,4543.08268282847,0,0,754.712640445842,8832.27205432927,0,3.7992512055355,1.2566867835843,4.79476721926297,0,62.5242552269799,0,336.667762415191,7.64484460014468,0,0
"134",1969.16438356164,952.780372417065,4543.08268282847,0,0,754.712640445842,8832.27205432927,0,3.7992512055355,1.2566867835843,4.79476721926297,0,62.5242552269799,0,336.667762415191,7.64484460014468,0,0
"135",1969.16438356164,952.780372417065,4543.08268282847,0,0,754.712640445842,8832.27205432927,0,3.7992512055355,1.2566867835843,4.79476721926297,0,62.5242552269799,0,336.667762415191,7.64484460014468,0,0
"136",1969.16438356164,952.780372417065,4543.08268282847,0,0,754.712640445842,8832.27205432927,0,3.7992512055355,1.2566867835843,4.79476721926297,0,62.5242552269799,0,336.667762415191,7.64484460014468,0,0
"137",1969.16438356164,952.780372417065,4543.08268282847,0,0,754.712640445842,8832.27205432927,0,3.7992512055355,1.2566867835843,4.79476721926297,0,62.5242552269799,0,336.667762415191,7.64484460014468,0,0
"138",1969.20273972603,952.740824729639,4542.82900359972,0,0,754.968444210684,8830.8974715466,0,4.68574315349118,1.54991369975311,5.9135462370877,0,62.8174821431487,0,337.786541433015,7.64484460014468,0,0
"139",1969.20273972603,952.740824729639,4542.82900359972,0,0,754.968444210684,8830.8974715466,0,4.68574315349118,1.54991369975311,5.9135462370877,0,62.8174821431487,0,337.786541433015,7.64484460014468,0,0
"140",1969.20273972603,952.740824729639,4542.82900359972,0,0,754.968444210684,8830.8974715466,0,4.68574315349118,1.54991369975311,5.9135462370877,0,62.8174821431487,0,337.786541433015,7.64484460014468,0,0
"141",1969.20273972603,952.740824729639,4542.82900359972,0,0,754.968444210684,8830.8974715466,0,4.68574315349118,1.54991369975311,5.9135462370877,0,62.8174821431487,0,337.786541433015,7.64484460014468,0,0
"142",1969.20273972603,952.740824729639,4542.82900359972,0,0,754.968444210684,8830.8974715466,0,4.68574315349118,1.54991369975311,5.9135462370877,0,62.8174821431487,0,337.786541433015,7.64484460014468,0,0
"143",1969.20273972603,952.740824729639,4542.82900359972,0,0,754.968444210684,8830.8974715466,0,4.68574315349118,1.54991369975311,5.9135462370877,0,62.8174821431487,0,337.786541433015,7.64484460014468,0,0
"144",1969.20273972603,952.740824729639,4542.82900359972,0,0,754.968444210684,8830.8974715466,0,4.68574315349118,1.54991369975311,5.9135462370877,0,62.8174821431487,0,337.786541433015,7.64484460014468,0,0
"145",1970,951.898574406739,4537.57632340634,0,0,759.234858889423,8803.37641972523,0,23.1121144934703,7.64484421604163,29.168183379718,0,68.9124126594372,0,361.041178575646,6.87488798394843,0,0
"146",1970,951.898574406739,4537.57632340634,0,0,759.234858889423,8803.37641972523,0,0,0,0,0,68.9124126594372,0,361.041178575646,6.87488798394843,0,0
"147",1970,951.898574406739,4537.57632340634,0,0,759.234858889423,8803.37641972523,0,0,0,0,0,68.9124126594372,0,361.041178575646,6.87488798394843,0,0
"148",1970.16438356164,951.845426008152,4536.49936371618,0,0,754.732833440933,8797.77504814792,0,4.78554341649582,1.13010808874756,10.1033970257964,0,70.0425207481847,0,371.144575601442,6.87475876384332,0,0
"149",1970.16438356164,951.845426008152,4536.49936371618,0,0,754.732833440933,8797.77504814792,0,4.78554341649582,1.13010808874756,10.1033970257964,0,70.0425207481847,0,371.144575601442,6.87475876384332,0,0
"150",1970.16438356164,951.845426008152,4536.49936371618,0,0,754.732833440933,8797.77504814792,0,4.78554341649582,1.13010808874756,10.1033970257964,0,70.0425207481847,0,371.144575601442,6.87475876384332,0,0
"151",1970.16438356164,951.845426008152,4536.49936371618,0,0,754.732833440933,8797.77504814792,0,4.78554341649582,1.13010808874756,10.1033970257964,0,70.0425207481847,0,371.144575601442,6.87475876384332,0,0
"152",1970.16438356164,951.845426008152,4536.49936371618,0,0,754.732833440933,8797.77504814792,0,4.78554341649582,1.13010808874756,10.1033970257964,0,70.0425207481847,0,371.144575601442,6.87475876384332,0,0
"153",1970.16438356164,951.845426008152,4536.49936371618,0,0,754.732833440933,8797.77504814792,0,4.78554341649582,1.13010808874756,10.1033970257964,0,70.0425207481847,0,371.144575601442,6.87475876384332,0,0
"154",1970.20273972603,951.832375239325,4536.2487257255,0,0,753.715651765078,8796.43656604659,0,5.90217021366681,1.39379684825141,12.4590608029892,0,70.3062095076886,0,373.500239378635,6.87472702879327,0,0
"155",1970.20273972603,951.832375239325,4536.2487257255,0,0,753.715651765078,8796.43656604659,0,5.90217021366681,1.39379684825141,12.4590608029892,0,70.3062095076886,0,373.500239378635,6.87472702879327,0,0
"156",1970.20273972603,951.832375239325,4536.2487257255,0,0,753.715651765078,8796.43656604659,0,5.90217021366681,1.39379684825141,12.4590608029892,0,70.3062095076886,0,373.500239378635,6.87472702879327,0,0
"157",1970.20273972603,951.832375239325,4536.2487257255,0,0,753.715651765078,8796.43656604659,0,5.90217021366681,1.39379684825141,12.4590608029892,0,70.3062095076886,0,373.500239378635,6.87472702879327,0,0
"158",1970.20273972603,951.832375239325,4536.2487257255,0,0,753.715651765078,8796.43656604659,0,5.90217021366681,1.39379684825141,12.4590608029892,0,70.3062095076886,0,373.500239378635,6.87472702879327,0,0
"159",1970.20273972603,951.832375239325,4536.2487257255,0,0,753.715651765078,8796.43656604659,0,5.90217021366681,1.39379684825141,12.4590608029892,0,70.3062095076886,0,373.500239378635,6.87472702879327,0,0
"160",1970.20273972603,951.832375239325,4536.2487257255,0,0,753.715651765078,8796.43656604659,0,5.90217021366681,1.39379684825141,12.4590608029892,0,70.3062095076886,0,373.500239378635,6.87472702879327,0,0
"161",1971,951.508733242103,4531.09171493519,0,0,735.100363790506,8766.23828005243,0,29.1120632951604,6.87444963578255,61.2726347717133,0,75.7868622952197,0,422.313813347359,8.49089248811353,0,0
"162",1971,951.508733242103,4531.09171493519,0,0,735.100363790506,8766.23828005243,0,0,0,0,0,75.7868622952197,0,422.313813347359,8.49089248811353,0,0
"163",1971,951.508733242103,4531.09171493519,0,0,735.100363790506,8766.23828005243,0,0,0,0,0,75.7868622952197,0,422.313813347359,8.49089248811353,0,0
"164",1971.16438356164,951.167808046451,4530.0368769821,0,0,736.913106035849,8759.66340493687,0,5.25528355514727,1.39576314873539,4.76213287021421,0,77.182625443955,0,427.075946217573,8.49089248811353,0,0
"165",1971.16438356164,951.167808046451,4530.0368769821,0,0,736.913106035849,8759.66340493687,0,5.25528355514727,1.39576314873539,4.76213287021421,0,77.182625443955,0,427.075946217573,8.49089248811353,0,0
"166",1971.16438356164,951.167808046451,4530.0368769821,0,0,736.913106035849,8759.66340493687,0,5.25528355514727,1.39576314873539,4.76213287021421,0,77.182625443955,0,427.075946217573,8.49089248811353,0,0
"167",1971.16438356164,951.167808046451,4530.0368769821,0,0,736.913106035849,8759.66340493687,0,5.25528355514727,1.39576314873539,4.76213287021421,0,77.182625443955,0,427.075946217573,8.49089248811353,0,0
"168",1971.16438356164,951.167808046451,4530.0368769821,0,0,736.913106035849,8759.66340493687,0,5.25528355514727,1.39576314873539,4.76213287021421,0,77.182625443955,0,427.075946217573,8.49089248811353,0,0
"169",1971.16438356164,951.167808046451,4530.0368769821,0,0,736.913106035849,8759.66340493687,0,5.25528355514727,1.39576314873539,4.76213287021421,0,77.182625443955,0,427.075946217573,8.49089248811353,0,0
"170",1971.20273972603,951.088650110033,4529.79035685049,0,0,737.316488774934,8758.14885786141,0,6.48151638467661,1.72144121677231,5.87329720659297,0,77.508303511992,0,428.187110553952,8.49089248811353,0,0
"171",1971.20273972603,951.088650110033,4529.79035685049,0,0,737.316488774934,8758.14885786141,0,6.48151638467661,1.72144121677231,5.87329720659297,0,77.508303511992,0,428.187110553952,8.49089248811353,0,0
"172",1971.20273972603,951.088650110033,4529.79035685049,0,0,737.316488774934,8758.14885786141,0,6.48151638467661,1.72144121677231,5.87329720659297,0,77.508303511992,0,428.187110553952,8.49089248811353,0,0
"173",1971.20273972603,951.088650110033,4529.79035685049,0,0,737.316488774934,8758.14885786141,0,6.48151638467661,1.72144121677231,5.87329720659297,0,77.508303511992,0,428.187110553952,8.49089248811353,0,0
"174",1971.20273972603,951.088650110033,4529.79035685049,0,0,737.316488774934,8758.14885786141,0,6.48151638467661,1.72144121677231,5.87329720659297,0,77.508303511992,0,428.187110553952,8.49089248811353,0,0
"175",1971.20273972603,951.088650110033,4529.79035685049,0,0,737.316488774934,8758.14885786141,0,6.48151638467661,1.72144121677231,5.87329720659297,0,77.508303511992,0,428.187110553952,8.49089248811353,0,0
"176",1971.20273972603,951.088650110033,4529.79035685049,0,0,737.316488774934,8758.14885786141,0,6.48151638467661,1.72144121677231,5.87329720659297,0,77.508303511992,0,428.187110553952,8.49089248811353,0,0
"177",1972,949.474836124924,4524.63472171612,0,0,744.216694520952,8728.15230675561,0,31.9696182297511,8.49089033624941,28.9696425663728,0,84.277752631469,0,451.283455913732,7.6856382022456,0,0
"178",1972,949.474836124924,4524.63472171612,0,0,744.216694520952,8728.15230675561,0,0,0,0,0,84.277752631469,0,451.283455913732,7.6856382022456,0,0
"179",1972,949.474836124924,4524.63472171612,0,0,744.216694520952,8728.15230675561,0,0,0,0,0,84.277752631469,0,451.283455913732,7.6856382022456,0,0
"180",1972.16438356164,949.279854766815,4523.56631049303,0,0,745.273060131712,8722.27602718457,0,3.81601569954982,1.26339258119001,4.81991396028438,0,85.541145212659,0,456.103369874017,7.6856382022456,0,0
"181",1972.16438356164,949.279854766815,4523.56631049303,0,0,745.273060131712,8722.27602718457,0,3.81601569954982,1.26339258119001,4.81991396028438,0,85.541145212659,0,456.103369874017,7.6856382022456,0,0
"182",1972.16438356164,949.279854766815,4523.56631049303,0,0,745.273060131712,8722.27602718457,0,3.81601569954982,1.26339258119001,4.81991396028438,0,85.541145212659,0,456.103369874017,7.6856382022456,0,0
"183",1972.16438356164,949.279854766815,4523.56631049303,0,0,745.273060131712,8722.27602718457,0,3.81601569954982,1.26339258119001,4.81991396028438,0,85.541145212659,0,456.103369874017,7.6856382022456,0,0
"184",1972.16438356164,949.279854766815,4523.56631049303,0,0,745.273060131712,8722.27602718457,0,3.81601569954982,1.26339258119001,4.81991396028438,0,85.541145212659,0,456.103369874017,7.6856382022456,0,0
"185",1972.16438356164,949.279854766815,4523.56631049303,0,0,745.273060131712,8722.27602718457,0,3.81601569954982,1.26339258119001,4.81991396028438,0,85.541145212659,0,456.103369874017,7.6856382022456,0,0
"186",1972.20273972603,949.234218702604,4523.31715495497,0,0,745.506533417543,8720.91790730801,0,4.70641936277674,1.55818418346722,5.94456055101567,0,85.8359368149362,0,457.228016464748,7.6856382022456,0,0
"187",1972.20273972603,949.234218702604,4523.31715495497,0,0,745.506533417543,8720.91790730801,0,4.70641936277674,1.55818418346722,5.94456055101567,0,85.8359368149362,0,457.228016464748,7.6856382022456,0,0
"188",1972.20273972603,949.234218702604,4523.31715495497,0,0,745.506533417543,8720.91790730801,0,4.70641936277674,1.55818418346722,5.94456055101567,0,85.8359368149362,0,457.228016464748,7.6856382022456,0,0
"189",1972.20273972603,949.234218702604,4523.31715495497,0,0,745.506533417543,8720.91790730801,0,4.70641936277674,1.55818418346722,5.94456055101567,0,85.8359368149362,0,457.228016464748,7.6856382022456,0,0
"190",1972.20273972603,949.234218702604,4523.31715495497,0,0,745.506533417543,8720.91790730801,0,4.70641936277674,1.55818418346722,5.94456055101567,0,85.8359368149362,0,457.228016464748,7.6856382022456,0,0
"191",1972.20273972603,949.234218702604,4523.31715495497,0,0,745.506533417543,8720.91790730801,0,4.70641936277674,1.55818418346722,5.94456055101567,0,85.8359368149362,0,457.228016464748,7.6856382022456,0,0
"192",1972.20273972603,949.234218702604,4523.31715495497,0,0,745.506533417543,8720.91790730801,0,4.70641936277674,1.55818418346722,5.94456055101567,0,85.8359368149362,0,457.228016464748,7.6856382022456,0,0
"193",1973,948.274313573795,4518.14960618649,0,0,749.372866669638,8693.67498704925,0,23.2140962656054,7.68563808076317,29.3211475576841,0,91.9633907122322,0,480.604603471417,6.8011635624228,0,0
"194",1973,948.274313573795,4518.14960618649,0,0,749.372866669638,8693.67498704925,0,0,0,0,0,91.9633907122322,0,480.604603471417,6.8011635624228,0,0
"195",1973,948.274313573795,4518.14960618649,0,0,749.372866669638,8693.67498704925,0,0,0,0,0,91.9633907122322,0,480.604603471417,6.8011635624228,0,0
"196",1973.16438356164,948.217483852255,4517.08844715254,0,0,744.966216154402,8688.12217521587,0,4.72561993180149,1.11798875548138,9.95946234861356,0,93.0813794677136,0,490.56406582003,6.80103166296822,0,0
"197",1973.16438356164,948.217483852255,4517.08844715254,0,0,744.966216154402,8688.12217521587,0,4.72561993180149,1.11798875548138,9.95946234861356,0,93.0813794677136,0,490.56406582003,6.80103166296822,0,0
"198",1973.16438356164,948.217483852255,4517.08844715254,0,0,744.966216154402,8688.12217521587,0,4.72561993180149,1.11798875548138,9.95946234861356,0,93.0813794677136,0,490.56406582003,6.80103166296822,0,0
"199",1973.16438356164,948.217483852255,4517.08844715254,0,0,744.966216154402,8688.12217521587,0,4.72561993180149,1.11798875548138,9.95946234861356,0,93.0813794677136,0,490.56406582003,6.80103166296822,0,0
"200",1973.16438356164,948.217483852255,4517.08844715254,0,0,744.966216154402,8688.12217521587,0,4.72561993180149,1.11798875548138,9.95946234861356,0,93.0813794677136,0,490.56406582003,6.80103166296822,0,0
"201",1973.16438356164,948.217483852255,4517.08844715254,0,0,744.966216154402,8688.12217521587,0,4.72561993180149,1.11798875548138,9.95946234861356,0,93.0813794677136,0,490.56406582003,6.80103166296822,0,0
"202",1973.20273972603,948.20359929712,4516.84147084578,0,0,743.970540584662,8686.7957085157,0,5.82826458254943,1.3788496173735,12.2816046185285,0,93.3422403296057,0,492.886208089945,6.80099943215762,0,0
"203",1973.20273972603,948.20359929712,4516.84147084578,0,0,743.970540584662,8686.7957085157,0,5.82826458254943,1.3788496173735,12.2816046185285,0,93.3422403296057,0,492.886208089945,6.80099943215762,0,0
"204",1973.20273972603,948.20359929712,4516.84147084578,0,0,743.970540584662,8686.7957085157,0,5.82826458254943,1.3788496173735,12.2816046185285,0,93.3422403296057,0,492.886208089945,6.80099943215762,0,0
"205",1973.20273972603,948.20359929712,4516.84147084578,0,0,743.970540584662,8686.7957085157,0,5.82826458254943,1.3788496173735,12.2816046185285,0,93.3422403296057,0,492.886208089945,6.80099943215762,0,0
"206",1973.20273972603,948.20359929712,4516.84147084578,0,0,743.970540584662,8686.7957085157,0,5.82826458254943,1.3788496173735,12.2816046185285,0,93.3422403296057,0,492.886208089945,6.80099943215762,0,0
"207",1973.20273972603,948.20359929712,4516.84147084578,0,0,743.970540584662,8686.7957085157,0,5.82826458254943,1.3788496173735,12.2816046185285,0,93.3422403296057,0,492.886208089945,6.80099943215762,0,0
"208",1973.20273972603,948.20359929712,4516.84147084578,0,0,743.970540584662,8686.7957085157,0,5.82826458254943,1.3788496173735,12.2816046185285,0,93.3422403296057,0,492.886208089945,6.80099943215762,0,0
"209",1974,947.864696955693,4511.75850499204,0,0,725.74226570506,8656.90188887557,0,28.747522990996,6.80071781254165,60.4036991382604,0,98.7641085247739,0,541.008302609677,8.55941792288392,0,0
"210",1974,947.864696955693,4511.75850499204,0,0,725.74226570506,8656.90188887557,0,0,0,0,0,98.7641085247739,0,541.008302609677,8.55941792288392,0,0
"211",1974,947.864696955693,4511.75850499204,0,0,725.74226570506,8656.90188887557,0,0,0,0,0,98.7641085247739,0,541.008302609677,8.55941792288392,0,0
"212",1974.16438356164,947.497984752573,4510.7181895914,0,0,727.448475584685,8650.39599794231,0,5.29283173856448,1.4070276037612,4.79968105363316,0,100.171136128535,0,545.80798366331,8.55941792288392,0,0
"213",1974.16438356164,947.497984752573,4510.7181895914,0,0,727.448475584685,8650.39599794231,0,5.29283173856448,1.4070276037612,4.79968105363316,0,100.171136128535,0,545.80798366331,8.55941792288392,0,0
"214",1974.16438356164,947.497984752573,4510.7181895914,0,0,727.448475584685,8650.39599794231,0,5.29283173856448,1.4070276037612,4.79968105363316,0,100.171136128535,0,545.80798366331,8.55941792288392,0,0
"215",1974.16438356164,947.497984752573,4510.7181895914,0,0,727.448475584685,8650.39599794231,0,5.29283173856448,1.4070276037612,4.79968105363316,0,100.171136128535,0,545.80798366331,8.55941792288392,0,0
"216",1974.16438356164,947.497984752573,4510.7181895914,0,0,727.448475584685,8650.39599794231,0,5.29283173856448,1.4070276037612,4.79968105363316,0,100.171136128535,0,545.80798366331,8.55941792288392,0,0
"217",1974.16438356164,947.497984752573,4510.7181895914,0,0,727.448475584685,8650.39599794231,0,5.29283173856448,1.4070276037612,4.79968105363316,0,100.171136128535,0,545.80798366331,8.55941792288392,0,0
"218",1974.20273972603,947.412913285366,4510.47495461773,0,0,727.827904856584,8648.89664309124,0,6.52782581088372,1.73533404463549,5.91960663280293,0,100.499442569409,0,546.92790924248,8.55941792288392,0,0
"219",1974.20273972603,947.412913285366,4510.47495461773,0,0,727.827904856584,8648.89664309124,0,6.52782581088372,1.73533404463549,5.91960663280293,0,100.499442569409,0,546.92790924248,8.55941792288392,0,0
"220",1974.20273972603,947.412913285366,4510.47495461773,0,0,727.827904856584,8648.89664309124,0,6.52782581088372,1.73533404463549,5.91960663280293,0,100.499442569409,0,546.92790924248,8.55941792288392,0,0
"221",1974.20273972603,947.412913285366,4510.47495461773,0,0,727.827904856584,8648.89664309124,0,6.52782581088372,1.73533404463549,5.91960663280293,0,100.499442569409,0,546.92790924248,8.55941792288392,0,0
"222",1974.20273972603,947.412913285366,4510.47495461773,0,0,727.827904856584,8648.89664309124,0,6.52782581088372,1.73533404463549,5.91960663280293,0,100.499442569409,0,546.92790924248,8.55941792288392,0,0
"223",1974.20273972603,947.412913285366,4510.47495461773,0,0,727.827904856584,8648.89664309124,0,6.52782581088372,1.73533404463549,5.91960663280293,0,100.499442569409,0,546.92790924248,8.55941792288392,0,0
"224",1974.20273972603,947.412913285366,4510.47495461773,0,0,727.827904856584,8648.89664309124,0,6.52782581088372,1.73533404463549,5.91960663280293,0,100.499442569409,0,546.92790924248,8.55941792288392,0,0
"225",1975,945.684505513626,4505.37927942207,0,0,734.29915210937,8619.14694242649,0,32.1980500308745,8.55941701204033,29.1980600447607,0,107.323525536814,0,570.206362654437,7.72643180434656,0,0
"226",1975,945.684505513626,4505.37927942207,0,0,734.29915210937,8619.14694242649,0,0,0,0,0,107.323525536814,0,570.206362654437,7.72643180434656,0,0
"227",1975,945.684505513626,4505.37927942207,0,0,734.29915210937,8619.14694242649,0,0,0,0,0,107.323525536814,0,570.206362654437,7.72643180434656,0,0
"228",1975.16438356164,945.472259540424,4504.32142701648,0,0,735.293353273075,8613.30768056148,0,3.83278019356332,1.27009837879545,4.84506070130477,0,108.59362391561,0,575.051423355742,7.72643180434656,0,0
"229",1975.16438356164,945.472259540424,4504.32142701648,0,0,735.293353273075,8613.30768056148,0,3.83278019356332,1.27009837879545,4.84506070130477,0,108.59362391561,0,575.051423355742,7.72643180434656,0,0
"230",1975.16438356164,945.472259540424,4504.32142701648,0,0,735.293353273075,8613.30768056148,0,3.83278019356332,1.27009837879545,4.84506070130477,0,108.59362391561,0,575.051423355742,7.72643180434656,0,0
"231",1975.16438356164,945.472259540424,4504.32142701648,0,0,735.293353273075,8613.30768056148,0,3.83278019356332,1.27009837879545,4.84506070130477,0,108.59362391561,0,575.051423355742,7.72643180434656,0,0
"232",1975.16438356164,945.472259540424,4504.32142701648,0,0,735.293353273075,8613.30768056148,0,3.83278019356332,1.27009837879545,4.84506070130477,0,108.59362391561,0,575.051423355742,7.72643180434656,0,0
"233",1975.16438356164,945.472259540424,4504.32142701648,0,0,735.293353273075,8613.30768056148,0,3.83278019356332,1.27009837879545,4.84506070130477,0,108.59362391561,0,575.051423355742,7.72643180434656,0,0
"234",1975.20273972603,945.422664983054,4504.07466528546,0,0,735.512846475655,8611.95767319526,0,4.72709557205856,1.5664546671801,5.97557486493892,0,108.889980203994,0,576.181937519376,7.72643180434656,0,0
"235",1975.20273972603,945.422664983054,4504.07466528546,0,0,735.512846475655,8611.95767319526,0,4.72709557205856,1.5664546671801,5.97557486493892,0,108.889980203994,0,576.181937519376,7.72643180434656,0,0
"236",1975.20273972603,945.422664983054,4504.07466528546,0,0,735.512846475655,8611.95767319526,0,4.72709557205856,1.5664546671801,5.97557486493892,0,108.889980203994,0,576.181937519376,7.72643180434656,0,0
"237",1975.20273972603,945.422664983054,4504.07466528546,0,0,735.512846475655,8611.95767319526,0,4.72709557205856,1.5664546671801,5.97557486493892,0,108.889980203994,0,576.181937519376,7.72643180434656,0,0
"238",1975.20273972603,945.422664983054,4504.07466528546,0,0,735.512846475655,8611.95767319526,0,4.72709557205856,1.5664546671801,5.97557486493892,0,108.889980203994,0,576.181937519376,7.72643180434656,0,0
"239",1975.20273972603,945.422664983054,4504.07466528546,0,0,735.512846475655,8611.95767319526,0,4.72709557205856,1.5664546671801,5.97557486493892,0,108.889980203994,0,576.181937519376,7.72643180434656,0,0
"240",1975.20273972603,945.422664983054,4504.07466528546,0,0,735.512846475655,8611.95767319526,0,4.72709557205856,1.5664546671801,5.97557486493892,0,108.889980203994,0,576.181937519376,7.72643180434656,0,0
"241",1976,944.386122864832,4498.95123050645,0,0,739.128839650567,8584.84312836265,0,23.3160807256638,7.72643156441305,29.4741265226384,0,115.049957101227,0,599.680489177077,6.72569867461223,0,0
"242",1976,944.386122864832,4498.95123050645,0,0,739.128839650567,8584.84312836265,0,0,0,0,0,115.049957101227,0,599.680489177077,6.72569867461223,0,0
"243",1976,944.386122864832,4498.95123050645,0,0,739.128839650567,8584.84312836265,0,0,0,0,0,115.049957101227,0,599.680489177077,6.72569867461223,0,0
"244",1976.16438356164,944.333619091404,4497.89814941343,0,0,734.844209965142,8579.3132846269,0,4.66569644712671,1.10558486645407,9.81447342117804,0,116.155541967681,0,609.494962598255,6.72558263946778,0,0
"245",1976.16438356164,944.333619091404,4497.89814941343,0,0,734.844209965142,8579.3132846269,0,4.66569644712671,1.10558486645407,9.81447342117804,0,116.155541967681,0,609.494962598255,6.72558263946778,0,0
"246",1976.16438356164,944.333619091404,4497.89814941343,0,0,734.844209965142,8579.3132846269,0,4.66569644712671,1.10558486645407,9.81447342117804,0,116.155541967681,0,609.494962598255,6.72558263946778,0,0
"247",1976.16438356164,944.333619091404,4497.89814941343,0,0,734.844209965142,8579.3132846269,0,4.66569644712671,1.10558486645407,9.81447342117804,0,116.155541967681,0,609.494962598255,6.72558263946778,0,0
"248",1976.16438356164,944.333619091404,4497.89814941343,0,0,734.844209965142,8579.3132846269,0,4.66569644712671,1.10558486645407,9.81447342117804,0,116.155541967681,0,609.494962598255,6.72558263946778,0,0
"249",1976.16438356164,944.333619091404,4497.89814941343,0,0,734.844209965142,8579.3132846269,0,4.66569644712671,1.10558486645407,9.81447342117804,0,116.155541967681,0,609.494962598255,6.72558263946778,0,0
"250",1976.20273972603,944.320734397677,4497.65306710827,0,0,733.875988477455,8577.99312766522,0,5.7543589514596,1.36355186533542,12.1028518705439,0,116.413508966563,0,611.78334104762,6.72555415920914,0,0
"251",1976.20273972603,944.320734397677,4497.65306710827,0,0,733.875988477455,8577.99312766522,0,5.7543589514596,1.36355186533542,12.1028518705439,0,116.413508966563,0,611.78334104762,6.72555415920914,0,0
"252",1976.20273972603,944.320734397677,4497.65306710827,0,0,733.875988477455,8577.99312766522,0,5.7543589514596,1.36355186533542,12.1028518705439,0,116.413508966563,0,611.78334104762,6.72555415920914,0,0
"253",1976.20273972603,944.320734397677,4497.65306710827,0,0,733.875988477455,8577.99312766522,0,5.7543589514596,1.36355186533542,12.1028518705439,0,116.413508966563,0,611.78334104762,6.72555415920914,0,0
"254",1976.20273972603,944.320734397677,4497.65306710827,0,0,733.875988477455,8577.99312766522,0,5.7543589514596,1.36355186533542,12.1028518705439,0,116.413508966563,0,611.78334104762,6.72555415920914,0,0
"255",1976.20273972603,944.320734397677,4497.65306710827,0,0,733.875988477455,8577.99312766522,0,5.7543589514596,1.36355186533542,12.1028518705439,0,116.413508966563,0,611.78334104762,6.72555415920914,0,0
"256",1976.20273972603,944.320734397677,4497.65306710827,0,0,733.875988477455,8577.99312766522,0,5.7543589514596,1.36355186533542,12.1028518705439,0,116.413508966563,0,611.78334104762,6.72555415920914,0,0
"257",1977,944.001844112649,4492.61020254075,0,0,716.14104850626,8548.30227284521,0,28.3829971257571,6.72530671788386,59.5286466617475,0,121.775263819111,0,659.209135838824,8.62794335765431,0,0
"258",1977,944.001844112649,4492.61020254075,0,0,716.14104850626,8548.30227284521,0,0,0,0,0,121.775263819111,0,659.209135838824,8.62794335765431,0,0
"259",1977,944.001844112649,4492.61020254075,0,0,716.14104850626,8548.30227284521,0,0,0,0,0,121.775263819111,0,659.209135838824,8.62794335765431,0,0
"260",1977.16438356164,943.615727960963,4491.57802663365,0,0,717.757916710839,8541.84817540356,0,5.33037992200098,1.41829205879212,4.8372292370696,0,123.193555877903,0,664.046365075893,8.62794335765431,0,0
"261",1977.16438356164,943.615727960963,4491.57802663365,0,0,717.757916710839,8541.84817540356,0,5.33037992200098,1.41829205879212,4.8372292370696,0,123.193555877903,0,664.046365075893,8.62794335765431,0,0
"262",1977.16438356164,943.615727960963,4491.57802663365,0,0,717.757916710839,8541.84817540356,0,5.33037992200098,1.41829205879212,4.8372292370696,0,123.193555877903,0,664.046365075893,8.62794335765431,0,0
"263",1977.16438356164,943.615727960963,4491.57802663365,0,0,717.757916710839,8541.84817540356,0,5.33037992200098,1.41829205879212,4.8372292370696,0,123.193555877903,0,664.046365075893,8.62794335765431,0,0
"264",1977.16438356164,943.615727960963,4491.57802663365,0,0,717.757916710839,8541.84817540356,0,5.33037992200098,1.41829205879212,4.8372292370696,0,123.193555877903,0,664.046365075893,8.62794335765431,0,0
"265",1977.16438356164,943.615727960963,4491.57802663365,0,0,717.757916710839,8541.84817540356,0,5.33037992200098,1.41829205879212,4.8372292370696,0,123.193555877903,0,664.046365075893,8.62794335765431,0,0
"266",1977.20273972603,943.526204558686,4491.33661522221,0,0,718.117253111164,8540.36015218126,0,6.57413523712177,1.74922687250689,5.96591605904092,0,123.524490691618,0,665.175051897865,8.62794335765431,0,0
"267",1977.20273972603,943.526204558686,4491.33661522221,0,0,718.117253111164,8540.36015218126,0,6.57413523712177,1.74922687250689,5.96591605904092,0,123.524490691618,0,665.175051897865,8.62794335765431,0,0
"268",1977.20273972603,943.526204558686,4491.33661522221,0,0,718.117253111164,8540.36015218126,0,6.57413523712177,1.74922687250689,5.96591605904092,0,123.524490691618,0,665.175051897865,8.62794335765431,0,0
"269",1977.20273972603,943.526204558686,4491.33661522221,0,0,718.117253111164,8540.36015218126,0,6.57413523712177,1.74922687250689,5.96591605904092,0,123.524490691618,0,665.175051897865,8.62794335765431,0,0
"270",1977.20273972603,943.526204558686,4491.33661522221,0,0,718.117253111164,8540.36015218126,0,6.57413523712177,1.74922687250689,5.96591605904092,0,123.524490691618,0,665.175051897865,8.62794335765431,0,0
"271",1977.20273972603,943.526204558686,4491.33661522221,0,0,718.117253111164,8540.36015218126,0,6.57413523712177,1.74922687250689,5.96591605904092,0,123.524490691618,0,665.175051897865,8.62794335765431,0,0
"272",1977.20273972603,943.526204558686,4491.33661522221,0,0,718.117253111164,8540.36015218126,0,6.57413523712177,1.74922687250689,5.96591605904092,0,123.524490691618,0,665.175051897865,8.62794335765431,0,0
"273",1978,941.711358859296,4486.27274872713,0,0,724.227958097587,8510.78888439496,0,32.4264329519382,8.62793906697823,29.4264788589218,0,130.403202886089,0,688.635614697745,7.76722540644748,0,0
"274",1978,941.711358859296,4486.27274872713,0,0,724.227958097587,8510.78888439496,0,0,0,0,0,130.403202886089,0,688.635614697745,7.76722540644748,0,0
"275",1978,941.711358859296,4486.27274872713,0,0,724.227958097587,8510.78888439496,0,0,0,0,0,130.403202886089,0,688.635614697745,7.76722540644748,0,0
"276",1978.16438356164,941.487151120255,4485.22015228977,0,0,725.171824699419,8504.97481035079,0,3.8495446875894,1.27680417640506,4.87020744234106,0,131.680007062494,0,693.505822140087,7.76722540644748,0,0
"277",1978.16438356164,941.487151120255,4485.22015228977,0,0,725.171824699419,8504.97481035079,0,3.8495446875894,1.27680417640506,4.87020744234106,0,131.680007062494,0,693.505822140087,7.76722540644748,0,0
"278",1978.16438356164,941.487151120255,4485.22015228977,0,0,725.171824699419,8504.97481035079,0,3.8495446875894,1.27680417640506,4.87020744234106,0,131.680007062494,0,693.505822140087,7.76722540644748,0,0
"279",1978.16438356164,941.487151120255,4485.22015228977,0,0,725.171824699419,8504.97481035079,0,3.8495446875894,1.27680417640506,4.87020744234106,0,131.680007062494,0,693.505822140087,7.76722540644748,0,0
"280",1978.16438356164,941.487151120255,4485.22015228977,0,0,725.171824699419,8504.97481035079,0,3.8495446875894,1.27680417640506,4.87020744234106,0,131.680007062494,0,693.505822140087,7.76722540644748,0,0
"281",1978.16438356164,941.487151120255,4485.22015228977,0,0,725.171824699419,8504.97481035079,0,3.8495446875894,1.27680417640506,4.87020744234106,0,131.680007062494,0,693.505822140087,7.76722540644748,0,0
"282",1978.20273972603,941.434812314999,4484.97457012053,0,0,725.37999456203,8503.63025875163,0,4.74777178136298,1.57472515090048,6.00658917889076,0,131.97792803699,0,694.642203876636,7.76722540644748,0,0
"283",1978.20273972603,941.434812314999,4484.97457012053,0,0,725.37999456203,8503.63025875163,0,4.74777178136298,1.57472515090048,6.00658917889076,0,131.97792803699,0,694.642203876636,7.76722540644748,0,0
"284",1978.20273972603,941.434812314999,4484.97457012053,0,0,725.37999456203,8503.63025875163,0,4.74777178136298,1.57472515090048,6.00658917889076,0,131.97792803699,0,694.642203876636,7.76722540644748,0,0
"285",1978.20273972603,941.434812314999,4484.97457012053,0,0,725.37999456203,8503.63025875163,0,4.74777178136298,1.57472515090048,6.00658917889076,0,131.97792803699,0,694.642203876636,7.76722540644748,0,0
"286",1978.20273972603,941.434812314999,4484.97457012053,0,0,725.37999456203,8503.63025875163,0,4.74777178136298,1.57472515090048,6.00658917889076,0,131.97792803699,0,694.642203876636,7.76722540644748,0,0
"287",1978.20273972603,941.434812314999,4484.97457012053,0,0,725.37999456203,8503.63025875163,0,4.74777178136298,1.57472515090048,6.00658917889076,0,131.97792803699,0,694.642203876636,7.76722540644748,0,0
"288",1978.20273972603,941.434812314999,4484.97457012053,0,0,725.37999456203,8503.63025875163,0,4.74777178136298,1.57472515090048,6.00658917889076,0,131.97792803699,0,694.642203876636,7.76722540644748,0,0
"289",1979,940.345004717376,4479.87187746533,0,0,728.792587455455,8476.59715945829,0,23.4180635949723,7.76722540371283,29.6270955788115,0,138.170428289802,0,718.262710276557,7.43012006251276,0,0
"290",1979,940.345004717376,4479.87187746533,0,0,728.792587455455,8476.59715945829,0,0,0,0,0,138.170428289802,0,718.262710276557,7.43012006251276,0,0
"291",1979,940.345004717376,4479.87187746533,0,0,728.792587455455,8476.59715945829,0,0,0,0,0,138.170428289802,0,718.262710276557,7.43012006251276,0,0
"292",1979.16438356164,940.174660794502,4478.82088662745,0,0,723.340815260089,8471.04484339162,0,5.44156762405283,1.22133476075571,11.0040882620335,0,139.391763050558,0,729.26679853859,7.4294518643766,0,0
"293",1979.16438356164,940.174660794502,4478.82088662745,0,0,723.340815260089,8471.04484339162,0,5.44156762405283,1.22133476075571,11.0040882620335,0,139.391763050558,0,729.26679853859,7.4294518643766,0,0
"294",1979.16438356164,940.174660794502,4478.82088662745,0,0,723.340815260089,8471.04484339162,0,5.44156762405283,1.22133476075571,11.0040882620335,0,139.391763050558,0,729.26679853859,7.4294518643766,0,0
"295",1979.16438356164,940.174660794502,4478.82088662745,0,0,723.340815260089,8471.04484339162,0,5.44156762405283,1.22133476075571,11.0040882620335,0,139.391763050558,0,729.26679853859,7.4294518643766,0,0
"296",1979.16438356164,940.174660794502,4478.82088662745,0,0,723.340815260089,8471.04484339162,0,5.44156762405283,1.22133476075571,11.0040882620335,0,139.391763050558,0,729.26679853859,7.4294518643766,0,0
"297",1979.16438356164,940.174660794502,4478.82088662745,0,0,723.340815260089,8471.04484339162,0,5.44156762405283,1.22133476075571,11.0040882620335,0,139.391763050558,0,729.26679853859,7.4294518643766,0,0
"298",1979.20273972603,940.134715156742,4478.5758699955,0,0,722.112888425315,8469.71024411055,0,6.71126673632136,1.50629703047135,13.5666143778832,0,139.676725320273,0,731.82932465444,7.42929513344782,0,0
"299",1979.20273972603,940.134715156742,4478.5758699955,0,0,722.112888425315,8469.71024411055,0,6.71126673632136,1.50629703047135,13.5666143778832,0,139.676725320273,0,731.82932465444,7.42929513344782,0,0
"300",1979.20273972603,940.134715156742,4478.5758699955,0,0,722.112888425315,8469.71024411055,0,6.71126673632136,1.50629703047135,13.5666143778832,0,139.676725320273,0,731.82932465444,7.42929513344782,0,0
"301",1979.20273972603,940.134715156742,4478.5758699955,0,0,722.112888425315,8469.71024411055,0,6.71126673632136,1.50629703047135,13.5666143778832,0,139.676725320273,0,731.82932465444,7.42929513344782,0,0
"302",1979.20273972603,940.134715156742,4478.5758699955,0,0,722.112888425315,8469.71024411055,0,6.71126673632136,1.50629703047135,13.5666143778832,0,139.676725320273,0,731.82932465444,7.42929513344782,0,0
"303",1979.20273972603,940.134715156742,4478.5758699955,0,0,722.112888425315,8469.71024411055,0,6.71126673632136,1.50629703047135,13.5666143778832,0,139.676725320273,0,731.82932465444,7.42929513344782,0,0
"304",1979.20273972603,940.134715156742,4478.5758699955,0,0,722.112888425315,8469.71024411055,0,6.71126673632136,1.50629703047135,13.5666143778832,0,139.676725320273,0,731.82932465444,7.42929513344782,0,0
"305",1980,939.288420170298,4473.50039915245,0,0,699.916644336684,8439.04730357055,0,33.1028715267744,7.42806285996076,66.4257990065129,0,145.598491149763,0,784.688509283069,10.2217940498454,0,0
"306",1980,939.288420170298,4473.50039915245,0,0,699.916644336684,8439.04730357055,0,0,0,0,0,145.598491149763,0,784.688509283069,10.2217940498454,0,0
"307",1980,939.288420170298,4473.50039915245,0,0,699.916644336684,8439.04730357055,0,0,0,0,0,145.598491149763,0,784.688509283069,10.2217940498454,0,0
"308",1980.16438356164,938.656393700611,4472.45213070983,0,0,700.989547862659,8432.26382796245,0,6.20372276705453,1.68029491230768,5.71057208212176,0,147.278786062071,0,790.399081365191,10.2217940498454,0,0
"309",1980.16438356164,938.656393700611,4472.45213070983,0,0,700.989547862659,8432.26382796245,0,6.20372276705453,1.68029491230768,5.71057208212176,0,147.278786062071,0,790.399081365191,10.2217940498454,0,0
"310",1980.16438356164,938.656393700611,4472.45213070983,0,0,700.989547862659,8432.26382796245,0,6.20372276705453,1.68029491230768,5.71057208212176,0,147.278786062071,0,790.399081365191,10.2217940498454,0,0
"311",1980.16438356164,938.656393700611,4472.45213070983,0,0,700.989547862659,8432.26382796245,0,6.20372276705453,1.68029491230768,5.71057208212176,0,147.278786062071,0,790.399081365191,10.2217940498454,0,0
"312",1980.16438356164,938.656393700611,4472.45213070983,0,0,700.989547862659,8432.26382796245,0,6.20372276705453,1.68029491230768,5.71057208212176,0,147.278786062071,0,790.399081365191,10.2217940498454,0,0
"313",1980.16438356164,938.656393700611,4472.45213070983,0,0,700.989547862659,8432.26382796245,0,6.20372276705453,1.68029491230768,5.71057208212176,0,147.278786062071,0,790.399081365191,10.2217940498454,0,0
"314",1980.20273972603,938.510356720298,4472.20609887727,0,0,701.226045100061,8430.69486390589,0,7.65125807936545,2.07236372517897,7.04303890128183,0,147.670854874942,0,791.731548184351,10.2217940498454,0,0
"315",1980.20273972603,938.510356720298,4472.20609887727,0,0,701.226045100061,8430.69486390589,0,7.65125807936545,2.07236372517897,7.04303890128183,0,147.670854874942,0,791.731548184351,10.2217940498454,0,0
"316",1980.20273972603,938.510356720298,4472.20609887727,0,0,701.226045100061,8430.69486390589,0,7.65125807936545,2.07236372517897,7.04303890128183,0,147.670854874942,0,791.731548184351,10.2217940498454,0,0
"317",1980.20273972603,938.510356720298,4472.20609887727,0,0,701.226045100061,8430.69486390589,0,7.65125807936545,2.07236372517897,7.04303890128183,0,147.670854874942,0,791.731548184351,10.2217940498454,0,0
"318",1980.20273972603,938.510356720298,4472.20609887727,0,0,701.226045100061,8430.69486390589,0,7.65125807936545,2.07236372517897,7.04303890128183,0,147.670854874942,0,791.731548184351,10.2217940498454,0,0
"319",1980.20273972603,938.510356720298,4472.20609887727,0,0,701.226045100061,8430.69486390589,0,7.65125807936545,2.07236372517897,7.04303890128183,0,147.670854874942,0,791.731548184351,10.2217940498454,0,0
"320",1980.20273972603,938.510356720298,4472.20609887727,0,0,701.226045100061,8430.69486390589,0,7.65125807936545,2.07236372517897,7.04303890128183,0,147.670854874942,0,791.731548184351,10.2217940498454,0,0
"321",1981,935.59067429423,4466.97635162181,0,0,705.092091548421,8399.13254031633,0,37.7393038507988,10.2217934067176,34.7393160424866,0,155.82028455648,0,819.427825325556,9.61290761415728,0,0
"322",1981,935.59067429423,4466.97635162181,0,0,705.092091548421,8399.13254031633,0,0,0,0,0,155.82028455648,0,819.427825325556,9.61290761415728,0,0
"323",1981,935.59067429423,4466.97635162181,0,0,705.092091548421,8399.13254031633,0,0,0,0,0,155.82028455648,0,819.427825325556,9.61290761415728,0,0
"324",1981.16438356164,935.113411027827,4465.87352005083,0,0,705.285100648949,8392.83306765292,0,4.70210384320141,1.58009483738212,6.10646356287883,0,157.400379393863,0,825.534288888435,9.61158145013149,0,0
"325",1981.16438356164,935.113411027827,4465.87352005083,0,0,705.285100648949,8392.83306765292,0,4.70210384320141,1.58009483738212,6.10646356287883,0,157.400379393863,0,825.534288888435,9.61158145013149,0,0
"326",1981.16438356164,935.113411027827,4465.87352005083,0,0,705.285100648949,8392.83306765292,0,4.70210384320141,1.58009483738212,6.10646356287883,0,157.400379393863,0,825.534288888435,9.61158145013149,0,0
"327",1981.16438356164,935.113411027827,4465.87352005083,0,0,705.285100648949,8392.83306765292,0,4.70210384320141,1.58009483738212,6.10646356287883,0,157.400379393863,0,825.534288888435,9.61158145013149,0,0
"328",1981.16438356164,935.113411027827,4465.87352005083,0,0,705.285100648949,8392.83306765292,0,4.70210384320141,1.58009483738212,6.10646356287883,0,157.400379393863,0,825.534288888435,9.61158145013149,0,0
"329",1981.16438356164,935.113411027827,4465.87352005083,0,0,705.285100648949,8392.83306765292,0,4.70210384320141,1.58009483738212,6.10646356287883,0,157.400379393863,0,825.534288888435,9.61158145013149,0,0
"330",1981.20273972603,935.00291972292,4465.6153538405,0,0,705.323684711346,8391.36960739563,0,5.79926140660747,1.94875235261898,7.5313397577777,0,157.769036909099,0,826.959165083334,9.61127388354589,0,0
"331",1981.20273972603,935.00291972292,4465.6153538405,0,0,705.323684711346,8391.36960739563,0,5.79926140660747,1.94875235261898,7.5313397577777,0,157.769036909099,0,826.959165083334,9.61127388354589,0,0
"332",1981.20273972603,935.00291972292,4465.6153538405,0,0,705.323684711346,8391.36960739563,0,5.79926140660747,1.94875235261898,7.5313397577777,0,157.769036909099,0,826.959165083334,9.61127388354589,0,0
"333",1981.20273972603,935.00291972292,4465.6153538405,0,0,705.323684711346,8391.36960739563,0,5.79926140660747,1.94875235261898,7.5313397577777,0,157.769036909099,0,826.959165083334,9.61127388354589,0,0
"334",1981.20273972603,935.00291972292,4465.6153538405,0,0,705.323684711346,8391.36960739563,0,5.79926140660747,1.94875235261898,7.5313397577777,0,157.769036909099,0,826.959165083334,9.61127388354589,0,0
"335",1981.20273972603,935.00291972292,4465.6153538405,0,0,705.323684711346,8391.36960739563,0,5.79926140660747,1.94875235261898,7.5313397577777,0,157.769036909099,0,826.959165083334,9.61127388354589,0,0
"336",1981.20273972603,935.00291972292,4465.6153538405,0,0,705.323684711346,8391.36960739563,0,5.79926140660747,1.94875235261898,7.5313397577777,0,157.769036909099,0,826.959165083334,9.61127388354589,0,0
"337",1982,932.776539949649,4460.18155653337,0,0,705.636353474687,8361.43824738863,0,28.6044661489571,9.6089294330189,37.1500310014391,0,165.429213989499,0,856.577856326994,7.35500118817654,0,0
"338",1982,932.776539949649,4460.18155653337,0,0,705.636353474687,8361.43824738863,0,0,0,0,0,165.429213989499,0,856.577856326994,7.35500118817654,0,0
"339",1982,932.776539949649,4460.18155653337,0,0,705.636353474687,8361.43824738863,0,0,0,0,0,165.429213989499,0,856.577856326994,7.35500118817654,0,0
"340",1982.16438356164,932.698350647669,4459.05072927189,0,0,701.059946838872,8355.23985260465,0,5.38164413937947,1.20901656346707,10.7748014197986,0,166.638230552966,0,867.352657746793,7.35469750362524,0,0
"341",1982.16438356164,932.698350647669,4459.05072927189,0,0,701.059946838872,8355.23985260465,0,5.38164413937947,1.20901656346707,10.7748014197986,0,166.638230552966,0,867.352657746793,7.35469750362524,0,0
"342",1982.16438356164,932.698350647669,4459.05072927189,0,0,701.059946838872,8355.23985260465,0,5.38164413937947,1.20901656346707,10.7748014197986,0,166.638230552966,0,867.352657746793,7.35469750362524,0,0
"343",1982.16438356164,932.698350647669,4459.05072927189,0,0,701.059946838872,8355.23985260465,0,5.38164413937947,1.20901656346707,10.7748014197986,0,166.638230552966,0,867.352657746793,7.35469750362524,0,0
"344",1982.16438356164,932.698350647669,4459.05072927189,0,0,701.059946838872,8355.23985260465,0,5.38164413937947,1.20901656346707,10.7748014197986,0,166.638230552966,0,867.352657746793,7.35469750362524,0,0
"345",1982.16438356164,932.698350647669,4459.05072927189,0,0,701.059946838872,8355.23985260465,0,5.38164413937947,1.20901656346707,10.7748014197986,0,166.638230552966,0,867.352657746793,7.35469750362524,0,0
"346",1982.20273972603,932.67950819469,4458.7874751462,0,0,700.028203985934,8353.7619683287,0,6.63736110522834,1.49111314213837,13.2844285486861,0,166.920327131638,0,869.86228487568,7.35462431169521,0,0
"347",1982.20273972603,932.67950819469,4458.7874751462,0,0,700.028203985934,8353.7619683287,0,6.63736110522834,1.49111314213837,13.2844285486861,0,166.920327131638,0,869.86228487568,7.35462431169521,0,0
"348",1982.20273972603,932.67950819469,4458.7874751462,0,0,700.028203985934,8353.7619683287,0,6.63736110522834,1.49111314213837,13.2844285486861,0,166.920327131638,0,869.86228487568,7.35462431169521,0,0
"349",1982.20273972603,932.67950819469,4458.7874751462,0,0,700.028203985934,8353.7619683287,0,6.63736110522834,1.49111314213837,13.2844285486861,0,166.920327131638,0,869.86228487568,7.35462431169521,0,0
"350",1982.20273972603,932.67950819469,4458.7874751462,0,0,700.028203985934,8353.7619683287,0,6.63736110522834,1.49111314213837,13.2844285486861,0,166.920327131638,0,869.86228487568,7.35462431169521,0,0
"351",1982.20273972603,932.67950819469,4458.7874751462,0,0,700.028203985934,8353.7619683287,0,6.63736110522834,1.49111314213837,13.2844285486861,0,166.920327131638,0,869.86228487568,7.35462431169521,0,0
"352",1982.20273972603,932.67950819469,4458.7874751462,0,0,700.028203985934,8353.7619683287,0,6.63736110522834,1.49111314213837,13.2844285486861,0,166.920327131638,0,869.86228487568,7.35462431169521,0,0
"353",1983,932.239651300788,4453.36443498046,0,0,681.299216675501,8320.68242826787,0,32.7383452796758,7.35401020178023,65.0929559199431,0,172.783224191279,0,921.670812246937,10.2897822668691,0,0
"354",1983,932.239651300788,4453.36443498046,0,0,681.299216675501,8320.68242826787,0,0,0,0,0,172.783224191279,0,921.670812246937,10.2897822668691,0,0
"355",1983,932.239651300788,4453.36443498046,0,0,681.299216675501,8320.68242826787,0,0,0,0,0,172.783224191279,0,921.670812246937,10.2897822668691,0,0
"356",1983.16438356164,931.661393386035,4452.25122984917,0,0,682.723215397445,8313.51030928038,0,6.24127095047402,1.69146304603953,5.74812026554254,0,174.474687237319,0,927.41893251248,10.2896842336778,0,0
"357",1983.16438356164,931.661393386035,4452.25122984917,0,0,682.723215397445,8313.51030928038,0,6.24127095047402,1.69146304603953,5.74812026554254,0,174.474687237319,0,927.41893251248,10.2896842336778,0,0
"358",1983.16438356164,931.661393386035,4452.25122984917,0,0,682.723215397445,8313.51030928038,0,6.24127095047402,1.69146304603953,5.74812026554254,0,174.474687237319,0,927.41893251248,10.2896842336778,0,0
"359",1983.16438356164,931.661393386035,4452.25122984917,0,0,682.723215397445,8313.51030928038,0,6.24127095047402,1.69146304603953,5.74812026554254,0,174.474687237319,0,927.41893251248,10.2896842336778,0,0
"360",1983.16438356164,931.661393386035,4452.25122984917,0,0,682.723215397445,8313.51030928038,0,6.24127095047402,1.69146304603953,5.74812026554254,0,174.474687237319,0,927.41893251248,10.2896842336778,0,0
"361",1983.16438356164,931.661393386035,4452.25122984917,0,0,682.723215397445,8313.51030928038,0,6.24127095047402,1.69146304603953,5.74812026554254,0,174.474687237319,0,927.41893251248,10.2896842336778,0,0
"362",1983.20273972603,931.527661781698,4451.9902890982,0,0,683.038531431744,8311.85376518413,0,7.69756750557066,2.0861354013442,7.08934832748961,0,174.869359592624,0,928.760160574427,10.2896603928282,0,0
"363",1983.20273972603,931.527661781698,4451.9902890982,0,0,683.038531431744,8311.85376518413,0,7.69756750557066,2.0861354013442,7.08934832748961,0,174.869359592624,0,928.760160574427,10.2896603928282,0,0
"364",1983.20273972603,931.527661781698,4451.9902890982,0,0,683.038531431744,8311.85376518413,0,7.69756750557066,2.0861354013442,7.08934832748961,0,174.869359592624,0,928.760160574427,10.2896603928282,0,0
"365",1983.20273972603,931.527661781698,4451.9902890982,0,0,683.038531431744,8311.85376518413,0,7.69756750557066,2.0861354013442,7.08934832748961,0,174.869359592624,0,928.760160574427,10.2896603928282,0,0
"366",1983.20273972603,931.527661781698,4451.9902890982,0,0,683.038531431744,8311.85376518413,0,7.69756750557066,2.0861354013442,7.08934832748961,0,174.869359592624,0,928.760160574427,10.2896603928282,0,0
"367",1983.20273972603,931.527661781698,4451.9902890982,0,0,683.038531431744,8311.85376518413,0,7.69756750557066,2.0861354013442,7.08934832748961,0,174.869359592624,0,928.760160574427,10.2896603928282,0,0
"368",1983.20273972603,931.527661781698,4451.9902890982,0,0,683.038531431744,8311.85376518413,0,7.69756750557066,2.0861354013442,7.08934832748961,0,174.869359592624,0,928.760160574427,10.2896603928282,0,0
"369",1984,928.844368343387,4446.47026700199,0,0,688.307651547778,8278.70625127335,0,37.9676862537544,10.2894509358738,34.9677421222412,0,183.072675127153,0,956.638554369178,9.62214099855234,0,0
"370",1984,928.844368343387,4446.47026700199,0,0,688.307651547778,8278.70625127335,0,0,0,0,0,183.072675127153,0,956.638554369178,9.62214099855234,0,0
"371",1984,928.844368343387,4446.47026700199,0,0,688.307651547778,8278.70625127335,0,0,0,0,0,183.072675127153,0,956.638554369178,9.62214099855234,0,0
"372",1984.16438356164,928.420954809373,4445.31206175752,0,0,688.782355545026,8272.13037708088,0,4.71886833721593,1.5816187784777,6.10117019522259,0,184.654293905631,0,962.7397245644,9.62088897827363,0,0
"373",1984.16438356164,928.420954809373,4445.31206175752,0,0,688.782355545026,8272.13037708088,0,4.71886833721593,1.5816187784777,6.10117019522259,0,184.654293905631,0,962.7397245644,9.62088897827363,0,0
"374",1984.16438356164,928.420954809373,4445.31206175752,0,0,688.782355545026,8272.13037708088,0,4.71886833721593,1.5816187784777,6.10117019522259,0,184.654293905631,0,962.7397245644,9.62088897827363,0,0
"375",1984.16438356164,928.420954809373,4445.31206175752,0,0,688.782355545026,8272.13037708088,0,4.71886833721593,1.5816187784777,6.10117019522259,0,184.654293905631,0,962.7397245644,9.62088897827363,0,0
"376",1984.16438356164,928.420954809373,4445.31206175752,0,0,688.782355545026,8272.13037708088,0,4.71886833721593,1.5816187784777,6.10117019522259,0,184.654293905631,0,962.7397245644,9.62088897827363,0,0
"377",1984.16438356164,928.420954809373,4445.31206175752,0,0,688.782355545026,8272.13037708088,0,4.71886833721593,1.5816187784777,6.10117019522259,0,184.654293905631,0,962.7397245644,9.62088897827363,0,0
"378",1984.20273972603,928.322791678163,4445.04121005572,0,0,688.884127842053,8270.60488340877,0,5.81993761589387,1.950633611486,7.5248915703107,0,185.023308738639,0,964.163445939488,9.6205982843351,0,0
"379",1984.20273972603,928.322791678163,4445.04121005572,0,0,688.884127842053,8270.60488340877,0,5.81993761589387,1.950633611486,7.5248915703107,0,185.023308738639,0,964.163445939488,9.6205982843351,0,0
"380",1984.20273972603,928.322791678163,4445.04121005572,0,0,688.884127842053,8270.60488340877,0,5.81993761589387,1.950633611486,7.5248915703107,0,185.023308738639,0,964.163445939488,9.6205982843351,0,0
"381",1984.20273972603,928.322791678163,4445.04121005572,0,0,688.884127842053,8270.60488340877,0,5.81993761589387,1.950633611486,7.5248915703107,0,185.023308738639,0,964.163445939488,9.6205982843351,0,0
"382",1984.20273972603,928.322791678163,4445.04121005572,0,0,688.884127842053,8270.60488340877,0,5.81993761589387,1.950633611486,7.5248915703107,0,185.023308738639,0,964.163445939488,9.6205982843351,0,0
"383",1984.20273972603,928.322791678163,4445.04121005572,0,0,688.884127842053,8270.60488340877,0,5.81993761589387,1.950633611486,7.5248915703107,0,185.023308738639,0,964.163445939488,9.6205982843351,0,0
"384",1984.20273972603,928.322791678163,4445.04121005572,0,0,688.884127842053,8270.60488340877,0,5.81993761589387,1.950633611486,7.5248915703107,0,185.023308738639,0,964.163445939488,9.6205982843351,0,0
"385",1985,926.333572650364,4439.36269161959,0,0,690.317676432505,8239.57089387639,0,28.7064539292312,9.61837107542117,37.1253325122349,0,192.691046202575,0,993.763886881413,7.28404138212475,0,0
"386",1985,926.333572650364,4439.36269161959,0,0,690.317676432505,8239.57089387639,0,0,0,0,0,192.691046202575,0,993.763886881413,7.28404138212475,0,0
"387",1985,926.333572650364,4439.36269161959,0,0,690.317676432505,8239.57089387639,0,0,0,0,0,192.691046202575,0,993.763886881413,7.28404138212475,0,0
"388",1985.16438356164,926.313086064988,4438.1858076723,0,0,686.104952422312,8233.18861707819,0,5.3217206547034,1.197370532667,10.5950008083902,0,193.888416735242,0,1004.3588876898,7.28396284011639,0,0
"389",1985.16438356164,926.313086064988,4438.1858076723,0,0,686.104952422312,8233.18861707819,0,5.3217206547034,1.197370532667,10.5950008083902,0,193.888416735242,0,1004.3588876898,7.28396284011639,0,0
"390",1985.16438356164,926.313086064988,4438.1858076723,0,0,686.104952422312,8233.18861707819,0,5.3217206547034,1.197370532667,10.5950008083902,0,193.888416735242,0,1004.3588876898,7.28396284011639,0,0
"391",1985.16438356164,926.313086064988,4438.1858076723,0,0,686.104952422312,8233.18861707819,0,5.3217206547034,1.197370532667,10.5950008083902,0,193.888416735242,0,1004.3588876898,7.28396284011639,0,0
"392",1985.16438356164,926.313086064988,4438.1858076723,0,0,686.104952422312,8233.18861707819,0,5.3217206547034,1.197370532667,10.5950008083902,0,193.888416735242,0,1004.3588876898,7.28396284011639,0,0
"393",1985.16438356164,926.313086064988,4438.1858076723,0,0,686.104952422312,8233.18861707819,0,5.3217206547034,1.197370532667,10.5950008083902,0,193.888416735242,0,1004.3588876898,7.28396284011639,0,0
"394",1985.20273972603,926.307460540335,4437.9120487403,0,0,685.154767172467,8231.67086327171,0,6.56345547413634,1.47675498931409,13.0629398647162,0,194.167801191889,0,1006.82682674613,7.283941272141,0,0
"395",1985.20273972603,926.307460540335,4437.9120487403,0,0,685.154767172467,8231.67086327171,0,6.56345547413634,1.47675498931409,13.0629398647162,0,194.167801191889,0,1006.82682674613,7.283941272141,0,0
"396",1985.20273972603,926.307460540335,4437.9120487403,0,0,685.154767172467,8231.67086327171,0,6.56345547413634,1.47675498931409,13.0629398647162,0,194.167801191889,0,1006.82682674613,7.283941272141,0,0
"397",1985.20273972603,926.307460540335,4437.9120487403,0,0,685.154767172467,8231.67086327171,0,6.56345547413634,1.47675498931409,13.0629398647162,0,194.167801191889,0,1006.82682674613,7.283941272141,0,0
"398",1985.20273972603,926.307460540335,4437.9120487403,0,0,685.154767172467,8231.67086327171,0,6.56345547413634,1.47675498931409,13.0629398647162,0,194.167801191889,0,1006.82682674613,7.283941272141,0,0
"399",1985.20273972603,926.307460540335,4437.9120487403,0,0,685.154767172467,8231.67086327171,0,6.56345547413634,1.47675498931409,13.0629398647162,0,194.167801191889,0,1006.82682674613,7.283941272141,0,0
"400",1985.20273972603,926.307460540335,4437.9120487403,0,0,685.154767172467,8231.67086327171,0,6.56345547413634,1.47675498931409,13.0629398647162,0,194.167801191889,0,1006.82682674613,7.283941272141,0,0
"401",1986,926.122412305741,4432.29014861957,0,0,667.871605069797,8197.99069918081,0,32.3738046399162,7.28370334464452,64.0262660582836,0,199.974749547219,0,1057.7901529397,10.3544047709088,0,0
"402",1986,926.122412305741,4432.29014861957,0,0,667.871605069797,8197.99069918081,0,0,0,0,0,199.974749547219,0,1057.7901529397,10.3544047709088,0,0
"403",1986,926.122412305741,4432.29014861957,0,0,667.871605069797,8197.99069918081,0,0,0,0,0,199.974749547219,0,1057.7901529397,10.3544047709088,0,0
"404",1986.16438356164,925.57049053099,4431.13999782985,0,0,669.340312158086,8190.73653980299,0,6.27881913392928,1.70207256446561,5.78545228952985,0,201.676822111685,0,1063.57560522923,10.3541442101531,0,0
"405",1986.16438356164,925.57049053099,4431.13999782985,0,0,669.340312158086,8190.73653980299,0,6.27881913392928,1.70207256446561,5.78545228952985,0,201.676822111685,0,1063.57560522923,10.3541442101531,0,0
"406",1986.16438356164,925.57049053099,4431.13999782985,0,0,669.340312158086,8190.73653980299,0,6.27881913392928,1.70207256446561,5.78545228952985,0,201.676822111685,0,1063.57560522923,10.3541442101531,0,0
"407",1986.16438356164,925.57049053099,4431.13999782985,0,0,669.340312158086,8190.73653980299,0,6.27881913392928,1.70207256446561,5.78545228952985,0,201.676822111685,0,1063.57560522923,10.3541442101531,0,0
"408",1986.16438356164,925.57049053099,4431.13999782985,0,0,669.340312158086,8190.73653980299,0,6.27881913392928,1.70207256446561,5.78545228952985,0,201.676822111685,0,1063.57560522923,10.3541442101531,0,0
"409",1986.16438356164,925.57049053099,4431.13999782985,0,0,669.340312158086,8190.73653980299,0,6.27881913392928,1.70207256446561,5.78545228952985,0,201.676822111685,0,1063.57560522923,10.3541442101531,0,0
"410",1986.20273972603,925.442783317129,4430.87056096703,0,0,669.665671328258,8189.06122207951,0,7.74387693184341,2.0992166411521,7.13541084284264,0,202.073966188371,0,1064.92556378254,10.3540828615966,0,0
"411",1986.20273972603,925.442783317129,4430.87056096703,0,0,669.665671328258,8189.06122207951,0,7.74387693184341,2.0992166411521,7.13541084284264,0,202.073966188371,0,1064.92556378254,10.3540828615966,0,0
"412",1986.20273972603,925.442783317129,4430.87056096703,0,0,669.665671328258,8189.06122207951,0,7.74387693184341,2.0992166411521,7.13541084284264,0,202.073966188371,0,1064.92556378254,10.3540828615966,0,0
"413",1986.20273972603,925.442783317129,4430.87056096703,0,0,669.665671328258,8189.06122207951,0,7.74387693184341,2.0992166411521,7.13541084284264,0,202.073966188371,0,1064.92556378254,10.3540828615966,0,0
"414",1986.20273972603,925.442783317129,4430.87056096703,0,0,669.665671328258,8189.06122207951,0,7.74387693184341,2.0992166411521,7.13541084284264,0,202.073966188371,0,1064.92556378254,10.3540828615966,0,0
"415",1986.20273972603,925.442783317129,4430.87056096703,0,0,669.665671328258,8189.06122207951,0,7.74387693184341,2.0992166411521,7.13541084284264,0,202.073966188371,0,1064.92556378254,10.3540828615966,0,0
"416",1986.20273972603,925.442783317129,4430.87056096703,0,0,669.665671328258,8189.06122207951,0,7.74387693184341,2.0992166411521,7.13541084284264,0,202.073966188371,0,1064.92556378254,10.3540828615966,0,0
"417",1987,922.875055343638,4425.1839104396,0,0,675.111728747159,8155.55475191712,0,38.1961490896186,10.3535951420741,35.1958235863323,0,210.328344689293,0,1092.98597652603,9.63191015627155,0,0
"418",1987,922.875055343638,4425.1839104396,0,0,675.111728747159,8155.55475191712,0,0,0,0,0,210.328344689293,0,1092.98597652603,9.63191015627155,0,0
"419",1987,922.875055343638,4425.1839104396,0,0,675.111728747159,8155.55475191712,0,0,0,0,0,210.328344689293,0,1092.98597652603,9.63191015627155,0,0
"420",1987.16438356164,922.482075833274,4423.99366316427,0,0,675.658277934112,8148.91291730227,0,4.73563283123046,1.58322678568801,6.09528542789976,0,211.911571474981,0,1099.08126195393,9.63068368156502,0,0
"421",1987.16438356164,922.482075833274,4423.99366316427,0,0,675.658277934112,8148.91291730227,0,4.73563283123046,1.58322678568801,6.09528542789976,0,211.911571474981,0,1099.08126195393,9.63068368156502,0,0
"422",1987.16438356164,922.482075833274,4423.99366316427,0,0,675.658277934112,8148.91291730227,0,4.73563283123046,1.58322678568801,6.09528542789976,0,211.911571474981,0,1099.08126195393,9.63068368156502,0,0
"423",1987.16438356164,922.482075833274,4423.99366316427,0,0,675.658277934112,8148.91291730227,0,4.73563283123046,1.58322678568801,6.09528542789976,0,211.911571474981,0,1099.08126195393,9.63068368156502,0,0
"424",1987.16438356164,922.482075833274,4423.99366316427,0,0,675.658277934112,8148.91291730227,0,4.73563283123046,1.58322678568801,6.09528542789976,0,211.911571474981,0,1099.08126195393,9.63068368156502,0,0
"425",1987.16438356164,922.482075833274,4423.99366316427,0,0,675.658277934112,8148.91291730227,0,4.73563283123046,1.58322678568801,6.09528542789976,0,211.911571474981,0,1099.08126195393,9.63068368156502,0,0
"426",1987.20273972603,922.390879844691,4423.71546852567,0,0,675.776147745676,8147.37265609099,0,5.84061382517991,1.95261741286916,7.51767682761516,0,212.280962102162,0,1100.50365335364,9.63039869408462,0,0
"427",1987.20273972603,922.390879844691,4423.71546852567,0,0,675.776147745676,8147.37265609099,0,5.84061382517991,1.95261741286916,7.51767682761516,0,212.280962102162,0,1100.50365335364,9.63039869408462,0,0
"428",1987.20273972603,922.390879844691,4423.71546852567,0,0,675.776147745676,8147.37265609099,0,5.84061382517991,1.95261741286916,7.51767682761516,0,212.280962102162,0,1100.50365335364,9.63039869408462,0,0
"429",1987.20273972603,922.390879844691,4423.71546852567,0,0,675.776147745676,8147.37265609099,0,5.84061382517991,1.95261741286916,7.51767682761516,0,212.280962102162,0,1100.50365335364,9.63039869408462,0,0
"430",1987.20273972603,922.390879844691,4423.71546852567,0,0,675.776147745676,8147.37265609099,0,5.84061382517991,1.95261741286916,7.51767682761516,0,212.280962102162,0,1100.50365335364,9.63039869408462,0,0
"431",1987.20273972603,922.390879844691,4423.71546852567,0,0,675.776147745676,8147.37265609099,0,5.84061382517991,1.95261741286916,7.51767682761516,0,212.280962102162,0,1100.50365335364,9.63039869408462,0,0
"432",1987.20273972603,922.390879844691,4423.71546852567,0,0,675.776147745676,8147.37265609099,0,5.84061382517991,1.95261741286916,7.51767682761516,0,212.280962102162,0,1100.50365335364,9.63039869408462,0,0
"433",1988,920.535609373374,4417.8951423928,0,0,677.494884230609,8116.07816765394,0,28.8084345198439,9.62821401706136,37.09342877973,0,219.956558706354,0,1130.07940530576,7.21524798355312,0,0
"434",1988,920.535609373374,4417.8951423928,0,0,677.494884230609,8116.07816765394,0,0,0,0,0,219.956558706354,0,1130.07940530576,7.21524798355312,0,0
"435",1988,920.535609373374,4417.8951423928,0,0,677.494884230609,8116.07816765394,0,0,0,0,0,219.956558706354,0,1130.07940530576,7.21524798355312,0,0
"436",1988.16438356164,920.553106521106,4416.69157127525,0,0,673.485024660624,8109.65646320766,0,5.26179717003195,1.18607396981362,10.4315640162642,0,221.142632676168,0,1140.51096932202,7.21531405757048,0,0
"437",1988.16438356164,920.553106521106,4416.69157127525,0,0,673.485024660624,8109.65646320766,0,5.26179717003195,1.18607396981362,10.4315640162642,0,221.142632676168,0,1140.51096932202,7.21531405757048,0,0
"438",1988.16438356164,920.553106521106,4416.69157127525,0,0,673.485024660624,8109.65646320766,0,5.26179717003195,1.18607396981362,10.4315640162642,0,221.142632676168,0,1140.51096932202,7.21531405757048,0,0
"439",1988.16438356164,920.553106521106,4416.69157127525,0,0,673.485024660624,8109.65646320766,0,5.26179717003195,1.18607396981362,10.4315640162642,0,221.142632676168,0,1140.51096932202,7.21531405757048,0,0
"440",1988.16438356164,920.553106521106,4416.69157127525,0,0,673.485024660624,8109.65646320766,0,5.26179717003195,1.18607396981362,10.4315640162642,0,221.142632676168,0,1140.51096932202,7.21531405757048,0,0
"441",1988.16438356164,920.553106521106,4416.69157127525,0,0,673.485024660624,8109.65646320766,0,5.26179717003195,1.18607396981362,10.4315640162642,0,221.142632676168,0,1140.51096932202,7.21531405757048,0,0
"442",1988.20273972603,920.556184171904,4416.41174163634,0,0,672.580380780081,8108.13115437539,0,6.48954984302561,1.46282595793444,12.861516729075,0,221.419384664289,0,1142.94092203483,7.21532567931991,0,0
"443",1988.20273972603,920.556184171904,4416.41174163634,0,0,672.580380780081,8108.13115437539,0,6.48954984302561,1.46282595793444,12.861516729075,0,221.419384664289,0,1142.94092203483,7.21532567931991,0,0
"444",1988.20273972603,920.556184171904,4416.41174163634,0,0,672.580380780081,8108.13115437539,0,6.48954984302561,1.46282595793444,12.861516729075,0,221.419384664289,0,1142.94092203483,7.21532567931991,0,0
"445",1988.20273972603,920.556184171904,4416.41174163634,0,0,672.580380780081,8108.13115437539,0,6.48954984302561,1.46282595793444,12.861516729075,0,221.419384664289,0,1142.94092203483,7.21532567931991,0,0
"446",1988.20273972603,920.556184171904,4416.41174163634,0,0,672.580380780081,8108.13115437539,0,6.48954984302561,1.46282595793444,12.861516729075,0,221.419384664289,0,1142.94092203483,7.21532567931991,0,0
"447",1988.20273972603,920.556184171904,4416.41174163634,0,0,672.580380780081,8108.13115437539,0,6.48954984302561,1.46282595793444,12.861516729075,0,221.419384664289,0,1142.94092203483,7.21532567931991,0,0
"448",1988.20273972603,920.556184171904,4416.41174163634,0,0,672.580380780081,8108.13115437539,0,6.48954984302561,1.46282595793444,12.861516729075,0,221.419384664289,0,1142.94092203483,7.21532567931991,0,0
"449",1989,920.539163839466,4410.67625485449,0,0,656.108280294381,8074.41758401728,0,32.0092711573562,7.21533307222058,63.0471875728784,0,227.171891778575,0,1193.12659287864,10.4157202976113,0,0
"450",1989,920.539163839466,4410.67625485449,0,0,656.108280294381,8074.41758401728,0,0,0,0,0,227.171891778575,0,1193.12659287864,10.4157202976113,0,0
"451",1989,920.539163839466,4410.67625485449,0,0,656.108280294381,8074.41758401728,0,0,0,0,0,227.171891778575,0,1193.12659287864,10.4157202976113,0,0
"452",1989.16438356164,919.998053719817,4409.50522545638,0,0,657.531100485875,8067.17688827945,0,6.31636731735214,1.71213951775457,5.81787554633521,0,228.88403129633,0,1198.94446842497,10.4153102543206,0,0
"453",1989.16438356164,919.998053719817,4409.50522545638,0,0,657.531100485875,8067.17688827945,0,6.31636731735214,1.71213951775457,5.81787554633521,0,228.88403129633,0,1198.94446842497,10.4153102543206,0,0
"454",1989.16438356164,919.998053719817,4409.50522545638,0,0,657.531100485875,8067.17688827945,0,6.31636731735214,1.71213951775457,5.81787554633521,0,228.88403129633,0,1198.94446842497,10.4153102543206,0,0
"455",1989.16438356164,919.998053719817,4409.50522545638,0,0,657.531100485875,8067.17688827945,0,6.31636731735214,1.71213951775457,5.81787554633521,0,228.88403129633,0,1198.94446842497,10.4153102543206,0,0
"456",1989.16438356164,919.998053719817,4409.50522545638,0,0,657.531100485875,8067.17688827945,0,6.31636731735214,1.71213951775457,5.81787554633521,0,228.88403129633,0,1198.94446842497,10.4153102543206,0,0
"457",1989.16438356164,919.998053719817,4409.50522545638,0,0,657.531100485875,8067.17688827945,0,6.31636731735214,1.71213951775457,5.81787554633521,0,228.88403129633,0,1198.94446842497,10.4153102543206,0,0
"458",1989.20273972603,919.872817922262,4409.23097174266,0,0,657.846044390172,8065.50433686559,0,7.79018635805722,2.11162902902883,7.17548305589978,0,229.283520807604,0,1200.30207593454,10.415214342326,0,0
"459",1989.20273972603,919.872817922262,4409.23097174266,0,0,657.846044390172,8065.50433686559,0,7.79018635805722,2.11162902902883,7.17548305589978,0,229.283520807604,0,1200.30207593454,10.415214342326,0,0
"460",1989.20273972603,919.872817922262,4409.23097174266,0,0,657.846044390172,8065.50433686559,0,7.79018635805722,2.11162902902883,7.17548305589978,0,229.283520807604,0,1200.30207593454,10.415214342326,0,0
"461",1989.20273972603,919.872817922262,4409.23097174266,0,0,657.846044390172,8065.50433686559,0,7.79018635805722,2.11162902902883,7.17548305589978,0,229.283520807604,0,1200.30207593454,10.415214342326,0,0
"462",1989.20273972603,919.872817922262,4409.23097174266,0,0,657.846044390172,8065.50433686559,0,7.79018635805722,2.11162902902883,7.17548305589978,0,229.283520807604,0,1200.30207593454,10.415214342326,0,0
"463",1989.20273972603,919.872817922262,4409.23097174266,0,0,657.846044390172,8065.50433686559,0,7.79018635805722,2.11162902902883,7.17548305589978,0,229.283520807604,0,1200.30207593454,10.415214342326,0,0
"464",1989.20273972603,919.872817922262,4409.23097174266,0,0,657.846044390172,8065.50433686559,0,7.79018635805722,2.11162902902883,7.17548305589978,0,229.283520807604,0,1200.30207593454,10.415214342326,0,0
"465",1990,917.352357769812,4403.44859589155,0,0,663.098328562446,8032.02662043692,0,38.4245665056248,10.4144650325917,35.4009153122972,0,237.586356811167,0,1228.52750819093,9.64153839483388,0,0
"466",1990,917.352357769812,4403.44859589155,0,0,663.098328562446,8032.02662043692,0,0,0,0,0,237.586356811167,0,1228.52750819093,9.64153839483388,0,0
"467",1990,917.352357769812,4403.44859589155,0,0,663.098328562446,8032.02662043692,0,0,0,0,0,237.586356811167,0,1228.52750819093,9.64153839483388,0,0
"468",1990.16438356164,916.976423572799,4402.23972099411,0,0,663.65263592013,8025.38546143128,0,4.75239732523815,1.5848090944525,6.08685164796098,0,239.171165905619,0,1234.6143598389,9.6403067382202,0,0
"469",1990.16438356164,916.976423572799,4402.23972099411,0,0,663.65263592013,8025.38546143128,0,4.75239732523815,1.5848090944525,6.08685164796098,0,239.171165905619,0,1234.6143598389,9.6403067382202,0,0
"470",1990.16438356164,916.976423572799,4402.23972099411,0,0,663.65263592013,8025.38546143128,0,4.75239732523815,1.5848090944525,6.08685164796098,0,239.171165905619,0,1234.6143598389,9.6403067382202,0,0
"471",1990.16438356164,916.976423572799,4402.23972099411,0,0,663.65263592013,8025.38546143128,0,4.75239732523815,1.5848090944525,6.08685164796098,0,239.171165905619,0,1234.6143598389,9.6403067382202,0,0
"472",1990.16438356164,916.976423572799,4402.23972099411,0,0,663.65263592013,8025.38546143128,0,4.75239732523815,1.5848090944525,6.08685164796098,0,239.171165905619,0,1234.6143598389,9.6403067382202,0,0
"473",1990.16438356164,916.976423572799,4402.23972099411,0,0,663.65263592013,8025.38546143128,0,4.75239732523815,1.5848090944525,6.08685164796098,0,239.171165905619,0,1234.6143598389,9.6403067382202,0,0
"474",1990.20273972603,916.889129622145,4401.95725524104,0,0,663.772228855396,8023.84541898235,0,5.861290034451,1.95456879817387,7.50730116161868,0,239.540925609341,0,1236.03480935255,9.6400204052088,0,0
"475",1990.20273972603,916.889129622145,4401.95725524104,0,0,663.772228855396,8023.84541898235,0,5.861290034451,1.95456879817387,7.50730116161868,0,239.540925609341,0,1236.03480935255,9.6400204052088,0,0
"476",1990.20273972603,916.889129622145,4401.95725524104,0,0,663.772228855396,8023.84541898235,0,5.861290034451,1.95456879817387,7.50730116161868,0,239.540925609341,0,1236.03480935255,9.6400204052088,0,0
"477",1990.20273972603,916.889129622145,4401.95725524104,0,0,663.772228855396,8023.84541898235,0,5.861290034451,1.95456879817387,7.50730116161868,0,239.540925609341,0,1236.03480935255,9.6400204052088,0,0
"478",1990.20273972603,916.889129622145,4401.95725524104,0,0,663.772228855396,8023.84541898235,0,5.861290034451,1.95456879817387,7.50730116161868,0,239.540925609341,0,1236.03480935255,9.6400204052088,0,0
"479",1990.20273972603,916.889129622145,4401.95725524104,0,0,663.772228855396,8023.84541898235,0,5.861290034451,1.95456879817387,7.50730116161868,0,239.540925609341,0,1236.03480935255,9.6400204052088,0,0
"480",1990.20273972603,916.889129622145,4401.95725524104,0,0,663.772228855396,8023.84541898235,0,5.861290034451,1.95456879817387,7.50730116161868,0,239.540925609341,0,1236.03480935255,9.6400204052088,0,0
"481",1991,915.108894417427,4396.05423659312,0,0,665.520706268817,7992.55983159408,0,28.9104179052636,9.63782265081823,37.0444111364736,0,247.224179461985,0,1265.57191932741,7.14747956427794,0,0
"482",1991,915.108894417427,4396.05423659312,0,0,665.520706268817,7992.55983159408,0,0,0,0,0,247.224179461985,0,1265.57191932741,7.14747956427794,0,0
"483",1991,915.108894417427,4396.05423659312,0,0,665.520706268817,7992.55983159408,0,0,0,0,0,247.224179461985,0,1265.57191932741,7.14747956427794,0,0
"484",1991.16438356164,915.15306165593,4394.83512731446,0,0,661.661819851074,7986.14501436628,0,5.20187368535531,1.17494204015363,10.2737036455465,0,248.399121502139,0,1275.84562297295,7.14764358419353,0,0
"485",1991.16438356164,915.15306165593,4394.83512731446,0,0,661.661819851074,7986.14501436628,0,5.20187368535531,1.17494204015363,10.2737036455465,0,248.399121502139,0,1275.84562297295,7.14764358419353,0,0
"486",1991.16438356164,915.15306165593,4394.83512731446,0,0,661.661819851074,7986.14501436628,0,5.20187368535531,1.17494204015363,10.2737036455465,0,248.399121502139,0,1275.84562297295,7.14764358419353,0,0
"487",1991.16438356164,915.15306165593,4394.83512731446,0,0,661.661819851074,7986.14501436628,0,5.20187368535531,1.17494204015363,10.2737036455465,0,248.399121502139,0,1275.84562297295,7.14764358419353,0,0
"488",1991.16438356164,915.15306165593,4394.83512731446,0,0,661.661819851074,7986.14501436628,0,5.20187368535531,1.17494204015363,10.2737036455465,0,248.399121502139,0,1275.84562297295,7.14764358419353,0,0
"489",1991.16438356164,915.15306165593,4394.83512731446,0,0,661.661819851074,7986.14501436628,0,5.20187368535531,1.17494204015363,10.2737036455465,0,248.399121502139,0,1275.84562297295,7.14764358419353,0,0
"490",1991.20273972603,915.162252783181,4394.55177934789,0,0,660.791095973573,7984.62250848879,0,6.41564421193073,1.4490988794729,12.6669334005331,0,248.673278341458,0,1278.23885272794,7.14767771408757,0,0
"491",1991.20273972603,915.162252783181,4394.55177934789,0,0,660.791095973573,7984.62250848879,0,6.41564421193073,1.4490988794729,12.6669334005331,0,248.673278341458,0,1278.23885272794,7.14767771408757,0,0
"492",1991.20273972603,915.162252783181,4394.55177934789,0,0,660.791095973573,7984.62250848879,0,6.41564421193073,1.4490988794729,12.6669334005331,0,248.673278341458,0,1278.23885272794,7.14767771408757,0,0
"493",1991.20273972603,915.162252783181,4394.55177934789,0,0,660.791095973573,7984.62250848879,0,6.41564421193073,1.4490988794729,12.6669334005331,0,248.673278341458,0,1278.23885272794,7.14767771408757,0,0
"494",1991.20273972603,915.162252783181,4394.55177934789,0,0,660.791095973573,7984.62250848879,0,6.41564421193073,1.4490988794729,12.6669334005331,0,248.673278341458,0,1278.23885272794,7.14767771408757,0,0
"495",1991.20273972603,915.162252783181,4394.55177934789,0,0,660.791095973573,7984.62250848879,0,6.41564421193073,1.4490988794729,12.6669334005331,0,248.673278341458,0,1278.23885272794,7.14767771408757,0,0
"496",1991.20273972603,915.162252783181,4394.55177934789,0,0,660.791095973573,7984.62250848879,0,6.41564421193073,1.4490988794729,12.6669334005331,0,248.673278341458,0,1278.23885272794,7.14767771408757,0,0
"497",1992,915.263477102532,4388.7517943302,0,0,644.925110357321,7951.05727330348,0,31.6447531267827,7.14785957781083,62.0981542021017,0,254.372039039796,0,1327.67007352951,10.4740244219421,0,0
"498",1992,915.263477102532,4388.7517943302,0,0,644.925110357321,7951.05727330348,0,0,0,0,0,254.372039039796,0,1327.67007352951,10.4740244219421,0,0
"499",1992,915.263477102532,4388.7517943302,0,0,644.925110357321,7951.05727330348,0,0,0,0,0,254.372039039796,0,1327.67007352951,10.4740244219421,0,0
"500",1992.16438356164,914.72442208866,4387.56913764562,0,0,646.277533695947,7943.86075344252,0,6.35391550079399,1.72171169844935,5.84409652232631,0,256.093750738245,0,1333.51417005184,10.4734679585054,0,0
"501",1992.16438356164,914.72442208866,4387.56913764562,0,0,646.277533695947,7943.86075344252,0,6.35391550079399,1.72171169844935,5.84409652232631,0,256.093750738245,0,1333.51417005184,10.4734679585054,0,0
"502",1992.16438356164,914.72442208866,4387.56913764562,0,0,646.277533695947,7943.86075344252,0,6.35391550079399,1.72171169844935,5.84409652232631,0,256.093750738245,0,1333.51417005184,10.4734679585054,0,0
"503",1992.16438356164,914.72442208866,4387.56913764562,0,0,646.277533695947,7943.86075344252,0,6.35391550079399,1.72171169844935,5.84409652232631,0,256.093750738245,0,1333.51417005184,10.4734679585054,0,0
"504",1992.16438356164,914.72442208866,4387.56913764562,0,0,646.277533695947,7943.86075344252,0,6.35391550079399,1.72171169844935,5.84409652232631,0,256.093750738245,0,1333.51417005184,10.4734679585054,0,0
"505",1992.16438356164,914.72442208866,4387.56913764562,0,0,646.277533695947,7943.86075344252,0,6.35391550079399,1.72171169844935,5.84409652232631,0,256.093750738245,0,1333.51417005184,10.4734679585054,0,0
"506",1992.20273972603,914.599652871446,4387.29218729322,0,0,646.57657544839,7942.19791496933,0,7.83649578429933,2.12343126806668,7.2078932430794,0,256.495470307863,0,1334.87796677259,10.4733381637209,0,0
"507",1992.20273972603,914.599652871446,4387.29218729322,0,0,646.57657544839,7942.19791496933,0,7.83649578429933,2.12343126806668,7.2078932430794,0,256.495470307863,0,1334.87796677259,10.4733381637209,0,0
"508",1992.20273972603,914.599652871446,4387.29218729322,0,0,646.57657544839,7942.19791496933,0,7.83649578429933,2.12343126806668,7.2078932430794,0,256.495470307863,0,1334.87796677259,10.4733381637209,0,0
"509",1992.20273972603,914.599652871446,4387.29218729322,0,0,646.57657544839,7942.19791496933,0,7.83649578429933,2.12343126806668,7.2078932430794,0,256.495470307863,0,1334.87796677259,10.4733381637209,0,0
"510",1992.20273972603,914.599652871446,4387.29218729322,0,0,646.57657544839,7942.19791496933,0,7.83649578429933,2.12343126806668,7.2078932430794,0,256.495470307863,0,1334.87796677259,10.4733381637209,0,0
"511",1992.20273972603,914.599652871446,4387.29218729322,0,0,646.57657544839,7942.19791496933,0,7.83649578429933,2.12343126806668,7.2078932430794,0,256.495470307863,0,1334.87796677259,10.4733381637209,0,0
"512",1992.20273972603,914.599652871446,4387.29218729322,0,0,646.57657544839,7942.19791496933,0,7.83649578429933,2.12343126806668,7.2078932430794,0,256.495470307863,0,1334.87796677259,10.4733381637209,0,0
"513",1993,912.087808945282,4381.45513132437,0,0,651.539496731416,7908.87573253906,0,38.6529664803102,10.4723311630818,35.5671543903242,0,264.844370202878,0,1363.23722791984,9.65060781584578,0,0
"514",1993,912.087808945282,4381.45513132437,0,0,651.539496731416,7908.87573253906,0,0,0,0,0,264.844370202878,0,1363.23722791984,9.65060781584578,0,0
"515",1993,912.087808945282,4381.45513132437,0,0,651.539496731416,7908.87573253906,0,0,0,0,0,264.844370202878,0,1363.23722791984,9.65060781584578,0,0
"516",1993.16438356164,911.721266194223,4380.2353760959,0,0,652.081976585279,7902.25815465399,0,4.769161819254,1.5862979795254,6.07509803120067,0,266.430668182403,0,1369.31232595104,9.64935203141487,0,0
"517",1993.16438356164,911.721266194223,4380.2353760959,0,0,652.081976585279,7902.25815465399,0,4.769161819254,1.5862979795254,6.07509803120067,0,266.430668182403,0,1369.31232595104,9.64935203141487,0,0
"518",1993.16438356164,911.721266194223,4380.2353760959,0,0,652.081976585279,7902.25815465399,0,4.769161819254,1.5862979795254,6.07509803120067,0,266.430668182403,0,1369.31232595104,9.64935203141487,0,0
"519",1993.16438356164,911.721266194223,4380.2353760959,0,0,652.081976585279,7902.25815465399,0,4.769161819254,1.5862979795254,6.07509803120067,0,266.430668182403,0,1369.31232595104,9.64935203141487,0,0
"520",1993.16438356164,911.721266194223,4380.2353760959,0,0,652.081976585279,7902.25815465399,0,4.769161819254,1.5862979795254,6.07509803120067,0,266.430668182403,0,1369.31232595104,9.64935203141487,0,0
"521",1993.16438356164,911.721266194223,4380.2353760959,0,0,652.081976585279,7902.25815465399,0,4.769161819254,1.5862979795254,6.07509803120067,0,266.430668182403,0,1369.31232595104,9.64935203141487,0,0
"522",1993.20273972603,911.636122163535,4379.95041358985,0,0,652.198904066287,7900.72350185051,0,5.88196624374095,1.95640451626601,7.49282335367642,0,266.800774719144,0,1370.73005127351,9.64906000797003,0,0
"523",1993.20273972603,911.636122163535,4379.95041358985,0,0,652.198904066287,7900.72350185051,0,5.88196624374095,1.95640451626601,7.49282335367642,0,266.800774719144,0,1370.73005127351,9.64906000797003,0,0
"524",1993.20273972603,911.636122163535,4379.95041358985,0,0,652.198904066287,7900.72350185051,0,5.88196624374095,1.95640451626601,7.49282335367642,0,266.800774719144,0,1370.73005127351,9.64906000797003,0,0
"525",1993.20273972603,911.636122163535,4379.95041358985,0,0,652.198904066287,7900.72350185051,0,5.88196624374095,1.95640451626601,7.49282335367642,0,266.800774719144,0,1370.73005127351,9.64906000797003,0,0
"526",1993.20273972603,911.636122163535,4379.95041358985,0,0,652.198904066287,7900.72350185051,0,5.88196624374095,1.95640451626601,7.49282335367642,0,266.800774719144,0,1370.73005127351,9.64906000797003,0,0
"527",1993.20273972603,911.636122163535,4379.95041358985,0,0,652.198904066287,7900.72350185051,0,5.88196624374095,1.95640451626601,7.49282335367642,0,266.800774719144,0,1370.73005127351,9.64906000797003,0,0
"528",1993.20273972603,911.636122163535,4379.95041358985,0,0,652.198904066287,7900.72350185051,0,5.88196624374095,1.95640451626601,7.49282335367642,0,266.800774719144,0,1370.73005127351,9.64906000797003,0,0
"529",1994,909.897223467356,4373.99889952063,0,0,653.899736391517,7869.54102237129,0,29.0124019699529,9.64681728166144,36.974470507669,0,274.491187484539,0,1400.2116984275,7.08008019725503,0,0
"530",1994,909.897223467356,4373.99889952063,0,0,653.899736391517,7869.54102237129,0,0,0,0,0,274.491187484539,0,1400.2116984275,7.08008019725503,0,0
"531",1994,909.897223467356,4373.99889952063,0,0,653.899736391517,7869.54102237129,0,0,0,0,0,274.491187484539,0,1400.2116984275,7.08008019725503,0,0
"532",1994.16438356164,909.961553815043,4372.77070065603,0,0,650.17298589746,7863.1496600705,0,5.14195020066606,1.16386851691574,10.1181127948445,0,275.655056001455,0,1410.32981122235,7.08031481852386,0,0
"533",1994.16438356164,909.961553815043,4372.77070065603,0,0,650.17298589746,7863.1496600705,0,5.14195020066606,1.16386851691574,10.1181127948445,0,275.655056001455,0,1410.32981122235,7.08031481852386,0,0
"534",1994.16438356164,909.961553815043,4372.77070065603,0,0,650.17298589746,7863.1496600705,0,5.14195020066606,1.16386851691574,10.1181127948445,0,275.655056001455,0,1410.32981122235,7.08031481852386,0,0
"535",1994.16438356164,909.961553815043,4372.77070065603,0,0,650.17298589746,7863.1496600705,0,5.14195020066606,1.16386851691574,10.1181127948445,0,275.655056001455,0,1410.32981122235,7.08031481852386,0,0
"536",1994.16438356164,909.961553815043,4372.77070065603,0,0,650.17298589746,7863.1496600705,0,5.14195020066606,1.16386851691574,10.1181127948445,0,275.655056001455,0,1410.32981122235,7.08031481852386,0,0
"537",1994.16438356164,909.961553815043,4372.77070065603,0,0,650.17298589746,7863.1496600705,0,5.14195020066606,1.16386851691574,10.1181127948445,0,275.655056001455,0,1410.32981122235,7.08031481852386,0,0
"538",1994.20273972603,909.975369007316,4372.48531078643,0,0,649.331962049373,7861.63366020409,0,6.34173858081861,1.43544319424364,12.4751365093418,0,275.926630678782,0,1412.68683493685,7.08036519906043,0,0
"539",1994.20273972603,909.975369007316,4372.48531078643,0,0,649.331962049373,7861.63366020409,0,6.34173858081861,1.43544319424364,12.4751365093418,0,275.926630678782,0,1412.68683493685,7.08036519906043,0,0
"540",1994.20273972603,909.975369007316,4372.48531078643,0,0,649.331962049373,7861.63366020409,0,6.34173858081861,1.43544319424364,12.4751365093418,0,275.926630678782,0,1412.68683493685,7.08036519906043,0,0
"541",1994.20273972603,909.975369007316,4372.48531078643,0,0,649.331962049373,7861.63366020409,0,6.34173858081861,1.43544319424364,12.4751365093418,0,275.926630678782,0,1412.68683493685,7.08036519906043,0,0
"542",1994.20273972603,909.975369007316,4372.48531078643,0,0,649.331962049373,7861.63366020409,0,6.34173858081861,1.43544319424364,12.4751365093418,0,275.926630678782,0,1412.68683493685,7.08036519906043,0,0
"543",1994.20273972603,909.975369007316,4372.48531078643,0,0,649.331962049373,7861.63366020409,0,6.34173858081861,1.43544319424364,12.4751365093418,0,275.926630678782,0,1412.68683493685,7.08036519906043,0,0
"544",1994.20273972603,909.975369007316,4372.48531078643,0,0,649.331962049373,7861.63366020409,0,6.34173858081861,1.43544319424364,12.4751365093418,0,275.926630678782,0,1412.68683493685,7.08036519906043,0,0
"545",1995,910.166207763204,4366.64925005068,0,0,633.997812946063,7828.28126741017,0,31.2802132411803,7.08066517410234,61.1616784065675,0,281.571852658641,0,1461.37337683407,10.5294676570547,0,0
"546",1995,910.166207763204,4366.64925005068,0,0,633.997812946063,7828.28126741017,0,0,0,0,0,281.571852658641,0,1461.37337683407,10.5294676570547,0,0
"547",1995,910.166207763204,4366.64925005068,0,0,633.997812946063,7828.28126741017,0,0,0,0,0,281.571852658641,0,1461.37337683407,10.5294676570547,0,0
"548",1995.16438356164,909.624320366315,4365.46032393252,0,0,635.274627020041,7821.13994213276,0,6.39146368422905,1.73081351505595,5.86451120343436,0,283.302666173697,0,1467.23788803751,10.528763798985,0,0
"549",1995.16438356164,909.624320366315,4365.46032393252,0,0,635.274627020041,7821.13994213276,0,6.39146368422905,1.73081351505595,5.86451120343436,0,283.302666173697,0,1467.23788803751,10.528763798985,0,0
"550",1995.16438356164,909.624320366315,4365.46032393252,0,0,635.274627020041,7821.13994213276,0,6.39146368422905,1.73081351505595,5.86451120343436,0,283.302666173697,0,1467.23788803751,10.528763798985,0,0
"551",1995.16438356164,909.624320366315,4365.46032393252,0,0,635.274627020041,7821.13994213276,0,6.39146368422905,1.73081351505595,5.86451120343436,0,283.302666173697,0,1467.23788803751,10.528763798985,0,0
"552",1995.16438356164,909.624320366315,4365.46032393252,0,0,635.274627020041,7821.13994213276,0,6.39146368422905,1.73081351505595,5.86451120343436,0,283.302666173697,0,1467.23788803751,10.528763798985,0,0
"553",1995.16438356164,909.624320366315,4365.46032393252,0,0,635.274627020041,7821.13994213276,0,6.39146368422905,1.73081351505595,5.86451120343436,0,283.302666173697,0,1467.23788803751,10.528763798985,0,0
"554",1995.20273972603,909.498898933614,4365.18190551226,0,0,635.556612023034,7819.48933708589,0,7.88280521054791,2.13465336801787,7.23313124731002,0,283.706506026659,0,1468.60650808138,10.5285998890573,0,0
"555",1995.20273972603,909.498898933614,4365.18190551226,0,0,635.556612023034,7819.48933708589,0,7.88280521054791,2.13465336801787,7.23313124731002,0,283.706506026659,0,1468.60650808138,10.5285998890573,0,0
"556",1995.20273972603,909.498898933614,4365.18190551226,0,0,635.556612023034,7819.48933708589,0,7.88280521054791,2.13465336801787,7.23313124731002,0,283.706506026659,0,1468.60650808138,10.5285998890573,0,0
"557",1995.20273972603,909.498898933614,4365.18190551226,0,0,635.556612023034,7819.48933708589,0,7.88280521054791,2.13465336801787,7.23313124731002,0,283.706506026659,0,1468.60650808138,10.5285998890573,0,0
"558",1995.20273972603,909.498898933614,4365.18190551226,0,0,635.556612023034,7819.48933708589,0,7.88280521054791,2.13465336801787,7.23313124731002,0,283.706506026659,0,1468.60650808138,10.5285998890573,0,0
"559",1995.20273972603,909.498898933614,4365.18190551226,0,0,635.556612023034,7819.48933708589,0,7.88280521054791,2.13465336801787,7.23313124731002,0,283.706506026659,0,1468.60650808138,10.5285998890573,0,0
"560",1995.20273972603,909.498898933614,4365.18190551226,0,0,635.556612023034,7819.48933708589,0,7.88280521054791,2.13465336801787,7.23313124731002,0,283.706506026659,0,1468.60650808138,10.5285998890573,0,0
"561",1996,906.974222965007,4359.31390475394,0,0,640.209907076356,7786.37217723465,0,38.881341484909,10.5273300949417,35.6969960452339,0,292.099182753583,0,1497.07037287931,9.65886933425384,0,0
"562",1996,906.974222965007,4359.31390475394,0,0,640.209907076356,7786.37217723465,0,0,0,0,0,292.099182753583,0,1497.07037287931,9.65886933425384,0,0
"563",1996,906.974222965007,4359.31390475394,0,0,640.209907076356,7786.37217723465,0,0,0,0,0,292.099182753583,0,1497.07037287931,9.65886933425384,0,0
"564",1996.16438356164,906.612691188974,4358.0877834211,0,0,640.73490651157,7779.78735381286,0,4.78592631326035,1.58765310887039,6.05982398657973,0,293.686835862453,0,1503.13019686589,9.65757791489624,0,0
"565",1996.16438356164,906.612691188974,4358.0877834211,0,0,640.73490651157,7779.78735381286,0,4.78592631326035,1.58765310887039,6.05982398657973,0,293.686835862453,0,1503.13019686589,9.65757791489624,0,0
"566",1996.16438356164,906.612691188974,4358.0877834211,0,0,640.73490651157,7779.78735381286,0,4.78592631326035,1.58765310887039,6.05982398657973,0,293.686835862453,0,1503.13019686589,9.65757791489624,0,0
"567",1996.16438356164,906.612691188974,4358.0877834211,0,0,640.73490651157,7779.78735381286,0,4.78592631326035,1.58765310887039,6.05982398657973,0,293.686835862453,0,1503.13019686589,9.65757791489624,0,0
"568",1996.16438356164,906.612691188974,4358.0877834211,0,0,640.73490651157,7779.78735381286,0,4.78592631326035,1.58765310887039,6.05982398657973,0,293.686835862453,0,1503.13019686589,9.65757791489624,0,0
"569",1996.16438356164,906.612691188974,4358.0877834211,0,0,640.73490651157,7779.78735381286,0,4.78592631326035,1.58765310887039,6.05982398657973,0,293.686835862453,0,1503.13019686589,9.65757791489624,0,0
"570",1996.20273972603,906.528694383218,4357.80135833678,0,0,640.847905521606,7778.26017899545,0,5.90264245301747,1.95807499894717,7.47399979394659,0,294.05725775253,0,1504.54437267325,9.65727756378944,0,0
"571",1996.20273972603,906.528694383218,4357.80135833678,0,0,640.847905521606,7778.26017899545,0,5.90264245301747,1.95807499894717,7.47399979394659,0,294.05725775253,0,1504.54437267325,9.65727756378944,0,0
"572",1996.20273972603,906.528694383218,4357.80135833678,0,0,640.847905521606,7778.26017899545,0,5.90264245301747,1.95807499894717,7.47399979394659,0,294.05725775253,0,1504.54437267325,9.65727756378944,0,0
"573",1996.20273972603,906.528694383218,4357.80135833678,0,0,640.847905521606,7778.26017899545,0,5.90264245301747,1.95807499894717,7.47399979394659,0,294.05725775253,0,1504.54437267325,9.65727756378944,0,0
"574",1996.20273972603,906.528694383218,4357.80135833678,0,0,640.847905521606,7778.26017899545,0,5.90264245301747,1.95807499894717,7.47399979394659,0,294.05725775253,0,1504.54437267325,9.65727756378944,0,0
"575",1996.20273972603,906.528694383218,4357.80135833678,0,0,640.847905521606,7778.26017899545,0,5.90264245301747,1.95807499894717,7.47399979394659,0,294.05725775253,0,1504.54437267325,9.65727756378944,0,0
"576",1996.20273972603,906.528694383218,4357.80135833678,0,0,640.847905521606,7778.26017899545,0,5.90264245301747,1.95807499894717,7.47399979394659,0,294.05725775253,0,1504.54437267325,9.65727756378944,0,0
"577",1997,904.811872253193,4351.82128527206,0,0,642.478715614436,7747.22063180381,0,29.1143851674022,9.65497019369651,36.8827368927575,0,301.754152947279,0,1533.95310977206,7.01267091906053,0,0
"578",1997,904.811872253193,4351.82128527206,0,0,642.478715614436,7747.22063180381,0,0,0,0,0,301.754152947279,0,1533.95310977206,7.01267091906053,0,0
"579",1997,904.811872253193,4351.82128527206,0,0,642.478715614436,7747.22063180381,0,0,0,0,0,301.754152947279,0,1533.95310977206,7.01267091906053,0,0
"580",1997.16438356164,904.892600129998,4350.58776538736,0,0,638.875684126386,7740.85989599325,0,5.08202671599074,1.15279200789621,9.96376729861047,0,302.906944955176,0,1543.91687707067,7.01295972675664,0,0
"581",1997.16438356164,904.892600129998,4350.58776538736,0,0,638.875684126386,7740.85989599325,0,5.08202671599074,1.15279200789621,9.96376729861047,0,302.906944955176,0,1543.91687707067,7.01295972675664,0,0
"582",1997.16438356164,904.892600129998,4350.58776538736,0,0,638.875684126386,7740.85989599325,0,5.08202671599074,1.15279200789621,9.96376729861047,0,302.906944955176,0,1543.91687707067,7.01295972675664,0,0
"583",1997.16438356164,904.892600129998,4350.58776538736,0,0,638.875684126386,7740.85989599325,0,5.08202671599074,1.15279200789621,9.96376729861047,0,302.906944955176,0,1543.91687707067,7.01295972675664,0,0
"584",1997.16438356164,904.892600129998,4350.58776538736,0,0,638.875684126386,7740.85989599325,0,5.08202671599074,1.15279200789621,9.96376729861047,0,302.906944955176,0,1543.91687707067,7.01295972675664,0,0
"585",1997.16438356164,904.892600129998,4350.58776538736,0,0,638.875684126386,7740.85989599325,0,5.08202671599074,1.15279200789621,9.96376729861047,0,302.906944955176,0,1543.91687707067,7.01295972675664,0,0
"586",1997.20273972603,904.91017750995,4350.30119657374,0,0,638.062473441775,7739.35200295912,0,6.2678329497283,1.4217834415639,12.2848710173528,0,303.175936388843,0,1546.23798078942,7.01302260205168,0,0
"587",1997.20273972603,904.91017750995,4350.30119657374,0,0,638.062473441775,7739.35200295912,0,6.2678329497283,1.4217834415639,12.2848710173528,0,303.175936388843,0,1546.23798078942,7.01302260205168,0,0
"588",1997.20273972603,904.91017750995,4350.30119657374,0,0,638.062473441775,7739.35200295912,0,6.2678329497283,1.4217834415639,12.2848710173528,0,303.175936388843,0,1546.23798078942,7.01302260205168,0,0
"589",1997.20273972603,904.91017750995,4350.30119657374,0,0,638.062473441775,7739.35200295912,0,6.2678329497283,1.4217834415639,12.2848710173528,0,303.175936388843,0,1546.23798078942,7.01302260205168,0,0
"590",1997.20273972603,904.91017750995,4350.30119657374,0,0,638.062473441775,7739.35200295912,0,6.2678329497283,1.4217834415639,12.2848710173528,0,303.175936388843,0,1546.23798078942,7.01302260205168,0,0
"591",1997.20273972603,904.91017750995,4350.30119657374,0,0,638.062473441775,7739.35200295912,0,6.2678329497283,1.4217834415639,12.2848710173528,0,303.175936388843,0,1546.23798078942,7.01302260205168,0,0
"592",1997.20273972603,904.91017750995,4350.30119657374,0,0,638.062473441775,7739.35200295912,0,6.2678329497283,1.4217834415639,12.2848710173528,0,303.175936388843,0,1546.23798078942,7.01302260205168,0,0
"593",1998,905.174069282167,4344.44567775302,0,0,623.226766141525,7706.24026060256,0,30.9156664658183,7.01341049006936,60.2323206741644,0,308.767563437349,0,1594.18543044623,10.5821391568832,0,0
"594",1998,905.174069282167,4344.44567775302,0,0,623.226766141525,7706.24026060256,0,0,0,0,0,308.767563437349,0,1594.18543044623,10.5821391568832,0,0
"595",1998,905.174069282167,4344.44567775302,0,0,623.226766141525,7706.24026060256,0,0,0,0,0,308.767563437349,0,1594.18543044623,10.5821391568832,0,0
"596",1998.16438356164,904.626667155688,4343.2536203747,0,0,624.42875174639,7699.15890460382,0,6.42901186763872,1.73945950479246,5.87937039387378,0,310.507022942141,0,1600.0648008401,10.58128549773,0,0
"597",1998.16438356164,904.626667155688,4343.2536203747,0,0,624.42875174639,7699.15890460382,0,6.42901186763872,1.73945950479246,5.87937039387378,0,310.507022942141,0,1600.0648008401,10.58128549773,0,0
"598",1998.16438356164,904.626667155688,4343.2536203747,0,0,624.42875174639,7699.15890460382,0,6.42901186763872,1.73945950479246,5.87937039387378,0,310.507022942141,0,1600.0648008401,10.58128549773,0,0
"599",1998.16438356164,904.626667155688,4343.2536203747,0,0,624.42875174639,7699.15890460382,0,6.42901186763872,1.73945950479246,5.87937039387378,0,310.507022942141,0,1600.0648008401,10.58128549773,0,0
"600",1998.16438356164,904.626667155688,4343.2536203747,0,0,624.42875174639,7699.15890460382,0,6.42901186763872,1.73945950479246,5.87937039387378,0,310.507022942141,0,1600.0648008401,10.58128549773,0,0
"601",1998.16438356164,904.626667155688,4343.2536203747,0,0,624.42875174639,7699.15890460382,0,6.42901186763872,1.73945950479246,5.87937039387378,0,310.507022942141,0,1600.0648008401,10.58128549773,0,0
"602",1998.20273972603,904.499979693778,4342.97445411656,0,0,624.693869438142,7697.52164951282,0,7.9291146367512,2.14531322484634,7.25150779312473,0,310.912876662195,0,1601.43693823935,10.5810869185504,0,0
"603",1998.20273972603,904.499979693778,4342.97445411656,0,0,624.693869438142,7697.52164951282,0,7.9291146367512,2.14531322484634,7.25150779312473,0,310.912876662195,0,1601.43693823935,10.5810869185504,0,0
"604",1998.20273972603,904.499979693778,4342.97445411656,0,0,624.693869438142,7697.52164951282,0,7.9291146367512,2.14531322484634,7.25150779312473,0,310.912876662195,0,1601.43693823935,10.5810869185504,0,0
"605",1998.20273972603,904.499979693778,4342.97445411656,0,0,624.693869438142,7697.52164951282,0,7.9291146367512,2.14531322484634,7.25150779312473,0,310.912876662195,0,1601.43693823935,10.5810869185504,0,0
"606",1998.20273972603,904.499979693778,4342.97445411656,0,0,624.693869438142,7697.52164951282,0,7.9291146367512,2.14531322484634,7.25150779312473,0,310.912876662195,0,1601.43693823935,10.5810869185504,0,0
"607",1998.20273972603,904.499979693778,4342.97445411656,0,0,624.693869438142,7697.52164951282,0,7.9291146367512,2.14531322484634,7.25150779312473,0,310.912876662195,0,1601.43693823935,10.5810869185504,0,0
"608",1998.20273972603,904.499979693778,4342.97445411656,0,0,624.693869438142,7697.52164951282,0,7.9291146367512,2.14531322484634,7.25150779312473,0,310.912876662195,0,1601.43693823935,10.5810869185504,0,0
"609",1999,901.950605700877,4337.08958010468,0,0,629.042717300319,7664.63223700837,0,39.1098219587776,10.5795612296258,35.7920724353897,0,319.347124666975,0,1629.97750288162,9.66617916680275,0,0
"610",1999,901.950605700877,4337.08958010468,0,0,629.042717300319,7664.63223700837,0,0,0,0,0,319.347124666975,0,1629.97750288162,9.66617916680275,0,0
"611",1999,901.950605700877,4337.08958010468,0,0,629.042717300319,7664.63223700837,0,0,0,0,0,319.347124666975,0,1629.97750288162,9.66617916680275,0,0
"612",1999.16438356164,901.591577418196,4335.85975716,0,0,629.548815092487,7658.08507313638,0,4.80269080727581,1.58885122736008,6.04106607982569,0,320.935975894335,0,1636.01856896144,9.66484521692554,0,0
"613",1999.16438356164,901.591577418196,4335.85975716,0,0,629.548815092487,7658.08507313638,0,4.80269080727581,1.58885122736008,6.04106607982569,0,320.935975894335,0,1636.01856896144,9.66484521692554,0,0
"614",1999.16438356164,901.591577418196,4335.85975716,0,0,629.548815092487,7658.08507313638,0,4.80269080727581,1.58885122736008,6.04106607982569,0,320.935975894335,0,1636.01856896144,9.66484521692554,0,0
"615",1999.16438356164,901.591577418196,4335.85975716,0,0,629.548815092487,7658.08507313638,0,4.80269080727581,1.58885122736008,6.04106607982569,0,320.935975894335,0,1636.01856896144,9.66484521692554,0,0
"616",1999.16438356164,901.591577418196,4335.85975716,0,0,629.548815092487,7658.08507313638,0,4.80269080727581,1.58885122736008,6.04106607982569,0,320.935975894335,0,1636.01856896144,9.66484521692554,0,0
"617",1999.16438356164,901.591577418196,4335.85975716,0,0,629.548815092487,7658.08507313638,0,4.80269080727581,1.58885122736008,6.04106607982569,0,320.935975894335,0,1636.01856896144,9.66484521692554,0,0
"618",1999.20273972603,901.508153942051,4335.57248019036,0,0,629.657571597292,7656.56650572389,0,5.92331866230013,1.95955167315161,7.45087698750792,0,321.306676340127,0,1637.42837986912,9.66453495902878,0,0
"619",1999.20273972603,901.508153942051,4335.57248019036,0,0,629.657571597292,7656.56650572389,0,5.92331866230013,1.95955167315161,7.45087698750792,0,321.306676340127,0,1637.42837986912,9.66453495902878,0,0
"620",1999.20273972603,901.508153942051,4335.57248019036,0,0,629.657571597292,7656.56650572389,0,5.92331866230013,1.95955167315161,7.45087698750792,0,321.306676340127,0,1637.42837986912,9.66453495902878,0,0
"621",1999.20273972603,901.508153942051,4335.57248019036,0,0,629.657571597292,7656.56650572389,0,5.92331866230013,1.95955167315161,7.45087698750792,0,321.306676340127,0,1637.42837986912,9.66453495902878,0,0
"622",1999.20273972603,901.508153942051,4335.57248019036,0,0,629.657571597292,7656.56650572389,0,5.92331866230013,1.95955167315161,7.45087698750792,0,321.306676340127,0,1637.42837986912,9.66453495902878,0,0
"623",1999.20273972603,901.508153942051,4335.57248019036,0,0,629.657571597292,7656.56650572389,0,5.92331866230013,1.95955167315161,7.45087698750792,0,321.306676340127,0,1637.42837986912,9.66453495902878,0,0
"624",1999.20273972603,901.508153942051,4335.57248019036,0,0,629.657571597292,7656.56650572389,0,5.92331866230013,1.95955167315161,7.45087698750792,0,321.306676340127,0,1637.42837986912,9.66453495902878,0,0
"625",2000,899.802380965445,4329.57565979015,0,0,631.213242510273,7625.69207912912,0,29.2163721735692,9.66214504996656,36.769632669294,0,329.009269716942,0,1666.74713555091,6.9450279878547,0,0
"626",2000,899.802380965445,4329.57565979015,0,0,631.213242510273,7625.69207912912,0,0,0,0,0,329.009269716942,0,1666.74713555091,6.9450279878547,0,0
"627",2000,899.802380965445,4329.57565979015,0,0,631.213242510273,7625.69207912912,0,0,0,0,0,329.009269716942,0,1666.74713555091,6.9450279878547,0,0
"628",2000.16438356164,899.897311248742,4328.33905326318,0,0,627.728711138496,7619.36622864385,0,5.02210323130017,1.14167624367372,9.81038185705122,0,330.150945960615,0,1676.55751740796,6.945360739433,0,0
"629",2000.16438356164,899.897311248742,4328.33905326318,0,0,627.728711138496,7619.36622864385,0,5.02210323130017,1.14167624367372,9.81038185705122,0,330.150945960615,0,1676.55751740796,6.945360739433,0,0
"630",2000.16438356164,899.897311248742,4328.33905326318,0,0,627.728711138496,7619.36622864385,0,5.02210323130017,1.14167624367372,9.81038185705122,0,330.150945960615,0,1676.55751740796,6.945360739433,0,0
"631",2000.16438356164,899.897311248742,4328.33905326318,0,0,627.728711138496,7619.36622864385,0,5.02210323130017,1.14167624367372,9.81038185705122,0,330.150945960615,0,1676.55751740796,6.945360739433,0,0
"632",2000.16438356164,899.897311248742,4328.33905326318,0,0,627.728711138496,7619.36622864385,0,5.02210323130017,1.14167624367372,9.81038185705122,0,330.150945960615,0,1676.55751740796,6.945360739433,0,0
"633",2000.16438356164,899.897311248742,4328.33905326318,0,0,627.728711138496,7619.36622864385,0,5.02210323130017,1.14167624367372,9.81038185705122,0,330.150945960615,0,1676.55751740796,6.945360739433,0,0
"634",2000.20273972603,899.918148435326,4328.05181728635,0,0,626.942142784467,7617.86739133241,0,6.19392731860628,1.40807503391654,12.0957875225195,0,330.417344750858,0,1678.84292307343,6.94543376620284,0,0
"635",2000.20273972603,899.918148435326,4328.05181728635,0,0,626.942142784467,7617.86739133241,0,6.19392731860628,1.40807503391654,12.0957875225195,0,330.417344750858,0,1678.84292307343,6.94543376620284,0,0
"636",2000.20273972603,899.918148435326,4328.05181728635,0,0,626.942142784467,7617.86739133241,0,6.19392731860628,1.40807503391654,12.0957875225195,0,330.417344750858,0,1678.84292307343,6.94543376620284,0,0
"637",2000.20273972603,899.918148435326,4328.05181728635,0,0,626.942142784467,7617.86739133241,0,6.19392731860628,1.40807503391654,12.0957875225195,0,330.417344750858,0,1678.84292307343,6.94543376620284,0,0
"638",2000.20273972603,899.918148435326,4328.05181728635,0,0,626.942142784467,7617.86739133241,0,6.19392731860628,1.40807503391654,12.0957875225195,0,330.417344750858,0,1678.84292307343,6.94543376620284,0,0
"639",2000.20273972603,899.918148435326,4328.05181728635,0,0,626.942142784467,7617.86739133241,0,6.19392731860628,1.40807503391654,12.0957875225195,0,330.417344750858,0,1678.84292307343,6.94543376620284,0,0
"640",2000.20273972603,899.918148435326,4328.05181728635,0,0,626.942142784467,7617.86739133241,0,6.19392731860628,1.40807503391654,12.0957875225195,0,330.417344750858,0,1678.84292307343,6.94543376620284,0,0
"641",2001,900.24543647669,4322.18670703414,0,0,612.584147568803,7585.01263009418,0,30.5511301051836,6.94589724476097,59.3085439764126,0,335.955166961703,0,1726.05567952732,10.632103313376,0,0
"642",2001,900.24543647669,4322.18670703414,0,0,612.584147568803,7585.01263009418,0,0,0,0,0,335.955166961703,0,1726.05567952732,10.632103313376,0,0
"643",2001,900.24543647669,4322.18670703414,0,0,612.584147568803,7585.01263009418,0,0,0,0,0,335.955166961703,0,1726.05567952732,10.632103313376,0,0
"644",2001.16438356164,899.691097515954,4320.99338576817,0,0,613.713789741161,7577.99407759301,0,6.46656005109724,1.74766022670338,5.88891032880841,0,337.702827188406,0,1731.94458985613,10.631097133249,0,0
"645",2001.16438356164,899.691097515954,4320.99338576817,0,0,613.713789741161,7577.99407759301,0,6.46656005109724,1.74766022670338,5.88891032880841,0,337.702827188406,0,1731.94458985613,10.631097133249,0,0
"646",2001.16438356164,899.691097515954,4320.99338576817,0,0,613.713789741161,7577.99407759301,0,6.46656005109724,1.74766022670338,5.88891032880841,0,337.702827188406,0,1731.94458985613,10.631097133249,0,0
"647",2001.16438356164,899.691097515954,4320.99338576817,0,0,613.713789741161,7577.99407759301,0,6.46656005109724,1.74766022670338,5.88891032880841,0,337.702827188406,0,1731.94458985613,10.631097133249,0,0
"648",2001.16438356164,899.691097515954,4320.99338576817,0,0,613.713789741161,7577.99407759301,0,6.46656005109724,1.74766022670338,5.88891032880841,0,337.702827188406,0,1731.94458985613,10.631097133249,0,0
"649",2001.16438356164,899.691097515954,4320.99338576817,0,0,613.713789741161,7577.99407759301,0,6.46656005109724,1.74766022670338,5.88891032880841,0,337.702827188406,0,1731.94458985613,10.631097133249,0,0
"650",2001.20273972603,899.562818791163,4320.71390086547,0,0,613.962610996665,7576.37085137769,0,7.97542406301872,2.15542385419816,7.26331528862187,0,338.110590815901,0,1733.31899481594,10.630863262427,0,0
"651",2001.20273972603,899.562818791163,4320.71390086547,0,0,613.962610996665,7576.37085137769,0,7.97542406301872,2.15542385419816,7.26331528862187,0,338.110590815901,0,1733.31899481594,10.630863262427,0,0
"652",2001.20273972603,899.562818791163,4320.71390086547,0,0,613.962610996665,7576.37085137769,0,7.97542406301872,2.15542385419816,7.26331528862187,0,338.110590815901,0,1733.31899481594,10.630863262427,0,0
"653",2001.20273972603,899.562818791163,4320.71390086547,0,0,613.962610996665,7576.37085137769,0,7.97542406301872,2.15542385419816,7.26331528862187,0,338.110590815901,0,1733.31899481594,10.630863262427,0,0
"654",2001.20273972603,899.562818791163,4320.71390086547,0,0,613.962610996665,7576.37085137769,0,7.97542406301872,2.15542385419816,7.26331528862187,0,338.110590815901,0,1733.31899481594,10.630863262427,0,0
"655",2001.20273972603,899.562818791163,4320.71390086547,0,0,613.962610996665,7576.37085137769,0,7.97542406301872,2.15542385419816,7.26331528862187,0,338.110590815901,0,1733.31899481594,10.630863262427,0,0
"656",2001.20273972603,899.562818791163,4320.71390086547,0,0,613.962610996665,7576.37085137769,0,7.97542406301872,2.15542385419816,7.26331528862187,0,338.110590815901,0,1733.31899481594,10.630863262427,0,0
"657",2002,896.982600136325,4314.82047369936,0,0,618.017318223285,7543.72550528244,0,39.3382385588685,10.6290696751419,35.8539541572614,0,346.584236636844,0,1761.90963368458,9.67245947399359,0,0
"658",2002,896.982600136325,4314.82047369936,0,0,618.017318223285,7543.72550528244,0,0,0,0,0,346.584236636844,0,1761.90963368458,9.67245947399359,0,0
"659",2002,896.982600136325,4314.82047369936,0,0,618.017318223285,7543.72550528244,0,0,0,0,0,346.584236636844,0,1761.90963368458,9.67245947399359,0,0
"660",2002.16438356164,896.624632570981,4313.5885614944,0,0,618.504475150355,7537.21940790459,0,4.81945530128291,1.58987977030398,6.01894045077502,0,348.174116407148,0,1767.92857413536,9.67107889525241,0,0
"661",2002.16438356164,896.624632570981,4313.5885614944,0,0,618.504475150355,7537.21940790459,0,4.81945530128291,1.58987977030398,6.01894045077502,0,348.174116407148,0,1767.92857413536,9.67107889525241,0,0
"662",2002.16438356164,896.624632570981,4313.5885614944,0,0,618.504475150355,7537.21940790459,0,4.81945530128291,1.58987977030398,6.01894045077502,0,348.174116407148,0,1767.92857413536,9.67107889525241,0,0
"663",2002.16438356164,896.624632570981,4313.5885614944,0,0,618.504475150355,7537.21940790459,0,4.81945530128291,1.58987977030398,6.01894045077502,0,348.174116407148,0,1767.92857413536,9.67107889525241,0,0
"664",2002.16438356164,896.624632570981,4313.5885614944,0,0,618.504475150355,7537.21940790459,0,4.81945530128291,1.58987977030398,6.01894045077502,0,348.174116407148,0,1767.92857413536,9.67107889525241,0,0
"665",2002.16438356164,896.624632570981,4313.5885614944,0,0,618.504475150355,7537.21940790459,0,4.81945530128291,1.58987977030398,6.01894045077502,0,348.174116407148,0,1767.92857413536,9.67107889525241,0,0
"666",2002.20273972603,896.541452276826,4313.30080245077,0,0,618.60898481322,7535.71023991995,0,5.94399487158571,1.96081910809336,7.42359877255021,0,348.545055744938,0,1769.33323245713,9.67075779307828,0,0
"667",2002.20273972603,896.541452276826,4313.30080245077,0,0,618.60898481322,7535.71023991995,0,5.94399487158571,1.96081910809336,7.42359877255021,0,348.545055744938,0,1769.33323245713,9.67075779307828,0,0
"668",2002.20273972603,896.541452276826,4313.30080245077,0,0,618.60898481322,7535.71023991995,0,5.94399487158571,1.96081910809336,7.42359877255021,0,348.545055744938,0,1769.33323245713,9.67075779307828,0,0
"669",2002.20273972603,896.541452276826,4313.30080245077,0,0,618.60898481322,7535.71023991995,0,5.94399487158571,1.96081910809336,7.42359877255021,0,348.545055744938,0,1769.33323245713,9.67075779307828,0,0
"670",2002.20273972603,896.541452276826,4313.30080245077,0,0,618.60898481322,7535.71023991995,0,5.94399487158571,1.96081910809336,7.42359877255021,0,348.545055744938,0,1769.33323245713,9.67075779307828,0,0
"671",2002.20273972603,896.541452276826,4313.30080245077,0,0,618.60898481322,7535.71023991995,0,5.94399487158571,1.96081910809336,7.42359877255021,0,348.545055744938,0,1769.33323245713,9.67075779307828,0,0
"672",2002.20273972603,896.541452276826,4313.30080245077,0,0,618.60898481322,7535.71023991995,0,5.94399487158571,1.96081910809336,7.42359877255021,0,348.545055744938,0,1769.33323245713,9.67075779307828,0,0
"673",2003,894.84036613204,4307.29441540957,0,0,620.090090145975,7505.01697538511,0,29.3183530842632,9.66829229407535,36.6357579746408,0,356.25252893092,0,1798.54539165922,6.87701541702095,0,0
"674",2003,894.84036613204,4307.29441540957,0,0,620.090090145975,7505.01697538511,0,0,0,0,0,356.25252893092,0,1798.54539165922,6.87701541702095,0,0
"675",2003,894.84036613204,4307.29441540957,0,0,620.090090145975,7505.01697538511,0,0,0,0,0,356.25252893092,0,1798.54539165922,6.87701541702095,0,0
"676",2003.16438356164,894.948198804073,4306.05608358232,0,0,616.719959151227,7498.72922151428,0,4.9621797466362,1.13049915522358,9.65788486557877,0,357.383028086143,0,1808.2032765248,6.87738531784458,0,0
"677",2003.16438356164,894.948198804073,4306.05608358232,0,0,616.719959151227,7498.72922151428,0,4.9621797466362,1.13049915522358,9.65788486557877,0,357.383028086143,0,1808.2032765248,6.87738531784458,0,0
"678",2003.16438356164,894.948198804073,4306.05608358232,0,0,616.719959151227,7498.72922151428,0,4.9621797466362,1.13049915522358,9.65788486557877,0,357.383028086143,0,1808.2032765248,6.87738531784458,0,0
"679",2003.16438356164,894.948198804073,4306.05608358232,0,0,616.719959151227,7498.72922151428,0,4.9621797466362,1.13049915522358,9.65788486557877,0,357.383028086143,0,1808.2032765248,6.87738531784458,0,0
"680",2003.16438356164,894.948198804073,4306.05608358232,0,0,616.719959151227,7498.72922151428,0,4.9621797466362,1.13049915522358,9.65788486557877,0,357.383028086143,0,1808.2032765248,6.87738531784458,0,0
"681",2003.16438356164,894.948198804073,4306.05608358232,0,0,616.719959151227,7498.72922151428,0,4.9621797466362,1.13049915522358,9.65788486557877,0,357.383028086143,0,1808.2032765248,6.87738531784458,0,0
"682",2003.20273972603,894.971998319049,4305.76849238885,0,0,615.959112895942,7497.24015410459,0,6.12002168751442,1.3942908337086,11.9077985305545,0,357.646819764628,0,1810.45319018978,6.87746694182598,0,0
"683",2003.20273972603,894.971998319049,4305.76849238885,0,0,615.959112895942,7497.24015410459,0,6.12002168751442,1.3942908337086,11.9077985305545,0,357.646819764628,0,1810.45319018978,6.87746694182598,0,0
"684",2003.20273972603,894.971998319049,4305.76849238885,0,0,615.959112895942,7497.24015410459,0,6.12002168751442,1.3942908337086,11.9077985305545,0,357.646819764628,0,1810.45319018978,6.87746694182598,0,0
"685",2003.20273972603,894.971998319049,4305.76849238885,0,0,615.959112895942,7497.24015410459,0,6.12002168751442,1.3942908337086,11.9077985305545,0,357.646819764628,0,1810.45319018978,6.87746694182598,0,0
"686",2003.20273972603,894.971998319049,4305.76849238885,0,0,615.959112895942,7497.24015410459,0,6.12002168751442,1.3942908337086,11.9077985305545,0,357.646819764628,0,1810.45319018978,6.87746694182598,0,0
"687",2003.20273972603,894.971998319049,4305.76849238885,0,0,615.959112895942,7497.24015410459,0,6.12002168751442,1.3942908337086,11.9077985305545,0,357.646819764628,0,1810.45319018978,6.87746694182598,0,0
"688",2003.20273972603,894.971998319049,4305.76849238885,0,0,615.959112895942,7497.24015410459,0,6.12002168751442,1.3942908337086,11.9077985305545,0,357.646819764628,0,1810.45319018978,6.87746694182598,0,0
"689",2004,895.356968986536,4299.89981550269,0,0,602.062484025435,7464.65456295993,0,30.1865995005231,6.87799705238395,58.3900185457145,0,363.130525983304,0,1856.93541020494,10.6794160534355,0,0
"690",2004,895.356968986536,4299.89981550269,0,0,602.062484025435,7464.65456295993,0,0,0,0,0,363.130525983304,0,1856.93541020494,10.6794160534355,0,0
"691",2004,895.356968986536,4299.89981550269,0,0,602.062484025435,7464.65456295993,0,0,0,0,0,363.130525983304,0,1856.93541020494,10.6794160534355,0,0
"692",2004.16438356164,894.794984701505,4298.70637490291,0,0,603.122744490481,7457.70093598599,0,6.50410823452109,1.7554248848187,5.89336650889299,0,364.885950868122,0,1862.82877671383,10.6782547613645,0,0
"693",2004.16438356164,894.794984701505,4298.70637490291,0,0,603.122744490481,7457.70093598599,0,6.50410823452109,1.7554248848187,5.89336650889299,0,364.885950868122,0,1862.82877671383,10.6782547613645,0,0
"694",2004.16438356164,894.794984701505,4298.70637490291,0,0,603.122744490481,7457.70093598599,0,6.50410823452109,1.7554248848187,5.89336650889299,0,364.885950868122,0,1862.82877671383,10.6782547613645,0,0
"695",2004.16438356164,894.794984701505,4298.70637490291,0,0,603.122744490481,7457.70093598599,0,6.50410823452109,1.7554248848187,5.89336650889299,0,364.885950868122,0,1862.82877671383,10.6782547613645,0,0
"696",2004.16438356164,894.794984701505,4298.70637490291,0,0,603.122744490481,7457.70093598599,0,6.50410823452109,1.7554248848187,5.89336650889299,0,364.885950868122,0,1862.82877671383,10.6782547613645,0,0
"697",2004.16438356164,894.794984701505,4298.70637490291,0,0,603.122744490481,7457.70093598599,0,6.50410823452109,1.7554248848187,5.89336650889299,0,364.885950868122,0,1862.82877671383,10.6782547613645,0,0
"698",2004.20273972603,894.664952878879,4298.42683499952,0,0,603.355946169301,7456.09225576719,0,8.02173348923843,2.16499661083179,7.26884504888146,0,365.295522594135,0,1864.20425525382,10.6779850080818,0,0
"699",2004.20273972603,894.664952878879,4298.42683499952,0,0,603.355946169301,7456.09225576719,0,8.02173348923843,2.16499661083179,7.26884504888146,0,365.295522594135,0,1864.20425525382,10.6779850080818,0,0
"700",2004.20273972603,894.664952878879,4298.42683499952,0,0,603.355946169301,7456.09225576719,0,8.02173348923843,2.16499661083179,7.26884504888146,0,365.295522594135,0,1864.20425525382,10.6779850080818,0,0
"701",2004.20273972603,894.664952878879,4298.42683499952,0,0,603.355946169301,7456.09225576719,0,8.02173348923843,2.16499661083179,7.26884504888146,0,365.295522594135,0,1864.20425525382,10.6779850080818,0,0
"702",2004.20273972603,894.664952878879,4298.42683499952,0,0,603.355946169301,7456.09225576719,0,8.02173348923843,2.16499661083179,7.26884504888146,0,365.295522594135,0,1864.20425525382,10.6779850080818,0,0
"703",2004.20273972603,894.664952878879,4298.42683499952,0,0,603.355946169301,7456.09225576719,0,8.02173348923843,2.16499661083179,7.26884504888146,0,365.295522594135,0,1864.20425525382,10.6779850080818,0,0
"704",2004.20273972603,894.664952878879,4298.42683499952,0,0,603.355946169301,7456.09225576719,0,8.02173348923843,2.16499661083179,7.26884504888146,0,365.295522594135,0,1864.20425525382,10.6779850080818,0,0
"705",2005,892.050809792598,4292.53005608741,0,0,607.129443325509,7423.70345565241,0,39.5666514152323,10.6759186092248,35.8841480074484,0,373.806444592528,0,1892.81955821239,9.67767176153672,0,0
"706",2005,892.050809792598,4292.53005608741,0,0,607.129443325509,7423.70345565241,0,0,0,0,0,373.806444592528,0,1892.81955821239,9.67767176153672,0,0
"707",2005,892.050809792598,4292.53005608741,0,0,607.129443325509,7423.70345565241,0,0,0,0,0,373.806444592528,0,1892.81955821239,9.67767176153672,0,0
"708",2005.16438356164,891.693070284554,4291.29706304532,0,0,607.59798057792,7417.24132125594,0,4.83621979530683,1.59073255012957,5.99359714406187,0,375.397177142658,0,1898.81315535645,9.67624215496757,0,0
"709",2005.16438356164,891.693070284554,4291.29706304532,0,0,607.59798057792,7417.24132125594,0,4.83621979530683,1.59073255012957,5.99359714406187,0,375.397177142658,0,1898.81315535645,9.67624215496757,0,0
"710",2005.16438356164,891.693070284554,4291.29706304532,0,0,607.59798057792,7417.24132125594,0,4.83621979530683,1.59073255012957,5.99359714406187,0,375.397177142658,0,1898.81315535645,9.67624215496757,0,0
"711",2005.16438356164,891.693070284554,4291.29706304532,0,0,607.59798057792,7417.24132125594,0,4.83621979530683,1.59073255012957,5.99359714406187,0,375.397177142658,0,1898.81315535645,9.67624215496757,0,0
"712",2005.16438356164,891.693070284554,4291.29706304532,0,0,607.59798057792,7417.24132125594,0,4.83621979530683,1.59073255012957,5.99359714406187,0,375.397177142658,0,1898.81315535645,9.67624215496757,0,0
"713",2005.16438356164,891.693070284554,4291.29706304532,0,0,607.59798057792,7417.24132125594,0,4.83621979530683,1.59073255012957,5.99359714406187,0,375.397177142658,0,1898.81315535645,9.67624215496757,0,0
"714",2005.20273972603,891.609942697913,4291.00905346978,0,0,607.698319664817,7415.74222886775,0,5.96467108087525,1.96186971231486,7.39235044535319,0,375.768314304843,0,1900.21190865774,9.6759096607708,0,0
"715",2005.20273972603,891.609942697913,4291.00905346978,0,0,607.698319664817,7415.74222886775,0,5.96467108087525,1.96186971231486,7.39235044535319,0,375.768314304843,0,1900.21190865774,9.6759096607708,0,0
"716",2005.20273972603,891.609942697913,4291.00905346978,0,0,607.698319664817,7415.74222886775,0,5.96467108087525,1.96186971231486,7.39235044535319,0,375.768314304843,0,1900.21190865774,9.6759096607708,0,0
"717",2005.20273972603,891.609942697913,4291.00905346978,0,0,607.698319664817,7415.74222886775,0,5.96467108087525,1.96186971231486,7.39235044535319,0,375.768314304843,0,1900.21190865774,9.6759096607708,0,0
"718",2005.20273972603,891.609942697913,4291.00905346978,0,0,607.698319664817,7415.74222886775,0,5.96467108087525,1.96186971231486,7.39235044535319,0,375.768314304843,0,1900.21190865774,9.6759096607708,0,0
"719",2005.20273972603,891.609942697913,4291.00905346978,0,0,607.698319664817,7415.74222886775,0,5.96467108087525,1.96186971231486,7.39235044535319,0,375.768314304843,0,1900.21190865774,9.6759096607708,0,0
"720",2005.20273972603,891.609942697913,4291.00905346978,0,0,607.698319664817,7415.74222886775,0,5.96467108087525,1.96186971231486,7.39235044535319,0,375.768314304843,0,1900.21190865774,9.6759096607708,0,0
"721",2006,889.909912398715,4284.9975977453,0,0,609.106210652266,7385.24447031508,0,29.4203372481685,9.673355735993,36.4822180105709,0,383.479800328521,0,1929.30177622296,6.80854540316447,0,0
"722",2006,889.909912398715,4284.9975977453,0,0,609.106210652266,7385.24447031508,0,0,0,0,0,383.479800328521,0,1929.30177622296,6.80854540316447,0,0
"723",2006,889.909912398715,4284.9975977453,0,0,609.106210652266,7385.24447031508,0,0,0,0,0,383.479800328521,0,1929.30177622296,6.80854540316447,0,0
"724",2006.16438356164,890.029861385577,4283.75840229053,0,0,605.846808881946,7378.99759681582,0,4.90225626195652,1.11924646790642,9.50627526958808,0,384.599046796428,0,1938.80805149255,6.8089475802026,0,0
"725",2006.16438356164,890.029861385577,4283.75840229053,0,0,605.846808881946,7378.99759681582,0,4.90225626195652,1.11924646790642,9.50627526958808,0,384.599046796428,0,1938.80805149255,6.8089475802026,0,0
"726",2006.16438356164,890.029861385577,4283.75840229053,0,0,605.846808881946,7378.99759681582,0,4.90225626195652,1.11924646790642,9.50627526958808,0,384.599046796428,0,1938.80805149255,6.8089475802026,0,0
"727",2006.16438356164,890.029861385577,4283.75840229053,0,0,605.846808881946,7378.99759681582,0,4.90225626195652,1.11924646790642,9.50627526958808,0,384.599046796428,0,1938.80805149255,6.8089475802026,0,0
"728",2006.16438356164,890.029861385577,4283.75840229053,0,0,605.846808881946,7378.99759681582,0,4.90225626195652,1.11924646790642,9.50627526958808,0,384.599046796428,0,1938.80805149255,6.8089475802026,0,0
"729",2006.16438356164,890.029861385577,4283.75840229053,0,0,605.846808881946,7378.99759681582,0,4.90225626195652,1.11924646790642,9.50627526958808,0,384.599046796428,0,1938.80805149255,6.8089475802026,0,0
"730",2006.20273972603,890.056443402737,4283.47065346066,0,0,605.110860495483,7377.51891747142,0,6.0461160564081,1.38041328062173,11.7209030004477,0,384.860213609143,0,1941.02267922341,6.80903668684682,0,0
"731",2006.20273972603,890.056443402737,4283.47065346066,0,0,605.110860495483,7377.51891747142,0,6.0461160564081,1.38041328062173,11.7209030004477,0,384.860213609143,0,1941.02267922341,6.80903668684682,0,0
"732",2006.20273972603,890.056443402737,4283.47065346066,0,0,605.110860495483,7377.51891747142,0,6.0461160564081,1.38041328062173,11.7209030004477,0,384.860213609143,0,1941.02267922341,6.80903668684682,0,0
"733",2006.20273972603,890.056443402737,4283.47065346066,0,0,605.110860495483,7377.51891747142,0,6.0461160564081,1.38041328062173,11.7209030004477,0,384.860213609143,0,1941.02267922341,6.80903668684682,0,0
"734",2006.20273972603,890.056443402737,4283.47065346066,0,0,605.110860495483,7377.51891747142,0,6.0461160564081,1.38041328062173,11.7209030004477,0,384.860213609143,0,1941.02267922341,6.80903668684682,0,0
"735",2006.20273972603,890.056443402737,4283.47065346066,0,0,605.110860495483,7377.51891747142,0,6.0461160564081,1.38041328062173,11.7209030004477,0,384.860213609143,0,1941.02267922341,6.80903668684682,0,0
"736",2006.20273972603,890.056443402737,4283.47065346066,0,0,605.110860495483,7377.51891747142,0,6.0461160564081,1.38041328062173,11.7209030004477,0,384.860213609143,0,1941.02267922341,6.80903668684682,0,0
"737",2007,890.495624918861,4277.60223680123,0,0,591.66105519095,7345.2129704802,0,29.8221280835434,6.8096484239221,57.4766552961981,0,390.289448752443,0,1986.77843151916,10.7241310148314,0,0
"738",2007,890.495624918861,4277.60223680123,0,0,591.66105519095,7345.2129704802,0,0,0,0,0,390.289448752443,0,1986.77843151916,10.7241310148314,0,0
"739",2007,890.495624918861,4277.60223680123,0,0,591.66105519095,7345.2129704802,0,0,0,0,0,390.289448752443,0,1986.77843151916,10.7241310148314,0,0
"740",2007.16438356164,889.925692057131,4276.40940734324,0,0,592.654954741314,7338.32609646213,0,6.5416564179737,1.76276231972117,5.89297446771064,0,392.052211072165,0,1992.67140598687,10.7228123034002,0,0
"741",2007.16438356164,889.925692057131,4276.40940734324,0,0,592.654954741314,7338.32609646213,0,6.5416564179737,1.76276231972117,5.89297446771064,0,392.052211072165,0,1992.67140598687,10.7228123034002,0,0
"742",2007.16438356164,889.925692057131,4276.40940734324,0,0,592.654954741314,7338.32609646213,0,6.5416564179737,1.76276231972117,5.89297446771064,0,392.052211072165,0,1992.67140598687,10.7228123034002,0,0
"743",2007.16438356164,889.925692057131,4276.40940734324,0,0,592.654954741314,7338.32609646213,0,6.5416564179737,1.76276231972117,5.89297446771064,0,392.052211072165,0,1992.67140598687,10.7228123034002,0,0
"744",2007.16438356164,889.925692057131,4276.40940734324,0,0,592.654954741314,7338.32609646213,0,6.5416564179737,1.76276231972117,5.89297446771064,0,392.052211072165,0,1992.67140598687,10.7228123034002,0,0
"745",2007.16438356164,889.925692057131,4276.40940734324,0,0,592.654954741314,7338.32609646213,0,6.5416564179737,1.76276231972117,5.89297446771064,0,392.052211072165,0,1992.67140598687,10.7228123034002,0,0
"746",2007.20273972603,889.793838082925,4276.12998123233,0,0,592.873226020533,7336.73241134296,0,8.06804291548658,2.17404240484159,7.26838830765957,0,392.463491157285,0,1994.04681982682,10.7225061430236,0,0
"747",2007.20273972603,889.793838082925,4276.12998123233,0,0,592.873226020533,7336.73241134296,0,8.06804291548658,2.17404240484159,7.26838830765957,0,392.463491157285,0,1994.04681982682,10.7225061430236,0,0
"748",2007.20273972603,889.793838082925,4276.12998123233,0,0,592.873226020533,7336.73241134296,0,8.06804291548658,2.17404240484159,7.26838830765957,0,392.463491157285,0,1994.04681982682,10.7225061430236,0,0
"749",2007.20273972603,889.793838082925,4276.12998123233,0,0,592.873226020533,7336.73241134296,0,8.06804291548658,2.17404240484159,7.26838830765957,0,392.463491157285,0,1994.04681982682,10.7225061430236,0,0
"750",2007.20273972603,889.793838082925,4276.12998123233,0,0,592.873226020533,7336.73241134296,0,8.06804291548658,2.17404240484159,7.26838830765957,0,392.463491157285,0,1994.04681982682,10.7225061430236,0,0
"751",2007.20273972603,889.793838082925,4276.12998123233,0,0,592.873226020533,7336.73241134296,0,8.06804291548658,2.17404240484159,7.26838830765957,0,392.463491157285,0,1994.04681982682,10.7225061430236,0,0
"752",2007.20273972603,889.793838082925,4276.12998123233,0,0,592.873226020533,7336.73241134296,0,8.06804291548658,2.17404240484159,7.26838830765957,0,392.463491157285,0,1994.04681982682,10.7225061430236,0,0
"753",2008,887.144411839888,4270.2332895083,0,0,596.379288053456,7304.61059001878,0,39.7950183677998,10.7201603719105,35.8841475989204,0,401.009609124354,0,2022.66257911808,9.68180148019555,0,0
"754",2008,887.144411839888,4270.2332895083,0,0,596.379288053456,7304.61059001878,0,0,0,0,0,401.009609124354,0,2022.66257911808,9.68180148019555,0,0
"755",2008,887.144411839888,4270.2332895083,0,0,596.379288053456,7304.61059001878,0,0,0,0,0,401.009609124354,0,2022.66257911808,9.68180148019555,0,0
"756",2008.16438356164,886.786417099454,4268.99987698893,0,0,596.829597706709,7298.19508491729,0,4.85298428933293,1.59140725980241,5.96519544823169,0,402.601016384156,0,2028.62777456631,9.68032147184578,0,0
"757",2008.16438356164,886.786417099454,4268.99987698893,0,0,596.829597706709,7298.19508491729,0,4.85298428933293,1.59140725980241,5.96519544823169,0,402.601016384156,0,2028.62777456631,9.68032147184578,0,0
"758",2008.16438356164,886.786417099454,4268.99987698893,0,0,596.829597706709,7298.19508491729,0,4.85298428933293,1.59140725980241,5.96519544823169,0,402.601016384156,0,2028.62777456631,9.68032147184578,0,0
"759",2008.16438356164,886.786417099454,4268.99987698893,0,0,596.829597706709,7298.19508491729,0,4.85298428933293,1.59140725980241,5.96519544823169,0,402.601016384156,0,2028.62777456631,9.68032147184578,0,0
"760",2008.16438356164,886.786417099454,4268.99987698893,0,0,596.829597706709,7298.19508491729,0,4.85298428933293,1.59140725980241,5.96519544823169,0,402.601016384156,0,2028.62777456631,9.68032147184578,0,0
"761",2008.16438356164,886.786417099454,4268.99987698893,0,0,596.829597706709,7298.19508491729,0,4.85298428933293,1.59140725980241,5.96519544823169,0,402.601016384156,0,2028.62777456631,9.68032147184578,0,0
"762",2008.20273972603,886.703231724952,4268.7117689587,0,0,596.925858145288,7296.70669134166,0,5.98534729017263,1.96270066453593,7.35732858529044,0,402.97230978889,0,2030.01990770337,9.67997727294236,0,0
"763",2008.20273972603,886.703231724952,4268.7117689587,0,0,596.925858145288,7296.70669134166,0,5.98534729017263,1.96270066453593,7.35732858529044,0,402.97230978889,0,2030.01990770337,9.67997727294236,0,0
"764",2008.20273972603,886.703231724952,4268.7117689587,0,0,596.925858145288,7296.70669134166,0,5.98534729017263,1.96270066453593,7.35732858529044,0,402.97230978889,0,2030.01990770337,9.67997727294236,0,0
"765",2008.20273972603,886.703231724952,4268.7117689587,0,0,596.925858145288,7296.70669134166,0,5.98534729017263,1.96270066453593,7.35732858529044,0,402.97230978889,0,2030.01990770337,9.67997727294236,0,0
"766",2008.20273972603,886.703231724952,4268.7117689587,0,0,596.925858145288,7296.70669134166,0,5.98534729017263,1.96270066453593,7.35732858529044,0,402.97230978889,0,2030.01990770337,9.67997727294236,0,0
"767",2008.20273972603,886.703231724952,4268.7117689587,0,0,596.925858145288,7296.70669134166,0,5.98534729017263,1.96270066453593,7.35732858529044,0,402.97230978889,0,2030.01990770337,9.67997727294236,0,0
"768",2008.20273972603,886.703231724952,4268.7117689587,0,0,596.925858145288,7296.70669134166,0,5.98534729017263,1.96270066453593,7.35732858529044,0,402.97230978889,0,2030.01990770337,9.67997727294236,0,0
"769",2009,885.002164517576,4262.69822413655,0,0,598.262538978792,7266.41750763688,0,29.522253498468,9.67731269406235,36.309831456557,0,410.686921818416,0,2058.97241057463,0,0,0
"770",2009,885.002164517576,4262.69822413655,0,0,598.262538978792,7266.41750763688,0,29.522253498468,9.67731269406235,36.309831456557,0,410.686921818416,0,2058.97241057463,0,0,0
