"","time","P_labile","P_stable","P_labile_placed","P_labile_FYM","K_labile","K_stable","K_labile_FYM","N_up","P_up","K_up","PIN","POUT","KIN","KOUT","P_up_labile","P_up_labile_placed","P_up_labile_FYM"
"1",1961,1072.51803630387,4719.68072754875,0,109.770035201416,1022.83078313618,9532.70051026173,204.771932859538,0,0,0,0,0,0,0,7.27915904387047,0,0.745007093061121
"2",1961,1072.51803630387,4719.68072754875,0,109.770035201416,1022.83078313618,9532.70051026173,204.771932859538,0,0,0,0,0,0,0,7.27915904387047,0,0.745007093061121
"3",1961,1072.51803630387,4719.68072754875,0,109.770035201416,1022.83078313618,9532.70051026173,204.771932859538,0,0,0,0,0,0,0,7.27915904387047,0,0.745007093061121
"4",1961.16438356164,1070.41581917119,4721.38707620068,0,108.847250891158,1008.15112321646,9540.1284421022,200.316311726,5.37335064402003,1.31865279100162,11.7073492127895,0,1.31865279100162,0,11.7073492127895,7.27924267287355,0,0.740203516541247
"5",1961.16438356164,1070.41581917119,4730.25747620068,0,173.896850891158,1008.15112321646,9540.1284421022,349.716311726,5.37335064402003,1.31865279100162,11.7073492127895,73.92,1.31865279100162,149.4,11.7073492127895,6.96986314676961,0,1.13230506374994
"6",1961.16438356164,1070.41581917119,4730.25747620068,0,173.896850891158,1008.15112321646,9540.1284421022,349.716311726,5.37335064402003,1.31865279100162,11.7073492127895,73.92,1.31865279100162,149.4,11.7073492127895,6.96986314676961,0,1.13230506374994
"7",1961.16438356164,1070.41581917119,4730.25747620068,0,173.896850891158,1008.15112321646,9540.1284421022,349.716311726,5.37335064402003,1.31865279100162,11.7073492127895,73.92,1.31865279100162,149.4,11.7073492127895,6.96986314676961,0,1.13230506374994
"8",1961.16438356164,1070.41581917119,4730.25747620068,0,173.896850891158,1008.15112321646,9540.1284421022,349.716311726,5.37335064402003,1.31865279100162,11.7073492127895,73.92,1.31865279100162,149.4,11.7073492127895,6.96986314676961,0,1.13230506374994
"9",1961.16438356164,1070.41581917119,4730.25747620068,0,173.896850891158,1008.15112321646,9540.1284421022,349.716311726,5.37335064402003,1.31865279100162,11.7073492127895,73.92,1.31865279100162,149.4,11.7073492127895,6.96986314676961,0,1.13230506374994
"10",1961.20273972603,1069.95732186865,4730.74555986146,0,173.556511357442,1005.09617896566,9542.16301889829,348.004964364416,6.62713246094971,1.62940596647527,14.439064029089,73.92,1.62940596647527,149.4,14.439064029089,6.9706846822743,0,1.13070651557895
"11",1961.20273972603,1101.63732186865,4738.66555986146,0,173.556511357442,1137.89617896566,9542.16301889829,348.004964364416,6.62713246094971,1.62940596647527,14.439064029089,113.52,1.62940596647527,282.2,14.439064029089,7.02146268974329,0,1.10619034492333
"12",1961.20273972603,1101.63732186865,4738.66555986146,0,173.556511357442,1137.89617896566,9542.16301889829,348.004964364416,6.62713246094971,1.62940596647527,14.439064029089,113.52,1.62940596647527,282.2,14.439064029089,7.02146268974329,0,1.10619034492333
"13",1961.20273972603,1101.63732186865,4738.66555986146,0,173.556511357442,1137.89617896566,9542.16301889829,348.004964364416,6.62713246094971,1.62940596647527,14.439064029089,113.52,1.62940596647527,282.2,14.439064029089,7.02146268974329,0,1.10619034492333
"14",1961.20273972603,1101.63732186865,4738.66555986146,0,173.556511357442,1137.89617896566,9542.16301889829,348.004964364416,6.62713246094971,1.62940596647527,14.439064029089,113.52,1.62940596647527,282.2,14.439064029089,7.02146268974329,0,1.10619034492333
"15",1961.20273972603,1101.63732186865,4738.66555986146,0,173.556511357442,1137.89617896566,9542.16301889829,348.004964364416,6.62713246094971,1.62940596647527,14.439064029089,113.52,1.62940596647527,282.2,14.439064029089,7.02146268974329,0,1.10619034492333
"16",1961.20273972603,1101.63732186865,4738.66555986146,0,173.556511357442,1137.89617896566,9542.16301889829,348.004964364416,6.62713246094971,1.62940596647527,14.439064029089,113.52,1.62940596647527,282.2,14.439064029089,7.02146268974329,0,1.10619034492333
"17",1962,1089.39903809665,4751.34228720727,0,166.643976496211,1050.58529905523,9605.80708625107,314.891180647345,32.6878815347713,8.10349725389649,71.2196603038086,113.52,8.10349725389649,282.2,71.2196603038086,7.186071954619,0,1.09924422918333
"18",1962,1089.39903809665,4751.34228720727,0,166.643976496211,1050.58529905523,9605.80708625107,314.891180647345,0,0,0,113.52,8.10349725389649,282.2,71.2196603038086,7.186071954619,0,1.09924422918333
"19",1962,1089.39903809665,4751.34228720727,0,166.643976496211,1050.58529905523,9605.80708625107,314.891180647345,0,0,0,113.52,8.10349725389649,282.2,71.2196603038086,7.186071954619,0,1.09924422918333
"20",1962.16438356164,1087.06803900867,4753.70711888021,0,165.248174127606,1040.79298566189,9615.88931183843,309.951780133416,5.14263900483146,1.36196978364093,4.64948831989916,113.52,9.46546703753741,282.2,75.8691486237077,7.19203530387632,0,1.09328087992601
"21",1962.16438356164,1087.06803900867,4753.70711888021,0,165.248174127606,1040.79298566189,9615.88931183843,309.951780133416,5.14263900483146,1.36196978364093,4.64948831989916,113.52,9.46546703753741,282.2,75.8691486237077,7.19203530387632,0,1.09328087992601
"22",1962.16438356164,1087.06803900867,4753.70711888021,0,165.248174127606,1040.79298566189,9615.88931183843,309.951780133416,5.14263900483146,1.36196978364093,4.64948831989916,113.52,9.46546703753741,282.2,75.8691486237077,7.19203530387632,0,1.09328087992601
"23",1962.16438356164,1087.06803900867,4753.70711888021,0,165.248174127606,1040.79298566189,9615.88931183843,309.951780133416,5.14263900483146,1.36196978364093,4.64948831989916,113.52,9.46546703753741,282.2,75.8691486237077,7.19203530387632,0,1.09328087992601
"24",1962.16438356164,1087.06803900867,4753.70711888021,0,165.248174127606,1040.79298566189,9615.88931183843,309.951780133416,5.14263900483146,1.36196978364093,4.64948831989916,113.52,9.46546703753741,282.2,75.8691486237077,7.19203530387632,0,1.09328087992601
"25",1962.16438356164,1087.06803900867,4753.70711888021,0,165.248174127606,1040.79298566189,9615.88931183843,309.951780133416,5.14263900483146,1.36196978364093,4.64948831989916,113.52,9.46546703753741,282.2,75.8691486237077,7.19203530387632,0,1.09328087992601
"26",1962.20273972603,1086.53415736956,4754.24728551162,0,164.924096185795,1038.59316509534,9618.14722731217,308.808804618255,6.34258810595772,1.67976273315686,5.73436892787465,113.52,9.78325998705334,282.2,76.9540292316832,7.19343135316966,0,1.09188483063267
"27",1962.20273972603,1118.21415736956,4762.16728551162,0,164.924096185795,1138.19316509534,9618.14722731217,308.808804618255,6.34258810595772,1.67976273315686,5.73436892787465,153.12,9.78325998705334,381.8,76.9540292316832,7.22038940803133,0,1.064926775771
"28",1962.20273972603,1118.21415736956,4762.16728551162,0,164.924096185795,1138.19316509534,9618.14722731217,308.808804618255,6.34258810595772,1.67976273315686,5.73436892787465,153.12,9.78325998705334,381.8,76.9540292316832,7.22038940803133,0,1.064926775771
"29",1962.20273972603,1118.21415736956,4762.16728551162,0,164.924096185795,1138.19316509534,9618.14722731217,308.808804618255,6.34258810595772,1.67976273315686,5.73436892787465,153.12,9.78325998705334,381.8,76.9540292316832,7.22038940803133,0,1.064926775771
"30",1962.20273972603,1118.21415736956,4762.16728551162,0,164.924096185795,1138.19316509534,9618.14722731217,308.808804618255,6.34258810595772,1.67976273315686,5.73436892787465,153.12,9.78325998705334,381.8,76.9540292316832,7.22038940803133,0,1.064926775771
"31",1962.20273972603,1118.21415736956,4762.16728551162,0,164.924096185795,1138.19316509534,9618.14722731217,308.808804618255,6.34258810595772,1.67976273315686,5.73436892787465,153.12,9.78325998705334,381.8,76.9540292316832,7.22038940803133,0,1.064926775771
"32",1962.20273972603,1118.21415736956,4762.16728551162,0,164.924096185795,1138.19316509534,9618.14722731217,308.808804618255,6.34258810595772,1.67976273315686,5.73436892787465,153.12,9.78325998705334,381.8,76.9540292316832,7.22038940803133,0,1.064926775771
"33",1963,1104.5316776538,4775.82458814371,0,158.343720530051,1075.13580741648,9681.29982152115,286.163549167502,31.2843790286809,8.28531547257202,28.2843878485209,153.12,16.3888127264685,381.8,99.5040481523295,6.61494981379948,0,0.948307582143322
"34",1963,1104.5316776538,4775.82458814371,0,158.343720530051,1075.13580741648,9681.29982152115,286.163549167502,0,0,0,153.12,16.3888127264685,381.8,99.5040481523295,6.61494981379948,0,0.948307582143322
"35",1963,1104.5316776538,4775.82458814371,0,158.343720530051,1075.13580741648,9681.29982152115,286.163549167502,0,0,0,153.12,16.3888127264685,381.8,99.5040481523295,6.61494981379948,0,0.948307582143322
"36",1963.16438356164,1102.0530306993,4778.37053951151,0,157.033140928383,1064.23833297908,9691.96458822323,281.651783165583,3.76572221751429,1.24327518837533,4.74447373722949,153.12,17.6320879148438,381.8,104.248521889559,6.6199684525027,0,0.943288943440103
"37",1963.16438356164,1102.0530306993,4778.37053951151,0,157.033140928383,1064.23833297908,9691.96458822323,281.651783165583,3.76572221751429,1.24327518837533,4.74447373722949,153.12,17.6320879148438,381.8,104.248521889559,6.6199684525027,0,0.943288943440103
"38",1963.16438356164,1102.0530306993,4778.37053951151,0,157.033140928383,1064.23833297908,9691.96458822323,281.651783165583,3.76572221751429,1.24327518837533,4.74447373722949,153.12,17.6320879148438,381.8,104.248521889559,6.6199684525027,0,0.943288943440103
"39",1963.16438356164,1102.0530306993,4778.37053951151,0,157.033140928383,1064.23833297908,9691.96458822323,281.651783165583,3.76572221751429,1.24327518837533,4.74447373722949,153.12,17.6320879148438,381.8,104.248521889559,6.6199684525027,0,0.943288943440103
"40",1963.16438356164,1102.0530306993,4778.37053951151,0,157.033140928383,1064.23833297908,9691.96458822323,281.651783165583,3.76572221751429,1.24327518837533,4.74447373722949,153.12,17.6320879148438,381.8,104.248521889559,6.6199684525027,0,0.943288943440103
"41",1963.16438356164,1102.0530306993,4778.37053951151,0,157.033140928383,1064.23833297908,9691.96458822323,281.651783165583,3.76572221751429,1.24327518837533,4.74447373722949,153.12,17.6320879148438,381.8,104.248521889559,6.6199684525027,0,0.943288943440103
"42",1963.20273972603,1101.48539005287,4778.95238714491,0,156.728836397454,1061.79004613554,9694.34990215324,280.607712207109,4.64439073492781,1.53337273232743,5.85151760924153,153.12,17.9221854587959,381.8,105.355565761571,6.62114395760985,0,0.942113438332949
"43",1963.20273972603,1133.16539005287,4786.87238714491,0,156.728836397454,1161.39004613554,9694.34990215324,280.607712207109,4.64439073492781,1.53337273232743,5.85151760924153,192.72,17.9221854587959,481.4,105.355565761571,6.64428240812337,0,0.918974987819435
"44",1963.20273972603,1133.16539005287,4786.87238714491,0,156.728836397454,1161.39004613554,9694.34990215324,280.607712207109,4.64439073492781,1.53337273232743,5.85151760924153,192.72,17.9221854587959,481.4,105.355565761571,6.64428240812337,0,0.918974987819435
"45",1963.20273972603,1133.16539005287,4786.87238714491,0,156.728836397454,1161.39004613554,9694.34990215324,280.607712207109,4.64439073492781,1.53337273232743,5.85151760924153,192.72,17.9221854587959,481.4,105.355565761571,6.64428240812337,0,0.918974987819435
"46",1963.20273972603,1133.16539005287,4786.87238714491,0,156.728836397454,1161.39004613554,9694.34990215324,280.607712207109,4.64439073492781,1.53337273232743,5.85151760924153,192.72,17.9221854587959,481.4,105.355565761571,6.64428240812337,0,0.918974987819435
"47",1963.20273972603,1133.16539005287,4786.87238714491,0,156.728836397454,1161.39004613554,9694.34990215324,280.607712207109,4.64439073492781,1.53337273232743,5.85151760924153,192.72,17.9221854587959,481.4,105.355565761571,6.64428240812337,0,0.918974987819435
"48",1963.20273972603,1133.16539005287,4786.87238714491,0,156.728836397454,1161.39004613554,9694.34990215324,280.607712207109,4.64439073492781,1.53337273232743,5.85151760924153,192.72,17.9221854587959,481.4,105.355565761571,6.64428240812337,0,0.918974987819435
"49",1964,1118.83950834951,4801.35003290611,0,150.547187470631,1093.89696755337,9759.51454189775,259.925445696226,22.908145512029,7.5632576013104,28.8622229577726,192.72,23.9520703277789,481.4,128.366271110102,7.88150436049719,0,1.06050805826541
"50",1964,1118.83950834951,4801.35003290611,0,150.547187470631,1093.89696755337,9759.51454189775,259.925445696226,0,0,0,192.72,23.9520703277789,481.4,128.366271110102,7.88150436049719,0,1.06050805826541
"51",1964,1118.83950834951,4801.35003290611,0,150.547187470631,1093.89696755337,9759.51454189775,259.925445696226,0,0,0,192.72,23.9520703277789,481.4,128.366271110102,7.88150436049719,0,1.06050805826541
"52",1964.16438356164,1115.94131337364,4804.05096828532,0,149.275259054195,1075.60544734969,9770.26461413236,254.199545256153,5.99735032256566,1.46918801309028,13.2673484091504,192.72,25.4212583408692,481.4,141.633619519253,7.87915332908831,0,1.05396461286273
"53",1964.16438356164,1115.94131337364,4812.92136828532,0,214.324859054195,1075.60544734969,9770.26461413236,403.599545256153,5.99735032256566,1.46918801309028,13.2673484091504,266.64,25.4212583408692,630.8,141.633619519253,7.5966602024357,0,1.45899529630955
"54",1964.16438356164,1115.94131337364,4812.92136828532,0,214.324859054195,1075.60544734969,9770.26461413236,403.599545256153,5.99735032256566,1.46918801309028,13.2673484091504,266.64,25.4212583408692,630.8,141.633619519253,7.5966602024357,0,1.45899529630955
"55",1964.16438356164,1115.94131337364,4812.92136828532,0,214.324859054195,1075.60544734969,9770.26461413236,403.599545256153,5.99735032256566,1.46918801309028,13.2673484091504,266.64,25.4212583408692,630.8,141.633619519253,7.5966602024357,0,1.45899529630955
"56",1964.16438356164,1115.94131337364,4812.92136828532,0,214.324859054195,1075.60544734969,9770.26461413236,403.599545256153,5.99735032256566,1.46918801309028,13.2673484091504,266.64,25.4212583408692,630.8,141.633619519253,7.5966602024357,0,1.45899529630955
"57",1964.16438356164,1115.94131337364,4812.92136828532,0,214.324859054195,1075.60544734969,9770.26461413236,403.599545256153,5.99735032256566,1.46918801309028,13.2673484091504,266.64,25.4212583408692,630.8,141.633619519253,7.5966602024357,0,1.45899529630955
"58",1964.20273972603,1115.29973544327,4813.6375329341,0,213.902965208257,1071.74148404531,9773.04069216739,401.591715896695,7.39673206449979,1.81649514062058,16.3630630379569,266.64,25.7685654683995,630.8,144.729334148059,7.59691991814061,0,1.45701074365816
"59",1964.20273972603,1146.97973544327,4821.5575329341,0,213.902965208257,1204.54148404531,9773.04069216739,401.591715896695,7.39673206449979,1.81649514062058,16.3630630379569,306.24,25.7685654683995,763.6,144.729334148059,7.67079757952012,0,1.43054519366688
"60",1964.20273972603,1146.97973544327,4821.5575329341,0,213.902965208257,1204.54148404531,9773.04069216739,401.591715896695,7.39673206449979,1.81649514062058,16.3630630379569,306.24,25.7685654683995,763.6,144.729334148059,7.67079757952012,0,1.43054519366688
"61",1964.20273972603,1146.97973544327,4821.5575329341,0,213.902965208257,1204.54148404531,9773.04069216739,401.591715896695,7.39673206449979,1.81649514062058,16.3630630379569,306.24,25.7685654683995,763.6,144.729334148059,7.67079757952012,0,1.43054519366688
"62",1964.20273972603,1146.97973544327,4821.5575329341,0,213.902965208257,1204.54148404531,9773.04069216739,401.591715896695,7.39673206449979,1.81649514062058,16.3630630379569,306.24,25.7685654683995,763.6,144.729334148059,7.67079757952012,0,1.43054519366688
"63",1964.20273972603,1146.97973544327,4821.5575329341,0,213.902965208257,1204.54148404531,9773.04069216739,401.591715896695,7.39673206449979,1.81649514062058,16.3630630379569,306.24,25.7685654683995,763.6,144.729334148059,7.67079757952012,0,1.43054519366688
"64",1964.20273972603,1146.97973544327,4821.5575329341,0,213.902965208257,1204.54148404531,9773.04069216739,401.591715896695,7.39673206449979,1.81649514062058,16.3630630379569,306.24,25.7685654683995,763.6,144.729334148059,7.67079757952012,0,1.43054519366688
"65",1965,1131.21631281724,4838.65073009161,0,205.331219734294,1102.68063179743,9849.52577734246,362.620863878958,36.4838791580689,9.05846608310733,80.7096821285126,306.24,33.0105364108862,763.6,209.075953238615,7.07045704209302,0,1.2833845764797
"66",1965,1131.21631281724,4838.65073009161,0,205.331219734294,1102.68063179743,9849.52577734246,362.620863878958,0,0,0,306.24,33.0105364108862,763.6,209.075953238615,7.07045704209302,0,1.2833845764797
"67",1965,1131.21631281724,4838.65073009161,0,205.331219734294,1102.68063179743,9849.52577734246,362.620863878958,0,0,0,306.24,33.0105364108862,763.6,209.075953238615,7.07045704209302,0,1.2833845764797
"68",1965.16438356164,1128.34690898973,4841.85519319689,0,203.622926217864,1091.38942375534,9861.74441617269,357.006396587496,5.18018718825349,1.37323423866802,4.68703650332251,306.24,34.3837706495543,763.6,213.762989741937,7.07676038852426,0,1.27708123004846
"69",1965.16438356164,1128.34690898973,4841.85519319689,0,203.622926217864,1091.38942375534,9861.74441617269,357.006396587496,5.18018718825349,1.37323423866802,4.68703650332251,306.24,34.3837706495543,763.6,213.762989741937,7.07676038852426,0,1.27708123004846
"70",1965.16438356164,1128.34690898973,4841.85519319689,0,203.622926217864,1091.38942375534,9861.74441617269,357.006396587496,5.18018718825349,1.37323423866802,4.68703650332251,306.24,34.3837706495543,763.6,213.762989741937,7.07676038852426,0,1.27708123004846
"71",1965.16438356164,1128.34690898973,4841.85519319689,0,203.622926217864,1091.38942375534,9861.74441617269,357.006396587496,5.18018718825349,1.37323423866802,4.68703650332251,306.24,34.3837706495543,763.6,213.762989741937,7.07676038852426,0,1.27708123004846
"72",1965.16438356164,1128.34690898973,4841.85519319689,0,203.622926217864,1091.38942375534,9861.74441617269,357.006396587496,5.18018718825349,1.37323423866802,4.68703650332251,306.24,34.3837706495543,763.6,213.762989741937,7.07676038852426,0,1.27708123004846
"73",1965.16438356164,1128.34690898973,4841.85519319689,0,203.622926217864,1091.38942375534,9861.74441617269,357.006396587496,5.18018718825349,1.37323423866802,4.68703650332251,306.24,34.3837706495543,763.6,213.762989741937,7.07676038852426,0,1.27708123004846
"74",1965.20273972603,1127.68996983094,4842.58836659357,0,203.226270657613,1088.85359165661,9864.48599252719,355.707010480942,6.38889753217721,1.69365556102334,5.78067835409587,306.24,34.7041919719096,763.6,214.856631592711,7.07823912296886,0,1.27560249560386
"75",1965.20273972603,1159.36996983094,4850.50836659357,0,203.226270657613,1188.45359165661,9864.48599252719,355.707010480942,6.38889753217721,1.69365556102334,5.78067835409587,345.84,34.7041919719096,863.2,214.856631592711,7.10789654154962,0,1.2459450770231
"76",1965.20273972603,1159.36996983094,4850.50836659357,0,203.226270657613,1188.45359165661,9864.48599252719,355.707010480942,6.38889753217721,1.69365556102334,5.78067835409587,345.84,34.7041919719096,863.2,214.856631592711,7.10789654154962,0,1.2459450770231
"77",1965.20273972603,1159.36996983094,4850.50836659357,0,203.226270657613,1188.45359165661,9864.48599252719,355.707010480942,6.38889753217721,1.69365556102334,5.78067835409587,345.84,34.7041919719096,863.2,214.856631592711,7.10789654154962,0,1.2459450770231
"78",1965.20273972603,1159.36996983094,4850.50836659357,0,203.226270657613,1188.45359165661,9864.48599252719,355.707010480942,6.38889753217721,1.69365556102334,5.78067835409587,345.84,34.7041919719096,863.2,214.856631592711,7.10789654154962,0,1.2459450770231
"79",1965.20273972603,1159.36996983094,4850.50836659357,0,203.226270657613,1188.45359165661,9864.48599252719,355.707010480942,6.38889753217721,1.69365556102334,5.78067835409587,345.84,34.7041919719096,863.2,214.856631592711,7.10789654154962,0,1.2459450770231
"80",1965.20273972603,1159.36996983094,4850.50836659357,0,203.226270657613,1188.45359165661,9864.48599252719,355.707010480942,6.38889753217721,1.69365556102334,5.78067835409587,345.84,34.7041919719096,863.2,214.856631592711,7.10789654154962,0,1.2459450770231
"81",1966,1143.33428415196,4867.94228124809,0,195.167855624625,1119.44281798233,9936.56151144634,329.91013819486,31.512805394039,8.35384161846689,28.5128053953151,345.84,41.3643780293531,863.2,237.58875863393,6.4952994441641,0,1.10875155387962
"82",1966,1143.33428415196,4867.94228124809,0,195.167855624625,1119.44281798233,9936.56151144634,329.91013819486,0,0,0,345.84,41.3643780293531,863.2,237.58875863393,6.4952994441641,0,1.10875155387962
"83",1966,1143.33428415196,4867.94228124809,0,195.167855624625,1119.44281798233,9936.56151144634,329.91013819486,0,0,0,345.84,41.3643780293531,863.2,237.58875863393,6.4952994441641,0,1.10875155387962
"84",1966.16438356164,1140.41799486025,4871.21417822739,0,193.562266951061,1107.54545492973,9948.82749392194,324.771898293617,3.78248671152024,1.24998098597828,4.76962047824035,345.84,42.6143590153314,863.2,242.35837911217,6.50069333127113,0,1.10335766677259
"85",1966.16438356164,1140.41799486025,4871.21417822739,0,193.562266951061,1107.54545492973,9948.82749392194,324.771898293617,3.78248671152024,1.24998098597828,4.76962047824035,345.84,42.6143590153314,863.2,242.35837911217,6.50069333127113,0,1.10335766677259
"86",1966.16438356164,1140.41799486025,4871.21417822739,0,193.562266951061,1107.54545492973,9948.82749392194,324.771898293617,3.78248671152024,1.24998098597828,4.76962047824035,345.84,42.6143590153314,863.2,242.35837911217,6.50069333127113,0,1.10335766677259
"87",1966.16438356164,1140.41799486025,4871.21417822739,0,193.562266951061,1107.54545492973,9948.82749392194,324.771898293617,3.78248671152024,1.24998098597828,4.76962047824035,345.84,42.6143590153314,863.2,242.35837911217,6.50069333127113,0,1.10335766677259
"88",1966.16438356164,1140.41799486025,4871.21417822739,0,193.562266951061,1107.54545492973,9948.82749392194,324.771898293617,3.78248671152024,1.24998098597828,4.76962047824035,345.84,42.6143590153314,863.2,242.35837911217,6.50069333127113,0,1.10335766677259
"89",1966.16438356164,1140.41799486025,4871.21417822739,0,193.562266951061,1107.54545492973,9948.82749392194,324.771898293617,3.78248671152024,1.24998098597828,4.76962047824035,345.84,42.6143590153314,863.2,242.35837911217,6.50069333127113,0,1.10335766677259
"90",1966.20273972603,1139.75035798732,4871.9629735007,0,193.189446320617,1104.87312886812,9951.57608308382,323.582723748425,4.6650669442071,1.54164321603948,5.88253192316161,345.84,42.9060212453926,863.2,243.471290557091,6.50195891754762,0,1.1020920804961
"91",1966.20273972603,1171.43035798732,4879.8829735007,0,193.189446320617,1204.47312886812,9951.57608308382,323.582723748425,4.6650669442071,1.54164321603948,5.88253192316161,385.44,42.9060212453926,962.8,243.471290557091,6.52754426886665,0,1.07650672917708
"92",1966.20273972603,1171.43035798732,4879.8829735007,0,193.189446320617,1204.47312886812,9951.57608308382,323.582723748425,4.6650669442071,1.54164321603948,5.88253192316161,385.44,42.9060212453926,962.8,243.471290557091,6.52754426886665,0,1.07650672917708
"93",1966.20273972603,1171.43035798732,4879.8829735007,0,193.189446320617,1204.47312886812,9951.57608308382,323.582723748425,4.6650669442071,1.54164321603948,5.88253192316161,385.44,42.9060212453926,962.8,243.471290557091,6.52754426886665,0,1.07650672917708
"94",1966.20273972603,1171.43035798732,4879.8829735007,0,193.189446320617,1204.47312886812,9951.57608308382,323.582723748425,4.6650669442071,1.54164321603948,5.88253192316161,385.44,42.9060212453926,962.8,243.471290557091,6.52754426886665,0,1.07650672917708
"95",1966.20273972603,1171.43035798732,4879.8829735007,0,193.189446320617,1204.47312886812,9951.57608308382,323.582723748425,4.6650669442071,1.54164321603948,5.88253192316161,385.44,42.9060212453926,962.8,243.471290557091,6.52754426886665,0,1.07650672917708
"96",1966.20273972603,1171.43035798732,4879.8829735007,0,193.189446320617,1204.47312886812,9951.57608308382,323.582723748425,4.6650669442071,1.54164321603948,5.88253192316161,385.44,42.9060212453926,962.8,243.471290557091,6.52754426886665,0,1.07650672917708
"97",1967,1155.19479599409,4897.63307194758,0,185.612501897029,1133.01521992848,10023.5000378041,299.984013382128,23.0101289815023,7.60405118598317,29.0151965087952,385.44,48.9684292153363,962.8,266.603955142725,8.43273058640841,0,1.35494050647962
"98",1967,1155.19479599409,4897.63307194758,0,185.612501897029,1133.01521992848,10023.5000378041,299.984013382128,0,0,0,385.44,48.9684292153363,962.8,266.603955142725,8.43273058640841,0,1.35494050647962
"99",1967,1155.19479599409,4897.63307194758,0,185.612501897029,1133.01521992848,10023.5000378041,299.984013382128,0,0,0,385.44,48.9684292153363,962.8,266.603955142725,8.43273058640841,0,1.35494050647962
"100",1967.16438356164,1151.83295529041,4900.96300240925,0,184.036575401388,1113.01559231049,10035.4440692955,293.212261903293,6.62135000108904,1.60783673764159,14.8273476054621,385.44,50.5762659529779,962.8,281.431302748187,8.42779307239936,0,1.34656867396615
"101",1967.16438356164,1151.83295529041,4909.83340240925,0,249.086175401388,1113.01559231049,10035.4440692955,442.612261903293,6.62135000108904,1.60783673764159,14.8273476054621,459.36,50.5762659529779,1112.2,281.431302748187,8.16888011833183,0,1.76653662898079
"102",1967.16438356164,1151.83295529041,4909.83340240925,0,249.086175401388,1113.01559231049,10035.4440692955,442.612261903293,6.62135000108904,1.60783673764159,14.8273476054621,459.36,50.5762659529779,1112.2,281.431302748187,8.16888011833183,0,1.76653662898079
"103",1967.16438356164,1151.83295529041,4909.83340240925,0,249.086175401388,1113.01559231049,10035.4440692955,442.612261903293,6.62135000108904,1.60783673764159,14.8273476054621,459.36,50.5762659529779,1112.2,281.431302748187,8.16888011833183,0,1.76653662898079
"104",1967.16438356164,1151.83295529041,4909.83340240925,0,249.086175401388,1113.01559231049,10035.4440692955,442.612261903293,6.62135000108904,1.60783673764159,14.8273476054621,459.36,50.5762659529779,1112.2,281.431302748187,8.16888011833183,0,1.76653662898079
"105",1967.16438356164,1151.83295529041,4909.83340240925,0,249.086175401388,1113.01559231049,10035.4440692955,442.612261903293,6.62135000108904,1.60783673764159,14.8273476054621,459.36,50.5762659529779,1112.2,281.431302748187,8.16888011833183,0,1.76653662898079
"106",1967.20273972603,1151.08449880121,4910.6938636191,0,248.593139583235,1108.7774737807,10038.482367524,440.352367763312,8.16633166801488,1.98886783515286,18.2870620467479,459.36,50.9572970504892,1112.2,284.891017189473,8.16852304497285,0,1.76410923057569
"107",1967.20273972603,1182.76449880121,4918.6138636191,0,248.593139583235,1241.5774737807,10038.482367524,440.352367763312,8.16633166801488,1.98886783515286,18.2870620467479,498.96,50.9572970504892,1245,284.891017189473,8.26337065090437,0,1.73679312807438
"108",1967.20273972603,1182.76449880121,4918.6138636191,0,248.593139583235,1241.5774737807,10038.482367524,440.352367763312,8.16633166801488,1.98886783515286,18.2870620467479,498.96,50.9572970504892,1245,284.891017189473,8.26337065090437,0,1.73679312807438
"109",1967.20273972603,1182.76449880121,4918.6138636191,0,248.593139583235,1241.5774737807,10038.482367524,440.352367763312,8.16633166801488,1.98886783515286,18.2870620467479,498.96,50.9572970504892,1245,284.891017189473,8.26337065090437,0,1.73679312807438
"110",1967.20273972603,1182.76449880121,4918.6138636191,0,248.593139583235,1241.5774737807,10038.482367524,440.352367763312,8.16633166801488,1.98886783515286,18.2870620467479,498.96,50.9572970504892,1245,284.891017189473,8.26337065090437,0,1.73679312807438
"111",1967.20273972603,1182.76449880121,4918.6138636191,0,248.593139583235,1241.5774737807,10038.482367524,440.352367763312,8.16633166801488,1.98886783515286,18.2870620467479,498.96,50.9572970504892,1245,284.891017189473,8.26337065090437,0,1.73679312807438
"112",1967.20273972603,1182.76449880121,4918.6138636191,0,248.593139583235,1241.5774737807,10038.482367524,440.352367763312,8.16633166801488,1.98886783515286,18.2870620467479,498.96,50.9572970504892,1245,284.891017189473,8.26337065090437,0,1.73679312807438
"113",1968,1164.94342574284,4938.50459741277,0,238.574309621456,1132.86632794401,10119.1640146418,396.469256110731,40.2798756283822,9.93803706163312,90.1996724181769,498.96,58.9064662769695,1245,356.803627560902,6.99070690790986,0,1.43166014543328
"114",1968,1164.94342574284,4938.50459741277,0,238.574309621456,1132.86632794401,10119.1640146418,396.469256110731,0,0,0,498.96,58.9064662769695,1245,356.803627560902,6.99070690790986,0,1.43166014543328
"115",1968,1164.94342574284,4938.50459741277,0,238.574309621456,1132.86632794401,10119.1640146418,396.469256110731,0,0,0,498.96,58.9064662769695,1245,356.803627560902,6.99070690790986,0,1.43166014543328
"116",1968.16438356164,1161.79649294142,4942.24220680975,0,236.599134332187,1121.38734175624,10132.0139836956,390.373688557945,5.21773537170931,1.38449869370407,4.72458468677644,498.96,60.2909649706735,1245,361.528212247679,6.99735919792382,0,1.42500785541932
"117",1968.16438356164,1161.79649294142,4942.24220680975,0,236.599134332187,1121.38734175624,10132.0139836956,390.373688557945,5.21773537170931,1.38449869370407,4.72458468677644,498.96,60.2909649706735,1245,361.528212247679,6.99735919792382,0,1.42500785541932
"118",1968.16438356164,1161.79649294142,4942.24220680975,0,236.599134332187,1121.38734175624,10132.0139836956,390.373688557945,5.21773537170931,1.38449869370407,4.72458468677644,498.96,60.2909649706735,1245,361.528212247679,6.99735919792382,0,1.42500785541932
"119",1968.16438356164,1161.79649294142,4942.24220680975,0,236.599134332187,1121.38734175624,10132.0139836956,390.373688557945,5.21773537170931,1.38449869370407,4.72458468677644,498.96,60.2909649706735,1245,361.528212247679,6.99735919792382,0,1.42500785541932
"120",1968.16438356164,1161.79649294142,4942.24220680975,0,236.599134332187,1121.38734175624,10132.0139836956,390.373688557945,5.21773537170931,1.38449869370407,4.72458468677644,498.96,60.2909649706735,1245,361.528212247679,6.99735919792382,0,1.42500785541932
"121",1968.16438356164,1161.79649294142,4942.24220680975,0,236.599134332187,1121.38734175624,10132.0139836956,390.373688557945,5.21773537170931,1.38449869370407,4.72458468677644,498.96,60.2909649706735,1245,361.528212247679,6.99735919792382,0,1.42500785541932
"122",1968.20273972603,1161.07619488839,4943.09809406028,0,236.140495439497,1118.80965113001,10134.9000328293,388.962926956848,6.43520695843329,1.70754838889952,5.82698778035019,498.96,60.614014665869,1245,362.630615341252,6.99892146861926,0,1.42344558472388
"123",1968.20273972603,1192.75619488839,4951.01809406028,0,236.140495439497,1218.40965113001,10134.9000328293,388.962926956848,6.43520695843329,1.70754838889952,5.82698778035019,538.56,60.614014665869,1344.6,362.630615341252,7.03048061241831,0,1.39188644092483
"124",1968.20273972603,1192.75619488839,4951.01809406028,0,236.140495439497,1218.40965113001,10134.9000328293,388.962926956848,6.43520695843329,1.70754838889952,5.82698778035019,538.56,60.614014665869,1344.6,362.630615341252,7.03048061241831,0,1.39188644092483
"125",1968.20273972603,1192.75619488839,4951.01809406028,0,236.140495439497,1218.40965113001,10134.9000328293,388.962926956848,6.43520695843329,1.70754838889952,5.82698778035019,538.56,60.614014665869,1344.6,362.630615341252,7.03048061241831,0,1.39188644092483
"126",1968.20273972603,1192.75619488839,4951.01809406028,0,236.140495439497,1218.40965113001,10134.9000328293,388.962926956848,6.43520695843329,1.70754838889952,5.82698778035019,538.56,60.614014665869,1344.6,362.630615341252,7.03048061241831,0,1.39188644092483
"127",1968.20273972603,1192.75619488839,4951.01809406028,0,236.140495439497,1218.40965113001,10134.9000328293,388.962926956848,6.43520695843329,1.70754838889952,5.82698778035019,538.56,60.614014665869,1344.6,362.630615341252,7.03048061241831,0,1.39188644092483
"128",1968.20273972603,1192.75619488839,4951.01809406028,0,236.140495439497,1218.40965113001,10134.9000328293,388.962926956848,6.43520695843329,1.70754838889952,5.82698778035019,538.56,60.614014665869,1344.6,362.630615341252,7.03048061241831,0,1.39188644092483
"129",1969,1175.51482695582,4970.86549863633,0,226.819640131631,1148.67317257616,10209.7554133858,360.929789223458,31.7412235104515,8.42236705327995,28.7412235111736,538.56,67.3288333302494,1344.6,385.544851072076,6.40833437967748,0,1.2365102204672
"130",1969,1175.51482695582,4970.86549863633,0,226.819640131631,1148.67317257616,10209.7554133858,360.929789223458,0,0,0,538.56,67.3288333302494,1344.6,385.544851072076,6.40833437967748,0,1.2365102204672
"131",1969,1175.51482695582,4970.86549863633,0,226.819640131631,1148.67317257616,10209.7554133858,360.929789223458,0,0,0,538.56,67.3288333302494,1344.6,385.544851072076,6.40833437967748,0,1.2365102204672
"132",1969.16438356164,1172.37677383319,4974.60436097186,0,224.962144135147,1136.66694048097,10222.5471840283,355.349483456866,3.79925120553869,1.25668678358535,4.79476721926699,538.56,68.5855201138347,1344.6,390.339618291343,6.41407616543376,0,1.23076843471092
"133",1969.16438356164,1172.37677383319,4974.60436097186,0,224.962144135147,1136.66694048097,10222.5471840283,355.349483456866,3.79925120553869,1.25668678358535,4.79476721926699,538.56,68.5855201138347,1344.6,390.339618291343,6.41407616543376,0,1.23076843471092
"134",1969.16438356164,1172.37677383319,4974.60436097186,0,224.962144135147,1136.66694048097,10222.5471840283,355.349483456866,3.79925120553869,1.25668678358535,4.79476721926699,538.56,68.5855201138347,1344.6,390.339618291343,6.41407616543376,0,1.23076843471092
"135",1969.16438356164,1172.37677383319,4974.60436097186,0,224.962144135147,1136.66694048097,10222.5471840283,355.349483456866,3.79925120553869,1.25668678358535,4.79476721926699,538.56,68.5855201138347,1344.6,390.339618291343,6.41407616543376,0,1.23076843471092
"136",1969.16438356164,1172.37677383319,4974.60436097186,0,224.962144135147,1136.66694048097,10222.5471840283,355.349483456866,3.79925120553869,1.25668678358535,4.79476721926699,538.56,68.5855201138347,1344.6,390.339618291343,6.41407616543376,0,1.23076843471092
"137",1969.16438356164,1172.37677383319,4974.60436097186,0,224.962144135147,1136.66694048097,10222.5471840283,355.349483456866,3.79925120553869,1.25668678358535,4.79476721926699,538.56,68.5855201138347,1344.6,390.339618291343,6.41407616543376,0,1.23076843471092
"138",1969.20273972603,1171.65853928254,4975.46069433214,0,224.530818409355,1133.9704493185,10225.4164016384,354.057977991351,4.68574315349528,1.54991369975446,5.91354623709287,538.56,68.8787470300039,1344.6,391.458397309169,6.41542453242517,0,1.22942006771951
"139",1969.20273972603,1203.33853928254,4983.38069433214,0,224.530818409355,1233.5704493185,10225.4164016384,354.057977991351,4.68574315349528,1.54991369975446,5.91354623709287,578.16,68.8787470300039,1444.2,391.458397309169,6.44270155713023,0,1.20214304301445
"140",1969.20273972603,1203.33853928254,4983.38069433214,0,224.530818409355,1233.5704493185,10225.4164016384,354.057977991351,4.68574315349528,1.54991369975446,5.91354623709287,578.16,68.8787470300039,1444.2,391.458397309169,6.44270155713023,0,1.20214304301445
"141",1969.20273972603,1203.33853928254,4983.38069433214,0,224.530818409355,1233.5704493185,10225.4164016384,354.057977991351,4.68574315349528,1.54991369975446,5.91354623709287,578.16,68.8787470300039,1444.2,391.458397309169,6.44270155713023,0,1.20214304301445
"142",1969.20273972603,1203.33853928254,4983.38069433214,0,224.530818409355,1233.5704493185,10225.4164016384,354.057977991351,4.68574315349528,1.54991369975446,5.91354623709287,578.16,68.8787470300039,1444.2,391.458397309169,6.44270155713023,0,1.20214304301445
"143",1969.20273972603,1203.33853928254,4983.38069433214,0,224.530818409355,1233.5704493185,10225.4164016384,354.057977991351,4.68574315349528,1.54991369975446,5.91354623709287,578.16,68.8787470300039,1444.2,391.458397309169,6.44270155713023,0,1.20214304301445
"144",1969.20273972603,1203.33853928254,4983.38069433214,0,224.530818409355,1233.5704493185,10225.4164016384,354.057977991351,4.68574315349528,1.54991369975446,5.91354623709287,578.16,68.8787470300039,1444.2,391.458397309169,6.44270155713023,0,1.20214304301445
"145",1970,1186.14232209263,5003.25061430701,0,215.762184717754,1161.69932993349,10299.6852173168,328.405660533697,23.1121115451933,7.64484460638704,29.1681674014027,578.16,74.9736779366364,1444.2,414.713018473479,8.93972657637547,0,1.62615809331817
"146",1970,1186.14232209263,5003.25061430701,0,215.762184717754,1161.69932993349,10299.6852173168,328.405660533697,0,0,0,578.16,74.9736779366364,1444.2,414.713018473479,8.93972657637547,0,1.62615809331817
"147",1970,1186.14232209263,5003.25061430701,0,215.762184717754,1161.69932993349,10299.6852173168,328.405660533697,0,0,0,578.16,74.9736779366364,1444.2,414.713018473479,8.93972657637547,0,1.62615809331817
"148",1970.16438356164,1182.50736610796,5006.99040401092,0,213.921942977332,1140.57761709564,10312.044709109,320.780534777512,7.24534967963275,1.73540802117987,16.3873468018192,578.16,76.7090859578163,1444.2,431.100365275298,8.93236395572034,0,1.61591268482122
"149",1970.16438356164,1182.50736610796,5015.86080401092,0,278.971542977332,1140.57761709564,10312.044709109,470.180534777512,7.24534967963275,1.73540802117987,16.3873468018192,652.08,76.7090859578163,1593.6,431.100365275298,8.69371524768858,0,2.05098016838215
"150",1970.16438356164,1182.50736610796,5015.86080401092,0,278.971542977332,1140.57761709564,10312.044709109,470.180534777512,7.24534967963275,1.73540802117987,16.3873468018192,652.08,76.7090859578163,1593.6,431.100365275298,8.69371524768858,0,2.05098016838215
"151",1970.16438356164,1182.50736610796,5015.86080401092,0,278.971542977332,1140.57761709564,10312.044709109,470.180534777512,7.24534967963275,1.73540802117987,16.3873468018192,652.08,76.7090859578163,1593.6,431.100365275298,8.69371524768858,0,2.05098016838215
"152",1970.16438356164,1182.50736610796,5015.86080401092,0,278.971542977332,1140.57761709564,10312.044709109,470.180534777512,7.24534967963275,1.73540802117987,16.3873468018192,652.08,76.7090859578163,1593.6,431.100365275298,8.69371524768858,0,2.05098016838215
"153",1970.16438356164,1182.50736610796,5015.86080401092,0,278.971542977332,1140.57761709564,10312.044709109,470.180534777512,7.24534967963275,1.73540802117987,16.3873468018192,652.08,76.7090859578163,1593.6,431.100365275298,8.69371524768858,0,2.05098016838215
"154",1970.20273972603,1181.69575989434,5016.81532360284,0,278.416577879006,1136.10036304237,10315.1692209982,467.709562687873,8.93593127154663,2.14745974121036,20.211061055576,652.08,77.1211376778468,1593.6,434.924079529055,8.69277222426626,0,2.04808375988274
"155",1970.20273972603,1213.37575989434,5024.73532360284,0,278.416577879006,1268.90036304237,10315.1692209982,467.709562687873,8.93593127154663,2.14745974121036,20.211061055576,691.68,77.1211376778468,1726.4,434.924079529055,8.80608486078938,0,2.02061067353661
"156",1970.20273972603,1213.37575989434,5024.73532360284,0,278.416577879006,1268.90036304237,10315.1692209982,467.709562687873,8.93593127154663,2.14745974121036,20.211061055576,691.68,77.1211376778468,1726.4,434.924079529055,8.80608486078938,0,2.02061067353661
"157",1970.20273972603,1213.37575989434,5024.73532360284,0,278.416577879006,1268.90036304237,10315.1692209982,467.709562687873,8.93593127154663,2.14745974121036,20.211061055576,691.68,77.1211376778468,1726.4,434.924079529055,8.80608486078938,0,2.02061067353661
"158",1970.20273972603,1213.37575989434,5024.73532360284,0,278.416577879006,1268.90036304237,10315.1692209982,467.709562687873,8.93593127154663,2.14745974121036,20.211061055576,691.68,77.1211376778468,1726.4,434.924079529055,8.80608486078938,0,2.02061067353661
"159",1970.20273972603,1213.37575989434,5024.73532360284,0,278.416577879006,1268.90036304237,10315.1692209982,467.709562687873,8.93593127154663,2.14745974121036,20.211061055576,691.68,77.1211376778468,1726.4,434.924079529055,8.80608486078938,0,2.02061067353661
"160",1970.20273972603,1213.37575989434,5024.73532360284,0,278.416577879006,1268.90036304237,10315.1692209982,467.709562687873,8.93593127154663,2.14745974121036,20.211061055576,691.68,77.1211376778468,1726.4,434.924079529055,8.80608486078938,0,2.02061067353661
"161",1971,1194.33871281336,5046.45184270504,0,267.138305598442,1155.72674167673,10396.8257979703,419.747978117975,44.0758766998052,10.7462600005572,99.6896900189327,691.68,85.7199379371936,1726.4,514.402708492411,6.9388717558559,0,1.55202073225763
"162",1971,1194.33871281336,5046.45184270504,0,267.138305598442,1155.72674167673,10396.8257979703,419.747978117975,0,0,0,691.68,85.7199379371936,1726.4,514.402708492411,6.9388717558559,0,1.55202073225763
"163",1971,1194.33871281336,5046.45184270504,0,267.138305598442,1155.72674167673,10396.8257979703,419.747978117975,0,0,0,691.68,85.7199379371936,1726.4,514.402708492411,6.9388717558559,0,1.55202073225763
"164",1971.16438356164,1191.05991132217,5050.53821514618,0,264.934971499757,1144.48176502177,10409.7342300147,413.322389858377,5.25528355514555,1.39576314873494,4.76213287021265,691.68,87.1157010859285,1726.4,519.164841362624,6.94587719589908,0,1.54501529221445
"165",1971.16438356164,1191.05991132217,5050.53821514618,0,264.934971499757,1144.48176502177,10409.7342300147,413.322389858377,5.25528355514555,1.39576314873494,4.76213287021265,691.68,87.1157010859285,1726.4,519.164841362624,6.94587719589908,0,1.54501529221445
"166",1971.16438356164,1191.05991132217,5050.53821514618,0,264.934971499757,1144.48176502177,10409.7342300147,413.322389858377,5.25528355514555,1.39576314873494,4.76213287021265,691.68,87.1157010859285,1726.4,519.164841362624,6.94587719589908,0,1.54501529221445
"167",1971.16438356164,1191.05991132217,5050.53821514618,0,264.934971499757,1144.48176502177,10409.7342300147,413.322389858377,5.25528355514555,1.39576314873494,4.76213287021265,691.68,87.1157010859285,1726.4,519.164841362624,6.94587719589908,0,1.54501529221445
"168",1971.16438356164,1191.05991132217,5050.53821514618,0,264.934971499757,1144.48176502177,10409.7342300147,413.322389858377,5.25528355514555,1.39576314873494,4.76213287021265,691.68,87.1157010859285,1726.4,519.164841362624,6.94587719589908,0,1.54501529221445
"169",1971.16438356164,1191.05991132217,5050.53821514618,0,264.934971499757,1144.48176502177,10409.7342300147,413.322389858377,5.25528355514555,1.39576314873494,4.76213287021265,691.68,87.1157010859285,1726.4,519.164841362624,6.94587719589908,0,1.54501529221445
"170",1971.20273972603,1190.30957716813,5051.47449880567,0,264.423343926271,1141.95677935282,10412.6351688336,411.835272372075,6.48151638467117,1.72144121677087,5.87329720658805,691.68,87.4413791539644,1726.4,520.276005698999,6.94752315064341,0,1.54336933747012
"171",1971.20273972603,1221.98957716813,5059.39449880567,0,264.423343926271,1241.55677935282,10412.6351688336,411.835272372075,6.48151638467117,1.72144121677087,5.87329720658805,731.28,87.4413791539644,1826,520.276005698999,6.9804170658652,0,1.51047542224833
"172",1971.20273972603,1221.98957716813,5059.39449880567,0,264.423343926271,1241.55677935282,10412.6351688336,411.835272372075,6.48151638467117,1.72144121677087,5.87329720658805,731.28,87.4413791539644,1826,520.276005698999,6.9804170658652,0,1.51047542224833
"173",1971.20273972603,1221.98957716813,5059.39449880567,0,264.423343926271,1241.55677935282,10412.6351688336,411.835272372075,6.48151638467117,1.72144121677087,5.87329720658805,731.28,87.4413791539644,1826,520.276005698999,6.9804170658652,0,1.51047542224833
"174",1971.20273972603,1221.98957716813,5059.39449880567,0,264.423343926271,1241.55677935282,10412.6351688336,411.835272372075,6.48151638467117,1.72144121677087,5.87329720658805,731.28,87.4413791539644,1826,520.276005698999,6.9804170658652,0,1.51047542224833
"175",1971.20273972603,1221.98957716813,5059.39449880567,0,264.423343926271,1241.55677935282,10412.6351688336,411.835272372075,6.48151638467117,1.72144121677087,5.87329720658805,731.28,87.4413791539644,1826,520.276005698999,6.9804170658652,0,1.51047542224833
"176",1971.20273972603,1221.98957716813,5059.39449880567,0,264.423343926271,1241.55677935282,10412.6351688336,411.835272372075,6.48151638467117,1.72144121677087,5.87329720658805,731.28,87.4413791539644,1826,520.276005698999,6.9804170658652,0,1.51047542224833
"177",1972,1204.1819317579,5080.83294502012,0,254.023092258596,1172.77100240696,10487.8888759976,382.270997555371,31.9696371920133,8.49089208022353,28.9696418051124,731.28,94.2108300174171,1826,543.372350297524,6.34678011990427,0,1.33885808234133
"178",1972,1204.1819317579,5080.83294502012,0,254.023092258596,1172.77100240696,10487.8888759976,382.270997555371,0,0,0,731.28,94.2108300174171,1826,543.372350297524,6.34678011990427,0,1.33885808234133
"179",1972,1204.1819317579,5080.83294502012,0,254.023092258596,1172.77100240696,10487.8888759976,382.270997555371,0,0,0,731.28,94.2108300174171,1826,543.372350297524,6.34678011990427,0,1.33885808234133
"180",1972.16438356164,1200.9423850649,5084.88187591188,0,251.950315478651,1160.94043956654,10500.7806137579,376.38990867519,3.81601569955171,1.26339258119063,4.81991396028677,731.28,95.4742225986077,1826,548.192264257811,6.35284950492052,0,1.33278869732508
"181",1972.16438356164,1200.9423850649,5084.88187591188,0,251.950315478651,1160.94043956654,10500.7806137579,376.38990867519,3.81601569955171,1.26339258119063,4.81991396028677,731.28,95.4742225986077,1826,548.192264257811,6.35284950492052,0,1.33278869732508
"182",1972.16438356164,1200.9423850649,5084.88187591188,0,251.950315478651,1160.94043956654,10500.7806137579,376.38990867519,3.81601569955171,1.26339258119063,4.81991396028677,731.28,95.4742225986077,1826,548.192264257811,6.35284950492052,0,1.33278869732508
"183",1972.16438356164,1200.9423850649,5084.88187591188,0,251.950315478651,1160.94043956654,10500.7806137579,376.38990867519,3.81601569955171,1.26339258119063,4.81991396028677,731.28,95.4742225986077,1826,548.192264257811,6.35284950492052,0,1.33278869732508
"184",1972.16438356164,1200.9423850649,5084.88187591188,0,251.950315478651,1160.94043956654,10500.7806137579,376.38990867519,3.81601569955171,1.26339258119063,4.81991396028677,731.28,95.4742225986077,1826,548.192264257811,6.35284950492052,0,1.33278869732508
"185",1972.16438356164,1200.9423850649,5084.88187591188,0,251.950315478651,1160.94043956654,10500.7806137579,376.38990867519,3.81601569955171,1.26339258119063,4.81991396028677,731.28,95.4742225986077,1826,548.192264257811,6.35284950492052,0,1.33278869732508
"186",1972.20273972603,1200.20106421187,5085.80972885039,0,251.468991790892,1158.28354991378,10503.6739582533,375.028807241868,4.70641936277855,1.55818418346782,5.94456055101796,731.28,95.7690142008849,1826,549.316910848542,6.35427527855891,0,1.33136292368669
"187",1972.20273972603,1231.88106421187,5093.72972885039,0,251.468991790892,1257.88354991378,10503.6739582533,375.028807241868,4.70641936277855,1.55818418346782,5.94456055101796,770.88,95.7690142008849,1925.6,549.316910848542,6.38270927986002,0,1.30292892238558
"188",1972.20273972603,1231.88106421187,5093.72972885039,0,251.468991790892,1257.88354991378,10503.6739582533,375.028807241868,4.70641936277855,1.55818418346782,5.94456055101796,770.88,95.7690142008849,1925.6,549.316910848542,6.38270927986002,0,1.30292892238558
"189",1972.20273972603,1231.88106421187,5093.72972885039,0,251.468991790892,1257.88354991378,10503.6739582533,375.028807241868,4.70641936277855,1.55818418346782,5.94456055101796,770.88,95.7690142008849,1925.6,549.316910848542,6.38270927986002,0,1.30292892238558
"190",1972.20273972603,1231.88106421187,5093.72972885039,0,251.468991790892,1257.88354991378,10503.6739582533,375.028807241868,4.70641936277855,1.55818418346782,5.94456055101796,770.88,95.7690142008849,1925.6,549.316910848542,6.38270927986002,0,1.30292892238558
"191",1972.20273972603,1231.88106421187,5093.72972885039,0,251.468991790892,1257.88354991378,10503.6739582533,375.028807241868,4.70641936277855,1.55818418346782,5.94456055101796,770.88,95.7690142008849,1925.6,549.316910848542,6.38270927986002,0,1.30292892238558
"192",1972.20273972603,1231.88106421187,5093.72972885039,0,251.468991790892,1257.88354991378,10503.6739582533,375.028807241868,4.70641936277855,1.55818418346782,5.94456055101796,770.88,95.7690142008849,1925.6,549.316910848542,6.38270927986002,0,1.30292892238558
"193",1973,1214.25214058316,5115.01838383895,0,241.681805327885,1186.73001895247,10578.4995910644,347.980098622477,23.2141029352511,7.68563928662111,29.3211673206089,770.88,101.896469304038,1925.6,572.693517618133,9.41130565409953,0,1.87320348464276
"194",1973,1214.25214058316,5115.01838383895,0,241.681805327885,1186.73001895247,10578.4995910644,347.980098622477,0,0,0,770.88,101.896469304038,1925.6,572.693517618133,9.41130565409953,0,1.87320348464276
"195",1973,1214.25214058316,5115.01838383895,0,241.681805327885,1186.73001895247,10578.4995910644,347.980098622477,0,0,0,770.88,101.896469304038,1925.6,572.693517618133,9.41130565409953,0,1.87320348464276
"196",1973.16438356164,1210.45273910457,5119.03430556853,0,239.612078960867,1164.65060779578,10590.9514504934,339.660325233229,7.86934935815701,1.85320611603428,17.9473251169247,770.88,103.749675420073,1925.6,590.640842735057,9.40176996812778,0,1.86110335017411
"197",1973.16438356164,1210.45273910457,5127.90470556853,0,304.661678960867,1164.65060779578,10590.9514504934,489.060325233229,7.86934935815701,1.85320611603428,17.9473251169247,844.8,103.749675420073,2075,590.640842735057,9.1804515468097,0,2.31064930625789
"198",1973.16438356164,1210.45273910457,5127.90470556853,0,304.661678960867,1164.65060779578,10590.9514504934,489.060325233229,7.86934935815701,1.85320611603428,17.9473251169247,844.8,103.749675420073,2075,590.640842735057,9.1804515468097,0,2.31064930625789
"199",1973.16438356164,1210.45273910457,5127.90470556853,0,304.661678960867,1164.65060779578,10590.9514504934,489.060325233229,7.86934935815701,1.85320611603428,17.9473251169247,844.8,103.749675420073,2075,590.640842735057,9.1804515468097,0,2.31064930625789
"200",1973.16438356164,1210.45273910457,5127.90470556853,0,304.661678960867,1164.65060779578,10590.9514504934,489.060325233229,7.86934935815701,1.85320611603428,17.9473251169247,844.8,103.749675420073,2075,590.640842735057,9.1804515468097,0,2.31064930625789
"201",1973.16438356164,1210.45273910457,5127.90470556853,0,304.661678960867,1164.65060779578,10590.9514504934,489.060325233229,7.86934935815701,1.85320611603428,17.9473251169247,844.8,103.749675420073,2075,590.640842735057,9.1804515468097,0,2.31064930625789
"202",1973.20273972603,1209.60295402645,5128.92260921933,0,304.052898552055,1159.97322481582,10594.0886297765,486.412814863933,9.70553087505013,2.29386795215935,22.1350391831323,844.8,104.190337256198,2075,594.828556801265,9.17897993590914,0,2.30728227471186
"203",1973.20273972603,1241.28295402645,5136.84260921933,0,304.052898552055,1292.77322481582,10594.0886297765,486.412814863933,9.70553087505013,2.29386795215935,22.1350391831323,884.4,104.190337256198,2207.8,594.828556801265,9.30838601003945,0,2.28009394474741
"204",1973.20273972603,1241.28295402645,5136.84260921933,0,304.052898552055,1292.77322481582,10594.0886297765,486.412814863933,9.70553087505013,2.29386795215935,22.1350391831323,884.4,104.190337256198,2207.8,594.828556801265,9.30838601003945,0,2.28009394474741
"205",1973.20273972603,1241.28295402645,5136.84260921933,0,304.052898552055,1292.77322481582,10594.0886297765,486.412814863933,9.70553087505013,2.29386795215935,22.1350391831323,884.4,104.190337256198,2207.8,594.828556801265,9.30838601003945,0,2.28009394474741
"206",1973.20273972603,1241.28295402645,5136.84260921933,0,304.052898552055,1292.77322481582,10594.0886297765,486.412814863933,9.70553087505013,2.29386795215935,22.1350391831323,884.4,104.190337256198,2207.8,594.828556801265,9.30838601003945,0,2.28009394474741
"207",1973.20273972603,1241.28295402645,5136.84260921933,0,304.052898552055,1292.77322481582,10594.0886297765,486.412814863933,9.70553087505013,2.29386795215935,22.1350391831323,884.4,104.190337256198,2207.8,594.828556801265,9.30838601003945,0,2.28009394474741
"208",1973.20273972603,1241.28295402645,5136.84260921933,0,304.052898552055,1292.77322481582,10594.0886297765,486.412814863933,9.70553087505013,2.29386795215935,22.1350391831323,884.4,104.190337256198,2207.8,594.828556801265,9.30838601003945,0,2.28009394474741
"209",1974,1221.51036248878,5159.79038036663,0,291.680398187457,1175.82678519403,10675.3391074186,435.064230148451,47.8718593111762,11.491188707133,109.179585878238,884.4,113.387658011171,2207.8,681.87310349637,6.90951726734203,0,1.64990065554188
"210",1974,1221.51036248878,5159.79038036663,0,291.680398187457,1175.82678519403,10675.3391074186,435.064230148451,0,0,0,884.4,113.387658011171,2207.8,681.87310349637,6.90951726734203,0,1.64990065554188
"211",1974,1221.51036248878,5159.79038036663,0,291.680398187457,1175.82678519403,10675.3391074186,435.064230148451,0,0,0,884.4,113.387658011171,2207.8,681.87310349637,6.90951726734203,0,1.64990065554188
"212",1974.16438356164,1218.17978388864,5164.11238912181,0,289.281940428662,1164.95481958605,10688.052628722,428.422993399433,5.29283173856344,1.40702760376092,4.79968105363222,884.4,114.794685614932,2207.8,686.672784550002,6.91686542172964,0,1.64255250115428
"213",1974.16438356164,1218.17978388864,5164.11238912181,0,289.281940428662,1164.95481958605,10688.052628722,428.422993399433,5.29283173856344,1.40702760376092,4.79968105363222,884.4,114.794685614932,2207.8,686.672784550002,6.91686542172964,0,1.64255250115428
"214",1974.16438356164,1218.17978388864,5164.11238912181,0,289.281940428662,1164.95481958605,10688.052628722,428.422993399433,5.29283173856344,1.40702760376092,4.79968105363222,884.4,114.794685614932,2207.8,686.672784550002,6.91686542172964,0,1.64255250115428
"215",1974.16438356164,1218.17978388864,5164.11238912181,0,289.281940428662,1164.95481958605,10688.052628722,428.422993399433,5.29283173856344,1.40702760376092,4.79968105363222,884.4,114.794685614932,2207.8,686.672784550002,6.91686542172964,0,1.64255250115428
"216",1974.16438356164,1218.17978388864,5164.11238912181,0,289.281940428662,1164.95481958605,10688.052628722,428.422993399433,5.29283173856344,1.40702760376092,4.79968105363222,884.4,114.794685614932,2207.8,686.672784550002,6.91686542172964,0,1.64255250115428
"217",1974.16438356164,1218.17978388864,5164.11238912181,0,289.281940428662,1164.95481958605,10688.052628722,428.422993399433,5.29283173856344,1.40702760376092,4.79968105363222,884.4,114.794685614932,2207.8,686.672784550002,6.91686542172964,0,1.64255250115428
"218",1974.20273972603,1217.41772735886,5165.10308231085,0,288.724997328523,1162.51365436415,10690.9108489676,426.886012796544,6.52782581088282,1.73533404463525,5.91960663280211,884.4,115.122992055806,2207.8,687.792710129172,6.91859207257725,0,1.64082585030667
"219",1974.20273972603,1249.09772735886,5173.02308231085,0,288.724997328523,1262.11365436415,10690.9108489676,426.886012796544,6.52782581088282,1.73533404463525,5.91960663280211,924,115.122992055806,2307.4,687.792710129172,6.95239399402322,0,1.60702392886069
"220",1974.20273972603,1249.09772735886,5173.02308231085,0,288.724997328523,1262.11365436415,10690.9108489676,426.886012796544,6.52782581088282,1.73533404463525,5.91960663280211,924,115.122992055806,2307.4,687.792710129172,6.95239399402322,0,1.60702392886069
"221",1974.20273972603,1249.09772735886,5173.02308231085,0,288.724997328523,1262.11365436415,10690.9108489676,426.886012796544,6.52782581088282,1.73533404463525,5.91960663280211,924,115.122992055806,2307.4,687.792710129172,6.95239399402322,0,1.60702392886069
"222",1974.20273972603,1249.09772735886,5173.02308231085,0,288.724997328523,1262.11365436415,10690.9108489676,426.886012796544,6.52782581088282,1.73533404463525,5.91960663280211,924,115.122992055806,2307.4,687.792710129172,6.95239399402322,0,1.60702392886069
"223",1974.20273972603,1249.09772735886,5173.02308231085,0,288.724997328523,1262.11365436415,10690.9108489676,426.886012796544,6.52782581088282,1.73533404463525,5.91960663280211,924,115.122992055806,2307.4,687.792710129172,6.95239399402322,0,1.60702392886069
"224",1974.20273972603,1249.09772735886,5173.02308231085,0,288.724997328523,1262.11365436415,10690.9108489676,426.886012796544,6.52782581088282,1.73533404463525,5.91960663280211,924,115.122992055806,2307.4,687.792710129172,6.95239399402322,0,1.60702392886069
"225",1975,1231.07457176145,5195.54562179072,0,277.401530854966,1194.82746197848,10765.4821701431,396.322430469971,32.1980460182689,8.55941663572857,29.1980601695073,924,121.9470746469,2307.4,711.071163665878,6.30557799906938,0,1.42085380527719
"226",1975,1231.07457176145,5195.54562179072,0,277.401530854966,1194.82746197848,10765.4821701431,396.322430469971,0,0,0,924,121.9470746469,2307.4,711.071163665878,6.30557799906938,0,1.42085380527719
"227",1975,1231.07457176145,5195.54562179072,0,277.401530854966,1194.82746197848,10765.4821701431,396.322430469971,0,0,0,924,121.9470746469,2307.4,711.071163665878,6.30557799906938,0,1.42085380527719
"228",1975.16438356164,1227.79943248452,5199.80747194378,0,275.144721600042,1183.26482816357,10778.2754176898,390.246756036904,3.83278019355847,1.27009837879384,4.84506070129864,924,123.217173025694,2307.4,715.916224367176,6.31195015378682,0,1.41448165055974
"229",1975.16438356164,1227.79943248452,5199.80747194378,0,275.144721600042,1183.26482816357,10778.2754176898,390.246756036904,3.83278019355847,1.27009837879384,4.84506070129864,924,123.217173025694,2307.4,715.916224367176,6.31195015378682,0,1.41448165055974
"230",1975.16438356164,1227.79943248452,5199.80747194378,0,275.144721600042,1183.26482816357,10778.2754176898,390.246756036904,3.83278019355847,1.27009837879384,4.84506070129864,924,123.217173025694,2307.4,715.916224367176,6.31195015378682,0,1.41448165055974
"231",1975.16438356164,1227.79943248452,5199.80747194378,0,275.144721600042,1183.26482816357,10778.2754176898,390.246756036904,3.83278019355847,1.27009837879384,4.84506070129864,924,123.217173025694,2307.4,715.916224367176,6.31195015378682,0,1.41448165055974
"232",1975.16438356164,1227.79943248452,5199.80747194378,0,275.144721600042,1183.26482816357,10778.2754176898,390.246756036904,3.83278019355847,1.27009837879384,4.84506070129864,924,123.217173025694,2307.4,715.916224367176,6.31195015378682,0,1.41448165055974
"233",1975.16438356164,1227.79943248452,5199.80747194378,0,275.144721600042,1183.26482816357,10778.2754176898,390.246756036904,3.83278019355847,1.27009837879384,4.84506070129864,924,123.217173025694,2307.4,715.916224367176,6.31195015378682,0,1.41448165055974
"234",1975.20273972603,1227.05009154331,5200.78452046781,0,274.620657728839,1180.66817175111,10781.1476633617,388.840652613819,4.72709557205316,1.56645466717831,5.9755748649321,924,123.513529314078,2307.4,717.04673853081,6.31344711044138,0,1.41298469390518
"235",1975.20273972603,1258.73009154331,5208.70452046781,0,274.620657728839,1280.26817175111,10781.1476633617,388.840652613819,4.72709557205316,1.56645466717831,5.9755748649321,963.6,123.513529314078,2407,717.04673853081,6.34264027131743,0,1.38379153302913
"236",1975.20273972603,1258.73009154331,5208.70452046781,0,274.620657728839,1280.26817175111,10781.1476633617,388.840652613819,4.72709557205316,1.56645466717831,5.9755748649321,963.6,123.513529314078,2407,717.04673853081,6.34264027131743,0,1.38379153302913
"237",1975.20273972603,1258.73009154331,5208.70452046781,0,274.620657728839,1280.26817175111,10781.1476633617,388.840652613819,4.72709557205316,1.56645466717831,5.9755748649321,963.6,123.513529314078,2407,717.04673853081,6.34264027131743,0,1.38379153302913
"238",1975.20273972603,1258.73009154331,5208.70452046781,0,274.620657728839,1280.26817175111,10781.1476633617,388.840652613819,4.72709557205316,1.56645466717831,5.9755748649321,963.6,123.513529314078,2407,717.04673853081,6.34264027131743,0,1.38379153302913
"239",1975.20273972603,1258.73009154331,5208.70452046781,0,274.620657728839,1280.26817175111,10781.1476633617,388.840652613819,4.72709557205316,1.56645466717831,5.9755748649321,963.6,123.513529314078,2407,717.04673853081,6.34264027131743,0,1.38379153302913
"240",1975.20273972603,1258.73009154331,5208.70452046781,0,274.620657728839,1280.26817175111,10781.1476633617,388.840652613819,4.72709557205316,1.56645466717831,5.9755748649321,963.6,123.513529314078,2407,717.04673853081,6.34264027131743,0,1.38379153302913
"241",1976,1240.95691741926,5230.97574072857,0,263.962634387156,1210.19668398519,10855.6728548857,360.888403026112,23.3160799658768,7.72643187215201,29.4741206946094,963.6,129.673506519052,2407,740.545284360487,9.85536553223857,0,2.09632438662588
"242",1976,1240.95691741926,5230.97574072857,0,263.962634387156,1210.19668398519,10855.6728548857,360.888403026112,0,0,0,963.6,129.673506519052,2407,740.545284360487,9.85536553223857,0,2.09632438662588
"243",1976,1240.95691741926,5230.97574072857,0,263.962634387156,1210.19668398519,10855.6728548857,360.888403026112,0,0,0,963.6,129.673506519052,2407,740.545284360487,9.85536553223857,0,2.09632438662588
"244",1976.16438356164,1237.05468628311,5235.18413761775,0,261.693895884092,1187.23074944554,10868.0574583203,352.013687419055,8.49334903671699,1.96257275003122,19.4560467120752,963.6,131.636079269083,2407,760.001331072562,9.8439027667889,0,2.08243765963603
"245",1976.16438356164,1237.05468628311,5244.05453761775,0,326.743495884092,1187.23074944554,10868.0574583203,501.413687419055,8.49334903671699,1.96257275003122,19.4560467120752,1037.52,131.636079269083,2556.4,760.001331072562,9.63744140170959,0,2.54553927962082
"246",1976.16438356164,1237.05468628311,5244.05453761775,0,326.743495884092,1187.23074944554,10868.0574583203,501.413687419055,8.49334903671699,1.96257275003122,19.4560467120752,1037.52,131.636079269083,2556.4,760.001331072562,9.63744140170959,0,2.54553927962082
"247",1976.16438356164,1237.05468628311,5244.05453761775,0,326.743495884092,1187.23074944554,10868.0574583203,501.413687419055,8.49334903671699,1.96257275003122,19.4560467120752,1037.52,131.636079269083,2556.4,760.001331072562,9.63744140170959,0,2.54553927962082
"248",1976.16438356164,1237.05468628311,5244.05453761775,0,326.743495884092,1187.23074944554,10868.0574583203,501.413687419055,8.49334903671699,1.96257275003122,19.4560467120752,1037.52,131.636079269083,2556.4,760.001331072562,9.63744140170959,0,2.54553927962082
"249",1976.16438356164,1237.05468628311,5244.05453761775,0,326.743495884092,1187.23074944554,10868.0574583203,501.413687419055,8.49334903671699,1.96257275003122,19.4560467120752,1037.52,131.636079269083,2556.4,760.001331072562,9.63744140170959,0,2.54553927962082
"250",1976.20273972603,1236.18089061708,5245.11663551995,0,326.088011698422,1182.36125256679,10871.1712474957,498.617681243693,10.4751304786042,2.42975469952485,24.0077605907673,1037.52,132.103261218577,2556.4,764.553044951255,9.63549935011105,0,2.54171606166045
"251",1976.20273972603,1267.86089061708,5253.03663551995,0,326.088011698422,1315.16125256679,10871.1712474957,498.617681243693,10.4751304786042,2.42975469952485,24.0077605907673,1077.12,132.103261218577,2689.2,764.553044951255,9.77891682693997,0,2.51509260066306
"252",1976.20273972603,1267.86089061708,5253.03663551995,0,326.088011698422,1315.16125256679,10871.1712474957,498.617681243693,10.4751304786042,2.42975469952485,24.0077605907673,1077.12,132.103261218577,2689.2,764.553044951255,9.77891682693997,0,2.51509260066306
"253",1976.20273972603,1267.86089061708,5253.03663551995,0,326.088011698422,1315.16125256679,10871.1712474957,498.617681243693,10.4751304786042,2.42975469952485,24.0077605907673,1077.12,132.103261218577,2689.2,764.553044951255,9.77891682693997,0,2.51509260066306
"254",1976.20273972603,1267.86089061708,5253.03663551995,0,326.088011698422,1315.16125256679,10871.1712474957,498.617681243693,10.4751304786042,2.42975469952485,24.0077605907673,1077.12,132.103261218577,2689.2,764.553044951255,9.77891682693997,0,2.51509260066306
"255",1976.20273972603,1267.86089061708,5253.03663551995,0,326.088011698422,1315.16125256679,10871.1712474957,498.617681243693,10.4751304786042,2.42975469952485,24.0077605907673,1077.12,132.103261218577,2689.2,764.553044951255,9.77891682693997,0,2.51509260066306
"256",1976.20273972603,1267.86089061708,5253.03663551995,0,326.088011698422,1315.16125256679,10871.1712474957,498.617681243693,10.4751304786042,2.42975469952485,24.0077605907673,1077.12,132.103261218577,2689.2,764.553044951255,9.77891682693997,0,2.51509260066306
"257",1977,1247.62534444163,5276.84247998118,0,312.766066122938,1194.58570124328,10951.3143216399,444.439563813433,51.6678669281444,12.1814019892367,118.618355200371,1077.12,141.854908508289,2689.2,859.163639560858,6.89855169064384,0,1.72939166701047
"258",1977,1247.62534444163,5276.84247998118,0,312.766066122938,1194.58570124328,10951.3143216399,444.439563813433,0,0,0,1077.12,141.854908508289,2689.2,859.163639560858,6.89855169064384,0,1.72939166701047
"259",1977,1247.62534444163,5276.84247998118,0,312.766066122938,1194.58570124328,10951.3143216399,444.439563813433,0,0,0,1077.12,141.854908508289,2689.2,859.163639560858,6.89855169064384,0,1.72939166701047
"260",1977.16438356164,1244.28598344592,5281.32889341943,0,310.200721621598,1184.13449536985,10963.6999814213,437.667880668423,5.33037992200539,1.41829205879329,4.8372292370736,1077.12,143.273200567082,2689.2,864.000868797932,6.90622116670228,0,1.72172219095203
"261",1977.16438356164,1244.28598344592,5281.32889341943,0,310.200721621598,1184.13449536985,10963.6999814213,437.667880668423,5.33037992200539,1.41829205879329,4.8372292370736,1077.12,143.273200567082,2689.2,864.000868797932,6.90622116670228,0,1.72172219095203
"262",1977.16438356164,1244.28598344592,5281.32889341943,0,310.200721621598,1184.13449536985,10963.6999814213,437.667880668423,5.33037992200539,1.41829205879329,4.8372292370736,1077.12,143.273200567082,2689.2,864.000868797932,6.90622116670228,0,1.72172219095203
"263",1977.16438356164,1244.28598344592,5281.32889341943,0,310.200721621598,1184.13449536985,10963.6999814213,437.667880668423,5.33037992200539,1.41829205879329,4.8372292370736,1077.12,143.273200567082,2689.2,864.000868797932,6.90622116670228,0,1.72172219095203
"264",1977.16438356164,1244.28598344592,5281.32889341943,0,310.200721621598,1184.13449536985,10963.6999814213,437.667880668423,5.33037992200539,1.41829205879329,4.8372292370736,1077.12,143.273200567082,2689.2,864.000868797932,6.90622116670228,0,1.72172219095203
"265",1977.16438356164,1244.28598344592,5281.32889341943,0,310.200721621598,1184.13449536985,10963.6999814213,437.667880668423,5.33037992200539,1.41829205879329,4.8372292370736,1077.12,143.273200567082,2689.2,864.000868797932,6.90622116670228,0,1.72172219095203
"266",1977.20273972603,1243.5220277792,5282.35761453345,0,309.605021360586,1181.78780538847,10966.4850989052,436.100766343856,6.57413523712779,1.74922687250849,5.96591605904638,1077.12,143.604135380797,2689.2,865.129555619905,6.90802315600436,0,1.71992020164995
"267",1977.20273972603,1275.2020277792,5290.27761453345,0,309.605021360586,1281.38780538847,10966.4850989052,436.100766343856,6.57413523712779,1.74922687250849,5.96591605904638,1116.72,143.604135380797,2788.8,865.129555619905,6.94240404295072,0,1.68553931470359
"268",1977.20273972603,1275.2020277792,5290.27761453345,0,309.605021360586,1281.38780538847,10966.4850989052,436.100766343856,6.57413523712779,1.74922687250849,5.96591605904638,1116.72,143.604135380797,2788.8,865.129555619905,6.94240404295072,0,1.68553931470359
"269",1977.20273972603,1275.2020277792,5290.27761453345,0,309.605021360586,1281.38780538847,10966.4850989052,436.100766343856,6.57413523712779,1.74922687250849,5.96591605904638,1116.72,143.604135380797,2788.8,865.129555619905,6.94240404295072,0,1.68553931470359
"270",1977.20273972603,1275.2020277792,5290.27761453345,0,309.605021360586,1281.38780538847,10966.4850989052,436.100766343856,6.57413523712779,1.74922687250849,5.96591605904638,1116.72,143.604135380797,2788.8,865.129555619905,6.94240404295072,0,1.68553931470359
"271",1977.20273972603,1275.2020277792,5290.27761453345,0,309.605021360586,1281.38780538847,10966.4850989052,436.100766343856,6.57413523712779,1.74922687250849,5.96591605904638,1116.72,143.604135380797,2788.8,865.129555619905,6.94240404295072,0,1.68553931470359
"272",1977.20273972603,1275.2020277792,5290.27761453345,0,309.605021360586,1281.38780538847,10966.4850989052,436.100766343856,6.57413523712779,1.74922687250849,5.96591605904638,1116.72,143.604135380797,2788.8,865.129555619905,6.94240404295072,0,1.68553931470359
"273",1978,1257.15098924813,5313.56311266961,0,297.491847126187,1215.78763645628,11039.7919137599,404.933558189042,32.4264584353646,8.62794150181964,29.4264782914165,1116.72,150.482850010108,2788.8,888.590117852275,6.28091216513836,0,1.48631324130912
"274",1978,1257.15098924813,5313.56311266961,0,297.491847126187,1215.78763645628,11039.7919137599,404.933558189042,0,0,0,1116.72,150.482850010108,2788.8,888.590117852275,6.28091216513836,0,1.48631324130912
"275",1978,1257.15098924813,5313.56311266961,0,297.491847126187,1215.78763645628,11039.7919137599,404.933558189042,0,0,0,1116.72,150.482850010108,2788.8,888.590117852275,6.28091216513836,0,1.48631324130912
"276",1978.16438356164,1253.87543303346,5317.97600195553,0,295.077709878541,1204.5235713164,11052.3772052104,398.742124436008,3.84954468758001,1.27680417640195,4.87020744232919,1116.72,151.75965418651,2788.8,893.460325294604,6.28755825477615,0,1.47966715167133
"277",1978.16438356164,1253.87543303346,5317.97600195553,0,295.077709878541,1204.5235713164,11052.3772052104,398.742124436008,3.84954468758001,1.27680417640195,4.87020744232919,1116.72,151.75965418651,2788.8,893.460325294604,6.28755825477615,0,1.47966715167133
"278",1978.16438356164,1253.87543303346,5317.97600195553,0,295.077709878541,1204.5235713164,11052.3772052104,398.742124436008,3.84954468758001,1.27680417640195,4.87020744232919,1116.72,151.75965418651,2788.8,893.460325294604,6.28755825477615,0,1.47966715167133
"279",1978.16438356164,1253.87543303346,5317.97600195553,0,295.077709878541,1204.5235713164,11052.3772052104,398.742124436008,3.84954468758001,1.27680417640195,4.87020744232919,1116.72,151.75965418651,2788.8,893.460325294604,6.28755825477615,0,1.47966715167133
"280",1978.16438356164,1253.87543303346,5317.97600195553,0,295.077709878541,1204.5235713164,11052.3772052104,398.742124436008,3.84954468758001,1.27680417640195,4.87020744232919,1116.72,151.75965418651,2788.8,893.460325294604,6.28755825477615,0,1.47966715167133
"281",1978.16438356164,1253.87543303346,5317.97600195553,0,295.077709878541,1204.5235713164,11052.3772052104,398.742124436008,3.84954468758001,1.27680417640195,4.87020744232919,1116.72,151.75965418651,2788.8,893.460325294604,6.28755825477615,0,1.47966715167133
"282",1978.20273972603,1253.12610632949,5318.98800949342,0,294.517108070125,1201.99396876247,11055.2032807636,397.309269700179,4.74777178135275,1.57472515089708,6.00658917887782,1116.72,152.057575161005,2788.8,894.596707031153,6.2891193784227,0,1.47810602802478
"283",1978.20273972603,1284.80610632949,5326.90800949342,0,294.517108070125,1301.59396876247,11055.2032807636,397.309269700179,4.74777178135275,1.57472515089708,6.00658917887782,1156.32,152.057575161005,2888.4,894.596707031153,6.31876904008846,0,1.44845636635902
"284",1978.20273972603,1284.80610632949,5326.90800949342,0,294.517108070125,1301.59396876247,11055.2032807636,397.309269700179,4.74777178135275,1.57472515089708,6.00658917887782,1156.32,152.057575161005,2888.4,894.596707031153,6.31876904008846,0,1.44845636635902
"285",1978.20273972603,1284.80610632949,5326.90800949342,0,294.517108070125,1301.59396876247,11055.2032807636,397.309269700179,4.74777178135275,1.57472515089708,6.00658917887782,1156.32,152.057575161005,2888.4,894.596707031153,6.31876904008846,0,1.44845636635902
"286",1978.20273972603,1284.80610632949,5326.90800949342,0,294.517108070125,1301.59396876247,11055.2032807636,397.309269700179,4.74777178135275,1.57472515089708,6.00658917887782,1156.32,152.057575161005,2888.4,894.596707031153,6.31876904008846,0,1.44845636635902
"287",1978.20273972603,1284.80610632949,5326.90800949342,0,294.517108070125,1301.59396876247,11055.2032807636,397.309269700179,4.74777178135275,1.57472515089708,6.00658917887782,1156.32,152.057575161005,2888.4,894.596707031153,6.31876904008846,0,1.44845636635902
"288",1978.20273972603,1284.80610632949,5326.90800949342,0,294.517108070125,1301.59396876247,11055.2032807636,397.309269700179,4.74777178135275,1.57472515089708,6.00658917887782,1156.32,152.057575161005,2888.4,894.596707031153,6.31876904008846,0,1.44845636635902
"289",1979,1267.04176665435,5349.88248634734,0,283.114469620104,1232.72182888802,11128.9452165695,368.81894721913,23.4180706312035,7.76722642213787,29.6271157285573,1156.32,158.250076432246,2888.4,918.217233580832,10.6808814349821,0,2.38659226721854
"290",1979,1267.04176665435,5349.88248634734,0,283.114469620104,1232.72182888802,11128.9452165695,368.81894721913,0,0,0,1156.32,158.250076432246,2888.4,918.217233580832,10.6808814349821,0,2.38659226721854
"291",1979,1267.04176665435,5349.88248634734,0,283.114469620104,1232.72182888802,11128.9452165695,368.81894721913,0,0,0,1156.32,158.250076432246,2888.4,918.217233580832,10.6808814349821,0,2.38659226721854
"292",1979.16438356164,1263.00612027608,5354.22864528671,0,280.658656039789,1207.82990323187,11141.1394901593,359.17762098227,9.95290554031272,2.14530101921172,22.338978303152,1156.32,160.395377451458,2888.4,940.556211883984,10.6640703404022,0,2.36971428847614
"293",1979.16438356164,1263.00612027608,5363.09904528671,0,345.708256039789,1207.82990323187,11141.1394901593,508.57762098227,9.95290554031272,2.14530101921172,22.338978303152,1230.24,160.395377451458,3037.8,940.556211883984,10.4909674950894,0,2.87157284408461
"294",1979.16438356164,1263.00612027608,5363.09904528671,0,345.708256039789,1207.82990323187,11141.1394901593,508.57762098227,9.95290554031272,2.14530101921172,22.338978303152,1230.24,160.395377451458,3037.8,940.556211883984,10.4909674950894,0,2.87157284408461
"295",1979.16438356164,1263.00612027608,5363.09904528671,0,345.708256039789,1207.82990323187,11141.1394901593,508.57762098227,9.95290554031272,2.14530101921172,22.338978303152,1230.24,160.395377451458,3037.8,940.556211883984,10.4909674950894,0,2.87157284408461
"296",1979.16438356164,1263.00612027608,5363.09904528671,0,345.708256039789,1207.82990323187,11141.1394901593,508.57762098227,9.95290554031272,2.14530101921172,22.338978303152,1230.24,160.395377451458,3037.8,940.556211883984,10.4909674950894,0,2.87157284408461
"297",1979.16438356164,1263.00612027608,5363.09904528671,0,345.708256039789,1207.82990323187,11141.1394901593,508.57762098227,9.95290554031272,2.14530101921172,22.338978303152,1230.24,160.395377451458,3037.8,940.556211883984,10.4909674950894,0,2.87157284408461
"298",1979.20273972603,1262.10063766564,5364.19249345856,0,345.007905827791,1202.49596096881,11144.1918993206,505.535591648749,12.2753056615714,2.65768566979921,27.6625407384525,1230.24,160.907762102045,3037.8,945.879774319285,10.4877334551914,0,2.86692744482571
"299",1979.20273972603,1293.78063766564,5372.11249345856,0,345.007905827791,1335.29596096881,11144.1918993206,505.535591648749,12.2753056615714,2.65768566979921,27.6625407384525,1269.84,160.907762102045,3170.6,945.879774319285,10.6641310491638,0,2.84376610194407
"300",1979.20273972603,1293.78063766564,5372.11249345856,0,345.007905827791,1335.29596096881,11144.1918993206,505.535591648749,12.2753056615714,2.65768566979921,27.6625407384525,1269.84,160.907762102045,3170.6,945.879774319285,10.6641310491638,0,2.84376610194407
"301",1979.20273972603,1293.78063766564,5372.11249345856,0,345.007905827791,1335.29596096881,11144.1918993206,505.535591648749,12.2753056615714,2.65768566979921,27.6625407384525,1269.84,160.907762102045,3170.6,945.879774319285,10.6641310491638,0,2.84376610194407
"302",1979.20273972603,1293.78063766564,5372.11249345856,0,345.007905827791,1335.29596096881,11144.1918993206,505.535591648749,12.2753056615714,2.65768566979921,27.6625407384525,1269.84,160.907762102045,3170.6,945.879774319285,10.6641310491638,0,2.84376610194407
"303",1979.20273972603,1293.78063766564,5372.11249345856,0,345.007905827791,1335.29596096881,11144.1918993206,505.535591648749,12.2753056615714,2.65768566979921,27.6625407384525,1269.84,160.907762102045,3170.6,945.879774319285,10.6641310491638,0,2.84376610194407
"304",1979.20273972603,1293.78063766564,5372.11249345856,0,345.007905827791,1335.29596096881,11144.1918993206,505.535591648749,12.2753056615714,2.65768566979921,27.6625407384525,1269.84,160.907762102045,3170.6,945.879774319285,10.6641310491638,0,2.84376610194407
"305",1980,1272.92179275431,5396.5036278548,0,330.774945228915,1205.80599325915,11221.5713144691,446.673706959729,60.5480419629923,13.3583567837602,138.634977988578,1269.84,171.608433216006,3170.6,1056.85221156941,8.1134693978723,0,2.10832465197308
"306",1980,1272.92179275431,5396.5036278548,0,330.774945228915,1205.80599325915,11221.5713144691,446.673706959729,0,0,0,1269.84,171.608433216006,3170.6,1056.85221156941,8.1134693978723,0,2.10832465197308
"307",1980,1272.92179275431,5396.5036278548,0,330.774945228915,1205.80599325915,11221.5713144691,446.673706959729,0,0,0,1269.84,171.608433216006,3170.6,1056.85221156941,8.1134693978723,0,2.10832465197308
"308",1980.16438356164,1269.40860047347,5401.09523381702,0,328.016236635235,1195.55280169993,11233.1426591281,439.644981777909,6.20372276705334,1.68029491230735,5.71057208212066,1269.84,173.288728128314,3170.6,1062.56278365153,8.12284432901882,0,2.09894972082656
"309",1980.16438356164,1269.40860047347,5401.09523381702,0,328.016236635235,1195.55280169993,11233.1426591281,439.644981777909,6.20372276705334,1.68029491230735,5.71057208212066,1269.84,173.288728128314,3170.6,1062.56278365153,8.12284432901882,0,2.09894972082656
"310",1980.16438356164,1269.40860047347,5401.09523381702,0,328.016236635235,1195.55280169993,11233.1426591281,439.644981777909,6.20372276705334,1.68029491230735,5.71057208212066,1269.84,173.288728128314,3170.6,1062.56278365153,8.12284432901882,0,2.09894972082656
"311",1980.16438356164,1269.40860047347,5401.09523381702,0,328.016236635235,1195.55280169993,11233.1426591281,439.644981777909,6.20372276705334,1.68029491230735,5.71057208212066,1269.84,173.288728128314,3170.6,1062.56278365153,8.12284432901882,0,2.09894972082656
"312",1980.16438356164,1269.40860047347,5401.09523381702,0,328.016236635235,1195.55280169993,11233.1426591281,439.644981777909,6.20372276705334,1.68029491230735,5.71057208212066,1269.84,173.288728128314,3170.6,1062.56278365153,8.12284432901882,0,2.09894972082656
"313",1980.16438356164,1269.40860047347,5401.09523381702,0,328.016236635235,1195.55280169993,11233.1426591281,439.644981777909,6.20372276705334,1.68029491230735,5.71057208212066,1269.84,173.288728128314,3170.6,1062.56278365153,8.12284432901882,0,2.09894972082656
"314",1980.20273972603,1268.60476181084,5402.14757776639,0,327.375662535619,1193.25000810629,11235.7393328956,438.018634784838,7.65125807936548,2.07236372517899,7.04303890128187,1269.84,173.680796941185,3170.6,1063.89525047069,8.12504740538632,0,2.09674664445906
"315",1980.20273972603,1300.28476181084,5410.06757776639,0,327.375662535619,1292.85000810629,11235.7393328956,438.018634784838,7.65125807936548,2.07236372517899,7.04303890128187,1309.44,173.680796941185,3270.2,1063.89525047069,8.1658574740609,0,2.05593657578449
"316",1980.20273972603,1300.28476181084,5410.06757776639,0,327.375662535619,1292.85000810629,11235.7393328956,438.018634784838,7.65125807936548,2.07236372517899,7.04303890128187,1309.44,173.680796941185,3270.2,1063.89525047069,8.1658574740609,0,2.05593657578449
"317",1980.20273972603,1300.28476181084,5410.06757776639,0,327.375662535619,1292.85000810629,11235.7393328956,438.018634784838,7.65125807936548,2.07236372517899,7.04303890128187,1309.44,173.680796941185,3270.2,1063.89525047069,8.1658574740609,0,2.05593657578449
"318",1980.20273972603,1300.28476181084,5410.06757776639,0,327.375662535619,1292.85000810629,11235.7393328956,438.018634784838,7.65125807936548,2.07236372517899,7.04303890128187,1309.44,173.680796941185,3270.2,1063.89525047069,8.1658574740609,0,2.05593657578449
"319",1980.20273972603,1300.28476181084,5410.06757776639,0,327.375662535619,1292.85000810629,11235.7393328956,438.018634784838,7.65125807936548,2.07236372517899,7.04303890128187,1309.44,173.680796941185,3270.2,1063.89525047069,8.1658574740609,0,2.05593657578449
"320",1980.20273972603,1300.28476181084,5410.06757776639,0,327.375662535619,1292.85000810629,11235.7393328956,438.018634784838,7.65125807936548,2.07236372517899,7.04303890128187,1309.44,173.680796941185,3270.2,1063.89525047069,8.1658574740609,0,2.05593657578449
"321",1981,1281.45313065936,5433.7703005138,0,314.355141027445,1227.92381629201,11305.2529504723,405.734931529327,37.7393035855318,10.2217936374254,34.7393163943609,1309.44,181.830226853432,3270.2,1091.59152796377,7.90307189677736,0,1.93871412166528
"322",1981,1281.45313065936,5433.7703005138,0,314.355141027445,1227.92381629201,11305.2529504723,405.734931529327,0,0,0,1309.44,181.830226853432,3270.2,1091.59152796377,7.90307189677736,0,1.93871412166528
"323",1981,1281.45313065936,5433.7703005138,0,314.355141027445,1227.92381629201,11305.2529504723,405.734931529327,0,0,0,1309.44,181.830226853432,3270.2,1091.59152796377,7.90307189677736,0,1.93871412166528
"324",1981.16438356164,1277.96505877633,5438.25168408253,0,311.744001503099,1216.46483280388,11317.0715374842,399.226281829816,4.70210384319563,1.61782783864811,6.14904617575234,1309.44,183.44805469208,3270.2,1097.74057413952,7.91179905920164,0,1.929986959241
"325",1981.16438356164,1277.96505877633,5438.25168408253,0,311.744001503099,1216.46483280388,11317.0715374842,399.226281829816,4.70210384319563,1.61782783864811,6.14904617575234,1309.44,183.44805469208,3270.2,1097.74057413952,7.91179905920164,0,1.929986959241
"326",1981.16438356164,1277.96505877633,5438.25168408253,0,311.744001503099,1216.46483280388,11317.0715374842,399.226281829816,4.70210384319563,1.61782783864811,6.14904617575234,1309.44,183.44805469208,3270.2,1097.74057413952,7.91179905920164,0,1.929986959241
"327",1981.16438356164,1277.96505877633,5438.25168408253,0,311.744001503099,1216.46483280388,11317.0715374842,399.226281829816,4.70210384319563,1.61782783864811,6.14904617575234,1309.44,183.44805469208,3270.2,1097.74057413952,7.91179905920164,0,1.929986959241
"328",1981.16438356164,1277.96505877633,5438.25168408253,0,311.744001503099,1216.46483280388,11317.0715374842,399.226281829816,4.70210384319563,1.61782783864811,6.14904617575234,1309.44,183.44805469208,3270.2,1097.74057413952,7.91179905920164,0,1.929986959241
"329",1981.16438356164,1277.96505877633,5438.25168408253,0,311.744001503099,1216.46483280388,11317.0715374842,399.226281829816,4.70210384319563,1.61782783864811,6.14904617575234,1309.44,183.44805469208,3270.2,1097.74057413952,7.91179905920164,0,1.929986959241
"330",1981.20273972603,1277.16690709616,5439.27865508132,0,311.137689022129,1213.89038749554,11319.7171895359,397.720297645485,5.79926140660992,1.99532100100002,7.58382361676381,1309.44,183.825547854432,3270.2,1099.17535158053,7.91384942170154,0,1.9279365967411
"331",1981.20273972603,1308.84690709616,5447.19865508132,0,311.137689022129,1313.49038749554,11319.7171895359,397.720297645485,5.79926140660992,1.99532100100002,7.58382361676381,1349.04,183.825547854432,3369.8,1099.17535158053,7.95155165142095,0,1.89023436702169
"332",1981.20273972603,1308.84690709616,5447.19865508132,0,311.137689022129,1313.49038749554,11319.7171895359,397.720297645485,5.79926140660992,1.99532100100002,7.58382361676381,1349.04,183.825547854432,3369.8,1099.17535158053,7.95155165142095,0,1.89023436702169
"333",1981.20273972603,1308.84690709616,5447.19865508132,0,311.137689022129,1313.49038749554,11319.7171895359,397.720297645485,5.79926140660992,1.99532100100002,7.58382361676381,1349.04,183.825547854432,3369.8,1099.17535158053,7.95155165142095,0,1.89023436702169
"334",1981.20273972603,1308.84690709616,5447.19865508132,0,311.137689022129,1313.49038749554,11319.7171895359,397.720297645485,5.79926140660992,1.99532100100002,7.58382361676381,1349.04,183.825547854432,3369.8,1099.17535158053,7.95155165142095,0,1.89023436702169
"335",1981.20273972603,1308.84690709616,5447.19865508132,0,311.137689022129,1313.49038749554,11319.7171895359,397.720297645485,5.79926140660992,1.99532100100002,7.58382361676381,1349.04,183.825547854432,3369.8,1099.17535158053,7.95155165142095,0,1.89023436702169
"336",1981.20273972603,1308.84690709616,5447.19865508132,0,311.137689022129,1313.49038749554,11319.7171895359,397.720297645485,5.79926140660992,1.99532100100002,7.58382361676381,1349.04,183.825547854432,3369.8,1099.17535158053,7.95155165142095,0,1.89023436702169
"337",1982,1290.12317515746,5470.40099830764,0,298.812612575211,1243.66730410207,11389.5796190064,367.858073634434,28.6044663977723,9.84178616028868,37.4067015507877,1349.04,191.67201301372,3369.8,1128.99822951456,11.0347273078119,0,2.55581463800916
"338",1982,1290.12317515746,5470.40099830764,0,298.812612575211,1243.66730410207,11389.5796190064,367.858073634434,0,0,0,1349.04,191.67201301372,3369.8,1128.99822951456,11.0347273078119,0,2.55581463800916
"339",1982,1290.12317515746,5470.40099830764,0,298.812612575211,1243.66730410207,11389.5796190064,367.858073634434,0,0,0,1349.04,191.67201301372,3369.8,1128.99822951456,11.0347273078119,0,2.55581463800916
"340",1982.16438356164,1286.1128695983,5474.77819819005,0,296.214635622999,1218.75899349978,11400.950744257,358.046274353228,10.5739897993783,2.23108262897431,23.3489846328989,1349.04,193.903095642695,3369.8,1152.34721414746,11.0169924930511,0,2.53740903627669
"341",1982.16438356164,1286.1128695983,5483.64859819005,0,361.264235622999,1218.75899349978,11400.950744257,507.446274353228,10.5739897993783,2.23108262897431,23.3489846328989,1422.96,193.903095642695,3519.2,1152.34721414746,10.8532611116581,0,3.04863995392926
"342",1982.16438356164,1286.1128695983,5483.64859819005,0,361.264235622999,1218.75899349978,11400.950744257,507.446274353228,10.5739897993783,2.23108262897431,23.3489846328989,1422.96,193.903095642695,3519.2,1152.34721414746,10.8532611116581,0,3.04863995392926
"343",1982.16438356164,1286.1128695983,5483.64859819005,0,361.264235622999,1218.75899349978,11400.950744257,507.446274353228,10.5739897993783,2.23108262897431,23.3489846328989,1422.96,193.903095642695,3519.2,1152.34721414746,10.8532611116581,0,3.04863995392926
"344",1982.16438356164,1286.1128695983,5483.64859819005,0,361.264235622999,1218.75899349978,11400.950744257,507.446274353228,10.5739897993783,2.23108262897431,23.3489846328989,1422.96,193.903095642695,3519.2,1152.34721414746,10.8532611116581,0,3.04863995392926
"345",1982.16438356164,1286.1128695983,5483.64859819005,0,361.264235622999,1218.75899349978,11400.950744257,507.446274353228,10.5739897993783,2.23108262897431,23.3489846328989,1422.96,193.903095642695,3519.2,1152.34721414746,10.8532611116581,0,3.04863995392926
"346",1982.20273972603,1285.21289590237,5484.74920604432,0,360.530540926966,1213.40971190507,11403.8112437734,504.340532831606,13.0419145834647,2.76414316665867,28.9435082328326,1422.96,194.436156180379,3519.2,1157.94173774739,10.8497928326697,0,3.04360599818094
"347",1982.20273972603,1316.89289590237,5492.66920604432,0,360.530540926966,1346.20971190506,11403.8112437734,504.340532831606,13.0419145834647,2.76414316665867,28.9435082328326,1462.56,194.436156180379,3652,1157.94173774739,11.0350903057288,0,3.02111666748431
"348",1982.20273972603,1316.89289590237,5492.66920604432,0,360.530540926966,1346.20971190506,11403.8112437734,504.340532831606,13.0419145834647,2.76414316665867,28.9435082328326,1462.56,194.436156180379,3652,1157.94173774739,11.0350903057288,0,3.02111666748431
"349",1982.20273972603,1316.89289590237,5492.66920604432,0,360.530540926966,1346.20971190506,11403.8112437734,504.340532831606,13.0419145834647,2.76414316665867,28.9435082328326,1462.56,194.436156180379,3652,1157.94173774739,11.0350903057288,0,3.02111666748431
"350",1982.20273972603,1316.89289590237,5492.66920604432,0,360.530540926966,1346.20971190506,11403.8112437734,504.340532831606,13.0419145834647,2.76414316665867,28.9435082328326,1462.56,194.436156180379,3652,1157.94173774739,11.0350903057288,0,3.02111666748431
"351",1982.20273972603,1316.89289590237,5492.66920604432,0,360.530540926966,1346.20971190506,11403.8112437734,504.340532831606,13.0419145834647,2.76414316665867,28.9435082328326,1462.56,194.436156180379,3652,1157.94173774739,11.0350903057288,0,3.02111666748431
"352",1982.20273972603,1316.89289590237,5492.66920604432,0,360.530540926966,1346.20971190506,11403.8112437734,504.340532831606,13.0419145834647,2.76414316665867,28.9435082328326,1462.56,194.436156180379,3652,1157.94173774739,11.0350903057288,0,3.02111666748431
"353",1983,1296.13901273672,5517.20131136632,0,345.620005844731,1216.17460625381,11477.1239671794,444.285829183242,64.3403626986946,13.8964560925522,145.720594126458,1462.56,205.568469106273,3652,1274.71882364102,8.12402087430571,0,2.16629861031009
"354",1983,1296.13901273672,5517.20131136632,0,345.620005844731,1216.17460625381,11477.1239671794,444.285829183242,0,0,0,1462.56,205.568469106273,3652,1274.71882364102,8.12402087430571,0,2.16629861031009
"355",1983,1296.13901273672,5517.20131136632,0,345.620005844731,1216.17460625381,11477.1239671794,444.285829183242,0,0,0,1462.56,205.568469106273,3652,1274.71882364102,8.12402087430571,0,2.16629861031009
"356",1983.16438356164,1292.70439252032,5521.82089329884,0,342.743484761268,1206.67077237672,11487.8730674868,437.292442487322,6.24127095048047,1.69155936733574,5.74812026554848,1462.56,207.260028473608,3652,1280.46694390656,8.13376041082471,0,2.15655907379109
"357",1983.16438356164,1292.70439252032,5521.82089329884,0,342.743484761268,1206.67077237672,11487.8730674868,437.292442487322,6.24127095048047,1.69155936733574,5.74812026554848,1462.56,207.260028473608,3652,1280.46694390656,8.13376041082471,0,2.15655907379109
"358",1983.16438356164,1292.70439252032,5521.82089329884,0,342.743484761268,1206.67077237672,11487.8730674868,437.292442487322,6.24127095048047,1.69155936733574,5.74812026554848,1462.56,207.260028473608,3652,1280.46694390656,8.13376041082471,0,2.15655907379109
"359",1983.16438356164,1292.70439252032,5521.82089329884,0,342.743484761268,1206.67077237672,11487.8730674868,437.292442487322,6.24127095048047,1.69155936733574,5.74812026554848,1462.56,207.260028473608,3652,1280.46694390656,8.13376041082471,0,2.15655907379109
"360",1983.16438356164,1292.70439252032,5521.82089329884,0,342.743484761268,1206.67077237672,11487.8730674868,437.292442487322,6.24127095048047,1.69155936733574,5.74812026554848,1462.56,207.260028473608,3652,1280.46694390656,8.13376041082471,0,2.15655907379109
"361",1983.16438356164,1292.70439252032,5521.82089329884,0,342.743484761268,1206.67077237672,11487.8730674868,437.292442487322,6.24127095048047,1.69155936733574,5.74812026554848,1462.56,207.260028473608,3652,1280.46694390656,8.13376041082471,0,2.15655907379109
"362",1983.20273972603,1291.9186208465,5522.8798988854,0,342.075553662822,1204.53610754207,11490.2845570651,435.674389681732,7.69756750558179,2.0862565530445,7.08934832749986,1462.56,207.654725659317,3652,1281.80817196852,8.1360481965163,0,2.1542712880995
"363",1983.20273972603,1323.5986208465,5530.7998988854,0,342.075553662822,1304.13610754207,11490.2845570651,435.674389681732,7.69756750558179,2.0862565530445,7.08934832749986,1502.16,207.654725659317,3751.6,1281.80817196852,8.1770209842628,0,2.113298500353
"364",1983.20273972603,1323.5986208465,5530.7998988854,0,342.075553662822,1304.13610754207,11490.2845570651,435.674389681732,7.69756750558179,2.0862565530445,7.08934832749986,1502.16,207.654725659317,3751.6,1281.80817196852,8.1770209842628,0,2.113298500353
"365",1983.20273972603,1323.5986208465,5530.7998988854,0,342.075553662822,1304.13610754207,11490.2845570651,435.674389681732,7.69756750558179,2.0862565530445,7.08934832749986,1502.16,207.654725659317,3751.6,1281.80817196852,8.1770209842628,0,2.113298500353
"366",1983.20273972603,1323.5986208465,5530.7998988854,0,342.075553662822,1304.13610754207,11490.2845570651,435.674389681732,7.69756750558179,2.0862565530445,7.08934832749986,1502.16,207.654725659317,3751.6,1281.80817196852,8.1770209842628,0,2.113298500353
"367",1983.20273972603,1323.5986208465,5530.7998988854,0,342.075553662822,1304.13610754207,11490.2845570651,435.674389681732,7.69756750558179,2.0862565530445,7.08934832749986,1502.16,207.654725659317,3751.6,1281.80817196852,8.1770209842628,0,2.113298500353
"368",1983.20273972603,1323.5986208465,5530.7998988854,0,342.075553662822,1304.13610754207,11490.2845570651,435.674389681732,7.69756750558179,2.0862565530445,7.08934832749986,1502.16,207.654725659317,3751.6,1281.80817196852,8.1770209842628,0,2.113298500353
"369",1984,1305.12128999059,5554.65093757802,0,328.497782942707,1242.20277936562,11556.451685769,403.562205560249,37.9677305212928,10.2903194364457,34.9677319215817,1502.16,215.858788542718,3751.6,1309.6865555626,7.89533207373685,0,1.98724754680671
"370",1984,1305.12128999059,5554.65093757802,0,328.497782942707,1242.20277936562,11556.451685769,403.562205560249,0,0,0,1502.16,215.858788542718,3751.6,1309.6865555626,7.89533207373685,0,1.98724754680671
"371",1984,1305.12128999059,5554.65093757802,0,328.497782942707,1242.20277936562,11556.451685769,403.562205560249,0,0,0,1502.16,215.858788542718,3751.6,1309.6865555626,7.89533207373685,0,1.98724754680671
"372",1984.16438356164,1301.70465303346,5559.16532409502,0,325.775499746588,1231.2613978143,11567.6873940763,397.093685887519,4.71886833720116,1.6245336362508,6.17419291676228,1502.16,217.483322178969,3751.6,1315.86074847936,7.90436667019298,0,1.97821295035058
"373",1984.16438356164,1301.70465303346,5559.16532409502,0,325.775499746588,1231.2613978143,11567.6873940763,397.093685887519,4.71886833720116,1.6245336362508,6.17419291676228,1502.16,217.483322178969,3751.6,1315.86074847936,7.90436667019298,0,1.97821295035058
"374",1984.16438356164,1301.70465303346,5559.16532409502,0,325.775499746588,1231.2613978143,11567.6873940763,397.093685887519,4.71886833720116,1.6245336362508,6.17419291676228,1502.16,217.483322178969,3751.6,1315.86074847936,7.90436667019298,0,1.97821295035058
"375",1984.16438356164,1301.70465303346,5559.16532409502,0,325.775499746588,1231.2613978143,11567.6873940763,397.093685887519,4.71886833720116,1.6245336362508,6.17419291676228,1502.16,217.483322178969,3751.6,1315.86074847936,7.90436667019298,0,1.97821295035058
"376",1984.16438356164,1301.70465303346,5559.16532409502,0,325.775499746588,1231.2613978143,11567.6873940763,397.093685887519,4.71886833720116,1.6245336362508,6.17419291676228,1502.16,217.483322178969,3751.6,1315.86074847936,7.90436667019298,0,1.97821295035058
"377",1984.16438356164,1301.70465303346,5559.16532409502,0,325.775499746588,1231.2613978143,11567.6873940763,397.093685887519,4.71886833720116,1.6245336362508,6.17419291676228,1502.16,217.483322178969,3751.6,1315.86074847936,7.90436667019298,0,1.97821295035058
"378",1984.20273972603,1300.9229310211,5560.20011019575,0,325.143377809756,1228.80304709734,11570.2017142144,395.597071452459,5.81993761587284,2.00359148470636,7.61483793066223,1502.16,217.862380027425,3751.6,1317.30139349326,7.90648842312633,0,1.97609119741723
"379",1984.20273972603,1332.6029310211,5568.12011019575,0,325.143377809756,1328.40304709734,11570.2017142144,395.597071452459,5.81993761587284,2.00359148470636,7.61483793066223,1541.76,217.862380027425,3851.2,1317.30139349326,7.94425208382682,0,1.93832753671674
"380",1984.20273972603,1332.6029310211,5568.12011019575,0,325.143377809756,1328.40304709734,11570.2017142144,395.597071452459,5.81993761587284,2.00359148470636,7.61483793066223,1541.76,217.862380027425,3851.2,1317.30139349326,7.94425208382682,0,1.93832753671674
"381",1984.20273972603,1332.6029310211,5568.12011019575,0,325.143377809756,1328.40304709734,11570.2017142144,395.597071452459,5.81993761587284,2.00359148470636,7.61483793066223,1541.76,217.862380027425,3851.2,1317.30139349326,7.94425208382682,0,1.93832753671674
"382",1984.20273972603,1332.6029310211,5568.12011019575,0,325.143377809756,1328.40304709734,11570.2017142144,395.597071452459,5.81993761587284,2.00359148470636,7.61483793066223,1541.76,217.862380027425,3851.2,1317.30139349326,7.94425208382682,0,1.93832753671674
"383",1984.20273972603,1332.6029310211,5568.12011019575,0,325.143377809756,1328.40304709734,11570.2017142144,395.597071452459,5.81993761587284,2.00359148470636,7.61483793066223,1541.76,217.862380027425,3851.2,1317.30139349326,7.94425208382682,0,1.93832753671674
"384",1984.20273972603,1332.6029310211,5568.12011019575,0,325.143377809756,1328.40304709734,11570.2017142144,395.597071452459,5.81993761587284,2.00359148470636,7.61483793066223,1541.76,217.862380027425,3851.2,1317.30139349326,7.94425208382682,0,1.93832753671674
"385",1985,1314.20170954684,5591.49334683201,0,312.292374000122,1260.64856877438,11637.6856949528,365.922719898448,28.706453840745,9.8825801323433,37.5596870692525,1541.76,225.741368675062,3851.2,1347.24624263185,11.3852951934492,0,2.705475756747
"386",1985,1314.20170954684,5591.49334683201,0,312.292374000122,1260.64856877438,11637.6856949528,365.922719898448,0,0,0,1541.76,225.741368675062,3851.2,1347.24624263185,11.3852951934492,0,2.705475756747
"387",1985,1314.20170954684,5591.49334683201,0,312.292374000122,1260.64856877438,11637.6856949528,365.922719898448,0,0,0,1541.76,225.741368675062,3851.2,1347.24624263185,11.3852951934492,0,2.705475756747
"388",1985.16438356164,1310.19579367392,5595.90690082956,0,309.571616298095,1235.34283949992,11648.6185808393,356.001259022908,11.1917918354483,2.31311957739448,24.29430426351,1541.76,228.054488252456,3851.2,1371.54054689536,11.3666076929885,0,2.68568952238642
"389",1985.16438356164,1310.19579367392,5604.77730082956,0,374.621216298095,1235.34283949992,11648.6185808393,505.401259022908,11.1917918354483,2.31311957739448,24.29430426351,1615.68,228.054488252456,4000.6,1371.54054689536,11.2110594715531,0,3.20555199116198
"390",1985.16438356164,1310.19579367392,5604.77730082956,0,374.621216298095,1235.34283949992,11648.6185808393,505.401259022908,11.1917918354483,2.31311957739448,24.29430426351,1615.68,228.054488252456,4000.6,1371.54054689536,11.2110594715531,0,3.20555199116198
"391",1985.16438356164,1310.19579367392,5604.77730082956,0,374.621216298095,1235.34283949992,11648.6185808393,505.401259022908,11.1917918354483,2.31311957739448,24.29430426351,1615.68,228.054488252456,4000.6,1371.54054689536,11.2110594715531,0,3.20555199116198
"392",1985.16438356164,1310.19579367392,5604.77730082956,0,374.621216298095,1235.34283949992,11648.6185808393,505.401259022908,11.1917918354483,2.31311957739448,24.29430426351,1615.68,228.054488252456,4000.6,1371.54054689536,11.2110594715531,0,3.20555199116198
"393",1985.16438356164,1310.19579367392,5604.77730082956,0,374.621216298095,1235.34283949992,11648.6185808393,505.401259022908,11.1917918354483,2.31311957739448,24.29430426351,1615.68,228.054488252456,4000.6,1371.54054689536,11.2110594715531,0,3.20555199116198
"394",1985.20273972603,1309.29656469388,5605.88625034098,0,373.858704174549,1229.89525750282,11651.3737880375,502.249397882662,13.804600255387,2.86591116956572,30.1385402026429,1615.68,228.607279844627,4000.6,1377.38478283449,11.2073534980632,0,3.2001662335314
"395",1985.20273972603,1340.97656469388,5613.80625034098,0,373.858704174549,1362.69525750282,11651.3737880375,502.249397882662,13.804600255387,2.86591116956572,30.1385402026429,1655.28,228.607279844627,4133.4,1377.38478283449,11.4004959833396,0,3.17841099352207
"396",1985.20273972603,1340.97656469388,5613.80625034098,0,373.858704174549,1362.69525750282,11651.3737880375,502.249397882662,13.804600255387,2.86591116956572,30.1385402026429,1655.28,228.607279844627,4133.4,1377.38478283449,11.4004959833396,0,3.17841099352207
"397",1985.20273972603,1340.97656469388,5613.80625034098,0,373.858704174549,1362.69525750282,11651.3737880375,502.249397882662,13.804600255387,2.86591116956572,30.1385402026429,1655.28,228.607279844627,4133.4,1377.38478283449,11.4004959833396,0,3.17841099352207
"398",1985.20273972603,1340.97656469388,5613.80625034098,0,373.858704174549,1362.69525750282,11651.3737880375,502.249397882662,13.804600255387,2.86591116956572,30.1385402026429,1655.28,228.607279844627,4133.4,1377.38478283449,11.4004959833396,0,3.17841099352207
"399",1985.20273972603,1340.97656469388,5613.80625034098,0,373.858704174549,1362.69525750282,11651.3737880375,502.249397882662,13.804600255387,2.86591116956572,30.1385402026429,1655.28,228.607279844627,4133.4,1377.38478283449,11.4004959833396,0,3.17841099352207
"400",1985.20273972603,1340.97656469388,5613.80625034098,0,373.858704174549,1362.69525750282,11651.3737880375,502.249397882662,13.804600255387,2.86591116956572,30.1385402026429,1655.28,228.607279844627,4133.4,1377.38478283449,11.4004959833396,0,3.17841099352207
"401",1986,1320.23566612811,5638.499403646,0,358.362592680358,1230.70768494254,11722.1968500856,441.330025627882,68.1174858296616,14.4097679245085,152.222422969537,1655.28,240.15113659957,4133.4,1499.46866560139,8.14734344605566,0,2.21150147333053
"402",1986,1320.23566612811,5638.499403646,0,358.362592680358,1230.70768494254,11722.1968500856,441.330025627882,0,0,0,1655.28,240.15113659957,4133.4,1499.46866560139,8.14734344605566,0,2.21150147333053
"403",1986,1320.23566612811,5638.499403646,0,358.362592680358,1230.70768494254,11722.1968500856,441.330025627882,0,0,0,1655.28,240.15113659957,4133.4,1499.46866560139,8.14734344605566,0,2.21150147333053
"404",1986.16438356164,1316.8591078459,5643.15004037843,0,355.385690407767,1221.66509123785,11732.3996901128,434.384110856398,6.27881913391276,1.70282382236554,5.78566844898106,1655.28,241.853960421936,4133.4,1505.25433405037,8.15738179786981,0,2.20146312151638
"405",1986.16438356164,1316.8591078459,5643.15004037843,0,355.385690407767,1221.66509123785,11732.3996901128,434.384110856398,6.27881913391276,1.70282382236554,5.78566844898106,1655.28,241.853960421936,4133.4,1505.25433405037,8.15738179786981,0,2.20146312151638
"406",1986.16438356164,1316.8591078459,5643.15004037843,0,355.385690407767,1221.66509123785,11732.3996901128,434.384110856398,6.27881913391276,1.70282382236554,5.78566844898106,1655.28,241.853960421936,4133.4,1505.25433405037,8.15738179786981,0,2.20146312151638
"407",1986.16438356164,1316.8591078459,5643.15004037843,0,355.385690407767,1221.66509123785,11732.3996901128,434.384110856398,6.27881913391276,1.70282382236554,5.78566844898106,1655.28,241.853960421936,4133.4,1505.25433405037,8.15738179786981,0,2.20146312151638
"408",1986.16438356164,1316.8591078459,5643.15004037843,0,355.385690407767,1221.66509123785,11732.3996901128,434.384110856398,6.27881913391276,1.70282382236554,5.78566844898106,1655.28,241.853960421936,4133.4,1505.25433405037,8.15738179786981,0,2.20146312151638
"409",1986.16438356164,1316.8591078459,5643.15004037843,0,355.385690407767,1221.66509123785,11732.3996901128,434.384110856398,6.27881913391276,1.70282382236554,5.78566844898106,1655.28,241.853960421936,4133.4,1505.25433405037,8.15738179786981,0,2.20146312151638
"410",1986.20273972603,1316.08669439387,5644.21636896708,0,354.694449712604,1219.63387799085,11734.687903077,432.777121834511,7.74387693181935,2.10014938091576,7.13565775373742,1655.28,242.251285980486,4133.4,1506.60432335512,8.15973894353747,0,2.19910597584872
"411",1986.20273972603,1347.76669439387,5652.13636896708,0,354.694449712604,1319.23387799085,11734.687903077,432.777121834511,7.74387693181935,2.10014938091576,7.13565775373742,1694.88,242.251285980486,4233,1506.60432335512,8.2006606864836,0,2.15818423290259
"412",1986.20273972603,1347.76669439387,5652.13636896708,0,354.694449712604,1319.23387799085,11734.687903077,432.777121834511,7.74387693181935,2.10014938091576,7.13565775373742,1694.88,242.251285980486,4233,1506.60432335512,8.2006606864836,0,2.15818423290259
"413",1986.20273972603,1347.76669439387,5652.13636896708,0,354.694449712604,1319.23387799085,11734.687903077,432.777121834511,7.74387693181935,2.10014938091576,7.13565775373742,1694.88,242.251285980486,4233,1506.60432335512,8.2006606864836,0,2.15818423290259
"414",1986.20273972603,1347.76669439387,5652.13636896708,0,354.694449712604,1319.23387799085,11734.687903077,432.777121834511,7.74387693181935,2.10014938091576,7.13565775373742,1694.88,242.251285980486,4233,1506.60432335512,8.2006606864836,0,2.15818423290259
"415",1986.20273972603,1347.76669439387,5652.13636896708,0,354.694449712604,1319.23387799085,11734.687903077,432.777121834511,7.74387693181935,2.10014938091576,7.13565775373742,1694.88,242.251285980486,4233,1506.60432335512,8.2006606864836,0,2.15818423290259
"416",1986.20273972603,1347.76669439387,5652.13636896708,0,354.694449712604,1319.23387799085,11734.687903077,432.777121834511,7.74387693181935,2.10014938091576,7.13565775373742,1694.88,242.251285980486,4233,1506.60432335512,8.2006606864836,0,2.15818423290259
"417",1987,1329.55143792056,5676.14579412811,0,340.641587109205,1259.13898558371,11798.6123457155,400.887070247708,38.1961147474961,10.3588432965859,35.1961591091834,1694.88,250.509979896156,4233,1534.66482471057,7.89946727082894,0,2.02390595181558
"418",1987,1329.55143792056,5676.14579412811,0,340.641587109205,1259.13898558371,11798.6123457155,400.887070247708,0,0,0,1694.88,250.509979896156,4233,1534.66482471057,7.89946727082894,0,2.02390595181558
"419",1987,1329.55143792056,5676.14579412811,0,340.641587109205,1259.13898558371,11798.6123457155,400.887070247708,0,0,0,1694.88,250.509979896156,4233,1534.66482471057,7.89946727082894,0,2.02390595181558
"420",1987.16438356164,1326.18875909689,5680.69413511663,0,337.824685510503,1248.51766048036,11809.4529737787,394.468427630007,4.73563283122283,1.63123943385905,6.19933965779333,1694.88,252.141219330015,4233,1540.86416436836,7.9087498137969,0,2.01462340884762
"421",1987.16438356164,1326.18875909689,5680.69413511663,0,337.824685510503,1248.51766048036,11809.4529737787,394.468427630007,4.73563283122283,1.63123943385905,6.19933965779333,1694.88,252.141219330015,4233,1540.86416436836,7.9087498137969,0,2.01462340884762
"422",1987.16438356164,1326.18875909689,5680.69413511663,0,337.824685510503,1248.51766048036,11809.4529737787,394.468427630007,4.73563283122283,1.63123943385905,6.19933965779333,1694.88,252.141219330015,4233,1540.86416436836,7.9087498137969,0,2.01462340884762
"423",1987.16438356164,1326.18875909689,5680.69413511663,0,337.824685510503,1248.51766048036,11809.4529737787,394.468427630007,4.73563283122283,1.63123943385905,6.19933965779333,1694.88,252.141219330015,4233,1540.86416436836,7.9087498137969,0,2.01462340884762
"424",1987.16438356164,1326.18875909689,5680.69413511663,0,337.824685510503,1248.51766048036,11809.4529737787,394.468427630007,4.73563283122283,1.63123943385905,6.19933965779333,1694.88,252.141219330015,4233,1540.86416436836,7.9087498137969,0,2.01462340884762
"425",1987.16438356164,1326.18875909689,5680.69413511663,0,337.824685510503,1248.51766048036,11809.4529737787,394.468427630007,4.73563283122283,1.63123943385905,6.19933965779333,1694.88,252.141219330015,4233,1540.86416436836,7.9087498137969,0,2.01462340884762
"426",1987.20273972603,1325.41947159314,5681.73689358913,0,337.170592007186,1246.13127831863,11811.8778562313,392.983414752378,5.84061382516716,2.01186196842352,7.64585224460173,1694.88,252.521841864579,4233,1542.31067695517,7.91092908657056,0,2.01244413607396
"427",1987.20273972603,1357.09947159314,5689.65689358913,0,337.170592007186,1345.73127831863,11811.8778562313,392.983414752378,5.84061382516716,2.01186196842352,7.64585224460173,1734.48,252.521841864579,4332.6,1542.31067695517,7.94855840647683,0,1.97481481616769
"428",1987.20273972603,1357.09947159314,5689.65689358913,0,337.170592007186,1345.73127831863,11811.8778562313,392.983414752378,5.84061382516716,2.01186196842352,7.64585224460173,1734.48,252.521841864579,4332.6,1542.31067695517,7.94855840647683,0,1.97481481616769
"429",1987.20273972603,1357.09947159314,5689.65689358913,0,337.170592007186,1345.73127831863,11811.8778562313,392.983414752378,5.84061382516716,2.01186196842352,7.64585224460173,1734.48,252.521841864579,4332.6,1542.31067695517,7.94855840647683,0,1.97481481616769
"430",1987.20273972603,1357.09947159314,5689.65689358913,0,337.170592007186,1345.73127831863,11811.8778562313,392.983414752378,5.84061382516716,2.01186196842352,7.64585224460173,1734.48,252.521841864579,4332.6,1542.31067695517,7.94855840647683,0,1.97481481616769
"431",1987.20273972603,1357.09947159314,5689.65689358913,0,337.170592007186,1345.73127831863,11811.8778562313,392.983414752378,5.84061382516716,2.01186196842352,7.64585224460173,1734.48,252.521841864579,4332.6,1542.31067695517,7.94855840647683,0,1.97481481616769
"432",1987.20273972603,1357.09947159314,5689.65689358913,0,337.170592007186,1345.73127831863,11811.8778562313,392.983414752378,5.84061382516716,2.01186196842352,7.64585224460173,1734.48,252.521841864579,4332.6,1542.31067695517,7.94855840647683,0,1.97481481616769
"433",1988,1338.94274220916,5713.20104467586,0,323.871658558415,1279.25842115118,11877.7287133581,363.538605148629,28.8084376096472,9.92337371445039,37.7126618889724,1734.48,260.433353610606,4332.6,1572.37748659954,11.7321108411354,0,2.83783471594943
"434",1988,1338.94274220916,5713.20104467586,0,323.871658558415,1279.25842115118,11877.7287133581,363.538605148629,0,0,0,1734.48,260.433353610606,4332.6,1572.37748659954,11.7321108411354,0,2.83783471594943
"435",1988,1338.94274220916,5713.20104467586,0,323.871658558415,1279.25842115118,11877.7287133581,363.538605148629,0,0,0,1734.48,260.433353610606,4332.6,1572.37748659954,11.7321108411354,0,2.83783471594943
"436",1988.16438356164,1334.92877388222,5717.65015224037,0,321.044812325013,1253.4559079835,11888.3515544833,353.542277886272,11.8063416909273,2.39170699582338,25.1759993047912,1734.48,262.82506060643,4332.6,1597.55348590433,11.7124669131362,0,2.81679952935264
"437",1988.16438356164,1334.92877388222,5726.52055224037,0,386.094412325013,1253.4559079835,11888.3515544833,502.942277886272,11.8063416909273,2.39170699582338,25.1759993047912,1808.4,262.82506060643,4482,1597.55348590433,11.5641570395002,0,3.34464018122507
"438",1988.16438356164,1334.92877388222,5726.52055224037,0,386.094412325013,1253.4559079835,11888.3515544833,502.942277886272,11.8063416909273,2.39170699582338,25.1759993047912,1808.4,262.82506060643,4482,1597.55348590433,11.5641570395002,0,3.34464018122507
"439",1988.16438356164,1334.92877388222,5726.52055224037,0,386.094412325013,1253.4559079835,11888.3515544833,502.942277886272,11.8063416909273,2.39170699582338,25.1759993047912,1808.4,262.82506060643,4482,1597.55348590433,11.5641570395002,0,3.34464018122507
"440",1988.16438356164,1334.92877388222,5726.52055224037,0,386.094412325013,1253.4559079835,11888.3515544833,502.942277886272,11.8063416909273,2.39170699582338,25.1759993047912,1808.4,262.82506060643,4482,1597.55348590433,11.5641570395002,0,3.34464018122507
"441",1988.16438356164,1334.92877388222,5726.52055224037,0,386.094412325013,1253.4559079835,11888.3515544833,502.942277886272,11.8063416909273,2.39170699582338,25.1759993047912,1808.4,262.82506060643,4482,1597.55348590433,11.5641570395002,0,3.34464018122507
"442",1988.20273972603,1334.02747280783,5727.63762403014,0,385.306982229216,1247.88931420281,11891.0303957105,499.754819105969,14.5632821973691,2.96336637624376,31.2512106386258,1808.4,263.39671998685,4482,1603.62869723817,11.5602149322937,0,3.33893538197385
"443",1988.20273972603,1365.70747280783,5735.55762403014,0,385.306982229216,1380.68931420281,11891.0303957105,499.754819105969,14.5632821973691,2.96336637624376,31.2512106386258,1848,263.39671998685,4614.8,1603.62869723817,11.7603476445891,0,3.3179463033814
"444",1988.20273972603,1365.70747280783,5735.55762403014,0,385.306982229216,1380.68931420281,11891.0303957105,499.754819105969,14.5632821973691,2.96336637624376,31.2512106386258,1848,263.39671998685,4614.8,1603.62869723817,11.7603476445891,0,3.3179463033814
"445",1988.20273972603,1365.70747280783,5735.55762403014,0,385.306982229216,1380.68931420281,11891.0303957105,499.754819105969,14.5632821973691,2.96336637624376,31.2512106386258,1848,263.39671998685,4614.8,1603.62869723817,11.7603476445891,0,3.3179463033814
"446",1988.20273972603,1365.70747280783,5735.55762403014,0,385.306982229216,1380.68931420281,11891.0303957105,499.754819105969,14.5632821973691,2.96336637624376,31.2512106386258,1848,263.39671998685,4614.8,1603.62869723817,11.7603476445891,0,3.3179463033814
"447",1988.20273972603,1365.70747280783,5735.55762403014,0,385.306982229216,1380.68931420281,11891.0303957105,499.754819105969,14.5632821973691,2.96336637624376,31.2512106386258,1848,263.39671998685,4614.8,1603.62869723817,11.7603476445891,0,3.3179463033814
"448",1988.20273972603,1365.70747280783,5735.55762403014,0,385.306982229216,1380.68931420281,11891.0303957105,499.754819105969,14.5632821973691,2.96336637624376,31.2512106386258,1848,263.39671998685,4614.8,1603.62869723817,11.7603476445891,0,3.3179463033814
"449",1989,1344.92542808667,5760.40489993627,0,369.304623881415,1246.4263423699,11959.9108089239,438.172266876439,71.8749493137644,14.9004935390795,158.216321487649,1848,275.333847149686,4614.8,1730.59380808719,8.18095302977653,0,2.24641732438005
"450",1989,1344.92542808667,5760.40489993627,0,369.304623881415,1246.4263423699,11959.9108089239,438.172266876439,0,0,0,1848,275.333847149686,4614.8,1730.59380808719,8.18095302977653,0,2.24641732438005
"451",1989,1344.92542808667,5760.40489993627,0,369.304623881415,1246.4263423699,11959.9108089239,438.172266876439,0,0,0,1848,275.333847149686,4614.8,1730.59380808719,8.18095302977653,0,2.24641732438005
"452",1989.16438356164,1341.59391258008,5765.08478842176,0,366.242162625112,1237.73968023548,11969.6687117407,431.277809561676,6.31636731733966,1.71408827739386,5.82321663240866,1848,277.04793542708,4614.8,1736.4170247196,8.19124083069488,0,2.2361295234617
"453",1989.16438356164,1341.59391258008,5765.08478842176,0,366.242162625112,1237.73968023548,11969.6687117407,431.277809561676,6.31636731733966,1.71408827739386,5.82321663240866,1848,277.04793542708,4614.8,1736.4170247196,8.19124083069488,0,2.2361295234617
"454",1989.16438356164,1341.59391258008,5765.08478842176,0,366.242162625112,1237.73968023548,11969.6687117407,431.277809561676,6.31636731733966,1.71408827739386,5.82321663240866,1848,277.04793542708,4614.8,1736.4170247196,8.19124083069488,0,2.2361295234617
"455",1989.16438356164,1341.59391258008,5765.08478842176,0,366.242162625112,1237.73968023548,11969.6687117407,431.277809561676,6.31636731733966,1.71408827739386,5.82321663240866,1848,277.04793542708,4614.8,1736.4170247196,8.19124083069488,0,2.2361295234617
"456",1989.16438356164,1341.59391258008,5765.08478842176,0,366.242162625112,1237.73968023548,11969.6687117407,431.277809561676,6.31636731733966,1.71408827739386,5.82321663240866,1848,277.04793542708,4614.8,1736.4170247196,8.19124083069488,0,2.2361295234617
"457",1989.16438356164,1341.59391258008,5765.08478842176,0,366.242162625112,1237.73968023548,11969.6687117407,431.277809561676,6.31636731733966,1.71408827739386,5.82321663240866,1848,277.04793542708,4614.8,1736.4170247196,8.19124083069488,0,2.2361295234617
"458",1989.20273972603,1340.83186567989,5766.15798993209,0,365.531054083589,1235.78828033029,11971.8563794749,429.682791185153,7.79018635804451,2.11404220878366,7.18196717996354,1848,277.44788935847,4614.8,1737.77577526716,8.19365580684144,0,2.23371454731514
"459",1989.20273972603,1372.51186567989,5774.07798993209,0,365.531054083589,1335.38828033029,11971.8563794749,429.682791185153,7.79018635804451,2.11404220878366,7.18196717996354,1887.6,277.44788935847,4714.4,1737.77577526716,8.23437061086284,0,2.19299974329374
"460",1989.20273972603,1372.51186567989,5774.07798993209,0,365.531054083589,1335.38828033029,11971.8563794749,429.682791185153,7.79018635804451,2.11404220878366,7.18196717996354,1887.6,277.44788935847,4714.4,1737.77577526716,8.23437061086284,0,2.19299974329374
"461",1989.20273972603,1372.51186567989,5774.07798993209,0,365.531054083589,1335.38828033029,11971.8563794749,429.682791185153,7.79018635804451,2.11404220878366,7.18196717996354,1887.6,277.44788935847,4714.4,1737.77577526716,8.23437061086284,0,2.19299974329374
"462",1989.20273972603,1372.51186567989,5774.07798993209,0,365.531054083589,1335.38828033029,11971.8563794749,429.682791185153,7.79018635804451,2.11404220878366,7.18196717996354,1887.6,277.44788935847,4714.4,1737.77577526716,8.23437061086284,0,2.19299974329374
"463",1989.20273972603,1372.51186567989,5774.07798993209,0,365.531054083589,1335.38828033029,11971.8563794749,429.682791185153,7.79018635804451,2.11404220878366,7.18196717996354,1887.6,277.44788935847,4714.4,1737.77577526716,8.23437061086284,0,2.19299974329374
"464",1989.20273972603,1372.51186567989,5774.07798993209,0,365.531054083589,1335.38828033029,11971.8563794749,429.682791185153,7.79018635804451,2.11404220878366,7.18196717996354,1887.6,277.44788935847,4714.4,1737.77577526716,8.23437061086284,0,2.19299974329374
"465",1990,1354.50070915734,5798.23369217741,0,351.073180529275,1276.71370390026,12033.9392699699,398.03187479908,38.4245614012653,10.4273700403283,35.4245695010079,1887.6,285.761217190015,4714.4,1766.0183775882,7.91315527981002,0,2.05101154493542
"466",1990,1354.50070915734,5798.23369217741,0,351.073180529275,1276.71370390026,12033.9392699699,398.03187479908,0,0,0,1887.6,285.761217190015,4714.4,1766.0183775882,7.91315527981002,0,2.05101154493542
"467",1990,1354.50070915734,5798.23369217741,0,351.073180529275,1276.71370390026,12033.9392699699,398.03187479908,0,0,0,1887.6,285.761217190015,4714.4,1766.0183775882,7.91315527981002,0,2.05101154493542
"468",1990.16438356164,1351.18089993399,5802.81301587923,0,348.175720819338,1266.34126446919,12044.452939721,391.666158080242,4.75239732523497,1.63794523146401,6.22448639881191,1887.6,287.399162421478,4714.4,1772.24286398701,7.92264068232106,0,2.04152614242438
"469",1990.16438356164,1351.18089993399,5802.81301587923,0,348.175720819338,1266.34126446919,12044.452939721,391.666158080242,4.75239732523497,1.63794523146401,6.22448639881191,1887.6,287.399162421478,4714.4,1772.24286398701,7.92264068232106,0,2.04152614242438
"470",1990.16438356164,1351.18089993399,5802.81301587923,0,348.175720819338,1266.34126446919,12044.452939721,391.666158080242,4.75239732523497,1.63794523146401,6.22448639881191,1887.6,287.399162421478,4714.4,1772.24286398701,7.92264068232106,0,2.04152614242438
"471",1990.16438356164,1351.18089993399,5802.81301587923,0,348.175720819338,1266.34126446919,12044.452939721,391.666158080242,4.75239732523497,1.63794523146401,6.22448639881191,1887.6,287.399162421478,4714.4,1772.24286398701,7.92264068232106,0,2.04152614242438
"472",1990.16438356164,1351.18089993399,5802.81301587923,0,348.175720819338,1266.34126446919,12044.452939721,391.666158080242,4.75239732523497,1.63794523146401,6.22448639881191,1887.6,287.399162421478,4714.4,1772.24286398701,7.92264068232106,0,2.04152614242438
"473",1990.16438356164,1351.18089993399,5802.81301587923,0,348.175720819338,1266.34126446919,12044.452939721,391.666158080242,4.75239732523497,1.63794523146401,6.22448639881191,1887.6,287.399162421478,4714.4,1772.24286398701,7.92264068232106,0,2.04152614242438
"474",1990.20273972603,1350.42148205436,5803.86304738462,0,347.50291997291,1264.01068158428,12046.8038618298,390.193438696632,5.86129003445247,2.02013245213757,7.67686655852946,1887.6,287.781349642152,4714.4,1773.69524414673,7.92486692272269,0,2.03929990202275
"475",1990.20273972603,1382.10148205436,5811.78304738462,0,347.50291997291,1363.61068158428,12046.8038618298,390.193438696632,5.86129003445247,2.02013245213757,7.67686655852946,1927.2,287.781349642152,4814,1773.69524414673,7.96221940680539,0,2.00194741794006
"476",1990.20273972603,1382.10148205436,5811.78304738462,0,347.50291997291,1363.61068158428,12046.8038618298,390.193438696632,5.86129003445247,2.02013245213757,7.67686655852946,1927.2,287.781349642152,4814,1773.69524414673,7.96221940680539,0,2.00194741794006
"477",1990.20273972603,1382.10148205436,5811.78304738462,0,347.50291997291,1363.61068158428,12046.8038618298,390.193438696632,5.86129003445247,2.02013245213757,7.67686655852946,1927.2,287.781349642152,4814,1773.69524414673,7.96221940680539,0,2.00194741794006
"478",1990.20273972603,1382.10148205436,5811.78304738462,0,347.50291997291,1363.61068158428,12046.8038618298,390.193438696632,5.86129003445247,2.02013245213757,7.67686655852946,1927.2,287.781349642152,4814,1773.69524414673,7.96221940680539,0,2.00194741794006
"479",1990.20273972603,1382.10148205436,5811.78304738462,0,347.50291997291,1363.61068158428,12046.8038618298,390.193438696632,5.86129003445247,2.02013245213757,7.67686655852946,1927.2,287.781349642152,4814,1773.69524414673,7.96221940680539,0,2.00194741794006
"480",1990.20273972603,1382.10148205436,5811.78304738462,0,347.50291997291,1363.61068158428,12046.8038618298,390.193438696632,5.86129003445247,2.02013245213757,7.67686655852946,1927.2,287.781349642152,4814,1773.69524414673,7.96221940680539,0,2.00194741794006
"481",1991,1364.13915417629,5835.48180117891,0,333.822459354508,1298.1318118081,12111.2962380761,360.991165307011,28.9104200958863,9.96416715430875,37.8656334780746,1927.2,295.725384344323,4814,1803.88401106628,12.0750069783519,0,2.95491007196421
"482",1991,1364.13915417629,5835.48180117891,0,333.822459354508,1298.1318118081,12111.2962380761,360.991165307011,0,0,0,1927.2,295.725384344323,4814,1803.88401106628,12.0750069783519,0,2.95491007196421
"483",1991,1364.13915417629,5835.48180117891,0,333.822459354508,1298.1318118081,12111.2962380761,360.991165307011,0,0,0,1927.2,295.725384344323,4814,1803.88401106628,12.0750069783519,0,2.95491007196421
"484",1991.16438356164,1360.10968528324,5839.96267633398,0,330.903906425734,1271.82226001195,12121.6553896665,350.941837488785,12.4176650089023,2.46714666675727,25.9997280239216,1927.2,298.19253101108,4814,1829.8837390902,12.0544186746595,0,2.93274452222248
"485",1991.16438356164,1360.10968528324,5848.83307633398,0,395.953506425734,1271.82226001195,12121.6553896665,500.341837488785,12.4176650089023,2.46714666675727,25.9997280239216,2001.12,298.19253101108,4963.4,1829.8837390902,11.9125781169442,0,3.46797550742552
"486",1991.16438356164,1360.10968528324,5848.83307633398,0,395.953506425734,1271.82226001195,12121.6553896665,500.341837488785,12.4176650089023,2.46714666675727,25.9997280239216,2001.12,298.19253101108,4963.4,1829.8837390902,11.9125781169442,0,3.46797550742552
"487",1991.16438356164,1360.10968528324,5848.83307633398,0,395.953506425734,1271.82226001195,12121.6553896665,500.341837488785,12.4176650089023,2.46714666675727,25.9997280239216,2001.12,298.19253101108,4963.4,1829.8837390902,11.9125781169442,0,3.46797550742552
"488",1991.16438356164,1360.10968528324,5848.83307633398,0,395.953506425734,1271.82226001195,12121.6553896665,500.341837488785,12.4176650089023,2.46714666675727,25.9997280239216,2001.12,298.19253101108,4963.4,1829.8837390902,11.9125781169442,0,3.46797550742552
"489",1991.16438356164,1360.10968528324,5848.83307633398,0,395.953506425734,1271.82226001195,12121.6553896665,500.341837488785,12.4176650089023,2.46714666675727,25.9997280239216,2001.12,298.19253101108,4963.4,1829.8837390902,11.9125781169442,0,3.46797550742552
"490",1991.20273972603,1359.20461125976,5849.95739456458,0,395.144517954367,1266.13489246017,12124.2690204229,497.125825786261,15.3179921309089,3.0568909310134,32.2894765218496,2001.12,298.782275275336,4963.4,1836.17348758813,11.9084043849793,0,3.46198112581964
"491",1991.20273972603,1390.88461125976,5857.87739456458,0,395.144517954367,1398.93489246017,12124.2690204229,497.125825786261,15.3179921309089,3.0568909310134,32.2894765218496,2040.72,298.782275275336,5096.2,1836.17348758813,12.1148181080394,0,3.4417693046947
"492",1991.20273972603,1390.88461125976,5857.87739456458,0,395.144517954367,1398.93489246017,12124.2690204229,497.125825786261,15.3179921309089,3.0568909310134,32.2894765218496,2040.72,298.782275275336,5096.2,1836.17348758813,12.1148181080394,0,3.4417693046947
"493",1991.20273972603,1390.88461125976,5857.87739456458,0,395.144517954367,1398.93489246017,12124.2690204229,497.125825786261,15.3179921309089,3.0568909310134,32.2894765218496,2040.72,298.782275275336,5096.2,1836.17348758813,12.1148181080394,0,3.4417693046947
"494",1991.20273972603,1390.88461125976,5857.87739456458,0,395.144517954367,1398.93489246017,12124.2690204229,497.125825786261,15.3179921309089,3.0568909310134,32.2894765218496,2040.72,298.782275275336,5096.2,1836.17348758813,12.1148181080394,0,3.4417693046947
"495",1991.20273972603,1390.88461125976,5857.87739456458,0,395.144517954367,1398.93489246017,12124.2690204229,497.125825786261,15.3179921309089,3.0568909310134,32.2894765218496,2040.72,298.782275275336,5096.2,1836.17348758813,12.1148181080394,0,3.4417693046947
"496",1991.20273972603,1390.88461125976,5857.87739456458,0,395.144517954367,1398.93489246017,12124.2690204229,497.125825786261,15.3179921309089,3.0568909310134,32.2894765218496,2040.72,298.782275275336,5096.2,1836.17348758813,12.1148181080394,0,3.4417693046947
"497",1992,1370.02830725435,5882.86015173645,0,378.704172054,1262.39291598476,12191.4414328795,435.015580957452,75.6128094700352,15.3707836649175,163.769285369512,2040.72,311.096168009241,5096.2,1967.65329643579,8.222912601537,0,2.27298318738997
"498",1992,1370.02830725435,5882.86015173645,0,378.704172054,1262.39291598476,12191.4414328795,435.015580957452,0,0,0,2040.72,311.096168009241,5096.2,1967.65329643579,8.222912601537,0,2.27298318738997
"499",1992,1370.02830725435,5882.86015173645,0,378.704172054,1262.39291598476,12191.4414328795,435.015580957452,0,0,0,2040.72,311.096168009241,5096.2,1967.65329643579,8.222912601537,0,2.27298318738997
"500",1992.16438356164,1366.73325208898,5887.56525210125,0,375.568774122134,1254.01565485932,12200.8007994214,428.172710725051,6.35391550078026,1.7253527324259,5.86076481584888,2040.72,312.821520741667,5096.2,1973.51406125164,8.2334116412541,0,2.26248414767287
"501",1992.16438356164,1366.73325208898,5887.56525210125,0,375.568774122134,1254.01565485932,12200.8007994214,428.172710725051,6.35391550078026,1.7253527324259,5.86076481584888,2040.72,312.821520741667,5096.2,1973.51406125164,8.2334116412541,0,2.26248414767287
"502",1992.16438356164,1366.73325208898,5887.56525210125,0,375.568774122134,1254.01565485932,12200.8007994214,428.172710725051,6.35391550078026,1.7253527324259,5.86076481584888,2040.72,312.821520741667,5096.2,1973.51406125164,8.2334116412541,0,2.26248414767287
"503",1992.16438356164,1366.73325208898,5887.56525210125,0,375.568774122134,1254.01565485932,12200.8007994214,428.172710725051,6.35391550078026,1.7253527324259,5.86076481584888,2040.72,312.821520741667,5096.2,1973.51406125164,8.2334116412541,0,2.26248414767287
"504",1992.16438356164,1366.73325208898,5887.56525210125,0,375.568774122134,1254.01565485932,12200.8007994214,428.172710725051,6.35391550078026,1.7253527324259,5.86076481584888,2040.72,312.821520741667,5096.2,1973.51406125164,8.2334116412541,0,2.26248414767287
"505",1992.16438356164,1366.73325208898,5887.56525210125,0,375.568774122134,1254.01565485932,12200.8007994214,428.172710725051,6.35391550078026,1.7253527324259,5.86076481584888,2040.72,312.821520741667,5096.2,1973.51406125164,8.2334116412541,0,2.26248414767287
"506",1992.20273972603,1365.97959750502,5888.64436974852,0,374.840728754594,1252.13362573011,12202.8983424183,426.589685067043,7.83649578429149,2.12793503665749,7.22827660620978,2040.72,313.224103045898,5096.2,1974.881573042,8.23587551738809,0,2.26002027153888
"507",1992.20273972603,1397.65959750502,5896.56436974852,0,374.840728754594,1351.73362573011,12202.8983424183,426.589685067043,7.83649578429149,2.12793503665749,7.22827660620978,2080.32,313.224103045898,5195.8,1974.881573042,8.2762689893337,0,2.21962679959327
"508",1992.20273972603,1397.65959750502,5896.56436974852,0,374.840728754594,1351.73362573011,12202.8983424183,426.589685067043,7.83649578429149,2.12793503665749,7.22827660620978,2080.32,313.224103045898,5195.8,1974.881573042,8.2762689893337,0,2.21962679959327
"509",1992.20273972603,1397.65959750502,5896.56436974852,0,374.840728754594,1351.73362573011,12202.8983424183,426.589685067043,7.83649578429149,2.12793503665749,7.22827660620978,2080.32,313.224103045898,5195.8,1974.881573042,8.2762689893337,0,2.21962679959327
"510",1992.20273972603,1397.65959750502,5896.56436974852,0,374.840728754594,1351.73362573011,12202.8983424183,426.589685067043,7.83649578429149,2.12793503665749,7.22827660620978,2080.32,313.224103045898,5195.8,1974.881573042,8.2762689893337,0,2.21962679959327
"511",1992.20273972603,1397.65959750502,5896.56436974852,0,374.840728754594,1351.73362573011,12202.8983424183,426.589685067043,7.83649578429149,2.12793503665749,7.22827660620978,2080.32,313.224103045898,5195.8,1974.881573042,8.2762689893337,0,2.21962679959327
"512",1992.20273972603,1397.65959750502,5896.56436974852,0,374.840728754594,1351.73362573011,12202.8983424183,426.589685067043,7.83649578429149,2.12793503665749,7.22827660620978,2080.32,313.224103045898,5195.8,1974.881573042,8.2762689893337,0,2.21962679959327
"513",1993,1379.8136356228,5920.84567199326,0,360.037433258418,1294.29213983387,12263.3271607455,395.177616205509,38.6528756296983,10.495890170322,35.6530130367588,2080.32,321.592058179563,5195.8,2003.30630947255,7.93457616444506,0,2.07038426240134
"514",1993,1379.8136356228,5920.84567199326,0,360.037433258418,1294.29213983387,12263.3271607455,395.177616205509,0,0,0,2080.32,321.592058179563,5195.8,2003.30630947255,7.93457616444506,0,2.07038426240134
"515",1993,1379.8136356228,5920.84567199326,0,360.037433258418,1294.29213983387,12263.3271607455,395.177616205509,0,0,0,2080.32,321.592058179563,5195.8,2003.30630947255,7.93457616444506,0,2.07038426240134
"516",1993.16438356164,1376.52929360885,5925.45140775277,0,357.071388483776,1284.1370649412,12273.5456481064,388.864570597451,4.76916181925783,1.64465102907267,6.24963313984453,2080.32,323.236709208635,5195.8,2009.55594261239,7.94422917065715,0,2.06073125618925
"517",1993.16438356164,1376.52929360885,5925.45140775277,0,357.071388483776,1284.1370649412,12273.5456481064,388.864570597451,4.76916181925783,1.64465102907267,6.24963313984453,2080.32,323.236709208635,5195.8,2009.55594261239,7.94422917065715,0,2.06073125618925
"518",1993.16438356164,1376.52929360885,5925.45140775277,0,357.071388483776,1284.1370649412,12273.5456481064,388.864570597451,4.76916181925783,1.64465102907267,6.24963313984453,2080.32,323.236709208635,5195.8,2009.55594261239,7.94422917065715,0,2.06073125618925
"519",1993.16438356164,1376.52929360885,5925.45140775277,0,357.071388483776,1284.1370649412,12273.5456481064,388.864570597451,4.76916181925783,1.64465102907267,6.24963313984453,2080.32,323.236709208635,5195.8,2009.55594261239,7.94422917065715,0,2.06073125618925
"520",1993.16438356164,1376.52929360885,5925.45140775277,0,357.071388483776,1284.1370649412,12273.5456481064,388.864570597451,4.76916181925783,1.64465102907267,6.24963313984453,2080.32,323.236709208635,5195.8,2009.55594261239,7.94422917065715,0,2.06073125618925
"521",1993.16438356164,1376.52929360885,5925.45140775277,0,357.071388483776,1284.1370649412,12273.5456481064,388.864570597451,4.76916181925783,1.64465102907267,6.24963313984453,2080.32,323.236709208635,5195.8,2009.55594261239,7.94422917065715,0,2.06073125618925
"522",1993.20273972603,1375.77804177669,5926.50763558823,0,356.382660573704,1281.85520793435,12275.8297481855,387.404079792643,5.88196624374543,2.02840293585426,7.70788087246719,2080.32,323.620461115417,5195.8,2011.01419034501,7.94649413615181,0,2.05846629069459
"523",1993.20273972603,1407.45804177669,5934.42763558823,0,356.382660573704,1381.45520793435,12275.8297481855,387.404079792643,5.88196624374543,2.02840293585426,7.70788087246719,2119.92,323.620461115417,5295.4,2011.01419034501,7.98346584907481,0,2.02149457777158
"524",1993.20273972603,1407.45804177669,5934.42763558823,0,356.382660573704,1381.45520793435,12275.8297481855,387.404079792643,5.88196624374543,2.02840293585426,7.70788087246719,2119.92,323.620461115417,5295.4,2011.01419034501,7.98346584907481,0,2.02149457777158
"525",1993.20273972603,1407.45804177669,5934.42763558823,0,356.382660573704,1381.45520793435,12275.8297481855,387.404079792643,5.88196624374543,2.02840293585426,7.70788087246719,2119.92,323.620461115417,5295.4,2011.01419034501,7.98346584907481,0,2.02149457777158
"526",1993.20273972603,1407.45804177669,5934.42763558823,0,356.382660573704,1381.45520793435,12275.8297481855,387.404079792643,5.88196624374543,2.02840293585426,7.70788087246719,2119.92,323.620461115417,5295.4,2011.01419034501,7.98346584907481,0,2.02149457777158
"527",1993.20273972603,1407.45804177669,5934.42763558823,0,356.382660573704,1381.45520793435,12275.8297481855,387.404079792643,5.88196624374543,2.02840293585426,7.70788087246719,2119.92,323.620461115417,5295.4,2011.01419034501,7.98346584907481,0,2.02149457777158
"528",1993.20273972603,1407.45804177669,5934.42763558823,0,356.382660573704,1381.45520793435,12275.8297481855,387.404079792643,5.88196624374543,2.02840293585426,7.70788087246719,2119.92,323.620461115417,5295.4,2011.01419034501,7.98346584907481,0,2.02149457777158
"529",1994,1389.65669400244,5958.25783147326,0,342.377249349852,1316.84431718246,12339.091065476,358.442803129695,29.0124527211661,10.0049660489289,38.0187309967071,2119.92,331.597024228492,5295.4,2041.32504046925,12.4139846668973,0,3.05850066571627
"530",1994,1389.65669400244,5958.25783147326,0,342.377249349852,1316.84431718246,12339.091065476,358.442803129695,0,0,0,2119.92,331.597024228492,5295.4,2041.32504046925,12.4139846668973,0,3.05850066571627
"531",1994,1389.65669400244,5958.25783147326,0,342.377249349852,1316.84431718246,12339.091065476,358.442803129695,0,0,0,2119.92,331.597024228492,5295.4,2041.32504046925,12.4139846668973,0,3.05850066571627
"532",1994.16438356164,1385.60707001817,5962.76559098027,0,339.379376874724,1290.04052792619,12349.2103218809,348.354873438024,13.0257920808216,2.53973695238224,26.7724625430778,2119.92,334.136761180874,5295.4,2068.09750301233,12.3924721764886,0,3.03531179668338
"533",1994.16438356164,1385.60707001817,5971.63599098027,0,404.428976874724,1290.04052792619,12349.2103218809,497.754873438024,13.0257920808216,2.53973695238224,26.7724625430778,2193.84,334.136761180874,5444.8,2068.09750301233,12.2564634878285,0,3.57739874149162
"534",1994.16438356164,1385.60707001817,5971.63599098027,0,404.428976874724,1290.04052792619,12349.2103218809,497.754873438024,13.0257920808216,2.53973695238224,26.7724625430778,2193.84,334.136761180874,5444.8,2068.09750301233,12.2564634878285,0,3.57739874149162
"535",1994.16438356164,1385.60707001817,5971.63599098027,0,404.428976874724,1290.04052792619,12349.2103218809,497.754873438024,13.0257920808216,2.53973695238224,26.7724625430778,2193.84,334.136761180874,5444.8,2068.09750301233,12.2564634878285,0,3.57739874149162
"536",1994.16438356164,1385.60707001817,5971.63599098027,0,404.428976874724,1290.04052792619,12349.2103218809,497.754873438024,13.0257920808216,2.53973695238224,26.7724625430778,2193.84,334.136761180874,5444.8,2068.09750301233,12.2564634878285,0,3.57739874149162
"537",1994.16438356164,1385.60707001817,5971.63599098027,0,404.428976874724,1290.04052792619,12349.2103218809,497.754873438024,13.0257920808216,2.53973695238224,26.7724625430778,2193.84,334.136761180874,5444.8,2068.09750301233,12.2564634878285,0,3.57739874149162
"538",1994.20273972603,1384.69718485819,5972.76640513282,0,403.601325797563,1284.23628141086,12351.7641241596,494.51530743162,16.0687672393573,3.14685903696785,33.2624727861422,2193.84,334.743883265459,5444.8,2074.5875132554,12.2520643118701,0,3.57114136874207
"539",1994.20273972603,1416.37718485819,5980.68640513282,0,403.601325797563,1417.03628141086,12351.7641241596,494.51530743162,16.0687672393573,3.14685903696785,33.2624727861422,2233.44,334.743883265459,5577.6,2074.5875132554,12.4641601946419,0,3.55170334095315
"540",1994.20273972603,1416.37718485819,5980.68640513282,0,403.601325797563,1417.03628141086,12351.7641241596,494.51530743162,16.0687672393573,3.14685903696785,33.2624727861422,2233.44,334.743883265459,5577.6,2074.5875132554,12.4641601946419,0,3.55170334095315
"541",1994.20273972603,1416.37718485819,5980.68640513282,0,403.601325797563,1417.03628141086,12351.7641241596,494.51530743162,16.0687672393573,3.14685903696785,33.2624727861422,2233.44,334.743883265459,5577.6,2074.5875132554,12.4641601946419,0,3.55170334095315
"542",1994.20273972603,1416.37718485819,5980.68640513282,0,403.601325797563,1417.03628141086,12351.7641241596,494.51530743162,16.0687672393573,3.14685903696785,33.2624727861422,2233.44,334.743883265459,5577.6,2074.5875132554,12.4641601946419,0,3.55170334095315
"543",1994.20273972603,1416.37718485819,5980.68640513282,0,403.601325797563,1417.03628141086,12351.7641241596,494.51530743162,16.0687672393573,3.14685903696785,33.2624727861422,2233.44,334.743883265459,5577.6,2074.5875132554,12.4641601946419,0,3.55170334095315
"544",1994.20273972603,1416.37718485819,5980.68640513282,0,403.601325797563,1417.03628141086,12351.7641241596,494.51530743162,16.0687672393573,3.14685903696785,33.2624727861422,2233.44,334.743883265459,5577.6,2074.5875132554,12.4641601946419,0,3.55170334095315
"545",1995,1395.42631865132,6005.78095746772,0,386.781844522091,1278.30450244319,12417.3581797884,431.973719368455,79.3313196290864,15.8226541844129,168.941784188119,2233.44,347.419678412904,5577.6,2210.26682465737,8.27168886412037,0,2.29273235957702
"546",1995,1395.42631865132,6005.78095746772,0,386.781844522091,1278.30450244319,12417.3581797884,431.973719368455,0,0,0,2233.44,347.419678412904,5577.6,2210.26682465737,8.27168886412037,0,2.29273235957702
"547",1995,1395.42631865132,6005.78095746772,0,386.781844522091,1278.30450244319,12417.3581797884,431.973719368455,0,0,0,2233.44,347.419678412904,5577.6,2210.26682465737,8.27168886412037,0,2.29273235957702
"548",1995.16438356164,1392.16184307749,6010.50638875168,0,383.584271624499,1270.21022080619,12426.3472547847,425.180613009903,6.39146368423046,1.73661718746056,5.89831299929797,2233.44,349.156295600365,5577.6,2216.16513765667,8.28236874633273,0,2.28205247736466
"549",1995.16438356164,1392.16184307749,6010.50638875168,0,383.584271624499,1270.21022080619,12426.3472547847,425.180613009903,6.39146368423046,1.73661718746056,5.89831299929797,2233.44,349.156295600365,5577.6,2216.16513765667,8.28236874633273,0,2.28205247736466
"550",1995.16438356164,1392.16184307749,6010.50638875168,0,383.584271624499,1270.21022080619,12426.3472547847,425.180613009903,6.39146368423046,1.73661718746056,5.89831299929797,2233.44,349.156295600365,5577.6,2216.16513765667,8.28236874633273,0,2.28205247736466
"551",1995.16438356164,1392.16184307749,6010.50638875168,0,383.584271624499,1270.21022080619,12426.3472547847,425.180613009903,6.39146368423046,1.73661718746056,5.89831299929797,2233.44,349.156295600365,5577.6,2216.16513765667,8.28236874633273,0,2.28205247736466
"552",1995.16438356164,1392.16184307749,6010.50638875168,0,383.584271624499,1270.21022080619,12426.3472547847,425.180613009903,6.39146368423046,1.73661718746056,5.89831299929797,2233.44,349.156295600365,5577.6,2216.16513765667,8.28236874633273,0,2.28205247736466
"553",1995.16438356164,1392.16184307749,6010.50638875168,0,383.584271624499,1270.21022080619,12426.3472547847,425.180613009903,6.39146368423046,1.73661718746056,5.89831299929797,2233.44,349.156295600365,5577.6,2216.16513765667,8.28236874633273,0,2.28205247736466
"554",1995.20273972603,1391.41522649753,6011.59027782483,0,382.841788454241,1268.39163465534,12428.3610279829,423.609152929349,7.88280521055323,2.14182786453532,7.27458603246965,2233.44,349.56150627744,5577.6,2217.54141068984,8.28487441555122,0,2.27954680814617
"555",1995.20273972603,1423.09522649753,6019.51027782483,0,382.841788454241,1367.99163465534,12428.3610279829,423.609152929349,7.88280521055323,2.14182786453532,7.27458603246965,2273.04,349.56150627744,5677.2,2217.54141068984,8.32486254486258,0,2.23955867883481
"556",1995.20273972603,1423.09522649753,6019.51027782483,0,382.841788454241,1367.99163465534,12428.3610279829,423.609152929349,7.88280521055323,2.14182786453532,7.27458603246965,2273.04,349.56150627744,5677.2,2217.54141068984,8.32486254486258,0,2.23955867883481
"557",1995.20273972603,1423.09522649753,6019.51027782483,0,382.841788454241,1367.99163465534,12428.3610279829,423.609152929349,7.88280521055323,2.14182786453532,7.27458603246965,2273.04,349.56150627744,5677.2,2217.54141068984,8.32486254486258,0,2.23955867883481
"558",1995.20273972603,1423.09522649753,6019.51027782483,0,382.841788454241,1367.99163465534,12428.3610279829,423.609152929349,7.88280521055323,2.14182786453532,7.27458603246965,2273.04,349.56150627744,5677.2,2217.54141068984,8.32486254486258,0,2.23955867883481
"559",1995.20273972603,1423.09522649753,6019.51027782483,0,382.841788454241,1367.99163465534,12428.3610279829,423.609152929349,7.88280521055323,2.14182786453532,7.27458603246965,2273.04,349.56150627744,5677.2,2217.54141068984,8.32486254486258,0,2.23955867883481
"560",1995.20273972603,1423.09522649753,6019.51027782483,0,382.841788454241,1367.99163465534,12428.3610279829,423.609152929349,7.88280521055323,2.14182786453532,7.27458603246965,2273.04,349.56150627744,5677.2,2217.54141068984,8.32486254486258,0,2.23955867883481
"561",1996,1405.38807959824,6043.89262822565,0,367.743991693992,1311.67936036166,12487.2482398444,392.427396871544,38.8814021875974,10.5644211232589,35.8814045224966,2273.04,357.984099536163,5677.2,2246.14822917987,7.96228503868267,0,2.08346899026465
"562",1996,1405.38807959824,6043.89262822565,0,367.743991693992,1311.67936036166,12487.2482398444,392.427396871544,0,0,0,2273.04,357.984099536163,5677.2,2246.14822917987,7.96228503868267,0,2.08346899026465
"563",1996,1405.38807959824,6043.89262822565,0,367.743991693992,1311.67936036166,12487.2482398444,392.427396871544,0,0,0,2273.04,357.984099536163,5677.2,2246.14822917987,7.96228503868267,0,2.08346899026465
"564",1996.16438356164,1402.13407315845,6048.51970081451,0,364.719568718243,1301.72371695384,12497.1914435448,386.165056698076,4.78592631327614,1.65135682667976,6.2747798808712,2273.04,359.635456362843,5677.2,2252.42300906074,7.9720774153057,0,2.07367661364162
"565",1996.16438356164,1402.13407315845,6048.51970081451,0,364.719568718243,1301.72371695384,12497.1914435448,386.165056698076,4.78592631327614,1.65135682667976,6.2747798808712,2273.04,359.635456362843,5677.2,2252.42300906074,7.9720774153057,0,2.07367661364162
"566",1996.16438356164,1402.13407315845,6048.51970081451,0,364.719568718243,1301.72371695384,12497.1914435448,386.165056698076,4.78592631327614,1.65135682667976,6.2747798808712,2273.04,359.635456362843,5677.2,2252.42300906074,7.9720774153057,0,2.07367661364162
"567",1996.16438356164,1402.13407315845,6048.51970081451,0,364.719568718243,1301.72371695384,12497.1914435448,386.165056698076,4.78592631327614,1.65135682667976,6.2747798808712,2273.04,359.635456362843,5677.2,2252.42300906074,7.9720774153057,0,2.07367661364162
"568",1996.16438356164,1402.13407315845,6048.51970081451,0,364.719568718243,1301.72371695384,12497.1914435448,386.165056698076,4.78592631327614,1.65135682667976,6.2747798808712,2273.04,359.635456362843,5677.2,2252.42300906074,7.9720774153057,0,2.07367661364162
"569",1996.16438356164,1402.13407315845,6048.51970081451,0,364.719568718243,1301.72371695384,12497.1914435448,386.165056698076,4.78592631327614,1.65135682667976,6.2747798808712,2273.04,359.635456362843,5677.2,2252.42300906074,7.9720774153057,0,2.07367661364162
"570",1996.20273972603,1401.38980498649,6049.58093717271,0,364.017283939106,1299.48656338508,12499.4132030015,384.716335504547,5.9026424530379,2.03667341957079,7.73889518640431,2273.04,360.020772955734,5677.2,2253.88712436627,7.97437450426033,0,2.07137952468699
"571",1996.20273972603,1433.06980498649,6057.50093717271,0,364.017283939106,1399.08656338508,12499.4132030015,384.716335504547,5.9026424530379,2.03667341957079,7.73889518640431,2312.64,360.020772955734,5776.8,2253.88712436627,8.01088987613434,0,2.03486415281299
"572",1996.20273972603,1433.06980498649,6057.50093717271,0,364.017283939106,1399.08656338508,12499.4132030015,384.716335504547,5.9026424530379,2.03667341957079,7.73889518640431,2312.64,360.020772955734,5776.8,2253.88712436627,8.01088987613434,0,2.03486415281299
"573",1996.20273972603,1433.06980498649,6057.50093717271,0,364.017283939106,1399.08656338508,12499.4132030015,384.716335504547,5.9026424530379,2.03667341957079,7.73889518640431,2312.64,360.020772955734,5776.8,2253.88712436627,8.01088987613434,0,2.03486415281299
"574",1996.20273972603,1433.06980498649,6057.50093717271,0,364.017283939106,1399.08656338508,12499.4132030015,384.716335504547,5.9026424530379,2.03667341957079,7.73889518640431,2312.64,360.020772955734,5776.8,2253.88712436627,8.01088987613434,0,2.03486415281299
"575",1996.20273972603,1433.06980498649,6057.50093717271,0,364.017283939106,1399.08656338508,12499.4132030015,384.716335504547,5.9026424530379,2.03667341957079,7.73889518640431,2312.64,360.020772955734,5776.8,2253.88712436627,8.01088987613434,0,2.03486415281299
"576",1996.20273972603,1433.06980498649,6057.50093717271,0,364.017283939106,1399.08656338508,12499.4132030015,384.716335504547,5.9026424530379,2.03667341957079,7.73889518640431,2312.64,360.020772955734,5776.8,2253.88712436627,8.01088987613434,0,2.03486415281299
"577",1997,1415.40649520069,6081.43720505673,0,349.73524459763,1335.27443851019,12561.521789984,355.987176875934,29.1143908996665,10.0457546628171,38.1715917074723,2312.64,368.029854198981,5776.8,2284.31982088734,12.7491472027408,0,3.15020888379457
"578",1997,1415.40649520069,6081.43720505673,0,349.73524459763,1335.27443851019,12561.521789984,355.987176875934,0,0,0,2312.64,368.029854198981,5776.8,2284.31982088734,12.7491472027408,0,3.15020888379457
"579",1997,1415.40649520069,6081.43720505673,0,349.73524459763,1335.27443851019,12561.521789984,355.987176875934,0,0,0,2312.64,368.029854198981,5776.8,2284.31982088734,12.7491472027408,0,3.15020888379457
"580",1997.16438356164,1411.33377074168,6085.96669169098,0,346.668725595158,1307.99589911223,12571.4163713413,345.870229677375,13.630763398089,2.60975682723505,27.5009052391581,2312.64,370.639611026216,5776.8,2311.8207261265,12.7267352350511,0,3.1260933284432
"581",1997.16438356164,1411.33377074168,6094.83709169098,0,411.718325595158,1307.99589911223,12571.4163713413,495.270229677375,13.630763398089,2.60975682723505,27.5009052391581,2386.56,370.639611026216,5926.2,2311.8207261265,12.5960220097185,0,3.67454757939767
"582",1997.16438356164,1411.33377074168,6094.83709169098,0,411.718325595158,1307.99589911223,12571.4163713413,495.270229677375,13.630763398089,2.60975682723505,27.5009052391581,2386.56,370.639611026216,5926.2,2311.8207261265,12.5960220097185,0,3.67454757939767
"583",1997.16438356164,1411.33377074168,6094.83709169098,0,411.718325595158,1307.99589911223,12571.4163713413,495.270229677375,13.630763398089,2.60975682723505,27.5009052391581,2386.56,370.639611026216,5926.2,2311.8207261265,12.5960220097185,0,3.67454757939767
"584",1997.16438356164,1411.33377074168,6094.83709169098,0,411.718325595158,1307.99589911223,12571.4163713413,495.270229677375,13.630763398089,2.60975682723505,27.5009052391581,2386.56,370.639611026216,5926.2,2311.8207261265,12.5960220097185,0,3.67454757939767
"585",1997.16438356164,1411.33377074168,6094.83709169098,0,411.718325595158,1307.99589911223,12571.4163713413,495.270229677375,13.630763398089,2.60975682723505,27.5009052391581,2386.56,370.639611026216,5926.2,2311.8207261265,12.5960220097185,0,3.67454757939767
"586",1997.20273972603,1410.41841427916,6095.97240251827,0,410.874507515932,1302.07976580662,12573.9140434185,492.01076613383,16.8156567920271,3.23362054169231,34.1788300111304,2386.56,371.263474740673,5926.2,2318.49865089847,12.591404278698,0,3.66805125313692
"587",1997.20273972603,1442.09841427916,6103.89240251827,0,410.874507515932,1434.87976580662,12573.9140434185,492.01076613383,16.8156567920271,3.23362054169231,34.1788300111304,2426.16,371.263474740673,6059,2318.49865089847,12.8086695584639,0,3.64937354112464
"588",1997.20273972603,1442.09841427916,6103.89240251827,0,410.874507515932,1434.87976580662,12573.9140434185,492.01076613383,16.8156567920271,3.23362054169231,34.1788300111304,2426.16,371.263474740673,6059,2318.49865089847,12.8086695584639,0,3.64937354112464
"589",1997.20273972603,1442.09841427916,6103.89240251827,0,410.874507515932,1434.87976580662,12573.9140434185,492.01076613383,16.8156567920271,3.23362054169231,34.1788300111304,2426.16,371.263474740673,6059,2318.49865089847,12.8086695584639,0,3.64937354112464
"590",1997.20273972603,1442.09841427916,6103.89240251827,0,410.874507515932,1434.87976580662,12573.9140434185,492.01076613383,16.8156567920271,3.23362054169231,34.1788300111304,2426.16,371.263474740673,6059,2318.49865089847,12.8086695584639,0,3.64937354112464
"591",1997.20273972603,1442.09841427916,6103.89240251827,0,410.874507515932,1434.87976580662,12573.9140434185,492.01076613383,16.8156567920271,3.23362054169231,34.1788300111304,2426.16,371.263474740673,6059,2318.49865089847,12.8086695584639,0,3.64937354112464
"592",1997.20273972603,1442.09841427916,6103.89240251827,0,410.874507515932,1434.87976580662,12573.9140434185,492.01076613383,16.8156567920271,3.23362054169231,34.1788300111304,2426.16,371.263474740673,6059,2318.49865089847,12.8086695584639,0,3.64937354112464
"593",1998,1421.04011166824,6129.07425465634,0,393.72662547563,1294.06491429419,12638.0240067763,429.108134760105,83.0306336400903,16.2579530548496,173.786349539479,2426.16,384.28780725383,6059,2458.10617042682,8.3260528186073,0,2.30689383986048
"594",1998,1421.04011166824,6129.07425465634,0,393.72662547563,1294.06491429419,12638.0240067763,429.108134760105,0,0,0,2426.16,384.28780725383,6059,2458.10617042682,8.3260528186073,0,2.30689383986048
"595",1998,1421.04011166824,6129.07425465634,0,393.72662547563,1294.06491429419,12638.0240067763,429.108134760105,0,0,0,2426.16,384.28780725383,6059,2458.10617042682,8.3260528186073,0,2.30689383986048
"596",1998.16438356164,1417.80198824426,6133.81506272728,0,390.476059186175,1286.23460345962,12646.6646141277,422.361977060584,6.42901186765167,1.74788164248734,5.93586118272031,2426.16,386.035688896318,6059,2464.04203160954,8.33688875153517,0,2.29605790693261
"597",1998.16438356164,1417.80198824426,6133.81506272728,0,390.476059186175,1286.23460345962,12646.6646141277,422.361977060584,6.42901186765167,1.74788164248734,5.93586118272031,2426.16,386.035688896318,6059,2464.04203160954,8.33688875153517,0,2.29605790693261
"598",1998.16438356164,1417.80198824426,6133.81506272728,0,390.476059186175,1286.23460345962,12646.6646141277,422.361977060584,6.42901186765167,1.74788164248734,5.93586118272031,2426.16,386.035688896318,6059,2464.04203160954,8.33688875153517,0,2.29605790693261
"599",1998.16438356164,1417.80198824426,6133.81506272728,0,390.476059186175,1286.23460345962,12646.6646141277,422.361977060584,6.42901186765167,1.74788164248734,5.93586118272031,2426.16,386.035688896318,6059,2464.04203160954,8.33688875153517,0,2.29605790693261
"600",1998.16438356164,1417.80198824426,6133.81506272728,0,390.476059186175,1286.23460345962,12646.6646141277,422.361977060584,6.42901186765167,1.74788164248734,5.93586118272031,2426.16,386.035688896318,6059,2464.04203160954,8.33688875153517,0,2.29605790693261
"601",1998.16438356164,1417.80198824426,6133.81506272728,0,390.476059186175,1286.23460345962,12646.6646141277,422.361977060584,6.42901186765167,1.74788164248734,5.93586118272031,2426.16,386.035688896318,6059,2464.04203160954,8.33688875153517,0,2.29605790693261
"602",1998.20273972603,1417.06143504388,6134.90256573069,0,389.721270333234,1284.47519685469,12648.5995365433,420.80142697396,7.92911463676581,2.1557206923998,7.32089545868415,2426.16,386.44352794623,6059,2465.4270658855,8.33943041725567,0,2.29351624121211
"603",1998.20273972603,1448.74143504388,6142.82256573069,0,389.721270333234,1384.07519685469,12648.5995365433,420.80142697396,7.92911463676581,2.1557206923998,7.32089545868415,2465.76,386.44352794623,6158.6,2465.4270658855,8.37895180341656,0,2.25399485505123
"604",1998.20273972603,1448.74143504388,6142.82256573069,0,389.721270333234,1384.07519685469,12648.5995365433,420.80142697396,7.92911463676581,2.1557206923998,7.32089545868415,2465.76,386.44352794623,6158.6,2465.4270658855,8.37895180341656,0,2.25399485505123
"605",1998.20273972603,1448.74143504388,6142.82256573069,0,389.721270333234,1384.07519685469,12648.5995365433,420.80142697396,7.92911463676581,2.1557206923998,7.32089545868415,2465.76,386.44352794623,6158.6,2465.4270658855,8.37895180341656,0,2.25399485505123
"606",1998.20273972603,1448.74143504388,6142.82256573069,0,389.721270333234,1384.07519685469,12648.5995365433,420.80142697396,7.92911463676581,2.1557206923998,7.32089545868415,2465.76,386.44352794623,6158.6,2465.4270658855,8.37895180341656,0,2.25399485505123
"607",1998.20273972603,1448.74143504388,6142.82256573069,0,389.721270333234,1384.07519685469,12648.5995365433,420.80142697396,7.92911463676581,2.1557206923998,7.32089545868415,2465.76,386.44352794623,6158.6,2465.4270658855,8.37895180341656,0,2.25399485505123
"608",1998.20273972603,1448.74143504388,6142.82256573069,0,389.721270333234,1384.07519685469,12648.5995365433,420.80142697396,7.92911463676581,2.1557206923998,7.32089545868415,2465.76,386.44352794623,6158.6,2465.4270658855,8.37895180341656,0,2.25399485505123
"609",1999,1431.15357951159,6167.28214626214,0,374.372319817161,1328.81473249946,12706.0359535228,389.836545792885,39.1098140622189,10.6329462093151,36.1098240154663,2465.76,394.920753463145,6158.6,2494.21599444228,7.99512139507697,0,2.09142623597131
"610",1999,1431.15357951159,6167.28214626214,0,374.372319817161,1328.81473249946,12706.0359535228,389.836545792885,0,0,0,2465.76,394.920753463145,6158.6,2494.21599444228,7.99512139507697,0,2.09142623597131
"611",1999,1431.15357951159,6167.28214626214,0,374.372319817161,1328.81473249946,12706.0359535228,389.836545792885,0,0,0,2465.76,394.920753463145,6158.6,2494.21599444228,7.99512139507697,0,2.09142623597131
"612",1999.16438356164,1427.92620380432,6171.92555312863,0,371.298226033659,1319.04585498529,12715.7193733217,383.622076886297,4.80269080727435,1.65806262427992,6.29992662187151,2465.76,396.578816087425,6158.6,2500.51592106416,8.00503007264703,0,2.08151755840125
"613",1999.16438356164,1427.92620380432,6171.92555312863,0,371.298226033659,1319.04585498529,12715.7193733217,383.622076886297,4.80269080727435,1.65806262427992,6.29992662187151,2465.76,396.578816087425,6158.6,2500.51592106416,8.00503007264703,0,2.08151755840125
"614",1999.16438356164,1427.92620380432,6171.92555312863,0,371.298226033659,1319.04585498529,12715.7193733217,383.622076886297,4.80269080727435,1.65806262427992,6.29992662187151,2465.76,396.578816087425,6158.6,2500.51592106416,8.00503007264703,0,2.08151755840125
"615",1999.16438356164,1427.92620380432,6171.92555312863,0,371.298226033659,1319.04585498529,12715.7193733217,383.622076886297,4.80269080727435,1.65806262427992,6.29992662187151,2465.76,396.578816087425,6158.6,2500.51592106416,8.00503007264703,0,2.08151755840125
"616",1999.16438356164,1427.92620380432,6171.92555312863,0,371.298226033659,1319.04585498529,12715.7193733217,383.622076886297,4.80269080727435,1.65806262427992,6.29992662187151,2465.76,396.578816087425,6158.6,2500.51592106416,8.00503007264703,0,2.08151755840125
"617",1999.16438356164,1427.92620380432,6171.92555312863,0,371.298226033659,1319.04585498529,12715.7193733217,383.622076886297,4.80269080727435,1.65806262427992,6.29992662187151,2465.76,396.578816087425,6158.6,2500.51592106416,8.00503007264703,0,2.08151755840125
"618",1999.20273972603,1427.18806467001,6172.99063061419,0,370.584406403415,1316.85056514265,12717.8822909687,382.184466203489,5.92331866230103,2.04494390327718,7.76990950030295,2465.76,396.965697366423,6158.6,2501.98590394259,8.00735389176494,0,2.07919373928334
"619",1999.20273972603,1458.86806467001,6180.91063061419,0,370.584406403415,1416.45056514265,12717.8822909687,382.184466203489,5.92331866230103,2.04494390327718,7.76990950030295,2505.36,396.965697366423,6258.2,2501.98590394259,8.04335857551704,0,2.04318905553124
"620",1999.20273972603,1458.86806467001,6180.91063061419,0,370.584406403415,1416.45056514265,12717.8822909687,382.184466203489,5.92331866230103,2.04494390327718,7.76990950030295,2505.36,396.965697366423,6258.2,2501.98590394259,8.04335857551704,0,2.04318905553124
"621",1999.20273972603,1458.86806467001,6180.91063061419,0,370.584406403415,1416.45056514265,12717.8822909687,382.184466203489,5.92331866230103,2.04494390327718,7.76990950030295,2505.36,396.965697366423,6258.2,2501.98590394259,8.04335857551704,0,2.04318905553124
"622",1999.20273972603,1458.86806467001,6180.91063061419,0,370.584406403415,1416.45056514265,12717.8822909687,382.184466203489,5.92331866230103,2.04494390327718,7.76990950030295,2505.36,396.965697366423,6258.2,2501.98590394259,8.04335857551704,0,2.04318905553124
"623",1999.20273972603,1458.86806467001,6180.91063061419,0,370.584406403415,1416.45056514265,12717.8822909687,382.184466203489,5.92331866230103,2.04494390327718,7.76990950030295,2505.36,396.965697366423,6258.2,2501.98590394259,8.04335857551704,0,2.04318905553124
"624",1999.20273972603,1458.86806467001,6180.91063061419,0,370.584406403415,1416.45056514265,12717.8822909687,382.184466203489,5.92331866230103,2.04494390327718,7.76990950030295,2505.36,396.965697366423,6258.2,2501.98590394259,8.04335857551704,0,2.04318905553124
"625",2000,1441.32575900216,6204.92885121937,0,356.066886229922,1353.38579975627,12778.9026440362,353.674201861272,29.2163829789111,10.086549139438,38.324586161365,2505.36,405.007302602583,6258.2,2532.54058060365,13.0806379562176,0,3.23145687078804
"626",2000,1441.32575900216,6204.92885121937,0,356.066886229922,1353.38579975627,12778.9026440362,353.674201861272,0,0,0,2505.36,405.007302602583,6258.2,2532.54058060365,13.0806379562176,0,3.23145687078804
"627",2000,1441.32575900216,6204.92885121937,0,356.066886229922,1353.38579975627,12778.9026440362,353.674201861272,0,0,0,2505.36,405.007302602583,6258.2,2532.54058060365,13.0806379562176,0,3.23145687078804
"628",2000.16438356164,1437.22802264198,6209.47509318495,0,352.940917610561,1325.65258743158,12788.5846216537,343.53463026089,14.2326285309097,2.67746301396443,28.1908063076536,2505.36,407.684765616548,6258.2,2560.7313869113,13.0573531790633,0,3.20650177980267
"629",2000.16438356164,1437.22802264198,6218.34549318495,0,417.990517610561,1325.65258743158,12788.5846216537,492.93463026089,14.2326285309097,2.67746301396443,28.1908063076536,2579.28,407.684765616548,6407.6,2560.7313869113,12.9314786142005,0,3.76087534772903
"630",2000.16438356164,1437.22802264198,6218.34549318495,0,417.990517610561,1325.65258743158,12788.5846216537,492.93463026089,14.2326285309097,2.67746301396443,28.1908063076536,2579.28,407.684765616548,6407.6,2560.7313869113,12.9314786142005,0,3.76087534772903
"631",2000.16438356164,1437.22802264198,6218.34549318495,0,417.990517610561,1325.65258743158,12788.5846216537,492.93463026089,14.2326285309097,2.67746301396443,28.1908063076536,2579.28,407.684765616548,6407.6,2560.7313869113,12.9314786142005,0,3.76087534772903
"632",2000.16438356164,1437.22802264198,6218.34549318495,0,417.990517610561,1325.65258743158,12788.5846216537,492.93463026089,14.2326285309097,2.67746301396443,28.1908063076536,2579.28,407.684765616548,6407.6,2560.7313869113,12.9314786142005,0,3.76087534772903
"633",2000.16438356164,1437.22802264198,6218.34549318495,0,417.990517610561,1325.65258743158,12788.5846216537,492.93463026089,14.2326285309097,2.67746301396443,28.1908063076536,2579.28,407.684765616548,6407.6,2560.7313869113,12.9314786142005,0,3.76087534772903
"634",2000.20273972603,1436.30677097191,6219.48454500955,0,417.132684028872,1319.62964229718,12791.0290841923,489.657997057541,17.5587211558838,3.31749644112169,35.0459221068143,2579.28,408.324799043705,6407.6,2567.58650271046,12.9266494815302,0,3.75416178681829
"635",2000.20273972603,1467.98677097191,6227.40454500955,0,417.132684028872,1452.42964229718,12791.0290841923,489.657997057541,17.5587211558838,3.31749644112169,35.0459221068143,2618.88,408.324799043705,6540.4,2567.58650271046,13.1486404498545,0,3.73622418855117
"636",2000.20273972603,1467.98677097191,6227.40454500955,0,417.132684028872,1452.42964229718,12791.0290841923,489.657997057541,17.5587211558838,3.31749644112169,35.0459221068143,2618.88,408.324799043705,6540.4,2567.58650271046,13.1486404498545,0,3.73622418855117
"637",2000.20273972603,1467.98677097191,6227.40454500955,0,417.132684028872,1452.42964229718,12791.0290841923,489.657997057541,17.5587211558838,3.31749644112169,35.0459221068143,2618.88,408.324799043705,6540.4,2567.58650271046,13.1486404498545,0,3.73622418855117
"638",2000.20273972603,1467.98677097191,6227.40454500955,0,417.132684028872,1452.42964229718,12791.0290841923,489.657997057541,17.5587211558838,3.31749644112169,35.0459221068143,2618.88,408.324799043705,6540.4,2567.58650271046,13.1486404498545,0,3.73622418855117
"639",2000.20273972603,1467.98677097191,6227.40454500955,0,417.132684028872,1452.42964229718,12791.0290841923,489.657997057541,17.5587211558838,3.31749644112169,35.0459221068143,2618.88,408.324799043705,6540.4,2567.58650271046,13.1486404498545,0,3.73622418855117
"640",2000.20273972603,1467.98677097191,6227.40454500955,0,417.132684028872,1452.42964229718,12791.0290841923,489.657997057541,17.5587211558838,3.31749644112169,35.0459221068143,2618.88,408.324799043705,6540.4,2567.58650271046,13.1486404498545,0,3.73622418855117
"641",2001,1446.81263574673,6252.65034875771,0,399.700122104933,1309.63479319659,12853.7340085873,426.446281358273,86.7111989148829,16.6783898420921,178.347562511655,2618.88,421.685692444676,6540.4,2710.8881431153,8.38500843265325,0,2.31646366058492
"642",2001,1446.81263574673,6252.65034875771,0,399.700122104933,1309.63479319659,12853.7340085873,426.446281358273,0,0,0,2618.88,421.685692444676,6540.4,2710.8881431153,8.38500843265325,0,2.31646366058492
"643",2001,1446.81263574673,6252.65034875771,0,399.700122104933,1309.63479319659,12853.7340085873,426.446281358273,0,0,0,2618.88,421.685692444676,6540.4,2710.8881431153,8.38500843265325,0,2.31646366058492
"644",2001.16438356164,1443.59772148931,6257.40183730685,0,396.404401715675,1302.05325918912,12862.0445945356,419.743820051274,6.46656005110628,1.75914609752319,5.97340936617349,2618.88,423.444838542199,6540.4,2716.86155248148,8.39597983912708,0,2.30549225411109
"645",2001.16438356164,1443.59772148931,6257.40183730685,0,396.404401715675,1302.05325918912,12862.0445945356,419.743820051274,6.46656005110628,1.75914609752319,5.97340936617349,2618.88,423.444838542199,6540.4,2716.86155248148,8.39597983912708,0,2.30549225411109
"646",2001.16438356164,1443.59772148931,6257.40183730685,0,396.404401715675,1302.05325918912,12862.0445945356,419.743820051274,6.46656005110628,1.75914609752319,5.97340936617349,2618.88,423.444838542199,6540.4,2716.86155248148,8.39597983912708,0,2.30549225411109
"647",2001.16438356164,1443.59772148931,6257.40183730685,0,396.404401715675,1302.05325918912,12862.0445945356,419.743820051274,6.46656005110628,1.75914609752319,5.97340936617349,2618.88,423.444838542199,6540.4,2716.86155248148,8.39597983912708,0,2.30549225411109
"648",2001.16438356164,1443.59772148931,6257.40183730685,0,396.404401715675,1302.05325918912,12862.0445945356,419.743820051274,6.46656005110628,1.75914609752319,5.97340936617349,2618.88,423.444838542199,6540.4,2716.86155248148,8.39597983912708,0,2.30549225411109
"649",2001.16438356164,1443.59772148931,6257.40183730685,0,396.404401715675,1302.05325918912,12862.0445945356,419.743820051274,6.46656005110628,1.75914609752319,5.97340936617349,2618.88,423.444838542199,6540.4,2716.86155248148,8.39597983912708,0,2.30549225411109
"650",2001.20273972603,1442.86250631943,6258.49185915667,0,395.639127612986,1300.34962506766,12863.9048292807,418.193423908848,7.97542406302748,2.16961352027763,7.36720488494398,2618.88,423.855305964953,6540.4,2718.25534800025,8.39855269137317,0,2.302919401865
"651",2001.20273972603,1474.54250631943,6266.41185915667,0,395.639127612986,1399.94962506766,12863.9048292807,418.193423908848,7.97542406302748,2.16961352027763,7.36720488494398,2658.48,423.855305964953,6640,2718.25534800025,8.43756306626262,0,2.26390902697555
"652",2001.20273972603,1474.54250631943,6266.41185915667,0,395.639127612986,1399.94962506766,12863.9048292807,418.193423908848,7.97542406302748,2.16961352027763,7.36720488494398,2658.48,423.855305964953,6640,2718.25534800025,8.43756306626262,0,2.26390902697555
"653",2001.20273972603,1474.54250631943,6266.41185915667,0,395.639127612986,1399.94962506766,12863.9048292807,418.193423908848,7.97542406302748,2.16961352027763,7.36720488494398,2658.48,423.855305964953,6640,2718.25534800025,8.43756306626262,0,2.26390902697555
"654",2001.20273972603,1474.54250631943,6266.41185915667,0,395.639127612986,1399.94962506766,12863.9048292807,418.193423908848,7.97542406302748,2.16961352027763,7.36720488494398,2658.48,423.855305964953,6640,2718.25534800025,8.43756306626262,0,2.26390902697555
"655",2001.20273972603,1474.54250631943,6266.41185915667,0,395.639127612986,1399.94962506766,12863.9048292807,418.193423908848,7.97542406302748,2.16961352027763,7.36720488494398,2658.48,423.855305964953,6640,2718.25534800025,8.43756306626262,0,2.26390902697555
"656",2001.20273972603,1474.54250631943,6266.41185915667,0,395.639127612986,1399.94962506766,12863.9048292807,418.193423908848,7.97542406302748,2.16961352027763,7.36720488494398,2658.48,423.855305964953,6640,2718.25534800025,8.43756306626262,0,2.26390902697555
"657",2002,1457.05983705012,6290.9256444978,0,380.076156914621,1345.68191802061,12919.9644397258,387.430470379966,39.3381714366189,10.7014681468179,36.3382550157828,2658.48,432.387160591493,6640,2747.22639813109,8.0321447162319,0,2.0951965169173
"658",2002,1457.05983705012,6290.9256444978,0,380.076156914621,1345.68191802061,12919.9644397258,387.430470379966,0,0,0,2658.48,432.387160591493,6640,2747.22639813109,8.0321447162319,0,2.0951965169173
"659",2002,1457.05983705012,6290.9256444978,0,380.076156914621,1345.68191802061,12919.9644397258,387.430470379966,0,0,0,2658.48,432.387160591493,6640,2747.22639813109,8.0321447162319,0,2.0951965169173
"660",2002.16438356164,1453.85630239173,6295.58074372278,0,376.959823926143,1336.08955433736,12929.4015401496,381.260660276459,4.81945530130053,1.66476842188973,6.32507336290851,2658.48,434.051929013383,6640,2753.55147149399,8.04215052873596,0,2.08519070441324
"661",2002.16438356164,1453.85630239173,6295.58074372278,0,376.959823926143,1336.08955433736,12929.4015401496,381.260660276459,4.81945530130053,1.66476842188973,6.32507336290851,2658.48,434.051929013383,6640,2753.55147149399,8.04215052873596,0,2.08519070441324
"662",2002.16438356164,1453.85630239173,6295.58074372278,0,376.959823926143,1336.08955433736,12929.4015401496,381.260660276459,4.81945530130053,1.66476842188973,6.32507336290851,2658.48,434.051929013383,6640,2753.55147149399,8.04215052873596,0,2.08519070441324
"663",2002.16438356164,1453.85630239173,6295.58074372278,0,376.959823926143,1336.08955433736,12929.4015401496,381.260660276459,4.81945530130053,1.66476842188973,6.32507336290851,2658.48,434.051929013383,6640,2753.55147149399,8.04215052873596,0,2.08519070441324
"664",2002.16438356164,1453.85630239173,6295.58074372278,0,376.959823926143,1336.08955433736,12929.4015401496,381.260660276459,4.81945530130053,1.66476842188973,6.32507336290851,2658.48,434.051929013383,6640,2753.55147149399,8.04215052873596,0,2.08519070441324
"665",2002.16438356164,1453.85630239173,6295.58074372278,0,376.959823926143,1336.08955433736,12929.4015401496,381.260660276459,4.81945530130053,1.66476842188973,6.32507336290851,2658.48,434.051929013383,6640,2753.55147149399,8.04215052873596,0,2.08519070441324
"666",2002.20273972603,1453.12364813552,6296.64858072708,0,376.236195212949,1333.93383033554,12931.508660022,379.833413954568,5.94399487160074,2.05321438699621,7.80092381424956,2658.48,434.44037497849,6640,2755.02732194534,8.04449659925315,0,2.08284463389605
"667",2002.20273972603,1484.80364813552,6304.56858072708,0,376.236195212949,1433.53383033554,12931.508660022,379.833413954568,5.94399487160074,2.05321438699621,7.80092381424956,2698.08,434.44037497849,6739.6,2755.02732194534,8.07995232484531,0,2.04738890830389
"668",2002.20273972603,1484.80364813552,6304.56858072708,0,376.236195212949,1433.53383033554,12931.508660022,379.833413954568,5.94399487160074,2.05321438699621,7.80092381424956,2698.08,434.44037497849,6739.6,2755.02732194534,8.07995232484531,0,2.04738890830389
"669",2002.20273972603,1484.80364813552,6304.56858072708,0,376.236195212949,1433.53383033554,12931.508660022,379.833413954568,5.94399487160074,2.05321438699621,7.80092381424956,2698.08,434.44037497849,6739.6,2755.02732194534,8.07995232484531,0,2.04738890830389
"670",2002.20273972603,1484.80364813552,6304.56858072708,0,376.236195212949,1433.53383033554,12931.508660022,379.833413954568,5.94399487160074,2.05321438699621,7.80092381424956,2698.08,434.44037497849,6739.6,2755.02732194534,8.07995232484531,0,2.04738890830389
"671",2002.20273972603,1484.80364813552,6304.56858072708,0,376.236195212949,1433.53383033554,12931.508660022,379.833413954568,5.94399487160074,2.05321438699621,7.80092381424956,2698.08,434.44037497849,6739.6,2755.02732194534,8.07995232484531,0,2.04738890830389
"672",2002.20273972603,1484.80364813552,6304.56858072708,0,376.236195212949,1433.53383033554,12931.508660022,379.833413954568,5.94399487160074,2.05321438699621,7.80092381424956,2698.08,434.44037497849,6739.6,2755.02732194534,8.07995232484531,0,2.04738890830389
"673",2003,1467.36928417858,6328.64672241176,0,361.518284157224,1371.17380784936,12991.4983399141,351.527014667193,29.3184130467789,10.1273477149819,38.4776656957483,2698.08,442.514508306475,6739.6,2785.70406382683,13.4086222032326,0,3.30350522127678
"674",2003,1467.36928417858,6328.64672241176,0,361.518284157224,1371.17380784936,12991.4983399141,351.527014667193,0,0,0,2698.08,442.514508306475,6739.6,2785.70406382683,13.4086222032326,0,3.30350522127678
"675",2003,1467.36928417858,6328.64672241176,0,361.518284157224,1371.17380784936,12991.4983399141,351.527014667193,0,0,0,2698.08,442.514508306475,6739.6,2785.70406382683,13.4086222032326,0,3.30350522127678
"676",2003.16438356164,1463.24524852406,6333.20516231316,0,358.340790692879,1343.00478484673,13000.9783176718,341.369066873192,14.8314455693906,2.74308921746005,28.8469930389096,2698.08,445.257597523935,6739.6,2814.55105686574,13.3844916341658,0,3.27778909246213
"677",2003.16438356164,1463.24524852406,6342.07556231316,0,423.390390692879,1343.00478484673,13000.9783176718,490.769066873192,14.8314455693906,2.74308921746005,28.8469930389096,2772,445.257597523935,6889,2814.55105686574,13.263062671013,0,3.83767061039734
"678",2003.16438356164,1463.24524852406,6342.07556231316,0,423.390390692879,1343.00478484673,13000.9783176718,490.769066873192,14.8314455693906,2.74308921746005,28.8469930389096,2772,445.257597523935,6889,2814.55105686574,13.263062671013,0,3.83767061039734
"679",2003.16438356164,1463.24524852406,6342.07556231316,0,423.390390692879,1343.00478484673,13000.9783176718,490.769066873192,14.8314455693906,2.74308921746005,28.8469930389096,2772,445.257597523935,6889,2814.55105686574,13.263062671013,0,3.83767061039734
"680",2003.16438356164,1463.24524852406,6342.07556231316,0,423.390390692879,1343.00478484673,13000.9783176718,490.769066873192,14.8314455693906,2.74308921746005,28.8469930389096,2772,445.257597523935,6889,2814.55105686574,13.263062671013,0,3.83767061039734
"681",2003.16438356164,1463.24524852406,6342.07556231316,0,423.390390692879,1343.00478484673,13000.9783176718,490.769066873192,14.8314455693906,2.74308921746005,28.8469930389096,2772,445.257597523935,6889,2814.55105686574,13.263062671013,0,3.83767061039734
"682",2003.20273972603,1462.31781518751,6343.21730062528,0,422.520396189085,1336.87965618422,13003.3722344822,487.477334959234,18.2980311018653,3.39877874569408,35.8699368049807,2772,445.913287052169,6889,2821.57400063181,13.2580291936444,0,3.83075942138255
"683",2003.20273972603,1493.99781518751,6351.13730062528,0,422.520396189085,1469.67965618422,13003.3722344822,487.477334959234,18.2980311018653,3.39877874569408,35.8699368049807,2811.6,445.913287052169,7021.8,2821.57400063181,13.4843584903265,0,3.81353736516229
"684",2003.20273972603,1493.99781518751,6351.13730062528,0,422.520396189085,1469.67965618422,13003.3722344822,487.477334959234,18.2980311018653,3.39877874569408,35.8699368049807,2811.6,445.913287052169,7021.8,2821.57400063181,13.4843584903265,0,3.81353736516229
"685",2003.20273972603,1493.99781518751,6351.13730062528,0,422.520396189085,1469.67965618422,13003.3722344822,487.477334959234,18.2980311018653,3.39877874569408,35.8699368049807,2811.6,445.913287052169,7021.8,2821.57400063181,13.4843584903265,0,3.81353736516229
"686",2003.20273972603,1493.99781518751,6351.13730062528,0,422.520396189085,1469.67965618422,13003.3722344822,487.477334959234,18.2980311018653,3.39877874569408,35.8699368049807,2811.6,445.913287052169,7021.8,2821.57400063181,13.4843584903265,0,3.81353736516229
"687",2003.20273972603,1493.99781518751,6351.13730062528,0,422.520396189085,1469.67965618422,13003.3722344822,487.477334959234,18.2980311018653,3.39877874569408,35.8699368049807,2811.6,445.913287052169,7021.8,2821.57400063181,13.4843584903265,0,3.81353736516229
"688",2003.20273972603,1493.99781518751,6351.13730062528,0,422.520396189085,1469.67965618422,13003.3722344822,487.477334959234,18.2980311018653,3.39877874569408,35.8699368049807,2811.6,445.913287052169,7021.8,2821.57400063181,13.4843584903265,0,3.81353736516229
"689",2004,1472.70213840318,6376.42584055391,0,404.840830111495,1324.99874358765,13064.7428652771,423.995556020167,90.3732924432222,17.0854816789783,182.661997545658,2811.6,459.599989985454,7021.8,2968.36606137249,8.44774189250266,0,2.32225563550593
"690",2004,1472.70213840318,6376.42584055391,0,404.840830111495,1324.99874358765,13064.7428652771,423.995556020167,0,0,0,2811.6,459.599989985454,7021.8,2968.36606137249,8.44774189250266,0,2.32225563550593
"691",2004,1472.70213840318,6376.42584055391,0,404.840830111495,1324.99874358765,13064.7428652771,423.995556020167,0,0,0,2811.6,459.599989985454,7021.8,2968.36606137249,8.44774189250266,0,2.32225563550593
"692",2004.16438356164,1469.50800232959,6381.18374511005,0,401.506651076403,1317.65301304177,13072.7397737458,417.33342054781,6.50410823452141,1.77041055254831,6.0109575495902,2811.6,461.370400538002,7021.8,2974.37701892208,8.45883142799967,0,2.31116610000892
"693",2004.16438356164,1469.50800232959,6381.18374511005,0,401.506651076403,1317.65301304177,13072.7397737458,417.33342054781,6.50410823452141,1.77041055254831,6.0109575495902,2811.6,461.370400538002,7021.8,2974.37701892208,8.45883142799967,0,2.31116610000892
"694",2004.16438356164,1469.50800232959,6381.18374511005,0,401.506651076403,1317.65301304177,13072.7397737458,417.33342054781,6.50410823452141,1.77041055254831,6.0109575495902,2811.6,461.370400538002,7021.8,2974.37701892208,8.45883142799967,0,2.31116610000892
"695",2004.16438356164,1469.50800232959,6381.18374511005,0,401.506651076403,1317.65301304177,13072.7397737458,417.33342054781,6.50410823452141,1.77041055254831,6.0109575495902,2811.6,461.370400538002,7021.8,2974.37701892208,8.45883142799967,0,2.31116610000892
"696",2004.16438356164,1469.50800232959,6381.18374511005,0,401.506651076403,1317.65301304177,13072.7397737458,417.33342054781,6.50410823452141,1.77041055254831,6.0109575495902,2811.6,461.370400538002,7021.8,2974.37701892208,8.45883142799967,0,2.31116610000892
"697",2004.16438356164,1469.50800232959,6381.18374511005,0,401.506651076403,1317.65301304177,13072.7397737458,417.33342054781,6.50410823452141,1.77041055254831,6.0109575495902,2811.6,461.370400538002,7021.8,2974.37701892208,8.45883142799967,0,2.31116610000892
"698",2004.20273972603,1468.77756369722,6382.27529248186,0,400.732446541369,1316.00224270349,13074.5290124791,415.792395391214,8.02173348924105,2.18350634814236,7.41351431115937,2811.6,461.783496333596,7021.8,2975.77957568365,8.46143141442433,0,2.30856611358426
"699",2004.20273972603,1500.45756369722,6390.19529248186,0,400.732446541369,1415.60224270348,13074.5290124791,415.792395391214,8.02173348924105,2.18350634814236,7.41351431115937,2851.2,461.783496333596,7121.4,2975.77957568365,8.49989962332743,0,2.27009790468116
"700",2004.20273972603,1500.45756369722,6390.19529248186,0,400.732446541369,1415.60224270348,13074.5290124791,415.792395391214,8.02173348924105,2.18350634814236,7.41351431115937,2851.2,461.783496333596,7121.4,2975.77957568365,8.49989962332743,0,2.27009790468116
"701",2004.20273972603,1500.45756369722,6390.19529248186,0,400.732446541369,1415.60224270348,13074.5290124791,415.792395391214,8.02173348924105,2.18350634814236,7.41351431115937,2851.2,461.783496333596,7121.4,2975.77957568365,8.49989962332743,0,2.27009790468116
"702",2004.20273972603,1500.45756369722,6390.19529248186,0,400.732446541369,1415.60224270348,13074.5290124791,415.792395391214,8.02173348924105,2.18350634814236,7.41351431115937,2851.2,461.783496333596,7121.4,2975.77957568365,8.49989962332743,0,2.27009790468116
"703",2004.20273972603,1500.45756369722,6390.19529248186,0,400.732446541369,1415.60224270348,13074.5290124791,415.792395391214,8.02173348924105,2.18350634814236,7.41351431115937,2851.2,461.783496333596,7121.4,2975.77957568365,8.49989962332743,0,2.27009790468116
"704",2004.20273972603,1500.45756369722,6390.19529248186,0,400.732446541369,1415.60224270348,13074.5290124791,415.792395391214,8.02173348924105,2.18350634814236,7.41351431115937,2851.2,461.783496333596,7121.4,2975.77957568365,8.49989962332743,0,2.27009790468116
"705",2005,1483.06860316027,6414.74315676333,0,384.987052161668,1362.27396449209,13129.2810726377,385.215467460735,39.5666492444206,10.7699969833284,36.5666602944311,2851.2,470.369986968782,7121.4,3004.93272166692,8.07258685462495,0,2.09554798062517
"706",2005,1483.06860316027,6414.74315676333,0,384.987052161668,1362.27396449209,13129.2810726377,385.215467460735,0,0,0,2851.2,470.369986968782,7121.4,3004.93272166692,8.07258685462495,0,2.09554798062517
"707",2005,1483.06860316027,6414.74315676333,0,384.987052161668,1362.27396449209,13129.2810726377,385.215467460735,0,0,0,2851.2,470.369986968782,7121.4,3004.93272166692,8.07258685462495,0,2.09554798062517
"708",2005.16438356164,1479.88675664973,6419.40575531728,0,381.834825898757,1352.84956123964,13138.4837016155,379.087021631471,4.83621979530698,1.67147421949273,6.35022010391961,2851.2,472.041461188275,7121.4,3011.28294177084,8.0826737056552,0,2.08546112959492
"709",2005.16438356164,1479.88675664973,6419.40575531728,0,381.834825898757,1352.84956123964,13138.4837016155,379.087021631471,4.83621979530698,1.67147421949273,6.35022010391961,2851.2,472.041461188275,7121.4,3011.28294177084,8.0826737056552,0,2.08546112959492
"710",2005.16438356164,1479.88675664973,6419.40575531728,0,381.834825898757,1352.84956123964,13138.4837016155,379.087021631471,4.83621979530698,1.67147421949273,6.35022010391961,2851.2,472.041461188275,7121.4,3011.28294177084,8.0826737056552,0,2.08546112959492
"711",2005.16438356164,1479.88675664973,6419.40575531728,0,381.834825898757,1352.84956123964,13138.4837016155,379.087021631471,4.83621979530698,1.67147421949273,6.35022010391961,2851.2,472.041461188275,7121.4,3011.28294177084,8.0826737056552,0,2.08546112959492
"712",2005.16438356164,1479.88675664973,6419.40575531728,0,381.834825898757,1352.84956123964,13138.4837016155,379.087021631471,4.83621979530698,1.67147421949273,6.35022010391961,2851.2,472.041461188275,7121.4,3011.28294177084,8.0826737056552,0,2.08546112959492
"713",2005.16438356164,1479.88675664973,6419.40575531728,0,381.834825898757,1352.84956123964,13138.4837016155,379.087021631471,4.83621979530698,1.67147421949273,6.35022010391961,2851.2,472.041461188275,7121.4,3011.28294177084,8.0826737056552,0,2.08546112959492
"714",2005.20273972603,1479.15908970068,6420.47537575177,0,381.102861762109,1350.73148636009,13140.5377051814,377.66937492088,5.96467108087181,2.06148487070534,7.83193812815859,2851.2,472.431471839488,7121.4,3012.76465979508,8.08503826842001,0,2.08309656683011
"715",2005.20273972603,1510.83908970068,6428.39537575177,0,381.102861762109,1450.33148636009,13140.5377051814,377.66937492088,5.96467108087181,2.06148487070534,7.83193812815859,2890.8,472.431471839488,7221,3012.76465979508,8.11991909506808,0,2.04821574018204
"716",2005.20273972603,1510.83908970068,6428.39537575177,0,381.102861762109,1450.33148636009,13140.5377051814,377.66937492088,5.96467108087181,2.06148487070534,7.83193812815859,2890.8,472.431471839488,7221,3012.76465979508,8.11991909506808,0,2.04821574018204
"717",2005.20273972603,1510.83908970068,6428.39537575177,0,381.102861762109,1450.33148636009,13140.5377051814,377.66937492088,5.96467108087181,2.06148487070534,7.83193812815859,2890.8,472.431471839488,7221,3012.76465979508,8.11991909506808,0,2.04821574018204
"718",2005.20273972603,1510.83908970068,6428.39537575177,0,381.102861762109,1450.33148636009,13140.5377051814,377.66937492088,5.96467108087181,2.06148487070534,7.83193812815859,2890.8,472.431471839488,7221,3012.76465979508,8.11991909506808,0,2.04821574018204
"719",2005.20273972603,1510.83908970068,6428.39537575177,0,381.102861762109,1450.33148636009,13140.5377051814,377.66937492088,5.96467108087181,2.06148487070534,7.83193812815859,2890.8,472.431471839488,7221,3012.76465979508,8.11991909506808,0,2.04821574018204
"720",2005.20273972603,1510.83908970068,6428.39537575177,0,381.102861762109,1450.33148636009,13140.5377051814,377.66937492088,5.96467108087181,2.06148487070534,7.83193812815859,2890.8,472.431471839488,7221,3012.76465979508,8.11991909506808,0,2.04821574018204
"721",2006,1493.50286960744,6452.51320241444,0,366.214605189749,1388.64300965948,13199.5451919147,349.551796598214,29.4203374449072,10.16813487363,38.6305064181751,2890.8,480.538121842412,7221,3043.5632280851,13.7332674439653,0,3.3674679957454
"722",2006,1493.50286960744,6452.51320241444,0,366.214605189749,1388.64300965948,13199.5451919147,349.551796598214,0,0,0,2890.8,480.538121842412,7221,3043.5632280851,13.7332674439653,0,3.3674679957454
"723",2006,1493.50286960744,6452.51320241444,0,366.214605189749,1388.64300965948,13199.5451919147,349.551796598214,0,0,0,2890.8,480.538121842412,7221,3043.5632280851,13.7332674439653,0,3.3674679957454
"724",2006.16438356164,1489.35164538937,6457.07977010235,0,362.992416305122,1360.05549426726,13208.8327602653,339.378291167104,15.4272792226623,2.80684541478779,29.4734524726944,2890.8,483.3449672572,7221,3073.03668055779,13.7083176267978,0,3.34106143047803
"725",2006.16438356164,1489.35164538937,6465.95017010235,0,428.042016305122,1360.05549426726,13208.8327602653,488.778291167104,15.4272792226623,2.80684541478779,29.4734524726944,2964.72,483.3449672572,7370.4,3073.03668055779,13.5909930932154,0,3.90607289099145
"726",2006.16438356164,1489.35164538937,6465.95017010235,0,428.042016305122,1360.05549426726,13208.8327602653,488.778291167104,15.4272792226623,2.80684541478779,29.4734524726944,2964.72,483.3449672572,7370.4,3073.03668055779,13.5909930932154,0,3.90607289099145
"727",2006.16438356164,1489.35164538937,6465.95017010235,0,428.042016305122,1360.05549426726,13208.8327602653,488.778291167104,15.4272792226623,2.80684541478779,29.4734524726944,2964.72,483.3449672572,7370.4,3073.03668055779,13.5909930932154,0,3.90607289099145
"728",2006.16438356164,1489.35164538937,6465.95017010235,0,428.042016305122,1360.05549426726,13208.8327602653,488.778291167104,15.4272792226623,2.80684541478779,29.4734524726944,2964.72,483.3449672572,7370.4,3073.03668055779,13.5909930932154,0,3.90607289099145
"729",2006.16438356164,1489.35164538937,6465.95017010235,0,428.042016305122,1360.05549426726,13208.8327602653,488.778291167104,15.4272792226623,2.80684541478779,29.4734524726944,2964.72,483.3449672572,7370.4,3073.03668055779,13.5909930932154,0,3.90607289099145
"730",2006.20273972603,1488.41783469981,6467.09365305162,0,427.161459990943,1353.83242758992,13211.1785223823,485.473064000885,19.0336655518236,3.47772946925392,36.6559841992415,2964.72,484.015851311666,7370.4,3080.21921228434,13.5857621060997,0,3.89898175165418
"731",2006.20273972603,1520.09783469981,6475.01365305162,0,427.161459990943,1486.63242758992,13211.1785223823,485.473064000885,19.0336655518236,3.47772946925392,36.6559841992415,3004.32,484.015851311666,7503.2,3080.21921228434,13.8160891250148,0,3.88244800254699
"732",2006.20273972603,1520.09783469981,6475.01365305162,0,427.161459990943,1486.63242758992,13211.1785223823,485.473064000885,19.0336655518236,3.47772946925392,36.6559841992415,3004.32,484.015851311666,7503.2,3080.21921228434,13.8160891250148,0,3.88244800254699
"733",2006.20273972603,1520.09783469981,6475.01365305162,0,427.161459990943,1486.63242758992,13211.1785223823,485.473064000885,19.0336655518236,3.47772946925392,36.6559841992415,3004.32,484.015851311666,7503.2,3080.21921228434,13.8160891250148,0,3.88244800254699
"734",2006.20273972603,1520.09783469981,6475.01365305162,0,427.161459990943,1486.63242758992,13211.1785223823,485.473064000885,19.0336655518236,3.47772946925392,36.6559841992415,3004.32,484.015851311666,7503.2,3080.21921228434,13.8160891250148,0,3.88244800254699
"735",2006.20273972603,1520.09783469981,6475.01365305162,0,427.161459990943,1486.63242758992,13211.1785223823,485.473064000885,19.0336655518236,3.47772946925392,36.6559841992415,3004.32,484.015851311666,7503.2,3080.21921228434,13.8160891250148,0,3.88244800254699
"736",2006.20273972603,1520.09783469981,6475.01365305162,0,427.161459990943,1486.63242758992,13211.1785223823,485.473064000885,19.0336655518236,3.47772946925392,36.6559841992415,3004.32,484.015851311666,7503.2,3080.21921228434,13.8160891250148,0,3.88244800254699
"737",2007,1498.67685509881,6500.32583179396,0,409.267414341279,1340.15285985622,13271.2763034379,421.751568534161,94.0172952565221,17.4805759775854,186.759266344106,3004.32,498.018697819998,7503.2,3230.32249442921,8.51358384411337,0,2.32493911866561
"738",2007,1498.67685509881,6500.32583179396,0,409.267414341279,1340.15285985622,13271.2763034379,421.751568534161,0,0,0,3004.32,498.018697819998,7503.2,3230.32249442921,8.51358384411337,0,2.32493911866561
"739",2007,1498.67685509881,6500.32583179396,0,409.267414341279,1340.15285985622,13271.2763034379,421.751568534161,0,0,0,3004.32,498.018697819998,7503.2,3230.32249442921,8.51358384411337,0,2.32493911866561
"740",2007.16438356164,1495.50155452404,6505.08637508554,0,405.900496616889,1333.03135942656,13278.9744116228,415.126455045852,6.54165641796901,1.78167500758226,6.0485057330369,3004.32,499.80037282758,7503.2,3236.37100016224,8.52477671929211,0,2.31374624348687
"741",2007.16438356164,1495.50155452404,6505.08637508554,0,405.900496616889,1333.03135942656,13278.9744116228,415.126455045852,6.54165641796901,1.78167500758226,6.0485057330369,3004.32,499.80037282758,7503.2,3236.37100016224,8.52477671929211,0,2.31374624348687
"742",2007.16438356164,1495.50155452404,6505.08637508554,0,405.900496616889,1333.03135942656,13278.9744116228,415.126455045852,6.54165641796901,1.78167500758226,6.0485057330369,3004.32,499.80037282758,7503.2,3236.37100016224,8.52477671929211,0,2.31374624348687
"743",2007.16438356164,1495.50155452404,6505.08637508554,0,405.900496616889,1333.03135942656,13278.9744116228,415.126455045852,6.54165641796901,1.78167500758226,6.0485057330369,3004.32,499.80037282758,7503.2,3236.37100016224,8.52477671929211,0,2.31374624348687
"744",2007.16438356164,1495.50155452404,6505.08637508554,0,405.900496616889,1333.03135942656,13278.9744116228,415.126455045852,6.54165641796901,1.78167500758226,6.0485057330369,3004.32,499.80037282758,7503.2,3236.37100016224,8.52477671929211,0,2.31374624348687
"745",2007.16438356164,1495.50155452404,6505.08637508554,0,405.900496616889,1333.03135942656,13278.9744116228,415.126455045852,6.54165641796901,1.78167500758226,6.0485057330369,3004.32,499.80037282758,7503.2,3236.37100016224,8.52477671929211,0,2.31374624348687
"746",2007.20273972603,1494.77544345119,6506.17856866915,0,405.118689937689,1331.43085822888,13280.6960161597,413.594033702265,8.06804291548514,2.19739917601541,7.45982373740297,3004.32,500.216096996013,7503.2,3237.78231816661,8.52740038685499,0,2.31112257592398
"747",2007.20273972603,1526.45544345119,6514.09856866915,0,405.118689937689,1431.03085822888,13280.6960161597,413.594033702265,8.06804291548514,2.19739917601541,7.45982373740297,3043.92,500.216096996013,7602.8,3237.78231816661,8.56530541050367,0,2.27321755227531
"748",2007.20273972603,1526.45544345119,6514.09856866915,0,405.118689937689,1431.03085822888,13280.6960161597,413.594033702265,8.06804291548514,2.19739917601541,7.45982373740297,3043.92,500.216096996013,7602.8,3237.78231816661,8.56530541050367,0,2.27321755227531
"749",2007.20273972603,1526.45544345119,6514.09856866915,0,405.118689937689,1431.03085822888,13280.6960161597,413.594033702265,8.06804291548514,2.19739917601541,7.45982373740297,3043.92,500.216096996013,7602.8,3237.78231816661,8.56530541050367,0,2.27321755227531
"750",2007.20273972603,1526.45544345119,6514.09856866915,0,405.118689937689,1431.03085822888,13280.6960161597,413.594033702265,8.06804291548514,2.19739917601541,7.45982373740297,3043.92,500.216096996013,7602.8,3237.78231816661,8.56530541050367,0,2.27321755227531
"751",2007.20273972603,1526.45544345119,6514.09856866915,0,405.118689937689,1431.03085822888,13280.6960161597,413.594033702265,8.06804291548514,2.19739917601541,7.45982373740297,3043.92,500.216096996013,7602.8,3237.78231816661,8.56530541050367,0,2.27321755227531
"752",2007.20273972603,1526.45544345119,6514.09856866915,0,405.118689937689,1431.03085822888,13280.6960161597,413.594033702265,8.06804291548514,2.19739917601541,7.45982373740297,3043.92,500.216096996013,7602.8,3237.78231816661,8.56530541050367,0,2.27321755227531
"753",2008,1509.15137909272,6538.66223607852,0,389.217963144383,1378.59664061807,13334.2011103424,383.187904185121,39.7950758188225,10.8385229184212,36.7950766826952,3043.92,508.857220738419,7602.8,3267.1175711119,8.11581713183977,0,2.09311130551131
"754",2008,1509.15137909272,6538.66223607852,0,389.217963144383,1378.59664061807,13334.2011103424,383.187904185121,0,0,0,3043.92,508.857220738419,7602.8,3267.1175711119,8.11581713183977,0,2.09311130551131
"755",2008,1509.15137909272,6538.66223607852,0,389.217963144383,1378.59664061807,13334.2011103424,383.187904185121,0,0,0,3043.92,508.857220738419,7602.8,3267.1175711119,8.11581713183977,0,2.09311130551131
"756",2008.16438356164,1505.989482603,6543.32865367774,0,386.035262017774,1369.33244122418,13343.1802418346,377.097605241854,4.85298428933241,1.67818001710228,6.37536684495564,3043.92,510.535400755521,7602.8,3273.49293795686,8.12597134313853,0,2.08295709421254
"757",2008.16438356164,1505.989482603,6543.32865367774,0,386.035262017774,1369.33244122418,13343.1802418346,377.097605241854,4.85298428933241,1.67818001710228,6.37536684495564,3043.92,510.535400755521,7602.8,3273.49293795686,8.12597134313853,0,2.08295709421254
"758",2008.16438356164,1505.989482603,6543.32865367774,0,386.035262017774,1369.33244122418,13343.1802418346,377.097605241854,4.85298428933241,1.67818001710228,6.37536684495564,3043.92,510.535400755521,7602.8,3273.49293795686,8.12597134313853,0,2.08295709421254
"759",2008.16438356164,1505.989482603,6543.32865367774,0,386.035262017774,1369.33244122418,13343.1802418346,377.097605241854,4.85298428933241,1.67818001710228,6.37536684495564,3043.92,510.535400755521,7602.8,3273.49293795686,8.12597134313853,0,2.08295709421254
"760",2008.16438356164,1505.989482603,6543.32865367774,0,386.035262017774,1369.33244122418,13343.1802418346,377.097605241854,4.85298428933241,1.67818001710228,6.37536684495564,3043.92,510.535400755521,7602.8,3273.49293795686,8.12597134313853,0,2.08295709421254
"761",2008.16438356164,1505.989482603,6543.32865367774,0,386.035262017774,1369.33244122418,13343.1802418346,377.097605241854,4.85298428933241,1.67818001710228,6.37536684495564,3043.92,510.535400755521,7602.8,3273.49293795686,8.12597134313853,0,2.08295709421254
"762",2008.20273972603,1505.26640103594,6544.39920119623,0,385.296220729022,1367.25027742175,13345.1836137706,375.688811511139,5.98534729017469,2.06975535442547,7.8629524421094,3043.92,510.926976092844,7602.8,3274.98052355401,8.12835120636136,0,2.08057723098972
"763",2008.20273972603,1536.94640103594,6552.31920119623,0,385.296220729022,1466.85027742175,13345.1836137706,375.688811511139,5.98534729017469,2.06975535442547,7.8629524421094,3083.52,510.926976092844,7702.40000000001,3274.98052355401,8.16264067946504,0,2.04628775788604
"764",2008.20273972603,1536.94640103594,6552.31920119623,0,385.296220729022,1466.85027742175,13345.1836137706,375.688811511139,5.98534729017469,2.06975535442547,7.8629524421094,3083.52,510.926976092844,7702.40000000001,3274.98052355401,8.16264067946504,0,2.04628775788604
"765",2008.20273972603,1536.94640103594,6552.31920119623,0,385.296220729022,1466.85027742175,13345.1836137706,375.688811511139,5.98534729017469,2.06975535442547,7.8629524421094,3083.52,510.926976092844,7702.40000000001,3274.98052355401,8.16264067946504,0,2.04628775788604
"766",2008.20273972603,1536.94640103594,6552.31920119623,0,385.296220729022,1466.85027742175,13345.1836137706,375.688811511139,5.98534729017469,2.06975535442547,7.8629524421094,3083.52,510.926976092844,7702.40000000001,3274.98052355401,8.16264067946504,0,2.04628775788604
"767",2008.20273972603,1536.94640103594,6552.31920119623,0,385.296220729022,1466.85027742175,13345.1836137706,375.688811511139,5.98534729017469,2.06975535442547,7.8629524421094,3083.52,510.926976092844,7702.40000000001,3274.98052355401,8.16264067946504,0,2.04628775788604
"768",2008.20273972603,1536.94640103594,6552.31920119623,0,385.296220729022,1466.85027742175,13345.1836137706,375.688811511139,5.98534729017469,2.06975535442547,7.8629524421094,3083.52,510.926976092844,7702.40000000001,3274.98052355401,8.16264067946504,0,2.04628775788604
"769",2009,1519.70035822845,6576.45901444445,0,370.263277484157,1405.80247097081,13403.2544102892,347.745293304581,29.5223202871771,10.2089281585639,38.7834805809606,3083.52,519.066148896983,7702.40000000001,3305.90105169286,0,0,0
"770",2009,1519.70035822845,6576.45901444445,0,370.263277484157,1405.80247097081,13403.2544102892,347.745293304581,29.5223202871771,10.2089281585639,38.7834805809606,3083.52,519.066148896983,7702.40000000001,3305.90105169286,0,0,0
