"","Dataset","Season","Crop","Treatment","Measured_N_Uptake.kg.ha","Measured_P_Uptake.kg.ha","Measured_K_Uptake.kg.ha","Predicted_N_Uptake.kg.ha","Predicted_P_Uptake.kg.ha","Predicted_K_Uptake.kg.ha","P_labile","P_stable","P_labile_placed","P_labile_FYM","K_labile","K_stable","K_labile_FYM","cols","pchs"
"1","Hanninghof_LMpred_FYM_Hanninghof_",1961,"potato","NPK",73.2371204189985,10.3802574196413,134.254536629766,63.2757163137298,10.1936233083802,108.243649393564,1054.38238272954,4681.04089691552,0,0,948.351290977932,9404.73152938936,0,"green",1
"2","Hanninghof_LMpred_FYM_Hanninghof_",1962,"rye","NPK",84.4353108545791,17.6771642946993,77.1002640108798,48.500327030625,13.246603146555,45.5003453234968,1054.38238272954,4681.04089691552,0,0,948.351290977932,9404.73152938936,0,"green",1
"3","Hanninghof_LMpred_FYM_Hanninghof_",1963,"oats","NPK",62.4493447069158,16.4993892211956,80.7248715999331,49.5175162870423,14.1148087625865,62.798155061601,1054.38238272954,4681.04089691552,0,0,948.351290977932,9404.73152938936,0,"green",1
"4","Hanninghof_LMpred_FYM_Hanninghof_",1964,"potato","NPK",72.8725858872107,10.0364297140372,130.235844516415,63.1129171458325,10.4289166795727,110.347848568454,1069.36249485861,4695.46716147806,0,0,948.560719191631,9429.0784517821,0,"green",1
"5","Hanninghof_LMpred_FYM_Hanninghof_",1965,"rye","NPK",84.6637289704804,17.6447641733118,75.9231375006794,49.6432659010422,13.5875348191968,46.6432849467786,1069.36249485861,4695.46716147806,0,0,948.560719191631,9429.0784517821,0,"green",1
"6","Hanninghof_LMpred_FYM_Hanninghof_",1966,"oats","NPK",62.5513287121681,16.1714659333033,78.6196121506282,51.3704081924188,14.5307918730181,64.6465503936301,1069.36249485861,4695.46716147806,0,0,948.560719191631,9429.0784517821,0,"green",1
"7","Hanninghof_LMpred_FYM_Hanninghof_",1967,"potato","NPK",72.508051355423,9.69260200843311,126.217152403065,62.8889059805009,10.5956684823946,111.167040769727,1079.86936549524,4711.31368769488,0,0,977.223831971435,9454.5149936788,0,"green",1
"8","Hanninghof_LMpred_FYM_Hanninghof_",1968,"rye","NPK",84.8921470863818,17.6123640519243,74.7460109904786,50.7862021728156,13.9092330331624,47.7862049949196,1079.86936549524,4711.31368769488,0,0,977.223831971435,9454.5149936788,0,"green",1
"9","Hanninghof_LMpred_FYM_Hanninghof_",1969,"oats","NPK",62.6533127174204,15.8435426454109,76.5143527013231,53.2139052879997,14.8929353790202,66.2236687921333,1079.86936549524,4711.31368769488,0,0,977.223831971435,9454.5149936788,0,"green",1
"10","Hanninghof_LMpred_FYM_Hanninghof_",1970,"potato","NPK",72.1435168236352,9.348774302829,122.198460289715,62.6314817135497,10.7234627858114,111.60136725529,1088.59408298849,4728.07416143905,0,0,983.736440835798,9484.80422975284,0,"green",1
"11","Hanninghof_LMpred_FYM_Hanninghof_",1971,"rye","NPK",85.1205652022831,17.5799639305367,73.5688844802781,51.9291396681443,14.2186448477564,48.9291396801451,1088.59408298849,4728.07416143905,0,0,983.736440835798,9484.80422975284,0,"green",1
"12","Hanninghof_LMpred_FYM_Hanninghof_",1972,"oats","NPK",62.7552967226728,15.5156193575185,74.4090932520182,55.0483980843704,15.2208407382476,67.6684735646335,1088.59408298849,4728.07416143905,0,0,983.736440835798,9484.80422975284,0,"green",1
"13","Hanninghof_LMpred_FYM_Hanninghof_",1973,"potato","NPK",71.7789822918474,9.00494659722493,118.179768176364,62.3542187486856,10.8285337160376,111.906925122581,1100.04041773229,4745.79891001568,0,0,974.298735551199,9516.69408646899,0,"green",1
"14","Hanninghof_LMpred_FYM_Hanninghof_",1974,"rye","NPK",85.3489833181844,17.5475638091492,72.3917579700775,53.0720830558816,14.5193209056448,50.0721034179287,1100.04041773229,4745.79891001568,0,0,974.298735551199,9516.69408646899,0,"green",1
"15","Hanninghof_LMpred_FYM_Hanninghof_",1975,"oats","NPK",62.8572807279251,15.1876960696261,72.3038338027134,56.874141873461,15.5261243558072,69.0284753066608,1100.04041773229,4745.79891001568,0,0,974.298735551199,9516.69408646899,0,"green",1
"16","Hanninghof_LMpred_FYM_Hanninghof_",1976,"potato","NPK",71.4144477600596,8.66111889162085,114.161076063013,62.0641190237341,10.9198319623645,112.158250230948,1107.50592359901,4764.34586932976,0,0,997.078543403458,9546.87099366995,0,"green",1
"17","Hanninghof_LMpred_FYM_Hanninghof_",1977,"rye","NPK",85.5774014340858,17.5151636877616,71.2146314598769,54.2150686001478,14.8133312517847,51.2152303435524,1107.50592359901,4764.34586932976,0,0,997.078543403458,9546.87099366995,0,"green",1
"18","Hanninghof_LMpred_FYM_Hanninghof_",1978,"oats","NPK",62.9592647331775,14.8597727817337,70.1985743534085,58.6915639983263,15.8156691240788,70.3224177333539,1107.50592359901,4764.34586932976,0,0,997.078543403458,9546.87099366995,0,"green",1
"19","Hanninghof_LMpred_FYM_Hanninghof_",1979,"potato","NPK",76.1343307530073,11.442192073904,117.892877826493,79.3275996043129,11.6128697415806,119.368877302503,1113.62389668953,4783.29710436622,0,0,998.924651141303,9579.97833553847,0,"green",1
"20","Hanninghof_LMpred_FYM_Hanninghof_",1980,"rye","NPK",90.8902370747226,20.6076644542612,77.7879988265063,91.3993167989711,19.2749921290529,74.7108501968942,1113.62389668953,4783.29710436622,0,0,998.924651141303,9579.97833553847,0,"green",1
"21","Hanninghof_LMpred_FYM_Hanninghof_",1981,"oats","NPK",68.1456662631654,17.6567503817285,75.8438087809334,66.047437810182,16.4559229571479,73.4032867117649,1113.62389668953,4783.29710436622,0,0,998.924651141303,9579.97833553847,0,"green",1
"22","Hanninghof_LMpred_FYM_Hanninghof_",1982,"potato","NPK",75.7697962212196,11.0983643682999,113.874185713143,79.0953138659054,11.6848157400508,119.026392561471,1123.12309568388,4802.80223688949,0,0,987.103418141792,9613.43252776824,0,"green",1
"23","Hanninghof_LMpred_FYM_Hanninghof_",1983,"rye","NPK",91.118655190624,20.5752643328737,76.6108723163058,93.6540677391228,19.5324328084358,75.319253550314,1123.12309568388,4802.80223688949,0,0,987.103418141792,9613.43252776824,0,"green",1
"24","Hanninghof_LMpred_FYM_Hanninghof_",1984,"oats","NPK",68.2476502684177,17.3288270938361,73.7385493316285,67.8056514766859,16.6749025929764,74.0478596572133,1123.12309568388,4802.80223688949,0,0,987.103418141792,9613.43252776824,0,"green",1
"25","Hanninghof_LMpred_FYM_Hanninghof_",1985,"potato","NPK",75.4052616894318,10.7545366626958,109.855493599792,78.8657366887506,11.763678906304,119.383840054261,1128.82179889521,4822.794300645,0,0,1007.94565502811,9644.40408588701,0,"green",1
"26","Hanninghof_LMpred_FYM_Hanninghof_",1986,"rye","NPK",91.3470733065253,20.5428642114862,75.433745806105,95.9032310683206,19.7947890751877,76.1332275480986,1128.82179889521,4822.794300645,0,0,1007.94565502811,9644.40408588701,0,"green",1
"27","Hanninghof_LMpred_FYM_Hanninghof_",1987,"oats","NPK",68.34963427367,17.0009038059437,71.6332898823237,69.5587434936506,16.8967359093235,74.8303724190841,1128.82179889521,4822.794300645,0,0,1007.94565502811,9644.40408588701,0,"green",1
"28","Hanninghof_LMpred_FYM_Hanninghof_",1988,"potato","NPK",75.040727157644,10.4107089570917,105.836801486442,78.6345638227462,11.8456053379232,119.936810665102,1133.4245064698,4842.89865769139,0,0,1008.06223996246,9677.66383216053,0,"green",1
"29","Hanninghof_LMpred_FYM_Hanninghof_",1989,"rye","NPK",91.5754914224266,20.5104640900986,74.2566192959045,98.1460293522223,20.0582868955567,76.982433982711,1133.4245064698,4842.89865769139,0,0,1008.06223996246,9677.66383216053,0,"green",1
"30","Hanninghof_LMpred_FYM_Hanninghof_",1990,"oats","NPK",68.4516182789224,16.6729805180513,69.5280304330186,71.3061285867178,17.11860800986,75.6268481368665,1133.4245064698,4842.89865769139,0,0,1008.06223996246,9677.66383216053,0,"green",1
"31","Hanninghof_LMpred_FYM_Hanninghof_",1991,"potato","NPK",74.6761926258562,10.0668812514877,101.818109373092,78.3996645997902,11.9284831637073,120.536606721544,1141.87142386754,4863.32827750783,0,0,995.978418698557,9710.94628616915,0,"green",1
"32","Hanninghof_LMpred_FYM_Hanninghof_",1992,"rye","NPK",91.803909538328,20.478063968711,73.0794927857041,100.38192712126,20.3207808041332,77.817743842714,1141.87142386754,4863.32827750783,0,0,995.978418698557,9710.94628616915,0,"green",1
"33","Hanninghof_LMpred_FYM_Hanninghof_",1993,"oats","NPK",68.5536022841747,16.3450572301589,67.4227709837137,73.0474176261573,17.339012990791,76.4026849869168,1141.87142386754,4863.32827750783,0,0,995.978418698557,9710.94628616915,0,"green",1
"34","Hanninghof_LMpred_FYM_Hanninghof_",1994,"potato","NPK",74.3116580940685,9.72305354588357,97.7994172597408,78.1598917252774,12.0110909099346,120.95370407267,1146.52326065263,4884.05779587499,0,0,1016.02660449464,9741.56896069293,0,"green",1
"35","Hanninghof_LMpred_FYM_Hanninghof_",1995,"rye","NPK",92.0323276542293,20.4456638473235,71.9023662755035,102.610771864692,20.581157893183,78.6331964297679,1146.52326065263,4884.05779587499,0,0,1016.02660449464,9741.56896069293,0,"green",1
"36","Hanninghof_LMpred_FYM_Hanninghof_",1996,"oats","NPK",68.6555862894271,16.0171339422665,65.3175115344088,74.7824830932421,17.5571345052669,77.1551522506569,1146.52326065263,4884.05779587499,0,0,1016.02660449464,9741.56896069293,0,"green",1
"37","Hanninghof_LMpred_FYM_Hanninghof_",1997,"potato","NPK",73.9471235622807,9.3792258402795,93.7807251463904,77.9148034905512,12.0927747304133,121.120872150828,1150.22984340606,4904.73037238331,0,0,1015.31259351117,9774.21449811177,0,"green",1
"38","Hanninghof_LMpred_FYM_Hanninghof_",1998,"rye","NPK",92.2607457701307,20.4132637259359,70.7252397653028,104.83225593122,20.8388134570676,79.4303420242183,1150.22984340606,4904.73037238331,0,0,1015.31259351117,9774.21449811177,0,"green",1
"39","Hanninghof_LMpred_FYM_Hanninghof_",1999,"oats","NPK",68.7575702946794,15.6892106543741,63.212252085104,76.5111814157561,17.7726654115959,77.8851112863204,1150.22984340606,4904.73037238331,0,0,1015.31259351117,9774.21449811177,0,"green",1
"40","Hanninghof_LMpred_FYM_Hanninghof_",2000,"potato","NPK",73.5825890304929,9.03539813467542,89.76203303304,77.6642337317882,12.1731642750497,121.273223253543,1158.12897583921,4925.60270623412,0,0,1003.58123543003,9806.83893107032,0,"green",1
"41","Hanninghof_LMpred_FYM_Hanninghof_",2001,"rye","NPK",92.489163886032,20.3808636045484,69.5481132551022,107.046414364101,21.0934865945116,80.2038529644685,1158.12897583921,4925.60270623412,0,0,1003.58123543003,9806.83893107032,0,"green",1
"42","Hanninghof_LMpred_FYM_Hanninghof_",2002,"oats","NPK",68.8595542999318,15.3612873664817,61.1069926357989,78.2335665378122,17.9853496464211,78.590619883664,1158.12897583921,4925.60270623412,0,0,1003.58123543003,9806.83893107032,0,"green",1
"43","Hanninghof_LMpred_FYM_Hanninghof_",2003,"potato","NPK",73.218054498705,8.69157042907135,85.7433409196893,77.4082457276393,12.2520755920143,121.415968762574,1162.14082232102,4946.67153884666,0,0,1023.15352166119,9836.79454142122,0,"green",1
"44","Hanninghof_LMpred_FYM_Hanninghof_",2004,"rye","NPK",92.7175820019333,20.3484634831608,68.3709867449017,109.253263830617,21.3450779941082,80.9527289823251,1162.14082232102,4946.67153884666,0,0,1023.15352166119,9836.79454142122,0,"green",1
"45","Hanninghof_LMpred_FYM_Hanninghof_",2005,"oats","NPK",68.9615383051841,15.0333640785893,59.001733186494,79.9496375513469,18.1951964434374,79.2709348927669,1162.14082232102,4946.67153884666,0,0,1023.15352166119,9836.79454142122,0,"green",1
"46","Hanninghof_LMpred_FYM_Hanninghof_",2006,"potato","NPK",72.8535199669173,8.34774272346724,81.7246488063389,77.1468950228401,12.3293799020833,121.547272293267,1165.30229693327,4967.58393987861,0,0,1021.89797679001,9868.62161098575,0,"green",1
"47","Hanninghof_LMpred_FYM_Hanninghof_",2007,"rye","NPK",92.9460001178346,20.3160633617733,67.193860234701,111.452779882807,21.5935779788103,81.6777234600733,1165.30229693327,4967.58393987861,0,0,1021.89797679001,9868.62161098575,0,"green",1
"48","Hanninghof_LMpred_FYM_Hanninghof_",2008,"oats","NPK",69.0635223104365,14.705440790697,56.8964737371891,81.65931633053,18.4022135268064,79.9270633913388,1165.30229693327,4967.58393987861,0,0,1021.89797679001,9868.62161098575,0,"green",1
"49","Hanninghof_LMpred_FYM_Hanninghof_",1961,"potato","NPK",73.2371204189985,10.3802574196413,134.254536629766,63.2757163137298,10.1936233083802,108.243649393564,1172.93787179788,4988.62853305163,0,0,1010.69444077063,9900.46689677417,0,"green",1
"50","Hanninghof_LMpred_FYM_Hanninghof_",1962,"rye","NPK",84.4353108545791,17.6771642946993,77.1002640108798,48.500327030625,13.246603146555,45.5003453234968,1172.93787179788,4988.62853305163,0,0,1010.69444077063,9900.46689677417,0,"green",1
"51","Hanninghof_LMpred_FYM_Hanninghof_",1963,"oats","NPK",62.4493447069158,16.4993892211956,80.7248715999331,49.5175162870423,14.1148087625865,62.798155061601,1172.93787179788,4988.62853305163,0,0,1010.69444077063,9900.46689677417,0,"green",1
"52","Hanninghof_LMpred_FYM_Hanninghof_",1964,"potato","NPK",72.8725858872107,10.0364297140372,130.235844516415,63.1129171458325,10.4289166795727,110.347848568454,1176.53976450446,5009.81330909327,0,0,1029.86753052335,9929.6785766779,0,"green",1
"53","Hanninghof_LMpred_FYM_Hanninghof_",1965,"rye","NPK",84.6637289704804,17.6447641733118,75.9231375006794,49.6432659010422,13.5875348191968,46.6432849467786,1176.53976450446,5009.81330909327,0,0,1029.86753052335,9929.6785766779,0,"green",1
"54","Hanninghof_LMpred_FYM_Hanninghof_",1966,"oats","NPK",62.5513287121681,16.1714659333033,78.6196121506282,51.3704081924188,14.5307918730181,64.6465503936301,1176.53976450446,5009.81330909327,0,0,1029.86753052335,9929.6785766779,0,"green",1
"55","Hanninghof_LMpred_FYM_Hanninghof_",1967,"potato","NPK",72.508051355423,9.69260200843311,126.217152403065,62.8889059805009,10.5956684823946,111.167040769727,1179.35575847386,5030.78164599979,0,0,1028.17845334938,9960.64523611851,0,"green",1
"56","Hanninghof_LMpred_FYM_Hanninghof_",1968,"rye","NPK",84.8921470863818,17.6123640519243,74.7460109904786,50.7862021728156,13.9092330331624,47.7862049949196,1179.35575847386,5030.78164599979,0,0,1028.17845334938,9960.64523611851,0,"green",1
"57","Hanninghof_LMpred_FYM_Hanninghof_",1969,"oats","NPK",62.6533127174204,15.8435426454109,76.5143527013231,53.2139052879997,14.8929353790202,66.2236687921333,1179.35575847386,5030.78164599979,0,0,1028.17845334938,9960.64523611851,0,"green",1
"58","Hanninghof_LMpred_FYM_Hanninghof_",1970,"potato","NPK",72.1435168236352,9.348774302829,122.198460289715,62.6314817135497,10.7234627858114,111.60136725529,1186.32088132292,5051.80365340915,0,0,1011.62971142734,9990.62510073806,0,"green",1
"59","Hanninghof_LMpred_FYM_Hanninghof_",1971,"rye","NPK",85.1205652022831,17.5799639305367,73.5688844802781,51.9291396681443,14.2186448477564,48.9291396801451,1186.32088132292,5051.80365340915,0,0,1011.62971142734,9990.62510073806,0,"green",1
"60","Hanninghof_LMpred_FYM_Hanninghof_",1972,"oats","NPK",62.7552967226728,15.5156193575185,74.4090932520182,55.0483980843704,15.2208407382476,67.6684735646335,1186.32088132292,5051.80365340915,0,0,1011.62971142734,9990.62510073806,0,"green",1
"61","Hanninghof_LMpred_FYM_Hanninghof_",1973,"potato","NPK",71.7789822918474,9.00494659722493,118.179768176364,62.3542187486856,10.8285337160376,111.906925122581,1185.84604847141,5072.60349413161,0,0,1013.11708419948,10014.026877769,0,"green",1
"62","Hanninghof_LMpred_FYM_Hanninghof_",1974,"rye","NPK",85.3489833181844,17.5475638091492,72.3917579700775,53.0720830558816,14.5193209056448,50.0721034179287,1185.84604847141,5072.60349413161,0,0,1013.11708419948,10014.026877769,0,"green",1
"63","Hanninghof_LMpred_FYM_Hanninghof_",1975,"oats","NPK",62.8572807279251,15.1876960696261,72.3038338027134,56.874141873461,15.5261243558072,69.0284753066608,1185.84604847141,5072.60349413161,0,0,1013.11708419948,10014.026877769,0,"green",1
"64","Hanninghof_LMpred_FYM_Hanninghof_",1976,"potato","NPK",71.4144477600596,8.66111889162085,114.161076063013,62.0641190237341,10.9198319623645,112.158250230948,1188.68696277052,5092.90665687534,0,0,1015.9386427267,10037.40203253,0,"green",1
"65","Hanninghof_LMpred_FYM_Hanninghof_",1977,"rye","NPK",85.5774014340858,17.5151636877616,71.2146314598769,54.2150686001478,14.8133312517847,51.2152303435524,1188.68696277052,5092.90665687534,0,0,1015.9386427267,10037.40203253,0,"green",1
"66","Hanninghof_LMpred_FYM_Hanninghof_",1978,"oats","NPK",62.9592647331775,14.8597727817337,70.1985743534085,58.6915639983263,15.8156691240788,70.3224177333539,1188.68696277052,5092.90665687534,0,0,1015.9386427267,10037.40203253,0,"green",1
"67","Hanninghof_LMpred_FYM_Hanninghof_",1979,"potato","NPK",76.1343307530073,11.442192073904,117.892877826493,79.3275996043129,11.6128697415806,119.368877302503,1196.18084682495,5113.32795708086,0,0,1005.29808698946,10061.8161957058,0,"green",1
"68","Hanninghof_LMpred_FYM_Hanninghof_",1980,"rye","NPK",90.8902370747226,20.6076644542612,77.7879988265063,91.3993167989711,19.2749921290529,74.7108501968942,1196.18084682495,5113.32795708086,0,0,1005.29808698946,10061.8161957058,0,"green",1
"69","Hanninghof_LMpred_FYM_Hanninghof_",1981,"oats","NPK",68.1456662631654,17.6567503817285,75.8438087809334,66.047437810182,16.4559229571479,73.4032867117649,1196.18084682495,5113.32795708086,0,0,1005.29808698946,10061.8161957058,0,"green",1
"70","Hanninghof_LMpred_FYM_Hanninghof_",1982,"potato","NPK",75.7697962212196,11.0983643682999,113.874185713143,79.0953138659054,11.6848157400508,119.026392561471,1195.97072959713,5133.60564150024,0,0,1010.0507921046,10081.3442370403,0,"green",1
"71","Hanninghof_LMpred_FYM_Hanninghof_",1983,"rye","NPK",91.118655190624,20.5752643328737,76.6108723163058,93.6540677391228,19.5324328084358,75.319253550314,1195.97072959713,5133.60564150024,0,0,1010.0507921046,10081.3442370403,0,"green",1
"72","Hanninghof_LMpred_FYM_Hanninghof_",1984,"oats","NPK",68.2476502684177,17.3288270938361,73.7385493316285,67.8056514766859,16.6749025929764,74.0478596572133,1195.97072959713,5133.60564150024,0,0,1010.0507921046,10081.3442370403,0,"green",1
"73","Hanninghof_LMpred_FYM_Hanninghof_",1985,"potato","NPK",75.4052616894318,10.7545366626958,109.855493599792,78.8657366887506,11.763678906304,119.383840054261,1199.05950849857,5153.44196000583,0,0,1015.06835287765,10101.8788166101,0,"green",1
"74","Hanninghof_LMpred_FYM_Hanninghof_",1986,"rye","NPK",91.3470733065253,20.5428642114862,75.433745806105,95.9032310683206,19.7947890751877,76.1332275480986,1199.05950849857,5153.44196000583,0,0,1015.06835287765,10101.8788166101,0,"green",1
"75","Hanninghof_LMpred_FYM_Hanninghof_",1987,"oats","NPK",68.34963427367,17.0009038059437,71.6332898823237,69.5587434936506,16.8967359093235,74.8303724190841,1199.05950849857,5153.44196000583,0,0,1015.06835287765,10101.8788166101,0,"green",1
"76","Hanninghof_LMpred_FYM_Hanninghof_",1988,"potato","NPK",75.040727157644,10.4107089570917,105.836801486442,78.6345638227462,11.8456053379232,119.936810665102,1206.88287615065,5173.45491344744,0,0,1006.1614581975,10124.201871236,0,"green",1
"77","Hanninghof_LMpred_FYM_Hanninghof_",1989,"rye","NPK",91.5754914224266,20.5104640900986,74.2566192959045,98.1460293522223,20.0582868955567,76.982433982711,1206.88287615065,5173.45491344744,0,0,1006.1614581975,10124.201871236,0,"green",1
"78","Hanninghof_LMpred_FYM_Hanninghof_",1990,"oats","NPK",68.4516182789224,16.6729805180513,69.5280304330186,71.3061285867178,17.11860800986,75.6268481368665,1206.88287615065,5173.45491344744,0,0,1006.1614581975,10124.201871236,0,"green",1
"79","Hanninghof_LMpred_FYM_Hanninghof_",1991,"potato","NPK",74.6761926258562,10.0668812514877,101.818109373092,78.3996645997902,11.9284831637073,120.536606721544,1206.77389326613,5193.36910725678,0,0,1011.71069026138,10142.119411624,0,"green",1
"80","Hanninghof_LMpred_FYM_Hanninghof_",1992,"rye","NPK",91.803909538328,20.478063968711,73.0794927857041,100.38192712126,20.3207808041332,77.817743842714,1206.77389326613,5193.36910725678,0,0,1011.71069026138,10142.119411624,0,"green",1
"81","Hanninghof_LMpred_FYM_Hanninghof_",1993,"oats","NPK",68.5536022841747,16.3450572301589,67.4227709837137,73.0474176261573,17.339012990791,76.4026849869168,1206.77389326613,5193.36910725678,0,0,1011.71069026138,10142.119411624,0,"green",1
"82","Hanninghof_LMpred_FYM_Hanninghof_",1994,"potato","NPK",74.3116580940685,9.72305354588357,97.7994172597408,78.1598917252774,12.0110909099346,120.95370407267,1209.97620557532,5212.87005903826,0,0,1017.2786449904,10161.3210844759,0,"green",1
"83","Hanninghof_LMpred_FYM_Hanninghof_",1995,"rye","NPK",92.0323276542293,20.4456638473235,71.9023662755035,102.610771864692,20.581157893183,78.6331964297679,1209.97620557532,5212.87005903826,0,0,1017.2786449904,10161.3210844759,0,"green",1
"84","Hanninghof_LMpred_FYM_Hanninghof_",1996,"oats","NPK",68.6555862894271,16.0171339422665,65.3175115344088,74.7824830932421,17.5571345052669,77.1551522506569,1209.97620557532,5212.87005903826,0,0,1017.2786449904,10161.3210844759,0,"green",1
"85","Hanninghof_LMpred_FYM_Hanninghof_",1997,"potato","NPK",73.9471235622807,9.3792258402795,93.7807251463904,77.9148034905512,12.0927747304133,121.120872150828,1218.01713384621,5232.58352542946,0,0,1008.92332963387,10182.5395891673,0,"green",1
"86","Hanninghof_LMpred_FYM_Hanninghof_",1998,"rye","NPK",92.2607457701307,20.4132637259359,70.7252397653028,104.83225593122,20.8388134570676,79.4303420242183,1218.01713384621,5232.58352542946,0,0,1008.92332963387,10182.5395891673,0,"green",1
"87","Hanninghof_LMpred_FYM_Hanninghof_",1999,"oats","NPK",68.7575702946794,15.6892106543741,63.212252085104,76.5111814157561,17.7726654115959,77.8851112863204,1218.01713384621,5232.58352542946,0,0,1008.92332963387,10182.5395891673,0,"green",1
"88","Hanninghof_LMpred_FYM_Hanninghof_",2000,"potato","NPK",73.5825890304929,9.03539813467542,89.76203303304,77.6642337317882,12.1731642750497,121.273223253543,1217.91765536544,5252.22471701467,0,0,1014.58385681043,10199.496628008,0,"green",1
"89","Hanninghof_LMpred_FYM_Hanninghof_",2001,"rye","NPK",92.489163886032,20.3808636045484,69.5481132551022,107.046414364101,21.0934865945116,80.2038529644685,1217.91765536544,5252.22471701467,0,0,1014.58385681043,10199.496628008,0,"green",1
"90","Hanninghof_LMpred_FYM_Hanninghof_",2002,"oats","NPK",68.8595542999318,15.3612873664817,61.1069926357989,78.2335665378122,17.9853496464211,78.590619883664,1217.91765536544,5252.22471701467,0,0,1014.58385681043,10199.496628008,0,"green",1
"91","Hanninghof_LMpred_FYM_Hanninghof_",2003,"potato","NPK",73.218054498705,8.69157042907135,85.7433409196893,77.4082457276393,12.2520755920143,121.415968762574,1221.15860463805,5271.4651597322,0,0,1020.25005135985,10217.8035853217,0,"green",1
"92","Hanninghof_LMpred_FYM_Hanninghof_",2004,"rye","NPK",92.7175820019333,20.3484634831608,68.3709867449017,109.253263830617,21.3450779941082,80.9527289823251,1221.15860463805,5271.4651597322,0,0,1020.25005135985,10217.8035853217,0,"green",1
"93","Hanninghof_LMpred_FYM_Hanninghof_",2005,"oats","NPK",68.9615383051841,15.0333640785893,59.001733186494,79.9496375513469,18.1951964434374,79.2709348927669,1221.15860463805,5271.4651597322,0,0,1020.25005135985,10217.8035853217,0,"green",1
"94","Hanninghof_LMpred_FYM_Hanninghof_",2006,"potato","NPK",72.8535199669173,8.34774272346724,81.7246488063389,77.1468950228401,12.3293799020833,121.547272293267,1229.35395515924,5290.9413260473,0,0,1012.10720254297,10238.2098274171,0,"green",1
"95","Hanninghof_LMpred_FYM_Hanninghof_",2007,"rye","NPK",92.9460001178346,20.3160633617733,67.193860234701,111.452779882807,21.5935779788103,81.6777234600733,1229.35395515924,5290.9413260473,0,0,1012.10720254297,10238.2098274171,0,"green",1
"96","Hanninghof_LMpred_FYM_Hanninghof_",2008,"oats","NPK",69.0635223104365,14.705440790697,56.8964737371891,81.65931633053,18.4022135268064,79.9270633913388,1229.35395515924,5290.9413260473,0,0,1012.10720254297,10238.2098274171,0,"green",1
"97","Hanninghof_LMpred_FYM_Hanninghof_",1961,"potato","NPK",73.2371204189985,10.3802574196413,134.254536629766,63.2757163137298,10.1936233083802,108.243649393564,1229.21348165333,5310.36101874908,0,0,1017.69714742667,10254.4021386907,0,"green",1
"98","Hanninghof_LMpred_FYM_Hanninghof_",1962,"rye","NPK",84.4353108545791,17.6771642946993,77.1002640108798,48.500327030625,13.246603146555,45.5003453234968,1229.21348165333,5310.36101874908,0,0,1017.69714742667,10254.4021386907,0,"green",1
"99","Hanninghof_LMpred_FYM_Hanninghof_",1963,"oats","NPK",62.4493447069158,16.4993892211956,80.7248715999331,49.5175162870423,14.1148087625865,62.798155061601,1229.21348165333,5310.36101874908,0,0,1017.69714742667,10254.4021386907,0,"green",1
"100","Hanninghof_LMpred_FYM_Hanninghof_",1964,"potato","NPK",72.8725858872107,10.0364297140372,130.235844516415,63.1129171458325,10.4289166795727,110.347848568454,1232.451585419,5329.38390199261,0,0,1023.34291419465,10271.9536869358,0,"green",1
"101","Hanninghof_LMpred_FYM_Hanninghof_",1965,"rye","NPK",84.6637289704804,17.6447641733118,75.9231375006794,49.6432659010422,13.5875348191968,46.6432849467786,1232.451585419,5329.38390199261,0,0,1023.34291419465,10271.9536869358,0,"green",1
"102","Hanninghof_LMpred_FYM_Hanninghof_",1966,"oats","NPK",62.5513287121681,16.1714659333033,78.6196121506282,51.3704081924188,14.5307918730181,64.6465503936301,1232.451585419,5329.38390199261,0,0,1023.34291419465,10271.9536869358,0,"green",1
"103","Hanninghof_LMpred_FYM_Hanninghof_",1967,"potato","NPK",72.508051355423,9.69260200843311,126.217152403065,62.8889059805009,10.5956684823946,111.167040769727,1240.76562620134,5348.65877030034,0,0,1015.47583466964,10291.6670623881,0,"green",1
"104","Hanninghof_LMpred_FYM_Hanninghof_",1968,"rye","NPK",84.8921470863818,17.6123640519243,74.7460109904786,50.7862021728156,13.9092330331624,47.7862049949196,1240.76562620134,5348.65877030034,0,0,1015.47583466964,10291.6670623881,0,"green",1
"105","Hanninghof_LMpred_FYM_Hanninghof_",1969,"oats","NPK",62.6533127174204,15.8435426454109,76.5143527013231,53.2139052879997,14.8929353790202,66.2236687921333,1240.76562620134,5348.65877030034,0,0,1015.47583466964,10291.6670623881,0,"green",1
"106","Hanninghof_LMpred_FYM_Hanninghof_",1970,"potato","NPK",72.1435168236352,9.348774302829,122.198460289715,62.6314817135497,10.7234627858114,111.60136725529,1240.5562574543,5367.8869811542,0,0,1020.89791204147,10307.2117885865,0,"green",1
"107","Hanninghof_LMpred_FYM_Hanninghof_",1971,"rye","NPK",85.1205652022831,17.5799639305367,73.5688844802781,51.9291396681443,14.2186448477564,48.9291396801451,1240.5562574543,5367.8869811542,0,0,1020.89791204147,10307.2117885865,0,"green",1
"108","Hanninghof_LMpred_FYM_Hanninghof_",1972,"oats","NPK",62.7552967226728,15.5156193575185,74.4090932520182,55.0483980843704,15.2208407382476,67.6684735646335,1240.5562574543,5367.8869811542,0,0,1020.89791204147,10307.2117885865,0,"green",1
"109","Hanninghof_LMpred_FYM_Hanninghof_",1973,"potato","NPK",71.7789822918474,9.00494659722493,118.179768176364,62.3542187486856,10.8285337160376,111.906925122581,1243.76832908107,5386.71777502216,0,0,1026.45840140837,10324.096146969,0,"green",1
"110","Hanninghof_LMpred_FYM_Hanninghof_",1974,"rye","NPK",85.3489833181844,17.5475638091492,72.3917579700775,53.0720830558816,14.5193209056448,50.0721034179287,1243.76832908107,5386.71777502216,0,0,1026.45840140837,10324.096146969,0,"green",1
"111","Hanninghof_LMpred_FYM_Hanninghof_",1975,"oats","NPK",62.8572807279251,15.1876960696261,72.3038338027134,56.874141873461,15.5261243558072,69.0284753066608,1243.76832908107,5386.71777502216,0,0,1026.45840140837,10324.096146969,0,"green",1
"112","Hanninghof_LMpred_FYM_Hanninghof_",1976,"potato","NPK",71.4144477600596,8.66111889162085,114.161076063013,62.0641190237341,10.9198319623645,112.158250230948,1252.18083806409,5405.81249130873,0,0,1019.00751723643,10343.2261589901,0,"green",1
"113","Hanninghof_LMpred_FYM_Hanninghof_",1977,"rye","NPK",85.5774014340858,17.5151636877616,71.2146314598769,54.2150686001478,14.8133312517847,51.2152303435524,1252.18083806409,5405.81249130873,0,0,1019.00751723643,10343.2261589901,0,"green",1
"114","Hanninghof_LMpred_FYM_Hanninghof_",1978,"oats","NPK",62.9592647331775,14.8597727817337,70.1985743534085,58.6915639983263,15.8156691240788,70.3224177333539,1252.18083806409,5405.81249130873,0,0,1019.00751723643,10343.2261589901,0,"green",1
"115","Hanninghof_LMpred_FYM_Hanninghof_",1979,"potato","NPK",76.1343307530073,11.442192073904,117.892877826493,79.3275996043129,11.6128697415806,119.368877302503,1251.88746772704,5424.86704818871,0,0,1024.17811069166,10358.2252235106,0,"green",1
"116","Hanninghof_LMpred_FYM_Hanninghof_",1980,"rye","NPK",90.8902370747226,20.6076644542612,77.7879988265063,91.3993167989711,19.2749921290529,74.7108501968942,1251.88746772704,5424.86704818871,0,0,1024.17811069166,10358.2252235106,0,"green",1
"117","Hanninghof_LMpred_FYM_Hanninghof_",1981,"oats","NPK",68.1456662631654,17.6567503817285,75.8438087809334,66.047437810182,16.4559229571479,73.4032867117649,1251.88746772704,5424.86704818871,0,0,1024.17811069166,10358.2252235106,0,"green",1
"118","Hanninghof_LMpred_FYM_Hanninghof_",1982,"potato","NPK",75.7697962212196,11.0983643682999,113.874185713143,79.0953138659054,11.6848157400508,119.026392561471,1255.06105169398,5443.52079881017,0,0,1029.60121318689,10374.5170097291,0,"green",1
"119","Hanninghof_LMpred_FYM_Hanninghof_",1983,"rye","NPK",91.118655190624,20.5752643328737,76.6108723163058,93.6540677391228,19.5324328084358,75.319253550314,1255.06105169398,5443.52079881017,0,0,1029.60121318689,10374.5170097291,0,"green",1
"120","Hanninghof_LMpred_FYM_Hanninghof_",1984,"oats","NPK",68.2476502684177,17.3288270938361,73.7385493316285,67.8056514766859,16.6749025929764,74.0478596572133,1255.06105169398,5443.52079881017,0,0,1029.60121318689,10374.5170097291,0,"green",1
"121","Hanninghof_LMpred_FYM_Hanninghof_",1985,"potato","NPK",75.4052616894318,10.7545366626958,109.855493599792,78.8657366887506,11.763678906304,119.383840054261,1263.56044510928,5462.44824111982,0,0,1022.52369489075,10393.1213047717,0,"green",1
"122","Hanninghof_LMpred_FYM_Hanninghof_",1986,"rye","NPK",91.3470733065253,20.5428642114862,75.433745806105,95.9032310683206,19.7947890751877,76.1332275480986,1263.56044510928,5462.44824111982,0,0,1022.52369489075,10393.1213047717,0,"green",1
"123","Hanninghof_LMpred_FYM_Hanninghof_",1987,"oats","NPK",68.34963427367,17.0009038059437,71.6332898823237,69.5587434936506,16.8967359093235,74.8303724190841,1263.56044510928,5462.44824111982,0,0,1022.52369489075,10393.1213047717,0,"green",1
"124","Hanninghof_LMpred_FYM_Hanninghof_",1988,"potato","NPK",75.040727157644,10.4107089570917,105.836801486442,78.6345638227462,11.8456053379232,119.936810665102,1263.17502349975,5481.34017613484,0,0,1027.42108148331,10407.6200652146,0,"green",1
"125","Hanninghof_LMpred_FYM_Hanninghof_",1989,"rye","NPK",91.5754914224266,20.5104640900986,74.2566192959045,98.1460293522223,20.0582868955567,76.982433982711,1263.17502349975,5481.34017613484,0,0,1027.42108148331,10407.6200652146,0,"green",1
"126","Hanninghof_LMpred_FYM_Hanninghof_",1990,"oats","NPK",68.4516182789224,16.6729805180513,69.5280304330186,71.3061285867178,17.11860800986,75.6268481368665,1263.17502349975,5481.34017613484,0,0,1027.42108148331,10407.6200652146,0,"green",1
"127","Hanninghof_LMpred_FYM_Hanninghof_",1991,"potato","NPK",74.6761926258562,10.0668812514877,101.818109373092,78.3996645997902,11.9284831637073,120.536606721544,1266.30330126962,5499.82654871855,0,0,1032.69216890491,10423.3583579094,0,"green",1
"128","Hanninghof_LMpred_FYM_Hanninghof_",1992,"rye","NPK",91.803909538328,20.478063968711,73.0794927857041,100.38192712126,20.3207808041332,77.817743842714,1266.30330126962,5499.82654871855,0,0,1032.69216890491,10423.3583579094,0,"green",1
"129","Hanninghof_LMpred_FYM_Hanninghof_",1993,"oats","NPK",68.5536022841747,16.3450572301589,67.4227709837137,73.0474176261573,17.339012990791,76.4026849869168,1266.30330126962,5499.82654871855,0,0,1032.69216890491,10423.3583579094,0,"green",1
"130","Hanninghof_LMpred_FYM_Hanninghof_",1994,"potato","NPK",74.3116580940685,9.72305354588357,97.7994172597408,78.1598917252774,12.0110909099346,120.95370407267,1274.88277605233,5518.59499834382,0,0,1025.96657766439,10441.4679803873,0,"green",1
"131","Hanninghof_LMpred_FYM_Hanninghof_",1995,"rye","NPK",92.0323276542293,20.4456638473235,71.9023662755035,102.610771864692,20.581157893183,78.6331964297679,1274.88277605233,5518.59499834382,0,0,1025.96657766439,10441.4679803873,0,"green",1
"132","Hanninghof_LMpred_FYM_Hanninghof_",1996,"oats","NPK",68.6555862894271,16.0171339422665,65.3175115344088,74.7824830932421,17.5571345052669,77.1551522506569,1274.88277605233,5518.59499834382,0,0,1025.96657766439,10441.4679803873,0,"green",1
"133","Hanninghof_LMpred_FYM_Hanninghof_",1997,"potato","NPK",73.9471235622807,9.3792258402795,93.7807251463904,77.9148034905512,12.0927747304133,121.120872150828,1274.4012245436,5537.33147185844,0,0,1030.58951360324,10455.4923154661,0,"green",1
"134","Hanninghof_LMpred_FYM_Hanninghof_",1998,"rye","NPK",92.2607457701307,20.4132637259359,70.7252397653028,104.83225593122,20.8388134570676,79.4303420242183,1274.4012245436,5537.33147185844,0,0,1030.58951360324,10455.4923154661,0,"green",1
"135","Hanninghof_LMpred_FYM_Hanninghof_",1999,"oats","NPK",68.7575702946794,15.6892106543741,63.212252085104,76.5111814157561,17.7726654115959,77.8851112863204,1274.4012245436,5537.33147185844,0,0,1030.58951360324,10455.4923154661,0,"green",1
"136","Hanninghof_LMpred_FYM_Hanninghof_",2000,"potato","NPK",73.5825890304929,9.03539813467542,89.76203303304,77.6642337317882,12.1731642750497,121.273223253543,1277.48076778814,5555.65673217047,0,0,1035.70957161275,10470.7013225638,0,"green",1
"137","Hanninghof_LMpred_FYM_Hanninghof_",2001,"rye","NPK",92.489163886032,20.3808636045484,69.5481132551022,107.046414364101,21.0934865945116,80.2038529644685,1277.48076778814,5555.65673217047,0,0,1035.70957161275,10470.7013225638,0,"green",1
"138","Hanninghof_LMpred_FYM_Hanninghof_",2002,"oats","NPK",68.8595542999318,15.3612873664817,61.1069926357989,78.2335665378122,17.9853496464211,78.590619883664,1277.48076778814,5555.65673217047,0,0,1035.70957161275,10470.7013225638,0,"green",1
"139","Hanninghof_LMpred_FYM_Hanninghof_",2003,"potato","NPK",73.218054498705,8.69157042907135,85.7433409196893,77.4082457276393,12.2520755920143,121.415968762574,1286.1364570555,5574.27166300102,0,0,1029.32646659513,10488.3371552882,0,"green",1
"140","Hanninghof_LMpred_FYM_Hanninghof_",2004,"rye","NPK",92.7175820019333,20.3484634831608,68.3709867449017,109.253263830617,21.3450779941082,80.9527289823251,1286.1364570555,5574.27166300102,0,0,1029.32646659513,10488.3371552882,0,"green",1
"141","Hanninghof_LMpred_FYM_Hanninghof_",2005,"oats","NPK",68.9615383051841,15.0333640785893,59.001733186494,79.9496375513469,18.1951964434374,79.2709348927669,1286.1364570555,5574.27166300102,0,0,1029.32646659513,10488.3371552882,0,"green",1
"142","Hanninghof_LMpred_FYM_Hanninghof_",2006,"potato","NPK",72.8535199669173,8.34774272346724,81.7246488063389,77.1468950228401,12.3293799020833,121.547272293267,1285.55685713905,5592.85768493866,0,0,1033.67775994477,10501.9081384785,0,"green",1
"143","Hanninghof_LMpred_FYM_Hanninghof_",2007,"rye","NPK",92.9460001178346,20.3160633617733,67.193860234701,111.452779882807,21.5935779788103,81.6777234600733,1285.55685713905,5592.85768493866,0,0,1033.67775994477,10501.9081384785,0,"green",1
"144","Hanninghof_LMpred_FYM_Hanninghof_",2008,"oats","NPK",69.0635223104365,14.705440790697,56.8964737371891,81.65931633053,18.4022135268064,79.9270633913388,1285.55685713905,5592.85768493866,0,0,1033.67775994477,10501.9081384785,0,"green",1
"145","Hanninghof_LMpred_FYM_Hanninghof_",1961,"potato","PK",30.2056593789986,6.40616962337807,83.4620803981867,30.2056594051385,7.35079548021023,65.0141475577336,1069.48313053144,4686.63841623004,0,0,1014.21792958939,9470.10893637278,0,"blue",1
"146","Hanninghof_LMpred_FYM_Hanninghof_",1962,"rye","PK",31.2843872793411,7.37763081671309,34.7252602170704,31.2843851349801,8.28531599895534,28.2843874272883,1069.48313053144,4686.63841623004,0,0,1014.21792958939,9470.10893637278,0,"blue",1
"147","Hanninghof_LMpred_FYM_Hanninghof_",1963,"oats","PK",22.908143489857,8.72163641731329,40.7098145993449,22.9081436871858,7.56325738846094,28.8622162378604,1069.48313053144,4686.63841623004,0,0,1014.21792958939,9470.10893637278,0,"blue",1
"148","Hanninghof_LMpred_FYM_Hanninghof_",1964,"potato","PK",29.8411248472108,6.062341917774,79.4433882848363,29.8411318803891,7.31519818412459,64.1026623820105,1085.17894924524,4703.19180203603,0,0,1034.08951138044,9518.02320702399,0,"blue",1
"149","Hanninghof_LMpred_FYM_Hanninghof_",1965,"rye","PK",31.5128053952424,7.34523069532554,33.5481337068699,31.5127944828943,8.35384065628981,28.5128060400016,1085.17894924524,4703.19180203603,0,0,1034.08951138044,9518.02320702399,0,"blue",1
"150","Hanninghof_LMpred_FYM_Hanninghof_",1966,"oats","PK",23.0101274951093,8.3937131294209,38.60455515004,23.0101292609686,7.60405089799162,29.0152005755837,1085.17894924524,4703.19180203603,0,0,1034.08951138044,9518.02320702399,0,"blue",1
"151","Hanninghof_LMpred_FYM_Hanninghof_",1967,"potato","PK",29.4765903154231,5.71851421216992,75.4246961714859,29.4765903431341,7.24431233296002,63.1914753671096,1098.33329513666,4721.35214014566,0,0,1055.41009719102,9568.01823378611,0,"blue",1
"152","Hanninghof_LMpred_FYM_Hanninghof_",1968,"rye","PK",31.7412235111438,7.31283057393801,32.3710071966692,31.7412210753522,8.42236683386711,28.7412236316594,1098.33329513666,4721.35214014566,0,0,1055.41009719102,9568.01823378611,0,"blue",1
"153","Hanninghof_LMpred_FYM_Hanninghof_",1969,"oats","PK",23.1121115003617,8.06578984152851,36.4992957007349,23.1121121554476,7.64484454617382,29.1681708658067,1098.33329513666,4721.35214014566,0,0,1055.41009719102,9568.01823378611,0,"blue",1
"154","Hanninghof_LMpred_FYM_Hanninghof_",1970,"potato","PK",29.1120557836353,5.37468650656582,71.4060040581355,29.1120558091649,7.1511348491569,62.2801391616182,1110.88536230133,4740.83681559253,0,0,1071.54148021131,9622.62463452796,0,"blue",1
"155","Hanninghof_LMpred_FYM_Hanninghof_",1971,"rye","PK",31.9696416270451,7.28043045255046,31.1938806864686,31.9696410736062,8.4908924372129,28.9696416492613,1110.88536230133,4740.83681559253,0,0,1071.54148021131,9622.62463452796,0,"blue",1
"156","Hanninghof_LMpred_FYM_Hanninghof_",1972,"oats","PK",23.214095505614,7.73786655363613,34.3940362514301,23.2140977509664,7.68563794403159,29.3211562627469,1110.88536230133,4740.83681559253,0,0,1071.54148021131,9622.62463452796,0,"blue",1
"157","Hanninghof_LMpred_FYM_Hanninghof_",1973,"potato","PK",28.7475212518475,5.03085880096174,67.3873119447848,28.7475230727919,7.04930674745022,61.3687861519222,1122.51891313483,4761.48806657491,0,0,1080.05445489846,9682.80899745881,0,"blue",1
"158","Hanninghof_LMpred_FYM_Hanninghof_",1974,"rye","PK",32.1980597429464,7.24803033116291,30.0167541762681,32.1980189989901,8.55941410176036,29.1980610093071,1122.51891313483,4761.48806657491,0,0,1080.05445489846,9682.80899745881,0,"blue",1
"159","Hanninghof_LMpred_FYM_Hanninghof_",1975,"oats","PK",23.3160795108664,7.40994326574374,32.2887768021252,23.3160796041261,7.72643179001205,29.4741198364972,1122.51891313483,4761.48806657491,0,0,1080.05445489846,9682.80899745881,0,"blue",1
"160","Hanninghof_LMpred_FYM_Hanninghof_",1976,"potato","PK",28.3829867200597,4.68703109535767,63.3686198314344,28.3829867512055,6.94723629456772,60.4574665608391,1132.20251901565,4783.05062003779,0,0,1092.63545933966,9741.3151869776,0,"blue",1
"161","Hanninghof_LMpred_FYM_Hanninghof_",1977,"rye","PK",32.4264778588477,7.21563020977533,28.8396276660674,32.4264664763622,8.62794227010036,29.4264781123194,1132.20251901565,4783.05062003779,0,0,1092.63545933966,9741.3151869776,0,"blue",1
"162","Hanninghof_LMpred_FYM_Hanninghof_",1978,"oats","PK",23.4180635161187,7.08201997785135,30.1835173528203,23.4180668626099,7.76722554823986,29.6271100046088,1132.20251901565,4783.05062003779,0,0,1092.63545933966,9741.3151869776,0,"blue",1
"163","Hanninghof_LMpred_FYM_Hanninghof_",1979,"potato","PK",33.1028697130074,7.4681042776408,67.1004215949142,33.1028727267235,8.19235177805113,72.2571498953574,1141.8949011028,4805.35418705265,0,0,1102.82444523216,9801.71100050951,0,"blue",1
"164","Hanninghof_LMpred_FYM_Hanninghof_",1980,"rye","PK",37.7393134994846,10.308130976275,35.4129950326969,37.7392239782072,10.2217903257762,34.7393396397775,1141.8949011028,4805.35418705265,0,0,1102.82444523216,9801.71100050951,0,"blue",1
"165","Hanninghof_LMpred_FYM_Hanninghof_",1981,"oats","PK",28.6044650461066,9.87899757784614,35.8287517803452,28.6044650892251,9.84178600039031,37.4066979231229,1141.8949011028,4805.35418705265,0,0,1102.82444523216,9801.71100050951,0,"blue",1
"166","Hanninghof_LMpred_FYM_Hanninghof_",1982,"potato","PK",32.7383351812196,7.12427657203672,63.0817294815637,32.7383496402198,8.12227289130444,71.3457373693896,1151.25498017733,4828.34979564517,0,0,1108.15463802751,9865.98933234706,0,"blue",1
"167","Hanninghof_LMpred_FYM_Hanninghof_",1983,"rye","PK",37.967731615386,10.2757308548875,34.2358685224963,37.9677241830794,10.2903191573965,34.9677336954421,1151.25498017733,4828.34979564517,0,0,1108.15463802751,9865.98933234706,0,"blue",1
"168","Hanninghof_LMpred_FYM_Hanninghof_",1984,"oats","PK",28.7064490513589,9.55107428995375,33.7234923310403,28.7064497041393,9.88257929188474,37.5596794287444,1151.25498017733,4828.34979564517,0,0,1108.15463802751,9865.98933234706,0,"blue",1
"169","Hanninghof_LMpred_FYM_Hanninghof_",1985,"potato","PK",32.3738006494319,6.78044886643265,59.0630373682131,32.3738218595531,8.04430825000106,70.4343732548194,1158.92245624905,4851.85995273957,0,0,1117.60924166762,9927.39350507528,0,"blue",1
"170","Hanninghof_LMpred_FYM_Hanninghof_",1986,"rye","PK",38.1961497312873,10.2433307334999,33.0587420122956,38.1961239282696,10.3588437224578,35.1961566481562,1158.92245624905,4851.85995273957,0,0,1117.60924166762,9927.39350507528,0,"blue",1
"171","Hanninghof_LMpred_FYM_Hanninghof_",1987,"oats","PK",28.8084330566113,9.22315100206136,31.6182328817355,28.8084364811402,9.9233711144544,37.7126836185789,1158.92245624905,4851.85995273957,0,0,1117.60924166762,9927.39350507528,0,"blue",1
"172","Hanninghof_LMpred_FYM_Hanninghof_",1988,"potato","PK",32.0092661176441,6.43662116082854,55.0443452548629,32.0092694287957,7.9572001521523,69.5231476947224,1166.96336619965,4875.7741982428,0,0,1125.70837823696,9989.72619764013,0,"blue",1
"173","Hanninghof_LMpred_FYM_Hanninghof_",1989,"rye","PK",38.4245678471886,10.2109306121123,31.881615502095,38.4244285818696,10.427363573918,35.4246035786545,1166.96336619965,4875.7741982428,0,0,1125.70837823696,9989.72619764013,0,"blue",1
"174","Hanninghof_LMpred_FYM_Hanninghof_",1990,"oats","PK",28.9104170618636,8.89522771416897,29.5129734324304,28.9104185829942,9.96416565406709,37.8656426973041,1166.96336619965,4875.7741982428,0,0,1125.70837823696,9989.72619764013,0,"blue",1
"175","Hanninghof_LMpred_FYM_Hanninghof_",1991,"potato","PK",31.6447315858563,6.09279345522447,51.0256531415125,31.6447321757799,7.86030755151902,68.6118261901206,1175.07481487038,4900.11161472292,0,0,1130.50519199005,10055.4492447254,0,"blue",1
"176","Hanninghof_LMpred_FYM_Hanninghof_",1992,"rye","PK",38.6529859630899,10.1785304907248,30.7044889918946,38.652973313724,10.4958951447708,35.6529890669916,1175.07481487038,4900.11161472292,0,0,1130.50519199005,10055.4492447254,0,"blue",1
"177","Hanninghof_LMpred_FYM_Hanninghof_",1993,"oats","PK",29.012401067116,8.56730442627658,27.4077139831255,29.0124022321656,10.0049592727048,38.0186168496084,1175.07481487038,4900.11161472292,0,0,1130.50519199005,10055.4492447254,0,"blue",1
"178","Hanninghof_LMpred_FYM_Hanninghof_",1994,"potato","PK",31.2801970540686,5.74896574962039,47.0069610281618,31.2801978191536,7.75845545757109,67.7004894323398,1181.55718836564,4924.73834879044,0,0,1138.64823465665,10117.9365604096,0,"blue",1
"179","Hanninghof_LMpred_FYM_Hanninghof_",1995,"rye","PK",38.8814040789913,10.1461303693372,29.5273624816941,38.8814040712854,10.5644212232947,35.881404080833,1181.55718836564,4924.73834879044,0,0,1138.64823465665,10117.9365604096,0,"blue",1
"180","Hanninghof_LMpred_FYM_Hanninghof_",1996,"oats","PK",29.1143850723683,8.23938113838419,25.3024545338206,29.1143865653683,10.0457520485084,38.1716013283755,1181.55718836564,4924.73834879044,0,0,1138.64823465665,10117.9365604096,0,"blue",1
"181","Hanninghof_LMpred_FYM_Hanninghof_",1997,"potato","PK",30.9156625222808,5.40513804401632,42.9882689148114,30.9156625302595,7.65638550913899,66.7891562757244,1188.63723394915,4949.5726652629,0,0,1145.90500472726,10180.9586340762,0,"blue",1
"182","Hanninghof_LMpred_FYM_Hanninghof_",1998,"rye","PK",39.1098221948926,10.1137302479497,28.3502359714933,39.1098033982502,10.6329456203634,36.1098264026926,1188.63723394915,4949.5726652629,0,0,1145.90500472726,10180.9586340762,0,"blue",1
"183","Hanninghof_LMpred_FYM_Hanninghof_",1999,"oats","PK",29.2163690776207,7.91145785049177,23.1971950845158,29.2163699868064,10.0865459061791,38.3245723847419,1188.63723394915,4949.5726652629,0,0,1145.90500472726,10180.9586340762,0,"blue",1
"184","Hanninghof_LMpred_FYM_Hanninghof_",2000,"potato","PK",30.551127990493,5.06131033841224,38.969576801461,30.5511478287875,7.55432294254157,65.8777532859138,1196.0816380415,4974.6789544231,0,0,1151.02275341201,10247.2720992395,0,"blue",1
"185","Hanninghof_LMpred_FYM_Hanninghof_",2001,"rye","PK",39.3382403107939,10.0813301265621,27.1731094612928,39.338237502855,10.7014719323553,36.3382409103518,1196.0816380415,4974.6789544231,0,0,1151.02275341201,10247.2720992395,0,"blue",1
"186","Hanninghof_LMpred_FYM_Hanninghof_",2002,"oats","PK",29.318353082873,7.58353456259938,21.0919356352107,29.3183549747901,10.1273354040186,38.4775873446701,1196.0816380415,4974.6789544231,0,0,1151.02275341201,10247.2720992395,0,"blue",1
"187","Hanninghof_LMpred_FYM_Hanninghof_",2003,"potato","PK",30.1865934587051,4.71748263280817,34.9508846881103,30.1866044602863,7.45225005972249,64.9664503375292,1201.8546514099,4999.94652695293,0,0,1158.4438692664,10310.2529223758,0,"blue",1
"188","Hanninghof_LMpred_FYM_Hanninghof_",2004,"rye","PK",39.5666584266953,10.0489300051746,25.9959829510922,39.5666442183893,10.7699966851962,36.5666613167862,1201.8546514099,4999.94652695293,0,0,1158.4438692664,10310.2529223758,0,"blue",1
"189","Hanninghof_LMpred_FYM_Hanninghof_",2005,"oats","PK",29.4203370881253,7.25561127470699,18.9866761859058,29.4203370963468,10.1681347775139,38.6305061530657,1201.8546514099,4999.94652695293,0,0,1158.4438692664,10310.2529223758,0,"blue",1
"190","Hanninghof_LMpred_FYM_Hanninghof_",2006,"potato","PK",29.8220589269174,4.37365492720406,30.9321925747599,29.8220814756137,7.35018438658332,64.0550856831398,1208.36891251928,5025.30583405354,0,0,1165.26191542823,10373.5607563775,0,"blue",1
"191","Hanninghof_LMpred_FYM_Hanninghof_",2007,"rye","PK",39.7950765425966,10.0165298837871,24.8188564408916,39.7950593534175,10.8385219092921,36.7950798697517,1208.36891251928,5025.30583405354,0,0,1165.26191542823,10373.5607563775,0,"blue",1
"192","Hanninghof_LMpred_FYM_Hanninghof_",2008,"oats","PK",29.5223210933777,6.92768798681461,16.8814167366009,29.5222572945685,10.2089063754856,38.7833978275527,1208.36891251928,5025.30583405354,0,0,1165.26191542823,10373.5607563775,0,"blue",1
"193","Hanninghof_LMpred_FYM_Hanninghof_",1961,"potato","PK",30.2056593789986,6.40616962337807,83.4620803981867,30.2056594051385,7.35079548021023,65.0141475577336,1215.47468196162,5050.85282831664,0,0,1170.97700059059,10440.1882046543,0,"blue",1
"194","Hanninghof_LMpred_FYM_Hanninghof_",1962,"rye","PK",31.2843872793411,7.37763081671309,34.7252602170704,31.2843851349801,8.28531599895534,28.2843874272883,1215.47468196162,5050.85282831664,0,0,1170.97700059059,10440.1882046543,0,"blue",1
"195","Hanninghof_LMpred_FYM_Hanninghof_",1963,"oats","PK",22.908143489857,8.72163641731329,40.7098145993449,22.9081436871858,7.56325738846094,28.8622162378604,1215.47468196162,5050.85282831664,0,0,1170.97700059059,10440.1882046543,0,"blue",1
"196","Hanninghof_LMpred_FYM_Hanninghof_",1964,"potato","PK",29.8411248472108,6.062341917774,79.4433882848363,29.8411318803891,7.31519818412459,64.1026623820105,1220.8111111305,5076.48845687767,0,0,1177.86738677219,10503.4713403604,0,"blue",1
"197","Hanninghof_LMpred_FYM_Hanninghof_",1965,"rye","PK",31.5128053952424,7.34523069532554,33.5481337068699,31.5127944828943,8.35384065628981,28.5128060400016,1220.8111111305,5076.48845687767,0,0,1177.86738677219,10503.4713403604,0,"blue",1
"198","Hanninghof_LMpred_FYM_Hanninghof_",1966,"oats","PK",23.0101274951093,8.3937131294209,38.60455515004,23.0101292609686,7.60405089799162,29.0152005755837,1220.8111111305,5076.48845687767,0,0,1177.86738677219,10503.4713403604,0,"blue",1
"199","Hanninghof_LMpred_FYM_Hanninghof_",1967,"potato","PK",29.4765903154231,5.71851421216992,75.4246961714859,29.4765903431341,7.24431233296002,63.1914753671096,1226.9863112448,5102.14603121513,0,0,1184.37861527655,10566.9330018514,0,"blue",1
"200","Hanninghof_LMpred_FYM_Hanninghof_",1968,"rye","PK",31.7412235111438,7.31283057393801,32.3710071966692,31.7412210753522,8.42236683386711,28.7412236316594,1226.9863112448,5102.14603121513,0,0,1184.37861527655,10566.9330018514,0,"blue",1
"201","Hanninghof_LMpred_FYM_Hanninghof_",1969,"oats","PK",23.1121115003617,8.06578984152851,36.4992957007349,23.1121121554476,7.64484454617382,29.1681708658067,1226.9863112448,5102.14603121513,0,0,1184.37861527655,10566.9330018514,0,"blue",1
"202","Hanninghof_LMpred_FYM_Hanninghof_",1970,"potato","PK",29.1120557836353,5.37468650656582,71.4060040581355,29.1120558091649,7.1511348491569,62.2801391616182,1232.6905756416,5127.84941504028,0,0,1179.99533352378,10631.8591337088,0,"blue",1
"203","Hanninghof_LMpred_FYM_Hanninghof_",1971,"rye","PK",31.9696416270451,7.28043045255046,31.1938806864686,31.9696410736062,8.4908924372129,28.9696416492613,1232.6905756416,5127.84941504028,0,0,1179.99533352378,10631.8591337088,0,"blue",1
"204","Hanninghof_LMpred_FYM_Hanninghof_",1972,"oats","PK",23.214095505614,7.73786655363613,34.3940362514301,23.2140977509664,7.68563794403159,29.3211562627469,1232.6905756416,5127.84941504028,0,0,1179.99533352378,10631.8591337088,0,"blue",1
"205","Hanninghof_LMpred_FYM_Hanninghof_",1973,"potato","PK",28.7475212518475,5.03085880096174,67.3873119447848,28.7475230727919,7.04930674745022,61.3687861519222,1236.50128553099,5153.41691482511,0,0,1185.12949555845,10691.5856320344,0,"blue",1
"206","Hanninghof_LMpred_FYM_Hanninghof_",1974,"rye","PK",32.1980597429464,7.24803033116291,30.0167541762681,32.1980189989901,8.55941410176036,29.1980610093071,1236.50128553099,5153.41691482511,0,0,1185.12949555845,10691.5856320344,0,"blue",1
"207","Hanninghof_LMpred_FYM_Hanninghof_",1975,"oats","PK",23.3160795108664,7.40994326574374,32.2887768021252,23.3160796041261,7.72643179001205,29.4741198364972,1236.50128553099,5153.41691482511,0,0,1185.12949555845,10691.5856320344,0,"blue",1
"208","Hanninghof_LMpred_FYM_Hanninghof_",1976,"potato","PK",28.3829867200597,4.68703109535767,63.3686198314344,28.3829867512055,6.94723629456772,60.4574665608391,1240.914138431,5178.76227592471,0,0,1188.19518048607,10750.7132491837,0,"blue",1
"209","Hanninghof_LMpred_FYM_Hanninghof_",1977,"rye","PK",32.4264778588477,7.21563020977533,28.8396276660674,32.4264664763622,8.62794227010036,29.4264781123194,1240.914138431,5178.76227592471,0,0,1188.19518048607,10750.7132491837,0,"blue",1
"210","Hanninghof_LMpred_FYM_Hanninghof_",1978,"oats","PK",23.4180635161187,7.08201997785135,30.1835173528203,23.4180668626099,7.76722554823986,29.6271100046088,1240.914138431,5178.76227592471,0,0,1188.19518048607,10750.7132491837,0,"blue",1
"211","Hanninghof_LMpred_FYM_Hanninghof_",1979,"potato","PK",33.1028697130074,7.4681042776408,67.1004215949142,33.1028727267235,8.19235177805113,72.2571498953574,1247.08262583404,5204.07151563036,0,0,1188.60581440352,10811.7568778968,0,"blue",1
"212","Hanninghof_LMpred_FYM_Hanninghof_",1980,"rye","PK",37.7393134994846,10.308130976275,35.4129950326969,37.7392239782072,10.2217903257762,34.7393396397775,1247.08262583404,5204.07151563036,0,0,1188.60581440352,10811.7568778968,0,"blue",1
"213","Hanninghof_LMpred_FYM_Hanninghof_",1981,"oats","PK",28.6044650461066,9.87899757784614,35.8287517803452,28.6044650892251,9.84178600039031,37.4066979231229,1247.08262583404,5204.07151563036,0,0,1188.60581440352,10811.7568778968,0,"blue",1
"214","Hanninghof_LMpred_FYM_Hanninghof_",1982,"potato","PK",32.7383351812196,7.12427657203672,63.0817294815637,32.7383496402198,8.12227289130444,71.3457373693896,1251.1522105643,5229.3116117427,0,0,1196.0865576972,10868.9084009077,0,"blue",1
"215","Hanninghof_LMpred_FYM_Hanninghof_",1983,"rye","PK",37.967731615386,10.2757308548875,34.2358685224963,37.9677241830794,10.2903191573965,34.9677336954421,1251.1522105643,5229.3116117427,0,0,1196.0865576972,10868.9084009077,0,"blue",1
"216","Hanninghof_LMpred_FYM_Hanninghof_",1984,"oats","PK",28.7064490513589,9.55107428995375,33.7234923310403,28.7064497041393,9.88257929188474,37.5596794287444,1251.1522105643,5229.3116117427,0,0,1196.0865576972,10868.9084009077,0,"blue",1
"217","Hanninghof_LMpred_FYM_Hanninghof_",1985,"potato","PK",32.3738006494319,6.78044886643265,59.0630373682131,32.3738218595531,8.04430825000106,70.4343732548194,1255.80358417132,5254.3776588438,0,0,1200.82039728797,10926.2148818882,0,"blue",1
"218","Hanninghof_LMpred_FYM_Hanninghof_",1986,"rye","PK",38.1961497312873,10.2433307334999,33.0587420122956,38.1961239282696,10.3588437224578,35.1961566481562,1255.80358417132,5254.3776588438,0,0,1200.82039728797,10926.2148818882,0,"blue",1
"219","Hanninghof_LMpred_FYM_Hanninghof_",1987,"oats","PK",28.8084330566113,9.22315100206136,31.6182328817355,28.8084364811402,9.9233711144544,37.7126836185789,1255.80358417132,5254.3776588438,0,0,1200.82039728797,10926.2148818882,0,"blue",1
"220","Hanninghof_LMpred_FYM_Hanninghof_",1988,"potato","PK",32.0092661176441,6.43662116082854,55.0443452548629,32.0092694287957,7.9572001521523,69.5231476947224,1262.27930889118,5279.45762587394,0,0,1203.27523747455,10986.1256684468,0,"blue",1
"221","Hanninghof_LMpred_FYM_Hanninghof_",1989,"rye","PK",38.4245678471886,10.2109306121123,31.881615502095,38.4244285818696,10.427363573918,35.4246035786545,1262.27930889118,5279.45762587394,0,0,1203.27523747455,10986.1256684468,0,"blue",1
"222","Hanninghof_LMpred_FYM_Hanninghof_",1990,"oats","PK",28.9104170618636,8.89522771416897,29.5129734324304,28.9104185829942,9.96416565406709,37.8656426973041,1262.27930889118,5279.45762587394,0,0,1203.27523747455,10986.1256684468,0,"blue",1
"223","Hanninghof_LMpred_FYM_Hanninghof_",1991,"potato","PK",31.6447315858563,6.09279345522447,51.0256531415125,31.6447321757799,7.86030755151902,68.6118261901206,1266.47056802706,5304.5075230156,0,0,1211.21879624191,11042.5859530313,0,"blue",1
"224","Hanninghof_LMpred_FYM_Hanninghof_",1992,"rye","PK",38.6529859630899,10.1785304907248,30.7044889918946,38.652973313724,10.4958951447708,35.6529890669916,1266.47056802706,5304.5075230156,0,0,1211.21879624191,11042.5859530313,0,"blue",1
"225","Hanninghof_LMpred_FYM_Hanninghof_",1993,"oats","PK",29.012401067116,8.56730442627658,27.4077139831255,29.0124022321656,10.0049592727048,38.0186168496084,1266.47056802706,5304.5075230156,0,0,1211.21879624191,11042.5859530313,0,"blue",1
"226","Hanninghof_LMpred_FYM_Hanninghof_",1994,"potato","PK",31.2801970540686,5.74896574962039,47.0069610281618,31.2801978191536,7.75845545757109,67.7004894323398,1271.24682162356,5329.40789830464,0,0,1216.32827303545,11099.3637926191,0,"blue",1
"227","Hanninghof_LMpred_FYM_Hanninghof_",1995,"rye","PK",38.8814040789913,10.1461303693372,29.5273624816941,38.8814040712854,10.5644212232947,35.881404080833,1271.24682162356,5329.40789830464,0,0,1216.32827303545,11099.3637926191,0,"blue",1
"228","Hanninghof_LMpred_FYM_Hanninghof_",1996,"oats","PK",29.1143850723683,8.23938113838419,25.3024545338206,29.1143865653683,10.0457520485084,38.1716013283755,1271.24682162356,5329.40789830464,0,0,1216.32827303545,11099.3637926191,0,"blue",1
"229","Hanninghof_LMpred_FYM_Hanninghof_",1997,"potato","PK",30.9156625222808,5.40513804401632,42.9882689148114,30.9156625302595,7.65638550913899,66.7891562757244,1277.94363496206,5354.353884814,0,0,1219.93875565542,11159.0301623044,0,"blue",1
"230","Hanninghof_LMpred_FYM_Hanninghof_",1998,"rye","PK",39.1098221948926,10.1137302479497,28.3502359714933,39.1098033982502,10.6329456203634,36.1098264026926,1277.94363496206,5354.353884814,0,0,1219.93875565542,11159.0301623044,0,"blue",1
"231","Hanninghof_LMpred_FYM_Hanninghof_",1999,"oats","PK",29.2163690776207,7.91145785049177,23.1971950845158,29.2163699868064,10.0865459061791,38.3245723847419,1277.94363496206,5354.353884814,0,0,1219.93875565542,11159.0301623044,0,"blue",1
"232","Hanninghof_LMpred_FYM_Hanninghof_",2000,"potato","PK",30.551127990493,5.06131033841224,38.969576801461,30.5511478287875,7.55432294254157,65.8777532859138,1282.17690038404,5379.29325581809,0,0,1227.73584072281,11215.4084736584,0,"blue",1
"233","Hanninghof_LMpred_FYM_Hanninghof_",2001,"rye","PK",39.3382403107939,10.0813301265621,27.1731094612928,39.338237502855,10.7014719323553,36.3382409103518,1282.17690038404,5379.29325581809,0,0,1227.73584072281,11215.4084736584,0,"blue",1
"234","Hanninghof_LMpred_FYM_Hanninghof_",2002,"oats","PK",29.318353082873,7.58353456259938,21.0919356352107,29.3183549747901,10.1273354040186,38.4775873446701,1282.17690038404,5379.29325581809,0,0,1227.73584072281,11215.4084736584,0,"blue",1
"235","Hanninghof_LMpred_FYM_Hanninghof_",2003,"potato","PK",30.1865934587051,4.71748263280817,34.9508846881103,30.1866044602863,7.45225005972249,64.9664503375292,1287.01159922512,5404.09439132295,0,0,1232.80168804156,11272.0769836423,0,"blue",1
"236","Hanninghof_LMpred_FYM_Hanninghof_",2004,"rye","PK",39.5666584266953,10.0489300051746,25.9959829510922,39.5666442183893,10.7699966851962,36.5666613167862,1287.01159922512,5404.09439132295,0,0,1232.80168804156,11272.0769836423,0,"blue",1
"237","Hanninghof_LMpred_FYM_Hanninghof_",2005,"oats","PK",29.4203370881253,7.25561127470699,18.9866761859058,29.4203370963468,10.1681347775139,38.6305061530657,1287.01159922512,5404.09439132295,0,0,1232.80168804156,11272.0769836423,0,"blue",1
"238","Hanninghof_LMpred_FYM_Hanninghof_",2006,"potato","PK",29.8220589269174,4.37365492720406,30.9321925747599,29.8220814756137,7.35018438658332,64.0550856831398,1293.8835217145,5428.96216128204,0,0,1237.28013091417,11331.7867145796,0,"blue",1
"239","Hanninghof_LMpred_FYM_Hanninghof_",2007,"rye","PK",39.7950765425966,10.0165298837871,24.8188564408916,39.7950593534175,10.8385219092921,36.7950798697517,1293.8835217145,5428.96216128204,0,0,1237.28013091417,11331.7867145796,0,"blue",1
"240","Hanninghof_LMpred_FYM_Hanninghof_",2008,"oats","PK",29.5223210933777,6.92768798681461,16.8814167366009,29.5222572945685,10.2089063754856,38.7833978275527,1293.8835217145,5428.96216128204,0,0,1237.28013091417,11331.7867145796,0,"blue",1
"241","Hanninghof_LMpred_FYM_Hanninghof_",1961,"potato","PK",30.2056593789986,6.40616962337807,83.4620803981867,30.2056594051385,7.35079548021023,65.0141475577336,1298.11167204422,5453.83811580755,0,0,1244.73239594368,11388.2814604831,0,"blue",1
"242","Hanninghof_LMpred_FYM_Hanninghof_",1962,"rye","PK",31.2843872793411,7.37763081671309,34.7252602170704,31.2843851349801,8.28531599895534,28.2843874272883,1298.11167204422,5453.83811580755,0,0,1244.73239594368,11388.2814604831,0,"blue",1
"243","Hanninghof_LMpred_FYM_Hanninghof_",1963,"oats","PK",22.908143489857,8.72163641731329,40.7098145993449,22.9081436871858,7.56325738846094,28.8622162378604,1298.11167204422,5453.83811580755,0,0,1244.73239594368,11388.2814604831,0,"blue",1
"244","Hanninghof_LMpred_FYM_Hanninghof_",1964,"potato","PK",29.8411248472108,6.062341917774,79.4433882848363,29.8411318803891,7.31519818412459,64.1026623820105,1302.96589873927,5478.57892983981,0,0,1249.61982820894,11444.9754113682,0,"blue",1
"245","Hanninghof_LMpred_FYM_Hanninghof_",1965,"rye","PK",31.5128053952424,7.34523069532554,33.5481337068699,31.5127944828943,8.35384065628981,28.5128060400016,1302.96589873927,5478.57892983981,0,0,1249.61982820894,11444.9754113682,0,"blue",1
"246","Hanninghof_LMpred_FYM_Hanninghof_",1966,"oats","PK",23.0101274951093,8.3937131294209,38.60455515004,23.0101292609686,7.60405089799162,29.0152005755837,1302.96589873927,5478.57892983981,0,0,1249.61982820894,11444.9754113682,0,"blue",1
"247","Hanninghof_LMpred_FYM_Hanninghof_",1967,"potato","PK",29.4765903154231,5.71851421216992,75.4246961714859,29.4765903431341,7.24431233296002,63.1914753671096,1309.98515073317,5503.40122238833,0,0,1254.87363435991,11504.8211157849,0,"blue",1
"248","Hanninghof_LMpred_FYM_Hanninghof_",1968,"rye","PK",31.7412235111438,7.31283057393801,32.3710071966692,31.7412210753522,8.42236683386711,28.7412236316594,1309.98515073317,5503.40122238833,0,0,1254.87363435991,11504.8211157849,0,"blue",1
"249","Hanninghof_LMpred_FYM_Hanninghof_",1969,"oats","PK",23.1121115003617,8.06578984152851,36.4992957007349,23.1121121554476,7.64484454617382,29.1681708658067,1309.98515073317,5503.40122238833,0,0,1254.87363435991,11504.8211157849,0,"blue",1
"250","Hanninghof_LMpred_FYM_Hanninghof_",1970,"potato","PK",29.1120557836353,5.37468650656582,71.4060040581355,29.1120558091649,7.1511348491569,62.2801391616182,1314.18049500491,5528.2414568933,0,0,1261.91606929405,11561.49727677,0,"blue",1
"251","Hanninghof_LMpred_FYM_Hanninghof_",1971,"rye","PK",31.9696416270451,7.28043045255046,31.1938806864686,31.9696410736062,8.4908924372129,28.9696416492613,1314.18049500491,5528.2414568933,0,0,1261.91606929405,11561.49727677,0,"blue",1
"252","Hanninghof_LMpred_FYM_Hanninghof_",1972,"oats","PK",23.214095505614,7.73786655363613,34.3940362514301,23.2140977509664,7.68563794403159,29.3211562627469,1314.18049500491,5528.2414568933,0,0,1261.91606929405,11561.49727677,0,"blue",1
"253","Hanninghof_LMpred_FYM_Hanninghof_",1973,"potato","PK",28.7475212518475,5.03085880096174,67.3873119447848,28.7475230727919,7.04930674745022,61.3687861519222,1319.03124095047,5552.94495889923,0,0,1266.58044922193,11618.2612955137,0,"blue",1
"254","Hanninghof_LMpred_FYM_Hanninghof_",1974,"rye","PK",32.1980597429464,7.24803033116291,30.0167541762681,32.1980189989901,8.55941410176036,29.1980610093071,1319.03124095047,5552.94495889923,0,0,1266.58044922193,11618.2612955137,0,"blue",1
"255","Hanninghof_LMpred_FYM_Hanninghof_",1975,"oats","PK",23.3160795108664,7.40994326574374,32.2887768021252,23.3160796041261,7.72643179001205,29.4741198364972,1319.03124095047,5552.94495889923,0,0,1266.58044922193,11618.2612955137,0,"blue",1
"256","Hanninghof_LMpred_FYM_Hanninghof_",1976,"potato","PK",28.3829867200597,4.68703109535767,63.3686198314344,28.3829867512055,6.94723629456772,60.4574665608391,1326.1790811873,5577.74073315325,0,0,1272.58048697056,11678.2721014893,0,"blue",1
"257","Hanninghof_LMpred_FYM_Hanninghof_",1977,"rye","PK",32.4264778588477,7.21563020977533,28.8396276660674,32.4264664763622,8.62794227010036,29.4264781123194,1326.1790811873,5577.74073315325,0,0,1272.58048697056,11678.2721014893,0,"blue",1
"258","Hanninghof_LMpred_FYM_Hanninghof_",1978,"oats","PK",23.4180635161187,7.08201997785135,30.1835173528203,23.4180668626099,7.76722554823986,29.6271100046088,1326.1790811873,5577.74073315325,0,0,1272.58048697056,11678.2721014893,0,"blue",1
"259","Hanninghof_LMpred_FYM_Hanninghof_",1979,"potato","PK",33.1028697130074,7.4681042776408,67.1004215949142,33.1028727267235,8.19235177805113,72.2571498953574,1330.32589608805,5602.56097263214,0,0,1279.1930305898,11735.1497314674,0,"blue",1
"260","Hanninghof_LMpred_FYM_Hanninghof_",1980,"rye","PK",37.7393134994846,10.308130976275,35.4129950326969,37.7392239782072,10.2217903257762,34.7393396397775,1330.32589608805,5602.56097263214,0,0,1279.1930305898,11735.1497314674,0,"blue",1
"261","Hanninghof_LMpred_FYM_Hanninghof_",1981,"oats","PK",28.6044650461066,9.87899757784614,35.8287517803452,28.6044650892251,9.84178600039031,37.4066979231229,1330.32589608805,5602.56097263214,0,0,1279.1930305898,11735.1497314674,0,"blue",1
"262","Hanninghof_LMpred_FYM_Hanninghof_",1982,"potato","PK",32.7383351812196,7.12427657203672,63.0817294815637,32.7383496402198,8.12227289130444,71.3457373693896,1335.15998448964,5627.24033832438,0,0,1283.61986565627,11791.9983240162,0,"blue",1
"263","Hanninghof_LMpred_FYM_Hanninghof_",1983,"rye","PK",37.967731615386,10.2757308548875,34.2358685224963,37.9677241830794,10.2903191573965,34.9677336954421,1335.15998448964,5627.24033832438,0,0,1283.61986565627,11791.9983240162,0,"blue",1
"264","Hanninghof_LMpred_FYM_Hanninghof_",1984,"oats","PK",28.7064490513589,9.55107428995375,33.7234923310403,28.7064497041393,9.88257929188474,37.5596794287444,1335.15998448964,5627.24033832438,0,0,1283.61986565627,11791.9983240162,0,"blue",1
"265","Hanninghof_LMpred_FYM_Hanninghof_",1985,"potato","PK",32.3738006494319,6.78044886643265,59.0630373682131,32.3738218595531,8.04430825000106,70.4343732548194,1342.42530740195,5652.02069246952,0,0,1290.35473248569,11852.1857039009,0,"blue",1
"266","Hanninghof_LMpred_FYM_Hanninghof_",1986,"rye","PK",38.1961497312873,10.2433307334999,33.0587420122956,38.1961239282696,10.3588437224578,35.1961566481562,1342.42530740195,5652.02069246952,0,0,1290.35473248569,11852.1857039009,0,"blue",1
"267","Hanninghof_LMpred_FYM_Hanninghof_",1987,"oats","PK",28.8084330566113,9.22315100206136,31.6182328817355,28.8084364811402,9.9233711144544,37.7126836185789,1342.42530740195,5652.02069246952,0,0,1290.35473248569,11852.1857039009,0,"blue",1
"268","Hanninghof_LMpred_FYM_Hanninghof_",1988,"potato","PK",32.0092661176441,6.43662116082854,55.0443452548629,32.0092694287957,7.9572001521523,69.5231476947224,1346.51452054543,5676.83000739368,0,0,1296.53098636652,11909.2712091097,0,"blue",1
"269","Hanninghof_LMpred_FYM_Hanninghof_",1989,"rye","PK",38.4245678471886,10.2109306121123,31.881615502095,38.4244285818696,10.427363573918,35.4246035786545,1346.51452054543,5676.83000739368,0,0,1296.53098636652,11909.2712091097,0,"blue",1
"270","Hanninghof_LMpred_FYM_Hanninghof_",1990,"oats","PK",28.9104170618636,8.89522771416897,29.5129734324304,28.9104185829942,9.96416565406709,37.8656426973041,1346.51452054543,5676.83000739368,0,0,1296.53098636652,11909.2712091097,0,"blue",1
"271","Hanninghof_LMpred_FYM_Hanninghof_",1991,"potato","PK",31.6447315858563,6.09279345522447,51.0256531415125,31.6447321757799,7.86030755151902,68.6118261901206,1351.32431318794,5701.49287934715,0,0,1300.71508254815,11966.2095255834,0,"blue",1
"272","Hanninghof_LMpred_FYM_Hanninghof_",1992,"rye","PK",38.6529859630899,10.1785304907248,30.7044889918946,38.652973313724,10.4958951447708,35.6529890669916,1351.32431318794,5701.49287934715,0,0,1300.71508254815,11966.2095255834,0,"blue",1
"273","Hanninghof_LMpred_FYM_Hanninghof_",1993,"oats","PK",29.012401067116,8.56730442627658,27.4077139831255,29.0124022321656,10.0049592727048,38.0186168496084,1351.32431318794,5701.49287934715,0,0,1300.71508254815,11966.2095255834,0,"blue",1
"274","Hanninghof_LMpred_FYM_Hanninghof_",1994,"potato","PK",31.2801970540686,5.74896574962039,47.0069610281618,31.2801978191536,7.75845545757109,67.7004894323398,1358.70096388777,5726.2639785876,0,0,1308.18267116291,12026.5754866311,0,"blue",1
"275","Hanninghof_LMpred_FYM_Hanninghof_",1995,"rye","PK",38.8814040789913,10.1461303693372,29.5273624816941,38.8814040712854,10.5644212232947,35.881404080833,1358.70096388777,5726.2639785876,0,0,1308.18267116291,12026.5754866311,0,"blue",1
"276","Hanninghof_LMpred_FYM_Hanninghof_",1996,"oats","PK",29.1143850723683,8.23938113838419,25.3024545338206,29.1143865653683,10.0457520485084,38.1716013283755,1358.70096388777,5726.2639785876,0,0,1308.18267116291,12026.5754866311,0,"blue",1
"277","Hanninghof_LMpred_FYM_Hanninghof_",1997,"potato","PK",30.9156625222808,5.40513804401632,42.9882689148114,30.9156625302595,7.65638550913899,66.7891562757244,1362.72737768583,5751.06756810435,0,0,1313.92052995592,12083.8709665213,0,"blue",1
"278","Hanninghof_LMpred_FYM_Hanninghof_",1998,"rye","PK",39.1098221948926,10.1137302479497,28.3502359714933,39.1098033982502,10.6329456203634,36.1098264026926,1362.72737768583,5751.06756810435,0,0,1313.92052995592,12083.8709665213,0,"blue",1
"279","Hanninghof_LMpred_FYM_Hanninghof_",1999,"oats","PK",29.2163690776207,7.91145785049177,23.1971950845158,29.2163699868064,10.0865459061791,38.3245723847419,1362.72737768583,5751.06756810435,0,0,1313.92052995592,12083.8709665213,0,"blue",1
"280","Hanninghof_LMpred_FYM_Hanninghof_",2000,"potato","PK",30.551127990493,5.06131033841224,38.969576801461,30.5511478287875,7.55432294254157,65.8777532859138,1367.50865368376,5775.7181573289,0,0,1317.86130378989,12140.8996865343,0,"blue",1
"281","Hanninghof_LMpred_FYM_Hanninghof_",2001,"rye","PK",39.3382403107939,10.0813301265621,27.1731094612928,39.338237502855,10.7014719323553,36.3382409103518,1367.50865368376,5775.7181573289,0,0,1317.86130378989,12140.8996865343,0,"blue",1
"282","Hanninghof_LMpred_FYM_Hanninghof_",2002,"oats","PK",29.318353082873,7.58353456259938,21.0919356352107,29.3183549747901,10.1273354040186,38.4775873446701,1367.50865368376,5775.7181573289,0,0,1317.86130378989,12140.8996865343,0,"blue",1
"283","Hanninghof_LMpred_FYM_Hanninghof_",2003,"potato","PK",30.1865934587051,4.71748263280817,34.9508846881103,30.1866044602863,7.45225005972249,64.9664503375292,1374.99309990948,5800.48352671659,0,0,1326.06122449306,12201.4446801479,0,"blue",1
"284","Hanninghof_LMpred_FYM_Hanninghof_",2004,"rye","PK",39.5666584266953,10.0489300051746,25.9959829510922,39.5666442183893,10.7699966851962,36.5666613167862,1374.99309990948,5800.48352671659,0,0,1326.06122449306,12201.4446801479,0,"blue",1
"285","Hanninghof_LMpred_FYM_Hanninghof_",2005,"oats","PK",29.4203370881253,7.25561127470699,18.9866761859058,29.4203370963468,10.1681347775139,38.6305061530657,1374.99309990948,5800.48352671659,0,0,1326.06122449306,12201.4446801479,0,"blue",1
"286","Hanninghof_LMpred_FYM_Hanninghof_",2006,"potato","PK",29.8220589269174,4.37365492720406,30.9321925747599,29.8220814756137,7.35018438658332,64.0550856831398,1378.95359224059,5825.28451247619,0,0,1331.35879782742,12258.9520269438,0,"blue",1
"287","Hanninghof_LMpred_FYM_Hanninghof_",2007,"rye","PK",39.7950765425966,10.0165298837871,24.8188564408916,39.7950593534175,10.8385219092921,36.7950798697517,1378.95359224059,5825.28451247619,0,0,1331.35879782742,12258.9520269438,0,"blue",1
"288","Hanninghof_LMpred_FYM_Hanninghof_",2008,"oats","PK",29.5223210933777,6.92768798681461,16.8814167366009,29.5222572945685,10.2089063754856,38.7833978275527,1378.95359224059,5825.28451247619,0,0,1331.35879782742,12258.9520269438,0,"blue",1
"289","Hanninghof_LMpred_FYM_Hanninghof_",1961,"potato","NK",75.9450728474196,9.68902572916756,139.641852490818,62.4106822057058,9.18365770731971,104.187338955902,944.937133670741,4594.87614298609,0,0,950.173041497959,9406.08853046638,0,"orange",1
"290","Hanninghof_LMpred_FYM_Hanninghof_",1962,"rye","NK",81.804409411722,14.2862370646993,74.2715488818323,48.5003275322777,12.6768057473425,45.5003617537022,944.937133670741,4594.87614298609,0,0,950.173041497959,9406.08853046638,0,"orange",1
"291","Hanninghof_LMpred_FYM_Hanninghof_",1963,"oats","NK",61.9181831016217,14.3172189964897,77.4031340481684,49.2753475556573,12.6958918784819,62.8826916453537,944.937133670741,4594.87614298609,0,0,950.173041497959,9406.08853046638,0,"orange",1
"292","Hanninghof_LMpred_FYM_Hanninghof_",1964,"potato","NK",75.5805383156318,9.34519802356348,135.623160377468,62.0441978420851,9.12288109371061,105.474119228929,945.112513028994,4585.51710592052,0,0,953.326208718147,9431.5480242903,0,"orange",1
"293","Hanninghof_LMpred_FYM_Hanninghof_",1965,"rye","NK",82.0328275276234,14.2538369433118,73.0944223716319,49.6432640902826,12.8268089383541,46.6432677136966,945.112513028994,4585.51710592052,0,0,953.326208718147,9431.5480242903,0,"orange",1
"294","Hanninghof_LMpred_FYM_Hanninghof_",1966,"oats","NK",62.020167106874,13.9892957085974,75.2978745988636,51.0104101115301,12.7588226945723,64.7622526934592,945.112513028994,4585.51710592052,0,0,953.326208718147,9431.5480242903,0,"orange",1
"295","Hanninghof_LMpred_FYM_Hanninghof_",1967,"potato","NK",75.216003783844,9.00137031795941,131.604468264117,61.6772382661089,9.06169303511426,105.816055351083,941.735696737435,4576.21711646473,0,0,980.698328879676,9458.27554237506,0,"orange",1
"296","Hanninghof_LMpred_FYM_Hanninghof_",1968,"rye","NK",82.2612456435247,14.2214368219242,71.9172958614311,50.7862055129482,12.960447315081,47.7862363110688,941.735696737435,4576.21711646473,0,0,980.698328879676,9458.27554237506,0,"orange",1
"297","Hanninghof_LMpred_FYM_Hanninghof_",1969,"oats","NK",62.1221511121264,13.661372420705,73.1926151495585,52.7177527329201,12.8056714067922,66.3724081039666,941.735696737435,4576.21711646473,0,0,980.698328879676,9458.27554237506,0,"orange",1
"298","Hanninghof_LMpred_FYM_Hanninghof_",1970,"potato","NK",74.8514692520562,8.6575426123553,127.585776150767,61.3101314864216,9.00038812204237,105.870665377752,938.526855507793,4566.73006581589,0,0,986.252275162448,9489.43890444692,0,"orange",1
"299","Hanninghof_LMpred_FYM_Hanninghof_",1971,"rye","NK",82.489663759426,14.1890367005367,70.7401693512305,51.9291541079833,13.0790491740202,48.9292445656074,938.526855507793,4566.73006581589,0,0,986.252275162448,9489.43890444692,0,"orange",1
"300","Hanninghof_LMpred_FYM_Hanninghof_",1972,"oats","NK",62.2241351173787,13.3334491328126,71.0873557002536,54.3968085165894,12.8384655690251,67.851360737328,938.526855507793,4566.73006581589,0,0,986.252275162448,9489.43890444692,0,"orange",1
"301","Hanninghof_LMpred_FYM_Hanninghof_",1973,"potato","NK",74.4869347202684,8.31371490675123,123.567084037416,60.943073790844,8.93912489957356,105.81916605917,938.791657167754,4557.34238306223,0,0,980.338373121956,9522.6786872585,0,"orange",1
"302","Hanninghof_LMpred_FYM_Hanninghof_",1974,"rye","NK",82.7180818753273,14.1566365791491,69.56304284103,53.0720785604019,13.1838020209448,50.0720834053479,938.791657167754,4557.34238306223,0,0,980.338373121956,9522.6786872585,0,"orange",1
"303","Hanninghof_LMpred_FYM_Hanninghof_",1975,"oats","NK",62.326119122631,13.0055258449202,68.9820962509487,56.0470165759245,12.8588966999515,69.2473755558034,938.791657167754,4557.34238306223,0,0,980.338373121956,9522.6786872585,0,"orange",1
"304","Hanninghof_LMpred_FYM_Hanninghof_",1976,"potato","NK",74.1224001884807,7.96988720114715,119.548391924066,60.5761348517308,8.87801188520021,105.714351017059,935.295308755039,4548.01192253658,0,0,1001.56006668066,9554.4137259861,0,"orange",1
"305","Hanninghof_LMpred_FYM_Hanninghof_",1977,"rye","NK",82.9464999912287,14.1242364577615,68.3859163308294,54.2150162082454,13.2757613624309,51.2150189663481,935.295308755039,4548.01192253658,0,0,1001.56006668066,9554.4137259861,0,"orange",1
"306","Hanninghof_LMpred_FYM_Hanninghof_",1978,"oats","NK",62.4281031278834,12.6776025570278,66.8768368016439,57.6678612162586,12.8683614963866,70.119222060423,935.295308755039,4548.01192253658,0,0,1001.56006668066,9554.4137259861,0,"orange",1
"307","Hanninghof_LMpred_FYM_Hanninghof_",1979,"potato","NK",78.8422831814284,10.7509603834303,123.280193687546,75.6476327078622,9.09295433621517,105.57562142786,932.063431931021,4538.48497666603,0,0,1002.23884419688,9588.57269577641,0,"orange",1
"308","Hanninghof_LMpred_FYM_Hanninghof_",1980,"rye","NK",88.2593356318655,17.2167372242612,74.9592836974588,89.0869248215484,15.5012161083812,73.3603861532099,932.063431931021,4538.48497666603,0,0,1002.23884419688,9588.57269577641,0,"orange",1
"309","Hanninghof_LMpred_FYM_Hanninghof_",1981,"oats","NK",67.6145046578713,15.4745801570226,72.5220712291687,64.2736082804189,13.0381357281737,69.555681798788,932.063431931021,4538.48497666603,0,0,1002.23884419688,9588.57269577641,0,"orange",1
"310","Hanninghof_LMpred_FYM_Hanninghof_",1982,"potato","NK",78.4777486496406,10.4071326778262,119.261501574195,75.2275377239171,9.01292123461505,104.902204415931,932.422388470258,4529.06432709168,0,0,994.226980454598,9623.56850416761,0,"orange",1
"311","Hanninghof_LMpred_FYM_Hanninghof_",1983,"rye","NK",88.4877537477669,17.1843371028737,73.7821571872583,90.9312632000692,15.4507683063862,73.0668516083094,932.422388470258,4529.06432709168,0,0,994.226980454598,9623.56850416761,0,"orange",1
"312","Hanninghof_LMpred_FYM_Hanninghof_",1984,"oats","NK",67.7164886631236,15.1466568691302,70.4168117798639,65.7366558672526,12.9921688177236,69.358235034372,932.422388470258,4529.06432709168,0,0,994.226980454598,9623.56850416761,0,"orange",1
"313","Hanninghof_LMpred_FYM_Hanninghof_",1985,"potato","NK",78.1132141178528,10.0633049722221,115.242809460845,74.8212357954241,8.94012761643093,104.540524256569,928.82527388878,4519.70099435808,0,0,1013.31677660565,9656.29247170549,0,"orange",1
"314","Hanninghof_LMpred_FYM_Hanninghof_",1986,"rye","NK",88.7161718636682,17.1519369814861,72.6050306770575,92.7369687031047,15.4012598979651,72.9400930632226,928.82527388878,4519.70099435808,0,0,1013.31677660565,9656.29247170549,0,"orange",1
"315","Hanninghof_LMpred_FYM_Hanninghof_",1987,"oats","NK",67.818472668376,14.8187335812378,68.311552330559,67.170329292173,12.9463858363221,69.2664506076297,928.82527388878,4519.70099435808,0,0,1013.31677660565,9656.29247170549,0,"orange",1
"316","Hanninghof_LMpred_FYM_Hanninghof_",1988,"potato","NK",77.7486795860651,9.71947726661803,111.224117347494,74.4230279044094,8.87158022679476,104.260460736429,925.586181382117,4510.13441545795,0,0,1012.10491245831,9690.73192774887,0,"orange",1
"317","Hanninghof_LMpred_FYM_Hanninghof_",1989,"rye","NK",88.9445899795695,17.1195368600986,71.427904166857,94.5013191708723,15.3498019389096,72.8566711063715,925.586181382117,4510.13441545795,0,0,1012.10491245831,9690.73192774887,0,"orange",1
"318","Hanninghof_LMpred_FYM_Hanninghof_",1990,"oats","NK",67.9204566736283,14.4908102933454,66.2062928812539,68.5728098758224,12.8987611740417,69.2002616631167,925.586181382117,4510.13441545795,0,0,1012.10491245831,9690.73192774887,0,"orange",1
"319","Hanninghof_LMpred_FYM_Hanninghof_",1991,"potato","NK",77.3841450542773,9.37564956101395,107.205425234144,74.0296420460955,8.80558511196078,103.991080055328,926.03812590551,4500.68208281251,0,0,1004.06606269276,9725.70011213667,0,"orange",1
"320","Hanninghof_LMpred_FYM_Hanninghof_",1992,"rye","NK",89.1730080954709,17.087136738711,70.2507776566565,96.2220260951373,15.2949355276801,72.7787901217759,926.03812590551,4500.68208281251,0,0,1004.06606269276,9725.70011213667,0,"orange",1
"321","Hanninghof_LMpred_FYM_Hanninghof_",1993,"oats","NK",68.0224406788807,14.162887005453,64.101033431949,69.9426595524923,12.8483311302976,69.1343736323302,926.03812590551,4500.68208281251,0,0,1004.06606269276,9725.70011213667,0,"orange",1
"322","Hanninghof_LMpred_FYM_Hanninghof_",1994,"potato","NK",77.0196105224895,9.03182185540988,103.186733120793,73.6392214877362,8.74119360510438,103.708976656289,922.353121177259,4491.28803836675,0,0,1022.21478234423,9758.22214791959,0,"orange",1
"323","Hanninghof_LMpred_FYM_Hanninghof_",1995,"rye","NK",89.4014262113722,17.0547366173235,69.073651146456,97.897348188738,15.2360155031746,72.6939011906552,922.353121177259,4491.28803836675,0,0,1022.21478234423,9758.22214791959,0,"orange",1
"324","Hanninghof_LMpred_FYM_Hanninghof_",1996,"oats","NK",68.124424684133,13.8349637175606,61.9957739826442,71.2787404217551,12.7947137100162,69.0606390083305,922.353121177259,4491.28803836675,0,0,1022.21478234423,9758.22214791959,0,"orange",1
"325","Hanninghof_LMpred_FYM_Hanninghof_",1997,"potato","NK",76.6550759907017,8.6879941498058,99.1680410074429,73.250770334231,8.67788926994964,103.405021192058,919.117053958537,4481.68564001645,0,0,1020.04139668179,9792.14417284471,0,"orange",1
"326","Hanninghof_LMpred_FYM_Hanninghof_",1998,"rye","NK",89.6298443272736,17.0223364959359,67.8965246362552,99.5261837283614,15.172878792963,72.5974148516164,919.117053958537,4481.68564001645,0,0,1020.04139668179,9792.14417284471,0,"orange",1
"327","Hanninghof_LMpred_FYM_Hanninghof_",1999,"oats","NK",68.2264086893854,13.5070404296682,59.8905145333393,72.5800980378304,12.737844190934,68.975810127342,919.117053958537,4481.68564001645,0,0,1020.04139668179,9792.14417284471,0,"orange",1
"328","Hanninghof_LMpred_FYM_Hanninghof_",2000,"potato","NK",76.2905414589139,8.34416644420172,95.1493488940925,72.8637218762367,8.61537960214824,103.075444627892,919.657816913075,4472.20575216234,0,0,1012.59709098182,9826.5693124855,0,"orange",1
"329","Hanninghof_LMpred_FYM_Hanninghof_",2001,"rye","NK",89.8582624431749,16.9899363745484,66.7193981260547,101.107148276843,15.1055643493239,72.4872696171603,919.657816913075,4472.20575216234,0,0,1012.59709098182,9826.5693124855,0,"orange",1
"330","Hanninghof_LMpred_FYM_Hanninghof_",2002,"oats","NK",68.3283926946377,13.1791171417758,57.7852550840342,73.8458966869714,12.6778055117211,68.8783136625237,919.657816913075,4472.20575216234,0,0,1012.59709098182,9826.5693124855,0,"orange",1
"331","Hanninghof_LMpred_FYM_Hanninghof_",2003,"potato","NK",75.9260069271261,8.00033873859765,91.1306567807418,72.4776385307319,8.55347569474033,102.717657545736,915.8943683605,4462.78539869396,0,0,1030.14329241472,9858.55102764725,0,"orange",1
"332","Hanninghof_LMpred_FYM_Hanninghof_",2004,"rye","NK",90.0866805590762,16.9575362531608,65.5422716158542,102.639157645462,15.0342491510175,72.3623768356272,915.8943683605,4462.78539869396,0,0,1030.14329241472,9858.55102764725,0,"orange",1
"333","Hanninghof_LMpred_FYM_Hanninghof_",2005,"oats","NK",68.43037669989,12.8511938538834,55.6799956347294,75.0753560771967,12.6147658959663,68.7671431415897,915.8943683605,4462.78539869396,0,0,1030.14329241472,9858.55102764725,0,"orange",1
"334","Hanninghof_LMpred_FYM_Hanninghof_",2006,"potato","NK",75.5614723953383,7.65651103299354,87.1119646673914,72.0925536759298,8.49213309412554,102.330013140648,912.668218609181,4453.15265174533,0,0,1027.31171002452,9891.73523448164,0,"orange",1
"335","Hanninghof_LMpred_FYM_Hanninghof_",2007,"rye","NK",90.3150986749775,16.9251361317733,64.3651451056535,104.121162285626,14.9591662636755,72.2219534172734,912.668218609181,4453.15265174533,0,0,1027.31171002452,9891.73523448164,0,"orange",1
"336","Hanninghof_LMpred_FYM_Hanninghof_",2008,"oats","NK",68.5323607051424,12.5232705659911,53.5747361854245,76.2677576463066,12.5489512162566,68.6416914317666,912.668218609181,4453.15265174533,0,0,1027.31171002452,9891.73523448164,0,"orange",1
"337","Hanninghof_LMpred_FYM_Hanninghof_",1961,"potato","NK",75.9450728474196,9.68902572916756,139.641852490818,62.4106822057058,9.18365770731971,104.187338955902,913.29228973415,4443.65056873516,0,0,1020.64578239865,9925.48681109045,0,"orange",1
"338","Hanninghof_LMpred_FYM_Hanninghof_",1962,"rye","NK",81.804409411722,14.2862370646993,74.2715488818323,48.5003275322777,12.6768057473425,45.5003617537022,913.29228973415,4443.65056873516,0,0,1020.64578239865,9925.48681109045,0,"orange",1
"339","Hanninghof_LMpred_FYM_Hanninghof_",1963,"oats","NK",61.9181831016217,14.3172189964897,77.4031340481684,49.2753475556573,12.6958918784819,62.8826916453537,913.29228973415,4443.65056873516,0,0,1020.64578239865,9925.48681109045,0,"orange",1
"340","Hanninghof_LMpred_FYM_Hanninghof_",1964,"potato","NK",75.5805383156318,9.34519802356348,135.623160377468,62.0441978420851,9.12288109371061,105.474119228929,909.457825133721,4434.20927197315,0,0,1037.67285944855,9956.8447150742,0,"orange",1
"341","Hanninghof_LMpred_FYM_Hanninghof_",1965,"rye","NK",82.0328275276234,14.2538369433118,73.0944223716319,49.6432640902826,12.8268089383541,46.6432677136966,909.457825133721,4434.20927197315,0,0,1037.67285944855,9956.8447150742,0,"orange",1
"342","Hanninghof_LMpred_FYM_Hanninghof_",1966,"oats","NK",62.020167106874,13.9892957085974,75.2978745988636,51.0104101115301,12.7588226945723,64.7622526934592,909.457825133721,4434.20927197315,0,0,1037.67285944855,9956.8447150742,0,"orange",1
"343","Hanninghof_LMpred_FYM_Hanninghof_",1967,"potato","NK",75.216003783844,9.00137031795941,131.604468264117,61.6772382661089,9.06169303511426,105.816055351083,906.246448335847,4424.55228727465,0,0,1034.68385247611,9989.31449998622,0,"orange",1
"344","Hanninghof_LMpred_FYM_Hanninghof_",1968,"rye","NK",82.2612456435247,14.2214368219242,71.9172958614311,50.7862055129482,12.960447315081,47.7862363110688,906.246448335847,4424.55228727465,0,0,1034.68385247611,9989.31449998622,0,"orange",1
"345","Hanninghof_LMpred_FYM_Hanninghof_",1969,"oats","NK",62.1221511121264,13.661372420705,73.1926151495585,52.7177527329201,12.8056714067922,66.3724081039666,906.246448335847,4424.55228727465,0,0,1034.68385247611,9989.31449998622,0,"orange",1
"346","Hanninghof_LMpred_FYM_Hanninghof_",1970,"potato","NK",74.8514692520562,8.6575426123553,127.585776150767,61.3101314864216,9.00038812204237,105.870665377752,906.691725948014,4415.01405532627,0,0,1028.74107481563,10022.4816562188,0,"orange",1
"347","Hanninghof_LMpred_FYM_Hanninghof_",1971,"rye","NK",82.489663759426,14.1890367005367,70.7401693512305,51.9291541079833,13.0790491740202,48.9292445656074,906.691725948014,4415.01405532627,0,0,1028.74107481563,10022.4816562188,0,"orange",1
"348","Hanninghof_LMpred_FYM_Hanninghof_",1972,"oats","NK",62.2241351173787,13.3334491328126,71.0873557002536,54.3968085165894,12.8384655690251,67.851360737328,906.691725948014,4415.01405532627,0,0,1028.74107481563,10022.4816562188,0,"orange",1
"349","Hanninghof_LMpred_FYM_Hanninghof_",1973,"potato","NK",74.4869347202684,8.31371490675123,123.567084037416,60.943073790844,8.93912489957356,105.81916605917,900.836051131779,4405.36851403412,0,0,1027.37801447505,10050.0843304062,0,"orange",1
"350","Hanninghof_LMpred_FYM_Hanninghof_",1974,"rye","NK",82.7180818753273,14.1566365791491,69.56304284103,53.0720785604019,13.1838020209448,50.0720834053479,900.836051131779,4405.36851403412,0,0,1027.37801447505,10050.0843304062,0,"orange",1
"351","Hanninghof_LMpred_FYM_Hanninghof_",1975,"oats","NK",62.326119122631,13.0055258449202,68.9820962509487,56.0470165759245,12.8588966999515,69.2473755558034,900.836051131779,4405.36851403412,0,0,1027.37801447505,10050.0843304062,0,"orange",1
"352","Hanninghof_LMpred_FYM_Hanninghof_",1976,"potato","NK",74.1224001884807,7.96988720114715,119.548391924066,60.5761348517308,8.87801188520021,105.714351017059,897.785749549356,4395.38067988837,0,0,1030.39346146021,10077.1132016223,0,"orange",1
"353","Hanninghof_LMpred_FYM_Hanninghof_",1977,"rye","NK",82.9464999912287,14.1242364577615,68.3859163308294,54.2150162082454,13.2757613624309,51.2150189663481,897.785749549356,4395.38067988837,0,0,1030.39346146021,10077.1132016223,0,"orange",1
"354","Hanninghof_LMpred_FYM_Hanninghof_",1978,"oats","NK",62.4281031278834,12.6776025570278,66.8768368016439,57.6678612162586,12.8683614963866,70.119222060423,897.785749549356,4395.38067988837,0,0,1030.39346146021,10077.1132016223,0,"orange",1
"355","Hanninghof_LMpred_FYM_Hanninghof_",1979,"potato","NK",78.8422831814284,10.7509603834303,123.280193687546,75.6476327078622,9.09295433621517,105.57562142786,898.591573445182,4385.56193475793,0,0,1028.68118248485,10106.7232761817,0,"orange",1
"356","Hanninghof_LMpred_FYM_Hanninghof_",1980,"rye","NK",88.2593356318655,17.2167372242612,74.9592836974588,89.0869248215484,15.5012161083812,73.3603861532099,898.591573445182,4385.56193475793,0,0,1028.68118248485,10106.7232761817,0,"orange",1
"357","Hanninghof_LMpred_FYM_Hanninghof_",1981,"oats","NK",67.6145046578713,15.4745801570226,72.5220712291687,64.2736082804189,13.0381357281737,69.555681798788,898.591573445182,4385.56193475793,0,0,1028.68118248485,10106.7232761817,0,"orange",1
"358","Hanninghof_LMpred_FYM_Hanninghof_",1982,"potato","NK",78.4777486496406,10.4071326778262,119.261501574195,75.2275377239171,9.01292123461505,104.902204415931,893.010443851158,4375.69229604557,0,0,1029.9233105421,10132.0142965161,0,"orange",1
"359","Hanninghof_LMpred_FYM_Hanninghof_",1983,"rye","NK",88.4877537477669,17.1843371028737,73.7821571872583,90.9312632000692,15.4507683063862,73.0668516083094,893.010443851158,4375.69229604557,0,0,1029.9233105421,10132.0142965161,0,"orange",1
"360","Hanninghof_LMpred_FYM_Hanninghof_",1984,"oats","NK",67.7164886631236,15.1466568691302,70.4168117798639,65.7366558672526,12.9921688177236,69.358235034372,893.010443851158,4375.69229604557,0,0,1029.9233105421,10132.0142965161,0,"orange",1
"361","Hanninghof_LMpred_FYM_Hanninghof_",1985,"potato","NK",78.1132141178528,10.0633049722221,115.242809460845,74.8212357954241,8.94012761643093,104.540524256569,890.185604737192,4365.52496634181,0,0,1034.65441991395,10157.5249521099,0,"orange",1
"362","Hanninghof_LMpred_FYM_Hanninghof_",1986,"rye","NK",88.7161718636682,17.1519369814861,72.6050306770575,92.7369687031047,15.4012598979651,72.9400930632226,890.185604737192,4365.52496634181,0,0,1034.65441991395,10157.5249521099,0,"orange",1
"363","Hanninghof_LMpred_FYM_Hanninghof_",1987,"oats","NK",67.818472668376,14.8187335812378,68.311552330559,67.170329292173,12.9463858363221,69.2664506076297,890.185604737192,4365.52496634181,0,0,1034.65441991395,10157.5249521099,0,"orange",1
"364","Hanninghof_LMpred_FYM_Hanninghof_",1988,"potato","NK",77.7486795860651,9.71947726661803,111.224117347494,74.4230279044094,8.87158022679476,104.260460736429,891.205067235362,4355.56537622721,0,0,1034.26341338232,10186.175434385,0,"orange",1
"365","Hanninghof_LMpred_FYM_Hanninghof_",1989,"rye","NK",88.9445899795695,17.1195368600986,71.427904166857,94.5013191708723,15.3498019389096,72.8566711063715,891.205067235362,4355.56537622721,0,0,1034.26341338232,10186.175434385,0,"orange",1
"366","Hanninghof_LMpred_FYM_Hanninghof_",1990,"oats","NK",67.9204566736283,14.4908102933454,66.2062928812539,68.5728098758224,12.8987611740417,69.2002616631167,891.205067235362,4355.56537622721,0,0,1034.26341338232,10186.175434385,0,"orange",1
"367","Hanninghof_LMpred_FYM_Hanninghof_",1991,"potato","NK",77.3841450542773,9.37564956101395,107.205425234144,74.0296420460955,8.80558511196078,103.991080055328,885.782034849309,4345.5871487153,0,0,1036.22604490722,10210.8727097969,0,"orange",1
"368","Hanninghof_LMpred_FYM_Hanninghof_",1992,"rye","NK",89.1730080954709,17.087136738711,70.2507776566565,96.2220260951373,15.2949355276801,72.7787901217759,885.782034849309,4345.5871487153,0,0,1036.22604490722,10210.8727097969,0,"orange",1
"369","Hanninghof_LMpred_FYM_Hanninghof_",1993,"oats","NK",68.0224406788807,14.162887005453,64.101033431949,69.9426595524923,12.8483311302976,69.1343736323302,885.782034849309,4345.5871487153,0,0,1036.22604490722,10210.8727097969,0,"orange",1
"370","Hanninghof_LMpred_FYM_Hanninghof_",1994,"potato","NK",77.0196105224895,9.03182185540988,103.186733120793,73.6392214877362,8.74119360510438,103.708976656289,883.086589899083,4335.3362078292,0,0,1041.42561167355,10236.0066924229,0,"orange",1
"371","Hanninghof_LMpred_FYM_Hanninghof_",1995,"rye","NK",89.4014262113722,17.0547366173235,69.073651146456,97.897348188738,15.2360155031746,72.6939011906552,883.086589899083,4335.3362078292,0,0,1041.42561167355,10236.0066924229,0,"orange",1
"372","Hanninghof_LMpred_FYM_Hanninghof_",1996,"oats","NK",68.124424684133,13.8349637175606,61.9957739826442,71.2787404217551,12.7947137100162,69.0606390083305,883.086589899083,4335.3362078292,0,0,1041.42561167355,10236.0066924229,0,"orange",1
"373","Hanninghof_LMpred_FYM_Hanninghof_",1997,"potato","NK",76.6550759907017,8.6879941498058,99.1680410074429,73.250770334231,8.67788926994964,103.405021192058,884.236079219892,4325.3151382816,0,0,1041.51888925062,10264.4529541094,0,"orange",1
"374","Hanninghof_LMpred_FYM_Hanninghof_",1998,"rye","NK",89.6298443272736,17.0223364959359,67.8965246362552,99.5261837283614,15.172878792963,72.5974148516164,884.236079219892,4325.3151382816,0,0,1041.51888925062,10264.4529541094,0,"orange",1
"375","Hanninghof_LMpred_FYM_Hanninghof_",1999,"oats","NK",68.2264086893854,13.5070404296682,59.8905145333393,72.5800980378304,12.737844190934,68.975810127342,884.236079219892,4325.3151382816,0,0,1041.51888925062,10264.4529541094,0,"orange",1
"376","Hanninghof_LMpred_FYM_Hanninghof_",2000,"potato","NK",76.2905414589139,8.34416644420172,95.1493488940925,72.8637218762367,8.61537960214824,103.075444627892,878.907322180168,4315.29409338241,0,0,1043.65580836443,10289.0593638892,0,"orange",1
"377","Hanninghof_LMpred_FYM_Hanninghof_",2001,"rye","NK",89.8582624431749,16.9899363745484,66.7193981260547,101.107148276843,15.1055643493239,72.4872696171603,878.907322180168,4315.29409338241,0,0,1043.65580836443,10289.0593638892,0,"orange",1
"378","Hanninghof_LMpred_FYM_Hanninghof_",2002,"oats","NK",68.3283926946377,13.1791171417758,57.7852550840342,73.8458966869714,12.6778055117211,68.8783136625237,878.907322180168,4315.29409338241,0,0,1043.65580836443,10289.0593638892,0,"orange",1
"379","Hanninghof_LMpred_FYM_Hanninghof_",2003,"potato","NK",75.9260069271261,8.00033873859765,91.1306567807418,72.4776385307319,8.55347569474033,102.717657545736,876.288197900459,4305.01445648808,0,0,1048.96149555839,10314.1534150321,0,"orange",1
"380","Hanninghof_LMpred_FYM_Hanninghof_",2004,"rye","NK",90.0866805590762,16.9575362531608,65.5422716158542,102.639157645462,15.0342491510175,72.3623768356272,876.288197900459,4305.01445648808,0,0,1048.96149555839,10314.1534150321,0,"orange",1
"381","Hanninghof_LMpred_FYM_Hanninghof_",2005,"oats","NK",68.43037669989,12.8511938538834,55.6799956347294,75.0753560771967,12.6147658959663,68.7671431415897,876.288197900459,4305.01445648808,0,0,1048.96149555839,10314.1534150321,0,"orange",1
"382","Hanninghof_LMpred_FYM_Hanninghof_",2006,"potato","NK",75.5614723953383,7.65651103299354,87.1119646673914,72.0925536759298,8.49213309412554,102.330013140648,877.519601966485,4294.9774673101,0,0,1049.30168980303,10342.6221407322,0,"orange",1
"383","Hanninghof_LMpred_FYM_Hanninghof_",2007,"rye","NK",90.3150986749775,16.9251361317733,64.3651451056535,104.121162285626,14.9591662636755,72.2219534172734,877.519601966485,4294.9774673101,0,0,1049.30168980303,10342.6221407322,0,"orange",1
"384","Hanninghof_LMpred_FYM_Hanninghof_",2008,"oats","NK",68.5323607051424,12.5232705659911,53.5747361854245,76.2677576463066,12.5489512162566,68.6416914317666,877.519601966485,4294.9774673101,0,0,1049.30168980303,10342.6221407322,0,"orange",1
"385","Hanninghof_LMpred_FYM_Hanninghof_",1961,"potato","NK",75.9450728474196,9.68902572916756,139.641852490818,62.4106822057058,9.18365770731971,104.187338955902,872.250576361305,4284.9515573876,0,0,1051.45341756251,10367.2916228509,0,"orange",1
"386","Hanninghof_LMpred_FYM_Hanninghof_",1962,"rye","NK",81.804409411722,14.2862370646993,74.2715488818323,48.5003275322777,12.6768057473425,45.5003617537022,872.250576361305,4284.9515573876,0,0,1051.45341756251,10367.2916228509,0,"orange",1
"387","Hanninghof_LMpred_FYM_Hanninghof_",1963,"oats","NK",61.9181831016217,14.3172189964897,77.4031340481684,49.2753475556573,12.6958918784819,62.8826916453537,872.250576361305,4284.9515573876,0,0,1051.45341756251,10367.2916228509,0,"orange",1
"388","Hanninghof_LMpred_FYM_Hanninghof_",1964,"potato","NK",75.5805383156318,9.34519802356348,135.623160377468,62.0441978420851,9.12288109371061,105.474119228929,869.678637424588,4274.67516519402,0,0,1056.76310433994,10392.4475624412,0,"orange",1
"389","Hanninghof_LMpred_FYM_Hanninghof_",1965,"rye","NK",82.0328275276234,14.2538369433118,73.0944223716319,49.6432640902826,12.8268089383541,46.6432677136966,869.678637424588,4274.67516519402,0,0,1056.76310433994,10392.4475624412,0,"orange",1
"390","Hanninghof_LMpred_FYM_Hanninghof_",1966,"oats","NK",62.020167106874,13.9892957085974,75.2978745988636,51.0104101115301,12.7588226945723,64.7622526934592,869.678637424588,4274.67516519402,0,0,1056.76310433994,10392.4475624412,0,"orange",1
"391","Hanninghof_LMpred_FYM_Hanninghof_",1967,"potato","NK",75.216003783844,9.00137031795941,131.604468264117,61.6772382661089,9.06169303511426,105.816055351083,870.963738555029,4264.64887045847,0,0,1057.28952258809,10421.0121675367,0,"orange",1
"392","Hanninghof_LMpred_FYM_Hanninghof_",1968,"rye","NK",82.2612456435247,14.2214368219242,71.9172958614311,50.7862055129482,12.960447315081,47.7862363110688,870.963738555029,4264.64887045847,0,0,1057.28952258809,10421.0121675367,0,"orange",1
"393","Hanninghof_LMpred_FYM_Hanninghof_",1969,"oats","NK",62.1221511121264,13.661372420705,73.1926151495585,52.7177527329201,12.8056714067922,66.3724081039666,870.963738555029,4264.64887045847,0,0,1057.28952258809,10421.0121675367,0,"orange",1
"394","Hanninghof_LMpred_FYM_Hanninghof_",1970,"potato","NK",74.8514692520562,8.6575426123553,127.585776150767,61.3101314864216,9.00038812204237,105.870665377752,865.736208856187,4254.64038465414,0,0,1059.41008122042,10445.7977077137,0,"orange",1
"395","Hanninghof_LMpred_FYM_Hanninghof_",1971,"rye","NK",82.489663759426,14.1890367005367,70.7401693512305,51.9291541079833,13.0790491740202,48.9292445656074,865.736208856187,4254.64038465414,0,0,1059.41008122042,10445.7977077137,0,"orange",1
"396","Hanninghof_LMpred_FYM_Hanninghof_",1972,"oats","NK",62.2241351173787,13.3334491328126,71.0873557002536,54.3968085165894,12.8384655690251,67.851360737328,865.736208856187,4254.64038465414,0,0,1059.41008122042,10445.7977077137,0,"orange",1
"397","Hanninghof_LMpred_FYM_Hanninghof_",1973,"potato","NK",74.4869347202684,8.31371490675123,123.567084037416,60.943073790844,8.93912489957356,105.81916605917,863.195616017212,4244.3862637831,0,0,1064.69224803385,10471.054901892,0,"orange",1
"398","Hanninghof_LMpred_FYM_Hanninghof_",1974,"rye","NK",82.7180818753273,14.1566365791491,69.56304284103,53.0720785604019,13.1838020209448,50.0720834053479,863.195616017212,4244.3862637831,0,0,1064.69224803385,10471.054901892,0,"orange",1
"399","Hanninghof_LMpred_FYM_Hanninghof_",1975,"oats","NK",62.326119122631,13.0055258449202,68.9820962509487,56.0470165759245,12.8588966999515,69.2473755558034,863.195616017212,4244.3862637831,0,0,1064.69224803385,10471.054901892,0,"orange",1
"400","Hanninghof_LMpred_FYM_Hanninghof_",1976,"potato","NK",74.1224001884807,7.96988720114715,119.548391924066,60.5761348517308,8.87801188520021,105.714351017059,864.51737381014,4234.38661672022,0,0,1065.39636647451,10499.7457622593,0,"orange",1
"401","Hanninghof_LMpred_FYM_Hanninghof_",1977,"rye","NK",82.9464999912287,14.1242364577615,68.3859163308294,54.2150162082454,13.2757613624309,51.2150189663481,864.51737381014,4234.38661672022,0,0,1065.39636647451,10499.7457622593,0,"orange",1
"402","Hanninghof_LMpred_FYM_Hanninghof_",1978,"oats","NK",62.4281031278834,12.6776025570278,66.8768368016439,57.6678612162586,12.8683614963866,70.119222060423,864.51737381014,4234.38661672022,0,0,1065.39636647451,10499.7457622593,0,"orange",1
"403","Hanninghof_LMpred_FYM_Hanninghof_",1979,"potato","NK",78.8422831814284,10.7509603834303,123.280193687546,75.6476327078622,9.09295433621517,105.57562142786,859.322094451366,4224.40901728603,0,0,1067.47218927549,10524.6725246067,0,"orange",1
"404","Hanninghof_LMpred_FYM_Hanninghof_",1980,"rye","NK",88.2593356318655,17.2167372242612,74.9592836974588,89.0869248215484,15.5012161083812,73.3603861532099,859.322094451366,4224.40901728603,0,0,1067.47218927549,10524.6725246067,0,"orange",1
"405","Hanninghof_LMpred_FYM_Hanninghof_",1981,"oats","NK",67.6145046578713,15.4745801570226,72.5220712291687,64.2736082804189,13.0381357281737,69.555681798788,859.322094451366,4224.40901728603,0,0,1067.47218927549,10524.6725246067,0,"orange",1
"406","Hanninghof_LMpred_FYM_Hanninghof_",1982,"potato","NK",78.4777486496406,10.4071326778262,119.261501574195,75.2275377239171,9.01292123461505,104.902204415931,856.804385127821,4214.18888241864,0,0,1072.71549089982,10550.053412855,0,"orange",1
"407","Hanninghof_LMpred_FYM_Hanninghof_",1983,"rye","NK",88.4877537477669,17.1843371028737,73.7821571872583,90.9312632000692,15.4507683063862,73.0668516083094,856.804385127821,4214.18888241864,0,0,1072.71549089982,10550.053412855,0,"orange",1
"408","Hanninghof_LMpred_FYM_Hanninghof_",1984,"oats","NK",67.7164886631236,15.1466568691302,70.4168117798639,65.7366558672526,12.9921688177236,69.358235034372,856.804385127821,4214.18888241864,0,0,1072.71549089982,10550.053412855,0,"orange",1
"409","Hanninghof_LMpred_FYM_Hanninghof_",1985,"potato","NK",78.1132141178528,10.0633049722221,115.242809460845,74.8212357954241,8.94012761643093,104.540524256569,858.152139312493,4204.22574863181,0,0,1073.60069091669,10578.8927682102,0,"orange",1
"410","Hanninghof_LMpred_FYM_Hanninghof_",1986,"rye","NK",88.7161718636682,17.1519369814861,72.6050306770575,92.7369687031047,15.4012598979651,72.9400930632226,858.152139312493,4204.22574863181,0,0,1073.60069091669,10578.8927682102,0,"orange",1
"411","Hanninghof_LMpred_FYM_Hanninghof_",1987,"oats","NK",67.818472668376,14.8187335812378,68.311552330559,67.170329292173,12.9463858363221,69.2664506076297,858.152139312493,4204.22574863181,0,0,1073.60069091669,10578.8927682102,0,"orange",1
"412","Hanninghof_LMpred_FYM_Hanninghof_",1988,"potato","NK",77.7486795860651,9.71947726661803,111.224117347494,74.4230279044094,8.87158022679476,104.260460736429,852.984818087395,4194.28750550759,0,0,1075.62705588172,10603.979133628,0,"orange",1
"413","Hanninghof_LMpred_FYM_Hanninghof_",1989,"rye","NK",88.9445899795695,17.1195368600986,71.427904166857,94.5013191708723,15.3498019389096,72.8566711063715,852.984818087395,4194.28750550759,0,0,1075.62705588172,10603.979133628,0,"orange",1
"414","Hanninghof_LMpred_FYM_Hanninghof_",1990,"oats","NK",67.9204566736283,14.4908102933454,66.2062928812539,68.5728098758224,12.8987611740417,69.2002616631167,852.984818087395,4194.28750550759,0,0,1075.62705588172,10603.979133628,0,"orange",1
"415","Hanninghof_LMpred_FYM_Hanninghof_",1991,"potato","NK",77.3841450542773,9.37564956101395,107.205425234144,74.0296420460955,8.80558511196078,103.991080055328,850.4856164333,4184.10890164996,0,0,1080.82718503602,10629.5006908112,0,"orange",1
"416","Hanninghof_LMpred_FYM_Hanninghof_",1992,"rye","NK",89.1730080954709,17.087136738711,70.2507776566565,96.2220260951373,15.2949355276801,72.7787901217759,850.4856164333,4184.10890164996,0,0,1080.82718503602,10629.5006908112,0,"orange",1
"417","Hanninghof_LMpred_FYM_Hanninghof_",1993,"oats","NK",68.0224406788807,14.162887005453,64.101033431949,69.9426595524923,12.8483311302976,69.1343736323302,850.4856164333,4184.10890164996,0,0,1080.82718503602,10629.5006908112,0,"orange",1
"418","Hanninghof_LMpred_FYM_Hanninghof_",1994,"potato","NK",77.0196105224895,9.03182185540988,103.186733120793,73.6392214877362,8.74119360510438,103.708976656289,851.852301018236,4174.18874137028,0,0,1081.90672572534,10658.5034925762,0,"orange",1
"419","Hanninghof_LMpred_FYM_Hanninghof_",1995,"rye","NK",89.4014262113722,17.0547366173235,69.073651146456,97.897348188738,15.2360155031746,72.6939011906552,851.852301018236,4174.18874137028,0,0,1081.90672572534,10658.5034925762,0,"orange",1
"420","Hanninghof_LMpred_FYM_Hanninghof_",1996,"oats","NK",68.124424684133,13.8349637175606,61.9957739826442,71.2787404217551,12.7947137100162,69.0606390083305,851.852301018236,4174.18874137028,0,0,1081.90672572534,10658.5034925762,0,"orange",1
"421","Hanninghof_LMpred_FYM_Hanninghof_",1997,"potato","NK",76.6550759907017,8.6879941498058,99.1680410074429,73.250770334231,8.67788926994964,103.405021192058,846.711348124035,4164.29544511347,0,0,1083.88003413086,10683.767807335,0,"orange",1
"422","Hanninghof_LMpred_FYM_Hanninghof_",1998,"rye","NK",89.6298443272736,17.0223364959359,67.8965246362552,99.5261837283614,15.172878792963,72.5974148516164,846.711348124035,4164.29544511347,0,0,1083.88003413086,10683.767807335,0,"orange",1
"423","Hanninghof_LMpred_FYM_Hanninghof_",1999,"oats","NK",68.2264086893854,13.5070404296682,59.8905145333393,72.5800980378304,12.737844190934,68.975810127342,846.711348124035,4164.29544511347,0,0,1083.88003413086,10683.767807335,0,"orange",1
"424","Hanninghof_LMpred_FYM_Hanninghof_",2000,"potato","NK",76.2905414589139,8.34416644420172,95.1493488940925,72.8637218762367,8.61537960214824,103.075444627892,844.228528889315,4154.16349845222,0,0,1089.03554043728,10709.445157887,0,"orange",1
"425","Hanninghof_LMpred_FYM_Hanninghof_",2001,"rye","NK",89.8582624431749,16.9899363745484,66.7193981260547,101.107148276843,15.1055643493239,72.4872696171603,844.228528889315,4154.16349845222,0,0,1089.03554043728,10709.445157887,0,"orange",1
"426","Hanninghof_LMpred_FYM_Hanninghof_",2002,"oats","NK",68.3283926946377,13.1791171417758,57.7852550840342,73.8458966869714,12.6778055117211,68.8783136625237,844.228528889315,4154.16349845222,0,0,1089.03554043728,10709.445157887,0,"orange",1
"427","Hanninghof_LMpred_FYM_Hanninghof_",2003,"potato","NK",75.9260069271261,8.00033873859765,91.1306567807418,72.4776385307319,8.55347569474033,102.717657545736,845.609160266373,4144.29073398104,0,0,1090.32083214031,10738.6298530433,0,"orange",1
"428","Hanninghof_LMpred_FYM_Hanninghof_",2004,"rye","NK",90.0866805590762,16.9575362531608,65.5422716158542,102.639157645462,15.0342491510175,72.3623768356272,845.609160266373,4144.29073398104,0,0,1090.32083214031,10738.6298530433,0,"orange",1
"429","Hanninghof_LMpred_FYM_Hanninghof_",2005,"oats","NK",68.43037669989,12.8511938538834,55.6799956347294,75.0753560771967,12.6147658959663,68.7671431415897,845.609160266373,4144.29073398104,0,0,1090.32083214031,10738.6298530433,0,"orange",1
"430","Hanninghof_LMpred_FYM_Hanninghof_",2006,"potato","NK",75.5614723953383,7.65651103299354,87.1119646673914,72.0925536759298,8.49213309412554,102.330013140648,840.494429844923,4134.44629813882,0,0,1092.23722932947,10764.0915024369,0,"orange",1
"431","Hanninghof_LMpred_FYM_Hanninghof_",2007,"rye","NK",90.3150986749775,16.9251361317733,64.3651451056535,104.121162285626,14.9591662636755,72.2219534172734,840.494429844923,4134.44629813882,0,0,1092.23722932947,10764.0915024369,0,"orange",1
"432","Hanninghof_LMpred_FYM_Hanninghof_",2008,"oats","NK",68.5323607051424,12.5232705659911,53.5747361854245,76.2677576463066,12.5489512162566,68.6416914317666,840.494429844923,4134.44629813882,0,0,1092.23722932947,10764.0915024369,0,"orange",1
"433","Hanninghof_LMpred_FYM_Hanninghof_",1961,"potato","Control",27.7666723658402,5.41311566427291,67.7175417708172,30.2056600639253,7.0782268179719,63.4349530119554,958.416274927727,4599.97103554478,0,0,763.336668547655,9160.31578864267,0,"red",1
"434","Hanninghof_LMpred_FYM_Hanninghof_",1962,"rye","Control",24.4448595088647,5.48852624414167,28.1733599784981,31.2843726136155,8.28531491957467,28.2843882910676,958.416274927727,4599.97103554478,0,0,763.336668547655,9160.31578864267,0,"red",1
"435","Hanninghof_LMpred_FYM_Hanninghof_",1963,"oats","Control",19.5321857763282,7.32431900054843,33.3348063438764,22.9081483313477,7.56325701274127,28.8622391682752,958.416274927727,4599.97103554478,0,0,763.336668547655,9160.31578864267,0,"red",1
"436","Hanninghof_LMpred_FYM_Hanninghof_",1964,"potato","Control",27.4021378340524,5.06928795866883,63.6988496574668,29.8411254845827,7.01450254267872,62.9008983785639,958.831337603799,4592.47774605074,0,0,746.113277269355,9114.104226909,0,"red",1
"437","Hanninghof_LMpred_FYM_Hanninghof_",1965,"rye","Control",24.673277624766,5.45612612275411,26.9962334682976,31.5127887591229,8.35384015155147,28.5128063781957,958.831337603799,4592.47774605074,0,0,746.113277269355,9114.104226909,0,"red",1
"438","Hanninghof_LMpred_FYM_Hanninghof_",1966,"oats","Control",19.6341697815805,6.99639571265604,31.2295468945715,23.0101299757388,7.60405074574097,29.0152040323393,958.831337603799,4592.47774605074,0,0,746.113277269355,9114.104226909,0,"red",1
"439","Hanninghof_LMpred_FYM_Hanninghof_",1967,"potato","Control",27.0376033022646,4.72546025306476,59.6801575441164,29.4765903155246,6.9460097760055,62.121282107965,957.840120946008,4585.18364778895,0,0,762.332873339868,9069.60024254742,0,"red",1
"440","Hanninghof_LMpred_FYM_Hanninghof_",1968,"rye","Control",24.9016957406674,5.42372600136659,25.8191069580969,31.7412171161807,8.42236647713101,28.7412238275662,957.840120946008,4585.18364778895,0,0,762.332873339868,9069.60024254742,0,"red",1
"441","Hanninghof_LMpred_FYM_Hanninghof_",1969,"oats","Control",19.7361537868329,6.66847242476365,29.1242874452664,23.1121144934703,7.64484421604163,29.168183379718,957.840120946008,4585.18364778895,0,0,762.332873339868,9069.60024254742,0,"red",1
"442","Hanninghof_LMpred_FYM_Hanninghof_",1970,"potato","Control",26.6730687704768,4.38163254746065,55.6614654307659,29.1120632951604,6.87444963578255,61.2726347717133,957.434914326234,4578.02559739598,0,0,772.194295890154,9030.87658082886,0,"red",1
"443","Hanninghof_LMpred_FYM_Hanninghof_",1971,"rye","Control",25.1301138565687,5.39132587997904,24.6419804478963,31.9696182297511,8.49089033624941,28.9696425663728,957.434914326234,4578.02559739598,0,0,772.194295890154,9030.87658082886,0,"red",1
"444","Hanninghof_LMpred_FYM_Hanninghof_",1972,"oats","Control",19.8381377920852,6.34054913687126,27.0190279959616,23.2140962656054,7.68563808076317,29.3211475576841,957.434914326234,4578.02559739598,0,0,772.194295890154,9030.87658082886,0,"red",1
"445","Hanninghof_LMpred_FYM_Hanninghof_",1973,"potato","Control",26.308534238689,4.03780484185658,51.6427733174153,28.747522990996,6.80071781254165,60.4036991382604,957.377647799786,4571.06836137975,0,0,749.298978651915,8990.87099968854,0,"red",1
"446","Hanninghof_LMpred_FYM_Hanninghof_",1974,"rye","Control",25.35853197247,5.35892575859148,23.4648539376958,32.1980500308745,8.55941701204033,29.1980600447607,957.377647799786,4571.06836137975,0,0,749.298978651915,8990.87099968854,0,"red",1
"447","Hanninghof_LMpred_FYM_Hanninghof_",1975,"oats","Control",19.9401217973376,6.01262584897887,24.9137685466567,23.3160807256638,7.72643156441305,29.4741265226384,957.377647799786,4571.06836137975,0,0,749.298978651915,8990.87099968854,0,"red",1
"448","Hanninghof_LMpred_FYM_Hanninghof_",1976,"potato","Control",25.9439997069013,3.6939771362525,47.6240812040649,28.3829971257571,6.72530671788386,59.5286466617475,955.87307471389,4564.2190943141,0,0,760.990049674933,8950.66712228732,0,"red",1
"449","Hanninghof_LMpred_FYM_Hanninghof_",1977,"rye","Control",25.5869500883714,5.3265256372039,22.2877274274952,32.4264329519382,8.62793906697823,29.4264788589218,955.87307471389,4564.2190943141,0,0,760.990049674933,8950.66712228732,0,"red",1
"450","Hanninghof_LMpred_FYM_Hanninghof_",1978,"oats","Control",20.0421058025899,5.68470256108648,22.8085090973518,23.4180635949723,7.76722540371283,29.6270955788115,955.87307471389,4564.2190943141,0,0,760.990049674933,8950.66712228732,0,"red",1
"451","Hanninghof_LMpred_FYM_Hanninghof_",1979,"potato","Control",30.663882699849,6.47505031853563,51.3558829675446,33.1028715267744,7.42806285996076,66.4257990065129,955.065023572848,4557.4230947094,0,0,767.800474603317,8914.84149332659,0,"red",1
"452","Hanninghof_LMpred_FYM_Hanninghof_",1980,"rye","Control",30.8997857290082,8.41902640370355,28.8610947941246,37.7393038507988,10.2217934067176,34.7393160424866,955.065023572848,4557.4230947094,0,0,767.800474603317,8914.84149332659,0,"red",1
"453","Hanninghof_LMpred_FYM_Hanninghof_",1981,"oats","Control",25.2285073325778,8.48168016108127,28.4537435248767,28.6044661489571,9.6089294330189,37.1500310014391,955.065023572848,4557.4230947094,0,0,767.800474603317,8914.84149332659,0,"red",1
"454","Hanninghof_LMpred_FYM_Hanninghof_",1982,"potato","Control",30.2993481680612,6.13122261293156,47.3371908541942,32.7383452796758,7.35401020178023,65.0929559199431,954.773293005861,4550.76881550038,0,0,743.597422561176,8876.92326326077,0,"red",1
"455","Hanninghof_LMpred_FYM_Hanninghof_",1983,"rye","Control",31.1282038449096,8.38662628231603,27.6839682839241,37.9676862537544,10.2894509358738,34.9677421222412,954.773293005861,4550.76881550038,0,0,743.597422561176,8876.92326326077,0,"red",1
"456","Hanninghof_LMpred_FYM_Hanninghof_",1984,"oats","Control",25.3304913378301,8.15375687318888,26.3484840755718,28.7064539292312,9.61837107542117,37.1253325122349,954.773293005861,4550.76881550038,0,0,743.597422561176,8876.92326326077,0,"red",1
"457","Hanninghof_LMpred_FYM_Hanninghof_",1985,"potato","Control",29.9348136362735,5.78739490732748,43.3184987408436,32.3738046399162,7.28370334464452,64.0262660582836,952.948787555135,4544.17095447398,0,0,753.556927853901,8838.22253414048,0,"red",1
"458","Hanninghof_LMpred_FYM_Hanninghof_",1986,"rye","Control",31.3566219608109,8.35422616092848,26.5068417737233,38.1961490896186,10.3535951420741,35.1958235863323,952.948787555135,4544.17095447398,0,0,753.556927853901,8838.22253414048,0,"red",1
"459","Hanninghof_LMpred_FYM_Hanninghof_",1987,"oats","Control",25.4324753430825,7.82583358529649,24.243224626267,28.8084345198439,9.62821401706136,37.09342877973,952.948787555135,4544.17095447398,0,0,753.556927853901,8838.22253414048,0,"red",1
"460","Hanninghof_LMpred_FYM_Hanninghof_",1988,"potato","Control",29.5702791044857,5.44356720172338,39.2998066274934,32.0092711573562,7.21533307222058,63.0471875728784,951.898574406739,4537.57632340634,0,0,759.234858889423,8803.37641972523,0,"red",1
"461","Hanninghof_LMpred_FYM_Hanninghof_",1989,"rye","Control",31.5850400767122,8.32182603954092,25.3297152635228,38.4245665056248,10.4144650325917,35.4009153122972,951.898574406739,4537.57632340634,0,0,759.234858889423,8803.37641972523,0,"red",1
"462","Hanninghof_LMpred_FYM_Hanninghof_",1990,"oats","Control",25.5344593483348,7.4979102974041,22.1379651769619,28.9104179052636,9.63782265081823,37.0444111364736,951.898574406739,4537.57632340634,0,0,759.234858889423,8803.37641972523,0,"red",1
"463","Hanninghof_LMpred_FYM_Hanninghof_",1991,"potato","Control",29.2057445726979,5.0997394961193,35.2811145141429,31.6447531267827,7.14785957781083,62.0981542021017,951.508733242103,4531.09171493519,0,0,735.100363790506,8766.23828005243,0,"red",1
"464","Hanninghof_LMpred_FYM_Hanninghof_",1992,"rye","Control",31.8134581926136,8.28942591815334,24.1525887533223,38.6529664803102,10.4723311630818,35.5671543903242,951.508733242103,4531.09171493519,0,0,735.100363790506,8766.23828005243,0,"red",1
"465","Hanninghof_LMpred_FYM_Hanninghof_",1993,"oats","Control",25.6364433535872,7.16998700951171,20.032705727657,29.0124019699529,9.64681728166144,36.974470507669,951.508733242103,4531.09171493519,0,0,735.100363790506,8766.23828005243,0,"red",1
"466","Hanninghof_LMpred_FYM_Hanninghof_",1994,"potato","Control",28.8412100409101,4.75591179051523,31.2624224007923,31.2802132411803,7.08066517410234,61.1616784065675,949.474836124924,4524.63472171612,0,0,744.216694520952,8728.15230675561,0,"red",1
"467","Hanninghof_LMpred_FYM_Hanninghof_",1995,"rye","Control",32.0418763085149,8.25702579676582,22.9754622431218,38.881341484909,10.5273300949417,35.6969960452339,949.474836124924,4524.63472171612,0,0,744.216694520952,8728.15230675561,0,"red",1
"468","Hanninghof_LMpred_FYM_Hanninghof_",1996,"oats","Control",25.7384273588395,6.84206372161933,17.9274462783521,29.1143851674022,9.65497019369651,36.8827368927575,949.474836124924,4524.63472171612,0,0,744.216694520952,8728.15230675561,0,"red",1
"469","Hanninghof_LMpred_FYM_Hanninghof_",1997,"potato","Control",28.4766755091223,4.41208408491115,27.2437302874418,30.9156664658183,7.01341049006936,60.2323206741644,948.274313573795,4518.14960618649,0,0,749.372866669638,8693.67498704925,0,"red",1
"470","Hanninghof_LMpred_FYM_Hanninghof_",1998,"rye","Control",32.2702944244162,8.22462567537826,21.798335732921,39.1098219587776,10.5795612296258,35.7920724353897,948.274313573795,4518.14960618649,0,0,749.372866669638,8693.67498704925,0,"red",1
"471","Hanninghof_LMpred_FYM_Hanninghof_",1999,"oats","Control",25.8404113640919,6.51414043372691,15.8221868290473,29.2163721735692,9.66214504996656,36.769632669294,948.274313573795,4518.14960618649,0,0,749.372866669638,8693.67498704925,0,"red",1
"472","Hanninghof_LMpred_FYM_Hanninghof_",2000,"potato","Control",28.1121409773345,4.06825637930708,23.2250381740914,30.5511301051836,6.94589724476097,59.3085439764126,947.864696955693,4511.75850499204,0,0,725.74226570506,8656.90188887557,0,"red",1
"473","Hanninghof_LMpred_FYM_Hanninghof_",2001,"rye","Control",32.4987125403176,8.19222555399071,20.6212092227205,39.3382385588685,10.6290696751419,35.8539541572614,947.864696955693,4511.75850499204,0,0,725.74226570506,8656.90188887557,0,"red",1
"474","Hanninghof_LMpred_FYM_Hanninghof_",2002,"oats","Control",25.9423953693442,6.18621714583452,13.7169273797422,29.3183530842632,9.66829229407535,36.6357579746408,947.864696955693,4511.75850499204,0,0,725.74226570506,8656.90188887557,0,"red",1
"475","Hanninghof_LMpred_FYM_Hanninghof_",2003,"potato","Control",27.7476064455467,3.724428673703,19.2063460607408,30.1865995005231,6.87799705238395,58.3900185457145,945.684505513626,4505.37927942207,0,0,734.29915210937,8619.14694242649,0,"red",1
"476","Hanninghof_LMpred_FYM_Hanninghof_",2004,"rye","Control",32.7271306562189,8.15982543260316,19.44408271252,39.5666514152323,10.6759186092248,35.8841480074484,945.684505513626,4505.37927942207,0,0,734.29915210937,8619.14694242649,0,"red",1
"477","Hanninghof_LMpred_FYM_Hanninghof_",2005,"oats","Control",26.0443793745966,5.85829385794213,11.6116679304373,29.4203372481685,9.673355735993,36.4822180105709,945.684505513626,4505.37927942207,0,0,734.29915210937,8619.14694242649,0,"red",1
"478","Hanninghof_LMpred_FYM_Hanninghof_",2006,"potato","Control",27.383071913759,3.3806009680989,15.1876539473903,29.8221280835434,6.8096484239221,57.4766552961981,944.386122864832,4498.95123050645,0,0,739.128839650567,8584.84312836265,0,"red",1
"479","Hanninghof_LMpred_FYM_Hanninghof_",2007,"rye","Control",32.9555487721202,8.12742531121563,18.2669562023193,39.7950183677998,10.7201603719105,35.8841475989204,944.386122864832,4498.95123050645,0,0,739.128839650567,8584.84312836265,0,"red",1
"480","Hanninghof_LMpred_FYM_Hanninghof_",2008,"oats","Control",26.1463633798489,5.53037057004974,9.50640848113244,29.522253498468,9.67731269406235,36.309831456557,944.386122864832,4498.95123050645,0,0,739.128839650567,8584.84312836265,0,"red",1
"481","Hanninghof_LMpred_FYM_Hanninghof_",1961,"potato","Control",27.7666723658402,5.41311566427291,67.7175417708172,30.2056600639253,7.0782268179719,63.4349530119554,944.001844112649,4492.61020254075,0,0,716.14104850626,8548.30227284521,0,"red",1
"482","Hanninghof_LMpred_FYM_Hanninghof_",1962,"rye","Control",24.4448595088647,5.48852624414167,28.1733599784981,31.2843726136155,8.28531491957467,28.2843882910676,944.001844112649,4492.61020254075,0,0,716.14104850626,8548.30227284521,0,"red",1
"483","Hanninghof_LMpred_FYM_Hanninghof_",1963,"oats","Control",19.5321857763282,7.32431900054843,33.3348063438764,22.9081483313477,7.56325701274127,28.8622391682752,944.001844112649,4492.61020254075,0,0,716.14104850626,8548.30227284521,0,"red",1
"484","Hanninghof_LMpred_FYM_Hanninghof_",1964,"potato","Control",27.4021378340524,5.06928795866883,63.6988496574668,29.8411254845827,7.01450254267872,62.9008983785639,941.711358859296,4486.27274872713,0,0,724.227958097587,8510.78888439496,0,"red",1
"485","Hanninghof_LMpred_FYM_Hanninghof_",1965,"rye","Control",24.673277624766,5.45612612275411,26.9962334682976,31.5127887591229,8.35384015155147,28.5128063781957,941.711358859296,4486.27274872713,0,0,724.227958097587,8510.78888439496,0,"red",1
"486","Hanninghof_LMpred_FYM_Hanninghof_",1966,"oats","Control",19.6341697815805,6.99639571265604,31.2295468945715,23.0101299757388,7.60405074574097,29.0152040323393,941.711358859296,4486.27274872713,0,0,724.227958097587,8510.78888439496,0,"red",1
"487","Hanninghof_LMpred_FYM_Hanninghof_",1967,"potato","Control",27.0376033022646,4.72546025306476,59.6801575441164,29.4765903155246,6.9460097760055,62.121282107965,940.345004717376,4479.87187746533,0,0,728.792587455455,8476.59715945829,0,"red",1
"488","Hanninghof_LMpred_FYM_Hanninghof_",1968,"rye","Control",24.9016957406674,5.42372600136659,25.8191069580969,31.7412171161807,8.42236647713101,28.7412238275662,940.345004717376,4479.87187746533,0,0,728.792587455455,8476.59715945829,0,"red",1
"489","Hanninghof_LMpred_FYM_Hanninghof_",1969,"oats","Control",19.7361537868329,6.66847242476365,29.1242874452664,23.1121144934703,7.64484421604163,29.168183379718,940.345004717376,4479.87187746533,0,0,728.792587455455,8476.59715945829,0,"red",1
"490","Hanninghof_LMpred_FYM_Hanninghof_",1970,"potato","Control",26.6730687704768,4.38163254746065,55.6614654307659,29.1120632951604,6.87444963578255,61.2726347717133,939.288420170298,4473.50039915245,0,0,699.916644336684,8439.04730357055,0,"red",1
"491","Hanninghof_LMpred_FYM_Hanninghof_",1971,"rye","Control",25.1301138565687,5.39132587997904,24.6419804478963,31.9696182297511,8.49089033624941,28.9696425663728,939.288420170298,4473.50039915245,0,0,699.916644336684,8439.04730357055,0,"red",1
"492","Hanninghof_LMpred_FYM_Hanninghof_",1972,"oats","Control",19.8381377920852,6.34054913687126,27.0190279959616,23.2140962656054,7.68563808076317,29.3211475576841,939.288420170298,4473.50039915245,0,0,699.916644336684,8439.04730357055,0,"red",1
"493","Hanninghof_LMpred_FYM_Hanninghof_",1973,"potato","Control",26.308534238689,4.03780484185658,51.6427733174153,28.747522990996,6.80071781254165,60.4036991382604,935.59067429423,4466.97635162181,0,0,705.092091548421,8399.13254031633,0,"red",1
"494","Hanninghof_LMpred_FYM_Hanninghof_",1974,"rye","Control",25.35853197247,5.35892575859148,23.4648539376958,32.1980500308745,8.55941701204033,29.1980600447607,935.59067429423,4466.97635162181,0,0,705.092091548421,8399.13254031633,0,"red",1
"495","Hanninghof_LMpred_FYM_Hanninghof_",1975,"oats","Control",19.9401217973376,6.01262584897887,24.9137685466567,23.3160807256638,7.72643156441305,29.4741265226384,935.59067429423,4466.97635162181,0,0,705.092091548421,8399.13254031633,0,"red",1
"496","Hanninghof_LMpred_FYM_Hanninghof_",1976,"potato","Control",25.9439997069013,3.6939771362525,47.6240812040649,28.3829971257571,6.72530671788386,59.5286466617475,932.776539949649,4460.18155653337,0,0,705.636353474687,8361.43824738863,0,"red",1
"497","Hanninghof_LMpred_FYM_Hanninghof_",1977,"rye","Control",25.5869500883714,5.3265256372039,22.2877274274952,32.4264329519382,8.62793906697823,29.4264788589218,932.776539949649,4460.18155653337,0,0,705.636353474687,8361.43824738863,0,"red",1
"498","Hanninghof_LMpred_FYM_Hanninghof_",1978,"oats","Control",20.0421058025899,5.68470256108648,22.8085090973518,23.4180635949723,7.76722540371283,29.6270955788115,932.776539949649,4460.18155653337,0,0,705.636353474687,8361.43824738863,0,"red",1
"499","Hanninghof_LMpred_FYM_Hanninghof_",1979,"potato","Control",30.663882699849,6.47505031853563,51.3558829675446,33.1028715267744,7.42806285996076,66.4257990065129,932.239651300788,4453.36443498046,0,0,681.299216675501,8320.68242826787,0,"red",1
"500","Hanninghof_LMpred_FYM_Hanninghof_",1980,"rye","Control",30.8997857290082,8.41902640370355,28.8610947941246,37.7393038507988,10.2217934067176,34.7393160424866,932.239651300788,4453.36443498046,0,0,681.299216675501,8320.68242826787,0,"red",1
"501","Hanninghof_LMpred_FYM_Hanninghof_",1981,"oats","Control",25.2285073325778,8.48168016108127,28.4537435248767,28.6044661489571,9.6089294330189,37.1500310014391,932.239651300788,4453.36443498046,0,0,681.299216675501,8320.68242826787,0,"red",1
"502","Hanninghof_LMpred_FYM_Hanninghof_",1982,"potato","Control",30.2993481680612,6.13122261293156,47.3371908541942,32.7383452796758,7.35401020178023,65.0929559199431,928.844368343387,4446.47026700199,0,0,688.307651547778,8278.70625127335,0,"red",1
"503","Hanninghof_LMpred_FYM_Hanninghof_",1983,"rye","Control",31.1282038449096,8.38662628231603,27.6839682839241,37.9676862537544,10.2894509358738,34.9677421222412,928.844368343387,4446.47026700199,0,0,688.307651547778,8278.70625127335,0,"red",1
"504","Hanninghof_LMpred_FYM_Hanninghof_",1984,"oats","Control",25.3304913378301,8.15375687318888,26.3484840755718,28.7064539292312,9.61837107542117,37.1253325122349,928.844368343387,4446.47026700199,0,0,688.307651547778,8278.70625127335,0,"red",1
"505","Hanninghof_LMpred_FYM_Hanninghof_",1985,"potato","Control",29.9348136362735,5.78739490732748,43.3184987408436,32.3738046399162,7.28370334464452,64.0262660582836,926.333572650364,4439.36269161959,0,0,690.317676432505,8239.57089387639,0,"red",1
"506","Hanninghof_LMpred_FYM_Hanninghof_",1986,"rye","Control",31.3566219608109,8.35422616092848,26.5068417737233,38.1961490896186,10.3535951420741,35.1958235863323,926.333572650364,4439.36269161959,0,0,690.317676432505,8239.57089387639,0,"red",1
"507","Hanninghof_LMpred_FYM_Hanninghof_",1987,"oats","Control",25.4324753430825,7.82583358529649,24.243224626267,28.8084345198439,9.62821401706136,37.09342877973,926.333572650364,4439.36269161959,0,0,690.317676432505,8239.57089387639,0,"red",1
"508","Hanninghof_LMpred_FYM_Hanninghof_",1988,"potato","Control",29.5702791044857,5.44356720172338,39.2998066274934,32.0092711573562,7.21533307222058,63.0471875728784,926.122412305741,4432.29014861957,0,0,667.871605069797,8197.99069918081,0,"red",1
"509","Hanninghof_LMpred_FYM_Hanninghof_",1989,"rye","Control",31.5850400767122,8.32182603954092,25.3297152635228,38.4245665056248,10.4144650325917,35.4009153122972,926.122412305741,4432.29014861957,0,0,667.871605069797,8197.99069918081,0,"red",1
"510","Hanninghof_LMpred_FYM_Hanninghof_",1990,"oats","Control",25.5344593483348,7.4979102974041,22.1379651769619,28.9104179052636,9.63782265081823,37.0444111364736,926.122412305741,4432.29014861957,0,0,667.871605069797,8197.99069918081,0,"red",1
"511","Hanninghof_LMpred_FYM_Hanninghof_",1991,"potato","Control",29.2057445726979,5.0997394961193,35.2811145141429,31.6447531267827,7.14785957781083,62.0981542021017,922.875055343638,4425.1839104396,0,0,675.111728747159,8155.55475191712,0,"red",1
"512","Hanninghof_LMpred_FYM_Hanninghof_",1992,"rye","Control",31.8134581926136,8.28942591815334,24.1525887533223,38.6529664803102,10.4723311630818,35.5671543903242,922.875055343638,4425.1839104396,0,0,675.111728747159,8155.55475191712,0,"red",1
"513","Hanninghof_LMpred_FYM_Hanninghof_",1993,"oats","Control",25.6364433535872,7.16998700951171,20.032705727657,29.0124019699529,9.64681728166144,36.974470507669,922.875055343638,4425.1839104396,0,0,675.111728747159,8155.55475191712,0,"red",1
"514","Hanninghof_LMpred_FYM_Hanninghof_",1994,"potato","Control",28.8412100409101,4.75591179051523,31.2624224007923,31.2802132411803,7.08066517410234,61.1616784065675,920.535609373374,4417.8951423928,0,0,677.494884230609,8116.07816765394,0,"red",1
"515","Hanninghof_LMpred_FYM_Hanninghof_",1995,"rye","Control",32.0418763085149,8.25702579676582,22.9754622431218,38.881341484909,10.5273300949417,35.6969960452339,920.535609373374,4417.8951423928,0,0,677.494884230609,8116.07816765394,0,"red",1
"516","Hanninghof_LMpred_FYM_Hanninghof_",1996,"oats","Control",25.7384273588395,6.84206372161933,17.9274462783521,29.1143851674022,9.65497019369651,36.8827368927575,920.535609373374,4417.8951423928,0,0,677.494884230609,8116.07816765394,0,"red",1
"517","Hanninghof_LMpred_FYM_Hanninghof_",1997,"potato","Control",28.4766755091223,4.41208408491115,27.2437302874418,30.9156664658183,7.01341049006936,60.2323206741644,920.539163839466,4410.67625485449,0,0,656.108280294381,8074.41758401728,0,"red",1
"518","Hanninghof_LMpred_FYM_Hanninghof_",1998,"rye","Control",32.2702944244162,8.22462567537826,21.798335732921,39.1098219587776,10.5795612296258,35.7920724353897,920.539163839466,4410.67625485449,0,0,656.108280294381,8074.41758401728,0,"red",1
"519","Hanninghof_LMpred_FYM_Hanninghof_",1999,"oats","Control",25.8404113640919,6.51414043372691,15.8221868290473,29.2163721735692,9.66214504996656,36.769632669294,920.539163839466,4410.67625485449,0,0,656.108280294381,8074.41758401728,0,"red",1
"520","Hanninghof_LMpred_FYM_Hanninghof_",2000,"potato","Control",28.1121409773345,4.06825637930708,23.2250381740914,30.5511301051836,6.94589724476097,59.3085439764126,917.352357769812,4403.44859589155,0,0,663.098328562446,8032.02662043692,0,"red",1
"521","Hanninghof_LMpred_FYM_Hanninghof_",2001,"rye","Control",32.4987125403176,8.19222555399071,20.6212092227205,39.3382385588685,10.6290696751419,35.8539541572614,917.352357769812,4403.44859589155,0,0,663.098328562446,8032.02662043692,0,"red",1
"522","Hanninghof_LMpred_FYM_Hanninghof_",2002,"oats","Control",25.9423953693442,6.18621714583452,13.7169273797422,29.3183530842632,9.66829229407535,36.6357579746408,917.352357769812,4403.44859589155,0,0,663.098328562446,8032.02662043692,0,"red",1
"523","Hanninghof_LMpred_FYM_Hanninghof_",2003,"potato","Control",27.7476064455467,3.724428673703,19.2063460607408,30.1865995005231,6.87799705238395,58.3900185457145,915.108894417427,4396.05423659312,0,0,665.520706268817,7992.55983159408,0,"red",1
"524","Hanninghof_LMpred_FYM_Hanninghof_",2004,"rye","Control",32.7271306562189,8.15982543260316,19.44408271252,39.5666514152323,10.6759186092248,35.8841480074484,915.108894417427,4396.05423659312,0,0,665.520706268817,7992.55983159408,0,"red",1
"525","Hanninghof_LMpred_FYM_Hanninghof_",2005,"oats","Control",26.0443793745966,5.85829385794213,11.6116679304373,29.4203372481685,9.673355735993,36.4822180105709,915.108894417427,4396.05423659312,0,0,665.520706268817,7992.55983159408,0,"red",1
"526","Hanninghof_LMpred_FYM_Hanninghof_",2006,"potato","Control",27.383071913759,3.3806009680989,15.1876539473903,29.8221280835434,6.8096484239221,57.4766552961981,915.263477102532,4388.7517943302,0,0,644.925110357321,7951.05727330348,0,"red",1
"527","Hanninghof_LMpred_FYM_Hanninghof_",2007,"rye","Control",32.9555487721202,8.12742531121563,18.2669562023193,39.7950183677998,10.7201603719105,35.8841475989204,915.263477102532,4388.7517943302,0,0,644.925110357321,7951.05727330348,0,"red",1
"528","Hanninghof_LMpred_FYM_Hanninghof_",2008,"oats","Control",26.1463633798489,5.53037057004974,9.50640848113244,29.522253498468,9.67731269406235,36.309831456557,915.263477102532,4388.7517943302,0,0,644.925110357321,7951.05727330348,0,"red",1
"529","Hanninghof_LMpred_FYM_Hanninghof_",1961,"potato","Control",27.7666723658402,5.41311566427291,67.7175417708172,30.2056600639253,7.0782268179719,63.4349530119554,912.087808945282,4381.45513132437,0,0,651.539496731416,7908.87573253906,0,"red",1
"530","Hanninghof_LMpred_FYM_Hanninghof_",1962,"rye","Control",24.4448595088647,5.48852624414167,28.1733599784981,31.2843726136155,8.28531491957467,28.2843882910676,912.087808945282,4381.45513132437,0,0,651.539496731416,7908.87573253906,0,"red",1
"531","Hanninghof_LMpred_FYM_Hanninghof_",1963,"oats","Control",19.5321857763282,7.32431900054843,33.3348063438764,22.9081483313477,7.56325701274127,28.8622391682752,912.087808945282,4381.45513132437,0,0,651.539496731416,7908.87573253906,0,"red",1
"532","Hanninghof_LMpred_FYM_Hanninghof_",1964,"potato","Control",27.4021378340524,5.06928795866883,63.6988496574668,29.8411254845827,7.01450254267872,62.9008983785639,909.897223467356,4373.99889952063,0,0,653.899736391517,7869.54102237129,0,"red",1
"533","Hanninghof_LMpred_FYM_Hanninghof_",1965,"rye","Control",24.673277624766,5.45612612275411,26.9962334682976,31.5127887591229,8.35384015155147,28.5128063781957,909.897223467356,4373.99889952063,0,0,653.899736391517,7869.54102237129,0,"red",1
"534","Hanninghof_LMpred_FYM_Hanninghof_",1966,"oats","Control",19.6341697815805,6.99639571265604,31.2295468945715,23.0101299757388,7.60405074574097,29.0152040323393,909.897223467356,4373.99889952063,0,0,653.899736391517,7869.54102237129,0,"red",1
"535","Hanninghof_LMpred_FYM_Hanninghof_",1967,"potato","Control",27.0376033022646,4.72546025306476,59.6801575441164,29.4765903155246,6.9460097760055,62.121282107965,910.166207763204,4366.64925005068,0,0,633.997812946063,7828.28126741017,0,"red",1
"536","Hanninghof_LMpred_FYM_Hanninghof_",1968,"rye","Control",24.9016957406674,5.42372600136659,25.8191069580969,31.7412171161807,8.42236647713101,28.7412238275662,910.166207763204,4366.64925005068,0,0,633.997812946063,7828.28126741017,0,"red",1
"537","Hanninghof_LMpred_FYM_Hanninghof_",1969,"oats","Control",19.7361537868329,6.66847242476365,29.1242874452664,23.1121144934703,7.64484421604163,29.168183379718,910.166207763204,4366.64925005068,0,0,633.997812946063,7828.28126741017,0,"red",1
"538","Hanninghof_LMpred_FYM_Hanninghof_",1970,"potato","Control",26.6730687704768,4.38163254746065,55.6614654307659,29.1120632951604,6.87444963578255,61.2726347717133,906.974222965007,4359.31390475394,0,0,640.209907076356,7786.37217723465,0,"red",1
"539","Hanninghof_LMpred_FYM_Hanninghof_",1971,"rye","Control",25.1301138565687,5.39132587997904,24.6419804478963,31.9696182297511,8.49089033624941,28.9696425663728,906.974222965007,4359.31390475394,0,0,640.209907076356,7786.37217723465,0,"red",1
"540","Hanninghof_LMpred_FYM_Hanninghof_",1972,"oats","Control",19.8381377920852,6.34054913687126,27.0190279959616,23.2140962656054,7.68563808076317,29.3211475576841,906.974222965007,4359.31390475394,0,0,640.209907076356,7786.37217723465,0,"red",1
"541","Hanninghof_LMpred_FYM_Hanninghof_",1973,"potato","Control",26.308534238689,4.03780484185658,51.6427733174153,28.747522990996,6.80071781254165,60.4036991382604,904.811872253193,4351.82128527206,0,0,642.478715614436,7747.22063180381,0,"red",1
"542","Hanninghof_LMpred_FYM_Hanninghof_",1974,"rye","Control",25.35853197247,5.35892575859148,23.4648539376958,32.1980500308745,8.55941701204033,29.1980600447607,904.811872253193,4351.82128527206,0,0,642.478715614436,7747.22063180381,0,"red",1
"543","Hanninghof_LMpred_FYM_Hanninghof_",1975,"oats","Control",19.9401217973376,6.01262584897887,24.9137685466567,23.3160807256638,7.72643156441305,29.4741265226384,904.811872253193,4351.82128527206,0,0,642.478715614436,7747.22063180381,0,"red",1
"544","Hanninghof_LMpred_FYM_Hanninghof_",1976,"potato","Control",25.9439997069013,3.6939771362525,47.6240812040649,28.3829971257571,6.72530671788386,59.5286466617475,905.174069282167,4344.44567775302,0,0,623.226766141525,7706.24026060256,0,"red",1
"545","Hanninghof_LMpred_FYM_Hanninghof_",1977,"rye","Control",25.5869500883714,5.3265256372039,22.2877274274952,32.4264329519382,8.62793906697823,29.4264788589218,905.174069282167,4344.44567775302,0,0,623.226766141525,7706.24026060256,0,"red",1
"546","Hanninghof_LMpred_FYM_Hanninghof_",1978,"oats","Control",20.0421058025899,5.68470256108648,22.8085090973518,23.4180635949723,7.76722540371283,29.6270955788115,905.174069282167,4344.44567775302,0,0,623.226766141525,7706.24026060256,0,"red",1
"547","Hanninghof_LMpred_FYM_Hanninghof_",1979,"potato","Control",30.663882699849,6.47505031853563,51.3558829675446,33.1028715267744,7.42806285996076,66.4257990065129,901.950605700877,4337.08958010468,0,0,629.042717300319,7664.63223700837,0,"red",1
"548","Hanninghof_LMpred_FYM_Hanninghof_",1980,"rye","Control",30.8997857290082,8.41902640370355,28.8610947941246,37.7393038507988,10.2217934067176,34.7393160424866,901.950605700877,4337.08958010468,0,0,629.042717300319,7664.63223700837,0,"red",1
"549","Hanninghof_LMpred_FYM_Hanninghof_",1981,"oats","Control",25.2285073325778,8.48168016108127,28.4537435248767,28.6044661489571,9.6089294330189,37.1500310014391,901.950605700877,4337.08958010468,0,0,629.042717300319,7664.63223700837,0,"red",1
"550","Hanninghof_LMpred_FYM_Hanninghof_",1982,"potato","Control",30.2993481680612,6.13122261293156,47.3371908541942,32.7383452796758,7.35401020178023,65.0929559199431,899.802380965445,4329.57565979015,0,0,631.213242510273,7625.69207912912,0,"red",1
"551","Hanninghof_LMpred_FYM_Hanninghof_",1983,"rye","Control",31.1282038449096,8.38662628231603,27.6839682839241,37.9676862537544,10.2894509358738,34.9677421222412,899.802380965445,4329.57565979015,0,0,631.213242510273,7625.69207912912,0,"red",1
"552","Hanninghof_LMpred_FYM_Hanninghof_",1984,"oats","Control",25.3304913378301,8.15375687318888,26.3484840755718,28.7064539292312,9.61837107542117,37.1253325122349,899.802380965445,4329.57565979015,0,0,631.213242510273,7625.69207912912,0,"red",1
"553","Hanninghof_LMpred_FYM_Hanninghof_",1985,"potato","Control",29.9348136362735,5.78739490732748,43.3184987408436,32.3738046399162,7.28370334464452,64.0262660582836,900.24543647669,4322.18670703414,0,0,612.584147568803,7585.01263009418,0,"red",1
"554","Hanninghof_LMpred_FYM_Hanninghof_",1986,"rye","Control",31.3566219608109,8.35422616092848,26.5068417737233,38.1961490896186,10.3535951420741,35.1958235863323,900.24543647669,4322.18670703414,0,0,612.584147568803,7585.01263009418,0,"red",1
"555","Hanninghof_LMpred_FYM_Hanninghof_",1987,"oats","Control",25.4324753430825,7.82583358529649,24.243224626267,28.8084345198439,9.62821401706136,37.09342877973,900.24543647669,4322.18670703414,0,0,612.584147568803,7585.01263009418,0,"red",1
"556","Hanninghof_LMpred_FYM_Hanninghof_",1988,"potato","Control",29.5702791044857,5.44356720172338,39.2998066274934,32.0092711573562,7.21533307222058,63.0471875728784,896.982600136325,4314.82047369936,0,0,618.017318223285,7543.72550528244,0,"red",1
"557","Hanninghof_LMpred_FYM_Hanninghof_",1989,"rye","Control",31.5850400767122,8.32182603954092,25.3297152635228,38.4245665056248,10.4144650325917,35.4009153122972,896.982600136325,4314.82047369936,0,0,618.017318223285,7543.72550528244,0,"red",1
"558","Hanninghof_LMpred_FYM_Hanninghof_",1990,"oats","Control",25.5344593483348,7.4979102974041,22.1379651769619,28.9104179052636,9.63782265081823,37.0444111364736,896.982600136325,4314.82047369936,0,0,618.017318223285,7543.72550528244,0,"red",1
"559","Hanninghof_LMpred_FYM_Hanninghof_",1991,"potato","Control",29.2057445726979,5.0997394961193,35.2811145141429,31.6447531267827,7.14785957781083,62.0981542021017,894.84036613204,4307.29441540957,0,0,620.090090145975,7505.01697538511,0,"red",1
"560","Hanninghof_LMpred_FYM_Hanninghof_",1992,"rye","Control",31.8134581926136,8.28942591815334,24.1525887533223,38.6529664803102,10.4723311630818,35.5671543903242,894.84036613204,4307.29441540957,0,0,620.090090145975,7505.01697538511,0,"red",1
"561","Hanninghof_LMpred_FYM_Hanninghof_",1993,"oats","Control",25.6364433535872,7.16998700951171,20.032705727657,29.0124019699529,9.64681728166144,36.974470507669,894.84036613204,4307.29441540957,0,0,620.090090145975,7505.01697538511,0,"red",1
"562","Hanninghof_LMpred_FYM_Hanninghof_",1994,"potato","Control",28.8412100409101,4.75591179051523,31.2624224007923,31.2802132411803,7.08066517410234,61.1616784065675,895.356968986536,4299.89981550269,0,0,602.062484025435,7464.65456295993,0,"red",1
"563","Hanninghof_LMpred_FYM_Hanninghof_",1995,"rye","Control",32.0418763085149,8.25702579676582,22.9754622431218,38.881341484909,10.5273300949417,35.6969960452339,895.356968986536,4299.89981550269,0,0,602.062484025435,7464.65456295993,0,"red",1
"564","Hanninghof_LMpred_FYM_Hanninghof_",1996,"oats","Control",25.7384273588395,6.84206372161933,17.9274462783521,29.1143851674022,9.65497019369651,36.8827368927575,895.356968986536,4299.89981550269,0,0,602.062484025435,7464.65456295993,0,"red",1
"565","Hanninghof_LMpred_FYM_Hanninghof_",1997,"potato","Control",28.4766755091223,4.41208408491115,27.2437302874418,30.9156664658183,7.01341049006936,60.2323206741644,892.050809792598,4292.53005608741,0,0,607.129443325509,7423.70345565241,0,"red",1
"566","Hanninghof_LMpred_FYM_Hanninghof_",1998,"rye","Control",32.2702944244162,8.22462567537826,21.798335732921,39.1098219587776,10.5795612296258,35.7920724353897,892.050809792598,4292.53005608741,0,0,607.129443325509,7423.70345565241,0,"red",1
"567","Hanninghof_LMpred_FYM_Hanninghof_",1999,"oats","Control",25.8404113640919,6.51414043372691,15.8221868290473,29.2163721735692,9.66214504996656,36.769632669294,892.050809792598,4292.53005608741,0,0,607.129443325509,7423.70345565241,0,"red",1
"568","Hanninghof_LMpred_FYM_Hanninghof_",2000,"potato","Control",28.1121409773345,4.06825637930708,23.2250381740914,30.5511301051836,6.94589724476097,59.3085439764126,889.909912398715,4284.9975977453,0,0,609.106210652266,7385.24447031508,0,"red",1
"569","Hanninghof_LMpred_FYM_Hanninghof_",2001,"rye","Control",32.4987125403176,8.19222555399071,20.6212092227205,39.3382385588685,10.6290696751419,35.8539541572614,889.909912398715,4284.9975977453,0,0,609.106210652266,7385.24447031508,0,"red",1
"570","Hanninghof_LMpred_FYM_Hanninghof_",2002,"oats","Control",25.9423953693442,6.18621714583452,13.7169273797422,29.3183530842632,9.66829229407535,36.6357579746408,889.909912398715,4284.9975977453,0,0,609.106210652266,7385.24447031508,0,"red",1
"571","Hanninghof_LMpred_FYM_Hanninghof_",2003,"potato","Control",27.7476064455467,3.724428673703,19.2063460607408,30.1865995005231,6.87799705238395,58.3900185457145,890.495624918861,4277.60223680123,0,0,591.66105519095,7345.2129704802,0,"red",1
"572","Hanninghof_LMpred_FYM_Hanninghof_",2004,"rye","Control",32.7271306562189,8.15982543260316,19.44408271252,39.5666514152323,10.6759186092248,35.8841480074484,890.495624918861,4277.60223680123,0,0,591.66105519095,7345.2129704802,0,"red",1
"573","Hanninghof_LMpred_FYM_Hanninghof_",2005,"oats","Control",26.0443793745966,5.85829385794213,11.6116679304373,29.4203372481685,9.673355735993,36.4822180105709,890.495624918861,4277.60223680123,0,0,591.66105519095,7345.2129704802,0,"red",1
"574","Hanninghof_LMpred_FYM_Hanninghof_",2006,"potato","Control",27.383071913759,3.3806009680989,15.1876539473903,29.8221280835434,6.8096484239221,57.4766552961981,887.144411839888,4270.2332895083,0,0,596.379288053456,7304.61059001878,0,"red",1
"575","Hanninghof_LMpred_FYM_Hanninghof_",2007,"rye","Control",32.9555487721202,8.12742531121563,18.2669562023193,39.7950183677998,10.7201603719105,35.8841475989204,887.144411839888,4270.2332895083,0,0,596.379288053456,7304.61059001878,0,"red",1
"576","Hanninghof_LMpred_FYM_Hanninghof_",2008,"oats","Control",26.1463633798489,5.53037057004974,9.50640848113244,29.522253498468,9.67731269406235,36.309831456557,887.144411839888,4270.2332895083,0,0,596.379288053456,7304.61059001878,0,"red",1
"577","Hanninghof_LMpred_FYM_Hanninghof_",1961,"potato","N",53.5906739401532,7.6376293011549,70.4079004449379,62.4107279349232,9.18364621443937,83.5394820536935,944.937117281257,4594.87616255001,0,0,716.819117811793,9112.97545171374,0,"grey",1
"578","Hanninghof_LMpred_FYM_Hanninghof_",1962,"rye","N",74.0378958390132,12.8556859977039,50.3570525519344,48.5003325843418,12.6768049654692,43.7206444222141,944.937117281257,4594.87616255001,0,0,716.819117811793,9112.97545171374,0,"grey",1
"579","Hanninghof_LMpred_FYM_Hanninghof_",1963,"oats","N",52.5215129855671,11.9693592964354,44.7406958119103,49.2752999358823,12.6959053169412,51.3288781641698,944.937117281257,4594.87616255001,0,0,716.819117811793,9112.97545171374,0,"grey",1
"580","Hanninghof_LMpred_FYM_Hanninghof_",1964,"potato","N",53.2261394083654,7.29380159555082,66.3892083315874,62.0441965582099,9.12288147410905,82.9881497411326,945.112489177498,4585.51714443933,0,0,694.548378359563,9051.70670911227,0,"grey",1
"581","Hanninghof_LMpred_FYM_Hanninghof_",1965,"rye","N",74.2663139549146,12.8232858763164,49.179926041734,49.6432638631952,12.8268049571656,44.2358728800615,945.112489177498,4585.51714443933,0,0,694.548378359563,9051.70670911227,0,"grey",1
"582","Hanninghof_LMpred_FYM_Hanninghof_",1966,"oats","N",52.6234969908194,11.641436008543,42.6354363626054,51.0103990072313,12.7588233438988,51.4090503119427,945.112489177498,4585.51714443933,0,0,694.548378359563,9051.70670911227,0,"grey",1
"583","Hanninghof_LMpred_FYM_Hanninghof_",1967,"potato","N",52.8616048765776,6.94997388994675,62.370516218237,61.6772305049221,9.06169626001707,81.7383582527965,941.735687955461,4576.2171406959,0,0,710.65264648575,8991.88179656387,0,"grey",1
"584","Hanninghof_LMpred_FYM_Hanninghof_",1968,"rye","N",74.4947320708159,12.7908857549288,48.0027995315333,50.7862360195253,12.9604399260603,44.5519457057129,941.735687955461,4576.2171406959,0,0,710.65264648575,8991.88179656387,0,"grey",1
"585","Hanninghof_LMpred_FYM_Hanninghof_",1969,"oats","N",52.7254809960718,11.3135127206506,40.5301769133003,52.7177439923217,12.8056712487931,51.2377820193861,941.735687955461,4576.2171406959,0,0,710.65264648575,8991.88179656387,0,"grey",1
"586","Hanninghof_LMpred_FYM_Hanninghof_",1970,"potato","N",52.4970703447898,6.60614618434264,58.3518241048866,61.3101278394122,9.00039082393701,80.3083074644889,938.526836531644,4566.73008680278,0,0,714.047013760341,8937.1585511251,0,"grey",1
"587","Hanninghof_LMpred_FYM_Hanninghof_",1971,"rye","N",74.7231501867172,12.7584856335413,46.8256730213327,51.9291398264859,13.0790444436345,44.7368547910163,938.526836531644,4566.73008680278,0,0,714.047013760341,8937.1585511251,0,"grey",1
"588","Hanninghof_LMpred_FYM_Hanninghof_",1972,"oats","N",52.8274650013241,10.9855894327582,38.4249174639955,54.3967947993802,12.8384696736171,50.9358917939163,938.526836531644,4566.73008680278,0,0,714.047013760341,8937.1585511251,0,"grey",1
"589","Hanninghof_LMpred_FYM_Hanninghof_",1973,"potato","N",52.132535813002,6.26231847873857,54.3331319915359,60.943083627152,8.93912098467526,78.843040872271,938.791619926968,4557.34242193335,0,0,688.15866234536,8880.05875279895,0,"grey",1
"590","Hanninghof_LMpred_FYM_Hanninghof_",1974,"rye","N",74.9515683026185,12.7260855121537,45.6485465111322,53.0720794870036,13.1837954304196,44.8205339163895,938.791619926968,4557.34242193335,0,0,688.15866234536,8880.05875279895,0,"grey",1
"591","Hanninghof_LMpred_FYM_Hanninghof_",1975,"oats","N",52.9294490065765,10.6576661448658,36.3196580146906,56.0470293176035,12.8588826881917,50.5476246838576,938.791619926968,4557.34242193335,0,0,688.15866234536,8880.05875279895,0,"grey",1
"592","Hanninghof_LMpred_FYM_Hanninghof_",1976,"potato","N",51.7680012812143,5.91849077313449,50.3144398781855,60.5761393909927,8.87801083597408,77.3827022512318,935.295322740637,4548.01191416251,0,0,700.881011177724,8823.10053108652,0,"grey",1
"593","Hanninghof_LMpred_FYM_Hanninghof_",1977,"rye","N",75.1799864185199,12.6936853907661,44.4714200009315,54.2150251353885,13.2757561222283,44.8186007352265,935.295322740637,4548.01191416251,0,0,700.881011177724,8823.10053108652,0,"grey",1
"594","Hanninghof_LMpred_FYM_Hanninghof_",1978,"oats","N",53.0314330118288,10.3297428569734,34.2143985653857,57.6678583407058,12.868358991969,50.0928706348006,935.295322740637,4548.01191416251,0,0,700.881011177724,8823.10053108652,0,"grey",1
"595","Hanninghof_LMpred_FYM_Hanninghof_",1979,"potato","N",56.487884274162,8.69956395541762,54.0462416416653,75.6481121688326,9.03118504169123,76.3107141678194,932.063459794426,4538.48495376483,0,0,702.309651279157,8770.26284067314,0,"grey",1
"596","Hanninghof_LMpred_FYM_Hanninghof_",1980,"rye","N",80.4928220591567,15.7861861572658,51.044787367561,89.0876670098243,15.5019584707944,52.1316640050245,932.063459794426,4538.48495376483,0,0,702.309651279157,8770.26284067314,0,"grey",1
"597","Hanninghof_LMpred_FYM_Hanninghof_",1981,"oats","N",58.2178345418167,13.1267204569682,39.8596329929106,64.2740333919064,13.0386999404063,49.5040780769412,932.063459794426,4538.48495376483,0,0,702.309651279157,8770.26284067314,0,"grey",1
"598","Hanninghof_LMpred_FYM_Hanninghof_",1982,"potato","N",56.1233497423742,8.35573624981355,50.0275495283148,75.2289162718299,8.92968924944373,74.5350672742065,932.422401291913,4529.06431600732,0,0,676.196169171988,8714.63796452751,0,"grey",1
"599","Hanninghof_LMpred_FYM_Hanninghof_",1983,"rye","N",80.7212401750581,15.7537860358783,49.8676608573604,90.9326616089352,15.4522895087438,51.0748352257478,932.422401291913,4529.06431600732,0,0,676.196169171988,8714.63796452751,0,"grey",1
"600","Hanninghof_LMpred_FYM_Hanninghof_",1984,"oats","N",58.319818547069,12.7987971690758,37.7543735436057,65.7375678006058,12.9933221115309,48.5146651548953,932.422401291913,4529.06431600732,0,0,676.196169171988,8714.63796452751,0,"grey",1
"601","Hanninghof_LMpred_FYM_Hanninghof_",1985,"potato","N",55.7588152105865,8.01190854420947,46.0088574149642,74.823554381879,8.83965241765679,73.0721060089418,928.825344448887,4519.70093292429,0,0,687.469484604553,8658.81270338923,0,"grey",1
"602","Hanninghof_LMpred_FYM_Hanninghof_",1986,"rye","N",80.9496582909594,15.7213859144907,48.6905343471597,92.7395024524516,15.4035638830075,50.1126024642589,928.825344448887,4519.70093292429,0,0,687.469484604553,8658.81270338923,0,"grey",1
"603","Hanninghof_LMpred_FYM_Hanninghof_",1987,"oats","N",58.4218025523214,12.4708738811834,35.6491140943009,67.1718617346679,12.9481179983299,47.6192997022878,928.825344448887,4519.70093292429,0,0,687.469484604553,8658.81270338923,0,"grey",1
"604","Hanninghof_LMpred_FYM_Hanninghof_",1988,"potato","N",55.3942806787987,7.66808083860537,41.990165301614,74.4262853236348,8.75467386714283,71.7092537620822,925.586261859976,4510.13434426441,0,0,688.308472121551,8606.73593385285,0,"grey",1
"605","Hanninghof_LMpred_FYM_Hanninghof_",1989,"rye","N",81.1780764068607,15.6889857931032,47.5134078369591,94.5049646112965,15.3528999995622,49.19933656918,925.586261859976,4510.13434426441,0,0,688.308472121551,8606.73593385285,0,"grey",1
"606","Hanninghof_LMpred_FYM_Hanninghof_",1990,"oats","N",58.5237865575737,12.142950593291,33.5438546449958,68.5750483179255,12.9010940390908,46.758481907558,925.586261859976,4510.13434426441,0,0,688.308472121551,8606.73593385285,0,"grey",1
"607","Hanninghof_LMpred_FYM_Hanninghof_",1991,"potato","N",55.0297461470109,7.32425313300129,37.9714731882636,74.0338151204008,8.6721124846879,70.38669384144,926.038173770991,4500.68204152946,0,0,662.860858439685,8551.87524007022,0,"grey",1
"608","Hanninghof_LMpred_FYM_Hanninghof_",1992,"rye","N",81.4064945227621,15.6565856717156,46.3362813267587,96.2269719568246,15.2988475727026,48.3085271579956,926.038173770991,4500.68204152946,0,0,662.860858439685,8551.87524007022,0,"grey",1
"609","Hanninghof_LMpred_FYM_Hanninghof_",1993,"oats","N",58.6257705628261,11.8150273053987,31.4385951956909,69.9457257829236,12.8512901720099,45.9157036914028,926.038173770991,4500.68204152946,0,0,662.860858439685,8551.87524007022,0,"grey",1
"610","Hanninghof_LMpred_FYM_Hanninghof_",1994,"potato","N",54.6652116152231,6.98042542739721,33.9527810749129,73.6443453460358,8.59080313253917,69.0873845518818,922.353222911733,4491.28794794508,0,0,673.262084537976,8496.73715918092,0,"grey",1
"611","Hanninghof_LMpred_FYM_Hanninghof_",1995,"rye","N",81.6349126386634,15.6241855503281,45.1591548165582,97.9040637704957,15.240812412073,47.4327090517151,922.353222911733,4491.28794794508,0,0,673.262084537976,8496.73715918092,0,"grey",1
"612","Hanninghof_LMpred_FYM_Hanninghof_",1996,"oats","N",58.7277545680784,11.4871040175063,29.333335746386,71.2827839353805,12.7983379952727,45.0862334346792,922.353222911733,4491.28794794508,0,0,673.262084537976,8496.73715918092,0,"grey",1
"613","Hanninghof_LMpred_FYM_Hanninghof_",1997,"potato","N",54.3006770834353,6.63659772179314,29.9340889615625,73.2570261084903,8.51022718928569,67.8065135005337,919.117155698731,4481.68554548447,0,0,673.910468566624,8445.15288335836,0,"grey",1
"614","Hanninghof_LMpred_FYM_Hanninghof_",1998,"rye","N",81.8633307545648,15.5917854289405,43.9820283063574,99.534557379101,15.1785864936425,46.5696681483081,919.117155698731,4481.68554548447,0,0,673.910468566624,8445.15288335836,0,"grey",1
"615","Hanninghof_LMpred_FYM_Hanninghof_",1999,"oats","N",58.8297385733308,11.1591807296138,27.2280762970812,72.5852938380941,12.742168663444,44.2686717972022,919.117155698731,4481.68554548447,0,0,673.910468566624,8445.15288335836,0,"grey",1
"616","Hanninghof_LMpred_FYM_Hanninghof_",2000,"potato","N",53.9361425516475,6.29277001618906,25.9153968482121,72.8709073339983,8.42999802995957,66.5430042687056,919.657895516555,4472.20568468197,0,0,649.325430966107,8390.89488008661,0,"grey",1
"617","Hanninghof_LMpred_FYM_Hanninghof_",2001,"rye","N",82.0917488704661,15.559385307553,42.8049017961569,101.118083726385,15.0791445829372,45.7188869333899,919.657895516555,4472.20568468197,0,0,649.325430966107,8390.89488008661,0,"grey",1
"618","Hanninghof_LMpred_FYM_Hanninghof_",2002,"oats","N",58.9317225785831,10.8312574417215,25.1228168477761,73.8529738685171,12.6793808919513,43.4627999203532,919.657895516555,4472.20568468197,0,0,649.325430966107,8390.89488008661,0,"grey",1
"619","Hanninghof_LMpred_FYM_Hanninghof_",2003,"potato","N",53.5716080198597,5.94894231058499,21.8967047348614,72.4865724963794,8.35027986225305,65.2964565648811,915.894502083937,4462.78528268417,0,0,659.047093532982,8336.35268360335,0,"grey",1
"620","Hanninghof_LMpred_FYM_Hanninghof_",2004,"rye","N",82.3201669863674,15.5269851861654,41.6277752859563,102.654037219788,14.9520742702795,44.8802232554389,915.894502083937,4462.78528268417,0,0,659.047093532982,8336.35268360335,0,"grey",1
"621","Hanninghof_LMpred_FYM_Hanninghof_",2005,"oats","N",59.0337065838355,10.5033341538291,23.0175573984712,75.0857728054618,12.5753576817571,42.6685134377684,915.894502083937,4462.78528268417,0,0,659.047093532982,8336.35268360335,0,"grey",1
"622","Hanninghof_LMpred_FYM_Hanninghof_",2006,"potato","N",53.2070734880719,5.60511460498088,17.878012621511,72.083679132316,8.27129376210336,64.0672152454276,912.668360498082,4453.15254158183,0,0,659.627143869799,8285.22500858267,0,"grey",1
"623","Hanninghof_LMpred_FYM_Hanninghof_",2007,"rye","N",82.5485851022687,15.4945850647779,40.4506487757557,104.14224460275,14.8265296787573,44.0536891444602,912.668360498082,4453.15254158183,0,0,659.627143869799,8285.22500858267,0,"grey",1
"624","Hanninghof_LMpred_FYM_Hanninghof_",2008,"oats","N",59.1356905890878,10.1754108659367,20.9122979491664,76.2829774009435,12.4725194399798,41.8857277605098,912.668360498082,4453.15254158183,0,0,659.627143869799,8285.22500858267,0,"grey",1
"625","Hanninghof_LMpred_FYM_Hanninghof_",1961,"potato","N",53.5906739401532,7.6376293011549,70.4079004449379,62.4107279349232,9.18364621443937,83.5394820536935,913.292399346279,4443.65049189767,0,0,635.913716611413,8231.55573358983,0,"grey",1
"626","Hanninghof_LMpred_FYM_Hanninghof_",1962,"rye","N",74.0378958390132,12.8556859977039,50.3570525519344,48.5003325843418,12.6768049654692,43.7206444222141,913.292399346279,4443.65049189767,0,0,635.913716611413,8231.55573358983,0,"grey",1
"627","Hanninghof_LMpred_FYM_Hanninghof_",1963,"oats","N",52.5215129855671,11.9693592964354,44.7406958119103,49.2752999358823,12.6959053169412,51.3288781641698,913.292399346279,4443.65049189767,0,0,635.913716611413,8231.55573358983,0,"grey",1
"628","Hanninghof_LMpred_FYM_Hanninghof_",1964,"potato","N",53.2261394083654,7.29380159555082,66.3892083315874,62.0441965582099,9.12288147410905,82.9881497411326,909.457965329208,4434.20916979251,0,0,645.039169428004,8177.61168003801,0,"grey",1
"629","Hanninghof_LMpred_FYM_Hanninghof_",1965,"rye","N",74.2663139549146,12.8232858763164,49.179926041734,49.6432638631952,12.8268049571656,44.2358728800615,909.457965329208,4434.20916979251,0,0,645.039169428004,8177.61168003801,0,"grey",1
"630","Hanninghof_LMpred_FYM_Hanninghof_",1966,"oats","N",52.6234969908194,11.641436008543,42.6354363626054,51.0103990072313,12.7588233438988,51.4090503119427,909.457965329208,4434.20916979251,0,0,645.039169428004,8177.61168003801,0,"grey",1
"631","Hanninghof_LMpred_FYM_Hanninghof_",1967,"potato","N",52.8616048765776,6.94997388994675,62.370516218237,61.6772305049221,9.06169626001707,81.7383582527965,906.246588045785,4424.55218808397,0,0,645.593803724262,8126.96417510695,0,"grey",1
"632","Hanninghof_LMpred_FYM_Hanninghof_",1968,"rye","N",74.4947320708159,12.7908857549288,48.0027995315333,50.7862360195253,12.9604399260603,44.5519457057129,906.246588045785,4424.55218808397,0,0,645.593803724262,8126.96417510695,0,"grey",1
"633","Hanninghof_LMpred_FYM_Hanninghof_",1969,"oats","N",52.7254809960718,11.3135127206506,40.5301769133003,52.7177439923217,12.8056712487931,51.2377820193861,906.246588045785,4424.55218808397,0,0,645.593803724262,8126.96417510695,0,"grey",1
"634","Hanninghof_LMpred_FYM_Hanninghof_",1970,"potato","N",52.4970703447898,6.60614618434264,58.3518241048866,61.3101278394122,9.00039082393701,80.3083074644889,906.749633433153,4415.01795765491,0,0,622.394535218689,8073.8527294447,0,"grey",1
"635","Hanninghof_LMpred_FYM_Hanninghof_",1971,"rye","N",74.7231501867172,12.7584856335413,46.8256730213327,51.9291398264859,13.0790444436345,44.7368547910163,906.749633433153,4415.01795765491,0,0,622.394535218689,8073.8527294447,0,"grey",1
"636","Hanninghof_LMpred_FYM_Hanninghof_",1972,"oats","N",52.8274650013241,10.9855894327582,38.4249174639955,54.3967947993802,12.8384696736171,50.9358917939163,906.749633433153,4415.01795765491,0,0,622.394535218689,8073.8527294447,0,"grey",1
"637","Hanninghof_LMpred_FYM_Hanninghof_",1973,"potato","N",52.132535813002,6.26231847873857,54.3331319915359,60.943083627152,8.93912098467526,78.843040872271,900.885544511994,4405.38008810527,0,0,624.798392707576,8019.31720795079,0,"grey",1
"638","Hanninghof_LMpred_FYM_Hanninghof_",1974,"rye","N",74.9515683026185,12.7260855121537,45.6485465111322,53.0720794870036,13.1837954304196,44.8205339163895,900.885544511994,4405.38008810527,0,0,624.798392707576,8019.31720795079,0,"grey",1
"639","Hanninghof_LMpred_FYM_Hanninghof_",1975,"oats","N",52.9294490065765,10.6576661448658,36.3196580146906,56.0470293176035,12.8588826881917,50.5476246838576,900.885544511994,4405.38008810527,0,0,624.798392707576,8019.31720795079,0,"grey",1
"640","Hanninghof_LMpred_FYM_Hanninghof_",1976,"potato","N",51.7680012812143,5.91849077313449,50.3144398781855,60.5761393909927,8.87801083597408,77.3827022512318,897.828223017819,4395.39870965903,0,0,627.231243332442,7967.38027924898,0,"grey",1
"641","Hanninghof_LMpred_FYM_Hanninghof_",1977,"rye","N",75.1799864185199,12.6936853907661,44.4714200009315,54.2150251353885,13.2757561222283,44.8186007352265,897.828223017819,4395.39870965903,0,0,627.231243332442,7967.38027924898,0,"grey",1
"642","Hanninghof_LMpred_FYM_Hanninghof_",1978,"oats","N",53.0314330118288,10.3297428569734,34.2143985653857,57.6678583407058,12.868358991969,50.0928706348006,897.828223017819,4395.39870965903,0,0,627.231243332442,7967.38027924898,0,"grey",1
"643","Hanninghof_LMpred_FYM_Hanninghof_",1979,"potato","N",56.487884274162,8.69956395541762,54.0462416416653,75.6481121688326,9.03118504169123,76.3107141678194,898.706406334054,4385.59083709336,0,0,606.342359552384,7913.73409575483,0,"grey",1
"644","Hanninghof_LMpred_FYM_Hanninghof_",1980,"rye","N",80.4928220591567,15.7861861572658,51.044787367561,89.0876670098243,15.5019584707944,52.1316640050245,898.706406334054,4385.59083709336,0,0,606.342359552384,7913.73409575483,0,"grey",1
"645","Hanninghof_LMpred_FYM_Hanninghof_",1981,"oats","N",58.2178345418167,13.1267204569682,39.8596329929106,64.2740333919064,13.0386999404063,49.5040780769412,898.706406334054,4385.59083709336,0,0,606.342359552384,7913.73409575483,0,"grey",1
"646","Hanninghof_LMpred_FYM_Hanninghof_",1982,"potato","N",56.1233497423742,8.35573624981355,50.0275495283148,75.2289162718299,8.92968924944373,74.5350672742065,893.108917153081,4375.73603676559,0,0,609.777237169946,7859.22438291152,0,"grey",1
"647","Hanninghof_LMpred_FYM_Hanninghof_",1983,"rye","N",80.7212401750581,15.7537860358783,49.8676608573604,90.9326616089352,15.4522895087438,51.0748352257478,893.108917153081,4375.73603676559,0,0,609.777237169946,7859.22438291152,0,"grey",1
"648","Hanninghof_LMpred_FYM_Hanninghof_",1984,"oats","N",58.319818547069,12.7987971690758,37.7543735436057,65.7375678006058,12.9933221115309,48.5146651548953,893.108917153081,4375.73603676559,0,0,609.777237169946,7859.22438291152,0,"grey",1
"649","Hanninghof_LMpred_FYM_Hanninghof_",1985,"potato","N",55.7588152105865,8.01190854420947,46.0088574149642,74.823554381879,8.83965241765679,73.0721060089418,890.270712818544,4365.58091898859,0,0,612.888154236077,7807.5988006905,0,"grey",1
"650","Hanninghof_LMpred_FYM_Hanninghof_",1986,"rye","N",80.9496582909594,15.7213859144907,48.6905343471597,92.7395024524516,15.4035638830075,50.1126024642589,890.270712818544,4365.58091898859,0,0,612.888154236077,7807.5988006905,0,"grey",1
"651","Hanninghof_LMpred_FYM_Hanninghof_",1987,"oats","N",58.4218025523214,12.4708738811834,35.6491140943009,67.1718617346679,12.9481179983299,47.6192997022878,890.270712818544,4365.58091898859,0,0,612.888154236077,7807.5988006905,0,"grey",1
"652","Hanninghof_LMpred_FYM_Hanninghof_",1988,"potato","N",55.3942806787987,7.66808083860537,41.990165301614,74.4262853236348,8.75467386714283,71.7092537620822,891.373792757178,4355.63818663231,0,0,592.894189398422,7754.52065951921,0,"grey",1
"653","Hanninghof_LMpred_FYM_Hanninghof_",1989,"rye","N",81.1780764068607,15.6889857931032,47.5134078369591,94.5049646112965,15.3528999995622,49.19933656918,891.373792757178,4355.63818663231,0,0,592.894189398422,7754.52065951921,0,"grey",1
"654","Hanninghof_LMpred_FYM_Hanninghof_",1990,"oats","N",58.5237865575737,12.142950593291,33.5438546449958,68.5750483179255,12.9010940390908,46.758481907558,891.373792757178,4355.63818663231,0,0,592.894189398422,7754.52065951921,0,"grey",1
"655","Hanninghof_LMpred_FYM_Hanninghof_",1991,"potato","N",55.0297461470109,7.32425313300129,37.9714731882636,74.0338151204008,8.6721124846879,70.38669384144,885.927582371145,4345.68083313533,0,0,596.560358087782,7700.74188836559,0,"grey",1
"656","Hanninghof_LMpred_FYM_Hanninghof_",1992,"rye","N",81.4064945227621,15.6565856717156,46.3362813267587,96.2269719568246,15.2988475727026,48.3085271579956,885.927582371145,4345.68083313533,0,0,596.560358087782,7700.74188836559,0,"grey",1
"657","Hanninghof_LMpred_FYM_Hanninghof_",1993,"oats","N",58.6257705628261,11.8150273053987,31.4385951956909,69.9457257829236,12.8512901720099,45.9157036914028,885.927582371145,4345.68083313533,0,0,596.560358087782,7700.74188836559,0,"grey",1
"658","Hanninghof_LMpred_FYM_Hanninghof_",1994,"potato","N",54.6652116152231,6.98042542739721,33.9527810749129,73.6443453460358,8.59080313253917,69.0873845518818,883.213216137182,4335.44708137096,0,0,599.800678234739,7649.88226851635,0,"grey",1
"659","Hanninghof_LMpred_FYM_Hanninghof_",1995,"rye","N",81.6349126386634,15.6241855503281,45.1591548165582,97.9040637704957,15.240812412073,47.4327090517151,883.213216137182,4335.44708137096,0,0,599.800678234739,7649.88226851635,0,"grey",1
"660","Hanninghof_LMpred_FYM_Hanninghof_",1996,"oats","N",58.7277545680784,11.4871040175063,29.333335746386,71.2827839353805,12.7983379952727,45.0862334346792,883.213216137182,4335.44708137096,0,0,599.800678234739,7649.88226851635,0,"grey",1
"661","Hanninghof_LMpred_FYM_Hanninghof_",1997,"potato","N",54.3006770834353,6.63659772179314,29.9340889615625,73.2570261084903,8.51022718928569,67.8065135005337,884.457497147387,4325.44812649362,0,0,580.316660048955,7597.65703294005,0,"grey",1
"662","Hanninghof_LMpred_FYM_Hanninghof_",1998,"rye","N",81.8633307545648,15.5917854289405,43.9820283063574,99.534557379101,15.1785864936425,46.5696681483081,884.457497147387,4325.44812649362,0,0,580.316660048955,7597.65703294005,0,"grey",1
"663","Hanninghof_LMpred_FYM_Hanninghof_",1999,"oats","N",58.8297385733308,11.1591807296138,27.2280762970812,72.5852938380941,12.742168663444,44.2686717972022,884.457497147387,4325.44812649362,0,0,580.316660048955,7597.65703294005,0,"grey",1
"664","Hanninghof_LMpred_FYM_Hanninghof_",2000,"potato","N",53.9361425516475,6.29277001618906,25.9153968482121,72.8709073339983,8.42999802995957,66.5430042687056,879.099280650712,4315.45344299073,0,0,583.99029986155,7544.78405655828,0,"grey",1
"665","Hanninghof_LMpred_FYM_Hanninghof_",2001,"rye","N",82.0917488704661,15.559385307553,42.8049017961569,101.118083726385,15.0791445829372,45.7188869333899,879.099280650712,4315.45344299073,0,0,583.99029986155,7544.78405655828,0,"grey",1
"666","Hanninghof_LMpred_FYM_Hanninghof_",2002,"oats","N",58.9317225785831,10.8312574417215,25.1228168477761,73.8529738685171,12.6793808919513,43.4627999203532,879.099280650712,4315.45344299073,0,0,583.99029986155,7544.78405655828,0,"grey",1
"667","Hanninghof_LMpred_FYM_Hanninghof_",2003,"potato","N",53.5716080198597,5.94894231058499,21.8967047348614,72.4865724963794,8.35027986225305,65.2964565648811,876.456225734344,4305.19540386801,0,0,587.216745142117,7494.79912937016,0,"grey",1
"668","Hanninghof_LMpred_FYM_Hanninghof_",2004,"rye","N",82.3201669863674,15.5269851861654,41.6277752859563,102.654037219788,14.9520742702795,44.8802232554389,876.456225734344,4305.19540386801,0,0,587.216745142117,7494.79912937016,0,"grey",1
"669","Hanninghof_LMpred_FYM_Hanninghof_",2005,"oats","N",59.0337065838355,10.5033341538291,23.0175573984712,75.0857728054618,12.5753576817571,42.6685134377684,876.456225734344,4305.19540386801,0,0,587.216745142117,7494.79912937016,0,"grey",1
"670","Hanninghof_LMpred_FYM_Hanninghof_",2006,"potato","N",53.2070734880719,5.60511460498088,17.878012621511,72.083679132316,8.27129376210336,64.0672152454276,877.794229395572,4295.18528772209,0,0,568.137813387521,7443.49136728332,0,"grey",1
"671","Hanninghof_LMpred_FYM_Hanninghof_",2007,"rye","N",82.5485851022687,15.4945850647779,40.4506487757557,104.14224460275,14.8265296787573,44.0536891444602,877.794229395572,4295.18528772209,0,0,568.137813387521,7443.49136728332,0,"grey",1
"672","Hanninghof_LMpred_FYM_Hanninghof_",2008,"oats","N",59.1356905890878,10.1754108659367,20.9122979491664,76.2829774009435,12.4725194399798,41.8857277605098,877.794229395572,4295.18528772209,0,0,568.137813387521,7443.49136728332,0,"grey",1
"673","Hanninghof_LMpred_FYM_Hanninghof_",1961,"potato","N",53.5906739401532,7.6376293011549,70.4079004449379,62.4107279349232,9.18364621443937,83.5394820536935,872.489894796914,4285.19077474804,0,0,571.760805592908,7391.55984791994,0,"grey",1
"674","Hanninghof_LMpred_FYM_Hanninghof_",1962,"rye","N",74.0378958390132,12.8556859977039,50.3570525519344,48.5003325843418,12.6768049654692,43.7206444222141,872.489894796914,4285.19077474804,0,0,571.760805592908,7391.55984791994,0,"grey",1
"675","Hanninghof_LMpred_FYM_Hanninghof_",1963,"oats","N",52.5215129855671,11.9693592964354,44.7406958119103,49.2752999358823,12.6959053169412,51.3288781641698,872.489894796914,4285.19077474804,0,0,571.760805592908,7391.55984791994,0,"grey",1
"676","Hanninghof_LMpred_FYM_Hanninghof_",1964,"potato","N",53.2261394083654,7.29380159555082,66.3892083315874,62.0441965582099,9.12288147410905,82.9881497411326,869.88930075467,4274.94007861828,0,0,574.936508402746,7342.4684414187,0,"grey",1
"677","Hanninghof_LMpred_FYM_Hanninghof_",1965,"rye","N",74.2663139549146,12.8232858763164,49.179926041734,49.6432638631952,12.8268049571656,44.2358728800615,869.88930075467,4274.94007861828,0,0,574.936508402746,7342.4684414187,0,"grey",1
"678","Hanninghof_LMpred_FYM_Hanninghof_",1966,"oats","N",52.6234969908194,11.641436008543,42.6354363626054,51.0103990072313,12.7588233438988,51.4090503119427,869.88930075467,4274.94007861828,0,0,574.936508402746,7342.4684414187,0,"grey",1
"679","Hanninghof_LMpred_FYM_Hanninghof_",1967,"potato","N",52.8616048765776,6.94997388994675,62.370516218237,61.6772305049221,9.06169626001707,81.7383582527965,871.293361984282,4264.94521425613,0,0,556.232976622526,7292.08458864704,0,"grey",1
"680","Hanninghof_LMpred_FYM_Hanninghof_",1968,"rye","N",74.4947320708159,12.7908857549288,48.0027995315333,50.7862360195253,12.9604399260603,44.5519457057129,871.293361984282,4264.94521425613,0,0,556.232976622526,7292.08458864704,0,"grey",1
"681","Hanninghof_LMpred_FYM_Hanninghof_",1969,"oats","N",52.7254809960718,11.3135127206506,40.5301769133003,52.7177439923217,12.8056712487931,51.2377820193861,871.293361984282,4264.94521425613,0,0,556.232976622526,7292.08458864704,0,"grey",1
"682","Hanninghof_LMpred_FYM_Hanninghof_",1970,"potato","N",52.4970703447898,6.60614618434264,58.3518241048866,61.3101278394122,9.00039082393701,80.3083074644889,866.024769665608,4254.97299416273,0,0,559.791057232544,7241.09379898531,0,"grey",1
"683","Hanninghof_LMpred_FYM_Hanninghof_",1971,"rye","N",74.7231501867172,12.7584856335413,46.8256730213327,51.9291398264859,13.0790444436345,44.7368547910163,866.024769665608,4254.97299416273,0,0,559.791057232544,7241.09379898531,0,"grey",1
"684","Hanninghof_LMpred_FYM_Hanninghof_",1972,"oats","N",52.8274650013241,10.9855894327582,38.4249174639955,54.3967947993802,12.8384696736171,50.9358917939163,866.024769665608,4254.97299416273,0,0,559.791057232544,7241.09379898531,0,"grey",1
"685","Hanninghof_LMpred_FYM_Hanninghof_",1973,"potato","N",52.132535813002,6.26231847873857,54.3331319915359,60.943083627152,8.93912098467526,78.843040872271,863.450912870613,4244.74851296245,0,0,562.90722274874,7192.89140003443,0,"grey",1
"686","Hanninghof_LMpred_FYM_Hanninghof_",1974,"rye","N",74.9515683026185,12.7260855121537,45.6485465111322,53.0720794870036,13.1837954304196,44.8205339163895,863.450912870613,4244.74851296245,0,0,562.90722274874,7192.89140003443,0,"grey",1
"687","Hanninghof_LMpred_FYM_Hanninghof_",1975,"oats","N",52.9294490065765,10.6576661448658,36.3196580146906,56.0470293176035,12.8588826881917,50.5476246838576,863.450912870613,4244.74851296245,0,0,562.90722274874,7192.89140003443,0,"grey",1
"688","Hanninghof_LMpred_FYM_Hanninghof_",1976,"potato","N",51.7680012812143,5.91849077313449,50.3144398781855,60.5761393909927,8.87801083597408,77.3827022512318,864.904445907693,4234.78475273609,0,0,544.568417181186,7143.42369210145,0,"grey",1
"689","Hanninghof_LMpred_FYM_Hanninghof_",1977,"rye","N",75.1799864185199,12.6936853907661,44.4714200009315,54.2150251353885,13.2757561222283,44.8186007352265,864.904445907693,4234.78475273609,0,0,544.568417181186,7143.42369210145,0,"grey",1
"690","Hanninghof_LMpred_FYM_Hanninghof_",1978,"oats","N",53.0314330118288,10.3297428569734,34.2143985653857,57.6678583407058,12.868358991969,50.0928706348006,864.904445907693,4234.78475273609,0,0,544.568417181186,7143.42369210145,0,"grey",1
"691","Hanninghof_LMpred_FYM_Hanninghof_",1979,"potato","N",56.487884274162,8.69956395541762,54.0462416416653,75.6481121688326,9.03118504169123,76.3107141678194,859.662378142952,4224.84823400719,0,0,548.058458987217,7093.36398214711,0,"grey",1
"692","Hanninghof_LMpred_FYM_Hanninghof_",1980,"rye","N",80.4928220591567,15.7861861572658,51.044787367561,89.0876670098243,15.5019584707944,52.1316640050245,859.662378142952,4224.84823400719,0,0,548.058458987217,7093.36398214711,0,"grey",1
"693","Hanninghof_LMpred_FYM_Hanninghof_",1981,"oats","N",58.2178345418167,13.1267204569682,39.8596329929106,64.2740333919064,13.0386999404063,49.5040780769412,859.662378142952,4224.84823400719,0,0,548.058458987217,7093.36398214711,0,"grey",1
"694","Hanninghof_LMpred_FYM_Hanninghof_",1982,"potato","N",56.1233497423742,8.35573624981355,50.0275495283148,75.2289162718299,8.92968924944373,74.5350672742065,857.106823869377,4214.66161961732,0,0,551.113309341916,7046.04045999521,0,"grey",1
"695","Hanninghof_LMpred_FYM_Hanninghof_",1983,"rye","N",80.7212401750581,15.7537860358783,49.8676608573604,90.9326616089352,15.4522895087438,51.0748352257478,857.106823869377,4214.66161961732,0,0,551.113309341916,7046.04045999521,0,"grey",1
"696","Hanninghof_LMpred_FYM_Hanninghof_",1984,"oats","N",58.319818547069,12.7987971690758,37.7543735436057,65.7375678006058,12.9933221115309,48.5146651548953,857.106823869377,4214.66161961732,0,0,551.113309341916,7046.04045999521,0,"grey",1
"697","Hanninghof_LMpred_FYM_Hanninghof_",1985,"potato","N",55.7588152105865,8.01190854420947,46.0088574149642,74.823554381879,8.83965241765679,73.0721060089418,858.599613199777,4204.73883225696,0,0,533.133014471134,6997.47775059729,0,"grey",1
"698","Hanninghof_LMpred_FYM_Hanninghof_",1986,"rye","N",80.9496582909594,15.7213859144907,48.6905343471597,92.7395024524516,15.4035638830075,50.1126024642589,858.599613199777,4204.73883225696,0,0,533.133014471134,6997.47775059729,0,"grey",1
"699","Hanninghof_LMpred_FYM_Hanninghof_",1987,"oats","N",58.4218025523214,12.4708738811834,35.6491140943009,67.1718617346679,12.9481179983299,47.6192997022878,858.599613199777,4204.73883225696,0,0,533.133014471134,6997.47775059729,0,"grey",1
"700","Hanninghof_LMpred_FYM_Hanninghof_",1988,"potato","N",55.3942806787987,7.66808083860537,41.990165301614,74.4262853236348,8.75467386714283,71.7092537620822,853.410357180791,4194.84894369301,0,0,536.554583391965,6948.33729474307,0,"grey",1
"701","Hanninghof_LMpred_FYM_Hanninghof_",1989,"rye","N",81.1780764068607,15.6889857931032,47.5134078369591,94.5049646112965,15.3528999995622,49.19933656918,853.410357180791,4194.84894369301,0,0,536.554583391965,6948.33729474307,0,"grey",1
"702","Hanninghof_LMpred_FYM_Hanninghof_",1990,"oats","N",58.5237865575737,12.142950593291,33.5438546449958,68.5750483179255,12.9010940390908,46.758481907558,853.410357180791,4194.84894369301,0,0,536.554583391965,6948.33729474307,0,"grey",1
"703","Hanninghof_LMpred_FYM_Hanninghof_",1991,"potato","N",55.0297461470109,7.32425313300129,37.9714731882636,74.0338151204008,8.6721124846879,70.38669384144,850.867701529075,4184.71221845277,0,0,539.548004959861,6901.88107325481,0,"grey",1
"704","Hanninghof_LMpred_FYM_Hanninghof_",1992,"rye","N",81.4064945227621,15.6565856717156,46.3362813267587,96.2269719568246,15.2988475727026,48.3085271579956,850.867701529075,4184.71221845277,0,0,539.548004959861,6901.88107325481,0,"grey",1
"705","Hanninghof_LMpred_FYM_Hanninghof_",1993,"oats","N",58.6257705628261,11.8150273053987,31.4385951956909,69.9457257829236,12.8512901720099,45.9157036914028,850.867701529075,4184.71221845277,0,0,539.548004959861,6901.88107325481,0,"grey",1
"706","Hanninghof_LMpred_FYM_Hanninghof_",1994,"potato","N",54.6652116152231,6.98042542739721,33.9527810749129,73.6443453460358,8.59080313253917,69.0873845518818,852.38890253792,4174.84073758168,0,0,521.921276415223,6854.21134523457,0,"grey",1
"707","Hanninghof_LMpred_FYM_Hanninghof_",1995,"rye","N",81.6349126386634,15.6241855503281,45.1591548165582,97.9040637704957,15.240812412073,47.4327090517151,852.38890253792,4174.84073758168,0,0,521.921276415223,6854.21134523457,0,"grey",1
"708","Hanninghof_LMpred_FYM_Hanninghof_",1996,"oats","N",58.7277545680784,11.4871040175063,29.333335746386,71.2827839353805,12.7983379952727,45.0862334346792,852.38890253792,4174.84073758168,0,0,521.921276415223,6854.21134523457,0,"grey",1
"709","Hanninghof_LMpred_FYM_Hanninghof_",1997,"potato","N",54.3006770834353,6.63659772179314,29.9340889615625,73.2570261084903,8.51022718928569,67.8065135005337,847.269607979291,4165.00795787003,0,0,525.274709702204,6805.97768869215,0,"grey",1
"710","Hanninghof_LMpred_FYM_Hanninghof_",1998,"rye","N",81.8633307545648,15.5917854289405,43.9820283063574,99.534557379101,15.1785864936425,46.5696681483081,847.269607979291,4165.00795787003,0,0,525.274709702204,6805.97768869215,0,"grey",1
"711","Hanninghof_LMpred_FYM_Hanninghof_",1999,"oats","N",58.8297385733308,11.1591807296138,27.2280762970812,72.5852938380941,12.742168663444,44.2686717972022,847.269607979291,4165.00795787003,0,0,525.274709702204,6805.97768869215,0,"grey",1
"712","Hanninghof_LMpred_FYM_Hanninghof_",2000,"potato","N",53.9361425516475,6.29277001618906,25.9153968482121,72.8709073339983,8.42999802995957,66.5430042687056,844.767555490812,4154.93465267675,0,0,528.207041083838,6760.37684387275,0,"grey",1
"713","Hanninghof_LMpred_FYM_Hanninghof_",2001,"rye","N",82.0917488704661,15.559385307553,42.8049017961569,101.118083726385,15.0791445829372,45.7188869333899,844.767555490812,4154.93465267675,0,0,528.207041083838,6760.37684387275,0,"grey",1
"714","Hanninghof_LMpred_FYM_Hanninghof_",2002,"oats","N",58.9317225785831,10.8312574417215,25.1228168477761,73.8529738685171,12.6793808919513,43.4627999203532,844.767555490812,4154.93465267675,0,0,528.207041083838,6760.37684387275,0,"grey",1
"715","Hanninghof_LMpred_FYM_Hanninghof_",2003,"potato","N",53.5716080198597,5.94894231058499,21.8967047348614,72.4865724963794,8.35027986225305,65.2964565648811,846.302447195713,4145.12846720975,0,0,510.928791121896,6713.58787858926,0,"grey",1
"716","Hanninghof_LMpred_FYM_Hanninghof_",2004,"rye","N",82.3201669863674,15.5269851861654,41.6277752859563,102.654037219788,14.9520742702795,44.8802232554389,846.302447195713,4145.12846720975,0,0,510.928791121896,6713.58787858926,0,"grey",1
"717","Hanninghof_LMpred_FYM_Hanninghof_",2005,"oats","N",59.0337065838355,10.5033341538291,23.0175573984712,75.0857728054618,12.5753576817571,42.6685134377684,846.302447195713,4145.12846720975,0,0,510.928791121896,6713.58787858926,0,"grey",1
"718","Hanninghof_LMpred_FYM_Hanninghof_",2006,"potato","N",53.2070734880719,5.60511460498088,17.878012621511,72.083679132316,8.27129376210336,64.0672152454276,841.240115935194,4135.36426879151,0,0,514.214638551684,6666.24834201501,0,"grey",1
"719","Hanninghof_LMpred_FYM_Hanninghof_",2007,"rye","N",82.5485851022687,15.4945850647779,40.4506487757557,104.14224460275,14.8265296787573,44.0536891444602,841.240115935194,4135.36426879151,0,0,514.214638551684,6666.24834201501,0,"grey",1
"720","Hanninghof_LMpred_FYM_Hanninghof_",2008,"oats","N",59.1356905890878,10.1754108659367,20.9122979491664,76.2829774009435,12.4725194399798,41.8857277605098,841.240115935194,4135.36426879151,0,0,514.214638551684,6666.24834201501,0,"grey",1
"721","Hanninghof_LMpred_FYM_Hanninghof_",1961,"potato","NP",59.424525154788,8.86626863916753,85.5169197871341,63.2741940911939,10.1936192945494,83.5394706346611,1054.38272230715,4681.04056635993,0,0,716.819117811793,9112.97545171374,0,"cyan",1
"722","Hanninghof_LMpred_FYM_Hanninghof_",1962,"rye","NP",78.9248789055315,17.2441039506993,56.8291014742132,48.5003344299478,13.2466051577726,43.7206438384665,1054.38272230715,4681.04056635993,0,0,716.819117811793,9112.97545171374,0,"cyan",1
"723","Hanninghof_LMpred_FYM_Hanninghof_",1963,"oats","NP",55.8116164386805,14.8370080229603,53.337865892286,49.5175209322664,14.114813050782,51.3288913575234,1054.38272230715,4681.04056635993,0,0,716.819117811793,9112.97545171374,0,"cyan",1
"724","Hanninghof_LMpred_FYM_Hanninghof_",1964,"potato","NP",59.0599906230002,8.52244093356346,81.4982276737836,62.9571588963923,10.428913874217,82.9881453533335,1069.36292792945,4695.46674144309,0,0,694.548394106649,9051.70670478421,0,"cyan",1
"725","Hanninghof_LMpred_FYM_Hanninghof_",1965,"rye","NP",79.1532970214329,17.2117038293118,55.6519749640128,49.6432638837948,13.5875236659145,44.2358731442226,1069.36292792945,4695.46674144309,0,0,694.548394106649,9051.70670478421,0,"cyan",1
"726","Hanninghof_LMpred_FYM_Hanninghof_",1966,"oats","NP",55.9136004439328,14.5090847350679,51.2326064429811,51.3703443726648,14.5308017403686,51.4090615004917,1069.36292792945,4695.46674144309,0,0,694.548394106649,9051.70670478421,0,"cyan",1
"727","Hanninghof_LMpred_FYM_Hanninghof_",1967,"potato","NP",58.6954560912125,8.17861322795938,77.4795355604332,62.5373200784868,10.5956751930188,81.738362653468,1079.87002103499,4711.31304317977,0,0,710.652658244192,8991.8817968082,0,"cyan",1
"728","Hanninghof_LMpred_FYM_Hanninghof_",1968,"rye","NP",79.3817151373342,17.1793037079242,54.4748484538121,50.7862433297304,13.9092372399609,44.5519444856905,1079.87002103499,4711.31304317977,0,0,710.652658244192,8991.8817968082,0,"cyan",1
"729","Hanninghof_LMpred_FYM_Hanninghof_",1969,"oats","NP",56.0155844491852,14.1811614471756,49.127346993676,53.2034660963482,14.8929224827656,51.2377928801883,1079.87002103499,4711.31304317977,0,0,710.652658244192,8991.8817968082,0,"cyan",1
"730","Hanninghof_LMpred_FYM_Hanninghof_",1970,"potato","NP",58.3309215594247,7.83478552235528,73.4608434470828,62.1007263307803,10.7234768980675,80.3083072304724,1088.59464248719,4728.07360867679,0,0,714.047009838961,8937.15855385591,0,"cyan",1
"731","Hanninghof_LMpred_FYM_Hanninghof_",1971,"rye","NP",79.6101332532356,17.1469035865367,53.2977219436115,51.9291397947402,14.2186337502763,44.7368551278641,1088.59464248719,4728.07360867679,0,0,714.047009838961,8937.15855385591,0,"cyan",1
"732","Hanninghof_LMpred_FYM_Hanninghof_",1972,"oats","NP",56.1175684544375,13.8532381592832,47.0220875443711,55.0069655102913,15.2208491630174,50.9359178246797,1088.59464248719,4728.07360867679,0,0,714.047009838961,8937.15855385591,0,"cyan",1
"733","Hanninghof_LMpred_FYM_Hanninghof_",1973,"potato","NP",57.9663870276369,7.4909578167512,69.4421513337321,61.6587606640022,10.8285377831743,78.843035449508,1100.04106992013,4745.79826736963,0,0,688.158675923884,8880.05874241765,0,"cyan",1
"734","Hanninghof_LMpred_FYM_Hanninghof_",1974,"rye","NP",79.8385513691369,17.1145034651491,52.120595433411,53.072079948825,14.5193079390655,44.8205337950938,1100.04106992013,4745.79826736963,0,0,688.158675923884,8880.05874241765,0,"cyan",1
"735","Hanninghof_LMpred_FYM_Hanninghof_",1975,"oats","NP",56.2195524596899,13.5253148713908,44.9168280950663,56.7885046773154,15.5261374854634,50.5475358570475,1100.04106992013,4745.79826736963,0,0,688.158675923884,8880.05874241765,0,"cyan",1
"736","Hanninghof_LMpred_FYM_Hanninghof_",1976,"potato","NP",57.6018524958491,7.14713011114713,65.4234592203817,61.2142179085948,10.9198828978172,77.382458498528,1107.50724907875,4764.34456454509,0,0,700.881020371276,8823.10052482603,0,"cyan",1
"737","Hanninghof_LMpred_FYM_Hanninghof_",1977,"rye","NP",80.0669694850382,17.0821033437615,50.9434689232103,54.2150245351319,14.8133169648532,44.8186080044805,1107.50724907875,4764.34456454509,0,0,700.881020371276,8823.10052482603,0,"cyan",1
"738","Hanninghof_LMpred_FYM_Hanninghof_",1978,"oats","NP",56.3215364649422,13.1973915834984,42.8115686457614,58.5489256152713,15.8156624333924,50.0928855407527,1107.50724907875,4764.34456454509,0,0,700.881020371276,8823.10052482603,0,"cyan",1
"739","Hanninghof_LMpred_FYM_Hanninghof_",1979,"potato","NP",62.3217354887968,9.92820329343026,69.1552609838615,77.3769571691795,11.2989324192588,78.5777421217848,1113.62519889974,4783.29581298374,0,0,702.309772282284,8770.26271141452,0,"cyan",1
"740","Hanninghof_LMpred_FYM_Hanninghof_",1980,"rye","NP",85.3798051256751,20.1746041102612,57.5168362898398,90.8083366689462,19.2781395872785,52.0265313235395,1113.62519889974,4783.29581298374,0,0,702.309772282284,8770.26271141452,0,"cyan",1
"741","Hanninghof_LMpred_FYM_Hanninghof_",1981,"oats","NP",61.5079379949301,15.9943691834932,48.4568030732863,65.8501244340943,16.4583640779993,50.0416893288385,1113.62519889974,4783.29581298374,0,0,702.309772282284,8770.26271141452,0,"cyan",1
"742","Hanninghof_LMpred_FYM_Hanninghof_",1982,"potato","NP",61.957200957009,9.58437558782618,65.1365688705111,76.724499055398,11.2847006352258,76.4873936672515,1123.12428524023,4802.80105145022,0,0,676.196249169601,8714.63787187374,0,"cyan",1
"743","Hanninghof_LMpred_FYM_Hanninghof_",1983,"rye","NP",85.6082232415764,20.1422039888737,56.3397097796392,92.8472058440145,19.5385773135068,51.1762891976202,1123.12428524023,4802.80105145022,0,0,676.196249169601,8714.63787187374,0,"cyan",1
"744","Hanninghof_LMpred_FYM_Hanninghof_",1984,"oats","NP",61.6099220001824,15.6664458956008,46.3515436239814,67.4996686597289,16.6796836328119,49.2460675915912,1123.12428524023,4802.80105145022,0,0,676.196249169601,8714.63787187374,0,"cyan",1
"745","Hanninghof_LMpred_FYM_Hanninghof_",1985,"potato","NP",61.5926664252213,9.24054788222211,61.1178767571604,76.1330432532323,11.2845253372942,74.8110453532351,1128.82367836712,4822.79242108338,0,0,687.469540697481,8658.81263586016,0,"cyan",1
"746","Hanninghof_LMpred_FYM_Hanninghof_",1986,"rye","NP",85.8366413574778,20.1098038674861,55.1625832694385,94.8612037119684,19.8038573027692,50.4397029966209,1128.82367836712,4822.79242108338,0,0,687.469540697481,8658.81263586016,0,"cyan",1
"747","Hanninghof_LMpred_FYM_Hanninghof_",1987,"oats","NP",61.7119060054348,15.3385226077084,44.2462841746766,69.1293292927196,16.9038288587436,48.5172424132965,1128.82367836712,4822.79242108338,0,0,687.469540697481,8658.81263586016,0,"cyan",1
"748","Hanninghof_LMpred_FYM_Hanninghof_",1988,"potato","NP",61.2281318934335,8.896720176618,57.0991846438102,75.5560943190203,11.2847253183593,73.2618731746769,1133.42665961026,4842.89651735747,0,0,688.308500201866,8606.73588347559,0,"cyan",1
"749","Hanninghof_LMpred_FYM_Hanninghof_",1989,"rye","NP",86.0650594733791,20.0774037460986,53.9854567592379,96.8375962078802,20.0703477258025,49.7165330203212,1133.42665961026,4842.89651735747,0,0,688.308500201866,8606.73588347559,0,"cyan",1
"750","Hanninghof_LMpred_FYM_Hanninghof_",1990,"oats","NP",61.8138900106871,15.010599319816,42.1410247253715,70.7332646294277,17.1281232254518,47.7923663117979,1133.42665961026,4842.89651735747,0,0,688.308500201866,8606.73588347559,0,"cyan",1
"751","Hanninghof_LMpred_FYM_Hanninghof_",1991,"potato","NP",60.8635973616457,8.55289247101393,53.0804925304598,74.9808648562241,11.280347315088,71.7648780425196,1141.87330044279,4863.32639962687,0,0,662.860877691534,8551.87519875545,0,"cyan",1
"752","Hanninghof_LMpred_FYM_Hanninghof_",1992,"rye","NP",86.2934775892804,20.045003624711,52.8083302490375,98.7711426247373,20.3360652764664,48.9829324879275,1141.87330044279,4863.32639962687,0,0,662.860877691534,8551.87519875545,0,"cyan",1
"753","Hanninghof_LMpred_FYM_Hanninghof_",1993,"oats","NP",61.9158740159395,14.6826760319236,40.0357652760666,72.3087985274658,17.3511160678829,47.0575017712967,1141.87330044279,4863.32639962687,0,0,662.860877691534,8551.87519875545,0,"cyan",1
"754","Hanninghof_LMpred_FYM_Hanninghof_",1994,"potato","NP",60.499062829858,8.20906476540985,49.0618004171091,74.4039552053013,11.2693907545605,70.3004399677963,1146.52579732136,4884.05526899803,0,0,673.262096886741,8496.73712443238,0,"cyan",1
"755","Hanninghof_LMpred_FYM_Hanninghof_",1995,"rye","NP",86.5218957051817,20.0126035033235,51.631203738837,100.658948786067,20.5999504292312,48.2351484445547,1146.52579732136,4884.05526899803,0,0,673.262096886741,8496.73712443238,0,"cyan",1
"756","Hanninghof_LMpred_FYM_Hanninghof_",1996,"oats","NP",62.0178580211918,14.3547527440312,37.9305058267617,73.8542091415842,17.5720977233124,46.3113750547063,1146.52579732136,4884.05526899803,0,0,673.262096886741,8496.73712443238,0,"cyan",1
"757","Hanninghof_LMpred_FYM_Hanninghof_",1997,"potato","NP",60.1345282980702,7.86523705980578,45.0431083037587,73.8244505184369,11.250879221515,68.8633143215925,1150.23234925692,4904.72786789946,0,0,673.910457404561,8445.15284608988,0,"cyan",1
"758","Hanninghof_LMpred_FYM_Hanninghof_",1998,"rye","NP",86.7503138210831,19.9802033819359,50.4540772286362,102.498238105266,20.8614227108595,47.4744295037929,1150.23234925692,4904.72786789946,0,0,673.910457404561,8445.15284608988,0,"cyan",1
"759","Hanninghof_LMpred_FYM_Hanninghof_",1999,"oats","NP",62.1198420264442,14.0268294561388,35.8252463774569,75.3680213302747,17.7907102163505,45.5558035649377,1150.23234925692,4904.72786789946,0,0,673.910457404561,8445.15284608988,0,"cyan",1
"760","Hanninghof_LMpred_FYM_Hanninghof_",2000,"potato","NP",59.7699937662824,7.5214093542017,41.0244161904083,73.2421393285239,11.224256232678,67.4519390028771,1158.13113312082,4925.60054625237,0,0,649.325427294304,8390.89484075062,0,"cyan",1
"761","Hanninghof_LMpred_FYM_Hanninghof_",2001,"rye","NP",86.9787319369844,19.9478032605484,49.2769507184357,104.288006724809,21.120385363226,46.7032289921635,1158.13113312082,4925.60054625237,0,0,649.325427294304,8390.89484075062,0,"cyan",1
"762","Hanninghof_LMpred_FYM_Hanninghof_",2002,"oats","NP",62.2218260316965,13.6989061682464,33.7199869281518,76.8487898082127,18.0068348918593,44.7930877019977,1158.13113312082,4925.60054625237,0,0,649.325427294304,8390.89484075062,0,"cyan",1
"763","Hanninghof_LMpred_FYM_Hanninghof_",2003,"potato","NP",59.4054592344945,7.17758164859763,37.0057240770576,72.6568986930489,11.1891102225973,66.0657687654154,1162.14365190624,4946.66871952789,0,0,659.047089918192,8336.35264433164,0,"cyan",1
"764","Hanninghof_LMpred_FYM_Hanninghof_",2004,"rye","NP",87.2071500528858,19.9154031391608,48.0998242082351,106.024950284378,21.3478261175106,45.9238771620814,1162.14365190624,4946.66871952789,0,0,659.047089918192,8336.35264433164,0,"cyan",1
"765","Hanninghof_LMpred_FYM_Hanninghof_",2005,"oats","NP",62.3238100369488,13.370982880354,31.6147274788469,78.2950438445055,18.1938277678852,44.0254666715007,1162.14365190624,4946.66871952789,0,0,659.047089918192,8336.35264433164,0,"cyan",1
"766","Hanninghof_LMpred_FYM_Hanninghof_",2006,"potato","NP",59.0409247027068,6.83375394299352,32.9870319637072,72.0688461938701,11.145383469165,64.7043961205225,1165.30485849958,4967.58137544909,0,0,659.627295694591,8285.22490269819,0,"cyan",1
"767","Hanninghof_LMpred_FYM_Hanninghof_",2007,"rye","NP",87.4355681687871,19.8830030177733,46.9226976980345,107.707205920567,21.4067029305694,45.1386531537923,1165.30485849958,4967.58137544909,0,0,659.627295694591,8285.22490269819,0,"cyan",1
"768","Hanninghof_LMpred_FYM_Hanninghof_",2008,"oats","NP",62.4257940422012,13.0430595924616,29.509468029542,79.7049696182811,18.2609830834716,43.2548134708184,1165.30485849958,4967.58137544909,0,0,659.627295694591,8285.22490269819,0,"cyan",1
"769","Hanninghof_LMpred_FYM_Hanninghof_",1961,"potato","NP",59.424525154788,8.86626863916753,85.5169197871341,63.2741940911939,10.1936192945494,83.5394706346611,1172.94005771736,4988.6262933335,0,0,635.914067882705,8231.55567201155,0,"cyan",1
"770","Hanninghof_LMpred_FYM_Hanninghof_",1962,"rye","NP",78.9248789055315,17.2441039506993,56.8291014742132,48.5003344299478,13.2466051577726,43.7206438384665,1172.94005771736,4988.6262933335,0,0,635.914067882705,8231.55567201155,0,"cyan",1
"771","Hanninghof_LMpred_FYM_Hanninghof_",1963,"oats","NP",55.8116164386805,14.8370080229603,53.337865892286,49.5175209322664,14.114813050782,51.3288913575234,1172.94005771736,4988.6262933335,0,0,635.914067882705,8231.55567201155,0,"cyan",1
"772","Hanninghof_LMpred_FYM_Hanninghof_",1964,"potato","NP",59.0599906230002,8.52244093356346,81.4982276737836,62.9571588963923,10.428913874217,82.9881453533335,1176.54224648383,5009.81078760217,0,0,645.039413168504,8177.61171872127,0,"cyan",1
"773","Hanninghof_LMpred_FYM_Hanninghof_",1965,"rye","NP",79.1532970214329,17.2117038293118,55.6519749640128,49.6432638837948,13.5875236659145,44.2358731442226,1176.54224648383,5009.81078760217,0,0,645.039413168504,8177.61171872127,0,"cyan",1
"774","Hanninghof_LMpred_FYM_Hanninghof_",1966,"oats","NP",55.9136004439328,14.5090847350679,51.2326064429811,51.3703443726648,14.5308017403686,51.4090615004917,1176.54224648383,5009.81078760217,0,0,645.039413168504,8177.61171872127,0,"cyan",1
"775","Hanninghof_LMpred_FYM_Hanninghof_",1967,"potato","NP",58.6954560912125,8.17861322795938,77.4795355604332,62.5373200784868,10.5956751930188,81.738362653468,1179.35831593095,5030.77905572166,0,0,645.593972733265,8126.96427361576,0,"cyan",1
"776","Hanninghof_LMpred_FYM_Hanninghof_",1968,"rye","NP",79.3817151373342,17.1793037079242,54.4748484538121,50.7862433297304,13.9092372399609,44.5519444856905,1179.35831593095,5030.77905572166,0,0,645.593972733265,8126.96427361576,0,"cyan",1
"777","Hanninghof_LMpred_FYM_Hanninghof_",1969,"oats","NP",56.0155844491852,14.1811614471756,49.127346993676,53.2034660963482,14.8929224827656,51.2377928801883,1179.35831593095,5030.77905572166,0,0,645.593972733265,8126.96427361576,0,"cyan",1
"778","Hanninghof_LMpred_FYM_Hanninghof_",1970,"potato","NP",58.3309215594247,7.83478552235528,73.4608434470828,62.1007263307803,10.7234768980675,80.3083072304724,1186.61594402797,5051.82249520539,0,0,620.486834559849,8073.49366966739,0,"cyan",1
"779","Hanninghof_LMpred_FYM_Hanninghof_",1971,"rye","NP",79.6101332532356,17.1469035865367,53.2977219436115,51.9291397947402,14.2186337502763,44.7368551278641,1186.61594402797,5051.82249520539,0,0,620.486834559849,8073.49366966739,0,"cyan",1
"780","Hanninghof_LMpred_FYM_Hanninghof_",1972,"oats","NP",56.1175684544375,13.8532381592832,47.0220875443711,55.0069655102913,15.2208491630174,50.9359178246797,1186.61594402797,5051.82249520539,0,0,620.486834559849,8073.49366966739,0,"cyan",1
"781","Hanninghof_LMpred_FYM_Hanninghof_",1973,"potato","NP",57.9663870276369,7.4909578167512,69.4421513337321,61.6587606640022,10.8285377831743,78.843035449508,1186.09799602313,5072.66230362294,0,0,623.514203124228,8018.43976977947,0,"cyan",1
"782","Hanninghof_LMpred_FYM_Hanninghof_",1974,"rye","NP",79.8385513691369,17.1145034651491,52.120595433411,53.072079948825,14.5193079390655,44.8205337950938,1186.09799602313,5072.66230362294,0,0,623.514203124228,8018.43976977947,0,"cyan",1
"783","Hanninghof_LMpred_FYM_Hanninghof_",1975,"oats","NP",56.2195524596899,13.5253148713908,44.9168280950663,56.7885046773154,15.5261374854634,50.5475358570475,1186.09799602313,5072.66230362294,0,0,623.514203124228,8018.43976977947,0,"cyan",1
"784","Hanninghof_LMpred_FYM_Hanninghof_",1976,"potato","NP",57.6018524958491,7.14713011114713,65.4234592203817,61.2142179085948,10.9198828978172,77.382458498528,1188.90383535444,5092.99810021363,0,0,625.832405468091,7966.07987810677,0,"cyan",1
"785","Hanninghof_LMpred_FYM_Hanninghof_",1977,"rye","NP",80.0669694850382,17.0821033437615,50.9434689232103,54.2150245351319,14.8133169648532,44.8186080044805,1188.90383535444,5092.99810021363,0,0,625.832405468091,7966.07987810677,0,"cyan",1
"786","Hanninghof_LMpred_FYM_Hanninghof_",1978,"oats","NP",56.3215364649422,13.1973915834984,42.8115686457614,58.5489256152713,15.8156624333924,50.0928855407527,1188.90383535444,5092.99810021363,0,0,625.832405468091,7966.07987810677,0,"cyan",1
"787","Hanninghof_LMpred_FYM_Hanninghof_",1979,"potato","NP",62.3217354887968,9.92820329343026,69.1552609838615,77.3769571691795,11.2989324192588,78.5777421217848,1196.74337999388,5113.47385493896,0,0,603.663120838144,7911.76176906947,0,"cyan",1
"788","Hanninghof_LMpred_FYM_Hanninghof_",1980,"rye","NP",85.3798051256751,20.1746041102612,57.5168362898398,90.8083366689462,19.2781395872785,52.0265313235395,1196.74337999388,5113.47385493896,0,0,603.663120838144,7911.76176906947,0,"cyan",1
"789","Hanninghof_LMpred_FYM_Hanninghof_",1981,"oats","NP",61.5079379949301,15.9943691834932,48.4568030732863,65.8501244340943,16.4583640779993,50.0416893288385,1196.74337999388,5113.47385493896,0,0,603.663120838144,7911.76176906947,0,"cyan",1
"790","Hanninghof_LMpred_FYM_Hanninghof_",1982,"potato","NP",61.957200957009,9.58437558782618,65.1365688705111,76.724499055398,11.2847006352258,76.4873936672515,1196.4538937132,5133.82476390613,0,0,607.719838210508,7856.52876249948,0,"cyan",1
"791","Hanninghof_LMpred_FYM_Hanninghof_",1983,"rye","NP",85.6082232415764,20.1422039888737,56.3397097796392,92.8472058440145,19.5385773135068,51.1762891976202,1196.4538937132,5133.82476390613,0,0,607.719838210508,7856.52876249948,0,"cyan",1
"792","Hanninghof_LMpred_FYM_Hanninghof_",1984,"oats","NP",61.6099220001824,15.6664458956008,46.3515436239814,67.4996686597289,16.6796836328119,49.2460675915912,1196.4538937132,5133.82476390613,0,0,607.719838210508,7856.52876249948,0,"cyan",1
"793","Hanninghof_LMpred_FYM_Hanninghof_",1985,"potato","NP",61.5926664252213,9.24054788222211,61.1178767571604,76.1330432532323,11.2845253372942,74.8110453532351,1199.47834266991,5153.7206313166,0,0,610.722540740482,7804.27999237791,0,"cyan",1
"794","Hanninghof_LMpred_FYM_Hanninghof_",1986,"rye","NP",85.8366413574778,20.1098038674861,55.1625832694385,94.8612037119684,19.8038573027692,50.4397029966209,1199.47834266991,5153.7206313166,0,0,610.722540740482,7804.27999237791,0,"cyan",1
"795","Hanninghof_LMpred_FYM_Hanninghof_",1987,"oats","NP",61.7119060054348,15.3385226077084,44.2462841746766,69.1293292927196,16.9038288587436,48.5172424132965,1199.47834266991,5153.7206313166,0,0,610.722540740482,7804.27999237791,0,"cyan",1
"796","Hanninghof_LMpred_FYM_Hanninghof_",1988,"potato","NP",61.2281318934335,8.896720176618,57.0991846438102,75.5560943190203,11.2847253183593,73.2618731746769,1207.69843243643,5173.81601621279,0,0,589.790627609161,7750.400860156,0,"cyan",1
"797","Hanninghof_LMpred_FYM_Hanninghof_",1989,"rye","NP",86.0650594733791,20.0774037460986,53.9854567592379,96.8375962078802,20.0703477258025,49.7165330203212,1207.69843243643,5173.81601621279,0,0,589.790627609161,7750.400860156,0,"cyan",1
"798","Hanninghof_LMpred_FYM_Hanninghof_",1990,"oats","NP",61.8138900106871,15.010599319816,42.1410247253715,70.7332646294277,17.1281232254518,47.7923663117979,1207.69843243643,5173.81601621279,0,0,589.790627609161,7750.400860156,0,"cyan",1
"799","Hanninghof_LMpred_FYM_Hanninghof_",1991,"potato","NP",60.8635973616457,8.55289247101393,53.0804925304598,74.9808648562241,11.280347315088,71.7648780425196,1207.47886276356,5193.83172858289,0,0,593.949099664947,7695.80268510359,0,"cyan",1
"800","Hanninghof_LMpred_FYM_Hanninghof_",1992,"rye","NP",86.2934775892804,20.045003624711,52.8083302490375,98.7711426247373,20.3360652764664,48.9829324879275,1207.47886276356,5193.83172858289,0,0,593.949099664947,7695.80268510359,0,"cyan",1
"801","Hanninghof_LMpred_FYM_Hanninghof_",1993,"oats","NP",61.9158740159395,14.6826760319236,40.0357652760666,72.3087985274658,17.3511160678829,47.0575017712967,1207.47886276356,5193.83172858289,0,0,593.949099664947,7695.80268510359,0,"cyan",1
"802","Hanninghof_LMpred_FYM_Hanninghof_",1994,"potato","NP",60.499062829858,8.20906476540985,49.0618004171091,74.4039552053013,11.2693907545605,70.3004399677963,1210.59149671729,5213.41526577041,0,0,597.035664055828,7644.19887829942,0,"cyan",1
"803","Hanninghof_LMpred_FYM_Hanninghof_",1995,"rye","NP",86.5218957051817,20.0126035033235,51.631203738837,100.658948786067,20.5999504292312,48.2351484445547,1210.59149671729,5213.41526577041,0,0,597.035664055828,7644.19887829942,0,"cyan",1
"804","Hanninghof_LMpred_FYM_Hanninghof_",1996,"oats","NP",62.0178580211918,14.3547527440312,37.9305058267617,73.8542091415842,17.5720977233124,46.3113750547063,1210.59149671729,5213.41526577041,0,0,597.035664055828,7644.19887829942,0,"cyan",1
"805","Hanninghof_LMpred_FYM_Hanninghof_",1997,"potato","NP",60.1345282980702,7.86523705980578,45.0431083037587,73.8244505184369,11.250879221515,68.8633143215925,1219.08580185155,5233.2362353178,0,0,576.875914807254,7591.09675437331,0,"cyan",1
"806","Hanninghof_LMpred_FYM_Hanninghof_",1998,"rye","NP",86.7503138210831,19.9802033819359,50.4540772286362,102.498238105266,20.8614227108595,47.4744295037929,1219.08580185155,5233.2362353178,0,0,576.875914807254,7591.09675437331,0,"cyan",1
"807","Hanninghof_LMpred_FYM_Hanninghof_",1999,"oats","NP",62.1198420264442,14.0268294561388,35.8252463774569,75.3680213302747,17.7907102163505,45.5558035649377,1219.08580185155,5233.2362353178,0,0,576.875914807254,7591.09675437331,0,"cyan",1
"808","Hanninghof_LMpred_FYM_Hanninghof_",2000,"potato","NP",59.7699937662824,7.5214093542017,41.0244161904083,73.2421393285239,11.224256232678,67.4519390028771,1218.84699895136,5253.00469049218,0,0,580.908847609109,7537.34728855114,0,"cyan",1
"809","Hanninghof_LMpred_FYM_Hanninghof_",2001,"rye","NP",86.9787319369844,19.9478032605484,49.2769507184357,104.288006724809,21.120385363226,46.7032289921635,1218.84699895136,5253.00469049218,0,0,580.908847609109,7537.34728855114,0,"cyan",1
"810","Hanninghof_LMpred_FYM_Hanninghof_",2002,"oats","NP",62.2218260316965,13.6989061682464,33.7199869281518,76.8487898082127,18.0068348918593,44.7930877019977,1218.84699895136,5253.00469049218,0,0,580.908847609109,7537.34728855114,0,"cyan",1
"811","Hanninghof_LMpred_FYM_Hanninghof_",2003,"potato","NP",59.4054592344945,7.17758164859763,37.0057240770576,72.6568986930489,11.1891102225973,66.0657687654154,1221.97454577545,5272.34902044264,0,0,583.93078522645,7486.532984622,0,"cyan",1
"812","Hanninghof_LMpred_FYM_Hanninghof_",2004,"rye","NP",87.2071500528858,19.9154031391608,48.0998242082351,106.024950284378,21.3478261175106,45.9238771620814,1221.97454577545,5272.34902044264,0,0,583.93078522645,7486.532984622,0,"cyan",1
"813","Hanninghof_LMpred_FYM_Hanninghof_",2005,"oats","NP",62.3238100369488,13.370982880354,31.6147274788469,78.2950438445055,18.1938277678852,44.0254666715007,1221.97454577545,5272.34902044264,0,0,583.93078522645,7486.532984622,0,"cyan",1
"814","Hanninghof_LMpred_FYM_Hanninghof_",2006,"potato","NP",59.0409247027068,6.83375394299352,32.9870319637072,72.0688461938701,11.145383469165,64.7043961205225,1230.68681491446,5291.95640398854,0,0,564.400326931572,7434.29856487436,0,"cyan",1
"815","Hanninghof_LMpred_FYM_Hanninghof_",2007,"rye","NP",87.4355681687871,19.8830030177733,46.9226976980345,107.707205920567,21.4067029305694,45.1386531537923,1230.68681491446,5291.95640398854,0,0,564.400326931572,7434.29856487436,0,"cyan",1
"816","Hanninghof_LMpred_FYM_Hanninghof_",2008,"oats","NP",62.4257940422012,13.0430595924616,29.509468029542,79.7049696182811,18.2609830834716,43.2548134708184,1230.68681491446,5291.95640398854,0,0,564.400326931572,7434.29856487436,0,"cyan",1
"817","Hanninghof_LMpred_FYM_Hanninghof_",1961,"potato","NP",59.424525154788,8.86626863916753,85.5169197871341,63.2741940911939,10.1936192945494,83.5394706346611,1230.37839924778,5311.52875437875,0,0,568.261008131564,7381.45495118644,0,"cyan",1
"818","Hanninghof_LMpred_FYM_Hanninghof_",1962,"rye","NP",78.9248789055315,17.2441039506993,56.8291014742132,48.5003344299478,13.2466051577726,43.7206438384665,1230.37839924778,5311.52875437875,0,0,568.261008131564,7381.45495118644,0,"cyan",1
"819","Hanninghof_LMpred_FYM_Hanninghof_",1963,"oats","NP",55.8116164386805,14.8370080229603,53.337865892286,49.5175209322664,14.114813050782,51.3288913575234,1230.37839924778,5311.52875437875,0,0,568.261008131564,7381.45495118644,0,"cyan",1
"820","Hanninghof_LMpred_FYM_Hanninghof_",1964,"potato","NP",59.0599906230002,8.52244093356346,81.4982276737836,62.9571588963923,10.428913874217,82.9881453533335,1233.47983558349,5330.67620197516,0,0,571.185961019707,7331.472496527,0,"cyan",1
"821","Hanninghof_LMpred_FYM_Hanninghof_",1965,"rye","NP",79.1532970214329,17.2117038293118,55.6519749640128,49.6432638837948,13.5875236659145,44.2358731442226,1233.47983558349,5330.67620197516,0,0,571.185961019707,7331.472496527,0,"cyan",1
"822","Hanninghof_LMpred_FYM_Hanninghof_",1966,"oats","NP",55.9136004439328,14.5090847350679,51.2326064429811,51.3703443726648,14.5308017403686,51.4090615004917,1233.47983558349,5330.67620197516,0,0,571.185961019707,7331.472496527,0,"cyan",1
"823","Hanninghof_LMpred_FYM_Hanninghof_",1967,"potato","NP",58.6954560912125,8.17861322795938,77.4795355604332,62.5373200784868,10.5956751930188,81.738362653468,1242.38076950169,5350.10587730239,0,0,552.226906987103,7280.13111059181,0,"cyan",1
"824","Hanninghof_LMpred_FYM_Hanninghof_",1968,"rye","NP",79.3817151373342,17.1793037079242,54.4748484538121,50.7862433297304,13.9092372399609,44.5519444856905,1242.38076950169,5350.10587730239,0,0,552.226906987103,7280.13111059181,0,"cyan",1
"825","Hanninghof_LMpred_FYM_Hanninghof_",1969,"oats","NP",56.0155844491852,14.1811614471756,49.127346993676,53.2034660963482,14.8929224827656,51.2377928801883,1242.38076950169,5350.10587730239,0,0,552.226906987103,7280.13111059181,0,"cyan",1
"826","Hanninghof_LMpred_FYM_Hanninghof_",1970,"potato","NP",58.3309215594247,7.83478552235528,73.4608434470828,62.1007263307803,10.7234768980675,80.3083072304724,1241.97418677007,5369.51250960478,0,0,555.914212156896,7228.20865697747,0,"cyan",1
"827","Hanninghof_LMpred_FYM_Hanninghof_",1971,"rye","NP",79.6101332532356,17.1469035865367,53.2977219436115,51.9291397947402,14.2186337502763,44.7368551278641,1241.97418677007,5369.51250960478,0,0,555.914212156896,7228.20865697747,0,"cyan",1
"828","Hanninghof_LMpred_FYM_Hanninghof_",1972,"oats","NP",56.1175684544375,13.8532381592832,47.0220875443711,55.0069655102913,15.2208491630174,50.9359178246797,1241.97418677007,5369.51250960478,0,0,555.914212156896,7228.20865697747,0,"cyan",1
"829","Hanninghof_LMpred_FYM_Hanninghof_",1973,"potato","NP",57.9663870276369,7.4909578167512,69.4421513337321,61.6587606640022,10.8285377831743,78.843035449508,1245.02585461971,5388.48874403183,0,0,558.739399254149,7179.07209482551,0,"cyan",1
"830","Hanninghof_LMpred_FYM_Hanninghof_",1974,"rye","NP",79.8385513691369,17.1145034651491,52.120595433411,53.072079948825,14.5193079390655,44.8205337950938,1245.02585461971,5388.48874403183,0,0,558.739399254149,7179.07209482551,0,"cyan",1
"831","Hanninghof_LMpred_FYM_Hanninghof_",1975,"oats","NP",56.2195524596899,13.5253148713908,44.9168280950663,56.7885046773154,15.5261374854634,50.5475358570475,1245.02585461971,5388.48874403183,0,0,558.739399254149,7179.07209482551,0,"cyan",1
"832","Hanninghof_LMpred_FYM_Hanninghof_",1976,"potato","NP",57.6018524958491,7.14713011114713,65.4234592203817,61.2142179085948,10.9198828978172,77.382458498528,1254.10116280418,5407.76255662584,0,0,540.317408526853,7128.63077123121,0,"cyan",1
"833","Hanninghof_LMpred_FYM_Hanninghof_",1977,"rye","NP",80.0669694850382,17.0821033437615,50.9434689232103,54.2150245351319,14.8133169648532,44.8186080044805,1254.10116280418,5407.76255662584,0,0,540.317408526853,7128.63077123121,0,"cyan",1
"834","Hanninghof_LMpred_FYM_Hanninghof_",1978,"oats","NP",56.3215364649422,13.1973915834984,42.8115686457614,58.5489256152713,15.8156624333924,50.0928855407527,1254.10116280418,5407.76255662584,0,0,540.317408526853,7128.63077123121,0,"cyan",1
"835","Hanninghof_LMpred_FYM_Hanninghof_",1979,"potato","NP",62.3217354887968,9.92820329343026,69.1552609838615,77.3769571691795,11.2989324192588,78.5777421217848,1253.57999562525,5427.02230109391,0,0,543.841069873891,7077.63268038038,0,"cyan",1
"836","Hanninghof_LMpred_FYM_Hanninghof_",1980,"rye","NP",85.3798051256751,20.1746041102612,57.5168362898398,90.8083366689462,19.2781395872785,52.0265313235395,1253.57999562525,5427.02230109391,0,0,543.841069873891,7077.63268038038,0,"cyan",1
"837","Hanninghof_LMpred_FYM_Hanninghof_",1981,"oats","NP",61.5079379949301,15.9943691834932,48.4568030732863,65.8501244340943,16.4583640779993,50.0416893288385,1253.57999562525,5427.02230109391,0,0,543.841069873891,7077.63268038038,0,"cyan",1
"838","Hanninghof_LMpred_FYM_Hanninghof_",1982,"potato","NP",61.957200957009,9.58437558782618,65.1365688705111,76.724499055398,11.2847006352258,76.4873936672515,1256.56828437251,5445.8433021303,0,0,546.570567654388,7029.34737903495,0,"cyan",1
"839","Hanninghof_LMpred_FYM_Hanninghof_",1983,"rye","NP",85.6082232415764,20.1422039888737,56.3397097796392,92.8472058440145,19.5385773135068,51.1762891976202,1256.56828437251,5445.8433021303,0,0,546.570567654388,7029.34737903495,0,"cyan",1
"840","Hanninghof_LMpred_FYM_Hanninghof_",1984,"oats","NP",61.6099220001824,15.6664458956008,46.3515436239814,67.4996686597289,16.6796836328119,49.2460675915912,1256.56828437251,5445.8433021303,0,0,546.570567654388,7029.34737903495,0,"cyan",1
"841","Hanninghof_LMpred_FYM_Hanninghof_",1985,"potato","NP",61.5926664252213,9.24054788222211,61.1178767571604,76.1330432532323,11.2845253372942,74.8110453532351,1265.81206494641,5464.97526532372,0,0,528.658903028278,6979.80710465818,0,"cyan",1
"842","Hanninghof_LMpred_FYM_Hanninghof_",1986,"rye","NP",85.8366413574778,20.1098038674861,55.1625832694385,94.8612037119684,19.8038573027692,50.4397029966209,1265.81206494641,5464.97526532372,0,0,528.658903028278,6979.80710465818,0,"cyan",1
"843","Hanninghof_LMpred_FYM_Hanninghof_",1987,"oats","NP",61.7119060054348,15.3385226077084,44.2462841746766,69.1293292927196,16.9038288587436,48.5172424132965,1265.81206494641,5464.97526532372,0,0,528.658903028278,6979.80710465818,0,"cyan",1
"844","Hanninghof_LMpred_FYM_Hanninghof_",1988,"potato","NP",61.2281318934335,8.896720176618,57.0991846438102,75.5560943190203,11.2847253183593,73.2618731746769,1265.16644673469,5484.10049817221,0,0,532.030508221591,6929.7322704727,0,"cyan",1
"845","Hanninghof_LMpred_FYM_Hanninghof_",1989,"rye","NP",86.0650594733791,20.0774037460986,53.9854567592379,96.8375962078802,20.0703477258025,49.7165330203212,1265.16644673469,5484.10049817221,0,0,532.030508221591,6929.7322704727,0,"cyan",1
"846","Hanninghof_LMpred_FYM_Hanninghof_",1990,"oats","NP",61.8138900106871,15.010599319816,42.1410247253715,70.7332646294277,17.1281232254518,47.7923663117979,1265.16644673469,5484.10049817221,0,0,532.030508221591,6929.7322704727,0,"cyan",1
"847","Hanninghof_LMpred_FYM_Hanninghof_",1991,"potato","NP",60.8635973616457,8.55289247101393,53.0804925304598,74.9808648562241,11.280347315088,71.7648780425196,1268.08322178838,5502.77688822667,0,0,534.669747257541,6882.29994373475,0,"cyan",1
"848","Hanninghof_LMpred_FYM_Hanninghof_",1992,"rye","NP",86.2934775892804,20.045003624711,52.8083302490375,98.7711426247373,20.3360652764664,48.9829324879275,1268.08322178838,5502.77688822667,0,0,534.669747257541,6882.29994373475,0,"cyan",1
"849","Hanninghof_LMpred_FYM_Hanninghof_",1993,"oats","NP",61.9158740159395,14.6826760319236,40.0357652760666,72.3087985274658,17.3511160678829,47.0575017712967,1268.08322178838,5502.77688822667,0,0,534.669747257541,6882.29994373475,0,"cyan",1
"850","Hanninghof_LMpred_FYM_Hanninghof_",1994,"potato","NP",60.499062829858,8.20906476540985,49.0618004171091,74.4039552053013,11.2693907545605,70.3004399677963,1277.49440024794,5521.77659954451,0,0,517.244939330194,6833.65898289668,0,"cyan",1
"851","Hanninghof_LMpred_FYM_Hanninghof_",1995,"rye","NP",86.5218957051817,20.0126035033235,51.631203738837,100.658948786067,20.5999504292312,48.2351484445547,1277.49440024794,5521.77659954451,0,0,517.244939330194,6833.65898289668,0,"cyan",1
"852","Hanninghof_LMpred_FYM_Hanninghof_",1996,"oats","NP",62.0178580211918,14.3547527440312,37.9305058267617,73.8542091415842,17.5720977233124,46.3113750547063,1277.49440024794,5521.77659954451,0,0,517.244939330194,6833.65898289668,0,"cyan",1
"853","Hanninghof_LMpred_FYM_Hanninghof_",1997,"potato","NP",60.1345282980702,7.86523705980578,45.0431083037587,73.8244505184369,11.250879221515,68.8633143215925,1276.74476019232,5540.77841348262,0,0,520.475922573484,6784.50412249131,0,"cyan",1
"854","Hanninghof_LMpred_FYM_Hanninghof_",1998,"rye","NP",86.7503138210831,19.9802033819359,50.4540772286362,102.498238105266,20.8614227108595,47.4744295037929,1276.74476019232,5540.77841348262,0,0,520.475922573484,6784.50412249131,0,"cyan",1
"855","Hanninghof_LMpred_FYM_Hanninghof_",1999,"oats","NP",62.1198420264442,14.0268294561388,35.8252463774569,75.3680213302747,17.7907102163505,45.5558035649377,1276.74476019232,5540.77841348262,0,0,520.475922573484,6784.50412249131,0,"cyan",1
"856","Hanninghof_LMpred_FYM_Hanninghof_",2000,"potato","NP",59.7699937662824,7.5214093542017,41.0244161904083,73.2421393285239,11.224256232678,67.4519390028771,1279.60584948503,5559.32349642202,0,0,523.030226148016,6737.92435224528,0,"cyan",1
"857","Hanninghof_LMpred_FYM_Hanninghof_",2001,"rye","NP",86.9787319369844,19.9478032605484,49.2769507184357,104.288006724809,21.120385363226,46.7032289921635,1279.60584948503,5559.32349642202,0,0,523.030226148016,6737.92435224528,0,"cyan",1
"858","Hanninghof_LMpred_FYM_Hanninghof_",2002,"oats","NP",62.2218260316965,13.6989061682464,33.7199869281518,76.8487898082127,18.0068348918593,44.7930877019977,1279.60584948503,5559.32349642202,0,0,523.030226148016,6737.92435224528,0,"cyan",1
"859","Hanninghof_LMpred_FYM_Hanninghof_",2003,"potato","NP",59.4054592344945,7.17758164859763,37.0057240770576,72.6568986930489,11.1891102225973,66.0657687654154,1289.17955531494,5578.20440712295,0,0,506.070921527943,6690.17926074482,0,"cyan",1
"860","Hanninghof_LMpred_FYM_Hanninghof_",2004,"rye","NP",87.2071500528858,19.9154031391608,48.0998242082351,106.024950284378,21.3478261175106,45.9238771620814,1289.17955531494,5578.20440712295,0,0,506.070921527943,6690.17926074482,0,"cyan",1
"861","Hanninghof_LMpred_FYM_Hanninghof_",2005,"oats","NP",62.3238100369488,13.370982880354,31.6147274788469,78.2950438445055,18.1938277678852,44.0254666715007,1289.17955531494,5578.20440712295,0,0,506.070921527943,6690.17926074482,0,"cyan",1
"862","Hanninghof_LMpred_FYM_Hanninghof_",2006,"potato","NP",59.0409247027068,6.83375394299352,32.9870319637072,72.0688461938701,11.145383469165,64.7043961205225,1288.4708947903,5597.10636471702,0,0,509.171885417028,6641.93964370195,0,"cyan",1
"863","Hanninghof_LMpred_FYM_Hanninghof_",2007,"rye","NP",87.4355681687871,19.8830030177733,46.9226976980345,107.707205920567,21.4067029305694,45.1386531537923,1288.4708947903,5597.10636471702,0,0,509.171885417028,6641.93964370195,0,"cyan",1
"864","Hanninghof_LMpred_FYM_Hanninghof_",2008,"oats","NP",62.4257940422012,13.0430595924616,29.509468029542,79.7049696182811,18.2609830834716,43.2548134708184,1288.4708947903,5597.10636471702,0,0,509.171885417028,6641.93964370195,0,"cyan",1
"865","Hanninghof_LMpred_FYM_Hanninghof_",1961,"potato","NPKMg",81.6261056989986,11.9447539824307,144.852932309766,63.2757163137298,10.1936233083802,108.243649393564,1054.38238272954,4681.04089691552,0,0,948.351290977932,9404.73152938936,0,"magenta",1
"866","Hanninghof_LMpred_FYM_Hanninghof_",1962,"rye","NPKMg",86.7075398474363,18.3728275541993,80.4136200689752,48.500327030625,13.246603146555,45.5003453234968,1054.38238272954,4681.04089691552,0,0,948.351290977932,9404.73152938936,0,"magenta",1
"867","Hanninghof_LMpred_FYM_Hanninghof_",1963,"oats","NPKMg",65.350890607504,18.0814463029604,86.6191411916978,49.5175162870423,14.1148087625865,62.798155061601,1054.38238272954,4681.04089691552,0,0,948.351290977932,9404.73152938936,0,"magenta",1
"868","Hanninghof_LMpred_FYM_Hanninghof_",1964,"potato","NPKMg",81.2615711672108,11.6009262768266,140.834240196415,63.1129171458325,10.4289166795727,110.347848568454,1069.36249485861,4695.46716147806,0,0,948.560719191631,9429.0784517821,0,"magenta",1
"869","Hanninghof_LMpred_FYM_Hanninghof_",1965,"rye","NPKMg",86.9359579633376,18.3404274328118,79.2364935587747,49.6432659010422,13.5875348191968,46.6432849467786,1069.36249485861,4695.46716147806,0,0,948.560719191631,9429.0784517821,0,"magenta",1
"870","Hanninghof_LMpred_FYM_Hanninghof_",1966,"oats","NPKMg",65.4528746127563,17.753523015068,84.513881742393,51.3704081924188,14.5307918730181,64.6465503936301,1069.36249485861,4695.46716147806,0,0,948.560719191631,9429.0784517821,0,"magenta",1
"871","Hanninghof_LMpred_FYM_Hanninghof_",1967,"potato","NPKMg",80.897036635423,11.2570985712225,136.815548083065,62.8889059805009,10.5956684823946,111.167040769727,1079.86936549524,4711.31368769488,0,0,977.223831971435,9454.5149936788,0,"magenta",1
"872","Hanninghof_LMpred_FYM_Hanninghof_",1968,"rye","NPKMg",87.164376079239,18.3080273114243,78.059367048574,50.7862021728156,13.9092330331624,47.7862049949196,1079.86936549524,4711.31368769488,0,0,977.223831971435,9454.5149936788,0,"magenta",1
"873","Hanninghof_LMpred_FYM_Hanninghof_",1969,"oats","NPKMg",65.5548586180087,17.4255997271756,82.4086222930879,53.2139052879997,14.8929353790202,66.2236687921333,1079.86936549524,4711.31368769488,0,0,977.223831971435,9454.5149936788,0,"magenta",1
"874","Hanninghof_LMpred_FYM_Hanninghof_",1970,"potato","NPKMg",80.5325021036352,10.9132708656184,132.796855969714,62.6314817135497,10.7234627858114,111.60136725529,1088.59408298849,4728.07416143905,0,0,983.736440835798,9484.80422975284,0,"magenta",1
"875","Hanninghof_LMpred_FYM_Hanninghof_",1971,"rye","NPKMg",87.3927941951403,18.2756271900367,76.8822405383734,51.9291396681443,14.2186448477564,48.9291396801451,1088.59408298849,4728.07416143905,0,0,983.736440835798,9484.80422975284,0,"magenta",1
"876","Hanninghof_LMpred_FYM_Hanninghof_",1972,"oats","NPKMg",65.656842623261,17.0976764392832,80.303362843783,55.0483980843704,15.2208407382476,67.6684735646335,1088.59408298849,4728.07416143905,0,0,983.736440835798,9484.80422975284,0,"magenta",1
"877","Hanninghof_LMpred_FYM_Hanninghof_",1973,"potato","NPKMg",80.1679675718474,10.5694431600144,128.778163856364,62.3542187486856,10.8285337160376,111.906925122581,1100.04041773229,4745.79891001568,0,0,974.298735551199,9516.69408646899,0,"magenta",1
"878","Hanninghof_LMpred_FYM_Hanninghof_",1974,"rye","NPKMg",87.6212123110416,18.2432270686491,75.7051140281729,53.0720830558816,14.5193209056448,50.0721034179287,1100.04041773229,4745.79891001568,0,0,974.298735551199,9516.69408646899,0,"magenta",1
"879","Hanninghof_LMpred_FYM_Hanninghof_",1975,"oats","NPKMg",65.7588266285134,16.7697531513908,78.1981033944781,56.874141873461,15.5261243558072,69.0284753066608,1100.04041773229,4745.79891001568,0,0,974.298735551199,9516.69408646899,0,"magenta",1
"880","Hanninghof_LMpred_FYM_Hanninghof_",1976,"potato","NPKMg",79.8034330400597,10.2256154544103,124.759471743013,62.0641190237341,10.9198319623645,112.158250230948,1107.50592359901,4764.34586932976,0,0,997.078543403458,9546.87099366995,0,"magenta",1
"881","Hanninghof_LMpred_FYM_Hanninghof_",1977,"rye","NPKMg",87.849630426943,18.2108269472616,74.5279875179722,54.2150686001478,14.8133312517847,51.2152303435524,1107.50592359901,4764.34586932976,0,0,997.078543403458,9546.87099366995,0,"magenta",1
"882","Hanninghof_LMpred_FYM_Hanninghof_",1978,"oats","NPKMg",65.8608106337657,16.4418298634984,76.0928439451733,58.6915639983263,15.8156691240788,70.3224177333539,1107.50592359901,4764.34586932976,0,0,997.078543403458,9546.87099366995,0,"magenta",1
"883","Hanninghof_LMpred_FYM_Hanninghof_",1979,"potato","NPKMg",84.5233160330074,13.0066886366934,128.491273506493,79.3275996043129,11.6128697415806,119.368877302503,1113.62389668953,4783.29710436622,0,0,998.924651141303,9579.97833553847,0,"magenta",1
"884","Hanninghof_LMpred_FYM_Hanninghof_",1980,"rye","NPKMg",93.1624660675798,21.3033277137612,81.1013548846017,91.3993167989711,19.2749921290529,74.7108501968942,1113.62389668953,4783.29710436622,0,0,998.924651141303,9579.97833553847,0,"magenta",1
"885","Hanninghof_LMpred_FYM_Hanninghof_",1981,"oats","NPKMg",71.0472121637536,19.2388074634932,81.7380783726981,66.047437810182,16.4559229571479,73.4032867117649,1113.62389668953,4783.29710436622,0,0,998.924651141303,9579.97833553847,0,"magenta",1
"886","Hanninghof_LMpred_FYM_Hanninghof_",1982,"potato","NPKMg",84.1587815012196,12.6628609310893,124.472581393143,79.0953138659054,11.6848157400508,119.026392561471,1123.12309568388,4802.80223688949,0,0,987.103418141792,9613.43252776824,0,"magenta",1
"887","Hanninghof_LMpred_FYM_Hanninghof_",1983,"rye","NPKMg",93.3908841834812,21.2709275923737,79.9242283744012,93.6540677391228,19.5324328084358,75.319253550314,1123.12309568388,4802.80223688949,0,0,987.103418141792,9613.43252776824,0,"magenta",1
"888","Hanninghof_LMpred_FYM_Hanninghof_",1984,"oats","NPKMg",71.1491961690059,18.9108841756008,79.6328189233933,67.8056514766859,16.6749025929764,74.0478596572133,1123.12309568388,4802.80223688949,0,0,987.103418141792,9613.43252776824,0,"magenta",1
"889","Hanninghof_LMpred_FYM_Hanninghof_",1985,"potato","NPKMg",83.7942469694319,12.3190332254853,120.453889279792,78.8657366887506,11.763678906304,119.383840054261,1128.82179889521,4822.794300645,0,0,1007.94565502811,9644.40408588701,0,"magenta",1
"890","Hanninghof_LMpred_FYM_Hanninghof_",1986,"rye","NPKMg",93.6193022993825,21.2385274709861,78.7471018642004,95.9032310683206,19.7947890751877,76.1332275480986,1128.82179889521,4822.794300645,0,0,1007.94565502811,9644.40408588701,0,"magenta",1
"891","Hanninghof_LMpred_FYM_Hanninghof_",1987,"oats","NPKMg",71.2511801742583,18.5829608877084,77.5275594740884,69.5587434936506,16.8967359093235,74.8303724190841,1128.82179889521,4822.794300645,0,0,1007.94565502811,9644.40408588701,0,"magenta",1
"892","Hanninghof_LMpred_FYM_Hanninghof_",1988,"potato","NPKMg",83.4297124376441,11.9752055198812,116.435197166442,78.6345638227462,11.8456053379232,119.936810665102,1133.4245064698,4842.89865769139,0,0,1008.06223996246,9677.66383216053,0,"magenta",1
"893","Hanninghof_LMpred_FYM_Hanninghof_",1989,"rye","NPKMg",93.8477204152838,21.2061273495986,77.5699753539999,98.1460293522223,20.0582868955567,76.982433982711,1133.4245064698,4842.89865769139,0,0,1008.06223996246,9677.66383216053,0,"magenta",1
"894","Hanninghof_LMpred_FYM_Hanninghof_",1990,"oats","NPKMg",71.3531641795106,18.255037599816,75.4223000247833,71.3061285867178,17.11860800986,75.6268481368665,1133.4245064698,4842.89865769139,0,0,1008.06223996246,9677.66383216053,0,"magenta",1
"895","Hanninghof_LMpred_FYM_Hanninghof_",1991,"potato","NPKMg",83.0651779058563,11.6313778142771,112.416505053091,78.3996645997902,11.9284831637073,120.536606721544,1141.87142386754,4863.32827750783,0,0,995.978418698557,9710.94628616915,0,"magenta",1
"896","Hanninghof_LMpred_FYM_Hanninghof_",1992,"rye","NPKMg",94.0761385311852,21.173727228211,76.3928488437994,100.38192712126,20.3207808041332,77.817743842714,1141.87142386754,4863.32827750783,0,0,995.978418698557,9710.94628616915,0,"magenta",1
"897","Hanninghof_LMpred_FYM_Hanninghof_",1993,"oats","NPKMg",71.455148184763,17.9271143119236,73.3170405754784,73.0474176261573,17.339012990791,76.4026849869168,1141.87142386754,4863.32827750783,0,0,995.978418698557,9710.94628616915,0,"magenta",1
"898","Hanninghof_LMpred_FYM_Hanninghof_",1994,"potato","NPKMg",82.7006433740685,11.287550108673,108.397812939741,78.1598917252774,12.0110909099346,120.95370407267,1146.52326065263,4884.05779587499,0,0,1016.02660449464,9741.56896069293,0,"magenta",1
"899","Hanninghof_LMpred_FYM_Hanninghof_",1995,"rye","NPKMg",94.3045566470865,21.1413271068235,75.2157223335989,102.610771864692,20.581157893183,78.6331964297679,1146.52326065263,4884.05779587499,0,0,1016.02660449464,9741.56896069293,0,"magenta",1
"900","Hanninghof_LMpred_FYM_Hanninghof_",1996,"oats","NPKMg",71.5571321900153,17.5991910240312,71.2117811261736,74.7824830932421,17.5571345052669,77.1551522506569,1146.52326065263,4884.05779587499,0,0,1016.02660449464,9741.56896069293,0,"magenta",1
"901","Hanninghof_LMpred_FYM_Hanninghof_",1997,"potato","NPKMg",82.3361088422807,10.9437224030689,104.37912082639,77.9148034905512,12.0927747304133,121.120872150828,1150.22984340606,4904.73037238331,0,0,1015.31259351117,9774.21449811177,0,"magenta",1
"902","Hanninghof_LMpred_FYM_Hanninghof_",1998,"rye","NPKMg",94.5329747629878,21.1089269854359,74.0385958233981,104.83225593122,20.8388134570676,79.4303420242183,1150.22984340606,4904.73037238331,0,0,1015.31259351117,9774.21449811177,0,"magenta",1
"903","Hanninghof_LMpred_FYM_Hanninghof_",1999,"oats","NPKMg",71.6591161952677,17.2712677361388,69.1065216768687,76.5111814157561,17.7726654115959,77.8851112863204,1150.22984340606,4904.73037238331,0,0,1015.31259351117,9774.21449811177,0,"magenta",1
"904","Hanninghof_LMpred_FYM_Hanninghof_",2000,"potato","NPKMg",81.9715743104929,10.5998946974649,100.36042871304,77.6642337317882,12.1731642750497,121.273223253543,1158.12897583921,4925.60270623412,0,0,1003.58123543003,9806.83893107032,0,"magenta",1
"905","Hanninghof_LMpred_FYM_Hanninghof_",2001,"rye","NPKMg",94.7613928788892,21.0765268640484,72.8614693131976,107.046414364101,21.0934865945116,80.2038529644685,1158.12897583921,4925.60270623412,0,0,1003.58123543003,9806.83893107032,0,"magenta",1
"906","Hanninghof_LMpred_FYM_Hanninghof_",2002,"oats","NPKMg",71.76110020052,16.9433444482464,67.0012622275636,78.2335665378122,17.9853496464211,78.590619883664,1158.12897583921,4925.60270623412,0,0,1003.58123543003,9806.83893107032,0,"magenta",1
"907","Hanninghof_LMpred_FYM_Hanninghof_",2003,"potato","NPKMg",81.6070397787051,10.2560669918608,96.3417365996893,77.4082457276393,12.2520755920143,121.415968762574,1162.14082232102,4946.67153884666,0,0,1023.15352166119,9836.79454142122,0,"magenta",1
"908","Hanninghof_LMpred_FYM_Hanninghof_",2004,"rye","NPKMg",94.9898109947905,21.0441267426608,71.6843428029971,109.253263830617,21.3450779941082,80.9527289823251,1162.14082232102,4946.67153884666,0,0,1023.15352166119,9836.79454142122,0,"magenta",1
"909","Hanninghof_LMpred_FYM_Hanninghof_",2005,"oats","NPKMg",71.8630842057723,16.6154211603541,64.8960027782587,79.9496375513469,18.1951964434374,79.2709348927669,1162.14082232102,4946.67153884666,0,0,1023.15352166119,9836.79454142122,0,"magenta",1
"910","Hanninghof_LMpred_FYM_Hanninghof_",2006,"potato","NPKMg",81.2425052469173,9.91223928625668,92.3230444863389,77.1468950228401,12.3293799020833,121.547272293267,1165.30229693327,4967.58393987861,0,0,1021.89797679001,9868.62161098575,0,"magenta",1
"911","Hanninghof_LMpred_FYM_Hanninghof_",2007,"rye","NPKMg",95.2182291106918,21.0117266212733,70.5072162927964,111.452779882807,21.5935779788103,81.6777234600733,1165.30229693327,4967.58393987861,0,0,1021.89797679001,9868.62161098575,0,"magenta",1
"912","Hanninghof_LMpred_FYM_Hanninghof_",2008,"oats","NPKMg",71.9650682110247,16.2874978724617,62.7907433289539,81.65931633053,18.4022135268064,79.9270633913388,1165.30229693327,4967.58393987861,0,0,1021.89797679001,9868.62161098575,0,"magenta",1
"913","Hanninghof_LMpred_FYM_Hanninghof_",1961,"potato","NPKMg",81.6261056989986,11.9447539824307,144.852932309766,63.2757163137298,10.1936233083802,108.243649393564,1172.93787179788,4988.62853305163,0,0,1010.69444077063,9900.46689677417,0,"magenta",1
"914","Hanninghof_LMpred_FYM_Hanninghof_",1962,"rye","NPKMg",86.7075398474363,18.3728275541993,80.4136200689752,48.500327030625,13.246603146555,45.5003453234968,1172.93787179788,4988.62853305163,0,0,1010.69444077063,9900.46689677417,0,"magenta",1
"915","Hanninghof_LMpred_FYM_Hanninghof_",1963,"oats","NPKMg",65.350890607504,18.0814463029604,86.6191411916978,49.5175162870423,14.1148087625865,62.798155061601,1172.93787179788,4988.62853305163,0,0,1010.69444077063,9900.46689677417,0,"magenta",1
"916","Hanninghof_LMpred_FYM_Hanninghof_",1964,"potato","NPKMg",81.2615711672108,11.6009262768266,140.834240196415,63.1129171458325,10.4289166795727,110.347848568454,1176.53976450446,5009.81330909327,0,0,1029.86753052335,9929.6785766779,0,"magenta",1
"917","Hanninghof_LMpred_FYM_Hanninghof_",1965,"rye","NPKMg",86.9359579633376,18.3404274328118,79.2364935587747,49.6432659010422,13.5875348191968,46.6432849467786,1176.53976450446,5009.81330909327,0,0,1029.86753052335,9929.6785766779,0,"magenta",1
"918","Hanninghof_LMpred_FYM_Hanninghof_",1966,"oats","NPKMg",65.4528746127563,17.753523015068,84.513881742393,51.3704081924188,14.5307918730181,64.6465503936301,1176.53976450446,5009.81330909327,0,0,1029.86753052335,9929.6785766779,0,"magenta",1
"919","Hanninghof_LMpred_FYM_Hanninghof_",1967,"potato","NPKMg",80.897036635423,11.2570985712225,136.815548083065,62.8889059805009,10.5956684823946,111.167040769727,1179.35575847386,5030.78164599979,0,0,1028.17845334938,9960.64523611851,0,"magenta",1
"920","Hanninghof_LMpred_FYM_Hanninghof_",1968,"rye","NPKMg",87.164376079239,18.3080273114243,78.059367048574,50.7862021728156,13.9092330331624,47.7862049949196,1179.35575847386,5030.78164599979,0,0,1028.17845334938,9960.64523611851,0,"magenta",1
"921","Hanninghof_LMpred_FYM_Hanninghof_",1969,"oats","NPKMg",65.5548586180087,17.4255997271756,82.4086222930879,53.2139052879997,14.8929353790202,66.2236687921333,1179.35575847386,5030.78164599979,0,0,1028.17845334938,9960.64523611851,0,"magenta",1
"922","Hanninghof_LMpred_FYM_Hanninghof_",1970,"potato","NPKMg",80.5325021036352,10.9132708656184,132.796855969714,62.6314817135497,10.7234627858114,111.60136725529,1186.32088132292,5051.80365340915,0,0,1011.62971142734,9990.62510073806,0,"magenta",1
"923","Hanninghof_LMpred_FYM_Hanninghof_",1971,"rye","NPKMg",87.3927941951403,18.2756271900367,76.8822405383734,51.9291396681443,14.2186448477564,48.9291396801451,1186.32088132292,5051.80365340915,0,0,1011.62971142734,9990.62510073806,0,"magenta",1
"924","Hanninghof_LMpred_FYM_Hanninghof_",1972,"oats","NPKMg",65.656842623261,17.0976764392832,80.303362843783,55.0483980843704,15.2208407382476,67.6684735646335,1186.32088132292,5051.80365340915,0,0,1011.62971142734,9990.62510073806,0,"magenta",1
"925","Hanninghof_LMpred_FYM_Hanninghof_",1973,"potato","NPKMg",80.1679675718474,10.5694431600144,128.778163856364,62.3542187486856,10.8285337160376,111.906925122581,1185.84604847141,5072.60349413161,0,0,1013.11708419948,10014.026877769,0,"magenta",1
"926","Hanninghof_LMpred_FYM_Hanninghof_",1974,"rye","NPKMg",87.6212123110416,18.2432270686491,75.7051140281729,53.0720830558816,14.5193209056448,50.0721034179287,1185.84604847141,5072.60349413161,0,0,1013.11708419948,10014.026877769,0,"magenta",1
"927","Hanninghof_LMpred_FYM_Hanninghof_",1975,"oats","NPKMg",65.7588266285134,16.7697531513908,78.1981033944781,56.874141873461,15.5261243558072,69.0284753066608,1185.84604847141,5072.60349413161,0,0,1013.11708419948,10014.026877769,0,"magenta",1
"928","Hanninghof_LMpred_FYM_Hanninghof_",1976,"potato","NPKMg",79.8034330400597,10.2256154544103,124.759471743013,62.0641190237341,10.9198319623645,112.158250230948,1188.68696277052,5092.90665687534,0,0,1015.9386427267,10037.40203253,0,"magenta",1
"929","Hanninghof_LMpred_FYM_Hanninghof_",1977,"rye","NPKMg",87.849630426943,18.2108269472616,74.5279875179722,54.2150686001478,14.8133312517847,51.2152303435524,1188.68696277052,5092.90665687534,0,0,1015.9386427267,10037.40203253,0,"magenta",1
"930","Hanninghof_LMpred_FYM_Hanninghof_",1978,"oats","NPKMg",65.8608106337657,16.4418298634984,76.0928439451733,58.6915639983263,15.8156691240788,70.3224177333539,1188.68696277052,5092.90665687534,0,0,1015.9386427267,10037.40203253,0,"magenta",1
"931","Hanninghof_LMpred_FYM_Hanninghof_",1979,"potato","NPKMg",84.5233160330074,13.0066886366934,128.491273506493,79.3275996043129,11.6128697415806,119.368877302503,1196.18084682495,5113.32795708086,0,0,1005.29808698946,10061.8161957058,0,"magenta",1
"932","Hanninghof_LMpred_FYM_Hanninghof_",1980,"rye","NPKMg",93.1624660675798,21.3033277137612,81.1013548846017,91.3993167989711,19.2749921290529,74.7108501968942,1196.18084682495,5113.32795708086,0,0,1005.29808698946,10061.8161957058,0,"magenta",1
"933","Hanninghof_LMpred_FYM_Hanninghof_",1981,"oats","NPKMg",71.0472121637536,19.2388074634932,81.7380783726981,66.047437810182,16.4559229571479,73.4032867117649,1196.18084682495,5113.32795708086,0,0,1005.29808698946,10061.8161957058,0,"magenta",1
"934","Hanninghof_LMpred_FYM_Hanninghof_",1982,"potato","NPKMg",84.1587815012196,12.6628609310893,124.472581393143,79.0953138659054,11.6848157400508,119.026392561471,1195.97072959713,5133.60564150024,0,0,1010.0507921046,10081.3442370403,0,"magenta",1
"935","Hanninghof_LMpred_FYM_Hanninghof_",1983,"rye","NPKMg",93.3908841834812,21.2709275923737,79.9242283744012,93.6540677391228,19.5324328084358,75.319253550314,1195.97072959713,5133.60564150024,0,0,1010.0507921046,10081.3442370403,0,"magenta",1
"936","Hanninghof_LMpred_FYM_Hanninghof_",1984,"oats","NPKMg",71.1491961690059,18.9108841756008,79.6328189233933,67.8056514766859,16.6749025929764,74.0478596572133,1195.97072959713,5133.60564150024,0,0,1010.0507921046,10081.3442370403,0,"magenta",1
"937","Hanninghof_LMpred_FYM_Hanninghof_",1985,"potato","NPKMg",83.7942469694319,12.3190332254853,120.453889279792,78.8657366887506,11.763678906304,119.383840054261,1199.05950849857,5153.44196000583,0,0,1015.06835287765,10101.8788166101,0,"magenta",1
"938","Hanninghof_LMpred_FYM_Hanninghof_",1986,"rye","NPKMg",93.6193022993825,21.2385274709861,78.7471018642004,95.9032310683206,19.7947890751877,76.1332275480986,1199.05950849857,5153.44196000583,0,0,1015.06835287765,10101.8788166101,0,"magenta",1
"939","Hanninghof_LMpred_FYM_Hanninghof_",1987,"oats","NPKMg",71.2511801742583,18.5829608877084,77.5275594740884,69.5587434936506,16.8967359093235,74.8303724190841,1199.05950849857,5153.44196000583,0,0,1015.06835287765,10101.8788166101,0,"magenta",1
"940","Hanninghof_LMpred_FYM_Hanninghof_",1988,"potato","NPKMg",83.4297124376441,11.9752055198812,116.435197166442,78.6345638227462,11.8456053379232,119.936810665102,1206.88287615065,5173.45491344744,0,0,1006.1614581975,10124.201871236,0,"magenta",1
"941","Hanninghof_LMpred_FYM_Hanninghof_",1989,"rye","NPKMg",93.8477204152838,21.2061273495986,77.5699753539999,98.1460293522223,20.0582868955567,76.982433982711,1206.88287615065,5173.45491344744,0,0,1006.1614581975,10124.201871236,0,"magenta",1
"942","Hanninghof_LMpred_FYM_Hanninghof_",1990,"oats","NPKMg",71.3531641795106,18.255037599816,75.4223000247833,71.3061285867178,17.11860800986,75.6268481368665,1206.88287615065,5173.45491344744,0,0,1006.1614581975,10124.201871236,0,"magenta",1
"943","Hanninghof_LMpred_FYM_Hanninghof_",1991,"potato","NPKMg",83.0651779058563,11.6313778142771,112.416505053091,78.3996645997902,11.9284831637073,120.536606721544,1206.77389326613,5193.36910725678,0,0,1011.71069026138,10142.119411624,0,"magenta",1
"944","Hanninghof_LMpred_FYM_Hanninghof_",1992,"rye","NPKMg",94.0761385311852,21.173727228211,76.3928488437994,100.38192712126,20.3207808041332,77.817743842714,1206.77389326613,5193.36910725678,0,0,1011.71069026138,10142.119411624,0,"magenta",1
"945","Hanninghof_LMpred_FYM_Hanninghof_",1993,"oats","NPKMg",71.455148184763,17.9271143119236,73.3170405754784,73.0474176261573,17.339012990791,76.4026849869168,1206.77389326613,5193.36910725678,0,0,1011.71069026138,10142.119411624,0,"magenta",1
"946","Hanninghof_LMpred_FYM_Hanninghof_",1994,"potato","NPKMg",82.7006433740685,11.287550108673,108.397812939741,78.1598917252774,12.0110909099346,120.95370407267,1209.97620557532,5212.87005903826,0,0,1017.2786449904,10161.3210844759,0,"magenta",1
"947","Hanninghof_LMpred_FYM_Hanninghof_",1995,"rye","NPKMg",94.3045566470865,21.1413271068235,75.2157223335989,102.610771864692,20.581157893183,78.6331964297679,1209.97620557532,5212.87005903826,0,0,1017.2786449904,10161.3210844759,0,"magenta",1
"948","Hanninghof_LMpred_FYM_Hanninghof_",1996,"oats","NPKMg",71.5571321900153,17.5991910240312,71.2117811261736,74.7824830932421,17.5571345052669,77.1551522506569,1209.97620557532,5212.87005903826,0,0,1017.2786449904,10161.3210844759,0,"magenta",1
"949","Hanninghof_LMpred_FYM_Hanninghof_",1997,"potato","NPKMg",82.3361088422807,10.9437224030689,104.37912082639,77.9148034905512,12.0927747304133,121.120872150828,1218.01713384621,5232.58352542946,0,0,1008.92332963387,10182.5395891673,0,"magenta",1
"950","Hanninghof_LMpred_FYM_Hanninghof_",1998,"rye","NPKMg",94.5329747629878,21.1089269854359,74.0385958233981,104.83225593122,20.8388134570676,79.4303420242183,1218.01713384621,5232.58352542946,0,0,1008.92332963387,10182.5395891673,0,"magenta",1
"951","Hanninghof_LMpred_FYM_Hanninghof_",1999,"oats","NPKMg",71.6591161952677,17.2712677361388,69.1065216768687,76.5111814157561,17.7726654115959,77.8851112863204,1218.01713384621,5232.58352542946,0,0,1008.92332963387,10182.5395891673,0,"magenta",1
"952","Hanninghof_LMpred_FYM_Hanninghof_",2000,"potato","NPKMg",81.9715743104929,10.5998946974649,100.36042871304,77.6642337317882,12.1731642750497,121.273223253543,1217.91765536544,5252.22471701467,0,0,1014.58385681043,10199.496628008,0,"magenta",1
"953","Hanninghof_LMpred_FYM_Hanninghof_",2001,"rye","NPKMg",94.7613928788892,21.0765268640484,72.8614693131976,107.046414364101,21.0934865945116,80.2038529644685,1217.91765536544,5252.22471701467,0,0,1014.58385681043,10199.496628008,0,"magenta",1
"954","Hanninghof_LMpred_FYM_Hanninghof_",2002,"oats","NPKMg",71.76110020052,16.9433444482464,67.0012622275636,78.2335665378122,17.9853496464211,78.590619883664,1217.91765536544,5252.22471701467,0,0,1014.58385681043,10199.496628008,0,"magenta",1
"955","Hanninghof_LMpred_FYM_Hanninghof_",2003,"potato","NPKMg",81.6070397787051,10.2560669918608,96.3417365996893,77.4082457276393,12.2520755920143,121.415968762574,1221.15860463805,5271.4651597322,0,0,1020.25005135985,10217.8035853217,0,"magenta",1
"956","Hanninghof_LMpred_FYM_Hanninghof_",2004,"rye","NPKMg",94.9898109947905,21.0441267426608,71.6843428029971,109.253263830617,21.3450779941082,80.9527289823251,1221.15860463805,5271.4651597322,0,0,1020.25005135985,10217.8035853217,0,"magenta",1
"957","Hanninghof_LMpred_FYM_Hanninghof_",2005,"oats","NPKMg",71.8630842057723,16.6154211603541,64.8960027782587,79.9496375513469,18.1951964434374,79.2709348927669,1221.15860463805,5271.4651597322,0,0,1020.25005135985,10217.8035853217,0,"magenta",1
"958","Hanninghof_LMpred_FYM_Hanninghof_",2006,"potato","NPKMg",81.2425052469173,9.91223928625668,92.3230444863389,77.1468950228401,12.3293799020833,121.547272293267,1229.35395515924,5290.9413260473,0,0,1012.10720254297,10238.2098274171,0,"magenta",1
"959","Hanninghof_LMpred_FYM_Hanninghof_",2007,"rye","NPKMg",95.2182291106918,21.0117266212733,70.5072162927964,111.452779882807,21.5935779788103,81.6777234600733,1229.35395515924,5290.9413260473,0,0,1012.10720254297,10238.2098274171,0,"magenta",1
"960","Hanninghof_LMpred_FYM_Hanninghof_",2008,"oats","NPKMg",71.9650682110247,16.2874978724617,62.7907433289539,81.65931633053,18.4022135268064,79.9270633913388,1229.35395515924,5290.9413260473,0,0,1012.10720254297,10238.2098274171,0,"magenta",1
"961","Hanninghof_LMpred_FYM_Hanninghof_",1961,"potato","NPKMg",81.6261056989986,11.9447539824307,144.852932309766,63.2757163137298,10.1936233083802,108.243649393564,1229.21348165333,5310.36101874908,0,0,1017.69714742667,10254.4021386907,0,"magenta",1
"962","Hanninghof_LMpred_FYM_Hanninghof_",1962,"rye","NPKMg",86.7075398474363,18.3728275541993,80.4136200689752,48.500327030625,13.246603146555,45.5003453234968,1229.21348165333,5310.36101874908,0,0,1017.69714742667,10254.4021386907,0,"magenta",1
"963","Hanninghof_LMpred_FYM_Hanninghof_",1963,"oats","NPKMg",65.350890607504,18.0814463029604,86.6191411916978,49.5175162870423,14.1148087625865,62.798155061601,1229.21348165333,5310.36101874908,0,0,1017.69714742667,10254.4021386907,0,"magenta",1
"964","Hanninghof_LMpred_FYM_Hanninghof_",1964,"potato","NPKMg",81.2615711672108,11.6009262768266,140.834240196415,63.1129171458325,10.4289166795727,110.347848568454,1232.451585419,5329.38390199261,0,0,1023.34291419465,10271.9536869358,0,"magenta",1
"965","Hanninghof_LMpred_FYM_Hanninghof_",1965,"rye","NPKMg",86.9359579633376,18.3404274328118,79.2364935587747,49.6432659010422,13.5875348191968,46.6432849467786,1232.451585419,5329.38390199261,0,0,1023.34291419465,10271.9536869358,0,"magenta",1
"966","Hanninghof_LMpred_FYM_Hanninghof_",1966,"oats","NPKMg",65.4528746127563,17.753523015068,84.513881742393,51.3704081924188,14.5307918730181,64.6465503936301,1232.451585419,5329.38390199261,0,0,1023.34291419465,10271.9536869358,0,"magenta",1
"967","Hanninghof_LMpred_FYM_Hanninghof_",1967,"potato","NPKMg",80.897036635423,11.2570985712225,136.815548083065,62.8889059805009,10.5956684823946,111.167040769727,1240.76562620134,5348.65877030034,0,0,1015.47583466964,10291.6670623881,0,"magenta",1
"968","Hanninghof_LMpred_FYM_Hanninghof_",1968,"rye","NPKMg",87.164376079239,18.3080273114243,78.059367048574,50.7862021728156,13.9092330331624,47.7862049949196,1240.76562620134,5348.65877030034,0,0,1015.47583466964,10291.6670623881,0,"magenta",1
"969","Hanninghof_LMpred_FYM_Hanninghof_",1969,"oats","NPKMg",65.5548586180087,17.4255997271756,82.4086222930879,53.2139052879997,14.8929353790202,66.2236687921333,1240.76562620134,5348.65877030034,0,0,1015.47583466964,10291.6670623881,0,"magenta",1
"970","Hanninghof_LMpred_FYM_Hanninghof_",1970,"potato","NPKMg",80.5325021036352,10.9132708656184,132.796855969714,62.6314817135497,10.7234627858114,111.60136725529,1240.5562574543,5367.8869811542,0,0,1020.89791204147,10307.2117885865,0,"magenta",1
"971","Hanninghof_LMpred_FYM_Hanninghof_",1971,"rye","NPKMg",87.3927941951403,18.2756271900367,76.8822405383734,51.9291396681443,14.2186448477564,48.9291396801451,1240.5562574543,5367.8869811542,0,0,1020.89791204147,10307.2117885865,0,"magenta",1
"972","Hanninghof_LMpred_FYM_Hanninghof_",1972,"oats","NPKMg",65.656842623261,17.0976764392832,80.303362843783,55.0483980843704,15.2208407382476,67.6684735646335,1240.5562574543,5367.8869811542,0,0,1020.89791204147,10307.2117885865,0,"magenta",1
"973","Hanninghof_LMpred_FYM_Hanninghof_",1973,"potato","NPKMg",80.1679675718474,10.5694431600144,128.778163856364,62.3542187486856,10.8285337160376,111.906925122581,1243.76832908107,5386.71777502216,0,0,1026.45840140837,10324.096146969,0,"magenta",1
"974","Hanninghof_LMpred_FYM_Hanninghof_",1974,"rye","NPKMg",87.6212123110416,18.2432270686491,75.7051140281729,53.0720830558816,14.5193209056448,50.0721034179287,1243.76832908107,5386.71777502216,0,0,1026.45840140837,10324.096146969,0,"magenta",1
"975","Hanninghof_LMpred_FYM_Hanninghof_",1975,"oats","NPKMg",65.7588266285134,16.7697531513908,78.1981033944781,56.874141873461,15.5261243558072,69.0284753066608,1243.76832908107,5386.71777502216,0,0,1026.45840140837,10324.096146969,0,"magenta",1
"976","Hanninghof_LMpred_FYM_Hanninghof_",1976,"potato","NPKMg",79.8034330400597,10.2256154544103,124.759471743013,62.0641190237341,10.9198319623645,112.158250230948,1252.18083806409,5405.81249130873,0,0,1019.00751723643,10343.2261589901,0,"magenta",1
"977","Hanninghof_LMpred_FYM_Hanninghof_",1977,"rye","NPKMg",87.849630426943,18.2108269472616,74.5279875179722,54.2150686001478,14.8133312517847,51.2152303435524,1252.18083806409,5405.81249130873,0,0,1019.00751723643,10343.2261589901,0,"magenta",1
"978","Hanninghof_LMpred_FYM_Hanninghof_",1978,"oats","NPKMg",65.8608106337657,16.4418298634984,76.0928439451733,58.6915639983263,15.8156691240788,70.3224177333539,1252.18083806409,5405.81249130873,0,0,1019.00751723643,10343.2261589901,0,"magenta",1
"979","Hanninghof_LMpred_FYM_Hanninghof_",1979,"potato","NPKMg",84.5233160330074,13.0066886366934,128.491273506493,79.3275996043129,11.6128697415806,119.368877302503,1251.88746772704,5424.86704818871,0,0,1024.17811069166,10358.2252235106,0,"magenta",1
"980","Hanninghof_LMpred_FYM_Hanninghof_",1980,"rye","NPKMg",93.1624660675798,21.3033277137612,81.1013548846017,91.3993167989711,19.2749921290529,74.7108501968942,1251.88746772704,5424.86704818871,0,0,1024.17811069166,10358.2252235106,0,"magenta",1
"981","Hanninghof_LMpred_FYM_Hanninghof_",1981,"oats","NPKMg",71.0472121637536,19.2388074634932,81.7380783726981,66.047437810182,16.4559229571479,73.4032867117649,1251.88746772704,5424.86704818871,0,0,1024.17811069166,10358.2252235106,0,"magenta",1
"982","Hanninghof_LMpred_FYM_Hanninghof_",1982,"potato","NPKMg",84.1587815012196,12.6628609310893,124.472581393143,79.0953138659054,11.6848157400508,119.026392561471,1255.06105169398,5443.52079881017,0,0,1029.60121318689,10374.5170097291,0,"magenta",1
"983","Hanninghof_LMpred_FYM_Hanninghof_",1983,"rye","NPKMg",93.3908841834812,21.2709275923737,79.9242283744012,93.6540677391228,19.5324328084358,75.319253550314,1255.06105169398,5443.52079881017,0,0,1029.60121318689,10374.5170097291,0,"magenta",1
"984","Hanninghof_LMpred_FYM_Hanninghof_",1984,"oats","NPKMg",71.1491961690059,18.9108841756008,79.6328189233933,67.8056514766859,16.6749025929764,74.0478596572133,1255.06105169398,5443.52079881017,0,0,1029.60121318689,10374.5170097291,0,"magenta",1
"985","Hanninghof_LMpred_FYM_Hanninghof_",1985,"potato","NPKMg",83.7942469694319,12.3190332254853,120.453889279792,78.8657366887506,11.763678906304,119.383840054261,1263.56044510928,5462.44824111982,0,0,1022.52369489075,10393.1213047717,0,"magenta",1
"986","Hanninghof_LMpred_FYM_Hanninghof_",1986,"rye","NPKMg",93.6193022993825,21.2385274709861,78.7471018642004,95.9032310683206,19.7947890751877,76.1332275480986,1263.56044510928,5462.44824111982,0,0,1022.52369489075,10393.1213047717,0,"magenta",1
"987","Hanninghof_LMpred_FYM_Hanninghof_",1987,"oats","NPKMg",71.2511801742583,18.5829608877084,77.5275594740884,69.5587434936506,16.8967359093235,74.8303724190841,1263.56044510928,5462.44824111982,0,0,1022.52369489075,10393.1213047717,0,"magenta",1
"988","Hanninghof_LMpred_FYM_Hanninghof_",1988,"potato","NPKMg",83.4297124376441,11.9752055198812,116.435197166442,78.6345638227462,11.8456053379232,119.936810665102,1263.17502349975,5481.34017613484,0,0,1027.42108148331,10407.6200652146,0,"magenta",1
"989","Hanninghof_LMpred_FYM_Hanninghof_",1989,"rye","NPKMg",93.8477204152838,21.2061273495986,77.5699753539999,98.1460293522223,20.0582868955567,76.982433982711,1263.17502349975,5481.34017613484,0,0,1027.42108148331,10407.6200652146,0,"magenta",1
"990","Hanninghof_LMpred_FYM_Hanninghof_",1990,"oats","NPKMg",71.3531641795106,18.255037599816,75.4223000247833,71.3061285867178,17.11860800986,75.6268481368665,1263.17502349975,5481.34017613484,0,0,1027.42108148331,10407.6200652146,0,"magenta",1
"991","Hanninghof_LMpred_FYM_Hanninghof_",1991,"potato","NPKMg",83.0651779058563,11.6313778142771,112.416505053091,78.3996645997902,11.9284831637073,120.536606721544,1266.30330126962,5499.82654871855,0,0,1032.69216890491,10423.3583579094,0,"magenta",1
"992","Hanninghof_LMpred_FYM_Hanninghof_",1992,"rye","NPKMg",94.0761385311852,21.173727228211,76.3928488437994,100.38192712126,20.3207808041332,77.817743842714,1266.30330126962,5499.82654871855,0,0,1032.69216890491,10423.3583579094,0,"magenta",1
"993","Hanninghof_LMpred_FYM_Hanninghof_",1993,"oats","NPKMg",71.455148184763,17.9271143119236,73.3170405754784,73.0474176261573,17.339012990791,76.4026849869168,1266.30330126962,5499.82654871855,0,0,1032.69216890491,10423.3583579094,0,"magenta",1
"994","Hanninghof_LMpred_FYM_Hanninghof_",1994,"potato","NPKMg",82.7006433740685,11.287550108673,108.397812939741,78.1598917252774,12.0110909099346,120.95370407267,1274.88277605233,5518.59499834382,0,0,1025.96657766439,10441.4679803873,0,"magenta",1
"995","Hanninghof_LMpred_FYM_Hanninghof_",1995,"rye","NPKMg",94.3045566470865,21.1413271068235,75.2157223335989,102.610771864692,20.581157893183,78.6331964297679,1274.88277605233,5518.59499834382,0,0,1025.96657766439,10441.4679803873,0,"magenta",1
"996","Hanninghof_LMpred_FYM_Hanninghof_",1996,"oats","NPKMg",71.5571321900153,17.5991910240312,71.2117811261736,74.7824830932421,17.5571345052669,77.1551522506569,1274.88277605233,5518.59499834382,0,0,1025.96657766439,10441.4679803873,0,"magenta",1
"997","Hanninghof_LMpred_FYM_Hanninghof_",1997,"potato","NPKMg",82.3361088422807,10.9437224030689,104.37912082639,77.9148034905512,12.0927747304133,121.120872150828,1274.4012245436,5537.33147185844,0,0,1030.58951360324,10455.4923154661,0,"magenta",1
"998","Hanninghof_LMpred_FYM_Hanninghof_",1998,"rye","NPKMg",94.5329747629878,21.1089269854359,74.0385958233981,104.83225593122,20.8388134570676,79.4303420242183,1274.4012245436,5537.33147185844,0,0,1030.58951360324,10455.4923154661,0,"magenta",1
"999","Hanninghof_LMpred_FYM_Hanninghof_",1999,"oats","NPKMg",71.6591161952677,17.2712677361388,69.1065216768687,76.5111814157561,17.7726654115959,77.8851112863204,1274.4012245436,5537.33147185844,0,0,1030.58951360324,10455.4923154661,0,"magenta",1
"1000","Hanninghof_LMpred_FYM_Hanninghof_",2000,"potato","NPKMg",81.9715743104929,10.5998946974649,100.36042871304,77.6642337317882,12.1731642750497,121.273223253543,1277.48076778814,5555.65673217047,0,0,1035.70957161275,10470.7013225638,0,"magenta",1
"1001","Hanninghof_LMpred_FYM_Hanninghof_",2001,"rye","NPKMg",94.7613928788892,21.0765268640484,72.8614693131976,107.046414364101,21.0934865945116,80.2038529644685,1277.48076778814,5555.65673217047,0,0,1035.70957161275,10470.7013225638,0,"magenta",1
"1002","Hanninghof_LMpred_FYM_Hanninghof_",2002,"oats","NPKMg",71.76110020052,16.9433444482464,67.0012622275636,78.2335665378122,17.9853496464211,78.590619883664,1277.48076778814,5555.65673217047,0,0,1035.70957161275,10470.7013225638,0,"magenta",1
"1003","Hanninghof_LMpred_FYM_Hanninghof_",2003,"potato","NPKMg",81.6070397787051,10.2560669918608,96.3417365996893,77.4082457276393,12.2520755920143,121.415968762574,1286.1364570555,5574.27166300102,0,0,1029.32646659513,10488.3371552882,0,"magenta",1
"1004","Hanninghof_LMpred_FYM_Hanninghof_",2004,"rye","NPKMg",94.9898109947905,21.0441267426608,71.6843428029971,109.253263830617,21.3450779941082,80.9527289823251,1286.1364570555,5574.27166300102,0,0,1029.32646659513,10488.3371552882,0,"magenta",1
"1005","Hanninghof_LMpred_FYM_Hanninghof_",2005,"oats","NPKMg",71.8630842057723,16.6154211603541,64.8960027782587,79.9496375513469,18.1951964434374,79.2709348927669,1286.1364570555,5574.27166300102,0,0,1029.32646659513,10488.3371552882,0,"magenta",1
"1006","Hanninghof_LMpred_FYM_Hanninghof_",2006,"potato","NPKMg",81.2425052469173,9.91223928625668,92.3230444863389,77.1468950228401,12.3293799020833,121.547272293267,1285.55685713905,5592.85768493866,0,0,1033.67775994477,10501.9081384785,0,"magenta",1
"1007","Hanninghof_LMpred_FYM_Hanninghof_",2007,"rye","NPKMg",95.2182291106918,21.0117266212733,70.5072162927964,111.452779882807,21.5935779788103,81.6777234600733,1285.55685713905,5592.85768493866,0,0,1033.67775994477,10501.9081384785,0,"magenta",1
"1008","Hanninghof_LMpred_FYM_Hanninghof_",2008,"oats","NPKMg",71.9650682110247,16.2874978724617,62.7907433289539,81.65931633053,18.4022135268064,79.9270633913388,1285.55685713905,5592.85768493866,0,0,1033.67775994477,10501.9081384785,0,"magenta",1
"1009","Hanninghof_LMpred_FYM_Hanninghof_",1961,"potato","FYMNPK",102.388170694788,17.989107898378,177.427869790294,68.2182692738785,11.5772316866447,132.336233765395,1058.02419540005,4714.11765632871,0,108.415228523841,962.603246032004,9467.25953070837,187.383178323083,"gold",2
"1010","Hanninghof_LMpred_FYM_Hanninghof_",1962,"rye","FYMNPK",91.4902908250552,20.3536764485702,85.8783746432606,48.5003264962863,13.4500989020803,45.500339781706,1058.02419540005,4714.11765632871,0,108.415228523841,962.603246032004,9467.25953070837,187.383178323083,"gold",2
"1011","Hanninghof_LMpred_FYM_Hanninghof_",1963,"oats","FYMNPK",75.8524043522097,21.7634706153133,103.556207120521,49.5617465204405,15.3649204860858,67.9807707710491,1058.02419540005,4714.11765632871,0,108.415228523841,962.603246032004,9467.25953070837,187.383178323083,"gold",2
"1012","Hanninghof_LMpred_FYM_Hanninghof_",1964,"potato","FYMNPK",102.023636163,17.6452801927739,173.409177676943,72.2320204222865,12.2814420802723,140.244813521174,1073.93768483578,4743.65666959119,0,164.905494138983,965.356973830711,9516.0819256858,285.67082178154,"gold",2
"1013","Hanninghof_LMpred_FYM_Hanninghof_",1965,"rye","FYMNPK",91.7187089409565,20.3212763271827,84.7012481330602,49.6432637951802,13.7929791561126,46.6432640232396,1073.93768483578,4743.65666959119,0,164.905494138983,965.356973830711,9516.0819256858,285.67082178154,"gold",2
"1014","Hanninghof_LMpred_FYM_Hanninghof_",1966,"oats","FYMNPK",75.954388357462,21.4355473274209,101.450947671216,51.4330516241022,16.0945438882436,70.7553090221196,1073.93768483578,4743.65666959119,0,164.905494138983,965.356973830711,9516.0819256858,285.67082178154,"gold",2
"1015","Hanninghof_LMpred_FYM_Hanninghof_",1967,"potato","FYMNPK",101.659101631212,17.3014524871699,169.390485563593,76.1868243532855,12.8878394489848,146.186399626807,1086.80174682309,4765.81735279008,0,156.0306500507,1000.05886831666,9565.44688789733,255.70362530236,"gold",2
"1016","Hanninghof_LMpred_FYM_Hanninghof_",1968,"rye","FYMNPK",91.9471270568578,20.2888762057951,83.5241216228595,50.7862127198994,14.1358717469709,47.7863127474929,1086.80174682309,4765.81735279008,0,156.0306500507,1000.05886831666,9565.44688789733,255.70362530236,"gold",2
"1017","Hanninghof_LMpred_FYM_Hanninghof_",1969,"oats","FYMNPK",76.0563723627144,21.1076240395285,99.3456882219113,53.304348876024,16.752454610564,73.3284587608875,1086.80174682309,4765.81735279008,0,156.0306500507,1000.05886831666,9565.44688789733,255.70362530236,"gold",2
"1018","Hanninghof_LMpred_FYM_Hanninghof_",1970,"potato","FYMNPK",101.294567099425,16.9576247815658,165.371793450242,80.0973412469764,13.4270736597594,151.105228466161,1096.89586779185,4788.57750364305,0,147.411457742898,1009.84317927958,9618.16396987537,224.821461590348,"gold",2
"1019","Hanninghof_LMpred_FYM_Hanninghof_",1971,"rye","FYMNPK",92.1755451727592,20.2564760844076,82.3469951126589,51.92913968929,14.4787419204392,48.9291398604817,1096.89586779185,4788.57750364305,0,147.411457742898,1009.84317927958,9618.16396987537,224.821461590348,"gold",2
"1020","Hanninghof_LMpred_FYM_Hanninghof_",1972,"oats","FYMNPK",76.1583563679667,20.7797007516361,97.2404287726064,55.17566547211,17.3614684253614,75.7611282519479,1096.89586779185,4788.57750364305,0,147.411457742898,1009.84317927958,9618.16396987537,224.821461590348,"gold",2
"1021","Hanninghof_LMpred_FYM_Hanninghof_",1973,"potato","FYMNPK",100.930032567637,16.6137970759617,161.353101336892,83.9709217399813,13.9175717337212,155.367353613498,1109.38563402713,4822.88396990057,0,201.853783169823,999.691433964051,9678.15006509396,316.942298166115,"gold",2
"1022","Hanninghof_LMpred_FYM_Hanninghof_",1974,"rye","FYMNPK",92.4039632886605,20.22407596302,81.1698686024584,53.0720849495066,14.8216289708282,50.0721290553336,1109.38563402713,4822.88396990057,0,201.853783169823,999.691433964051,9678.15006509396,316.942298166115,"gold",2
"1023","Hanninghof_LMpred_FYM_Hanninghof_",1975,"oats","FYMNPK",76.2603403732191,20.4517774637437,95.1351693233015,57.0469836852599,17.9347767404376,78.0712413993464,1109.38563402713,4822.88396990057,0,201.853783169823,999.691433964051,9678.15006509396,316.942298166115,"gold",2
"1024","Hanninghof_LMpred_FYM_Hanninghof_",1976,"potato","FYMNPK",100.565498035849,16.2699693703576,157.334409223541,87.811559708006,14.3708878635453,159.150550893538,1119.75155267525,4849.12882263866,0,191.050032627503,1028.85718799308,9734.97203086521,283.911314342595,"gold",2
"1025","Hanninghof_LMpred_FYM_Hanninghof_",1977,"rye","FYMNPK",92.6323814045618,20.1916758416324,79.9927420922577,54.2150160632004,15.1645050218964,51.2150186807926,1119.75155267525,4849.12882263866,0,191.050032627503,1028.85718799308,9734.97203086521,283.911314342595,"gold",2
"1026","Hanninghof_LMpred_FYM_Hanninghof_",1978,"oats","FYMNPK",76.3623243784714,20.1238541758513,93.0299098739967,58.9182587422345,18.4804314794227,80.2683103875079,1119.75155267525,4849.12882263866,0,191.050032627503,1028.85718799308,9734.97203086521,283.911314342595,"gold",2
"1027","Hanninghof_LMpred_FYM_Hanninghof_",1979,"potato","FYMNPK",105.285381028797,19.0510425526408,161.066210987021,108.203279613327,15.2398494330822,163.628571739407,1127.53320978494,4875.39571827151,0,180.506935996722,1033.99637041458,9792.95830783343,249.630545930753,"gold",2
"1028","Hanninghof_LMpred_FYM_Hanninghof_",1980,"rye","FYMNPK",97.9452170451987,23.2841766081321,86.5661094588872,91.9087101084782,22.7954152515722,86.4827562082883,1127.53320978494,4875.39571827151,0,180.506935996722,1033.99637041458,9792.95830783343,249.630545930753,"gold",2
"1029","Hanninghof_LMpred_FYM_Hanninghof_",1981,"oats","FYMNPK",81.5487259084593,22.9208317758461,98.6751443015216,66.6900941891534,19.6672159679644,86.7380931392788,1127.53320978494,4875.39571827151,0,180.506935996722,1033.99637041458,9792.95830783343,249.630545930753,"gold",2
"1030","Hanninghof_LMpred_FYM_Hanninghof_",1982,"potato","FYMNPK",104.920846497009,18.7072148470367,157.047518873671,111.881236305319,15.5637556529427,164.139568987125,1138.15820431458,4912.70281695621,0,233.207003333398,1019.05847270092,9856.15747749588,337.382874355159,"gold",2
"1031","Hanninghof_LMpred_FYM_Hanninghof_",1983,"rye","FYMNPK",98.1736351611,23.2517764867446,85.3889829486866,94.2710599190743,23.303299977062,87.9711773911701,1138.15820431458,4912.70281695621,0,233.207003333398,1019.05847270092,9856.15747749588,337.382874355159,"gold",2
"1032","Hanninghof_LMpred_FYM_Hanninghof_",1984,"oats","FYMNPK",81.6507099137116,22.5929084879537,96.5698848522167,68.5489680976047,20.1121065542929,88.0366532850149,1138.15820431458,4912.70281695621,0,233.207003333398,1019.05847270092,9856.15747749588,337.382874355159,"gold",2
"1033","Hanninghof_LMpred_FYM_Hanninghof_",1985,"potato","FYMNPK",104.556311965221,18.3633871414326,153.02882676032,115.539238313497,15.8821638645119,165.291922246497,1147.22297827271,4941.54087556838,0,220.768299016123,1047.22676803219,9914.92392389513,302.261819877137,"gold",2
"1034","Hanninghof_LMpred_FYM_Hanninghof_",1986,"rye","FYMNPK",98.4020532770014,23.219376365357,84.2118564384859,96.6333506707056,23.8049386970164,89.5109225774175,1147.22297827271,4941.54087556838,0,220.768299016123,1047.22676803219,9914.92392389513,302.261819877137,"gold",2
"1035","Hanninghof_LMpred_FYM_Hanninghof_",1987,"oats","FYMNPK",81.752693918964,22.2649852000613,94.4646254029118,70.4058313664559,20.5494370456409,89.4119663711094,1147.22297827271,4941.54087556838,0,220.768299016123,1047.22676803219,9914.92392389513,302.261819877137,"gold",2
"1036","Hanninghof_LMpred_FYM_Hanninghof_",1988,"potato","FYMNPK",104.191777433433,18.0195594358285,149.01013464697,119.173096194833,16.1921339594346,166.62605226248,1153.73868042882,4970.0524848121,0,208.588533005729,1050.8604185736,9974.19898083202,265.624653637933,"gold",2
"1037","Hanninghof_LMpred_FYM_Hanninghof_",1989,"rye","FYMNPK",98.6304713929027,23.1869762439695,83.0347299282853,98.9955724280758,24.2980885271362,91.0415031372786,1153.73868042882,4970.0524848121,0,208.588533005729,1050.8604185736,9974.19898083202,265.624653637933,"gold",2
"1038","Hanninghof_LMpred_FYM_Hanninghof_",1990,"oats","FYMNPK",81.8546779242163,21.937061912169,92.3593659536067,72.2603613559853,20.9775362685389,90.7866130719828,1153.73868042882,4970.0524848121,0,208.588533005729,1050.8604185736,9974.19898083202,265.624653637933,"gold",2
"1039","Hanninghof_LMpred_FYM_Hanninghof_",1991,"potato","FYMNPK",103.827242901646,17.6757317302244,144.991442533619,122.781156954244,16.4924418384349,167.994066059379,1163.37207271157,5009.2943214034,0,259.806230471919,1033.64609722692,10037.7937207006,350.339006649852,"gold",2
"1040","Hanninghof_LMpred_FYM_Hanninghof_",1992,"rye","FYMNPK",98.858889508804,23.1545761225819,81.8576034180849,101.357817327372,24.7818679925264,92.5412914909656,1163.37207271157,5009.2943214034,0,259.806230471919,1033.64609722692,10037.7937207006,350.339006649852,"gold",2
"1041","Hanninghof_LMpred_FYM_Hanninghof_",1993,"oats","FYMNPK",81.9566619294687,21.6091386242766,90.2541065043019,74.112375943507,21.3959545230064,92.1352046249548,1163.37207271157,5009.2943214034,0,259.806230471919,1033.64609722692,10037.7937207006,350.339006649852,"gold",2
"1042","Hanninghof_LMpred_FYM_Hanninghof_",1994,"potato","FYMNPK",103.462708369858,17.3319040246203,140.972750420269,126.362236949312,16.783170336552,169.344849237764,1171.79459817453,5039.81993477631,0,245.979349715605,1062.13991285134,10096.4870178472,313.822754018362,"gold",2
"1043","Hanninghof_LMpred_FYM_Hanninghof_",1995,"rye","FYMNPK",99.0873076247053,23.1221760011944,80.6804769078844,103.720245751082,25.2562804182414,94.0038485527969,1171.79459817453,5039.81993477631,0,245.979349715605,1062.13991285134,10096.4870178472,313.822754018362,"gold",2
"1044","Hanninghof_LMpred_FYM_Hanninghof_",1996,"oats","FYMNPK",82.058645934721,21.2812153363842,88.148847054997,75.9616137147398,21.8048624665177,93.4489749782903,1171.79459817453,5039.81993477631,0,245.979349715605,1062.13991285134,10096.4870178472,313.822754018362,"gold",2
"1045","Hanninghof_LMpred_FYM_Hanninghof_",1997,"potato","FYMNPK",103.09817383807,16.9880763190163,136.954058306918,129.916348696018,17.0647007661902,170.662075190408,1177.62290403124,5069.80330414143,0,232.406206068414,1065.19101010702,10155.5253488397,275.572197518204,"gold",2
"1046","Hanninghof_LMpred_FYM_Hanninghof_",1998,"rye","FYMNPK",99.3157257406067,23.0897758798068,79.5033503976836,106.082398452257,25.7216145851293,95.4272758468235,1177.62290403124,5069.80330414143,0,232.406206068414,1065.19101010702,10155.5253488397,275.572197518204,"gold",2
"1047","Hanninghof_LMpred_FYM_Hanninghof_",1999,"oats","FYMNPK",82.1606299399733,20.9532920484918,86.0435876056921,77.8080790175522,22.2047183595109,94.7253349747989,1177.62290403124,5069.80330414143,0,232.406206068414,1065.19101010702,10155.5253488397,275.572197518204,"gold",2
"1048","Hanninghof_LMpred_FYM_Hanninghof_",2000,"potato","FYMNPK",102.733639306282,16.6442486134122,132.935366193568,133.443640650565,17.3377120313302,171.939243079088,1186.75011583792,5110.32181866819,0,282.362908001251,1046.52027875774,10218.3990015287,358.201922565058,"gold",2
"1049","Hanninghof_LMpred_FYM_Hanninghof_",2001,"rye","FYMNPK",99.544143856508,23.0573757584192,78.3262238874831,108.443661781839,26.1783413490813,96.8109734896098,1186.75011583792,5110.32181866819,0,282.362908001251,1046.52027875774,10218.3990015287,358.201922565058,"gold",2
"1050","Hanninghof_LMpred_FYM_Hanninghof_",2002,"oats","FYMNPK",82.2626139452257,20.6253687605994,83.938328156387,79.6517494477062,22.5961011057362,95.9636295875903,1186.75011583792,5110.32181866819,0,282.362908001251,1046.52027875774,10218.3990015287,358.201922565058,"gold",2
"1051","Hanninghof_LMpred_FYM_Hanninghof_",2003,"potato","FYMNPK",102.369104774494,16.3004209078081,128.916674080217,136.944616150187,17.6029190805172,173.175544196464,1194.88655963448,5141.9703130845,0,267.35634081755,1075.6973219795,10276.1813389673,320.770412849336,"gold",2
"1052","Hanninghof_LMpred_FYM_Hanninghof_",2004,"rye","FYMNPK",99.7725619724094,23.0249756370317,77.1490973772825,110.80298615594,26.6270586903006,98.1560159733821,1194.88655963448,5141.9703130845,0,267.35634081755,1075.6973219795,10276.1813389673,320.770412849336,"gold",2
"1053","Hanninghof_LMpred_FYM_Hanninghof_",2005,"oats","FYMNPK",82.364597950478,20.297445472707,81.8330687070822,81.4923756348452,22.9796797471271,97.1642296742305,1194.88655963448,5141.9703130845,0,267.35634081755,1075.6973219795,10276.1813389673,320.770412849336,"gold",2
"1054","Hanninghof_LMpred_FYM_Hanninghof_",2006,"potato","FYMNPK",102.004570242707,15.956593202204,124.897981966867,140.420324182207,17.8608544875654,174.37228853252,1200.34335349983,5172.93845229618,0,252.596631000084,1078.43665855901,10334.3140379382,281.427135899526,"gold",2
"1055","Hanninghof_LMpred_FYM_Hanninghof_",2007,"rye","FYMNPK",100.000980088311,22.9925755156442,75.9719708670819,113.160430466675,27.0683754943685,99.4629570716068,1200.34335349983,5172.93845229618,0,252.596631000084,1078.43665855901,10334.3140379382,281.427135899526,"gold",2
"1056","Hanninghof_LMpred_FYM_Hanninghof_",2008,"oats","FYMNPK",82.4665819557304,19.9695221848146,79.7278092577773,83.3295382631272,23.3558679626019,98.3271013609334,1200.34335349983,5172.93845229618,0,252.596631000084,1078.43665855901,10334.3140379382,281.427135899526,"gold",2
"1057","Hanninghof_LMpred_FYM_Hanninghof_",1961,"potato","FYMNPK",102.388170694788,17.989107898378,177.427869790294,68.2182692738785,11.5772316866447,132.336233765395,1209.23172627305,5214.31467440892,0,301.48114825057,1058.6209284234,10395.9620838715,362.644269208334,"gold",2
"1058","Hanninghof_LMpred_FYM_Hanninghof_",1962,"rye","FYMNPK",91.4902908250552,20.3536764485702,85.8783746432606,48.5003264962863,13.4500989020803,45.500339781706,1209.23172627305,5214.31467440892,0,301.48114825057,1058.6209284234,10395.9620838715,362.644269208334,"gold",2
"1059","Hanninghof_LMpred_FYM_Hanninghof_",1963,"oats","FYMNPK",75.8524043522097,21.7634706153133,103.556207120521,49.5617465204405,15.3649204860858,67.9807707710491,1209.23172627305,5214.31467440892,0,301.48114825057,1058.6209284234,10395.9620838715,362.644269208334,"gold",2
"1060","Hanninghof_LMpred_FYM_Hanninghof_",1964,"potato","FYMNPK",102.023636163,17.6452801927739,173.409177676943,72.2320204222865,12.2814420802723,140.244813521174,1217.26885801887,5246.7225956772,0,285.471590214585,1088.54614971751,10452.4433145489,324.622798555995,"gold",2
"1061","Hanninghof_LMpred_FYM_Hanninghof_",1965,"rye","FYMNPK",91.7187089409565,20.3212763271827,84.7012481330602,49.6432637951802,13.7929791561126,46.6432640232396,1217.26885801887,5246.7225956772,0,285.471590214585,1088.54614971751,10452.4433145489,324.622798555995,"gold",2
"1062","Hanninghof_LMpred_FYM_Hanninghof_",1966,"oats","FYMNPK",75.954388357462,21.4355473274209,101.450947671216,51.4330516241022,16.0945438882436,70.7553090221196,1217.26885801887,5246.7225956772,0,285.471590214585,1088.54614971751,10452.4433145489,324.622798555995,"gold",2
"1063","Hanninghof_LMpred_FYM_Hanninghof_",1967,"potato","FYMNPK",101.659101631212,17.3014524871699,169.390485563593,76.1868243532855,12.8878394489848,146.186399626807,1222.52325245477,5278.35790389883,0,269.701456077639,1091.05562417729,10509.3405501111,284.547778146576,"gold",2
"1064","Hanninghof_LMpred_FYM_Hanninghof_",1968,"rye","FYMNPK",91.9471270568578,20.2888762057951,83.5241216228595,50.7862127198994,14.1358717469709,47.7863127474929,1222.52325245477,5278.35790389883,0,269.701456077639,1091.05562417729,10509.3405501111,284.547778146576,"gold",2
"1065","Hanninghof_LMpred_FYM_Hanninghof_",1969,"oats","FYMNPK",76.0563723627144,21.1076240395285,99.3456882219113,53.304348876024,16.752454610564,73.3284587608875,1222.52325245477,5278.35790389883,0,269.701456077639,1091.05562417729,10509.3405501111,284.547778146576,"gold",2
"1066","Hanninghof_LMpred_FYM_Hanninghof_",1970,"potato","FYMNPK",101.294567099425,16.9576247815658,165.371793450242,80.0973412469764,13.4270736597594,151.105228466161,1230.98803100674,5320.28866778675,0,317.586064204655,1069.54967456165,10569.412208267,364.553497866831,"gold",2
"1067","Hanninghof_LMpred_FYM_Hanninghof_",1971,"rye","FYMNPK",92.1755451727592,20.2564760844076,82.3469951126589,51.92913968929,14.4787419204392,48.9291398604817,1230.98803100674,5320.28866778675,0,317.586064204655,1069.54967456165,10569.412208267,364.553497866831,"gold",2
"1068","Hanninghof_LMpred_FYM_Hanninghof_",1972,"oats","FYMNPK",76.1583563679667,20.7797007516361,97.2404287726064,55.17566547211,17.3614684253614,75.7611282519479,1230.98803100674,5320.28866778675,0,317.586064204655,1069.54967456165,10569.412208267,364.553497866831,"gold",2
"1069","Hanninghof_LMpred_FYM_Hanninghof_",1973,"potato","FYMNPK",100.930032567637,16.6137970759617,161.353101336892,83.9709217399813,13.9175717337212,155.367353613498,1233.64306219984,5352.7141806814,0,299.310104865333,1078.26077388022,10619.9318285851,318.440022021949,"gold",2
"1070","Hanninghof_LMpred_FYM_Hanninghof_",1974,"rye","FYMNPK",92.4039632886605,20.22407596302,81.1698686024584,53.0720849495066,14.8216289708282,50.0721290553336,1233.64306219984,5352.7141806814,0,299.310104865333,1078.26077388022,10619.9318285851,318.440022021949,"gold",2
"1071","Hanninghof_LMpred_FYM_Hanninghof_",1975,"oats","FYMNPK",76.2603403732191,20.4517774637437,95.1351693233015,57.0469836852599,17.9347767404376,78.0712413993464,1233.64306219984,5352.7141806814,0,299.310104865333,1078.26077388022,10619.9318285851,318.440022021949,"gold",2
"1072","Hanninghof_LMpred_FYM_Hanninghof_",1976,"potato","FYMNPK",100.565498035849,16.2699693703576,157.334409223541,87.811559708006,14.3708878635453,159.150550893538,1239.05459399816,5383.92108167756,0,282.624456102894,1083.86617933231,10667.9478930174,277.680458998259,"gold",2
"1073","Hanninghof_LMpred_FYM_Hanninghof_",1977,"rye","FYMNPK",92.6323814045618,20.1916758416324,79.9927420922577,54.2150160632004,15.1645050218964,51.2150186807926,1239.05459399816,5383.92108167756,0,282.624456102894,1083.86617933231,10667.9478930174,277.680458998259,"gold",2
"1074","Hanninghof_LMpred_FYM_Hanninghof_",1978,"oats","FYMNPK",76.3623243784714,20.1238541758513,93.0299098739967,58.9182587422345,18.4804314794227,80.2683103875079,1239.05459399816,5383.92108167756,0,282.624456102894,1083.86617933231,10667.9478930174,277.680458998259,"gold",2
"1075","Hanninghof_LMpred_FYM_Hanninghof_",1979,"potato","FYMNPK",105.285381028797,19.0510425526408,161.066210987021,108.203279613327,15.2398494330822,163.628571739407,1248.26694681544,5425.4713491209,0,329.818080189335,1068.12105084304,10720.9665002838,358.467411234055,"gold",2
"1076","Hanninghof_LMpred_FYM_Hanninghof_",1980,"rye","FYMNPK",97.9452170451987,23.2841766081321,86.5661094588872,91.9087101084782,22.7954152515722,86.4827562082883,1248.26694681544,5425.4713491209,0,329.818080189335,1068.12105084304,10720.9665002838,358.467411234055,"gold",2
"1077","Hanninghof_LMpred_FYM_Hanninghof_",1981,"oats","FYMNPK",81.5487259084593,22.9208317758461,98.6751443015216,66.6900941891534,19.6672159679644,86.7380931392788,1248.26694681544,5425.4713491209,0,329.818080189335,1068.12105084304,10720.9665002838,358.467411234055,"gold",2
"1078","Hanninghof_LMpred_FYM_Hanninghof_",1982,"potato","FYMNPK",104.920846497009,18.7072148470367,157.047518873671,111.881236305319,15.5637556529427,164.139568987125,1251.43767063326,5457.59206892727,0,310.823336588079,1080.23844875315,10766.2169330772,312.728403139367,"gold",2
"1079","Hanninghof_LMpred_FYM_Hanninghof_",1983,"rye","FYMNPK",98.1736351611,23.2517764867446,85.3889829486866,94.2710599190743,23.303299977062,87.9711773911701,1251.43767063326,5457.59206892727,0,310.823336588079,1080.23844875315,10766.2169330772,312.728403139367,"gold",2
"1080","Hanninghof_LMpred_FYM_Hanninghof_",1984,"oats","FYMNPK",81.6507099137116,22.5929084879537,96.5698848522167,68.5489680976047,20.1121065542929,88.0366532850149,1251.43767063326,5457.59206892727,0,310.823336588079,1080.23844875315,10766.2169330772,312.728403139367,"gold",2
"1081","Hanninghof_LMpred_FYM_Hanninghof_",1985,"potato","FYMNPK",104.556311965221,18.3633871414326,153.02882676032,115.539238313497,15.8821638645119,165.291922246497,1257.31181253539,5488.54658231389,0,293.482574745031,1088.20241901994,10810.1231157058,272.421596958932,"gold",2
"1082","Hanninghof_LMpred_FYM_Hanninghof_",1986,"rye","FYMNPK",98.4020532770014,23.219376365357,84.2118564384859,96.6333506707056,23.8049386970164,89.5109225774175,1257.31181253539,5488.54658231389,0,293.482574745031,1088.20241901994,10810.1231157058,272.421596958932,"gold",2
"1083","Hanninghof_LMpred_FYM_Hanninghof_",1987,"oats","FYMNPK",81.752693918964,22.2649852000613,94.4646254029118,70.4058313664559,20.5494370456409,89.4119663711094,1257.31181253539,5488.54658231389,0,293.482574745031,1088.20241901994,10810.1231157058,272.421596958932,"gold",2
"1084","Hanninghof_LMpred_FYM_Hanninghof_",1988,"potato","FYMNPK",104.191777433433,18.0195594358285,149.01013464697,119.173096194833,16.1921339594346,166.62605226248,1266.98912067187,5529.89508750449,0,340.094597553448,1073.95775351011,10859.8490287159,353.848427212139,"gold",2
"1085","Hanninghof_LMpred_FYM_Hanninghof_",1989,"rye","FYMNPK",98.6304713929027,23.1869762439695,83.0347299282853,98.9955724280758,24.2980885271362,91.0415031372786,1266.98912067187,5529.89508750449,0,340.094597553448,1073.95775351011,10859.8490287159,353.848427212139,"gold",2
"1086","Hanninghof_LMpred_FYM_Hanninghof_",1990,"oats","FYMNPK",81.8546779242163,21.937061912169,92.3593659536067,72.2603613559853,20.9775362685389,90.7866130719828,1266.98912067187,5529.89508750449,0,340.094597553448,1073.95775351011,10859.8490287159,353.848427212139,"gold",2
"1087","Hanninghof_LMpred_FYM_Hanninghof_",1991,"potato","FYMNPK",103.827242901646,17.6757317302244,144.991442533619,122.781156954244,16.4924418384349,167.994066059379,1270.43198515252,5561.84902530165,0,320.49285657863,1087.00243742963,10902.348149429,308.393700002093,"gold",2
"1088","Hanninghof_LMpred_FYM_Hanninghof_",1992,"rye","FYMNPK",98.858889508804,23.1545761225819,81.8576034180849,101.357817327372,24.7818679925264,92.5412914909656,1270.43198515252,5561.84902530165,0,320.49285657863,1087.00243742963,10902.348149429,308.393700002093,"gold",2
"1089","Hanninghof_LMpred_FYM_Hanninghof_",1993,"oats","FYMNPK",81.9566619294687,21.6091386242766,90.2541065043019,74.112375943507,21.3959545230064,92.1352046249548,1270.43198515252,5561.84902530165,0,320.49285657863,1087.00243742963,10902.348149429,308.393700002093,"gold",2
"1090","Hanninghof_LMpred_FYM_Hanninghof_",1994,"potato","FYMNPK",103.462708369858,17.3319040246203,140.972750420269,126.362236949312,16.783170336552,169.344849237764,1276.56830000283,5592.65698596536,0,302.599144018962,1095.63110246238,10943.8824359499,268.418782077364,"gold",2
"1091","Hanninghof_LMpred_FYM_Hanninghof_",1995,"rye","FYMNPK",99.0873076247053,23.1221760011944,80.6804769078844,103.720245751082,25.2562804182414,94.0038485527969,1276.56830000283,5592.65698596536,0,302.599144018962,1095.63110246238,10943.8824359499,268.418782077364,"gold",2
"1092","Hanninghof_LMpred_FYM_Hanninghof_",1996,"oats","FYMNPK",82.058645934721,21.2812153363842,88.148847054997,75.9616137147398,21.8048624665177,93.4489749782903,1276.56830000283,5592.65698596536,0,302.599144018962,1095.63110246238,10943.8824359499,268.418782077364,"gold",2
"1093","Hanninghof_LMpred_FYM_Hanninghof_",1997,"potato","FYMNPK",103.09817383807,16.9880763190163,136.954058306918,129.916348696018,17.0647007661902,170.662075190408,1286.54736198727,5633.88310271428,0,348.72183132616,1081.6782218133,10991.5011601629,350.326886250907,"gold",2
"1094","Hanninghof_LMpred_FYM_Hanninghof_",1998,"rye","FYMNPK",99.3157257406067,23.0897758798068,79.5033503976836,106.082398452257,25.7216145851293,95.4272758468235,1286.54736198727,5633.88310271428,0,348.72183132616,1081.6782218133,10991.5011601629,350.326886250907,"gold",2
"1095","Hanninghof_LMpred_FYM_Hanninghof_",1999,"oats","FYMNPK",82.1606299399733,20.9532920484918,86.0435876056921,77.8080790175522,22.2047183595109,94.7253349747989,1286.54736198727,5633.88310271428,0,348.72183132616,1081.6782218133,10991.5011601629,350.326886250907,"gold",2
"1096","Hanninghof_LMpred_FYM_Hanninghof_",2000,"potato","FYMNPK",102.733639306282,16.6442486134122,132.935366193568,133.443640650565,17.3377120313302,171.939243079088,1290.11857846044,5665.72864254463,0,328.606986495507,1094.93411019045,11032.0715106376,305.059144261801,"gold",2
"1097","Hanninghof_LMpred_FYM_Hanninghof_",2001,"rye","FYMNPK",99.544143856508,23.0573757584192,78.3262238874831,108.443661781839,26.1783413490813,96.8109734896098,1290.11857846044,5665.72864254463,0,328.606986495507,1094.93411019045,11032.0715106376,305.059144261801,"gold",2
"1098","Hanninghof_LMpred_FYM_Hanninghof_",2002,"oats","FYMNPK",82.2626139452257,20.6253687605994,83.938328156387,79.6517494477062,22.5961011057362,95.9636295875903,1290.11857846044,5665.72864254463,0,328.606986495507,1094.93411019045,11032.0715106376,305.059144261801,"gold",2
"1099","Hanninghof_LMpred_FYM_Hanninghof_",2003,"potato","FYMNPK",102.369104774494,16.3004209078081,128.916674080217,136.944616150187,17.6029190805172,173.175544196464,1296.39962611746,5696.430552047,0,310.246493067577,1103.74256128983,11071.8198084003,265.31578232772,"gold",2
"1100","Hanninghof_LMpred_FYM_Hanninghof_",2004,"rye","FYMNPK",99.7725619724094,23.0249756370317,77.1490973772825,110.80298615594,26.6270586903006,98.1560159733821,1296.39962611746,5696.430552047,0,310.246493067577,1103.74256128983,11071.8198084003,265.31578232772,"gold",2
"1101","Hanninghof_LMpred_FYM_Hanninghof_",2005,"oats","FYMNPK",82.364597950478,20.297445472707,81.8330687070822,81.4923756348452,22.9796797471271,97.1642296742305,1296.39962611746,5696.430552047,0,310.246493067577,1103.74256128983,11071.8198084003,265.31578232772,"gold",2
"1102","Hanninghof_LMpred_FYM_Hanninghof_",2006,"potato","FYMNPK",102.004570242707,15.956593202204,124.897981966867,140.420324182207,17.8608544875654,174.37228853252,1306.58522647829,5737.56123934757,0,355.957763567744,1089.74900885025,11117.7535345096,347.581542598676,"gold",2
"1103","Hanninghof_LMpred_FYM_Hanninghof_",2007,"rye","FYMNPK",100.000980088311,22.9925755156442,75.9719708670819,113.160430466675,27.0683754943685,99.4629570716068,1306.58522647829,5737.56123934757,0,355.957763567744,1089.74900885025,11117.7535345096,347.581542598676,"gold",2
"1104","Hanninghof_LMpred_FYM_Hanninghof_",2008,"oats","FYMNPK",82.4665819557304,19.9695221848146,79.7278092577773,83.3295382631272,23.3558679626019,98.3271013609334,1306.58522647829,5737.56123934757,0,355.957763567744,1089.74900885025,11117.7535345096,347.581542598676,"gold",2
"1105","Hanninghof_LMpred_FYM_Hanninghof_",1961,"potato","FYMNPK",102.388170694788,17.989107898378,177.427869790294,68.2182692738785,11.5772316866447,132.336233765395,1310.19929523716,5769.31396535364,0,335.409100810278,1103.0110674877,11156.704939543,302.426787436862,"gold",2
"1106","Hanninghof_LMpred_FYM_Hanninghof_",1962,"rye","FYMNPK",91.4902908250552,20.3536764485702,85.8783746432606,48.5003264962863,13.4500989020803,45.500339781706,1310.19929523716,5769.31396535364,0,335.409100810278,1103.0110674877,11156.704939543,302.426787436862,"gold",2
"1107","Hanninghof_LMpred_FYM_Hanninghof_",1963,"oats","FYMNPK",75.8524043522097,21.7634706153133,103.556207120521,49.5617465204405,15.3649204860858,67.9807707710491,1310.19929523716,5769.31396535364,0,335.409100810278,1103.0110674877,11156.704939543,302.426787436862,"gold",2
"1108","Hanninghof_LMpred_FYM_Hanninghof_",1964,"potato","FYMNPK",102.023636163,17.6452801927739,173.409177676943,72.2320204222865,12.2814420802723,140.244813521174,1316.55477610213,5799.91707754325,0,316.654553232684,1111.85812173991,11194.906883023,262.842585079714,"gold",2
"1109","Hanninghof_LMpred_FYM_Hanninghof_",1965,"rye","FYMNPK",91.7187089409565,20.3212763271827,84.7012481330602,49.6432637951802,13.7929791561126,46.6432640232396,1316.55477610213,5799.91707754325,0,316.654553232684,1111.85812173991,11194.906883023,262.842585079714,"gold",2
"1110","Hanninghof_LMpred_FYM_Hanninghof_",1966,"oats","FYMNPK",75.954388357462,21.4355473274209,101.450947671216,51.4330516241022,16.0945438882436,70.7553090221196,1316.55477610213,5799.91707754325,0,316.654553232684,1111.85812173991,11194.906883023,262.842585079714,"gold",2
"1111","Hanninghof_LMpred_FYM_Hanninghof_",1967,"potato","FYMNPK",101.659101631212,17.3014524871699,169.390485563593,76.1868243532855,12.8878394489848,146.186399626807,1326.8901643964,5840.95289009081,0,362.020182054309,1097.73988219578,11239.3439836717,345.378874737335,"gold",2
"1112","Hanninghof_LMpred_FYM_Hanninghof_",1968,"rye","FYMNPK",91.9471270568578,20.2888762057951,83.5241216228595,50.7862127198994,14.1358717469709,47.7863127474929,1326.8901643964,5840.95289009081,0,362.020182054309,1097.73988219578,11239.3439836717,345.378874737335,"gold",2
"1113","Hanninghof_LMpred_FYM_Hanninghof_",1969,"oats","FYMNPK",76.0563723627144,21.1076240395285,99.3456882219113,53.304348876024,16.752454610564,73.3284587608875,1326.8901643964,5840.95289009081,0,362.020182054309,1097.73988219578,11239.3439836717,345.378874737335,"gold",2
"1114","Hanninghof_LMpred_FYM_Hanninghof_",1970,"potato","FYMNPK",101.294567099425,16.9576247815658,165.371793450242,80.0973412469764,13.4270736597594,151.105228466161,1330.49417567655,5872.60826870851,0,341.104511738217,1110.94396089799,11276.830018059,300.284913094992,"gold",2
"1115","Hanninghof_LMpred_FYM_Hanninghof_",1971,"rye","FYMNPK",92.1755451727592,20.2564760844076,82.3469951126589,51.92913968929,14.4787419204392,48.9291398604817,1330.49417567655,5872.60826870851,0,341.104511738217,1110.94396089799,11276.830018059,300.284913094992,"gold",2
"1116","Hanninghof_LMpred_FYM_Hanninghof_",1972,"oats","FYMNPK",76.1583563679667,20.7797007516361,97.2404287726064,55.17566547211,17.3614684253614,75.7611282519479,1330.49417567655,5872.60826870851,0,341.104511738217,1110.94396089799,11276.830018059,300.284913094992,"gold",2
"1117","Hanninghof_LMpred_FYM_Hanninghof_",1973,"potato","FYMNPK",100.930032567637,16.6137970759617,161.353101336892,83.9709217399813,13.9175717337212,155.367353613498,1336.8811228224,5903.10361732562,0,322.017353508737,1119.78841448038,11313.6113803125,260.810122280907,"gold",2
"1118","Hanninghof_LMpred_FYM_Hanninghof_",1974,"rye","FYMNPK",92.4039632886605,20.22407596302,81.1698686024584,53.0720849495066,14.8216289708282,50.0721290553336,1336.8811228224,5903.10361732562,0,322.017353508737,1119.78841448038,11313.6113803125,260.810122280907,"gold",2
"1119","Hanninghof_LMpred_FYM_Hanninghof_",1975,"oats","FYMNPK",76.2603403732191,20.4517774637437,95.1351693233015,57.0469836852599,17.9347767404376,78.0712413993464,1336.8811228224,5903.10361732562,0,322.017353508737,1119.78841448038,11313.6113803125,260.810122280907,"gold",2
"1120","Hanninghof_LMpred_FYM_Hanninghof_",1976,"potato","FYMNPK",100.565498035849,16.2699693703576,157.334409223541,87.811559708006,14.3708878635453,159.150550893538,1347.331735443,5944.03277774505,0,367.09287970252,1105.53068269232,11356.6605943584,343.556564832659,"gold",2
"1121","Hanninghof_LMpred_FYM_Hanninghof_",1977,"rye","FYMNPK",92.6323814045618,20.1916758416324,79.9927420922577,54.2150160632004,15.1645050218964,51.2150186807926,1347.331735443,5944.03277774505,0,367.09287970252,1105.53068269232,11356.6605943584,343.556564832659,"gold",2
"1122","Hanninghof_LMpred_FYM_Hanninghof_",1978,"oats","FYMNPK",76.3623243784714,20.1238541758513,93.0299098739967,58.9182587422345,18.4804314794227,80.2683103875079,1347.331735443,5944.03277774505,0,367.09287970252,1105.53068269232,11356.6605943584,343.556564832659,"gold",2
"1123","Hanninghof_LMpred_FYM_Hanninghof_",1979,"potato","FYMNPK",105.285381028797,19.0510425526408,161.066210987021,108.203279613327,15.2398494330822,163.628571739407,1350.89218672395,5975.57695520097,0,345.866636380526,1118.65439805078,11392.7780156325,298.488152353275,"gold",2
"1124","Hanninghof_LMpred_FYM_Hanninghof_",1980,"rye","FYMNPK",97.9452170451987,23.2841766081321,86.5661094588872,91.9087101084782,22.7954152515722,86.4827562082883,1350.89218672395,5975.57695520097,0,345.866636380526,1118.65439805078,11392.7780156325,298.488152353275,"gold",2
"1125","Hanninghof_LMpred_FYM_Hanninghof_",1981,"oats","FYMNPK",81.5487259084593,22.9208317758461,98.6751443015216,66.6900941891534,19.6672159679644,86.7380931392788,1350.89218672395,5975.57695520097,0,345.866636380526,1118.65439805078,11392.7780156325,298.488152353275,"gold",2
"1126","Hanninghof_LMpred_FYM_Hanninghof_",1982,"potato","FYMNPK",104.920846497009,18.7072148470367,157.047518873671,111.881236305319,15.5637556529427,164.139568987125,1357.28346453833,6005.94880657706,0,326.498788830548,1127.48266497383,11428.2234325106,259.089133577265,"gold",2
"1127","Hanninghof_LMpred_FYM_Hanninghof_",1983,"rye","FYMNPK",98.1736351611,23.2517764867446,85.3889829486866,94.2710599190743,23.303299977062,87.9711773911701,1357.28346453833,6005.94880657706,0,326.498788830548,1127.48266497383,11428.2234325106,259.089133577265,"gold",2
"1128","Hanninghof_LMpred_FYM_Hanninghof_",1984,"oats","FYMNPK",81.6507099137116,22.5929084879537,96.5698848522167,68.5489680976047,20.1121065542929,88.0366532850149,1357.28346453833,6005.94880657706,0,326.498788830548,1127.48266497383,11428.2234325106,259.089133577265,"gold",2
"1129","Hanninghof_LMpred_FYM_Hanninghof_",1985,"potato","FYMNPK",104.556311965221,18.3633871414326,153.02882676032,115.539238313497,15.8821638645119,165.291922246497,1367.82763507216,6046.7545985444,0,371.331114298043,1113.08960402754,11469.9618484725,342.004535482603,"gold",2
"1130","Hanninghof_LMpred_FYM_Hanninghof_",1986,"rye","FYMNPK",98.4020532770014,23.219376365357,84.2118564384859,96.6333506707056,23.8049386970164,89.5109225774175,1367.82763507216,6046.7545985444,0,371.331114298043,1113.08960402754,11469.9618484725,342.004535482603,"gold",2
"1131","Hanninghof_LMpred_FYM_Hanninghof_",1987,"oats","FYMNPK",81.752693918964,22.2649852000613,94.4646254029118,70.4058313664559,20.5494370456409,89.4119663711094,1367.82763507216,6046.7545985444,0,371.331114298043,1113.08960402754,11469.9618484725,342.004535482603,"gold",2
"1132","Hanninghof_LMpred_FYM_Hanninghof_",1988,"potato","FYMNPK",104.191777433433,18.0195594358285,149.01013464697,119.173096194833,16.1921339594346,166.62605226248,1371.32309384629,6078.16979784231,0,349.842114876917,1126.12687239085,11504.7793229849,296.93881911731,"gold",2
"1133","Hanninghof_LMpred_FYM_Hanninghof_",1989,"rye","FYMNPK",98.6304713929027,23.1869762439695,83.0347299282853,98.9955724280758,24.2980885271362,91.0415031372786,1371.32309384629,6078.16979784231,0,349.842114876917,1126.12687239085,11504.7793229849,296.93881911731,"gold",2
"1134","Hanninghof_LMpred_FYM_Hanninghof_",1990,"oats","FYMNPK",81.8546779242163,21.937061912169,92.3593659536067,72.2603613559853,20.9775362685389,90.7866130719828,1371.32309384629,6078.16979784231,0,349.842114876917,1126.12687239085,11504.7793229849,296.93881911731,"gold",2
"1135","Hanninghof_LMpred_FYM_Hanninghof_",1991,"potato","FYMNPK",103.827242901646,17.6757317302244,144.991442533619,122.781156954244,16.4924418384349,167.994066059379,1377.70112038281,6108.40030805962,0,330.237477017361,1134.9359844731,11538.9524167968,257.592983635499,"gold",2
"1136","Hanninghof_LMpred_FYM_Hanninghof_",1992,"rye","FYMNPK",98.858889508804,23.1545761225819,81.8576034180849,101.357817327372,24.7818679925264,92.5412914909656,1377.70112038281,6108.40030805962,0,330.237477017361,1134.9359844731,11538.9524167968,257.592983635499,"gold",2
"1137","Hanninghof_LMpred_FYM_Hanninghof_",1993,"oats","FYMNPK",81.9566619294687,21.6091386242766,90.2541065043019,74.112375943507,21.3959545230064,92.1352046249548,1377.70112038281,6108.40030805962,0,330.237477017361,1134.9359844731,11538.9524167968,257.592983635499,"gold",2
"1138","Hanninghof_LMpred_FYM_Hanninghof_",1994,"potato","FYMNPK",103.462708369858,17.3319040246203,140.972750420269,126.362236949312,16.783170336552,169.344849237764,1388.32462734861,6149.06517694841,0,374.866182082249,1120.4141729384,11579.4430552454,340.648612525213,"gold",2
"1139","Hanninghof_LMpred_FYM_Hanninghof_",1995,"rye","FYMNPK",99.0873076247053,23.1221760011944,80.6804769078844,103.720245751082,25.2562804182414,94.0038485527969,1388.32462734861,6149.06517694841,0,374.866182082249,1120.4141729384,11579.4430552454,340.648612525213,"gold",2
"1140","Hanninghof_LMpred_FYM_Hanninghof_",1996,"oats","FYMNPK",82.058645934721,21.2812153363842,88.148847054997,75.9616137147398,21.8048624665177,93.4489749782903,1388.32462734861,6149.06517694841,0,374.866182082249,1120.4141729384,11579.4430552454,340.648612525213,"gold",2
"1141","Hanninghof_LMpred_FYM_Hanninghof_",1997,"potato","FYMNPK",103.09817383807,16.9880763190163,136.954058306918,129.916348696018,17.0647007661902,170.662075190408,1391.73992625746,6180.33429447772,0,353.154706953779,1133.35812453296,11613.0216310302,295.57006917244,"gold",2
"1142","Hanninghof_LMpred_FYM_Hanninghof_",1998,"rye","FYMNPK",99.3157257406067,23.0897758798068,79.5033503976836,106.082398452257,25.7216145851293,95.4272758468235,1391.73992625746,6180.33429447772,0,353.154706953779,1133.35812453296,11613.0216310302,295.57006917244,"gold",2
"1143","Hanninghof_LMpred_FYM_Hanninghof_",1999,"oats","FYMNPK",82.1606299399733,20.9532920484918,86.0435876056921,77.8080790175522,22.2047183595109,94.7253349747989,1391.73992625746,6180.33429447772,0,353.154706953779,1133.35812453296,11613.0216310302,295.57006917244,"gold",2
"1144","Hanninghof_LMpred_FYM_Hanninghof_",2000,"potato","FYMNPK",102.733639306282,16.6442486134122,132.935366193568,133.443640650565,17.3377120313302,171.939243079088,1398.09242929758,6210.40651302208,0,333.350305622181,1142.14490391292,11645.9786978252,256.261993323254,"gold",2
"1145","Hanninghof_LMpred_FYM_Hanninghof_",2001,"rye","FYMNPK",99.544143856508,23.0573757584192,78.3262238874831,108.443661781839,26.1783413490813,96.8109734896098,1398.09242929758,6210.40651302208,0,333.350305622181,1142.14490391292,11645.9786978252,256.261993323254,"gold",2
"1146","Hanninghof_LMpred_FYM_Hanninghof_",2002,"oats","FYMNPK",82.2626139452257,20.6253687605994,83.938328156387,79.6517494477062,22.5961011057362,95.9636295875903,1398.09242929758,6210.40651302208,0,333.350305622181,1142.14490391292,11645.9786978252,256.261993323254,"gold",2
"1147","Hanninghof_LMpred_FYM_Hanninghof_",2003,"potato","FYMNPK",102.369104774494,16.3004209078081,128.916674080217,136.944616150187,17.6029190805172,173.175544196464,1408.78585673821,6250.91370305301,0,377.808833663051,1127.50228016906,11685.2736766561,339.437349703649,"gold",2
"1148","Hanninghof_LMpred_FYM_Hanninghof_",2004,"rye","FYMNPK",99.7725619724094,23.0249756370317,77.1490973772825,110.80298615594,26.6270586903006,98.1560159733821,1408.78585673821,6250.91370305301,0,377.808833663051,1127.50228016906,11685.2736766561,339.437349703649,"gold",2
"1149","Hanninghof_LMpred_FYM_Hanninghof_",2005,"oats","FYMNPK",82.364597950478,20.297445472707,81.8330687070822,81.4923756348452,22.9796797471271,97.1642296742305,1408.78585673821,6250.91370305301,0,377.808833663051,1127.50228016906,11685.2736766561,339.437349703649,"gold",2
"1150","Hanninghof_LMpred_FYM_Hanninghof_",2006,"potato","FYMNPK",102.004570242707,15.956593202204,124.897981966867,140.420324182207,17.8608544875654,174.37228853252,1412.11041914441,6282.02063753757,0,355.908961277931,1140.35034697782,11717.6638948581,294.33610762136,"gold",2
"1151","Hanninghof_LMpred_FYM_Hanninghof_",2007,"rye","FYMNPK",100.000980088311,22.9925755156442,75.9719708670819,113.160430466675,27.0683754943685,99.4629570716068,1412.11041914441,6282.02063753757,0,355.908961277931,1140.35034697782,11717.6638948581,294.33610762136,"gold",2
"1152","Hanninghof_LMpred_FYM_Hanninghof_",2008,"oats","FYMNPK",82.4665819557304,19.9695221848146,79.7278092577773,83.3295382631272,23.3558679626019,98.3271013609334,1412.11041914441,6282.02063753757,0,355.908961277931,1140.35034697782,11717.6638948581,294.33610762136,"gold",2
"1153","Hanninghof_LMpred_FYM_Hanninghof_",1961,"potato","FYM",56.3889315068926,12.7891845151672,126.579335010816,32.6878807291583,7.91261421566021,71.2189329939405,961.689418875045,4633.0609819084,0,109.60303181211,775.355618658208,9224.20869250976,199.072302843429,"black",2
"1154","Hanninghof_LMpred_FYM_Hanninghof_",1962,"rye","FYM",39.4260797864839,9.10028881157022,38.9169841460228,31.2842983824479,8.28530852061307,28.2843934118436,961.689418875045,4633.0609819084,0,109.60303181211,775.355618658208,9224.20869250976,199.072302843429,"black",2
"1155","Hanninghof_LMpred_FYM_Hanninghof_",1963,"oats","FYM",28.4631659304452,11.109079012431,45.5956080711099,22.9081495142435,7.5632578208039,28.8622381300084,961.689418875045,4633.0609819084,0,109.60303181211,775.355618658208,9224.20869250976,199.072302843429,"black",2
"1156","Hanninghof_LMpred_FYM_Hanninghof_",1964,"potato","FYM",56.0243969751048,12.4453568095632,122.560642897466,36.4838787157351,8.67625159803429,80.660079372583,963.265931853821,4640.69926757122,0,166.395618954853,767.252851894865,9203.95240142278,305.612427699814,"black",2
"1157","Hanninghof_LMpred_FYM_Hanninghof_",1965,"rye","FYM",39.6544979023852,9.06788869018267,37.7398576358224,31.512798741279,8.35384103180488,28.5128057883839,963.265931853821,4640.69926757122,0,166.395618954853,767.252851894865,9203.95240142278,305.612427699814,"black",2
"1158","Hanninghof_LMpred_FYM_Hanninghof_",1966,"oats","FYM",28.5651499356976,10.7811557245386,43.490348621805,23.0101283804641,7.60405107777873,29.0151943069068,963.265931853821,4640.69926757122,0,166.395618954853,767.252851894865,9203.95240142278,305.612427699814,"black",2
"1159","Hanninghof_LMpred_FYM_Hanninghof_",1967,"potato","FYM",55.6598624433171,12.1015291039591,118.541950784115,40.2798668087341,9.34546289787026,89.7805119585718,964.348080771773,4639.75063135183,0,157.976797735677,786.769815944697,9185.73909540329,276.024376257621,"black",2
"1160","Hanninghof_LMpred_FYM_Hanninghof_",1968,"rye","FYM",39.8829160182866,9.03548856879514,36.5627311256216,31.7412235032568,8.42236705263024,28.7412235115218,964.348080771773,4639.75063135183,0,157.976797735677,786.769815944697,9185.73909540329,276.024376257621,"black",2
"1161","Hanninghof_LMpred_FYM_Hanninghof_",1969,"oats","FYM",28.6671339409499,10.4532324366462,41.3850891724999,23.1121126507448,7.64484471428298,29.1681709144628,964.348080771773,4639.75063135183,0,157.976797735677,786.769815944697,9185.73909540329,276.024376257621,"black",2
"1162","Hanninghof_LMpred_FYM_Hanninghof_",1970,"potato","FYM",55.2953279115293,11.757701398355,114.523258670765,44.075876960303,9.93608058862692,97.7213583604732,965.77446761209,4638.66388467501,0,150.073899751377,799.245265267819,9171.33933672515,249.086447482633,"black",2
"1163","Hanninghof_LMpred_FYM_Hanninghof_",1971,"rye","FYM",40.1113341341879,9.00308844740759,35.3856046154211,31.9696238096754,8.49089084944048,28.9696423423665,965.77446761209,4638.66388467501,0,150.073899751377,799.245265267819,9171.33933672515,249.086447482633,"black",2
"1164","Hanninghof_LMpred_FYM_Hanninghof_",1972,"oats","FYM",28.7691179462023,10.1253091487538,39.2798297231951,23.2140988906641,7.68563855135748,29.3211532251867,965.77446761209,4638.66388467501,0,150.073899751377,799.245265267819,9171.33933672515,249.086447482633,"black",2
"1165","Hanninghof_LMpred_FYM_Hanninghof_",1973,"potato","FYM",54.9307933797415,11.4138736927509,110.504566557414,47.8718414428821,10.4607349988879,104.366891285615,966.604370878591,4648.39798313015,0,204.753646431701,778.851542157783,9162.0600368281,347.499391117138,"black",2
"1166","Hanninghof_LMpred_FYM_Hanninghof_",1974,"rye","FYM",40.3397522500892,8.97068832602003,34.2084781052205,32.1980358489735,8.55941568201438,29.1980604855846,966.604370878591,4648.39798313015,0,204.753646431701,778.851542157783,9162.0600368281,347.499391117138,"black",2
"1167","Hanninghof_LMpred_FYM_Hanninghof_",1975,"oats","FYM",28.8711019514546,9.7973858608614,37.1745702738902,23.3160819862214,7.72643206239276,29.4741260286469,966.604370878591,4648.39798313015,0,204.753646431701,778.851542157783,9162.0600368281,347.499391117138,"black",2
"1168","Hanninghof_LMpred_FYM_Hanninghof_",1976,"potato","FYM",54.5662588479538,11.0700459871468,106.485874444064,51.661922828553,10.9295233127363,109.863311565682,967.639019834489,4649.33054981861,0,194.432589755537,794.37072753483,9151.3678052276,314.159631552211,"black",2
"1169","Hanninghof_LMpred_FYM_Hanninghof_",1977,"rye","FYM",40.5681703659906,8.93828820463245,33.0313515950199,32.4264431987392,8.62794004601879,29.426478630724,967.639019834489,4649.33054981861,0,194.432589755537,794.37072753483,9151.3678052276,314.159631552211,"black",2
"1170","Hanninghof_LMpred_FYM_Hanninghof_",1978,"oats","FYM",28.973085956707,9.46946257296901,35.0693108245853,23.418088060937,7.76722782292816,29.6271524168109,967.639019834489,4649.33054981861,0,194.432589755537,794.37072753483,9151.3678052276,314.159631552211,"black",2
"1171","Hanninghof_LMpred_FYM_Hanninghof_",1979,"potato","FYM",59.2861418409015,13.85111916943,110.217676207544,60.3504289829395,11.6860790284842,119.365271143638,969.076774739458,4649.97998965071,0,184.741343940695,804.241869112863,9142.88001320927,283.761087685596,"black",2
"1172","Hanninghof_LMpred_FYM_Hanninghof_",1980,"rye","FYM",45.8810060066274,12.0307889711321,39.6047189616493,37.7393121148406,10.2217939922494,34.7393139038282,969.076774739458,4649.97998965071,0,184.741343940695,804.241869112863,9142.88001320927,283.761087685596,"black",2
"1173","Hanninghof_LMpred_FYM_Hanninghof_",1981,"oats","FYM",34.1594874866948,12.2664401729638,40.7145452521102,28.6044857333404,9.84178711001034,37.406744350446,969.076774739458,4649.97998965071,0,184.741343940695,804.241869112863,9142.88001320927,283.761087685596,"black",2
"1174","Hanninghof_LMpred_FYM_Hanninghof_",1982,"potato","FYM",58.9216073091137,13.5072914638259,106.198984094193,63.9973060193828,12.0065168200984,121.627530012387,969.499583241734,4661.2837447745,0,237.589317416756,777.683628833424,9137.43419329739,375.384635918342,"black",2
"1175","Hanninghof_LMpred_FYM_Hanninghof_",1983,"rye","FYM",46.1094241225288,11.9983888497446,38.4275924514488,37.9677231405055,10.2903191114968,34.967733987231,969.499583241734,4661.2837447745,0,237.589317416756,777.683628833424,9137.43419329739,375.384635918342,"black",2
"1176","Hanninghof_LMpred_FYM_Hanninghof_",1984,"oats","FYM",34.2614714919472,11.9385168850714,38.6092858028054,28.7064538324898,9.8825798802989,37.5596835990016,969.499583241734,4661.2837447745,0,237.589317416756,777.683628833424,9137.43419329739,375.384635918342,"black",2
"1177","Hanninghof_LMpred_FYM_Hanninghof_",1985,"potato","FYM",58.5570727773259,13.1634637582218,102.180291980843,67.6023091499453,12.3016469856488,123.599946126411,970.663776895666,4663.63923849074,0,225.647262993962,793.151848945719,9129.11539477723,339.493990814689,"black",2
"1178","Hanninghof_LMpred_FYM_Hanninghof_",1986,"rye","FYM",46.3378422384301,11.965988728357,37.250465941248,38.1959968919201,10.3588378295608,35.196190701842,970.663776895666,4663.63923849074,0,225.647262993962,793.151848945719,9129.11539477723,339.493990814689,"black",2
"1179","Hanninghof_LMpred_FYM_Hanninghof_",1987,"oats","FYM",34.3634554971995,11.610593597179,36.5040263535005,28.808433486344,9.9233732463499,37.7126504245646,970.663776895666,4663.63923849074,0,225.647262993962,793.151848945719,9129.11539477723,339.493990814689,"black",2
"1180","Hanninghof_LMpred_FYM_Hanninghof_",1988,"potato","FYM",58.1925382455381,12.8196360526177,98.1615998674923,71.1648117473751,12.5733298848422,125.246781680211,972.255599775635,4665.61736926229,0,214.432464628156,803.07998362183,9122.7449987982,306.76808120315,"black",2
"1181","Hanninghof_LMpred_FYM_Hanninghof_",1989,"rye","FYM",46.5662603543314,11.9335886069695,36.0733394310475,38.4244722409724,10.4273656994864,35.424592376943,972.255599775635,4665.61736926229,0,214.432464628156,803.07998362183,9122.7449987982,306.76808120315,"black",2
"1182","Hanninghof_LMpred_FYM_Hanninghof_",1990,"oats","FYM",34.4654395024519,11.2826703092866,34.3987669041954,28.9104254639291,9.96416729094161,37.8656409607238,972.255599775635,4665.61736926229,0,214.432464628156,803.07998362183,9122.7449987982,306.76808120315,"black",2
"1183","Hanninghof_LMpred_FYM_Hanninghof_",1991,"potato","FYM",57.8280037137503,12.4758083470136,94.1429077541419,74.6842358821207,12.8235984008182,126.595453070286,972.461093847421,4678.13275066895,0,265.69550856108,772.806897689965,9118.40842832635,393.056379246396,"black",2
"1184","Hanninghof_LMpred_FYM_Hanninghof_",1992,"rye","FYM",46.7946784702328,11.9011884855819,34.896212920847,38.652956539508,10.4958942905632,35.652993183061,972.461093847421,4678.13275066895,0,265.69550856108,772.806897689965,9118.40842832635,393.056379246396,"black",2
"1185","Hanninghof_LMpred_FYM_Hanninghof_",1993,"oats","FYM",34.5674235077042,10.9547470213942,32.2935074548905,29.0124213417562,10.0049615507064,38.0186364408029,972.461093847421,4678.13275066895,0,265.69550856108,772.806897689965,9118.40842832635,393.056379246396,"black",2
"1186","Hanninghof_LMpred_FYM_Hanninghof_",1994,"potato","FYM",57.4634691819626,12.1319806414096,90.1242156407912,78.1600296424612,13.0544782260828,127.6864155808,973.832740814657,4681.59530967258,0,252.37041174077,789.299022294399,9110.50075483097,355.502285794967,"black",2
"1187","Hanninghof_LMpred_FYM_Hanninghof_",1995,"rye","FYM",47.0230965861341,11.8687883641944,33.7190864106465,38.8813947954637,10.5644207307122,35.8814062558311,973.832740814657,4681.59530967258,0,252.37041174077,789.299022294399,9110.50075483097,355.502285794967,"black",2
"1188","Hanninghof_LMpred_FYM_Hanninghof_",1996,"oats","FYM",34.6694075129566,10.6268237335019,30.1882480055857,29.1143873145766,10.0457541525209,38.1715812399392,973.832740814657,4681.59530967258,0,252.37041174077,789.299022294399,9110.50075483097,355.502285794967,"black",2
"1189","Hanninghof_LMpred_FYM_Hanninghof_",1997,"potato","FYM",57.0989346501748,11.7881529358055,86.1055235274408,81.5920206990088,13.2679498397289,128.560029255724,975.639345064858,4684.6170087637,0,239.856469848093,799.994032637725,9104.70980676345,321.27707029398,"black",2
"1190","Hanninghof_LMpred_FYM_Hanninghof_",1998,"rye","FYM",47.2515147020354,11.8363882428068,32.5419599004457,39.1098218748939,10.6329466407989,36.1098222665487,975.639345064858,4684.6170087637,0,239.856469848093,799.994032637725,9104.70980676345,321.27707029398,"black",2
"1191","Hanninghof_LMpred_FYM_Hanninghof_",1999,"oats","FYM",34.7713915182089,10.2989004456094,28.0829885562808,29.2163716615721,10.0865477721255,38.3245575717058,975.639345064858,4684.6170087637,0,239.856469848093,799.994032637725,9104.70980676345,321.27707029398,"black",2
"1192","Hanninghof_LMpred_FYM_Hanninghof_",2000,"potato","FYM",56.734400118387,11.4443252302014,82.0868314140904,84.9797968063931,13.4658166873998,129.24892681412,975.731630396151,4698.09028796286,0,289.750170318754,767.111704023727,9100.38028916859,403.522025217218,"black",2
"1193","Hanninghof_LMpred_FYM_Hanninghof_",2001,"rye","FYM",47.4799328179368,11.8039881214193,31.3648333902452,39.3381789715566,10.7014685785536,36.3382534069898,975.731630396151,4698.09028796286,0,289.750170318754,767.111704023727,9100.38028916859,403.522025217218,"black",2
"1194","Hanninghof_LMpred_FYM_Hanninghof_",2002,"oats","FYM",34.8733755234612,9.97097715771705,25.9777291069757,29.3183543844733,10.1273413033784,38.4775315121458,975.731630396151,4698.09028796286,0,289.750170318754,767.111704023727,9100.38028916859,403.522025217218,"black",2
"1195","Hanninghof_LMpred_FYM_Hanninghof_",2003,"potato","FYM",56.3698655865992,11.1004975245973,78.0681393007397,88.3234562944218,13.6497499312675,129.780882528886,977.335458683494,4702.4331535906,0,275.24406072166,784.787933703642,9092.09390058567,364.934123634647,"black",2
"1196","Hanninghof_LMpred_FYM_Hanninghof_",2004,"rye","FYM",47.7083509338381,11.7715880000317,30.1877068800447,39.5666564417435,10.7699974102628,36.5666588304415,977.335458683494,4702.4331535906,0,275.24406072166,784.787933703642,9092.09390058567,364.934123634647,"black",2
"1197","Hanninghof_LMpred_FYM_Hanninghof_",2005,"oats","FYM",34.9753595287136,9.64305386982466,23.8724696576708,29.420342616144,10.1681351294959,38.6305132332222,977.335458683494,4702.4331535906,0,275.24406072166,784.787933703642,9092.09390058567,364.934123634647,"black",2
"1198","Hanninghof_LMpred_FYM_Hanninghof_",2006,"potato","FYM",56.0053310548114,10.7566698189932,74.0494471873893,91.622959590977,13.8212287838438,130.161592185511,979.373902108813,4706.2908452676,0,261.621493556949,796.343554807969,9086.20547437246,329.79280271488,"black",2
"1199","Hanninghof_LMpred_FYM_Hanninghof_",2007,"rye","FYM",47.9367690497394,11.7391878786442,29.010580369844,39.7950573092577,10.8385217840109,36.7950802654259,979.373902108813,4706.2908452676,0,261.621493556949,796.343554807969,9086.20547437246,329.79280271488,"black",2
"1200","Hanninghof_LMpred_FYM_Hanninghof_",2008,"oats","FYM",35.0773435339659,9.31513058193227,21.767210208366,29.5222440609944,10.2089017992664,38.7833804426027,979.373902108813,4706.2908452676,0,261.621493556949,796.343554807969,9086.20547437246,329.79280271488,"black",2
"1201","Hanninghof_LMpred_FYM_Hanninghof_",1961,"potato","FYM",56.3889315068926,12.7891845151672,126.579335010816,32.6878807291583,7.91261421566021,71.2189329939405,979.408366341736,4720.53489557285,0,310.333455706047,761.438021686607,9081.40628935702,409.034209285996,"black",2
"1202","Hanninghof_LMpred_FYM_Hanninghof_",1962,"rye","FYM",39.4260797864839,9.10028881157022,38.9169841460228,31.2842983824479,8.28530852061307,28.2843934118436,979.408366341736,4720.53489557285,0,310.333455706047,761.438021686607,9081.40628935702,409.034209285996,"black",2
"1203","Hanninghof_LMpred_FYM_Hanninghof_",1963,"oats","FYM",28.4631659304452,11.109079012431,45.5956080711099,22.9081495142435,7.5632578208039,28.8622381300084,979.408366341736,4720.53489557285,0,310.333455706047,761.438021686607,9081.40628935702,409.034209285996,"black",2
"1204","Hanninghof_LMpred_FYM_Hanninghof_",1964,"potato","FYM",56.0243969751048,12.4453568095632,122.560642897466,36.4838787157351,8.67625159803429,80.660079372583,981.241640767329,4725.58868812191,0,294.81844868537,780.193499211744,9072.41105405052,369.847488436639,"black",2
"1205","Hanninghof_LMpred_FYM_Hanninghof_",1965,"rye","FYM",39.6544979023852,9.06788869018267,37.7398576358224,31.512798741279,8.35384103180488,28.5128057883839,981.241640767329,4725.58868812191,0,294.81844868537,780.193499211744,9072.41105405052,369.847488436639,"black",2
"1206","Hanninghof_LMpred_FYM_Hanninghof_",1966,"oats","FYM",28.5651499356976,10.7811557245386,43.490348621805,23.0101283804641,7.60405107777873,29.0151943069068,981.241640767329,4725.58868812191,0,294.81844868537,780.193499211744,9072.41105405052,369.847488436639,"black",2
"1207","Hanninghof_LMpred_FYM_Hanninghof_",1967,"potato","FYM",55.6598624433171,12.1015291039591,118.541950784115,40.2798668087341,9.34546289787026,89.7805119585718,983.506539646478,4730.12526203818,0,280.249748067021,792.527889978355,9066.10509916123,334.191900142504,"black",2
"1208","Hanninghof_LMpred_FYM_Hanninghof_",1968,"rye","FYM",39.8829160182866,9.03548856879514,36.5627311256216,31.7412235032568,8.42236705263024,28.7412235115218,983.506539646478,4730.12526203818,0,280.249748067021,792.527889978355,9066.10509916123,334.191900142504,"black",2
"1209","Hanninghof_LMpred_FYM_Hanninghof_",1969,"oats","FYM",28.6671339409499,10.4532324366462,41.3850891724999,23.1121126507448,7.64484471428298,29.1681709144628,983.506539646478,4730.12526203818,0,280.249748067021,792.527889978355,9066.10509916123,334.191900142504,"black",2
"1210","Hanninghof_LMpred_FYM_Hanninghof_",1970,"potato","FYM",55.2953279115293,11.757701398355,114.523258670765,44.075876960303,9.93608058862692,97.7213583604732,983.277183542863,4744.97736968571,0,327.860917494623,753.260062352275,9060.0674975007,409.532058285484,"black",2
"1211","Hanninghof_LMpred_FYM_Hanninghof_",1971,"rye","FYM",40.1113341341879,9.00308844740759,35.3856046154211,31.9696238096754,8.49089084944048,28.9696423423665,983.277183542863,4744.97736968571,0,327.860917494623,753.260062352275,9060.0674975007,409.532058285484,"black",2
"1212","Hanninghof_LMpred_FYM_Hanninghof_",1972,"oats","FYM",28.7691179462023,10.1253091487538,39.2798297231951,23.2140988906641,7.68563855135748,29.3211532251867,983.277183542863,4744.97736968571,0,327.860917494623,753.260062352275,9060.0674975007,409.532058285484,"black",2
"1213","Hanninghof_LMpred_FYM_Hanninghof_",1973,"potato","FYM",54.9307933797415,11.4138736927509,110.504566557414,47.8718414428821,10.4607349988879,104.366891285615,984.286387823605,4750.48568860256,0,311.12160030478,770.824776714541,9048.77773249798,368.517795022113,"black",2
"1214","Hanninghof_LMpred_FYM_Hanninghof_",1974,"rye","FYM",40.3397522500892,8.97068832602003,34.2084781052205,32.1980358489735,8.55941568201438,29.1980604855846,984.286387823605,4750.48568860256,0,311.12160030478,770.824776714541,9048.77773249798,368.517795022113,"black",2
"1215","Hanninghof_LMpred_FYM_Hanninghof_",1975,"oats","FYM",28.8711019514546,9.7973858608614,37.1745702738902,23.3160819862214,7.72643206239276,29.4741260286469,984.286387823605,4750.48568860256,0,311.12160030478,770.824776714541,9048.77773249798,368.517795022113,"black",2
"1216","Hanninghof_LMpred_FYM_Hanninghof_",1976,"potato","FYM",54.5662588479538,11.0700459871468,106.485874444064,51.661922828553,10.9295233127363,109.863311565682,985.48901382113,4755.26606069257,0,295.296815107236,780.652295427846,9039.46560212211,330.59566233423,"black",2
"1217","Hanninghof_LMpred_FYM_Hanninghof_",1977,"rye","FYM",40.5681703659906,8.93828820463245,33.0313515950199,32.4264431987392,8.62794004601879,29.426478630724,985.48901382113,4755.26606069257,0,295.296815107236,780.652295427846,9039.46560212211,330.59566233423,"black",2
"1218","Hanninghof_LMpred_FYM_Hanninghof_",1978,"oats","FYM",28.973085956707,9.46946257296901,35.0693108245853,23.418088060937,7.76722782292816,29.6271524168109,985.48901382113,4755.26606069257,0,295.296815107236,780.652295427846,9039.46560212211,330.59566233423,"black",2
"1219","Hanninghof_LMpred_FYM_Hanninghof_",1979,"potato","FYM",59.2861418409015,13.85111916943,110.217676207544,60.3504289829395,11.6860790284842,119.365271143638,985.624200550739,4770.2596379893,0,342.081534260794,742.913379861831,9030.28804461627,405.284605393715,"black",2
"1220","Hanninghof_LMpred_FYM_Hanninghof_",1980,"rye","FYM",45.8810060066274,12.0307889711321,39.6047189616493,37.7393121148406,10.2217939922494,34.7393139038282,985.624200550739,4770.2596379893,0,342.081534260794,742.913379861831,9030.28804461627,405.284605393715,"black",2
"1221","Hanninghof_LMpred_FYM_Hanninghof_",1981,"oats","FYM",34.1594874866948,12.2664401729638,40.7145452521102,28.6044857333404,9.84178711001034,37.406744350446,985.624200550739,4770.2596379893,0,342.081534260794,742.913379861831,9030.28804461627,405.284605393715,"black",2
"1222","Hanninghof_LMpred_FYM_Hanninghof_",1982,"potato","FYM",58.9216073091137,13.5072914638259,106.198984094193,63.9973060193828,12.0065168200984,121.627530012387,987.109892447359,4775.93414240882,0,324.631018833154,762.480959495039,9016.5445597517,364.492776637843,"black",2
"1223","Hanninghof_LMpred_FYM_Hanninghof_",1983,"rye","FYM",46.1094241225288,11.9983888497446,38.4275924514488,37.9677231405055,10.2903191114968,34.967733987231,987.109892447359,4775.93414240882,0,324.631018833154,762.480959495039,9016.5445597517,364.492776637843,"black",2
"1224","Hanninghof_LMpred_FYM_Hanninghof_",1984,"oats","FYM",34.2614714919472,11.9385168850714,38.6092858028054,28.7064538324898,9.8825798802989,37.5596835990016,987.109892447359,4775.93414240882,0,324.631018833154,762.480959495039,9016.5445597517,364.492776637843,"black",2
"1225","Hanninghof_LMpred_FYM_Hanninghof_",1985,"potato","FYM",58.5570727773259,13.1634637582218,102.180291980843,67.6023091499453,12.3016469856488,123.599946126411,988.741189957524,4780.91255409468,0,308.138729756832,773.69140446847,9005.43942251681,326.827785300303,"black",2
"1226","Hanninghof_LMpred_FYM_Hanninghof_",1986,"rye","FYM",46.3378422384301,11.965988728357,37.250465941248,38.1959968919201,10.3588378295608,35.196190701842,988.741189957524,4780.91255409468,0,308.138729756832,773.69140446847,9005.43942251681,326.827785300303,"black",2
"1227","Hanninghof_LMpred_FYM_Hanninghof_",1987,"oats","FYM",34.3634554971995,11.610593597179,36.5040263535005,28.808433486344,9.9233732463499,37.7126504245646,988.741189957524,4780.91255409468,0,308.138729756832,773.69140446847,9005.43942251681,326.827785300303,"black",2
"1228","Hanninghof_LMpred_FYM_Hanninghof_",1988,"potato","FYM",58.1925382455381,12.8196360526177,98.1615998674923,71.1648117473751,12.5733298848422,125.246781680211,989.082258207957,4796.11442680756,0,354.214141807878,735.909495162692,8994.72892937608,401.12024162039,"black",2
"1229","Hanninghof_LMpred_FYM_Hanninghof_",1989,"rye","FYM",46.5662603543314,11.9335886069695,36.0733394310475,38.4244722409724,10.4273656994864,35.424592376943,989.082258207957,4796.11442680756,0,354.214141807878,735.909495162692,8994.72892937608,401.12024162039,"black",2
"1230","Hanninghof_LMpred_FYM_Hanninghof_",1990,"oats","FYM",34.4654395024519,11.2826703092866,34.3987669041954,28.9104254639291,9.96416729094161,37.8656409607238,989.082258207957,4796.11442680756,0,354.214141807878,735.909495162692,8994.72892937608,401.12024162039,"black",2
"1231","Hanninghof_LMpred_FYM_Hanninghof_",1991,"potato","FYM",57.8280037137503,12.4758083470136,94.1429077541419,74.6842358821207,12.8235984008182,126.595453070286,990.892668439512,4802.00148115756,0,336.157839396755,756.342713299607,8979.64912205456,360.570640103159,"black",2
"1232","Hanninghof_LMpred_FYM_Hanninghof_",1992,"rye","FYM",46.7946784702328,11.9011884855819,34.896212920847,38.652956539508,10.4958942905632,35.652993183061,990.892668439512,4802.00148115756,0,336.157839396755,756.342713299607,8979.64912205456,360.570640103159,"black",2
"1233","Hanninghof_LMpred_FYM_Hanninghof_",1993,"oats","FYM",34.5674235077042,10.9547470213942,32.2935074548905,29.0124213417562,10.0049615507064,38.0186364408029,990.892668439512,4802.00148115756,0,336.157839396755,756.342713299607,8979.64912205456,360.570640103159,"black",2
"1234","Hanninghof_LMpred_FYM_Hanninghof_",1994,"potato","FYM",57.4634691819626,12.1319806414096,90.1242156407912,78.1600296424612,13.0544782260828,127.6864155808,992.824247362771,4807.20642779843,0,319.097940586286,768.162684231167,8967.51552637628,323.17161442531,"black",2
"1235","Hanninghof_LMpred_FYM_Hanninghof_",1995,"rye","FYM",47.0230965861341,11.8687883641944,33.7190864106465,38.8813947954637,10.5644207307122,35.8814062558311,992.824247362771,4807.20642779843,0,319.097940586286,768.162684231167,8967.51552637628,323.17161442531,"black",2
"1236","Hanninghof_LMpred_FYM_Hanninghof_",1996,"oats","FYM",34.6694075129566,10.6268237335019,30.1882480055857,29.1143873145766,10.0457541525209,38.1715812399392,992.824247362771,4807.20642779843,0,319.097940586286,768.162684231167,8967.51552637628,323.17161442531,"black",2
"1237","Hanninghof_LMpred_FYM_Hanninghof_",1997,"potato","FYM",57.0989346501748,11.7881529358055,86.1055235274408,81.5920206990088,13.2679498397289,128.560029255724,993.278624530182,4822.63217783376,0,364.564483498698,729.968474672855,8955.82997013188,397.20459854781,"black",2
"1238","Hanninghof_LMpred_FYM_Hanninghof_",1998,"rye","FYM",47.2515147020354,11.8363882428068,32.5419599004457,39.1098218748939,10.6329466407989,36.1098222665487,993.278624530182,4822.63217783376,0,364.564483498698,729.968474672855,8955.82997013188,397.20459854781,"black",2
"1239","Hanninghof_LMpred_FYM_Hanninghof_",1999,"oats","FYM",34.7713915182089,10.2989004456094,28.0829885562808,29.2163716615721,10.0865477721255,38.3245575717058,993.278624530182,4822.63217783376,0,364.564483498698,729.968474672855,8955.82997013188,397.20459854781,"black",2
"1240","Hanninghof_LMpred_FYM_Hanninghof_",2000,"potato","FYM",56.734400118387,11.4443252302014,82.0868314140904,84.9797968063931,13.4658166873998,129.24892681412,995.319223226921,4828.73699848711,0,345.991698449128,750.867645251015,8939.82731636003,356.883489364566,"black",2
"1241","Hanninghof_LMpred_FYM_Hanninghof_",2001,"rye","FYM",47.4799328179368,11.8039881214193,31.3648333902452,39.3381789715566,10.7014685785536,36.3382534069898,995.319223226921,4828.73699848711,0,345.991698449128,750.867645251015,8939.82731636003,356.883489364566,"black",2
"1242","Hanninghof_LMpred_FYM_Hanninghof_",2002,"oats","FYM",34.8733755234612,9.97097715771705,25.9777291069757,29.3183543844733,10.1273413033784,38.4775315121458,995.319223226921,4828.73699848711,0,345.991698449128,750.867645251015,8939.82731636003,356.883489364566,"black",2
"1243","Hanninghof_LMpred_FYM_Hanninghof_",2003,"potato","FYM",56.3698655865992,11.1004975245973,78.0681393007397,88.3234562944218,13.6497499312675,129.780882528886,997.470584107551,4834.16435614884,0,328.448812615833,763.026570645919,8926.95247201748,319.733767351486,"black",2
"1244","Hanninghof_LMpred_FYM_Hanninghof_",2004,"rye","FYM",47.7083509338381,11.7715880000317,30.1877068800447,39.5666564417435,10.7699974102628,36.5666588304415,997.470584107551,4834.16435614884,0,328.448812615833,763.026570645919,8926.95247201748,319.733767351486,"black",2
"1245","Hanninghof_LMpred_FYM_Hanninghof_",2005,"oats","FYM",34.9753595287136,9.64305386982466,23.8724696576708,29.420342616144,10.1681351294959,38.6305132332222,997.470584107551,4834.16435614884,0,328.448812615833,763.026570645919,8926.95247201748,319.733767351486,"black",2
"1246","Hanninghof_LMpred_FYM_Hanninghof_",2006,"potato","FYM",56.0053310548114,10.7566698189932,74.0494471873893,91.622959590977,13.8212287838438,130.161592185511,997.983765864147,4849.80367913934,0,373.392709467916,724.399696656211,8914.52629768235,393.591362606041,"black",2
"1247","Hanninghof_LMpred_FYM_Hanninghof_",2007,"rye","FYM",47.9367690497394,11.7391878786442,29.010580369844,39.7950573092577,10.8385217840109,36.7950802654259,997.983765864147,4849.80367913934,0,373.392709467916,724.399696656211,8914.52629768235,393.591362606041,"black",2
"1248","Hanninghof_LMpred_FYM_Hanninghof_",2008,"oats","FYM",35.0773435339659,9.31513058193227,21.767210208366,29.5222440609944,10.2089017992664,38.7833804426027,997.983765864147,4849.80367913934,0,373.392709467916,724.399696656211,8914.52629768235,393.591362606041,"black",2
"1249","Hanninghof_LMpred_FYM_Hanninghof_",1961,"potato","FYM",56.3889315068926,12.7891845151672,126.579335010816,32.6878807291583,7.91261421566021,71.2189329939405,1000.19377052268,4856.11122321683,0,354.379266441338,745.594664268865,8897.79560113696,353.474098355716,"black",2
"1250","Hanninghof_LMpred_FYM_Hanninghof_",1962,"rye","FYM",39.4260797864839,9.10028881157022,38.9169841460228,31.2842983824479,8.28530852061307,28.2843934118436,1000.19377052268,4856.11122321683,0,354.379266441338,745.594664268865,8897.79560113696,353.474098355716,"black",2
"1251","Hanninghof_LMpred_FYM_Hanninghof_",1963,"oats","FYM",28.4631659304452,11.109079012431,45.5956080711099,22.9081495142435,7.5632578208039,28.8622381300084,1000.19377052268,4856.11122321683,0,354.379266441338,745.594664268865,8897.79560113696,353.474098355716,"black",2
"1252","Hanninghof_LMpred_FYM_Hanninghof_",1964,"potato","FYM",56.0243969751048,12.4453568095632,122.560642897466,36.4838787157351,8.67625159803429,80.660079372583,1002.51266305428,4861.74115027488,0,336.425485300967,757.976854940427,8884.31903824915,316.549834131168,"black",2
"1253","Hanninghof_LMpred_FYM_Hanninghof_",1965,"rye","FYM",39.6544979023852,9.06788869018267,37.7398576358224,31.512798741279,8.35384103180488,28.5128057883839,1002.51266305428,4861.74115027488,0,336.425485300967,757.976854940427,8884.31903824915,316.549834131168,"black",2
"1254","Hanninghof_LMpred_FYM_Hanninghof_",1966,"oats","FYM",28.5651499356976,10.7811557245386,43.490348621805,23.0101283804641,7.60405107777873,29.0151943069068,1002.51266305428,4861.74115027488,0,336.425485300967,757.976854940427,8884.31903824915,316.549834131168,"black",2
"1255","Hanninghof_LMpred_FYM_Hanninghof_",1967,"potato","FYM",55.6598624433171,12.1015291039591,118.541950784115,40.2798668087341,9.34546289787026,89.7805119585718,1003.052148819,4877.57177332996,0,380.92089825509,718.988229003114,8871.28222693723,390.288855799606,"black",2
"1256","Hanninghof_LMpred_FYM_Hanninghof_",1968,"rye","FYM",39.8829160182866,9.03548856879514,36.5627311256216,31.7412235032568,8.42236705263024,28.7412235115218,1003.052148819,4877.57177332996,0,380.92089825509,718.988229003114,8871.28222693723,390.288855799606,"black",2
"1257","Hanninghof_LMpred_FYM_Hanninghof_",1969,"oats","FYM",28.6671339409499,10.4532324366462,41.3850891724999,23.1121126507448,7.64484471428298,29.1681709144628,1003.052148819,4877.57177332996,0,380.92089825509,718.988229003114,8871.28222693723,390.288855799606,"black",2
"1258","Hanninghof_LMpred_FYM_Hanninghof_",1970,"potato","FYM",55.2953279115293,11.757701398355,114.523258670765,44.075876960303,9.93608058862692,97.7213583604732,1005.39092181771,4884.05807858729,0,361.531399268341,740.38416955203,8853.94525607261,350.348479859479,"black",2
"1259","Hanninghof_LMpred_FYM_Hanninghof_",1971,"rye","FYM",40.1113341341879,9.00308844740759,35.3856046154211,31.9696238096754,8.49089084944048,28.9696423423665,1005.39092181771,4884.05807858729,0,361.531399268341,740.38416955203,8853.94525607261,350.348479859479,"black",2
"1260","Hanninghof_LMpred_FYM_Hanninghof_",1972,"oats","FYM",28.7691179462023,10.1253091487538,39.2798297231951,23.2140988906641,7.68563855135748,29.3211532251867,1005.39092181771,4884.05807858729,0,361.531399268341,740.38416955203,8853.94525607261,350.348479859479,"black",2
"1261","Hanninghof_LMpred_FYM_Hanninghof_",1973,"potato","FYM",54.9307933797415,11.4138736927509,110.504566557414,47.8718414428821,10.4607349988879,104.366891285615,1007.84213979631,4889.86456975388,0,343.227935970632,752.926717014074,8839.95623663167,313.623370598443,"black",2
"1262","Hanninghof_LMpred_FYM_Hanninghof_",1974,"rye","FYM",40.3397522500892,8.97068832602003,34.2084781052205,32.1980358489735,8.55941568201438,29.1980604855846,1007.84213979631,4889.86456975388,0,343.227935970632,752.926717014074,8839.95623663167,313.623370598443,"black",2
"1263","Hanninghof_LMpred_FYM_Hanninghof_",1975,"oats","FYM",28.8711019514546,9.7973858608614,37.1745702738902,23.3160819862214,7.72643206239276,29.4741260286469,1007.84213979631,4889.86456975388,0,343.227935970632,752.926717014074,8839.95623663167,313.623370598443,"black",2
"1264","Hanninghof_LMpred_FYM_Hanninghof_",1976,"potato","FYM",54.5662588479538,11.0700459871468,106.485874444064,51.661922828553,10.9295233127363,109.863311565682,1008.38821548405,4905.85999020686,0,387.33848999018,713.662135961882,8826.40183458586,387.282324440716,"black",2
"1265","Hanninghof_LMpred_FYM_Hanninghof_",1977,"rye","FYM",40.5681703659906,8.93828820463245,33.0313515950199,32.4264431987392,8.62794004601879,29.426478630724,1008.38821548405,4905.85999020686,0,387.33848999018,713.662135961882,8826.40183458586,387.282324440716,"black",2
"1266","Hanninghof_LMpred_FYM_Hanninghof_",1978,"oats","FYM",28.973085956707,9.46946257296901,35.0693108245853,23.418088060937,7.76722782292816,29.6271524168109,1008.38821548405,4905.85999020686,0,387.33848999018,713.662135961882,8826.40183458586,387.282324440716,"black",2
"1267","Hanninghof_LMpred_FYM_Hanninghof_",1979,"potato","FYM",59.2861418409015,13.85111916943,110.217676207544,60.3504289829395,11.6860790284842,119.365271143638,1010.82745254169,4912.49843287324,0,367.627863625362,735.194439923186,8808.55000887055,347.492023928178,"black",2
"1268","Hanninghof_LMpred_FYM_Hanninghof_",1980,"rye","FYM",45.8810060066274,12.0307889711321,39.6047189616493,37.7393121148406,10.2217939922494,34.7393139038282,1010.82745254169,4912.49843287324,0,367.627863625362,735.194439923186,8808.55000887055,347.492023928178,"black",2
"1269","Hanninghof_LMpred_FYM_Hanninghof_",1981,"oats","FYM",34.1594874866948,12.2664401729638,40.7145452521102,28.6044857333404,9.84178711001034,37.406744350446,1010.82745254169,4912.49843287324,0,367.627863625362,735.194439923186,8808.55000887055,347.492023928178,"black",2
"1270","Hanninghof_LMpred_FYM_Hanninghof_",1982,"potato","FYM",58.9216073091137,13.5072914638259,106.198984094193,63.9973060193828,12.0065168200984,121.627530012387,1013.38623478745,4918.45411839187,0,349.02684808885,747.854061965892,8794.11725104476,310.94060213956,"black",2
"1271","Hanninghof_LMpred_FYM_Hanninghof_",1983,"rye","FYM",46.1094241225288,11.9983888497446,38.4275924514488,37.9677231405055,10.2903191114968,34.967733987231,1013.38623478745,4918.45411839187,0,349.02684808885,747.854061965892,8794.11725104476,310.94060213956,"black",2
"1272","Hanninghof_LMpred_FYM_Hanninghof_",1984,"oats","FYM",34.2614714919472,11.9385168850714,38.6092858028054,28.7064538324898,9.8825798802989,37.5596835990016,1013.38623478745,4918.45411839187,0,349.02684808885,747.854061965892,8794.11725104476,310.94060213956,"black",2
"1273","Hanninghof_LMpred_FYM_Hanninghof_",1985,"potato","FYM",58.5570727773259,13.1634637582218,102.180291980843,67.6023091499453,12.3016469856488,123.599946126411,1013.92672582324,4934.5874375931,0,392.807221164426,708.395277758828,8780.1200706264,384.547639950872,"black",2
"1274","Hanninghof_LMpred_FYM_Hanninghof_",1986,"rye","FYM",46.3378422384301,11.965988728357,37.250465941248,38.1959968919201,10.3588378295608,35.196190701842,1013.92672582324,4934.5874375931,0,392.807221164426,708.395277758828,8780.1200706264,384.547639950872,"black",2
"1275","Hanninghof_LMpred_FYM_Hanninghof_",1987,"oats","FYM",34.3634554971995,11.610593597179,36.5040263535005,28.808433486344,9.9233732463499,37.7126504245646,1013.92672582324,4934.5874375931,0,392.807221164426,708.395277758828,8780.1200706264,384.547639950872,"black",2
"1276","Hanninghof_LMpred_FYM_Hanninghof_",1988,"potato","FYM",58.1925382455381,12.8196360526177,98.1615998674923,71.1648117473751,12.5733298848422,125.246781680211,1016.44583855388,4941.35179539785,0,372.822282050481,730.013227391387,8761.82908220013,344.882425337596,"black",2
"1277","Hanninghof_LMpred_FYM_Hanninghof_",1989,"rye","FYM",46.5662603543314,11.9335886069695,36.0733394310475,38.4244722409724,10.4273656994864,35.424592376943,1016.44583855388,4941.35179539785,0,372.822282050481,730.013227391387,8761.82908220013,344.882425337596,"black",2
"1278","Hanninghof_LMpred_FYM_Hanninghof_",1990,"oats","FYM",34.4654395024519,11.2826703092866,34.3987669041954,28.9104254639291,9.96416729094161,37.8656409607238,1016.44583855388,4941.35179539785,0,372.822282050481,730.013227391387,8761.82908220013,344.882425337596,"black",2
"1279","Hanninghof_LMpred_FYM_Hanninghof_",1991,"potato","FYM",57.8280037137503,12.4758083470136,94.1429077541419,74.6842358821207,12.8235984008182,126.595453070286,1019.09399484046,4947.43035060684,0,353.968229251524,742.755531052384,8747.01022118972,308.48145117486,"black",2
"1280","Hanninghof_LMpred_FYM_Hanninghof_",1992,"rye","FYM",46.7946784702328,11.9011884855819,34.896212920847,38.652956539508,10.4958942905632,35.652993183061,1019.09399484046,4947.43035060684,0,353.968229251524,742.755531052384,8747.01022118972,308.48145117486,"black",2
"1281","Hanninghof_LMpred_FYM_Hanninghof_",1993,"oats","FYM",34.5674235077042,10.9547470213942,32.2935074548905,29.0124213417562,10.0049615507064,38.0186364408029,1019.09399484046,4947.43035060684,0,353.968229251524,742.755531052384,8747.01022118972,308.48145117486,"black",2
"1282","Hanninghof_LMpred_FYM_Hanninghof_",1994,"potato","FYM",57.4634691819626,12.1319806414096,90.1242156407912,78.1600296424612,13.0544782260828,127.6864155808,1019.6212110962,4963.67624853126,0,397.465365140099,703.175047379707,8732.63396937481,382.057304133565,"black",2
"1283","Hanninghof_LMpred_FYM_Hanninghof_",1995,"rye","FYM",47.0230965861341,11.8687883641944,33.7190864106465,38.8813947954637,10.5644207307122,35.8814062558311,1019.6212110962,4963.67624853126,0,397.465365140099,703.175047379707,8732.63396937481,382.057304133565,"black",2
"1284","Hanninghof_LMpred_FYM_Hanninghof_",1996,"oats","FYM",34.6694075129566,10.6268237335019,30.1882480055857,29.1143873145766,10.0457541525209,38.1715812399392,1019.6212110962,4963.67624853126,0,397.465365140099,703.175047379707,8732.63396937481,382.057304133565,"black",2
"1285","Hanninghof_LMpred_FYM_Hanninghof_",1997,"potato","FYM",57.0989346501748,11.7881529358055,86.1055235274408,81.5920206990088,13.2679498397289,128.560029255724,1022.20457700019,4970.54212044021,0,377.246129916904,724.835947655307,8713.9688285643,342.49488583804,"black",2
"1286","Hanninghof_LMpred_FYM_Hanninghof_",1998,"rye","FYM",47.2515147020354,11.8363882428068,32.5419599004457,39.1098218748939,10.6329466407989,36.1098222665487,1022.20457700019,4970.54212044021,0,377.246129916904,724.835947655307,8713.9688285643,342.49488583804,"black",2
"1287","Hanninghof_LMpred_FYM_Hanninghof_",1999,"oats","FYM",34.7713915182089,10.2989004456094,28.0829885562808,29.2163716615721,10.0865477721255,38.3245575717058,1022.20457700019,4970.54212044021,0,377.246129916904,724.835947655307,8713.9688285643,342.49488583804,"black",2
"1288","Hanninghof_LMpred_FYM_Hanninghof_",2000,"potato","FYM",56.734400118387,11.4443252302014,82.0868314140904,84.9797968063931,13.4658166873998,129.24892681412,1024.92828560121,4976.71955414493,0,358.176852481671,737.6333982958,8698.81300794905,306.222742579579,"black",2
"1289","Hanninghof_LMpred_FYM_Hanninghof_",2001,"rye","FYM",47.4799328179368,11.8039881214193,31.3648333902452,39.3381789715566,10.7014685785536,36.3382534069898,1024.92828560121,4976.71955414493,0,358.176852481671,737.6333982958,8698.81300794905,306.222742579579,"black",2
"1290","Hanninghof_LMpred_FYM_Hanninghof_",2002,"oats","FYM",34.8733755234612,9.97097715771705,25.9777291069757,29.3183543844733,10.1273413033784,38.4775315121458,1024.92828560121,4976.71955414493,0,358.176852481671,737.6333982958,8698.81300794905,306.222742579579,"black",2
"1291","Hanninghof_LMpred_FYM_Hanninghof_",2003,"potato","FYM",56.3698655865992,11.1004975245973,78.0681393007397,88.3234562944218,13.6497499312675,129.780882528886,1025.43728262234,4993.05505692038,0,401.431123901251,698.00356548,8684.11549147087,379.788499688044,"black",2
"1292","Hanninghof_LMpred_FYM_Hanninghof_",2004,"rye","FYM",47.7083509338381,11.7715880000317,30.1877068800447,39.5666564417435,10.7699974102628,36.5666588304415,1025.43728262234,4993.05505692038,0,401.431123901251,698.00356548,8684.11549147087,379.788499688044,"black",2
"1293","Hanninghof_LMpred_FYM_Hanninghof_",2005,"oats","FYM",34.9753595287136,9.64305386982466,23.8724696576708,29.420342616144,10.1681351294959,38.6305132332222,1025.43728262234,4993.05505692038,0,401.431123901251,698.00356548,8684.11549147087,379.788499688044,"black",2
"1294","Hanninghof_LMpred_FYM_Hanninghof_",2006,"potato","FYM",56.0053310548114,10.7566698189932,74.0494471873893,91.622959590977,13.8212287838438,130.161592185511,1028.07266817621,5000.00058899267,0,381.011684491072,719.668959509443,8665.13516495876,340.308351905283,"black",2
"1295","Hanninghof_LMpred_FYM_Hanninghof_",2007,"rye","FYM",47.9367690497394,11.7391878786442,29.010580369844,39.7950573092577,10.8385217840109,36.7950802654259,1028.07266817621,5000.00058899267,0,381.011684491072,719.668959509443,8665.13516495876,340.308351905283,"black",2
"1296","Hanninghof_LMpred_FYM_Hanninghof_",2008,"oats","FYM",35.0773435339659,9.31513058193227,21.767210208366,29.5222440609944,10.2089017992664,38.7833804426027,1028.07266817621,5000.00058899267,0,381.011684491072,719.668959509443,8665.13516495876,340.308351905283,"black",2
"1297","Hanninghof_LMpred_FYM_Hanninghof_",1961,"potato","FYMPK",56.7122459832094,12.979463029167,133.367154395028,32.6878815347713,8.10349725389649,71.2196603038086,1072.51803630387,4719.68072754875,0,109.770035201416,1022.83078313618,9532.70051026173,204.771932859538,"blue",2
"1298","Hanninghof_LMpred_FYM_Hanninghof_",1962,"rye","FYMPK",42.536852774103,10.4601932304274,44.4395831380227,31.2843790286809,8.28531547257202,28.2843878485209,1072.51803630387,4719.68072754875,0,109.770035201416,1022.83078313618,9532.70051026173,204.771932859538,"blue",2
"1299","Hanninghof_LMpred_FYM_Hanninghof_",1963,"oats","FYMPK",31.0484457904452,12.0101020913133,51.3495381064036,22.908145512029,7.5632576013104,28.8622229577726,1072.51803630387,4719.68072754875,0,109.770035201416,1022.83078313618,9532.70051026173,204.771932859538,"blue",2
"1300","Hanninghof_LMpred_FYM_Hanninghof_",1964,"potato","FYMPK",56.3477114514216,12.6356353235629,129.348462281678,36.4838791580689,9.05846608310733,80.7096821285126,1089.39903809665,4751.34228720727,0,166.643976496211,1050.58529905523,9605.80708625107,314.891180647345,"blue",2
"1301","Hanninghof_LMpred_FYM_Hanninghof_",1965,"rye","FYMPK",42.7652708900043,10.4277931090398,43.2624566278223,31.512805394039,8.35384161846689,28.5128053953151,1089.39903809665,4751.34228720727,0,166.643976496211,1050.58529905523,9605.80708625107,314.891180647345,"blue",2
"1302","Hanninghof_LMpred_FYM_Hanninghof_",1966,"oats","FYMPK",31.1504297956976,11.6821788034209,49.2442786570987,23.0101289815023,7.60405118598317,29.0151965087952,1089.39903809665,4751.34228720727,0,166.643976496211,1050.58529905523,9605.80708625107,314.891180647345,"blue",2
"1303","Hanninghof_LMpred_FYM_Hanninghof_",1967,"potato","FYMPK",55.9831769196338,12.2918076179589,125.329770168327,40.2798756283822,9.93803706163312,90.1996724181769,1104.5316776538,4775.82458814371,0,158.343720530051,1075.13580741648,9681.29982152115,286.163549167502,"blue",2
"1304","Hanninghof_LMpred_FYM_Hanninghof_",1968,"rye","FYMPK",42.9936890059057,10.3953929876523,42.0853301176215,31.7412235104515,8.42236705327995,28.7412235111736,1104.5316776538,4775.82458814371,0,158.343720530051,1075.13580741648,9681.29982152115,286.163549167502,"blue",2
"1305","Hanninghof_LMpred_FYM_Hanninghof_",1969,"oats","FYMPK",31.2524138009499,11.3542555155285,47.1390192077936,23.1121115451933,7.64484460638704,29.1681674014027,1104.5316776538,4775.82458814371,0,158.343720530051,1075.13580741648,9681.29982152115,286.163549167502,"blue",2
"1306","Hanninghof_LMpred_FYM_Hanninghof_",1970,"potato","FYMPK",55.618642387846,11.9479799123547,121.311078054977,44.0758766998052,10.7462600005572,99.6896900189327,1118.83950834951,4801.35003290611,0,150.547187470631,1093.89696755337,9759.51454189775,259.925445696226,"blue",2
"1307","Hanninghof_LMpred_FYM_Hanninghof_",1971,"rye","FYMPK",43.222107121807,10.3629928662647,40.908203607421,31.9696371920133,8.49089208022353,28.9696418051124,1118.83950834951,4801.35003290611,0,150.547187470631,1093.89696755337,9759.51454189775,259.925445696226,"blue",2
"1308","Hanninghof_LMpred_FYM_Hanninghof_",1972,"oats","FYMPK",31.3543978062023,11.0263322276361,45.0337597584888,23.2141029352511,7.68563928662111,29.3211673206089,1118.83950834951,4801.35003290611,0,150.547187470631,1093.89696755337,9759.51454189775,259.925445696226,"blue",2
"1309","Hanninghof_LMpred_FYM_Hanninghof_",1973,"potato","FYMPK",55.2541078560582,11.6041522067507,117.292385941626,47.8718593111762,11.491188707133,109.179585878238,1131.21631281724,4838.65073009161,0,205.331219734294,1102.68063179743,9849.52577734246,362.620863878958,"blue",2
"1310","Hanninghof_LMpred_FYM_Hanninghof_",1974,"rye","FYMPK",43.4505252377083,10.3305927448772,39.7310770972205,32.1980460182689,8.55941663572857,29.1980601695073,1131.21631281724,4838.65073009161,0,205.331219734294,1102.68063179743,9849.52577734246,362.620863878958,"blue",2
"1311","Hanninghof_LMpred_FYM_Hanninghof_",1975,"oats","FYMPK",31.4563818114546,10.6984089397437,42.9285003091839,23.3160799658768,7.72643187215201,29.4741206946094,1131.21631281724,4838.65073009161,0,205.331219734294,1102.68063179743,9849.52577734246,362.620863878958,"blue",2
"1312","Hanninghof_LMpred_FYM_Hanninghof_",1976,"potato","FYMPK",54.8895733242705,11.2603245011466,113.273693828276,51.6678669281444,12.1814019892367,118.618355200371,1143.33428415196,4867.94228124809,0,195.167855624625,1119.44281798233,9936.56151144634,329.91013819486,"blue",2
"1313","Hanninghof_LMpred_FYM_Hanninghof_",1977,"rye","FYMPK",43.6789433536097,10.2981926234896,38.5539505870198,32.4264584353646,8.62794150181964,29.4264782914165,1143.33428415196,4867.94228124809,0,195.167855624625,1119.44281798233,9936.56151144634,329.91013819486,"blue",2
"1314","Hanninghof_LMpred_FYM_Hanninghof_",1978,"oats","FYMPK",31.558365816707,10.3704856518513,40.823240859879,23.4180706312035,7.76722642213787,29.6271157285573,1143.33428415196,4867.94228124809,0,195.167855624625,1119.44281798233,9936.56151144634,329.91013819486,"blue",2
"1315","Hanninghof_LMpred_FYM_Hanninghof_",1979,"potato","FYMPK",59.6094563172182,14.0413976834297,117.005495591756,60.5480419629923,13.3583567837602,138.634977988578,1155.19479599409,4897.63307194758,0,185.612501897029,1133.01521992848,10023.5000378041,299.984013382128,"blue",2
"1316","Hanninghof_LMpred_FYM_Hanninghof_",1980,"rye","FYMPK",48.9917789942465,13.3906933899892,45.1273179536492,37.7393035855318,10.2217936374254,34.7393163943609,1155.19479599409,4897.63307194758,0,185.612501897029,1133.01521992848,10023.5000378041,299.984013382128,"blue",2
"1317","Hanninghof_LMpred_FYM_Hanninghof_",1981,"oats","FYMPK",36.7447673466948,13.1674632518461,46.4684752874039,28.6044663977723,9.84178616028868,37.4067015507877,1155.19479599409,4897.63307194758,0,185.612501897029,1133.01521992848,10023.5000378041,299.984013382128,"blue",2
"1318","Hanninghof_LMpred_FYM_Hanninghof_",1982,"potato","FYMPK",59.2449217854304,13.6975699778257,112.986803478405,64.3403626986946,13.8964560925522,145.720594126458,1164.94342574284,4938.50459741277,0,238.574309621456,1132.86632794401,10119.1640146418,396.469256110731,"blue",2
"1319","Hanninghof_LMpred_FYM_Hanninghof_",1983,"rye","FYMPK",49.2201971101479,13.3582932686017,43.9501914434487,37.9677305212928,10.2903194364457,34.9677319215817,1164.94342574284,4938.50459741277,0,238.574309621456,1132.86632794401,10119.1640146418,396.469256110731,"blue",2
"1320","Hanninghof_LMpred_FYM_Hanninghof_",1984,"oats","FYMPK",36.8467513519472,12.8395399639537,44.363215838099,28.706453840745,9.8825801323433,37.5596870692525,1164.94342574284,4938.50459741277,0,238.574309621456,1132.86632794401,10119.1640146418,396.469256110731,"blue",2
"1321","Hanninghof_LMpred_FYM_Hanninghof_",1985,"potato","FYMPK",58.8803872536427,13.3537422722216,108.968111365055,68.1174858296616,14.4097679245085,152.222422969537,1175.51482695582,4970.86549863633,0,226.819640131631,1148.67317257616,10209.7554133858,360.929789223458,"blue",2
"1322","Hanninghof_LMpred_FYM_Hanninghof_",1986,"rye","FYMPK",49.4486152260492,13.3258931472142,42.7730649332479,38.1961147474961,10.3588432965859,35.1961591091834,1175.51482695582,4970.86549863633,0,226.819640131631,1148.67317257616,10209.7554133858,360.929789223458,"blue",2
"1323","Hanninghof_LMpred_FYM_Hanninghof_",1987,"oats","FYMPK",36.9487353571995,12.5116166760614,42.2579563887942,28.8084376096472,9.92337371445039,37.7126618889724,1175.51482695582,4970.86549863633,0,226.819640131631,1148.67317257616,10209.7554133858,360.929789223458,"blue",2
"1324","Hanninghof_LMpred_FYM_Hanninghof_",1988,"potato","FYMPK",58.5158527218549,13.0099145666175,104.949419251704,71.8749493137644,14.9004935390795,158.216321487649,1186.14232209263,5003.25061430701,0,215.762184717754,1161.69932993349,10299.6852173168,328.405660533697,"blue",2
"1325","Hanninghof_LMpred_FYM_Hanninghof_",1989,"rye","FYMPK",49.6770333419505,13.2934930258266,41.5959384230474,38.4245614012653,10.4273700403283,35.4245695010079,1186.14232209263,5003.25061430701,0,215.762184717754,1161.69932993349,10299.6852173168,328.405660533697,"blue",2
"1326","Hanninghof_LMpred_FYM_Hanninghof_",1990,"oats","FYMPK",37.0507193624519,12.183693388169,40.1526969394891,28.9104200958863,9.96416715430875,37.8656334780746,1186.14232209263,5003.25061430701,0,215.762184717754,1161.69932993349,10299.6852173168,328.405660533697,"blue",2
"1327","Hanninghof_LMpred_FYM_Hanninghof_",1991,"potato","FYMPK",58.1513181900671,12.6660868610134,100.930727138354,75.6128094700352,15.3707836649175,163.769285369512,1194.33871281336,5046.45184270504,0,267.138305598442,1155.72674167673,10396.8257979703,419.747978117975,"blue",2
"1328","Hanninghof_LMpred_FYM_Hanninghof_",1992,"rye","FYMPK",49.9054514578519,13.261092904439,40.418811912847,38.6528756296983,10.495890170322,35.6530130367588,1194.33871281336,5046.45184270504,0,267.138305598442,1155.72674167673,10396.8257979703,419.747978117975,"blue",2
"1329","Hanninghof_LMpred_FYM_Hanninghof_",1993,"oats","FYMPK",37.1527033677042,11.8557701002766,38.0474374901842,29.0124527211661,10.0049660489289,38.0187309967071,1194.33871281336,5046.45184270504,0,267.138305598442,1155.72674167673,10396.8257979703,419.747978117975,"blue",2
"1330","Hanninghof_LMpred_FYM_Hanninghof_",1994,"potato","FYMPK",57.7867836582793,12.3222591554093,96.9120350250032,79.3313196290864,15.8226541844129,168.941784188119,1204.1819317579,5080.83294502012,0,254.023092258596,1172.77100240696,10487.8888759976,382.270997555371,"blue",2
"1331","Hanninghof_LMpred_FYM_Hanninghof_",1995,"rye","FYMPK",50.1338695737532,13.2286927830515,39.2416854026464,38.8814021875974,10.5644211232589,35.8814045224966,1204.1819317579,5080.83294502012,0,254.023092258596,1172.77100240696,10487.8888759976,382.270997555371,"blue",2
"1332","Hanninghof_LMpred_FYM_Hanninghof_",1996,"oats","FYMPK",37.2546873729566,11.5278468123842,35.9421780408793,29.1143908996665,10.0457546628171,38.1715917074723,1204.1819317579,5080.83294502012,0,254.023092258596,1172.77100240696,10487.8888759976,382.270997555371,"blue",2
"1333","Hanninghof_LMpred_FYM_Hanninghof_",1997,"potato","FYMPK",57.4222491264915,11.9784314498052,92.8933429116528,83.0306336400903,16.2579530548496,173.786349539479,1214.25214058316,5115.01838383895,0,241.681805327885,1186.73001895247,10578.4995910644,347.980098622477,"blue",2
"1334","Hanninghof_LMpred_FYM_Hanninghof_",1998,"rye","FYMPK",50.3622876896545,13.196292661664,38.0645588924457,39.1098140622189,10.6329462093151,36.1098240154663,1214.25214058316,5115.01838383895,0,241.681805327885,1186.73001895247,10578.4995910644,347.980098622477,"blue",2
"1335","Hanninghof_LMpred_FYM_Hanninghof_",1999,"oats","FYMPK",37.3566713782089,11.1999235244918,33.8369185915745,29.2163829789111,10.086549139438,38.324586161365,1214.25214058316,5115.01838383895,0,241.681805327885,1186.73001895247,10578.4995910644,347.980098622477,"blue",2
"1336","Hanninghof_LMpred_FYM_Hanninghof_",2000,"potato","FYMPK",57.0577145947037,11.6346037442012,88.8746507983024,86.7111989148829,16.6783898420921,178.347562511655,1221.51036248878,5159.79038036663,0,291.680398187457,1175.82678519403,10675.3391074186,435.064230148451,"blue",2
"1337","Hanninghof_LMpred_FYM_Hanninghof_",2001,"rye","FYMPK",50.5907058055559,13.1638925402764,36.8874323822451,39.3381714366189,10.7014681468179,36.3382550157828,1221.51036248878,5159.79038036663,0,291.680398187457,1175.82678519403,10675.3391074186,435.064230148451,"blue",2
"1338","Hanninghof_LMpred_FYM_Hanninghof_",2002,"oats","FYMPK",37.4586553834612,10.8720002365994,31.7316591422694,29.3184130467789,10.1273477149819,38.4776656957483,1221.51036248878,5159.79038036663,0,291.680398187457,1175.82678519403,10675.3391074186,435.064230148451,"blue",2
"1339","Hanninghof_LMpred_FYM_Hanninghof_",2003,"potato","FYMPK",56.6931800629159,11.2907760385971,84.8559586849517,90.3732924432222,17.0854816789783,182.661997545658,1231.07457176145,5195.54562179072,0,277.401530854966,1194.82746197848,10765.4821701431,396.322430469971,"blue",2
"1340","Hanninghof_LMpred_FYM_Hanninghof_",2004,"rye","FYMPK",50.8191239214572,13.1314924188888,35.7103058720446,39.5666492444206,10.7699969833284,36.5666602944311,1231.07457176145,5195.54562179072,0,277.401530854966,1194.82746197848,10765.4821701431,396.322430469971,"blue",2
"1341","Hanninghof_LMpred_FYM_Hanninghof_",2005,"oats","FYMPK",37.5606393887136,10.544076948707,29.6263996929645,29.4203374449072,10.16813487363,38.6305064181751,1231.07457176145,5195.54562179072,0,277.401530854966,1194.82746197848,10765.4821701431,396.322430469971,"blue",2
"1342","Hanninghof_LMpred_FYM_Hanninghof_",2006,"potato","FYMPK",56.3286455311281,10.946948332993,80.8372665716013,94.0172952565221,17.4805759775854,186.759266344106,1240.95691741926,5230.97574072857,0,263.962634387156,1210.19668398519,10855.6728548857,360.888403026112,"blue",2
"1343","Hanninghof_LMpred_FYM_Hanninghof_",2007,"rye","FYMPK",51.0475420373585,13.0990922975013,34.533179361844,39.7950758188225,10.8385229184212,36.7950766826952,1240.95691741926,5230.97574072857,0,263.962634387156,1210.19668398519,10855.6728548857,360.888403026112,"blue",2
"1344","Hanninghof_LMpred_FYM_Hanninghof_",2008,"oats","FYMPK",37.6626233939659,10.2161536608146,27.5211402436596,29.5223202871771,10.2089281585639,38.7834805809606,1240.95691741926,5230.97574072857,0,263.962634387156,1210.19668398519,10855.6728548857,360.888403026112,"blue",2
"1345","Hanninghof_LMpred_FYM_Hanninghof_",1961,"potato","FYMPK",56.7122459832094,12.979463029167,133.367154395028,32.6878815347713,8.10349725389649,71.2196603038086,1247.62534444163,5276.84247998118,0,312.766066122938,1194.58570124328,10951.3143216399,444.439563813433,"blue",2
"1346","Hanninghof_LMpred_FYM_Hanninghof_",1962,"rye","FYMPK",42.536852774103,10.4601932304274,44.4395831380227,31.2843790286809,8.28531547257202,28.2843878485209,1247.62534444163,5276.84247998118,0,312.766066122938,1194.58570124328,10951.3143216399,444.439563813433,"blue",2
"1347","Hanninghof_LMpred_FYM_Hanninghof_",1963,"oats","FYMPK",31.0484457904452,12.0101020913133,51.3495381064036,22.908145512029,7.5632576013104,28.8622229577726,1247.62534444163,5276.84247998118,0,312.766066122938,1194.58570124328,10951.3143216399,444.439563813433,"blue",2
"1348","Hanninghof_LMpred_FYM_Hanninghof_",1964,"potato","FYMPK",56.3477114514216,12.6356353235629,129.348462281678,36.4838791580689,9.05846608310733,80.7096821285126,1257.15098924813,5313.56311266961,0,297.491847126187,1215.78763645628,11039.7919137599,404.933558189042,"blue",2
"1349","Hanninghof_LMpred_FYM_Hanninghof_",1965,"rye","FYMPK",42.7652708900043,10.4277931090398,43.2624566278223,31.512805394039,8.35384161846689,28.5128053953151,1257.15098924813,5313.56311266961,0,297.491847126187,1215.78763645628,11039.7919137599,404.933558189042,"blue",2
"1350","Hanninghof_LMpred_FYM_Hanninghof_",1966,"oats","FYMPK",31.1504297956976,11.6821788034209,49.2442786570987,23.0101289815023,7.60405118598317,29.0151965087952,1257.15098924813,5313.56311266961,0,297.491847126187,1215.78763645628,11039.7919137599,404.933558189042,"blue",2
"1351","Hanninghof_LMpred_FYM_Hanninghof_",1967,"potato","FYMPK",55.9831769196338,12.2918076179589,125.329770168327,40.2798756283822,9.93803706163312,90.1996724181769,1267.04176665435,5349.88248634734,0,283.114469620104,1232.72182888802,11128.9452165695,368.81894721913,"blue",2
"1352","Hanninghof_LMpred_FYM_Hanninghof_",1968,"rye","FYMPK",42.9936890059057,10.3953929876523,42.0853301176215,31.7412235104515,8.42236705327995,28.7412235111736,1267.04176665435,5349.88248634734,0,283.114469620104,1232.72182888802,11128.9452165695,368.81894721913,"blue",2
"1353","Hanninghof_LMpred_FYM_Hanninghof_",1969,"oats","FYMPK",31.2524138009499,11.3542555155285,47.1390192077936,23.1121115451933,7.64484460638704,29.1681674014027,1267.04176665435,5349.88248634734,0,283.114469620104,1232.72182888802,11128.9452165695,368.81894721913,"blue",2
"1354","Hanninghof_LMpred_FYM_Hanninghof_",1970,"potato","FYMPK",55.618642387846,11.9479799123547,121.311078054977,44.0758766998052,10.7462600005572,99.6896900189327,1272.92179275431,5396.5036278548,0,330.774945228915,1205.80599325915,11221.5713144691,446.673706959729,"blue",2
"1355","Hanninghof_LMpred_FYM_Hanninghof_",1971,"rye","FYMPK",43.222107121807,10.3629928662647,40.908203607421,31.9696371920133,8.49089208022353,28.9696418051124,1272.92179275431,5396.5036278548,0,330.774945228915,1205.80599325915,11221.5713144691,446.673706959729,"blue",2
"1356","Hanninghof_LMpred_FYM_Hanninghof_",1972,"oats","FYMPK",31.3543978062023,11.0263322276361,45.0337597584888,23.2141029352511,7.68563928662111,29.3211673206089,1272.92179275431,5396.5036278548,0,330.774945228915,1205.80599325915,11221.5713144691,446.673706959729,"blue",2
"1357","Hanninghof_LMpred_FYM_Hanninghof_",1973,"potato","FYMPK",55.2541078560582,11.6041522067507,117.292385941626,47.8718593111762,11.491188707133,109.179585878238,1281.45313065936,5433.7703005138,0,314.355141027445,1227.92381629201,11305.2529504723,405.734931529327,"blue",2
"1358","Hanninghof_LMpred_FYM_Hanninghof_",1974,"rye","FYMPK",43.4505252377083,10.3305927448772,39.7310770972205,32.1980460182689,8.55941663572857,29.1980601695073,1281.45313065936,5433.7703005138,0,314.355141027445,1227.92381629201,11305.2529504723,405.734931529327,"blue",2
"1359","Hanninghof_LMpred_FYM_Hanninghof_",1975,"oats","FYMPK",31.4563818114546,10.6984089397437,42.9285003091839,23.3160799658768,7.72643187215201,29.4741206946094,1281.45313065936,5433.7703005138,0,314.355141027445,1227.92381629201,11305.2529504723,405.734931529327,"blue",2
"1360","Hanninghof_LMpred_FYM_Hanninghof_",1976,"potato","FYMPK",54.8895733242705,11.2603245011466,113.273693828276,51.6678669281444,12.1814019892367,118.618355200371,1290.12317515746,5470.40099830764,0,298.812612575211,1243.66730410207,11389.5796190064,367.858073634434,"blue",2
"1361","Hanninghof_LMpred_FYM_Hanninghof_",1977,"rye","FYMPK",43.6789433536097,10.2981926234896,38.5539505870198,32.4264584353646,8.62794150181964,29.4264782914165,1290.12317515746,5470.40099830764,0,298.812612575211,1243.66730410207,11389.5796190064,367.858073634434,"blue",2
"1362","Hanninghof_LMpred_FYM_Hanninghof_",1978,"oats","FYMPK",31.558365816707,10.3704856518513,40.823240859879,23.4180706312035,7.76722642213787,29.6271157285573,1290.12317515746,5470.40099830764,0,298.812612575211,1243.66730410207,11389.5796190064,367.858073634434,"blue",2
"1363","Hanninghof_LMpred_FYM_Hanninghof_",1979,"potato","FYMPK",59.6094563172182,14.0413976834297,117.005495591756,60.5480419629923,13.3583567837602,138.634977988578,1296.13901273672,5517.20131136632,0,345.620005844731,1216.17460625381,11477.1239671794,444.285829183242,"blue",2
"1364","Hanninghof_LMpred_FYM_Hanninghof_",1980,"rye","FYMPK",48.9917789942465,13.3906933899892,45.1273179536492,37.7393035855318,10.2217936374254,34.7393163943609,1296.13901273672,5517.20131136632,0,345.620005844731,1216.17460625381,11477.1239671794,444.285829183242,"blue",2
"1365","Hanninghof_LMpred_FYM_Hanninghof_",1981,"oats","FYMPK",36.7447673466948,13.1674632518461,46.4684752874039,28.6044663977723,9.84178616028868,37.4067015507877,1296.13901273672,5517.20131136632,0,345.620005844731,1216.17460625381,11477.1239671794,444.285829183242,"blue",2
"1366","Hanninghof_LMpred_FYM_Hanninghof_",1982,"potato","FYMPK",59.2449217854304,13.6975699778257,112.986803478405,64.3403626986946,13.8964560925522,145.720594126458,1305.12128999059,5554.65093757802,0,328.497782942707,1242.20277936562,11556.451685769,403.562205560249,"blue",2
"1367","Hanninghof_LMpred_FYM_Hanninghof_",1983,"rye","FYMPK",49.2201971101479,13.3582932686017,43.9501914434487,37.9677305212928,10.2903194364457,34.9677319215817,1305.12128999059,5554.65093757802,0,328.497782942707,1242.20277936562,11556.451685769,403.562205560249,"blue",2
"1368","Hanninghof_LMpred_FYM_Hanninghof_",1984,"oats","FYMPK",36.8467513519472,12.8395399639537,44.363215838099,28.706453840745,9.8825801323433,37.5596870692525,1305.12128999059,5554.65093757802,0,328.497782942707,1242.20277936562,11556.451685769,403.562205560249,"blue",2
"1369","Hanninghof_LMpred_FYM_Hanninghof_",1985,"potato","FYMPK",58.8803872536427,13.3537422722216,108.968111365055,68.1174858296616,14.4097679245085,152.222422969537,1314.20170954684,5591.49334683201,0,312.292374000122,1260.64856877438,11637.6856949528,365.922719898448,"blue",2
"1370","Hanninghof_LMpred_FYM_Hanninghof_",1986,"rye","FYMPK",49.4486152260492,13.3258931472142,42.7730649332479,38.1961147474961,10.3588432965859,35.1961591091834,1314.20170954684,5591.49334683201,0,312.292374000122,1260.64856877438,11637.6856949528,365.922719898448,"blue",2
"1371","Hanninghof_LMpred_FYM_Hanninghof_",1987,"oats","FYMPK",36.9487353571995,12.5116166760614,42.2579563887942,28.8084376096472,9.92337371445039,37.7126618889724,1314.20170954684,5591.49334683201,0,312.292374000122,1260.64856877438,11637.6856949528,365.922719898448,"blue",2
"1372","Hanninghof_LMpred_FYM_Hanninghof_",1988,"potato","FYMPK",58.5158527218549,13.0099145666175,104.949419251704,71.8749493137644,14.9004935390795,158.216321487649,1320.23566612811,5638.499403646,0,358.362592680358,1230.70768494254,11722.1968500856,441.330025627882,"blue",2
"1373","Hanninghof_LMpred_FYM_Hanninghof_",1989,"rye","FYMPK",49.6770333419505,13.2934930258266,41.5959384230474,38.4245614012653,10.4273700403283,35.4245695010079,1320.23566612811,5638.499403646,0,358.362592680358,1230.70768494254,11722.1968500856,441.330025627882,"blue",2
"1374","Hanninghof_LMpred_FYM_Hanninghof_",1990,"oats","FYMPK",37.0507193624519,12.183693388169,40.1526969394891,28.9104200958863,9.96416715430875,37.8656334780746,1320.23566612811,5638.499403646,0,358.362592680358,1230.70768494254,11722.1968500856,441.330025627882,"blue",2
"1375","Hanninghof_LMpred_FYM_Hanninghof_",1991,"potato","FYMPK",58.1513181900671,12.6660868610134,100.930727138354,75.6128094700352,15.3707836649175,163.769285369512,1329.55143792056,5676.14579412811,0,340.641587109205,1259.13898558371,11798.6123457155,400.887070247708,"blue",2
"1376","Hanninghof_LMpred_FYM_Hanninghof_",1992,"rye","FYMPK",49.9054514578519,13.261092904439,40.418811912847,38.6528756296983,10.495890170322,35.6530130367588,1329.55143792056,5676.14579412811,0,340.641587109205,1259.13898558371,11798.6123457155,400.887070247708,"blue",2
"1377","Hanninghof_LMpred_FYM_Hanninghof_",1993,"oats","FYMPK",37.1527033677042,11.8557701002766,38.0474374901842,29.0124527211661,10.0049660489289,38.0187309967071,1329.55143792056,5676.14579412811,0,340.641587109205,1259.13898558371,11798.6123457155,400.887070247708,"blue",2
"1378","Hanninghof_LMpred_FYM_Hanninghof_",1994,"potato","FYMPK",57.7867836582793,12.3222591554093,96.9120350250032,79.3313196290864,15.8226541844129,168.941784188119,1338.94274220916,5713.20104467586,0,323.871658558415,1279.25842115118,11877.7287133581,363.538605148629,"blue",2
"1379","Hanninghof_LMpred_FYM_Hanninghof_",1995,"rye","FYMPK",50.1338695737532,13.2286927830515,39.2416854026464,38.8814021875974,10.5644211232589,35.8814045224966,1338.94274220916,5713.20104467586,0,323.871658558415,1279.25842115118,11877.7287133581,363.538605148629,"blue",2
"1380","Hanninghof_LMpred_FYM_Hanninghof_",1996,"oats","FYMPK",37.2546873729566,11.5278468123842,35.9421780408793,29.1143908996665,10.0457546628171,38.1715917074723,1338.94274220916,5713.20104467586,0,323.871658558415,1279.25842115118,11877.7287133581,363.538605148629,"blue",2
"1381","Hanninghof_LMpred_FYM_Hanninghof_",1997,"potato","FYMPK",57.4222491264915,11.9784314498052,92.8933429116528,83.0306336400903,16.2579530548496,173.786349539479,1344.92542808667,5760.40489993627,0,369.304623881415,1246.4263423699,11959.9108089239,438.172266876439,"blue",2
"1382","Hanninghof_LMpred_FYM_Hanninghof_",1998,"rye","FYMPK",50.3622876896545,13.196292661664,38.0645588924457,39.1098140622189,10.6329462093151,36.1098240154663,1344.92542808667,5760.40489993627,0,369.304623881415,1246.4263423699,11959.9108089239,438.172266876439,"blue",2
"1383","Hanninghof_LMpred_FYM_Hanninghof_",1999,"oats","FYMPK",37.3566713782089,11.1999235244918,33.8369185915745,29.2163829789111,10.086549139438,38.324586161365,1344.92542808667,5760.40489993627,0,369.304623881415,1246.4263423699,11959.9108089239,438.172266876439,"blue",2
"1384","Hanninghof_LMpred_FYM_Hanninghof_",2000,"potato","FYMPK",57.0577145947037,11.6346037442012,88.8746507983024,86.7111989148829,16.6783898420921,178.347562511655,1354.50070915734,5798.23369217741,0,351.073180529275,1276.71370390026,12033.9392699699,398.03187479908,"blue",2
"1385","Hanninghof_LMpred_FYM_Hanninghof_",2001,"rye","FYMPK",50.5907058055559,13.1638925402764,36.8874323822451,39.3381714366189,10.7014681468179,36.3382550157828,1354.50070915734,5798.23369217741,0,351.073180529275,1276.71370390026,12033.9392699699,398.03187479908,"blue",2
"1386","Hanninghof_LMpred_FYM_Hanninghof_",2002,"oats","FYMPK",37.4586553834612,10.8720002365994,31.7316591422694,29.3184130467789,10.1273477149819,38.4776656957483,1354.50070915734,5798.23369217741,0,351.073180529275,1276.71370390026,12033.9392699699,398.03187479908,"blue",2
"1387","Hanninghof_LMpred_FYM_Hanninghof_",2003,"potato","FYMPK",56.6931800629159,11.2907760385971,84.8559586849517,90.3732924432222,17.0854816789783,182.661997545658,1364.13915417629,5835.48180117891,0,333.822459354508,1298.1318118081,12111.2962380761,360.991165307011,"blue",2
"1388","Hanninghof_LMpred_FYM_Hanninghof_",2004,"rye","FYMPK",50.8191239214572,13.1314924188888,35.7103058720446,39.5666492444206,10.7699969833284,36.5666602944311,1364.13915417629,5835.48180117891,0,333.822459354508,1298.1318118081,12111.2962380761,360.991165307011,"blue",2
"1389","Hanninghof_LMpred_FYM_Hanninghof_",2005,"oats","FYMPK",37.5606393887136,10.544076948707,29.6263996929645,29.4203374449072,10.16813487363,38.6305064181751,1364.13915417629,5835.48180117891,0,333.822459354508,1298.1318118081,12111.2962380761,360.991165307011,"blue",2
"1390","Hanninghof_LMpred_FYM_Hanninghof_",2006,"potato","FYMPK",56.3286455311281,10.946948332993,80.8372665716013,94.0172952565221,17.4805759775854,186.759266344106,1370.02830725435,5882.86015173645,0,378.704172054,1262.39291598476,12191.4414328795,435.015580957452,"blue",2
"1391","Hanninghof_LMpred_FYM_Hanninghof_",2007,"rye","FYMPK",51.0475420373585,13.0990922975013,34.533179361844,39.7950758188225,10.8385229184212,36.7950766826952,1370.02830725435,5882.86015173645,0,378.704172054,1262.39291598476,12191.4414328795,435.015580957452,"blue",2
"1392","Hanninghof_LMpred_FYM_Hanninghof_",2008,"oats","FYMPK",37.6626233939659,10.2161536608146,27.5211402436596,29.5223202871771,10.2089281585639,38.7834805809606,1370.02830725435,5882.86015173645,0,378.704172054,1262.39291598476,12191.4414328795,435.015580957452,"blue",2
"1393","Hanninghof_LMpred_FYM_Hanninghof_",1961,"potato","FYMPK",56.7122459832094,12.979463029167,133.367154395028,32.6878815347713,8.10349725389649,71.2196603038086,1379.8136356228,5920.84567199326,0,360.037433258418,1294.29213983387,12263.3271607455,395.177616205509,"blue",2
"1394","Hanninghof_LMpred_FYM_Hanninghof_",1962,"rye","FYMPK",42.536852774103,10.4601932304274,44.4395831380227,31.2843790286809,8.28531547257202,28.2843878485209,1379.8136356228,5920.84567199326,0,360.037433258418,1294.29213983387,12263.3271607455,395.177616205509,"blue",2
"1395","Hanninghof_LMpred_FYM_Hanninghof_",1963,"oats","FYMPK",31.0484457904452,12.0101020913133,51.3495381064036,22.908145512029,7.5632576013104,28.8622229577726,1379.8136356228,5920.84567199326,0,360.037433258418,1294.29213983387,12263.3271607455,395.177616205509,"blue",2
"1396","Hanninghof_LMpred_FYM_Hanninghof_",1964,"potato","FYMPK",56.3477114514216,12.6356353235629,129.348462281678,36.4838791580689,9.05846608310733,80.7096821285126,1389.65669400244,5958.25783147326,0,342.377249349852,1316.84431718246,12339.091065476,358.442803129695,"blue",2
"1397","Hanninghof_LMpred_FYM_Hanninghof_",1965,"rye","FYMPK",42.7652708900043,10.4277931090398,43.2624566278223,31.512805394039,8.35384161846689,28.5128053953151,1389.65669400244,5958.25783147326,0,342.377249349852,1316.84431718246,12339.091065476,358.442803129695,"blue",2
"1398","Hanninghof_LMpred_FYM_Hanninghof_",1966,"oats","FYMPK",31.1504297956976,11.6821788034209,49.2442786570987,23.0101289815023,7.60405118598317,29.0151965087952,1389.65669400244,5958.25783147326,0,342.377249349852,1316.84431718246,12339.091065476,358.442803129695,"blue",2
"1399","Hanninghof_LMpred_FYM_Hanninghof_",1967,"potato","FYMPK",55.9831769196338,12.2918076179589,125.329770168327,40.2798756283822,9.93803706163312,90.1996724181769,1395.42631865132,6005.78095746772,0,386.781844522091,1278.30450244319,12417.3581797884,431.973719368455,"blue",2
"1400","Hanninghof_LMpred_FYM_Hanninghof_",1968,"rye","FYMPK",42.9936890059057,10.3953929876523,42.0853301176215,31.7412235104515,8.42236705327995,28.7412235111736,1395.42631865132,6005.78095746772,0,386.781844522091,1278.30450244319,12417.3581797884,431.973719368455,"blue",2
"1401","Hanninghof_LMpred_FYM_Hanninghof_",1969,"oats","FYMPK",31.2524138009499,11.3542555155285,47.1390192077936,23.1121115451933,7.64484460638704,29.1681674014027,1395.42631865132,6005.78095746772,0,386.781844522091,1278.30450244319,12417.3581797884,431.973719368455,"blue",2
"1402","Hanninghof_LMpred_FYM_Hanninghof_",1970,"potato","FYMPK",55.618642387846,11.9479799123547,121.311078054977,44.0758766998052,10.7462600005572,99.6896900189327,1405.38807959824,6043.89262822565,0,367.743991693992,1311.67936036166,12487.2482398444,392.427396871544,"blue",2
"1403","Hanninghof_LMpred_FYM_Hanninghof_",1971,"rye","FYMPK",43.222107121807,10.3629928662647,40.908203607421,31.9696371920133,8.49089208022353,28.9696418051124,1405.38807959824,6043.89262822565,0,367.743991693992,1311.67936036166,12487.2482398444,392.427396871544,"blue",2
"1404","Hanninghof_LMpred_FYM_Hanninghof_",1972,"oats","FYMPK",31.3543978062023,11.0263322276361,45.0337597584888,23.2141029352511,7.68563928662111,29.3211673206089,1405.38807959824,6043.89262822565,0,367.743991693992,1311.67936036166,12487.2482398444,392.427396871544,"blue",2
"1405","Hanninghof_LMpred_FYM_Hanninghof_",1973,"potato","FYMPK",55.2541078560582,11.6041522067507,117.292385941626,47.8718593111762,11.491188707133,109.179585878238,1415.40649520069,6081.43720505673,0,349.73524459763,1335.27443851019,12561.521789984,355.987176875934,"blue",2
"1406","Hanninghof_LMpred_FYM_Hanninghof_",1974,"rye","FYMPK",43.4505252377083,10.3305927448772,39.7310770972205,32.1980460182689,8.55941663572857,29.1980601695073,1415.40649520069,6081.43720505673,0,349.73524459763,1335.27443851019,12561.521789984,355.987176875934,"blue",2
"1407","Hanninghof_LMpred_FYM_Hanninghof_",1975,"oats","FYMPK",31.4563818114546,10.6984089397437,42.9285003091839,23.3160799658768,7.72643187215201,29.4741206946094,1415.40649520069,6081.43720505673,0,349.73524459763,1335.27443851019,12561.521789984,355.987176875934,"blue",2
"1408","Hanninghof_LMpred_FYM_Hanninghof_",1976,"potato","FYMPK",54.8895733242705,11.2603245011466,113.273693828276,51.6678669281444,12.1814019892367,118.618355200371,1421.04011166824,6129.07425465634,0,393.72662547563,1294.06491429419,12638.0240067763,429.108134760105,"blue",2
"1409","Hanninghof_LMpred_FYM_Hanninghof_",1977,"rye","FYMPK",43.6789433536097,10.2981926234896,38.5539505870198,32.4264584353646,8.62794150181964,29.4264782914165,1421.04011166824,6129.07425465634,0,393.72662547563,1294.06491429419,12638.0240067763,429.108134760105,"blue",2
"1410","Hanninghof_LMpred_FYM_Hanninghof_",1978,"oats","FYMPK",31.558365816707,10.3704856518513,40.823240859879,23.4180706312035,7.76722642213787,29.6271157285573,1421.04011166824,6129.07425465634,0,393.72662547563,1294.06491429419,12638.0240067763,429.108134760105,"blue",2
"1411","Hanninghof_LMpred_FYM_Hanninghof_",1979,"potato","FYMPK",59.6094563172182,14.0413976834297,117.005495591756,60.5480419629923,13.3583567837602,138.634977988578,1431.15357951159,6167.28214626214,0,374.372319817161,1328.81473249946,12706.0359535228,389.836545792885,"blue",2
"1412","Hanninghof_LMpred_FYM_Hanninghof_",1980,"rye","FYMPK",48.9917789942465,13.3906933899892,45.1273179536492,37.7393035855318,10.2217936374254,34.7393163943609,1431.15357951159,6167.28214626214,0,374.372319817161,1328.81473249946,12706.0359535228,389.836545792885,"blue",2
"1413","Hanninghof_LMpred_FYM_Hanninghof_",1981,"oats","FYMPK",36.7447673466948,13.1674632518461,46.4684752874039,28.6044663977723,9.84178616028868,37.4067015507877,1431.15357951159,6167.28214626214,0,374.372319817161,1328.81473249946,12706.0359535228,389.836545792885,"blue",2
"1414","Hanninghof_LMpred_FYM_Hanninghof_",1982,"potato","FYMPK",59.2449217854304,13.6975699778257,112.986803478405,64.3403626986946,13.8964560925522,145.720594126458,1441.32575900216,6204.92885121937,0,356.066886229922,1353.38579975627,12778.9026440362,353.674201861272,"blue",2
"1415","Hanninghof_LMpred_FYM_Hanninghof_",1983,"rye","FYMPK",49.2201971101479,13.3582932686017,43.9501914434487,37.9677305212928,10.2903194364457,34.9677319215817,1441.32575900216,6204.92885121937,0,356.066886229922,1353.38579975627,12778.9026440362,353.674201861272,"blue",2
"1416","Hanninghof_LMpred_FYM_Hanninghof_",1984,"oats","FYMPK",36.8467513519472,12.8395399639537,44.363215838099,28.706453840745,9.8825801323433,37.5596870692525,1441.32575900216,6204.92885121937,0,356.066886229922,1353.38579975627,12778.9026440362,353.674201861272,"blue",2
"1417","Hanninghof_LMpred_FYM_Hanninghof_",1985,"potato","FYMPK",58.8803872536427,13.3537422722216,108.968111365055,68.1174858296616,14.4097679245085,152.222422969537,1446.81263574673,6252.65034875771,0,399.700122104933,1309.63479319659,12853.7340085873,426.446281358273,"blue",2
"1418","Hanninghof_LMpred_FYM_Hanninghof_",1986,"rye","FYMPK",49.4486152260492,13.3258931472142,42.7730649332479,38.1961147474961,10.3588432965859,35.1961591091834,1446.81263574673,6252.65034875771,0,399.700122104933,1309.63479319659,12853.7340085873,426.446281358273,"blue",2
"1419","Hanninghof_LMpred_FYM_Hanninghof_",1987,"oats","FYMPK",36.9487353571995,12.5116166760614,42.2579563887942,28.8084376096472,9.92337371445039,37.7126618889724,1446.81263574673,6252.65034875771,0,399.700122104933,1309.63479319659,12853.7340085873,426.446281358273,"blue",2
"1420","Hanninghof_LMpred_FYM_Hanninghof_",1988,"potato","FYMPK",58.5158527218549,13.0099145666175,104.949419251704,71.8749493137644,14.9004935390795,158.216321487649,1457.05983705012,6290.9256444978,0,380.076156914621,1345.68191802061,12919.9644397258,387.430470379966,"blue",2
"1421","Hanninghof_LMpred_FYM_Hanninghof_",1989,"rye","FYMPK",49.6770333419505,13.2934930258266,41.5959384230474,38.4245614012653,10.4273700403283,35.4245695010079,1457.05983705012,6290.9256444978,0,380.076156914621,1345.68191802061,12919.9644397258,387.430470379966,"blue",2
"1422","Hanninghof_LMpred_FYM_Hanninghof_",1990,"oats","FYMPK",37.0507193624519,12.183693388169,40.1526969394891,28.9104200958863,9.96416715430875,37.8656334780746,1457.05983705012,6290.9256444978,0,380.076156914621,1345.68191802061,12919.9644397258,387.430470379966,"blue",2
"1423","Hanninghof_LMpred_FYM_Hanninghof_",1991,"potato","FYMPK",58.1513181900671,12.6660868610134,100.930727138354,75.6128094700352,15.3707836649175,163.769285369512,1467.36928417858,6328.64672241176,0,361.518284157224,1371.17380784936,12991.4983399141,351.527014667193,"blue",2
"1424","Hanninghof_LMpred_FYM_Hanninghof_",1992,"rye","FYMPK",49.9054514578519,13.261092904439,40.418811912847,38.6528756296983,10.495890170322,35.6530130367588,1467.36928417858,6328.64672241176,0,361.518284157224,1371.17380784936,12991.4983399141,351.527014667193,"blue",2
"1425","Hanninghof_LMpred_FYM_Hanninghof_",1993,"oats","FYMPK",37.1527033677042,11.8557701002766,38.0474374901842,29.0124527211661,10.0049660489289,38.0187309967071,1467.36928417858,6328.64672241176,0,361.518284157224,1371.17380784936,12991.4983399141,351.527014667193,"blue",2
"1426","Hanninghof_LMpred_FYM_Hanninghof_",1994,"potato","FYMPK",57.7867836582793,12.3222591554093,96.9120350250032,79.3313196290864,15.8226541844129,168.941784188119,1472.70213840318,6376.42584055391,0,404.840830111495,1324.99874358765,13064.7428652771,423.995556020167,"blue",2
"1427","Hanninghof_LMpred_FYM_Hanninghof_",1995,"rye","FYMPK",50.1338695737532,13.2286927830515,39.2416854026464,38.8814021875974,10.5644211232589,35.8814045224966,1472.70213840318,6376.42584055391,0,404.840830111495,1324.99874358765,13064.7428652771,423.995556020167,"blue",2
"1428","Hanninghof_LMpred_FYM_Hanninghof_",1996,"oats","FYMPK",37.2546873729566,11.5278468123842,35.9421780408793,29.1143908996665,10.0457546628171,38.1715917074723,1472.70213840318,6376.42584055391,0,404.840830111495,1324.99874358765,13064.7428652771,423.995556020167,"blue",2
"1429","Hanninghof_LMpred_FYM_Hanninghof_",1997,"potato","FYMPK",57.4222491264915,11.9784314498052,92.8933429116528,83.0306336400903,16.2579530548496,173.786349539479,1483.06860316027,6414.74315676333,0,384.987052161668,1362.27396449209,13129.2810726377,385.215467460735,"blue",2
"1430","Hanninghof_LMpred_FYM_Hanninghof_",1998,"rye","FYMPK",50.3622876896545,13.196292661664,38.0645588924457,39.1098140622189,10.6329462093151,36.1098240154663,1483.06860316027,6414.74315676333,0,384.987052161668,1362.27396449209,13129.2810726377,385.215467460735,"blue",2
"1431","Hanninghof_LMpred_FYM_Hanninghof_",1999,"oats","FYMPK",37.3566713782089,11.1999235244918,33.8369185915745,29.2163829789111,10.086549139438,38.324586161365,1483.06860316027,6414.74315676333,0,384.987052161668,1362.27396449209,13129.2810726377,385.215467460735,"blue",2
"1432","Hanninghof_LMpred_FYM_Hanninghof_",2000,"potato","FYMPK",57.0577145947037,11.6346037442012,88.8746507983024,86.7111989148829,16.6783898420921,178.347562511655,1493.50286960744,6452.51320241444,0,366.214605189749,1388.64300965948,13199.5451919147,349.551796598214,"blue",2
"1433","Hanninghof_LMpred_FYM_Hanninghof_",2001,"rye","FYMPK",50.5907058055559,13.1638925402764,36.8874323822451,39.3381714366189,10.7014681468179,36.3382550157828,1493.50286960744,6452.51320241444,0,366.214605189749,1388.64300965948,13199.5451919147,349.551796598214,"blue",2
"1434","Hanninghof_LMpred_FYM_Hanninghof_",2002,"oats","FYMPK",37.4586553834612,10.8720002365994,31.7316591422694,29.3184130467789,10.1273477149819,38.4776656957483,1493.50286960744,6452.51320241444,0,366.214605189749,1388.64300965948,13199.5451919147,349.551796598214,"blue",2
"1435","Hanninghof_LMpred_FYM_Hanninghof_",2003,"potato","FYMPK",56.6931800629159,11.2907760385971,84.8559586849517,90.3732924432222,17.0854816789783,182.661997545658,1498.67685509881,6500.32583179396,0,409.267414341279,1340.15285985622,13271.2763034379,421.751568534161,"blue",2
"1436","Hanninghof_LMpred_FYM_Hanninghof_",2004,"rye","FYMPK",50.8191239214572,13.1314924188888,35.7103058720446,39.5666492444206,10.7699969833284,36.5666602944311,1498.67685509881,6500.32583179396,0,409.267414341279,1340.15285985622,13271.2763034379,421.751568534161,"blue",2
"1437","Hanninghof_LMpred_FYM_Hanninghof_",2005,"oats","FYMPK",37.5606393887136,10.544076948707,29.6263996929645,29.4203374449072,10.16813487363,38.6305064181751,1498.67685509881,6500.32583179396,0,409.267414341279,1340.15285985622,13271.2763034379,421.751568534161,"blue",2
"1438","Hanninghof_LMpred_FYM_Hanninghof_",2006,"potato","FYMPK",56.3286455311281,10.946948332993,80.8372665716013,94.0172952565221,17.4805759775854,186.759266344106,1509.15137909272,6538.66223607852,0,389.217963144383,1378.59664061807,13334.2011103424,383.187904185121,"blue",2
"1439","Hanninghof_LMpred_FYM_Hanninghof_",2007,"rye","FYMPK",51.0475420373585,13.0990922975013,34.533179361844,39.7950758188225,10.8385229184212,36.7950766826952,1509.15137909272,6538.66223607852,0,389.217963144383,1378.59664061807,13334.2011103424,383.187904185121,"blue",2
"1440","Hanninghof_LMpred_FYM_Hanninghof_",2008,"oats","FYMPK",37.6626233939659,10.2161536608146,27.5211402436596,29.5223202871771,10.2089281585639,38.7834805809606,1509.15137909272,6538.66223607852,0,389.217963144383,1378.59664061807,13334.2011103424,383.187904185121,"blue",2
"1441","Hanninghof_LMpred_FYM_Hanninghof_",1961,"potato","FYMNK",104.627911747425,17.6628912357464,178.85423324663,67.5500461301638,10.6099561620909,128.735238510943,948.452039052899,4627.92391364088,0,108.262694089209,965.237869189233,9469.45411441191,188.247803231306,"orange",2
"1442","Hanninghof_LMpred_FYM_Hanninghof_",1962,"rye","FYMNK",88.3080410345791,19.1076356971416,83.0571891194513,48.5003297265249,13.3102302899354,45.5004107097383,948.452039052899,4627.92391364088,0,108.262694089209,965.237869189233,9469.45411441191,188.247803231306,"orange",2
"1443","Hanninghof_LMpred_FYM_Hanninghof_",1963,"oats","FYMNK",73.844601088092,19.8244052170779,96.5263250893439,49.5218272426503,14.1574898546662,68.0238693447898,948.452039052899,4627.92391364088,0,108.262694089209,965.237869189233,9469.45411441191,188.247803231306,"orange",2
"1444","Hanninghof_LMpred_FYM_Hanninghof_",1964,"potato","FYMNK",104.263377215637,17.3190635301423,174.835541133279,71.3113301840329,11.0035494081598,134.328091621902,949.56581917526,4633.65296718923,0,164.729904256412,969.657212778725,9519.52229017428,287.225045368503,"orange",2
"1445","Hanninghof_LMpred_FYM_Hanninghof_",1965,"rye","FYMNK",88.5364591504805,19.075235575754,81.8800626092509,49.6432638254485,13.6617136577662,46.6432644484932,949.56581917526,4633.65296718923,0,164.729904256412,969.657212778725,9519.52229017428,287.225045368503,"orange",2
"1446","Hanninghof_LMpred_FYM_Hanninghof_",1966,"oats","FYMNK",73.9465850933443,19.4964819291855,94.421065640039,51.3809479273162,14.6269996349639,70.8170209262931,949.56581917526,4633.65296718923,0,164.729904256412,969.657212778725,9519.52229017428,287.225045368503,"orange",2
"1447","Hanninghof_LMpred_FYM_Hanninghof_",1967,"potato","FYMNK",103.89884268385,16.9752358245382,170.816849019929,75.0174247815998,11.3530980229934,138.365645843323,948.344063731448,4630.62347903774,0,155.67091756178,1003.24053415044,9570.13199763018,257.131605831153,"orange",2
"1448","Hanninghof_LMpred_FYM_Hanninghof_",1968,"rye","FYMNK",88.7648772663818,19.0428354543665,80.7029360990501,50.7862028231654,14.0026496390318,47.7862131810761,948.344063731448,4630.62347903774,0,155.67091756178,1003.24053415044,9570.13199763018,257.131605831153,"orange",2
"1449","Hanninghof_LMpred_FYM_Hanninghof_",1969,"oats","FYMNK",74.0485690985967,19.1685586412931,92.3158061907339,53.2344134073297,15.056304067954,73.4239155043315,948.344063731448,4630.62347903774,0,155.67091756178,1003.24053415044,9570.13199763018,257.131605831153,"orange",2
"1450","Hanninghof_LMpred_FYM_Hanninghof_",1970,"potato","FYMNK",103.534308152062,16.6314081189341,166.798156906579,78.6668781285734,11.664021600143,141.572581021798,946.43288317477,4627.06813729992,0,146.979950001619,1012.24539136406,9623.72658235856,226.108294544366,"orange",2
"1451","Hanninghof_LMpred_FYM_Hanninghof_",1971,"rye","FYMNK",88.9932953822832,19.010435332979,79.5258095888496,51.9291406855101,14.3348720626211,48.9291483349162,946.43288317477,4627.06813729992,0,146.979950001619,1012.24539136406,9623.72658235856,226.108294544366,"orange",2
"1452","Hanninghof_LMpred_FYM_Hanninghof_",1972,"oats","FYMNK",74.150553103849,18.8406353534007,90.2105467414291,55.0814686330573,15.4500734699696,75.9042432143949,946.43288317477,4627.06813729992,0,146.979950001619,1012.24539136406,9623.72658235856,226.108294544366,"orange",2
"1453","Hanninghof_LMpred_FYM_Hanninghof_",1973,"potato","FYMNK",103.169773620274,16.28758041333,162.779464793228,82.2583122158176,11.9409639761815,144.235660724466,947.805122931758,4634.19418029186,0,201.398117844531,1005.39695294347,9685.12421508995,319.43100861165,"orange",2
"1454","Hanninghof_LMpred_FYM_Hanninghof_",1974,"rye","FYMNK",89.2217134981845,18.9780352115914,78.3486830786491,53.0720784662171,14.6591578021899,50.0720838418659,947.805122931758,4634.19418029186,0,201.398117844531,1005.39695294347,9685.12421508995,319.43100861165,"orange",2
"1455","Hanninghof_LMpred_FYM_Hanninghof_",1975,"oats","FYMNK",74.2525371091014,18.5127120655083,88.1052872921242,56.9210582734075,15.8121634900662,78.2748682833054,947.805122931758,4634.19418029186,0,201.398117844531,1005.39695294347,9685.12421508995,319.43100861165,"orange",2
"1456","Hanninghof_LMpred_FYM_Hanninghof_",1976,"potato","FYMNK",102.805239088486,15.9437527077259,158.760772679878,85.7903261852641,12.1879694816792,146.503108442432,946.93089191228,4632.47259439504,0,190.332221103068,1033.15327276705,9743.56093799145,286.194701438076,"orange",2
"1457","Hanninghof_LMpred_FYM_Hanninghof_",1977,"rye","FYMNK",89.4501316140858,18.9456350902038,77.1715565684484,54.2150178172001,14.97572508625,51.215030081784,946.93089191228,4632.47259439504,0,190.332221103068,1033.15327276705,9743.56093799145,286.194701438076,"orange",2
"1458","Hanninghof_LMpred_FYM_Hanninghof_",1978,"oats","FYMNK",74.3545211143537,18.184788777616,86.0000278428193,58.7527317771056,16.145816417295,80.5457392311508,946.93089191228,4632.47259439504,0,190.332221103068,1033.15327276705,9743.56093799145,286.194701438076,"orange",2
"1459","Hanninghof_LMpred_FYM_Hanninghof_",1979,"potato","FYMNK",107.525122081434,18.7248258900091,162.492574443357,104.156453500769,12.6443953574325,148.461964013353,945.270651852187,4630.1402231245,0,179.697832798729,1037.30800755634,9802.69765713176,251.686226582184,"orange",2
"1460","Hanninghof_LMpred_FYM_Hanninghof_",1980,"rye","FYMNK",94.7629672547227,22.0381358567035,83.7449239350779,91.6038128225014,19.9314364730869,86.8763623527776,945.270651852187,4630.1402231245,0,179.697832798729,1037.30800755634,9802.69765713176,251.686226582184,"orange",2
"1461","Hanninghof_LMpred_FYM_Hanninghof_",1981,"oats","FYMNK",79.5409226443416,20.9817663776107,91.6452622703442,66.170667488817,16.845175972027,87.282339916845,945.270651852187,4630.1402231245,0,179.697832798729,1037.30800755634,9802.69765713176,251.686226582184,"orange",2
"1462","Hanninghof_LMpred_FYM_Hanninghof_",1982,"potato","FYMNK",107.160587549646,18.380998184405,158.473882330007,107.315780774892,12.7818869862044,148.951516416033,946.889594215979,4638.40580453812,0,232.380210998328,1026.73084292351,9867.74184943178,341.053553071682,"orange",2
"1463","Hanninghof_LMpred_FYM_Hanninghof_",1983,"rye","FYMNK",94.991385370624,22.005735735316,82.5677974248773,93.8863634286077,20.2123815888391,88.4731344632511,946.889594215979,4638.40580453812,0,232.380210998328,1026.73084292351,9867.74184943178,341.053553071682,"orange",2
"1464","Hanninghof_LMpred_FYM_Hanninghof_",1984,"oats","FYMNK",79.6429066495939,20.6538430897184,89.5400028210394,67.9419923344371,17.0756032802317,88.6868224358657,946.889594215979,4638.40580453812,0,232.380210998328,1026.73084292351,9867.74184943178,341.053553071682,"orange",2
"1465","Hanninghof_LMpred_FYM_Hanninghof_",1985,"potato","FYMNK",106.796053017858,18.0371704788009,154.455190216656,110.416932373135,12.9106129314536,149.784786107969,946.307553880413,4637.75156600412,0,219.613840228861,1053.06897209896,9928.64305471119,305.628005435753,"orange",2
"1466","Hanninghof_LMpred_FYM_Hanninghof_",1986,"rye","FYMNK",95.2198034865254,21.9733356139284,81.3906709146766,96.1577887596666,20.4806732469799,90.1108503188538,946.307553880413,4637.75156600412,0,219.613840228861,1053.06897209896,9928.64305471119,305.628005435753,"orange",2
"1467","Hanninghof_LMpred_FYM_Hanninghof_",1987,"oats","FYMNK",79.7448906548463,20.325919801826,87.4347433717345,69.7030731645472,17.293649084775,90.1588010220499,946.307553880413,4637.75156600412,0,219.613840228861,1053.06897209896,9928.64305471119,305.628005435753,"orange",2
"1468","Hanninghof_LMpred_FYM_Hanninghof_",1988,"potato","FYMNK",106.431518486071,17.6933427731968,150.436498103306,113.45401525203,13.028777082883,150.696125803083,944.869047720325,4636.41633104032,0,207.331277284793,1055.42215844601,9989.44163553292,268.652322762644,"orange",2
"1469","Hanninghof_LMpred_FYM_Hanninghof_",1989,"rye","FYMNK",95.4482216024267,21.9409354925408,80.213544404476,98.4167526144698,20.7345663805462,91.7370296104175,944.869047720325,4636.41633104032,0,207.331277284793,1055.42215844601,9989.44163553292,268.652322762644,"orange",2
"1470","Hanninghof_LMpred_FYM_Hanninghof_",1990,"oats","FYMNK",79.8468746600986,19.9979965139336,85.3294839224294,71.4531123612145,17.4984092799795,91.6287681342161,944.869047720325,4636.41633104032,0,207.331277284793,1055.42215844601,9989.44163553292,268.652322762644,"orange",2
"1471","Hanninghof_LMpred_FYM_Hanninghof_",1991,"potato","FYMNK",106.066983954283,17.3495150675927,146.417805989956,116.423751995833,13.1360687612375,151.598659575142,946.716925034283,4645.61190234874,0,258.543807062273,1043.44952832654,10055.3692744937,355.324732899521,"orange",2
"1472","Hanninghof_LMpred_FYM_Hanninghof_",1992,"rye","FYMNK",95.676639718328,21.9085353711533,79.0364178942756,100.66247265076,20.9738754557217,93.3340928161705,946.716925034283,4645.61190234874,0,258.543807062273,1043.44952832654,10055.3692744937,355.324732899521,"orange",2
"1473","Hanninghof_LMpred_FYM_Hanninghof_",1993,"oats","FYMNK",79.948858665351,19.6700732260412,83.2242244731245,73.1916078071465,17.6900156579317,93.0732472038527,946.716925034283,4645.61190234874,0,258.543807062273,1043.44952832654,10055.3692744937,355.324732899521,"orange",2
"1474","Hanninghof_LMpred_FYM_Hanninghof_",1994,"potato","FYMNK",105.702449422495,17.0056873619887,142.399113876605,119.324362679724,13.2329491831434,152.464601359419,946.375148514622,4645.82849122654,0,244.334122641521,1069.68631259187,10116.7352938776,318.392780915348,"orange",2
"1475","Hanninghof_LMpred_FYM_Hanninghof_",1995,"rye","FYMNK",95.9050578342294,21.8761352497657,77.8592913840751,102.8941519715,21.1990623965725,94.8961324022732,946.375148514622,4645.82849122654,0,244.334122641521,1069.68631259187,10116.7352938776,318.392780915348,"orange",2
"1476","Hanninghof_LMpred_FYM_Hanninghof_",1996,"oats","FYMNK",80.0508426706033,19.3421499381488,81.1189650238197,74.9181634968388,17.8691676365012,94.4849918698025,946.375148514622,4645.82849122654,0,244.334122641521,1069.68631259187,10116.7352938776,318.392780915348,"orange",2
"1477","Hanninghof_LMpred_FYM_Hanninghof_",1997,"potato","FYMNK",105.337914890707,16.6618596563846,138.380421763255,122.155097684786,13.3202155931853,153.287312772828,945.128795811474,4645.30544978602,0,230.653443315219,1071.14645042424,10177.6866704642,279.677023281991,"orange",2
"1478","Hanninghof_LMpred_FYM_Hanninghof_",1998,"rye","FYMNK",96.1334759501307,21.8437351283782,76.6821648738743,105.111398005638,21.4109902741158,96.4218009513278,945.128795811474,4645.30544978602,0,230.653443315219,1071.14645042424,10177.6866704642,279.677023281991,"orange",2
"1479","Hanninghof_LMpred_FYM_Hanninghof_",1999,"oats","FYMNK",80.1528266758557,19.0142266502564,79.0137055745148,76.6324396257972,18.0367855874211,95.8614281143379,945.128795811474,4645.30544978602,0,230.653443315219,1071.14645042424,10177.6866704642,279.677023281991,"orange",2
"1480","Hanninghof_LMpred_FYM_Hanninghof_",2000,"potato","FYMNK",104.97338035892,16.3180319507805,134.361729649904,124.915746719726,13.3987884167306,154.066552625041,947.185782864366,4655.25882337053,0,280.622118701635,1058.54218121847,10243.3759679915,364.556334236087,"orange",2
"1481","Hanninghof_LMpred_FYM_Hanninghof_",2001,"rye","FYMNK",96.361894066032,21.8113350069906,75.5050383636738,107.313881453502,21.6106514704532,97.9111767414563,947.185782864366,4655.25882337053,0,280.622118701635,1058.54218121847,10243.3759679915,364.556334236087,"orange",2
"1482","Hanninghof_LMpred_FYM_Hanninghof_",2002,"oats","FYMNK",80.254810681108,18.686303362364,76.9084461252097,78.334277608197,18.1938686971208,97.2023652801909,947.185782864366,4655.25882337053,0,280.622118701635,1058.54218121847,10243.3759679915,364.556334236087,"orange",2
"1483","Hanninghof_LMpred_FYM_Hanninghof_",2003,"potato","FYMNK",104.608845827132,15.9742042451764,130.343037536553,127.606507940507,13.4695812177419,154.80502789337,947.037457487849,4656.18430912567,0,265.185800520819,1085.05167727164,10304.3578862548,326.592836077669,"orange",2
"1484","Hanninghof_LMpred_FYM_Hanninghof_",2004,"rye","FYMNK",96.5903121819333,21.7789348856031,74.3279118534732,109.501063287288,21.7990326130041,99.3649117473937,947.037457487849,4656.18430912567,0,265.185800520819,1085.05167727164,10304.3578862548,326.592836077669,"orange",2
"1485","Hanninghof_LMpred_FYM_Hanninghof_",2005,"oats","FYMNK",80.3567946863603,18.3583800744716,74.8031866759048,80.0239297742728,18.3413312160214,98.5040105140821,947.037457487849,4656.18430912567,0,265.185800520819,1085.05167727164,10304.3578862548,326.592836077669,"orange",2
"1486","Hanninghof_LMpred_FYM_Hanninghof_",2006,"potato","FYMNK",104.244311295344,15.6303765395723,126.324345423203,130.22774289105,13.5334635719567,155.505952010136,945.955375057237,4656.32069641189,0,250.319332175141,1085.89366300496,10364.7843866801,286.649481635739,"orange",2
"1487","Hanninghof_LMpred_FYM_Hanninghof_",2007,"rye","FYMNK",96.8187302978347,21.7465347642156,73.1507853432726,111.673726230573,21.9771789039722,100.783427105634,945.955375057237,4656.32069641189,0,250.319332175141,1085.89366300496,10364.7843866801,286.649481635739,"orange",2
"1488","Hanninghof_LMpred_FYM_Hanninghof_",2008,"oats","FYMNK",80.4587786916127,18.0304567865792,72.6979272266,81.7006325514026,18.4800368591578,99.0943819416972,945.955375057237,4656.32069641189,0,250.319332175141,1085.89366300496,10364.7843866801,286.649481635739,"orange",2
"1489","Hanninghof_LMpred_FYM_Hanninghof_",1961,"potato","FYMNK",104.627911747425,17.6628912357464,178.85423324663,67.5500461301638,10.6099561620909,128.735238510943,948.201665768842,4666.88943408457,0,299.236334309179,1072.94014677837,10429.7156956421,370.368580457924,"orange",2
"1490","Hanninghof_LMpred_FYM_Hanninghof_",1962,"rye","FYMNK",88.3080410345791,19.1076356971416,83.0571891194513,48.5003297265249,13.3102302899354,45.5004107097383,948.201665768842,4666.88943408457,0,299.236334309179,1072.94014677837,10429.7156956421,370.368580457924,"orange",2
"1491","Hanninghof_LMpred_FYM_Hanninghof_",1963,"oats","FYMNK",73.844601088092,19.8244052170779,96.5263250893439,49.5218272426503,14.1574898546662,68.0238693447898,948.201665768842,4666.88943408457,0,299.236334309179,1072.94014677837,10429.7156956421,370.368580457924,"orange",2
"1492","Hanninghof_LMpred_FYM_Hanninghof_",1964,"potato","FYMNK",104.263377215637,17.3190635301423,174.835541133279,71.3113301840329,11.0035494081598,134.328091621902,948.205598387026,4668.38969032589,0,282.756420363422,1099.80217761876,10489.9090507712,331.698164406667,"orange",2
"1493","Hanninghof_LMpred_FYM_Hanninghof_",1965,"rye","FYMNK",88.5364591504805,19.075235575754,81.8800626092509,49.6432638254485,13.6617136577662,46.6432644484932,948.205598387026,4668.38969032589,0,282.756420363422,1099.80217761876,10489.9090507712,331.698164406667,"orange",2
"1494","Hanninghof_LMpred_FYM_Hanninghof_",1966,"oats","FYMNK",73.9465850933443,19.4964819291855,94.421065640039,51.3809479273162,14.6269996349639,70.8170209262931,948.205598387026,4668.38969032589,0,282.756420363422,1099.80217761876,10489.9090507712,331.698164406667,"orange",2
"1495","Hanninghof_LMpred_FYM_Hanninghof_",1967,"potato","FYMNK",103.89884268385,16.9752358245382,170.816849019929,75.0174247815998,11.3530980229934,138.365645843323,947.262540005877,4669.0588189934,0,266.884533659765,1100.10755468017,10549.4715481315,290.884550753779,"orange",2
"1496","Hanninghof_LMpred_FYM_Hanninghof_",1968,"rye","FYMNK",88.7648772663818,19.0428354543665,80.7029360990501,50.7862028231654,14.0026496390318,47.7862131810761,947.262540005877,4669.0588189934,0,266.884533659765,1100.10755468017,10549.4715481315,290.884550753779,"orange",2
"1497","Hanninghof_LMpred_FYM_Hanninghof_",1969,"oats","FYMNK",74.0485690985967,19.1685586412931,92.3158061907339,53.2344134073297,15.056304067954,73.4239155043315,947.262540005877,4669.0588189934,0,266.884533659765,1100.10755468017,10549.4715481315,290.884550753779,"orange",2
"1498","Hanninghof_LMpred_FYM_Hanninghof_",1970,"potato","FYMNK",103.534308152062,16.6314081189341,166.798156906579,78.6668781285734,11.664021600143,141.572581021798,949.514805925677,4680.11087436149,0,314.855817014448,1086.93435676533,10613.3844641512,373.882868635615,"orange",2
"1499","Hanninghof_LMpred_FYM_Hanninghof_",1971,"rye","FYMNK",88.9932953822832,19.010435332979,79.5258095888496,51.9291406855101,14.3348720626211,48.9291483349162,949.514805925677,4680.11087436149,0,314.855817014448,1086.93435676533,10613.3844641512,373.882868635615,"orange",2
"1500","Hanninghof_LMpred_FYM_Hanninghof_",1972,"oats","FYMNK",74.150553103849,18.8406353534007,90.2105467414291,55.0814686330573,15.4500734699696,75.9042432143949,949.514805925677,4680.11087436149,0,314.855817014448,1086.93435676533,10613.3844641512,373.882868635615,"orange",2
"1501","Hanninghof_LMpred_FYM_Hanninghof_",1973,"potato","FYMNK",103.169773620274,16.28758041333,162.779464793228,82.2583122158176,11.9409639761815,144.235660724466,946.395396228614,4681.7720442984,0,296.382620301506,1091.81551734176,10668.2861509697,326.823658887827,"orange",2
"1502","Hanninghof_LMpred_FYM_Hanninghof_",1974,"rye","FYMNK",89.2217134981845,18.9780352115914,78.3486830786491,53.0720784662171,14.6591578021899,50.0720838418659,946.395396228614,4681.7720442984,0,296.382620301506,1091.81551734176,10668.2861509697,326.823658887827,"orange",2
"1503","Hanninghof_LMpred_FYM_Hanninghof_",1975,"oats","FYMNK",74.2525371091014,18.5127120655083,88.1052872921242,56.9210582734075,15.8121634900662,78.2748682833054,946.395396228614,4681.7720442984,0,296.382620301506,1091.81551734176,10668.2861509697,326.823658887827,"orange",2
"1504","Hanninghof_LMpred_FYM_Hanninghof_",1976,"potato","FYMNK",102.805239088486,15.9437527077259,158.760772679878,85.7903261852641,12.1879694816792,146.503108442432,945.750810501397,4682.33220481981,0,279.621869535288,1094.73132065183,10719.3830427462,285.128623884457,"orange",2
"1505","Hanninghof_LMpred_FYM_Hanninghof_",1977,"rye","FYMNK",89.4501316140858,18.9456350902038,77.1715565684484,54.2150178172001,14.97572508625,51.215030081784,945.750810501397,4682.33220481981,0,279.621869535288,1094.73132065183,10719.3830427462,285.128623884457,"orange",2
"1506","Hanninghof_LMpred_FYM_Hanninghof_",1978,"oats","FYMNK",74.3545211143537,18.184788777616,86.0000278428193,58.7527317771056,16.145816417295,80.5457392311508,945.750810501397,4682.33220481981,0,279.621869535288,1094.73132065183,10719.3830427462,285.128623884457,"orange",2
"1507","Hanninghof_LMpred_FYM_Hanninghof_",1979,"potato","FYMNK",107.525122081434,18.7248258900091,162.492574443357,104.156453500769,12.6443953574325,148.461964013353,948.619032719499,4693.31377311809,0,326.910192032694,1087.2012492793,10776.5338146315,368.756406955656,"orange",2
"1508","Hanninghof_LMpred_FYM_Hanninghof_",1980,"rye","FYMNK",94.7629672547227,22.0381358567035,83.7449239350779,91.6038128225014,19.9314364730869,86.8763623527776,948.619032719499,4693.31377311809,0,326.910192032694,1087.2012492793,10776.5338146315,368.756406955656,"orange",2
"1509","Hanninghof_LMpred_FYM_Hanninghof_",1981,"oats","FYMNK",79.5409226443416,20.9817663776107,91.6452622703442,66.170667488817,16.845175972027,87.282339916845,948.619032719499,4693.31377311809,0,326.910192032694,1087.2012492793,10776.5338146315,368.756406955656,"orange",2
"1510","Hanninghof_LMpred_FYM_Hanninghof_",1982,"potato","FYMNK",107.160587549646,18.380998184405,158.473882330007,107.315780774892,12.7818869862044,148.951516416033,945.970060304918,4694.95644971311,0,307.704106263419,1095.28338242084,10826.3823293329,321.952624649425,"orange",2
"1511","Hanninghof_LMpred_FYM_Hanninghof_",1983,"rye","FYMNK",94.991385370624,22.005735735316,82.5677974248773,93.8863634286077,20.2123815888391,88.4731344632511,945.970060304918,4694.95644971311,0,307.704106263419,1095.28338242084,10826.3823293329,321.952624649425,"orange",2
"1512","Hanninghof_LMpred_FYM_Hanninghof_",1984,"oats","FYMNK",79.6429066495939,20.6538430897184,89.5400028210394,67.9419923344371,17.0756032802317,88.6868224358657,945.970060304918,4694.95644971311,0,307.704106263419,1095.28338242084,10826.3823293329,321.952624649425,"orange",2
"1513","Hanninghof_LMpred_FYM_Hanninghof_",1985,"potato","FYMNK",106.796053017858,18.0371704788009,154.455190216656,110.416932373135,12.9106129314536,149.784786107969,945.737255834713,4695.53409352304,0,290.283663643467,1100.41189813248,10873.5171095447,280.602506290145,"orange",2
"1514","Hanninghof_LMpred_FYM_Hanninghof_",1986,"rye","FYMNK",95.2198034865254,21.9733356139284,81.3906709146766,96.1577887596666,20.4806732469799,90.1108503188538,945.737255834713,4695.53409352304,0,290.283663643467,1100.41189813248,10873.5171095447,280.602506290145,"orange",2
"1515","Hanninghof_LMpred_FYM_Hanninghof_",1987,"oats","FYMNK",79.7448906548463,20.325919801826,87.4347433717345,69.7030731645472,17.293649084775,90.1588010220499,945.737255834713,4695.53409352304,0,290.283663643467,1100.41189813248,10873.5171095447,280.602506290145,"orange",2
"1516","Hanninghof_LMpred_FYM_Hanninghof_",1988,"potato","FYMNK",106.431518486071,17.6933427731968,150.436498103306,113.45401525203,13.028777082883,150.696125803083,948.99903153465,4706.56575802562,0,336.999610509488,1094.60131925837,10927.5267319376,364.818676663435,"orange",2
"1517","Hanninghof_LMpred_FYM_Hanninghof_",1989,"rye","FYMNK",95.4482216024267,21.9409354925408,80.213544404476,98.4167526144698,20.7345663805462,91.7370296104175,948.99903153465,4706.56575802562,0,336.999610509488,1094.60131925837,10927.5267319376,364.818676663435,"orange",2
"1518","Hanninghof_LMpred_FYM_Hanninghof_",1990,"oats","FYMNK",79.8468746600986,19.9979965139336,85.3294839224294,71.4531123612145,17.4984092799795,91.6287681342161,948.99903153465,4706.56575802562,0,336.999610509488,1094.60131925837,10927.5267319376,364.818676663435,"orange",2
"1519","Hanninghof_LMpred_FYM_Hanninghof_",1991,"potato","FYMNK",106.066983954283,17.3495150675927,146.417805989956,116.423751995833,13.1360687612375,151.598659575142,946.628095128989,4708.28071789409,0,317.174913799704,1103.44953003021,10974.7745536741,318.211793836175,"orange",2
"1520","Hanninghof_LMpred_FYM_Hanninghof_",1992,"rye","FYMNK",95.676639718328,21.9085353711533,79.0364178942756,100.66247265076,20.9738754557217,93.3340928161705,946.628095128989,4708.28071789409,0,317.174913799704,1103.44953003021,10974.7745536741,318.211793836175,"orange",2
"1521","Hanninghof_LMpred_FYM_Hanninghof_",1993,"oats","FYMNK",79.948858665351,19.6700732260412,83.2242244731245,73.1916078071465,17.6900156579317,93.0732472038527,946.628095128989,4708.28071789409,0,317.174913799704,1103.44953003021,10974.7745536741,318.211793836175,"orange",2
"1522","Hanninghof_LMpred_FYM_Hanninghof_",1994,"potato","FYMNK",105.702449422495,17.0056873619887,142.399113876605,119.324362679724,13.2329491831434,152.464601359419,946.64896247389,4708.94215259324,0,299.198962670877,1109.13381945856,11019.6273576039,277.115899455966,"orange",2
"1523","Hanninghof_LMpred_FYM_Hanninghof_",1995,"rye","FYMNK",95.9050578342294,21.8761352497657,77.8592913840751,102.8941519715,21.1990623965725,94.8961324022732,946.64896247389,4708.94215259324,0,299.198962670877,1109.13381945856,11019.6273576039,277.115899455966,"orange",2
"1524","Hanninghof_LMpred_FYM_Hanninghof_",1996,"oats","FYMNK",80.0508426706033,19.3421499381488,81.1189650238197,74.9181634968388,17.8691676365012,94.4849918698025,946.64896247389,4708.94215259324,0,299.198962670877,1109.13381945856,11019.6273576039,277.115899455966,"orange",2
"1525","Hanninghof_LMpred_FYM_Hanninghof_",1997,"potato","FYMNK",105.337914890707,16.6618596563846,138.380421763255,122.155097684786,13.3202155931853,153.287312772828,950.17464299986,4720.07097767594,0,345.435679979324,1103.91292710623,11071.652367993,361.815655616142,"orange",2
"1526","Hanninghof_LMpred_FYM_Hanninghof_",1998,"rye","FYMNK",96.1334759501307,21.8437351283782,76.6821648738743,105.111398005638,21.4109902741158,96.4218009513278,950.17464299986,4720.07097767594,0,345.435679979324,1103.91292710623,11071.652367993,361.815655616142,"orange",2
"1527","Hanninghof_LMpred_FYM_Hanninghof_",1999,"oats","FYMNK",80.1528266758557,19.0142266502564,79.0137055745148,76.6324396257972,18.0367855874211,95.8614281143379,950.17464299986,4720.07097767594,0,345.435679979324,1103.91292710623,11071.652367993,361.815655616142,"orange",2
"1528","Hanninghof_LMpred_FYM_Hanninghof_",2000,"potato","FYMNK",104.97338035892,16.3180319507805,134.361729649904,124.915746719726,13.3987884167306,154.066552625041,947.968250923334,4721.88962491345,0,325.088858437801,1112.81260961301,11117.1022252674,315.329086224536,"orange",2
"1529","Hanninghof_LMpred_FYM_Hanninghof_",2001,"rye","FYMNK",96.361894066032,21.8113350069906,75.5050383636738,107.313881453502,21.6106514704532,97.9111767414563,947.968250923334,4721.88962491345,0,325.088858437801,1112.81260961301,11117.1022252674,315.329086224536,"orange",2
"1530","Hanninghof_LMpred_FYM_Hanninghof_",2002,"oats","FYMNK",80.254810681108,18.686303362364,76.9084461252097,78.334277608197,18.1938686971208,97.2023652801909,947.968250923334,4721.88962491345,0,325.088858437801,1112.81260961301,11117.1022252674,315.329086224536,"orange",2
"1531","Hanninghof_LMpred_FYM_Hanninghof_",2003,"potato","FYMNK",104.608845827132,15.9742042451764,130.343037536553,127.606507940507,13.4695812177419,154.80502789337,948.149197348079,4722.65400853477,0,306.645119111754,1118.56212677193,11160.2485441451,274.404482053695,"orange",2
"1532","Hanninghof_LMpred_FYM_Hanninghof_",2004,"rye","FYMNK",96.5903121819333,21.7789348856031,74.3279118534732,109.501063287288,21.7990326130041,99.3649117473937,948.149197348079,4722.65400853477,0,306.645119111754,1118.56212677193,11160.2485441451,274.404482053695,"orange",2
"1533","Hanninghof_LMpred_FYM_Hanninghof_",2005,"oats","FYMNK",80.3567946863603,18.3583800744716,74.8031866759048,80.0239297742728,18.3413312160214,98.5040105140821,948.149197348079,4722.65400853477,0,306.645119111754,1118.56212677193,11160.2485441451,274.404482053695,"orange",2
"1534","Hanninghof_LMpred_FYM_Hanninghof_",2006,"potato","FYMNK",104.244311295344,15.6303765395723,126.324345423203,130.22774289105,13.5334635719567,155.505952010136,951.86175990509,4733.88942769151,0,352.481068636761,1113.61663381795,11210.7049257788,359.49493379884,"orange",2
"1535","Hanninghof_LMpred_FYM_Hanninghof_",2007,"rye","FYMNK",96.8187302978347,21.7465347642156,73.1507853432726,111.673726230573,21.9771789039722,100.783427105634,951.86175990509,4733.88942769151,0,352.481068636761,1113.61663381795,11210.7049257788,359.49493379884,"orange",2
"1536","Hanninghof_LMpred_FYM_Hanninghof_",2008,"oats","FYMNK",80.4587786916127,18.0304567865792,72.6979272266,81.7006325514026,18.4800368591578,99.0943819416972,951.86175990509,4733.88942769151,0,352.481068636761,1113.61663381795,11210.7049257788,359.49493379884,"orange",2
"1537","Hanninghof_LMpred_FYM_Hanninghof_",1961,"potato","FYMNK",104.627911747425,17.6628912357464,178.85423324663,67.5500461301638,10.6099561620909,128.735238510943,949.751471468221,4735.81361757976,0,331.693291729658,1122.35031805732,11254.6665674623,313.065515059822,"orange",2
"1538","Hanninghof_LMpred_FYM_Hanninghof_",1962,"rye","FYMNK",88.3080410345791,19.1076356971416,83.0571891194513,48.5003297265249,13.3102302899354,45.5004107097383,949.751471468221,4735.81361757976,0,331.693291729658,1122.35031805732,11254.6665674623,313.065515059822,"orange",2
"1539","Hanninghof_LMpred_FYM_Hanninghof_",1963,"oats","FYMNK",73.844601088092,19.8244052170779,96.5263250893439,49.5218272426503,14.1574898546662,68.0238693447898,949.751471468221,4735.81361757976,0,331.693291729658,1122.35031805732,11254.6665674623,313.065515059822,"orange",2
"1540","Hanninghof_LMpred_FYM_Hanninghof_",1964,"potato","FYMNK",104.263377215637,17.3190635301423,174.835541133279,71.3113301840329,11.0035494081598,134.328091621902,950.03584384647,4736.67671433764,0,312.855806935589,1128.02102190908,11296.3378544762,272.250276990269,"orange",2
"1541","Hanninghof_LMpred_FYM_Hanninghof_",1965,"rye","FYMNK",88.5364591504805,19.075235575754,81.8800626092509,49.6432638254485,13.6617136577662,46.6432644484932,950.03584384647,4736.67671433764,0,312.855806935589,1128.02102190908,11296.3378544762,272.250276990269,"orange",2
"1542","Hanninghof_LMpred_FYM_Hanninghof_",1966,"oats","FYMNK",73.9465850933443,19.4964819291855,94.421065640039,51.3809479273162,14.6269996349639,70.8170209262931,950.03584384647,4736.67671433764,0,312.855806935589,1128.02102190908,11296.3378544762,272.250276990269,"orange",2
"1543","Hanninghof_LMpred_FYM_Hanninghof_",1967,"potato","FYMNK",103.89884268385,16.9752358245382,170.816849019929,75.0174247815998,11.3530980229934,138.365645843323,953.888299762567,4748.00999049881,0,358.357125675188,1123.27450846041,11345.4077507144,357.662292841347,"orange",2
"1544","Hanninghof_LMpred_FYM_Hanninghof_",1968,"rye","FYMNK",88.7648772663818,19.0428354543665,80.7029360990501,50.7862028231654,14.0026496390318,47.7862131810761,953.888299762567,4748.00999049881,0,358.357125675188,1123.27450846041,11345.4077507144,357.662292841347,"orange",2
"1545","Hanninghof_LMpred_FYM_Hanninghof_",1969,"oats","FYMNK",74.0485690985967,19.1685586412931,92.3158061907339,53.2344134073297,15.056304067954,73.4239155043315,953.888299762567,4748.00999049881,0,358.357125675188,1123.27450846041,11345.4077507144,357.662292841347,"orange",2
"1546","Hanninghof_LMpred_FYM_Hanninghof_",1970,"potato","FYMNK",103.534308152062,16.6314081189341,166.798156906579,78.6668781285734,11.664021600143,141.572581021798,951.831818412426,4750.0275563634,0,337.196978764167,1131.77360730288,11388.0300515627,311.244760748229,"orange",2
"1547","Hanninghof_LMpred_FYM_Hanninghof_",1971,"rye","FYMNK",88.9932953822832,19.010435332979,79.5258095888496,51.9291406855101,14.3348720626211,48.9291483349162,951.831818412426,4750.0275563634,0,337.196978764167,1131.77360730288,11388.0300515627,311.244760748229,"orange",2
"1548","Hanninghof_LMpred_FYM_Hanninghof_",1972,"oats","FYMNK",74.150553103849,18.8406353534007,90.2105467414291,55.0814686330573,15.4500734699696,75.9042432143949,951.831818412426,4750.0275563634,0,337.196978764167,1131.77360730288,11388.0300515627,311.244760748229,"orange",2
"1549","Hanninghof_LMpred_FYM_Hanninghof_",1973,"potato","FYMNK",103.169773620274,16.28758041333,162.779464793228,82.2583122158176,11.9409639761815,144.235660724466,952.184318182113,4750.97472456791,0,318.028143153469,1137.3192183853,11428.3492977812,270.494911577536,"orange",2
"1550","Hanninghof_LMpred_FYM_Hanninghof_",1974,"rye","FYMNK",89.2217134981845,18.9780352115914,78.3486830786491,53.0720784662171,14.6591578021899,50.0720838418659,952.184318182113,4750.97472456791,0,318.028143153469,1137.3192183853,11428.3492977812,270.494911577536,"orange",2
"1551","Hanninghof_LMpred_FYM_Hanninghof_",1975,"oats","FYMNK",74.2525371091014,18.5127120655083,88.1052872921242,56.9210582734075,15.8121634900662,78.2748682833054,952.184318182113,4750.97472456791,0,318.028143153469,1137.3192183853,11428.3492977812,270.494911577536,"orange",2
"1552","Hanninghof_LMpred_FYM_Hanninghof_",1976,"potato","FYMNK",102.805239088486,15.9437527077259,158.760772679878,85.7903261852641,12.1879694816792,146.503108442432,956.147054983073,4762.38942635822,0,363.250488969015,1132.75914721579,11476.1382452224,356.178722533028,"orange",2
"1553","Hanninghof_LMpred_FYM_Hanninghof_",1977,"rye","FYMNK",89.4501316140858,18.9456350902038,77.1715565684484,54.2150178172001,14.97572508625,51.215030081784,956.147054983073,4762.38942635822,0,363.250488969015,1132.75914721579,11476.1382452224,356.178722533028,"orange",2
"1554","Hanninghof_LMpred_FYM_Hanninghof_",1978,"oats","FYMNK",74.3545211143537,18.184788777616,86.0000278428193,58.7527317771056,16.145816417295,80.5457392311508,956.147054983073,4762.38942635822,0,363.250488969015,1132.75914721579,11476.1382452224,356.178722533028,"orange",2
"1555","Hanninghof_LMpred_FYM_Hanninghof_",1979,"potato","FYMNK",107.525122081434,18.7248258900091,162.492574443357,104.156453500769,12.6443953574325,148.461964013353,954.117398975292,4764.48272181457,0,341.775859246334,1141.00002294874,11517.5124864135,309.741804657639,"orange",2
"1556","Hanninghof_LMpred_FYM_Hanninghof_",1980,"rye","FYMNK",94.7629672547227,22.0381358567035,83.7449239350779,91.6038128225014,19.9314364730869,86.8763623527776,954.117398975292,4764.48272181457,0,341.775859246334,1141.00002294874,11517.5124864135,309.741804657639,"orange",2
"1557","Hanninghof_LMpred_FYM_Hanninghof_",1981,"oats","FYMNK",79.5409226443416,20.9817663776107,91.6452622703442,66.170667488817,16.845175972027,87.282339916845,954.117398975292,4764.48272181457,0,341.775859246334,1141.00002294874,11517.5124864135,309.741804657639,"orange",2
"1558","Hanninghof_LMpred_FYM_Hanninghof_",1982,"potato","FYMNK",107.160587549646,18.380998184405,158.473882330007,107.315780774892,12.7818869862044,148.951516416033,954.515249617256,4765.49561222447,0,322.328332607048,1146.40586433378,11556.5598548784,269.027166693395,"orange",2
"1559","Hanninghof_LMpred_FYM_Hanninghof_",1983,"rye","FYMNK",94.991385370624,22.005735735316,82.5677974248773,93.8863634286077,20.2123815888391,88.4731344632511,954.515249617256,4765.49561222447,0,322.328332607048,1146.40586433378,11556.5598548784,269.027166693395,"orange",2
"1560","Hanninghof_LMpred_FYM_Hanninghof_",1984,"oats","FYMNK",79.6429066495939,20.6538430897184,89.5400028210394,67.9419923344371,17.0756032802317,88.6868224358657,954.515249617256,4765.49561222447,0,322.328332607048,1146.40586433378,11556.5598548784,269.027166693395,"orange",2
"1561","Hanninghof_LMpred_FYM_Hanninghof_",1985,"potato","FYMNK",106.796053017858,18.0371704788009,154.455190216656,110.416932373135,12.9106129314536,149.784786107969,958.568810453636,4776.9730285613,0,367.31856701711,1142.03725399755,11603.1415880127,354.9474912703,"orange",2
"1562","Hanninghof_LMpred_FYM_Hanninghof_",1986,"rye","FYMNK",95.2198034865254,21.9733356139284,81.3906709146766,96.1577887596666,20.4806732469799,90.1108503188538,958.568810453636,4776.9730285613,0,367.31856701711,1142.03725399755,11603.1415880127,354.9474912703,"orange",2
"1563","Hanninghof_LMpred_FYM_Hanninghof_",1987,"oats","FYMNK",79.7448906548463,20.325919801826,87.4347433717345,69.7030731645472,17.293649084775,90.1588010220499,958.568810453636,4776.9730285613,0,367.31856701711,1142.03725399755,11603.1415880127,354.9474912703,"orange",2
"1564","Hanninghof_LMpred_FYM_Hanninghof_",1988,"potato","FYMNK",106.431518486071,17.6933427731968,150.436498103306,113.45401525203,13.028777082883,150.696125803083,956.54815748566,4779.12327932021,0,345.578317755727,1150.00859140304,11643.3365120089,308.470053127128,"orange",2
"1565","Hanninghof_LMpred_FYM_Hanninghof_",1989,"rye","FYMNK",95.4482216024267,21.9409354925408,80.213544404476,98.4167526144698,20.7345663805462,91.7370296104175,956.54815748566,4779.12327932021,0,345.578317755727,1150.00859140304,11643.3365120089,308.470053127128,"orange",2
"1566","Hanninghof_LMpred_FYM_Hanninghof_",1990,"oats","FYMNK",79.8468746600986,19.9979965139336,85.3294839224294,71.4531123612145,17.4984092799795,91.6287681342161,956.54815748566,4779.12327932021,0,345.578317755727,1150.00859140304,11643.3365120089,308.470053127128,"orange",2
"1567","Hanninghof_LMpred_FYM_Hanninghof_",1991,"potato","FYMNK",106.066983954283,17.3495150675927,146.417805989956,116.423751995833,13.1360687612375,151.598659575142,956.976097496767,4780.18333271101,0,325.896455656702,1155.26806189796,11681.1749447365,267.769784624441,"orange",2
"1568","Hanninghof_LMpred_FYM_Hanninghof_",1992,"rye","FYMNK",95.676639718328,21.9085353711533,79.0364178942756,100.66247265076,20.9738754557217,93.3340928161705,956.976097496767,4780.18333271101,0,325.896455656702,1155.26806189796,11681.1749447365,267.769784624441,"orange",2
"1569","Hanninghof_LMpred_FYM_Hanninghof_",1993,"oats","FYMNK",79.948858665351,19.6700732260412,83.2242244731245,73.1916078071465,17.6900156579317,93.0732472038527,956.976097496767,4780.18333271101,0,325.896455656702,1155.26806189796,11681.1749447365,267.769784624441,"orange",2
"1570","Hanninghof_LMpred_FYM_Hanninghof_",1994,"potato","FYMNK",105.702449422495,17.0056873619887,142.399113876605,119.324362679724,13.2329491831434,152.464601359419,961.107139681754,4791.70519083175,0,370.69397413323,1151.09812029934,11726.6087194138,353.900923652381,"orange",2
"1571","Hanninghof_LMpred_FYM_Hanninghof_",1995,"rye","FYMNK",95.9050578342294,21.8761352497657,77.8592913840751,102.8941519715,21.1990623965725,94.8961324022732,961.107139681754,4791.70519083175,0,370.69397413323,1151.09812029934,11726.6087194138,353.900923652381,"orange",2
"1572","Hanninghof_LMpred_FYM_Hanninghof_",1996,"oats","FYMNK",80.0508426706033,19.3421499381488,81.1189650238197,74.9181634968388,17.8691676365012,94.4849918698025,961.107139681754,4791.70519083175,0,370.69397413323,1151.09812029934,11726.6087194138,353.900923652381,"orange",2
"1573","Hanninghof_LMpred_FYM_Hanninghof_",1997,"potato","FYMNK",105.337914890707,16.6618596563846,138.380421763255,122.155097684786,13.3202155931853,153.287312772828,959.083321475003,4793.89461801279,0,348.729332545932,1158.79375562697,11765.6802800203,307.368815970838,"orange",2
"1574","Hanninghof_LMpred_FYM_Hanninghof_",1998,"rye","FYMNK",96.1334759501307,21.8437351283782,76.6821648738743,105.111398005638,21.4109902741158,96.4218009513278,959.083321475003,4793.89461801279,0,348.729332545932,1158.79375562697,11765.6802800203,307.368815970838,"orange",2
"1575","Hanninghof_LMpred_FYM_Hanninghof_",1999,"oats","FYMNK",80.1528266758557,19.0142266502564,79.0137055745148,76.6324396257972,18.0367855874211,95.8614281143379,959.083321475003,4793.89461801279,0,348.729332545932,1158.79375562697,11765.6802800203,307.368815970838,"orange",2
"1576","Hanninghof_LMpred_FYM_Hanninghof_",2000,"potato","FYMNK",104.97338035892,16.3180319507805,134.361729649904,124.915746719726,13.3987884167306,154.066552625041,959.530727016729,4794.98456875708,0,328.850645043899,1163.90997263654,11802.3589670846,266.669901382878,"orange",2
"1577","Hanninghof_LMpred_FYM_Hanninghof_",2001,"rye","FYMNK",96.361894066032,21.8113350069906,75.5050383636738,107.313881453502,21.6106514704532,97.9111767414563,959.530727016729,4794.98456875708,0,328.850645043899,1163.90997263654,11802.3589670846,266.669901382878,"orange",2
"1578","Hanninghof_LMpred_FYM_Hanninghof_",2002,"oats","FYMNK",80.254810681108,18.686303362364,76.9084461252097,78.334277608197,18.1938686971208,97.2023652801909,959.530727016729,4794.98456875708,0,328.850645043899,1163.90997263654,11802.3589670846,266.669901382878,"orange",2
"1579","Hanninghof_LMpred_FYM_Hanninghof_",2003,"potato","FYMNK",104.608845827132,15.9742042451764,130.343037536553,127.606507940507,13.4695812177419,154.80502789337,963.729637029259,4806.53426034427,0,373.48857987222,1159.94481397532,11846.6951537591,352.992921359439,"orange",2
"1580","Hanninghof_LMpred_FYM_Hanninghof_",2004,"rye","FYMNK",96.5903121819333,21.7789348856031,74.3279118534732,109.501063287288,21.7990326130041,99.3649117473937,963.729637029259,4806.53426034427,0,373.48857987222,1159.94481397532,11846.6951537591,352.992921359439,"orange",2
"1581","Hanninghof_LMpred_FYM_Hanninghof_",2005,"oats","FYMNK",80.3567946863603,18.3583800744716,74.8031866759048,80.0239297742728,18.3413312160214,98.5040105140821,963.729637029259,4806.53426034427,0,373.48857987222,1159.94481397532,11846.6951537591,352.992921359439,"orange",2
"1582","Hanninghof_LMpred_FYM_Hanninghof_",2006,"potato","FYMNK",104.244311295344,15.6303765395723,126.324345423203,130.22774289105,13.5334635719567,155.505952010136,961.694019303494,4808.74681460589,0,351.334464432391,1167.36372723481,11884.6882806737,306.397454079757,"orange",2
"1583","Hanninghof_LMpred_FYM_Hanninghof_",2007,"rye","FYMNK",96.8187302978347,21.7465347642156,73.1507853432726,111.673726230573,21.9771789039722,100.783427105634,961.694019303494,4808.74681460589,0,351.334464432391,1167.36372723481,11884.6882806737,306.397454079757,"orange",2
"1584","Hanninghof_LMpred_FYM_Hanninghof_",2008,"oats","FYMNK",80.4587786916127,18.0304567865792,72.6979272266,81.7006325514026,18.4800368591578,99.0943819416972,961.694019303494,4808.74681460589,0,351.334464432391,1167.36372723481,11884.6882806737,306.397454079757,"orange",2
"1585","Hanninghof_LMpred_FYM_Hanninghof_",1961,"potato","FYMNP",100.210878511103,17.3617712004832,158.709151626083,68.2182781286454,11.5772317040557,111.512485229314,1058.0245042832,4714.11737309019,0,108.415255186568,729.560629174468,9173.04944670162,182.680344111318,"cyan",2
"1586","Hanninghof_LMpred_FYM_Hanninghof_",1962,"rye","FYMNP",94.7191116693409,21.0409018333321,78.0850482542132,48.5003287218374,13.4501027646945,45.5003705394483,1058.0245042832,4714.11737309019,0,108.415255186568,729.560629174468,9173.04944670162,182.680344111318,"cyan",2
"1587","Hanninghof_LMpred_FYM_Hanninghof_",1963,"oats","FYMNP",75.3608643210332,21.7201824494309,83.8164014864034,49.5617454283204,15.3649240946688,61.4864647304959,1058.0245042832,4714.11737309019,0,108.415255186568,729.560629174468,9173.04944670162,182.680344111318,"cyan",2
"1588","Hanninghof_LMpred_FYM_Hanninghof_",1964,"potato","FYMNP",99.8463439793155,17.0179434948791,154.690459512732,72.2320678701814,12.2814480491429,116.068888789966,1073.93796734885,4743.65641014002,0,164.905523367035,708.564487986221,9135.21017678565,279.403269986215,"cyan",2
"1589","Hanninghof_LMpred_FYM_Hanninghof_",1965,"rye","FYMNP",94.9475297852422,21.0085017119445,76.9079217440127,49.6432645298697,13.792980077957,46.6432710230856,1073.93796734885,4743.65641014002,0,164.905523367035,708.564487986221,9135.21017678565,279.403269986215,"cyan",2
"1590","Hanninghof_LMpred_FYM_Hanninghof_",1966,"oats","FYMNP",75.4628483262856,21.3922591615385,81.7111420370986,51.4330520980623,16.0945323231198,63.3150384822237,1073.93796734885,4743.65641014002,0,164.905523367035,708.564487986221,9135.21017678565,279.403269986215,"cyan",2
"1591","Hanninghof_LMpred_FYM_Hanninghof_",1967,"potato","FYMNP",99.4818094475278,16.674115789275,150.671767399382,76.1868552195688,12.8878249445765,118.85908978434,1086.80222820321,4765.8168649462,0,156.030704941789,732.067200396844,9098.19259927863,247.417764543171,"cyan",2
"1592","Hanninghof_LMpred_FYM_Hanninghof_",1968,"rye","FYMNP",95.1759479011436,20.976101590557,75.730795233812,50.7862059366953,14.1358648207794,47.786231062018,1086.80222820321,4765.8168649462,0,156.030704941789,732.067200396844,9098.19259927863,247.417764543171,"cyan",2
"1593","Hanninghof_LMpred_FYM_Hanninghof_",1969,"oats","FYMNP",75.5648323315379,21.0643358736461,79.6058825877935,53.3043605792402,16.7524464972528,64.6802600663483,1086.80222820321,4765.8168649462,0,156.030704941789,732.067200396844,9098.19259927863,247.417764543171,"cyan",2
"1594","Hanninghof_LMpred_FYM_Hanninghof_",1970,"potato","FYMNP",99.11727491574,16.3302880836709,146.653075286031,80.0973635200357,13.4270811828512,120.642140437551,1096.8963192176,4788.57704777753,0,147.411507001413,736.405723796748,9064.48302342478,215.302352266625,"cyan",2
"1595","Hanninghof_LMpred_FYM_Hanninghof_",1971,"rye","FYMNP",95.4043660170449,20.9437014691694,74.5536687236114,51.9291484557333,14.4787496018114,48.9291870566538,1096.8963192176,4788.57704777753,0,147.411507001413,736.405723796748,9064.48302342478,215.302352266625,"cyan",2
"1596","Hanninghof_LMpred_FYM_Hanninghof_",1972,"oats","FYMNP",75.6668163367903,20.7364125857537,77.5006231384886,55.1756559158209,17.3614690927336,65.7277795202135,1096.8963192176,4788.57704777753,0,147.411507001413,736.405723796748,9064.48302342478,215.302352266625,"cyan",2
"1597","Hanninghof_LMpred_FYM_Hanninghof_",1973,"potato","FYMNP",98.7527403839522,15.9864603780668,142.634383172681,83.9708869287517,13.9175844764833,121.757977175739,1109.38591440485,4822.88369406493,0,201.853817477614,709.637530775532,9033.65475597805,306.22992394461,"cyan",2
"1598","Hanninghof_LMpred_FYM_Hanninghof_",1974,"rye","FYMNP",95.6327841329462,20.9113013477819,73.3765422134109,53.072085249457,14.8216292032858,50.0721107204319,1109.38591440485,4822.88369406493,0,201.853817477614,709.637530775532,9033.65475597805,306.22992394461,"cyan",2
"1599","Hanninghof_LMpred_FYM_Hanninghof_",1975,"oats","FYMNP",75.7688003420426,20.4084892978614,75.3953636891838,57.0469583034968,17.9347768002213,66.531490039866,1109.38591440485,4822.88369406493,0,201.853817477614,709.637530775532,9033.65475597805,306.22992394461,"cyan",2
"1600","Hanninghof_LMpred_FYM_Hanninghof_",1976,"potato","FYMNP",98.3882058521644,15.6426326724628,138.61569105933,87.8116029723201,14.3708983677591,122.397393457213,1119.7519696057,4849.12839209424,0,191.05008416951,730.060480958596,9001.64551283689,271.172945879622,"cyan",2
"1601","Hanninghof_LMpred_FYM_Hanninghof_",1977,"rye","FYMNP",95.8612022488476,20.8789012263943,72.1994157032102,54.2150189417458,15.1645070337772,51.2150276172953,1119.7519696057,4849.12839209424,0,191.05008416951,730.060480958596,9001.64551283689,271.172945879622,"cyan",2
"1602","Hanninghof_LMpred_FYM_Hanninghof_",1978,"oats","FYMNP",75.870784347295,20.080566009969,73.2901042398789,58.9183167674887,18.4804326387366,67.1392552536816,1119.7519696057,4849.12839209424,0,191.05008416951,730.060480958596,9001.64551283689,271.172945879622,"cyan",2
"1603","Hanninghof_LMpred_FYM_Hanninghof_",1979,"potato","FYMNP",103.108088845112,18.4237058547459,142.34749282281,108.203472280756,15.2292593231231,125.876531362343,1127.53384942988,4875.39504678143,0,180.507017335018,732.094898419231,8971.64520089408,235.823801879572,"cyan",2
"1604","Hanninghof_LMpred_FYM_Hanninghof_",1980,"rye","FYMNP",101.174037889484,23.971401992894,78.7727830698397,91.9087632593203,22.7955280559793,72.4488697692194,1127.53384942988,4875.39504678143,0,180.507017335018,732.094898419231,8971.64520089408,235.823801879572,"cyan",2
"1605","Hanninghof_LMpred_FYM_Hanninghof_",1981,"oats","FYMNP",81.0571858772828,22.8775436099638,78.9353386674038,66.6811799469815,19.6672824985585,68.9431769451952,1127.53384942988,4875.39504678143,0,180.507017335018,732.094898419231,8971.64520089408,235.823801879572,"cyan",2
"1606","Hanninghof_LMpred_FYM_Hanninghof_",1982,"potato","FYMNP",102.743554313324,18.0798781491418,138.32880070946,111.782368580787,15.5128063171209,123.961019042433,1138.15902443862,4912.70193682854,0,233.2071273346,703.747140617084,8943.49214978661,322.865521004844,"cyan",2
"1607","Hanninghof_LMpred_FYM_Hanninghof_",1983,"rye","FYMNP",101.402456005386,23.9390018715064,77.5956565596392,94.2672029660328,23.3037235486221,72.2412837909198,1138.15902443862,4912.70193682854,0,233.2071273346,703.747140617084,8943.49214978661,322.865521004844,"cyan",2
"1608","Hanninghof_LMpred_FYM_Hanninghof_",1984,"oats","FYMNP",81.1591698825352,22.5496203220714,76.8300792180989,68.5102042916296,20.1124631396475,68.6170529181425,1138.15902443862,4912.70193682854,0,233.2071273346,703.747140617084,8943.49214978661,322.865521004844,"cyan",2
"1609","Hanninghof_LMpred_FYM_Hanninghof_",1985,"potato","FYMNP",102.379019781537,17.7360504435377,134.310108596109,115.111193285613,15.730277072629,122.697455088642,1147.22396742826,4941.53979257772,0,220.768463774996,723.185061375606,8913.43141001719,285.702108953728,"cyan",2
"1610","Hanninghof_LMpred_FYM_Hanninghof_",1986,"rye","FYMNP",101.630874121287,23.9066017501189,76.4185300494384,96.6086276856743,23.8063825772863,72.1771641099815,1147.22396742826,4941.53979257772,0,220.768463774996,723.185061375606,8913.43141001719,285.702108953728,"cyan",2
"1611","Hanninghof_LMpred_FYM_Hanninghof_",1987,"oats","FYMNP",81.2611538877875,22.221697034179,74.724819768794,70.3271054376591,20.5506921731032,68.4079467194679,1147.22396742826,4941.53979257772,0,220.768463774996,723.185061375606,8913.43141001719,285.702108953728,"cyan",2
"1612","Hanninghof_LMpred_FYM_Hanninghof_",1988,"potato","FYMNP",102.014485249749,17.3922227379336,130.291416482759,118.223200415047,15.918901087893,121.652014028681,1153.73978040507,4970.05127430075,0,208.588722577906,724.542634243427,8884.87914770171,248.216538335031,"cyan",2
"1613","Hanninghof_LMpred_FYM_Hanninghof_",1989,"rye","FYMNP",101.859292237188,23.8742016287313,75.2414035392379,98.9324854149808,24.3011872226957,72.1400709994428,1153.73978040507,4970.05127430075,0,208.588722577906,724.542634243427,8884.87914770171,248.216538335031,"cyan",2
"1614","Hanninghof_LMpred_FYM_Hanninghof_",1990,"oats","FYMNP",81.3631378930399,21.8937737462866,72.6195603194889,72.1330931676664,20.9802789571442,68.2238739714424,1153.73978040507,4970.05127430075,0,208.588722577906,724.542634243427,8884.87914770171,248.216538335031,"cyan",2
"1615","Hanninghof_LMpred_FYM_Hanninghof_",1991,"potato","FYMNP",101.649950717961,17.0483950323296,126.272724369408,121.238426520834,16.0965840521252,120.687174002398,1163.3729932897,5009.29329077989,0,259.806412031278,695.895901976449,8857.79381562533,332.706462240827,"cyan",2
"1616","Hanninghof_LMpred_FYM_Hanninghof_",1992,"rye","FYMNP",102.08771035309,23.8418015073438,74.0642770290374,101.239540777007,24.7871843512039,72.0930719622537,1163.3729932897,5009.29329077989,0,259.806412031278,695.895901976449,8857.79381562533,332.706462240827,"cyan",2
"1617","Hanninghof_LMpred_FYM_Hanninghof_",1993,"oats","FYMNP",81.4651218982922,21.5658504583942,70.5143008701841,73.9277837245092,21.4006665618034,68.0349599780487,1163.3729932897,5009.29329077989,0,259.806412031278,695.895901976449,8857.79381562533,332.706462240827,"cyan",2
"1618","Hanninghof_LMpred_FYM_Hanninghof_",1994,"potato","FYMNP",101.285416186173,16.7045673267255,122.254032256058,124.169824203971,16.2624847500042,119.754440197593,1171.79571825303,5039.81865551955,0,245.97957272648,714.880965337063,8828.4920495065,294.093977942398,"cyan",2
"1619","Hanninghof_LMpred_FYM_Hanninghof_",1995,"rye","FYMNP",102.316128468991,23.8094013859562,72.8871505188369,103.529911501476,25.2642386288562,72.0241093797138,1171.79571825303,5039.81865551955,0,245.97957272648,714.880965337063,8828.4920495065,294.093977942398,"cyan",2
"1620","Hanninghof_LMpred_FYM_Hanninghof_",1996,"oats","FYMNP",81.5671059035446,21.2379271705018,68.4090414208792,75.7108764168752,21.811971855196,67.8309539939646,1171.79571825303,5039.81865551955,0,245.97957272648,714.880965337063,8828.4920495065,294.093977942398,"cyan",2
"1621","Hanninghof_LMpred_FYM_Hanninghof_",1997,"potato","FYMNP",100.920881654385,16.3607396211214,118.235340142707,127.016205166353,16.4168324223715,118.834111344271,1177.62402524964,5069.80201243197,0,232.406439724711,716.05275780365,8800.46173167882,255.224723783288,"cyan",2
"1622","Hanninghof_LMpred_FYM_Hanninghof_",1998,"rye","FYMNP",102.544546584892,23.7770012645687,71.7100240086361,105.803560808559,25.7326515014809,71.9295878295778,1177.62402524964,5069.80201243197,0,232.406439724711,716.05275780365,8800.46173167882,255.224723783288,"cyan",2
"1623","Hanninghof_LMpred_FYM_Hanninghof_",1999,"oats","FYMNP",81.6690899087969,20.9100038826094,66.3037819715743,77.4822020503284,22.2146247779019,67.6085671907937,1177.62402524964,5069.80201243197,0,232.406439724711,716.05275780365,8800.46173167882,255.224723783288,"cyan",2
"1624","Hanninghof_LMpred_FYM_Hanninghof_",2000,"potato","FYMNP",100.556347122598,16.0169119155173,114.216648029357,129.774664788956,16.560180457822,117.918346742854,1186.75099785188,5110.32076995288,0,282.363125125082,687.534075196253,8773.76479487071,338.082366023045,"cyan",2
"1625","Hanninghof_LMpred_FYM_Hanninghof_",2001,"rye","FYMNP",102.772964700794,23.7446011431811,70.5328974984356,108.060222537387,26.1928872928719,71.8089655551524,1186.75099785188,5110.32076995288,0,282.363125125082,687.534075196253,8773.76479487071,338.082366023045,"cyan",2
"1626","Hanninghof_LMpred_FYM_Hanninghof_",2002,"oats","FYMNP",81.7710739140493,20.582080594717,64.1985225222692,79.2415530582249,22.6091979743027,67.3671755820203,1186.75099785188,5110.32076995288,0,282.363125125082,687.534075196253,8773.76479487071,338.082366023045,"cyan",2
"1627","Hanninghof_LMpred_FYM_Hanninghof_",2003,"potato","FYMNP",100.19181259081,15.6730842099133,110.197955916006,132.442748842686,16.6932268967305,117.003518206613,1194.88775574976,5141.96888772973,0,267.356620247067,706.154443887002,8744.69704690715,298.457634575435,"cyan",2
"1628","Hanninghof_LMpred_FYM_Hanninghof_",2004,"rye","FYMNP",103.001382816695,23.7122010217936,69.3557709882351,110.300140458258,26.6455512064188,71.6631689219798,1194.88775574976,5141.96888772973,0,267.356620247067,706.154443887002,8744.69704690715,298.457634575435,"cyan",2
"1629","Hanninghof_LMpred_FYM_Hanninghof_",2005,"oats","FYMNP",81.8730579193016,20.2541573068246,62.0932630729644,80.9886593311971,22.9963094140709,67.107368728553,1194.88775574976,5141.96888772973,0,267.356620247067,706.154443887002,8744.69704690715,298.457634575435,"cyan",2
"1630","Hanninghof_LMpred_FYM_Hanninghof_",2006,"potato","FYMNP",99.8272780590221,15.3292565043092,106.179263802656,135.01848406724,16.8166164987696,116.088585900073,1200.34459064703,5172.93696800293,0,252.596928276376,707.302458577416,8716.75899546601,258.716181286289,"cyan",2
"1631","Hanninghof_LMpred_FYM_Hanninghof_",2007,"rye","FYMNP",103.229800932596,23.679800900406,68.1786444780344,112.522771182184,27.091156621367,71.4936839475025,1200.34459064703,5172.93696800293,0,252.596928276376,707.302458577416,8716.75899546601,258.716181286289,"cyan",2
"1632","Hanninghof_LMpred_FYM_Hanninghof_",2008,"oats","FYMNP",81.9750419245539,19.9262340189322,59.9880036236595,82.7231060288547,23.3765134102117,66.8301677916883,1200.34459064703,5172.93696800293,0,252.596928276376,707.302458577416,8716.75899546601,258.716181286289,"cyan",2
"1633","Hanninghof_LMpred_FYM_Hanninghof_",1961,"potato","FYMNP",100.210878511103,17.3617712004832,158.709151626083,68.2182781286454,11.5772317040557,111.512485229314,1209.23274419426,5214.31341704162,0,301.481427322698,679.080322706177,8690.13260532981,340.567313836525,"cyan",2
"1634","Hanninghof_LMpred_FYM_Hanninghof_",1962,"rye","FYMNP",94.7191116693409,21.0409018333321,78.0850482542132,48.5003287218374,13.4501027646945,45.5003705394483,1209.23274419426,5214.31341704162,0,301.481427322698,679.080322706177,8690.13260532981,340.567313836525,"cyan",2
"1635","Hanninghof_LMpred_FYM_Hanninghof_",1963,"oats","FYMNP",75.3608643210332,21.7201824494309,83.8164014864034,49.5617454283204,15.3649240946688,61.4864647304959,1209.23274419426,5214.31341704162,0,301.481427322698,679.080322706177,8690.13260532981,340.567313836525,"cyan",2
"1636","Hanninghof_LMpred_FYM_Hanninghof_",1964,"potato","FYMNP",99.8463439793155,17.0179434948791,154.690459512732,72.2320678701814,12.2814480491429,116.068888789966,1217.27026933193,5246.72086000979,0,285.471952183079,697.304501477156,8661.04591686596,300.214795912105,"cyan",2
"1637","Hanninghof_LMpred_FYM_Hanninghof_",1965,"rye","FYMNP",94.9475297852422,21.0085017119445,76.9079217440127,49.6432645298697,13.792980077957,46.6432710230856,1217.27026933193,5246.72086000979,0,285.471952183079,697.304501477156,8661.04591686596,300.214795912105,"cyan",2
"1638","Hanninghof_LMpred_FYM_Hanninghof_",1966,"oats","FYMNP",75.4628483262856,21.3922591615385,81.7111420370986,51.4330520980623,16.0945323231198,63.3150384822237,1217.27026933193,5246.72086000979,0,285.471952183079,697.304501477156,8661.04591686596,300.214795912105,"cyan",2
"1639","Hanninghof_LMpred_FYM_Hanninghof_",1967,"potato","FYMNP",99.4818094475278,16.674115789275,150.671767399382,76.1868552195688,12.8878249445765,118.85908978434,1222.52456120505,5278.356273555,0,269.701814126016,698.494510767349,8632.98564745665,259.945800777548,"cyan",2
"1640","Hanninghof_LMpred_FYM_Hanninghof_",1968,"rye","FYMNP",95.1759479011436,20.976101590557,75.730795233812,50.7862059366953,14.1358648207794,47.786231062018,1222.52456120505,5278.356273555,0,269.701814126016,698.494510767349,8632.98564745665,259.945800777548,"cyan",2
"1641","Hanninghof_LMpred_FYM_Hanninghof_",1969,"oats","FYMNP",75.5648323315379,21.0643358736461,79.6058825877935,53.3043605792402,16.7524464972528,64.6802600663483,1222.52456120505,5278.356273555,0,269.701814126016,698.494510767349,8632.98564745665,259.945800777548,"cyan",2
"1642","Hanninghof_LMpred_FYM_Hanninghof_",1970,"potato","FYMNP",99.11727491574,16.3302880836709,146.653075286031,80.0973635200357,13.4270811828512,120.642140437551,1230.99664565245,5320.28851464443,0,317.588229266065,668.867918550031,8605.92174627435,340.159762814816,"cyan",2
"1643","Hanninghof_LMpred_FYM_Hanninghof_",1971,"rye","FYMNP",95.4043660170449,20.9437014691694,74.5536687236114,51.9291484557333,14.4787496018114,48.9291870566538,1230.99664565245,5320.28851464443,0,317.588229266065,668.867918550031,8605.92174627435,340.159762814816,"cyan",2
"1644","Hanninghof_LMpred_FYM_Hanninghof_",1972,"oats","FYMNP",75.6668163367903,20.7364125857537,77.5006231384886,55.1756559158209,17.3614690927336,65.7277795202135,1230.99664565245,5320.28851464443,0,317.588229266065,668.867918550031,8605.92174627435,340.159762814816,"cyan",2
"1645","Hanninghof_LMpred_FYM_Hanninghof_",1973,"potato","FYMNP",98.7527403839522,15.9864603780668,142.634383172681,83.9708869287517,13.9175844764833,121.757977175739,1233.65012680261,5352.71563978013,0,299.312094924216,675.533112007736,8573.78874301685,293.178702845387,"cyan",2
"1646","Hanninghof_LMpred_FYM_Hanninghof_",1974,"rye","FYMNP",95.6327841329462,20.9113013477819,73.3765422134109,53.072085249457,14.8216292032858,50.0721107204319,1233.65012680261,5352.71563978013,0,299.312094924216,675.533112007736,8573.78874301685,293.178702845387,"cyan",2
"1647","Hanninghof_LMpred_FYM_Hanninghof_",1975,"oats","FYMNP",75.7688003420426,20.4084892978614,75.3953636891838,57.0469583034968,17.9347768002213,66.531490039866,1233.65012680261,5352.71563978013,0,299.312094924216,675.533112007736,8573.78874301685,293.178702845387,"cyan",2
"1648","Hanninghof_LMpred_FYM_Hanninghof_",1976,"potato","FYMNP",98.3882058521644,15.6426326724628,138.61569105933,87.8116029723201,14.3708983677591,122.397393457213,1239.06066025968,5383.92359664309,0,282.62632210563,679.460340329084,8541.22594356391,252.871097031776,"cyan",2
"1649","Hanninghof_LMpred_FYM_Hanninghof_",1977,"rye","FYMNP",95.8612022488476,20.8789012263943,72.1994157032102,54.2150189417458,15.1645070337772,51.2150276172953,1239.06066025968,5383.92359664309,0,282.62632210563,679.460340329084,8541.22594356391,252.871097031776,"cyan",2
"1650","Hanninghof_LMpred_FYM_Hanninghof_",1978,"oats","FYMNP",75.870784347295,20.080566009969,73.2901042398789,58.9183167674887,18.4804326387366,67.1392552536816,1239.06066025968,5383.92359664309,0,282.62632210563,679.460340329084,8541.22594356391,252.871097031776,"cyan",2
"1651","Hanninghof_LMpred_FYM_Hanninghof_",1979,"potato","FYMNP",103.108088845112,18.4237058547459,142.34749282281,108.203472280756,15.2292593231231,125.876531362343,1248.30951930809,5425.47882553506,0,329.829427848128,653.918949002179,8511.01599344156,334.061419438599,"cyan",2
"1652","Hanninghof_LMpred_FYM_Hanninghof_",1980,"rye","FYMNP",101.174037889484,23.971401992894,78.7727830698397,91.9087632593203,22.7955280559793,72.4488697692194,1248.30951930809,5425.47882553506,0,329.829427848128,653.918949002179,8511.01599344156,334.061419438599,"cyan",2
"1653","Hanninghof_LMpred_FYM_Hanninghof_",1981,"oats","FYMNP",81.0571858772828,22.8775436099638,78.9353386674038,66.6811799469815,19.6672824985585,68.9431769451952,1248.30951930809,5425.47882553506,0,329.829427848128,653.918949002179,8511.01599344156,334.061419438599,"cyan",2
"1654","Hanninghof_LMpred_FYM_Hanninghof_",1982,"potato","FYMNP",102.743554313324,18.0798781491418,138.32880070946,111.782368580787,15.5128063171209,123.961019042433,1251.47427884243,5457.60567807915,0,310.834092221078,662.358108366631,8476.84488774663,287.552081978147,"cyan",2
"1655","Hanninghof_LMpred_FYM_Hanninghof_",1983,"rye","FYMNP",101.402456005386,23.9390018715064,77.5956565596392,94.2672029660328,23.3037235486221,72.2412837909198,1251.47427884243,5457.60567807915,0,310.834092221078,662.358108366631,8476.84488774663,287.552081978147,"cyan",2
"1656","Hanninghof_LMpred_FYM_Hanninghof_",1984,"oats","FYMNP",81.1591698825352,22.5496203220714,76.8300792180989,68.5102042916296,20.1124631396475,68.6170529181425,1251.47427884243,5457.60567807915,0,310.834092221078,662.358108366631,8476.84488774663,287.552081978147,"cyan",2
"1657","Hanninghof_LMpred_FYM_Hanninghof_",1985,"potato","FYMNP",102.379019781537,17.7360504435377,134.310108596109,115.111193285613,15.730277072629,122.697455088642,1257.34368850898,5488.56510448571,0,293.492793008323,667.528577635309,8442.84913014683,247.760317391135,"cyan",2
"1658","Hanninghof_LMpred_FYM_Hanninghof_",1986,"rye","FYMNP",101.630874121287,23.9066017501189,76.4185300494384,96.6086276856743,23.8063825772863,72.1771641099815,1257.34368850898,5488.56510448571,0,293.492793008323,667.528577635309,8442.84913014683,247.760317391135,"cyan",2
"1659","Hanninghof_LMpred_FYM_Hanninghof_",1987,"oats","FYMNP",81.2611538877875,22.221697034179,74.724819768794,70.3271054376591,20.5506921731032,68.4079467194679,1257.34368850898,5488.56510448571,0,293.492793008323,667.528577635309,8442.84913014683,247.760317391135,"cyan",2
"1660","Hanninghof_LMpred_FYM_Hanninghof_",1988,"potato","FYMNP",102.014485249749,17.3922227379336,130.291416482759,118.223200415047,15.918901087893,121.652014028681,1267.12880428267,5529.9278359982,0,340.134668649525,643.429791925082,8411.75583069987,329.654947459689,"cyan",2
"1661","Hanninghof_LMpred_FYM_Hanninghof_",1989,"rye","FYMNP",101.859292237188,23.8742016287313,75.2414035392379,98.9324854149808,24.3011872226957,72.1400709994428,1267.12880428267,5529.9278359982,0,340.134668649525,643.429791925082,8411.75583069987,329.654947459689,"cyan",2
"1662","Hanninghof_LMpred_FYM_Hanninghof_",1990,"oats","FYMNP",81.3631378930399,21.8937737462866,72.6195603194889,72.1330931676664,20.9802789571442,68.2238739714424,1267.12880428267,5529.9278359982,0,340.134668649525,643.429791925082,8411.75583069987,329.654947459689,"cyan",2
"1663","Hanninghof_LMpred_FYM_Hanninghof_",1991,"potato","FYMNP",101.649950717961,17.0483950323296,126.272724369408,121.238426520834,16.0965840521252,120.687174002398,1270.5522155931,5561.90191006992,0,320.53080069008,652.165081377893,8377.04331568712,283.455008909647,"cyan",2
"1664","Hanninghof_LMpred_FYM_Hanninghof_",1992,"rye","FYMNP",102.08771035309,23.8418015073438,74.0642770290374,101.239540777007,24.7871843512039,72.0930719622537,1270.5522155931,5561.90191006992,0,320.53080069008,652.165081377893,8377.04331568712,283.455008909647,"cyan",2
"1665","Hanninghof_LMpred_FYM_Hanninghof_",1993,"oats","FYMNP",81.4651218982922,21.5658504583942,70.5143008701841,73.9277837245092,21.4006665618034,68.0349599780487,1270.5522155931,5561.90191006992,0,320.53080069008,652.165081377893,8377.04331568712,283.455008909647,"cyan",2
"1666","Hanninghof_LMpred_FYM_Hanninghof_",1994,"potato","FYMNP",101.285416186173,16.7045673267255,122.254032256058,124.169824203971,16.2624847500042,119.754440197593,1276.67285790816,5592.72624448353,0,302.635131788311,657.600427927104,8342.64256580545,244.012465522632,"cyan",2
"1667","Hanninghof_LMpred_FYM_Hanninghof_",1995,"rye","FYMNP",102.316128468991,23.8094013859562,72.8871505188369,103.529911501476,25.2642386288562,72.0241093797138,1276.67285790816,5592.72624448353,0,302.635131788311,657.600427927104,8342.64256580545,244.012465522632,"cyan",2
"1668","Hanninghof_LMpred_FYM_Hanninghof_",1996,"oats","FYMNP",81.5671059035446,21.2379271705018,68.4090414208792,75.7108764168752,21.811971855196,67.8309539939646,1276.67285790816,5592.72624448353,0,302.635131788311,657.600427927104,8342.64256580545,244.012465522632,"cyan",2
"1669","Hanninghof_LMpred_FYM_Hanninghof_",1997,"potato","FYMNP",100.920881654385,16.3607396211214,118.235340142707,127.016205166353,16.4168324223715,118.834111344271,1286.83985550597,5633.98357529269,0,348.811902293453,634.232374932818,8311.36364159084,326.407428702857,"cyan",2
"1670","Hanninghof_LMpred_FYM_Hanninghof_",1998,"rye","FYMNP",102.544546584892,23.7770012645687,71.7100240086361,105.803560808559,25.7326515014809,71.9295878295778,1286.83985550597,5633.98357529269,0,348.811902293453,634.232374932818,8311.36364159084,326.407428702857,"cyan",2
"1671","Hanninghof_LMpred_FYM_Hanninghof_",1999,"oats","FYMNP",81.6690899087969,20.9100038826094,66.3037819715743,77.4822020503284,22.2146247779019,67.6085671907937,1286.83985550597,5633.98357529269,0,348.811902293453,634.232374932818,8311.36364159084,326.407428702857,"cyan",2
"1672","Hanninghof_LMpred_FYM_Hanninghof_",2000,"potato","FYMNP",100.556347122598,16.0169119155173,114.216648029357,129.774664788956,16.560180457822,117.918346742854,1290.37161376772,5665.87020994272,0,328.692322158964,642.876198397084,8276.59295133508,280.394224494916,"cyan",2
"1673","Hanninghof_LMpred_FYM_Hanninghof_",2001,"rye","FYMNP",102.772964700794,23.7446011431811,70.5328974984356,108.060222537387,26.1928872928719,71.8089655551524,1290.37161376772,5665.87020994272,0,328.692322158964,642.876198397084,8276.59295133508,280.394224494916,"cyan",2
"1674","Hanninghof_LMpred_FYM_Hanninghof_",2002,"oats","FYMNP",81.7710739140493,20.582080594717,64.1985225222692,79.2415530582249,22.6091979743027,67.3671755820203,1290.37161376772,5665.87020994272,0,328.692322158964,642.876198397084,8276.59295133508,280.394224494916,"cyan",2
"1675","Hanninghof_LMpred_FYM_Hanninghof_",2003,"potato","FYMNP",100.19181259081,15.6730842099133,110.197955916006,132.442748842686,16.6932268967305,117.003518206613,1296.62036896458,5696.60612479152,0,310.327373156165,648.317080372756,8242.13838707813,241.184032804756,"cyan",2
"1676","Hanninghof_LMpred_FYM_Hanninghof_",2004,"rye","FYMNP",103.001382816695,23.7122010217936,69.3557709882351,110.300140458258,26.6455512064188,71.6631689219798,1296.62036896458,5696.60612479152,0,310.327373156165,648.317080372756,8242.13838707813,241.184032804756,"cyan",2
"1677","Hanninghof_LMpred_FYM_Hanninghof_",2005,"oats","FYMNP",81.8730579193016,20.2541573068246,62.0932630729644,80.9886593311971,22.9963094140709,67.107368728553,1296.62036896458,5696.60612479152,0,310.327373156165,648.317080372756,8242.13838707813,241.184032804756,"cyan",2
"1678","Hanninghof_LMpred_FYM_Hanninghof_",2006,"potato","FYMNP",99.8272780590221,15.3292565043092,106.179263802656,135.01848406724,16.8166164987696,116.088585900073,1307.07049362325,5737.79035205438,0,356.11643718251,625.483860316126,8210.92827364126,323.940192295841,"cyan",2
"1679","Hanninghof_LMpred_FYM_Hanninghof_",2007,"rye","FYMNP",103.229800932596,23.679800900406,68.1786444780344,112.522771182184,27.091156621367,71.4936839475025,1307.07049362325,5737.79035205438,0,356.11643718251,625.483860316126,8210.92827364126,323.940192295841,"cyan",2
"1680","Hanninghof_LMpred_FYM_Hanninghof_",2008,"oats","FYMNP",81.9750419245539,19.9262340189322,59.9880036236595,82.7231060288547,23.3765134102117,66.8301677916883,1307.07049362325,5737.79035205438,0,356.11643718251,625.483860316126,8210.92827364126,323.940192295841,"cyan",2
"1681","Hanninghof_LMpred_FYM_Hanninghof_",1961,"potato","FYMNP",100.210878511103,17.3617712004832,158.709151626083,68.2182781286454,11.5772317040557,111.512485229314,1310.62070706071,5769.61005856585,0,335.559332882381,633.939328051207,8176.28912964748,278.030796592296,"cyan",2
"1682","Hanninghof_LMpred_FYM_Hanninghof_",1962,"rye","FYMNP",94.7191116693409,21.0409018333321,78.0850482542132,48.5003287218374,13.4501027646945,45.5003705394483,1310.62070706071,5769.61005856585,0,335.559332882381,633.939328051207,8176.28912964748,278.030796592296,"cyan",2
"1683","Hanninghof_LMpred_FYM_Hanninghof_",1963,"oats","FYMNP",75.3608643210332,21.7201824494309,83.8164014864034,49.5617454283204,15.3649240946688,61.4864647304959,1310.62070706071,5769.61005856585,0,335.559332882381,633.939328051207,8176.28912964748,278.030796592296,"cyan",2
"1684","Hanninghof_LMpred_FYM_Hanninghof_",1964,"potato","FYMNP",99.8463439793155,17.0179434948791,154.690459512732,72.2320678701814,12.2814480491429,116.068888789966,1316.92408546717,5800.26846059769,0,316.796885882279,639.318148503035,8141.93098285557,238.975162954331,"cyan",2
"1685","Hanninghof_LMpred_FYM_Hanninghof_",1965,"rye","FYMNP",94.9475297852422,21.0085017119445,76.9079217440127,49.6432645298697,13.792980077957,46.6432710230856,1316.92408546717,5800.26846059769,0,316.796885882279,639.318148503035,8141.93098285557,238.975162954331,"cyan",2
"1686","Hanninghof_LMpred_FYM_Hanninghof_",1966,"oats","FYMNP",75.4628483262856,21.3922591615385,81.7111420370986,51.4330520980623,16.0945323231198,63.3150384822237,1316.92408546717,5800.26846059769,0,316.796885882279,639.318148503035,8141.93098285557,238.975162954331,"cyan",2
"1687","Hanninghof_LMpred_FYM_Hanninghof_",1967,"potato","FYMNP",99.4818094475278,16.674115789275,150.671767399382,76.1868552195688,12.8878249445765,118.85908978434,1327.59987235216,5841.38348199071,0,362.26359285426,616.961183241109,8110.90778915317,322.000881721064,"cyan",2
"1688","Hanninghof_LMpred_FYM_Hanninghof_",1968,"rye","FYMNP",95.1759479011436,20.976101590557,75.730795233812,50.7862059366953,14.1358648207794,47.786231062018,1327.59987235216,5841.38348199071,0,362.26359285426,616.961183241109,8110.90778915317,322.000881721064,"cyan",2
"1689","Hanninghof_LMpred_FYM_Hanninghof_",1969,"oats","FYMNP",75.5648323315379,21.0643358736461,79.6058825877935,53.3043605792402,16.7524464972528,64.6802600663483,1327.59987235216,5841.38348199071,0,362.26359285426,616.961183241109,8110.90778915317,322.000881721064,"cyan",2
"1690","Hanninghof_LMpred_FYM_Hanninghof_",1970,"potato","FYMNP",99.11727491574,16.3302880836709,146.653075286031,80.0973635200357,13.4270811828512,120.642140437551,1331.1134334823,5873.1343364127,0,341.334938673276,625.208106845592,8076.49607768361,276.141560206434,"cyan",2
"1691","Hanninghof_LMpred_FYM_Hanninghof_",1971,"rye","FYMNP",95.4043660170449,20.9437014691694,74.5536687236114,51.9291484557333,14.4787496018114,48.9291870566538,1331.1134334823,5873.1343364127,0,341.334938673276,625.208106845592,8076.49607768361,276.141560206434,"cyan",2
"1692","Hanninghof_LMpred_FYM_Hanninghof_",1972,"oats","FYMNP",75.6668163367903,20.7364125857537,77.5006231384886,55.1756559158209,17.3614690927336,65.7277795202135,1331.1134334823,5873.1343364127,0,341.334938673276,625.208106845592,8076.49607768361,276.141560206434,"cyan",2
"1693","Hanninghof_LMpred_FYM_Hanninghof_",1973,"potato","FYMNP",98.7527403839522,15.9864603780668,142.634383172681,83.9708869287517,13.9175844764833,121.757977175739,1337.4263925087,5903.70875106513,0,322.235593139256,630.508171632971,8042.31704665888,237.189572449821,"cyan",2
"1694","Hanninghof_LMpred_FYM_Hanninghof_",1974,"rye","FYMNP",95.6327841329462,20.9113013477819,73.3765422134109,53.072085249457,14.8216292032858,50.0721107204319,1337.4263925087,5903.70875106513,0,322.235593139256,630.508171632971,8042.31704665888,237.189572449821,"cyan",2
"1695","Hanninghof_LMpred_FYM_Hanninghof_",1975,"oats","FYMNP",75.7688003420426,20.4084892978614,75.3953636891838,57.0469583034968,17.9347768002213,66.531490039866,1337.4263925087,5903.70875106513,0,322.235593139256,630.508171632971,8042.31704665888,237.189572449821,"cyan",2
"1696","Hanninghof_LMpred_FYM_Hanninghof_",1976,"potato","FYMNP",98.3882058521644,15.6426326724628,138.61569105933,87.8116029723201,14.3708983677591,122.397393457213,1348.29393187717,5944.74488507393,0,367.435087339613,608.605520682148,8011.54984658693,320.425312128311,"cyan",2
"1697","Hanninghof_LMpred_FYM_Hanninghof_",1977,"rye","FYMNP",95.8612022488476,20.8789012263943,72.1994157032102,54.2150189417458,15.1645070337772,51.2150276172953,1348.29393187717,5944.74488507393,0,367.435087339613,608.605520682148,8011.54984658693,320.425312128311,"cyan",2
"1698","Hanninghof_LMpred_FYM_Hanninghof_",1978,"oats","FYMNP",75.870784347295,20.080566009969,73.2901042398789,58.9183167674887,18.4804326387366,67.1392552536816,1348.29393187717,5944.74488507393,0,367.435087339613,608.605520682148,8011.54984658693,320.425312128311,"cyan",2
"1699","Hanninghof_LMpred_FYM_Hanninghof_",1979,"potato","FYMNP",103.108088845112,18.4237058547459,142.34749282281,108.203472280756,15.2292593231231,125.876531362343,1351.73579319032,5976.41489171384,0,346.190567885077,616.64371432179,7977.42571765146,274.581659594564,"cyan",2
"1700","Hanninghof_LMpred_FYM_Hanninghof_",1980,"rye","FYMNP",101.174037889484,23.971401992894,78.7727830698397,91.9087632593203,22.7955280559793,72.4488697692194,1351.73579319032,5976.41489171384,0,346.190567885077,616.64371432179,7977.42571765146,274.581659594564,"cyan",2
"1701","Hanninghof_LMpred_FYM_Hanninghof_",1981,"oats","FYMNP",81.0571858772828,22.8775436099638,78.9353386674038,66.6811799469815,19.6672824985585,68.9431769451952,1351.73579319032,5976.41489171384,0,346.190567885077,616.64371432179,7977.42571765146,274.581659594564,"cyan",2
"1702","Hanninghof_LMpred_FYM_Hanninghof_",1982,"potato","FYMNP",102.743554313324,18.0798781491418,138.32880070946,111.782368580787,15.5128063171209,123.961019042433,1358.02981544975,6006.89130403235,0,326.805508529226,621.861669196202,7943.48084503915,235.700010141667,"cyan",2
"1703","Hanninghof_LMpred_FYM_Hanninghof_",1983,"rye","FYMNP",101.402456005386,23.9390018715064,77.5956565596392,94.2672029660328,23.3037235486221,72.2412837909198,1358.02981544975,6006.89130403235,0,326.805508529226,621.861669196202,7943.48084503915,235.700010141667,"cyan",2
"1704","Hanninghof_LMpred_FYM_Hanninghof_",1984,"oats","FYMNP",81.1591698825352,22.5496203220714,76.8300792180989,68.5102042916296,20.1124631396475,68.6170529181425,1358.02981544975,6006.89130403235,0,326.805508529226,621.861669196202,7943.48084503915,235.700010141667,"cyan",2
"1705","Hanninghof_LMpred_FYM_Hanninghof_",1985,"potato","FYMNP",102.379019781537,17.7360504435377,134.310108596109,115.111193285613,15.730277072629,122.697455088642,1369.06866425192,6047.83350549458,0,371.784277807013,600.400504415262,7913.01734959133,319.106323627574,"cyan",2
"1706","Hanninghof_LMpred_FYM_Hanninghof_",1986,"rye","FYMNP",101.630874121287,23.9066017501189,76.4185300494384,96.6086276856743,23.8063825772863,72.1771641099815,1369.06866425192,6047.83350549458,0,371.784277807013,600.400504415262,7913.01734959133,319.106323627574,"cyan",2
"1707","Hanninghof_LMpred_FYM_Hanninghof_",1987,"oats","FYMNP",81.2611538877875,22.221697034179,74.724819768794,70.3271054376591,20.5506921731032,68.4079467194679,1369.06866425192,6047.83350549458,0,371.784277807013,600.400504415262,7913.01734959133,319.106323627574,"cyan",2
"1708","Hanninghof_LMpred_FYM_Hanninghof_",1988,"potato","FYMNP",102.014485249749,17.3922227379336,130.291416482759,118.223200415047,15.918901087893,121.652014028681,1372.41574157702,6079.40687298739,0,350.270945696227,608.234986461241,7879.22357888279,273.256646734978,"cyan",2
"1709","Hanninghof_LMpred_FYM_Hanninghof_",1989,"rye","FYMNP",101.859292237188,23.8742016287313,75.2414035392379,98.9324854149808,24.3011872226957,72.1400709994428,1372.41574157702,6079.40687298739,0,350.270945696227,608.234986461241,7879.22357888279,273.256646734978,"cyan",2
"1710","Hanninghof_LMpred_FYM_Hanninghof_",1990,"oats","FYMNP",81.3631378930399,21.8937737462866,72.6195603194889,72.1330931676664,20.9802789571442,68.2238739714424,1372.41574157702,6079.40687298739,0,350.270945696227,608.234986461241,7879.22357888279,273.256646734978,"cyan",2
"1711","Hanninghof_LMpred_FYM_Hanninghof_",1991,"potato","FYMNP",101.649950717961,17.0483950323296,126.272724369408,121.238426520834,16.0965840521252,120.687174002398,1378.67205547073,6109.76889194117,0,330.643414874426,613.371132895382,7845.55347197427,234.42343162733,"cyan",2
"1712","Hanninghof_LMpred_FYM_Hanninghof_",1992,"rye","FYMNP",102.08771035309,23.8418015073438,74.0642770290374,101.239540777007,24.7871843512039,72.0930719622537,1378.67205547073,6109.76889194117,0,330.643414874426,613.371132895382,7845.55347197427,234.42343162733,"cyan",2
"1713","Hanninghof_LMpred_FYM_Hanninghof_",1993,"oats","FYMNP",81.4651218982922,21.5658504583942,70.5143008701841,73.9277837245092,21.4006665618034,68.0349599780487,1378.67205547073,6109.76889194117,0,330.643414874426,613.371132895382,7845.55347197427,234.42343162733,"cyan",2
"1714","Hanninghof_LMpred_FYM_Hanninghof_",1994,"potato","FYMNP",101.285416186173,16.7045673267255,122.254032256058,124.169824203971,16.2624847500042,119.754440197593,1389.86970078505,6150.60078683865,0,375.44064776589,592.341160203189,7815.42933940776,317.974018679426,"cyan",2
"1715","Hanninghof_LMpred_FYM_Hanninghof_",1995,"rye","FYMNP",102.316128468991,23.8094013859562,72.8871505188369,103.529911501476,25.2642386288562,72.0241093797138,1389.86970078505,6150.60078683865,0,375.44064776589,592.341160203189,7815.42933940776,317.974018679426,"cyan",2
"1716","Hanninghof_LMpred_FYM_Hanninghof_",1996,"oats","FYMNP",81.5671059035446,21.2379271705018,68.4090414208792,75.7108764168752,21.811971855196,67.8309539939646,1389.86970078505,6150.60078683865,0,375.44064776589,592.341160203189,7815.42933940776,317.974018679426,"cyan",2
"1717","Hanninghof_LMpred_FYM_Hanninghof_",1997,"potato","FYMNP",100.920881654385,16.3607396211214,118.235340142707,127.016205166353,16.4168324223715,118.834111344271,1393.10603745815,6182.06129777851,0,353.698248946509,599.978186788229,7781.99848085057,272.104681729593,"cyan",2
"1718","Hanninghof_LMpred_FYM_Hanninghof_",1998,"rye","FYMNP",102.544546584892,23.7770012645687,71.7100240086361,105.803560808559,25.7326515014809,71.9295878295778,1393.10603745815,6182.06129777851,0,353.698248946509,599.978186788229,7781.99848085057,272.104681729593,"cyan",2
"1719","Hanninghof_LMpred_FYM_Hanninghof_",1999,"oats","FYMNP",81.6690899087969,20.9100038826094,66.3037819715743,77.4822020503284,22.2146247779019,67.6085671907937,1393.10603745815,6182.06129777851,0,353.698248946509,599.978186788229,7781.99848085057,272.104681729593,"cyan",2
"1720","Hanninghof_LMpred_FYM_Hanninghof_",2000,"potato","FYMNP",100.556347122598,16.0169119155173,114.216648029357,129.774664788956,16.560180457822,117.918346742854,1399.31175585852,6212.29273751776,0,333.864781392822,605.03384768617,7748.63479655887,233.305336394808,"cyan",2
"1721","Hanninghof_LMpred_FYM_Hanninghof_",2001,"rye","FYMNP",102.772964700794,23.7446011431811,70.5328974984356,108.060222537387,26.1928872928719,71.8089655551524,1399.31175585852,6212.29273751776,0,333.864781392822,605.03384768617,7748.63479655887,233.305336394808,"cyan",2
"1722","Hanninghof_LMpred_FYM_Hanninghof_",2002,"oats","FYMNP",81.7710739140493,20.582080594717,64.1985225222692,79.2415530582249,22.6091979743027,67.3671755820203,1399.31175585852,6212.29273751776,0,333.864781392822,605.03384768617,7748.63479655887,233.305336394808,"cyan",2
"1723","Hanninghof_LMpred_FYM_Hanninghof_",2003,"potato","FYMNP",100.19181259081,15.6730842099133,110.197955916006,132.442748842686,16.6932268967305,117.003518206613,1410.66046627377,6252.99868040156,0,378.513511594999,584.425285331829,7718.8779369345,316.982172473437,"cyan",2
"1724","Hanninghof_LMpred_FYM_Hanninghof_",2004,"rye","FYMNP",103.001382816695,23.7122010217936,69.3557709882351,110.300140458258,26.6455512064188,71.6631689219798,1410.66046627377,6252.99868040156,0,378.513511594999,584.425285331829,7718.8779369345,316.982172473437,"cyan",2
"1725","Hanninghof_LMpred_FYM_Hanninghof_",2005,"oats","FYMNP",81.8730579193016,20.2541573068246,62.0932630729644,80.9886593311971,22.9963094140709,67.107368728553,1410.66046627377,6252.99868040156,0,378.513511594999,584.425285331829,7718.8779369345,316.982172473437,"cyan",2
"1726","Hanninghof_LMpred_FYM_Hanninghof_",2006,"potato","FYMNP",99.8272780590221,15.3292565043092,106.179263802656,135.01848406724,16.8166164987696,116.088585900073,1413.77464430293,6284.33120512808,0,356.575652217951,591.871353450816,7685.8355992948,271.084758046647,"cyan",2
"1727","Hanninghof_LMpred_FYM_Hanninghof_",2007,"rye","FYMNP",103.229800932596,23.679800900406,68.1786444780344,112.522771182184,27.091156621367,71.4936839475025,1413.77464430293,6284.33120512808,0,356.575652217951,591.871353450816,7685.8355992948,271.084758046647,"cyan",2
"1728","Hanninghof_LMpred_FYM_Hanninghof_",2008,"oats","FYMNP",81.9750419245539,19.9262340189322,59.9880036236595,82.7231060288547,23.3765134102117,66.8301677916883,1413.77464430293,6284.33120512808,0,356.575652217951,591.871353450816,7685.8355992948,271.084758046647,"cyan",2
"1729","Hanninghof_LMpred_FYM_Hanninghof_",1961,"potato","FYMNPKMg",99.304061380051,17.5219975673255,176.606774530818,68.2182692738785,11.5772316866447,132.336233765395,1058.02419540005,4714.11765632871,0,108.415228523841,962.603246032004,9467.25953070837,187.383178323083,"goldenrod",2
"1730","Hanninghof_LMpred_FYM_Hanninghof_",1962,"rye","FYMNPKMg",91.0991868574362,20.5071734880941,86.6409632051655,48.5003264962863,13.4500989020803,45.500339781706,1058.02419540005,4714.11765632871,0,108.415228523841,962.603246032004,9467.25953070837,187.383178323083,"goldenrod",2
"1731","Hanninghof_LMpred_FYM_Hanninghof_",1963,"oats","FYMNPKMg",74.1936501163274,22.3653277364898,101.838622586403,49.5617465204405,15.3649204860858,67.9807707710491,1058.02419540005,4714.11765632871,0,108.415228523841,962.603246032004,9467.25953070837,187.383178323083,"goldenrod",2
"1732","Hanninghof_LMpred_FYM_Hanninghof_",1964,"potato","FYMNPKMg",98.9395268482632,17.1781698617214,172.588082417468,72.2320204222865,12.2814420802723,140.244813521174,1073.93768483578,4743.65666959119,0,164.905494138983,965.356973830711,9516.0819256858,285.67082178154,"goldenrod",2
"1733","Hanninghof_LMpred_FYM_Hanninghof_",1965,"rye","FYMNPKMg",91.3276049733375,20.4747733667065,85.463836694965,49.6432637951802,13.7929791561126,46.6432640232396,1073.93768483578,4743.65666959119,0,164.905494138983,965.356973830711,9516.0819256858,285.67082178154,"goldenrod",2
"1734","Hanninghof_LMpred_FYM_Hanninghof_",1966,"oats","FYMNPKMg",74.2956341215798,22.0374044485974,99.7333631370985,51.4330516241022,16.0945438882436,70.7553090221196,1073.93768483578,4743.65666959119,0,164.905494138983,965.356973830711,9516.0819256858,285.67082178154,"goldenrod",2
"1735","Hanninghof_LMpred_FYM_Hanninghof_",1967,"potato","FYMNPKMg",98.5749923164755,16.8343421561173,168.569390304117,76.1868243532855,12.8878394489848,146.186399626807,1086.80174682309,4765.81735279008,0,156.0306500507,1000.05886831666,9565.44688789733,255.70362530236,"goldenrod",2
"1736","Hanninghof_LMpred_FYM_Hanninghof_",1968,"rye","FYMNPKMg",91.5560230892388,20.442373245319,84.2867101847643,50.7862127198994,14.1358717469709,47.7863127474929,1086.80174682309,4765.81735279008,0,156.0306500507,1000.05886831666,9565.44688789733,255.70362530236,"goldenrod",2
"1737","Hanninghof_LMpred_FYM_Hanninghof_",1969,"oats","FYMNPKMg",74.3976181268321,21.709481160705,97.6281036877934,53.304348876024,16.752454610564,73.3284587608875,1086.80174682309,4765.81735279008,0,156.0306500507,1000.05886831666,9565.44688789733,255.70362530236,"goldenrod",2
"1738","Hanninghof_LMpred_FYM_Hanninghof_",1970,"potato","FYMNPKMg",98.2104577846877,16.4905144505132,164.550698190767,80.0973412469764,13.4270736597594,151.105228466161,1096.89586779185,4788.57750364305,0,147.411457742898,1009.84317927958,9618.16396987537,224.821461590348,"goldenrod",2
"1739","Hanninghof_LMpred_FYM_Hanninghof_",1971,"rye","FYMNPKMg",91.7844412051402,20.4099731239314,83.1095836745637,51.92913968929,14.4787419204392,48.9291398604817,1096.89586779185,4788.57750364305,0,147.411457742898,1009.84317927958,9618.16396987537,224.821461590348,"goldenrod",2
"1740","Hanninghof_LMpred_FYM_Hanninghof_",1972,"oats","FYMNPKMg",74.4996021320844,21.3815578728126,95.5228442384886,55.17566547211,17.3614684253614,75.7611282519479,1096.89586779185,4788.57750364305,0,147.411457742898,1009.84317927958,9618.16396987537,224.821461590348,"goldenrod",2
"1741","Hanninghof_LMpred_FYM_Hanninghof_",1973,"potato","FYMNPKMg",97.8459232528999,16.1466867449092,160.532006077416,83.9709217399813,13.9175717337212,155.367353613498,1109.38563402713,4822.88396990057,0,201.853783169823,999.691433964051,9678.15006509396,316.942298166115,"goldenrod",2
"1742","Hanninghof_LMpred_FYM_Hanninghof_",1974,"rye","FYMNPKMg",92.0128593210415,20.3775730025439,81.9324571643632,53.0720849495066,14.8216289708282,50.0721290553336,1109.38563402713,4822.88396990057,0,201.853783169823,999.691433964051,9678.15006509396,316.942298166115,"goldenrod",2
"1743","Hanninghof_LMpred_FYM_Hanninghof_",1975,"oats","FYMNPKMg",74.6015861373368,21.0536345849202,93.4175847891837,57.0469836852599,17.9347767404376,78.0712413993464,1109.38563402713,4822.88396990057,0,201.853783169823,999.691433964051,9678.15006509396,316.942298166115,"goldenrod",2
"1744","Hanninghof_LMpred_FYM_Hanninghof_",1976,"potato","FYMNPKMg",97.4813887211122,15.8028590393051,156.513313964066,87.811559708006,14.3708878635453,159.150550893538,1119.75155267525,4849.12882263866,0,191.050032627503,1028.85718799308,9734.97203086521,283.911314342595,"goldenrod",2
"1745","Hanninghof_LMpred_FYM_Hanninghof_",1977,"rye","FYMNPKMg",92.2412774369428,20.3451728811563,80.7553306541625,54.2150160632004,15.1645050218964,51.2150186807926,1119.75155267525,4849.12882263866,0,191.050032627503,1028.85718799308,9734.97203086521,283.911314342595,"goldenrod",2
"1746","Hanninghof_LMpred_FYM_Hanninghof_",1978,"oats","FYMNPKMg",74.7035701425891,20.7257112970278,91.3123253398788,58.9182587422345,18.4804314794227,80.2683103875079,1119.75155267525,4849.12882263866,0,191.050032627503,1028.85718799308,9734.97203086521,283.911314342595,"goldenrod",2
"1747","Hanninghof_LMpred_FYM_Hanninghof_",1979,"potato","FYMNPKMg",102.20127171406,18.5839322215882,160.245115727546,108.203279613327,15.2398494330822,163.628571739407,1127.53320978494,4875.39571827151,0,180.506935996722,1033.99637041458,9792.95830783343,249.630545930753,"goldenrod",2
"1748","Hanninghof_LMpred_FYM_Hanninghof_",1980,"rye","FYMNPKMg",97.5541130775797,23.437673647656,87.328698020792,91.9087101084782,22.7954152515722,86.4827562082883,1127.53320978494,4875.39571827151,0,180.506935996722,1033.99637041458,9792.95830783343,249.630545930753,"goldenrod",2
"1749","Hanninghof_LMpred_FYM_Hanninghof_",1981,"oats","FYMNPKMg",79.889971672577,23.5226888970226,96.9575597674037,66.6900941891534,19.6672159679644,86.7380931392788,1127.53320978494,4875.39571827151,0,180.506935996722,1033.99637041458,9792.95830783343,249.630545930753,"goldenrod",2
"1750","Hanninghof_LMpred_FYM_Hanninghof_",1982,"potato","FYMNPKMg",101.836737182272,18.2401045159841,156.226423614195,111.881236305319,15.5637556529427,164.139568987125,1138.15820431458,4912.70281695621,0,233.207003333398,1019.05847270092,9856.15747749588,337.382874355159,"goldenrod",2
"1751","Hanninghof_LMpred_FYM_Hanninghof_",1983,"rye","FYMNPKMg",97.782531193481,23.4052735262684,86.1515715105915,94.2710599190743,23.303299977062,87.9711773911701,1138.15820431458,4912.70281695621,0,233.207003333398,1019.05847270092,9856.15747749588,337.382874355159,"goldenrod",2
"1752","Hanninghof_LMpred_FYM_Hanninghof_",1984,"oats","FYMNPKMg",79.9919556778294,23.1947656091302,94.8523003180988,68.5489680976047,20.1121065542929,88.0366532850149,1138.15820431458,4912.70281695621,0,233.207003333398,1019.05847270092,9856.15747749588,337.382874355159,"goldenrod",2
"1753","Hanninghof_LMpred_FYM_Hanninghof_",1985,"potato","FYMNPKMg",101.472202650484,17.8962768103801,152.207731500845,115.539238313497,15.8821638645119,165.291922246497,1147.22297827271,4941.54087556838,0,220.768299016123,1047.22676803219,9914.92392389513,302.261819877137,"goldenrod",2
"1754","Hanninghof_LMpred_FYM_Hanninghof_",1986,"rye","FYMNPKMg",98.0109493093824,23.3728734048809,84.9744450003907,96.6333506707056,23.8049386970164,89.5109225774175,1147.22297827271,4941.54087556838,0,220.768299016123,1047.22676803219,9914.92392389513,302.261819877137,"goldenrod",2
"1755","Hanninghof_LMpred_FYM_Hanninghof_",1987,"oats","FYMNPKMg",80.0939396830817,22.8668423212379,92.747040868794,70.4058313664559,20.5494370456409,89.4119663711094,1147.22297827271,4941.54087556838,0,220.768299016123,1047.22676803219,9914.92392389513,302.261819877137,"goldenrod",2
"1756","Hanninghof_LMpred_FYM_Hanninghof_",1988,"potato","FYMNPKMg",101.107668118697,17.5524491047759,148.189039387494,119.173096194833,16.1921339594346,166.62605226248,1153.73868042882,4970.0524848121,0,208.588533005729,1050.8604185736,9974.19898083202,265.624653637933,"goldenrod",2
"1757","Hanninghof_LMpred_FYM_Hanninghof_",1989,"rye","FYMNPKMg",98.2393674252837,23.3404732834933,83.7973184901902,98.9955724280758,24.2980885271362,91.0415031372786,1153.73868042882,4970.0524848121,0,208.588533005729,1050.8604185736,9974.19898083202,265.624653637933,"goldenrod",2
"1758","Hanninghof_LMpred_FYM_Hanninghof_",1990,"oats","FYMNPKMg",80.195923688334,22.5389190333455,90.6417814194889,72.2603613559853,20.9775362685389,90.7866130719828,1153.73868042882,4970.0524848121,0,208.588533005729,1050.8604185736,9974.19898083202,265.624653637933,"goldenrod",2
"1759","Hanninghof_LMpred_FYM_Hanninghof_",1991,"potato","FYMNPKMg",100.743133586909,17.2086213991719,144.170347274144,122.781156954244,16.4924418384349,167.994066059379,1163.37207271157,5009.2943214034,0,259.806230471919,1033.64609722692,10037.7937207006,350.339006649852,"goldenrod",2
"1760","Hanninghof_LMpred_FYM_Hanninghof_",1992,"rye","FYMNPKMg",98.467785541185,23.3080731621057,82.6201919799897,101.357817327372,24.7818679925264,92.5412914909656,1163.37207271157,5009.2943214034,0,259.806230471919,1033.64609722692,10037.7937207006,350.339006649852,"goldenrod",2
"1761","Hanninghof_LMpred_FYM_Hanninghof_",1993,"oats","FYMNPKMg",80.2979076935864,22.2109957454531,88.536521970184,74.112375943507,21.3959545230064,92.1352046249548,1163.37207271157,5009.2943214034,0,259.806230471919,1033.64609722692,10037.7937207006,350.339006649852,"goldenrod",2
"1762","Hanninghof_LMpred_FYM_Hanninghof_",1994,"potato","FYMNPKMg",100.378599055121,16.8647936935678,140.151655160793,126.362236949312,16.783170336552,169.344849237764,1171.79459817453,5039.81993477631,0,245.979349715605,1062.13991285134,10096.4870178472,313.822754018362,"goldenrod",2
"1763","Hanninghof_LMpred_FYM_Hanninghof_",1995,"rye","FYMNPKMg",98.6962036570864,23.2756730407182,81.4430654697892,103.720245751082,25.2562804182414,94.0038485527969,1171.79459817453,5039.81993477631,0,245.979349715605,1062.13991285134,10096.4870178472,313.822754018362,"goldenrod",2
"1764","Hanninghof_LMpred_FYM_Hanninghof_",1996,"oats","FYMNPKMg",80.3998916988387,21.8830724575607,86.4312625208791,75.9616137147398,21.8048624665177,93.4489749782903,1171.79459817453,5039.81993477631,0,245.979349715605,1062.13991285134,10096.4870178472,313.822754018362,"goldenrod",2
"1765","Hanninghof_LMpred_FYM_Hanninghof_",1997,"potato","FYMNPKMg",100.014064523333,16.5209659879637,136.132963047443,129.916348696018,17.0647007661902,170.662075190408,1177.62290403124,5069.80330414143,0,232.406206068414,1065.19101010702,10155.5253488397,275.572197518204,"goldenrod",2
"1766","Hanninghof_LMpred_FYM_Hanninghof_",1998,"rye","FYMNPKMg",98.9246217729877,23.2432729193307,80.2659389595884,106.082398452257,25.7216145851293,95.4272758468235,1177.62290403124,5069.80330414143,0,232.406206068414,1065.19101010702,10155.5253488397,275.572197518204,"goldenrod",2
"1767","Hanninghof_LMpred_FYM_Hanninghof_",1999,"oats","FYMNPKMg",80.5018757040911,21.5551491696683,84.3260030715743,77.8080790175522,22.2047183595109,94.7253349747989,1177.62290403124,5069.80330414143,0,232.406206068414,1065.19101010702,10155.5253488397,275.572197518204,"goldenrod",2
"1768","Hanninghof_LMpred_FYM_Hanninghof_",2000,"potato","FYMNPKMg",99.6495299915454,16.1771382823596,132.114270934092,133.443640650565,17.3377120313302,171.939243079088,1186.75011583792,5110.32181866819,0,282.362908001251,1046.52027875774,10218.3990015287,358.201922565058,"goldenrod",2
"1769","Hanninghof_LMpred_FYM_Hanninghof_",2001,"rye","FYMNPKMg",99.153039888889,23.2108727979431,79.0888124493879,108.443661781839,26.1783413490813,96.8109734896098,1186.75011583792,5110.32181866819,0,282.362908001251,1046.52027875774,10218.3990015287,358.201922565058,"goldenrod",2
"1770","Hanninghof_LMpred_FYM_Hanninghof_",2002,"oats","FYMNPKMg",80.6038597093434,21.2272258817759,82.2207436222692,79.6517494477062,22.5961011057362,95.9636295875903,1186.75011583792,5110.32181866819,0,282.362908001251,1046.52027875774,10218.3990015287,358.201922565058,"goldenrod",2
"1771","Hanninghof_LMpred_FYM_Hanninghof_",2003,"potato","FYMNPKMg",99.2849954597575,15.8333105767556,128.095578820742,136.944616150187,17.6029190805172,173.175544196464,1194.88655963448,5141.9703130845,0,267.35634081755,1075.6973219795,10276.1813389673,320.770412849336,"goldenrod",2
"1772","Hanninghof_LMpred_FYM_Hanninghof_",2004,"rye","FYMNPKMg",99.3814580047904,23.1784726765556,77.9116859391874,110.80298615594,26.6270586903006,98.1560159733821,1194.88655963448,5141.9703130845,0,267.35634081755,1075.6973219795,10276.1813389673,320.770412849336,"goldenrod",2
"1773","Hanninghof_LMpred_FYM_Hanninghof_",2005,"oats","FYMNPKMg",80.7058437145958,20.8993025938835,80.1154841729643,81.4923756348452,22.9796797471271,97.1642296742305,1194.88655963448,5141.9703130845,0,267.35634081755,1075.6973219795,10276.1813389673,320.770412849336,"goldenrod",2
"1774","Hanninghof_LMpred_FYM_Hanninghof_",2006,"potato","FYMNPKMg",98.9204609279698,15.4894828711515,124.076886707391,140.420324182207,17.8608544875654,174.37228853252,1200.34335349983,5172.93845229618,0,252.596631000084,1078.43665855901,10334.3140379382,281.427135899526,"goldenrod",2
"1775","Hanninghof_LMpred_FYM_Hanninghof_",2007,"rye","FYMNPKMg",99.6098761206917,23.146072555168,76.7345594289867,113.160430466675,27.0683754943685,99.4629570716068,1200.34335349983,5172.93845229618,0,252.596631000084,1078.43665855901,10334.3140379382,281.427135899526,"goldenrod",2
"1776","Hanninghof_LMpred_FYM_Hanninghof_",2008,"oats","FYMNPKMg",80.8078277198481,20.5713793059911,78.0102247236594,83.3295382631272,23.3558679626019,98.3271013609334,1200.34335349983,5172.93845229618,0,252.596631000084,1078.43665855901,10334.3140379382,281.427135899526,"goldenrod",2
"1777","Hanninghof_LMpred_FYM_Hanninghof_",1961,"potato","FYMNPKMg",99.304061380051,17.5219975673255,176.606774530818,68.2182692738785,11.5772316866447,132.336233765395,1209.23172627305,5214.31467440892,0,301.48114825057,1058.6209284234,10395.9620838715,362.644269208334,"goldenrod",2
"1778","Hanninghof_LMpred_FYM_Hanninghof_",1962,"rye","FYMNPKMg",91.0991868574362,20.5071734880941,86.6409632051655,48.5003264962863,13.4500989020803,45.500339781706,1209.23172627305,5214.31467440892,0,301.48114825057,1058.6209284234,10395.9620838715,362.644269208334,"goldenrod",2
"1779","Hanninghof_LMpred_FYM_Hanninghof_",1963,"oats","FYMNPKMg",74.1936501163274,22.3653277364898,101.838622586403,49.5617465204405,15.3649204860858,67.9807707710491,1209.23172627305,5214.31467440892,0,301.48114825057,1058.6209284234,10395.9620838715,362.644269208334,"goldenrod",2
"1780","Hanninghof_LMpred_FYM_Hanninghof_",1964,"potato","FYMNPKMg",98.9395268482632,17.1781698617214,172.588082417468,72.2320204222865,12.2814420802723,140.244813521174,1217.26885801887,5246.7225956772,0,285.471590214585,1088.54614971751,10452.4433145489,324.622798555995,"goldenrod",2
"1781","Hanninghof_LMpred_FYM_Hanninghof_",1965,"rye","FYMNPKMg",91.3276049733375,20.4747733667065,85.463836694965,49.6432637951802,13.7929791561126,46.6432640232396,1217.26885801887,5246.7225956772,0,285.471590214585,1088.54614971751,10452.4433145489,324.622798555995,"goldenrod",2
"1782","Hanninghof_LMpred_FYM_Hanninghof_",1966,"oats","FYMNPKMg",74.2956341215798,22.0374044485974,99.7333631370985,51.4330516241022,16.0945438882436,70.7553090221196,1217.26885801887,5246.7225956772,0,285.471590214585,1088.54614971751,10452.4433145489,324.622798555995,"goldenrod",2
"1783","Hanninghof_LMpred_FYM_Hanninghof_",1967,"potato","FYMNPKMg",98.5749923164755,16.8343421561173,168.569390304117,76.1868243532855,12.8878394489848,146.186399626807,1222.52325245477,5278.35790389883,0,269.701456077639,1091.05562417729,10509.3405501111,284.547778146576,"goldenrod",2
"1784","Hanninghof_LMpred_FYM_Hanninghof_",1968,"rye","FYMNPKMg",91.5560230892388,20.442373245319,84.2867101847643,50.7862127198994,14.1358717469709,47.7863127474929,1222.52325245477,5278.35790389883,0,269.701456077639,1091.05562417729,10509.3405501111,284.547778146576,"goldenrod",2
"1785","Hanninghof_LMpred_FYM_Hanninghof_",1969,"oats","FYMNPKMg",74.3976181268321,21.709481160705,97.6281036877934,53.304348876024,16.752454610564,73.3284587608875,1222.52325245477,5278.35790389883,0,269.701456077639,1091.05562417729,10509.3405501111,284.547778146576,"goldenrod",2
"1786","Hanninghof_LMpred_FYM_Hanninghof_",1970,"potato","FYMNPKMg",98.2104577846877,16.4905144505132,164.550698190767,80.0973412469764,13.4270736597594,151.105228466161,1230.98803100674,5320.28866778675,0,317.586064204655,1069.54967456165,10569.412208267,364.553497866831,"goldenrod",2
"1787","Hanninghof_LMpred_FYM_Hanninghof_",1971,"rye","FYMNPKMg",91.7844412051402,20.4099731239314,83.1095836745637,51.92913968929,14.4787419204392,48.9291398604817,1230.98803100674,5320.28866778675,0,317.586064204655,1069.54967456165,10569.412208267,364.553497866831,"goldenrod",2
"1788","Hanninghof_LMpred_FYM_Hanninghof_",1972,"oats","FYMNPKMg",74.4996021320844,21.3815578728126,95.5228442384886,55.17566547211,17.3614684253614,75.7611282519479,1230.98803100674,5320.28866778675,0,317.586064204655,1069.54967456165,10569.412208267,364.553497866831,"goldenrod",2
"1789","Hanninghof_LMpred_FYM_Hanninghof_",1973,"potato","FYMNPKMg",97.8459232528999,16.1466867449092,160.532006077416,83.9709217399813,13.9175717337212,155.367353613498,1233.64306219984,5352.7141806814,0,299.310104865333,1078.26077388022,10619.9318285851,318.440022021949,"goldenrod",2
"1790","Hanninghof_LMpred_FYM_Hanninghof_",1974,"rye","FYMNPKMg",92.0128593210415,20.3775730025439,81.9324571643632,53.0720849495066,14.8216289708282,50.0721290553336,1233.64306219984,5352.7141806814,0,299.310104865333,1078.26077388022,10619.9318285851,318.440022021949,"goldenrod",2
"1791","Hanninghof_LMpred_FYM_Hanninghof_",1975,"oats","FYMNPKMg",74.6015861373368,21.0536345849202,93.4175847891837,57.0469836852599,17.9347767404376,78.0712413993464,1233.64306219984,5352.7141806814,0,299.310104865333,1078.26077388022,10619.9318285851,318.440022021949,"goldenrod",2
"1792","Hanninghof_LMpred_FYM_Hanninghof_",1976,"potato","FYMNPKMg",97.4813887211122,15.8028590393051,156.513313964066,87.811559708006,14.3708878635453,159.150550893538,1239.05459399816,5383.92108167756,0,282.624456102894,1083.86617933231,10667.9478930174,277.680458998259,"goldenrod",2
"1793","Hanninghof_LMpred_FYM_Hanninghof_",1977,"rye","FYMNPKMg",92.2412774369428,20.3451728811563,80.7553306541625,54.2150160632004,15.1645050218964,51.2150186807926,1239.05459399816,5383.92108167756,0,282.624456102894,1083.86617933231,10667.9478930174,277.680458998259,"goldenrod",2
"1794","Hanninghof_LMpred_FYM_Hanninghof_",1978,"oats","FYMNPKMg",74.7035701425891,20.7257112970278,91.3123253398788,58.9182587422345,18.4804314794227,80.2683103875079,1239.05459399816,5383.92108167756,0,282.624456102894,1083.86617933231,10667.9478930174,277.680458998259,"goldenrod",2
"1795","Hanninghof_LMpred_FYM_Hanninghof_",1979,"potato","FYMNPKMg",102.20127171406,18.5839322215882,160.245115727546,108.203279613327,15.2398494330822,163.628571739407,1248.26694681544,5425.4713491209,0,329.818080189335,1068.12105084304,10720.9665002838,358.467411234055,"goldenrod",2
"1796","Hanninghof_LMpred_FYM_Hanninghof_",1980,"rye","FYMNPKMg",97.5541130775797,23.437673647656,87.328698020792,91.9087101084782,22.7954152515722,86.4827562082883,1248.26694681544,5425.4713491209,0,329.818080189335,1068.12105084304,10720.9665002838,358.467411234055,"goldenrod",2
"1797","Hanninghof_LMpred_FYM_Hanninghof_",1981,"oats","FYMNPKMg",79.889971672577,23.5226888970226,96.9575597674037,66.6900941891534,19.6672159679644,86.7380931392788,1248.26694681544,5425.4713491209,0,329.818080189335,1068.12105084304,10720.9665002838,358.467411234055,"goldenrod",2
"1798","Hanninghof_LMpred_FYM_Hanninghof_",1982,"potato","FYMNPKMg",101.836737182272,18.2401045159841,156.226423614195,111.881236305319,15.5637556529427,164.139568987125,1251.43767063326,5457.59206892727,0,310.823336588079,1080.23844875315,10766.2169330772,312.728403139367,"goldenrod",2
"1799","Hanninghof_LMpred_FYM_Hanninghof_",1983,"rye","FYMNPKMg",97.782531193481,23.4052735262684,86.1515715105915,94.2710599190743,23.303299977062,87.9711773911701,1251.43767063326,5457.59206892727,0,310.823336588079,1080.23844875315,10766.2169330772,312.728403139367,"goldenrod",2
"1800","Hanninghof_LMpred_FYM_Hanninghof_",1984,"oats","FYMNPKMg",79.9919556778294,23.1947656091302,94.8523003180988,68.5489680976047,20.1121065542929,88.0366532850149,1251.43767063326,5457.59206892727,0,310.823336588079,1080.23844875315,10766.2169330772,312.728403139367,"goldenrod",2
"1801","Hanninghof_LMpred_FYM_Hanninghof_",1985,"potato","FYMNPKMg",101.472202650484,17.8962768103801,152.207731500845,115.539238313497,15.8821638645119,165.291922246497,1257.31181253539,5488.54658231389,0,293.482574745031,1088.20241901994,10810.1231157058,272.421596958932,"goldenrod",2
"1802","Hanninghof_LMpred_FYM_Hanninghof_",1986,"rye","FYMNPKMg",98.0109493093824,23.3728734048809,84.9744450003907,96.6333506707056,23.8049386970164,89.5109225774175,1257.31181253539,5488.54658231389,0,293.482574745031,1088.20241901994,10810.1231157058,272.421596958932,"goldenrod",2
"1803","Hanninghof_LMpred_FYM_Hanninghof_",1987,"oats","FYMNPKMg",80.0939396830817,22.8668423212379,92.747040868794,70.4058313664559,20.5494370456409,89.4119663711094,1257.31181253539,5488.54658231389,0,293.482574745031,1088.20241901994,10810.1231157058,272.421596958932,"goldenrod",2
"1804","Hanninghof_LMpred_FYM_Hanninghof_",1988,"potato","FYMNPKMg",101.107668118697,17.5524491047759,148.189039387494,119.173096194833,16.1921339594346,166.62605226248,1266.98912067187,5529.89508750449,0,340.094597553448,1073.95775351011,10859.8490287159,353.848427212139,"goldenrod",2
"1805","Hanninghof_LMpred_FYM_Hanninghof_",1989,"rye","FYMNPKMg",98.2393674252837,23.3404732834933,83.7973184901902,98.9955724280758,24.2980885271362,91.0415031372786,1266.98912067187,5529.89508750449,0,340.094597553448,1073.95775351011,10859.8490287159,353.848427212139,"goldenrod",2
"1806","Hanninghof_LMpred_FYM_Hanninghof_",1990,"oats","FYMNPKMg",80.195923688334,22.5389190333455,90.6417814194889,72.2603613559853,20.9775362685389,90.7866130719828,1266.98912067187,5529.89508750449,0,340.094597553448,1073.95775351011,10859.8490287159,353.848427212139,"goldenrod",2
"1807","Hanninghof_LMpred_FYM_Hanninghof_",1991,"potato","FYMNPKMg",100.743133586909,17.2086213991719,144.170347274144,122.781156954244,16.4924418384349,167.994066059379,1270.43198515252,5561.84902530165,0,320.49285657863,1087.00243742963,10902.348149429,308.393700002093,"goldenrod",2
"1808","Hanninghof_LMpred_FYM_Hanninghof_",1992,"rye","FYMNPKMg",98.467785541185,23.3080731621057,82.6201919799897,101.357817327372,24.7818679925264,92.5412914909656,1270.43198515252,5561.84902530165,0,320.49285657863,1087.00243742963,10902.348149429,308.393700002093,"goldenrod",2
"1809","Hanninghof_LMpred_FYM_Hanninghof_",1993,"oats","FYMNPKMg",80.2979076935864,22.2109957454531,88.536521970184,74.112375943507,21.3959545230064,92.1352046249548,1270.43198515252,5561.84902530165,0,320.49285657863,1087.00243742963,10902.348149429,308.393700002093,"goldenrod",2
"1810","Hanninghof_LMpred_FYM_Hanninghof_",1994,"potato","FYMNPKMg",100.378599055121,16.8647936935678,140.151655160793,126.362236949312,16.783170336552,169.344849237764,1276.56830000283,5592.65698596536,0,302.599144018962,1095.63110246238,10943.8824359499,268.418782077364,"goldenrod",2
"1811","Hanninghof_LMpred_FYM_Hanninghof_",1995,"rye","FYMNPKMg",98.6962036570864,23.2756730407182,81.4430654697892,103.720245751082,25.2562804182414,94.0038485527969,1276.56830000283,5592.65698596536,0,302.599144018962,1095.63110246238,10943.8824359499,268.418782077364,"goldenrod",2
"1812","Hanninghof_LMpred_FYM_Hanninghof_",1996,"oats","FYMNPKMg",80.3998916988387,21.8830724575607,86.4312625208791,75.9616137147398,21.8048624665177,93.4489749782903,1276.56830000283,5592.65698596536,0,302.599144018962,1095.63110246238,10943.8824359499,268.418782077364,"goldenrod",2
"1813","Hanninghof_LMpred_FYM_Hanninghof_",1997,"potato","FYMNPKMg",100.014064523333,16.5209659879637,136.132963047443,129.916348696018,17.0647007661902,170.662075190408,1286.54736198727,5633.88310271428,0,348.72183132616,1081.6782218133,10991.5011601629,350.326886250907,"goldenrod",2
"1814","Hanninghof_LMpred_FYM_Hanninghof_",1998,"rye","FYMNPKMg",98.9246217729877,23.2432729193307,80.2659389595884,106.082398452257,25.7216145851293,95.4272758468235,1286.54736198727,5633.88310271428,0,348.72183132616,1081.6782218133,10991.5011601629,350.326886250907,"goldenrod",2
"1815","Hanninghof_LMpred_FYM_Hanninghof_",1999,"oats","FYMNPKMg",80.5018757040911,21.5551491696683,84.3260030715743,77.8080790175522,22.2047183595109,94.7253349747989,1286.54736198727,5633.88310271428,0,348.72183132616,1081.6782218133,10991.5011601629,350.326886250907,"goldenrod",2
"1816","Hanninghof_LMpred_FYM_Hanninghof_",2000,"potato","FYMNPKMg",99.6495299915454,16.1771382823596,132.114270934092,133.443640650565,17.3377120313302,171.939243079088,1290.11857846044,5665.72864254463,0,328.606986495507,1094.93411019045,11032.0715106376,305.059144261801,"goldenrod",2
"1817","Hanninghof_LMpred_FYM_Hanninghof_",2001,"rye","FYMNPKMg",99.153039888889,23.2108727979431,79.0888124493879,108.443661781839,26.1783413490813,96.8109734896098,1290.11857846044,5665.72864254463,0,328.606986495507,1094.93411019045,11032.0715106376,305.059144261801,"goldenrod",2
"1818","Hanninghof_LMpred_FYM_Hanninghof_",2002,"oats","FYMNPKMg",80.6038597093434,21.2272258817759,82.2207436222692,79.6517494477062,22.5961011057362,95.9636295875903,1290.11857846044,5665.72864254463,0,328.606986495507,1094.93411019045,11032.0715106376,305.059144261801,"goldenrod",2
"1819","Hanninghof_LMpred_FYM_Hanninghof_",2003,"potato","FYMNPKMg",99.2849954597575,15.8333105767556,128.095578820742,136.944616150187,17.6029190805172,173.175544196464,1296.39962611746,5696.430552047,0,310.246493067577,1103.74256128983,11071.8198084003,265.31578232772,"goldenrod",2
"1820","Hanninghof_LMpred_FYM_Hanninghof_",2004,"rye","FYMNPKMg",99.3814580047904,23.1784726765556,77.9116859391874,110.80298615594,26.6270586903006,98.1560159733821,1296.39962611746,5696.430552047,0,310.246493067577,1103.74256128983,11071.8198084003,265.31578232772,"goldenrod",2
"1821","Hanninghof_LMpred_FYM_Hanninghof_",2005,"oats","FYMNPKMg",80.7058437145958,20.8993025938835,80.1154841729643,81.4923756348452,22.9796797471271,97.1642296742305,1296.39962611746,5696.430552047,0,310.246493067577,1103.74256128983,11071.8198084003,265.31578232772,"goldenrod",2
"1822","Hanninghof_LMpred_FYM_Hanninghof_",2006,"potato","FYMNPKMg",98.9204609279698,15.4894828711515,124.076886707391,140.420324182207,17.8608544875654,174.37228853252,1306.58522647829,5737.56123934757,0,355.957763567744,1089.74900885025,11117.7535345096,347.581542598676,"goldenrod",2
"1823","Hanninghof_LMpred_FYM_Hanninghof_",2007,"rye","FYMNPKMg",99.6098761206917,23.146072555168,76.7345594289867,113.160430466675,27.0683754943685,99.4629570716068,1306.58522647829,5737.56123934757,0,355.957763567744,1089.74900885025,11117.7535345096,347.581542598676,"goldenrod",2
"1824","Hanninghof_LMpred_FYM_Hanninghof_",2008,"oats","FYMNPKMg",80.8078277198481,20.5713793059911,78.0102247236594,83.3295382631272,23.3558679626019,98.3271013609334,1306.58522647829,5737.56123934757,0,355.957763567744,1089.74900885025,11117.7535345096,347.581542598676,"goldenrod",2
"1825","Hanninghof_LMpred_FYM_Hanninghof_",1961,"potato","FYMNPKMg",99.304061380051,17.5219975673255,176.606774530818,68.2182692738785,11.5772316866447,132.336233765395,1310.19929523716,5769.31396535364,0,335.409100810278,1103.0110674877,11156.704939543,302.426787436862,"goldenrod",2
"1826","Hanninghof_LMpred_FYM_Hanninghof_",1962,"rye","FYMNPKMg",91.0991868574362,20.5071734880941,86.6409632051655,48.5003264962863,13.4500989020803,45.500339781706,1310.19929523716,5769.31396535364,0,335.409100810278,1103.0110674877,11156.704939543,302.426787436862,"goldenrod",2
"1827","Hanninghof_LMpred_FYM_Hanninghof_",1963,"oats","FYMNPKMg",74.1936501163274,22.3653277364898,101.838622586403,49.5617465204405,15.3649204860858,67.9807707710491,1310.19929523716,5769.31396535364,0,335.409100810278,1103.0110674877,11156.704939543,302.426787436862,"goldenrod",2
"1828","Hanninghof_LMpred_FYM_Hanninghof_",1964,"potato","FYMNPKMg",98.9395268482632,17.1781698617214,172.588082417468,72.2320204222865,12.2814420802723,140.244813521174,1316.55477610213,5799.91707754325,0,316.654553232684,1111.85812173991,11194.906883023,262.842585079714,"goldenrod",2
"1829","Hanninghof_LMpred_FYM_Hanninghof_",1965,"rye","FYMNPKMg",91.3276049733375,20.4747733667065,85.463836694965,49.6432637951802,13.7929791561126,46.6432640232396,1316.55477610213,5799.91707754325,0,316.654553232684,1111.85812173991,11194.906883023,262.842585079714,"goldenrod",2
"1830","Hanninghof_LMpred_FYM_Hanninghof_",1966,"oats","FYMNPKMg",74.2956341215798,22.0374044485974,99.7333631370985,51.4330516241022,16.0945438882436,70.7553090221196,1316.55477610213,5799.91707754325,0,316.654553232684,1111.85812173991,11194.906883023,262.842585079714,"goldenrod",2
"1831","Hanninghof_LMpred_FYM_Hanninghof_",1967,"potato","FYMNPKMg",98.5749923164755,16.8343421561173,168.569390304117,76.1868243532855,12.8878394489848,146.186399626807,1326.8901643964,5840.95289009081,0,362.020182054309,1097.73988219578,11239.3439836717,345.378874737335,"goldenrod",2
"1832","Hanninghof_LMpred_FYM_Hanninghof_",1968,"rye","FYMNPKMg",91.5560230892388,20.442373245319,84.2867101847643,50.7862127198994,14.1358717469709,47.7863127474929,1326.8901643964,5840.95289009081,0,362.020182054309,1097.73988219578,11239.3439836717,345.378874737335,"goldenrod",2
"1833","Hanninghof_LMpred_FYM_Hanninghof_",1969,"oats","FYMNPKMg",74.3976181268321,21.709481160705,97.6281036877934,53.304348876024,16.752454610564,73.3284587608875,1326.8901643964,5840.95289009081,0,362.020182054309,1097.73988219578,11239.3439836717,345.378874737335,"goldenrod",2
"1834","Hanninghof_LMpred_FYM_Hanninghof_",1970,"potato","FYMNPKMg",98.2104577846877,16.4905144505132,164.550698190767,80.0973412469764,13.4270736597594,151.105228466161,1330.49417567655,5872.60826870851,0,341.104511738217,1110.94396089799,11276.830018059,300.284913094992,"goldenrod",2
"1835","Hanninghof_LMpred_FYM_Hanninghof_",1971,"rye","FYMNPKMg",91.7844412051402,20.4099731239314,83.1095836745637,51.92913968929,14.4787419204392,48.9291398604817,1330.49417567655,5872.60826870851,0,341.104511738217,1110.94396089799,11276.830018059,300.284913094992,"goldenrod",2
"1836","Hanninghof_LMpred_FYM_Hanninghof_",1972,"oats","FYMNPKMg",74.4996021320844,21.3815578728126,95.5228442384886,55.17566547211,17.3614684253614,75.7611282519479,1330.49417567655,5872.60826870851,0,341.104511738217,1110.94396089799,11276.830018059,300.284913094992,"goldenrod",2
"1837","Hanninghof_LMpred_FYM_Hanninghof_",1973,"potato","FYMNPKMg",97.8459232528999,16.1466867449092,160.532006077416,83.9709217399813,13.9175717337212,155.367353613498,1336.8811228224,5903.10361732562,0,322.017353508737,1119.78841448038,11313.6113803125,260.810122280907,"goldenrod",2
"1838","Hanninghof_LMpred_FYM_Hanninghof_",1974,"rye","FYMNPKMg",92.0128593210415,20.3775730025439,81.9324571643632,53.0720849495066,14.8216289708282,50.0721290553336,1336.8811228224,5903.10361732562,0,322.017353508737,1119.78841448038,11313.6113803125,260.810122280907,"goldenrod",2
"1839","Hanninghof_LMpred_FYM_Hanninghof_",1975,"oats","FYMNPKMg",74.6015861373368,21.0536345849202,93.4175847891837,57.0469836852599,17.9347767404376,78.0712413993464,1336.8811228224,5903.10361732562,0,322.017353508737,1119.78841448038,11313.6113803125,260.810122280907,"goldenrod",2
"1840","Hanninghof_LMpred_FYM_Hanninghof_",1976,"potato","FYMNPKMg",97.4813887211122,15.8028590393051,156.513313964066,87.811559708006,14.3708878635453,159.150550893538,1347.331735443,5944.03277774505,0,367.09287970252,1105.53068269232,11356.6605943584,343.556564832659,"goldenrod",2
"1841","Hanninghof_LMpred_FYM_Hanninghof_",1977,"rye","FYMNPKMg",92.2412774369428,20.3451728811563,80.7553306541625,54.2150160632004,15.1645050218964,51.2150186807926,1347.331735443,5944.03277774505,0,367.09287970252,1105.53068269232,11356.6605943584,343.556564832659,"goldenrod",2
"1842","Hanninghof_LMpred_FYM_Hanninghof_",1978,"oats","FYMNPKMg",74.7035701425891,20.7257112970278,91.3123253398788,58.9182587422345,18.4804314794227,80.2683103875079,1347.331735443,5944.03277774505,0,367.09287970252,1105.53068269232,11356.6605943584,343.556564832659,"goldenrod",2
"1843","Hanninghof_LMpred_FYM_Hanninghof_",1979,"potato","FYMNPKMg",102.20127171406,18.5839322215882,160.245115727546,108.203279613327,15.2398494330822,163.628571739407,1350.89218672395,5975.57695520097,0,345.866636380526,1118.65439805078,11392.7780156325,298.488152353275,"goldenrod",2
"1844","Hanninghof_LMpred_FYM_Hanninghof_",1980,"rye","FYMNPKMg",97.5541130775797,23.437673647656,87.328698020792,91.9087101084782,22.7954152515722,86.4827562082883,1350.89218672395,5975.57695520097,0,345.866636380526,1118.65439805078,11392.7780156325,298.488152353275,"goldenrod",2
"1845","Hanninghof_LMpred_FYM_Hanninghof_",1981,"oats","FYMNPKMg",79.889971672577,23.5226888970226,96.9575597674037,66.6900941891534,19.6672159679644,86.7380931392788,1350.89218672395,5975.57695520097,0,345.866636380526,1118.65439805078,11392.7780156325,298.488152353275,"goldenrod",2
"1846","Hanninghof_LMpred_FYM_Hanninghof_",1982,"potato","FYMNPKMg",101.836737182272,18.2401045159841,156.226423614195,111.881236305319,15.5637556529427,164.139568987125,1357.28346453833,6005.94880657706,0,326.498788830548,1127.48266497383,11428.2234325106,259.089133577265,"goldenrod",2
"1847","Hanninghof_LMpred_FYM_Hanninghof_",1983,"rye","FYMNPKMg",97.782531193481,23.4052735262684,86.1515715105915,94.2710599190743,23.303299977062,87.9711773911701,1357.28346453833,6005.94880657706,0,326.498788830548,1127.48266497383,11428.2234325106,259.089133577265,"goldenrod",2
"1848","Hanninghof_LMpred_FYM_Hanninghof_",1984,"oats","FYMNPKMg",79.9919556778294,23.1947656091302,94.8523003180988,68.5489680976047,20.1121065542929,88.0366532850149,1357.28346453833,6005.94880657706,0,326.498788830548,1127.48266497383,11428.2234325106,259.089133577265,"goldenrod",2
"1849","Hanninghof_LMpred_FYM_Hanninghof_",1985,"potato","FYMNPKMg",101.472202650484,17.8962768103801,152.207731500845,115.539238313497,15.8821638645119,165.291922246497,1367.82763507216,6046.7545985444,0,371.331114298043,1113.08960402754,11469.9618484725,342.004535482603,"goldenrod",2
"1850","Hanninghof_LMpred_FYM_Hanninghof_",1986,"rye","FYMNPKMg",98.0109493093824,23.3728734048809,84.9744450003907,96.6333506707056,23.8049386970164,89.5109225774175,1367.82763507216,6046.7545985444,0,371.331114298043,1113.08960402754,11469.9618484725,342.004535482603,"goldenrod",2
"1851","Hanninghof_LMpred_FYM_Hanninghof_",1987,"oats","FYMNPKMg",80.0939396830817,22.8668423212379,92.747040868794,70.4058313664559,20.5494370456409,89.4119663711094,1367.82763507216,6046.7545985444,0,371.331114298043,1113.08960402754,11469.9618484725,342.004535482603,"goldenrod",2
"1852","Hanninghof_LMpred_FYM_Hanninghof_",1988,"potato","FYMNPKMg",101.107668118697,17.5524491047759,148.189039387494,119.173096194833,16.1921339594346,166.62605226248,1371.32309384629,6078.16979784231,0,349.842114876917,1126.12687239085,11504.7793229849,296.93881911731,"goldenrod",2
"1853","Hanninghof_LMpred_FYM_Hanninghof_",1989,"rye","FYMNPKMg",98.2393674252837,23.3404732834933,83.7973184901902,98.9955724280758,24.2980885271362,91.0415031372786,1371.32309384629,6078.16979784231,0,349.842114876917,1126.12687239085,11504.7793229849,296.93881911731,"goldenrod",2
"1854","Hanninghof_LMpred_FYM_Hanninghof_",1990,"oats","FYMNPKMg",80.195923688334,22.5389190333455,90.6417814194889,72.2603613559853,20.9775362685389,90.7866130719828,1371.32309384629,6078.16979784231,0,349.842114876917,1126.12687239085,11504.7793229849,296.93881911731,"goldenrod",2
"1855","Hanninghof_LMpred_FYM_Hanninghof_",1991,"potato","FYMNPKMg",100.743133586909,17.2086213991719,144.170347274144,122.781156954244,16.4924418384349,167.994066059379,1377.70112038281,6108.40030805962,0,330.237477017361,1134.9359844731,11538.9524167968,257.592983635499,"goldenrod",2
"1856","Hanninghof_LMpred_FYM_Hanninghof_",1992,"rye","FYMNPKMg",98.467785541185,23.3080731621057,82.6201919799897,101.357817327372,24.7818679925264,92.5412914909656,1377.70112038281,6108.40030805962,0,330.237477017361,1134.9359844731,11538.9524167968,257.592983635499,"goldenrod",2
"1857","Hanninghof_LMpred_FYM_Hanninghof_",1993,"oats","FYMNPKMg",80.2979076935864,22.2109957454531,88.536521970184,74.112375943507,21.3959545230064,92.1352046249548,1377.70112038281,6108.40030805962,0,330.237477017361,1134.9359844731,11538.9524167968,257.592983635499,"goldenrod",2
"1858","Hanninghof_LMpred_FYM_Hanninghof_",1994,"potato","FYMNPKMg",100.378599055121,16.8647936935678,140.151655160793,126.362236949312,16.783170336552,169.344849237764,1388.32462734861,6149.06517694841,0,374.866182082249,1120.4141729384,11579.4430552454,340.648612525213,"goldenrod",2
"1859","Hanninghof_LMpred_FYM_Hanninghof_",1995,"rye","FYMNPKMg",98.6962036570864,23.2756730407182,81.4430654697892,103.720245751082,25.2562804182414,94.0038485527969,1388.32462734861,6149.06517694841,0,374.866182082249,1120.4141729384,11579.4430552454,340.648612525213,"goldenrod",2
"1860","Hanninghof_LMpred_FYM_Hanninghof_",1996,"oats","FYMNPKMg",80.3998916988387,21.8830724575607,86.4312625208791,75.9616137147398,21.8048624665177,93.4489749782903,1388.32462734861,6149.06517694841,0,374.866182082249,1120.4141729384,11579.4430552454,340.648612525213,"goldenrod",2
"1861","Hanninghof_LMpred_FYM_Hanninghof_",1997,"potato","FYMNPKMg",100.014064523333,16.5209659879637,136.132963047443,129.916348696018,17.0647007661902,170.662075190408,1391.73992625746,6180.33429447772,0,353.154706953779,1133.35812453296,11613.0216310302,295.57006917244,"goldenrod",2
"1862","Hanninghof_LMpred_FYM_Hanninghof_",1998,"rye","FYMNPKMg",98.9246217729877,23.2432729193307,80.2659389595884,106.082398452257,25.7216145851293,95.4272758468235,1391.73992625746,6180.33429447772,0,353.154706953779,1133.35812453296,11613.0216310302,295.57006917244,"goldenrod",2
"1863","Hanninghof_LMpred_FYM_Hanninghof_",1999,"oats","FYMNPKMg",80.5018757040911,21.5551491696683,84.3260030715743,77.8080790175522,22.2047183595109,94.7253349747989,1391.73992625746,6180.33429447772,0,353.154706953779,1133.35812453296,11613.0216310302,295.57006917244,"goldenrod",2
"1864","Hanninghof_LMpred_FYM_Hanninghof_",2000,"potato","FYMNPKMg",99.6495299915454,16.1771382823596,132.114270934092,133.443640650565,17.3377120313302,171.939243079088,1398.09242929758,6210.40651302208,0,333.350305622181,1142.14490391292,11645.9786978252,256.261993323254,"goldenrod",2
"1865","Hanninghof_LMpred_FYM_Hanninghof_",2001,"rye","FYMNPKMg",99.153039888889,23.2108727979431,79.0888124493879,108.443661781839,26.1783413490813,96.8109734896098,1398.09242929758,6210.40651302208,0,333.350305622181,1142.14490391292,11645.9786978252,256.261993323254,"goldenrod",2
"1866","Hanninghof_LMpred_FYM_Hanninghof_",2002,"oats","FYMNPKMg",80.6038597093434,21.2272258817759,82.2207436222692,79.6517494477062,22.5961011057362,95.9636295875903,1398.09242929758,6210.40651302208,0,333.350305622181,1142.14490391292,11645.9786978252,256.261993323254,"goldenrod",2
"1867","Hanninghof_LMpred_FYM_Hanninghof_",2003,"potato","FYMNPKMg",99.2849954597575,15.8333105767556,128.095578820742,136.944616150187,17.6029190805172,173.175544196464,1408.78585673821,6250.91370305301,0,377.808833663051,1127.50228016906,11685.2736766561,339.437349703649,"goldenrod",2
"1868","Hanninghof_LMpred_FYM_Hanninghof_",2004,"rye","FYMNPKMg",99.3814580047904,23.1784726765556,77.9116859391874,110.80298615594,26.6270586903006,98.1560159733821,1408.78585673821,6250.91370305301,0,377.808833663051,1127.50228016906,11685.2736766561,339.437349703649,"goldenrod",2
"1869","Hanninghof_LMpred_FYM_Hanninghof_",2005,"oats","FYMNPKMg",80.7058437145958,20.8993025938835,80.1154841729643,81.4923756348452,22.9796797471271,97.1642296742305,1408.78585673821,6250.91370305301,0,377.808833663051,1127.50228016906,11685.2736766561,339.437349703649,"goldenrod",2
"1870","Hanninghof_LMpred_FYM_Hanninghof_",2006,"potato","FYMNPKMg",98.9204609279698,15.4894828711515,124.076886707391,140.420324182207,17.8608544875654,174.37228853252,1412.11041914441,6282.02063753757,0,355.908961277931,1140.35034697782,11717.6638948581,294.33610762136,"goldenrod",2
"1871","Hanninghof_LMpred_FYM_Hanninghof_",2007,"rye","FYMNPKMg",99.6098761206917,23.146072555168,76.7345594289867,113.160430466675,27.0683754943685,99.4629570716068,1412.11041914441,6282.02063753757,0,355.908961277931,1140.35034697782,11717.6638948581,294.33610762136,"goldenrod",2
"1872","Hanninghof_LMpred_FYM_Hanninghof_",2008,"oats","FYMNPKMg",80.8078277198481,20.5713793059911,78.0102247236594,83.3295382631272,23.3558679626019,98.3271013609334,1412.11041914441,6282.02063753757,0,355.908961277931,1140.35034697782,11717.6638948581,294.33610762136,"goldenrod",2
